date,machine_name,machine_count,total_games,avg_games,total_diff_coins,avg_diff_coins,win_rate,efficiency,entity_key,jug_flag,hana_flag,oki_flag,bt_flag,is_a_type,floor_bucket,atype_bucket,segment_floor2,segment_type2,segment_floor_type4,daily_global_avg_diff,shrunk_avg_diff,raw_avg_rank,shrunk_rank,is_rank_1,is_top_2,is_top_3,is_top_5,day_of_week,day_of_month,month_progress,is_thursday,is_month_end_event,floor_is_2f,floor_is_3f,atype_is_a,atype_is_n,is_left_censored,lag_1_avg_diff_coins,lag_7_avg_diff_coins,lag_14_avg_diff_coins,lag_21_avg_diff_coins,lag_3_avg_diff_coins,lag_1_total_games,lag_7_total_games,lag_14_total_games,lag_21_total_games,lag_1_efficiency,lag_7_efficiency,lag_14_efficiency,lag_21_efficiency,rolling_avg_diff_7d,rolling_avg_diff_14d,rolling_avg_diff_28d,rolling_std_diff_7d,rolling_std_diff_14d,rolling_std_efficiency_7d,rolling_std_efficiency_14d,rolling_avg_games_7d,rolling_avg_games_14d,rolling_avg_games_28d,rolling_avg_efficiency_7d,rolling_avg_efficiency_14d,rolling_avg_efficiency_28d,ewm_avg_diff_7d,ewm_avg_diff_21d,ewm_diff_momentum_7v21,ewm_efficiency_7d,ewm_efficiency_21d,ewm_efficiency_momentum_7v21,prior_rank1_rate,prior_top2_rate,prior_top3_rate,prior_top5_rate,prior_rank1_rate_smooth,prior_rank1_confidence,prior_top2_rate_smooth,prior_top2_confidence,prior_top3_rate_smooth,prior_top3_confidence,prior_top5_rate_smooth,prior_top5_confidence,days_since_last_rank1,days_since_last_top2,days_since_last_top3,days_since_last_top5,days_since_first_seen,days_since_first_seen_raw,new_machine_flag_raw,new_machine_flag_effective,days_since_first_seen_effective,count_delta_1d,count_delta_3d,count_delta_7d,count_delta_14d,count_increase_flag,count_decrease_flag,days_since_last_count_increase,days_since_last_count_decrease,count_delta_1d_bin,count_delta_7d_bin,days_since_first_seen_bin,same_weekday_rank1_rate,same_weekday_top3_rate,same_weekday_top2_rate,same_weekday_top5_rate,same_weekday_rolling_rank_sum_3,diff_delta_1_vs_7,diff_delta_1_vs_14,eff_delta_1_vs_7,eff_delta_1_vs_14,lag_1_avg_diff_coins_vs_mean,lag_1_avg_diff_coins_zscore,lag_1_avg_diff_coins_rank_pct,lag_7_avg_diff_coins_vs_mean,lag_7_avg_diff_coins_zscore,lag_7_avg_diff_coins_rank_pct,rolling_avg_diff_7d_vs_mean,rolling_avg_diff_7d_zscore,rolling_avg_diff_7d_rank_pct,rolling_avg_diff_14d_vs_mean,rolling_avg_diff_14d_zscore,rolling_avg_diff_14d_rank_pct,lag_1_efficiency_vs_mean,lag_1_efficiency_zscore,lag_1_efficiency_rank_pct,rolling_avg_efficiency_7d_vs_mean,rolling_avg_efficiency_7d_zscore,rolling_avg_efficiency_7d_rank_pct,hall_avg_diff_yesterday,hall_total_games_yesterday,hall_avg_efficiency_yesterday,hall_machine_type_count,hall_diff_spread_yesterday,rank_pct,prior_avg_rank_pct,rank_pct_std_14d,rank_pct_rolling_7d,rank_pct_rolling_28d,rank_pct_trend_7vs28,same_weekday_avg_rank_pct,ewm_rank_7d,ewm_rank_30d,ewm_rank_momentum_7v30,rank_pct_avg_1m,rank_pct_avg_2m,rank_pct_avg_3m,rank_trend_1m_available,rank_trend_2m_available,rank_trend_1m_vs_2m,rank_trend_2m_vs_3m,rank_trend_acceleration,event_group,is_event_day,proba_is_rank_1,threshold_is_rank_1,proba_is_top_2,threshold_is_top_2,proba_is_top_3,threshold_is_top_3,proba_is_top_5,threshold_is_top_5,ensemble_score,nextday_rank,recommended_pick,recommended_pick_rank,previous_day_raw_avg_rank,previous_day_shrunk_rank,previous_day_avg_diff_coins,previous_day_shrunk_avg_diff
2026-05-21,ルパン三世 大航海者の秘宝,2,0.0,0.0,0.0,0.0,0.0,0.0,ルパン三世 大航海者の秘宝,0,0,0,0,0,2F,N,2F,N,2F_N,0.0,0.0,0.0,0.0,0.0,0.0,0.0,0.0,3,21,0.6451612903225806,1,0,1,0,0,1,1,-2050.0,2250.0,-2100.0,0.0,6650.0,7479.0,9723.0,7367.0,0.0,-0.5482016312341222,0.46282011724776306,-0.5701099497760282,0.0,1657.142857142857,1235.7142857142858,1263.3333333333333,3238.7534345059075,3171.048635790604,0.8856174568419439,0.8055371662104178,3953.5,3974.214285714286,4022.0333333333333,0.4017109533966568,0.29770304404077247,0.301302833289168,1197.405151836574,1415.0637028134984,-217.6585509769243,0.30246314225903953,0.3329826555525723,-0.030519513293532752,0.13333333333333333,0.13333333333333333,0.13333333333333333,0.2,0.17647058823529413,0.6,0.17647058823529413,0.6,0.17647058823529413,0.6,0.23529411764705882,0.6,306.0,306.0,306.0,306.0,15.0,15.0,0,0,,0.0,0.0,0.0,0.0,0,0,365.0,365.0,0,0,-1,0.0,0.0,0.0,0.5,24.0,-4300.0,50.0,-1.0110217484818853,0.021908318541906002,-2376.898245614035,-1.5050268467931776,0.017543859649122806,2114.6280701754386,1.854232077523011,0.956140350877193,1476.9340852130326,2.5835691406175854,0.9824561403508771,1078.3985818713452,2.3558363279353345,0.9736842105263158,-0.6317482240645386,-1.1985670923644862,0.06140350877192982,0.37073404455208137,1.9438176215540461,0.9649122807017544,326.8982456140351,2716754.0,0.08354659283041635,114,8928.6,0.0,0.4988888888888889,0.4151602806243133,0.4476190476190477,0.4988888888888889,-0.05126984126984119,0.19999999999999998,0.5076035385951401,0.5547904685269055,-0.04718692993176543,0.4988888888888889,0.5,0.5,0,0,0.0,0.0,0.0,1,1,0.8266666666666667,0.5,0.4266666666666667,0.0,0.4266666666666667,0.0,0.8400000000000001,0.5,1.7600000000000002,1,1,1,58.0,57.0,-2050.0,-1578.5233333333333
2026-05-21,バンドリ！,2,0.0,0.0,0.0,0.0,0.0,0.0,バンドリ！,0,0,0,0,0,2F,N,2F,N,2F_N,0.0,0.0,0.0,0.0,0.0,0.0,0.0,0.0,3,21,0.6451612903225806,1,0,1,0,0,1,1,2800.0,-1500.0,6050.0,-500.0,600.0,2871.0,4613.0,8041.0,5914.0,1.9505398815743644,-0.6503360069369174,1.5047879616963065,-0.16909029421711194,735.7142857142857,785.7142857142857,10.714285714285714,1504.6356939234743,2117.9115776040912,0.8296366291797194,0.8137863615816553,2362.9285714285716,2481.214285714286,2742.089285714286,0.41741001747784795,0.2520499538647729,-0.08028269382966986,953.3049704807946,476.9861369157636,476.318833565031,0.5749741921663026,0.2039862341444833,0.37098795802181933,0.08201892744479496,0.12933753943217666,0.17034700315457413,0.22082018927444794,0.08463949843260188,0.9694189602446484,0.13166144200626959,0.9694189602446484,0.1724137931034483,0.9694189602446484,0.2225705329153605,0.9694189602446484,14.0,14.0,14.0,1.0,317.0,317.0,0,0,,0.0,0.0,0.0,0.0,0,0,365.0,365.0,0,0,-1,0.06666666666666667,0.24444444444444444,0.13333333333333333,0.28888888888888886,127.0,4300.0,-3250.0,2.6008758885112817,0.44575191987805796,2473.101754385965,1.565941891736573,0.9122807017543859,-1635.3719298245614,-1.4339916951494145,0.07456140350877193,555.5055137844611,0.9717338892950252,0.8596491228070176,628.398581871345,1.3727801876617969,0.9298245614035088,1.866993288743948,3.5421021101679284,0.9912280701754386,0.3864331086332725,2.0261303140390186,0.9736842105263158,326.8982456140351,2716754.0,0.08354659283041635,114,8928.6,0.0,0.5328119510409568,0.3612637040235254,0.40277777777777773,0.6061507936507936,-0.20337301587301587,0.5114224190325587,0.3668370097291462,0.524418290890039,-0.15758128116089282,0.5757864028411974,0.54897586431833,0.49714285714285716,1,1,0.02681053852286741,0.051833007175472845,-0.025022468652605434,1,1,0.8164037854889591,0.5,0.42586750788643535,0.0,0.43406940063091487,0.0,0.8441640378548896,0.5,1.7552050473186123,2,1,3,5.0,4.0,2800.0,2274.450277777778
2026-05-21,押忍！番長4,3,0.0,0.0,0.0,0.0,0.0,0.0,押忍！番長4,0,0,0,0,0,2F,N,2F,N,2F_N,0.0,0.0,0.0,0.0,0.0,0.0,0.0,0.0,3,21,0.6451612903225806,1,0,1,0,0,1,1,4633.3,3466.7,566.7,1900.0,4300.0,11836.0,9079.0,11578.0,8758.0,1.1743832375802636,1.1455006057935897,0.14683019519778892,0.6508335236355333,2366.657142857143,1595.2428571428572,919.0500000000001,2158.4498039543273,2295.43111543655,0.7421389941500789,0.7629388490647153,3024.214285714286,2809.4785714285717,2856.378571428572,0.7054967479844448,0.42391375476081766,0.24697494618807253,2620.7821637033817,1439.1616489789835,1181.6205147243982,0.7223118093250405,0.3832872730660549,0.33902453625898554,0.05434782608695652,0.11956521739130435,0.18478260869565216,0.22826086956521738,0.06382978723404255,0.9019607843137255,0.1276595744680851,0.9019607843137255,0.19148936170212766,0.9019607843137255,0.23404255319148937,0.9019607843137255,227.0,227.0,227.0,227.0,92.0,92.0,0,0,,0.0,0.0,0.0,0.0,0,0,365.0,255.0,0,0,-1,0.07692307692307693,0.07692307692307693,0.07692307692307693,0.15384615384615385,99.0,1166.6000000000004,4066.6000000000004,0.02888263178667394,1.0275530423824748,4306.401754385965,2.726768074900819,0.9736842105263158,3331.3280701754384,2.9211072413124883,0.9824561403508771,2186.448370927318,3.8247072738297754,1.0,1437.9271532999167,3.1412513718167347,1.0,1.0908366447498472,2.069560080645181,0.956140350877193,0.6745198391398695,3.5366149094615644,1.0,326.8982456140351,2716754.0,0.08354659283041635,114,8928.6,0.0,0.46493878010550815,0.3501622373446706,0.22991071428571427,0.4375,-0.20758928571428573,0.45216701848057783,0.225124246374476,0.4068605240767056,-0.18173627770222958,0.4630208333333333,0.44670138888888894,0.513312258990225,1,1,0.016319444444444386,-0.0666108701013361,0.08293031454578048,1,1,0.8108695652173914,0.5,0.42391304347826086,0.0,0.43695652173913047,0.0,0.8456521739130435,0.5,1.7504347826086957,3,0,0,1.0,1.0,4633.3,4002.5857142857144
2026-05-21,バーニングエクスプレス,2,0.0,0.0,0.0,0.0,0.0,0.0,バーニングエクスプレス,0,0,0,0,0,2F,N,2F,N,2F_N,0.0,0.0,0.0,0.0,0.0,0.0,0.0,0.0,3,21,0.6451612903225806,1,0,1,0,0,1,0,6300.0,-350.0,3050.0,-2350.0,-200.0,8596.0,4267.0,6674.0,7121.0,1.4657980456026058,-0.1640496836184673,0.9139946059334731,-0.6600196601600898,1135.7142857142858,1239.2857142857142,901.7857142857143,2983.526197543531,2542.196095703671,1.0964536765861113,0.8690060735807125,3320.9285714285716,3450.6071428571427,3464.8928571428573,0.4617180490454499,0.4008872877911579,0.27342583682601446,1760.504350666948,1125.0750775663844,635.4292731005637,0.5608938779219557,0.37111248924491785,0.1897813886770378,0.05454545454545454,0.12727272727272726,0.18181818181818182,0.2,0.07017543859649122,0.8461538461538461,0.14035087719298245,0.8461538461538461,0.19298245614035087,0.8461538461538461,0.21052631578947367,0.8461538461538461,112.0,109.0,109.0,109.0,55.0,55.0,0,0,55.0,0.0,0.0,0.0,0.0,0,0,365.0,365.0,0,0,6,0.125,0.125,0.125,0.125,57.0,6650.0,3250.0,1.6298477292210731,0.5518034396691327,5973.101754385965,3.782104898922991,1.0,-485.3719298245614,-0.42560307152987065,0.3026315789473684,955.5055137844612,1.6714453162257492,0.956140350877193,1081.9700104427736,2.363638360794648,0.9824561403508771,1.3822514527721894,2.6224388792211335,0.9824561403508771,0.43074114020087445,2.2584443779970114,0.9824561403508771,326.8982456140351,2716754.0,0.08354659283041635,114,8928.6,0.0,0.5463090025081205,0.3889056650053253,0.47761194029850745,0.4584221748400853,0.01918976545842216,0.4815208404002714,0.4278301912370413,0.4731883365397245,-0.04535814530268317,0.4581637268204432,0.6520833333333332,0.5,1,0,-0.19391960651289003,0.0,-0.19391960651289003,1,1,0.8109090909090909,0.5,0.4254545454545455,0.0,0.4363636363636364,0.0,0.8400000000000001,0.5,1.7490909090909093,4,0,0,2.0,2.0,6300.0,5042.05552238806
2026-05-21,L麻雀物語,2,0.0,0.0,0.0,0.0,0.0,0.0,L麻雀物語,0,0,0,0,0,2F,N,2F,N,2F_N,0.0,0.0,0.0,0.0,0.0,0.0,0.0,0.0,3,21,0.6451612903225806,1,0,1,0,0,1,1,5400.0,-500.0,-1300.0,-100.0,-3700.0,13324.0,8315.0,18084.0,28199.0,0.8105673971780246,-0.12026458208057728,-0.28754700287547,-0.014184900173765027,1785.7142857142858,1205.357142857143,555.3571428571429,4172.001346847246,3400.002525047544,0.6556347795122918,0.6372058082930657,5007.0,4391.035714285715,4448.939285714286,0.2612644727730236,0.1265892257610544,0.024987118963377658,1986.3163045936553,1106.7993335205351,879.5169710731202,0.26570427491692117,0.12090039225666574,0.14480388266025543,0.057692307692307696,0.125,0.1346153846153846,0.22115384615384615,0.0660377358490566,0.9122807017543859,0.1320754716981132,0.9122807017543859,0.14150943396226415,0.9122807017543859,0.22641509433962265,0.9122807017543859,217.0,214.0,214.0,214.0,104.0,104.0,0,0,,0.0,0.0,0.0,-2.0,0,0,365.0,226.0,0,0,-1,0.06666666666666667,0.13333333333333333,0.13333333333333333,0.2,112.0,5900.0,6700.0,0.930831979258602,1.0981144000534946,5073.101754385965,3.2122344113607695,0.9824561403508771,-635.3719298245614,-0.5571320224367677,0.2324561403508772,1605.5055137844613,2.8084763849881753,0.9912280701754386,1048.0414390142023,2.289519048631167,0.9649122807017544,0.7270208043476083,1.3793203975297341,0.9210526315789473,0.23028756392844818,1.2074343626296955,0.9035087719298246,326.8982456140351,2716754.0,0.08354659283041635,114,8928.6,0.0,0.5118155421138609,0.39177066067596,0.40783410138248843,0.5271817396313364,-0.11934763824884798,0.61015597292012,0.37567539899034047,0.47621633921080914,-0.10054094022046867,0.5279737903225806,0.4395833333333333,0.5200700890054704,1,1,0.0883904569892473,-0.08048675567213703,0.16887721266138433,1,1,0.8115384615384615,0.5,0.42500000000000004,0.0,0.42692307692307696,0.0,0.8442307692307692,0.5,1.7453846153846155,5,0,0,1.0,2.0,5400.0,4360.373225806452
2026-05-21,バジリスク～甲賀忍法帖～絆2 天膳 BLACK EDITION,2,0.0,0.0,0.0,0.0,0.0,0.0,バジリスク～甲賀忍法帖～絆2 天膳 BLACK EDITION,0,0,0,0,0,2F,N,2F,N,2F_N,0.0,0.0,0.0,0.0,0.0,0.0,0.0,0.0,3,21,0.6451612903225806,1,0,1,0,0,1,1,450.0,-600.0,-1200.0,-2100.0,1300.0,4844.0,1744.0,7261.0,8426.0,0.18579686209744012,-0.6880733944954128,-0.3305329844374053,-0.4984571564206029,1078.5714285714287,1350.0,660.7142857142857,2117.9504917996287,2514.7258605752913,0.7295146019661437,1.537297661703039,2651.4285714285716,2509.6071428571427,2621.875,0.16073450483822516,0.4733864635073111,0.23313495447905677,1173.025010927768,1048.5222367006663,124.50277422710178,0.37828524725178175,0.3617780449537172,0.01650720229806457,0.050473186119873815,0.0946372239747634,0.1167192429022082,0.1608832807570978,0.05329153605015674,0.9694189602446484,0.09717868338557993,0.9694189602446484,0.11912225705329153,0.9694189602446484,0.16300940438871472,0.9694189602446484,4.0,4.0,4.0,4.0,317.0,317.0,0,0,,0.0,0.0,0.0,0.0,0,0,197.0,45.0,0,0,-1,0.0,0.044444444444444446,0.022222222222222223,0.044444444444444446,189.0,1050.0,1650.0,0.8738702565928529,0.5163298465348454,123.10175438596491,0.07794672976854966,0.631578947368421,-735.3719298245614,-0.6448179897080324,0.17543859649122806,898.3626566416041,1.5714865409499317,0.9473684210526315,1192.6842961570594,2.6055013794333752,0.9912280701754386,0.10225026926702377,0.1939915353309209,0.6666666666666666,0.12975759599364972,0.6803397349916538,0.8070175438596491,326.8982456140351,2716754.0,0.08354659283041635,114,8928.6,0.0,0.504978457127693,0.3882301349738378,0.41468253968253965,0.49798189823874756,-0.0832993585562079,0.6242015429800847,0.3719876405519345,0.4558950105891326,-0.08390737003719811,0.5113584474885845,0.4872015655577299,0.6157142857142858,1,1,0.02415688193085458,-0.12851272015655585,0.15266960208741043,1,1,0.8100946372239748,0.5,0.4189274447949527,0.0,0.42334384858044166,0.0,0.8321766561514196,0.5,1.7321135646687695,6,0,0,27.0,27.0,450.0,394.4502777777778
2026-05-21,攻殻機動隊,3,0.0,0.0,0.0,0.0,0.0,0.0,攻殻機動隊,0,0,0,0,0,2F,N,2F,N,2F_N,0.0,0.0,0.0,0.0,0.0,0.0,0.0,0.0,3,21,0.6451612903225806,1,0,1,0,0,1,0,-1766.7,-1566.7,1800.0,-1233.3,1966.7,13650.0,13178.0,14970.0,15683.0,-0.3882783882783883,-0.35665503111246016,0.36072144288577157,-0.2359242491870178,-323.81428571428575,559.5142857142857,163.09285714285716,2207.7179918251727,1971.9545477119293,0.48179779687497826,0.417731581947995,4444.185714285714,4526.5,4718.567857142857,-0.02567726480385327,0.1402281293244711,0.05286600987426084,27.11779532505733,72.7340565261654,-45.616261201108074,0.03388975017116867,0.037895524787253325,-0.004005774616084652,0.037037037037037035,0.09259259259259259,0.12962962962962962,0.16666666666666666,0.045454545454545456,0.9152542372881356,0.1,0.9152542372881356,0.13636363636363635,0.9152542372881356,0.17272727272727273,0.9152542372881356,46.0,2.0,2.0,2.0,108.0,108.0,0,0,108.0,0.0,0.0,0.0,0.0,0,0,365.0,365.0,0,0,7,0.06666666666666667,0.13333333333333333,0.13333333333333333,0.13333333333333333,142.0,-200.0,-3566.7,-0.03162335716592812,-0.7489998311641599,-2093.598245614035,-1.3256442810972024,0.043859649122807015,-1702.0719298245615,-1.4924782353193482,0.05263157894736842,-504.0230576441103,-0.8816767321753671,0.15789473684210525,402.198581871345,0.8786306344842991,0.8859649122807017,-0.47182498110880466,-0.8951570802591389,0.15789473684210525,-0.056654173648428695,-0.2970468525636792,0.34210526315789475,326.8982456140351,2716754.0,0.08354659283041635,114,8928.6,0.0,0.5600229115830333,0.4101649839621215,0.6051587301587302,0.4898619265057621,0.11529680365296813,0.6651279263608031,0.5467564066689695,0.5282173465696437,0.01853906009932582,0.5069761542364282,0.6757729941291585,0.5085714285714286,1,1,-0.1687968398927303,0.16720156555772991,-0.3359984054504602,1,1,0.8074074074074075,0.5,0.4185185185185185,0.0,0.42592592592592593,0.0,0.8333333333333334,0.5,1.7311111111111113,7,0,0,71.0,71.0,-1766.7,-1489.7069444444444
2026-05-21,銀河英雄伝説 Die Neue These,2,0.0,0.0,0.0,0.0,0.0,0.0,銀河英雄伝説 Die Neue These,0,0,0,0,0,2F,N,2F,N,2F_N,0.0,0.0,0.0,0.0,0.0,0.0,0.0,0.0,3,21,0.6451612903225806,1,0,1,0,0,1,0,1250.0,2350.0,-350.0,300.0,500.0,9218.0,10917.0,3780.0,887.0,0.2712085050987199,0.4305212054593753,-0.18518518518518517,0.6764374295377678,7.142857142857143,75.0,78.57142857142857,1456.7167911175516,1095.5767711751014,0.357721591444577,0.283225652169607,3758.5,3297.785714285714,3098.4821428571427,-0.05635628535429782,-0.013352374581634432,-0.004856799116597628,69.59195969069464,145.6209069268834,-76.02894723618877,-0.016280394708835702,0.017507225208470676,-0.033787619917306375,0.04819277108433735,0.07228915662650602,0.0963855421686747,0.12048192771084337,0.058823529411764705,0.8924731182795699,0.08235294117647059,0.8924731182795699,0.10588235294117647,0.8924731182795699,0.12941176470588237,0.8924731182795699,95.0,87.0,87.0,87.0,83.0,83.0,0,0,83.0,0.0,0.0,0.0,0.0,0,0,365.0,365.0,0,0,6,0.0,0.08333333333333333,0.08333333333333333,0.16666666666666666,144.0,-1100.0,1600.0,-0.15931270036065537,0.4563936902839051,923.1017543859649,0.5844982742683024,0.8245614035087719,2214.6280701754386,1.9419180447942757,0.9649122807017544,-173.06591478696743,-0.30274049547165005,0.39473684210526316,-82.31570384294068,-0.17982435134164626,0.42105263157894735,0.18766191226830356,0.3560364461143334,0.7543859649122807,-0.08733319419887324,-0.4579018418323954,0.2807017543859649,326.8982456140351,2716754.0,0.08354659283041635,114,8928.6,0.0,0.5720737208379943,0.2976340132291736,0.5510204081632654,0.5448979591836735,0.00612244897959191,0.5672064797764425,0.523629595164694,0.531714986323696,-0.008085391159001976,0.5419047619047619,0.5911955374641943,0.5864830368906455,1,1,-0.0492907755594324,0.004712500573548772,-0.05400327613298117,1,1,0.8096385542168675,0.5,0.41445783132530123,0.0,0.41927710843373495,0.0,0.8240963855421687,0.5,1.722409638554217,8,0,0,11.0,12.0,1250.0,1040.2951428571428
2026-05-21,回胴黙示録カイジ 狂宴,2,0.0,0.0,0.0,0.0,0.0,0.0,回胴黙示録カイジ 狂宴,0,0,0,0,0,2F,N,2F,N,2F_N,0.0,0.0,0.0,0.0,0.0,0.0,0.0,0.0,3,21,0.6451612903225806,1,0,1,0,0,1,1,-1450.0,4100.0,-700.0,-1000.0,5950.0,7420.0,11277.0,2855.0,4225.0,-0.3908355795148248,0.7271437439035204,-0.4903677758318739,-0.47337278106508873,1207.142857142857,1117.857142857143,808.9285714285714,3063.0089470198764,2680.0980997299007,0.7562858919413886,0.6848223085620597,3987.4285714285716,3814.6071428571427,4072.2321428571427,0.2720750762638205,0.20947684780002246,0.13942900167477298,775.0820576054336,974.9498782600767,-199.86782065464308,0.17024535916995476,0.19074360266043985,-0.020498243490485096,0.031746031746031744,0.06349206349206349,0.09523809523809523,0.14285714285714285,0.046153846153846156,0.863013698630137,0.07692307692307693,0.863013698630137,0.1076923076923077,0.863013698630137,0.15384615384615385,0.863013698630137,258.0,258.0,258.0,258.0,63.0,63.0,0,0,,0.0,0.0,0.0,0.0,0,0,365.0,365.0,0,0,-1,0.0,0.0,0.0,0.1111111111111111,178.0,-5550.0,-750.0,-1.1179793234183453,0.09953219631704913,-1776.8982456140352,-1.125113188418363,0.07894736842105263,3964.6280701754386,3.4764224720414076,0.9912280701754386,1026.9340852130326,1.7963937853205214,0.9736842105263158,960.5414390142022,2.098369243577979,0.9473684210526315,-0.47438217234524116,-0.9000086416060886,0.14912280701754385,0.24109816741924506,1.2641160779289564,0.9122807017543859,326.8982456140351,2716754.0,0.08354659283041635,114,8928.6,0.0,0.41054656639805953,0.42561364877313096,0.4375,0.44486961451247165,-0.007369614512471645,0.5179309404238783,0.520826248210069,0.43983749765801883,0.08098875055205013,0.4384920634920635,0.3853223926105282,0.5,1,0,0.05316967088153529,0.0,0.05316967088153529,1,1,0.8063492063492064,0.5,0.41269841269841273,0.0,0.41904761904761906,0.0,0.8285714285714286,0.5,1.7193650793650792,9,0,0,59.0,57.0,-1450.0,-1139.5159375
2026-05-21,プリズムナナ,3,0.0,0.0,0.0,0.0,0.0,0.0,プリズムナナ,0,0,0,0,0,2F,N,2F,N,2F_N,0.0,0.0,0.0,0.0,0.0,0.0,0.0,0.0,3,21,0.6451612903225806,1,0,1,0,0,1,0,-566.7,-833.3,-2800.0,4600.0,2266.7,4712.0,4410.0,14805.0,15143.0,-0.3607809847198642,-0.5668934240362812,-0.5673758865248227,0.9113121574324771,52.38571428571452,-438.0928571428572,-70.23571428571428,1435.2546004438484,1332.811519056492,0.7038452471481522,0.5739412136152289,2606.7714285714287,2942.55,3301.8214285714284,0.08101083163654242,-0.12294154237228416,-0.05750746367605529,-52.98825212321759,-94.10214989993241,41.11389777671482,-0.02492795707353257,-0.04314122522347345,0.018213268149940884,0.03067484662576687,0.06134969325153374,0.07975460122699386,0.13496932515337423,0.03636363636363636,0.9421965317919075,0.06666666666666667,0.9421965317919075,0.08484848484848485,0.9421965317919075,0.1393939393939394,0.9421965317919075,3.0,3.0,3.0,3.0,163.0,163.0,0,0,163.0,0.0,0.0,0.0,0.0,0,0,365.0,365.0,0,0,7,0.0,0.17391304347826086,0.08695652173913043,0.21739130434782608,138.0,266.5999999999999,2233.3,0.20611243931641698,0.20659490180495854,-893.5982456140351,-0.5658169643475736,0.27631578947368424,-968.6719298245614,-0.8493893513518929,0.13157894736842105,-127.82305764411004,-0.22359813514702098,0.4473684210526316,-595.4085609857979,-1.3007112041078206,0.07894736842105263,-0.4443275775502805,-0.8429883811234746,0.16666666666666666,0.050033922791967,0.2623358232881072,0.6491228070175439,326.8982456140351,2716754.0,0.08354659283041635,114,8928.6,0.0,0.5988036506819912,0.3223805976832089,0.5833333333333333,0.6054509132420092,-0.02211757990867591,0.5605111234819306,0.6031683653735631,0.6046836300705541,-0.0015152646969910366,0.584265601217656,0.6318134377038487,0.550952380952381,1,1,-0.04754783648619265,0.08086105675146771,-0.12840889323766036,1,1,0.8061349693251534,0.5,0.41226993865030676,0.0,0.4159509202453988,0.0,0.8269938650306748,0.5,1.7163190184049082,10,0,0,56.0,55.0,-566.7,-461.13551587301583
2026-05-21,ゾンビランドサガ,3,0.0,0.0,0.0,0.0,0.0,0.0,ゾンビランドサガ,0,0,0,0,0,2F,N,2F,N,2F_N,0.0,0.0,0.0,0.0,0.0,0.0,0.0,0.0,3,21,0.6451612903225806,1,0,1,0,0,1,1,6233.3,-100.0,-466.7,300.0,-100.0,14248.0,4687.0,9379.0,10283.0,1.3124649073554182,-0.06400682739492213,-0.14926964495148737,0.08752309637265389,761.9,245.22857142857143,199.99285714285716,2728.819133495904,2072.1451198172444,0.5872314064964359,0.4815695212270756,3944.528571428571,3659.757142857143,3780.7357142857145,0.12061240031024302,0.0244602393072616,0.014013427672153023,1397.3378835692524,513.7468045199993,883.5910790492532,0.25705474257935634,0.08493094388318906,0.17212379869616729,0.03785488958990536,0.056782334384858045,0.07570977917981073,0.11987381703470032,0.04075235109717868,0.9694189602446484,0.05956112852664577,0.9694189602446484,0.07836990595611286,0.9694189602446484,0.12225705329153605,0.9694189602446484,1.0,1.0,1.0,1.0,317.0,317.0,0,0,,0.0,0.0,0.0,0.0,0,0,163.0,45.0,0,0,-1,0.044444444444444446,0.044444444444444446,0.044444444444444446,0.044444444444444446,124.0,6333.3,6700.0,1.3764717347503403,1.4617345523069056,5906.401754385965,3.7398711639003244,0.9912280701754386,-235.3719298245614,-0.20638815335170896,0.4692982456140351,581.6912280701754,1.0175399980651687,0.868421052631579,87.91286758563075,0.19205174286468601,0.631578947368421,1.2289183145250018,2.331531763583118,0.9736842105263158,0.0896354914656676,0.46997315295964176,0.7543859649122807,326.8982456140351,2716754.0,0.08354659283041635,114,8928.6,0.0,0.5471971143553312,0.33957856571457673,0.5218253968253969,0.5609439552076538,-0.039118558382256974,0.5940643150719686,0.4808809055153741,0.5369850672778379,-0.0561041617624638,0.5819951801116185,0.4883561643835616,0.49142857142857144,1,1,0.09363901572805694,-0.0030724070450098284,0.09671142277306677,1,1,0.8075709779179812,0.5,0.41135646687697164,0.0,0.41514195583596214,0.0,0.8239747634069401,0.5,1.7153312302839119,11,0,0,1.0,1.0,6233.3,5367.435912698413
2026-05-21,ガールズ&パンツァー 最終章,3,0.0,0.0,0.0,0.0,0.0,0.0,ガールズ&パンツァー 最終章,0,0,0,0,0,2F,N,2F,N,2F_N,0.0,0.0,0.0,0.0,0.0,0.0,0.0,0.0,3,21,0.6451612903225806,1,0,1,0,0,1,1,3400.0,300.0,-433.3,3366.7,566.7,9100.0,10535.0,6451.0,10125.0,1.120879120879121,0.0854295206454675,-0.20151914431871026,0.9975308641975309,600.0,516.6642857142857,255.95714285714283,1361.6482389613948,1439.7198507440166,0.4708307217595972,0.5312818515071616,2464.7714285714287,2389.9785714285713,2560.467857142857,0.29527861240639475,0.1691701961368474,0.09055811336108578,952.3060909336912,439.75042690281526,512.555664030876,0.3713537915495116,0.16152268592238267,0.20983110562712892,0.01892744479495268,0.05993690851735016,0.0914826498422713,0.12618296529968454,0.0219435736677116,0.9694189602446484,0.06269592476489028,0.9694189602446484,0.09404388714733543,0.9694189602446484,0.12852664576802508,0.9694189602446484,44.0,1.0,1.0,1.0,317.0,317.0,0,0,,0.0,0.0,0.0,0.0,0,0,163.0,45.0,0,0,-1,0.0,0.06666666666666667,0.06666666666666667,0.15555555555555556,79.0,3100.0,3833.3,1.0354496002336533,1.3223982651978312,3073.101754385965,1.9458555501113877,0.9649122807017544,164.6280701754386,0.14435571573334974,0.6578947368421053,419.7912280701754,0.7343317980149583,0.8157894736842105,359.348581871345,0.7850218442382523,0.8421052631578947,1.0373325280487045,1.9680508541190964,0.9473684210526315,0.2643017035618193,1.3857759122471016,0.9298245614035088,326.8982456140351,2716754.0,0.08354659283041635,114,8928.6,0.0,0.4977224014791203,0.2927674877076266,0.3769841269841269,0.4985119047619047,-0.12152777777777779,0.43557696071004354,0.3470455955879159,0.47229674712319725,-0.12525115153528132,0.505003805175038,0.48516634050880625,0.560952380952381,1,1,0.019837464666231708,-0.07578604044357473,0.09562350510980644,1,1,0.8037854889589906,0.5,0.41198738170347005,0.0,0.4182965299684543,0.0,0.8252365930599369,0.5,1.714447949526814,12,0,0,2.0,2.0,3400.0,2938.8930555555553
2026-05-21,ラブ嬢3～Wご指名はいかがですか?～,2,0.0,0.0,0.0,0.0,0.0,0.0,ラブ嬢3～Wご指名はいかがですか?～,0,0,0,0,0,2F,N,2F,N,2F_N,0.0,0.0,0.0,0.0,0.0,0.0,0.0,0.0,3,21,0.6451612903225806,1,0,1,0,0,1,1,400.0,-300.0,-350.0,-950.0,450.0,7970.0,8011.0,2961.0,3477.0,0.10037641154328733,-0.07489701660217202,-0.2364066193853428,-0.546448087431694,-178.57142857142858,442.85714285714283,369.64285714285717,1168.6377906410034,1440.4669572555476,0.33615268770930273,0.40347544694454246,3633.9285714285716,3455.535714285714,3497.660714285714,-0.024185476833698233,0.09949708364397027,0.08840460249518053,-77.65030105327406,385.9478597547379,-463.598160808012,0.002623071666997198,0.10166771389425414,-0.09904464222725694,0.031746031746031744,0.047619047619047616,0.06349206349206349,0.14285714285714285,0.046153846153846156,0.863013698630137,0.06153846153846154,0.863013698630137,0.07692307692307693,0.863013698630137,0.15384615384615385,0.863013698630137,270.0,268.0,268.0,268.0,63.0,63.0,0,0,,0.0,0.0,0.0,0.0,0,0,365.0,365.0,0,0,-1,0.0,0.0,0.0,0.2222222222222222,121.0,700.0,750.0,0.17527342814545935,0.33678303092863016,73.10175438596491,0.04628725823731512,0.6228070175438597,-435.3719298245614,-0.3817600878942383,0.32456140350877194,-358.78020050125315,-0.6276065151180575,0.24561403508771928,285.5414390142022,0.6237850331676736,0.8070175438596491,0.01682981871287098,0.03192991465797374,0.6052631578947368,-0.055162385678273654,-0.2892251707229591,0.35964912280701755,326.8982456140351,2716754.0,0.08354659283041635,114,8928.6,0.0,0.5128661853944341,0.3353909990634027,0.5691964285714286,0.49323270975056693,0.07596371882086167,0.36889965025558247,0.5413553181948907,0.48073257697275973,0.06062274122213096,0.4947420634920635,0.547276925836248,0.5,1,0,-0.052534862344184474,0.0,-0.052534862344184474,1,1,0.8063492063492064,0.5,0.40952380952380957,0.0,0.41269841269841273,0.0,0.8285714285714286,0.5,1.713015873015873,13,0,0,22.0,22.0,400.0,340.4840625
2026-05-21,戦国乙女4 戦乱に閃く炯眼の軍師,13,0.0,0.0,0.0,0.0,0.0,0.0,戦国乙女4 戦乱に閃く炯眼の軍師,0,0,0,0,0,2F,N,2F,N,2F_N,0.0,0.0,0.0,0.0,0.0,0.0,0.0,0.0,3,21,0.6451612903225806,1,0,1,0,0,1,1,715.4,-523.1,-118.8,-218.8,623.1,28456.0,27967.0,77803.0,79736.0,0.3268203542310936,-0.24314370508098831,-0.024420652159942418,-0.04389485301494933,562.6428571428571,423.5571428571429,261.3785714285714,539.8494909297797,584.9762910570828,0.20149161206010813,0.19789336336915578,3595.7285714285713,4008.1857142857143,4384.175,0.155480363770852,0.12786690979822593,0.06320420762102015,653.788306600039,439.4592164291448,214.32909017089423,0.2055195576589003,0.12430397534720175,0.08121558231169854,0.031545741324921134,0.056782334384858045,0.07570977917981073,0.0946372239747634,0.034482758620689655,0.9694189602446484,0.05956112852664577,0.9694189602446484,0.07836990595611286,0.9694189602446484,0.09717868338557993,0.9694189602446484,79.0,54.0,34.0,34.0,317.0,317.0,0,0,,0.0,0.0,0.0,-3.0,0,0,24.0,10.0,0,0,-1,0.0,0.044444444444444446,0.0,0.044444444444444446,155.0,1238.5,834.1999999999999,0.5699640593120819,0.35124100639103606,388.5017543859649,0.2459952046563426,0.7456140350877193,-658.4719298245614,-0.5773874808764298,0.21052631578947367,382.4340852130325,0.6689837486783925,0.7807017543859649,266.24143901420223,0.5816228475959421,0.7719298245614035,0.24327376140067727,0.4615445105244872,0.7982456140350878,0.12450345492627658,0.6527914368437724,0.7894736842105263,326.8982456140351,2716754.0,0.08354659283041635,114,8928.6,0.0,0.47636361265273325,0.2512117053797869,0.32142857142857145,0.4184741248097413,-0.09704555338116982,0.5283879256811925,0.2596219878795288,0.3737868323655047,-0.11416484448597591,0.42253932014205986,0.43244618395303325,0.5347619047619047,1,1,-0.009906863810973388,-0.10231572080887141,0.09240885699789803,1,1,0.8063091482649842,0.5,0.41135646687697164,0.0,0.41514195583596214,0.0,0.8189274447949527,0.5,1.7120504731861201,14,0,0,14.0,14.0,715.4,695.2833847736624
2026-05-21,バイオハザード5,4,0.0,0.0,0.0,0.0,0.0,0.0,バイオハザード5,0,0,0,0,0,2F,N,2F,N,2F_N,0.0,0.0,0.0,0.0,0.0,0.0,0.0,0.0,3,21,0.6451612903225806,1,0,1,0,0,1,1,-425.0,1875.0,2650.0,-525.0,-1325.0,3198.0,9566.0,5584.0,3851.0,-0.5315822388993121,0.7840267614467907,1.8982808022922637,-0.5453129057387691,489.2857142857143,1173.2142857142858,762.2,1167.8735254421051,1389.2604661679325,0.4976261893957608,0.6154624252462172,2266.5714285714284,2546.9000000000005,2411.7357142857145,0.1165789197200322,0.41465321237366587,0.2475946460584551,390.3657135303825,754.4185616473328,-364.0528481169503,0.02385795869171825,0.22740787215636699,-0.20354991346464874,0.012987012987012988,0.03896103896103896,0.08441558441558442,0.16233766233766234,0.019230769230769232,0.9390243902439024,0.04487179487179487,0.9390243902439024,0.08974358974358974,0.9390243902439024,0.16666666666666666,0.9390243902439024,196.0,185.0,171.0,169.0,154.0,154.0,0,0,,0.0,0.0,0.0,0.0,0,0,365.0,185.0,0,0,-1,0.045454545454545456,0.09090909090909091,0.045454545454545456,0.18181818181818182,100.0,-2300.0,-3075.0,-1.315609000346103,-2.4298630411915756,-751.8982456140351,-0.47609402202805484,0.3157894736842105,1739.6280701754386,1.5254097002557685,0.9298245614035088,309.07694235588974,0.5406616709180616,0.7456140350877193,1015.8985818713451,2.2193007528973427,0.956140350877193,-0.6151288317297284,-1.1670364034146379,0.07894736842105263,0.08560201087545678,0.4488249720394874,0.7456140350877193,326.8982456140351,2716754.0,0.08354659283041635,114,8928.6,0.0,0.476996874566404,0.28953393223029683,0.410989010989011,0.4096110238967382,0.0013779870922728255,0.40698002468826466,0.4651785709807945,0.3908952648823112,0.07428330609848333,0.39976393976393976,0.5165599232230644,0.5087029569892473,1,1,-0.11679598345912467,0.007856966233817153,-0.12465294969294183,1,1,0.8025974025974026,0.5,0.4077922077922078,0.0,0.4168831168831169,0.0,0.8324675324675325,0.5,1.711948051948052,15,0,0,49.0,50.0,-425.0,-362.79333333333335
2026-05-21,わたしの幸せな結婚,8,0.0,0.0,0.0,0.0,0.0,0.0,わたしの幸せな結婚,0,0,0,0,0,2F,N,2F,N,2F_N,0.0,0.0,0.0,0.0,0.0,0.0,0.0,0.0,3,21,0.6451612903225806,1,0,1,0,0,1,1,1875.0,875.0,-287.5,-187.5,-425.0,29540.0,26906.0,18861.0,27861.0,0.5077860528097495,0.26016501895488,-0.12194475372461694,-0.05383869925702595,937.5,568.75,633.0357142857143,1043.8061362149585,1343.804784214181,0.39416505769970966,0.41692958211891445,3049.9714285714285,3070.2214285714285,3289.182142857143,0.3087259251024826,0.1676851497115451,0.1739382903455121,844.0212601689911,676.1433864128552,167.87787375613595,0.2558482947954409,0.19980484799195375,0.05604344680348716,0.015873015873015872,0.031746031746031744,0.07936507936507936,0.1746031746031746,0.03076923076923077,0.863013698630137,0.046153846153846156,0.863013698630137,0.09230769230769231,0.863013698630137,0.18461538461538463,0.863013698630137,301.0,293.0,260.0,259.0,63.0,63.0,0,0,,0.0,0.0,0.0,0.0,0,0,365.0,290.0,0,0,-1,0.1111111111111111,0.1111111111111111,0.1111111111111111,0.3333333333333333,46.0,1000.0,2162.5,0.24762103385486955,0.6297308065343665,1548.1017543859648,0.9802416684087341,0.8771929824561403,739.6280701754386,0.6485500275431216,0.8508771929824561,757.2912280701754,1.3247133144877565,0.9385964912280702,411.4342961570593,0.8988066914584846,0.8947368421052632,0.4242394599793332,0.8048767478003446,0.8859649122807017,0.27774901625790716,1.4562823137101346,0.9385964912280702,326.8982456140351,2716754.0,0.08354659283041635,114,8928.6,0.0,0.4852179203445346,0.34730808710145444,0.31026785714285715,0.43355831916099774,-0.12329046201814059,0.32948633156966495,0.37311394446062135,0.43968940511697624,-0.06657546065635489,0.44486607142857143,0.49186933907272895,0.5,1,0,-0.04700326764415752,0.0,-0.04700326764415752,1,1,0.8031746031746032,0.5,0.40634920634920635,0.0,0.4158730158730159,0.0,0.834920634920635,0.5,1.7117460317460318,16,0,0,7.0,6.0,1875.0,1770.730606617647
2026-05-21,真・一騎当千,2,0.0,0.0,0.0,0.0,0.0,0.0,真・一騎当千,0,0,0,0,0,2F,N,2F,N,2F_N,0.0,0.0,0.0,0.0,0.0,0.0,0.0,0.0,3,21,0.6451612903225806,1,0,1,0,0,1,1,-1250.0,-400.0,-1450.0,600.0,-450.0,2511.0,2675.0,3503.0,2041.0,-0.9956192751891677,-0.29906542056074764,-0.8278618327148158,0.5879470847623713,-314.2857142857143,-114.28571428571429,48.214285714285715,1270.076863065868,1404.8581329181873,0.8142088947530555,0.7588693924082841,1894.142857142857,1811.25,1998.875,-0.1033275405478259,-0.030476604158616107,-0.08556920659020952,-552.8595947987873,-73.71676289007817,-479.1428319087091,-0.2914785656779658,-0.07479269353441954,-0.2166858721435463,0.01948051948051948,0.03896103896103896,0.08441558441558442,0.14285714285714285,0.02564102564102564,0.9390243902439024,0.04487179487179487,0.9390243902439024,0.08974358974358974,0.9390243902439024,0.14743589743589744,0.9390243902439024,203.0,173.0,173.0,169.0,154.0,154.0,0,0,,0.0,0.0,0.0,0.0,0,0,365.0,365.0,0,0,-1,0.045454545454545456,0.09090909090909091,0.045454545454545456,0.18181818181818182,122.0,-850.0,200.0,-0.69655385462842,-0.16775744247435187,-1576.8982456140352,-0.9984753022934248,0.11842105263157894,-535.3719298245614,-0.46944605516550303,0.2631578947368421,-494.4944862155388,-0.8650086063981245,0.17543859649122806,-271.601418128655,-0.593332092885277,0.23684210526315788,-1.0791658680195841,-2.04741801771823,0.008771929824561403,-0.13430444939240133,-0.7041796112830114,0.20175438596491227,326.8982456140351,2716754.0,0.08354659283041635,114,8928.6,0.0,0.5691912944189562,0.3367686086617337,0.6527472527472529,0.6163963021105878,0.03635095063666505,0.46900463127142356,0.7261896101078964,0.615028804208373,0.11116080589952337,0.5869434269434268,0.6782415451638086,0.5085013440860215,1,1,-0.09129811822038181,0.1697402010777871,-0.2610383192981689,1,1,0.8038961038961039,0.5,0.4077922077922078,0.0,0.4168831168831169,0.0,0.8285714285714286,0.5,1.7116883116883117,17,0,0,62.0,61.0,-1250.0,-973.028
2026-05-21,とある科学の超電磁砲2,2,0.0,0.0,0.0,0.0,0.0,0.0,とある科学の超電磁砲2,0,0,0,0,0,2F,N,2F,N,2F_N,0.0,0.0,0.0,0.0,0.0,0.0,0.0,0.0,3,21,0.6451612903225806,1,0,1,0,0,1,0,-1850.0,-2300.0,-1400.0,-233.3,-750.0,3818.0,5622.0,8774.0,6171.0,-0.9690937663698271,-0.8182141586623978,-0.31912468657396853,-0.11343380327337546,-1442.857142857143,-85.7142857142857,53.57500000000001,1489.5269303340822,2580.1333128518595,0.4911524341130946,0.7854413911257492,2898.285714285714,3270.6071428571427,2481.8857142857146,-0.5893026428658165,-0.15584383497353846,0.050738918444369716,-1420.8221602021201,-421.1816331121239,-999.6405270899962,-0.6123488911721554,-0.22844684268854107,-0.3839020484836143,0.0213903743315508,0.0374331550802139,0.09090909090909091,0.12299465240641712,0.026455026455026454,0.949238578680203,0.042328042328042326,0.949238578680203,0.09523809523809523,0.949238578680203,0.12698412698412698,0.949238578680203,20.0,20.0,20.0,20.0,187.0,187.0,0,0,187.0,0.0,0.0,0.0,0.0,0,0,365.0,24.0,0,0,7,0.0,0.07407407407407407,0.0,0.1111111111111111,142.0,450.0,-450.0,-0.15087960770742936,-0.6499690797958586,-2176.898245614035,-1.3783889606682393,0.02631578947368421,-2435.3719298245614,-2.135479433319532,0.008771929824561403,-1623.0659147869674,-2.8391944180955235,0.008771929824561403,-243.02998955722637,-0.5309158300107666,0.2543859649122807,-1.0526403592002436,-1.9970932193760385,0.017543859649122806,-0.6202795517103918,-3.2522244466677876,0.008771929824561403,326.8982456140351,2716754.0,0.08354659283041635,114,8928.6,0.0,0.557675066402613,0.41523461681695123,0.8035714285714286,0.5270711024135682,0.27650032615786035,0.538084068767907,0.8102048765304725,0.5972728302347984,0.21293204629567408,0.545814307458143,0.5550358773646445,0.5385714285714285,1,1,-0.009221569906501581,0.01646444879321607,-0.02568601869971765,1,1,0.8042780748663102,0.5,0.4074866310160428,0.0,0.4181818181818182,0.0,0.8245989304812835,0.5,1.7110160427807488,18,0,0,71.0,71.0,-1850.0,-1397.4391666666666
2026-05-21,スマスロ炎炎ノ消防隊,4,0.0,0.0,0.0,0.0,0.0,0.0,スマスロ炎炎ノ消防隊,0,0,0,0,0,2F,N,2F,N,2F_N,0.0,0.0,0.0,0.0,0.0,0.0,0.0,0.0,3,21,0.6451612903225806,1,0,1,0,0,1,1,-775.0,300.0,1425.0,250.0,575.0,15629.0,25378.0,2976.0,4084.0,-0.19834922259901466,0.04728505004334463,1.9153225806451613,0.24485798237022527,353.57142857142856,248.21428571428572,158.92857142857142,664.9606146589616,865.9401452553335,0.2196217194583585,0.5560170699643514,4222.571428571428,3333.3214285714284,3169.3678571428572,0.14340169323591676,0.2026888144747723,0.0828007096535315,153.87712040965908,177.3228175127462,-23.445697103087127,0.0977024418702451,0.1064408746244502,-0.008738432754205105,0.03308823529411765,0.04044117647058824,0.058823529411764705,0.11764705882352941,0.0364963503649635,0.9645390070921985,0.043795620437956206,0.9645390070921985,0.06204379562043796,0.9645390070921985,0.12043795620437957,0.9645390070921985,108.0,108.0,57.0,50.0,272.0,272.0,0,0,,0.0,0.0,0.0,0.0,0,0,197.0,303.0,0,0,-1,0.07692307692307693,0.10256410256410256,0.10256410256410256,0.15384615384615385,69.0,-1075.0,-2200.0,-0.2456342726423593,-2.113671803244176,-1101.8982456140352,-0.6977103227466966,0.21052631578947367,164.6280701754386,0.14435571573334974,0.6578947368421053,173.362656641604,0.3032595796379946,0.6491228070175439,90.89858187134504,0.19857424233507234,0.6403508771929824,-0.281895815429431,-0.5348191494313603,0.2982456140350877,0.11242478439134133,0.5894610441383503,0.7719298245614035,326.8982456140351,2716754.0,0.08354659283041635,114,8928.6,0.0,0.5343222703705482,0.2764105296340513,0.39591836734693875,0.4673469387755102,-0.07142857142857145,0.5358886182997701,0.4643008746783601,0.4676635661803159,-0.0033626915019557835,0.46809523809523806,0.5,0.48830845771144277,1,1,-0.031904761904761936,0.011691542288557233,-0.04359630419331917,1,1,0.8066176470588236,0.5,0.4080882352941177,0.0,0.411764705882353,0.0,0.823529411764706,0.5,1.7095588235294121,19,0,0,53.0,54.0,-775.0,-687.8285714285713
2026-05-21,七つの魔剣が支配する,2,0.0,0.0,0.0,0.0,0.0,0.0,七つの魔剣が支配する,0,0,0,0,0,2F,N,2F,N,2F_N,0.0,0.0,0.0,0.0,0.0,0.0,0.0,0.0,3,21,0.6451612903225806,1,0,1,0,0,1,1,-1250.0,350.0,200.0,250.0,-1000.0,5438.0,1253.0,6168.0,6493.0,-0.4597278411180581,0.5586592178770949,0.0648508430609598,0.07700600646850454,-85.71428571428558,-139.28571428571436,-369.64285714285717,1436.3478819893314,1041.6663003662363,0.6651932656773446,0.4994702018352755,2306.214285714286,2536.6785714285716,2673.160714285714,0.07581204567339472,-0.02001950853085393,-0.14194987275256885,-332.95912872966744,-205.48147255586846,-127.47765617379898,-0.10024211128877744,-0.07221090682187217,-0.02803120446690527,0.015772870662460567,0.04100946372239748,0.05993690851735016,0.138801261829653,0.018808777429467086,0.9694189602446484,0.0438871473354232,0.9694189602446484,0.06269592476489028,0.9694189602446484,0.14106583072100312,0.9694189602446484,32.0,32.0,32.0,32.0,317.0,317.0,0,0,,0.0,0.0,0.0,0.0,0,0,365.0,31.0,0,0,-1,0.022222222222222223,0.022222222222222223,0.022222222222222223,0.1111111111111111,85.0,-1600.0,-1450.0,-1.018387058995153,-0.5245786841790179,-1576.8982456140352,-0.9984753022934248,0.11842105263157894,214.6280701754386,0.1881986993689821,0.6885964912280702,-265.92305764411014,-0.4651735052948536,0.2982456140350877,-296.60141812865504,-0.6479463229004736,0.20175438596491227,-0.5432744339484744,-1.030712606462451,0.12280701754385964,0.0448351368288193,0.23507776076497497,0.6140350877192983,326.8982456140351,2716754.0,0.08354659283041635,114,8928.6,0.0,0.4927293943658143,0.299918871588073,0.5416666666666667,0.6086173624701022,-0.06695069580343549,0.48286463584347256,0.6198149217207072,0.5821562403264562,0.03765868139425099,0.6187278031456114,0.4976647097195042,0.46,1,1,0.12106309342610716,0.0376647097195042,0.08339838370660296,1,1,0.8031545741324921,0.5,0.40820189274447954,0.0,0.41198738170347005,0.0,0.8277602523659306,0.5,1.7080126182965298,20,0,0,66.0,64.0,-1250.0,-965.5497222222223
2026-05-21,バイオハザード RE:2,2,0.0,0.0,0.0,0.0,0.0,0.0,バイオハザード RE:2,0,0,0,0,0,2F,N,2F,N,2F_N,0.0,0.0,0.0,0.0,0.0,0.0,0.0,0.0,3,21,0.6451612903225806,1,0,1,0,0,1,1,1350.0,1250.0,2250.0,-350.0,-600.0,8678.0,6888.0,9195.0,3514.0,0.3111315971421987,0.3629500580720093,0.4893964110929853,-0.199203187250996,1142.857142857143,657.1428571428571,575.0,1411.3907359494065,1455.474696931071,0.40340795681824587,0.40028390202415215,3858.714285714286,3728.464285714286,3656.035714285714,0.315767737830834,0.18334937288508274,0.1530984437270509,1139.1323362356839,755.6003453874538,383.53199084823007,0.3224560614372007,0.20509755263397075,0.11735850880322993,0.021739130434782608,0.043478260869565216,0.05434782608695652,0.11956521739130435,0.031914893617021274,0.9019607843137255,0.05319148936170213,0.9019607843137255,0.06382978723404255,0.9019607843137255,0.1276595744680851,0.9019607843137255,259.0,230.0,230.0,230.0,92.0,92.0,0,0,,0.0,0.0,0.0,0.0,0,0,365.0,365.0,0,0,-1,0.07692307692307693,0.15384615384615385,0.15384615384615385,0.15384615384615385,44.0,100.0,-900.0,-0.05181846092981063,-0.17826481395078664,1023.1017543859649,0.6478172173307715,0.8333333333333334,1114.6280701754386,0.9773724048103641,0.8771929824561403,962.6483709273183,1.6839401631352264,0.9649122807017544,499.8271532999164,1.0919070047265007,0.9122807017543859,0.22758500431178233,0.4317794439195219,0.7894736842105263,0.28479082898625857,1.4932036589984823,0.9473684210526315,326.8982456140351,2716754.0,0.08354659283041635,114,8928.6,0.0,0.4942750826841422,0.32397584365183435,0.31026785714285715,0.40736607142857145,-0.0970982142857143,0.5882770948448914,0.30011811649130304,0.39750132799876237,-0.09738321150745932,0.4015625,0.5407407407407407,0.5512514572684065,1,1,-0.13917824074074076,-0.010510716527665775,-0.12866752421307498,1,1,0.8043478260869565,0.5,0.40869565217391307,0.0,0.4108695652173913,0.0,0.8239130434782609,0.5,1.7073913043478264,21,0,0,7.0,8.0,1350.0,1123.66
2026-05-21,アズールレーン THE ANIMATION,8,0.0,0.0,0.0,0.0,0.0,0.0,アズールレーン THE ANIMATION,0,0,0,0,0,2F,N,2F,N,2F_N,0.0,0.0,0.0,0.0,0.0,0.0,0.0,0.0,3,21,0.6451612903225806,1,0,1,0,0,1,1,-487.5,-512.5,1812.5,-12.5,-750.0,7993.0,8977.0,28655.0,27956.0,-0.4879269360690604,-0.4567227358805837,0.5060198918164369,-0.0035770496494491343,-175.0,-96.42857142857143,98.21428571428571,1177.8334630441896,1011.6559702773518,0.44831149554105176,0.3900448871756521,2251.6857142857143,2535.757142857143,2740.8821428571428,-0.20550266649862095,-0.14188276002426106,-0.045164933165373074,-342.0464666425558,-128.14963930109684,-213.89682734145896,-0.26745033002169893,-0.14444528773513232,-0.12300504228656661,0.02422145328719723,0.04152249134948097,0.06228373702422145,0.09342560553633218,0.027491408934707903,0.9665551839464883,0.044673539518900345,0.9665551839464883,0.06529209621993128,0.9665551839464883,0.09621993127147767,0.9665551839464883,25.0,25.0,24.0,5.0,289.0,289.0,0,0,,0.0,0.0,0.0,0.0,0,0,185.0,365.0,0,0,-1,0.0,0.0,0.0,0.024390243902439025,109.0,25.0,-2300.0,-0.031204200188476694,-0.9939468278854973,-814.3982456140351,-0.515668361442098,0.2894736842105263,-647.8719298245614,-0.5680927683456758,0.21929824561403508,-355.2087719298246,-0.6213590916633189,0.2543859649122807,-253.7442752715121,-0.554321928588708,0.24561403508771928,-0.5714735288994768,-1.0842125704596275,0.09649122807017543,-0.23647957534319639,-1.2399000643307447,0.09649122807017543,326.8982456140351,2716754.0,0.08354659283041635,114,8928.6,0.0,0.6016266481242827,0.31232782531394365,0.6924603174603174,0.6046083387692976,0.0878519786910198,0.6652532960930366,0.7197422597040535,0.6226681595497303,0.09707410015432316,0.5926116184677829,0.4980495759947815,0.590952380952381,1,1,0.09456204247300137,-0.0929028049575995,0.18746484743060088,1,1,0.8048442906574395,0.5,0.40830449826989623,0.0,0.41245674740484434,0.0,0.8186851211072664,0.5,1.7064359861591696,22,0,0,54.0,54.0,-487.5,-448.6910947712418
2026-05-21,ネオプラネット,1,0.0,0.0,0.0,0.0,0.0,0.0,ネオプラネット,0,0,0,0,0,2F,N,2F,N,2F_N,0.0,0.0,0.0,0.0,0.0,0.0,0.0,0.0,3,21,0.6451612903225806,1,0,1,0,0,1,0,-1500.0,-1600.0,-300.0,1300.0,-300.0,3486.0,2675.0,758.0,1830.0,-0.43029259896729777,-0.5981308411214953,-0.39577836411609496,0.7103825136612022,-600.0,-571.4285714285714,-142.85714285714286,737.1114795831961,1166.473034690189,0.37886433458263163,0.42064644135841966,2886.8571428571427,2938.0714285714284,3465.285714285714,-0.3740734836765646,-0.2812162193974723,-0.12603383952030053,-643.624447356455,-352.2222210388625,-291.4022263175925,-0.30874055870501593,-0.2119063533060307,-0.09683420539898524,0.012987012987012988,0.025974025974025976,0.06493506493506493,0.14285714285714285,0.02531645569620253,0.8850574712643678,0.0379746835443038,0.8850574712643678,0.0759493670886076,0.8850574712643678,0.1518987341772152,0.8850574712643678,181.0,143.0,125.0,125.0,77.0,77.0,0,0,77.0,0.0,0.0,0.0,0.0,0,0,365.0,150.0,0,0,6,0.0,0.0,0.0,0.18181818181818182,94.0,100.0,-1200.0,0.16783824215419751,-0.03451423485120281,-1826.8982456140352,-1.1567726599495975,0.06578947368421052,-1735.3719298245614,-1.5216776624206791,0.043859649122807015,-780.2087719298246,-1.364802482777213,0.07894736842105263,-728.7442752715122,-1.5919922988774415,0.06140350877192982,-0.5138391917977141,-0.9748673958962917,0.14035087719298245,-0.40505039252114006,-2.1237436975911925,0.017543859649122806,326.8982456140351,2716754.0,0.08354659283041635,114,8928.6,0.0,0.5569879281166595,0.29126863370892003,0.6716417910447762,0.6034115138592752,0.06823027718550101,0.3257901133240346,0.6498521959439489,0.6067883408148231,0.043063855129125805,0.6126790290969396,0.4835899864024864,0.5882352941176471,1,1,0.1290890426944532,-0.10464530771516067,0.23373435040961388,1,1,0.8025974025974026,0.5,0.4051948051948052,0.0,0.412987012987013,0.0,0.8285714285714286,0.5,1.705974025974026,23,0,0,60.0,55.0,-1500.0,-996.5741293532338
2026-05-21,スーパーブラックジャック,8,0.0,0.0,0.0,0.0,0.0,0.0,スーパーブラックジャック,0,0,0,0,0,2F,N,2F,N,2F_N,0.0,0.0,0.0,0.0,0.0,0.0,0.0,0.0,3,21,0.6451612903225806,1,0,1,0,0,1,1,-75.0,125.0,-100.0,1387.5,-575.0,14959.0,6740.0,38650.0,41443.0,-0.04010963299685808,0.14836795252225518,-0.02069857697283312,0.26783775305841756,516.0714285714288,465.1785714285715,382.14285714285717,753.6616962410608,844.6406064835378,0.29269743374809876,0.26697386515433913,2564.842857142857,3166.4714285714285,3344.4500000000003,0.14988652291544793,0.11511407744684067,0.06708439366552295,423.56744622330814,425.3501108533003,-1.782664629992155,0.11608822512354836,0.09974047352273369,0.01634775160081467,0.022082018927444796,0.03785488958990536,0.05993690851735016,0.08832807570977919,0.025078369905956112,0.9694189602446484,0.04075235109717868,0.9694189602446484,0.06269592476489028,0.9694189602446484,0.09090909090909091,0.9694189602446484,48.0,48.0,8.0,8.0,317.0,317.0,0,0,,0.0,0.0,0.0,0.0,0,0,365.0,136.0,0,0,-1,0.022222222222222223,0.08888888888888889,0.044444444444444446,0.1111111111111111,84.0,-200.0,25.0,-0.18847758551911326,-0.019411056024024962,-401.8982456140351,-0.25447772130941304,0.4298245614035088,-10.371929824561391,-0.009094726991363442,0.5964912280701754,335.8626566416042,0.5875173468286015,0.7631578947368421,307.86286758563085,0.672547738538385,0.8245614035087719,-0.12365622582727442,-0.23460340274327643,0.41228070175438597,0.11890961407087251,0.6234620386223585,0.7807017543859649,326.8982456140351,2716754.0,0.08354659283041635,114,8928.6,0.0,0.5015016269791718,0.2798760797161608,0.3968253968253968,0.45566291585127205,-0.05883751902587525,0.5120617765519786,0.42905609656319255,0.44534566661509295,-0.016289570051900404,0.4759703196347032,0.46273320287018915,0.5057142857142857,1,1,0.013237116764514056,-0.04298108284409652,0.056218199608610575,1,1,0.804416403785489,0.5,0.4075709779179811,0.0,0.41198738170347005,0.0,0.8176656151419559,0.5,1.704731861198738,24,0,0,43.0,43.0,-75.0,-60.45580065359478
2026-05-21,痛いのは嫌なので防御力に極振りしたいと思います。,8,0.0,0.0,0.0,0.0,0.0,0.0,痛いのは嫌なので防御力に極振りしたいと思います。,0,0,0,0,0,2F,N,2F,N,2F_N,0.0,0.0,0.0,0.0,0.0,0.0,0.0,0.0,3,21,0.6451612903225806,1,0,1,0,0,1,1,537.5,-187.5,-450.0,1762.5,125.0,17592.0,16663.0,33657.0,39592.0,0.24442928603910868,-0.09001980435695853,-0.10696140475978251,0.35613255203071326,16.071428571428573,144.64285714285714,256.25,688.7380627260387,1003.6437735450896,0.2196973770593914,0.21347168572683584,3147.157142857143,3682.985714285714,3812.921428571429,-0.0013616409894155151,0.011945054323784007,0.043075365494575545,34.80262431766759,176.42551003541965,-141.62288571775207,0.011127030377855743,0.026613722226339495,-0.015486691848483752,0.015772870662460567,0.031545741324921134,0.05993690851735016,0.11041009463722397,0.018808777429467086,0.9694189602446484,0.034482758620689655,0.9694189602446484,0.06269592476489028,0.9694189602446484,0.11285266457680251,0.9694189602446484,10.0,10.0,10.0,10.0,317.0,317.0,0,0,,0.0,0.0,0.0,0.0,0,0,197.0,365.0,0,0,-1,0.0,0.1111111111111111,0.0,0.15555555555555556,108.0,725.0,987.5,0.3344490903960672,0.3513906907988912,210.6017543859649,0.1333508049482101,0.6666666666666666,-322.8719298245614,-0.28311337471406556,0.42105263157894735,-164.13734335839598,-0.2871219368348035,0.41228070175438597,-12.67284670008354,-0.027684710585027455,0.5263157894736842,0.16088269320869233,0.30523030293665043,0.7280701754385965,-0.03233854983399094,-0.1695561655222752,0.43859649122807015,326.8982456140351,2716754.0,0.08354659283041635,114,8928.6,0.0,0.45100918236166093,0.27655599742617465,0.5257936507936508,0.44235839312894104,0.08343525766470977,0.4129585759682796,0.5207598638912437,0.46750268917718085,0.05325717471406288,0.44437468290208015,0.4583887801696021,0.35857142857142854,1,1,-0.014014097267521952,0.09981735159817356,-0.11383144886569552,1,1,0.8031545741324921,0.5,0.40630914826498427,0.0,0.41198738170347005,0.0,0.8220820189274448,0.5,1.7042271293375393,25,0,0,23.0,22.0,537.5,516.0147875816994
2026-05-21,モンスターハンターライズ,9,0.0,0.0,0.0,0.0,0.0,0.0,モンスターハンターライズ,0,0,0,0,0,2F,N,2F,N,2F_N,0.0,0.0,0.0,0.0,0.0,0.0,0.0,0.0,3,21,0.6451612903225806,1,0,1,0,0,1,1,377.8,-611.1,944.4,-677.8,-300.0,22678.0,21837.0,41960.0,33326.0,0.14992503748125938,-0.2518660988230984,0.20257387988560535,-0.183040268859149,852.385714285714,846.8285714285713,554.3642857142858,1548.4449408235027,1353.8878543652725,0.3770321127083031,0.30755811542050737,3409.285714285714,3675.75,3620.442857142857,0.1785249938598111,0.18919120128751063,0.10912426736117098,939.8201757401499,682.1291258331262,257.69104990702374,0.20968894125816323,0.14852294633168622,0.06116599492647701,0.025236593059936908,0.03785488958990536,0.050473186119873815,0.07886435331230283,0.02821316614420063,0.9694189602446484,0.04075235109717868,0.9694189602446484,0.05329153605015674,0.9694189602446484,0.08150470219435736,0.9694189602446484,2.0,2.0,2.0,2.0,317.0,317.0,0,0,,0.0,0.0,0.0,0.0,0,0,365.0,108.0,0,0,-1,0.0,0.022222222222222223,0.0,0.022222222222222223,136.0,988.9000000000001,-566.5999999999999,0.4017911363043578,-0.052648842404345975,50.90175438596492,0.03223045287744699,0.6140350877192983,-746.4719298245614,-0.6545511320751427,0.15789473684210525,672.1769423558894,1.1758247187144255,0.8947368421052632,689.5128675856306,1.5062885739503742,0.9385964912280702,0.06637844465084303,0.1259346941871423,0.6403508771929824,0.14754808501523567,0.7736181014227802,0.8245614035087719,326.8982456140351,2716754.0,0.08354659283041635,114,8928.6,0.0,0.4862460498305469,0.2814771972340671,0.4246031746031746,0.41127826701456843,0.01332490758860616,0.46893126102692556,0.3622659226982236,0.41342817441297425,-0.05116225171475064,0.4144533231861999,0.477938682322244,0.5623809523809524,1,1,-0.06348535913604414,-0.08444227005870841,0.020956910922664274,1,1,0.8050473186119874,0.5,0.4075709779179811,0.0,0.41009463722397477,0.0,0.8157728706624606,0.5,1.7034700315457414,26,0,0,28.0,28.0,377.8,366.9816520467836
2026-05-21,無職転生 ～異世界行ったら本気だす～,6,0.0,0.0,0.0,0.0,0.0,0.0,無職転生 ～異世界行ったら本気だす～,0,0,0,0,0,2F,N,2F,N,2F_N,0.0,0.0,0.0,0.0,0.0,0.0,0.0,0.0,3,21,0.6451612903225806,1,0,1,0,0,1,0,650.0,816.7,1716.7,3733.3,533.3,10771.0,12422.0,19248.0,34431.0,0.3620833720174543,0.39446143938174205,0.535120532003325,0.6505765153495396,383.3428571428571,47.62857142857144,-146.42142857142855,640.5158516309149,1128.8067276339434,0.43664810657301173,0.4346096463521927,2566.557142857143,2967.4357142857143,3332.4035714285715,0.0788875653450258,0.01578999165186017,-0.06670157435674741,194.47827863160717,14.185255641400374,180.2930229902068,-0.0015452528676800775,-0.020902005348724467,0.01935675248104439,0.013333333333333334,0.03333333333333333,0.05333333333333334,0.10666666666666667,0.019736842105263157,0.9375,0.039473684210526314,0.9375,0.05921052631578947,0.9375,0.1118421052631579,0.9375,81.0,65.0,9.0,9.0,150.0,150.0,0,0,150.0,0.0,0.0,0.0,0.0,0,0,80.0,24.0,0,0,7,0.0,0.047619047619047616,0.0,0.14285714285714285,21.0,-166.70000000000005,-1066.7,-0.03237806736428778,-0.17303715998587071,323.1017543859649,0.20458461589348784,0.7105263157894737,681.3280701754386,0.5974291086239744,0.8157894736842105,203.13408521303253,0.3553381015566956,0.7017543859649122,-109.68713241436924,-0.2396191311754271,0.37719298245614036,0.2785367791870379,0.5284463095105936,0.8245614035087719,0.047910656500450385,0.25120320006843977,0.6403508771929824,326.8982456140351,2716754.0,0.08354659283041635,114,8928.6,0.0,0.5620190779975077,0.36331743569899366,0.375,0.598302620134812,-0.22330262013481195,0.5214162970442726,0.4435323405556341,0.5387133499680107,-0.09518100941237656,0.5899226281075596,0.5762165688193085,0.5242857142857142,1,1,0.013706059288251082,0.05193085453359425,-0.03822479524534317,1,1,0.8026666666666668,0.5,0.4066666666666667,0.0,0.4106666666666667,0.0,0.8213333333333334,0.5,1.7029333333333334,27,0,0,18.0,17.0,650.0,613.2501068376068
2026-05-21,ソードアート・オンライン,4,0.0,0.0,0.0,0.0,0.0,0.0,ソードアート・オンライン,0,0,0,0,0,2F,N,2F,N,2F_N,0.0,0.0,0.0,0.0,0.0,0.0,0.0,0.0,3,21,0.6451612903225806,1,0,1,0,0,1,1,1175.0,1675.0,-600.0,1625.0,325.0,10772.0,14807.0,14912.0,20110.0,0.43631637578908283,0.45248868778280543,-0.1609442060085837,0.3232222774738936,635.7142857142857,433.92857142857144,547.3214285714286,658.2579824267792,776.3082718656506,0.19323327760618897,0.28010497372803617,3193.2714285714287,3064.8642857142863,3187.5607142857148,0.21407979640394162,0.16798119070313783,0.19235771336712665,591.2811104169812,513.4376413268938,77.84346909008741,0.2270405470762808,0.18490425324825494,0.04213629382802586,0.022082018927444796,0.03470031545741325,0.04416403785488959,0.07255520504731862,0.025078369905956112,0.9694189602446484,0.03761755485893417,0.9694189602446484,0.047021943573667714,0.9694189602446484,0.07523510971786834,0.9694189602446484,31.0,31.0,26.0,7.0,317.0,317.0,0,0,,0.0,0.0,0.0,0.0,0,0,226.0,31.0,0,0,-1,0.022222222222222223,0.06666666666666667,0.044444444444444446,0.1111111111111111,75.0,-500.0,1775.0,-0.0161723119937226,0.5972605817976665,848.1017543859649,0.5370090669714506,0.8157894736842105,1539.6280701754386,1.350037765713239,0.9035087719298246,455.5055137844611,0.7968060325623443,0.8245614035087719,276.61286758563074,0.6042799510193891,0.7982456140350878,0.35276978295866646,0.6692828518210843,0.8508771929824561,0.18310288755936618,0.9600375919760589,0.8596491228070176,326.8982456140351,2716754.0,0.08354659283041635,114,8928.6,0.0,0.43608012928219997,0.26864567603784834,0.3194444444444445,0.36847004783648624,-0.04902560339204176,0.43729946088508836,0.309849738450128,0.3790459102750646,-0.06919617182493665,0.37586884830035516,0.4427853881278539,0.4471428571428571,1,1,-0.06691653982749873,-0.004357469015003224,-0.06255907081249551,1,1,0.804416403785489,0.5,0.4069400630914827,0.0,0.40883280757097795,0.0,0.8145110410094638,0.5,1.7010725552050472,28,0,0,7.0,7.0,1175.0,1063.5834876543208
2026-05-21,スーパーリオエース2,8,0.0,0.0,0.0,0.0,0.0,0.0,スーパーリオエース2,0,0,0,0,0,2F,N,2F,N,2F_N,0.0,0.0,0.0,0.0,0.0,0.0,0.0,0.0,3,21,0.6451612903225806,1,0,1,0,0,1,0,-1512.5,-1337.5,0.0,0.0,0.0,47992.0,59682.0,0.0,0.0,-0.25212535422570426,-0.17928353607452832,0.0,0.0,-796.4285714285714,-1010.0,-1010.0,1926.7269619004883,1627.0478549268985,0.2687352040171275,0.22606159963689526,6982.828571428572,7073.75,7073.75,-0.11341505662884645,-0.1413824635280089,-0.1413824635280089,-516.4342880249023,-1218.0913486123216,701.6570605874192,-0.07931209487765123,-0.16382142765498897,0.08450933277733774,0.0,0.0,0.1,0.1,0.08333333333333333,0.5,0.08333333333333333,0.5,0.16666666666666666,0.5,0.16666666666666666,0.5,365.0,365.0,2.0,2.0,10.0,10.0,0,0,10.0,0.0,0.0,0.0,0.0,0,0,365.0,365.0,0,0,4,0.0,0.0,0.0,0.0,70.0,-175.0,-1512.5,-0.07284181815117594,-0.25212535422570426,-1839.3982456140352,-1.1646875278324063,0.05263157894736842,-1472.8719298245614,-1.2915019983336093,0.08771929824561403,-976.637343358396,-1.7084107727878362,0.043859649122807015,-1167.3157038429406,-2.550081934001174,0.017543859649122806,-0.3356719470561206,-0.6368444488579665,0.20175438596491227,-0.14439196547342187,-0.7570700641673376,0.18421052631578946,326.8982456140351,2716754.0,0.08354659283041635,114,8928.6,0.0,0.7958333333333334,0.3089770557624859,0.7301587301587301,0.7958333333333334,-0.06567460317460327,0.9722222222222222,0.7003996107313367,0.8783645803607956,-0.17796496962945885,0.7958333333333334,0.5,0.5,0,0,0.0,0.0,0.0,1,1,0.8,0.5,0.4,0.0,0.42000000000000004,0.0,0.8200000000000001,0.5,1.7000000000000002,29,0,0,70.0,70.0,-1512.5,-1413.396977124183
2026-05-21,鉄拳6,3,0.0,0.0,0.0,0.0,0.0,0.0,鉄拳6,0,0,0,0,0,2F,N,2F,N,2F_N,0.0,0.0,0.0,0.0,0.0,0.0,0.0,0.0,3,21,0.6451612903225806,1,0,1,0,0,1,0,3033.3,-966.7,-1333.3,1833.3,966.7,10516.0,7748.0,9983.0,4778.0,0.8653480410802586,-0.3742901393908105,-0.40068115796854653,1.151109250732524,190.47142857142862,-247.61428571428567,-51.07142857142857,1718.9254828858313,1481.4948068950985,0.5473355607810141,0.4954507018070682,2967.0857142857144,2945.807142857143,2504.425,0.03548077869452014,-0.09951410757481789,-0.07160088221574387,596.1438851770288,73.15096495540772,522.992920221621,0.14062960793112878,-0.019088409543035548,0.1597180174741643,0.015873015873015872,0.031746031746031744,0.03968253968253968,0.07142857142857142,0.0234375,0.9264705882352942,0.0390625,0.9264705882352942,0.046875,0.9264705882352942,0.078125,0.9264705882352942,26.0,26.0,26.0,11.0,126.0,126.0,0,0,126.0,0.0,0.0,0.0,0.0,0,0,365.0,31.0,0,0,7,0.05555555555555555,0.05555555555555555,0.05555555555555555,0.05555555555555555,74.0,4000.0,4366.6,1.2396381804710692,1.266029199048805,2706.401754385965,1.7136649859013136,0.9473684210526315,-1102.0719298245615,-0.9663624316917601,0.11403508771929824,10.262656641604053,0.017952245306992104,0.5263157894736842,-404.92998955722635,-0.8845975835891791,0.15789473684210525,0.7818014482498423,1.4832514804812984,0.9298245614035088,0.004503869849944716,0.023614506701389922,0.5350877192982456,326.8982456140351,2716754.0,0.08354659283041635,114,8928.6,0.0,0.5249660751265983,0.364716492631313,0.509920634920635,0.5579269949989129,-0.048006360078277854,0.42752390111485045,0.4463255852415378,0.540351403316948,-0.09402581807541016,0.5380834601725013,0.500150032615786,0.5147619047619048,1,1,0.03793342755671525,-0.014611872146118698,0.05254529970283395,1,1,0.8031746031746032,0.5,0.40634920634920635,0.0,0.40793650793650793,0.0,0.8142857142857143,0.5,1.6987301587301586,30,0,0,5.0,5.0,3033.3,2658.9434523809523
2026-05-21,新鬼武者3,8,0.0,0.0,0.0,0.0,0.0,0.0,新鬼武者3,0,0,0,0,0,2F,N,2F,N,2F_N,0.0,0.0,0.0,0.0,0.0,0.0,0.0,0.0,3,21,0.6451612903225806,1,0,1,0,0,1,0,1062.5,2212.5,-512.5,1675.0,700.0,10586.0,9115.0,32801.0,27953.0,0.8029472888720952,1.9418540866703236,-0.12499618914057498,0.47937609558902444,844.6428571428571,161.60714285714283,112.94642857142857,1138.0002824503783,1057.0898946303812,0.7639598667757632,0.6419062211486388,2176.8571428571427,2580.4357142857143,2912.45,0.5065335158907306,0.15078311966932434,0.08104176609599643,679.0743065118102,289.22916393511844,389.8451425766917,0.4020409236503575,0.18674119690171748,0.21529972674864,0.008888888888888889,0.03111111111111111,0.044444444444444446,0.08,0.013215859030837005,0.9574468085106383,0.03524229074889868,0.9574468085106383,0.048458149779735685,0.9574468085106383,0.08370044052863436,0.9574468085106383,75.0,44.0,7.0,7.0,225.0,225.0,0,0,225.0,0.0,0.0,0.0,0.0,0,0,365.0,45.0,0,0,7,0.0,0.09375,0.0625,0.09375,68.0,-1150.0,1575.0,-1.1389067977982283,0.9279434780126702,735.6017543859649,0.4657752560261728,0.8070175438596491,2077.1280701754386,1.8213498397962866,0.9385964912280702,664.4340852130325,1.1622803046645527,0.8859649122807017,4.291439014202155,0.009374945496712984,0.543859649122807,0.7194006960416789,1.3648633548221518,0.9122807017543859,0.47555660704615516,2.493419005906561,0.9912280701754386,326.8982456140351,2716754.0,0.08354659283041635,114,8928.6,0.0,0.5170415002966625,0.3335749022916473,0.2857142857142857,0.5078074037834311,-0.22209311806914545,0.4510849687063216,0.2917230811467101,0.4735672764104556,-0.1818441952637455,0.517789193302892,0.420143509458578,0.5042857142857143,1,1,0.09764568384431399,-0.08414220482713636,0.18178788867145035,1,1,0.8017777777777778,0.5,0.40622222222222226,0.0,0.4088888888888889,0.0,0.8160000000000001,0.5,1.698488888888889,31,0,0,8.0,8.0,1062.5,1010.1324346405229
2026-05-21,いざ！番長,6,0.0,0.0,0.0,0.0,0.0,0.0,いざ！番長,0,0,0,0,0,2F,N,2F,N,2F_N,0.0,0.0,0.0,0.0,0.0,0.0,0.0,0.0,3,21,0.6451612903225806,1,0,1,0,0,1,1,-450.0,-400.0,2400.0,-1383.3,100.0,12807.0,4155.0,27914.0,9343.0,-0.21082220660576248,-0.5776173285198556,0.5158701726732106,-0.8883656213207749,452.3857142857147,239.29285714285703,41.074999999999996,1612.3407843138825,1381.6271686030116,0.5161916877493329,0.4136660834158844,2523.285714285714,2861.6857142857148,2905.753571428572,-0.09120707095142322,-0.07983080858904987,-0.09892618797567912,203.29457329745458,169.79244633876158,33.502126958693,-0.07183082768441532,-0.06851557882704024,-0.0033152488573750805,0.012618296529968454,0.028391167192429023,0.03785488958990536,0.08201892744479496,0.01567398119122257,0.9694189602446484,0.03134796238244514,0.9694189602446484,0.04075235109717868,0.9694189602446484,0.08463949843260188,0.9694189602446484,70.0,70.0,22.0,4.0,317.0,317.0,0,0,,0.0,0.0,0.0,0.0,0,0,226.0,45.0,0,0,-1,0.022222222222222223,0.08888888888888889,0.08888888888888889,0.1111111111111111,127.0,-50.0,-2850.0,0.36679512191409314,-0.726692379278973,-776.8982456140351,-0.4919237577936721,0.30701754385964913,-535.3719298245614,-0.46944605516550303,0.2631578947368421,272.1769423558901,0.47611329178370304,0.7192982456140351,81.97715329991635,0.17908476425250625,0.6228070175438597,-0.29436879943617883,-0.5584831782400099,0.2807017543859649,-0.12218397979599864,-0.6406300594433291,0.23684210526315788,326.8982456140351,2716754.0,0.08354659283041635,114,8928.6,0.0,0.5280510806648078,0.3301768538981619,0.5515873015873016,0.5574853228962818,-0.005898021308980206,0.49269491520295766,0.5929286132913145,0.552319611863715,0.04060900142759949,0.5614155251141552,0.5351337247227658,0.5190476190476191,1,1,0.026281800391389387,0.016086105675146678,0.01019569471624271,1,1,0.8025236593059938,0.5,0.4056782334384858,0.0,0.4075709779179811,0.0,0.8164037854889591,0.5,1.6981703470031548,32,0,0,53.0,53.0,-450.0,-402.1345085470086
2026-05-21,少女☆歌劇 レヴュースタァライト ‐The SLOT‐,5,0.0,0.0,0.0,0.0,0.0,0.0,少女☆歌劇 レヴュースタァライト ‐The SLOT‐,0,0,0,0,0,2F,N,2F,N,2F_N,0.0,0.0,0.0,0.0,0.0,0.0,0.0,0.0,3,21,0.6451612903225806,1,0,1,0,0,1,1,220.0,-300.0,-240.0,-20.0,1780.0,27291.0,8545.0,24239.0,17895.0,0.04030632809351068,-0.17554125219426564,-0.049506992862741864,-0.005588153115395362,362.85714285714283,432.85714285714283,217.85714285714286,1180.0242128266455,918.3465792174758,0.332346822933762,0.25455300091551275,3822.085714285714,3882.9857142857145,3941.7571428571428,0.02769942458929876,0.06434031146378115,0.01788483935289991,376.5224998196358,287.4278499029272,89.09464991670859,0.0227043913031129,0.023332987027728864,-0.0006285957246159636,0.00946372239747634,0.028391167192429023,0.050473186119873815,0.0694006309148265,0.012539184952978056,0.9694189602446484,0.03134796238244514,0.9694189602446484,0.05329153605015674,0.9694189602446484,0.07210031347962383,0.9694189602446484,98.0,98.0,3.0,3.0,317.0,317.0,0,0,,0.0,0.0,0.0,0.0,0,0,197.0,255.0,0,0,-1,0.022222222222222223,0.022222222222222223,0.022222222222222223,0.022222222222222223,139.0,520.0,460.0,0.21584758028777631,0.08981332095625255,-106.89824561403509,-0.06768683927512924,0.5701754385964912,-435.3719298245614,-0.3817600878942383,0.32456140350877194,182.64837092731827,0.31950288062031496,0.6666666666666666,275.5414390142022,0.6019393411615951,0.7894736842105263,-0.04324026473690567,-0.08203641324916354,0.5350877192982456,-0.003277484255276665,-0.017184371771062787,0.5087719298245614,326.8982456140351,2716754.0,0.08354659283041635,114,8928.6,0.0,0.48308915546991027,0.28596934204729796,0.44841269841269843,0.4529857034137856,-0.004573005001087149,0.571926646855137,0.42867428188961004,0.4521798875027482,-0.023505605613138136,0.4556633688483004,0.5199151989562948,0.4447619047619048,1,1,-0.0642518301079944,0.07515329419438999,-0.1394051243023844,1,1,0.8018927444794953,0.5,0.4056782334384858,0.0,0.41009463722397477,0.0,0.8138801261829653,0.5,1.698044164037855,33,0,0,30.0,30.0,220.0,215.65921717171716
2026-05-21,絶対衝激IV,3,0.0,0.0,0.0,0.0,0.0,0.0,絶対衝激IV,0,0,0,0,0,2F,N,2F,N,2F_N,0.0,0.0,0.0,0.0,0.0,0.0,0.0,0.0,3,21,0.6451612903225806,1,0,1,0,0,1,0,266.7,-566.7,-650.0,500.0,-300.0,8192.0,3820.0,2588.0,15387.0,0.09765625,-0.44502617801047123,-1.0046367851622875,0.12997985312276597,-519.0428571428572,-644.0428571428572,-359.5214285714286,1138.530358045176,1066.4584277045112,0.5238082263275519,0.5117399426335791,1926.042857142857,2078.242857142857,2395.4392857142857,-0.3425854184022972,-0.4491700141216726,-0.20192744415533617,-562.8100302908548,-460.88753160326246,-101.92249868759234,-0.3224321415383656,-0.2900236603269177,-0.032408481211447904,0.0,0.02127659574468085,0.06382978723404255,0.0851063829787234,0.02040816326530612,0.8245614035087719,0.04081632653061224,0.8245614035087719,0.08163265306122448,0.8245614035087719,0.10204081632653061,0.8245614035087719,365.0,191.0,177.0,168.0,47.0,47.0,0,0,47.0,0.0,0.0,0.0,-1.0,0,0,365.0,163.0,0,0,6,0.0,0.0,0.0,0.14285714285714285,117.0,833.4000000000001,916.7,0.5426824280104712,1.1022930351622875,-60.1982456140351,-0.038116892864956176,0.5877192982456141,-702.0719298245615,-0.6156185626067013,0.20175438596491227,-699.2516290726818,-1.2231858879051984,0.09649122807017543,-801.3585609857979,-1.7506232309730094,0.043859649122807015,0.01410965716958365,0.026769162340027342,0.5964912280701754,-0.37356232724687266,-1.958646758024407,0.02631578947368421,326.8982456140351,2716754.0,0.08354659283041635,114,8928.6,0.0,0.6844301236588471,0.29800917565809265,0.671875,0.6429429945054945,0.028932005494505475,0.8258241758241758,0.6315228661727873,0.6401767642302271,-0.008653898057439768,0.6452083333333333,0.7536450477626948,0.5,1,0,-0.10843671442936154,0.0,-0.10843671442936154,1,1,0.8,0.5,0.4042553191489362,0.0,0.41276595744680855,0.0,0.8170212765957447,0.5,1.697872340425532,34,0,0,17.0,17.0,266.7,202.20022321428567
2026-05-21,甲鉄城のカバネリ,6,0.0,0.0,0.0,0.0,0.0,0.0,甲鉄城のカバネリ,0,0,0,0,0,2F,N,2F,N,2F_N,0.0,0.0,0.0,0.0,0.0,0.0,0.0,0.0,3,21,0.6451612903225806,1,0,1,0,0,1,1,950.0,950.0,183.3,350.0,50.0,12278.0,7523.0,22966.0,16049.0,0.4642449910408861,0.7576764588594975,0.04789689105634416,0.13084927409807465,538.0857142857145,334.5214285714286,317.26071428571424,420.834866380986,481.4615587795339,0.26383735776129613,0.26269630251626186,1961.0285714285715,2348.485714285714,2705.539285714286,0.27540793266227087,0.1629858903844584,0.12594852606145504,488.4254251715787,349.6377099354794,138.7877152360993,0.23741174863617454,0.15800018098467122,0.07941156765150331,0.0031545741324921135,0.015772870662460567,0.0473186119873817,0.10094637223974763,0.006269592476489028,0.9694189602446484,0.018808777429467086,0.9694189602446484,0.050156739811912224,0.9694189602446484,0.10344827586206896,0.9694189602446484,38.0,38.0,38.0,28.0,317.0,317.0,0,0,,0.0,0.0,0.0,0.0,0,0,197.0,290.0,0,0,-1,0.0,0.1111111111111111,0.044444444444444446,0.2222222222222222,65.0,0.0,766.7,-0.2934314678186114,0.416348099984542,623.1017543859649,0.39454144508089506,0.7894736842105263,814.6280701754386,0.7143145029965701,0.8596491228070176,357.8769423558899,0.6260264650036103,0.7719298245614035,177.20572472848792,0.38711816841324936,0.7192982456140351,0.3806983982104698,0.7222696555840667,0.8596491228070176,0.24443102381769544,1.2815907746626871,0.9210526315789473,326.8982456140351,2716754.0,0.08354659283041635,114,8928.6,0.0,0.42355596781036486,0.20216499227079562,0.3095238095238095,0.39266688410524025,-0.08314307458143078,0.3885596809134291,0.32729039132578697,0.39080650845246556,-0.0635161171266786,0.4002790461694571,0.4680560991519896,0.35095238095238096,1,1,-0.0677770529825325,0.11710371819960863,-0.18488077118214113,1,1,0.8006309148264985,0.5,0.4031545741324921,0.0,0.40946372239747636,0.0,0.8201892744479495,0.5,1.6969085173501577,35,0,0,10.0,11.0,950.0,890.1731837606839
2026-05-21,スマスロ炎炎ノ消防隊2,12,0.0,0.0,0.0,0.0,0.0,0.0,スマスロ炎炎ノ消防隊2,0,0,0,0,0,2F,N,2F,N,2F_N,0.0,0.0,0.0,0.0,0.0,0.0,0.0,0.0,3,21,0.6451612903225806,1,0,1,0,0,1,0,-741.7,825.0,275.0,2100.0,308.3,45967.0,66833.0,79090.0,69887.0,-0.19361716013661975,0.14813041461553425,0.04172461752433936,0.3605820825046146,301.1857142857143,318.45714285714286,210.71428571428572,976.962521336022,797.7781441307777,0.18927832806123066,0.151946455374442,5189.771428571427,5434.3714285714295,5637.442857142857,0.055227711243862075,0.05860591937547225,0.0325698934301965,36.37234160949282,159.57907760563862,-123.2067359961458,-0.0007846421787361876,0.024279854919001878,-0.025064497097738066,0.009259259259259259,0.027777777777777776,0.027777777777777776,0.07407407407407407,0.01818181818181818,0.9152542372881356,0.03636363636363636,0.9152542372881356,0.03636363636363636,0.9152542372881356,0.08181818181818182,0.9152542372881356,37.0,6.0,6.0,6.0,108.0,108.0,0,0,108.0,0.0,0.0,0.0,0.0,0,0,365.0,365.0,0,0,7,0.0,0.0,0.0,0.13333333333333333,39.0,-1566.7,-1016.7,-0.341747574752154,-0.23534177766095912,-1068.598245614035,-0.6766251147068943,0.22807017543859648,689.6280701754386,0.6047070439074893,0.8333333333333334,120.97694235588975,0.21162237240388881,0.6140350877192983,161.14143901420218,0.35202462461205586,0.6754385964912281,-0.2771637529670361,-0.5258413729527036,0.30701754385964913,0.02425080239928665,0.12715081804130438,0.5789473684210527,326.8982456140351,2716754.0,0.08354659283041635,114,8928.6,0.0,0.6165464714551473,0.26148007340616886,0.4404761904761905,0.4741519895629484,-0.033675799086757885,0.40076864535768647,0.5142241210930655,0.491968262725696,0.022255858367369485,0.47130898021308976,0.6682583170254404,0.6523809523809523,1,1,-0.1969493368123506,0.01587736464448808,-0.21282670145683869,1,1,0.8018518518518519,0.5,0.40555555555555556,0.0,0.40555555555555556,0.0,0.8148148148148149,0.5,1.6955555555555557,36,0,0,58.0,60.0,-741.7,-705.1419444444444
2026-05-21,スマスロ秘宝伝,3,0.0,0.0,0.0,0.0,0.0,0.0,スマスロ秘宝伝,0,0,0,0,0,2F,N,2F,N,2F_N,0.0,0.0,0.0,0.0,0.0,0.0,0.0,0.0,3,21,0.6451612903225806,1,0,1,0,0,1,0,-1800.0,-600.0,200.0,-400.0,-200.0,11353.0,2436.0,3258.0,9782.0,-0.47564520391086057,-0.7389162561576355,0.1841620626151013,-0.24534859946841137,-571.4285714285714,30.950000000000014,32.142857142857146,662.8880617275831,1110.9730251866195,0.303224904314372,0.36426852029318796,2971.1857142857148,3147.592857142857,2776.6071428571427,-0.259546676024067,-0.03683987168885629,-0.023905198393561828,-580.15711946578,-89.6325638285922,-490.52455563718786,-0.20207333800833766,-0.06783601539487205,-0.1342373226134656,0.01680672268907563,0.025210084033613446,0.025210084033613446,0.058823529411764705,0.024793388429752067,0.9224806201550387,0.03305785123966942,0.9224806201550387,0.03305785123966942,0.9224806201550387,0.06611570247933884,0.9224806201550387,64.0,39.0,39.0,39.0,119.0,119.0,0,0,119.0,0.0,0.0,0.0,0.0,0,0,365.0,45.0,0,0,7,0.0,0.0,0.0,0.0,99.0,-1200.0,-2000.0,0.2632710522467749,-0.6598072665259619,-2126.898245614035,-1.3467294891370047,0.03508771929824561,-735.3719298245614,-0.6448179897080324,0.17543859649122806,-751.637343358396,-1.314823095139304,0.08771929824561403,-126.36570384294066,-0.27605462462842245,0.3684210526315789,-0.559191796741277,-1.0609113890058128,0.10526315789473684,-0.29052358486864244,-1.5232614108235372,0.07017543859649122,326.8982456140351,2716754.0,0.08354659283041635,114,8928.6,0.0,0.5814431443475702,0.2927552302370781,0.6966731898238747,0.5336175566116858,0.16305563321218897,0.536622152067087,0.6915468726781573,0.5454810505114236,0.1460658221667337,0.5370906718851923,0.4852380952380953,0.5833688699360341,1,1,0.051852576647097026,-0.0981307746979388,0.14998335134503582,1,1,0.8033613445378152,0.5,0.4050420168067227,0.0,0.4050420168067227,0.0,0.8117647058823529,0.5,1.6951260504201682,37,0,0,71.0,71.0,-1800.0,-1509.659099804305
2026-05-21,東京リベンジャーズ,9,0.0,0.0,0.0,0.0,0.0,0.0,東京リベンジャーズ,0,0,0,0,0,2F,N,2F,N,2F_N,0.0,0.0,0.0,0.0,0.0,0.0,0.0,0.0,3,21,0.6451612903225806,1,0,1,0,0,1,0,-88.9,-44.4,-1084.6,-153.8,-266.7,25201.0,14393.0,74890.0,75202.0,-0.03174477203285584,-0.027791287431390258,-0.18827613833622647,-0.0265950373660275,-252.37142857142857,131.87857142857143,74.73571428571431,437.8155460704366,1264.4292900378002,0.17036388758547258,0.221042594895865,3544.2714285714287,4234.635714285714,4410.7357142857145,-0.12539472961204964,-0.04532392818357438,-0.04190960209052886,-168.80418272385117,45.24268775817292,-214.04687048202408,-0.08897099992190222,-0.047037994326067076,-0.04193300559583514,0.015748031496062992,0.015748031496062992,0.031496062992125984,0.06299212598425197,0.01953125,0.9621212121212122,0.01953125,0.9621212121212122,0.03515625,0.9621212121212122,0.06640625,0.9621212121212122,11.0,11.0,11.0,11.0,254.0,254.0,0,0,254.0,0.0,0.0,0.0,-4.0,0,0,365.0,10.0,0,0,7,0.0,0.027777777777777776,0.0,0.08333333333333333,148.0,-44.50000000000001,995.6999999999999,-0.003953484601465582,0.15653136630337064,-415.79824561403507,-0.26327905439509625,0.42105263157894735,-179.7719298245614,-0.1576347555488858,0.5087719298245614,-432.5802005012531,-0.756703273386776,0.20175438596491227,-25.437132414369245,-0.055569176024214906,0.5,-0.11529136486327218,-0.21873339836217487,0.42105263157894735,-0.15637163845662508,-0.8198813969472545,0.17543859649122806,326.8982456140351,2716754.0,0.08354659283041635,114,8928.6,0.0,0.5206157981807338,0.27643141358088497,0.6547619047619049,0.549113937812568,0.10564796694933687,0.45813425834684046,0.6324065380918246,0.5421683965554716,0.09023814153635301,0.5426433282597666,0.45196347031963474,0.509047619047619,1,1,0.09067985794013184,-0.05708414872798423,0.14776400666811607,1,1,0.8031496062992126,0.5,0.4031496062992126,0.0,0.4062992125984252,0.0,0.8125984251968504,0.5,1.694488188976378,38,0,0,44.0,44.0,-88.9,-75.15519005847952
2026-05-21,咲‐Saki‐ 頂上決戦,2,0.0,0.0,0.0,0.0,0.0,0.0,咲‐Saki‐ 頂上決戦,0,0,0,0,0,2F,N,2F,N,2F_N,0.0,0.0,0.0,0.0,0.0,0.0,0.0,0.0,3,21,0.6451612903225806,1,0,1,0,0,1,1,-950.0,-1200.0,-50.0,-1500.0,150.0,3561.0,3488.0,4001.0,9395.0,-0.5335579893288402,-0.6880733944954128,-0.02499375156210947,-0.31931878658861096,-28.571428571428637,-46.42857142857143,-182.14285714285714,1567.6035699056545,1441.4821813400536,0.4762684439990663,0.5103887228815379,3129.714285714286,2686.75,2586.785714285714,-0.10145761749766159,-0.2050645000577494,-0.20936369824265966,-70.79410138402613,-108.80870661118175,38.01460522715561,-0.14497679315704548,-0.17620309936513115,0.03122630620808567,0.0,0.015873015873015872,0.03968253968253968,0.07936507936507936,0.0078125,0.9264705882352942,0.0234375,0.9264705882352942,0.046875,0.9264705882352942,0.0859375,0.9264705882352942,365.0,198.0,167.0,167.0,126.0,126.0,0,0,,0.0,0.0,0.0,0.0,0,0,365.0,226.0,0,0,-1,0.0,0.0,0.0,0.05555555555555555,129.0,250.0,-900.0,0.15451540516657258,-0.5085642377667308,-1276.8982456140352,-0.8085184731060175,0.18859649122807018,-1335.3719298245614,-1.1709337933356205,0.09649122807017543,-208.7802005012532,-0.3652147300190362,0.3333333333333333,-203.7442752715121,-0.44509346855831494,0.2807017543859649,-0.6171045821592566,-1.1707848420447011,0.07017543859649122,-0.132434526342237,-0.6943753070134885,0.21052631578947367,326.8982456140351,2716754.0,0.08354659283041635,114,8928.6,0.0,0.6374657915695426,0.32778242185994255,0.6109890109890109,0.66990231990232,-0.05891330891330904,0.6525752643825643,0.6424553154662463,0.6478498359987245,-0.005394520532478131,0.6384696784696786,0.6912646649822747,0.515809811827957,1,1,-0.052794986512596065,0.17545485315431764,-0.2282498396669137,1,1,0.8,0.5,0.4031746031746032,0.0,0.40793650793650793,0.0,0.8158730158730159,0.5,1.6936507936507939,39,0,0,60.0,59.0,-950.0,-733.028
2026-05-21,バベル,3,0.0,0.0,0.0,0.0,0.0,0.0,バベル,0,0,0,0,0,2F,N,2F,N,2F_N,0.0,0.0,0.0,0.0,0.0,0.0,0.0,0.0,3,21,0.6451612903225806,1,0,1,0,0,1,0,66.7,-400.0,0.0,0.0,-300.0,8698.0,6357.0,0.0,0.0,0.022993791676247412,-0.18876828692779613,0.0,0.0,252.38571428571427,52.791666666666636,52.791666666666636,1016.5197660458475,1232.2712396652212,0.5446641756600825,0.5508500114421117,2068.0428571428574,2352.3333333333335,2352.3333333333335,0.05537645465453295,-0.03504092083531378,-0.03504092083531378,117.90865926742553,445.02169248869274,-327.1130332212672,0.016490689640522707,0.06829696609484186,-0.05180627645431915,0.0,0.0,0.0,0.16666666666666666,0.07142857142857142,0.5454545454545454,0.07142857142857142,0.5454545454545454,0.07142857142857142,0.5454545454545454,0.21428571428571427,0.5454545454545454,365.0,365.0,365.0,219.0,12.0,12.0,0,0,12.0,0.0,0.0,0.0,0.0,0,0,365.0,365.0,0,0,4,0.0,0.0,0.0,0.0,110.0,466.7,66.7,0.21176207860404353,0.022993791676247412,-260.1982456140351,-0.16475477898989435,0.5175438596491229,-535.3719298245614,-0.46944605516550303,0.2631578947368421,72.17694235588971,0.12625757831834045,0.5789473684210527,-104.52403717627405,-0.22833999233847924,0.38596491228070173,-0.06055280115416894,-0.1148821509096365,0.5175438596491229,0.024399545809957523,0.12793070342545199,0.5877192982456141,326.8982456140351,2716754.0,0.08354659283041635,114,8928.6,0.0,0.5349462365591399,0.3420677919571695,0.49308755760368667,0.5349462365591399,-0.0418586789554532,0.8870967741935484,0.49263947625314036,0.3852491850162654,0.10739029123687494,0.5349462365591399,0.5,0.5,0,0,0.0,0.0,0.0,1,1,0.8,0.5,0.4,0.0,0.4,0.0,0.8333333333333334,0.5,1.6933333333333334,40,0,0,28.0,28.0,66.7,86.00944700460829
2026-05-21,スマスロ北斗の拳,9,0.0,0.0,0.0,0.0,0.0,0.0,スマスロ北斗の拳,0,0,0,0,0,2F,N,2F,N,2F_N,0.0,0.0,0.0,0.0,0.0,0.0,0.0,0.0,3,21,0.6451612903225806,1,0,1,0,0,1,1,-566.7,444.4,3577.8,866.7,611.1,22973.0,16983.0,48375.0,45130.0,-0.22199973882383667,0.2355296472943532,0.6656330749354005,0.1728340350099712,330.142857142857,686.5,396.825,678.3561720736936,1155.9916622004343,0.25462861692195754,0.2611962958939781,3055.7571428571428,3506.878571428572,3596.2964285714284,0.10946108975777225,0.15430744771764027,0.07761231847279093,136.67926280676647,402.83082819090515,-266.1515653841387,0.015990883822126267,0.09164012275397915,-0.07564923893185288,0.006309148264984227,0.025236593059936908,0.031545741324921134,0.04416403785488959,0.009404388714733543,0.9694189602446484,0.02821316614420063,0.9694189602446484,0.034482758620689655,0.9694189602446484,0.047021943573667714,0.9694189602446484,49.0,9.0,9.0,9.0,317.0,317.0,0,0,,0.0,0.0,0.0,0.0,0,0,365.0,31.0,0,0,-1,0.022222222222222223,0.044444444444444446,0.044444444444444446,0.044444444444444446,39.0,-1011.1,-4144.5,-0.45752938611818983,-0.8876328137592371,-893.5982456140351,-0.5658169643475736,0.27631578947368424,309.0280701754386,0.2709742524730559,0.7280701754385965,149.93408521303243,0.26227648177490914,0.631578947368421,529.1842961570593,1.15603971483006,0.9210526315789473,-0.30554633165425304,-0.5796894464654019,0.2631578947368421,0.07848418091319682,0.41150505629076634,0.7368421052631579,326.8982456140351,2716754.0,0.08354659283041635,114,8928.6,0.0,0.3872731217708409,0.2890713944033049,0.40079365079365076,0.4098241465535986,-0.009030495759947854,0.39476740240744235,0.49912494076249014,0.3982821679755881,0.10084277278690207,0.4277080162354135,0.34015655577299414,0.3180952380952381,1,1,0.08755146046241935,0.022061317677756043,0.06549014278466331,1,1,0.8012618296529969,0.5,0.4050473186119874,0.0,0.40630914826498427,0.0,0.808832807570978,0.5,1.6926182965299685,41,0,0,55.0,57.0,-566.7,-527.807821637427
2026-05-21,化物語,17,0.0,0.0,0.0,0.0,0.0,0.0,化物語,0,0,0,0,0,2F,N,2F,N,2F_N,0.0,0.0,0.0,0.0,0.0,0.0,0.0,0.0,3,21,0.6451612903225806,1,0,1,0,0,1,0,188.2,-258.8,-11.8,1000.0,-276.5,26562.0,16271.0,60036.0,80287.0,0.12047285595964159,-0.27041976522647654,-0.003331334532613765,0.21174038138179282,223.52857142857144,110.0857142857143,184.66428571428568,503.45767685174127,466.02882851921254,0.28351873119488935,0.23249573461290746,2095.1857142857143,2529.25,3071.085714285714,0.0035701791291359525,0.008490336463387633,0.041271646228115036,257.03215618513775,178.62290128039768,78.40925490474007,0.05980706238665637,0.027856743788007836,0.03195031859864853,0.0,0.018404907975460124,0.04294478527607362,0.05521472392638037,0.006060606060606061,0.9421965317919075,0.024242424242424242,0.9421965317919075,0.048484848484848485,0.9421965317919075,0.06060606060606061,0.9421965317919075,365.0,30.0,17.0,17.0,163.0,163.0,0,0,163.0,0.0,0.0,0.0,0.0,0,0,45.0,365.0,0,0,7,0.0,0.043478260869565216,0.043478260869565216,0.043478260869565216,103.0,447.0,200.0,0.3908926211861181,0.12380419049225536,-138.6982456140351,-0.08782226316899441,0.5526315789473685,-394.1719298245614,-0.3456334693784773,0.3684210526315789,43.319799498746875,0.07577839680405257,0.5526315789473685,-47.229989557226375,-0.1031771805317476,0.43859649122807015,0.03692626312922524,0.07005734586150579,0.6228070175438597,-0.027406729715439473,-0.14369784742700148,0.47368421052631576,326.8982456140351,2716754.0,0.08354659283041635,114,8928.6,0.0,0.5724464897568542,0.22405806467933545,0.4642857142857143,0.4564443357251577,0.007841378560556611,0.6343089550856645,0.4389285490104993,0.4733355641764875,-0.03440701516598815,0.45660832064941653,0.5348075668623614,0.4914285714285714,1,1,-0.07819924621294488,0.043378995433790035,-0.12157824164673492,1,1,0.8,0.5,0.403680981595092,0.0,0.40858895705521475,0.0,0.8110429447852762,0.5,1.692515337423313,42,0,0,32.0,32.0,188.2,187.74432539682536
2026-05-21,ゴッドイーター リザレクション,10,0.0,0.0,0.0,0.0,0.0,0.0,ゴッドイーター リザレクション,0,0,0,0,0,2F,N,2F,N,2F_N,0.0,0.0,0.0,0.0,0.0,0.0,0.0,0.0,3,21,0.6451612903225806,1,0,1,0,0,1,1,120.0,10.0,20.0,-210.0,-70.0,23072.0,19662.0,43792.0,33425.0,0.052011095700416086,0.005085952598921778,0.004567044208987943,-0.06282722513089005,-21.428571428571427,69.28571428571422,219.51785714285714,1045.4094663723677,862.3533479399806,0.2984082789676456,0.2668047493265946,2733.7999999999997,3048.1357142857146,3079.378571428572,-0.03419484317301006,-0.0014635341419592458,0.060878701125420695,-44.51129988670442,120.0029171703505,-164.5142170570549,-0.031012974512688883,0.023457131979779937,-0.05447010649246882,0.00946372239747634,0.01892744479495268,0.025236593059936908,0.050473186119873815,0.012539184952978056,0.9694189602446484,0.0219435736677116,0.9694189602446484,0.02821316614420063,0.9694189602446484,0.05329153605015674,0.9694189602446484,23.0,23.0,23.0,16.0,317.0,317.0,0,0,,0.0,0.0,0.0,0.0,0,0,80.0,24.0,0,0,-1,0.0,0.022222222222222223,0.022222222222222223,0.022222222222222223,119.0,110.0,100.0,0.04692514310149431,0.04744405149142814,-206.8982456140351,-0.13100578233759833,0.543859649122807,-125.37192982456139,-0.10993358935331782,0.5263157894736842,-201.63734335839598,-0.3527198831095589,0.34210526315789475,-88.02998955722646,-0.19230760391654847,0.40350877192982454,-0.03153549713000026,-0.05982986205832481,0.543859649122807,-0.06517175201758549,-0.341705872068991,0.30701754385964913,326.8982456140351,2716754.0,0.08354659283041635,114,8928.6,0.0,0.52184244639028,0.2895201992972383,0.5912698412698412,0.4966568819308545,0.09461295933898667,0.5666546938941184,0.5778420118039679,0.5086704934768254,0.06917151832714252,0.4877473363774733,0.4846771037181996,0.52,1,1,0.0030702326592736973,-0.03532289628180041,0.038393128941074106,1,1,0.8018927444794953,0.5,0.4037854889589906,0.0,0.4050473186119874,0.0,0.8100946372239748,0.5,1.69198738170347,43,0,0,33.0,33.0,120.0,122.48816137566136
2026-05-21,クレアの秘宝伝 ～はじまりの扉と太陽の石～ ボーナストリガーver.,1,0.0,0.0,0.0,0.0,0.0,0.0,クレアの秘宝伝 ～はじまりの扉と太陽の石～ ボーナストリガーver.,0,0,0,1,1,2F,A,2F,A,2F_A,0.0,0.0,0.0,0.0,0.0,0.0,0.0,0.0,3,21,0.6451612903225806,1,0,1,0,1,0,0,2800.0,-300.0,900.0,-500.0,400.0,7830.0,4995.0,6432.0,2533.0,0.35759897828863346,-0.06006006006006006,0.13992537313432835,-0.1973943939992104,371.42857142857144,507.14285714285717,103.57142857142857,1667.0475755201521,1529.4364400575223,0.5101985730832536,0.5226035683992705,4101.285714285715,4309.5,3813.1071428571427,-0.1537970129021339,-0.1257898823576388,-0.2095582994636945,495.54519858610746,239.97151205639014,255.57368652971732,-0.1710276118816494,-0.20069973913963307,0.029672127257983683,0.00819672131147541,0.020491803278688523,0.020491803278688523,0.05327868852459016,0.012195121951219513,0.9606299212598425,0.024390243902439025,0.9606299212598425,0.024390243902439025,0.9606299212598425,0.056910569105691054,0.9606299212598425,62.0,22.0,22.0,22.0,244.0,244.0,0,0,244.0,0.0,0.0,0.0,0.0,0,0,365.0,45.0,0,0,7,0.02857142857142857,0.05714285714285714,0.05714285714285714,0.08571428571428572,116.0,3100.0,1900.0,0.4176590383486935,0.21767360515430512,2473.101754385965,1.565941891736573,0.9122807017543859,-435.3719298245614,-0.3817600878942383,0.32456140350877194,191.21979949874688,0.3344966969116877,0.6754385964912281,349.8271532999165,0.764221624635322,0.8333333333333334,0.2740523854582171,0.5199384157835805,0.8070175438596491,-0.18477392174670934,-0.9687990902719634,0.13157894736842105,326.8982456140351,2716754.0,0.08354659283041635,114,8928.6,0.0,0.5463087072088151,0.2712703105761512,0.47619047619047616,0.5294969015003261,-0.05330642530984997,0.5887722930002591,0.47285440706964166,0.5227992575441998,-0.0499448504745581,0.5394025875190259,0.5713502935420743,0.518095238095238,1,1,-0.03194770602304842,0.053255055446836286,-0.0852027614698847,1,1,0.8016393442622951,0.5,0.40409836065573773,0.0,0.40409836065573773,0.0,0.8106557377049181,0.5,1.691639344262295,44,0,0,7.0,8.0,2800.0,2004.2680555555553
2026-05-21,虚構推理,5,0.0,0.0,0.0,0.0,0.0,0.0,虚構推理,0,0,0,0,0,2F,N,2F,N,2F_N,0.0,0.0,0.0,0.0,0.0,0.0,0.0,0.0,3,21,0.6451612903225806,1,0,1,0,0,1,0,1820.0,360.0,-2640.0,-1720.0,-780.0,18023.0,11395.0,32155.0,26450.0,0.5049103922765356,0.15796401930671347,-0.4105115845125175,-0.32514177693761814,122.85714285714286,-321.42857142857144,-159.28571428571428,954.2486448460256,1055.4609429996935,0.2811694025215879,0.24251481436640346,3646.4857142857145,4186.642857142857,4815.135714285715,0.01578943544129455,-0.07523937694067238,-0.032269672941628934,254.86010818496453,-178.02005799263551,432.8801661776,0.05842988097318434,-0.03805245586385894,0.09648233683704328,0.0,0.022222222222222223,0.022222222222222223,0.06666666666666667,0.02127659574468085,0.8181818181818182,0.0425531914893617,0.8181818181818182,0.0425531914893617,0.8181818181818182,0.0851063829787234,0.8181818181818182,365.0,35.0,35.0,23.0,45.0,45.0,0,0,45.0,0.0,0.0,0.0,0.0,0,0,365.0,365.0,0,0,6,0.0,0.16666666666666666,0.16666666666666666,0.16666666666666666,158.0,1460.0,4460.0,0.3469463729698221,0.915421976789053,1493.1017543859648,0.945416249724376,0.868421052631579,224.6280701754386,0.19696729609610855,0.7017543859649122,-57.3516290726817,-0.10032397553811924,0.5175438596491229,-478.74427527151215,-1.0458499987254766,0.12280701754385964,0.42136379944611924,0.7994209792637171,0.8771929824561403,-0.015187473403280874,-0.07963034110840475,0.4824561403508772,326.8982456140351,2716754.0,0.08354659283041635,114,8928.6,0.0,0.6000718755284965,0.2977055226426134,0.5178571428571429,0.5475714829310719,-0.029714340073929035,0.43880010147133436,0.49467029608410257,0.6011869465251217,-0.10651665044101916,0.5676877219685438,0.6648401826484018,0.5,1,0,-0.09715246067985805,0.0,-0.09715246067985805,1,1,0.8,0.5,0.40444444444444444,0.0,0.40444444444444444,0.0,0.8133333333333334,0.5,1.6915555555555555,45,0,0,6.0,6.0,1820.0,1670.2046717171718
2026-05-21,マギアレコード 魔法少女まどか☆マギカ外伝,24,0.0,0.0,0.0,0.0,0.0,0.0,マギアレコード 魔法少女まどか☆マギカ外伝,0,0,0,0,0,2F,N,2F,N,2F_N,0.0,0.0,0.0,0.0,0.0,0.0,0.0,0.0,3,21,0.6451612903225806,1,0,1,0,0,1,1,570.8,695.8,1154.2,729.2,-300.0,50996.0,32716.0,99730.0,103425.0,0.26864852145266294,0.5104536006846803,0.27774992479695176,0.1692047377326565,110.71428571428535,163.10000000000008,187.05357142857147,421.6336262229355,455.51860385887545,0.2366678123442888,0.18918504189074833,2751.0857142857144,2986.878571428572,3298.1821428571425,0.0758801304713348,0.06441497039629873,0.05976084433736056,135.83181358851058,156.2156517972578,-20.38383820874722,0.06402675352157285,0.06090035273937555,0.0031264007821972944,0.00946372239747634,0.022082018927444796,0.022082018927444796,0.025236593059936908,0.012539184952978056,0.9694189602446484,0.025078369905956112,0.9694189602446484,0.025078369905956112,0.9694189602446484,0.02821316614420063,0.9694189602446484,139.0,139.0,139.0,53.0,317.0,317.0,0,0,,0.0,0.0,0.0,0.0,0,0,365.0,80.0,0,0,-1,0.0,0.0,0.0,0.0,44.0,-125.0,-583.4000000000001,-0.24180507923201733,-0.009101403344288828,243.90175438596486,0.1544360129880123,0.6754385964912281,560.4280701754385,0.49141677419301527,0.7982456140350878,-69.49448621553921,-0.12156521528423114,0.5,5.784296157059401,0.012636195231906372,0.5526315789473685,0.1851019286222466,0.35117958694437124,0.7456140350877193,0.044903221626759374,0.23543474020061259,0.6228070175438597,326.8982456140351,2716754.0,0.08354659283041635,114,8928.6,0.0,0.46864550264594285,0.19924998853130327,0.49603174603174605,0.4386143726897152,0.05741737334203084,0.4301457109326073,0.48684945344878183,0.451923759376054,0.03492569407272783,0.4203323186199899,0.43383561643835616,0.47809523809523813,1,1,-0.013503297818366289,-0.044259621656881964,0.030756323838515676,1,1,0.8018927444794953,0.5,0.404416403785489,0.0,0.404416403785489,0.0,0.8050473186119874,0.5,1.6900946372239751,46,0,0,22.0,21.0,570.8,562.6663548752833
2026-05-21,押忍!番長ZERO,2,0.0,0.0,0.0,0.0,0.0,0.0,押忍!番長ZERO,0,0,0,0,0,2F,N,2F,N,2F_N,0.0,0.0,0.0,0.0,0.0,0.0,0.0,0.0,3,21,0.6451612903225806,1,0,1,0,0,1,1,300.0,-50.0,650.0,1050.0,2050.0,863.0,3405.0,5222.0,4974.0,0.6952491309385863,-0.02936857562408223,0.248946763692072,0.4221954161640531,578.5714285714286,528.5714285714286,441.07142857142856,1113.1251587524278,1322.2524903934382,0.4274039102051389,0.43280321627288276,2769.214285714286,3010.1785714285716,3218.25,0.1563850158154911,0.11261672980189737,0.08843313037827838,738.3233663154405,521.5247546098257,216.7986117056148,0.27472559138149566,0.13362647159965024,0.14109911978184542,0.0,0.0,0.03260869565217391,0.07608695652173914,0.010638297872340425,0.9019607843137255,0.010638297872340425,0.9019607843137255,0.0425531914893617,0.9019607843137255,0.0851063829787234,0.9019607843137255,365.0,365.0,239.0,239.0,92.0,92.0,0,0,,0.0,0.0,0.0,0.0,0,0,365.0,290.0,0,0,-1,0.0,0.07692307692307693,0.0,0.15384615384615385,97.0,350.0,-350.0,0.7246177065626686,0.4463023672465143,-26.89824561403509,-0.017031684825153968,0.5964912280701754,-185.3719298245614,-0.16254516971607663,0.4956140350877193,398.36265664160396,0.6968472572865266,0.8070175438596491,371.25572472848785,0.8110338217912044,0.8596491228070176,0.61170253810817,1.160535961265142,0.9035087719298246,0.12540810697091567,0.657534671546884,0.7982456140350878,326.8982456140351,2716754.0,0.08354659283041635,114,8928.6,0.0,0.4469308355557895,0.296492940246596,0.41517857142857145,0.4564732142857143,-0.04129464285714285,0.3237741484033857,0.37348154292114716,0.45089556656210866,-0.0774140236409615,0.4609375,0.4828290343915344,0.40071025020177564,1,1,-0.021891534391534406,0.08211878418975876,-0.10401031858129317,1,1,0.8,0.5,0.4,0.0,0.4065217391304348,0.0,0.8152173913043479,0.5,1.6900000000000002,47,0,0,21.0,23.0,300.0,283.66
2026-05-21,機動戦士ガンダムユニコーン 覚醒DRIVE,6,0.0,0.0,0.0,0.0,0.0,0.0,機動戦士ガンダムユニコーン 覚醒DRIVE,0,0,0,0,0,2F,N,2F,N,2F_N,0.0,0.0,0.0,0.0,0.0,0.0,0.0,0.0,3,21,0.6451612903225806,1,0,1,0,0,1,0,-1016.7,-283.3,-678.6,-785.7,16.7,8888.0,3139.0,46617.0,51375.0,-0.6863186318631863,-0.5415737496017841,-0.20378831756655297,-0.2141119221411192,-369.0428571428571,-243.37142857142857,-409.95,376.7041361472905,697.1487595678792,0.290989740934056,0.4178926573486908,1404.2142857142858,1788.4357142857145,2573.078571428571,-0.3044398707585038,-0.14082338720510879,-0.1581149053114616,-385.5932994247439,-386.4136032980293,0.8203038732853543,-0.26970885776259024,-0.18405732042519257,-0.08565153733739767,0.0,0.0,0.03225806451612903,0.06451612903225806,0.030303030303030304,0.7560975609756098,0.030303030303030304,0.7560975609756098,0.06060606060606061,0.7560975609756098,0.09090909090909091,0.7560975609756098,365.0,365.0,29.0,10.0,31.0,31.0,0,0,31.0,0.0,0.0,0.0,-8.0,0,0,365.0,10.0,0,0,6,0.0,0.0,0.0,0.0,172.0,-733.4000000000001,-338.1,-0.14474488226140225,-0.48253031429663334,-1343.598245614035,-0.8507522081286844,0.16666666666666666,-418.6719298245614,-0.36711653135993716,0.3508771929824561,-549.2516290726817,-0.9607941028061767,0.14035087719298245,-400.6871324143692,-0.8753287685523143,0.16666666666666666,-0.7698652246936026,-1.4606058058016445,0.03508771929824561,-0.33541677960307925,-1.7586435784312833,0.05263157894736842,326.8982456140351,2716754.0,0.08354659283041635,114,8928.6,0.0,0.6453331369372024,0.24555124610166643,0.7043650793650793,0.673380082626658,0.030984996738421255,0.8369482496194824,0.6919638388528464,0.6931459332353899,-0.0011820943825434638,0.6344241501775748,0.5,0.5,0,0,0.0,0.0,0.0,1,1,0.8,0.5,0.4,0.0,0.40645161290322585,0.0,0.8129032258064517,0.5,1.6890322580645163,48,0,0,62.0,62.0,-1016.7,-925.242200854701
2026-05-21,ヨルムンガンド,5,0.0,0.0,0.0,0.0,0.0,0.0,ヨルムンガンド,0,0,0,0,0,2F,N,2F,N,2F_N,0.0,0.0,0.0,0.0,0.0,0.0,0.0,0.0,3,21,0.6451612903225806,1,0,1,0,0,1,0,2940.0,-360.0,-200.0,240.0,280.0,6138.0,3159.0,19809.0,19710.0,2.3949169110459434,-0.5698005698005698,-0.050482104094098645,0.060882800608828,374.2857142857143,272.85714285714283,-155.71428571428572,1502.3410303351804,1133.4523747005362,1.0317133494061015,0.7432370425361547,1872.9428571428568,2408.957142857143,2945.1500000000005,0.2574957313134231,0.17258313911314588,0.008146652642314622,777.5373680055468,63.90972859454857,713.6276394109982,0.6147331799711453,0.1522814299238872,0.4624517500472581,0.0,0.0,0.044444444444444446,0.044444444444444446,0.02127659574468085,0.8181818181818182,0.02127659574468085,0.8181818181818182,0.06382978723404255,0.8181818181818182,0.06382978723404255,0.8181818181818182,365.0,365.0,1.0,1.0,45.0,45.0,0,0,45.0,0.0,0.0,0.0,0.0,0,0,365.0,365.0,0,0,6,0.0,0.0,0.0,0.0,134.0,3300.0,3140.0,2.964717480846513,2.445399015140042,2613.101754385965,1.6545884120240297,0.9385964912280702,-495.3719298245614,-0.43437166825699713,0.2894736842105263,194.0769423558897,0.33949463567547855,0.6842105263157895,115.54143901420215,0.2524082690643374,0.6491228070175439,2.311370318215527,4.385184312600692,1.0,0.2265188224688477,1.187674251121448,0.8947368421052632,326.8982456140351,2716754.0,0.08354659283041635,114,8928.6,0.0,0.6526255707762557,0.2958931950303739,0.4563492063492064,0.5615826810176126,-0.10523347466840616,0.6069888381532217,0.3588092173816768,0.550433909955832,-0.19162469257415515,0.5606735159817352,0.8365296803652967,0.5,1,0,-0.27585616438356153,0.0,-0.27585616438356153,1,1,0.8,0.5,0.4,0.0,0.4088888888888889,0.0,0.8088888888888889,0.5,1.688888888888889,49,0,0,3.0,3.0,2940.0,2688.3864898989896
2026-05-21,転生したら剣でした,5,0.0,0.0,0.0,0.0,0.0,0.0,転生したら剣でした,0,0,0,0,0,2F,N,2F,N,2F_N,0.0,0.0,0.0,0.0,0.0,0.0,0.0,0.0,3,21,0.6451612903225806,1,0,1,0,0,1,1,-600.0,-580.0,-360.0,1440.0,-660.0,13051.0,15574.0,19393.0,7240.0,-0.22986744310780782,-0.1862077822011044,-0.09281699582323519,0.994475138121547,65.71428571428571,-128.57142857142858,-229.28571428571428,1020.5694022269647,810.0793611915877,0.3876639985793037,0.3178929528181546,3029.8571428571427,2973.7428571428572,2831.9428571428575,0.02256371696779422,-0.018482654991193483,-0.05391070489407257,-71.14678685967934,-133.43063799336846,62.283851133689126,-0.011992087663039212,-0.024953298241201002,0.01296121057816179,0.0,0.0,0.015625,0.078125,0.015151515151515152,0.8648648648648649,0.015151515151515152,0.8648648648648649,0.030303030303030304,0.8648648648648649,0.09090909090909091,0.8648648648648649,365.0,365.0,230.0,230.0,64.0,64.0,0,0,,0.0,0.0,0.0,0.0,0,0,365.0,255.0,0,0,-1,0.0,0.0,0.0,0.0,150.0,-20.0,-240.0,-0.043659660906703424,-0.13705044728457264,-926.8982456140351,-0.5869021723873757,0.25877192982456143,-715.3719298245614,-0.6272807962537795,0.19298245614035087,-114.49448621553886,-0.20028275081393693,0.4649122807017544,-285.88713241436926,-0.6245402243225321,0.21052631578947367,-0.31341403593822414,-0.5946162338911778,0.2543859649122807,-0.008413191876781204,-0.0441117045060189,0.49122807017543857,326.8982456140351,2716754.0,0.08354659283041635,114,8928.6,0.0,0.6170906187996031,0.2555325531736732,0.6049107142857143,0.6389508928571429,-0.0340401785714286,0.7857142857142857,0.6337227252260214,0.6309905722032807,0.0027321530227406576,0.6453125,0.6002480158730159,0.5,1,0,0.04506448412698405,0.0,0.04506448412698405,1,1,0.8,0.5,0.4,0.0,0.403125,0.0,0.815625,0.5,1.6881250000000003,50,0,0,53.0,53.0,-600.0,-525.6090909090908
2026-05-21,翔べ！ハーレムエース,1,0.0,0.0,0.0,0.0,0.0,0.0,翔べ！ハーレムエース,0,0,0,1,1,2F,A,2F,A,2F_A,0.0,0.0,0.0,0.0,0.0,0.0,0.0,0.0,3,21,0.6451612903225806,1,0,1,0,1,0,1,2800.0,-1700.0,1900.0,-1166.7,-1300.0,7761.0,6302.0,6726.0,12033.0,0.36077825022548643,-0.2697556331323389,0.2824858757062147,-0.29086678301337987,-100.0,185.71428571428572,223.80357142857142,1530.795000427338,1577.6599725577714,0.24524005871079124,0.29436746991714213,4685.714285714285,5088.285714285715,4911.878571428571,-0.042343222417173414,-0.02360712314886515,0.014611181506419357,383.37867064730403,234.94477488117843,148.4338957661256,0.013203251015778156,0.0006846375561405799,0.012518613459637576,0.0,0.0,0.012987012987012988,0.07792207792207792,0.012658227848101266,0.8850574712643678,0.012658227848101266,0.8850574712643678,0.02531645569620253,0.8850574712643678,0.08860759493670886,0.8850574712643678,365.0,365.0,308.0,242.0,77.0,77.0,0,0,,0.0,0.0,0.0,0.0,0,0,365.0,255.0,0,0,-1,0.0,0.09090909090909091,0.0,0.09090909090909091,117.0,4500.0,900.0,0.6305338833578253,0.07829237451927173,2473.101754385965,1.565941891736573,0.9122807017543859,-1835.3719298245614,-1.6093636296919438,0.03508771929824561,-280.2087719298246,-0.49016319911380823,0.2894736842105263,28.398581871345044,0.06203866729708111,0.5701754385964912,0.27723165739507005,0.5259702027772557,0.8157894736842105,-0.07332013126174884,-0.3844291217803751,0.2982456140350877,326.8982456140351,2716754.0,0.08354659283041635,114,8928.6,0.0,0.4708109283775143,0.3222737547883973,0.5803571428571429,0.49330357142857145,0.08705357142857145,0.5111175312446499,0.5010849593471244,0.49723835085354096,0.0038466084935834255,0.48854166666666665,0.5068410344363734,0.3759388501163177,1,1,-0.018299367769706754,0.13090218432005568,-0.14920155208976243,1,1,0.8,0.5,0.4,0.0,0.4025974025974026,0.0,0.8155844155844156,0.5,1.6877922077922078,51,0,0,4.0,4.0,2800.0,1972.44375
2026-05-21,範馬刃牙,2,0.0,0.0,0.0,0.0,0.0,0.0,範馬刃牙,0,0,0,0,0,2F,N,2F,N,2F_N,0.0,0.0,0.0,0.0,0.0,0.0,0.0,0.0,3,21,0.6451612903225806,1,0,1,0,0,1,0,1950.0,-250.0,-425.0,275.0,-900.0,3074.0,2320.0,4461.0,3516.0,1.2687052700065062,-0.21551724137931033,-0.3810804752297691,0.31285551763367464,-71.42857142857143,169.64285714285714,197.32142857142858,1201.6853244704373,1009.0064882876588,0.8619257176638409,0.7717689737142512,1151.357142857143,1272.6214285714286,1550.5214285714285,-0.057161403220093936,0.11152118380806618,0.14064106053704775,122.57450237374366,137.2954020975728,-14.720899723829149,0.15160321374985292,0.11412120532802185,0.03748200842183107,0.0,0.0,0.011904761904761904,0.07142857142857142,0.011627906976744186,0.8936170212765957,0.011627906976744186,0.8936170212765957,0.023255813953488372,0.8936170212765957,0.08139534883720931,0.8936170212765957,365.0,365.0,100.0,25.0,84.0,84.0,0,0,84.0,0.0,0.0,0.0,-2.0,0,0,365.0,31.0,0,0,6,0.0,0.0,0.0,0.08333333333333333,72.0,2200.0,2375.0,1.4842225113858165,1.6497857452362754,1623.1017543859648,1.0277308757055859,0.8859649122807017,-385.3719298245614,-0.337917104258606,0.3815789473684211,-251.63734335839598,-0.44018381147589936,0.30701754385964913,12.32715329991646,0.026929519430169045,0.5614035087719298,1.1851586771760898,2.248509984807446,0.9649122807017544,-0.08813831206466936,-0.4621232029886208,0.2719298245614035,326.8982456140351,2716754.0,0.08354659283041635,114,8928.6,0.0,0.5413638057962912,0.31092776779328557,0.5420743639921722,0.44092815208275093,0.1011462119094213,0.5107632093933464,0.4894387464659929,0.46895224367964805,0.02048650278634484,0.44248532289628184,0.5704761904761905,0.6285714285714286,1,1,-0.12799086757990863,-0.05809523809523809,-0.06989562948467054,1,1,0.8,0.5,0.4,0.0,0.4023809523809524,0.0,0.8142857142857143,0.5,1.6871428571428573,52,0,0,4.0,4.0,1950.0,1611.674794520548
2026-05-21,荒野のコトブキ飛行隊,4,0.0,0.0,0.0,0.0,0.0,0.0,荒野のコトブキ飛行隊,0,0,0,0,0,2F,N,2F,N,2F_N,0.0,0.0,0.0,0.0,0.0,0.0,0.0,0.0,3,21,0.6451612903225806,1,0,1,0,0,1,0,0.0,0.0,0.0,450.0,0.0,0.0,0.0,0.0,8838.0,0.0,0.0,0.0,0.20366598778004075,0.0,0.0,-125.0,0.0,0.0,0.0,0.0,0.0,0.0,635.8464285714286,0.0,0.0,-0.10339167305014353,-1.7545371565430077,-67.3617564225224,65.6072192659794,-0.0020214985362543244,-0.044998620975225424,0.0429771224389711,0.0,0.0,0.0,0.08,0.019230769230769232,0.8333333333333334,0.019230769230769232,0.8333333333333334,0.019230769230769232,0.8333333333333334,0.09615384615384616,0.8333333333333334,365.0,365.0,365.0,193.0,50.0,50.0,0,0,50.0,0.0,0.0,0.0,0.0,0,0,365.0,365.0,0,0,6,0.0,0.0,0.0,0.0,109.0,0.0,0.0,0.0,0.0,-326.8982456140351,-0.20698851401256121,0.4824561403508772,-135.3719298245614,-0.11870218608044429,0.5175438596491229,-180.20877192982456,-0.31523534238112727,0.38596491228070173,-157.31570384294068,-0.34366704138723575,0.32456140350877194,-0.08354659283041635,-0.15850649520066076,0.4824561403508772,-0.030976908844575424,-0.16241686502276487,0.45614035087719296,326.8982456140351,2716754.0,0.08354659283041635,114,8928.6,0.0,0.6014298124462059,0.06026794971129575,0.5384615384615384,0.5832286760858189,-0.04476713762428042,0.6550096793656512,0.5301787211299802,0.5803747988732028,-0.050196077743222545,0.5692144892144892,0.6497527972937809,0.5,1,0,-0.08053830807929163,0.0,-0.08053830807929163,1,1,0.8,0.5,0.4,0.0,0.4,0.0,0.8160000000000001,0.5,1.6864000000000001,53,0,0,30.0,28.0,0.0,14.984444444444442
2026-05-21,スマスロ サンダーV,4,0.0,0.0,0.0,0.0,0.0,0.0,スマスロ サンダーV,0,0,0,1,1,2F,A,2F,A,2F_A,0.0,0.0,0.0,0.0,0.0,0.0,0.0,0.0,3,21,0.6451612903225806,1,0,1,0,1,0,0,650.0,225.0,100.0,-825.0,-350.0,17004.0,13732.0,19957.0,10487.0,0.1529051987767584,0.06554034372269152,0.020043092649195772,-0.31467531229140844,242.85714285714286,417.85714285714283,149.10714285714286,325.228857151097,550.2996186893738,0.084137359472819,0.13644768608336622,4190.328571428572,4206.378571428571,4200.946428571428,0.04917344628029937,0.10111205822942636,0.02140256950206362,329.28693098404165,263.3782109325565,65.90872005148515,0.07186540729737756,0.05482256629162721,0.017042841005750348,0.0,0.0,0.0125,0.05,0.012195121951219513,0.8888888888888888,0.012195121951219513,0.8888888888888888,0.024390243902439025,0.8888888888888888,0.06097560975609756,0.8888888888888888,365.0,365.0,72.0,33.0,80.0,80.0,0,0,80.0,0.0,0.0,0.0,0.0,0,0,365.0,365.0,0,0,6,0.0,0.0,0.0,0.09090909090909091,119.0,425.0,550.0,0.08736485505406688,0.13286210612756263,323.1017543859649,0.20458461589348784,0.7105263157894737,89.62807017543861,0.07859124027990123,0.6140350877192983,62.6483709273183,0.10958945254109789,0.5614035087719298,260.5414390142022,0.5691708031524771,0.7631578947368421,0.06935860594634205,0.1315887239456154,0.6491228070175439,0.018196537435723945,0.09540734291495351,0.5614035087719298,326.8982456140351,2716754.0,0.08354659283041635,114,8928.6,0.0,0.46122845999130246,0.19163602858944354,0.42460317460317454,0.45641036094803217,-0.03180718634485763,0.38295133329379905,0.39101440193160597,0.4309363142275768,-0.03992191229597081,0.4748414510400812,0.4460534898891063,0.46357142857142863,1,1,0.028787961150974872,-0.01751793868232232,0.04630589983329719,1,1,0.8,0.5,0.4,0.0,0.4025,0.0,0.81,0.5,1.6855000000000002,54,0,0,17.0,19.0,650.0,596.9168209876542
2026-05-21,ドッチ,2,0.0,0.0,0.0,0.0,0.0,0.0,ドッチ,0,0,0,0,0,2F,N,2F,N,2F_N,0.0,0.0,0.0,0.0,0.0,0.0,0.0,0.0,3,21,0.6451612903225806,1,0,1,0,0,1,0,-1200.0,300.0,-100.0,-350.0,-1700.0,10940.0,8644.0,13452.0,12356.0,-0.21937842778793418,0.06941230911614993,-0.014867677668748141,-0.05665263839430236,-500.0,-396.42857142857144,-180.35714285714286,1294.8616399703355,1297.5515827473337,0.29597741852224146,0.3045771975781611,4027.214285714286,4523.857142857143,5143.571428571428,-0.17411304710799394,-0.10080374630365076,-0.048948191974252896,-596.6708038776782,-479.7684674925233,-116.90233638515485,-0.17227588846565828,-0.13603071610293438,-0.0362451723627239,0.0,0.0,0.0,0.06451612903225806,0.030303030303030304,0.7560975609756098,0.030303030303030304,0.7560975609756098,0.030303030303030304,0.7560975609756098,0.09090909090909091,0.7560975609756098,365.0,365.0,365.0,9.0,31.0,31.0,0,0,31.0,0.0,0.0,0.0,0.0,0,0,365.0,365.0,0,0,6,0.0,0.0,0.0,0.0,118.0,-1500.0,-1100.0,-0.2887907369040841,-0.20451075011918604,-1526.8982456140352,-0.9668158307621902,0.14035087719298245,164.6280701754386,0.14435571573334974,0.6578947368421053,-680.2087719298246,-1.189874626044532,0.10526315789473684,-553.7442752715122,-1.209692688771066,0.09649122807017543,-0.3029250206183505,-0.5747162355772559,0.2719298245614035,-0.20508995595256937,-1.0753192922058266,0.11403508771929824,326.8982456140351,2716754.0,0.08354659283041635,114,8928.6,0.0,0.6076864535768646,0.3145730655023517,0.7023809523809524,0.575437595129376,0.12694335725157646,0.4610920852359208,0.7279099096078088,0.6795694276997566,0.04834048190805218,0.5950659563673263,0.5,0.5,0,0,0.0,0.0,0.0,1,1,0.8,0.5,0.4,0.0,0.4,0.0,0.8129032258064517,0.5,1.6851612903225808,55,0,0,64.0,63.0,-1200.0,-925.5497222222223
2026-05-21,不二子BT,2,0.0,0.0,0.0,0.0,0.0,0.0,不二子BT,0,0,0,1,1,2F,A,2F,A,2F_A,0.0,0.0,0.0,0.0,0.0,0.0,0.0,0.0,3,21,0.6451612903225806,1,0,1,0,1,0,0,0.0,-100.0,433.3,-266.7,-50.0,2560.0,3532.0,8890.0,8769.0,0.0,-0.056625141562853906,0.14623172103487064,-0.09123047097730642,-14.285714285714253,66.66428571428574,112.79642857142858,583.6053787408372,626.410340575744,0.14093507914188397,0.1975896811959486,2686.4285714285716,3001.5,3317.410714285714,0.002747170412816901,-0.0011862441534764676,-0.02355383685389827,61.195865890756345,109.54485094321159,-48.34898505245524,0.015676632518587696,0.0033026732172074624,0.012373959301380234,0.0,0.0,0.02,0.03333333333333333,0.006578947368421052,0.9375,0.006578947368421052,0.9375,0.02631578947368421,0.9375,0.039473684210526314,0.9375,365.0,365.0,53.0,53.0,150.0,150.0,0,0,150.0,0.0,0.0,0.0,-1.0,0,0,80.0,10.0,0,0,7,0.0,0.0,0.0,0.0,110.0,100.0,-433.3,0.056625141562853906,-0.14623172103487064,-326.8982456140351,-0.20698851401256121,0.4824561403508772,-235.3719298245614,-0.20638815335170896,0.4692982456140351,-194.4944862155388,-0.3402250362000816,0.3508771929824561,-90.65141812865494,-0.19803429603528458,0.39473684210526316,-0.08354659283041635,-0.15850649520066076,0.4824561403508772,-0.028229738431758522,-0.14801301316098844,0.4649122807017544,326.8982456140351,2716754.0,0.08354659283041635,114,8928.6,0.0,0.5011158343273453,0.23792220004371156,0.5218253968253969,0.48345428353989994,0.038371113285496916,0.5504791642581168,0.4978171389946804,0.48059189613780856,0.017225242856871825,0.47451166920345,0.46411611219830395,0.5504761904761906,1,1,0.01039555700514605,-0.08636007827788661,0.09675563528303266,1,1,0.8,0.5,0.4,0.0,0.404,0.0,0.8066666666666668,0.5,1.6850666666666667,56,0,0,38.0,37.0,0.0,34.45027777777778
2026-05-21,SHAKE BONUS TRIGGER,2,0.0,0.0,0.0,0.0,0.0,0.0,SHAKE BONUS TRIGGER,0,0,0,1,1,2F,A,2F,A,2F_A,0.0,0.0,0.0,0.0,0.0,0.0,0.0,0.0,3,21,0.6451612903225806,1,0,1,0,1,0,0,-950.0,-600.0,500.0,1700.0,-100.0,7640.0,2715.0,11307.0,17061.0,-0.2486910994764398,-0.4419889502762431,0.08844078889183692,0.19928491882070218,-614.2857142857143,-260.7142857142857,-44.642857142857146,1023.7652260627125,879.5056678499691,0.26239048684860783,0.23395642219456503,3419.6428571428573,4023.3214285714284,4747.339285714285,-0.20764949848787434,-0.11083223948374588,-0.04504551580717236,-511.3312578820578,-297.494891735168,-213.83636614688982,-0.15955471227448842,-0.11377242307214859,-0.04578228920233983,0.0,0.0,0.009389671361502348,0.03755868544600939,0.004651162790697674,0.9551569506726457,0.004651162790697674,0.9551569506726457,0.013953488372093023,0.9551569506726457,0.04186046511627907,0.9551569506726457,365.0,365.0,28.0,28.0,213.0,213.0,0,0,213.0,0.0,0.0,0.0,0.0,0,0,365.0,45.0,0,0,7,0.0,0.03333333333333333,0.0,0.13333333333333333,93.0,-350.0,-1450.0,0.19329785079980327,-0.33713188836827673,-1276.8982456140352,-0.8085184731060175,0.18859649122807018,-735.3719298245614,-0.6448179897080324,0.17543859649122806,-794.4944862155389,-1.3897921765961674,0.07017543859649122,-418.0299895572264,-0.9132154401171421,0.14912280701754385,-0.3322376923068562,-0.6303289026760048,0.21929824561403508,-0.23862640733244977,-1.2511562462556296,0.08771929824561403,326.8982456140351,2716754.0,0.08354659283041635,114,8928.6,0.0,0.546581051956268,0.24253935241764513,0.6924603174603173,0.5334651554685801,0.15899516199173724,0.5133523052933736,0.6796873518734734,0.5934757453682804,0.086211606505193,0.5367135971588026,0.6319895629484671,0.5604761904761905,1,1,-0.09527596578966446,0.07151337247227663,-0.1667893382619411,1,1,0.8,0.5,0.4,0.0,0.4018779342723005,0.0,0.8075117370892019,0.5,1.6841314553990612,57,0,0,61.0,61.0,-950.0,-725.5497222222223
2026-05-21,アレックス ブライト,4,0.0,0.0,0.0,0.0,0.0,0.0,アレックス ブライト,0,0,0,1,1,2F,A,2F,A,2F_A,0.0,0.0,0.0,0.0,0.0,0.0,0.0,0.0,3,21,0.6451612903225806,1,0,1,0,1,0,1,-50.0,825.0,1375.0,150.0,150.0,15117.0,12716.0,27100.0,15442.0,-0.013230138254944764,0.25951557093425603,0.2029520295202952,0.03885507058671157,339.2857142857143,223.21428571428572,124.10357142857141,389.138242053608,499.37117050753653,0.10160978042613607,0.10990610501890423,3835.1428571428573,3894.378571428572,4118.25,0.08496222965688348,0.04619307814773906,0.02438843653269327,206.33774447507722,194.35294544435712,11.984799030720097,0.049117599930182804,0.04390037282977235,0.005217227100410456,0.0,0.0031545741324921135,0.00946372239747634,0.025236593059936908,0.003134796238244514,0.9694189602446484,0.006269592476489028,0.9694189602446484,0.012539184952978056,0.9694189602446484,0.02821316614420063,0.9694189602446484,365.0,307.0,126.0,17.0,317.0,317.0,0,0,,0.0,0.0,0.0,0.0,0,0,24.0,108.0,0,0,-1,0.0,0.022222222222222223,0.0,0.022222222222222223,60.0,-875.0,-1425.0,-0.2727457091892008,-0.21618216777523996,-376.8982456140351,-0.23864798554379577,0.45614035087719296,689.6280701754386,0.6047070439074893,0.8333333333333334,159.0769423558897,0.2782698858190402,0.6403508771929824,65.89858187134504,0.14396001231987585,0.6140350877192983,-0.09677673108536111,-0.1836070142615412,0.45614035087719296,0.05398532081230806,0.28305363222575847,0.6754385964912281,326.8982456140351,2716754.0,0.08354659283041635,114,8928.6,0.0,0.5139298941574989,0.1963564852125746,0.37896825396825395,0.4683151228527941,-0.08934686888454013,0.5381311461876648,0.4318975631537381,0.4494447233544351,-0.017547160200696965,0.45079274479959414,0.48419439008480103,0.4861904761904762,1,1,-0.03340164528520689,-0.0019960861056751433,-0.03140555917953175,1,1,0.8,0.5,0.40063091482649843,0.0,0.4018927444794953,0.0,0.8050473186119874,0.5,1.6836593059936908,58,0,0,40.0,40.0,-50.0,-25.3054012345679
2026-05-21,ディスクアップ ULTRAREMIX,10,0.0,0.0,0.0,0.0,0.0,0.0,ディスクアップ ULTRAREMIX,0,0,0,1,1,2F,A,2F,A,2F_A,0.0,0.0,0.0,0.0,0.0,0.0,0.0,0.0,3,21,0.6451612903225806,1,0,1,0,1,0,1,-210.0,680.0,-590.0,-1100.0,-290.0,38988.0,29557.0,43029.0,46027.0,-0.0538627269929209,0.23006394424332646,-0.13711682818564225,-0.23899015795076803,220.0,120.00000000000003,83.21428571428571,413.03752856126744,468.5328984426566,0.12331197357675554,0.12419613771112437,3738.7000000000003,3912.5714285714284,4313.807142857143,0.05250486503722813,0.028060549729733746,0.020558235448225347,118.43925954503152,109.00582110370215,9.433438441329372,0.0202127429103643,0.023713692643459666,-0.0035009497330953654,0.0,0.0,0.00946372239747634,0.025236593059936908,0.003134796238244514,0.9694189602446484,0.003134796238244514,0.9694189602446484,0.012539184952978056,0.9694189602446484,0.02821316614420063,0.9694189602446484,365.0,365.0,174.0,23.0,317.0,317.0,0,0,,0.0,0.0,0.0,0.0,0,0,45.0,108.0,0,0,-1,0.0,0.0,0.0,0.0,138.0,-890.0,380.0,-0.2839266712362474,0.08325410119272135,-536.8982456140351,-0.3399582944437463,0.37719298245614036,544.6280701754386,0.47756239136415546,0.7894736842105263,39.791228070175436,0.06960594243077081,0.543859649122807,-37.31570384294065,-0.0815187373142925,0.45614035087719296,-0.13740931982333726,-0.2606960853246722,0.40350877192982454,0.021527956192652704,0.11287450186529394,0.5701754385964912,326.8982456140351,2716754.0,0.08354659283041635,114,8928.6,0.0,0.4323463023991605,0.21934424923940837,0.46825396825396826,0.4792006414437921,-0.010946673189823841,0.4640289749780425,0.5157388537316849,0.48423485187645077,0.031504001855234165,0.4700849822425165,0.4578016960208741,0.4238095238095238,1,1,0.012283286221642375,0.03399217221135031,-0.021708885989707938,1,1,0.8,0.5,0.4,0.0,0.4018927444794953,0.0,0.8050473186119874,0.5,1.6831545741324923,59,0,0,48.0,49.0,-210.0,-191.7975529100529
2026-05-21,交響詩篇エウレカセブン HI-EVOLUTION ZERO TYPE‐ART,4,0.0,0.0,0.0,0.0,0.0,0.0,交響詩篇エウレカセブン HI-EVOLUTION ZERO TYPE‐ART,0,0,0,1,1,2F,A,2F,A,2F_A,0.0,0.0,0.0,0.0,0.0,0.0,0.0,0.0,3,21,0.6451612903225806,1,0,1,0,1,0,1,800.0,350.0,-100.0,-200.0,1275.0,15568.0,3208.0,26099.0,17487.0,0.20554984583761562,0.43640897755610975,-0.015326257711023411,-0.0457482701435352,510.7142857142857,214.28571428571428,246.42857142857142,505.152028035691,605.0043138525697,0.2557074660135447,0.22812464360403245,3754.7999999999997,3856.092857142857,4145.035714285715,0.20461334736805012,0.08851819998452017,0.06166792851344089,466.125109014548,341.25646095504277,124.86864805950523,0.16230542693128763,0.10980520344142589,0.05250022348986175,0.0,0.0,0.0031545741324921135,0.03470031545741325,0.003134796238244514,0.9694189602446484,0.003134796238244514,0.9694189602446484,0.006269592476489028,0.9694189602446484,0.03761755485893417,0.9694189602446484,365.0,365.0,265.0,3.0,317.0,317.0,0,0,,0.0,0.0,0.0,0.0,0,0,365.0,365.0,0,0,-1,0.0,0.0,0.0,0.044444444444444446,107.0,450.0,900.0,-0.23085913171849412,0.22087610354863904,473.1017543859649,0.29956303048719146,0.7631578947368421,214.6280701754386,0.1881986993689821,0.6885964912280702,330.5055137844612,0.5781462116464933,0.7543859649122807,56.9700104427736,0.12445493017159136,0.5964912280701754,0.12200325300719927,0.23146734513164063,0.6929824561403509,0.17363643852347468,0.9104034924917742,0.8421052631578947,326.8982456140351,2716754.0,0.08354659283041635,114,8928.6,0.0,0.4482045585948618,0.2491357500730379,0.32341269841269843,0.44551804740160905,-0.12210534898891062,0.388242787800327,0.3409836464967199,0.4040570307020396,-0.06307338420531966,0.4436707255200406,0.42181343770384866,0.44904761904761903,1,1,0.02185728781619195,-0.02723418134377037,0.04909146915996232,1,1,0.8,0.5,0.4,0.0,0.40063091482649843,0.0,0.8069400630914827,0.5,1.6831545741324923,60,0,0,13.0,13.0,800.0,730.2501543209876
2026-05-21,うみねこのなく頃に2,7,0.0,0.0,0.0,0.0,0.0,0.0,うみねこのなく頃に2,0,0,0,1,1,2F,A,2F,A,2F_A,0.0,0.0,0.0,0.0,0.0,0.0,0.0,0.0,3,21,0.6451612903225806,1,0,1,0,1,0,0,-57.1,-385.7,557.1,-542.9,128.6,25941.0,22452.0,44992.0,29543.0,-0.015419606029065957,-0.12025654730090861,0.08668207681365576,-0.12862607047354704,242.8714285714286,113.26428571428572,116.32500000000003,470.9917894340473,467.34485802101364,0.09394456564767784,0.09091919261875078,5051.0142857142855,5101.807142857142,5479.539285714286,0.03174945362708643,0.013057974189383882,0.011707390938174226,125.47963613734413,137.71277556883518,-12.233139431491054,0.016014800711516706,0.016187322832373757,-0.0001725221208570514,0.0,0.0,0.009259259259259259,0.018518518518518517,0.00909090909090909,0.9152542372881356,0.00909090909090909,0.9152542372881356,0.01818181818181818,0.9152542372881356,0.02727272727272727,0.9152542372881356,365.0,365.0,104.0,92.0,108.0,108.0,0,0,108.0,0.0,0.0,0.0,0.0,0,0,65.0,365.0,0,0,7,0.0,0.0,0.0,0.0,131.0,328.59999999999997,-614.2,0.10483694127184265,-0.10210168284272172,-383.9982456140351,-0.24314363050123108,0.4473684210526316,-521.0719298245614,-0.45690696184571217,0.2807017543859649,62.66265664160403,0.10961444223491687,0.5701754385964912,-44.05141812865496,-0.09623337128695836,0.4473684210526316,-0.09896619885948231,-0.1877609222962492,0.4473684210526316,0.0007725447825110039,0.004050575294477893,0.5175438596491229,326.8982456140351,2716754.0,0.08354659283041635,114,8928.6,0.0,0.46876696222206116,0.20630627605927615,0.4523809523809524,0.4767340726244836,-0.0243531202435312,0.5945122127998841,0.48394894992758886,0.47093863053378826,0.013010319393800596,0.4892440385591071,0.43069797782126545,0.4533333333333333,1,1,0.05854606073784163,-0.022635355512067856,0.08118141624990949,1,1,0.8,0.5,0.4,0.0,0.40185185185185185,0.0,0.8037037037037037,0.5,1.6825925925925926,61,0,0,41.0,41.0,-57.1,-41.80990740740741
2026-05-21,マタドールIII,4,0.0,0.0,0.0,0.0,0.0,0.0,マタドールIII,0,0,0,1,1,2F,A,2F,A,2F_A,0.0,0.0,0.0,0.0,0.0,0.0,0.0,0.0,3,21,0.6451612903225806,1,0,1,0,1,0,1,-150.0,-200.0,-400.0,400.0,500.0,19403.0,13134.0,8371.0,17866.0,-0.03092305313611297,-0.06091061367443277,-0.1911360649862621,0.08955558043210568,214.28571428571428,-117.85714285714286,-58.92857142857143,835.8948726336573,729.6883272638086,0.18399713204153573,0.16611879571778596,3862.2571428571428,4004.5,4770.021428571429,0.03862135896016283,-0.038816342666344254,-0.02299897449878832,28.488107054021896,39.96055054518389,-11.472443491161997,0.001929078186144676,-0.005732792974917605,0.007661871161062281,0.0,0.0,0.0,0.02857142857142857,0.02702702702702703,0.7777777777777778,0.02702702702702703,0.7777777777777778,0.02702702702702703,0.7777777777777778,0.05405405405405406,0.7777777777777778,365.0,365.0,365.0,260.0,35.0,35.0,0,0,,0.0,0.0,0.0,0.0,0,0,365.0,365.0,0,0,-1,0.0,0.0,0.0,0.0,143.0,50.0,250.0,0.0299875605383198,0.16021301185014913,-476.8982456140351,-0.30196692860626484,0.41228070175438597,-335.3719298245614,-0.29407412062297367,0.41228070175438597,34.07694235588971,0.05961006490318903,0.5350877192982456,-275.17284670008354,-0.6011341257445907,0.22807017543859648,-0.11446964596652932,-0.21717441459096062,0.4298245614035088,0.007644450115587408,0.04008106905780052,0.543859649122807,326.8982456140351,2716754.0,0.08354659283041635,114,8928.6,0.0,0.5929421768707482,0.24716151304404124,0.4955357142857143,0.5796130952380952,-0.08407738095238093,0.6806547619047618,0.5658780488703055,0.5363420969623813,0.02953595190792413,0.5737764550264549,0.7079365079365079,0.5,1,0,-0.13416005291005295,0.0,-0.13416005291005295,1,1,0.8,0.5,0.4,0.0,0.4,0.0,0.8057142857142857,0.5,1.6822857142857144,62,0,0,35.0,35.0,-150.0,-121.9532986111111
2026-05-21,ヱヴァンゲリヲン ～約束の扉～,1,0.0,0.0,0.0,0.0,0.0,0.0,ヱヴァンゲリヲン ～約束の扉～,0,0,0,1,1,2F,A,2F,A,2F_A,0.0,0.0,0.0,0.0,0.0,0.0,0.0,0.0,3,21,0.6451612903225806,1,0,1,0,1,0,1,-1100.0,100.0,-700.0,100.0,-600.0,1792.0,3590.0,1643.0,3293.0,-0.6138392857142857,0.027855153203342618,-0.426049908703591,0.030367446097783177,-628.5714285714286,-628.5714285714286,-464.2857142857143,590.802521192674,545.5111525738208,0.2653538259548817,0.25523601100283594,3017.714285714286,3227.3571428571427,3260.25,-0.3424520506116308,-0.3070315240311894,-0.235341554082188,-821.1237870208483,-563.8514096873668,-257.2723773334816,-0.42142107506033777,-0.2853579098705297,-0.13606316518980804,0.0,0.003257328990228013,0.003257328990228013,0.013029315960912053,0.003236245954692557,0.9684542586750788,0.006472491909385114,0.9684542586750788,0.006472491909385114,0.9684542586750788,0.016181229773462782,0.9684542586750788,365.0,127.0,127.0,127.0,307.0,307.0,0,0,,0.0,0.0,0.0,0.0,0,0,365.0,45.0,0,0,-1,0.0,0.0,0.0,0.022727272727272728,119.0,-1200.0,-400.0,-0.6416944389176283,-0.1877893770106947,-1426.8982456140352,-0.9034968876997213,0.15789473684210525,-35.37192982456139,-0.03101621880917961,0.5745614035087719,-808.7802005012531,-1.4147818704151218,0.06140350877192982,-785.8871324143693,-1.7168248246264621,0.05263157894736842,-0.697385878544702,-1.3230963425992717,0.05263157894736842,-0.37342895945620624,-1.9579474894639533,0.03508771929824561,326.8982456140351,2716754.0,0.08354659283041635,114,8928.6,0.0,0.5069504706618274,0.17856634099386748,0.6884920634920635,0.631400848010437,0.057091215481626434,0.5749819556716977,0.7484289462155341,0.6455946842448365,0.10283426197069767,0.6335996955859969,0.5697521200260927,0.48523809523809525,1,1,0.06384757555990428,0.08451402478799741,-0.02066644922809313,1,1,0.8,0.5,0.4006514657980456,0.0,0.4006514657980456,0.0,0.8026058631921824,0.5,1.6819543973941369,63,0,0,67.0,61.0,-1100.0,-595.7319444444444
2026-05-21,A‐SLOT+ 異世界かるてっと,3,0.0,0.0,0.0,0.0,0.0,0.0,A‐SLOT+ 異世界かるてっと,0,0,0,1,1,2F,A,2F,A,2F_A,0.0,0.0,0.0,0.0,0.0,0.0,0.0,0.0,3,21,0.6451612903225806,1,0,1,0,1,0,0,-1233.3,766.7,-300.0,566.7,-33.3,11883.0,12198.0,16102.0,20957.0,-0.31136918286627957,0.1885555009017872,-0.0558936778039995,0.08111848069857328,-247.59999999999994,-292.84285714285716,-59.5142857142857,623.2700083698348,585.4642821849047,0.15864964527129002,0.14383890378745257,4627.228571428571,4703.757142857144,5403.975,-0.06284404606081061,-0.06503494394555533,-0.029150314110247193,-473.11029631500026,-248.62873629149675,-224.4815600235035,-0.12419928576293547,-0.0648240419540293,-0.05937524380890617,0.0,0.0,0.0,0.0,0.02127659574468085,0.8181818181818182,0.02127659574468085,0.8181818181818182,0.02127659574468085,0.8181818181818182,0.02127659574468085,0.8181818181818182,365.0,365.0,365.0,365.0,45.0,45.0,0,0,45.0,0.0,0.0,0.0,0.0,0,0,365.0,365.0,0,0,6,0.0,0.0,0.0,0.0,85.0,-2000.0,-933.3,-0.49992468376806676,-0.25547550506228006,-1560.198245614035,-0.9879010388019923,0.13157894736842105,631.3280701754386,0.553586124988342,0.8070175438596491,-427.8087719298245,-0.7483567156512452,0.21929824561403508,-450.15856098579786,-0.983402527719529,0.13157894736842105,-0.3949157756966959,-0.7492431873576574,0.18421052631578946,-0.09382095490538603,-0.49191820415752807,0.2631578947368421,326.8982456140351,2716754.0,0.08354659283041635,114,8928.6,0.0,0.6121681041772367,0.21827616714722928,0.638888888888889,0.5469531419873885,0.09193574690150041,0.6031519533231862,0.7092935844139875,0.6112469783183321,0.09804660609565541,0.531494165398275,0.7735159817351599,0.5,1,0,-0.2420218163368849,0.0,-0.2420218163368849,1,1,0.8,0.5,0.4,0.0,0.4,0.0,0.8,0.5,1.6800000000000002,64,0,0,65.0,65.0,-1233.3,-1032.5069444444443
2026-05-21,スマスロ ドルアーガの塔,2,0.0,0.0,0.0,0.0,0.0,0.0,スマスロ ドルアーガの塔,0,0,0,1,1,2F,A,2F,A,2F_A,0.0,0.0,0.0,0.0,0.0,0.0,0.0,0.0,3,21,0.6451612903225806,1,0,1,0,1,0,0,-1400.0,150.0,-700.0,-650.0,-1150.0,6227.0,4851.0,10241.0,10053.0,-0.4496547294042075,0.06184291898577613,-0.1367053998632946,-0.12931463244802546,-250.0,-271.42857142857144,-332.14285714285717,733.7120234351712,788.3074092183654,0.24820443898893957,0.2566136991768408,2611.8571428571427,3187.1428571428573,3774.0178571428573,-0.03217389219983229,-0.054154429411743324,-0.09163952073243684,-418.2200059403617,-334.17704833929724,-84.04295760106447,-0.09390846276278553,-0.08063528090282755,-0.013273181859957975,0.0,0.0,0.0,0.0,0.023255813953488372,0.803921568627451,0.023255813953488372,0.803921568627451,0.023255813953488372,0.803921568627451,0.023255813953488372,0.803921568627451,365.0,365.0,365.0,365.0,41.0,41.0,0,0,41.0,0.0,0.0,0.0,0.0,0,0,365.0,365.0,0,0,6,0.0,0.0,0.0,0.0,85.0,-1550.0,-700.0,-0.5114976483899836,-0.31294932954091287,-1726.8982456140352,-1.0934537168871286,0.09649122807017543,14.628070175438609,0.012826764826452728,0.6052631578947368,-430.2087719298246,-0.7525549842128296,0.21052631578947367,-428.74427527151215,-0.9366215386950836,0.14035087719298245,-0.5332013222346238,-1.0116016699247028,0.13157894736842105,-0.06315080104440772,-0.33110970435338244,0.32456140350877194,326.8982456140351,2716754.0,0.08354659283041635,114,8928.6,0.0,0.6351421125098348,0.28583504874677174,0.5852534562211982,0.5935339861751151,-0.008280529953916926,0.6186155913978495,0.6162052682855454,0.615788386271598,0.0004168820139474061,0.5914650537634408,0.7542613636363636,0.5,1,0,-0.16279630987292282,0.0,-0.16279630987292282,1,1,0.8,0.5,0.4,0.0,0.4,0.0,0.8,0.5,1.6800000000000002,65,0,0,58.0,57.0,-1400.0,-1079.6267741935485
2026-05-21,タクトオーパス デスティニー,4,0.0,0.0,0.0,0.0,0.0,0.0,タクトオーパス デスティニー,0,0,0,0,0,2F,N,2F,N,2F_N,0.0,0.0,0.0,0.0,0.0,0.0,0.0,0.0,3,21,0.6451612903225806,1,0,1,0,0,1,0,-1300.0,-500.0,0.0,0.0,550.0,16558.0,20679.0,0.0,0.0,-0.31404759028868223,-0.09671647565162725,0.0,0.0,-389.2857142857143,-920.0,-920.0,676.3654619325544,1084.6658471621572,0.1582768142999711,0.21815125263574445,4728.357142857143,4931.16,4931.16,-0.07452491686612847,-0.17334752431031752,-0.17334752431031752,-615.7560348510742,-963.134286425525,347.3782515744508,-0.12347922740685455,-0.1763442058626723,0.05286497845581775,0.0,0.0,0.0,0.0,0.08333333333333333,0.5,0.08333333333333333,0.5,0.08333333333333333,0.5,0.08333333333333333,0.5,365.0,365.0,365.0,365.0,10.0,10.0,0,0,10.0,0.0,0.0,0.0,0.0,0,0,365.0,365.0,0,0,4,0.0,0.0,0.0,0.0,58.0,-800.0,-1300.0,-0.21733111463705498,-0.31404759028868223,-1626.8982456140352,-1.0301347738246593,0.10526315789473684,-635.3719298245614,-0.5571320224367677,0.2324561403508772,-569.4944862155388,-0.9962044989476352,0.13157894736842105,-1077.3157038429406,-2.353470705946467,0.02631578947368421,-0.39759418311909855,-0.7543247228082559,0.17543859649122806,-0.10550182571070389,-0.5531628695453689,0.24561403508771928,326.8982456140351,2716754.0,0.08354659283041635,114,8928.6,0.0,0.7472222222222222,0.2719922182780987,0.6468253968253969,0.7472222222222222,-0.10039682539682537,0.8055555555555556,0.6774336496988933,0.8353877897144955,-0.15795414001560215,0.7472222222222222,0.5,0.5,0,0,0.0,0.0,0.0,1,1,0.8,0.5,0.4,0.0,0.4,0.0,0.8,0.5,1.6800000000000002,66,0,0,67.0,66.0,-1300.0,-1136.416512345679
2026-05-21,バイオハザード RE:3,16,0.0,0.0,0.0,0.0,0.0,0.0,バイオハザード RE:3,0,0,0,0,0,2F,N,2F,N,2F_N,0.0,0.0,0.0,0.0,0.0,0.0,0.0,0.0,3,21,0.6451612903225806,1,0,1,0,0,1,0,600.0,825.0,0.0,0.0,-356.3,49623.0,58554.0,0.0,0.0,0.19345867843540293,0.2254329337022236,0.0,0.0,-257.1428571428571,-368.13,-368.13,785.7032133851876,702.270887984908,0.2120876620933006,0.1863314819675682,3537.6428571428573,3764.37,3764.37,-0.06420433971681658,-0.08968492246674409,-0.08968492246674409,-194.9322624206544,-448.0826189294797,253.15035650882527,-0.04178406122387361,-0.10448447932143562,0.06270041809756201,0.0,0.0,0.0,0.0,0.08333333333333333,0.5,0.08333333333333333,0.5,0.08333333333333333,0.5,0.08333333333333333,0.5,365.0,365.0,365.0,365.0,10.0,10.0,0,0,10.0,0.0,0.0,0.0,0.0,0,0,365.0,365.0,0,0,4,0.0,0.0,0.0,0.0,10.0,-225.0,600.0,-0.031974255266820656,0.19345867843540293,273.1017543859649,0.17292514436225329,0.6885964912280702,689.6280701754386,0.6047070439074893,0.8333333333333334,-437.3516290726817,-0.7650498311223068,0.18421052631578946,-525.4457038429407,-1.1478725012070072,0.11403508771929824,0.10991208560498658,0.20852770746503466,0.6842105263157895,-0.095181248561392,-0.49905044037345814,0.2543859649122807,326.8982456140351,2716754.0,0.08354659283041635,114,8928.6,0.0,0.675,0.2867531451530114,0.6170634920634921,0.675,-0.05793650793650795,0.1388888888888889,0.6008009380764432,0.7338914997040684,-0.13309056162762523,0.675,0.5,0.5,0,0,0.0,0.0,0.0,1,1,0.8,0.5,0.4,0.0,0.4,0.0,0.8,0.5,1.6800000000000002,67,0,0,20.0,20.0,600.0,587.0379208754209
2026-05-21,マジカルハロウィン ボーナストリガー,1,0.0,0.0,0.0,0.0,0.0,0.0,マジカルハロウィン ボーナストリガー,0,0,0,1,1,2F,A,2F,A,2F_A,0.0,0.0,0.0,0.0,0.0,0.0,0.0,0.0,3,21,0.6451612903225806,1,0,1,0,1,0,0,-600.0,500.0,400.0,100.0,0.0,2532.0,4656.0,1072.0,203.0,-0.23696682464454977,0.10738831615120274,0.373134328358209,0.49261083743842365,-257.14285714285705,-7.142857142857175,-159.525,419.75049278169513,653.3514612122112,0.21851541881428715,0.30475421478980264,3033.0,2820.214285714286,2858.9285714285716,-0.1443031563545492,-0.09981093150783941,-0.11868493264460282,-287.9704853976168,-118.77084696691868,-169.19963843069814,-0.15810326940161323,-0.10987396207952671,-0.04822930732208652,0.0,0.0,0.0,0.0,0.009433962264150943,0.9122807017543859,0.009433962264150943,0.9122807017543859,0.009433962264150943,0.9122807017543859,0.009433962264150943,0.9122807017543859,365.0,365.0,365.0,365.0,104.0,104.0,0,0,104.0,0.0,0.0,0.0,0.0,0,0,365.0,163.0,0,0,7,0.0,0.0,0.0,0.0,113.0,-1100.0,-1000.0,-0.3443551407957525,-0.6101011530027587,-926.8982456140351,-0.5869021723873757,0.25877192982456143,364.6280701754386,0.3197276502758791,0.7368421052631579,-437.3516290726816,-0.7650498311223066,0.19298245614035087,-164.45856098579785,-0.3592711071058634,0.3157894736842105,-0.3205134174749661,-0.6080853419344632,0.23684210526315788,-0.17528006519912465,-0.9190212888402179,0.15789473684210525,326.8982456140351,2716754.0,0.08354659283041635,114,8928.6,0.0,0.558409210017235,0.19519100065292566,0.525974025974026,0.5332914481351981,-0.007317422161172149,0.6751349113115375,0.5469508591218285,0.5214759981614637,0.025474860960364776,0.5203027874902876,0.5654538054538054,0.5229786684489883,1,1,-0.04515101796351784,0.04247513700481709,-0.08762615496833492,1,1,0.8,0.5,0.4,0.0,0.4,0.0,0.8,0.5,1.6800000000000002,68,0,0,45.0,41.0,-600.0,-512.4712121212121
2026-05-21,北斗の拳 転生の章2,26,0.0,0.0,0.0,0.0,0.0,0.0,北斗の拳 転生の章2,0,0,0,0,0,2F,N,2F,N,2F_N,0.0,0.0,0.0,0.0,0.0,0.0,0.0,0.0,3,21,0.6451612903225806,1,0,1,0,0,1,0,-180.8,1130.8,-107.7,15.4,130.8,67797.0,73778.0,138507.0,122004.0,-0.06932460138354204,0.3984927756241698,-0.020215584771888784,0.0032785810301301597,890.6571428571427,357.6857142857142,212.91071428571422,1258.7420530793725,1125.3038009335987,0.26788442089501613,0.2558597344930474,3167.514285714286,3528.878571428572,3828.7678571428573,0.2163800120515287,0.10075849088417022,0.07040606951240862,625.2094998023396,394.9351223698758,230.27437743246378,0.16201622769054944,0.1068829837197326,0.05513324397081684,0.014705882352941176,0.03676470588235294,0.051470588235294115,0.07352941176470588,0.021739130434782608,0.9315068493150684,0.043478260869565216,0.9315068493150684,0.057971014492753624,0.9315068493150684,0.07971014492753623,0.9315068493150684,55.0,55.0,4.0,4.0,136.0,136.0,0,0,136.0,0.0,0.0,0.0,0.0,0,0,365.0,365.0,0,0,7,0.0,0.10526315789473684,0.10526315789473684,0.10526315789473684,86.0,-1311.6,-73.10000000000001,-0.46781737700771187,-0.04910901661165326,-507.6982456140351,-0.32146916306950535,0.40350877192982454,995.4280701754385,0.8728507318230166,0.868421052631579,710.4483709273181,1.2427721084554046,0.9298245614035088,200.37001044277352,0.4377221535387583,0.7280701754385965,-0.1528711942139584,-0.2900307049166989,0.38596491228070173,0.18540310320695327,0.9720979888423791,0.868421052631579,326.8982456140351,2716754.0,0.08354659283041635,114,8928.6,0.0,0.5364986604094374,0.30568907339262724,0.3174603174603175,0.45740242444009566,-0.13994210697977816,0.42206937469073075,0.3872015717533164,0.4385653725446639,-0.0513638007913475,0.4465436326737696,0.4249510763209393,0.5228571428571428,1,1,0.021592556352830305,-0.09790606653620348,0.11949862288903379,1,1,0.8029411764705883,0.5,0.4073529411764706,0.0,0.41029411764705886,0.0,0.4147058823529412,0.5,1.5408823529411766,69,0,0,45.0,47.0,-180.8,-174.13865303983232
2026-05-21,モンキーターンV,29,0.0,0.0,0.0,0.0,0.0,0.0,モンキーターンV,0,0,0,0,0,2F,N,2F,N,2F_N,0.0,0.0,0.0,0.0,0.0,0.0,0.0,0.0,3,21,0.6451612903225806,1,0,1,0,0,1,1,665.5,606.9,-207.1,592.9,641.4,86708.0,61228.0,165634.0,174652.0,0.2225861512201873,0.28745018618932516,-0.052525447673786786,0.1425692233699013,884.2285714285715,529.0714285714286,613.6928571428572,255.10368946950308,469.60871016127993,0.07254247955980113,0.16222252541571847,2818.7714285714287,3041.5642857142857,3205.289285714286,0.32492767577819126,0.1956415979895949,0.18895091717399531,798.1300405697035,657.3411143137513,140.78892625595222,0.29150600569375845,0.2225093304148963,0.06899667527886216,0.006309148264984227,0.012618296529968454,0.01892744479495268,0.028391167192429023,0.009404388714733543,0.9694189602446484,0.01567398119122257,0.9694189602446484,0.0219435736677116,0.9694189602446484,0.03134796238244514,0.9694189602446484,138.0,16.0,16.0,16.0,317.0,317.0,0,0,,0.0,0.0,0.0,-13.0,0,0,365.0,10.0,0,0,-1,0.0,0.0,0.0,0.0,82.0,58.60000000000002,872.6,-0.06486403496913787,0.2751115988939741,338.6017543859649,0.21439905206817053,0.7280701754385965,471.5280701754386,0.41346394928886104,0.7807017543859649,704.0197994987469,1.2315267462368755,0.9210526315789473,371.75572472848785,0.8121261063915083,0.868421052631579,0.13903955838977095,0.26378901099347674,0.7105263157894737,0.2939507669336158,1.5412306720447937,0.956140350877193,326.8982456140351,2716754.0,0.08354659283041635,114,8928.6,0.0,0.4192320379687363,0.1978942402091674,0.18452380952380953,0.2875896934116112,-0.10306588388780169,0.39025494426953455,0.20652212539646211,0.2905584200146791,-0.08403629461821696,0.30540334855403345,0.37624266144814095,0.4095238095238095,1,1,-0.0708393128941075,-0.033281148075668565,-0.03755816481843893,1,1,0.8012618296529969,0.5,0.4025236593059937,0.0,0.4037854889589906,0.0,0.4056782334384858,0.5,1.5278233438485804,70,0,0,16.0,16.0,665.5,657.1398540489643
2026-05-21,アクダマドライブ,2,0.0,0.0,0.0,0.0,0.0,0.0,アクダマドライブ,0,0,0,0,0,3F,N,3F,N,3F_N,0.0,0.0,0.0,0.0,0.0,0.0,0.0,0.0,3,21,0.6451612903225806,1,0,0,1,0,1,0,-1500.0,-250.0,-3000.0,-1000.0,-2350.0,5950.0,1386.0,10168.0,8107.0,-0.5042016806722689,-0.36075036075036077,-0.5900865460267506,-0.2467003823855927,-764.2857142857143,-225.0,300.0,1761.0873264629925,2050.6799997899384,0.9848724137109894,0.9020766521708963,2458.0714285714284,2669.3928571428573,3447.285714285714,-0.20458644945137022,0.03614542777606289,0.13734191196503906,-862.8833046022278,-109.63382214573917,-753.2494824564886,-0.2815266437767163,0.006117689293871992,-0.28764433307058834,0.1111111111111111,0.15555555555555556,0.17777777777777778,0.24444444444444444,0.1276595744680851,0.8181818181818182,0.1702127659574468,0.8181818181818182,0.19148936170212766,0.8181818181818182,0.2553191489361702,0.8181818181818182,6.0,6.0,6.0,6.0,45.0,45.0,0,0,45.0,0.0,0.0,0.0,0.0,0,0,365.0,365.0,0,0,6,0.16666666666666666,0.16666666666666666,0.16666666666666666,0.16666666666666666,180.0,-1250.0,1500.0,-0.14345131992190813,0.0858848653544817,-1826.8982456140352,-1.1567726599495975,0.06578947368421052,-385.3719298245614,-0.337917104258606,0.3815789473684211,-944.4944862155389,-1.6521839616951888,0.05263157894736842,-382.3157038429407,-0.8351951115240043,0.17543859649122806,-0.5877482735026852,-1.1150893858981294,0.08771929824561403,-0.23556335829594566,-1.2350961924776325,0.10526315789473684,326.8982456140351,2716754.0,0.08354659283041635,114,8928.6,0.0,0.5754650769490952,0.41065695511578537,0.75,0.5207449989128071,0.22925500108719288,0.7431506849315069,0.7674749346103029,0.5615933781243371,0.20588155648596584,0.5170788939624555,0.6922374429223744,0.5,1,0,-0.1751585489599189,0.0,-0.1751585489599189,1,1,0.4222222222222222,0.5,0.4311111111111111,0.0,0.4355555555555556,0.0,0.8488888888888889,0.5,1.368,71,1,2,69.0,68.0,-1500.0,-1165.5497222222223
2026-05-21,防空少女ラブキューレ2～極限の共鳴～,1,0.0,0.0,0.0,0.0,0.0,0.0,防空少女ラブキューレ2～極限の共鳴～,0,0,0,0,0,3F,N,3F,N,3F_N,0.0,0.0,0.0,0.0,0.0,0.0,0.0,0.0,3,21,0.6451612903225806,1,0,0,1,0,1,1,100.0,100.0,-400.0,-400.0,-1700.0,1072.0,2192.0,1142.0,485.0,0.09328358208955224,0.04562043795620438,-0.3502626970227671,-0.8247422680412371,71.42857142857143,121.42857142857143,214.28571428571428,1275.0350135248386,1407.7688683918245,0.5442927370394485,1.0479026218075604,1920.142857142857,1951.7142857142858,2105.964285714286,-0.1036955132620937,0.10641647509353931,0.5585301196633657,339.1111808088301,285.80375787561695,53.30742293321316,0.1351933044596291,0.2797201192693473,-0.1445268148097182,0.05844155844155844,0.1038961038961039,0.12337662337662338,0.18181818181818182,0.0641025641025641,0.9390243902439024,0.10897435897435898,0.9390243902439024,0.1282051282051282,0.9390243902439024,0.1858974358974359,0.9390243902439024,189.0,189.0,189.0,178.0,154.0,154.0,0,0,,0.0,0.0,0.0,0.0,0,0,365.0,365.0,0,0,-1,0.13636363636363635,0.18181818181818182,0.18181818181818182,0.18181818181818182,148.0,0.0,500.0,0.047663144133347865,0.4435462791123193,-226.8982456140351,-0.14366957095009214,0.5307017543859649,-35.37192982456139,-0.03101621880917961,0.5745614035087719,-108.78020050125313,-0.19028687328635516,0.47368421052631576,-35.88713241436925,-0.07839792417056704,0.47368421052631576,0.009736989259135895,0.018473237375518932,0.5877192982456141,-0.13467242210666913,-0.7061089508102432,0.19298245614035087,326.8982456140351,2716754.0,0.08354659283041635,114,8928.6,0.0,0.4717592177491613,0.28791015208450177,0.5362637362637362,0.5318594104308391,0.004404325832897182,0.45908265431637735,0.4747739864354502,0.5169773147074921,-0.04220332827204187,0.5286772486772486,0.41581747570642336,0.3360215053763441,1,1,0.11285977297082528,0.07979597033007924,0.03306380264074604,1,1,0.4116883116883117,0.5,0.4207792207792208,0.0,0.4246753246753247,0.0,0.8363636363636364,0.5,1.3376623376623376,72,0,0,23.0,23.0,100.0,111.61999999999998
2026-05-21,シャーマンキング,4,0.0,0.0,0.0,0.0,0.0,0.0,シャーマンキング,0,0,0,0,0,3F,N,3F,N,3F_N,0.0,0.0,0.0,0.0,0.0,0.0,0.0,0.0,3,21,0.6451612903225806,1,0,0,1,0,1,1,-1425.0,2600.0,-125.0,4850.0,-700.0,7361.0,5984.0,11885.0,15415.0,-0.7743513109631843,1.7379679144385027,-0.04206983592763988,1.258514433992864,650.0000000000002,219.64285714285708,280.357142857143,1949.3054318568632,1710.605453190045,1.0785532422864468,0.8921922692277626,2185.6285714285714,2445.1,2809.3964285714287,0.1883218863418812,-0.042366379114758886,0.018890934898047947,-175.28258979642112,273.4633651947184,-448.7459549911395,-0.2604778110029935,-0.021465821084592947,-0.23901198991840056,0.03785488958990536,0.08832807570977919,0.138801261829653,0.19242902208201892,0.04075235109717868,0.9694189602446484,0.09090909090909091,0.9694189602446484,0.14106583072100312,0.9694189602446484,0.19435736677115986,0.9694189602446484,21.0,7.0,7.0,7.0,317.0,317.0,0,0,,0.0,0.0,0.0,0.0,0,0,80.0,365.0,0,0,-1,0.06666666666666667,0.2,0.15555555555555556,0.26666666666666666,42.0,-4025.0,-1300.0,-2.5123192254016873,-0.7322814750355444,-1751.8982456140352,-1.1092834526527457,0.08771929824561403,2464.6280701754386,2.161132962972437,0.9736842105263158,469.79122807017563,0.8217957263812992,0.8333333333333334,62.327153299916404,0.1361579794605619,0.6052631578947368,-0.8578979037936006,-1.6276234058561265,0.02631578947368421,0.15734497749730578,0.8249847685065284,0.8333333333333334,326.8982456140351,2716754.0,0.08354659283041635,114,8928.6,0.0,0.5624088748077684,0.41206247377731714,0.46031746031746035,0.5237755490323984,-0.06345808871493808,0.5357537512390445,0.662580500961275,0.5320366337175186,0.13054386724375633,0.5148845763571791,0.6137377690802348,0.5219047619047619,1,1,-0.0988531927230557,0.09183300717547294,-0.19068619989852864,1,1,0.4075709779179811,0.5,0.4176656151419559,0.0,0.4277602523659306,0.0,0.8384858044164039,0.5,1.3337539432176657,73,0,0,68.0,69.0,-1425.0,-1247.52762345679
2026-05-21,革命機ヴァルヴレイヴ,6,0.0,0.0,0.0,0.0,0.0,0.0,革命機ヴァルヴレイヴ,0,0,0,0,0,3F,N,3F,N,3F_N,0.0,0.0,0.0,0.0,0.0,0.0,0.0,0.0,3,21,0.6451612903225806,1,0,0,1,0,1,0,650.0,-783.3,-1933.3,2133.3,566.7,20288.0,5269.0,29021.0,40530.0,0.19223186119873817,-0.8920098690453596,-0.39971055442610526,0.3158154453491241,864.2999999999998,632.157142857143,143.33928571428567,1420.3428588431264,2136.2375579920467,0.5166917361044241,0.5146847424140507,3231.7714285714283,3823.1142857142854,4221.775,0.14156381936475013,0.1222823047837114,-0.013324657846728582,957.632659254632,597.0039562922075,360.62870296242454,0.2501826433363191,0.11147965253045336,0.13870299080586576,0.03914590747330961,0.09252669039145907,0.11743772241992882,0.1494661921708185,0.04240282685512368,0.9656357388316151,0.09540636042402827,0.9656357388316151,0.12014134275618374,0.9656357388316151,0.1519434628975265,0.9656357388316151,5.0,5.0,5.0,5.0,281.0,281.0,0,0,281.0,0.0,0.0,0.0,0.0,0,0,24.0,108.0,0,0,7,0.075,0.125,0.125,0.125,140.0,1433.3,2583.3,1.0842417302440979,0.5919424156248434,323.1017543859649,0.20458461589348784,0.7105263157894737,-918.6719298245614,-0.8055463677162605,0.14035087719298245,684.0912280701752,1.1966661233594338,0.9122807017543859,474.84143901420225,1.0373239828427416,0.9035087719298246,0.10868526836832182,0.20620016191413224,0.6754385964912281,0.1105869105201747,0.579824778816983,0.7631578947368421,326.8982456140351,2716754.0,0.08354659283041635,114,8928.6,0.0,0.5134310575903794,0.37987213930414615,0.33333333333333337,0.5082830506631877,-0.17494971732985432,0.562035604190523,0.27173126023483074,0.4429916767477821,-0.17126041651295137,0.5401509386098428,0.4787279843444227,0.5723809523809523,1,1,0.06142295426542005,-0.09365296803652962,0.15507592230194966,1,1,0.40782918149466196,0.5,0.4185053380782918,0.0,0.4234875444839858,0.0,0.8298932384341637,0.5,1.3286832740213526,74,0,0,19.0,18.0,650.0,613.2501068376068
2026-05-21,とある魔術の禁書目録,1,0.0,0.0,0.0,0.0,0.0,0.0,とある魔術の禁書目録,0,0,0,0,0,3F,N,3F,N,3F_N,0.0,0.0,0.0,0.0,0.0,0.0,0.0,0.0,3,21,0.6451612903225806,1,0,0,1,0,1,0,2900.0,400.0,-700.0,-300.0,-900.0,4477.0,116.0,3718.0,4596.0,0.6477551932097386,3.4482758620689653,-0.18827326519634213,-0.06527415143603134,-471.42857142857144,-457.14285714285717,-53.57142857142857,1811.7342388940353,1279.2511545757993,1.6518407979762535,1.1679078116283843,1955.5714285714287,1938.5714285714287,2615.285714285714,-0.0324910526364066,-0.19815310192459545,-0.11204610236203846,-67.36509033910102,-249.49056851377497,182.12547817467396,-0.24089530847607374,-0.17715926442968155,-0.06373604404639219,0.025,0.0875,0.1,0.15,0.036585365853658534,0.8888888888888888,0.0975609756097561,0.8888888888888888,0.10975609756097561,0.8888888888888888,0.15853658536585366,0.8888888888888888,74.0,47.0,25.0,1.0,80.0,80.0,0,0,80.0,0.0,0.0,0.0,0.0,0,0,365.0,365.0,0,0,6,0.0,0.0,0.0,0.0,120.0,2500.0,3600.0,-2.800520668859227,0.8360284584060808,2573.101754385965,1.629260834799042,0.9298245614035088,264.6280701754386,0.23204168300461442,0.7149122807017544,-651.637343358396,-1.1398952384066232,0.11403508771929824,-614.4585609857978,-1.3423272473794003,0.07017543859649122,0.5642086003793223,1.0704293829159963,0.8947368421052632,-0.06346796148098202,-0.3327726270186525,0.3157894736842105,326.8982456140351,2716754.0,0.08354659283041635,114,8928.6,0.0,0.5596302185257664,0.26470297281606775,0.6488095238095238,0.5717139595564253,0.07709556425309849,0.5903338670461958,0.6150430643520981,0.5913159700627932,0.023727094289304862,0.5523211567732116,0.5271689497716895,0.6192857142857143,1,1,0.025152207001522098,-0.09211676451402484,0.11726897151554694,1,1,0.405,0.5,0.41750000000000004,0.0,0.42000000000000004,0.0,0.8300000000000001,0.5,1.3230000000000002,75,0,0,4.0,5.0,2900.0,1990.750462962963
2026-05-21,麻雀格闘倶楽部 覚醒,1,0.0,0.0,0.0,0.0,0.0,0.0,麻雀格闘倶楽部 覚醒,0,0,0,0,0,3F,N,3F,N,3F_N,0.0,0.0,0.0,0.0,0.0,0.0,0.0,0.0,3,21,0.6451612903225806,1,0,0,1,0,1,0,-1000.0,-2000.0,-500.0,-1700.0,3700.0,2111.0,2867.0,519.0,3414.0,-0.4737091425864519,-0.6975933031042902,-0.9633911368015414,-0.4979496192149971,357.14285714285717,192.85714285714286,167.85714285714286,2325.8383025317585,1722.0132607879846,0.7298945493741094,0.6121049088967077,2656.8571428571427,2752.9285714285716,2454.9285714285716,-0.09648268262571731,-0.09072044105386644,-0.06086996876745365,308.8720933093057,284.4286400659813,24.44345324332437,-0.0665819577203087,-0.029477001652855425,-0.037104956067453274,0.03614457831325301,0.08433734939759036,0.10843373493975904,0.10843373493975904,0.047058823529411764,0.8924731182795699,0.09411764705882353,0.8924731182795699,0.11764705882352941,0.8924731182795699,0.11764705882352941,0.8924731182795699,115.0,85.0,83.0,83.0,83.0,83.0,0,0,83.0,0.0,0.0,0.0,0.0,0,0,365.0,365.0,0,0,6,0.0,0.08333333333333333,0.08333333333333333,0.08333333333333333,88.0,1000.0,-500.0,0.22388416051783833,0.4896819942150895,-1326.8982456140352,-0.8401779446372521,0.17543859649122806,-2135.3719298245614,-1.872421531505738,0.02631578947368421,176.9340852130326,0.30950700309273327,0.6578947368421053,35.54143901420218,0.07764273301570868,0.5789473684210527,-0.5572557354168682,-1.057238249448243,0.11403508771929824,-0.12745959147029273,-0.6682909314017135,0.21929824561403508,326.8982456140351,2716754.0,0.08354659283041635,114,8928.6,0.0,0.5175070338535767,0.30673277724432546,0.5346938775510204,0.5295918367346939,0.005102040816326481,0.4477839933180418,0.5413737965971774,0.5136712760063593,0.027702520590818125,0.5291115849324804,0.4432986582240313,0.5991641963109354,1,1,0.08581292670844914,-0.15586553808690412,0.24167846479535326,1,1,0.4072289156626506,0.5,0.4168674698795181,0.0,0.42168674698795183,0.0,0.8216867469879519,0.5,1.322409638554217,76,0,0,66.0,55.0,-1000.0,-599.5080952380952
2026-05-21,ToLOVEるダークネス TRANCE ver.8.7,5,0.0,0.0,0.0,0.0,0.0,0.0,ToLOVEるダークネス TRANCE ver.8.7,0,0,0,0,0,3F,N,3F,N,3F_N,0.0,0.0,0.0,0.0,0.0,0.0,0.0,0.0,3,21,0.6451612903225806,1,0,0,1,0,1,1,-280.0,2240.0,640.0,1720.0,-2460.0,15232.0,8511.0,29909.0,29689.0,-0.09191176470588236,1.315944072376924,0.10699120666020262,0.28966957458991544,-2.857142857142857,140.0,364.0464285714285,1562.196256190988,1330.332520607015,0.6209032361044304,0.5217881147866017,3449.8,3717.4428571428575,4248.935714285714,0.10640353458003508,0.05607268326979209,0.09033281452306044,-120.5309200009124,226.13089888300632,-346.6618188839187,0.0006556341126060586,0.0646601464298251,-0.06400451231721904,0.0473186119873817,0.056782334384858045,0.08517350157728706,0.14511041009463724,0.050156739811912224,0.9694189602446484,0.05956112852664577,0.9694189602446484,0.0877742946708464,0.9694189602446484,0.14733542319749215,0.9694189602446484,17.0,17.0,10.0,7.0,317.0,317.0,0,0,,0.0,0.0,0.0,0.0,0,0,80.0,24.0,0,0,-1,0.0,0.022222222222222223,0.022222222222222223,0.1111111111111111,32.0,-2520.0,-920.0,-1.4078558370828063,-0.19890297136608498,-606.8982456140351,-0.38428155458747465,0.34210526315789475,2104.6280701754386,1.8454634807958845,0.9473684210526315,-183.06591478696743,-0.32023328114491817,0.37719298245614036,-17.315703842940678,-0.037827353302135366,0.5087719298245614,-0.1754583575362987,-0.3328835846507202,0.3508771929824561,0.07542662573545966,0.3954738076889822,0.7280701754385965,326.8982456140351,2716754.0,0.08354659283041635,114,8928.6,0.0,0.4784393173620981,0.3604883330777456,0.5376984126984127,0.4247322787562514,0.11296613394216126,0.5176516795488803,0.5489779366148027,0.4523978614869355,0.09658007512786715,0.4032661085743277,0.503750815394651,0.5033333333333333,1,1,-0.10048470682032334,0.00041748206131775323,-0.1009021888816411,1,1,0.40946372239747636,0.5,0.41135646687697164,0.0,0.4170347003154574,0.0,0.8290220820189275,0.5,1.3203785488958992,77,0,0,51.0,51.0,-280.0,-238.88623737373734
2026-05-21,吉宗,4,0.0,0.0,0.0,0.0,0.0,0.0,吉宗,0,0,0,0,0,3F,N,3F,N,3F_N,0.0,0.0,0.0,0.0,0.0,0.0,0.0,0.0,3,21,0.6451612903225806,1,0,0,1,0,1,1,225.0,100.0,-350.0,-250.0,-750.0,15218.0,6517.0,8585.0,7898.0,0.05914049152319621,0.06137793463249962,-0.163075131042516,-0.12661433274246645,392.857142857143,125.0,96.42857142857143,955.3265460164965,789.2913082194495,0.442180744385729,0.37441756623117745,2508.2428571428572,2699.0642857142857,2847.567857142857,0.2115487884753092,0.058119598795790005,0.06977354307384434,275.82802293163894,190.02947847489642,85.79854445674252,0.14085646360067,0.09795463045414876,0.04290183314652124,0.02109704641350211,0.05485232067510549,0.0759493670886076,0.12236286919831224,0.02510460251046025,0.9595141700404858,0.058577405857740586,0.9595141700404858,0.0794979079497908,0.9595141700404858,0.12552301255230125,0.9595141700404858,172.0,113.0,113.0,113.0,237.0,237.0,0,0,,0.0,0.0,0.0,0.0,0,0,226.0,121.0,0,0,-1,0.0,0.0,0.0,0.029411764705882353,110.0,125.0,575.0,-0.0022374431093034053,0.2222156225657122,-101.89824561403509,-0.06452089212200578,0.5789473684210527,-35.37192982456139,-0.03101621880917961,0.5745614035087719,212.64837092731844,0.37198123764011953,0.7105263157894737,-32.31570384294068,-0.07059589131125327,0.49122807017543857,-0.024406101307220138,-0.04630381022924655,0.5526315789473685,0.18057187963073376,0.9467671144349071,0.8508771929824561,326.8982456140351,2716754.0,0.08354659283041635,114,8928.6,0.0,0.5242430706466779,0.24051413868684549,0.39999999999999997,0.47908163265306125,-0.07908163265306128,0.581869430844005,0.4298335377253938,0.47385355555213493,-0.04402001782674114,0.47649609097370293,0.5461254334388663,0.5177964743589744,1,1,-0.06962934246516339,0.02832895907989197,-0.09795830154505536,1,1,0.40421940928270045,0.5,0.41097046413502114,0.0,0.41518987341772157,0.0,0.8244725738396625,0.5,1.3118987341772155,78,0,0,28.0,28.0,225.0,222.38619047619048
2026-05-21,主役は銭形5,2,0.0,0.0,0.0,0.0,0.0,0.0,主役は銭形5,0,0,0,0,0,3F,N,3F,N,3F_N,0.0,0.0,0.0,0.0,0.0,0.0,0.0,0.0,3,21,0.6451612903225806,1,0,0,1,0,1,0,1450.0,-950.0,150.0,-1750.0,-500.0,6726.0,3754.0,3620.0,4996.0,0.4311626523936961,-0.5061267980820459,0.08287292817679558,-0.7005604483586869,-321.42857142857144,-403.57142857142844,-132.14285714285714,920.0802242454845,799.6307526973593,0.5437238144305048,0.47126664166518845,1898.7857142857142,2071.214285714286,2923.5,-0.31715878248918744,-0.22938339009408068,-0.07873017009783452,24.73431762032044,-244.42812303021378,269.1624406505342,-0.08351358946753287,-0.15847645177005792,0.07496286230252505,0.020618556701030927,0.05154639175257732,0.07731958762886598,0.12371134020618557,0.025510204081632654,0.9509803921568627,0.05612244897959184,0.9509803921568627,0.08163265306122448,0.9509803921568627,0.12755102040816327,0.9509803921568627,56.0,56.0,51.0,50.0,194.0,194.0,0,0,194.0,0.0,0.0,0.0,0.0,0,0,365.0,80.0,0,0,7,0.03571428571428571,0.14285714285714285,0.07142857142857142,0.21428571428571427,131.0,2400.0,1300.0,0.937289450475742,0.3482897242169005,1123.1017543859648,0.7111361603932405,0.8508771929824561,-1085.3719298245614,-0.9517188751574588,0.12280701754385964,-501.63734335839604,-0.8775034533076018,0.16666666666666666,-560.8871324143691,-1.2252967544896933,0.08771929824561403,0.3476160595632798,0.6595050906346462,0.8421052631578947,-0.3481356913337629,-1.825330857661233,0.043859649122807015,326.8982456140351,2716754.0,0.08354659283041635,114,8928.6,0.0,0.5619509492447485,0.26928091814359645,0.6418786692759296,0.5944925915571708,0.0473860777187588,0.47187730059588034,0.5276436015939053,0.611485951663312,-0.08384235006940666,0.5900978473581214,0.6038095238095238,0.49378820184790334,1,1,-0.013711676451402366,0.11002132196162046,-0.12373299841302282,1,1,0.4041237113402062,0.5,0.4103092783505155,0.0,0.4154639175257732,0.0,0.8247422680412372,0.5,1.3115463917525774,79,0,0,9.0,9.0,1450.0,1206.4772602739727
2026-05-21,からくりサーカス,7,0.0,0.0,0.0,0.0,0.0,0.0,からくりサーカス,0,0,0,0,0,3F,N,3F,N,3F_N,0.0,0.0,0.0,0.0,0.0,0.0,0.0,0.0,3,21,0.6451612903225806,1,0,0,1,0,1,1,1014.3,4657.1,-1100.0,1871.4,-500.0,15155.0,30673.0,36956.0,33007.0,0.46849224678323986,1.0628239820037166,-0.20835588267128477,0.39688550913442605,122.44285714285704,8.164285714285743,-45.40714285714289,2330.62596874541,1875.7140743264617,0.5853393064702217,0.5125107232252618,2995.542857142857,3291.1428571428573,3594.2392857142854,0.06373452781320753,-0.007607930170898752,-0.02348731538475516,-177.9837384973457,-147.09099640546185,-30.89274209188386,-0.022886963126507703,-0.04627065293035103,0.023383689803843324,0.031545741324921134,0.056782334384858045,0.06624605678233439,0.09779179810725552,0.034482758620689655,0.9694189602446484,0.05956112852664577,0.9694189602446484,0.06896551724137931,0.9694189602446484,0.10031347962382445,0.9694189602446484,7.0,7.0,7.0,7.0,317.0,317.0,0,0,,0.0,0.0,0.0,0.0,0,0,365.0,80.0,0,0,-1,0.06666666666666667,0.08888888888888889,0.08888888888888889,0.13333333333333333,71.0,-3642.8,2114.3,-0.5943317352204768,0.6768481294545247,687.4017543859649,0.4352555254700627,0.7982456140350878,4521.728070175439,3.9649209957096234,1.0,-57.76591478696753,-0.10104867665886912,0.5087719298245614,-149.15141812865494,-0.3258315942708444,0.3333333333333333,0.38494565395282354,0.7303276457322452,0.868421052631579,0.03275761896863211,0.17175341171677858,0.6052631578947368,326.8982456140351,2716754.0,0.08354659283041635,114,8928.6,0.0,0.5297392287155782,0.3830908812816138,0.5833333333333333,0.6079922265709936,-0.02465889323766035,0.5457085281160315,0.6062255317341633,0.6090067593206192,-0.0027812275864559366,0.5953132927447996,0.5189954337899543,0.5942857142857143,1,1,0.07631785895484533,-0.07529028049576003,0.15160813945060536,1,1,0.40630914826498427,0.5,0.41135646687697164,0.0,0.4132492113564669,0.0,0.8195583596214512,0.5,1.3111671924290222,80,0,0,9.0,9.0,1014.3,958.1634259259258
2026-05-21,デビル メイ クライ5 スタイリッシュトライブ,4,0.0,0.0,0.0,0.0,0.0,0.0,デビル メイ クライ5 スタイリッシュトライブ,0,0,0,0,0,3F,N,3F,N,3F_N,0.0,0.0,0.0,0.0,0.0,0.0,0.0,0.0,3,21,0.6451612903225806,1,0,0,1,0,1,1,750.0,1825.0,-175.0,-1575.0,-550.0,12882.0,10728.0,5213.0,9741.0,0.2328830926874709,0.680462341536167,-0.13427968540187993,-0.6467508469356329,575.0,332.14285714285717,417.85714285714283,958.6231445846338,780.1274902853389,0.3186656765058614,0.2771148675852969,3091.057142857143,2843.3642857142854,2891.1428571428573,0.17667723587871698,0.0918365166995984,0.043559946711116244,503.47566806061707,468.1928889046902,35.282779155926846,0.14071763534648402,0.10163869492387928,0.039078940422604735,0.029940119760479042,0.041916167664670656,0.059880239520958084,0.10179640718562874,0.03550295857988166,0.943502824858757,0.047337278106508875,0.943502824858757,0.0650887573964497,0.943502824858757,0.10650887573964497,0.943502824858757,180.0,165.0,165.0,157.0,167.0,167.0,0,0,,0.0,0.0,0.0,0.0,0,0,365.0,197.0,0,0,-1,0.0,0.041666666666666664,0.0,0.041666666666666664,133.0,-1075.0,925.0,-0.44757924884869615,0.3671627780893508,423.1017543859649,0.2679035589559569,0.7543859649122807,1689.6280701754386,1.481566716620136,0.9210526315789473,394.7912280701754,0.6905998338317881,0.7982456140350878,174.8271532999165,0.38192201452894636,0.7017543859649122,0.14933649985705455,0.2833246024278083,0.7192982456140351,0.14570032703414154,0.7639300121393766,0.8157894736842105,326.8982456140351,2716754.0,0.08354659283041635,114,8928.6,0.0,0.5174968556258853,0.2844188513536614,0.36160714285714285,0.45893715659340667,-0.09733001373626382,0.6091409852681394,0.3346232755198424,0.4378099207939738,-0.1031866452741314,0.4534695512820513,0.5263641519379224,0.510461836770668,1,1,-0.07289460065587111,0.015902315167254377,-0.08879691582312549,1,1,0.4059880239520958,0.5,0.40838323353293415,0.0,0.4119760479041916,0.0,0.8203592814371258,0.5,1.3080239520958084,81,0,0,8.0,8.0,750.0,646.1335069444444
2026-05-21,かぐや様は告らせたい,10,0.0,0.0,0.0,0.0,0.0,0.0,かぐや様は告らせたい,0,0,0,0,0,3F,N,3F,N,3F_N,0.0,0.0,0.0,0.0,0.0,0.0,0.0,0.0,3,21,0.6451612903225806,1,0,0,1,0,1,1,-30.0,310.0,-1770.0,-1600.0,-480.0,29673.0,52198.0,67481.0,57274.0,-0.01011020119300374,0.05938924863021572,-0.26229605370400555,-0.2793588713901596,-351.42857142857184,-387.14285714285717,-5.000000000000033,729.9184559805027,759.5993738749436,0.23084266344513732,0.195777183567019,4037.914285714286,4415.092857142857,4614.832142857143,-0.13984532055806786,-0.09902178919803949,-0.040695984739132794,-428.94180286377093,-232.2430881929303,-196.69871467084064,-0.15835615716200688,-0.08960586230945586,-0.06875029485255102,0.031545741324921134,0.04416403785488959,0.056782334384858045,0.07255520504731862,0.034482758620689655,0.9694189602446484,0.047021943573667714,0.9694189602446484,0.05956112852664577,0.9694189602446484,0.07523510971786834,0.9694189602446484,24.0,24.0,24.0,24.0,317.0,317.0,0,0,,0.0,0.0,0.0,0.0,0,0,365.0,80.0,0,0,-1,0.022222222222222223,0.06666666666666667,0.044444444444444446,0.08888888888888889,158.0,-340.0,1740.0,-0.06949944982321946,0.2521858525110018,-356.8982456140351,-0.22598419693130195,0.4649122807017544,174.6280701754386,0.15312431246047623,0.6754385964912281,-531.6373433583964,-0.9299818103274067,0.14912280701754385,-544.4585609857978,-1.18940740333685,0.10526315789473684,-0.09365679402342009,-0.17768779874142152,0.4649122807017544,-0.1708222294026433,-0.895648146010392,0.16666666666666666,326.8982456140351,2716754.0,0.08354659283041635,114,8928.6,0.0,0.5561662773404812,0.26138479993012853,0.6607142857142857,0.5657411937377691,0.0949730919765166,0.5133715393679227,0.6748897516579085,0.5997743944595558,0.07511535719835272,0.5609018264840183,0.5664579256360078,0.6295238095238095,1,1,-0.005556099151989513,-0.06306588388780165,0.05750978473581214,1,1,0.40630914826498427,0.5,0.40883280757097795,0.0,0.41135646687697164,0.0,0.8145110410094638,0.5,1.3059936908517353,82,0,0,39.0,39.0,-30.0,-20.36898148148148
2026-05-21,ダーリン・イン・ザ・フランキス,3,0.0,0.0,0.0,0.0,0.0,0.0,ダーリン・イン・ザ・フランキス,0,0,0,0,0,3F,N,3F,N,3F_N,0.0,0.0,0.0,0.0,0.0,0.0,0.0,0.0,3,21,0.6451612903225806,1,0,0,1,0,1,1,1766.7,-2233.3,5733.3,2633.3,166.7,18272.0,18296.0,16589.0,10300.0,0.290061295971979,-0.36620026235242675,1.036831635421062,0.7669902912621359,-828.5714285714286,23.807142857142935,350.00000000000006,1693.5091306852428,2367.496650786124,0.4255012356009669,0.5708277126497092,4487.042857142857,3954.907142857143,3822.625,-0.2894631123627197,-0.12462598747184883,0.020018688454384388,-339.16756666000214,-81.19069073883404,-257.97687592116813,-0.16937527942172448,-0.10464240471893047,-0.06473287470279401,0.011049723756906077,0.049723756906077346,0.06629834254143646,0.07734806629834254,0.01639344262295082,0.9476439790575916,0.0546448087431694,0.9476439790575916,0.07103825136612021,0.9476439790575916,0.08196721311475409,0.9476439790575916,122.0,122.0,117.0,117.0,181.0,181.0,0,0,,0.0,0.0,0.0,0.0,0,0,365.0,197.0,0,0,-1,0.0,0.038461538461538464,0.0,0.038461538461538464,163.0,4000.0,-3966.6000000000004,0.6562615583244058,-0.746770339449083,1439.801754385965,0.9116672530720802,0.8596491228070176,-2368.6719298245616,-2.0769928931495985,0.017543859649122806,-1008.7802005012531,-1.7646375838804838,0.03508771929824561,-133.50856098579774,-0.2916586903470499,0.3508771929824561,0.20651470314156264,0.3918043895436598,0.7719298245614035,-0.32044002120729514,-1.6801180496559163,0.06140350877192982,326.8982456140351,2716754.0,0.08354659283041635,114,8928.6,0.0,0.6068347595889757,0.40726170349499835,0.6950959488272922,0.5453091684434969,0.14978678038379534,0.6694204343725171,0.5779292508375029,0.5914036756913096,-0.013474424853806677,0.5736016885270616,0.5816188325563325,0.633277287375648,1,1,-0.008017144029270895,-0.051658454819315525,0.04364131079004463,1,1,0.4022099447513812,0.5,0.4099447513812155,0.0,0.4132596685082873,0.0,0.8154696132596686,0.5,1.3043093922651936,83,0,0,6.0,6.0,1766.7,1515.7825159914712
2026-05-21,グランベルム,2,0.0,0.0,0.0,0.0,0.0,0.0,グランベルム,0,0,0,0,0,3F,N,3F,N,3F_N,0.0,0.0,0.0,0.0,0.0,0.0,0.0,0.0,3,21,0.6451612903225806,1,0,0,1,0,1,1,-750.0,-1500.0,-1900.0,2200.0,950.0,6239.0,3165.0,8953.0,10043.0,-0.24042314473473314,-0.9478672985781991,-0.4244387356193455,0.43811610076670315,857.1428571428571,385.7142857142857,283.92857142857144,1788.022317960213,1576.562542542936,0.7459669058449017,0.5842311952987871,2738.6428571428573,3193.6785714285716,3504.285714285714,0.25343383218892707,0.10959875766040343,0.057415810449354905,514.4716594643977,397.28252735761356,117.18913210678414,0.1408095381860881,0.10012790623198073,0.04068163195410737,0.008264462809917356,0.01652892561983471,0.05371900826446281,0.11570247933884298,0.012295081967213115,0.9603174603174603,0.020491803278688523,0.9603174603174603,0.05737704918032787,0.9603174603174603,0.11885245901639344,0.9603174603174603,52.0,34.0,34.0,4.0,242.0,242.0,0,0,,0.0,0.0,0.0,0.0,0,0,365.0,365.0,0,0,-1,0.029411764705882353,0.08823529411764706,0.029411764705882353,0.14705882352941177,140.0,750.0,1150.0,0.7074441538434659,0.18401559088461233,-1076.8982456140352,-0.6818805869810795,0.21929824561403508,-1635.3719298245614,-1.4339916951494145,0.07456140350877193,676.9340852130325,1.1841462867561379,0.9035087719298246,228.39858187134504,0.4989525074186531,0.7456140350877193,-0.32396973756514946,-0.6146427509828325,0.22807017543859648,0.22245692334435163,1.1663770673014138,0.8771929824561403,326.8982456140351,2716754.0,0.08354659283041635,114,8928.6,0.0,0.5049093146122745,0.3677552222240631,0.3829365079365079,0.4563899760817569,-0.073453468145249,0.48571928491895827,0.4517677769858944,0.46449867717881255,-0.012730900192918171,0.48578132927448,0.6023287671232876,0.5219047619047619,1,1,-0.11654743784880767,0.08042400521852577,-0.19697144306733344,1,1,0.4016528925619835,0.5,0.403305785123967,0.0,0.4107438016528926,0.0,0.8231404958677686,0.5,1.3,84,0,0,59.0,59.0,-750.0,-565.5497222222223
2026-05-21,ディスクアップ2,2,0.0,0.0,0.0,0.0,0.0,0.0,ディスクアップ2,0,0,0,1,1,3F,A,3F,A,3F_A,0.0,0.0,0.0,0.0,0.0,0.0,0.0,0.0,3,21,0.6451612903225806,1,0,0,1,1,0,1,-650.0,1700.0,-300.0,-500.0,2000.0,12839.0,13289.0,10046.0,9099.0,-0.10125399174390529,0.25585070358943485,-0.059725263786581724,-0.10990218705352237,457.14285714285717,450.0,332.14285714285717,1127.840329800194,882.9583142002704,0.20128830941346257,0.1563287308604135,5787.428571428572,5877.214285714285,5599.517857142857,0.08894502717323585,0.08138800099485854,0.07309388557486272,209.54444208068077,318.15385434200596,-108.60941226132519,0.044334528429231544,0.06328465111260206,-0.01895012268337052,0.00946372239747634,0.01892744479495268,0.03470031545741325,0.07255520504731862,0.012539184952978056,0.9694189602446484,0.0219435736677116,0.9694189602446484,0.03761755485893417,0.9694189602446484,0.07523510971786834,0.9694189602446484,188.0,69.0,23.0,3.0,317.0,317.0,0,0,,0.0,0.0,0.0,0.0,0,0,365.0,290.0,0,0,-1,0.0,0.044444444444444446,0.022222222222222223,0.044444444444444446,108.0,-2350.0,-350.0,-0.3571046953333401,-0.04152872795732356,-976.8982456140351,-0.6185616439186102,0.23684210526315788,1564.6280701754386,1.3719592575310553,0.9122807017543859,276.93408521303263,0.4844348598254143,0.7280701754385965,292.6842961570593,0.6393890988863011,0.8157894736842105,-0.18480058457432164,-0.3506078701661285,0.3333333333333333,0.05796811832866043,0.3039360737202294,0.6842105263157895,326.8982456140351,2716754.0,0.08354659283041635,114,8928.6,0.0,0.5005133241727436,0.26358949342096427,0.43849206349206354,0.4209542835399,0.017537779952163546,0.5321439608053696,0.5046767216598391,0.44124447799389155,0.06343224366594757,0.41480847285641803,0.5011480756686236,0.5385714285714286,1,1,-0.0863396028122056,-0.03742335290280496,-0.04891624990940063,1,1,0.4018927444794953,0.5,0.4037854889589906,0.0,0.4069400630914827,0.0,0.8145110410094638,0.5,1.294889589905363,85,0,0,57.0,56.0,-650.0,-485.5497222222222
2026-05-21,革命機ヴァルヴレイヴ2,20,0.0,0.0,0.0,0.0,0.0,0.0,革命機ヴァルヴレイヴ2,0,0,0,0,0,3F,N,3F,N,3F_N,0.0,0.0,0.0,0.0,0.0,0.0,0.0,0.0,3,21,0.6451612903225806,1,0,0,1,0,1,0,520.0,90.0,-2260.0,-975.0,-430.0,75961.0,54088.0,129841.0,122822.0,0.13691236292307896,0.03327910072474486,-0.34811808288599133,-0.1587663447916497,33.57142857142863,-31.785714285714352,8.75,435.18879318554144,842.7738248072366,0.130797667758151,0.17981482418904293,3528.6428571428573,4019.9000000000005,4656.742857142857,-0.0009654583401284912,-0.009366403252719892,-0.00851690386390225,42.71438130112767,4.626919562471507,38.08746173865617,-0.003672474133717213,-0.008006901828896197,0.004334427695178984,0.01015228426395939,0.02030456852791878,0.030456852791878174,0.05583756345177665,0.01507537688442211,0.9516908212560387,0.02512562814070352,0.9516908212560387,0.035175879396984924,0.9516908212560387,0.06030150753768844,0.9516908212560387,59.0,26.0,26.0,26.0,197.0,197.0,0,0,197.0,0.0,0.0,0.0,0.0,0,0,365.0,80.0,0,0,7,0.0,0.0,0.0,0.07142857142857142,165.0,430.0,2780.0,0.1036332621983341,0.4850304458090703,193.1017543859649,0.12226998991227801,0.6578947368421053,-45.37192982456139,-0.03978481553630608,0.5526315789473685,-146.63734335839592,-0.25650956190658425,0.4298245614035088,-189.10141812865504,-0.41310513383512865,0.2982456140350877,0.05336577009266261,0.10124675219541251,0.631578947368421,-0.03194236718470392,-0.1674789168143274,0.4473684210526316,326.8982456140351,2716754.0,0.08354659283041635,114,8928.6,0.0,0.5487552223931076,0.2670886751602555,0.5376984126984127,0.5035401717764731,0.03415824092193953,0.5611053480254975,0.5340452189063629,0.5148850187033891,0.01916020020297382,0.506957128361238,0.4949967384213959,0.5333333333333333,1,1,0.011960389939842053,-0.038336594911937416,0.05029698485177947,1,1,0.4020304568527919,0.5,0.4040609137055838,0.0,0.40609137055837563,0.0,0.8111675126903554,0.5,1.2934010152284263,86,0,0,24.0,24.0,520.0,511.5183265582656
2026-05-21,マジカルハロウィン8,1,0.0,0.0,0.0,0.0,0.0,0.0,マジカルハロウィン8,0,0,0,1,1,3F,A,3F,A,3F_A,0.0,0.0,0.0,0.0,0.0,0.0,0.0,0.0,3,21,0.6451612903225806,1,0,0,1,1,0,1,-200.0,100.0,-2500.0,-300.0,-200.0,1823.0,480.0,4756.0,4288.0,-0.10970927043335162,0.20833333333333334,-0.5256518082422204,-0.06996268656716417,-114.28571428571429,142.85714285714286,442.85714285714283,425.944329025014,1126.4063249073185,0.31616306465216865,0.3459452718249555,2499.285714285714,3096.285714285714,3922.1428571428573,0.033813447598044825,0.0714343707548649,0.10613504766448423,25.868863748005367,245.9784404539496,-220.10957670594422,0.07822467187503417,0.07894764240135693,-0.0007229705263227665,0.0031545741324921135,0.015772870662460567,0.028391167192429023,0.06624605678233439,0.006269592476489028,0.9694189602446484,0.018808777429467086,0.9694189602446484,0.03134796238244514,0.9694189602446484,0.06896551724137931,0.9694189602446484,58.0,28.0,28.0,28.0,317.0,317.0,0,0,,0.0,0.0,0.0,0.0,0,0,365.0,365.0,0,0,-1,0.0,0.022222222222222223,0.022222222222222223,0.06666666666666667,144.0,-300.0,2300.0,-0.318042603766685,0.41594253780886875,-526.8982456140351,-0.3336264001374994,0.38596491228070173,-35.37192982456139,-0.03101621880917961,0.5745614035087719,-294.49448621553887,-0.5151528929327627,0.2807017543859649,-14.458560985797817,-0.03158572701468433,0.5175438596491229,-0.19325586326376798,-0.36664941711142834,0.32456140350877194,0.002836538753469401,0.014872424300488523,0.5263157894736842,326.8982456140351,2716754.0,0.08354659283041635,114,8928.6,0.0,0.459026135720443,0.238591706139384,0.5555555555555556,0.40603256142639704,0.14952299412915854,0.508986719127408,0.5212201405557284,0.44620339313258583,0.07501674742314257,0.41640664637239977,0.4720091324200913,0.4576190476190476,1,1,-0.055602486047691524,0.014390084801043701,-0.06999257084873522,1,1,0.40063091482649843,0.5,0.4031545741324921,0.0,0.4056782334384858,0.0,0.8132492113564669,0.5,1.2918611987381703,87,0,0,47.0,45.0,-200.0,-75.91620370370369
2026-05-21,沖ドキ!DUO アンコール,9,0.0,0.0,0.0,0.0,0.0,0.0,沖ドキ!DUO アンコール,0,0,1,0,0,3F,N,3F,N,3F_N,0.0,0.0,0.0,0.0,0.0,0.0,0.0,0.0,3,21,0.6451612903225806,1,0,0,1,0,1,0,-411.1,-233.3,500.0,311.1,-344.4,14694.0,19445.0,47652.0,30148.0,-0.2518034571934123,-0.10799691437387503,0.09443465122135482,0.09287514926363274,828.5857142857143,547.6285714285715,65.48214285714289,1788.4556759287898,1371.3834191056133,0.6405380752603924,0.4871997566143828,2289.3,2810.907142857143,3472.4928571428572,0.25528331275946503,0.1622705645610884,0.020133967982527163,670.7651109258082,379.4666132754869,291.29849765032134,0.2150090475128021,0.12531090530566197,0.08969814220714012,0.0,0.006666666666666667,0.03333333333333333,0.06666666666666667,0.006578947368421052,0.9375,0.013157894736842105,0.9375,0.039473684210526314,0.9375,0.07236842105263158,0.9375,365.0,4.0,4.0,2.0,150.0,150.0,0,0,150.0,0.0,0.0,0.0,0.0,0,0,128.0,31.0,0,0,7,0.0,0.0,0.0,0.0,100.0,-177.8,-911.1,-0.14380654281953725,-0.3462381084147671,-737.9982456140351,-0.46729268894237164,0.32456140350877194,-368.6719298245614,-0.3232735477243048,0.40350877192982454,648.3769423558897,1.134191888812048,0.8771929824561403,390.3128675856308,0.8526654691285029,0.8771929824561403,-0.33535005002382867,-0.6362337384905473,0.21052631578947367,0.2243064039148896,1.1760741883955315,0.8859649122807017,326.8982456140351,2716754.0,0.08354659283041635,114,8928.6,0.0,0.5557419396032154,0.334908328839533,0.44642857142857145,0.556622363557295,-0.11019379212872354,0.6062968058586834,0.47011751681255676,0.5092701700766079,-0.03915265326405115,0.5729388635210552,0.512348336594912,0.5685714285714286,1,1,0.060590526926143196,-0.05622309197651665,0.11681361890265984,1,1,0.4,0.5,0.4013333333333334,0.0,0.4066666666666667,0.0,0.8133333333333334,0.5,1.2904,88,0,0,52.0,52.0,-411.1,-380.39729532163744
2026-05-21,ファンキージャグラー2,24,0.0,0.0,0.0,0.0,0.0,0.0,ファンキージャグラー2,1,0,0,0,1,3F,A,3F,A,3F_A,0.0,0.0,0.0,0.0,0.0,0.0,0.0,0.0,3,21,0.6451612903225806,1,0,0,1,1,0,1,-62.5,79.2,291.7,154.2,91.7,77925.0,74159.0,164907.0,143611.0,-0.019249278152069296,0.025620625952345637,0.042448167755158965,0.025764043144327384,83.34285714285716,279.1714285714286,203.57142857142858,206.6713724502659,731.9354105894357,0.03870086817545204,0.08359831403429083,3854.7571428571428,4383.421428571428,4541.114285714286,0.023410263452454845,0.04308408296822104,0.03466061518620071,86.80126632963342,168.9496178570619,-82.14835152742847,0.020641960589766372,0.029248064733134262,-0.00860610414336789,0.012618296529968454,0.015772870662460567,0.025236593059936908,0.028391167192429023,0.01567398119122257,0.9694189602446484,0.018808777429467086,0.9694189602446484,0.02821316614420063,0.9694189602446484,0.03134796238244514,0.9694189602446484,50.0,12.0,12.0,12.0,317.0,317.0,0,0,,0.0,0.0,0.0,0.0,0,0,365.0,365.0,0,0,-1,0.022222222222222223,0.044444444444444446,0.022222222222222223,0.06666666666666667,95.0,-141.7,-354.2,-0.04486990410441494,-0.06169744590722826,-389.3982456140351,-0.2465628534266044,0.43859649122807015,-56.17192982456139,-0.04925490000160266,0.543859649122807,-96.86591478696741,-0.16944546864134716,0.4824561403508772,121.8557247284879,0.26620226315960427,0.6666666666666666,-0.10279587098248565,-0.19502666330877716,0.43859649122807015,-0.007566645392120579,-0.03967312650508005,0.5,326.8982456140351,2716754.0,0.08354659283041635,114,8928.6,0.0,0.4539251063059507,0.16536426411211047,0.5,0.4481137203739944,0.051886279626005616,0.4133182789861568,0.49983083553470753,0.4629227587534431,0.036908076781264454,0.4392440385591071,0.4618982387475538,0.4395238095238095,1,1,-0.022654200188446716,0.02237442922374433,-0.045028629412191046,1,1,0.4025236593059937,0.5,0.4031545741324921,0.0,0.4050473186119874,0.0,0.8056782334384859,0.5,1.2903470031545743,89,0,0,42.0,42.0,-62.5,-57.70915532879818
2026-05-21,ゴブリンスレイヤーII,3,0.0,0.0,0.0,0.0,0.0,0.0,ゴブリンスレイヤーII,0,0,0,0,0,3F,N,3F,N,3F_N,0.0,0.0,0.0,0.0,0.0,0.0,0.0,0.0,3,21,0.6451612903225806,1,0,0,1,0,1,0,3333.3,1300.0,-833.3,-228.6,-1166.7,10901.0,5118.0,3354.0,15161.0,0.9173470323823503,0.7620164126611958,-0.7453786523553966,-0.10553393575621661,109.49999999999987,-59.53571428571422,-92.52499999999998,1910.5737663504826,1424.5279107923345,0.9349778512814781,0.6915536512376567,1890.7999999999997,1759.542857142857,1593.1464285714287,-0.15623798808829864,-0.1748276781585809,-0.15028777848869646,311.2885785547562,-8.72330870303773,320.01188725779394,-0.17277121562937792,-0.1796026536341377,0.006831438004759771,0.0,0.0,0.03896103896103896,0.06493506493506493,0.012658227848101266,0.8850574712643678,0.012658227848101266,0.8850574712643678,0.05063291139240506,0.8850574712643678,0.0759493670886076,0.8850574712643678,365.0,365.0,32.0,32.0,77.0,77.0,0,0,77.0,0.0,0.0,0.0,0.0,0,0,365.0,45.0,0,0,6,0.0,0.0,0.0,0.0,139.0,2033.3000000000002,4166.6,0.15533061972115447,1.662725684737747,3006.401754385965,1.9036218150887207,0.956140350877193,1164.6280701754386,1.0212153884459965,0.8859649122807017,-70.70877192982469,-0.12368933925884186,0.49122807017543857,-216.8514181286549,-0.47372692915199643,0.2631578947368421,0.833800439551934,1.5819051488839613,0.9385964912280702,-0.18721489693287408,-0.981597511809904,0.12280701754385964,326.8982456140351,2716754.0,0.08354659283041635,114,8928.6,0.0,0.6066002490660024,0.34380889704403633,0.5381604696673189,0.5696812971764048,-0.031520827509085914,0.6613769791851983,0.5375029544503087,0.5736081808377774,-0.036105226387468714,0.5788454011741684,0.6466666666666666,0.584873949579832,1,1,-0.06782126549249823,0.06179271708683465,-0.12961398257933288,1,1,0.4,0.5,0.4,0.0,0.4077922077922078,0.0,0.812987012987013,0.5,1.28987012987013,90,0,0,3.0,3.0,3333.3,2890.3123287671233
2026-05-21,ウルトラミラクルジャグラー,5,0.0,0.0,0.0,0.0,0.0,0.0,ウルトラミラクルジャグラー,1,0,0,0,1,3F,A,3F,A,3F_A,0.0,0.0,0.0,0.0,0.0,0.0,0.0,0.0,3,21,0.6451612903225806,1,0,0,1,1,0,1,100.0,-240.0,1220.0,460.0,700.0,17439.0,12921.0,36186.0,36892.0,0.028671368771145133,-0.09287206872533085,0.16857348145691703,0.06234413965087282,-157.14285714285714,87.14285714285714,261.42857142857144,483.2430129073867,499.4524474389405,0.11681374634002192,0.09761176985870679,4079.0,4635.385714285714,4861.157142857142,-0.02444075870115181,0.016445096431245195,0.02418680390758086,-0.39333246059654314,119.36024899558005,-119.75358145617659,0.011268918907652671,0.0174028085712581,-0.0061338896636054276,0.006309148264984227,0.015772870662460567,0.022082018927444796,0.031545741324921134,0.009404388714733543,0.9694189602446484,0.018808777429467086,0.9694189602446484,0.025078369905956112,0.9694189602446484,0.034482758620689655,0.9694189602446484,158.0,25.0,25.0,25.0,317.0,317.0,0,0,,0.0,0.0,0.0,0.0,0,0,365.0,365.0,0,0,-1,0.0,0.0,0.0,0.0,87.0,340.0,-1120.0,0.12154343749647599,-0.1399021126857719,-226.8982456140351,-0.14366957095009214,0.5307017543859649,-375.3719298245614,-0.3291485075314795,0.39473684210526316,-337.3516290726817,-0.5901219743896259,0.2631578947368421,-70.17284670008354,-0.1532974396199794,0.4298245614035088,-0.05487522405927121,-0.1041105225756064,0.5263157894736842,-0.05541766754572723,-0.2905636541984085,0.3508771929824561,326.8982456140351,2716754.0,0.08354659283041635,114,8928.6,0.0,0.49516459307019633,0.20560638994566158,0.5793650793650793,0.4631373668188737,0.11622771254620562,0.5021447959672762,0.5043235451454853,0.4702286057976391,0.03409493934784619,0.4715309487569762,0.4219569471624266,0.4695238095238095,1,1,0.04957400159454961,-0.04756686236138291,0.09714086395593252,1,1,0.4012618296529969,0.5,0.4031545741324921,0.0,0.404416403785489,0.0,0.8063091482649842,0.5,1.2889589905362775,91,0,0,34.0,34.0,100.0,106.56830808080808
2026-05-21,この素晴らしい世界に祝福を！,3,0.0,0.0,0.0,0.0,0.0,0.0,この素晴らしい世界に祝福を！,0,0,0,0,0,3F,N,3F,N,3F_N,0.0,0.0,0.0,0.0,0.0,0.0,0.0,0.0,3,21,0.6451612903225806,1,0,0,1,0,1,1,0.0,-633.3,200.0,1766.7,-533.3,6576.0,6251.0,10152.0,14175.0,0.0,-0.303951367781155,0.0591016548463357,0.37389770723104054,-199.98571428571432,-21.421428571428578,235.71785714285716,551.764845529239,784.5301358908262,0.2881092508911395,0.30060178323817616,2579.714285714286,2839.8857142857137,3359.621428571429,-0.15378720543276306,-0.0801038016225191,0.033409985685843635,-197.81735805078137,-10.461058347299259,-187.3562997034821,-0.15194492449030667,-0.06744038143106525,-0.08450454305924142,0.0,0.00946372239747634,0.01892744479495268,0.06309148264984227,0.003134796238244514,0.9694189602446484,0.012539184952978056,0.9694189602446484,0.0219435736677116,0.9694189602446484,0.06583072100313479,0.9694189602446484,365.0,15.0,15.0,15.0,317.0,317.0,0,0,,0.0,0.0,0.0,0.0,0,0,108.0,150.0,0,0,-1,0.0,0.0,0.0,0.044444444444444446,100.0,633.3,-200.0,0.303951367781155,-0.0591016548463357,-326.8982456140351,-0.20698851401256121,0.4824561403508772,-768.6719298245614,-0.6740174168093636,0.14912280701754385,-380.19448621553886,-0.6650660661526702,0.23684210526315788,-178.73713241436926,-0.39046363447739985,0.30701754385964913,-0.08354659283041635,-0.15850649520066076,0.4824561403508772,-0.1847641142773385,-0.9687476681485678,0.14035087719298245,326.8982456140351,2716754.0,0.08354659283041635,114,8928.6,0.0,0.4822203264654426,0.2921350678075088,0.6428571428571429,0.4661475320721896,0.17670961078495329,0.457176846378099,0.6394245124708865,0.5394939606289851,0.09993055184190136,0.479363267376966,0.5318460534898891,0.5399999999999999,1,1,-0.05248278611292312,-0.00815394651011081,-0.04432883960281231,1,1,0.4,0.5,0.4018927444794953,0.0,0.4037854889589906,0.0,0.8126182965299685,0.5,1.288832807570978,92,0,0,37.0,38.0,0.0,24.60734126984127
2026-05-21,戦国†恋姫,1,0.0,0.0,0.0,0.0,0.0,0.0,戦国†恋姫,0,0,0,1,1,3F,A,3F,A,3F_A,0.0,0.0,0.0,0.0,0.0,0.0,0.0,0.0,3,21,0.6451612903225806,1,0,0,1,1,0,0,-900.0,1500.0,0.0,300.0,-100.0,4530.0,4297.0,1230.0,5655.0,-0.1986754966887417,0.3490807540144287,0.0,0.05305039787798409,-214.28571428571428,521.4285714285714,335.7142857142857,1013.9503134252863,1960.054383636634,0.22888947845183175,0.3785469959885046,4180.0,4170.285714285715,4310.857142857143,-0.021706553266936303,0.09916364531382008,0.061889455798812554,-211.5838404757409,152.0888999410954,-363.6727404168363,-0.031910155234414234,0.019568558208397507,-0.05147871344281174,0.005405405405405406,0.010810810810810811,0.016216216216216217,0.04864864864864865,0.0106951871657754,0.9487179487179487,0.016042780748663103,0.9487179487179487,0.0213903743315508,0.9487179487179487,0.053475935828877004,0.9487179487179487,12.0,12.0,11.0,11.0,185.0,185.0,0,0,185.0,0.0,0.0,0.0,0.0,0,0,365.0,365.0,0,0,7,0.0,0.0,0.0,0.038461538461538464,72.0,-2400.0,-900.0,-0.5477562507031704,-0.1986754966887417,-1226.8982456140352,-0.776859001574783,0.20175438596491227,1364.6280701754386,1.1965873229885258,0.8947368421052632,-394.4944862155388,-0.6900807496654435,0.22807017543859648,364.11286758563074,0.7954297560725769,0.8508771929824561,-0.28222208951915806,-0.5354381640516501,0.2894736842105263,-0.05268346211151173,-0.2762277797836425,0.38596491228070173,326.8982456140351,2716754.0,0.08354659283041635,114,8928.6,0.0,0.5033434791367729,0.3347817154126407,0.5853174603174603,0.48375326157860404,0.1015641987388563,0.4814732900867854,0.6012564275516807,0.5193600030990431,0.08189642445263767,0.4944254185692542,0.4867318982387475,0.509047619047619,1,1,0.007693520330506687,-0.022315720808871453,0.03000924113937814,1,1,0.4010810810810811,0.5,0.40216216216216216,0.0,0.4032432432432433,0.0,0.8097297297297298,0.5,1.2886486486486488,93,0,0,60.0,58.0,-900.0,-542.5828703703704
2026-05-21,ビッグドリーム THE GOLDEN PUSHER,7,0.0,0.0,0.0,0.0,0.0,0.0,ビッグドリーム THE GOLDEN PUSHER,0,0,0,0,0,3F,N,3F,N,3F_N,0.0,0.0,0.0,0.0,0.0,0.0,0.0,0.0,3,21,0.6451612903225806,1,0,0,1,0,1,0,-2628.6,-1142.9,0.0,0.0,842.9,28622.0,30530.0,0.0,0.0,-0.6428621340227797,-0.26203734032099574,0.0,0.0,-861.2285714285715,-1027.15,-1027.15,2521.3502042320406,2203.5033178252006,0.4645286113223485,0.39431706173005066,5328.342857142858,5661.95,5661.95,-0.14915624757243665,-0.16607212674053104,-0.16607212674053104,-777.1083045959472,-1735.7564307619743,958.6481261660272,-0.1437528322994996,-0.2613715347484671,0.1176187024489675,0.0,0.0,0.0,0.1,0.08333333333333333,0.5,0.08333333333333333,0.5,0.08333333333333333,0.5,0.16666666666666666,0.5,365.0,365.0,365.0,2.0,10.0,10.0,0,0,10.0,0.0,0.0,0.0,0.0,0,0,365.0,365.0,0,0,4,0.0,0.0,0.0,0.0,67.0,-1485.6999999999998,-2628.6,-0.38082479370178396,-0.6428621340227797,-2955.498245614035,-1.8713902513526235,0.008771929824561403,-1278.2719298245615,-1.1208651060237285,0.10526315789473684,-1041.437343358396,-1.8217640239506134,0.02631578947368421,-1184.4657038429407,-2.587547295791599,0.008771929824561403,-0.726408726853196,-1.3781591501928447,0.043859649122807015,-0.18013315641701208,-0.9444668187745845,0.14912280701754385,326.8982456140351,2716754.0,0.08354659283041635,114,8928.6,0.0,0.6722222222222223,0.419598737053836,0.5992063492063492,0.6722222222222223,-0.07301587301587309,0.9305555555555556,0.5851996739705404,0.8232973374708863,-0.2380976635003459,0.6722222222222223,0.5,0.5,0,0,0.0,0.0,0.0,1,1,0.4,0.5,0.4,0.0,0.4,0.0,0.8200000000000001,0.5,1.2880000000000003,94,0,0,72.0,72.0,-2628.6,-2441.876574074074
2026-05-21,ハッピージャグラーVIII,10,0.0,0.0,0.0,0.0,0.0,0.0,ハッピージャグラーVIII,1,0,0,0,1,3F,A,3F,A,3F_A,0.0,0.0,0.0,0.0,0.0,0.0,0.0,0.0,3,21,0.6451612903225806,1,0,0,1,1,0,1,-230.0,-170.0,-10.0,630.0,270.0,30666.0,21908.0,58377.0,62467.0,-0.07500163047022762,-0.07759722475807924,-0.0017130034088767836,0.10085325051627259,38.57142857142857,72.85714285714286,163.21428571428572,218.81716655909764,204.99262918938558,0.06417554650328651,0.06533600341129542,3719.671428571429,3890.15,4377.721428571429,-0.003632495387043288,0.012231506134586331,0.022737341304805925,40.991102141184996,119.45117096817305,-78.46006882698805,0.002706915952439895,0.01674045775336291,-0.014033541800923015,0.006309148264984227,0.00946372239747634,0.01892744479495268,0.03470031545741325,0.009404388714733543,0.9694189602446484,0.012539184952978056,0.9694189602446484,0.0219435736677116,0.9694189602446484,0.03761755485893417,0.9694189602446484,147.0,55.0,18.0,18.0,317.0,317.0,0,0,,0.0,0.0,0.0,0.0,0,0,365.0,365.0,0,0,-1,0.022222222222222223,0.022222222222222223,0.022222222222222223,0.022222222222222223,99.0,-60.0,-220.0,0.002595594287851624,-0.07328862706135084,-556.8982456140351,-0.3526220830562401,0.35964912280701755,-305.3719298245614,-0.26776833044159426,0.4298245614035088,-141.63734335839598,-0.2477631690699503,0.43859649122807015,-84.45856098579782,-0.18450557105723453,0.41228070175438597,-0.15854822330064397,-0.3008012935570909,0.37719298245614036,-0.034609404231618714,-0.18146261668034322,0.4298245614035088,326.8982456140351,2716754.0,0.08354659283041635,114,8928.6,0.0,0.45766097648936527,0.13821954095016653,0.5178571428571429,0.4742878886714503,0.04356925418569263,0.42826323222906637,0.5119287600755982,0.476018265821201,0.035910494254397185,0.4746321664129883,0.4296412263535551,0.4857142857142857,1,1,0.04499094005943316,-0.05607305936073059,0.10106399942016375,1,1,0.4012618296529969,0.5,0.4018927444794953,0.0,0.4037854889589906,0.0,0.8069400630914827,0.5,1.2878233438485807,95,0,0,50.0,50.0,-230.0,-210.84517195767194
2026-05-21,ハイパーラッシュ,2,0.0,0.0,0.0,0.0,0.0,0.0,ハイパーラッシュ,0,0,0,1,1,3F,A,3F,A,3F_A,0.0,0.0,0.0,0.0,0.0,0.0,0.0,0.0,3,21,0.6451612903225806,1,0,0,1,1,0,1,1400.0,-350.0,-600.0,1850.0,-200.0,9451.0,4103.0,5295.0,6388.0,0.2962649455084118,-0.17060687301974164,-0.22662889518413598,0.5792110206637445,714.2857142857143,414.2857142857143,326.7857142857143,1941.5874702835065,1404.4474100059883,0.3124705846926178,0.24213692166853237,4683.142857142857,4558.642857142857,4066.5535714285716,0.08443822691883661,0.06006445501264985,0.04181454388471408,567.6602193793101,402.3996588673855,165.2605605119246,0.07438582924597813,0.04897308683912125,0.025412742406856877,0.0,0.0,0.025,0.05,0.00819672131147541,0.9230769230769231,0.00819672131147541,0.9230769230769231,0.03278688524590164,0.9230769230769231,0.05737704918032787,0.9230769230769231,365.0,365.0,284.0,198.0,120.0,120.0,0,0,,0.0,0.0,0.0,0.0,0,0,365.0,226.0,0,0,-1,0.0,0.0,0.0,0.0,82.0,1750.0,2000.0,0.46687181852815346,0.5228938406925479,1073.1017543859648,0.6794766888620059,0.8421052631578947,-485.3719298245614,-0.42560307152987065,0.3026315789473684,534.0769423558897,0.9342493485665938,0.8421052631578947,256.9700104427736,0.5613687702931635,0.7543859649122807,0.21271835267799546,0.40357409447308906,0.7807017543859649,0.05346131807426119,0.28030620244172366,0.6666666666666666,326.8982456140351,2716754.0,0.08354659283041635,114,8928.6,0.0,0.4753162136321339,0.27624582524947305,0.4309133489461358,0.46632545138626574,-0.03541210244012993,0.49919693974220475,0.4276569585816201,0.4761323697361178,-0.04847541115449766,0.46700792129384805,0.5588541666666667,0.4052579365079365,1,1,-0.0918462453728186,0.15359623015873014,-0.24544247553154874,1,1,0.4,0.5,0.4,0.0,0.405,0.0,0.81,0.5,1.2870000000000001,96,0,0,4.0,4.0,1400.0,1157.0383606557377
2026-05-21,ジャグラーガールズ,9,0.0,0.0,0.0,0.0,0.0,0.0,ジャグラーガールズ,1,0,0,0,1,3F,A,3F,A,3F_A,0.0,0.0,0.0,0.0,0.0,0.0,0.0,0.0,3,21,0.6451612903225806,1,0,0,1,1,0,1,833.3,277.8,677.8,-55.6,66.7,35081.0,18753.0,69117.0,49569.0,0.21379094096519483,0.1333120034127873,0.08825614537668013,-0.01008694950473078,379.37142857142845,273.0214285714286,233.33928571428572,390.1204844416058,399.37963080945224,0.0886521000228412,0.09988675893174097,4373.728571428571,4755.214285714285,4963.9178571428565,0.0957723026450229,0.05601725409350343,0.04196196457403788,383.0137700771061,305.31018904624676,77.70358103085931,0.09245438081752086,0.06042291220416432,0.03203146861335654,0.0031545741324921135,0.00946372239747634,0.012618296529968454,0.031545741324921134,0.006269592476489028,0.9694189602446484,0.012539184952978056,0.9694189602446484,0.01567398119122257,0.9694189602446484,0.034482758620689655,0.9694189602446484,35.0,35.0,35.0,15.0,317.0,317.0,0,0,,0.0,0.0,0.0,0.0,0,0,365.0,365.0,0,0,-1,0.022222222222222223,0.044444444444444446,0.044444444444444446,0.044444444444444446,86.0,555.5,155.5,0.08047893755240754,0.1255347955885147,506.40175438596486,0.32064823852699365,0.7719298245614035,142.42807017543862,0.124889430999129,0.631578947368421,199.1626566416039,0.3483909666750261,0.6929824561403509,115.70572472848792,0.25276716257586596,0.6578947368421053,0.13024434813477848,0.24710253815428485,0.7017543859649122,0.06479539380044748,0.3397325660151232,0.7017543859649122,326.8982456140351,2716754.0,0.08354659283041635,114,8928.6,0.0,0.46931646447302583,0.16875535435713673,0.37499999999999994,0.4300527288540987,-0.05505272885409873,0.4370550701470587,0.36448923851795495,0.41091067603973325,-0.0464214375217783,0.422843734145104,0.4136855838225701,0.4804761904761905,1,1,0.00915815032253392,-0.06679060665362041,0.07594875697615433,1,1,0.40063091482649843,0.5,0.4018927444794953,0.0,0.4025236593059937,0.0,0.8063091482649842,0.5,1.2861829652996846,97,0,0,12.0,12.0,833.3,798.5079678362572
2026-05-21,キングハナハナ-30,16,0.0,0.0,0.0,0.0,0.0,0.0,キングハナハナ-30,0,1,0,0,1,3F,A,3F,A,3F_A,0.0,0.0,0.0,0.0,0.0,0.0,0.0,0.0,3,21,0.6451612903225806,1,0,0,1,1,0,1,475.0,400.0,31.3,-137.5,337.5,97795.0,53212.0,91915.0,77972.0,0.07771358453908686,0.12027362249116741,0.00543980851874014,-0.028215256758836505,471.4428571428572,329.0285714285714,218.3142857142857,453.64809363331676,375.3821118408668,0.06241234359721587,0.05963045307858233,5696.9857142857145,5524.292857142857,5482.05,0.08186303362308386,0.06029600822560542,0.037201816412456234,396.60627182496705,319.29909001391985,77.3071818110472,0.06909591231482656,0.05542464731592461,0.01367126499890195,0.006309148264984227,0.00946372239747634,0.012618296529968454,0.01892744479495268,0.009404388714733543,0.9694189602446484,0.012539184952978056,0.9694189602446484,0.01567398119122257,0.9694189602446484,0.0219435736677116,0.9694189602446484,34.0,34.0,34.0,34.0,317.0,317.0,0,0,,0.0,0.0,0.0,0.0,0,0,365.0,365.0,0,0,-1,0.0,0.0,0.0,0.0,97.0,75.0,443.7,-0.04256003795208055,0.07227377602034672,148.1017543859649,0.09377646553416694,0.6403508771929824,264.6280701754386,0.23204168300461442,0.7149122807017544,291.2340852130326,0.5094495433381876,0.7368421052631579,171.71286758563073,0.37511864187562466,0.6929824561403509,-0.005833008291329489,-0.011066515933351492,0.5701754385964912,0.05088612477850844,0.26680405398584095,0.6578947368421053,326.8982456140351,2716754.0,0.08354659283041635,114,8928.6,0.0,0.43716951863092435,0.1645933309431601,0.3472222222222222,0.4181479669493368,-0.0709257447271146,0.4518649096113908,0.3601998636986773,0.39409084240695286,-0.033890978708275565,0.4222349061390157,0.39806262230919764,0.3976190476190476,1,1,0.024172283829818064,0.00044357469015005035,0.023728709139668014,1,1,0.4012618296529969,0.5,0.4018927444794953,0.0,0.4025236593059937,0.0,0.8037854889589906,0.5,1.2858044164037856,98,0,0,26.0,26.0,475.0,465.8257996632997
2026-05-21,バーサスリヴァイズ,2,0.0,0.0,0.0,0.0,0.0,0.0,バーサスリヴァイズ,0,0,0,1,1,3F,A,3F,A,3F_A,0.0,0.0,0.0,0.0,0.0,0.0,0.0,0.0,3,21,0.6451612903225806,1,0,0,1,1,0,1,600.0,50.0,150.0,500.0,150.0,7425.0,4370.0,9470.0,5454.0,0.16161616161616163,0.02288329519450801,0.03167898627243928,0.18335166850018336,-392.85714285714283,-214.28571428571428,-133.92857142857142,707.3592742426871,653.2253031713454,0.22675604492845616,0.22239823674221282,3021.8571428571427,3236.3214285714284,3407.4285714285716,-0.09296695644032069,-0.0660854229099179,-0.03755070938395124,-292.29016306328117,-204.97134043205904,-87.31882263122213,-0.07818886548651213,-0.06281274096059197,-0.01537612452592016,0.0031545741324921135,0.006309148264984227,0.00946372239747634,0.028391167192429023,0.006269592476489028,0.9694189602446484,0.009404388714733543,0.9694189602446484,0.012539184952978056,0.9694189602446484,0.03134796238244514,0.9694189602446484,63.0,63.0,63.0,29.0,317.0,317.0,0,0,,0.0,0.0,0.0,0.0,0,0,365.0,108.0,0,0,-1,0.022222222222222223,0.022222222222222223,0.022222222222222223,0.06666666666666667,88.0,550.0,450.0,0.1387328664216536,0.12993717534372234,273.1017543859649,0.17292514436225329,0.6885964912280702,-85.37192982456139,-0.07485920244481195,0.5350877192982456,-573.0659147869674,-1.0024519224023738,0.12280701754385964,-371.6014181286549,-0.8117890129460628,0.18421052631578946,0.07806956878574528,0.14811536067273665,0.6578947368421053,-0.12394386528489611,-0.6498574192596343,0.22807017543859648,326.8982456140351,2716754.0,0.08354659283041635,114,8928.6,0.0,0.4573647161798246,0.23823605674957263,0.6309523809523808,0.5377120026092629,0.09324037834311794,0.4270469392496952,0.5935089469234252,0.5488053984092149,0.04470354851421021,0.5100837138508372,0.44529028049575997,0.5114285714285715,1,1,0.0647934333550772,-0.06613829093281148,0.13093172428788868,1,1,0.40063091482649843,0.5,0.4012618296529969,0.0,0.4018927444794953,0.0,0.8056782334384859,0.5,1.2850473186119875,99,0,0,21.0,23.0,600.0,514.4502777777777
2026-05-21,クランキークレスト,1,0.0,0.0,0.0,0.0,0.0,0.0,クランキークレスト,0,0,0,1,1,3F,A,3F,A,3F_A,0.0,0.0,0.0,0.0,0.0,0.0,0.0,0.0,3,21,0.6451612903225806,1,0,0,1,1,0,1,2000.0,600.0,-100.0,0.0,-1000.0,5282.0,6737.0,1816.0,1903.0,0.37864445285876563,0.0890604126465786,-0.05506607929515418,0.0,571.4285714285714,321.42857142857144,50.0,1332.5592991361718,1387.9584184796643,0.31343970091189266,0.26614894208214684,4234.0,4533.642857142857,3689.5178571428573,0.07811510607183965,0.029992148026818148,-0.08193660539994128,521.3559316217058,232.11542782690958,289.24050379479627,0.06661647561387583,-0.011827770286581551,0.07844424590045738,0.0,0.0,0.006493506493506494,0.032467532467532464,0.00641025641025641,0.9390243902439024,0.00641025641025641,0.9390243902439024,0.01282051282051282,0.9390243902439024,0.038461538461538464,0.9390243902439024,365.0,365.0,169.0,164.0,154.0,154.0,0,0,,0.0,0.0,0.0,0.0,0,0,365.0,185.0,0,0,-1,0.0,0.0,0.0,0.09090909090909091,102.0,1400.0,2100.0,0.28958404021218703,0.4337105321539198,1673.1017543859648,1.0593903472368205,0.8947368421052632,464.6280701754386,0.4074136175471438,0.7675438596491229,391.21979949874685,0.6843524103770495,0.7894736842105263,164.11286758563077,0.35851591595100496,0.6842105263157895,0.29509786002834926,0.5598663685693681,0.8333333333333334,0.04713819722726423,0.24715307311296633,0.631578947368421,326.8982456140351,2716754.0,0.08354659283041635,114,8928.6,0.0,0.49936782397704843,0.29751555952668857,0.41098901098901097,0.5454561311704168,-0.13446712018140583,0.42694115724983955,0.4158624076977245,0.509609968379551,-0.09374756068182649,0.5418966218966219,0.4524483840189816,0.5455477150537634,1,1,0.08944823787764034,-0.09309933103478185,0.1825475689124222,1,1,0.4,0.5,0.4,0.0,0.4012987012987013,0.0,0.8064935064935065,0.5,1.2833766233766235,100,0,0,4.0,4.0,2000.0,1378.2866666666666
2026-05-21,新ハナビ,8,0.0,0.0,0.0,0.0,0.0,0.0,新ハナビ,0,0,0,1,1,3F,A,3F,A,3F_A,0.0,0.0,0.0,0.0,0.0,0.0,0.0,0.0,3,21,0.6451612903225806,1,0,0,1,1,0,1,-187.5,-287.5,-237.5,462.5,75.0,17921.0,15982.0,32650.0,35334.0,-0.08370068634562804,-0.14391190088849956,-0.05819295558958652,0.10471500537725703,-5.357142857142857,120.53571428571429,112.05357142857143,274.60740374300804,372.25298801744,0.09949202557140441,0.11554674865397221,3156.4714285714285,3488.621428571429,3693.7357142857145,-0.02249297764638129,0.022847700060005954,0.0161443078204112,73.75520095345559,126.7713120188415,-53.016111065385914,0.00488408852356292,0.02047104981439186,-0.01558696129082894,0.0,0.006309148264984227,0.006309148264984227,0.015772870662460567,0.003134796238244514,0.9694189602446484,0.009404388714733543,0.9694189602446484,0.009404388714733543,0.9694189602446484,0.018808777429467086,0.9694189602446484,365.0,302.0,302.0,92.0,317.0,317.0,0,0,,0.0,0.0,0.0,0.0,0,0,365.0,365.0,0,0,-1,0.0,0.0,0.0,0.0,126.0,100.0,50.0,0.060211214542871525,-0.025507730756041513,-514.3982456140351,-0.32571153225469074,0.39473684210526316,-422.8719298245614,-0.37079934198533027,0.34210526315789475,-185.56591478696743,-0.3246064775632352,0.3684210526315789,-36.779989557226386,-0.08034843238539549,0.4649122807017544,-0.16724727917604437,-0.3173053401214224,0.35964912280701755,-0.053469886490956714,-0.28035112801466827,0.3684210526315789,326.8982456140351,2716754.0,0.08354659283041635,114,8928.6,0.0,0.44717685950805164,0.19903443491359238,0.5496031746031746,0.48367172211350296,0.0659314524896717,0.4898029699081722,0.500625078513181,0.46862507002243087,0.03200000849075019,0.47699771689497716,0.4016699282452707,0.4590476190476191,1,1,0.07532778864970646,-0.05737769080234839,0.13270547945205485,1,1,0.4,0.5,0.4012618296529969,0.0,0.4012618296529969,0.0,0.8031545741324921,0.5,1.2830283911671927,101,0,0,46.0,46.0,-187.5,-166.33815359477123
2026-05-21,ミスタージャグラー,6,0.0,0.0,0.0,0.0,0.0,0.0,ミスタージャグラー,1,0,0,0,1,3F,A,3F,A,3F_A,0.0,0.0,0.0,0.0,0.0,0.0,0.0,0.0,3,21,0.6451612903225806,1,0,0,1,1,0,1,516.7,-116.7,1183.3,116.7,-16.7,30468.0,35863.0,39297.0,32137.0,0.10174609426283314,-0.019518724033126062,0.18067536962109068,0.021781746896101066,33.32857142857142,334.52142857142854,214.28571428571428,458.5787235734848,555.6369431404083,0.11506783589865877,0.12082310089648993,4888.942857142857,4844.5142857142855,5014.092857142858,-0.013296981414797128,0.05466465387132101,0.025540346817193634,166.55509877307145,223.5051041738318,-56.95000540076035,0.02075014456984188,0.028901939546951742,-0.008151794977109862,0.0,0.0031545741324921135,0.006309148264984227,0.022082018927444796,0.003134796238244514,0.9694189602446484,0.006269592476489028,0.9694189602446484,0.009404388714733543,0.9694189602446484,0.025078369905956112,0.9694189602446484,365.0,17.0,17.0,8.0,317.0,317.0,0,0,,0.0,0.0,0.0,0.0,0,0,365.0,365.0,0,0,-1,0.0,0.0,0.0,0.044444444444444446,94.0,633.4000000000001,-666.5999999999999,0.1212648182959592,-0.07892927535825754,189.80175438596495,0.12018046479121657,0.6491228070175439,-252.07192982456138,-0.22103170988601015,0.4473684210526316,-146.88020050125314,-0.2569343867015066,0.42105263157894735,177.20572472848787,0.3871181684132492,0.7105263157894737,0.01819950143241679,0.03452850785079005,0.6140350877192983,-0.044273890259372554,-0.23213505564317952,0.40350877192982454,326.8982456140351,2716754.0,0.08354659283041635,114,8928.6,0.0,0.4714830615440387,0.22523522126339682,0.5555555555555556,0.45632202652750603,0.09923352902804955,0.41714202363709685,0.4953725719593277,0.45968392999688235,0.03568864196244537,0.4592338914256723,0.4684670580560991,0.46523809523809523,1,1,-0.009233166630426837,0.0032289628180038887,-0.012462129448430725,1,1,0.4,0.5,0.40063091482649843,0.0,0.4012618296529969,0.0,0.804416403785489,0.5,1.2830283911671925,102,0,0,25.0,25.0,516.7,490.20395299145304
2026-05-21,スマスロ ハナビ,5,0.0,0.0,0.0,0.0,0.0,0.0,スマスロ ハナビ,0,0,0,1,1,3F,A,3F,A,3F_A,0.0,0.0,0.0,0.0,0.0,0.0,0.0,0.0,3,21,0.6451612903225806,1,0,0,1,1,0,0,-220.0,-280.0,740.0,400.0,520.0,11162.0,9175.0,24810.0,18432.0,-0.09854864719584304,-0.15258855585831063,0.14913341394598953,0.10850694444444445,-54.285714285714285,122.85714285714286,67.85714285714286,719.9735444875073,580.4961879080894,0.19201496545524802,0.16031455614399168,2962.6857142857143,3181.5428571428574,3471.3142857142857,-0.027881775855770414,0.020817183099985766,0.004334178472428191,-49.440492351155044,38.46491107344395,-87.905403424599,-0.02128465481481799,0.0010227984125359343,-0.022307453227353925,0.0,0.0,0.0,0.009259259259259259,0.00909090909090909,0.9152542372881356,0.00909090909090909,0.9152542372881356,0.00909090909090909,0.9152542372881356,0.01818181818181818,0.9152542372881356,365.0,365.0,365.0,96.0,108.0,108.0,0,0,108.0,0.0,0.0,0.0,0.0,0,0,365.0,365.0,0,0,7,0.0,0.0,0.0,0.0,93.0,60.0,-960.0,0.05403990866246759,-0.24768206114183255,-546.8982456140351,-0.3462901887499932,0.3684210526315789,-415.3719298245614,-0.3642228944399854,0.35964912280701755,-234.49448621553884,-0.410196178893154,0.32456140350877194,-34.45856098579782,-0.07527711102684152,0.4824561403508772,-0.18209524002625938,-0.3454752289883611,0.34210526315789475,-0.05885868470034584,-0.3086054549974117,0.3333333333333333,326.8982456140351,2716754.0,0.08354659283041635,114,8928.6,0.0,0.4951530324627737,0.2347221770668475,0.5595238095238095,0.48530930637095027,0.07421450315285927,0.46464992389649923,0.5511427923576625,0.4981190029568589,0.0530237894008036,0.4903982749873161,0.4731050228310502,0.550952380952381,1,1,0.01729325215626587,-0.07784735812133076,0.09514061027759663,1,1,0.4,0.5,0.4,0.0,0.4,0.0,0.8018518518518519,0.5,1.280740740740741,103,0,0,49.0,48.0,-220.0,-184.34078282828284
2026-05-21,アイムジャグラーEX-TP,4,0.0,0.0,0.0,0.0,0.0,0.0,アイムジャグラーEX-TP,1,0,0,0,1,3F,A,3F,A,3F_A,0.0,0.0,0.0,0.0,0.0,0.0,0.0,0.0,3,21,0.6451612903225806,1,0,0,1,1,0,1,-325.0,600.0,-700.0,-233.3,575.0,16007.0,14688.0,10642.0,9731.0,-0.0812144686699569,0.16339869281045752,-0.2631084382634843,-0.14387010584729215,717.8571428571429,428.57142857142856,239.8821428571429,1097.4130836610598,888.5412171112237,0.1590652103136271,0.16700851345410156,5015.257142857142,4307.2642857142855,3957.910714285714,0.10333657163115792,0.07350068822813775,0.03150485700503417,383.80078517358686,369.53988389854425,14.260901275042613,0.04186215284179197,0.054901207635783704,-0.013039054793991735,0.0,0.0,0.0,0.0055248618784530384,0.00546448087431694,0.9476439790575916,0.00546448087431694,0.9476439790575916,0.00546448087431694,0.9476439790575916,0.01092896174863388,0.9476439790575916,365.0,365.0,365.0,140.0,181.0,181.0,0,0,,0.0,0.0,0.0,0.0,0,0,365.0,150.0,0,0,-1,0.0,0.0,0.0,0.038461538461538464,66.0,-925.0,375.0,-0.2446131614804144,0.18189396959352738,-651.8982456140351,-0.41277507896558574,0.3333333333333333,464.6280701754386,0.4074136175471438,0.7675438596491229,537.6483709273183,0.9404967720213323,0.8508771929824561,271.25572472848785,0.5925769017304184,0.7807017543859649,-0.16476106150037323,-0.31258843142741405,0.3684210526315789,0.0723596627865825,0.37939323264526437,0.7105263157894737,326.8982456140351,2716754.0,0.08354659283041635,114,8928.6,0.0,0.45333274381907473,0.23374619122032586,0.2662337662337662,0.4253964785214785,-0.15916271228771228,0.4724559834400515,0.3528237561353535,0.39861047921870907,-0.045786723083355574,0.4401136363636364,0.46892144892144894,0.45561555939580134,1,1,-0.028807812557812562,0.013305889525647596,-0.04211370208346016,1,1,0.4,0.5,0.4,0.0,0.4,0.0,0.8011049723756907,0.5,1.2804419889502765,104,0,0,31.0,31.0,-325.0,-326.3792929292929
2026-05-21,スマート沖スロ ニューキングハナハナV,8,0.0,0.0,0.0,0.0,0.0,0.0,スマート沖スロ ニューキングハナハナV,0,1,0,0,1,3F,A,3F,A,3F_A,0.0,0.0,0.0,0.0,0.0,0.0,0.0,0.0,3,21,0.6451612903225806,1,0,0,1,1,0,0,-275.0,550.0,0.0,237.5,125.0,33454.0,46816.0,24941.0,24357.0,-0.06576194177078974,0.09398496240601503,0.0,0.07800632261772797,-133.92857142857142,-49.107142857142854,-46.42857142857143,448.0696029051948,365.3391563681947,0.11697904055742414,0.10108179804995567,3925.6,3936.600000000001,3543.0178571428573,-0.050498681341633565,-0.030585548106559588,-0.013728192935277578,-95.0478189927577,-72.99774594433418,-22.050073048423513,-0.03364842408446274,-0.029290062977468972,-0.004358361106993766,0.0,0.0,0.0,0.0,0.010752688172043012,0.900990099009901,0.010752688172043012,0.900990099009901,0.010752688172043012,0.900990099009901,0.010752688172043012,0.900990099009901,365.0,365.0,365.0,365.0,91.0,91.0,0,0,91.0,0.0,0.0,0.0,0.0,0,0,365.0,365.0,0,0,7,0.0,0.0,0.0,0.0,133.0,-825.0,-275.0,-0.15974690417680476,-0.06576194177078974,-601.8982456140351,-0.3811156074343512,0.3508771929824561,414.6280701754386,0.36357063391151145,0.7543859649122807,-314.137343358396,-0.549513721933825,0.2719298245614035,-206.42284670008354,-0.4509449932028003,0.2719298245614035,-0.14930853460120608,-0.2832715461086724,0.39473684210526316,-0.081475590186209,-0.42718949138273793,0.2894736842105263,326.8982456140351,2716754.0,0.08354659283041635,114,8928.6,0.0,0.5190679256777337,0.1633359344876504,0.6142857142857142,0.5336734693877551,0.08061224489795915,0.5648843693619813,0.5955180723188856,0.555352822109092,0.04016525020979367,0.539047619047619,0.5266666666666666,0.48590618336887,1,1,0.012380952380952381,0.040760483297796635,-0.028379530916844253,1,1,0.4,0.5,0.4,0.0,0.4,0.0,0.8,0.5,1.2800000000000002,105,0,0,41.0,41.0,-275.0,-258.2621848739496
2026-05-21,ハイビリターン‐30,7,0.0,0.0,0.0,0.0,0.0,0.0,ハイビリターン‐30,0,0,0,1,1,3F,A,3F,A,3F_A,0.0,0.0,0.0,0.0,0.0,0.0,0.0,0.0,3,21,0.6451612903225806,1,0,0,1,1,0,1,-471.4,542.9,-128.6,671.4,271.4,17141.0,9870.0,41805.0,24691.0,-0.19252085642611283,0.3850050658561297,-0.021528525296017224,0.19035276011502167,267.35714285714283,17.349999999999984,176.01785714285714,659.9146885700278,725.9136818255589,0.23263042600364667,0.276212857704291,2830.285714285714,3089.871428571429,3661.1142857142854,0.0922197082628582,0.008012147404055323,0.0290999493882867,115.37939126968817,188.60095102379654,-73.22155975410837,0.020047835748040865,0.03251476722969053,-0.012466931481649665,0.0,0.0,0.0,0.0,0.03333333333333333,0.7368421052631579,0.03333333333333333,0.7368421052631579,0.03333333333333333,0.7368421052631579,0.03333333333333333,0.7368421052631579,365.0,365.0,365.0,365.0,28.0,28.0,0,0,,0.0,0.0,0.0,0.0,0,0,365.0,365.0,0,0,-1,0.0,0.0,0.0,0.0,97.0,-1014.3,-342.79999999999995,-0.5775259222822425,-0.1709923311300956,-798.2982456140351,-0.5054740116090405,0.2982456140350877,407.5280701754386,0.35734493023525166,0.7456140350877193,87.14837092731827,0.15244677744060467,0.5964912280701754,-139.96570384294068,-0.3057647657566894,0.34210526315789475,-0.27606744925652915,-0.52376144063062,0.3157894736842105,0.061242799418282784,0.32110574804746406,0.6929824561403509,326.8982456140351,2716754.0,0.08354659283041635,114,8928.6,0.0,0.6369249394673123,0.24038624210630527,0.5447941888619855,0.6369249394673123,-0.09213075060532683,0.4864406779661017,0.61262759944235,0.6357651674602262,-0.023137568017876142,0.6369249394673123,0.5,0.5,0,0,0.0,0.0,0.0,1,1,0.4,0.5,0.4,0.0,0.4,0.0,0.8,0.5,1.2800000000000002,106,0,0,52.0,52.0,-471.4,-403.59751412429375
2026-05-21,沖ドキ!ゴージャス 30Φ,14,0.0,0.0,0.0,0.0,0.0,0.0,沖ドキ!ゴージャス 30Φ,0,0,1,0,0,3F,N,3F,N,3F_N,0.0,0.0,0.0,0.0,0.0,0.0,0.0,0.0,3,21,0.6451612903225806,1,0,0,1,0,1,1,-614.3,-407.1,-1400.0,57.1,-14.3,36295.0,23501.0,41290.0,40091.0,-0.23694723791155806,-0.24254287051614826,-0.4746912085250666,0.019954603277543587,8.15714285714286,-143.87857142857146,-150.5071428571429,558.1746168155106,688.92197858859,0.22388571649412597,0.29301316631695934,2279.6428571428573,2381.6,2562.0535714285716,-0.017975260988311547,-0.03646300224862824,-0.03474876117315514,-42.51162476702284,-114.74313175469103,72.2315069876682,-0.02667074062883256,-0.03478918102288711,0.00811844039405455,0.0,0.0,0.0,0.0,0.005917159763313609,0.943502824858757,0.005917159763313609,0.943502824858757,0.005917159763313609,0.943502824858757,0.005917159763313609,0.943502824858757,365.0,365.0,365.0,365.0,167.0,167.0,0,0,,0.0,0.0,0.0,0.0,0,0,365.0,290.0,0,0,-1,0.0,0.0,0.0,0.0,164.0,-207.19999999999993,785.7,0.0055956326045902005,0.23774397061350852,-941.198245614035,-0.5959567812453088,0.24561403508771928,-542.4719298245614,-0.47567175884176277,0.24561403508771928,-172.0516290726817,-0.30096622721050426,0.40350877192982454,-301.19427527151214,-0.657979737157551,0.19298245614035087,-0.3204938307419744,-0.6080481815393619,0.24561403508771928,-0.04895216983288697,-0.25666402029367624,0.39473684210526316,326.8982456140351,2716754.0,0.08354659283041635,114,8928.6,0.0,0.6393863385898111,0.27247023929749087,0.5379464285714286,0.60729739010989,-0.06935096153846143,0.666623563130759,0.5331099376128652,0.5930349299724049,-0.05992499235953974,0.613477564102564,0.578951673705772,0.6481543605676009,1,1,0.03452589039679199,-0.06920268686182884,0.10372857725862084,1,1,0.4,0.5,0.4,0.0,0.4,0.0,0.8,0.5,1.2800000000000002,107,0,0,45.0,45.0,-614.3,-599.4896012931034
2026-05-21,真打 吉宗,15,0.0,0.0,0.0,0.0,0.0,0.0,真打 吉宗,0,0,0,0,0,3F,N,3F,N,3F_N,0.0,0.0,0.0,0.0,0.0,0.0,0.0,0.0,3,21,0.6451612903225806,1,0,0,1,0,1,0,920.0,-113.3,-1206.7,-2880.0,-373.3,52817.0,31463.0,85075.0,64108.0,0.26127951227824375,-0.0540317197978578,-0.2127534528357332,-0.6738628564297747,59.0428571428572,-34.29285714285715,-405.0035714285714,648.2095902230562,827.8351754047194,0.20408254672403842,0.2325927223985332,3120.2285714285713,3672.6142857142854,3961.5535714285716,-0.022044611246934298,0.0021622598535323673,-0.10119181335572743,113.04289543733589,-189.58613385545408,302.62902929278994,0.004178192625059543,-0.05097016497042003,0.05514835759547957,0.0,0.0,0.0,0.0,0.02127659574468085,0.8181818181818182,0.02127659574468085,0.8181818181818182,0.02127659574468085,0.8181818181818182,0.02127659574468085,0.8181818181818182,365.0,365.0,365.0,365.0,45.0,45.0,0,0,45.0,0.0,0.0,0.0,0.0,0,0,365.0,365.0,0,0,6,0.0,0.0,0.0,0.0,178.0,1033.3,2126.7,0.31531123207610157,0.47403296511397697,593.1017543859649,0.37554576216215435,0.7807017543859649,-248.6719298245614,-0.21805038699878718,0.45614035087719296,-121.16591478696736,-0.21195293782738853,0.45614035087719296,-191.60856098579782,-0.4185821609023667,0.2894736842105263,0.1777329194478274,0.33719893521738115,0.7368421052631579,-0.05302152009150972,-0.2780002715962598,0.37719298245614036,326.8982456140351,2716754.0,0.08354659283041635,114,8928.6,0.0,0.6465499746321665,0.31670368279679983,0.5694444444444444,0.6374347684279191,-0.06799032398347471,0.8298452562151192,0.5273850985311223,0.6273073814730944,-0.09992228294197214,0.6355783866057839,0.6684931506849314,0.5,1,0,-0.03291476407914751,0.0,-0.03291476407914751,1,1,0.4,0.5,0.4,0.0,0.4,0.0,0.8,0.5,1.2800000000000002,108,0,0,11.0,10.0,920.0,895.879077060932
2026-05-21,東京喰種,41,0.0,0.0,0.0,0.0,0.0,0.0,東京喰種,0,0,0,0,0,3F,N,3F,N,3F_N,0.0,0.0,0.0,0.0,0.0,0.0,0.0,0.0,3,21,0.6451612903225806,1,0,0,1,0,1,1,668.3,-151.2,3241.5,536.6,585.4,99863.0,70227.0,226759.0,179973.0,0.2743758949761173,-0.08828513249889644,0.5860847860503883,0.12224055830596811,264.1142857142857,378.40000000000003,333.97142857142853,606.3250762546758,938.1739292575019,0.21997201339695915,0.21272213049093353,3170.7999999999997,3403.407142857143,3714.039285714286,0.1063403369981675,0.10016654777967096,0.08241521422913341,463.3426731092206,318.4782750094713,144.86439809974928,0.17791202921909605,0.09890614438693963,0.07900588483215641,0.006309148264984227,0.00946372239747634,0.012618296529968454,0.022082018927444796,0.009404388714733543,0.9694189602446484,0.012539184952978056,0.9694189602446484,0.01567398119122257,0.9694189602446484,0.025078369905956112,0.9694189602446484,202.0,202.0,14.0,14.0,317.0,317.0,0,0,,0.0,0.0,0.0,0.0,0,0,365.0,365.0,0,0,-1,0.0,0.022222222222222223,0.0,0.022222222222222223,72.0,819.5,-2573.2,0.3626610274750137,-0.31170889107427097,341.40175438596486,0.21617198247391964,0.7368421052631579,-286.5719298245614,-0.2512833685945965,0.43859649122807015,83.90551378446114,0.14677411694370204,0.5877192982456141,221.08429615705936,0.4829739441227785,0.7368421052631579,0.19082930214570096,0.362045690194692,0.7631578947368421,0.07536342815359208,0.3951424527053248,0.7192982456140351,326.8982456140351,2716754.0,0.08354659283041635,114,8928.6,0.0,0.5901750235398902,0.2262868504923309,0.41865079365079366,0.42278212654924985,-0.004131332898456186,0.5509931269261781,0.3342723780113885,0.4321085442988287,-0.09783616628744024,0.4334094368340944,0.5632159165035877,0.5580952380952381,1,1,-0.12980647966949332,0.0051206784083496215,-0.13492715807784295,1,1,0.4012618296529969,0.5,0.4018927444794953,0.0,0.4025236593059937,0.0,0.404416403785489,0.5,1.126056782334385,109,0,0,15.0,15.0,668.3,662.3235107095046
2026-05-21,甲鉄城のカバネリ 海門(うなと)決戦,34,0.0,0.0,0.0,0.0,0.0,0.0,甲鉄城のカバネリ 海門(うなと)決戦,0,0,0,0,0,2F,N,2F,N,2F_N,0.0,0.0,0.0,0.0,0.0,0.0,0.0,0.0,3,21,0.6451612903225806,1,0,1,0,0,1,0,332.4,235.3,-770.6,-217.6,373.5,134273.0,107359.0,182438.0,171895.0,0.08415690421752697,0.074516342365335,-0.14361043203718524,-0.04304953605398645,-63.442857142857214,-124.78571428571432,-38.44642857142857,512.9716524238704,438.9655634945245,0.11482140637637649,0.09591625204313493,4142.814285714286,4462.599999999999,4710.017857142857,-0.006297967992312787,-0.020263724965264882,-0.0069613399713033975,8.187367486487972,-81.0380261846694,89.22539367115738,0.009787501764228148,-0.012081377062846548,0.021868878827074695,0.0,0.0125,0.0125,0.0125,0.012195121951219513,0.8888888888888888,0.024390243902439025,0.8888888888888888,0.024390243902439025,0.8888888888888888,0.024390243902439025,0.8888888888888888,365.0,19.0,19.0,19.0,80.0,80.0,0,0,80.0,0.0,0.0,0.0,0.0,0,0,365.0,365.0,0,0,6,0.0,0.0,0.0,0.0,142.0,97.09999999999997,1103.0,0.009640561852191976,0.2277673362547122,5.501754385964887,0.0034836527270860024,0.6052631578947368,99.92807017543862,0.08762289490884151,0.6228070175438597,-243.65162907268177,-0.42621457263110396,0.3157894736842105,-282.101418128655,-0.6162700694916595,0.21929824561403508,0.0006103113871106236,0.00115789663796726,0.5789473684210527,-0.03727487683688821,-0.19543811392973207,0.41228070175438597,326.8982456140351,2716754.0,0.08354659283041635,114,8928.6,0.0,0.6356949880408784,0.20596434947496725,0.5277777777777778,0.5694444444444444,-0.04166666666666663,0.6927069125699262,0.5000401851948659,0.5768894940363977,-0.07684930884153174,0.5561390157280568,0.7028571428571428,0.6542857142857142,1,1,-0.14671812712908605,0.0485714285714286,-0.19528955570051465,1,1,0.8,0.5,0.4025,0.0,0.0025000000000000005,0.0,0.0025000000000000005,0.5,1.1245,110,0,0,29.0,29.0,332.4,330.0790056360708
2026-05-21,ゴーゴージャグラー3,23,0.0,0.0,0.0,0.0,0.0,0.0,ゴーゴージャグラー3,1,0,0,0,1,3F,A,3F,A,3F_A,0.0,0.0,0.0,0.0,0.0,0.0,0.0,0.0,3,21,0.6451612903225806,1,0,0,1,1,0,1,43.5,287.0,-121.7,1817.4,73.9,69847.0,54824.0,122029.0,201672.0,0.014317007172820594,0.12038523274478331,-0.022945365445918593,0.2072672458249038,304.9714285714286,159.94285714285715,112.58214285714287,566.9240681498881,423.9149310784049,0.07229554505608592,0.06047166568688389,4254.871428571429,4347.114285714286,4682.996428571429,0.055426178754094335,0.027486236123791873,0.014368296631005334,175.46867300690332,160.378195308214,15.090477698689313,0.0306636652769028,0.02588074644719127,0.004782918829711529,0.0,0.0,0.0031545741324921135,0.00946372239747634,0.003134796238244514,0.9694189602446484,0.003134796238244514,0.9694189602446484,0.006269592476489028,0.9694189602446484,0.012539184952978056,0.9694189602446484,365.0,365.0,279.0,102.0,317.0,317.0,0,0,,0.0,0.0,0.0,0.0,0,0,365.0,365.0,0,0,-1,0.0,0.0,0.0,0.0,74.0,-243.5,165.2,-0.10606822557196272,0.03726237261873919,-283.3982456140351,-0.17944477378038717,0.5,151.6280701754386,0.13295653998808535,0.6403508771929824,124.76265664160402,0.21824464126591173,0.6228070175438597,2.627153299916472,0.005739198184272829,0.5350877192982456,-0.06922958565759575,-0.13134394372075975,0.5087719298245614,0.02444926990951891,0.12819141479621404,0.5964912280701754,326.8982456140351,2716754.0,0.08354659283041635,114,8928.6,0.0,0.483278216812449,0.1275100715322192,0.4325396825396825,0.48216324200913235,-0.04962355946944985,0.4962698914228914,0.4716080952480274,0.46681628822538224,0.004791807022645145,0.4705669710806697,0.4454272667971298,0.46190476190476193,1,1,0.0251397042835399,-0.016477495107632134,0.04161719939117203,1,1,0.4,0.5,0.4,0.0,0.40063091482649843,0.0,0.4018927444794953,0.5,1.1211356466876974,111,0,0,36.0,36.0,43.5,46.23939125295508
2026-05-21,ネオアイムジャグラーEX,38,0.0,0.0,0.0,0.0,0.0,0.0,ネオアイムジャグラーEX,1,0,0,0,1,3F,A,3F,A,3F_A,0.0,0.0,0.0,0.0,0.0,0.0,0.0,0.0,3,21,0.6451612903225806,1,0,0,1,1,0,0,215.8,-50.0,105.3,376.3,42.1,128302.0,89863.0,220152.0,214946.0,0.06391170831319855,-0.02114329590599023,0.018169264871543297,0.066528337349846,296.61428571428576,196.80714285714288,213.71785714285716,578.7054214035886,412.4751805387077,0.0703620830908958,0.05177964387749137,4023.257142857143,4144.971428571428,4389.667857142857,0.04452412325497341,0.0318359167857662,0.0382943941122902,260.7687275499363,223.15442474487088,37.61430280506539,0.04511516939551502,0.037807255800396185,0.007307913595118835,0.0,0.0,0.0,0.003937007874015748,0.00390625,0.9621212121212122,0.00390625,0.9621212121212122,0.00390625,0.9621212121212122,0.0078125,0.9621212121212122,365.0,365.0,365.0,140.0,254.0,254.0,0,0,254.0,0.0,0.0,0.0,0.0,0,0,136.0,365.0,0,0,7,0.0,0.0,0.0,0.027777777777777776,96.0,265.8,110.50000000000001,0.08505500421918878,0.04574244344165525,-111.09824561403508,-0.07034623488375293,0.5614035087719298,-185.3719298245614,-0.16254516971607663,0.4956140350877193,116.40551378446119,0.20362567038182344,0.6052631578947368,39.4914390142022,0.08627178135810976,0.5877192982456141,-0.0196348845172178,-0.03725174927014917,0.5614035087719298,0.013547214410397985,0.0710302020568903,0.5526315789473685,326.8982456140351,2716754.0,0.08354659283041635,114,8928.6,0.0,0.48881367030486,0.09401882837783054,0.4305555555555555,0.4152872907153729,0.015268264840182622,0.49612362037239954,0.43339769255328503,0.4283314392987874,0.00506625325449761,0.4149987316083206,0.4813633398564905,0.44952380952380955,1,1,-0.06636460824816987,0.03183953033268094,-0.09820413858085081,1,1,0.4,0.5,0.4,0.0,0.4,0.0,0.4007874015748032,0.5,1.1203149606299214,112,0,0,31.0,31.0,215.8,215.23443362193365
2026-05-21,ミリオンゴッド‐神々の軌跡‐,25,0.0,0.0,0.0,0.0,0.0,0.0,ミリオンゴッド‐神々の軌跡‐,0,0,0,0,0,3F,N,3F,N,3F_N,0.0,0.0,0.0,0.0,0.0,0.0,0.0,0.0,3,21,0.6451612903225806,1,0,0,1,0,1,0,-1184.0,-1552.0,-500.0,-1712.5,-460.0,109938.0,135286.0,171688.0,172202.0,-0.2692426640470083,-0.28679981668465326,-0.06989422673687154,-0.23867318614185665,-968.0,-758.3642857142856,-1078.2892857142858,648.5635409631559,582.6188694918078,0.13658211347728616,0.1244074761539272,4935.242857142856,5410.1,6281.703571428572,-0.21187670314565082,-0.15512990047931646,-0.17490657782494898,-937.6059316926319,-967.7474993879648,30.141567695332924,-0.21173594719175298,-0.17986726340824952,-0.031868683783503465,0.0,0.0,0.0,0.0,0.030303030303030304,0.7560975609756098,0.030303030303030304,0.7560975609756098,0.030303030303030304,0.7560975609756098,0.030303030303030304,0.7560975609756098,365.0,365.0,365.0,365.0,31.0,31.0,0,0,31.0,0.0,0.0,0.0,1.0,0,0,10.0,365.0,0,0,6,0.0,0.0,0.0,0.0,197.0,368.0,-684.0,0.017557152637644957,-0.19934843731013677,-1510.8982456140352,-0.9566847998721952,0.14912280701754385,-1687.3719298245614,-1.479588398130472,0.06140350877192982,-1148.2087719298245,-2.0085369955534786,0.017543859649122806,-915.6799895572263,-2.0003663027996437,0.03508771929824561,-0.3527892568774247,-0.6693197981824572,0.19298245614035087,-0.24285361199022626,-1.2733201533055714,0.07894736842105263,326.8982456140351,2716754.0,0.08354659283041635,114,8928.6,0.0,0.8488915893356901,0.16554683315682595,0.8630952380952381,0.8361260600130463,0.02696917808219179,0.9340277777777778,0.8685050648359574,0.8546538407618607,0.013851224074096669,0.845224505327245,0.5,0.5,0,0,0.0,0.0,0.0,1,1,0.4,0.5,0.0,0.0,0.4,0.0,0.4,0.5,0.8,113,0,0,63.0,67.0,-1184.0,-1157.4068355119825
2026-05-21,マイジャグラーV,57,0.0,0.0,0.0,0.0,0.0,0.0,マイジャグラーV,1,0,0,0,1,3F,A,3F,A,3F_A,0.0,0.0,0.0,0.0,0.0,0.0,0.0,0.0,3,21,0.6451612903225806,1,0,0,1,1,0,1,49.1,-91.2,293.0,293.0,-22.8,250859.0,234795.0,377908.0,398344.0,0.011161648575494601,-0.02214697927979727,0.0441906495760873,0.041923563553109874,-13.785714285714269,27.692857142857175,23.560714285714287,85.64553750919531,122.71540850079059,0.015545552845476466,0.020974357434357545,5032.900000000001,5224.778571428571,5416.564285714286,-0.004235154489136776,0.004406821511099115,0.0015708416347389542,12.55006622283457,25.176276593645607,-12.626210370811037,0.0017665091953107833,0.0030632041007485917,-0.0012966949054378084,0.006309148264984227,0.025236593059936908,0.025236593059936908,0.025236593059936908,0.009404388714733543,0.9694189602446484,0.02821316614420063,0.9694189602446484,0.02821316614420063,0.9694189602446484,0.02821316614420063,0.9694189602446484,140.0,81.0,81.0,81.0,317.0,317.0,0,0,,0.0,0.0,0.0,0.0,0,0,365.0,365.0,0,0,-1,0.022222222222222223,0.022222222222222223,0.022222222222222223,0.022222222222222223,97.0,140.3,-243.9,0.03330862785529187,-0.0330290010005927,-277.79824561403507,-0.17589891296888888,0.5087719298245614,-226.57192982456138,-0.19867178823183768,0.4824561403508772,-193.99448621553884,-0.3393503969164183,0.35964912280701755,-129.6228467000835,-0.2831700785961166,0.35964912280701755,-0.07238494425492174,-0.13733036178305721,0.5,-0.0352120633337122,-0.18462245430425123,0.42105263157894735,326.8982456140351,2716754.0,0.08354659283041635,114,8928.6,0.0,0.46746909986106466,0.09306705868070275,0.5575396825396826,0.5053883996520983,0.052151282887584305,0.47964953650433645,0.5323621920690023,0.5004870500071823,0.03187514206181996,0.49863647894469815,0.43383561643835616,0.4114285714285714,1,1,0.06480086250634198,0.022407045009784743,0.04239381749655724,1,1,0.0012618296529968455,0.5,0.005047318611987382,0.0,0.4050473186119874,0.0,0.4050473186119874,0.5,0.4103470031545742,114,0,0,35.0,35.0,49.1,50.17088164251208
