date,machine_name,machine_count,total_games,avg_games,total_diff_coins,avg_diff_coins,win_rate,efficiency,entity_key,jug_flag,hana_flag,oki_flag,bt_flag,is_a_type,floor_bucket,atype_bucket,segment_floor2,segment_type2,segment_floor_type4,daily_global_avg_diff,shrunk_avg_diff,raw_avg_rank,shrunk_rank,is_rank_1,is_top_2,is_top_3,is_top_5,day_of_week,day_of_month,month_progress,is_thursday,is_month_end_event,floor_is_2f,floor_is_3f,atype_is_a,atype_is_n,is_left_censored,lag_1_avg_diff_coins,lag_7_avg_diff_coins,lag_14_avg_diff_coins,lag_21_avg_diff_coins,lag_3_avg_diff_coins,lag_1_total_games,lag_7_total_games,lag_14_total_games,lag_21_total_games,lag_1_efficiency,lag_7_efficiency,lag_14_efficiency,lag_21_efficiency,rolling_avg_diff_7d,rolling_avg_diff_14d,rolling_avg_diff_28d,rolling_std_diff_7d,rolling_std_diff_14d,rolling_std_efficiency_7d,rolling_std_efficiency_14d,rolling_avg_games_7d,rolling_avg_games_14d,rolling_avg_games_28d,rolling_avg_efficiency_7d,rolling_avg_efficiency_14d,rolling_avg_efficiency_28d,prior_rank1_rate,prior_top2_rate,prior_top3_rate,prior_top5_rate,days_since_last_rank1,days_since_last_top2,days_since_last_top3,days_since_last_top5,days_since_first_seen,days_since_first_seen_raw,new_machine_flag_raw,new_machine_flag_effective,days_since_first_seen_effective,count_delta_1d,count_delta_3d,count_delta_7d,count_delta_14d,count_increase_flag,count_decrease_flag,days_since_last_count_increase,days_since_last_count_decrease,count_delta_1d_bin,count_delta_7d_bin,days_since_first_seen_bin,same_weekday_rank1_rate,same_weekday_top3_rate,same_weekday_top2_rate,same_weekday_top5_rate,same_weekday_rolling_rank_sum_3,diff_delta_1_vs_7,diff_delta_1_vs_14,eff_delta_1_vs_7,eff_delta_1_vs_14,event_group,is_event_day,proba_is_rank_1,threshold_is_rank_1,proba_is_top_2,threshold_is_top_2,proba_is_top_3,threshold_is_top_3,proba_is_top_5,threshold_is_top_5,ensemble_score,nextday_rank,recommended_pick,recommended_pick_rank,previous_day_raw_avg_rank,previous_day_shrunk_rank,previous_day_avg_diff_coins,previous_day_shrunk_avg_diff
2026-05-21,アクダマドライブ,2,0.0,0.0,0.0,0.0,0.0,0.0,アクダマドライブ,0,0,0,0,0,3F,N,3F,N,3F_N,0.0,0.0,0.0,0.0,0.0,0.0,0.0,0.0,3,21,0.6451612903225806,1,0,0,1,0,1,0,-1500.0,-250.0,-3000.0,-1000.0,-2350.0,5950.0,1386.0,10168.0,8107.0,-0.5042016806722689,-0.36075036075036077,-0.5900865460267506,-0.2467003823855927,-764.2857142857143,-225.0,300.0,1761.0873264629925,2050.6799997899384,0.9848724137109894,0.9020766521708963,2458.0714285714284,2669.3928571428573,3447.285714285714,-0.20458644945137022,0.03614542777606289,0.13734191196503906,0.1111111111111111,0.15555555555555556,0.17777777777777778,0.24444444444444444,6.0,6.0,6.0,6.0,45.0,45.0,0,0,45.0,0.0,0.0,0.0,0.0,0,0,999.0,999.0,0,0,6,0.16666666666666666,0.16666666666666666,0.16666666666666666,0.16666666666666666,180.0,-1250.0,1500.0,-0.14345131992190813,0.0858848653544817,1,1,0.8222222222222223,0.5,0.8311111111111111,0.5,0.8355555555555556,0.0,0.8488888888888889,0.5,2.3280000000000003,1,1,2,69.0,68.0,-1500.0,-1165.5497222222223
2026-05-21,とある魔術の禁書目録,1,0.0,0.0,0.0,0.0,0.0,0.0,とある魔術の禁書目録,0,0,0,0,0,3F,N,3F,N,3F_N,0.0,0.0,0.0,0.0,0.0,0.0,0.0,0.0,3,21,0.6451612903225806,1,0,0,1,0,1,0,2900.0,400.0,-700.0,-300.0,-900.0,4477.0,116.0,3718.0,4596.0,0.6477551932097386,3.4482758620689653,-0.18827326519634213,-0.06527415143603134,-471.42857142857144,-457.14285714285717,-53.57142857142857,1811.7342388940353,1279.2511545757993,1.6518407979762535,1.1679078116283843,1955.5714285714287,1938.5714285714287,2615.285714285714,-0.0324910526364066,-0.19815310192459545,-0.11204610236203846,0.025,0.0875,0.1,0.15,74.0,47.0,25.0,1.0,80.0,80.0,0,0,80.0,0.0,0.0,0.0,0.0,0,0,999.0,999.0,0,0,6,0.0,0.0,0.0,0.0,120.0,2500.0,3600.0,-2.800520668859227,0.8360284584060808,1,1,0.805,0.5,0.8175,0.5,0.8200000000000001,0.0,0.8300000000000001,0.5,2.2830000000000004,2,1,3,4.0,5.0,2900.0,1990.750462962963
2026-05-21,麻雀格闘倶楽部 覚醒,1,0.0,0.0,0.0,0.0,0.0,0.0,麻雀格闘倶楽部 覚醒,0,0,0,0,0,3F,N,3F,N,3F_N,0.0,0.0,0.0,0.0,0.0,0.0,0.0,0.0,3,21,0.6451612903225806,1,0,0,1,0,1,0,-1000.0,-2000.0,-500.0,-1700.0,3700.0,2111.0,2867.0,519.0,3414.0,-0.4737091425864519,-0.6975933031042902,-0.9633911368015414,-0.4979496192149971,357.14285714285717,192.85714285714286,167.85714285714286,2325.8383025317585,1722.0132607879846,0.7298945493741094,0.6121049088967077,2656.8571428571427,2752.9285714285716,2454.9285714285716,-0.09648268262571731,-0.09072044105386644,-0.06086996876745365,0.03614457831325301,0.08433734939759036,0.10843373493975904,0.10843373493975904,35.0,5.0,3.0,3.0,83.0,83.0,0,0,83.0,0.0,0.0,0.0,0.0,0,0,999.0,999.0,0,0,6,0.0,0.08333333333333333,0.08333333333333333,0.08333333333333333,88.0,1000.0,-500.0,0.22388416051783833,0.4896819942150895,1,1,0.8072289156626506,0.5,0.8168674698795181,0.5,0.8216867469879519,0.0,0.8216867469879519,0.5,2.282409638554217,3,0,0,66.0,55.0,-1000.0,-599.5080952380952
2026-05-21,ネオプラネット,1,0.0,0.0,0.0,0.0,0.0,0.0,ネオプラネット,0,0,0,0,0,2F,N,2F,N,2F_N,0.0,0.0,0.0,0.0,0.0,0.0,0.0,0.0,3,21,0.6451612903225806,1,0,1,0,0,1,0,-1500.0,-1600.0,-300.0,1300.0,-300.0,3486.0,2675.0,758.0,1830.0,-0.43029259896729777,-0.5981308411214953,-0.39577836411609496,0.7103825136612022,-600.0,-571.4285714285714,-142.85714285714286,737.1114795831961,1166.473034690189,0.37886433458263163,0.42064644135841966,2886.8571428571427,2938.0714285714284,3465.285714285714,-0.3740734836765646,-0.2812162193974723,-0.12603383952030053,0.012987012987012988,0.025974025974025976,0.06493506493506493,0.14285714285714285,73.0,35.0,17.0,17.0,77.0,77.0,0,0,77.0,0.0,0.0,0.0,0.0,0,0,999.0,42.0,0,0,6,0.0,0.0,0.0,0.18181818181818182,94.0,100.0,-1200.0,0.16783824215419751,-0.03451423485120281,1,1,0.8025974025974026,0.5,0.8051948051948052,0.5,0.812987012987013,0.0,0.8285714285714286,0.5,2.265974025974026,4,1,1,60.0,55.0,-1500.0,-996.5741293532338
2026-05-21,バーニングエクスプレス,2,0.0,0.0,0.0,0.0,0.0,0.0,バーニングエクスプレス,0,0,0,0,0,2F,N,2F,N,2F_N,0.0,0.0,0.0,0.0,0.0,0.0,0.0,0.0,3,21,0.6451612903225806,1,0,1,0,0,1,0,6300.0,-350.0,3050.0,-2350.0,-200.0,8596.0,4267.0,6674.0,7121.0,1.4657980456026058,-0.1640496836184673,0.9139946059334731,-0.6600196601600898,1135.7142857142858,1239.2857142857142,901.7857142857143,2983.526197543531,2542.196095703671,1.0964536765861113,0.8690060735807125,3320.9285714285716,3450.6071428571427,3464.8928571428573,0.4617180490454499,0.4008872877911579,0.27342583682601446,0.05454545454545454,0.12727272727272726,0.18181818181818182,0.2,4.0,1.0,1.0,1.0,55.0,55.0,0,0,55.0,0.0,0.0,0.0,0.0,0,0,999.0,999.0,0,0,6,0.125,0.125,0.125,0.125,57.0,6650.0,3250.0,1.6298477292210731,0.5518034396691327,1,1,0.8109090909090909,0.5,0.8254545454545454,0.5,0.8363636363636364,0.0,0.44000000000000006,0.5,2.1490909090909094,5,0,0,2.0,2.0,6300.0,5042.05552238806
2026-05-21,L麻雀物語,2,0.0,0.0,0.0,0.0,0.0,0.0,L麻雀物語,0,0,0,0,0,2F,N,2F,N,2F_N,0.0,0.0,0.0,0.0,0.0,0.0,0.0,0.0,3,21,0.6451612903225806,1,0,1,0,0,1,1,5400.0,-500.0,-1300.0,-100.0,-3700.0,13324.0,8315.0,18084.0,28199.0,0.8105673971780246,-0.12026458208057728,-0.28754700287547,-0.014184900173765027,1785.7142857142858,1205.357142857143,555.3571428571429,4172.001346847246,3400.002525047544,0.6556347795122918,0.6372058082930657,5007.0,4391.035714285715,4448.939285714286,0.2612644727730236,0.1265892257610544,0.024987118963377658,0.057692307692307696,0.125,0.1346153846153846,0.22115384615384615,4.0,1.0,1.0,1.0,104.0,104.0,0,0,,0.0,0.0,0.0,-2.0,0,0,999.0,12.0,0,0,-1,0.06666666666666667,0.13333333333333333,0.13333333333333333,0.2,112.0,5900.0,6700.0,0.930831979258602,1.0981144000534946,1,1,0.8115384615384615,0.5,0.8250000000000001,0.5,0.826923076923077,0.0,0.44423076923076926,0.5,2.1453846153846157,6,0,0,1.0,2.0,5400.0,4360.373225806452
2026-05-21,バジリスク～甲賀忍法帖～絆2 天膳 BLACK EDITION,2,0.0,0.0,0.0,0.0,0.0,0.0,バジリスク～甲賀忍法帖～絆2 天膳 BLACK EDITION,0,0,0,0,0,2F,N,2F,N,2F_N,0.0,0.0,0.0,0.0,0.0,0.0,0.0,0.0,3,21,0.6451612903225806,1,0,1,0,0,1,1,450.0,-600.0,-1200.0,-2100.0,1300.0,4844.0,1744.0,7261.0,8426.0,0.18579686209744012,-0.6880733944954128,-0.3305329844374053,-0.4984571564206029,1078.5714285714287,1350.0,660.7142857142857,2117.9504917996287,2514.7258605752913,0.7295146019661437,1.537297661703039,2651.4285714285716,2509.6071428571427,2621.875,0.16073450483822516,0.4733864635073111,0.23313495447905677,0.050473186119873815,0.0946372239747634,0.1167192429022082,0.1608832807570978,4.0,4.0,4.0,4.0,317.0,317.0,0,0,,0.0,0.0,0.0,0.0,0,0,197.0,45.0,0,0,-1,0.0,0.044444444444444446,0.022222222222222223,0.044444444444444446,189.0,1050.0,1650.0,0.8738702565928529,0.5163298465348454,1,1,0.8100946372239748,0.5,0.8189274447949527,0.5,0.8233438485804416,0.0,0.4321766561514196,0.5,2.13211356466877,7,0,0,27.0,27.0,450.0,394.4502777777778
2026-05-21,七つの魔剣が支配する,2,0.0,0.0,0.0,0.0,0.0,0.0,七つの魔剣が支配する,0,0,0,0,0,2F,N,2F,N,2F_N,0.0,0.0,0.0,0.0,0.0,0.0,0.0,0.0,3,21,0.6451612903225806,1,0,1,0,0,1,1,-1250.0,350.0,200.0,250.0,-1000.0,5438.0,1253.0,6168.0,6493.0,-0.4597278411180581,0.5586592178770949,0.0648508430609598,0.07700600646850454,-85.71428571428558,-139.28571428571436,-369.64285714285717,1436.3478819893314,1041.6663003662363,0.6651932656773446,0.4994702018352755,2306.214285714286,2536.6785714285716,2673.160714285714,0.07581204567339472,-0.02001950853085393,-0.14194987275256885,0.015772870662460567,0.04100946372239748,0.05993690851735016,0.138801261829653,32.0,32.0,32.0,32.0,317.0,317.0,0,0,,0.0,0.0,0.0,0.0,0,0,999.0,31.0,0,0,-1,0.022222222222222223,0.022222222222222223,0.022222222222222223,0.1111111111111111,85.0,-1600.0,-1450.0,-1.018387058995153,-0.5245786841790179,1,1,0.8031545741324921,0.5,0.8082018927444795,0.5,0.8119873817034701,0.0,0.4277602523659306,0.5,2.10801261829653,8,0,0,66.0,64.0,-1250.0,-965.5497222222223
2026-05-21,ルパン三世 大航海者の秘宝,2,0.0,0.0,0.0,0.0,0.0,0.0,ルパン三世 大航海者の秘宝,0,0,0,0,0,2F,N,2F,N,2F_N,0.0,0.0,0.0,0.0,0.0,0.0,0.0,0.0,3,21,0.6451612903225806,1,0,1,0,0,1,1,-2050.0,2250.0,-2100.0,0.0,6650.0,7479.0,9723.0,7367.0,0.0,-0.5482016312341222,0.46282011724776306,-0.5701099497760282,0.0,1657.142857142857,1235.7142857142858,1263.3333333333333,3238.7534345059075,3171.048635790604,0.8856174568419439,0.8055371662104178,3953.5,3974.214285714286,4022.0333333333333,0.4017109533966568,0.29770304404077247,0.301302833289168,0.13333333333333333,0.13333333333333333,0.13333333333333333,0.2,3.0,3.0,3.0,3.0,15.0,15.0,0,0,,0.0,0.0,0.0,0.0,0,0,999.0,999.0,0,0,-1,0.0,0.0,0.0,0.5,24.0,-4300.0,50.0,-1.0110217484818853,0.021908318541906002,1,1,0.4266666666666667,0.5,0.8266666666666667,0.5,0.8266666666666667,0.0,0.8400000000000001,0.5,1.9200000000000002,9,0,0,58.0,57.0,-2050.0,-1578.5233333333333
2026-05-21,防空少女ラブキューレ2～極限の共鳴～,1,0.0,0.0,0.0,0.0,0.0,0.0,防空少女ラブキューレ2～極限の共鳴～,0,0,0,0,0,3F,N,3F,N,3F_N,0.0,0.0,0.0,0.0,0.0,0.0,0.0,0.0,3,21,0.6451612903225806,1,0,0,1,0,1,1,100.0,100.0,-400.0,-400.0,-1700.0,1072.0,2192.0,1142.0,485.0,0.09328358208955224,0.04562043795620438,-0.3502626970227671,-0.8247422680412371,71.42857142857143,121.42857142857143,214.28571428571428,1275.0350135248386,1407.7688683918245,0.5442927370394485,1.0479026218075604,1920.142857142857,1951.7142857142858,2105.964285714286,-0.1036955132620937,0.10641647509353931,0.5585301196633657,0.05844155844155844,0.1038961038961039,0.12337662337662338,0.18181818181818182,26.0,26.0,26.0,15.0,154.0,154.0,0,0,,0.0,0.0,0.0,0.0,0,0,999.0,999.0,0,0,-1,0.13636363636363635,0.18181818181818182,0.18181818181818182,0.18181818181818182,148.0,0.0,500.0,0.047663144133347865,0.4435462791123193,1,1,0.4116883116883117,0.5,0.8207792207792208,0.5,0.8246753246753247,0.0,0.8363636363636364,0.5,1.8976623376623376,10,0,0,23.0,23.0,100.0,111.61999999999998
2026-05-21,銀河英雄伝説 Die Neue These,2,0.0,0.0,0.0,0.0,0.0,0.0,銀河英雄伝説 Die Neue These,0,0,0,0,0,2F,N,2F,N,2F_N,0.0,0.0,0.0,0.0,0.0,0.0,0.0,0.0,3,21,0.6451612903225806,1,0,1,0,0,1,0,1250.0,2350.0,-350.0,300.0,500.0,9218.0,10917.0,3780.0,887.0,0.2712085050987199,0.4305212054593753,-0.18518518518518517,0.6764374295377678,7.142857142857143,75.0,78.57142857142857,1456.7167911175516,1095.5767711751014,0.357721591444577,0.283225652169607,3758.5,3297.785714285714,3098.4821428571427,-0.05635628535429782,-0.013352374581634432,-0.004856799116597628,0.04819277108433735,0.07228915662650602,0.0963855421686747,0.12048192771084337,15.0,7.0,7.0,7.0,83.0,83.0,0,0,83.0,0.0,0.0,0.0,0.0,0,0,999.0,999.0,0,0,6,0.0,0.08333333333333333,0.08333333333333333,0.16666666666666666,144.0,-1100.0,1600.0,-0.15931270036065537,0.4563936902839051,1,1,0.4096385542168675,0.5,0.8144578313253013,0.5,0.819277108433735,0.0,0.8240963855421687,0.5,1.882409638554217,11,0,0,11.0,12.0,1250.0,1040.2951428571428
2026-05-21,回胴黙示録カイジ 狂宴,2,0.0,0.0,0.0,0.0,0.0,0.0,回胴黙示録カイジ 狂宴,0,0,0,0,0,2F,N,2F,N,2F_N,0.0,0.0,0.0,0.0,0.0,0.0,0.0,0.0,3,21,0.6451612903225806,1,0,1,0,0,1,1,-1450.0,4100.0,-700.0,-1000.0,5950.0,7420.0,11277.0,2855.0,4225.0,-0.3908355795148248,0.7271437439035204,-0.4903677758318739,-0.47337278106508873,1207.142857142857,1117.857142857143,808.9285714285714,3063.0089470198764,2680.0980997299007,0.7562858919413886,0.6848223085620597,3987.4285714285716,3814.6071428571427,4072.2321428571427,0.2720750762638205,0.20947684780002246,0.13942900167477298,0.031746031746031744,0.06349206349206349,0.09523809523809523,0.14285714285714285,3.0,3.0,3.0,3.0,63.0,63.0,0,0,,0.0,0.0,0.0,0.0,0,0,999.0,999.0,0,0,-1,0.0,0.0,0.0,0.1111111111111111,178.0,-5550.0,-750.0,-1.1179793234183453,0.09953219631704913,1,1,0.40634920634920635,0.5,0.8126984126984127,0.5,0.8190476190476191,0.0,0.8285714285714286,0.5,1.8793650793650793,12,0,0,59.0,57.0,-1450.0,-1139.5159375
2026-05-21,ゾンビランドサガ,3,0.0,0.0,0.0,0.0,0.0,0.0,ゾンビランドサガ,0,0,0,0,0,2F,N,2F,N,2F_N,0.0,0.0,0.0,0.0,0.0,0.0,0.0,0.0,3,21,0.6451612903225806,1,0,1,0,0,1,1,6233.3,-100.0,-466.7,300.0,-100.0,14248.0,4687.0,9379.0,10283.0,1.3124649073554182,-0.06400682739492213,-0.14926964495148737,0.08752309637265389,761.9,245.22857142857143,199.99285714285716,2728.819133495904,2072.1451198172444,0.5872314064964359,0.4815695212270756,3944.528571428571,3659.757142857143,3780.7357142857145,0.12061240031024302,0.0244602393072616,0.014013427672153023,0.03785488958990536,0.056782334384858045,0.07570977917981073,0.11987381703470032,1.0,1.0,1.0,1.0,317.0,317.0,0,0,,0.0,0.0,0.0,0.0,0,0,163.0,45.0,0,0,-1,0.044444444444444446,0.044444444444444446,0.044444444444444446,0.044444444444444446,124.0,6333.3,6700.0,1.3764717347503403,1.4617345523069056,1,1,0.8075709779179812,0.5,0.8113564668769716,0.5,0.41514195583596214,0.0,0.42397476340694007,0.5,1.8753312302839118,13,0,0,1.0,1.0,6233.3,5367.435912698413
2026-05-21,ラブ嬢3～Wご指名はいかがですか?～,2,0.0,0.0,0.0,0.0,0.0,0.0,ラブ嬢3～Wご指名はいかがですか?～,0,0,0,0,0,2F,N,2F,N,2F_N,0.0,0.0,0.0,0.0,0.0,0.0,0.0,0.0,3,21,0.6451612903225806,1,0,1,0,0,1,1,400.0,-300.0,-350.0,-950.0,450.0,7970.0,8011.0,2961.0,3477.0,0.10037641154328733,-0.07489701660217202,-0.2364066193853428,-0.546448087431694,-178.57142857142858,442.85714285714283,369.64285714285717,1168.6377906410034,1440.4669572555476,0.33615268770930273,0.40347544694454246,3633.9285714285716,3455.535714285714,3497.660714285714,-0.024185476833698233,0.09949708364397027,0.08840460249518053,0.031746031746031744,0.047619047619047616,0.06349206349206349,0.14285714285714285,15.0,13.0,13.0,13.0,63.0,63.0,0,0,,0.0,0.0,0.0,0.0,0,0,999.0,999.0,0,0,-1,0.0,0.0,0.0,0.2222222222222222,121.0,700.0,750.0,0.17527342814545935,0.33678303092863016,1,1,0.40634920634920635,0.5,0.8095238095238095,0.5,0.8126984126984127,0.0,0.8285714285714286,0.5,1.873015873015873,14,0,0,22.0,22.0,400.0,340.4840625
2026-05-21,バイオハザード5,4,0.0,0.0,0.0,0.0,0.0,0.0,バイオハザード5,0,0,0,0,0,2F,N,2F,N,2F_N,0.0,0.0,0.0,0.0,0.0,0.0,0.0,0.0,3,21,0.6451612903225806,1,0,1,0,0,1,1,-425.0,1875.0,2650.0,-525.0,-1325.0,3198.0,9566.0,5584.0,3851.0,-0.5315822388993121,0.7840267614467907,1.8982808022922637,-0.5453129057387691,489.2857142857143,1173.2142857142858,762.2,1167.8735254421051,1389.2604661679325,0.4976261893957608,0.6154624252462172,2266.5714285714284,2546.9000000000005,2411.7357142857145,0.1165789197200322,0.41465321237366587,0.2475946460584551,0.012987012987012988,0.03896103896103896,0.08441558441558442,0.16233766233766234,33.0,22.0,8.0,6.0,154.0,154.0,0,0,,0.0,0.0,0.0,0.0,0,0,999.0,22.0,0,0,-1,0.045454545454545456,0.09090909090909091,0.045454545454545456,0.18181818181818182,100.0,-2300.0,-3075.0,-1.315609000346103,-2.4298630411915756,1,1,0.4025974025974026,0.5,0.8077922077922078,0.5,0.8168831168831169,0.0,0.8324675324675325,0.5,1.8719480519480518,15,0,0,49.0,50.0,-425.0,-362.79333333333335
2026-05-21,真・一騎当千,2,0.0,0.0,0.0,0.0,0.0,0.0,真・一騎当千,0,0,0,0,0,2F,N,2F,N,2F_N,0.0,0.0,0.0,0.0,0.0,0.0,0.0,0.0,3,21,0.6451612903225806,1,0,1,0,0,1,1,-1250.0,-400.0,-1450.0,600.0,-450.0,2511.0,2675.0,3503.0,2041.0,-0.9956192751891677,-0.29906542056074764,-0.8278618327148158,0.5879470847623713,-314.2857142857143,-114.28571428571429,48.214285714285715,1270.076863065868,1404.8581329181873,0.8142088947530555,0.7588693924082841,1894.142857142857,1811.25,1998.875,-0.1033275405478259,-0.030476604158616107,-0.08556920659020952,0.01948051948051948,0.03896103896103896,0.08441558441558442,0.14285714285714285,40.0,10.0,10.0,6.0,154.0,154.0,0,0,,0.0,0.0,0.0,0.0,0,0,999.0,999.0,0,0,-1,0.045454545454545456,0.09090909090909091,0.045454545454545456,0.18181818181818182,122.0,-850.0,200.0,-0.69655385462842,-0.16775744247435187,1,1,0.4038961038961039,0.5,0.8077922077922078,0.5,0.8168831168831169,0.0,0.8285714285714286,0.5,1.8716883116883118,16,0,0,62.0,61.0,-1250.0,-973.028
2026-05-21,主役は銭形5,2,0.0,0.0,0.0,0.0,0.0,0.0,主役は銭形5,0,0,0,0,0,3F,N,3F,N,3F_N,0.0,0.0,0.0,0.0,0.0,0.0,0.0,0.0,3,21,0.6451612903225806,1,0,0,1,0,1,0,1450.0,-950.0,150.0,-1750.0,-500.0,6726.0,3754.0,3620.0,4996.0,0.4311626523936961,-0.5061267980820459,0.08287292817679558,-0.7005604483586869,-321.42857142857144,-403.57142857142844,-132.14285714285714,920.0802242454845,799.6307526973593,0.5437238144305048,0.47126664166518845,1898.7857142857142,2071.214285714286,2923.5,-0.31715878248918744,-0.22938339009408068,-0.07873017009783452,0.020618556701030927,0.05154639175257732,0.07731958762886598,0.12371134020618557,25.0,25.0,20.0,19.0,194.0,194.0,0,0,194.0,0.0,0.0,0.0,0.0,0,0,999.0,49.0,0,0,7,0.03571428571428571,0.14285714285714285,0.07142857142857142,0.21428571428571427,131.0,2400.0,1300.0,0.937289450475742,0.3482897242169005,1,1,0.4041237113402062,0.5,0.8103092783505155,0.5,0.8154639175257732,0.0,0.8247422680412372,0.5,1.8715463917525774,17,0,0,9.0,9.0,1450.0,1206.4772602739727
2026-05-21,とある科学の超電磁砲2,2,0.0,0.0,0.0,0.0,0.0,0.0,とある科学の超電磁砲2,0,0,0,0,0,2F,N,2F,N,2F_N,0.0,0.0,0.0,0.0,0.0,0.0,0.0,0.0,3,21,0.6451612903225806,1,0,1,0,0,1,0,-1850.0,-2300.0,-1400.0,-233.3,-750.0,3818.0,5622.0,8774.0,6171.0,-0.9690937663698271,-0.8182141586623978,-0.31912468657396853,-0.11343380327337546,-1442.857142857143,-85.7142857142857,53.57500000000001,1489.5269303340822,2580.1333128518595,0.4911524341130946,0.7854413911257492,2898.285714285714,3270.6071428571427,2481.8857142857146,-0.5893026428658165,-0.15584383497353846,0.050738918444369716,0.0213903743315508,0.0374331550802139,0.09090909090909091,0.12299465240641712,10.0,10.0,10.0,10.0,187.0,187.0,0,0,187.0,0.0,0.0,0.0,0.0,0,0,999.0,14.0,0,0,7,0.0,0.07407407407407407,0.0,0.1111111111111111,142.0,450.0,-450.0,-0.15087960770742936,-0.6499690797958586,1,1,0.4042780748663102,0.5,0.8074866310160428,0.5,0.8181818181818182,0.0,0.8245989304812835,0.5,1.8710160427807487,18,0,0,71.0,71.0,-1850.0,-1397.4391666666666
2026-05-21,ダーリン・イン・ザ・フランキス,3,0.0,0.0,0.0,0.0,0.0,0.0,ダーリン・イン・ザ・フランキス,0,0,0,0,0,3F,N,3F,N,3F_N,0.0,0.0,0.0,0.0,0.0,0.0,0.0,0.0,3,21,0.6451612903225806,1,0,0,1,0,1,1,1766.7,-2233.3,5733.3,2633.3,166.7,18272.0,18296.0,16589.0,10300.0,0.290061295971979,-0.36620026235242675,1.036831635421062,0.7669902912621359,-828.5714285714286,23.807142857142935,350.00000000000006,1693.5091306852428,2367.496650786124,0.4255012356009669,0.5708277126497092,4487.042857142857,3954.907142857143,3822.625,-0.2894631123627197,-0.12462598747184883,0.020018688454384388,0.011049723756906077,0.049723756906077346,0.06629834254143646,0.07734806629834254,14.0,14.0,9.0,9.0,181.0,181.0,0,0,,0.0,0.0,0.0,0.0,0,0,999.0,89.0,0,0,-1,0.0,0.038461538461538464,0.0,0.038461538461538464,163.0,4000.0,-3966.6000000000004,0.6562615583244058,-0.746770339449083,1,1,0.4022099447513812,0.5,0.8099447513812155,0.5,0.8132596685082873,0.0,0.8154696132596686,0.5,1.8643093922651932,19,0,0,6.0,6.0,1766.7,1515.7825159914712
2026-05-21,鉄拳6,3,0.0,0.0,0.0,0.0,0.0,0.0,鉄拳6,0,0,0,0,0,2F,N,2F,N,2F_N,0.0,0.0,0.0,0.0,0.0,0.0,0.0,0.0,3,21,0.6451612903225806,1,0,1,0,0,1,0,3033.3,-966.7,-1333.3,1833.3,966.7,10516.0,7748.0,9983.0,4778.0,0.8653480410802586,-0.3742901393908105,-0.40068115796854653,1.151109250732524,190.47142857142862,-247.61428571428567,-51.07142857142857,1718.9254828858313,1481.4948068950985,0.5473355607810141,0.4954507018070682,2967.0857142857144,2945.807142857143,2504.425,0.03548077869452014,-0.09951410757481789,-0.07160088221574387,0.015873015873015872,0.031746031746031744,0.03968253968253968,0.07142857142857142,16.0,16.0,16.0,1.0,126.0,126.0,0,0,126.0,0.0,0.0,0.0,0.0,0,0,999.0,21.0,0,0,7,0.05555555555555555,0.05555555555555555,0.05555555555555555,0.05555555555555555,74.0,4000.0,4366.6,1.2396381804710692,1.266029199048805,1,1,0.4031746031746032,0.5,0.8063492063492064,0.5,0.807936507936508,0.0,0.8142857142857143,0.5,1.8587301587301588,20,0,0,5.0,5.0,3033.3,2658.9434523809523
2026-05-21,スマスロ秘宝伝,3,0.0,0.0,0.0,0.0,0.0,0.0,スマスロ秘宝伝,0,0,0,0,0,2F,N,2F,N,2F_N,0.0,0.0,0.0,0.0,0.0,0.0,0.0,0.0,3,21,0.6451612903225806,1,0,1,0,0,1,0,-1800.0,-600.0,200.0,-400.0,-200.0,11353.0,2436.0,3258.0,9782.0,-0.47564520391086057,-0.7389162561576355,0.1841620626151013,-0.24534859946841137,-571.4285714285714,30.950000000000014,32.142857142857146,662.8880617275831,1110.9730251866195,0.303224904314372,0.36426852029318796,2971.1857142857148,3147.592857142857,2776.6071428571427,-0.259546676024067,-0.03683987168885629,-0.023905198393561828,0.01680672268907563,0.025210084033613446,0.025210084033613446,0.058823529411764705,33.0,8.0,8.0,8.0,119.0,119.0,0,0,119.0,0.0,0.0,0.0,0.0,0,0,999.0,14.0,0,0,7,0.0,0.0,0.0,0.0,99.0,-1200.0,-2000.0,0.2632710522467749,-0.6598072665259619,1,1,0.8033613445378152,0.5,0.8050420168067227,0.5,0.4050420168067227,0.0,0.411764705882353,0.5,1.855126050420168,21,0,0,71.0,71.0,-1800.0,-1509.659099804305
2026-05-21,クレアの秘宝伝 ～はじまりの扉と太陽の石～ ボーナストリガーver.,1,0.0,0.0,0.0,0.0,0.0,0.0,クレアの秘宝伝 ～はじまりの扉と太陽の石～ ボーナストリガーver.,0,0,0,1,1,2F,A,2F,A,2F_A,0.0,0.0,0.0,0.0,0.0,0.0,0.0,0.0,3,21,0.6451612903225806,1,0,1,0,1,0,0,2800.0,-300.0,900.0,-500.0,400.0,7830.0,4995.0,6432.0,2533.0,0.35759897828863346,-0.06006006006006006,0.13992537313432835,-0.1973943939992104,371.42857142857144,507.14285714285717,103.57142857142857,1667.0475755201521,1529.4364400575223,0.5101985730832536,0.5226035683992705,4101.285714285715,4309.5,3813.1071428571427,-0.1537970129021339,-0.1257898823576388,-0.2095582994636945,0.00819672131147541,0.020491803278688523,0.020491803278688523,0.05327868852459016,52.0,12.0,12.0,12.0,244.0,244.0,0,0,244.0,0.0,0.0,0.0,0.0,0,0,999.0,35.0,0,0,7,0.02857142857142857,0.05714285714285714,0.05714285714285714,0.08571428571428572,116.0,3100.0,1900.0,0.4176590383486935,0.21767360515430512,1,1,0.4016393442622951,0.5,0.8040983606557377,0.5,0.8040983606557377,0.0,0.8106557377049181,0.5,1.8516393442622952,22,0,0,7.0,8.0,2800.0,2004.2680555555553
2026-05-21,ゴブリンスレイヤーII,3,0.0,0.0,0.0,0.0,0.0,0.0,ゴブリンスレイヤーII,0,0,0,0,0,3F,N,3F,N,3F_N,0.0,0.0,0.0,0.0,0.0,0.0,0.0,0.0,3,21,0.6451612903225806,1,0,0,1,0,1,0,3333.3,1300.0,-833.3,-228.6,-1166.7,10901.0,5118.0,3354.0,15161.0,0.9173470323823503,0.7620164126611958,-0.7453786523553966,-0.10553393575621661,109.49999999999987,-59.53571428571422,-92.52499999999998,1910.5737663504826,1424.5279107923345,0.9349778512814781,0.6915536512376567,1890.7999999999997,1759.542857142857,1593.1464285714287,-0.15623798808829864,-0.1748276781585809,-0.15028777848869646,0.0,0.0,0.03896103896103896,0.06493506493506493,999.0,999.0,1.0,1.0,77.0,77.0,0,0,77.0,0.0,0.0,0.0,0.0,0,0,999.0,14.0,0,0,6,0.0,0.0,0.0,0.0,139.0,2033.3000000000002,4166.6,0.15533061972115447,1.662725684737747,1,1,0.8,0.5,0.8,0.5,0.4077922077922078,0.0,0.412987012987013,0.5,1.8498701298701299,23,0,0,3.0,3.0,3333.3,2890.3123287671233
2026-05-21,押忍！番長4,3,0.0,0.0,0.0,0.0,0.0,0.0,押忍！番長4,0,0,0,0,0,2F,N,2F,N,2F_N,0.0,0.0,0.0,0.0,0.0,0.0,0.0,0.0,3,21,0.6451612903225806,1,0,1,0,0,1,1,4633.3,3466.7,566.7,1900.0,4300.0,11836.0,9079.0,11578.0,8758.0,1.1743832375802636,1.1455006057935897,0.14683019519778892,0.6508335236355333,2366.657142857143,1595.2428571428572,919.0500000000001,2158.4498039543273,2295.43111543655,0.7421389941500789,0.7629388490647153,3024.214285714286,2809.4785714285717,2856.378571428572,0.7054967479844448,0.42391375476081766,0.24697494618807253,0.05434782608695652,0.11956521739130435,0.18478260869565216,0.22826086956521738,1.0,1.0,1.0,1.0,92.0,92.0,0,0,,0.0,0.0,0.0,0.0,0,0,999.0,29.0,0,0,-1,0.07692307692307693,0.07692307692307693,0.07692307692307693,0.15384615384615385,99.0,1166.6000000000004,4066.6000000000004,0.02888263178667394,1.0275530423824748,1,1,0.4108695652173913,0.5,0.8239130434782609,0.5,0.8369565217391305,0.0,0.4456521739130435,0.5,1.750434782608696,24,0,0,1.0,1.0,4633.3,4002.5857142857144
2026-05-21,吉宗,4,0.0,0.0,0.0,0.0,0.0,0.0,吉宗,0,0,0,0,0,3F,N,3F,N,3F_N,0.0,0.0,0.0,0.0,0.0,0.0,0.0,0.0,3,21,0.6451612903225806,1,0,0,1,0,1,1,225.0,100.0,-350.0,-250.0,-750.0,15218.0,6517.0,8585.0,7898.0,0.05914049152319621,0.06137793463249962,-0.163075131042516,-0.12661433274246645,392.857142857143,125.0,96.42857142857143,955.3265460164965,789.2913082194495,0.442180744385729,0.37441756623117745,2508.2428571428572,2699.0642857142857,2847.567857142857,0.2115487884753092,0.058119598795790005,0.06977354307384434,0.02109704641350211,0.05485232067510549,0.0759493670886076,0.12236286919831224,92.0,33.0,33.0,33.0,237.0,237.0,0,0,,0.0,0.0,0.0,0.0,0,0,145.0,41.0,0,0,-1,0.0,0.0,0.0,0.029411764705882353,110.0,125.0,575.0,-0.0022374431093034053,0.2222156225657122,1,1,0.40421940928270045,0.5,0.8109704641350212,0.5,0.8151898734177215,0.0,0.42447257383966247,0.5,1.7118987341772156,25,0,0,28.0,28.0,225.0,222.38619047619048
2026-05-21,スマスロ炎炎ノ消防隊,4,0.0,0.0,0.0,0.0,0.0,0.0,スマスロ炎炎ノ消防隊,0,0,0,0,0,2F,N,2F,N,2F_N,0.0,0.0,0.0,0.0,0.0,0.0,0.0,0.0,3,21,0.6451612903225806,1,0,1,0,0,1,1,-775.0,300.0,1425.0,250.0,575.0,15629.0,25378.0,2976.0,4084.0,-0.19834922259901466,0.04728505004334463,1.9153225806451613,0.24485798237022527,353.57142857142856,248.21428571428572,158.92857142857142,664.9606146589616,865.9401452553335,0.2196217194583585,0.5560170699643514,4222.571428571428,3333.3214285714284,3169.3678571428572,0.14340169323591676,0.2026888144747723,0.0828007096535315,0.03308823529411765,0.04044117647058824,0.058823529411764705,0.11764705882352941,63.0,63.0,12.0,5.0,272.0,272.0,0,0,,0.0,0.0,0.0,0.0,0,0,152.0,257.0,0,0,-1,0.07692307692307693,0.10256410256410256,0.10256410256410256,0.15384615384615385,69.0,-1075.0,-2200.0,-0.2456342726423593,-2.113671803244176,1,1,0.40661764705882353,0.5,0.8080882352941177,0.5,0.8117647058823529,0.0,0.42352941176470593,0.5,1.709558823529412,26,0,0,53.0,54.0,-775.0,-687.8285714285713
2026-05-21,バイオハザード RE:2,2,0.0,0.0,0.0,0.0,0.0,0.0,バイオハザード RE:2,0,0,0,0,0,2F,N,2F,N,2F_N,0.0,0.0,0.0,0.0,0.0,0.0,0.0,0.0,3,21,0.6451612903225806,1,0,1,0,0,1,1,1350.0,1250.0,2250.0,-350.0,-600.0,8678.0,6888.0,9195.0,3514.0,0.3111315971421987,0.3629500580720093,0.4893964110929853,-0.199203187250996,1142.857142857143,657.1428571428571,575.0,1411.3907359494065,1455.474696931071,0.40340795681824587,0.40028390202415215,3858.714285714286,3728.464285714286,3656.035714285714,0.315767737830834,0.18334937288508274,0.1530984437270509,0.021739130434782608,0.043478260869565216,0.05434782608695652,0.11956521739130435,33.0,4.0,4.0,4.0,92.0,92.0,0,0,,0.0,0.0,0.0,0.0,0,0,999.0,999.0,0,0,-1,0.07692307692307693,0.15384615384615385,0.15384615384615385,0.15384615384615385,44.0,100.0,-900.0,-0.05181846092981063,-0.17826481395078664,1,1,0.4043478260869565,0.5,0.808695652173913,0.5,0.8108695652173914,0.0,0.42391304347826086,0.5,1.7073913043478264,27,0,0,7.0,8.0,1350.0,1123.66
2026-05-21,絶対衝激IV,3,0.0,0.0,0.0,0.0,0.0,0.0,絶対衝激IV,0,0,0,0,0,2F,N,2F,N,2F_N,0.0,0.0,0.0,0.0,0.0,0.0,0.0,0.0,3,21,0.6451612903225806,1,0,1,0,0,1,0,266.7,-566.7,-650.0,500.0,-300.0,8192.0,3820.0,2588.0,15387.0,0.09765625,-0.44502617801047123,-1.0046367851622875,0.12997985312276597,-519.0428571428572,-644.0428571428572,-359.5214285714286,1138.530358045176,1066.4584277045112,0.5238082263275519,0.5117399426335791,1926.042857142857,2078.242857142857,2395.4392857142857,-0.3425854184022972,-0.4491700141216726,-0.20192744415533617,0.0,0.02127659574468085,0.06382978723404255,0.0851063829787234,999.0,41.0,27.0,18.0,47.0,47.0,0,0,47.0,0.0,0.0,0.0,-1.0,0,0,999.0,13.0,0,0,6,0.0,0.0,0.0,0.14285714285714285,117.0,833.4000000000001,916.7,0.5426824280104712,1.1022930351622875,1,1,0.8,0.5,0.8042553191489362,0.5,0.41276595744680855,0.0,0.01702127659574468,0.5,1.697872340425532,28,0,0,17.0,17.0,266.7,202.20022321428567
2026-05-21,デビル メイ クライ5 スタイリッシュトライブ,4,0.0,0.0,0.0,0.0,0.0,0.0,デビル メイ クライ5 スタイリッシュトライブ,0,0,0,0,0,3F,N,3F,N,3F_N,0.0,0.0,0.0,0.0,0.0,0.0,0.0,0.0,3,21,0.6451612903225806,1,0,0,1,0,1,1,750.0,1825.0,-175.0,-1575.0,-550.0,12882.0,10728.0,5213.0,9741.0,0.2328830926874709,0.680462341536167,-0.13427968540187993,-0.6467508469356329,575.0,332.14285714285717,417.85714285714283,958.6231445846338,780.1274902853389,0.3186656765058614,0.2771148675852969,3091.057142857143,2843.3642857142854,2891.1428571428573,0.17667723587871698,0.0918365166995984,0.043559946711116244,0.029940119760479042,0.041916167664670656,0.059880239520958084,0.10179640718562874,30.0,15.0,15.0,7.0,167.0,167.0,0,0,,0.0,0.0,0.0,0.0,0,0,999.0,47.0,0,0,-1,0.0,0.041666666666666664,0.0,0.041666666666666664,133.0,-1075.0,925.0,-0.44757924884869615,0.3671627780893508,1,1,0.4059880239520958,0.5,0.8083832335329342,0.5,0.4119760479041916,0.0,0.8203592814371258,0.5,1.6280239520958084,29,0,0,8.0,8.0,750.0,646.1335069444444
2026-05-21,ディスクアップ2,2,0.0,0.0,0.0,0.0,0.0,0.0,ディスクアップ2,0,0,0,1,1,3F,A,3F,A,3F_A,0.0,0.0,0.0,0.0,0.0,0.0,0.0,0.0,3,21,0.6451612903225806,1,0,0,1,1,0,1,-650.0,1700.0,-300.0,-500.0,2000.0,12839.0,13289.0,10046.0,9099.0,-0.10125399174390529,0.25585070358943485,-0.059725263786581724,-0.10990218705352237,457.14285714285717,450.0,332.14285714285717,1127.840329800194,882.9583142002704,0.20128830941346257,0.1563287308604135,5787.428571428572,5877.214285714285,5599.517857142857,0.08894502717323585,0.08138800099485854,0.07309388557486272,0.00946372239747634,0.01892744479495268,0.03470031545741325,0.07255520504731862,188.0,69.0,23.0,3.0,317.0,317.0,0,0,,0.0,0.0,0.0,0.0,0,0,999.0,289.0,0,0,-1,0.0,0.044444444444444446,0.022222222222222223,0.044444444444444446,108.0,-2350.0,-350.0,-0.3571046953333401,-0.04152872795732356,1,1,0.4018927444794953,0.5,0.8037854889589906,0.5,0.4069400630914827,0.0,0.8145110410094638,0.5,1.614889589905363,30,0,0,57.0,56.0,-650.0,-485.5497222222222
2026-05-21,戦国†恋姫,1,0.0,0.0,0.0,0.0,0.0,0.0,戦国†恋姫,0,0,0,1,1,3F,A,3F,A,3F_A,0.0,0.0,0.0,0.0,0.0,0.0,0.0,0.0,3,21,0.6451612903225806,1,0,0,1,1,0,0,-900.0,1500.0,0.0,300.0,-100.0,4530.0,4297.0,1230.0,5655.0,-0.1986754966887417,0.3490807540144287,0.0,0.05305039787798409,-214.28571428571428,521.4285714285714,335.7142857142857,1013.9503134252863,1960.054383636634,0.22888947845183175,0.3785469959885046,4180.0,4170.285714285715,4310.857142857143,-0.021706553266936303,0.09916364531382008,0.061889455798812554,0.005405405405405406,0.010810810810810811,0.016216216216216217,0.04864864864864865,12.0,12.0,11.0,11.0,185.0,185.0,0,0,185.0,0.0,0.0,0.0,0.0,0,0,999.0,999.0,0,0,7,0.0,0.0,0.0,0.038461538461538464,72.0,-2400.0,-900.0,-0.5477562507031704,-0.1986754966887417,1,1,0.4010810810810811,0.5,0.8021621621621622,0.5,0.4032432432432433,0.0,0.8097297297297298,0.5,1.6086486486486486,31,0,0,60.0,58.0,-900.0,-542.5828703703704
2026-05-21,ビッグドリーム THE GOLDEN PUSHER,7,0.0,0.0,0.0,0.0,0.0,0.0,ビッグドリーム THE GOLDEN PUSHER,0,0,0,0,0,3F,N,3F,N,3F_N,0.0,0.0,0.0,0.0,0.0,0.0,0.0,0.0,3,21,0.6451612903225806,1,0,0,1,0,1,0,-2628.6,-1142.9,0.0,0.0,842.9,28622.0,30530.0,0.0,0.0,-0.6428621340227797,-0.26203734032099574,0.0,0.0,-861.2285714285715,-1027.15,-1027.15,2521.3502042320406,2203.5033178252006,0.4645286113223485,0.39431706173005066,5328.342857142858,5661.95,5661.95,-0.14915624757243665,-0.16607212674053104,-0.16607212674053104,0.0,0.0,0.0,0.1,999.0,999.0,999.0,2.0,10.0,10.0,0,0,10.0,0.0,0.0,0.0,0.0,0,0,999.0,999.0,0,0,4,0.0,0.0,0.0,0.0,67.0,-1485.6999999999998,-2628.6,-0.38082479370178396,-0.6428621340227797,1,1,0.4,0.5,0.8,0.5,0.4,0.0,0.8200000000000001,0.5,1.608,32,0,0,72.0,72.0,-2628.6,-2441.876574074074
2026-05-21,バンドリ！,2,0.0,0.0,0.0,0.0,0.0,0.0,バンドリ！,0,0,0,0,0,2F,N,2F,N,2F_N,0.0,0.0,0.0,0.0,0.0,0.0,0.0,0.0,3,21,0.6451612903225806,1,0,1,0,0,1,1,2800.0,-1500.0,6050.0,-500.0,600.0,2871.0,4613.0,8041.0,5914.0,1.9505398815743644,-0.6503360069369174,1.5047879616963065,-0.16909029421711194,735.7142857142857,785.7142857142857,10.714285714285714,1504.6356939234743,2117.9115776040912,0.8296366291797194,0.8137863615816553,2362.9285714285716,2481.214285714286,2742.089285714286,0.41741001747784795,0.2520499538647729,-0.08028269382966986,0.08201892744479496,0.12933753943217666,0.17034700315457413,0.22082018927444794,14.0,14.0,14.0,1.0,317.0,317.0,0,0,,0.0,0.0,0.0,0.0,0,0,999.0,999.0,0,0,-1,0.06666666666666667,0.24444444444444444,0.13333333333333333,0.28888888888888886,127.0,4300.0,-3250.0,2.6008758885112817,0.44575191987805796,1,1,0.416403785488959,0.5,0.8258675078864354,0.5,0.8340694006309148,0.0,0.04416403785488959,0.5,1.595205047318612,33,0,0,5.0,4.0,2800.0,2274.450277777778
2026-05-21,シャーマンキング,4,0.0,0.0,0.0,0.0,0.0,0.0,シャーマンキング,0,0,0,0,0,3F,N,3F,N,3F_N,0.0,0.0,0.0,0.0,0.0,0.0,0.0,0.0,3,21,0.6451612903225806,1,0,0,1,0,1,1,-1425.0,2600.0,-125.0,4850.0,-700.0,7361.0,5984.0,11885.0,15415.0,-0.7743513109631843,1.7379679144385027,-0.04206983592763988,1.258514433992864,650.0000000000002,219.64285714285708,280.357142857143,1949.3054318568632,1710.605453190045,1.0785532422864468,0.8921922692277626,2185.6285714285714,2445.1,2809.3964285714287,0.1883218863418812,-0.042366379114758886,0.018890934898047947,0.03785488958990536,0.08832807570977919,0.138801261829653,0.19242902208201892,21.0,7.0,7.0,7.0,317.0,317.0,0,0,,0.0,0.0,0.0,0.0,0,0,80.0,999.0,0,0,-1,0.06666666666666667,0.2,0.15555555555555556,0.26666666666666666,42.0,-4025.0,-1300.0,-2.5123192254016873,-0.7322814750355444,1,1,0.4075709779179811,0.5,0.8176656151419559,0.5,0.8277602523659306,0.0,0.038485804416403785,0.5,1.5737539432176657,34,0,0,68.0,69.0,-1425.0,-1247.52762345679
2026-05-21,攻殻機動隊,3,0.0,0.0,0.0,0.0,0.0,0.0,攻殻機動隊,0,0,0,0,0,2F,N,2F,N,2F_N,0.0,0.0,0.0,0.0,0.0,0.0,0.0,0.0,3,21,0.6451612903225806,1,0,1,0,0,1,0,-1766.7,-1566.7,1800.0,-1233.3,1966.7,13650.0,13178.0,14970.0,15683.0,-0.3882783882783883,-0.35665503111246016,0.36072144288577157,-0.2359242491870178,-323.81428571428575,559.5142857142857,163.09285714285716,2207.7179918251727,1971.9545477119293,0.48179779687497826,0.417731581947995,4444.185714285714,4526.5,4718.567857142857,-0.02567726480385327,0.1402281293244711,0.05286600987426084,0.037037037037037035,0.09259259259259259,0.12962962962962962,0.16666666666666666,46.0,2.0,2.0,2.0,108.0,108.0,0,0,108.0,0.0,0.0,0.0,0.0,0,0,999.0,999.0,0,0,7,0.06666666666666667,0.13333333333333333,0.13333333333333333,0.13333333333333333,142.0,-200.0,-3566.7,-0.03162335716592812,-0.7489998311641599,1,1,0.40740740740740744,0.5,0.8185185185185185,0.5,0.825925925925926,0.0,0.03333333333333333,0.5,1.5711111111111111,35,0,0,71.0,71.0,-1766.7,-1489.7069444444444
2026-05-21,プリズムナナ,3,0.0,0.0,0.0,0.0,0.0,0.0,プリズムナナ,0,0,0,0,0,2F,N,2F,N,2F_N,0.0,0.0,0.0,0.0,0.0,0.0,0.0,0.0,3,21,0.6451612903225806,1,0,1,0,0,1,0,-566.7,-833.3,-2800.0,4600.0,2266.7,4712.0,4410.0,14805.0,15143.0,-0.3607809847198642,-0.5668934240362812,-0.5673758865248227,0.9113121574324771,52.38571428571452,-438.0928571428572,-70.23571428571428,1435.2546004438484,1332.811519056492,0.7038452471481522,0.5739412136152289,2606.7714285714287,2942.55,3301.8214285714284,0.08101083163654242,-0.12294154237228416,-0.05750746367605529,0.03067484662576687,0.06134969325153374,0.07975460122699386,0.13496932515337423,3.0,3.0,3.0,3.0,163.0,163.0,0,0,163.0,0.0,0.0,0.0,0.0,0,0,999.0,999.0,0,0,7,0.0,0.17391304347826086,0.08695652173913043,0.21739130434782608,138.0,266.5999999999999,2233.3,0.20611243931641698,0.20659490180495854,1,1,0.4061349693251534,0.5,0.8122699386503068,0.5,0.8159509202453988,0.0,0.026993865030674847,0.5,1.5563190184049083,36,0,0,56.0,55.0,-566.7,-461.13551587301583
2026-05-21,アズールレーン THE ANIMATION,8,0.0,0.0,0.0,0.0,0.0,0.0,アズールレーン THE ANIMATION,0,0,0,0,0,2F,N,2F,N,2F_N,0.0,0.0,0.0,0.0,0.0,0.0,0.0,0.0,3,21,0.6451612903225806,1,0,1,0,0,1,1,-487.5,-512.5,1812.5,-12.5,-750.0,7993.0,8977.0,28655.0,27956.0,-0.4879269360690604,-0.4567227358805837,0.5060198918164369,-0.0035770496494491343,-175.0,-96.42857142857143,98.21428571428571,1177.8334630441896,1011.6559702773518,0.44831149554105176,0.3900448871756521,2251.6857142857143,2535.757142857143,2740.8821428571428,-0.20550266649862095,-0.14188276002426106,-0.045164933165373074,0.02422145328719723,0.04152249134948097,0.06228373702422145,0.09342560553633218,25.0,25.0,24.0,5.0,289.0,289.0,0,0,,0.0,0.0,0.0,0.0,0,0,185.0,999.0,0,0,-1,0.0,0.0,0.0,0.024390243902439025,109.0,25.0,-2300.0,-0.031204200188476694,-0.9939468278854973,1,1,0.4048442906574395,0.5,0.8083044982698963,0.5,0.8124567474048443,0.0,0.018685121107266438,0.5,1.5464359861591697,37,0,0,54.0,54.0,-487.5,-448.6910947712418
2026-05-21,モンスターハンターライズ,9,0.0,0.0,0.0,0.0,0.0,0.0,モンスターハンターライズ,0,0,0,0,0,2F,N,2F,N,2F_N,0.0,0.0,0.0,0.0,0.0,0.0,0.0,0.0,3,21,0.6451612903225806,1,0,1,0,0,1,1,377.8,-611.1,944.4,-677.8,-300.0,22678.0,21837.0,41960.0,33326.0,0.14992503748125938,-0.2518660988230984,0.20257387988560535,-0.183040268859149,852.385714285714,846.8285714285713,554.3642857142858,1548.4449408235027,1353.8878543652725,0.3770321127083031,0.30755811542050737,3409.285714285714,3675.75,3620.442857142857,0.1785249938598111,0.18919120128751063,0.10912426736117098,0.025236593059936908,0.03785488958990536,0.050473186119873815,0.07886435331230283,2.0,2.0,2.0,2.0,317.0,317.0,0,0,,0.0,0.0,0.0,0.0,0,0,999.0,108.0,0,0,-1,0.0,0.022222222222222223,0.0,0.022222222222222223,136.0,988.9000000000001,-566.5999999999999,0.4017911363043578,-0.052648842404345975,1,1,0.4050473186119874,0.5,0.8075709779179812,0.5,0.8100946372239748,0.0,0.015772870662460567,0.5,1.5434700315457415,38,0,0,28.0,28.0,377.8,366.9816520467836
2026-05-21,北斗の拳 転生の章2,26,0.0,0.0,0.0,0.0,0.0,0.0,北斗の拳 転生の章2,0,0,0,0,0,2F,N,2F,N,2F_N,0.0,0.0,0.0,0.0,0.0,0.0,0.0,0.0,3,21,0.6451612903225806,1,0,1,0,0,1,0,-180.8,1130.8,-107.7,15.4,130.8,67797.0,73778.0,138507.0,122004.0,-0.06932460138354204,0.3984927756241698,-0.020215584771888784,0.0032785810301301597,890.6571428571427,357.6857142857142,212.91071428571422,1258.7420530793725,1125.3038009335987,0.26788442089501613,0.2558597344930474,3167.514285714286,3528.878571428572,3828.7678571428573,0.2163800120515287,0.10075849088417022,0.07040606951240862,0.014705882352941176,0.03676470588235294,0.051470588235294115,0.07352941176470588,55.0,55.0,4.0,4.0,136.0,136.0,0,0,136.0,0.0,0.0,0.0,0.0,0,0,999.0,999.0,0,0,7,0.0,0.10526315789473684,0.10526315789473684,0.10526315789473684,86.0,-1311.6,-73.10000000000001,-0.46781737700771187,-0.04910901661165326,1,1,0.40294117647058825,0.5,0.8073529411764706,0.5,0.8102941176470588,0.0,0.014705882352941178,0.5,1.5408823529411764,39,0,0,45.0,47.0,-180.8,-174.13865303983232
2026-05-21,新鬼武者3,8,0.0,0.0,0.0,0.0,0.0,0.0,新鬼武者3,0,0,0,0,0,2F,N,2F,N,2F_N,0.0,0.0,0.0,0.0,0.0,0.0,0.0,0.0,3,21,0.6451612903225806,1,0,1,0,0,1,0,1062.5,2212.5,-512.5,1675.0,700.0,10586.0,9115.0,32801.0,27953.0,0.8029472888720952,1.9418540866703236,-0.12499618914057498,0.47937609558902444,844.6428571428571,161.60714285714283,112.94642857142857,1138.0002824503783,1057.0898946303812,0.7639598667757632,0.6419062211486388,2176.8571428571427,2580.4357142857143,2912.45,0.5065335158907306,0.15078311966932434,0.08104176609599643,0.008888888888888889,0.03111111111111111,0.044444444444444446,0.08,75.0,44.0,7.0,7.0,225.0,225.0,0,0,225.0,0.0,0.0,0.0,0.0,0,0,999.0,45.0,0,0,7,0.0,0.09375,0.0625,0.09375,68.0,-1150.0,1575.0,-1.1389067977982283,0.9279434780126702,1,1,0.4017777777777778,0.5,0.8062222222222223,0.5,0.8088888888888889,0.0,0.016,0.5,1.538488888888889,40,0,0,8.0,8.0,1062.5,1010.1324346405229
2026-05-21,いざ！番長,6,0.0,0.0,0.0,0.0,0.0,0.0,いざ！番長,0,0,0,0,0,2F,N,2F,N,2F_N,0.0,0.0,0.0,0.0,0.0,0.0,0.0,0.0,3,21,0.6451612903225806,1,0,1,0,0,1,1,-450.0,-400.0,2400.0,-1383.3,100.0,12807.0,4155.0,27914.0,9343.0,-0.21082220660576248,-0.5776173285198556,0.5158701726732106,-0.8883656213207749,452.3857142857147,239.29285714285703,41.074999999999996,1612.3407843138825,1381.6271686030116,0.5161916877493329,0.4136660834158844,2523.285714285714,2861.6857142857148,2905.753571428572,-0.09120707095142322,-0.07983080858904987,-0.09892618797567912,0.012618296529968454,0.028391167192429023,0.03785488958990536,0.08201892744479496,70.0,70.0,22.0,4.0,317.0,317.0,0,0,,0.0,0.0,0.0,0.0,0,0,225.0,45.0,0,0,-1,0.022222222222222223,0.08888888888888889,0.08888888888888889,0.1111111111111111,127.0,-50.0,-2850.0,0.36679512191409314,-0.726692379278973,1,1,0.4025236593059937,0.5,0.8056782334384859,0.5,0.8075709779179812,0.0,0.016403785488958992,0.5,1.538170347003155,41,0,0,53.0,53.0,-450.0,-402.1345085470086
2026-05-21,甲鉄城のカバネリ,6,0.0,0.0,0.0,0.0,0.0,0.0,甲鉄城のカバネリ,0,0,0,0,0,2F,N,2F,N,2F_N,0.0,0.0,0.0,0.0,0.0,0.0,0.0,0.0,3,21,0.6451612903225806,1,0,1,0,0,1,1,950.0,950.0,183.3,350.0,50.0,12278.0,7523.0,22966.0,16049.0,0.4642449910408861,0.7576764588594975,0.04789689105634416,0.13084927409807465,538.0857142857145,334.5214285714286,317.26071428571424,420.834866380986,481.4615587795339,0.26383735776129613,0.26269630251626186,1961.0285714285715,2348.485714285714,2705.539285714286,0.27540793266227087,0.1629858903844584,0.12594852606145504,0.0031545741324921135,0.015772870662460567,0.0473186119873817,0.10094637223974763,38.0,38.0,38.0,28.0,317.0,317.0,0,0,,0.0,0.0,0.0,0.0,0,0,197.0,289.0,0,0,-1,0.0,0.1111111111111111,0.044444444444444446,0.2222222222222222,65.0,0.0,766.7,-0.2934314678186114,0.416348099984542,1,1,0.40063091482649843,0.5,0.8031545741324921,0.5,0.8094637223974764,0.0,0.02018927444794953,0.5,1.5369085173501578,42,0,0,10.0,11.0,950.0,890.1731837606839
2026-05-21,スマスロ炎炎ノ消防隊2,12,0.0,0.0,0.0,0.0,0.0,0.0,スマスロ炎炎ノ消防隊2,0,0,0,0,0,2F,N,2F,N,2F_N,0.0,0.0,0.0,0.0,0.0,0.0,0.0,0.0,3,21,0.6451612903225806,1,0,1,0,0,1,0,-741.7,825.0,275.0,2100.0,308.3,45967.0,66833.0,79090.0,69887.0,-0.19361716013661975,0.14813041461553425,0.04172461752433936,0.3605820825046146,301.1857142857143,318.45714285714286,210.71428571428572,976.962521336022,797.7781441307777,0.18927832806123066,0.151946455374442,5189.771428571427,5434.3714285714295,5637.442857142857,0.055227711243862075,0.05860591937547225,0.0325698934301965,0.009259259259259259,0.027777777777777776,0.027777777777777776,0.07407407407407407,37.0,6.0,6.0,6.0,108.0,108.0,0,0,108.0,0.0,0.0,0.0,0.0,0,0,999.0,999.0,0,0,7,0.0,0.0,0.0,0.13333333333333333,39.0,-1566.7,-1016.7,-0.341747574752154,-0.23534177766095912,1,1,0.40185185185185185,0.5,0.8055555555555556,0.5,0.8055555555555556,0.0,0.014814814814814815,0.5,1.5355555555555556,43,0,0,58.0,60.0,-741.7,-705.1419444444444
2026-05-21,東京リベンジャーズ,9,0.0,0.0,0.0,0.0,0.0,0.0,東京リベンジャーズ,0,0,0,0,0,2F,N,2F,N,2F_N,0.0,0.0,0.0,0.0,0.0,0.0,0.0,0.0,3,21,0.6451612903225806,1,0,1,0,0,1,0,-88.9,-44.4,-1084.6,-153.8,-266.7,25201.0,14393.0,74890.0,75202.0,-0.03174477203285584,-0.027791287431390258,-0.18827613833622647,-0.0265950373660275,-252.37142857142857,131.87857142857143,74.73571428571431,437.8155460704366,1264.4292900378002,0.17036388758547258,0.221042594895865,3544.2714285714287,4234.635714285714,4410.7357142857145,-0.12539472961204964,-0.04532392818357438,-0.04190960209052886,0.015748031496062992,0.015748031496062992,0.031496062992125984,0.06299212598425197,11.0,11.0,11.0,11.0,254.0,254.0,0,0,254.0,0.0,0.0,0.0,-4.0,0,0,999.0,10.0,0,0,7,0.0,0.027777777777777776,0.0,0.08333333333333333,148.0,-44.50000000000001,995.6999999999999,-0.003953484601465582,0.15653136630337064,1,1,0.4031496062992126,0.5,0.8031496062992126,0.5,0.8062992125984252,0.0,0.012598425196850394,0.5,1.534488188976378,44,0,0,44.0,44.0,-88.9,-75.15519005847952
2026-05-21,スマスロ北斗の拳,9,0.0,0.0,0.0,0.0,0.0,0.0,スマスロ北斗の拳,0,0,0,0,0,2F,N,2F,N,2F_N,0.0,0.0,0.0,0.0,0.0,0.0,0.0,0.0,3,21,0.6451612903225806,1,0,1,0,0,1,1,-566.7,444.4,3577.8,866.7,611.1,22973.0,16983.0,48375.0,45130.0,-0.22199973882383667,0.2355296472943532,0.6656330749354005,0.1728340350099712,330.142857142857,686.5,396.825,678.3561720736936,1155.9916622004343,0.25462861692195754,0.2611962958939781,3055.7571428571428,3506.878571428572,3596.2964285714284,0.10946108975777225,0.15430744771764027,0.07761231847279093,0.006309148264984227,0.025236593059936908,0.031545741324921134,0.04416403785488959,49.0,9.0,9.0,9.0,317.0,317.0,0,0,,0.0,0.0,0.0,0.0,0,0,999.0,31.0,0,0,-1,0.022222222222222223,0.044444444444444446,0.044444444444444446,0.044444444444444446,39.0,-1011.1,-4144.5,-0.45752938611818983,-0.8876328137592371,1,1,0.4012618296529969,0.5,0.8050473186119874,0.5,0.8063091482649842,0.0,0.00883280757097792,0.5,1.5326182965299686,45,0,0,55.0,57.0,-566.7,-527.807821637427
2026-05-21,ゴッドイーター リザレクション,10,0.0,0.0,0.0,0.0,0.0,0.0,ゴッドイーター リザレクション,0,0,0,0,0,2F,N,2F,N,2F_N,0.0,0.0,0.0,0.0,0.0,0.0,0.0,0.0,3,21,0.6451612903225806,1,0,1,0,0,1,1,120.0,10.0,20.0,-210.0,-70.0,23072.0,19662.0,43792.0,33425.0,0.052011095700416086,0.005085952598921778,0.004567044208987943,-0.06282722513089005,-21.428571428571427,69.28571428571422,219.51785714285714,1045.4094663723677,862.3533479399806,0.2984082789676456,0.2668047493265946,2733.7999999999997,3048.1357142857146,3079.378571428572,-0.03419484317301006,-0.0014635341419592458,0.060878701125420695,0.00946372239747634,0.01892744479495268,0.025236593059936908,0.050473186119873815,23.0,23.0,23.0,16.0,317.0,317.0,0,0,,0.0,0.0,0.0,0.0,0,0,80.0,24.0,0,0,-1,0.0,0.022222222222222223,0.022222222222222223,0.022222222222222223,119.0,110.0,100.0,0.04692514310149431,0.04744405149142814,1,1,0.4018927444794953,0.5,0.8037854889589906,0.5,0.8050473186119874,0.0,0.010094637223974764,0.5,1.5319873817034702,46,0,0,33.0,33.0,120.0,122.48816137566136
2026-05-21,虚構推理,5,0.0,0.0,0.0,0.0,0.0,0.0,虚構推理,0,0,0,0,0,2F,N,2F,N,2F_N,0.0,0.0,0.0,0.0,0.0,0.0,0.0,0.0,3,21,0.6451612903225806,1,0,1,0,0,1,0,1820.0,360.0,-2640.0,-1720.0,-780.0,18023.0,11395.0,32155.0,26450.0,0.5049103922765356,0.15796401930671347,-0.4105115845125175,-0.32514177693761814,122.85714285714286,-321.42857142857144,-159.28571428571428,954.2486448460256,1055.4609429996935,0.2811694025215879,0.24251481436640346,3646.4857142857145,4186.642857142857,4815.135714285715,0.01578943544129455,-0.07523937694067238,-0.032269672941628934,0.0,0.022222222222222223,0.022222222222222223,0.06666666666666667,999.0,35.0,35.0,23.0,45.0,45.0,0,0,45.0,0.0,0.0,0.0,0.0,0,0,999.0,999.0,0,0,6,0.0,0.16666666666666666,0.16666666666666666,0.16666666666666666,158.0,1460.0,4460.0,0.3469463729698221,0.915421976789053,1,1,0.4,0.5,0.8044444444444445,0.5,0.8044444444444445,0.0,0.013333333333333334,0.5,1.531555555555556,47,0,0,6.0,6.0,1820.0,1670.2046717171718
2026-05-21,ガールズ&パンツァー 最終章,3,0.0,0.0,0.0,0.0,0.0,0.0,ガールズ&パンツァー 最終章,0,0,0,0,0,2F,N,2F,N,2F_N,0.0,0.0,0.0,0.0,0.0,0.0,0.0,0.0,3,21,0.6451612903225806,1,0,1,0,0,1,1,3400.0,300.0,-433.3,3366.7,566.7,9100.0,10535.0,6451.0,10125.0,1.120879120879121,0.0854295206454675,-0.20151914431871026,0.9975308641975309,600.0,516.6642857142857,255.95714285714283,1361.6482389613948,1439.7198507440166,0.4708307217595972,0.5312818515071616,2464.7714285714287,2389.9785714285713,2560.467857142857,0.29527861240639475,0.1691701961368474,0.09055811336108578,0.01892744479495268,0.05993690851735016,0.0914826498422713,0.12618296529968454,44.0,1.0,1.0,1.0,317.0,317.0,0,0,,0.0,0.0,0.0,0.0,0,0,163.0,45.0,0,0,-1,0.0,0.06666666666666667,0.06666666666666667,0.15555555555555556,79.0,3100.0,3833.3,1.0354496002336533,1.3223982651978312,1,1,0.4037854889589906,0.5,0.8119873817034701,0.5,0.4182965299684543,0.0,0.42523659305993694,0.5,1.4744479495268141,48,0,0,2.0,2.0,3400.0,2938.8930555555553
2026-05-21,バーサスリヴァイズ,2,0.0,0.0,0.0,0.0,0.0,0.0,バーサスリヴァイズ,0,0,0,1,1,3F,A,3F,A,3F_A,0.0,0.0,0.0,0.0,0.0,0.0,0.0,0.0,3,21,0.6451612903225806,1,0,0,1,1,0,1,600.0,50.0,150.0,500.0,150.0,7425.0,4370.0,9470.0,5454.0,0.16161616161616163,0.02288329519450801,0.03167898627243928,0.18335166850018336,-392.85714285714283,-214.28571428571428,-133.92857142857142,707.3592742426871,653.2253031713454,0.22675604492845616,0.22239823674221282,3021.8571428571427,3236.3214285714284,3407.4285714285716,-0.09296695644032069,-0.0660854229099179,-0.03755070938395124,0.0031545741324921135,0.006309148264984227,0.00946372239747634,0.028391167192429023,63.0,63.0,63.0,29.0,317.0,317.0,0,0,,0.0,0.0,0.0,0.0,0,0,999.0,108.0,0,0,-1,0.022222222222222223,0.022222222222222223,0.022222222222222223,0.06666666666666667,88.0,550.0,450.0,0.1387328664216536,0.12993717534372234,1,1,0.40063091482649843,0.5,0.8012618296529969,0.5,0.4018927444794953,0.0,0.4056782334384858,0.5,1.4450473186119872,49,0,0,21.0,23.0,600.0,514.4502777777777
2026-05-21,革命機ヴァルヴレイヴ,6,0.0,0.0,0.0,0.0,0.0,0.0,革命機ヴァルヴレイヴ,0,0,0,0,0,3F,N,3F,N,3F_N,0.0,0.0,0.0,0.0,0.0,0.0,0.0,0.0,3,21,0.6451612903225806,1,0,0,1,0,1,0,650.0,-783.3,-1933.3,2133.3,566.7,20288.0,5269.0,29021.0,40530.0,0.19223186119873817,-0.8920098690453596,-0.39971055442610526,0.3158154453491241,864.2999999999998,632.157142857143,143.33928571428567,1420.3428588431264,2136.2375579920467,0.5166917361044241,0.5146847424140507,3231.7714285714283,3823.1142857142854,4221.775,0.14156381936475013,0.1222823047837114,-0.013324657846728582,0.03914590747330961,0.09252669039145907,0.11743772241992882,0.1494661921708185,5.0,5.0,5.0,5.0,281.0,281.0,0,0,281.0,0.0,0.0,0.0,0.0,0,0,24.0,108.0,0,0,7,0.075,0.125,0.125,0.125,140.0,1433.3,2583.3,1.0842417302440979,0.5919424156248434,1,1,0.40782918149466196,0.5,0.8185053380782918,0.5,0.4234875444839858,0.0,0.0298932384341637,0.5,1.3286832740213526,50,0,0,19.0,18.0,650.0,613.2501068376068
2026-05-21,ToLOVEるダークネス TRANCE ver.8.7,5,0.0,0.0,0.0,0.0,0.0,0.0,ToLOVEるダークネス TRANCE ver.8.7,0,0,0,0,0,3F,N,3F,N,3F_N,0.0,0.0,0.0,0.0,0.0,0.0,0.0,0.0,3,21,0.6451612903225806,1,0,0,1,0,1,1,-280.0,2240.0,640.0,1720.0,-2460.0,15232.0,8511.0,29909.0,29689.0,-0.09191176470588236,1.315944072376924,0.10699120666020262,0.28966957458991544,-2.857142857142857,140.0,364.0464285714285,1562.196256190988,1330.332520607015,0.6209032361044304,0.5217881147866017,3449.8,3717.4428571428575,4248.935714285714,0.10640353458003508,0.05607268326979209,0.09033281452306044,0.0473186119873817,0.056782334384858045,0.08517350157728706,0.14511041009463724,17.0,17.0,10.0,7.0,317.0,317.0,0,0,,0.0,0.0,0.0,0.0,0,0,80.0,24.0,0,0,-1,0.0,0.022222222222222223,0.022222222222222223,0.1111111111111111,32.0,-2520.0,-920.0,-1.4078558370828063,-0.19890297136608498,1,1,0.40946372239747636,0.5,0.8113564668769716,0.5,0.4170347003154574,0.0,0.029022082018927448,0.5,1.320378548895899,51,0,0,51.0,51.0,-280.0,-238.88623737373734
2026-05-21,戦国乙女4 戦乱に閃く炯眼の軍師,13,0.0,0.0,0.0,0.0,0.0,0.0,戦国乙女4 戦乱に閃く炯眼の軍師,0,0,0,0,0,2F,N,2F,N,2F_N,0.0,0.0,0.0,0.0,0.0,0.0,0.0,0.0,3,21,0.6451612903225806,1,0,1,0,0,1,1,715.4,-523.1,-118.8,-218.8,623.1,28456.0,27967.0,77803.0,79736.0,0.3268203542310936,-0.24314370508098831,-0.024420652159942418,-0.04389485301494933,562.6428571428571,423.5571428571429,261.3785714285714,539.8494909297797,584.9762910570828,0.20149161206010813,0.19789336336915578,3595.7285714285713,4008.1857142857143,4384.175,0.155480363770852,0.12786690979822593,0.06320420762102015,0.031545741324921134,0.056782334384858045,0.07570977917981073,0.0946372239747634,79.0,54.0,34.0,34.0,317.0,317.0,0,0,,0.0,0.0,0.0,-3.0,0,0,24.0,10.0,0,0,-1,0.0,0.044444444444444446,0.0,0.044444444444444446,155.0,1238.5,834.1999999999999,0.5699640593120819,0.35124100639103606,1,1,0.40630914826498427,0.5,0.8113564668769716,0.5,0.41514195583596214,0.0,0.01892744479495268,0.5,1.31205047318612,52,0,0,14.0,14.0,715.4,695.2833847736624
2026-05-21,わたしの幸せな結婚,8,0.0,0.0,0.0,0.0,0.0,0.0,わたしの幸せな結婚,0,0,0,0,0,2F,N,2F,N,2F_N,0.0,0.0,0.0,0.0,0.0,0.0,0.0,0.0,3,21,0.6451612903225806,1,0,1,0,0,1,1,1875.0,875.0,-287.5,-187.5,-425.0,29540.0,26906.0,18861.0,27861.0,0.5077860528097495,0.26016501895488,-0.12194475372461694,-0.05383869925702595,937.5,568.75,633.0357142857143,1043.8061362149585,1343.804784214181,0.39416505769970966,0.41692958211891445,3049.9714285714285,3070.2214285714285,3289.182142857143,0.3087259251024826,0.1676851497115451,0.1739382903455121,0.015873015873015872,0.031746031746031744,0.07936507936507936,0.1746031746031746,46.0,38.0,5.0,4.0,63.0,63.0,0,0,,0.0,0.0,0.0,0.0,0,0,999.0,35.0,0,0,-1,0.1111111111111111,0.1111111111111111,0.1111111111111111,0.3333333333333333,46.0,1000.0,2162.5,0.24762103385486955,0.6297308065343665,1,1,0.4031746031746032,0.5,0.8063492063492064,0.5,0.4158730158730159,0.0,0.03492063492063492,0.5,1.3117460317460319,53,0,0,7.0,6.0,1875.0,1770.730606617647
2026-05-21,からくりサーカス,7,0.0,0.0,0.0,0.0,0.0,0.0,からくりサーカス,0,0,0,0,0,3F,N,3F,N,3F_N,0.0,0.0,0.0,0.0,0.0,0.0,0.0,0.0,3,21,0.6451612903225806,1,0,0,1,0,1,1,1014.3,4657.1,-1100.0,1871.4,-500.0,15155.0,30673.0,36956.0,33007.0,0.46849224678323986,1.0628239820037166,-0.20835588267128477,0.39688550913442605,122.44285714285704,8.164285714285743,-45.40714285714289,2330.62596874541,1875.7140743264617,0.5853393064702217,0.5125107232252618,2995.542857142857,3291.1428571428573,3594.2392857142854,0.06373452781320753,-0.007607930170898752,-0.02348731538475516,0.031545741324921134,0.056782334384858045,0.06624605678233439,0.09779179810725552,7.0,7.0,7.0,7.0,317.0,317.0,0,0,,0.0,0.0,0.0,0.0,0,0,999.0,80.0,0,0,-1,0.06666666666666667,0.08888888888888889,0.08888888888888889,0.13333333333333333,71.0,-3642.8,2114.3,-0.5943317352204768,0.6768481294545247,1,1,0.40630914826498427,0.5,0.8113564668769716,0.5,0.4132492113564669,0.0,0.019558359621451107,0.5,1.311167192429022,54,0,0,9.0,9.0,1014.3,958.1634259259258
2026-05-21,かぐや様は告らせたい,10,0.0,0.0,0.0,0.0,0.0,0.0,かぐや様は告らせたい,0,0,0,0,0,3F,N,3F,N,3F_N,0.0,0.0,0.0,0.0,0.0,0.0,0.0,0.0,3,21,0.6451612903225806,1,0,0,1,0,1,1,-30.0,310.0,-1770.0,-1600.0,-480.0,29673.0,52198.0,67481.0,57274.0,-0.01011020119300374,0.05938924863021572,-0.26229605370400555,-0.2793588713901596,-351.42857142857184,-387.14285714285717,-5.000000000000033,729.9184559805027,759.5993738749436,0.23084266344513732,0.195777183567019,4037.914285714286,4415.092857142857,4614.832142857143,-0.13984532055806786,-0.09902178919803949,-0.040695984739132794,0.031545741324921134,0.04416403785488959,0.056782334384858045,0.07255520504731862,24.0,24.0,24.0,24.0,317.0,317.0,0,0,,0.0,0.0,0.0,0.0,0,0,999.0,80.0,0,0,-1,0.022222222222222223,0.06666666666666667,0.044444444444444446,0.08888888888888889,158.0,-340.0,1740.0,-0.06949944982321946,0.2521858525110018,1,1,0.40630914826498427,0.5,0.808832807570978,0.5,0.41135646687697164,0.0,0.014511041009463724,0.5,1.3059936908517353,55,0,0,39.0,39.0,-30.0,-20.36898148148148
2026-05-21,スーパーブラックジャック,8,0.0,0.0,0.0,0.0,0.0,0.0,スーパーブラックジャック,0,0,0,0,0,2F,N,2F,N,2F_N,0.0,0.0,0.0,0.0,0.0,0.0,0.0,0.0,3,21,0.6451612903225806,1,0,1,0,0,1,1,-75.0,125.0,-100.0,1387.5,-575.0,14959.0,6740.0,38650.0,41443.0,-0.04010963299685808,0.14836795252225518,-0.02069857697283312,0.26783775305841756,516.0714285714288,465.1785714285715,382.14285714285717,753.6616962410608,844.6406064835378,0.29269743374809876,0.26697386515433913,2564.842857142857,3166.4714285714285,3344.4500000000003,0.14988652291544793,0.11511407744684067,0.06708439366552295,0.022082018927444796,0.03785488958990536,0.05993690851735016,0.08832807570977919,48.0,48.0,8.0,8.0,317.0,317.0,0,0,,0.0,0.0,0.0,0.0,0,0,999.0,136.0,0,0,-1,0.022222222222222223,0.08888888888888889,0.044444444444444446,0.1111111111111111,84.0,-200.0,25.0,-0.18847758551911326,-0.019411056024024962,1,1,0.404416403785489,0.5,0.8075709779179812,0.5,0.41198738170347005,0.0,0.01766561514195584,0.5,1.3047318611987382,56,0,0,43.0,43.0,-75.0,-60.45580065359478
2026-05-21,痛いのは嫌なので防御力に極振りしたいと思います。,8,0.0,0.0,0.0,0.0,0.0,0.0,痛いのは嫌なので防御力に極振りしたいと思います。,0,0,0,0,0,2F,N,2F,N,2F_N,0.0,0.0,0.0,0.0,0.0,0.0,0.0,0.0,3,21,0.6451612903225806,1,0,1,0,0,1,1,537.5,-187.5,-450.0,1762.5,125.0,17592.0,16663.0,33657.0,39592.0,0.24442928603910868,-0.09001980435695853,-0.10696140475978251,0.35613255203071326,16.071428571428573,144.64285714285714,256.25,688.7380627260387,1003.6437735450896,0.2196973770593914,0.21347168572683584,3147.157142857143,3682.985714285714,3812.921428571429,-0.0013616409894155151,0.011945054323784007,0.043075365494575545,0.015772870662460567,0.031545741324921134,0.05993690851735016,0.11041009463722397,10.0,10.0,10.0,10.0,317.0,317.0,0,0,,0.0,0.0,0.0,0.0,0,0,197.0,999.0,0,0,-1,0.0,0.1111111111111111,0.0,0.15555555555555556,108.0,725.0,987.5,0.3344490903960672,0.3513906907988912,1,1,0.4031545741324921,0.5,0.8063091482649842,0.5,0.41198738170347005,0.0,0.022082018927444796,0.5,1.3042271293375391,57,0,0,23.0,22.0,537.5,516.0147875816994
2026-05-21,無職転生 ～異世界行ったら本気だす～,6,0.0,0.0,0.0,0.0,0.0,0.0,無職転生 ～異世界行ったら本気だす～,0,0,0,0,0,2F,N,2F,N,2F_N,0.0,0.0,0.0,0.0,0.0,0.0,0.0,0.0,3,21,0.6451612903225806,1,0,1,0,0,1,0,650.0,816.7,1716.7,3733.3,533.3,10771.0,12422.0,19248.0,34431.0,0.3620833720174543,0.39446143938174205,0.535120532003325,0.6505765153495396,383.3428571428571,47.62857142857144,-146.42142857142855,640.5158516309149,1128.8067276339434,0.43664810657301173,0.4346096463521927,2566.557142857143,2967.4357142857143,3332.4035714285715,0.0788875653450258,0.01578999165186017,-0.06670157435674741,0.013333333333333334,0.03333333333333333,0.05333333333333334,0.10666666666666667,81.0,65.0,9.0,9.0,150.0,150.0,0,0,150.0,0.0,0.0,0.0,0.0,0,0,80.0,24.0,0,0,7,0.0,0.047619047619047616,0.0,0.14285714285714285,21.0,-166.70000000000005,-1066.7,-0.03237806736428778,-0.17303715998587071,1,1,0.4026666666666667,0.5,0.8066666666666668,0.5,0.4106666666666667,0.0,0.021333333333333336,0.5,1.3029333333333333,58,0,0,18.0,17.0,650.0,613.2501068376068
2026-05-21,ソードアート・オンライン,4,0.0,0.0,0.0,0.0,0.0,0.0,ソードアート・オンライン,0,0,0,0,0,2F,N,2F,N,2F_N,0.0,0.0,0.0,0.0,0.0,0.0,0.0,0.0,3,21,0.6451612903225806,1,0,1,0,0,1,1,1175.0,1675.0,-600.0,1625.0,325.0,10772.0,14807.0,14912.0,20110.0,0.43631637578908283,0.45248868778280543,-0.1609442060085837,0.3232222774738936,635.7142857142857,433.92857142857144,547.3214285714286,658.2579824267792,776.3082718656506,0.19323327760618897,0.28010497372803617,3193.2714285714287,3064.8642857142863,3187.5607142857148,0.21407979640394162,0.16798119070313783,0.19235771336712665,0.022082018927444796,0.03470031545741325,0.04416403785488959,0.07255520504731862,31.0,31.0,26.0,7.0,317.0,317.0,0,0,,0.0,0.0,0.0,0.0,0,0,225.0,31.0,0,0,-1,0.022222222222222223,0.06666666666666667,0.044444444444444446,0.1111111111111111,75.0,-500.0,1775.0,-0.0161723119937226,0.5972605817976665,1,1,0.404416403785489,0.5,0.8069400630914827,0.5,0.40883280757097795,0.0,0.014511041009463724,0.5,1.3010725552050475,59,0,0,7.0,7.0,1175.0,1063.5834876543208
2026-05-21,グランベルム,2,0.0,0.0,0.0,0.0,0.0,0.0,グランベルム,0,0,0,0,0,3F,N,3F,N,3F_N,0.0,0.0,0.0,0.0,0.0,0.0,0.0,0.0,3,21,0.6451612903225806,1,0,0,1,0,1,1,-750.0,-1500.0,-1900.0,2200.0,950.0,6239.0,3165.0,8953.0,10043.0,-0.24042314473473314,-0.9478672985781991,-0.4244387356193455,0.43811610076670315,857.1428571428571,385.7142857142857,283.92857142857144,1788.022317960213,1576.562542542936,0.7459669058449017,0.5842311952987871,2738.6428571428573,3193.6785714285716,3504.285714285714,0.25343383218892707,0.10959875766040343,0.057415810449354905,0.008264462809917356,0.01652892561983471,0.05371900826446281,0.11570247933884298,52.0,34.0,34.0,4.0,242.0,242.0,0,0,,0.0,0.0,0.0,0.0,0,0,999.0,999.0,0,0,-1,0.029411764705882353,0.08823529411764706,0.029411764705882353,0.14705882352941177,140.0,750.0,1150.0,0.7074441538434659,0.18401559088461233,1,1,0.4016528925619835,0.5,0.803305785123967,0.5,0.4107438016528926,0.0,0.023140495867768597,0.5,1.3,60,0,0,59.0,59.0,-750.0,-565.5497222222223
2026-05-21,スーパーリオエース2,8,0.0,0.0,0.0,0.0,0.0,0.0,スーパーリオエース2,0,0,0,0,0,2F,N,2F,N,2F_N,0.0,0.0,0.0,0.0,0.0,0.0,0.0,0.0,3,21,0.6451612903225806,1,0,1,0,0,1,0,-1512.5,-1337.5,0.0,0.0,0.0,47992.0,59682.0,0.0,0.0,-0.25212535422570426,-0.17928353607452832,0.0,0.0,-796.4285714285714,-1010.0,-1010.0,1926.7269619004883,1627.0478549268985,0.2687352040171275,0.22606159963689526,6982.828571428572,7073.75,7073.75,-0.11341505662884645,-0.1413824635280089,-0.1413824635280089,0.0,0.0,0.1,0.1,999.0,999.0,2.0,2.0,10.0,10.0,0,0,10.0,0.0,0.0,0.0,0.0,0,0,999.0,999.0,0,0,4,0.0,0.0,0.0,0.0,70.0,-175.0,-1512.5,-0.07284181815117594,-0.25212535422570426,1,1,0.4,0.5,0.8,0.5,0.42000000000000004,0.0,0.020000000000000004,0.5,1.3,61,0,0,70.0,70.0,-1512.5,-1413.396977124183
2026-05-21,少女☆歌劇 レヴュースタァライト ‐The SLOT‐,5,0.0,0.0,0.0,0.0,0.0,0.0,少女☆歌劇 レヴュースタァライト ‐The SLOT‐,0,0,0,0,0,2F,N,2F,N,2F_N,0.0,0.0,0.0,0.0,0.0,0.0,0.0,0.0,3,21,0.6451612903225806,1,0,1,0,0,1,1,220.0,-300.0,-240.0,-20.0,1780.0,27291.0,8545.0,24239.0,17895.0,0.04030632809351068,-0.17554125219426564,-0.049506992862741864,-0.005588153115395362,362.85714285714283,432.85714285714283,217.85714285714286,1180.0242128266455,918.3465792174758,0.332346822933762,0.25455300091551275,3822.085714285714,3882.9857142857145,3941.7571428571428,0.02769942458929876,0.06434031146378115,0.01788483935289991,0.00946372239747634,0.028391167192429023,0.050473186119873815,0.0694006309148265,98.0,98.0,3.0,3.0,317.0,317.0,0,0,,0.0,0.0,0.0,0.0,0,0,197.0,254.0,0,0,-1,0.022222222222222223,0.022222222222222223,0.022222222222222223,0.022222222222222223,139.0,520.0,460.0,0.21584758028777631,0.08981332095625255,1,1,0.4018927444794953,0.5,0.8056782334384859,0.5,0.41009463722397477,0.0,0.0138801261829653,0.5,1.298044164037855,62,0,0,30.0,30.0,220.0,215.65921717171716
2026-05-21,咲‐Saki‐ 頂上決戦,2,0.0,0.0,0.0,0.0,0.0,0.0,咲‐Saki‐ 頂上決戦,0,0,0,0,0,2F,N,2F,N,2F_N,0.0,0.0,0.0,0.0,0.0,0.0,0.0,0.0,3,21,0.6451612903225806,1,0,1,0,0,1,1,-950.0,-1200.0,-50.0,-1500.0,150.0,3561.0,3488.0,4001.0,9395.0,-0.5335579893288402,-0.6880733944954128,-0.02499375156210947,-0.31931878658861096,-28.571428571428637,-46.42857142857143,-182.14285714285714,1567.6035699056545,1441.4821813400536,0.4762684439990663,0.5103887228815379,3129.714285714286,2686.75,2586.785714285714,-0.10145761749766159,-0.2050645000577494,-0.20936369824265966,0.0,0.015873015873015872,0.03968253968253968,0.07936507936507936,999.0,35.0,4.0,4.0,126.0,126.0,0,0,,0.0,0.0,0.0,0.0,0,0,999.0,62.0,0,0,-1,0.0,0.0,0.0,0.05555555555555555,129.0,250.0,-900.0,0.15451540516657258,-0.5085642377667308,1,1,0.4,0.5,0.8031746031746032,0.5,0.40793650793650793,0.0,0.015873015873015872,0.5,1.2936507936507937,63,0,0,60.0,59.0,-950.0,-733.028
2026-05-21,革命機ヴァルヴレイヴ2,20,0.0,0.0,0.0,0.0,0.0,0.0,革命機ヴァルヴレイヴ2,0,0,0,0,0,3F,N,3F,N,3F_N,0.0,0.0,0.0,0.0,0.0,0.0,0.0,0.0,3,21,0.6451612903225806,1,0,0,1,0,1,0,520.0,90.0,-2260.0,-975.0,-430.0,75961.0,54088.0,129841.0,122822.0,0.13691236292307896,0.03327910072474486,-0.34811808288599133,-0.1587663447916497,33.57142857142863,-31.785714285714352,8.75,435.18879318554144,842.7738248072366,0.130797667758151,0.17981482418904293,3528.6428571428573,4019.9000000000005,4656.742857142857,-0.0009654583401284912,-0.009366403252719892,-0.00851690386390225,0.01015228426395939,0.02030456852791878,0.030456852791878174,0.05583756345177665,59.0,26.0,26.0,26.0,197.0,197.0,0,0,197.0,0.0,0.0,0.0,0.0,0,0,999.0,80.0,0,0,7,0.0,0.0,0.0,0.07142857142857142,165.0,430.0,2780.0,0.1036332621983341,0.4850304458090703,1,1,0.4020304568527919,0.5,0.8040609137055837,0.5,0.40609137055837563,0.0,0.011167512690355331,0.5,1.2934010152284265,64,0,0,24.0,24.0,520.0,511.5183265582656
2026-05-21,化物語,17,0.0,0.0,0.0,0.0,0.0,0.0,化物語,0,0,0,0,0,2F,N,2F,N,2F_N,0.0,0.0,0.0,0.0,0.0,0.0,0.0,0.0,3,21,0.6451612903225806,1,0,1,0,0,1,0,188.2,-258.8,-11.8,1000.0,-276.5,26562.0,16271.0,60036.0,80287.0,0.12047285595964159,-0.27041976522647654,-0.003331334532613765,0.21174038138179282,223.52857142857144,110.0857142857143,184.66428571428568,503.45767685174127,466.02882851921254,0.28351873119488935,0.23249573461290746,2095.1857142857143,2529.25,3071.085714285714,0.0035701791291359525,0.008490336463387633,0.041271646228115036,0.0,0.018404907975460124,0.04294478527607362,0.05521472392638037,999.0,30.0,17.0,17.0,163.0,163.0,0,0,163.0,0.0,0.0,0.0,0.0,0,0,45.0,999.0,0,0,7,0.0,0.043478260869565216,0.043478260869565216,0.043478260869565216,103.0,447.0,200.0,0.3908926211861181,0.12380419049225536,1,1,0.4,0.5,0.803680981595092,0.5,0.40858895705521475,0.0,0.011042944785276074,0.5,1.2925153374233131,65,0,0,32.0,32.0,188.2,187.74432539682536
2026-05-21,沖ドキ!DUO アンコール,9,0.0,0.0,0.0,0.0,0.0,0.0,沖ドキ!DUO アンコール,0,0,1,0,0,3F,N,3F,N,3F_N,0.0,0.0,0.0,0.0,0.0,0.0,0.0,0.0,3,21,0.6451612903225806,1,0,0,1,0,1,0,-411.1,-233.3,500.0,311.1,-344.4,14694.0,19445.0,47652.0,30148.0,-0.2518034571934123,-0.10799691437387503,0.09443465122135482,0.09287514926363274,828.5857142857143,547.6285714285715,65.48214285714289,1788.4556759287898,1371.3834191056133,0.6405380752603924,0.4871997566143828,2289.3,2810.907142857143,3472.4928571428572,0.25528331275946503,0.1622705645610884,0.020133967982527163,0.0,0.006666666666666667,0.03333333333333333,0.06666666666666667,999.0,4.0,4.0,2.0,150.0,150.0,0,0,150.0,0.0,0.0,0.0,0.0,0,0,128.0,31.0,0,0,7,0.0,0.0,0.0,0.0,100.0,-177.8,-911.1,-0.14380654281953725,-0.3462381084147671,1,1,0.4,0.5,0.8013333333333333,0.5,0.4066666666666667,0.0,0.013333333333333334,0.5,1.2904,66,0,0,52.0,52.0,-411.1,-380.39729532163744
2026-05-21,ファンキージャグラー2,24,0.0,0.0,0.0,0.0,0.0,0.0,ファンキージャグラー2,1,0,0,0,1,3F,A,3F,A,3F_A,0.0,0.0,0.0,0.0,0.0,0.0,0.0,0.0,3,21,0.6451612903225806,1,0,0,1,1,0,1,-62.5,79.2,291.7,154.2,91.7,77925.0,74159.0,164907.0,143611.0,-0.019249278152069296,0.025620625952345637,0.042448167755158965,0.025764043144327384,83.34285714285716,279.1714285714286,203.57142857142858,206.6713724502659,731.9354105894357,0.03870086817545204,0.08359831403429083,3854.7571428571428,4383.421428571428,4541.114285714286,0.023410263452454845,0.04308408296822104,0.03466061518620071,0.012618296529968454,0.015772870662460567,0.025236593059936908,0.028391167192429023,50.0,12.0,12.0,12.0,317.0,317.0,0,0,,0.0,0.0,0.0,0.0,0,0,999.0,999.0,0,0,-1,0.022222222222222223,0.044444444444444446,0.022222222222222223,0.06666666666666667,95.0,-141.7,-354.2,-0.04486990410441494,-0.06169744590722826,1,1,0.4025236593059937,0.5,0.8031545741324921,0.5,0.4050473186119874,0.0,0.0056782334384858045,0.5,1.2903470031545743,67,0,0,42.0,42.0,-62.5,-57.70915532879818
2026-05-21,マイジャグラーV,57,0.0,0.0,0.0,0.0,0.0,0.0,マイジャグラーV,1,0,0,0,1,3F,A,3F,A,3F_A,0.0,0.0,0.0,0.0,0.0,0.0,0.0,0.0,3,21,0.6451612903225806,1,0,0,1,1,0,1,49.1,-91.2,293.0,293.0,-22.8,250859.0,234795.0,377908.0,398344.0,0.011161648575494601,-0.02214697927979727,0.0441906495760873,0.041923563553109874,-13.785714285714269,27.692857142857175,23.560714285714287,85.64553750919531,122.71540850079059,0.015545552845476466,0.020974357434357545,5032.900000000001,5224.778571428571,5416.564285714286,-0.004235154489136776,0.004406821511099115,0.0015708416347389542,0.006309148264984227,0.025236593059936908,0.025236593059936908,0.025236593059936908,140.0,81.0,81.0,81.0,317.0,317.0,0,0,,0.0,0.0,0.0,0.0,0,0,999.0,999.0,0,0,-1,0.022222222222222223,0.022222222222222223,0.022222222222222223,0.022222222222222223,97.0,140.3,-243.9,0.03330862785529187,-0.0330290010005927,1,1,0.4012618296529969,0.5,0.8050473186119874,0.5,0.4050473186119874,0.0,0.005047318611987382,0.5,1.2903470031545743,68,0,0,35.0,35.0,49.1,50.17088164251208
2026-05-21,マギアレコード 魔法少女まどか☆マギカ外伝,24,0.0,0.0,0.0,0.0,0.0,0.0,マギアレコード 魔法少女まどか☆マギカ外伝,0,0,0,0,0,2F,N,2F,N,2F_N,0.0,0.0,0.0,0.0,0.0,0.0,0.0,0.0,3,21,0.6451612903225806,1,0,1,0,0,1,1,570.8,695.8,1154.2,729.2,-300.0,50996.0,32716.0,99730.0,103425.0,0.26864852145266294,0.5104536006846803,0.27774992479695176,0.1692047377326565,110.71428571428535,163.10000000000008,187.05357142857147,421.6336262229355,455.51860385887545,0.2366678123442888,0.18918504189074833,2751.0857142857144,2986.878571428572,3298.1821428571425,0.0758801304713348,0.06441497039629873,0.05976084433736056,0.00946372239747634,0.022082018927444796,0.022082018927444796,0.025236593059936908,139.0,139.0,139.0,53.0,317.0,317.0,0,0,,0.0,0.0,0.0,0.0,0,0,999.0,80.0,0,0,-1,0.0,0.0,0.0,0.0,44.0,-125.0,-583.4000000000001,-0.24180507923201733,-0.009101403344288828,1,1,0.4018927444794953,0.5,0.804416403785489,0.5,0.404416403785489,0.0,0.005047318611987382,0.5,1.290094637223975,69,0,0,22.0,21.0,570.8,562.6663548752833
2026-05-21,モンキーターンV,29,0.0,0.0,0.0,0.0,0.0,0.0,モンキーターンV,0,0,0,0,0,2F,N,2F,N,2F_N,0.0,0.0,0.0,0.0,0.0,0.0,0.0,0.0,3,21,0.6451612903225806,1,0,1,0,0,1,1,665.5,606.9,-207.1,592.9,641.4,86708.0,61228.0,165634.0,174652.0,0.2225861512201873,0.28745018618932516,-0.052525447673786786,0.1425692233699013,884.2285714285715,529.0714285714286,613.6928571428572,255.10368946950308,469.60871016127993,0.07254247955980113,0.16222252541571847,2818.7714285714287,3041.5642857142857,3205.289285714286,0.32492767577819126,0.1956415979895949,0.18895091717399531,0.006309148264984227,0.012618296529968454,0.01892744479495268,0.028391167192429023,138.0,16.0,16.0,16.0,317.0,317.0,0,0,,0.0,0.0,0.0,-13.0,0,0,999.0,10.0,0,0,-1,0.0,0.0,0.0,0.0,82.0,58.60000000000002,872.6,-0.06486403496913787,0.2751115988939741,1,1,0.4012618296529969,0.5,0.8025236593059938,0.5,0.4037854889589906,0.0,0.0056782334384858045,0.5,1.2878233438485807,70,0,0,16.0,16.0,665.5,657.1398540489643
2026-05-21,翔べ！ハーレムエース,1,0.0,0.0,0.0,0.0,0.0,0.0,翔べ！ハーレムエース,0,0,0,1,1,2F,A,2F,A,2F_A,0.0,0.0,0.0,0.0,0.0,0.0,0.0,0.0,3,21,0.6451612903225806,1,0,1,0,1,0,1,2800.0,-1700.0,1900.0,-1166.7,-1300.0,7761.0,6302.0,6726.0,12033.0,0.36077825022548643,-0.2697556331323389,0.2824858757062147,-0.29086678301337987,-100.0,185.71428571428572,223.80357142857142,1530.795000427338,1577.6599725577714,0.24524005871079124,0.29436746991714213,4685.714285714285,5088.285714285715,4911.878571428571,-0.042343222417173414,-0.02360712314886515,0.014611181506419357,0.0,0.0,0.012987012987012988,0.07792207792207792,999.0,999.0,67.0,1.0,77.0,77.0,0,0,,0.0,0.0,0.0,0.0,0,0,999.0,14.0,0,0,-1,0.0,0.09090909090909091,0.0,0.09090909090909091,117.0,4500.0,900.0,0.6305338833578253,0.07829237451927173,1,1,0.4,0.5,0.8,0.5,0.4025974025974026,0.0,0.015584415584415584,0.5,1.2877922077922077,71,0,0,4.0,4.0,2800.0,1972.44375
2026-05-21,東京喰種,41,0.0,0.0,0.0,0.0,0.0,0.0,東京喰種,0,0,0,0,0,3F,N,3F,N,3F_N,0.0,0.0,0.0,0.0,0.0,0.0,0.0,0.0,3,21,0.6451612903225806,1,0,0,1,0,1,1,668.3,-151.2,3241.5,536.6,585.4,99863.0,70227.0,226759.0,179973.0,0.2743758949761173,-0.08828513249889644,0.5860847860503883,0.12224055830596811,264.1142857142857,378.40000000000003,333.97142857142853,606.3250762546758,938.1739292575019,0.21997201339695915,0.21272213049093353,3170.7999999999997,3403.407142857143,3714.039285714286,0.1063403369981675,0.10016654777967096,0.08241521422913341,0.006309148264984227,0.00946372239747634,0.012618296529968454,0.022082018927444796,202.0,202.0,14.0,14.0,317.0,317.0,0,0,,0.0,0.0,0.0,0.0,0,0,999.0,999.0,0,0,-1,0.0,0.022222222222222223,0.0,0.022222222222222223,72.0,819.5,-2573.2,0.3626610274750137,-0.31170889107427097,1,1,0.4012618296529969,0.5,0.8018927444794953,0.5,0.4025236593059937,0.0,0.00441640378548896,0.5,1.286056782334385,72,0,0,15.0,15.0,668.3,662.3235107095046
2026-05-21,キングハナハナ-30,16,0.0,0.0,0.0,0.0,0.0,0.0,キングハナハナ-30,0,1,0,0,1,3F,A,3F,A,3F_A,0.0,0.0,0.0,0.0,0.0,0.0,0.0,0.0,3,21,0.6451612903225806,1,0,0,1,1,0,1,475.0,400.0,31.3,-137.5,337.5,97795.0,53212.0,91915.0,77972.0,0.07771358453908686,0.12027362249116741,0.00543980851874014,-0.028215256758836505,471.4428571428572,329.0285714285714,218.3142857142857,453.64809363331676,375.3821118408668,0.06241234359721587,0.05963045307858233,5696.9857142857145,5524.292857142857,5482.05,0.08186303362308386,0.06029600822560542,0.037201816412456234,0.006309148264984227,0.00946372239747634,0.012618296529968454,0.01892744479495268,34.0,34.0,34.0,34.0,317.0,317.0,0,0,,0.0,0.0,0.0,0.0,0,0,999.0,999.0,0,0,-1,0.0,0.0,0.0,0.0,97.0,75.0,443.7,-0.04256003795208055,0.07227377602034672,1,1,0.4012618296529969,0.5,0.8018927444794953,0.5,0.4025236593059937,0.0,0.0037854889589905363,0.5,1.2858044164037856,73,0,0,26.0,26.0,475.0,465.8257996632997
2026-05-21,甲鉄城のカバネリ 海門(うなと)決戦,34,0.0,0.0,0.0,0.0,0.0,0.0,甲鉄城のカバネリ 海門(うなと)決戦,0,0,0,0,0,2F,N,2F,N,2F_N,0.0,0.0,0.0,0.0,0.0,0.0,0.0,0.0,3,21,0.6451612903225806,1,0,1,0,0,1,0,332.4,235.3,-770.6,-217.6,373.5,134273.0,107359.0,182438.0,171895.0,0.08415690421752697,0.074516342365335,-0.14361043203718524,-0.04304953605398645,-63.442857142857214,-124.78571428571432,-38.44642857142857,512.9716524238704,438.9655634945245,0.11482140637637649,0.09591625204313493,4142.814285714286,4462.599999999999,4710.017857142857,-0.006297967992312787,-0.020263724965264882,-0.0069613399713033975,0.0,0.0125,0.0125,0.0125,999.0,19.0,19.0,19.0,80.0,80.0,0,0,80.0,0.0,0.0,0.0,0.0,0,0,999.0,999.0,0,0,6,0.0,0.0,0.0,0.0,142.0,97.09999999999997,1103.0,0.009640561852191976,0.2277673362547122,1,1,0.4,0.5,0.8025,0.5,0.4025,0.0,0.0025000000000000005,0.5,1.2845,74,0,0,29.0,29.0,332.4,330.0790056360708
2026-05-21,ディスクアップ ULTRAREMIX,10,0.0,0.0,0.0,0.0,0.0,0.0,ディスクアップ ULTRAREMIX,0,0,0,1,1,2F,A,2F,A,2F_A,0.0,0.0,0.0,0.0,0.0,0.0,0.0,0.0,3,21,0.6451612903225806,1,0,1,0,1,0,1,-210.0,680.0,-590.0,-1100.0,-290.0,38988.0,29557.0,43029.0,46027.0,-0.0538627269929209,0.23006394424332646,-0.13711682818564225,-0.23899015795076803,220.0,120.00000000000003,83.21428571428571,413.03752856126744,468.5328984426566,0.12331197357675554,0.12419613771112437,3738.7000000000003,3912.5714285714284,4313.807142857143,0.05250486503722813,0.028060549729733746,0.020558235448225347,0.0,0.0,0.00946372239747634,0.025236593059936908,999.0,999.0,174.0,23.0,317.0,317.0,0,0,,0.0,0.0,0.0,0.0,0,0,45.0,108.0,0,0,-1,0.0,0.0,0.0,0.0,138.0,-890.0,380.0,-0.2839266712362474,0.08325410119272135,1,1,0.4,0.5,0.8,0.5,0.4018927444794953,0.0,0.005047318611987382,0.5,1.2831545741324921,75,0,0,48.0,49.0,-210.0,-191.7975529100529
2026-05-21,ミリオンゴッド‐神々の軌跡‐,25,0.0,0.0,0.0,0.0,0.0,0.0,ミリオンゴッド‐神々の軌跡‐,0,0,0,0,0,3F,N,3F,N,3F_N,0.0,0.0,0.0,0.0,0.0,0.0,0.0,0.0,3,21,0.6451612903225806,1,0,0,1,0,1,0,-1184.0,-1552.0,-500.0,-1712.5,-460.0,109938.0,135286.0,171688.0,172202.0,-0.2692426640470083,-0.28679981668465326,-0.06989422673687154,-0.23867318614185665,-968.0,-758.3642857142856,-1078.2892857142858,648.5635409631559,582.6188694918078,0.13658211347728616,0.1244074761539272,4935.242857142856,5410.1,6281.703571428572,-0.21187670314565082,-0.15512990047931646,-0.17490657782494898,0.0,0.0,0.0,0.0,999.0,999.0,999.0,999.0,31.0,31.0,0,0,31.0,0.0,0.0,0.0,1.0,0,0,10.0,999.0,0,0,6,0.0,0.0,0.0,0.0,197.0,368.0,-684.0,0.017557152637644957,-0.19934843731013677,1,1,0.4,0.5,0.8,0.5,0.4,0.0,0.0,0.5,1.28,76,0,0,63.0,67.0,-1184.0,-1157.4068355119825
2026-05-21,転生したら剣でした,5,0.0,0.0,0.0,0.0,0.0,0.0,転生したら剣でした,0,0,0,0,0,2F,N,2F,N,2F_N,0.0,0.0,0.0,0.0,0.0,0.0,0.0,0.0,3,21,0.6451612903225806,1,0,1,0,0,1,1,-600.0,-580.0,-360.0,1440.0,-660.0,13051.0,15574.0,19393.0,7240.0,-0.22986744310780782,-0.1862077822011044,-0.09281699582323519,0.994475138121547,65.71428571428571,-128.57142857142858,-229.28571428571428,1020.5694022269647,810.0793611915877,0.3876639985793037,0.3178929528181546,3029.8571428571427,2973.7428571428572,2831.9428571428575,0.02256371696779422,-0.018482654991193483,-0.05391070489407257,0.0,0.0,0.015625,0.078125,999.0,999.0,4.0,4.0,64.0,64.0,0,0,,0.0,0.0,0.0,0.0,0,0,999.0,29.0,0,0,-1,0.0,0.0,0.0,0.0,150.0,-20.0,-240.0,-0.043659660906703424,-0.13705044728457264,1,1,0.4,0.5,0.4,0.5,0.8031250000000001,0.0,0.015625,0.5,1.2081250000000003,77,0,0,53.0,53.0,-600.0,-525.6090909090908
2026-05-21,アレックス ブライト,4,0.0,0.0,0.0,0.0,0.0,0.0,アレックス ブライト,0,0,0,1,1,2F,A,2F,A,2F_A,0.0,0.0,0.0,0.0,0.0,0.0,0.0,0.0,3,21,0.6451612903225806,1,0,1,0,1,0,1,-50.0,825.0,1375.0,150.0,150.0,15117.0,12716.0,27100.0,15442.0,-0.013230138254944764,0.25951557093425603,0.2029520295202952,0.03885507058671157,339.2857142857143,223.21428571428572,124.10357142857141,389.138242053608,499.37117050753653,0.10160978042613607,0.10990610501890423,3835.1428571428573,3894.378571428572,4118.25,0.08496222965688348,0.04619307814773906,0.02438843653269327,0.0,0.0031545741324921135,0.00946372239747634,0.025236593059936908,999.0,306.0,126.0,17.0,317.0,317.0,0,0,,0.0,0.0,0.0,0.0,0,0,24.0,108.0,0,0,-1,0.0,0.022222222222222223,0.0,0.022222222222222223,60.0,-875.0,-1425.0,-0.2727457091892008,-0.21618216777523996,1,1,0.4,0.5,0.40063091482649843,0.5,0.8018927444794953,0.0,0.005047318611987382,0.5,1.203659305993691,78,0,0,40.0,40.0,-50.0,-25.3054012345679
2026-05-21,うみねこのなく頃に2,7,0.0,0.0,0.0,0.0,0.0,0.0,うみねこのなく頃に2,0,0,0,1,1,2F,A,2F,A,2F_A,0.0,0.0,0.0,0.0,0.0,0.0,0.0,0.0,3,21,0.6451612903225806,1,0,1,0,1,0,0,-57.1,-385.7,557.1,-542.9,128.6,25941.0,22452.0,44992.0,29543.0,-0.015419606029065957,-0.12025654730090861,0.08668207681365576,-0.12862607047354704,242.8714285714286,113.26428571428572,116.32500000000003,470.9917894340473,467.34485802101364,0.09394456564767784,0.09091919261875078,5051.0142857142855,5101.807142857142,5479.539285714286,0.03174945362708643,0.013057974189383882,0.011707390938174226,0.0,0.0,0.009259259259259259,0.018518518518518517,999.0,999.0,104.0,92.0,108.0,108.0,0,0,108.0,0.0,0.0,0.0,0.0,0,0,65.0,999.0,0,0,7,0.0,0.0,0.0,0.0,131.0,328.59999999999997,-614.2,0.10483694127184265,-0.10210168284272172,1,1,0.4,0.5,0.4,0.5,0.8018518518518519,0.0,0.003703703703703704,0.5,1.2025925925925927,79,0,0,41.0,41.0,-57.1,-41.80990740740741
2026-05-21,マジカルハロウィン8,1,0.0,0.0,0.0,0.0,0.0,0.0,マジカルハロウィン8,0,0,0,1,1,3F,A,3F,A,3F_A,0.0,0.0,0.0,0.0,0.0,0.0,0.0,0.0,3,21,0.6451612903225806,1,0,0,1,1,0,1,-200.0,100.0,-2500.0,-300.0,-200.0,1823.0,480.0,4756.0,4288.0,-0.10970927043335162,0.20833333333333334,-0.5256518082422204,-0.06996268656716417,-114.28571428571429,142.85714285714286,442.85714285714283,425.944329025014,1126.4063249073185,0.31616306465216865,0.3459452718249555,2499.285714285714,3096.285714285714,3922.1428571428573,0.033813447598044825,0.0714343707548649,0.10613504766448423,0.0031545741324921135,0.015772870662460567,0.028391167192429023,0.06624605678233439,58.0,28.0,28.0,28.0,317.0,317.0,0,0,,0.0,0.0,0.0,0.0,0,0,999.0,999.0,0,0,-1,0.0,0.022222222222222223,0.022222222222222223,0.06666666666666667,144.0,-300.0,2300.0,-0.318042603766685,0.41594253780886875,1,1,0.40063091482649843,0.5,0.4031545741324921,0.5,0.4056782334384858,0.0,0.4132492113564669,0.5,1.1318611987381704,80,0,0,47.0,45.0,-200.0,-75.91620370370369
2026-05-21,バベル,3,0.0,0.0,0.0,0.0,0.0,0.0,バベル,0,0,0,0,0,2F,N,2F,N,2F_N,0.0,0.0,0.0,0.0,0.0,0.0,0.0,0.0,3,21,0.6451612903225806,1,0,1,0,0,1,0,66.7,-400.0,0.0,0.0,-300.0,8698.0,6357.0,0.0,0.0,0.022993791676247412,-0.18876828692779613,0.0,0.0,252.38571428571427,52.791666666666636,52.791666666666636,1016.5197660458475,1232.2712396652212,0.5446641756600825,0.5508500114421117,2068.0428571428574,2352.3333333333335,2352.3333333333335,0.05537645465453295,-0.03504092083531378,-0.03504092083531378,0.0,0.0,0.0,0.16666666666666666,999.0,999.0,999.0,6.0,12.0,12.0,0,0,12.0,0.0,0.0,0.0,0.0,0,0,999.0,999.0,0,0,4,0.0,0.0,0.0,0.0,110.0,466.7,66.7,0.21176207860404353,0.022993791676247412,1,1,0.4,0.5,0.4,0.5,0.4,0.0,0.03333333333333333,0.5,0.9733333333333334,81,0,0,28.0,28.0,66.7,86.00944700460829
2026-05-21,機動戦士ガンダムユニコーン 覚醒DRIVE,6,0.0,0.0,0.0,0.0,0.0,0.0,機動戦士ガンダムユニコーン 覚醒DRIVE,0,0,0,0,0,2F,N,2F,N,2F_N,0.0,0.0,0.0,0.0,0.0,0.0,0.0,0.0,3,21,0.6451612903225806,1,0,1,0,0,1,0,-1016.7,-283.3,-678.6,-785.7,16.7,8888.0,3139.0,46617.0,51375.0,-0.6863186318631863,-0.5415737496017841,-0.20378831756655297,-0.2141119221411192,-369.0428571428571,-243.37142857142857,-409.95,376.7041361472905,697.1487595678792,0.290989740934056,0.4178926573486908,1404.2142857142858,1788.4357142857145,2573.078571428571,-0.3044398707585038,-0.14082338720510879,-0.1581149053114616,0.0,0.0,0.03225806451612903,0.06451612903225806,999.0,999.0,29.0,10.0,31.0,31.0,0,0,31.0,0.0,0.0,0.0,-8.0,0,0,999.0,10.0,0,0,6,0.0,0.0,0.0,0.0,172.0,-733.4000000000001,-338.1,-0.14474488226140225,-0.48253031429663334,1,1,0.4,0.5,0.4,0.5,0.40645161290322585,0.0,0.012903225806451613,0.5,0.9690322580645162,82,0,0,62.0,62.0,-1016.7,-925.242200854701
2026-05-21,ウルトラミラクルジャグラー,5,0.0,0.0,0.0,0.0,0.0,0.0,ウルトラミラクルジャグラー,1,0,0,0,1,3F,A,3F,A,3F_A,0.0,0.0,0.0,0.0,0.0,0.0,0.0,0.0,3,21,0.6451612903225806,1,0,0,1,1,0,1,100.0,-240.0,1220.0,460.0,700.0,17439.0,12921.0,36186.0,36892.0,0.028671368771145133,-0.09287206872533085,0.16857348145691703,0.06234413965087282,-157.14285714285714,87.14285714285714,261.42857142857144,483.2430129073867,499.4524474389405,0.11681374634002192,0.09761176985870679,4079.0,4635.385714285714,4861.157142857142,-0.02444075870115181,0.016445096431245195,0.02418680390758086,0.006309148264984227,0.015772870662460567,0.022082018927444796,0.031545741324921134,158.0,25.0,25.0,25.0,317.0,317.0,0,0,,0.0,0.0,0.0,0.0,0,0,999.0,999.0,0,0,-1,0.0,0.0,0.0,0.0,87.0,340.0,-1120.0,0.12154343749647599,-0.1399021126857719,1,1,0.4012618296529969,0.5,0.4031545741324921,0.5,0.404416403785489,0.0,0.006309148264984227,0.5,0.9689589905362777,83,0,0,34.0,34.0,100.0,106.56830808080808
2026-05-21,ヨルムンガンド,5,0.0,0.0,0.0,0.0,0.0,0.0,ヨルムンガンド,0,0,0,0,0,2F,N,2F,N,2F_N,0.0,0.0,0.0,0.0,0.0,0.0,0.0,0.0,3,21,0.6451612903225806,1,0,1,0,0,1,0,2940.0,-360.0,-200.0,240.0,280.0,6138.0,3159.0,19809.0,19710.0,2.3949169110459434,-0.5698005698005698,-0.050482104094098645,0.060882800608828,374.2857142857143,272.85714285714283,-155.71428571428572,1502.3410303351804,1133.4523747005362,1.0317133494061015,0.7432370425361547,1872.9428571428568,2408.957142857143,2945.1500000000005,0.2574957313134231,0.17258313911314588,0.008146652642314622,0.0,0.0,0.044444444444444446,0.044444444444444446,999.0,999.0,1.0,1.0,45.0,45.0,0,0,45.0,0.0,0.0,0.0,0.0,0,0,999.0,999.0,0,0,6,0.0,0.0,0.0,0.0,134.0,3300.0,3140.0,2.964717480846513,2.445399015140042,1,1,0.4,0.5,0.4,0.5,0.4088888888888889,0.0,0.008888888888888889,0.5,0.9688888888888889,84,0,0,3.0,3.0,2940.0,2688.3864898989896
2026-05-21,この素晴らしい世界に祝福を！,3,0.0,0.0,0.0,0.0,0.0,0.0,この素晴らしい世界に祝福を！,0,0,0,0,0,3F,N,3F,N,3F_N,0.0,0.0,0.0,0.0,0.0,0.0,0.0,0.0,3,21,0.6451612903225806,1,0,0,1,0,1,1,0.0,-633.3,200.0,1766.7,-533.3,6576.0,6251.0,10152.0,14175.0,0.0,-0.303951367781155,0.0591016548463357,0.37389770723104054,-199.98571428571432,-21.421428571428578,235.71785714285716,551.764845529239,784.5301358908262,0.2881092508911395,0.30060178323817616,2579.714285714286,2839.8857142857137,3359.621428571429,-0.15378720543276306,-0.0801038016225191,0.033409985685843635,0.0,0.00946372239747634,0.01892744479495268,0.06309148264984227,999.0,15.0,15.0,15.0,317.0,317.0,0,0,,0.0,0.0,0.0,0.0,0,0,108.0,150.0,0,0,-1,0.0,0.0,0.0,0.044444444444444446,100.0,633.3,-200.0,0.303951367781155,-0.0591016548463357,1,1,0.4,0.5,0.4018927444794953,0.5,0.4037854889589906,0.0,0.012618296529968454,0.5,0.968832807570978,85,0,0,37.0,38.0,0.0,24.60734126984127
2026-05-21,ハッピージャグラーVIII,10,0.0,0.0,0.0,0.0,0.0,0.0,ハッピージャグラーVIII,1,0,0,0,1,3F,A,3F,A,3F_A,0.0,0.0,0.0,0.0,0.0,0.0,0.0,0.0,3,21,0.6451612903225806,1,0,0,1,1,0,1,-230.0,-170.0,-10.0,630.0,270.0,30666.0,21908.0,58377.0,62467.0,-0.07500163047022762,-0.07759722475807924,-0.0017130034088767836,0.10085325051627259,38.57142857142857,72.85714285714286,163.21428571428572,218.81716655909764,204.99262918938558,0.06417554650328651,0.06533600341129542,3719.671428571429,3890.15,4377.721428571429,-0.003632495387043288,0.012231506134586331,0.022737341304805925,0.006309148264984227,0.00946372239747634,0.01892744479495268,0.03470031545741325,147.0,55.0,18.0,18.0,317.0,317.0,0,0,,0.0,0.0,0.0,0.0,0,0,999.0,999.0,0,0,-1,0.022222222222222223,0.022222222222222223,0.022222222222222223,0.022222222222222223,99.0,-60.0,-220.0,0.002595594287851624,-0.07328862706135084,1,1,0.4012618296529969,0.5,0.4018927444794953,0.5,0.4037854889589906,0.0,0.00694006309148265,0.5,0.9678233438485805,86,0,0,50.0,50.0,-230.0,-210.84517195767194
2026-05-21,ジャグラーガールズ,9,0.0,0.0,0.0,0.0,0.0,0.0,ジャグラーガールズ,1,0,0,0,1,3F,A,3F,A,3F_A,0.0,0.0,0.0,0.0,0.0,0.0,0.0,0.0,3,21,0.6451612903225806,1,0,0,1,1,0,1,833.3,277.8,677.8,-55.6,66.7,35081.0,18753.0,69117.0,49569.0,0.21379094096519483,0.1333120034127873,0.08825614537668013,-0.01008694950473078,379.37142857142845,273.0214285714286,233.33928571428572,390.1204844416058,399.37963080945224,0.0886521000228412,0.09988675893174097,4373.728571428571,4755.214285714285,4963.9178571428565,0.0957723026450229,0.05601725409350343,0.04196196457403788,0.0031545741324921135,0.00946372239747634,0.012618296529968454,0.031545741324921134,35.0,35.0,35.0,15.0,317.0,317.0,0,0,,0.0,0.0,0.0,0.0,0,0,999.0,999.0,0,0,-1,0.022222222222222223,0.044444444444444446,0.044444444444444446,0.044444444444444446,86.0,555.5,155.5,0.08047893755240754,0.1255347955885147,1,1,0.40063091482649843,0.5,0.4018927444794953,0.5,0.4025236593059937,0.0,0.006309148264984227,0.5,0.9661829652996846,87,0,0,12.0,12.0,833.3,798.5079678362572
2026-05-21,スマスロ サンダーV,4,0.0,0.0,0.0,0.0,0.0,0.0,スマスロ サンダーV,0,0,0,1,1,2F,A,2F,A,2F_A,0.0,0.0,0.0,0.0,0.0,0.0,0.0,0.0,3,21,0.6451612903225806,1,0,1,0,1,0,0,650.0,225.0,100.0,-825.0,-350.0,17004.0,13732.0,19957.0,10487.0,0.1529051987767584,0.06554034372269152,0.020043092649195772,-0.31467531229140844,242.85714285714286,417.85714285714283,149.10714285714286,325.228857151097,550.2996186893738,0.084137359472819,0.13644768608336622,4190.328571428572,4206.378571428571,4200.946428571428,0.04917344628029937,0.10111205822942636,0.02140256950206362,0.0,0.0,0.0125,0.05,999.0,999.0,72.0,33.0,80.0,80.0,0,0,80.0,0.0,0.0,0.0,0.0,0,0,999.0,999.0,0,0,6,0.0,0.0,0.0,0.09090909090909091,119.0,425.0,550.0,0.08736485505406688,0.13286210612756263,1,1,0.4,0.5,0.4,0.5,0.4025,0.0,0.010000000000000002,0.5,0.9655,88,0,0,17.0,19.0,650.0,596.9168209876542
2026-05-21,ドッチ,2,0.0,0.0,0.0,0.0,0.0,0.0,ドッチ,0,0,0,0,0,2F,N,2F,N,2F_N,0.0,0.0,0.0,0.0,0.0,0.0,0.0,0.0,3,21,0.6451612903225806,1,0,1,0,0,1,0,-1200.0,300.0,-100.0,-350.0,-1700.0,10940.0,8644.0,13452.0,12356.0,-0.21937842778793418,0.06941230911614993,-0.014867677668748141,-0.05665263839430236,-500.0,-396.42857142857144,-180.35714285714286,1294.8616399703355,1297.5515827473337,0.29597741852224146,0.3045771975781611,4027.214285714286,4523.857142857143,5143.571428571428,-0.17411304710799394,-0.10080374630365076,-0.048948191974252896,0.0,0.0,0.0,0.06451612903225806,999.0,999.0,999.0,9.0,31.0,31.0,0,0,31.0,0.0,0.0,0.0,0.0,0,0,999.0,999.0,0,0,6,0.0,0.0,0.0,0.0,118.0,-1500.0,-1100.0,-0.2887907369040841,-0.20451075011918604,1,1,0.4,0.5,0.4,0.5,0.4,0.0,0.012903225806451613,0.5,0.9651612903225807,89,0,0,64.0,63.0,-1200.0,-925.5497222222223
2026-05-21,不二子BT,2,0.0,0.0,0.0,0.0,0.0,0.0,不二子BT,0,0,0,1,1,2F,A,2F,A,2F_A,0.0,0.0,0.0,0.0,0.0,0.0,0.0,0.0,3,21,0.6451612903225806,1,0,1,0,1,0,0,0.0,-100.0,433.3,-266.7,-50.0,2560.0,3532.0,8890.0,8769.0,0.0,-0.056625141562853906,0.14623172103487064,-0.09123047097730642,-14.285714285714253,66.66428571428574,112.79642857142858,583.6053787408372,626.410340575744,0.14093507914188397,0.1975896811959486,2686.4285714285716,3001.5,3317.410714285714,0.002747170412816901,-0.0011862441534764676,-0.02355383685389827,0.0,0.0,0.02,0.03333333333333333,999.0,999.0,53.0,53.0,150.0,150.0,0,0,150.0,0.0,0.0,0.0,-1.0,0,0,80.0,10.0,0,0,7,0.0,0.0,0.0,0.0,110.0,100.0,-433.3,0.056625141562853906,-0.14623172103487064,1,1,0.4,0.5,0.4,0.5,0.404,0.0,0.006666666666666667,0.5,0.9650666666666669,90,0,0,38.0,37.0,0.0,34.45027777777778
2026-05-21,SHAKE BONUS TRIGGER,2,0.0,0.0,0.0,0.0,0.0,0.0,SHAKE BONUS TRIGGER,0,0,0,1,1,2F,A,2F,A,2F_A,0.0,0.0,0.0,0.0,0.0,0.0,0.0,0.0,3,21,0.6451612903225806,1,0,1,0,1,0,0,-950.0,-600.0,500.0,1700.0,-100.0,7640.0,2715.0,11307.0,17061.0,-0.2486910994764398,-0.4419889502762431,0.08844078889183692,0.19928491882070218,-614.2857142857143,-260.7142857142857,-44.642857142857146,1023.7652260627125,879.5056678499691,0.26239048684860783,0.23395642219456503,3419.6428571428573,4023.3214285714284,4747.339285714285,-0.20764949848787434,-0.11083223948374588,-0.04504551580717236,0.0,0.0,0.009389671361502348,0.03755868544600939,999.0,999.0,28.0,28.0,213.0,213.0,0,0,213.0,0.0,0.0,0.0,0.0,0,0,999.0,45.0,0,0,7,0.0,0.03333333333333333,0.0,0.13333333333333333,93.0,-350.0,-1450.0,0.19329785079980327,-0.33713188836827673,1,1,0.4,0.5,0.4,0.5,0.4018779342723005,0.0,0.007511737089201879,0.5,0.9641314553990612,91,0,0,61.0,61.0,-950.0,-725.5497222222223
2026-05-21,交響詩篇エウレカセブン HI-EVOLUTION ZERO TYPE‐ART,4,0.0,0.0,0.0,0.0,0.0,0.0,交響詩篇エウレカセブン HI-EVOLUTION ZERO TYPE‐ART,0,0,0,1,1,2F,A,2F,A,2F_A,0.0,0.0,0.0,0.0,0.0,0.0,0.0,0.0,3,21,0.6451612903225806,1,0,1,0,1,0,1,800.0,350.0,-100.0,-200.0,1275.0,15568.0,3208.0,26099.0,17487.0,0.20554984583761562,0.43640897755610975,-0.015326257711023411,-0.0457482701435352,510.7142857142857,214.28571428571428,246.42857142857142,505.152028035691,605.0043138525697,0.2557074660135447,0.22812464360403245,3754.7999999999997,3856.092857142857,4145.035714285715,0.20461334736805012,0.08851819998452017,0.06166792851344089,0.0,0.0,0.0031545741324921135,0.03470031545741325,999.0,999.0,264.0,3.0,317.0,317.0,0,0,,0.0,0.0,0.0,0.0,0,0,999.0,999.0,0,0,-1,0.0,0.0,0.0,0.044444444444444446,107.0,450.0,900.0,-0.23085913171849412,0.22087610354863904,1,1,0.4,0.5,0.4,0.5,0.40063091482649843,0.0,0.00694006309148265,0.5,0.9631545741324922,92,0,0,13.0,13.0,800.0,730.2501543209876
2026-05-21,ミスタージャグラー,6,0.0,0.0,0.0,0.0,0.0,0.0,ミスタージャグラー,1,0,0,0,1,3F,A,3F,A,3F_A,0.0,0.0,0.0,0.0,0.0,0.0,0.0,0.0,3,21,0.6451612903225806,1,0,0,1,1,0,1,516.7,-116.7,1183.3,116.7,-16.7,30468.0,35863.0,39297.0,32137.0,0.10174609426283314,-0.019518724033126062,0.18067536962109068,0.021781746896101066,33.32857142857142,334.52142857142854,214.28571428571428,458.5787235734848,555.6369431404083,0.11506783589865877,0.12082310089648993,4888.942857142857,4844.5142857142855,5014.092857142858,-0.013296981414797128,0.05466465387132101,0.025540346817193634,0.0,0.0031545741324921135,0.006309148264984227,0.022082018927444796,999.0,17.0,17.0,8.0,317.0,317.0,0,0,,0.0,0.0,0.0,0.0,0,0,999.0,999.0,0,0,-1,0.0,0.0,0.0,0.044444444444444446,94.0,633.4000000000001,-666.5999999999999,0.1212648182959592,-0.07892927535825754,1,1,0.4,0.5,0.40063091482649843,0.5,0.4012618296529969,0.0,0.00441640378548896,0.5,0.9630283911671925,93,0,0,25.0,25.0,516.7,490.20395299145304
2026-05-21,マタドールIII,4,0.0,0.0,0.0,0.0,0.0,0.0,マタドールIII,0,0,0,1,1,2F,A,2F,A,2F_A,0.0,0.0,0.0,0.0,0.0,0.0,0.0,0.0,3,21,0.6451612903225806,1,0,1,0,1,0,1,-150.0,-200.0,-400.0,400.0,500.0,19403.0,13134.0,8371.0,17866.0,-0.03092305313611297,-0.06091061367443277,-0.1911360649862621,0.08955558043210568,214.28571428571428,-117.85714285714286,-58.92857142857143,835.8948726336573,729.6883272638086,0.18399713204153573,0.16611879571778596,3862.2571428571428,4004.5,4770.021428571429,0.03862135896016283,-0.038816342666344254,-0.02299897449878832,0.0,0.0,0.0,0.02857142857142857,999.0,999.0,999.0,5.0,35.0,35.0,0,0,,0.0,0.0,0.0,0.0,0,0,999.0,999.0,0,0,-1,0.0,0.0,0.0,0.0,143.0,50.0,250.0,0.0299875605383198,0.16021301185014913,1,1,0.4,0.5,0.4,0.5,0.4,0.0,0.005714285714285714,0.5,0.9622857142857144,94,0,0,35.0,35.0,-150.0,-121.9532986111111
2026-05-21,ヱヴァンゲリヲン ～約束の扉～,1,0.0,0.0,0.0,0.0,0.0,0.0,ヱヴァンゲリヲン ～約束の扉～,0,0,0,1,1,2F,A,2F,A,2F_A,0.0,0.0,0.0,0.0,0.0,0.0,0.0,0.0,3,21,0.6451612903225806,1,0,1,0,1,0,1,-1100.0,100.0,-700.0,100.0,-600.0,1792.0,3590.0,1643.0,3293.0,-0.6138392857142857,0.027855153203342618,-0.426049908703591,0.030367446097783177,-628.5714285714286,-628.5714285714286,-464.2857142857143,590.802521192674,545.5111525738208,0.2653538259548817,0.25523601100283594,3017.714285714286,3227.3571428571427,3260.25,-0.3424520506116308,-0.3070315240311894,-0.235341554082188,0.0,0.003257328990228013,0.003257328990228013,0.013029315960912053,999.0,117.0,117.0,117.0,307.0,307.0,0,0,,0.0,0.0,0.0,0.0,0,0,999.0,35.0,0,0,-1,0.0,0.0,0.0,0.022727272727272728,119.0,-1200.0,-400.0,-0.6416944389176283,-0.1877893770106947,1,1,0.4,0.5,0.4006514657980456,0.5,0.4006514657980456,0.0,0.0026058631921824105,0.5,0.9619543973941368,95,0,0,67.0,61.0,-1100.0,-595.7319444444444
2026-05-21,ゴーゴージャグラー3,23,0.0,0.0,0.0,0.0,0.0,0.0,ゴーゴージャグラー3,1,0,0,0,1,3F,A,3F,A,3F_A,0.0,0.0,0.0,0.0,0.0,0.0,0.0,0.0,3,21,0.6451612903225806,1,0,0,1,1,0,1,43.5,287.0,-121.7,1817.4,73.9,69847.0,54824.0,122029.0,201672.0,0.014317007172820594,0.12038523274478331,-0.022945365445918593,0.2072672458249038,304.9714285714286,159.94285714285715,112.58214285714287,566.9240681498881,423.9149310784049,0.07229554505608592,0.06047166568688389,4254.871428571429,4347.114285714286,4682.996428571429,0.055426178754094335,0.027486236123791873,0.014368296631005334,0.0,0.0,0.0031545741324921135,0.00946372239747634,999.0,999.0,278.0,102.0,317.0,317.0,0,0,,0.0,0.0,0.0,0.0,0,0,999.0,999.0,0,0,-1,0.0,0.0,0.0,0.0,74.0,-243.5,165.2,-0.10606822557196272,0.03726237261873919,1,1,0.4,0.5,0.4,0.5,0.40063091482649843,0.0,0.0018927444794952682,0.5,0.9611356466876972,96,0,0,36.0,36.0,43.5,46.23939125295508
2026-05-21,ネオアイムジャグラーEX,38,0.0,0.0,0.0,0.0,0.0,0.0,ネオアイムジャグラーEX,1,0,0,0,1,3F,A,3F,A,3F_A,0.0,0.0,0.0,0.0,0.0,0.0,0.0,0.0,3,21,0.6451612903225806,1,0,0,1,1,0,0,215.8,-50.0,105.3,376.3,42.1,128302.0,89863.0,220152.0,214946.0,0.06391170831319855,-0.02114329590599023,0.018169264871543297,0.066528337349846,296.61428571428576,196.80714285714288,213.71785714285716,578.7054214035886,412.4751805387077,0.0703620830908958,0.05177964387749137,4023.257142857143,4144.971428571428,4389.667857142857,0.04452412325497341,0.0318359167857662,0.0382943941122902,0.0,0.0,0.0,0.003937007874015748,999.0,999.0,999.0,140.0,254.0,254.0,0,0,254.0,0.0,0.0,0.0,0.0,0,0,136.0,999.0,0,0,7,0.0,0.0,0.0,0.027777777777777776,96.0,265.8,110.50000000000001,0.08505500421918878,0.04574244344165525,1,1,0.4,0.5,0.4,0.5,0.4,0.0,0.0007874015748031496,0.5,0.9603149606299214,97,0,0,31.0,31.0,215.8,215.23443362193365
2026-05-21,A‐SLOT+ 異世界かるてっと,3,0.0,0.0,0.0,0.0,0.0,0.0,A‐SLOT+ 異世界かるてっと,0,0,0,1,1,2F,A,2F,A,2F_A,0.0,0.0,0.0,0.0,0.0,0.0,0.0,0.0,3,21,0.6451612903225806,1,0,1,0,1,0,0,-1233.3,766.7,-300.0,566.7,-33.3,11883.0,12198.0,16102.0,20957.0,-0.31136918286627957,0.1885555009017872,-0.0558936778039995,0.08111848069857328,-247.59999999999994,-292.84285714285716,-59.5142857142857,623.2700083698348,585.4642821849047,0.15864964527129002,0.14383890378745257,4627.228571428571,4703.757142857144,5403.975,-0.06284404606081061,-0.06503494394555533,-0.029150314110247193,0.0,0.0,0.0,0.0,999.0,999.0,999.0,999.0,45.0,45.0,0,0,45.0,0.0,0.0,0.0,0.0,0,0,999.0,999.0,0,0,6,0.0,0.0,0.0,0.0,85.0,-2000.0,-933.3,-0.49992468376806676,-0.25547550506228006,1,1,0.4,0.5,0.4,0.5,0.4,0.0,0.0,0.5,0.9600000000000001,98,0,0,65.0,65.0,-1233.3,-1032.5069444444443
2026-05-21,スマスロ ドルアーガの塔,2,0.0,0.0,0.0,0.0,0.0,0.0,スマスロ ドルアーガの塔,0,0,0,1,1,2F,A,2F,A,2F_A,0.0,0.0,0.0,0.0,0.0,0.0,0.0,0.0,3,21,0.6451612903225806,1,0,1,0,1,0,0,-1400.0,150.0,-700.0,-650.0,-1150.0,6227.0,4851.0,10241.0,10053.0,-0.4496547294042075,0.06184291898577613,-0.1367053998632946,-0.12931463244802546,-250.0,-271.42857142857144,-332.14285714285717,733.7120234351712,788.3074092183654,0.24820443898893957,0.2566136991768408,2611.8571428571427,3187.1428571428573,3774.0178571428573,-0.03217389219983229,-0.054154429411743324,-0.09163952073243684,0.0,0.0,0.0,0.0,999.0,999.0,999.0,999.0,41.0,41.0,0,0,41.0,0.0,0.0,0.0,0.0,0,0,999.0,999.0,0,0,6,0.0,0.0,0.0,0.0,85.0,-1550.0,-700.0,-0.5114976483899836,-0.31294932954091287,1,1,0.4,0.5,0.4,0.5,0.4,0.0,0.0,0.5,0.9600000000000001,99,0,0,58.0,57.0,-1400.0,-1079.6267741935485
2026-05-21,タクトオーパス デスティニー,4,0.0,0.0,0.0,0.0,0.0,0.0,タクトオーパス デスティニー,0,0,0,0,0,2F,N,2F,N,2F_N,0.0,0.0,0.0,0.0,0.0,0.0,0.0,0.0,3,21,0.6451612903225806,1,0,1,0,0,1,0,-1300.0,-500.0,0.0,0.0,550.0,16558.0,20679.0,0.0,0.0,-0.31404759028868223,-0.09671647565162725,0.0,0.0,-389.2857142857143,-920.0,-920.0,676.3654619325544,1084.6658471621572,0.1582768142999711,0.21815125263574445,4728.357142857143,4931.16,4931.16,-0.07452491686612847,-0.17334752431031752,-0.17334752431031752,0.0,0.0,0.0,0.0,999.0,999.0,999.0,999.0,10.0,10.0,0,0,10.0,0.0,0.0,0.0,0.0,0,0,999.0,999.0,0,0,4,0.0,0.0,0.0,0.0,58.0,-800.0,-1300.0,-0.21733111463705498,-0.31404759028868223,1,1,0.4,0.5,0.4,0.5,0.4,0.0,0.0,0.5,0.9600000000000001,100,0,0,67.0,66.0,-1300.0,-1136.416512345679
2026-05-21,バイオハザード RE:3,16,0.0,0.0,0.0,0.0,0.0,0.0,バイオハザード RE:3,0,0,0,0,0,2F,N,2F,N,2F_N,0.0,0.0,0.0,0.0,0.0,0.0,0.0,0.0,3,21,0.6451612903225806,1,0,1,0,0,1,0,600.0,825.0,0.0,0.0,-356.3,49623.0,58554.0,0.0,0.0,0.19345867843540293,0.2254329337022236,0.0,0.0,-257.1428571428571,-368.13,-368.13,785.7032133851876,702.270887984908,0.2120876620933006,0.1863314819675682,3537.6428571428573,3764.37,3764.37,-0.06420433971681658,-0.08968492246674409,-0.08968492246674409,0.0,0.0,0.0,0.0,999.0,999.0,999.0,999.0,10.0,10.0,0,0,10.0,0.0,0.0,0.0,0.0,0,0,999.0,999.0,0,0,4,0.0,0.0,0.0,0.0,10.0,-225.0,600.0,-0.031974255266820656,0.19345867843540293,1,1,0.4,0.5,0.4,0.5,0.4,0.0,0.0,0.5,0.9600000000000001,101,0,0,20.0,20.0,600.0,587.0379208754209
2026-05-21,ハイパーラッシュ,2,0.0,0.0,0.0,0.0,0.0,0.0,ハイパーラッシュ,0,0,0,1,1,3F,A,3F,A,3F_A,0.0,0.0,0.0,0.0,0.0,0.0,0.0,0.0,3,21,0.6451612903225806,1,0,0,1,1,0,1,1400.0,-350.0,-600.0,1850.0,-200.0,9451.0,4103.0,5295.0,6388.0,0.2962649455084118,-0.17060687301974164,-0.22662889518413598,0.5792110206637445,714.2857142857143,414.2857142857143,326.7857142857143,1941.5874702835065,1404.4474100059883,0.3124705846926178,0.24213692166853237,4683.142857142857,4558.642857142857,4066.5535714285716,0.08443822691883661,0.06006445501264985,0.04181454388471408,0.0,0.0,0.025,0.05,999.0,999.0,86.0,1.0,120.0,120.0,0,0,,0.0,0.0,0.0,0.0,0,0,999.0,28.0,0,0,-1,0.0,0.0,0.0,0.0,82.0,1750.0,2000.0,0.46687181852815346,0.5228938406925479,1,1,0.4,0.5,0.0,0.5,0.405,0.0,0.41000000000000003,0.5,0.807,102,0,0,4.0,4.0,1400.0,1157.0383606557377
2026-05-21,クランキークレスト,1,0.0,0.0,0.0,0.0,0.0,0.0,クランキークレスト,0,0,0,1,1,3F,A,3F,A,3F_A,0.0,0.0,0.0,0.0,0.0,0.0,0.0,0.0,3,21,0.6451612903225806,1,0,0,1,1,0,1,2000.0,600.0,-100.0,0.0,-1000.0,5282.0,6737.0,1816.0,1903.0,0.37864445285876563,0.0890604126465786,-0.05506607929515418,0.0,571.4285714285714,321.42857142857144,50.0,1332.5592991361718,1387.9584184796643,0.31343970091189266,0.26614894208214684,4234.0,4533.642857142857,3689.5178571428573,0.07811510607183965,0.029992148026818148,-0.08193660539994128,0.0,0.0,0.006493506493506494,0.032467532467532464,999.0,999.0,6.0,1.0,154.0,154.0,0,0,,0.0,0.0,0.0,0.0,0,0,999.0,22.0,0,0,-1,0.0,0.0,0.0,0.09090909090909091,102.0,1400.0,2100.0,0.28958404021218703,0.4337105321539198,1,1,0.4,0.5,0.0,0.5,0.4012987012987013,0.0,0.4064935064935065,0.5,0.8033766233766234,103,0,0,4.0,4.0,2000.0,1378.2866666666666
2026-05-21,押忍!番長ZERO,2,0.0,0.0,0.0,0.0,0.0,0.0,押忍!番長ZERO,0,0,0,0,0,2F,N,2F,N,2F_N,0.0,0.0,0.0,0.0,0.0,0.0,0.0,0.0,3,21,0.6451612903225806,1,0,1,0,0,1,1,300.0,-50.0,650.0,1050.0,2050.0,863.0,3405.0,5222.0,4974.0,0.6952491309385863,-0.02936857562408223,0.248946763692072,0.4221954161640531,578.5714285714286,528.5714285714286,441.07142857142856,1113.1251587524278,1322.2524903934382,0.4274039102051389,0.43280321627288276,2769.214285714286,3010.1785714285716,3218.25,0.1563850158154911,0.11261672980189737,0.08843313037827838,0.0,0.0,0.03260869565217391,0.07608695652173914,999.0,999.0,13.0,13.0,92.0,92.0,0,0,,0.0,0.0,0.0,0.0,0,0,999.0,64.0,0,0,-1,0.0,0.07692307692307693,0.0,0.15384615384615385,97.0,350.0,-350.0,0.7246177065626686,0.4463023672465143,1,1,0.4,0.5,0.0,0.5,0.4065217391304348,0.0,0.015217391304347828,0.5,0.6500000000000001,104,0,0,21.0,23.0,300.0,283.66
2026-05-21,範馬刃牙,2,0.0,0.0,0.0,0.0,0.0,0.0,範馬刃牙,0,0,0,0,0,2F,N,2F,N,2F_N,0.0,0.0,0.0,0.0,0.0,0.0,0.0,0.0,3,21,0.6451612903225806,1,0,1,0,0,1,0,1950.0,-250.0,-425.0,275.0,-900.0,3074.0,2320.0,4461.0,3516.0,1.2687052700065062,-0.21551724137931033,-0.3810804752297691,0.31285551763367464,-71.42857142857143,169.64285714285714,197.32142857142858,1201.6853244704373,1009.0064882876588,0.8619257176638409,0.7717689737142512,1151.357142857143,1272.6214285714286,1550.5214285714285,-0.057161403220093936,0.11152118380806618,0.14064106053704775,0.0,0.0,0.011904761904761904,0.07142857142857142,999.0,999.0,76.0,1.0,84.0,84.0,0,0,84.0,0.0,0.0,0.0,-2.0,0,0,999.0,7.0,0,0,6,0.0,0.0,0.0,0.08333333333333333,72.0,2200.0,2375.0,1.4842225113858165,1.6497857452362754,1,1,0.4,0.5,0.0,0.5,0.4023809523809524,0.0,0.014285714285714285,0.5,0.6471428571428571,105,0,0,4.0,4.0,1950.0,1611.674794520548
2026-05-21,新ハナビ,8,0.0,0.0,0.0,0.0,0.0,0.0,新ハナビ,0,0,0,1,1,3F,A,3F,A,3F_A,0.0,0.0,0.0,0.0,0.0,0.0,0.0,0.0,3,21,0.6451612903225806,1,0,0,1,1,0,1,-187.5,-287.5,-237.5,462.5,75.0,17921.0,15982.0,32650.0,35334.0,-0.08370068634562804,-0.14391190088849956,-0.05819295558958652,0.10471500537725703,-5.357142857142857,120.53571428571429,112.05357142857143,274.60740374300804,372.25298801744,0.09949202557140441,0.11554674865397221,3156.4714285714285,3488.621428571429,3693.7357142857145,-0.02249297764638129,0.022847700060005954,0.0161443078204112,0.0,0.006309148264984227,0.006309148264984227,0.015772870662460567,999.0,301.0,301.0,92.0,317.0,317.0,0,0,,0.0,0.0,0.0,0.0,0,0,999.0,999.0,0,0,-1,0.0,0.0,0.0,0.0,126.0,100.0,50.0,0.060211214542871525,-0.025507730756041513,1,1,0.4,0.5,0.0012618296529968455,0.5,0.4012618296529969,0.0,0.0031545741324921135,0.5,0.6430283911671925,106,0,0,46.0,46.0,-187.5,-166.33815359477123
2026-05-21,スマスロ ハナビ,5,0.0,0.0,0.0,0.0,0.0,0.0,スマスロ ハナビ,0,0,0,1,1,3F,A,3F,A,3F_A,0.0,0.0,0.0,0.0,0.0,0.0,0.0,0.0,3,21,0.6451612903225806,1,0,0,1,1,0,0,-220.0,-280.0,740.0,400.0,520.0,11162.0,9175.0,24810.0,18432.0,-0.09854864719584304,-0.15258855585831063,0.14913341394598953,0.10850694444444445,-54.285714285714285,122.85714285714286,67.85714285714286,719.9735444875073,580.4961879080894,0.19201496545524802,0.16031455614399168,2962.6857142857143,3181.5428571428574,3471.3142857142857,-0.027881775855770414,0.020817183099985766,0.004334178472428191,0.0,0.0,0.0,0.009259259259259259,999.0,999.0,999.0,96.0,108.0,108.0,0,0,108.0,0.0,0.0,0.0,0.0,0,0,999.0,999.0,0,0,7,0.0,0.0,0.0,0.0,93.0,60.0,-960.0,0.05403990866246759,-0.24768206114183255,1,1,0.4,0.5,0.0,0.5,0.4,0.0,0.001851851851851852,0.5,0.6407407407407407,107,0,0,49.0,48.0,-220.0,-184.34078282828284
2026-05-21,アイムジャグラーEX-TP,4,0.0,0.0,0.0,0.0,0.0,0.0,アイムジャグラーEX-TP,1,0,0,0,1,3F,A,3F,A,3F_A,0.0,0.0,0.0,0.0,0.0,0.0,0.0,0.0,3,21,0.6451612903225806,1,0,0,1,1,0,1,-325.0,600.0,-700.0,-233.3,575.0,16007.0,14688.0,10642.0,9731.0,-0.0812144686699569,0.16339869281045752,-0.2631084382634843,-0.14387010584729215,717.8571428571429,428.57142857142856,239.8821428571429,1097.4130836610598,888.5412171112237,0.1590652103136271,0.16700851345410156,5015.257142857142,4307.2642857142855,3957.910714285714,0.10333657163115792,0.07350068822813775,0.03150485700503417,0.0,0.0,0.0,0.0055248618784530384,999.0,999.0,999.0,4.0,181.0,181.0,0,0,,0.0,0.0,0.0,0.0,0,0,999.0,14.0,0,0,-1,0.0,0.0,0.0,0.038461538461538464,66.0,-925.0,375.0,-0.2446131614804144,0.18189396959352738,1,1,0.4,0.5,0.0,0.5,0.4,0.0,0.0011049723756906078,0.5,0.6404419889502763,108,0,0,31.0,31.0,-325.0,-326.3792929292929
2026-05-21,スマート沖スロ ニューキングハナハナV,8,0.0,0.0,0.0,0.0,0.0,0.0,スマート沖スロ ニューキングハナハナV,0,1,0,0,1,3F,A,3F,A,3F_A,0.0,0.0,0.0,0.0,0.0,0.0,0.0,0.0,3,21,0.6451612903225806,1,0,0,1,1,0,0,-275.0,550.0,0.0,237.5,125.0,33454.0,46816.0,24941.0,24357.0,-0.06576194177078974,0.09398496240601503,0.0,0.07800632261772797,-133.92857142857142,-49.107142857142854,-46.42857142857143,448.0696029051948,365.3391563681947,0.11697904055742414,0.10108179804995567,3925.6,3936.600000000001,3543.0178571428573,-0.050498681341633565,-0.030585548106559588,-0.013728192935277578,0.0,0.0,0.0,0.0,999.0,999.0,999.0,999.0,91.0,91.0,0,0,91.0,0.0,0.0,0.0,0.0,0,0,999.0,999.0,0,0,7,0.0,0.0,0.0,0.0,133.0,-825.0,-275.0,-0.15974690417680476,-0.06576194177078974,1,1,0.4,0.5,0.0,0.5,0.4,0.0,0.0,0.5,0.64,109,0,0,41.0,41.0,-275.0,-258.2621848739496
2026-05-21,ハイビリターン‐30,7,0.0,0.0,0.0,0.0,0.0,0.0,ハイビリターン‐30,0,0,0,1,1,3F,A,3F,A,3F_A,0.0,0.0,0.0,0.0,0.0,0.0,0.0,0.0,3,21,0.6451612903225806,1,0,0,1,1,0,1,-471.4,542.9,-128.6,671.4,271.4,17141.0,9870.0,41805.0,24691.0,-0.19252085642611283,0.3850050658561297,-0.021528525296017224,0.19035276011502167,267.35714285714283,17.349999999999984,176.01785714285714,659.9146885700278,725.9136818255589,0.23263042600364667,0.276212857704291,2830.285714285714,3089.871428571429,3661.1142857142854,0.0922197082628582,0.008012147404055323,0.0290999493882867,0.0,0.0,0.0,0.0,999.0,999.0,999.0,999.0,28.0,28.0,0,0,,0.0,0.0,0.0,0.0,0,0,999.0,999.0,0,0,-1,0.0,0.0,0.0,0.0,97.0,-1014.3,-342.79999999999995,-0.5775259222822425,-0.1709923311300956,1,1,0.4,0.5,0.0,0.5,0.4,0.0,0.0,0.5,0.64,110,0,0,52.0,52.0,-471.4,-403.59751412429375
2026-05-21,マジカルハロウィン ボーナストリガー,1,0.0,0.0,0.0,0.0,0.0,0.0,マジカルハロウィン ボーナストリガー,0,0,0,1,1,2F,A,2F,A,2F_A,0.0,0.0,0.0,0.0,0.0,0.0,0.0,0.0,3,21,0.6451612903225806,1,0,1,0,1,0,0,-600.0,500.0,400.0,100.0,0.0,2532.0,4656.0,1072.0,203.0,-0.23696682464454977,0.10738831615120274,0.373134328358209,0.49261083743842365,-257.14285714285705,-7.142857142857175,-159.525,419.75049278169513,653.3514612122112,0.21851541881428715,0.30475421478980264,3033.0,2820.214285714286,2858.9285714285716,-0.1443031563545492,-0.09981093150783941,-0.11868493264460282,0.0,0.0,0.0,0.0,999.0,999.0,999.0,999.0,104.0,104.0,0,0,104.0,0.0,0.0,0.0,0.0,0,0,999.0,27.0,0,0,7,0.0,0.0,0.0,0.0,113.0,-1100.0,-1000.0,-0.3443551407957525,-0.6101011530027587,1,1,0.4,0.5,0.0,0.5,0.4,0.0,0.0,0.5,0.64,111,0,0,45.0,41.0,-600.0,-512.4712121212121
2026-05-21,沖ドキ!ゴージャス 30Φ,14,0.0,0.0,0.0,0.0,0.0,0.0,沖ドキ!ゴージャス 30Φ,0,0,1,0,0,3F,N,3F,N,3F_N,0.0,0.0,0.0,0.0,0.0,0.0,0.0,0.0,3,21,0.6451612903225806,1,0,0,1,0,1,1,-614.3,-407.1,-1400.0,57.1,-14.3,36295.0,23501.0,41290.0,40091.0,-0.23694723791155806,-0.24254287051614826,-0.4746912085250666,0.019954603277543587,8.15714285714286,-143.87857142857146,-150.5071428571429,558.1746168155106,688.92197858859,0.22388571649412597,0.29301316631695934,2279.6428571428573,2381.6,2562.0535714285716,-0.017975260988311547,-0.03646300224862824,-0.03474876117315514,0.0,0.0,0.0,0.0,999.0,999.0,999.0,999.0,167.0,167.0,0,0,,0.0,0.0,0.0,0.0,0,0,999.0,139.0,0,0,-1,0.0,0.0,0.0,0.0,164.0,-207.19999999999993,785.7,0.0055956326045902005,0.23774397061350852,1,1,0.4,0.5,0.0,0.5,0.4,0.0,0.0,0.5,0.64,112,0,0,45.0,45.0,-614.3,-599.4896012931034
2026-05-21,真打 吉宗,15,0.0,0.0,0.0,0.0,0.0,0.0,真打 吉宗,0,0,0,0,0,3F,N,3F,N,3F_N,0.0,0.0,0.0,0.0,0.0,0.0,0.0,0.0,3,21,0.6451612903225806,1,0,0,1,0,1,0,920.0,-113.3,-1206.7,-2880.0,-373.3,52817.0,31463.0,85075.0,64108.0,0.26127951227824375,-0.0540317197978578,-0.2127534528357332,-0.6738628564297747,59.0428571428572,-34.29285714285715,-405.0035714285714,648.2095902230562,827.8351754047194,0.20408254672403842,0.2325927223985332,3120.2285714285713,3672.6142857142854,3961.5535714285716,-0.022044611246934298,0.0021622598535323673,-0.10119181335572743,0.0,0.0,0.0,0.0,999.0,999.0,999.0,999.0,45.0,45.0,0,0,45.0,0.0,0.0,0.0,0.0,0,0,999.0,999.0,0,0,6,0.0,0.0,0.0,0.0,178.0,1033.3,2126.7,0.31531123207610157,0.47403296511397697,1,1,0.4,0.5,0.0,0.5,0.4,0.0,0.0,0.5,0.64,113,0,0,11.0,10.0,920.0,895.879077060932
2026-05-21,荒野のコトブキ飛行隊,4,0.0,0.0,0.0,0.0,0.0,0.0,荒野のコトブキ飛行隊,0,0,0,0,0,2F,N,2F,N,2F_N,0.0,0.0,0.0,0.0,0.0,0.0,0.0,0.0,3,21,0.6451612903225806,1,0,1,0,0,1,0,0.0,0.0,0.0,450.0,0.0,0.0,0.0,0.0,8838.0,0.0,0.0,0.0,0.20366598778004075,0.0,0.0,-125.0,0.0,0.0,0.0,0.0,0.0,0.0,635.8464285714286,0.0,0.0,-0.10339167305014353,0.0,0.0,0.0,0.08,999.0,999.0,999.0,30.0,50.0,50.0,0,0,50.0,0.0,0.0,0.0,0.0,0,0,999.0,999.0,0,0,6,0.0,0.0,0.0,0.0,109.0,0.0,0.0,0.0,0.0,1,1,0.0,0.5,0.0,0.5,0.0,0.0,0.016,0.5,0.0064,114,0,0,30.0,28.0,0.0,14.984444444444442
