segment,target,feature,importance_mean,importance_std,n_models
2F_A,target_is_top3,same_weekday_avg_rank_pct,3.523501869955098,0.615450940840697,60
2F_A,target_is_top3,lag_7_avg_diff_coins_rank_pct,2.9245530101223376,0.8907957305347589,60
2F_A,target_is_top3,lag_1_total_games,2.7074391483652764,0.7955225692664688,60
2F_A,target_is_top3,rolling_avg_diff_14d_vs_mean,2.217733236152085,0.7397368529383872,60
2F_A,target_is_top3,rolling_avg_efficiency_14d_rank_pct,1.9869654438976136,0.4529131631646971,60
2F_A,target_is_top3,rolling_avg_diff_14d_zscore,1.9361222385198618,0.8102391893239873,60
2F_A,target_is_top3,ewm_diff_momentum_7v21,1.83892897021161,0.5313771279519762,60
2F_A,target_is_top3,lag_14_avg_diff_coins_rank_pct,1.8101701526380594,0.48922328135284726,60
2F_A,target_is_top3,weekday_segment_top1_rate,1.802062511055098,0.4180581230337847,60
2F_A,target_is_top3,rank_pct_rolling_28d,1.6740466890066932,0.7368830850994221,60
2F_A,target_is_top3,rolling_avg_diff_14d,1.5672855931408776,0.6241541861344443,60
2F_A,target_is_top3,ewm_avg_diff_7d_rank_pct,1.4713367749093995,0.8130033705718772,60
2F_A,target_is_top3,rolling_avg_diff_14d_rank_pct,1.4357499276400398,0.4866283784302636,60
2F_A,target_is_top3,ewm_efficiency_momentum_7v21,1.3926056631851502,0.4783870729739966,60
2F_A,target_is_top3,ewm_rank_momentum_7v30,1.3796479731638962,0.47404483718817664,60
2F_A,target_is_top3,ewm_avg_diff_21d_vs_mean,1.274109758226778,0.6115141065947541,60
2F_A,target_is_top3,ewm_avg_diff_21d_rank_pct,1.1828327699509027,0.41806337939367894,60
2F_A,target_is_top3,lag_1_efficiency,1.1633231834684197,0.5470733270650848,60
2F_A,target_is_top3,lag_7_avg_diff_coins_zscore,1.1080663810216214,0.46434040762535095,60
2F_A,target_is_top3,ewm_avg_diff_7d_zscore,1.0645731105034628,0.5453261569617371,60
2F_A,target_is_top3,lag_14_avg_diff_coins_vs_mean,1.0196307787653587,0.41943072665492254,60
2F_A,target_is_top3,hall_total_games_yesterday,0.9783703393630668,0.4117471827324075,60
2F_A,target_is_top3,ewm_avg_diff_21d,0.9772633061066471,0.3838658772737455,60
2F_A,target_is_top3,lag_3_avg_diff_coins,0.9595801453180852,0.4233942845073773,60
2F_A,target_is_top3,rolling_std_diff_14d,0.9422902266975837,0.40525289178394763,60
2F_A,target_is_top3,rolling_avg_diff_28d,0.9199469344348324,0.6240235303604694,60
2F_A,target_is_top3,lag_3_avg_diff_coins_vs_mean,0.9136739046527577,0.44461672372236666,60
2F_A,target_is_top3,lag_7_efficiency,0.9078006930465217,0.37258103782666635,60
2F_A,target_is_top3,lag_1_avg_diff_coins_zscore,0.864560862769974,0.3355582530344768,60
2F_A,target_is_top3,rolling_avg_diff_7d,0.8549763351916343,0.41512145963182817,60
2F_A,target_is_top3,lag_14_efficiency,0.8474487137299864,0.5065379078854528,60
2F_A,target_is_top3,lag_21_avg_diff_coins,0.8082474796813267,0.4064662627928496,60
2F_A,target_is_top3,rolling_std_efficiency_14d,0.8073926921908614,0.34301599239577757,60
2F_A,target_is_top3,ewm_rank_30d,0.7995831286543085,0.3827305849145263,60
2F_A,target_is_top3,lag_1_avg_diff_coins_rank_pct,0.7952752466842269,0.3401071281307243,60
2F_A,target_is_top3,lag_21_efficiency,0.7885834781883125,0.32487906738174993,60
2F_A,target_is_top3,rolling_std_diff_7d,0.7789200198987217,0.4256816886443716,60
2F_A,target_is_top3,lag_3_avg_diff_coins_zscore,0.7659563373878967,0.3843555026806943,60
2F_A,target_is_top3,lag_1_efficiency_zscore,0.7605113490335839,0.384066585632902,60
2F_A,target_is_top3,rolling_avg_efficiency_14d_zscore,0.7561541850510879,0.41585898303964086,60
2F_A,target_is_top3,lag_14_avg_diff_coins,0.7549427255268489,0.3005964295718736,60
2F_A,target_is_top3,ewm_avg_diff_21d_zscore,0.7484036111414692,0.33669215943982905,60
2F_A,target_is_top3,lag_1_efficiency_vs_mean,0.7330465204017143,0.3639486524981859,60
2F_A,target_is_top3,diff_delta_1_vs_14,0.7231961159691576,0.27611035588548344,60
2F_A,target_is_top3,rolling_avg_efficiency_7d,0.717730944559113,0.406544989731391,60
2F_A,target_is_top3,ewm_efficiency_7d_zscore,0.7134923433592959,0.3522365721298728,60
2F_A,target_is_top3,rank_trend_2m_vs_3m,0.7081281822941742,0.27166847756871637,60
2F_A,target_is_top3,eff_delta_1_vs_7,0.7021497637906566,0.3521551032768248,60
2F_A,target_is_top3,lag_21_total_games,0.7018065476464584,0.33912125255363873,60
2F_A,target_is_top3,rank_pct_avg_3m,0.695689929411613,0.5054423890477063,60
2F_A,target_is_top3,rolling_avg_diff_28d_zscore,0.6922612636911991,0.3651801216314451,60
2F_A,target_is_top3,rolling_std_efficiency_7d,0.6776613106076186,0.31338020069450867,60
2F_A,target_is_top3,rolling_avg_diff_7d_rank_pct,0.6747182049034713,0.34374890476361214,60
2F_A,target_is_top3,ewm_efficiency_21d,0.6601888566694601,0.3240746512555076,60
2F_A,target_is_top3,lag_14_avg_diff_coins_zscore,0.6572776214423399,0.330629754595363,60
2F_A,target_is_top3,rolling_avg_efficiency_28d_zscore,0.6513119881051954,0.33953624834073953,60
2F_A,target_is_top3,rolling_avg_diff_7d_zscore,0.6470880615344862,0.336300447927914,60
2F_A,target_is_top3,lag_7_avg_diff_coins_vs_mean,0.6461640311361289,0.3330893636903198,60
2F_A,target_is_top3,rolling_avg_diff_7d_vs_mean,0.6453201158026588,0.33599518904769077,60
2F_A,target_is_top3,lag_7_avg_diff_coins,0.6422176675903828,0.3230440011020758,60
2F_A,target_is_top3,rank_pct_avg_2m,0.6357798648302456,0.3419772299939839,60
2F_A,target_is_top3,rolling_avg_games_7d_vs_mean,0.6322868953306724,0.28517371551651166,60
2F_A,target_is_top3,rolling_avg_efficiency_28d,0.6197791554249235,0.3310670696546504,60
2F_A,target_is_top3,rolling_avg_efficiency_14d_vs_mean,0.618455028334333,0.3260059964344428,60
2F_A,target_is_top3,lag_7_total_games,0.6165785029260179,0.26978682172989316,60
2F_A,target_is_top3,ewm_rank_7d,0.6143449231269803,0.3764358352009235,60
2F_A,target_is_top3,rank_pct_trend_7vs28,0.6139159373626709,0.32513319908140903,60
2F_A,target_is_top3,ewm_efficiency_7d_vs_mean,0.6127505196449387,0.4091071579620345,60
2F_A,target_is_top3,ewm_avg_diff_7d,0.6098088181857015,0.28778230094312907,60
2F_A,target_is_top3,rolling_avg_efficiency_7d_rank_pct,0.6032813164974482,0.2888472303000332,60
2F_A,target_is_top3,rank_trend_1m_vs_2m,0.5968591189775563,0.3674613821015172,60
2F_A,target_is_top3,ewm_avg_diff_7d_vs_mean,0.5731104266660552,0.4138163749526743,60
2F_A,target_is_top3,rolling_avg_efficiency_7d_zscore,0.5726256258302655,0.2644977560220585,60
2F_A,target_is_top3,rolling_avg_efficiency_14d,0.5678235230717801,0.2836926943593439,60
2F_A,target_is_top3,rolling_avg_diff_28d_vs_mean,0.553094527396069,0.30770007103767494,60
2F_A,target_is_top3,month_progress,0.5502300504485256,0.2975266769559656,60
2F_A,target_is_top3,lag_3_avg_diff_coins_rank_pct,0.5487682766313937,0.3120002608452599,60
2F_A,target_is_top3,rolling_avg_games_7d_zscore,0.5422945747457094,0.33425615947360376,60
2F_A,target_is_top3,days_since_last_top2,0.5382008998256518,0.22105674114817556,60
2F_A,target_is_top3,diff_delta_1_vs_7,0.5379116639680157,0.3181956662374413,60
2F_A,target_is_top3,rolling_avg_efficiency_28d_vs_mean,0.5373761583159511,0.3315796205561433,60
2F_A,target_is_top3,day_of_month,0.5213675762866395,0.3005372677759122,60
2F_A,target_is_top3,rolling_avg_games_28d,0.5120646590858368,0.29299532153444213,60
2F_A,target_is_top3,hall_diff_spread_yesterday,0.5027642585300404,0.23766778195320978,60
2F_A,target_is_top3,rolling_avg_games_7d_rank_pct,0.5014690490516842,0.2877340114993028,60
2F_A,target_is_top3,rank_pct_avg_1m,0.500755533115075,0.3732532863267362,60
2F_A,target_is_top3,hall_avg_diff_yesterday,0.4879458393454244,0.30766100419486414,60
2F_A,target_is_top3,same_weekday_top5_rate,0.48531969569311023,0.29670179344008557,60
2F_A,target_is_top3,ewm_efficiency_7d,0.48394082664520155,0.35064421696783243,60
2F_A,target_is_top3,eff_delta_1_vs_14,0.47933048357333324,0.3154400314787062,60
2F_A,target_is_top3,rolling_avg_efficiency_7d_vs_mean,0.4748426215187174,0.25198556827017843,60
2F_A,target_is_top3,rank_trend_acceleration,0.46181092379076133,0.2579799891658148,60
2F_A,target_is_top3,ewm_efficiency_7d_rank_pct,0.4540883107787261,0.27552528817695887,60
2F_A,target_is_top3,rolling_avg_games_7d,0.4497947211325446,0.29053088148390943,60
2F_A,target_is_top3,rolling_avg_diff_28d_rank_pct,0.44978953643603076,0.29568120567803424,60
2F_A,target_is_top3,prior_avg_rank_pct,0.44580993511305217,0.3461087701921311,60
2F_A,target_is_top3,lag_1_avg_diff_coins,0.44235726803940506,0.22658359883464824,60
2F_A,target_is_top3,prior_top3_confidence,0.4417166318668774,0.28510989921784136,60
2F_A,target_is_top3,prior_top5_confidence,0.4387226555741624,0.3151724347864064,60
2F_A,target_is_top3,lag_1_avg_diff_coins_vs_mean,0.43306241367956394,0.23396274276975867,60
2F_A,target_is_top3,rank_pct_rolling_7d,0.42893957027793145,0.2520369474924178,60
2F_A,target_is_top3,rank_pct_std_14d,0.4210273541524633,0.24181811042217466,60
2F_A,target_is_top3,rolling_avg_games_14d_vs_mean,0.4177420369866256,0.24147125150858162,60
2F_A,target_is_top3,prior_top5_rate,0.4173580622955227,0.2818463177322748,60
2F_A,target_is_top3,same_weekday_rolling_rank_sum_3,0.4062746320150324,0.2865084962462232,60
2F_A,target_is_top3,days_since_first_seen_raw,0.40528421370694817,0.25347937943002496,60
2F_A,target_is_top3,days_since_first_seen_effective,0.40323482577308717,0.296162582935531,60
2F_A,target_is_top3,prior_rank1_confidence,0.3987028489374994,0.24788564136313385,60
2F_A,target_is_top3,prior_rank1_rate_smooth,0.3977425240071915,0.2978114273493909,60
2F_A,target_is_top3,prior_top2_rate_smooth,0.3964275936192004,0.2991805273375065,60
2F_A,target_is_top3,prior_segment_top1_rate,0.3903702790888952,0.20153766949168997,60
2F_A,target_is_top3,prior_top2_confidence,0.3831991097247695,0.2678031751183142,60
2F_A,target_is_top3,lag_1_efficiency_rank_pct,0.38290943277969175,0.2341641265189718,60
2F_A,target_is_top3,rolling_avg_efficiency_28d_rank_pct,0.3647505930244794,0.2543117077067195,60
2F_A,target_is_top3,days_since_first_seen,0.355757355921007,0.2980837741817671,60
2F_A,target_is_top3,hall_avg_efficiency_yesterday,0.34750147835873163,0.24997794098897944,60
2F_A,target_is_top3,rolling_avg_games_14d,0.34270700199018095,0.24267276384368913,60
2F_A,target_is_top3,prior_top3_rate_smooth,0.33367888375407356,0.18937359363126716,60
2F_A,target_is_top3,prior_top5_rate_smooth,0.3269593866870595,0.2369311392051514,60
2F_A,target_is_top3,lag1_segment_rank_pct,0.3197694866826057,0.25294957761946896,60
2F_A,target_is_top3,rolling_avg_games_14d_rank_pct,0.30747181231441184,0.2541002470661606,60
2F_A,target_is_top3,lag_14_total_games,0.29294448588343636,0.2096728032917375,60
2F_A,target_is_top3,days_since_last_top5,0.2905109716028515,0.2051680697331169,60
2F_A,target_is_top3,hall_machine_type_count,0.27961841217342076,0.2654784315020381,60
2F_A,target_is_top3,event_group,0.27489425245608806,0.21093047054117747,60
2F_A,target_is_top3,rolling_avg_games_14d_zscore,0.2684075700538648,0.2105239104954307,60
2F_A,target_is_top3,day_of_week,0.26755978270364106,0.1862689200640932,60
2F_A,target_is_top3,prior_top3_rate,0.23693484253812583,0.20782584500536438,60
2F_A,target_is_top3,days_since_last_rank1,0.21737612593279718,0.1970584832047022,60
2F_A,target_is_top3,machine_count,0.2091165997458442,0.14998230124858564,60
2F_A,target_is_top3,prior_top2_rate,0.20371536526702572,0.1767138369953488,60
2F_A,target_is_top3,days_since_first_seen_bin,0.1940143728477177,0.16221250369268966,60
2F_A,target_is_top3,is_event_day,0.18299356572207606,0.13716087776126168,60
2F_A,target_is_top3,prior_rank1_rate,0.17508268537038124,0.1662799068252681,60
2F_A,target_is_top3,days_since_last_count_increase,0.16997961450043786,0.16234052103424357,60
2F_A,target_is_top3,days_since_last_top3,0.164433189773558,0.13897646091924334,60
2F_A,target_is_top3,is_thursday,0.13457772133774262,0.1964510924332998,60
2F_A,target_is_top3,same_weekday_top3_rate,0.1159080613526464,0.1025499991574296,60
2F_A,target_is_top3,same_weekday_top2_rate,0.11414424258226125,0.10513624943323961,60
2F_A,target_is_top3,days_since_last_count_decrease,0.089305810741591,0.14044878841637495,60
2F_A,target_is_top3,same_weekday_rank1_rate,0.07448038943852206,0.07683196657181296,60
2F_A,target_is_top3,rank_trend_2m_available,0.072988364717219,0.08933741508691628,60
2F_A,target_is_top3,is_month_end_event,0.051675085777807654,0.08780470979759775,60
2F_A,target_is_top3,rank_trend_1m_available,0.047301992393607925,0.0656662838817472,60
2F_A,target_is_top3,count_delta_7d,0.044477566528211755,0.061709192700113116,60
2F_A,target_is_top3,count_delta_7d_bin,0.04186396480859798,0.061973821984425914,60
2F_A,target_is_top3,count_delta_14d,0.04076737955315858,0.053399877053002545,60
2F_A,target_is_top3,count_delta_3d,0.011369103791372894,0.015363459060721564,60
2F_A,target_is_top3,count_delta_1d_bin,0.009571274676838538,0.01513245938707893,60
2F_A,target_is_top3,count_delta_1d,0.006916707657930624,0.008139012101466642,60
2F_A,target_is_top3,count_decrease_flag,0.0045959183522229306,0.012612408801148393,60
2F_A,target_is_top3,new_machine_flag_effective,0.0010863385507849062,0.004338305814476972,60
2F_A,target_is_top3,count_increase_flag,0.0008133100319576571,0.0019939797819103025,60
2F_A,target_is_top3,new_machine_flag_raw,0.0005213346772667483,0.003046607763175823,60
2F_A,target_is_top3,atype_is_a,0.0,0.0,60
2F_A,target_is_top3,atype_is_n,0.0,0.0,60
2F_A,target_is_top3,bt_flag,0.0,0.0,60
2F_A,target_is_top3,floor_is_2f,0.0,0.0,60
2F_A,target_is_top3,floor_is_3f,0.0,0.0,60
2F_A,target_is_top3,hana_flag,0.0,0.0,60
2F_A,target_is_top3,is_a_type,0.0,0.0,60
2F_A,target_is_top3,is_left_censored,0.0,0.0,60
2F_A,target_is_top3,jug_flag,0.0,0.0,60
2F_A,target_is_top3,oki_flag,0.0,0.0,60
2F_A,target_is_top5,same_weekday_rolling_rank_sum_3,3.087758994512511,0.8716983679294555,60
2F_A,target_is_top5,rank_pct_avg_2m,2.074766363751616,0.5907605338022146,60
2F_A,target_is_top5,same_weekday_avg_rank_pct,1.9441879325180047,0.46374625397395647,60
2F_A,target_is_top5,ewm_rank_momentum_7v30,1.8093863996624082,0.5235367317266588,60
2F_A,target_is_top5,rolling_avg_diff_14d_vs_mean,1.7805909192331717,0.6095765846262908,60
2F_A,target_is_top5,ewm_efficiency_momentum_7v21,1.6110328313071538,0.6621874628726143,60
2F_A,target_is_top5,ewm_diff_momentum_7v21,1.582924495366838,0.4591176908785079,60
2F_A,target_is_top5,lag_1_total_games,1.5503708507235332,0.5384408850660227,60
2F_A,target_is_top5,rolling_avg_efficiency_14d_zscore,1.5113260016410195,0.6742669493894945,60
2F_A,target_is_top5,rolling_avg_efficiency_14d_rank_pct,1.4909548283421172,0.4402153636797102,60
2F_A,target_is_top5,rolling_avg_diff_14d_zscore,1.4144339154098136,0.5336211499809644,60
2F_A,target_is_top5,prior_rank1_rate_smooth,1.412003993679879,0.8419702671283944,60
2F_A,target_is_top5,rolling_std_diff_7d,1.3910749176114015,0.8187519934195137,60
2F_A,target_is_top5,rolling_avg_diff_14d_rank_pct,1.37781924559905,0.48918513087521565,60
2F_A,target_is_top5,rank_pct_rolling_28d,1.3526467726911402,0.6189339831471828,60
2F_A,target_is_top5,rank_pct_std_14d,1.3185270479433437,0.41924196612563447,60
2F_A,target_is_top5,diff_delta_1_vs_7,1.309588797886834,0.5362427318165514,60
2F_A,target_is_top5,prior_top2_rate_smooth,1.2698089785276474,0.6467350907844308,60
2F_A,target_is_top5,rank_pct_trend_7vs28,1.2049684697056586,0.408015447515884,60
2F_A,target_is_top5,ewm_efficiency_7d_zscore,1.160745859829801,0.67534131390745,60
2F_A,target_is_top5,rolling_avg_efficiency_14d,1.1565256454316848,0.4687020577582348,60
2F_A,target_is_top5,rolling_avg_diff_14d,1.1170135361577413,0.4964961238277038,60
2F_A,target_is_top5,rolling_avg_efficiency_7d_zscore,1.1072368278697104,0.4161409548691745,60
2F_A,target_is_top5,rank_trend_1m_vs_2m,1.1051950122299508,0.5352937814353131,60
2F_A,target_is_top5,lag_7_avg_diff_coins_rank_pct,1.0753343654547343,0.3571836445241245,60
2F_A,target_is_top5,rolling_std_efficiency_7d,1.0422295046322134,0.5037755179200935,60
2F_A,target_is_top5,rolling_avg_efficiency_14d_vs_mean,1.0371746559843267,0.46959257143961325,60
2F_A,target_is_top5,ewm_rank_30d,1.0122585889005227,0.43632675326404324,60
2F_A,target_is_top5,ewm_avg_diff_21d_vs_mean,1.0073929076927188,0.49465368779351965,60
2F_A,target_is_top5,rank_trend_acceleration,0.996820070313316,0.4827400629590681,60
2F_A,target_is_top5,prior_top5_rate_smooth,0.9817818610749419,0.48000622563585127,60
2F_A,target_is_top5,lag_14_avg_diff_coins_zscore,0.9740410068830697,0.481791218378315,60
2F_A,target_is_top5,prior_top3_rate_smooth,0.9693022714806347,0.3190780006076026,60
2F_A,target_is_top5,lag_7_avg_diff_coins,0.9685801803279569,0.36064039926100716,60
2F_A,target_is_top5,ewm_avg_diff_21d_rank_pct,0.9629446515918538,0.42646411128944184,60
2F_A,target_is_top5,lag_7_avg_diff_coins_vs_mean,0.9512528976828027,0.33103560825560036,60
2F_A,target_is_top5,lag_1_avg_diff_coins_zscore,0.9114028260139494,0.4630988311837934,60
2F_A,target_is_top5,prior_top2_confidence,0.9095895670998573,0.45382274614279655,60
2F_A,target_is_top5,lag_14_avg_diff_coins_rank_pct,0.908403446826968,0.44357182754313723,60
2F_A,target_is_top5,prior_top5_confidence,0.8946608488851644,0.37286627215413337,60
2F_A,target_is_top5,days_since_first_seen_raw,0.8830899362939423,0.38668573920196403,60
2F_A,target_is_top5,lag_3_avg_diff_coins_zscore,0.8476668668343529,0.37996699782783283,60
2F_A,target_is_top5,prior_rank1_confidence,0.8278307311705276,0.36582222716393115,60
2F_A,target_is_top5,lag_14_avg_diff_coins_vs_mean,0.8266323274749141,0.49428153437352634,60
2F_A,target_is_top5,prior_avg_rank_pct,0.8246041747266785,0.4465067226813866,60
2F_A,target_is_top5,ewm_efficiency_7d_vs_mean,0.8235651428931577,0.39004628421141746,60
2F_A,target_is_top5,ewm_avg_diff_21d,0.8163756588324946,0.3213206779669087,60
2F_A,target_is_top5,prior_top3_confidence,0.8105191008255375,0.3334903325439421,60
2F_A,target_is_top5,ewm_efficiency_7d_rank_pct,0.7579188182782068,0.4733492574121505,60
2F_A,target_is_top5,days_since_first_seen_effective,0.7555960810598407,0.45139373116208187,60
2F_A,target_is_top5,lag_1_avg_diff_coins_rank_pct,0.7553342054679031,0.4862053463427939,60
2F_A,target_is_top5,lag_7_efficiency,0.7480127256140483,0.3437406079868394,60
2F_A,target_is_top5,days_since_first_seen_bin,0.7426220995472163,0.3806542638799825,60
2F_A,target_is_top5,ewm_avg_diff_21d_zscore,0.7405768756696549,0.39133159948945817,60
2F_A,target_is_top5,days_since_last_top3,0.7359970151220553,0.28497518135148975,60
2F_A,target_is_top5,lag_7_avg_diff_coins_zscore,0.7358763701929141,0.2887138290508464,60
2F_A,target_is_top5,lag_1_avg_diff_coins_vs_mean,0.7267280161469867,0.3470624322535127,60
2F_A,target_is_top5,hall_total_games_yesterday,0.7136018267344006,0.38468191739130303,60
2F_A,target_is_top5,lag_3_avg_diff_coins_rank_pct,0.7050215766081389,0.3182983464691447,60
2F_A,target_is_top5,lag_1_avg_diff_coins,0.6966119284561058,0.37829037078179584,60
2F_A,target_is_top5,eff_delta_1_vs_7,0.6904581780735511,0.334400822356845,60
2F_A,target_is_top5,days_since_first_seen,0.6787224441931394,0.36925881337412886,60
2F_A,target_is_top5,lag_21_efficiency,0.6720026241300611,0.40891885030869185,60
2F_A,target_is_top5,lag_3_avg_diff_coins,0.6661826142691752,0.30201905433031456,60
2F_A,target_is_top5,ewm_rank_7d,0.6655339765628691,0.3019975795289218,60
2F_A,target_is_top5,ewm_avg_diff_7d_zscore,0.6575638370061465,0.3934091801526436,60
2F_A,target_is_top5,lag_14_avg_diff_coins,0.6565800897360684,0.28928424473666936,60
2F_A,target_is_top5,lag_21_total_games,0.6475160133916127,0.40920586525245434,60
2F_A,target_is_top5,rank_trend_2m_vs_3m,0.6460842609424318,0.3776394742728525,60
2F_A,target_is_top5,lag_3_avg_diff_coins_vs_mean,0.6236401223079379,0.3163129309632927,60
2F_A,target_is_top5,rolling_avg_diff_28d,0.6143803056350396,0.3861860601398206,60
2F_A,target_is_top5,lag_14_total_games,0.6135676188032783,0.3276127798839663,60
2F_A,target_is_top5,diff_delta_1_vs_14,0.5976614065220097,0.3050823296935934,60
2F_A,target_is_top5,month_progress,0.5763096001124886,0.48566192567698796,60
2F_A,target_is_top5,lag_14_efficiency,0.570151111166905,0.3336675230819803,60
2F_A,target_is_top5,rolling_avg_diff_7d,0.5693445899719703,0.2774705596828669,60
2F_A,target_is_top5,rolling_avg_diff_28d_vs_mean,0.5610632530403179,0.3480488481762646,60
2F_A,target_is_top5,hall_avg_diff_yesterday,0.530731139330958,0.3201364297913754,60
2F_A,target_is_top5,lag_1_efficiency,0.5269586442603859,0.27378560742987024,60
2F_A,target_is_top5,rolling_avg_games_7d,0.5243307424232044,0.29495689041270706,60
2F_A,target_is_top5,ewm_avg_diff_7d_rank_pct,0.5234804696124921,0.27971564242558394,60
2F_A,target_is_top5,rolling_avg_efficiency_7d_rank_pct,0.5218487118420093,0.2329405755466327,60
2F_A,target_is_top5,ewm_efficiency_7d,0.5209984951303924,0.29931665935731283,60
2F_A,target_is_top5,rolling_avg_diff_28d_zscore,0.5132884248138244,0.2764419661471218,60
2F_A,target_is_top5,lag_7_total_games,0.5116929182701001,0.29587150262440404,60
2F_A,target_is_top5,ewm_efficiency_21d,0.5054357900585288,0.3031939127232547,60
2F_A,target_is_top5,same_weekday_top5_rate,0.4891246011789958,0.33651793196751156,60
2F_A,target_is_top5,eff_delta_1_vs_14,0.48524646513637515,0.26697873448915416,60
2F_A,target_is_top5,rolling_avg_efficiency_7d_vs_mean,0.47134782483669097,0.28680997276589854,60
2F_A,target_is_top5,day_of_month,0.4578642748377562,0.26388794119385445,60
2F_A,target_is_top5,rolling_avg_diff_28d_rank_pct,0.4562538906886268,0.28813305123245225,60
2F_A,target_is_top5,rolling_avg_efficiency_7d,0.4397432542961976,0.30421787621654645,60
2F_A,target_is_top5,rolling_std_efficiency_14d,0.43775820996245807,0.2531775627865706,60
2F_A,target_is_top5,rolling_avg_games_7d_rank_pct,0.4319770633414595,0.21337876233727818,60
2F_A,target_is_top5,rolling_avg_efficiency_28d_zscore,0.42724817712692376,0.21938685412988151,60
2F_A,target_is_top5,lag_1_efficiency_zscore,0.42714636181920795,0.2245035816698462,60
2F_A,target_is_top5,rolling_avg_diff_7d_rank_pct,0.42480841467161456,0.22760987315080627,60
2F_A,target_is_top5,lag_21_avg_diff_coins,0.42260131816703034,0.30214183401321004,60
2F_A,target_is_top5,rolling_avg_diff_7d_zscore,0.41915311303184866,0.2416359858790108,60
2F_A,target_is_top5,ewm_avg_diff_7d_vs_mean,0.4165466467426614,0.23774415204621066,60
2F_A,target_is_top5,days_since_last_top5,0.4029240278653193,0.26377033765795316,60
2F_A,target_is_top5,weekday_segment_top1_rate,0.3995522529359506,0.21753494498722928,60
2F_A,target_is_top5,rolling_std_diff_14d,0.392773981758282,0.18849373049585616,60
2F_A,target_is_top5,rank_pct_avg_1m,0.3912030761562017,0.26027902907200445,60
2F_A,target_is_top5,rolling_avg_diff_7d_vs_mean,0.3852620515507152,0.23937695783269353,60
2F_A,target_is_top5,rolling_avg_games_7d_vs_mean,0.3831906224654555,0.25943834810592653,60
2F_A,target_is_top5,prior_segment_top1_rate,0.3721343165427215,0.19705825196751875,60
2F_A,target_is_top5,ewm_avg_diff_7d,0.37000603371064394,0.22302793081354264,60
2F_A,target_is_top5,rolling_avg_games_14d_vs_mean,0.3649079899877278,0.24881059571662348,60
2F_A,target_is_top5,lag_1_efficiency_rank_pct,0.357682333820953,0.1875495926279212,60
2F_A,target_is_top5,lag1_segment_rank_pct,0.3537696988949225,0.2934641191686915,60
2F_A,target_is_top5,rolling_avg_efficiency_28d_rank_pct,0.35085327323310095,0.2560693227572676,60
2F_A,target_is_top5,hall_diff_spread_yesterday,0.345651178570127,0.2504847309106295,60
2F_A,target_is_top5,lag_1_efficiency_vs_mean,0.33894213833631076,0.19471362298287578,60
2F_A,target_is_top5,rolling_avg_games_7d_zscore,0.33417333247198194,0.20607927951182503,60
2F_A,target_is_top5,rolling_avg_games_14d_zscore,0.3288838982513467,0.2605276380540463,60
2F_A,target_is_top5,hall_machine_type_count,0.3180479992462919,0.2976087017897381,60
2F_A,target_is_top5,rank_pct_avg_3m,0.3091842998726277,0.1833406570466603,60
2F_A,target_is_top5,rolling_avg_efficiency_28d,0.3020071208854036,0.19161185299234335,60
2F_A,target_is_top5,rolling_avg_games_28d,0.30089610389178845,0.191456896247009,60
2F_A,target_is_top5,same_weekday_top3_rate,0.2984754085184491,0.21311649182805723,60
2F_A,target_is_top5,rolling_avg_efficiency_28d_vs_mean,0.2984045588913792,0.2239877088954003,60
2F_A,target_is_top5,hall_avg_efficiency_yesterday,0.28689830697653895,0.2029684868810715,60
2F_A,target_is_top5,rolling_avg_games_14d,0.28537300323942655,0.20137280272056748,60
2F_A,target_is_top5,prior_top5_rate,0.2747182305124811,0.22551489645602127,60
2F_A,target_is_top5,rolling_avg_games_14d_rank_pct,0.27023610257084313,0.2181762972065192,60
2F_A,target_is_top5,rank_pct_rolling_7d,0.2214444629406964,0.20319876470642498,60
2F_A,target_is_top5,event_group,0.20242401485057354,0.16356718153797697,60
2F_A,target_is_top5,day_of_week,0.19630992490340873,0.1587758293916738,60
2F_A,target_is_top5,days_since_last_count_decrease,0.18165652584771755,0.1655929252861933,60
2F_A,target_is_top5,prior_top3_rate,0.17078700576088277,0.15417091419910195,60
2F_A,target_is_top5,machine_count,0.1601432896343307,0.19094546998684317,60
2F_A,target_is_top5,same_weekday_top2_rate,0.13802020357785824,0.10726212884056106,60
2F_A,target_is_top5,same_weekday_rank1_rate,0.12245706500931483,0.09595941277102367,60
2F_A,target_is_top5,is_event_day,0.12108433616091535,0.11942736512447263,60
2F_A,target_is_top5,prior_rank1_rate,0.11631203900821523,0.1087465085602085,60
2F_A,target_is_top5,prior_top2_rate,0.11153425696102356,0.13008794833146867,60
2F_A,target_is_top5,count_delta_14d,0.09629684271312368,0.11349002351447758,60
2F_A,target_is_top5,days_since_last_rank1,0.0935766722104934,0.09697981995348186,60
2F_A,target_is_top5,count_delta_3d,0.07483090138385498,0.05318756222311144,60
2F_A,target_is_top5,days_since_last_top2,0.06861686508799304,0.07782911163797836,60
2F_A,target_is_top5,is_thursday,0.06431695985837885,0.07998292064123423,60
2F_A,target_is_top5,days_since_last_count_increase,0.058017443075415266,0.08297107253676779,60
2F_A,target_is_top5,count_delta_7d,0.046724687015501004,0.06373160736471481,60
2F_A,target_is_top5,count_delta_7d_bin,0.03881989540388956,0.04831773132109204,60
2F_A,target_is_top5,is_month_end_event,0.02868541862925155,0.05598775889641879,60
2F_A,target_is_top5,rank_trend_1m_available,0.014375076474917413,0.035281423397186394,60
2F_A,target_is_top5,rank_trend_2m_available,0.0128498608100089,0.03386974334410092,60
2F_A,target_is_top5,new_machine_flag_raw,0.01106314889322802,0.033172591267272025,60
2F_A,target_is_top5,count_delta_1d_bin,0.007511752445874423,0.008931071299812823,60
2F_A,target_is_top5,new_machine_flag_effective,0.007040974726513241,0.017731311480451716,60
2F_A,target_is_top5,count_delta_1d,0.005294204894868369,0.005976387766517363,60
2F_A,target_is_top5,count_increase_flag,0.001683574205711194,0.003881403260935826,60
2F_A,target_is_top5,count_decrease_flag,0.0013844924881710112,0.0034508849498595877,60
2F_A,target_is_top5,atype_is_a,0.0,0.0,60
2F_A,target_is_top5,atype_is_n,0.0,0.0,60
2F_A,target_is_top5,bt_flag,0.0,0.0,60
2F_A,target_is_top5,floor_is_2f,0.0,0.0,60
2F_A,target_is_top5,floor_is_3f,0.0,0.0,60
2F_A,target_is_top5,hana_flag,0.0,0.0,60
2F_A,target_is_top5,is_a_type,0.0,0.0,60
2F_A,target_is_top5,is_left_censored,0.0,0.0,60
2F_A,target_is_top5,jug_flag,0.0,0.0,60
2F_A,target_is_top5,oki_flag,0.0,0.0,60
2F_N,target_is_top3,lag_21_avg_diff_coins,6.293464210499266,1.5418456684474113,60
2F_N,target_is_top3,prior_top2_rate_smooth,2.2385344968407006,0.8561218284411045,60
2F_N,target_is_top3,lag_21_efficiency,1.8103777055312862,0.7612652333988116,60
2F_N,target_is_top3,rolling_avg_games_7d,1.500288043973056,0.5817288673724572,60
2F_N,target_is_top3,lag_14_avg_diff_coins_rank_pct,1.428477611801608,0.7293237965173361,60
2F_N,target_is_top3,lag_1_efficiency_vs_mean,1.3774936202888202,0.5788955821274832,60
2F_N,target_is_top3,ewm_rank_momentum_7v30,1.3686568969421635,0.5090729079182613,60
2F_N,target_is_top3,prior_segment_top1_rate,1.3609085630194024,0.6680250155561813,60
2F_N,target_is_top3,day_of_week,1.3422428856610789,0.800870859211496,60
2F_N,target_is_top3,rolling_avg_games_7d_vs_mean,1.321759782102285,0.7400438550383083,60
2F_N,target_is_top3,rolling_avg_diff_7d_rank_pct,1.307162277852711,0.6557331409276492,60
2F_N,target_is_top3,rank_pct_avg_3m,1.2876187042650429,0.38632261635787435,60
2F_N,target_is_top3,rolling_avg_games_14d_vs_mean,1.2122472034062355,0.6344144804880821,60
2F_N,target_is_top3,rolling_std_diff_7d,1.1968132376351053,0.6092828222215572,60
2F_N,target_is_top3,hall_avg_efficiency_yesterday,1.1739854249250046,0.42742347685686743,60
2F_N,target_is_top3,lag_14_avg_diff_coins_zscore,1.131423887666768,0.43042152209099377,60
2F_N,target_is_top3,lag_1_efficiency,1.1082864081633772,0.49215280339888456,60
2F_N,target_is_top3,lag_14_avg_diff_coins,1.1018129539106782,0.3747509297727243,60
2F_N,target_is_top3,lag_1_avg_diff_coins,1.0823687463443774,0.4879675960040083,60
2F_N,target_is_top3,same_weekday_rolling_rank_sum_3,1.0800515108703312,0.3844212101298057,60
2F_N,target_is_top3,lag_14_efficiency,1.0458903342919514,0.5288347218611611,60
2F_N,target_is_top3,rolling_avg_games_14d_zscore,1.033227164592901,0.5427993164360531,60
2F_N,target_is_top3,rolling_avg_games_14d,1.010527973517084,0.4585037431184686,60
2F_N,target_is_top3,lag_3_avg_diff_coins,1.0068606732223573,0.5204386016004445,60
2F_N,target_is_top3,rolling_avg_games_28d,0.9813927391322096,0.627567123073399,60
2F_N,target_is_top3,lag_1_efficiency_zscore,0.9603022890563732,0.570783211889423,60
2F_N,target_is_top3,hall_avg_diff_yesterday,0.9415752354000345,0.3756735270336081,60
2F_N,target_is_top3,lag_1_total_games,0.9217432927198294,0.6734192796768673,60
2F_N,target_is_top3,rolling_avg_games_7d_zscore,0.8859702461160652,0.43827861482567826,60
2F_N,target_is_top3,ewm_avg_diff_21d_zscore,0.8802945451703217,0.3383010191957207,60
2F_N,target_is_top3,ewm_avg_diff_7d_vs_mean,0.8791488310085074,0.6482583820525661,60
2F_N,target_is_top3,lag_14_avg_diff_coins_vs_mean,0.8637789909732764,0.5028864927435558,60
2F_N,target_is_top3,rolling_avg_efficiency_7d_vs_mean,0.8606076283701053,0.6194404087754409,60
2F_N,target_is_top3,rolling_avg_games_7d_rank_pct,0.8395261625798333,0.49806593282291794,60
2F_N,target_is_top3,lag_7_avg_diff_coins,0.8222417414471287,0.3831709043574681,60
2F_N,target_is_top3,lag_1_efficiency_rank_pct,0.8200666870830051,0.40761472702279195,60
2F_N,target_is_top3,prior_top2_rate,0.816436494918648,0.40714118859968207,60
2F_N,target_is_top3,lag_7_efficiency,0.79679697742397,0.5221502201435604,60
2F_N,target_is_top3,prior_top3_rate_smooth,0.7947112058564507,0.37095232127460986,60
2F_N,target_is_top3,eff_delta_1_vs_14,0.7860910995347404,0.6441507466930709,60
2F_N,target_is_top3,rank_pct_rolling_28d,0.7592772013687611,0.3631943487937812,60
2F_N,target_is_top3,rolling_avg_efficiency_7d,0.7526386217532509,0.45606172559275054,60
2F_N,target_is_top3,ewm_avg_diff_7d_zscore,0.7467162100761154,0.42065742759591745,60
2F_N,target_is_top3,rank_pct_rolling_7d,0.7462116299837708,0.39543350874505956,60
2F_N,target_is_top3,prior_top5_rate_smooth,0.73744156250214,0.4048067256077204,60
2F_N,target_is_top3,prior_top5_rate,0.7248986421390039,0.4209086685768882,60
2F_N,target_is_top3,rolling_avg_efficiency_14d_zscore,0.7236787123774456,0.38251315224610744,60
2F_N,target_is_top3,lag_3_avg_diff_coins_vs_mean,0.720495451079653,0.3827614312199367,60
2F_N,target_is_top3,rolling_avg_games_14d_rank_pct,0.717632583919747,0.35947736574519895,60
2F_N,target_is_top3,rolling_avg_efficiency_7d_rank_pct,0.7097791699873899,0.43911193248725455,60
2F_N,target_is_top3,ewm_avg_diff_7d,0.6843221223183688,0.3805420810293577,60
2F_N,target_is_top3,prior_top3_rate,0.6819775236676067,0.34773537622286627,60
2F_N,target_is_top3,rolling_avg_diff_28d_rank_pct,0.6709826576615021,0.43435771865614375,60
2F_N,target_is_top3,lag_1_avg_diff_coins_rank_pct,0.6699224778653851,0.3040627119785897,60
2F_N,target_is_top3,days_since_first_seen_raw,0.6673734248488327,0.29668102233750426,60
2F_N,target_is_top3,rolling_std_diff_14d,0.6638273285781584,0.36634450682222786,60
2F_N,target_is_top3,lag_1_avg_diff_coins_zscore,0.6487805315498839,0.38707884498088124,60
2F_N,target_is_top3,prior_avg_rank_pct,0.6452086282319621,0.32958665124025777,60
2F_N,target_is_top3,rank_pct_trend_7vs28,0.6435016845601772,0.34340689066142005,60
2F_N,target_is_top3,rolling_avg_efficiency_14d_vs_mean,0.6389217231744745,0.4000879625477183,60
2F_N,target_is_top3,rolling_avg_diff_14d,0.6380258065860522,0.3355672653786743,60
2F_N,target_is_top3,hall_total_games_yesterday,0.6369879090549143,0.3728716094739128,60
2F_N,target_is_top3,rolling_std_efficiency_14d,0.6305438837496683,0.2699271116158519,60
2F_N,target_is_top3,lag_7_avg_diff_coins_zscore,0.6239037669057,0.2685502499445484,60
2F_N,target_is_top3,lag_7_total_games,0.6230141447457086,0.38987274549232287,60
2F_N,target_is_top3,ewm_rank_7d,0.6214842481898868,0.36115420083683675,60
2F_N,target_is_top3,ewm_efficiency_7d_vs_mean,0.6098447238730443,0.5057185400815692,60
2F_N,target_is_top3,rolling_avg_diff_7d_vs_mean,0.605588636021063,0.33220562926204805,60
2F_N,target_is_top3,month_progress,0.5925292711728631,0.2885980670305057,60
2F_N,target_is_top3,ewm_efficiency_7d,0.5862835621381726,0.43686719494599585,60
2F_N,target_is_top3,rolling_avg_diff_14d_rank_pct,0.5838698223559982,0.40973979235314667,60
2F_N,target_is_top3,lag_3_avg_diff_coins_rank_pct,0.5792777401912181,0.31322031517374305,60
2F_N,target_is_top3,lag_7_avg_diff_coins_rank_pct,0.5765931547913072,0.40171296466174167,60
2F_N,target_is_top3,rolling_avg_diff_7d_zscore,0.567936663197477,0.37712706030417825,60
2F_N,target_is_top3,ewm_efficiency_7d_rank_pct,0.5671350389631444,0.2979496063182582,60
2F_N,target_is_top3,rank_trend_1m_vs_2m,0.5609682020305644,0.33781449520328716,60
2F_N,target_is_top3,lag_3_avg_diff_coins_zscore,0.555566213541253,0.3230804756880847,60
2F_N,target_is_top3,eff_delta_1_vs_7,0.5555319582201197,0.33567727563040195,60
2F_N,target_is_top3,lag_7_avg_diff_coins_vs_mean,0.5512209732772331,0.31279978165612654,60
2F_N,target_is_top3,hall_diff_spread_yesterday,0.5412422352362128,0.34220959298032466,60
2F_N,target_is_top3,prior_top5_confidence,0.5377817839682181,0.36137633369502276,60
2F_N,target_is_top3,rolling_avg_efficiency_14d_rank_pct,0.5299678885166862,0.36315893445800296,60
2F_N,target_is_top3,rank_pct_std_14d,0.5278308867812752,0.2385188563207405,60
2F_N,target_is_top3,lag1_segment_rank_pct,0.5219411688415279,0.31762214202884953,60
2F_N,target_is_top3,same_weekday_top5_rate,0.519106860943335,0.43737211966078926,60
2F_N,target_is_top3,rolling_avg_diff_28d_zscore,0.518876811338696,0.32353187774536524,60
2F_N,target_is_top3,prior_top3_confidence,0.5106792990167636,0.3072926401609644,60
2F_N,target_is_top3,days_since_first_seen_effective,0.5075437281657752,0.2927180284073633,60
2F_N,target_is_top3,rolling_avg_efficiency_28d_zscore,0.5049220930527004,0.3982373328952493,60
2F_N,target_is_top3,rank_pct_avg_1m,0.5049220034961944,0.3230613484209838,60
2F_N,target_is_top3,day_of_month,0.5013671387507147,0.30357876594599226,60
2F_N,target_is_top3,lag_21_total_games,0.49060894033034014,0.2501307883844504,60
2F_N,target_is_top3,rolling_avg_diff_14d_zscore,0.4899748219682934,0.29589724903981685,60
2F_N,target_is_top3,days_since_first_seen,0.4851515514097755,0.2670856975168133,60
2F_N,target_is_top3,rolling_avg_diff_28d,0.4838775634387405,0.23158177171198582,60
2F_N,target_is_top3,ewm_rank_30d,0.4797852664815872,0.368092244180307,60
2F_N,target_is_top3,rank_trend_acceleration,0.46878783831726284,0.2721555906811033,60
2F_N,target_is_top3,lag_14_total_games,0.4669824346298325,0.21448752458228532,60
2F_N,target_is_top3,ewm_diff_momentum_7v21,0.464792236978879,0.3374088587367917,60
2F_N,target_is_top3,days_since_last_count_increase,0.4620686966131153,0.42206716528757127,60
2F_N,target_is_top3,days_since_last_rank1,0.46196941283561155,0.3206848882058789,60
2F_N,target_is_top3,prior_top2_confidence,0.45694857663537786,0.23139524577922344,60
2F_N,target_is_top3,prior_rank1_rate_smooth,0.4506564127029565,0.20263273448105024,60
2F_N,target_is_top3,ewm_avg_diff_7d_rank_pct,0.44865722713154127,0.3825523250122715,60
2F_N,target_is_top3,rolling_avg_diff_7d,0.4442334908269319,0.28763933917225387,60
2F_N,target_is_top3,rolling_std_efficiency_7d,0.44405405745239773,0.2806332333497303,60
2F_N,target_is_top3,lag_1_avg_diff_coins_vs_mean,0.44392337156022255,0.234763550847751,60
2F_N,target_is_top3,rolling_avg_diff_28d_vs_mean,0.43926726502236746,0.304496602350398,60
2F_N,target_is_top3,ewm_efficiency_7d_zscore,0.43489856461296283,0.2683986786309713,60
2F_N,target_is_top3,prior_rank1_confidence,0.4279459996479292,0.2577871500636247,60
2F_N,target_is_top3,rolling_avg_efficiency_14d,0.41715875655429563,0.29845501896310705,60
2F_N,target_is_top3,days_since_last_top2,0.41642987532819753,0.330482768765221,60
2F_N,target_is_top3,ewm_avg_diff_21d_rank_pct,0.4099156553068831,0.32403403179965196,60
2F_N,target_is_top3,rolling_avg_diff_14d_vs_mean,0.4049656195673374,0.2859317487918737,60
2F_N,target_is_top3,prior_rank1_rate,0.3989528797470105,0.2625921183574824,60
2F_N,target_is_top3,diff_delta_1_vs_14,0.3939808327062181,0.2855670216658527,60
2F_N,target_is_top3,same_weekday_avg_rank_pct,0.39151581583750455,0.22575941516397924,60
2F_N,target_is_top3,rolling_avg_efficiency_28d_vs_mean,0.389428155036252,0.28015887876963835,60
2F_N,target_is_top3,ewm_avg_diff_21d,0.389047704951658,0.24550150902262596,60
2F_N,target_is_top3,diff_delta_1_vs_7,0.377538659504281,0.21250052364467206,60
2F_N,target_is_top3,rolling_avg_efficiency_28d,0.37507438325463466,0.22137945189830652,60
2F_N,target_is_top3,rolling_avg_efficiency_7d_zscore,0.36373243416425693,0.19676733041507988,60
2F_N,target_is_top3,machine_count,0.3532891804203031,0.3063479201635379,60
2F_N,target_is_top3,ewm_efficiency_21d,0.35314839553707184,0.23636933416290046,60
2F_N,target_is_top3,ewm_avg_diff_21d_vs_mean,0.3388056304021612,0.2176674056274123,60
2F_N,target_is_top3,rolling_avg_efficiency_28d_rank_pct,0.32607524672575444,0.22827690113830998,60
2F_N,target_is_top3,rank_trend_2m_vs_3m,0.31850193351072315,0.2696490794618643,60
2F_N,target_is_top3,same_weekday_top2_rate,0.3025531288168867,0.3229293490933043,60
2F_N,target_is_top3,days_since_last_top3,0.30212255027491264,0.23565540989867148,60
2F_N,target_is_top3,ewm_efficiency_momentum_7v21,0.28746205544512565,0.23969873477765666,60
2F_N,target_is_top3,days_since_last_top5,0.26163734760312046,0.21204762912345068,60
2F_N,target_is_top3,rank_pct_avg_2m,0.25028710014581385,0.19875668352631304,60
2F_N,target_is_top3,weekday_segment_top1_rate,0.23551385242117986,0.22875231207402097,60
2F_N,target_is_top3,days_since_last_count_decrease,0.23381690169121921,0.1908468422262954,60
2F_N,target_is_top3,hall_machine_type_count,0.22246446606463674,0.20528617536396324,60
2F_N,target_is_top3,event_group,0.2161605016542732,0.19685512490287244,60
2F_N,target_is_top3,same_weekday_top3_rate,0.19230858283716817,0.16567403357441543,60
2F_N,target_is_top3,same_weekday_rank1_rate,0.1761176012255205,0.18741283446742363,60
2F_N,target_is_top3,days_since_first_seen_bin,0.16400358932117629,0.13927940327012614,60
2F_N,target_is_top3,is_event_day,0.13592856506466566,0.14273996098086933,60
2F_N,target_is_top3,is_month_end_event,0.1183817891597228,0.12687562998643653,60
2F_N,target_is_top3,count_delta_3d,0.10987945250803755,0.15155057997323507,60
2F_N,target_is_top3,count_delta_14d,0.09620249493023958,0.09382352896877866,60
2F_N,target_is_top3,rank_trend_2m_available,0.0952349301383058,0.12222231991690094,60
2F_N,target_is_top3,count_delta_7d_bin,0.0710393742522568,0.0867073406007208,60
2F_N,target_is_top3,count_delta_7d,0.07069691189971834,0.09917517933479766,60
2F_N,target_is_top3,is_thursday,0.06976908386669979,0.1147892837073634,60
2F_N,target_is_top3,count_delta_1d_bin,0.02956533222504198,0.015499966349928798,60
2F_N,target_is_top3,count_delta_1d,0.028295090720468204,0.01563688261378147,60
2F_N,target_is_top3,new_machine_flag_raw,0.02024641629561842,0.03397994994623669,60
2F_N,target_is_top3,rank_trend_1m_available,0.019997670625962992,0.040634917459995396,60
2F_N,target_is_top3,count_decrease_flag,0.005774147190447112,0.008387499876473255,60
2F_N,target_is_top3,count_increase_flag,0.002605772057578082,0.005046574944506645,60
2F_N,target_is_top3,new_machine_flag_effective,0.0025504155423248815,0.008831821840317527,60
2F_N,target_is_top3,atype_is_a,0.0,0.0,60
2F_N,target_is_top3,atype_is_n,0.0,0.0,60
2F_N,target_is_top3,bt_flag,0.0,0.0,60
2F_N,target_is_top3,floor_is_2f,0.0,0.0,60
2F_N,target_is_top3,floor_is_3f,0.0,0.0,60
2F_N,target_is_top3,hana_flag,0.0,0.0,60
2F_N,target_is_top3,is_a_type,0.0,0.0,60
2F_N,target_is_top3,is_left_censored,0.0,0.0,60
2F_N,target_is_top3,jug_flag,0.0,0.0,60
2F_N,target_is_top3,oki_flag,0.0,0.0,60
2F_N,target_is_top5,lag_21_avg_diff_coins,4.66092527927232,1.0566171475940578,60
2F_N,target_is_top5,day_of_week,2.983976777501671,0.5801056844874917,60
2F_N,target_is_top5,rank_pct_avg_3m,2.4614308475279834,0.7522923869165214,60
2F_N,target_is_top5,prior_top2_rate_smooth,1.9671746646140673,0.8280159344133536,60
2F_N,target_is_top5,lag_1_total_games,1.552718013321708,0.6804478478769865,60
2F_N,target_is_top5,prior_segment_top1_rate,1.4754948219070576,0.48285370098885233,60
2F_N,target_is_top5,lag_21_efficiency,1.4178036239158456,0.6484248576525063,60
2F_N,target_is_top5,ewm_efficiency_7d_rank_pct,1.3476829409492381,0.5444675038143905,60
2F_N,target_is_top5,hall_machine_type_count,1.3340727056278778,0.5070339199742094,60
2F_N,target_is_top5,ewm_efficiency_7d,1.27842900047417,0.7166729825876542,60
2F_N,target_is_top5,prior_top5_rate_smooth,1.249256202036625,0.5110244799225505,60
2F_N,target_is_top5,ewm_rank_momentum_7v30,1.2345725322269094,0.5613621011674015,60
2F_N,target_is_top5,weekday_segment_top1_rate,1.1717495719587303,0.6934295673215911,60
2F_N,target_is_top5,ewm_rank_7d,1.145191009411821,0.5016571860745259,60
2F_N,target_is_top5,lag_3_avg_diff_coins,1.1020910331081981,0.5176997175687545,60
2F_N,target_is_top5,rolling_std_diff_14d,1.0497644591301925,0.47197484333638945,60
2F_N,target_is_top5,lag_1_efficiency,1.0471893798994691,0.664503540708277,60
2F_N,target_is_top5,prior_top5_rate,1.0368483633712147,0.4576956419312768,60
2F_N,target_is_top5,lag_7_avg_diff_coins_rank_pct,0.9972099077063933,0.5294797678166713,60
2F_N,target_is_top5,rank_pct_rolling_7d,0.9848789522220168,0.4517913864732558,60
2F_N,target_is_top5,prior_top2_rate,0.9749044024288571,0.4630517135229006,60
2F_N,target_is_top5,lag_7_avg_diff_coins_zscore,0.9667147684650828,0.4762314617050298,60
2F_N,target_is_top5,hall_total_games_yesterday,0.9526594902830023,0.47332031353721415,60
2F_N,target_is_top5,lag_1_efficiency_vs_mean,0.9148526914481615,0.47585814943591787,60
2F_N,target_is_top5,rolling_avg_games_7d_rank_pct,0.90498658670164,0.3735912522071547,60
2F_N,target_is_top5,rank_pct_trend_7vs28,0.8919064106135964,0.3597531340532486,60
2F_N,target_is_top5,same_weekday_top2_rate,0.8863660632540701,0.4159729679103798,60
2F_N,target_is_top5,rank_trend_2m_vs_3m,0.8758681309257075,0.4017932136079787,60
2F_N,target_is_top5,lag_3_avg_diff_coins_vs_mean,0.8756460894406246,0.38862720085487745,60
2F_N,target_is_top5,ewm_avg_diff_21d_rank_pct,0.8667041936780222,0.4334707721793173,60
2F_N,target_is_top5,lag_1_efficiency_rank_pct,0.8606923332577778,0.4617398928300219,60
2F_N,target_is_top5,rolling_std_diff_7d,0.8521783807533101,0.364625804368599,60
2F_N,target_is_top5,rolling_avg_games_14d,0.8257899615410716,0.44395697407703966,60
2F_N,target_is_top5,rolling_avg_games_7d_vs_mean,0.8129083546088289,0.38182468871913694,60
2F_N,target_is_top5,rank_pct_std_14d,0.7929124028374014,0.39463319086011545,60
2F_N,target_is_top5,lag_7_avg_diff_coins,0.7903303128052089,0.38182704392192773,60
2F_N,target_is_top5,rolling_avg_efficiency_7d_rank_pct,0.7801405015408858,0.44749695726546507,60
2F_N,target_is_top5,ewm_avg_diff_21d_zscore,0.7609089263483697,0.3715336351637278,60
2F_N,target_is_top5,rolling_avg_diff_7d_zscore,0.7484308177955519,0.3652049040088538,60
2F_N,target_is_top5,rolling_avg_efficiency_7d_zscore,0.7451906393616731,0.36126232481825155,60
2F_N,target_is_top5,rolling_avg_games_28d,0.7319345722388751,0.3852720517142137,60
2F_N,target_is_top5,lag_7_avg_diff_coins_vs_mean,0.7132481774275268,0.2886856111684639,60
2F_N,target_is_top5,rolling_avg_games_14d_vs_mean,0.7131902234448773,0.4106105416251847,60
2F_N,target_is_top5,ewm_efficiency_7d_vs_mean,0.7086100228969506,0.5001079650898059,60
2F_N,target_is_top5,prior_avg_rank_pct,0.7069336952860485,0.3499808486805015,60
2F_N,target_is_top5,eff_delta_1_vs_14,0.699746998893874,0.3190158972606138,60
2F_N,target_is_top5,days_since_first_seen_raw,0.6808134756210266,0.32391075245577555,60
2F_N,target_is_top5,rolling_avg_games_14d_zscore,0.6782856495155396,0.2998879915444925,60
2F_N,target_is_top5,lag_7_total_games,0.677487899105545,0.3403385953285326,60
2F_N,target_is_top5,rank_pct_avg_1m,0.675719203676792,0.33882562840611496,60
2F_N,target_is_top5,prior_top3_rate,0.6731658718210086,0.35196303466778955,60
2F_N,target_is_top5,rolling_avg_games_14d_rank_pct,0.6597511813198598,0.35237638548127087,60
2F_N,target_is_top5,same_weekday_avg_rank_pct,0.6588834230663946,0.41526838911529607,60
2F_N,target_is_top5,days_since_last_count_increase,0.6508258119864946,0.5955250224962847,60
2F_N,target_is_top5,rolling_avg_games_7d,0.6505294646931074,0.3388474793743211,60
2F_N,target_is_top5,ewm_efficiency_7d_zscore,0.6441588077592388,0.37816410669409584,60
2F_N,target_is_top5,prior_top3_rate_smooth,0.6371078290791429,0.37638994812624804,60
2F_N,target_is_top5,rank_pct_rolling_28d,0.6367338385811183,0.34427153365671076,60
2F_N,target_is_top5,rolling_avg_efficiency_7d,0.6339561830802836,0.32960289080762395,60
2F_N,target_is_top5,ewm_avg_diff_21d_vs_mean,0.6299059440630242,0.38188804068019644,60
2F_N,target_is_top5,lag_21_total_games,0.628901686092255,0.4193027741269527,60
2F_N,target_is_top5,ewm_avg_diff_7d_zscore,0.6253427776078936,0.35025821293838105,60
2F_N,target_is_top5,month_progress,0.6243608201267823,0.27015933028774686,60
2F_N,target_is_top5,rolling_avg_diff_7d_rank_pct,0.6188913490232751,0.31492742883289615,60
2F_N,target_is_top5,rolling_avg_diff_14d_rank_pct,0.6176861868508361,0.39216084663017026,60
2F_N,target_is_top5,lag_1_efficiency_zscore,0.6158600834693108,0.4645611795158286,60
2F_N,target_is_top5,rolling_avg_efficiency_14d_zscore,0.6146803857103263,0.3155407721368847,60
2F_N,target_is_top5,rolling_avg_efficiency_7d_vs_mean,0.6106071635380139,0.2752637077531657,60
2F_N,target_is_top5,lag_14_avg_diff_coins,0.6096340614532354,0.29855180513253504,60
2F_N,target_is_top5,same_weekday_rolling_rank_sum_3,0.6029956517527225,0.23885004314309435,60
2F_N,target_is_top5,prior_top5_confidence,0.6028549659733219,0.29347615062166105,60
2F_N,target_is_top5,rank_trend_acceleration,0.5980890772430563,0.325207351329793,60
2F_N,target_is_top5,rolling_std_efficiency_7d,0.5961418250540468,0.38394984198004056,60
2F_N,target_is_top5,lag_14_avg_diff_coins_zscore,0.5875125625031337,0.256109461946593,60
2F_N,target_is_top5,rolling_avg_diff_14d,0.573688123369608,0.38747356836111935,60
2F_N,target_is_top5,ewm_avg_diff_21d,0.5679441427189489,0.3819876744940963,60
2F_N,target_is_top5,rolling_avg_diff_28d,0.5660948609570403,0.24570299208526594,60
2F_N,target_is_top5,hall_diff_spread_yesterday,0.5601132548423983,0.2847697661703506,60
2F_N,target_is_top5,ewm_avg_diff_7d,0.5454614413960204,0.3010095781623901,60
2F_N,target_is_top5,rolling_std_efficiency_14d,0.5426404489580149,0.36146247527727815,60
2F_N,target_is_top5,rolling_avg_diff_7d,0.5422484828381632,0.3119076705678569,60
2F_N,target_is_top5,ewm_diff_momentum_7v21,0.5394300290917605,0.3332633747415597,60
2F_N,target_is_top5,hall_avg_diff_yesterday,0.5393135902318803,0.3123941803950742,60
2F_N,target_is_top5,rolling_avg_diff_7d_vs_mean,0.5383371071441181,0.3290152700901107,60
2F_N,target_is_top5,ewm_efficiency_21d,0.5377866666192367,0.2885377890627476,60
2F_N,target_is_top5,rolling_avg_games_7d_zscore,0.5271746821136525,0.2790349992323204,60
2F_N,target_is_top5,machine_count,0.5249869230545214,0.28550528208433545,60
2F_N,target_is_top5,prior_top3_confidence,0.5210302871673604,0.27623784886385067,60
2F_N,target_is_top5,lag_14_avg_diff_coins_rank_pct,0.5091188132253043,0.32749326450518956,60
2F_N,target_is_top5,days_since_first_seen_effective,0.5080657639350374,0.31928955713186064,60
2F_N,target_is_top5,ewm_avg_diff_7d_rank_pct,0.5070202745298811,0.2922202376620504,60
2F_N,target_is_top5,days_since_first_seen,0.5048945238750547,0.2809304550216575,60
2F_N,target_is_top5,lag_3_avg_diff_coins_zscore,0.4967220984645437,0.24337109737429222,60
2F_N,target_is_top5,lag_14_avg_diff_coins_vs_mean,0.49357816881647565,0.22348170848741605,60
2F_N,target_is_top5,prior_rank1_confidence,0.49276455019477194,0.2940046070016249,60
2F_N,target_is_top5,ewm_rank_30d,0.48881031797998814,0.3110543404265272,60
2F_N,target_is_top5,prior_top2_confidence,0.4848538240536404,0.29499762652916106,60
2F_N,target_is_top5,day_of_month,0.48346923875548503,0.2782342128839438,60
2F_N,target_is_top5,rolling_avg_efficiency_14d,0.4799799246408022,0.2784014744057165,60
2F_N,target_is_top5,rolling_avg_diff_28d_vs_mean,0.47939587922671745,0.25161597662324997,60
2F_N,target_is_top5,ewm_avg_diff_7d_vs_mean,0.477269160579411,0.2991435621676382,60
2F_N,target_is_top5,rolling_avg_diff_14d_vs_mean,0.47557504388800637,0.28706457761526255,60
2F_N,target_is_top5,lag_14_efficiency,0.47505487376805494,0.2828155348297302,60
2F_N,target_is_top5,days_since_last_top3,0.4716618670896628,0.22581914118223562,60
2F_N,target_is_top5,rolling_avg_diff_14d_zscore,0.46662952289489024,0.2780724013004687,60
2F_N,target_is_top5,rolling_avg_efficiency_14d_vs_mean,0.4654644199067385,0.2624549539826912,60
2F_N,target_is_top5,prior_rank1_rate_smooth,0.4643288619723923,0.26433295139448987,60
2F_N,target_is_top5,rolling_avg_diff_28d_zscore,0.45336926266119215,0.21855501533463026,60
2F_N,target_is_top5,lag_1_avg_diff_coins_vs_mean,0.4500071815264391,0.23263106121923532,60
2F_N,target_is_top5,lag_3_avg_diff_coins_rank_pct,0.43990105061423507,0.2495455357892332,60
2F_N,target_is_top5,hall_avg_efficiency_yesterday,0.4390614658149455,0.24610028764784891,60
2F_N,target_is_top5,rolling_avg_efficiency_14d_rank_pct,0.42701231395051326,0.31907373128875466,60
2F_N,target_is_top5,eff_delta_1_vs_7,0.40927194485486484,0.28277744592336834,60
2F_N,target_is_top5,lag_7_efficiency,0.4056327392366722,0.22738014489079794,60
2F_N,target_is_top5,same_weekday_top5_rate,0.3935566425693389,0.26113469493009506,60
2F_N,target_is_top5,prior_rank1_rate,0.3811373232013955,0.24954095667718687,60
2F_N,target_is_top5,same_weekday_rank1_rate,0.3796132042802999,0.24752310099825076,60
2F_N,target_is_top5,diff_delta_1_vs_14,0.3757115373875265,0.24165217875545272,60
2F_N,target_is_top5,lag_1_avg_diff_coins_rank_pct,0.3681590898703037,0.19573676495093817,60
2F_N,target_is_top5,rank_pct_avg_2m,0.36577493657485777,0.29286542068873705,60
2F_N,target_is_top5,days_since_last_rank1,0.3601827471240176,0.2015600380467961,60
2F_N,target_is_top5,rolling_avg_diff_28d_rank_pct,0.3599442608034161,0.16406697674626405,60
2F_N,target_is_top5,ewm_efficiency_momentum_7v21,0.35703309398063693,0.24754608197220163,60
2F_N,target_is_top5,rolling_avg_efficiency_28d,0.3507447124106594,0.21561714469767176,60
2F_N,target_is_top5,same_weekday_top3_rate,0.3472159691329045,0.24941346417794144,60
2F_N,target_is_top5,lag_1_avg_diff_coins_zscore,0.34393655811319956,0.2209638618576138,60
2F_N,target_is_top5,rolling_avg_efficiency_28d_zscore,0.3387972828008174,0.19905679563238715,60
2F_N,target_is_top5,lag_14_total_games,0.33720003225145095,0.2515960806409928,60
2F_N,target_is_top5,rolling_avg_efficiency_28d_vs_mean,0.3350563958035923,0.24532210577095598,60
2F_N,target_is_top5,lag1_segment_rank_pct,0.3330257292006774,0.17249388592386,60
2F_N,target_is_top5,lag_1_avg_diff_coins,0.326481698691384,0.23669432653429368,60
2F_N,target_is_top5,diff_delta_1_vs_7,0.3131141619640117,0.22290377313869858,60
2F_N,target_is_top5,days_since_last_top5,0.30909842824194506,0.26931001390504583,60
2F_N,target_is_top5,rank_trend_1m_vs_2m,0.3032794100913407,0.17061923370653548,60
2F_N,target_is_top5,days_since_last_top2,0.2697629851715956,0.18986732823122707,60
2F_N,target_is_top5,event_group,0.25227403603628135,0.23474737398334758,60
2F_N,target_is_top5,rolling_avg_efficiency_28d_rank_pct,0.23886028898969405,0.16851160706772833,60
2F_N,target_is_top5,count_delta_7d,0.2275790430617633,0.24089308924104222,60
2F_N,target_is_top5,days_since_first_seen_bin,0.2203241404111972,0.16957762312217342,60
2F_N,target_is_top5,days_since_last_count_decrease,0.1972427621453478,0.13551490629475618,60
2F_N,target_is_top5,count_delta_14d,0.19625641327019638,0.1497339667006935,60
2F_N,target_is_top5,count_delta_7d_bin,0.18402023800344,0.13683960178605753,60
2F_N,target_is_top5,rank_trend_2m_available,0.18104473205226337,0.22459940828802638,60
2F_N,target_is_top5,is_event_day,0.14802138837746617,0.17108649520969554,60
2F_N,target_is_top5,is_month_end_event,0.10674941537785246,0.1083479664297463,60
2F_N,target_is_top5,is_thursday,0.07860833110593385,0.15011126030808652,60
2F_N,target_is_top5,count_delta_1d,0.06641832576603944,0.03953718544400394,60
2F_N,target_is_top5,count_delta_3d,0.06486442298876822,0.06570499814295588,60
2F_N,target_is_top5,count_delta_1d_bin,0.058469334010602676,0.03831742381100654,60
2F_N,target_is_top5,rank_trend_1m_available,0.03953820635643599,0.07633840201340811,60
2F_N,target_is_top5,count_decrease_flag,0.014187579247013481,0.0184735999754119,60
2F_N,target_is_top5,new_machine_flag_raw,0.005838718157170126,0.019597275093446984,60
2F_N,target_is_top5,count_increase_flag,0.0021639732556149494,0.004313456504013447,60
2F_N,target_is_top5,new_machine_flag_effective,0.0004509105358083821,0.003492737991630654,60
2F_N,target_is_top5,atype_is_a,0.0,0.0,60
2F_N,target_is_top5,atype_is_n,0.0,0.0,60
2F_N,target_is_top5,bt_flag,0.0,0.0,60
2F_N,target_is_top5,floor_is_2f,0.0,0.0,60
2F_N,target_is_top5,floor_is_3f,0.0,0.0,60
2F_N,target_is_top5,hana_flag,0.0,0.0,60
2F_N,target_is_top5,is_a_type,0.0,0.0,60
2F_N,target_is_top5,is_left_censored,0.0,0.0,60
2F_N,target_is_top5,jug_flag,0.0,0.0,60
2F_N,target_is_top5,oki_flag,0.0,0.0,60
3F_A,target_is_top3,ewm_avg_diff_21d_rank_pct,2.2400474822198304,1.5427570721865285,60
3F_A,target_is_top3,same_weekday_avg_rank_pct,1.9803982918682028,0.8378203631635819,60
3F_A,target_is_top3,rank_pct_rolling_7d,1.903198359026123,0.7250739185182925,60
3F_A,target_is_top3,lag_1_avg_diff_coins,1.8947745662519098,0.6445952923963484,60
3F_A,target_is_top3,lag_21_avg_diff_coins,1.7495990031017838,1.14568623843539,60
3F_A,target_is_top3,hall_avg_efficiency_yesterday,1.6783674968876074,0.7453778525955945,60
3F_A,target_is_top3,lag_7_total_games,1.6373943784916885,0.6829256064859823,60
3F_A,target_is_top3,weekday_segment_top1_rate,1.6257250148798883,0.4433114275262379,60
3F_A,target_is_top3,lag_1_total_games,1.5703741732332201,0.7460593038037677,60
3F_A,target_is_top3,hall_diff_spread_yesterday,1.4653552567465336,0.7844210956179691,60
3F_A,target_is_top3,lag_3_avg_diff_coins_zscore,1.4223754353325309,0.531123125838548,60
3F_A,target_is_top3,hall_avg_diff_yesterday,1.372152143809504,0.6255956828543294,60
3F_A,target_is_top3,rolling_avg_efficiency_28d_vs_mean,1.3715422453064865,0.5067343495138842,60
3F_A,target_is_top3,lag_7_avg_diff_coins_zscore,1.3600397778699653,0.46843005273274163,60
3F_A,target_is_top3,lag_1_avg_diff_coins_vs_mean,1.2754838187735489,0.45915959099178005,60
3F_A,target_is_top3,rank_pct_trend_7vs28,1.240333243491785,0.6084382520180356,60
3F_A,target_is_top3,lag_14_avg_diff_coins_rank_pct,1.2341068489293703,0.8228544266404079,60
3F_A,target_is_top3,rolling_avg_games_7d,1.2035720865095754,0.695058534287342,60
3F_A,target_is_top3,rolling_avg_games_14d_zscore,1.2016472094093218,0.45145603468076584,60
3F_A,target_is_top3,lag_3_avg_diff_coins,1.1958195807430343,0.6041760378368904,60
3F_A,target_is_top3,rolling_avg_diff_7d_rank_pct,1.1850544366190217,0.6489839107576922,60
3F_A,target_is_top3,rolling_avg_diff_28d_rank_pct,1.1756548468755836,0.5926379088936282,60
3F_A,target_is_top3,rolling_avg_diff_14d_vs_mean,1.1588805492851237,0.545480513030941,60
3F_A,target_is_top3,lag_1_efficiency_rank_pct,1.1397836519738616,0.6469590539786154,60
3F_A,target_is_top3,rank_pct_std_14d,1.104568938641855,0.6730913425060381,60
3F_A,target_is_top3,lag_21_total_games,1.0722969083879013,0.44000721776456125,60
3F_A,target_is_top3,diff_delta_1_vs_14,1.0639281368934235,0.5092912760538756,60
3F_A,target_is_top3,day_of_month,1.0374202989976482,0.4826396599894062,60
3F_A,target_is_top3,hall_total_games_yesterday,1.0311116762990582,0.4875682349729069,60
3F_A,target_is_top3,lag_3_avg_diff_coins_vs_mean,1.0083355650243575,0.46225041201781836,60
3F_A,target_is_top3,rolling_avg_diff_28d,0.9868205586816754,0.6624845065832017,60
3F_A,target_is_top3,ewm_rank_momentum_7v30,0.971240728722724,0.46863934372850463,60
3F_A,target_is_top3,ewm_efficiency_momentum_7v21,0.9656448469125272,0.3240219182689281,60
3F_A,target_is_top3,ewm_avg_diff_7d,0.9653666153998949,0.39423007532076243,60
3F_A,target_is_top3,rolling_avg_games_7d_rank_pct,0.9599941304532048,0.3761348730344297,60
3F_A,target_is_top3,lag_1_efficiency,0.9540787208761915,0.5304813578006707,60
3F_A,target_is_top3,eff_delta_1_vs_7,0.9421886784998067,0.4666001341065332,60
3F_A,target_is_top3,rank_pct_rolling_28d,0.9207522527415043,0.4378930766801861,60
3F_A,target_is_top3,days_since_last_count_increase,0.9203130757326237,0.40217110484529267,60
3F_A,target_is_top3,lag_1_efficiency_zscore,0.9096171449745448,0.38475945144737855,60
3F_A,target_is_top3,rolling_avg_diff_28d_vs_mean,0.8994757742779977,0.4650767596327417,60
3F_A,target_is_top3,rolling_avg_diff_28d_zscore,0.8859110262586781,0.5277238151199728,60
3F_A,target_is_top3,ewm_avg_diff_21d_vs_mean,0.8767944584264377,0.48684985161200384,60
3F_A,target_is_top3,ewm_efficiency_7d_zscore,0.8605222693105599,0.635071919982768,60
3F_A,target_is_top3,ewm_rank_7d,0.8552625308216799,0.41863614957581385,60
3F_A,target_is_top3,lag_14_avg_diff_coins_zscore,0.8551895896614943,0.37628711930410685,60
3F_A,target_is_top3,lag_7_avg_diff_coins,0.8480994438144295,0.42455154679292273,60
3F_A,target_is_top3,lag_3_avg_diff_coins_rank_pct,0.8284930653611988,0.8015979876936501,60
3F_A,target_is_top3,ewm_avg_diff_21d_zscore,0.8244825992556396,0.4009728550860371,60
3F_A,target_is_top3,rolling_avg_diff_14d_rank_pct,0.8191412096346083,0.41118064101429447,60
3F_A,target_is_top3,ewm_avg_diff_7d_zscore,0.7722358517924769,0.47865458071964656,60
3F_A,target_is_top3,rolling_avg_efficiency_28d_zscore,0.765853156998078,0.4881005230111351,60
3F_A,target_is_top3,rolling_avg_games_7d_vs_mean,0.7579470689480241,0.38949847977014124,60
3F_A,target_is_top3,rolling_avg_efficiency_7d_rank_pct,0.7389554299874136,0.44554207601960827,60
3F_A,target_is_top3,eff_delta_1_vs_14,0.7203197097993992,0.365789590301623,60
3F_A,target_is_top3,lag_21_efficiency,0.714440680332027,0.5335183354310629,60
3F_A,target_is_top3,ewm_avg_diff_21d,0.7143626931447083,0.4083211774249658,60
3F_A,target_is_top3,rolling_avg_games_14d_vs_mean,0.7074260978931867,0.31937543827023146,60
3F_A,target_is_top3,rolling_avg_efficiency_28d_rank_pct,0.701887011763685,0.4512599697499134,60
3F_A,target_is_top3,ewm_rank_30d,0.7007607626885928,0.36947239812148314,60
3F_A,target_is_top3,rank_pct_avg_3m,0.6978143813201272,0.5996972484628063,60
3F_A,target_is_top3,rolling_avg_diff_7d,0.6930108324555772,0.4271973745022703,60
3F_A,target_is_top3,rolling_avg_diff_14d_zscore,0.6904594883586433,0.4461905927427488,60
3F_A,target_is_top3,rolling_avg_efficiency_28d,0.6714648167537011,0.36622122600261786,60
3F_A,target_is_top3,rolling_std_efficiency_7d,0.6590804829026291,0.4070113107242357,60
3F_A,target_is_top3,rank_pct_avg_2m,0.6576245629392604,0.38268682654180064,60
3F_A,target_is_top3,lag_1_efficiency_vs_mean,0.6530323661585218,0.3341619781888421,60
3F_A,target_is_top3,rolling_avg_efficiency_14d_zscore,0.6512655378598059,0.44722600373486593,60
3F_A,target_is_top3,prior_top5_rate_smooth,0.6445214956607963,0.19324030855445443,60
3F_A,target_is_top3,lag_14_avg_diff_coins_vs_mean,0.6431781938888773,0.3484108675141766,60
3F_A,target_is_top3,prior_top5_confidence,0.6404303313587824,0.41366836236386817,60
3F_A,target_is_top3,lag_7_avg_diff_coins_vs_mean,0.638087164109039,0.33726970012671503,60
3F_A,target_is_top3,ewm_diff_momentum_7v21,0.625964546932319,0.3338775939866171,60
3F_A,target_is_top3,lag_14_total_games,0.6161072467104127,0.37647872277540667,60
3F_A,target_is_top3,lag_14_avg_diff_coins,0.614085336875151,0.34311302346388234,60
3F_A,target_is_top3,lag_7_avg_diff_coins_rank_pct,0.5884432544095245,0.321063481315666,60
3F_A,target_is_top3,same_weekday_rolling_rank_sum_3,0.5856590501934466,0.40230928486284956,60
3F_A,target_is_top3,ewm_avg_diff_7d_vs_mean,0.5814718951235339,0.36914694050119723,60
3F_A,target_is_top3,day_of_week,0.579049409387561,0.3420149829960215,60
3F_A,target_is_top3,prior_top2_rate_smooth,0.5783813218866811,0.24056039142968477,60
3F_A,target_is_top3,ewm_efficiency_21d,0.574528073662825,0.3357109051990989,60
3F_A,target_is_top3,prior_rank1_confidence,0.5530765579991245,0.3552066696384944,60
3F_A,target_is_top3,rolling_avg_diff_14d,0.5510782512507514,0.36362523394277724,60
3F_A,target_is_top3,rolling_avg_games_7d_zscore,0.5444653825578787,0.38107624997593326,60
3F_A,target_is_top3,lag_1_avg_diff_coins_zscore,0.5383778817344838,0.24924060618813917,60
3F_A,target_is_top3,ewm_efficiency_7d_rank_pct,0.5365980458710904,0.30584123485548287,60
3F_A,target_is_top3,days_since_last_top3,0.512901918767512,0.45556841729262987,60
3F_A,target_is_top3,lag1_segment_rank_pct,0.5095370595957879,0.35858272268104213,60
3F_A,target_is_top3,ewm_efficiency_7d_vs_mean,0.5091652267560993,0.37190335242740175,60
3F_A,target_is_top3,prior_top3_rate_smooth,0.5046524385750123,0.23322308011863746,60
3F_A,target_is_top3,ewm_efficiency_7d,0.5008771258677853,0.4231162718581918,60
3F_A,target_is_top3,rolling_avg_efficiency_14d,0.48275013166112213,0.281980682935309,60
3F_A,target_is_top3,ewm_avg_diff_7d_rank_pct,0.47876971302601296,0.2964241747294065,60
3F_A,target_is_top3,rolling_avg_efficiency_7d_vs_mean,0.4765059131675466,0.3507443697671576,60
3F_A,target_is_top3,rolling_avg_efficiency_7d,0.4702896389608085,0.32933810138739633,60
3F_A,target_is_top3,prior_rank1_rate_smooth,0.46937026733255227,0.28037533514357255,60
3F_A,target_is_top3,rolling_avg_games_14d,0.46176794708959845,0.31901909813972923,60
3F_A,target_is_top3,month_progress,0.45846344002736406,0.36366180906086626,60
3F_A,target_is_top3,lag_7_efficiency,0.44588867324144693,0.1997865360623288,60
3F_A,target_is_top3,rank_trend_1m_vs_2m,0.4421535492012922,0.26627467663718324,60
3F_A,target_is_top3,rolling_avg_efficiency_14d_vs_mean,0.43880589484556415,0.3375572884837225,60
3F_A,target_is_top3,rolling_avg_games_14d_rank_pct,0.42985695117407885,0.4043891968838286,60
3F_A,target_is_top3,rank_trend_acceleration,0.42793704294615525,0.37418671363435174,60
3F_A,target_is_top3,diff_delta_1_vs_7,0.40279239734459316,0.3435172030545819,60
3F_A,target_is_top3,rolling_std_diff_14d,0.3985421142905722,0.20493371559312779,60
3F_A,target_is_top3,rolling_avg_efficiency_14d_rank_pct,0.3911968564097952,0.3554235446032398,60
3F_A,target_is_top3,rank_trend_2m_vs_3m,0.3880559834232659,0.21133253548028372,60
3F_A,target_is_top3,lag_1_avg_diff_coins_rank_pct,0.3804226536824838,0.38563204269779433,60
3F_A,target_is_top3,rolling_avg_diff_7d_zscore,0.35965718098355287,0.22858572583673553,60
3F_A,target_is_top3,lag_14_efficiency,0.351644205542005,0.3049514442439778,60
3F_A,target_is_top3,prior_top3_confidence,0.35141460239577893,0.3162491042758535,60
3F_A,target_is_top3,days_since_first_seen,0.34947520437385887,0.2188671309406348,60
3F_A,target_is_top3,rank_pct_avg_1m,0.3484225082812657,0.19812875388132475,60
3F_A,target_is_top3,event_group,0.33598875964091446,0.26237362256683616,60
3F_A,target_is_top3,prior_avg_rank_pct,0.332128459598898,0.201032990948839,60
3F_A,target_is_top3,rolling_avg_games_28d,0.32169839106580883,0.2696533359358492,60
3F_A,target_is_top3,rolling_std_efficiency_14d,0.3082898013160825,0.2627816646018619,60
3F_A,target_is_top3,hall_machine_type_count,0.3038097505594167,0.2038985051835627,60
3F_A,target_is_top3,days_since_first_seen_raw,0.3035397764730747,0.229572771623588,60
3F_A,target_is_top3,prior_segment_top1_rate,0.2994314223667653,0.19282134755703573,60
3F_A,target_is_top3,rolling_std_diff_7d,0.29257108652526337,0.27110262571552024,60
3F_A,target_is_top3,prior_top3_rate,0.27664105094809044,0.3713641200505339,60
3F_A,target_is_top3,rolling_avg_efficiency_7d_zscore,0.2593103377073609,0.21707335000181205,60
3F_A,target_is_top3,rolling_avg_diff_7d_vs_mean,0.2555307817387916,0.19802464561334807,60
3F_A,target_is_top3,prior_top2_confidence,0.247612481420818,0.2647353719448623,60
3F_A,target_is_top3,days_since_first_seen_effective,0.24449295239800137,0.1423321826938724,60
3F_A,target_is_top3,count_delta_7d_bin,0.19909891444718866,0.13460232353240775,60
3F_A,target_is_top3,count_delta_7d,0.1693425064046716,0.18867337777864493,60
3F_A,target_is_top3,days_since_first_seen_bin,0.15725443661600783,0.1580892012956544,60
3F_A,target_is_top3,count_delta_14d,0.1395908268411142,0.1846057204307669,60
3F_A,target_is_top3,days_since_last_top5,0.13916160883922296,0.23861537869125418,60
3F_A,target_is_top3,same_weekday_top3_rate,0.11218236207735655,0.06548094479303099,60
3F_A,target_is_top3,prior_top5_rate,0.10942885199414568,0.15538026982467432,60
3F_A,target_is_top3,is_event_day,0.08891872519957314,0.1267547486885081,60
3F_A,target_is_top3,machine_count,0.08152331289704152,0.17103291293482947,60
3F_A,target_is_top3,is_month_end_event,0.07865720355172597,0.1213875352076407,60
3F_A,target_is_top3,count_delta_3d,0.044058559427049254,0.059296561768411596,60
3F_A,target_is_top3,count_delta_1d,0.03605768855739429,0.031165992296697205,60
3F_A,target_is_top3,rank_trend_2m_available,0.03457218306880098,0.11769965266772327,60
3F_A,target_is_top3,rank_trend_1m_available,0.03293744828865741,0.09890857224596505,60
3F_A,target_is_top3,count_delta_1d_bin,0.02815198974576925,0.027439303572498318,60
3F_A,target_is_top3,bt_flag,0.018683271035237512,0.06433105797970023,60
3F_A,target_is_top3,is_thursday,0.016128625686455525,0.04085558082040863,60
3F_A,target_is_top3,count_increase_flag,0.011882388682839617,0.02001661495667557,60
3F_A,target_is_top3,hana_flag,0.010940139246893544,0.042698662695905075,60
3F_A,target_is_top3,same_weekday_top5_rate,0.008702604171476872,0.018733615923917975,60
3F_A,target_is_top3,jug_flag,0.006487257991323984,0.031704918212876826,60
3F_A,target_is_top3,new_machine_flag_raw,0.0035954511835911258,0.005415898884523944,60
3F_A,target_is_top3,new_machine_flag_effective,0.00010743991897193857,0.0006828438240131111,60
3F_A,target_is_top3,atype_is_a,0.0,0.0,60
3F_A,target_is_top3,atype_is_n,0.0,0.0,60
3F_A,target_is_top3,count_decrease_flag,0.0,0.0,60
3F_A,target_is_top3,days_since_last_count_decrease,0.0,0.0,60
3F_A,target_is_top3,days_since_last_rank1,0.0,0.0,60
3F_A,target_is_top3,days_since_last_top2,0.0,0.0,60
3F_A,target_is_top3,floor_is_2f,0.0,0.0,60
3F_A,target_is_top3,floor_is_3f,0.0,0.0,60
3F_A,target_is_top3,is_a_type,0.0,0.0,60
3F_A,target_is_top3,is_left_censored,0.0,0.0,60
3F_A,target_is_top3,oki_flag,0.0,0.0,60
3F_A,target_is_top3,prior_rank1_rate,0.0,0.0,60
3F_A,target_is_top3,prior_top2_rate,0.0,0.0,60
3F_A,target_is_top3,same_weekday_rank1_rate,0.0,0.0,60
3F_A,target_is_top3,same_weekday_top2_rate,0.0,0.0,60
3F_A,target_is_top5,lag_3_avg_diff_coins_vs_mean,2.8782509136708114,0.8263918583796257,60
3F_A,target_is_top5,same_weekday_avg_rank_pct,2.4525715579012775,0.9615541730401748,60
3F_A,target_is_top5,rolling_avg_efficiency_7d_rank_pct,2.3684749126393103,1.0924456330069416,60
3F_A,target_is_top5,lag_3_avg_diff_coins_zscore,2.020971236123442,0.6018137360415972,60
3F_A,target_is_top5,lag_21_total_games,1.80407747800909,0.35066385103012426,60
3F_A,target_is_top5,lag_3_avg_diff_coins_rank_pct,1.7607289091335936,0.43524453623861936,60
3F_A,target_is_top5,rank_pct_rolling_7d,1.624827925723488,0.6077271478139257,60
3F_A,target_is_top5,rolling_avg_efficiency_28d_zscore,1.5700850583283965,0.830916690597254,60
3F_A,target_is_top5,hall_avg_efficiency_yesterday,1.495088699109594,0.5575571486151509,60
3F_A,target_is_top5,rolling_avg_games_7d_rank_pct,1.4898306287074594,0.5710923789616872,60
3F_A,target_is_top5,lag_7_avg_diff_coins_zscore,1.3988865362495682,0.4504309923267234,60
3F_A,target_is_top5,rank_pct_trend_7vs28,1.39087012493937,0.4379630158662197,60
3F_A,target_is_top5,lag_7_avg_diff_coins_vs_mean,1.3660705260708264,0.5818858335498429,60
3F_A,target_is_top5,rank_pct_avg_3m,1.3321416661103853,0.7190688299098512,60
3F_A,target_is_top5,rolling_avg_games_7d,1.3226454653695006,0.516219557202437,60
3F_A,target_is_top5,hall_total_games_yesterday,1.3119686139925693,0.45485339456932233,60
3F_A,target_is_top5,rolling_avg_diff_28d_vs_mean,1.3021658434697083,0.5051784111057206,60
3F_A,target_is_top5,lag_3_avg_diff_coins,1.2349783564286938,0.7929980781224012,60
3F_A,target_is_top5,hall_diff_spread_yesterday,1.2293885861769813,0.524069481822739,60
3F_A,target_is_top5,lag_14_avg_diff_coins_vs_mean,1.1883872523517975,0.5894250930524955,60
3F_A,target_is_top5,lag_1_efficiency_vs_mean,1.1627229777937127,0.5053410805692202,60
3F_A,target_is_top5,lag_7_avg_diff_coins,1.1586049502542508,0.535034374230948,60
3F_A,target_is_top5,lag_1_avg_diff_coins_vs_mean,1.1062556221470952,0.9192377685053217,60
3F_A,target_is_top5,rolling_avg_games_7d_vs_mean,1.0759434167055013,0.4024796543384472,60
3F_A,target_is_top5,lag_7_avg_diff_coins_rank_pct,0.9964591712077329,0.4499418867640522,60
3F_A,target_is_top5,rolling_avg_games_14d_rank_pct,0.9952640867583462,0.45501425142341534,60
3F_A,target_is_top5,lag_1_efficiency_rank_pct,0.9926016622852104,0.5315231848035356,60
3F_A,target_is_top5,rolling_avg_diff_28d,0.9795730777523021,0.5445351895306487,60
3F_A,target_is_top5,rolling_avg_efficiency_28d,0.9623005579036075,0.702414770891345,60
3F_A,target_is_top5,days_since_last_count_increase,0.962047531311448,0.5973415674216772,60
3F_A,target_is_top5,hall_avg_diff_yesterday,0.9408441586692253,0.40378678568784965,60
3F_A,target_is_top5,same_weekday_rolling_rank_sum_3,0.9114613550500296,0.4567127129945479,60
3F_A,target_is_top5,rolling_avg_efficiency_28d_vs_mean,0.8793095841006511,0.47258085729416527,60
3F_A,target_is_top5,rolling_avg_diff_14d_zscore,0.8708123514357295,0.3985264732620053,60
3F_A,target_is_top5,rolling_avg_efficiency_28d_rank_pct,0.8665161459234799,0.46093170228776265,60
3F_A,target_is_top5,lag_14_avg_diff_coins_zscore,0.8593441863201119,0.416284458635101,60
3F_A,target_is_top5,rolling_avg_diff_28d_zscore,0.8533555426748349,0.48701639874582414,60
3F_A,target_is_top5,rolling_avg_diff_7d,0.8529085292817096,0.38555769128869183,60
3F_A,target_is_top5,rolling_std_efficiency_14d,0.848243350026122,0.40359556253539247,60
3F_A,target_is_top5,rolling_avg_efficiency_14d_rank_pct,0.8356554045381109,0.6553718763081985,60
3F_A,target_is_top5,prior_segment_top1_rate,0.8094960608957409,0.48712425940323695,60
3F_A,target_is_top5,rolling_avg_efficiency_14d_zscore,0.7949931572241896,0.3855572448380764,60
3F_A,target_is_top5,lag_14_avg_diff_coins_rank_pct,0.790134846042983,0.3988796735620761,60
3F_A,target_is_top5,diff_delta_1_vs_14,0.7791041395729933,0.36370594256821337,60
3F_A,target_is_top5,rolling_avg_diff_7d_vs_mean,0.7757305647725412,0.5111602680906345,60
3F_A,target_is_top5,eff_delta_1_vs_14,0.7734636073423686,0.33677900245848397,60
3F_A,target_is_top5,rank_trend_1m_vs_2m,0.7569509401913236,0.41159933010496186,60
3F_A,target_is_top5,ewm_rank_7d,0.7539017539086139,0.35894178121953774,60
3F_A,target_is_top5,lag_14_efficiency,0.7488225134063461,0.49128281165290993,60
3F_A,target_is_top5,prior_rank1_confidence,0.7419736741371371,0.4048936036341199,60
3F_A,target_is_top5,rolling_avg_diff_7d_rank_pct,0.7334511073438446,0.4558913286946721,60
3F_A,target_is_top5,lag_1_efficiency_zscore,0.7256964417767805,0.31235848775509895,60
3F_A,target_is_top5,eff_delta_1_vs_7,0.7238782738086253,0.37557236955343026,60
3F_A,target_is_top5,rolling_avg_diff_7d_zscore,0.7112046154074569,0.36068719492904083,60
3F_A,target_is_top5,rolling_avg_games_14d_zscore,0.6876016060501712,0.283318818743545,60
3F_A,target_is_top5,ewm_avg_diff_7d,0.6863426753982476,0.3794817925511424,60
3F_A,target_is_top5,lag_1_avg_diff_coins,0.6861560816399185,0.371834841454872,60
3F_A,target_is_top5,rolling_avg_efficiency_14d_vs_mean,0.6507324561320083,0.41629711513502227,60
3F_A,target_is_top5,lag_1_total_games,0.6472114780434483,0.2894549957140846,60
3F_A,target_is_top5,lag_1_efficiency,0.6460177772387254,0.3541252608434311,60
3F_A,target_is_top5,rolling_avg_games_14d,0.6449603909765308,0.3793389430666802,60
3F_A,target_is_top5,weekday_segment_top1_rate,0.6376496121063475,0.35708062298714105,60
3F_A,target_is_top5,rank_pct_rolling_28d,0.6280735504091566,0.25277925783474064,60
3F_A,target_is_top5,rolling_avg_games_7d_zscore,0.6270867104293668,0.33547317412530453,60
3F_A,target_is_top5,lag_14_avg_diff_coins,0.6247081140640769,0.3983423826472425,60
3F_A,target_is_top5,prior_top2_rate_smooth,0.6160989566102933,0.30656338100490793,60
3F_A,target_is_top5,ewm_rank_momentum_7v30,0.610901520076011,0.3158223044324037,60
3F_A,target_is_top5,prior_top5_confidence,0.6085910593809003,0.26991687440625745,60
3F_A,target_is_top5,rolling_avg_games_14d_vs_mean,0.5980087010937081,0.2974721277070878,60
3F_A,target_is_top5,ewm_efficiency_7d_zscore,0.5962103545649527,0.3060933762100068,60
3F_A,target_is_top5,lag_1_avg_diff_coins_zscore,0.595781998482835,0.45940194462119055,60
3F_A,target_is_top5,ewm_efficiency_7d_rank_pct,0.5899086569023742,0.322044054450124,60
3F_A,target_is_top5,rank_trend_acceleration,0.5830990567428074,0.34780615356050876,60
3F_A,target_is_top5,rolling_avg_efficiency_7d_vs_mean,0.5819805793791905,0.3213998742467767,60
3F_A,target_is_top5,rank_pct_avg_2m,0.5788690371828992,0.32701762355708136,60
3F_A,target_is_top5,day_of_week,0.5743205760946135,0.3630681337622687,60
3F_A,target_is_top5,lag_21_avg_diff_coins,0.5669277256327169,0.2871215904582458,60
3F_A,target_is_top5,ewm_efficiency_momentum_7v21,0.5645022576934006,0.28177406263249705,60
3F_A,target_is_top5,month_progress,0.5643150002987548,0.29848847681383395,60
3F_A,target_is_top5,days_since_first_seen,0.5559125572768131,0.35315236271155337,60
3F_A,target_is_top5,rolling_avg_efficiency_14d,0.5547546058213805,0.3605659659644189,60
3F_A,target_is_top5,rolling_std_efficiency_7d,0.5489731328461803,0.3952255516671199,60
3F_A,target_is_top5,ewm_avg_diff_7d_zscore,0.5488846865124962,0.3864276339030905,60
3F_A,target_is_top5,rolling_avg_efficiency_7d,0.5473716872638156,0.32123994200439754,60
3F_A,target_is_top5,lag_21_efficiency,0.5465148095881449,0.3787729528017304,60
3F_A,target_is_top5,lag_14_total_games,0.5417308937559794,0.2665224730236827,60
3F_A,target_is_top5,lag_7_efficiency,0.5406129897555036,0.3022612984076654,60
3F_A,target_is_top5,rolling_avg_games_28d,0.5309106967969757,0.24513986158871673,60
3F_A,target_is_top5,prior_top2_confidence,0.5307184646030759,0.28144243351703785,60
3F_A,target_is_top5,prior_rank1_rate_smooth,0.5210122221246772,0.27411217187425424,60
3F_A,target_is_top5,rank_pct_std_14d,0.5151335564019422,0.28547888719725784,60
3F_A,target_is_top5,ewm_efficiency_7d,0.5148444184072934,0.27727019914132084,60
3F_A,target_is_top5,rolling_avg_diff_28d_rank_pct,0.5103854669146839,0.3211009565915773,60
3F_A,target_is_top5,day_of_month,0.4977196646558746,0.26652646068297214,60
3F_A,target_is_top5,ewm_rank_30d,0.4889844497317615,0.2689484484035168,60
3F_A,target_is_top5,diff_delta_1_vs_7,0.48596660841004535,0.2748743468866448,60
3F_A,target_is_top5,rolling_avg_diff_14d,0.4734492431002002,0.32320222170930346,60
3F_A,target_is_top5,ewm_avg_diff_21d_vs_mean,0.4727985155814223,0.34024777058817146,60
3F_A,target_is_top5,rolling_std_diff_14d,0.4668139352219924,0.2898831104192243,60
3F_A,target_is_top5,rolling_avg_diff_14d_vs_mean,0.46349329390845845,0.2887004017189106,60
3F_A,target_is_top5,ewm_avg_diff_7d_rank_pct,0.4499903508486171,0.32647828681443203,60
3F_A,target_is_top5,ewm_efficiency_7d_vs_mean,0.44464674346797495,0.27714761099389124,60
3F_A,target_is_top5,rank_pct_avg_1m,0.4417472157994669,0.299371131915854,60
3F_A,target_is_top5,rolling_avg_diff_14d_rank_pct,0.43364126248282353,0.29722566339186574,60
3F_A,target_is_top5,days_since_first_seen_raw,0.43271738190028175,0.3218477109561009,60
3F_A,target_is_top5,ewm_efficiency_21d,0.4218010553256313,0.28338522413531986,60
3F_A,target_is_top5,rolling_avg_efficiency_7d_zscore,0.4216793177840552,0.3038221543206943,60
3F_A,target_is_top5,days_since_first_seen_effective,0.4182049700724039,0.2864254109071251,60
3F_A,target_is_top5,prior_avg_rank_pct,0.41351416707840466,0.3211576675887625,60
3F_A,target_is_top5,ewm_avg_diff_7d_vs_mean,0.41346167030361586,0.2940743738739442,60
3F_A,target_is_top5,ewm_avg_diff_21d,0.3956558864918309,0.2586743251307279,60
3F_A,target_is_top5,prior_top3_confidence,0.392248418343739,0.2400225084447613,60
3F_A,target_is_top5,prior_top5_rate_smooth,0.37731260855544824,0.20430751648914755,60
3F_A,target_is_top5,lag_7_total_games,0.37160127050716496,0.24111095224675985,60
3F_A,target_is_top5,prior_top3_rate_smooth,0.3607460422602078,0.24626655694022526,60
3F_A,target_is_top5,event_group,0.35758060858986,0.2308908184577479,60
3F_A,target_is_top5,days_since_last_top3,0.35563525452931155,0.2868590624562649,60
3F_A,target_is_top5,lag_1_avg_diff_coins_rank_pct,0.34669783300407886,0.2190208252453538,60
3F_A,target_is_top5,ewm_avg_diff_21d_zscore,0.33039045958652746,0.23142980329321072,60
3F_A,target_is_top5,rank_trend_2m_vs_3m,0.32644882298223815,0.16053022323414118,60
3F_A,target_is_top5,lag1_segment_rank_pct,0.3156395641902369,0.23726245884833988,60
3F_A,target_is_top5,ewm_diff_momentum_7v21,0.27758945191201856,0.1849621057309641,60
3F_A,target_is_top5,ewm_avg_diff_21d_rank_pct,0.2728187878894788,0.2126228131081344,60
3F_A,target_is_top5,prior_top5_rate,0.2430326950376953,0.2147909360872105,60
3F_A,target_is_top5,prior_top3_rate,0.22832194554944074,0.22312440994619007,60
3F_A,target_is_top5,days_since_last_top5,0.2220364857905632,0.1847375064027209,60
3F_A,target_is_top5,rolling_std_diff_7d,0.206013167976769,0.15794754984031495,60
3F_A,target_is_top5,days_since_first_seen_bin,0.19575707786535607,0.1853535026987885,60
3F_A,target_is_top5,count_delta_1d,0.16348023329145706,0.07240816320614443,60
3F_A,target_is_top5,count_delta_14d,0.15395952810411265,0.14738606285320638,60
3F_A,target_is_top5,hall_machine_type_count,0.15263014178831769,0.1529564884868542,60
3F_A,target_is_top5,same_weekday_top3_rate,0.1506036399859473,0.08199334882764299,60
3F_A,target_is_top5,machine_count,0.14966466737833448,0.15851975081872793,60
3F_A,target_is_top5,count_delta_1d_bin,0.1463748976316374,0.0617502243609161,60
3F_A,target_is_top5,is_event_day,0.11964283861219868,0.1712257839538705,60
3F_A,target_is_top5,count_delta_7d_bin,0.1130332690696532,0.14549218895849406,60
3F_A,target_is_top5,count_delta_7d,0.10056621278411453,0.12097467837561691,60
3F_A,target_is_top5,rank_trend_1m_available,0.08533540454638128,0.19041644602436866,60
3F_A,target_is_top5,rank_trend_2m_available,0.06806928042638204,0.12016887160962911,60
3F_A,target_is_top5,same_weekday_top5_rate,0.06780649417739655,0.09035781141074964,60
3F_A,target_is_top5,count_delta_3d,0.0331992592467798,0.058381554316450805,60
3F_A,target_is_top5,hana_flag,0.027894591515882895,0.08286327252416174,60
3F_A,target_is_top5,new_machine_flag_effective,0.019082602739207373,0.02385994526619094,60
3F_A,target_is_top5,jug_flag,0.015958395015991847,0.061147988307518344,60
3F_A,target_is_top5,is_month_end_event,0.010423899240932974,0.02367281009715304,60
3F_A,target_is_top5,new_machine_flag_raw,0.009521465207955916,0.014907590850027233,60
3F_A,target_is_top5,bt_flag,0.008787007080175099,0.033313160445537414,60
3F_A,target_is_top5,count_increase_flag,0.008532707802582022,0.015007251954698854,60
3F_A,target_is_top5,is_thursday,0.004025468451126061,0.01906248643425479,60
3F_A,target_is_top5,atype_is_a,0.0,0.0,60
3F_A,target_is_top5,atype_is_n,0.0,0.0,60
3F_A,target_is_top5,count_decrease_flag,0.0,0.0,60
3F_A,target_is_top5,days_since_last_count_decrease,0.0,0.0,60
3F_A,target_is_top5,days_since_last_rank1,0.0,0.0,60
3F_A,target_is_top5,days_since_last_top2,0.0,0.0,60
3F_A,target_is_top5,floor_is_2f,0.0,0.0,60
3F_A,target_is_top5,floor_is_3f,0.0,0.0,60
3F_A,target_is_top5,is_a_type,0.0,0.0,60
3F_A,target_is_top5,is_left_censored,0.0,0.0,60
3F_A,target_is_top5,oki_flag,0.0,0.0,60
3F_A,target_is_top5,prior_rank1_rate,0.0,0.0,60
3F_A,target_is_top5,prior_top2_rate,0.0,0.0,60
3F_A,target_is_top5,same_weekday_rank1_rate,0.0,0.0,60
3F_A,target_is_top5,same_weekday_top2_rate,0.0,0.0,60
3F_N,target_is_top3,ewm_rank_momentum_7v30,3.324146248879828,0.8139382786976423,60
3F_N,target_is_top3,prior_top5_rate_smooth,2.6508748428554703,0.5722585107556356,60
3F_N,target_is_top3,hall_avg_diff_yesterday,2.2852475627904414,0.8486497516012816,60
3F_N,target_is_top3,hall_machine_type_count,2.1230716409479418,0.4811428013522401,60
3F_N,target_is_top3,prior_segment_top1_rate,2.028667851474774,0.6562318872463045,60
3F_N,target_is_top3,prior_rank1_rate,1.9047238996929179,0.5616219669392952,60
3F_N,target_is_top3,lag_7_total_games,1.633705654585549,0.894715755053334,60
3F_N,target_is_top3,hall_total_games_yesterday,1.6117074983779425,0.5436984409967607,60
3F_N,target_is_top3,rolling_avg_games_7d_zscore,1.5908966118356447,0.7164702431438336,60
3F_N,target_is_top3,same_weekday_top3_rate,1.4128753783642103,0.5887747362202278,60
3F_N,target_is_top3,day_of_week,1.4041716255035879,0.534300503569074,60
3F_N,target_is_top3,diff_delta_1_vs_14,1.3894501768878527,0.6273222545152279,60
3F_N,target_is_top3,lag_14_avg_diff_coins_rank_pct,1.31933120632249,0.5526950068212187,60
3F_N,target_is_top3,rolling_avg_games_7d_vs_mean,1.2455944969135702,0.647467463343574,60
3F_N,target_is_top3,lag_7_avg_diff_coins_rank_pct,1.2201493601828992,0.4330019772381691,60
3F_N,target_is_top3,lag_3_avg_diff_coins_rank_pct,1.2123037401783505,0.40907258005973063,60
3F_N,target_is_top3,prior_rank1_rate_smooth,1.2105731443539127,0.5802583159686364,60
3F_N,target_is_top3,hall_avg_efficiency_yesterday,1.132802634776639,0.45870802687659734,60
3F_N,target_is_top3,rolling_avg_games_14d,1.0958889195884132,0.5996172958662577,60
3F_N,target_is_top3,rank_trend_1m_vs_2m,1.0335592120737715,0.5009080655433712,60
3F_N,target_is_top3,hall_diff_spread_yesterday,1.0316688621962815,0.516545323848159,60
3F_N,target_is_top3,rolling_avg_games_7d,1.0247837857328923,0.5045748517954243,60
3F_N,target_is_top3,ewm_rank_7d,0.9830221286133256,0.5231400376656912,60
3F_N,target_is_top3,rolling_avg_games_7d_rank_pct,0.9746213233808659,0.48406077207878606,60
3F_N,target_is_top3,rolling_avg_diff_28d_zscore,0.9585260913705197,0.5563743696195007,60
3F_N,target_is_top3,same_weekday_top2_rate,0.953638798809433,0.4634028577836327,60
3F_N,target_is_top3,rolling_avg_games_28d,0.9420530096477094,0.5220786821331695,60
3F_N,target_is_top3,rolling_avg_games_14d_vs_mean,0.9028898975126504,0.4486374913707188,60
3F_N,target_is_top3,rank_pct_avg_2m,0.876503686544283,0.4235069738791946,60
3F_N,target_is_top3,lag_3_avg_diff_coins_zscore,0.872782544452343,0.5294156960046413,60
3F_N,target_is_top3,rolling_avg_games_14d_rank_pct,0.830933658714418,0.38110908274122296,60
3F_N,target_is_top3,lag_1_avg_diff_coins_rank_pct,0.8275031777523576,0.35595253191548465,60
3F_N,target_is_top3,rank_pct_std_14d,0.8249217980960384,0.35701007741672225,60
3F_N,target_is_top3,lag_7_avg_diff_coins,0.8210338842207612,0.4097692467004162,60
3F_N,target_is_top3,ewm_diff_momentum_7v21,0.817841206806022,0.4212750426590231,60
3F_N,target_is_top3,lag_14_avg_diff_coins_vs_mean,0.7987950877937497,0.3536685029297719,60
3F_N,target_is_top3,rank_trend_2m_vs_3m,0.7847283372738993,0.33746131341840446,60
3F_N,target_is_top3,lag_1_avg_diff_coins,0.7815451681855692,0.3684781623705953,60
3F_N,target_is_top3,lag_3_avg_diff_coins_vs_mean,0.7696210043061356,0.35113289173039447,60
3F_N,target_is_top3,same_weekday_rolling_rank_sum_3,0.7674511573538781,0.4931142556779846,60
3F_N,target_is_top3,rolling_avg_diff_28d,0.7673332734759875,0.37756405459636094,60
3F_N,target_is_top3,lag_1_efficiency,0.7564937018108701,0.3929283447952701,60
3F_N,target_is_top3,lag_1_total_games,0.7498541307064189,0.405050895486403,60
3F_N,target_is_top3,month_progress,0.735769983448293,0.3979144625161915,60
3F_N,target_is_top3,lag_3_avg_diff_coins,0.7270834642393567,0.4236229067677692,60
3F_N,target_is_top3,lag_7_efficiency,0.7245126182791229,0.3452690720425367,60
3F_N,target_is_top3,lag_14_efficiency,0.7241889474138101,0.36641253591425405,60
3F_N,target_is_top3,rolling_avg_games_14d_zscore,0.722598827072164,0.43993858351015197,60
3F_N,target_is_top3,prior_avg_rank_pct,0.7168242753014107,0.38769519029456945,60
3F_N,target_is_top3,ewm_avg_diff_21d_rank_pct,0.7155870754369598,0.26623213059018225,60
3F_N,target_is_top3,prior_top2_rate_smooth,0.6968948315866694,0.338912753925225,60
3F_N,target_is_top3,rolling_avg_efficiency_7d_zscore,0.6965017678543217,0.5033755570248392,60
3F_N,target_is_top3,lag_7_avg_diff_coins_vs_mean,0.6859229493366423,0.3364345154775952,60
3F_N,target_is_top3,lag_1_avg_diff_coins_zscore,0.6805502818378988,0.2828505120635899,60
3F_N,target_is_top3,same_weekday_rank1_rate,0.6770926513373434,0.34052382371818113,60
3F_N,target_is_top3,lag_21_avg_diff_coins,0.6728514834727111,0.3760452326951577,60
3F_N,target_is_top3,prior_top3_rate_smooth,0.6713188122993317,0.3857576829305295,60
3F_N,target_is_top3,prior_top5_rate,0.6709948405480374,0.2998561357848956,60
3F_N,target_is_top3,lag1_segment_rank_pct,0.6698220756812099,0.32089587039780526,60
3F_N,target_is_top3,rolling_avg_diff_28d_vs_mean,0.6659078066469004,0.3764108904562244,60
3F_N,target_is_top3,prior_top2_rate,0.6398475041217945,0.3833620186796159,60
3F_N,target_is_top3,days_since_last_count_increase,0.6350245634669496,0.36374579889993086,60
3F_N,target_is_top3,eff_delta_1_vs_7,0.6321140052527806,0.378915665317691,60
3F_N,target_is_top3,ewm_efficiency_7d_zscore,0.6217590631094649,0.35392388411856535,60
3F_N,target_is_top3,rolling_avg_diff_7d_rank_pct,0.6177498663892383,0.28561332171601,60
3F_N,target_is_top3,lag_14_avg_diff_coins_zscore,0.6004787178841519,0.30300381547293814,60
3F_N,target_is_top3,rank_pct_avg_3m,0.5919768047922422,0.347535444951988,60
3F_N,target_is_top3,rank_pct_rolling_7d,0.5881835592028539,0.3660311054714868,60
3F_N,target_is_top3,rolling_avg_efficiency_28d,0.5867528816808474,0.3507723550927244,60
3F_N,target_is_top3,ewm_efficiency_momentum_7v21,0.5660981002478908,0.3160741716764731,60
3F_N,target_is_top3,same_weekday_avg_rank_pct,0.5641579096716047,0.32145544391151537,60
3F_N,target_is_top3,eff_delta_1_vs_14,0.557539799410721,0.2823790578425849,60
3F_N,target_is_top3,lag_7_avg_diff_coins_zscore,0.5558822810258018,0.36456126738290556,60
3F_N,target_is_top3,weekday_segment_top1_rate,0.5541280357028782,0.2893457235997849,60
3F_N,target_is_top3,rank_trend_acceleration,0.5498098071035916,0.34104860103107043,60
3F_N,target_is_top3,day_of_month,0.5420479352353882,0.32151905963324445,60
3F_N,target_is_top3,rolling_avg_diff_14d_zscore,0.5351577318904618,0.30813492072705617,60
3F_N,target_is_top3,lag_1_avg_diff_coins_vs_mean,0.5285328190380136,0.2756624842020841,60
3F_N,target_is_top3,ewm_efficiency_7d,0.5255426707966625,0.2982392984113808,60
3F_N,target_is_top3,days_since_last_top5,0.5172377753560888,0.22836983990743084,60
3F_N,target_is_top3,machine_count,0.4999389084466758,0.31424576800164145,60
3F_N,target_is_top3,rolling_avg_diff_28d_rank_pct,0.49909544197204186,0.29795077107471024,60
3F_N,target_is_top3,days_since_first_seen_raw,0.49421721022445675,0.2199129239900263,60
3F_N,target_is_top3,rolling_avg_diff_14d,0.4918583310317296,0.2814115057993806,60
3F_N,target_is_top3,rolling_avg_efficiency_7d_rank_pct,0.4918042626511316,0.2860455990617964,60
3F_N,target_is_top3,rolling_std_efficiency_7d,0.4915711251467677,0.2874810428904386,60
3F_N,target_is_top3,lag_14_avg_diff_coins,0.4907661030735362,0.2632426959084682,60
3F_N,target_is_top3,lag_21_efficiency,0.4895572225606447,0.3053868586032084,60
3F_N,target_is_top3,diff_delta_1_vs_7,0.48435299131993664,0.24093683784156814,60
3F_N,target_is_top3,prior_rank1_confidence,0.47281386303056727,0.22715756446003268,60
3F_N,target_is_top3,rolling_std_diff_14d,0.4662132504634482,0.3516394942625313,60
3F_N,target_is_top3,lag_1_efficiency_vs_mean,0.45874764483264147,0.3533352984906585,60
3F_N,target_is_top3,lag_1_efficiency_rank_pct,0.43974701218503764,0.2747687520497212,60
3F_N,target_is_top3,lag_21_total_games,0.43639467808121307,0.23054147691964547,60
3F_N,target_is_top3,rolling_std_diff_7d,0.4350494347158605,0.2922837775519757,60
3F_N,target_is_top3,days_since_first_seen_effective,0.4324799215563893,0.24082786664608583,60
3F_N,target_is_top3,ewm_avg_diff_21d,0.4315321404893745,0.2788514016023255,60
3F_N,target_is_top3,prior_top5_confidence,0.4296689485568746,0.20523011504401634,60
3F_N,target_is_top3,rolling_avg_efficiency_14d_rank_pct,0.42696386069061254,0.2850978441912146,60
3F_N,target_is_top3,lag_14_total_games,0.42163361517524306,0.2566161281578262,60
3F_N,target_is_top3,same_weekday_top5_rate,0.41574058431122335,0.21628981196146685,60
3F_N,target_is_top3,rolling_avg_efficiency_7d_vs_mean,0.4152849027693995,0.28697777929932855,60
3F_N,target_is_top3,rolling_avg_diff_14d_vs_mean,0.41155946682075334,0.23435743896877861,60
3F_N,target_is_top3,count_delta_14d,0.4044956890128749,0.23241575323012528,60
3F_N,target_is_top3,rolling_avg_efficiency_28d_vs_mean,0.4032635777860883,0.24870241140343674,60
3F_N,target_is_top3,prior_top2_confidence,0.40219581225060624,0.22017170006883285,60
3F_N,target_is_top3,rolling_avg_efficiency_28d_zscore,0.40205900177301923,0.2888285498317909,60
3F_N,target_is_top3,ewm_efficiency_7d_vs_mean,0.39952522576073074,0.23198386383722205,60
3F_N,target_is_top3,ewm_avg_diff_7d_zscore,0.3979100097572219,0.2693856814121657,60
3F_N,target_is_top3,ewm_avg_diff_21d_zscore,0.39288565145837645,0.295814053280316,60
3F_N,target_is_top3,rolling_avg_diff_7d_vs_mean,0.38984951623739617,0.24605670878502073,60
3F_N,target_is_top3,rolling_std_efficiency_14d,0.3871881127367753,0.21722330080459412,60
3F_N,target_is_top3,rank_pct_trend_7vs28,0.38694929746779305,0.30771094848015257,60
3F_N,target_is_top3,event_group,0.3761847464562727,0.28420366864018576,60
3F_N,target_is_top3,prior_top3_confidence,0.3680693010934377,0.22890313172192692,60
3F_N,target_is_top3,days_since_first_seen,0.36706572735189336,0.27564870422188315,60
3F_N,target_is_top3,rank_pct_avg_1m,0.366320406487404,0.2751827307012487,60
3F_N,target_is_top3,lag_1_efficiency_zscore,0.36283691631628284,0.2298645270498103,60
3F_N,target_is_top3,ewm_efficiency_21d,0.35548121693921403,0.3085172252647447,60
3F_N,target_is_top3,rolling_avg_efficiency_28d_rank_pct,0.3505652321099789,0.2655893561474029,60
3F_N,target_is_top3,ewm_avg_diff_7d,0.34899311738210514,0.20372911417623724,60
3F_N,target_is_top3,days_since_last_rank1,0.3483570245791427,0.2368161861788815,60
3F_N,target_is_top3,is_thursday,0.3474809341241119,0.2505783394124758,60
3F_N,target_is_top3,rolling_avg_efficiency_14d_vs_mean,0.34563926187717775,0.25197295979723766,60
3F_N,target_is_top3,rolling_avg_efficiency_7d,0.34269039715332744,0.2975448139482353,60
3F_N,target_is_top3,rank_pct_rolling_28d,0.3386461086380354,0.23585577849529488,60
3F_N,target_is_top3,rolling_avg_diff_7d,0.3367895224750591,0.24333121693706294,60
3F_N,target_is_top3,ewm_avg_diff_7d_vs_mean,0.33137328975314695,0.20575563241945385,60
3F_N,target_is_top3,ewm_rank_30d,0.3306205762328222,0.2083729459169789,60
3F_N,target_is_top3,rolling_avg_efficiency_14d,0.3264919646740305,0.22251996277419533,60
3F_N,target_is_top3,ewm_avg_diff_21d_vs_mean,0.3264899959812329,0.2120340065090404,60
3F_N,target_is_top3,ewm_avg_diff_7d_rank_pct,0.32293760205206273,0.23215989080929111,60
3F_N,target_is_top3,days_since_last_top3,0.309276702748838,0.20384982913026933,60
3F_N,target_is_top3,prior_top3_rate,0.3015111168756789,0.20061196857843747,60
3F_N,target_is_top3,ewm_efficiency_7d_rank_pct,0.29869003751236517,0.24777476803215862,60
3F_N,target_is_top3,rolling_avg_diff_7d_zscore,0.2916036634647328,0.2627790933092937,60
3F_N,target_is_top3,days_since_last_top2,0.2765119460988921,0.2000916584932218,60
3F_N,target_is_top3,days_since_last_count_decrease,0.2730338674233754,0.22475041154966272,60
3F_N,target_is_top3,rolling_avg_diff_14d_rank_pct,0.25573131568181406,0.18382682913929033,60
3F_N,target_is_top3,rolling_avg_efficiency_14d_zscore,0.2507775118048631,0.21825725535356327,60
3F_N,target_is_top3,is_event_day,0.21616553297178376,0.23021316911921494,60
3F_N,target_is_top3,count_delta_7d_bin,0.12104523628468605,0.07731477477465838,60
3F_N,target_is_top3,days_since_first_seen_bin,0.10448353841453188,0.10952968285993984,60
3F_N,target_is_top3,count_delta_7d,0.07802521427336408,0.07511285594130103,60
3F_N,target_is_top3,rank_trend_2m_available,0.03771486745814145,0.09027499451916769,60
3F_N,target_is_top3,count_delta_3d,0.03189439816365176,0.03244839415923914,60
3F_N,target_is_top3,is_month_end_event,0.01489326129054464,0.039202441914032896,60
3F_N,target_is_top3,count_delta_1d,0.011968315031456818,0.013787166837881507,60
3F_N,target_is_top3,count_delta_1d_bin,0.01054389575549265,0.019805396326567293,60
3F_N,target_is_top3,new_machine_flag_raw,0.006322372561917966,0.01105794731954227,60
3F_N,target_is_top3,count_decrease_flag,0.005205280698498485,0.012757590779780652,60
3F_N,target_is_top3,rank_trend_1m_available,0.0024343394198488287,0.011851264833188775,60
3F_N,target_is_top3,count_increase_flag,0.0015970503142325929,0.003332395540212574,60
3F_N,target_is_top3,new_machine_flag_effective,0.0014924352138785649,0.011264565461220297,60
3F_N,target_is_top3,atype_is_a,0.0,0.0,60
3F_N,target_is_top3,atype_is_n,0.0,0.0,60
3F_N,target_is_top3,bt_flag,0.0,0.0,60
3F_N,target_is_top3,floor_is_2f,0.0,0.0,60
3F_N,target_is_top3,floor_is_3f,0.0,0.0,60
3F_N,target_is_top3,hana_flag,0.0,0.0,60
3F_N,target_is_top3,is_a_type,0.0,0.0,60
3F_N,target_is_top3,is_left_censored,0.0,0.0,60
3F_N,target_is_top3,jug_flag,0.0,0.0,60
3F_N,target_is_top3,oki_flag,0.0,0.0,60
3F_N,target_is_top5,same_weekday_rolling_rank_sum_3,3.4746805649634362,0.7531955950755058,60
3F_N,target_is_top5,hall_machine_type_count,1.962542408807405,0.4744180916337689,60
3F_N,target_is_top5,ewm_rank_momentum_7v30,1.7574540529528853,0.524850397121541,60
3F_N,target_is_top5,rank_pct_avg_2m,1.633713087660162,0.4882935335769877,60
3F_N,target_is_top5,hall_total_games_yesterday,1.6149178673570408,0.7348796271856417,60
3F_N,target_is_top5,lag_14_avg_diff_coins_vs_mean,1.3815960662371476,0.5158400391652963,60
3F_N,target_is_top5,prior_rank1_rate_smooth,1.3713745715920114,0.563704021675171,60
3F_N,target_is_top5,rank_pct_std_14d,1.333037568697473,0.3794004330321681,60
3F_N,target_is_top5,lag_14_avg_diff_coins_rank_pct,1.2455334468666952,0.4429889197283632,60
3F_N,target_is_top5,prior_top5_rate_smooth,1.2447617744190898,0.42894376576164295,60
3F_N,target_is_top5,prior_segment_top1_rate,1.2174694408635647,0.4138635556057426,60
3F_N,target_is_top5,ewm_efficiency_7d_rank_pct,1.2139817148514662,0.6053554775849483,60
3F_N,target_is_top5,ewm_avg_diff_21d,1.2122106093078129,0.3539092686614393,60
3F_N,target_is_top5,lag_7_avg_diff_coins,1.1819561608649727,0.5595956934749967,60
3F_N,target_is_top5,rolling_avg_diff_28d,1.1774300753837337,0.555921319919396,60
3F_N,target_is_top5,ewm_diff_momentum_7v21,1.1769074164132836,0.39665709978872193,60
3F_N,target_is_top5,rolling_avg_efficiency_28d_zscore,1.1529745619844476,0.5730771423596656,60
3F_N,target_is_top5,lag_14_avg_diff_coins,1.0562833050480513,0.3759553039071876,60
3F_N,target_is_top5,lag_21_avg_diff_coins,1.047687215776783,0.4149446428746595,60
3F_N,target_is_top5,rank_pct_avg_3m,1.0350417582914317,0.436250769309615,60
3F_N,target_is_top5,eff_delta_1_vs_7,1.0297963846551297,0.4678140388869871,60
3F_N,target_is_top5,rank_pct_rolling_28d,1.0247013495870747,0.6557618199438013,60
3F_N,target_is_top5,diff_delta_1_vs_7,0.9852752634518193,0.37804749725858533,60
3F_N,target_is_top5,lag_3_avg_diff_coins,0.9710534422483501,0.40229467512738626,60
3F_N,target_is_top5,rolling_avg_efficiency_28d_rank_pct,0.9646495438540976,0.4530003346601061,60
3F_N,target_is_top5,ewm_rank_7d,0.9628313311413019,0.43633095677324985,60
3F_N,target_is_top5,rolling_avg_efficiency_28d_vs_mean,0.9542085039075016,0.3559905302531757,60
3F_N,target_is_top5,rolling_avg_games_14d_rank_pct,0.9452337487240425,0.5572419758693491,60
3F_N,target_is_top5,rolling_std_diff_7d,0.9270661004134307,0.38690928822986975,60
3F_N,target_is_top5,lag_7_avg_diff_coins_zscore,0.9205159129298645,0.48766550789055196,60
3F_N,target_is_top5,same_weekday_rank1_rate,0.9120203773445806,0.32779576513680575,60
3F_N,target_is_top5,lag_14_avg_diff_coins_zscore,0.911087204995986,0.4506167636129406,60
3F_N,target_is_top5,lag_3_avg_diff_coins_zscore,0.8982340942379284,0.36628896339069517,60
3F_N,target_is_top5,rank_trend_acceleration,0.8970769179957171,0.350576491028373,60
3F_N,target_is_top5,rolling_avg_games_14d,0.8967057949890223,0.5271019932695545,60
3F_N,target_is_top5,rank_pct_avg_1m,0.893378332190963,0.4161737940722911,60
3F_N,target_is_top5,lag_1_avg_diff_coins_rank_pct,0.8856546964811882,0.394917999081484,60
3F_N,target_is_top5,lag_14_total_games,0.8616074473561041,0.34139554881610945,60
3F_N,target_is_top5,lag_14_efficiency,0.8564176125685891,0.36971113079878337,60
3F_N,target_is_top5,hall_avg_diff_yesterday,0.8553109527250381,0.316190379494647,60
3F_N,target_is_top5,lag_21_efficiency,0.843984172593378,0.3981568928905799,60
3F_N,target_is_top5,ewm_efficiency_momentum_7v21,0.8082546170843316,0.5878914539607349,60
3F_N,target_is_top5,same_weekday_top3_rate,0.796183624507935,0.3332100933557997,60
3F_N,target_is_top5,lag1_segment_rank_pct,0.7891364511018417,0.4176414784491504,60
3F_N,target_is_top5,month_progress,0.7847189611975716,0.3547334493052526,60
3F_N,target_is_top5,hall_diff_spread_yesterday,0.7748380493949367,0.4475887652296575,60
3F_N,target_is_top5,day_of_week,0.7676125446458193,0.4451050937604112,60
3F_N,target_is_top5,rolling_avg_games_7d_vs_mean,0.7632488177967028,0.41106076177558976,60
3F_N,target_is_top5,rolling_avg_games_7d_zscore,0.7578951495986197,0.3183345749430867,60
3F_N,target_is_top5,lag_7_total_games,0.7523719411296969,0.278111880959777,60
3F_N,target_is_top5,lag_21_total_games,0.7514080215300835,0.4728398641783436,60
3F_N,target_is_top5,ewm_avg_diff_21d_zscore,0.7246090513481142,0.33548860696383326,60
3F_N,target_is_top5,lag_3_avg_diff_coins_vs_mean,0.7239164690851696,0.28132779236112987,60
3F_N,target_is_top5,hall_avg_efficiency_yesterday,0.7106340134149277,0.32888370695370156,60
3F_N,target_is_top5,prior_rank1_rate,0.7106183072902941,0.3672077450728191,60
3F_N,target_is_top5,rolling_avg_diff_28d_rank_pct,0.7002138468596272,0.3517009644514664,60
3F_N,target_is_top5,days_since_last_top3,0.6897939122964074,0.36374106857776245,60
3F_N,target_is_top5,rolling_avg_diff_28d_zscore,0.6833748820322251,0.33448832125611855,60
3F_N,target_is_top5,lag_1_avg_diff_coins_zscore,0.6828782714586189,0.3644196196895229,60
3F_N,target_is_top5,lag_7_avg_diff_coins_rank_pct,0.6795120451342428,0.2962765791884246,60
3F_N,target_is_top5,lag_1_avg_diff_coins,0.6689517709066822,0.29687502116821585,60
3F_N,target_is_top5,rolling_avg_games_14d_vs_mean,0.6621701637207121,0.32443385248320644,60
3F_N,target_is_top5,rank_trend_2m_vs_3m,0.6592930802587199,0.3178734659638237,60
3F_N,target_is_top5,ewm_avg_diff_21d_rank_pct,0.6584640656064665,0.3370203381782513,60
3F_N,target_is_top5,lag_1_total_games,0.6533288668800183,0.2927993724140334,60
3F_N,target_is_top5,lag_1_avg_diff_coins_vs_mean,0.6501765769400457,0.3057365548076353,60
3F_N,target_is_top5,rolling_avg_diff_14d,0.646550355811896,0.3061697917894128,60
3F_N,target_is_top5,lag_7_avg_diff_coins_vs_mean,0.6442173365356427,0.3434874643624336,60
3F_N,target_is_top5,ewm_avg_diff_7d_rank_pct,0.6422395342518203,0.3322646619209545,60
3F_N,target_is_top5,same_weekday_avg_rank_pct,0.6377603340996743,0.32765370601681326,60
3F_N,target_is_top5,prior_top5_rate,0.6374333142007116,0.3470573214935954,60
3F_N,target_is_top5,days_since_last_top5,0.6301818358281431,0.34185632696340623,60
3F_N,target_is_top5,prior_top3_rate_smooth,0.6271130494053687,0.28559955285317395,60
3F_N,target_is_top5,rolling_avg_diff_28d_vs_mean,0.6196440767167818,0.30101982981253983,60
3F_N,target_is_top5,rolling_avg_efficiency_28d,0.612178128986597,0.3104763176734859,60
3F_N,target_is_top5,eff_delta_1_vs_14,0.601027703672452,0.33879117077043386,60
3F_N,target_is_top5,lag_7_efficiency,0.5947468139823883,0.3040681220313462,60
3F_N,target_is_top5,diff_delta_1_vs_14,0.5940652025353639,0.2943117312300446,60
3F_N,target_is_top5,rolling_avg_games_14d_zscore,0.5938821296583978,0.2556132355643448,60
3F_N,target_is_top5,ewm_efficiency_21d,0.5880631568380346,0.33483715660141805,60
3F_N,target_is_top5,ewm_efficiency_7d,0.5739215640311026,0.36401023737041516,60
3F_N,target_is_top5,ewm_efficiency_7d_vs_mean,0.5702559571996862,0.2758353532693551,60
3F_N,target_is_top5,lag_3_avg_diff_coins_rank_pct,0.5689073268313521,0.337190962438551,60
3F_N,target_is_top5,rolling_avg_games_7d,0.5662531472077359,0.29673536661757094,60
3F_N,target_is_top5,rolling_avg_efficiency_14d,0.5613140093751691,0.2860544277011115,60
3F_N,target_is_top5,rank_pct_trend_7vs28,0.5548492115010799,0.33529368186584374,60
3F_N,target_is_top5,prior_top3_rate,0.543939927336403,0.29957408070686525,60
3F_N,target_is_top5,ewm_avg_diff_7d_zscore,0.5412965025539617,0.28967858602074686,60
3F_N,target_is_top5,prior_avg_rank_pct,0.529255735398053,0.2878834273862663,60
3F_N,target_is_top5,rolling_avg_efficiency_7d_vs_mean,0.5282100473650891,0.36591663107239736,60
3F_N,target_is_top5,ewm_avg_diff_7d,0.5238916360503437,0.3056249160570129,60
3F_N,target_is_top5,rolling_avg_diff_7d_rank_pct,0.5232995191128721,0.2503874191237864,60
3F_N,target_is_top5,lag_1_efficiency,0.5184583195804428,0.21153902092610152,60
3F_N,target_is_top5,ewm_avg_diff_7d_vs_mean,0.5179332565235188,0.28318975683741354,60
3F_N,target_is_top5,lag_1_efficiency_vs_mean,0.5126822753585475,0.28400523525775895,60
3F_N,target_is_top5,ewm_avg_diff_21d_vs_mean,0.5074852451398219,0.28204967469440695,60
3F_N,target_is_top5,rank_pct_rolling_7d,0.5044714470672443,0.21551696414805097,60
3F_N,target_is_top5,prior_top2_rate_smooth,0.4957029277223165,0.2954295072883139,60
3F_N,target_is_top5,day_of_month,0.484658872744309,0.2189333495056752,60
3F_N,target_is_top5,rolling_avg_games_28d,0.48117141057338075,0.29778744956077724,60
3F_N,target_is_top5,rolling_avg_efficiency_14d_vs_mean,0.48010428635080926,0.2877994358998306,60
3F_N,target_is_top5,same_weekday_top5_rate,0.4725293541412243,0.2781436646793575,60
3F_N,target_is_top5,rolling_std_efficiency_7d,0.4703013700034601,0.32278373442722313,60
3F_N,target_is_top5,rank_trend_1m_vs_2m,0.4633975699140103,0.2871509114090568,60
3F_N,target_is_top5,machine_count,0.4477129278241542,0.30466488875814735,60
3F_N,target_is_top5,lag_1_efficiency_zscore,0.4457972155076104,0.2509433540654191,60
3F_N,target_is_top5,ewm_efficiency_7d_zscore,0.4456862525890853,0.25176001277050825,60
3F_N,target_is_top5,rolling_avg_games_7d_rank_pct,0.4451988922849192,0.23625402418503028,60
3F_N,target_is_top5,rolling_avg_diff_14d_vs_mean,0.4353454613136043,0.2792115672321799,60
3F_N,target_is_top5,rolling_avg_efficiency_14d_rank_pct,0.4316578008147458,0.2394864789350815,60
3F_N,target_is_top5,rolling_avg_efficiency_7d_rank_pct,0.42657287698381907,0.30551192843452807,60
3F_N,target_is_top5,rolling_avg_efficiency_14d_zscore,0.4194931585787216,0.27416307129878825,60
3F_N,target_is_top5,prior_top2_rate,0.41218998232105697,0.25823533761121764,60
3F_N,target_is_top5,ewm_rank_30d,0.41039122961812285,0.22325390811752413,60
3F_N,target_is_top5,rolling_avg_diff_14d_rank_pct,0.39402470951583596,0.23708543308675503,60
3F_N,target_is_top5,count_delta_14d,0.39279668345224567,0.19207889252841026,60
3F_N,target_is_top5,rolling_avg_efficiency_7d,0.3915855955706377,0.277909252032265,60
3F_N,target_is_top5,weekday_segment_top1_rate,0.3890930621431744,0.24521967734416977,60
3F_N,target_is_top5,rolling_avg_diff_14d_zscore,0.38778801333208973,0.2450910865455788,60
3F_N,target_is_top5,rolling_avg_efficiency_7d_zscore,0.3820267088108263,0.22696158502064123,60
3F_N,target_is_top5,days_since_last_count_decrease,0.37305333089568116,0.2599220940190464,60
3F_N,target_is_top5,days_since_last_rank1,0.35548806318638937,0.2311045270680137,60
3F_N,target_is_top5,rolling_std_diff_14d,0.33777650862060987,0.25887408902832737,60
3F_N,target_is_top5,lag_1_efficiency_rank_pct,0.33353313439703,0.21305937876034042,60
3F_N,target_is_top5,rolling_avg_diff_7d_zscore,0.3276120307850373,0.2041236555133526,60
3F_N,target_is_top5,same_weekday_top2_rate,0.3000515616631692,0.19599516379887627,60
3F_N,target_is_top5,prior_rank1_confidence,0.2978382284676566,0.18268301679226295,60
3F_N,target_is_top5,rolling_std_efficiency_14d,0.29145122840988474,0.1939532718234103,60
3F_N,target_is_top5,rolling_avg_diff_7d_vs_mean,0.28973180710330376,0.1927088757801405,60
3F_N,target_is_top5,days_since_last_count_increase,0.27993874870327545,0.22211784988319905,60
3F_N,target_is_top5,days_since_first_seen_raw,0.2691468721913305,0.1726700360547846,60
3F_N,target_is_top5,rolling_avg_diff_7d,0.26668704269720694,0.1688652558019674,60
3F_N,target_is_top5,days_since_last_top2,0.24252982472432863,0.1751951328915478,60
3F_N,target_is_top5,prior_top2_confidence,0.23019612687478622,0.16271377038476353,60
3F_N,target_is_top5,event_group,0.22795572805158804,0.17532495182849378,60
3F_N,target_is_top5,count_delta_7d,0.2249313305317941,0.1854870560587297,60
3F_N,target_is_top5,count_delta_7d_bin,0.22436373506261262,0.16499995607232687,60
3F_N,target_is_top5,prior_top3_confidence,0.2232949617328851,0.15434714640970235,60
3F_N,target_is_top5,days_since_first_seen,0.22315449086921085,0.14886618302214982,60
3F_N,target_is_top5,prior_top5_confidence,0.2148079562978808,0.14437561928567375,60
3F_N,target_is_top5,is_thursday,0.2010621870881303,0.1881230359604339,60
3F_N,target_is_top5,days_since_first_seen_effective,0.19688963413984267,0.1781558442971971,60
3F_N,target_is_top5,days_since_first_seen_bin,0.1066840254895184,0.10982623449497866,60
3F_N,target_is_top5,count_delta_3d,0.10278092377187249,0.10423964905871672,60
3F_N,target_is_top5,is_event_day,0.03678325822901467,0.061406187597447336,60
3F_N,target_is_top5,is_month_end_event,0.026550816765441094,0.05843428644306756,60
3F_N,target_is_top5,rank_trend_1m_available,0.022515009447713674,0.04701098083500397,60
3F_N,target_is_top5,rank_trend_2m_available,0.018295066122631258,0.046229233641808753,60
3F_N,target_is_top5,count_delta_1d_bin,0.016518959085711757,0.02427103440047558,60
3F_N,target_is_top5,count_delta_1d,0.015568248831604731,0.028258924021996864,60
3F_N,target_is_top5,count_decrease_flag,0.005267083153683823,0.014640998733277892,60
3F_N,target_is_top5,new_machine_flag_raw,0.002718538230226028,0.008370811693128605,60
3F_N,target_is_top5,count_increase_flag,0.002102722163282425,0.004377233241599802,60
3F_N,target_is_top5,atype_is_a,0.0,0.0,60
3F_N,target_is_top5,atype_is_n,0.0,0.0,60
3F_N,target_is_top5,bt_flag,0.0,0.0,60
3F_N,target_is_top5,floor_is_2f,0.0,0.0,60
3F_N,target_is_top5,floor_is_3f,0.0,0.0,60
3F_N,target_is_top5,hana_flag,0.0,0.0,60
3F_N,target_is_top5,is_a_type,0.0,0.0,60
3F_N,target_is_top5,is_left_censored,0.0,0.0,60
3F_N,target_is_top5,jug_flag,0.0,0.0,60
3F_N,target_is_top5,new_machine_flag_effective,0.0,0.0,60
3F_N,target_is_top5,oki_flag,0.0,0.0,60
