index,segment,avg_diff,avg_diff_other,win_rate,payout_rate,avg_diff_vs_other,hit@10,lift@10,hit@20,lift@20,hit@50,lift@50,test_date,variant,window,event_type
0,2F_L_N,-464.0,-137.8012048192771,28.000000000000004,93.70719816332212,-326.19879518072287,0.0,0.0,0.0,0.0,4.0,1.1424,2026-03-22,v8_dynamic,90,event
1,2F_R_N,-420.0,-141.1144578313253,32.0,96.0708197705537,-278.8855421686747,1.0,1.4280000000000002,1.0,0.7140000000000001,3.0,0.8568,2026-03-22,v8_dynamic,90,event
2,3F_L_A,506.0,-210.84337349397592,48.0,100.405895059751,716.843373493976,0.0,0.0,0.0,0.0,3.0,0.8568,2026-03-22,v8_dynamic,90,event
3,3F_L_N,22.0,-174.3975903614458,48.0,96.47595593433151,196.3975903614458,1.0,1.4280000000000002,2.0,1.4280000000000002,2.0,0.5712,2026-03-22,v8_dynamic,90,event
4,3F_R_A,38.0,-175.6024096385542,44.0,98.50791425302657,213.6024096385542,0.0,0.0,0.0,0.0,1.0,0.2856,2026-03-22,v8_dynamic,90,event
5,3F_R_N,-334.0,-147.59036144578315,40.0,99.95509731073427,-186.40963855421685,1.0,1.4280000000000002,2.0,1.4280000000000002,5.0,1.428,2026-03-22,v8_dynamic,90,event
0,2F_L_N,-158.0,150.6024096385542,32.0,93.39645919514578,-308.6024096385542,0.0,0.0,0.0,0.0,4.0,1.1424,2026-03-23,v6a_hit_an,90,non_event
1,2F_R_N,102.0,131.02409638554218,30.0,98.70127222846958,-29.02409638554218,0.0,0.0,2.0,1.4280000000000002,4.0,1.1424,2026-03-23,v6a_hit_an,90,non_event
2,3F_L_A,26.0,136.74698795180723,38.0,95.6814691244392,-110.74698795180723,0.0,0.0,0.0,0.0,1.0,0.2856,2026-03-23,v6a_hit_an,90,non_event
3,3F_L_N,68.0,133.5843373493976,32.0,97.8069902285229,-65.5843373493976,2.0,2.8560000000000003,2.0,1.4280000000000002,4.0,1.1424,2026-03-23,v6a_hit_an,90,non_event
4,3F_R_A,184.0,124.84939759036145,36.0,94.64589275629518,59.15060240963855,0.0,0.0,0.0,0.0,0.0,0.0,2026-03-23,v6a_hit_an,90,non_event
5,3F_R_N,-220.0,155.2710843373494,28.000000000000004,98.51230936130641,-375.2710843373494,0.0,0.0,3.0,2.1420000000000003,4.0,1.1424,2026-03-23,v6a_hit_an,90,non_event
0,2F_L_N,-348.0,164.90963855421685,26.0,89.49172815583275,-512.9096385542168,0.0,0.0,0.0,0.0,3.0,0.8568,2026-03-23,v7_lift_weights,90,non_event
1,2F_R_N,-22.0,140.36144578313252,30.0,95.87230399777381,-162.36144578313252,1.0,1.4280000000000002,2.0,1.4280000000000002,3.0,0.8568,2026-03-23,v7_lift_weights,90,non_event
2,3F_L_A,-8.0,139.30722891566265,36.0,95.53331631167924,-147.30722891566265,0.0,0.0,0.0,0.0,1.0,0.2856,2026-03-23,v7_lift_weights,90,non_event
3,3F_L_N,92.0,131.77710843373495,34.0,96.02657849045119,-39.77710843373495,2.0,2.8560000000000003,2.0,1.4280000000000002,4.0,1.1424,2026-03-23,v7_lift_weights,90,non_event
4,3F_R_A,194.0,124.09638554216868,36.0,94.66113814364742,69.90361445783132,0.0,0.0,0.0,0.0,0.0,0.0,2026-03-23,v7_lift_weights,90,non_event
5,3F_R_N,-14.0,139.75903614457832,28.000000000000004,100.48173185847111,-153.75903614457832,1.0,1.4280000000000002,5.0,3.5700000000000003,6.0,1.7136,2026-03-23,v7_lift_weights,90,non_event
0,2F_L_N,-544.0,179.66867469879517,24.0,87.37703336557779,-723.6686746987951,0.0,0.0,0.0,0.0,2.0,0.5712,2026-03-23,v8_dynamic,90,non_event
1,2F_R_N,122.0,129.51807228915663,30.0,96.7056526209012,-7.518072289156635,1.0,1.4280000000000002,3.0,2.1420000000000003,4.0,1.1424,2026-03-23,v8_dynamic,90,non_event
2,3F_L_A,28.0,136.59638554216866,36.0,95.68439253867017,-108.59638554216866,0.0,0.0,0.0,0.0,1.0,0.2856,2026-03-23,v8_dynamic,90,non_event
3,3F_L_N,8.0,138.1024096385542,32.0,96.19091719691914,-130.1024096385542,2.0,2.8560000000000003,2.0,1.4280000000000002,4.0,1.1424,2026-03-23,v8_dynamic,90,non_event
4,3F_R_A,132.0,128.76506024096386,34.0,93.85019512144281,3.2349397590361377,0.0,0.0,0.0,0.0,0.0,0.0,2026-03-23,v8_dynamic,90,non_event
5,3F_R_N,-310.0,162.04819277108433,26.0,96.85337571165341,-472.04819277108436,0.0,0.0,3.0,2.1420000000000003,4.0,1.1424,2026-03-23,v8_dynamic,90,non_event
0,2F_L_N,-108.0,100.15060240963855,30.0,98.58385113434579,-208.15060240963857,0.0,0.0,1.0,0.7140000000000001,4.0,1.1424,2026-03-24,v6a_hit_an,90,non_event
1,2F_R_N,-278.0,112.95180722891567,36.0,96.99101819590429,-390.95180722891564,0.0,0.0,1.0,0.7140000000000001,3.0,0.8568,2026-03-24,v6a_hit_an,90,non_event
2,3F_L_A,146.0,81.02409638554217,44.0,98.75288937971331,64.97590361445783,0.0,0.0,0.0,0.0,0.0,0.0,2026-03-24,v6a_hit_an,90,non_event
3,3F_L_N,-432.0,124.54819277108433,32.0,93.42903804584358,-556.5481927710844,0.0,0.0,0.0,0.0,2.0,0.5712,2026-03-24,v6a_hit_an,90,non_event
4,3F_R_A,224.0,75.15060240963855,40.0,97.85120892800128,148.84939759036143,0.0,0.0,0.0,0.0,1.0,0.2856,2026-03-24,v6a_hit_an,90,non_event
5,3F_R_N,-402.0,122.28915662650603,20.0,92.31233964748621,-524.289156626506,1.0,1.4280000000000002,3.0,2.1420000000000003,4.0,1.1424,2026-03-24,v6a_hit_an,90,non_event
0,2F_L_N,-44.0,95.33132530120481,26.0,99.69838344080203,-139.3313253012048,1.0,1.4280000000000002,2.0,1.4280000000000002,4.0,1.1424,2026-03-24,v7_lift_weights,90,non_event
1,2F_R_N,-290.0,113.855421686747,36.0,97.70523535213901,-403.855421686747,0.0,0.0,1.0,0.7140000000000001,4.0,1.1424,2026-03-24,v7_lift_weights,90,non_event
2,3F_L_A,132.0,82.07831325301204,42.0,98.54633594675072,49.92168674698796,0.0,0.0,0.0,0.0,0.0,0.0,2026-03-24,v7_lift_weights,90,non_event
3,3F_L_N,-442.0,125.3012048192771,28.000000000000004,91.84607778388725,-567.3012048192771,0.0,0.0,0.0,0.0,2.0,0.5712,2026-03-24,v7_lift_weights,90,non_event
4,3F_R_A,116.0,83.28313253012048,36.0,96.99719938656922,32.71686746987952,0.0,0.0,0.0,0.0,1.0,0.2856,2026-03-24,v7_lift_weights,90,non_event
5,3F_R_N,-354.0,118.67469879518072,22.0,93.38328475202185,-472.6746987951807,1.0,1.4280000000000002,3.0,2.1420000000000003,4.0,1.1424,2026-03-24,v7_lift_weights,90,non_event
0,2F_L_N,-214.0,108.13253012048193,26.0,98.13607259090071,-322.13253012048193,0.0,0.0,1.0,0.7140000000000001,3.0,0.8568,2026-03-24,v8_dynamic,90,non_event
1,2F_R_N,-240.0,110.09036144578313,38.0,98.37468389489544,-350.0903614457831,0.0,0.0,1.0,0.7140000000000001,4.0,1.1424,2026-03-24,v8_dynamic,90,non_event
2,3F_L_A,132.0,82.07831325301204,42.0,98.54633594675072,49.92168674698796,0.0,0.0,0.0,0.0,0.0,0.0,2026-03-24,v8_dynamic,90,non_event
3,3F_L_N,-442.0,125.3012048192771,30.0,93.2735939534071,-567.3012048192771,0.0,0.0,0.0,0.0,2.0,0.5712,2026-03-24,v8_dynamic,90,non_event
4,3F_R_A,160.0,79.96987951807229,38.0,97.50422772909742,80.03012048192771,0.0,0.0,0.0,0.0,1.0,0.2856,2026-03-24,v8_dynamic,90,non_event
5,3F_R_N,-378.0,120.48192771084338,22.0,93.40439635969754,-498.48192771084337,1.0,1.4280000000000002,3.0,2.1420000000000003,4.0,1.1424,2026-03-24,v8_dynamic,90,non_event
0,2F_L_N,206.0,-3.9156626506024095,26.0,106.98239781843196,209.9156626506024,2.0,2.8560000000000003,3.0,2.1420000000000003,5.0,1.428,2026-03-25,v6a_hit_an,90,non_event
1,2F_R_N,-314.0,35.24096385542169,32.0,97.10253428367875,-349.2409638554217,0.0,0.0,1.0,0.7140000000000001,2.0,0.5712,2026-03-25,v6a_hit_an,90,non_event
2,3F_L_A,122.0,2.4096385542168677,28.000000000000004,93.64348301772088,119.59036144578313,0.0,0.0,0.0,0.0,1.0,0.2856,2026-03-25,v6a_hit_an,90,non_event
3,3F_L_N,194.0,-3.0120481927710845,36.0,104.39063134216173,197.0120481927711,1.0,1.4280000000000002,2.0,1.4280000000000002,4.0,1.1424,2026-03-25,v6a_hit_an,90,non_event
4,3F_R_A,-220.0,28.162650602409638,24.0,93.78481624271822,-248.16265060240963,0.0,0.0,0.0,0.0,0.0,0.0,2026-03-25,v6a_hit_an,90,non_event
5,3F_R_N,672.0,-39.006024096385545,54.0,107.2148879179772,711.0060240963855,2.0,2.8560000000000003,3.0,2.1420000000000003,4.0,1.1424,2026-03-25,v6a_hit_an,90,non_event
0,2F_L_N,148.0,0.45180722891566266,30.0,102.10037485985441,147.54819277108433,2.0,2.8560000000000003,2.0,1.4280000000000002,5.0,1.428,2026-03-25,v7_lift_weights,90,non_event
1,2F_R_N,-326.0,36.144578313253014,30.0,97.87591517280198,-362.144578313253,0.0,0.0,1.0,0.7140000000000001,4.0,1.1424,2026-03-25,v7_lift_weights,90,non_event
2,3F_L_A,64.0,6.77710843373494,26.0,93.1792258857329,57.22289156626506,0.0,0.0,0.0,0.0,1.0,0.2856,2026-03-25,v7_lift_weights,90,non_event
3,3F_L_N,350.0,-14.759036144578314,40.0,106.22899918940203,364.7590361445783,1.0,1.4280000000000002,2.0,1.4280000000000002,5.0,1.428,2026-03-25,v7_lift_weights,90,non_event
4,3F_R_A,-336.0,36.897590361445786,20.0,92.61111626087309,-372.8975903614458,0.0,0.0,0.0,0.0,0.0,0.0,2026-03-25,v7_lift_weights,90,non_event
5,3F_R_N,736.0,-43.825301204819276,54.0,107.17979384003958,779.8253012048193,2.0,2.8560000000000003,4.0,2.8560000000000003,5.0,1.428,2026-03-25,v7_lift_weights,90,non_event
0,2F_L_N,112.0,3.1626506024096384,26.0,101.01382610670055,108.83734939759036,2.0,2.8560000000000003,2.0,1.4280000000000002,5.0,1.428,2026-03-25,v8_dynamic,90,non_event
1,2F_R_N,-240.0,29.66867469879518,32.0,98.35877519302802,-269.6686746987952,0.0,0.0,1.0,0.7140000000000001,4.0,1.1424,2026-03-25,v8_dynamic,90,non_event
2,3F_L_A,126.0,2.108433734939759,28.000000000000004,93.59337110780739,123.89156626506023,0.0,0.0,0.0,0.0,1.0,0.2856,2026-03-25,v8_dynamic,90,non_event
3,3F_L_N,264.0,-8.283132530120483,40.0,105.79357684447703,272.2831325301205,1.0,1.4280000000000002,2.0,1.4280000000000002,4.0,1.1424,2026-03-25,v8_dynamic,90,non_event
4,3F_R_A,-224.0,28.46385542168675,24.0,93.70523248157491,-252.46385542168676,0.0,0.0,0.0,0.0,0.0,0.0,2026-03-25,v8_dynamic,90,non_event
5,3F_R_N,774.0,-46.68674698795181,54.0,108.29438805808208,820.6867469879518,3.0,4.284000000000001,4.0,2.8560000000000003,5.0,1.428,2026-03-25,v8_dynamic,90,non_event
0,2F_L_N,-284.0,78.91566265060241,38.0,91.93888280641704,-362.9156626506024,0.0,0.0,0.0,0.0,2.0,0.5712,2026-03-26,v6a_hit_an,90,non_event
1,2F_R_N,150.0,46.234939759036145,34.0,97.28783207087571,103.76506024096386,1.0,1.4280000000000002,2.0,1.4280000000000002,5.0,1.428,2026-03-26,v6a_hit_an,90,non_event
2,3F_L_A,88.0,50.903614457831324,32.0,96.48961910874412,37.096385542168676,0.0,0.0,0.0,0.0,1.0,0.2856,2026-03-26,v6a_hit_an,90,non_event
3,3F_L_N,-140.0,68.07228915662651,38.0,96.12089661139444,-208.0722891566265,0.0,0.0,0.0,0.0,1.0,0.2856,2026-03-26,v6a_hit_an,90,non_event
4,3F_R_A,-80.0,63.55421686746988,38.0,95.32326330520056,-143.55421686746988,0.0,0.0,0.0,0.0,0.0,0.0,2026-03-26,v6a_hit_an,90,non_event
5,3F_R_N,76.0,51.80722891566265,34.0,100.77082502892615,24.192771084337352,0.0,0.0,2.0,1.4280000000000002,5.0,1.428,2026-03-26,v6a_hit_an,90,non_event
0,2F_L_N,-144.0,68.37349397590361,36.0,93.56447972497905,-212.3734939759036,0.0,0.0,0.0,0.0,3.0,0.8568,2026-03-26,v7_lift_weights,90,non_event
1,2F_R_N,222.0,40.81325301204819,36.0,98.69888492233386,181.1867469879518,1.0,1.4280000000000002,2.0,1.4280000000000002,5.0,1.428,2026-03-26,v7_lift_weights,90,non_event
2,3F_L_A,88.0,50.903614457831324,32.0,96.7287898144563,37.096385542168676,0.0,0.0,0.0,0.0,1.0,0.2856,2026-03-26,v7_lift_weights,90,non_event
3,3F_L_N,-226.0,74.54819277108433,36.0,95.2865713085332,-300.54819277108436,0.0,0.0,0.0,0.0,1.0,0.2856,2026-03-26,v7_lift_weights,90,non_event
4,3F_R_A,-58.0,61.897590361445786,36.0,95.64372249788222,-119.8975903614458,0.0,0.0,0.0,0.0,0.0,0.0,2026-03-26,v7_lift_weights,90,non_event
5,3F_R_N,-70.0,62.80120481927711,32.0,98.39961812256594,-132.8012048192771,0.0,0.0,1.0,0.7140000000000001,4.0,1.1424,2026-03-26,v7_lift_weights,90,non_event
0,2F_L_N,46.0,54.066265060240966,44.0,95.4799257624667,-8.066265060240966,0.0,0.0,1.0,0.7140000000000001,5.0,1.428,2026-03-26,v8_dynamic,90,non_event
1,2F_R_N,28.0,55.42168674698795,28.000000000000004,94.83359928270426,-27.42168674698795,1.0,1.4280000000000002,2.0,1.4280000000000002,5.0,1.428,2026-03-26,v8_dynamic,90,non_event
2,3F_L_A,88.0,50.903614457831324,32.0,96.63486092628409,37.096385542168676,0.0,0.0,0.0,0.0,1.0,0.2856,2026-03-26,v8_dynamic,90,non_event
3,3F_L_N,-246.0,76.05421686746988,36.0,95.20425381921663,-322.0542168674699,0.0,0.0,0.0,0.0,1.0,0.2856,2026-03-26,v8_dynamic,90,non_event
4,3F_R_A,-90.0,64.30722891566265,36.0,95.20944561805973,-154.30722891566265,0.0,0.0,0.0,0.0,0.0,0.0,2026-03-26,v8_dynamic,90,non_event
5,3F_R_N,-54.0,61.596385542168676,32.0,99.22010504749463,-115.59638554216868,0.0,0.0,1.0,0.7140000000000001,4.0,1.1424,2026-03-26,v8_dynamic,90,non_event
0,2F_L_N,430.0,43.0722891566265,52.0,100.8347565946375,386.9277108433735,0.0,0.0,1.0,0.7140000000000001,3.0,0.8568,2026-03-27,v6a_hit_an,90,event
1,2F_R_N,200.0,60.39156626506024,42.0,100.82946387932223,139.60843373493975,1.0,1.4280000000000002,3.0,2.1420000000000003,5.0,1.428,2026-03-27,v6a_hit_an,90,event
2,3F_L_A,784.0,16.41566265060241,52.0,100.63866815262126,767.5843373493976,0.0,0.0,0.0,0.0,3.0,0.8568,2026-03-27,v6a_hit_an,90,event
3,3F_L_N,-290.0,97.28915662650603,26.0,95.30805712179908,-387.28915662650604,1.0,1.4280000000000002,4.0,2.8560000000000003,6.0,1.7136,2026-03-27,v6a_hit_an,90,event
4,3F_R_A,220.0,58.8855421686747,46.0,99.36164099161304,161.1144578313253,0.0,0.0,0.0,0.0,0.0,0.0,2026-03-27,v6a_hit_an,90,event
5,3F_R_N,-296.0,97.74096385542168,42.0,97.8257937364088,-393.7409638554217,1.0,1.4280000000000002,2.0,1.4280000000000002,5.0,1.428,2026-03-27,v6a_hit_an,90,event
0,2F_L_N,346.0,49.397590361445786,48.0,100.61478521837465,296.6024096385542,0.0,0.0,0.0,0.0,2.0,0.5712,2026-03-27,v7_lift_weights,90,event
1,2F_R_N,-84.0,81.77710843373494,42.0,98.79839689508646,-165.77710843373495,1.0,1.4280000000000002,2.0,1.4280000000000002,4.0,1.1424,2026-03-27,v7_lift_weights,90,event
2,3F_L_A,784.0,16.41566265060241,52.0,100.63866815262126,767.5843373493976,0.0,0.0,0.0,0.0,3.0,0.8568,2026-03-27,v7_lift_weights,90,event
3,3F_L_N,-436.0,108.28313253012048,22.0,93.48200263296987,-544.2831325301205,1.0,1.4280000000000002,5.0,3.5700000000000003,6.0,1.7136,2026-03-27,v7_lift_weights,90,event
4,3F_R_A,212.0,59.48795180722892,46.0,99.34099462493326,152.5120481927711,0.0,0.0,0.0,0.0,0.0,0.0,2026-03-27,v7_lift_weights,90,event
5,3F_R_N,-296.0,97.74096385542168,42.0,97.8257937364088,-393.7409638554217,1.0,1.4280000000000002,2.0,1.4280000000000002,5.0,1.428,2026-03-27,v7_lift_weights,90,event
0,2F_L_N,412.0,44.4277108433735,50.0,100.894965167223,367.5722891566265,0.0,0.0,1.0,0.7140000000000001,3.0,0.8568,2026-03-27,v8_dynamic,90,event
1,2F_R_N,-86.0,81.92771084337349,42.0,98.9265608042293,-167.9277108433735,1.0,1.4280000000000002,2.0,1.4280000000000002,4.0,1.1424,2026-03-27,v8_dynamic,90,event
2,3F_L_A,784.0,16.41566265060241,52.0,100.63866815262128,767.5843373493976,0.0,0.0,0.0,0.0,3.0,0.8568,2026-03-27,v8_dynamic,90,event
3,3F_L_N,-334.0,100.60240963855422,24.0,94.00311589664967,-434.6024096385542,1.0,1.4280000000000002,5.0,3.5700000000000003,6.0,1.7136,2026-03-27,v8_dynamic,90,event
4,3F_R_A,198.0,60.54216867469879,46.0,99.34087435474542,137.4578313253012,0.0,0.0,0.0,0.0,0.0,0.0,2026-03-27,v8_dynamic,90,event
5,3F_R_N,-296.0,97.74096385542168,42.0,97.8257937364088,-393.7409638554217,1.0,1.4280000000000002,2.0,1.4280000000000002,5.0,1.428,2026-03-27,v8_dynamic,90,event
0,2F_L_N,1622.0,215.36144578313252,56.00000000000001,119.15508060254353,1406.6385542168675,3.0,4.284000000000001,5.0,3.5700000000000003,10.0,2.856,2026-03-28,v6a_hit_an,90,non_event
1,2F_R_N,360.0,310.39156626506025,42.0,103.62539420714681,49.60843373493975,0.0,0.0,1.0,0.7140000000000001,4.0,1.1424,2026-03-28,v6a_hit_an,90,non_event
2,3F_L_A,138.0,327.10843373493975,42.0,99.12894346060685,-189.10843373493975,0.0,0.0,0.0,0.0,0.0,0.0,2026-03-28,v6a_hit_an,90,non_event
3,3F_L_N,500.0,299.84939759036143,40.0,103.05359228757959,200.15060240963857,2.0,2.8560000000000003,2.0,1.4280000000000002,4.0,1.1424,2026-03-28,v6a_hit_an,90,non_event
4,3F_R_A,-24.0,339.3072289156627,44.0,98.63804513958642,-363.3072289156627,0.0,0.0,0.0,0.0,0.0,0.0,2026-03-28,v6a_hit_an,90,non_event
5,3F_R_N,104.0,329.6686746987952,46.0,100.55107389638157,-225.6686746987952,1.0,1.4280000000000002,3.0,2.1420000000000003,6.0,1.7136,2026-03-28,v6a_hit_an,90,non_event
0,2F_L_N,1460.0,227.56024096385542,50.0,117.48246602770826,1232.4397590361446,3.0,4.284000000000001,5.0,3.5700000000000003,10.0,2.856,2026-03-28,v7_lift_weights,90,non_event
1,2F_R_N,466.0,302.4096385542169,48.0,104.34181336708428,163.59036144578312,0.0,0.0,1.0,0.7140000000000001,4.0,1.1424,2026-03-28,v7_lift_weights,90,non_event
2,3F_L_A,154.0,325.90361445783134,40.0,98.95620530303177,-171.90361445783134,0.0,0.0,0.0,0.0,0.0,0.0,2026-03-28,v7_lift_weights,90,non_event
3,3F_L_N,1112.0,253.76506024096386,44.0,109.93269951539725,858.2349397590361,3.0,4.284000000000001,4.0,2.8560000000000003,5.0,1.428,2026-03-28,v7_lift_weights,90,non_event
4,3F_R_A,-94.0,344.578313253012,42.0,98.2911429657543,-438.578313253012,0.0,0.0,0.0,0.0,0.0,0.0,2026-03-28,v7_lift_weights,90,non_event
5,3F_R_N,312.0,314.00602409638554,50.0,102.2777109336335,-2.006024096385545,1.0,1.4280000000000002,3.0,2.1420000000000003,6.0,1.7136,2026-03-28,v7_lift_weights,90,non_event
0,2F_L_N,1368.0,234.4879518072289,48.0,116.84292976925073,1133.512048192771,3.0,4.284000000000001,4.0,2.8560000000000003,10.0,2.856,2026-03-28,v8_dynamic,90,non_event
1,2F_R_N,512.0,298.9457831325301,44.0,104.39948478870502,213.0542168674699,0.0,0.0,1.0,0.7140000000000001,4.0,1.1424,2026-03-28,v8_dynamic,90,non_event
2,3F_L_A,228.0,320.3313253012048,44.0,99.32004532803144,-92.3313253012048,0.0,0.0,0.0,0.0,0.0,0.0,2026-03-28,v8_dynamic,90,non_event
3,3F_L_N,1144.0,251.35542168674698,44.0,109.99124837543482,892.6445783132531,3.0,4.284000000000001,4.0,2.8560000000000003,5.0,1.428,2026-03-28,v8_dynamic,90,non_event
4,3F_R_A,-44.0,340.81325301204816,44.0,98.67163402993691,-384.81325301204816,0.0,0.0,0.0,0.0,0.0,0.0,2026-03-28,v8_dynamic,90,non_event
5,3F_R_N,320.0,313.40361445783134,48.0,101.94134870828717,6.596385542168662,1.0,1.4280000000000002,3.0,2.1420000000000003,6.0,1.7136,2026-03-28,v8_dynamic,90,non_event
0,2F_L_N,-504.0,-71.3855421686747,24.0,93.5104471193792,-432.6144578313253,0.0,0.0,1.0,0.7140000000000001,5.0,1.428,2026-03-29,v6a_hit_an,90,non_event
1,2F_R_N,-134.0,-99.24698795180723,32.0,97.07673468689063,-34.75301204819277,2.0,2.8560000000000003,2.0,1.4280000000000002,4.0,1.1424,2026-03-29,v6a_hit_an,90,non_event
2,3F_L_A,16.0,-110.5421686746988,32.0,96.78871457369874,126.5421686746988,0.0,0.0,0.0,0.0,0.0,0.0,2026-03-29,v6a_hit_an,90,non_event
3,3F_L_N,156.0,-121.08433734939759,50.0,101.09018384721237,277.0843373493976,0.0,0.0,0.0,0.0,5.0,1.428,2026-03-29,v6a_hit_an,90,non_event
4,3F_R_A,16.0,-110.5421686746988,34.0,97.60704762354595,126.5421686746988,0.0,0.0,0.0,0.0,1.0,0.2856,2026-03-29,v6a_hit_an,90,non_event
5,3F_R_N,-710.0,-55.873493975903614,26.0,92.86504198238129,-654.1265060240964,0.0,0.0,0.0,0.0,3.0,0.8568,2026-03-29,v6a_hit_an,90,non_event
0,2F_L_N,-484.0,-72.89156626506023,26.0,92.70846982200125,-411.10843373493975,0.0,0.0,1.0,0.7140000000000001,4.0,1.1424,2026-03-29,v7_lift_weights,90,non_event
1,2F_R_N,-134.0,-99.24698795180723,32.0,95.98580039392974,-34.75301204819277,2.0,2.8560000000000003,2.0,1.4280000000000002,4.0,1.1424,2026-03-29,v7_lift_weights,90,non_event
2,3F_L_A,26.0,-111.29518072289157,32.0,97.03877512239214,137.2951807228916,0.0,0.0,0.0,0.0,0.0,0.0,2026-03-29,v7_lift_weights,90,non_event
3,3F_L_N,-22.0,-107.68072289156626,50.0,99.67414513578541,85.68072289156626,0.0,0.0,0.0,0.0,4.0,1.1424,2026-03-29,v7_lift_weights,90,non_event
4,3F_R_A,-18.0,-107.98192771084338,34.0,97.50744599138942,89.98192771084338,0.0,0.0,0.0,0.0,1.0,0.2856,2026-03-29,v7_lift_weights,90,non_event
5,3F_R_N,-694.0,-57.07831325301205,28.000000000000004,93.49234549720924,-636.9216867469879,0.0,0.0,0.0,0.0,3.0,0.8568,2026-03-29,v7_lift_weights,90,non_event
0,2F_L_N,-478.0,-73.3433734939759,26.0,92.58669110732531,-404.6566265060241,0.0,0.0,1.0,0.7140000000000001,4.0,1.1424,2026-03-29,v8_dynamic,90,non_event
1,2F_R_N,-166.0,-96.83734939759036,30.0,95.84128689402074,-69.16265060240964,2.0,2.8560000000000003,2.0,1.4280000000000002,3.0,0.8568,2026-03-29,v8_dynamic,90,non_event
2,3F_L_A,26.0,-111.29518072289157,32.0,97.03877512239214,137.2951807228916,0.0,0.0,0.0,0.0,0.0,0.0,2026-03-29,v8_dynamic,90,non_event
3,3F_L_N,44.0,-112.65060240963855,50.0,100.22050094255428,156.65060240963857,0.0,0.0,0.0,0.0,4.0,1.1424,2026-03-29,v8_dynamic,90,non_event
4,3F_R_A,-16.0,-108.13253012048193,34.0,97.51881285697623,92.13253012048193,0.0,0.0,0.0,0.0,1.0,0.2856,2026-03-29,v8_dynamic,90,non_event
5,3F_R_N,-746.0,-53.16265060240964,26.0,93.10756413510036,-692.8373493975904,0.0,0.0,0.0,0.0,3.0,0.8568,2026-03-29,v8_dynamic,90,non_event
0,2F_L_N,298.0,266.7168674698795,44.0,101.10442947658711,31.283132530120497,2.0,2.8560000000000003,4.0,2.8560000000000003,5.0,1.428,2026-03-30,v6a_hit_an,90,non_event
1,2F_R_N,6.0,288.7048192771084,30.0,98.59342490150706,-282.7048192771084,1.0,1.4280000000000002,2.0,1.4280000000000002,7.0,1.9992,2026-03-30,v6a_hit_an,90,non_event
2,3F_L_A,470.0,253.76506024096386,56.00000000000001,100.80169829070879,216.23493975903614,0.0,0.0,0.0,0.0,0.0,0.0,2026-03-30,v6a_hit_an,90,non_event
3,3F_L_N,-732.0,344.27710843373495,28.000000000000004,92.31070475552018,-1076.277108433735,2.0,2.8560000000000003,2.0,1.4280000000000002,2.0,0.5712,2026-03-30,v6a_hit_an,90,non_event
4,3F_R_A,618.0,242.62048192771084,60.0,101.39646700784095,375.37951807228916,0.0,0.0,0.0,0.0,1.0,0.2856,2026-03-30,v6a_hit_an,90,non_event
5,3F_R_N,-22.0,290.81325301204816,44.0,95.1563295735554,-312.81325301204816,1.0,1.4280000000000002,3.0,2.1420000000000003,5.0,1.428,2026-03-30,v6a_hit_an,90,non_event
0,2F_L_N,138.0,278.76506024096386,40.0,100.93541809497582,-140.76506024096386,2.0,2.8560000000000003,4.0,2.8560000000000003,5.0,1.428,2026-03-30,v7_lift_weights,90,non_event
1,2F_R_N,-12.0,290.06024096385545,30.0,98.95547914762396,-302.06024096385545,1.0,1.4280000000000002,2.0,1.4280000000000002,7.0,1.9992,2026-03-30,v7_lift_weights,90,non_event
2,3F_L_A,572.0,246.0843373493976,60.0,101.6797328298219,325.91566265060237,0.0,0.0,0.0,0.0,0.0,0.0,2026-03-30,v7_lift_weights,90,non_event
3,3F_L_N,-742.0,345.0301204819277,28.000000000000004,93.02115412830453,-1087.0301204819277,2.0,2.8560000000000003,2.0,1.4280000000000002,2.0,0.5712,2026-03-30,v7_lift_weights,90,non_event
4,3F_R_A,624.0,242.16867469879517,60.0,101.43161794942606,381.83132530120486,0.0,0.0,0.0,0.0,1.0,0.2856,2026-03-30,v7_lift_weights,90,non_event
5,3F_R_N,-202.0,304.36746987951807,40.0,93.49781516848101,-506.36746987951807,1.0,1.4280000000000002,2.0,1.4280000000000002,4.0,1.1424,2026-03-30,v7_lift_weights,90,non_event
0,2F_L_N,86.0,282.6807228915663,40.0,99.84842744418314,-196.6807228915663,2.0,2.8560000000000003,4.0,2.8560000000000003,5.0,1.428,2026-03-30,v8_dynamic,90,non_event
1,2F_R_N,-12.0,290.06024096385545,30.0,98.95547914762398,-302.06024096385545,1.0,1.4280000000000002,2.0,1.4280000000000002,7.0,1.9992,2026-03-30,v8_dynamic,90,non_event
2,3F_L_A,522.0,249.84939759036143,60.0,101.17935910605762,272.15060240963857,0.0,0.0,0.0,0.0,0.0,0.0,2026-03-30,v8_dynamic,90,non_event
3,3F_L_N,-722.0,343.5240963855422,28.000000000000004,93.22718741460747,-1065.5240963855422,2.0,2.8560000000000003,2.0,1.4280000000000002,2.0,0.5712,2026-03-30,v8_dynamic,90,non_event
4,3F_R_A,562.0,246.83734939759037,57.99999999999999,101.12666370541237,315.1626506024096,0.0,0.0,0.0,0.0,1.0,0.2856,2026-03-30,v8_dynamic,90,non_event
5,3F_R_N,-40.0,292.1686746987952,42.0,94.85287430434198,-332.1686746987952,1.0,1.4280000000000002,3.0,2.1420000000000003,5.0,1.428,2026-03-30,v8_dynamic,90,non_event
0,2F_L_N,-72.0,52.40963855421687,40.0,97.05197144338148,-124.40963855421687,0.0,0.0,2.0,1.4280000000000002,5.0,1.428,2026-03-31,v6a_hit_an,90,event
1,2F_R_N,-668.0,97.28915662650603,26.0,95.33560277464888,-765.289156626506,0.0,0.0,0.0,0.0,2.0,0.5712,2026-03-31,v6a_hit_an,90,event
2,3F_L_A,-26.0,48.94578313253012,32.0,95.78052235123474,-74.94578313253012,0.0,0.0,0.0,0.0,0.0,0.0,2026-03-31,v6a_hit_an,90,event
3,3F_L_N,-80.0,53.01204819277108,46.0,99.91905588325531,-133.0120481927711,0.0,0.0,1.0,0.7140000000000001,3.0,0.8568,2026-03-31,v6a_hit_an,90,event
4,3F_R_A,22.0,45.33132530120482,44.0,97.58914366492036,-23.33132530120482,0.0,0.0,0.0,0.0,0.0,0.0,2026-03-31,v6a_hit_an,90,event
5,3F_R_N,1686.0,-79.96987951807229,48.0,115.64798298610138,1765.9698795180723,5.0,7.140000000000001,7.0,4.998,14.0,3.9984,2026-03-31,v6a_hit_an,90,event
0,2F_L_N,-188.0,61.144578313253014,36.0,95.90162220946014,-249.14457831325302,0.0,0.0,1.0,0.7140000000000001,4.0,1.1424,2026-03-31,v7_lift_weights,90,event
1,2F_R_N,-70.0,52.25903614457831,32.0,100.52304818063614,-122.25903614457832,0.0,0.0,0.0,0.0,4.0,1.1424,2026-03-31,v7_lift_weights,90,event
2,3F_L_A,-50.0,50.75301204819277,32.0,95.854474847494,-100.75301204819277,0.0,0.0,0.0,0.0,0.0,0.0,2026-03-31,v7_lift_weights,90,event
3,3F_L_N,-80.0,53.01204819277108,46.0,99.91905588325531,-133.0120481927711,0.0,0.0,1.0,0.7140000000000001,3.0,0.8568,2026-03-31,v7_lift_weights,90,event
4,3F_R_A,74.0,41.41566265060241,46.0,98.18174248440042,32.58433734939759,0.0,0.0,0.0,0.0,0.0,0.0,2026-03-31,v7_lift_weights,90,event
5,3F_R_N,1730.0,-83.28313253012048,50.0,117.03143302452749,1813.2831325301204,5.0,7.140000000000001,7.0,4.998,12.0,3.4272,2026-03-31,v7_lift_weights,90,event
0,2F_L_N,-236.0,64.75903614457832,40.0,95.00658225088931,-300.7590361445783,0.0,0.0,1.0,0.7140000000000001,4.0,1.1424,2026-03-31,v8_dynamic,90,event
1,2F_R_N,-128.0,56.626506024096386,30.0,98.86964963149791,-184.6265060240964,0.0,0.0,0.0,0.0,4.0,1.1424,2026-03-31,v8_dynamic,90,event
2,3F_L_A,-38.0,49.84939759036145,32.0,96.15872485986603,-87.84939759036145,0.0,0.0,0.0,0.0,0.0,0.0,2026-03-31,v8_dynamic,90,event
3,3F_L_N,-80.0,53.01204819277108,46.0,99.9190558832553,-133.0120481927711,0.0,0.0,1.0,0.7140000000000001,3.0,0.8568,2026-03-31,v8_dynamic,90,event
4,3F_R_A,74.0,41.41566265060241,44.0,98.33034571358407,32.58433734939759,0.0,0.0,0.0,0.0,0.0,0.0,2026-03-31,v8_dynamic,90,event
5,3F_R_N,1770.0,-86.29518072289157,50.0,115.90148094321124,1856.2951807228915,5.0,7.140000000000001,7.0,4.998,14.0,3.9984,2026-03-31,v8_dynamic,90,event
0,2F_L_N,296.0,252.56024096385542,42.0,98.6246175963759,43.43975903614458,1.0,1.4280000000000002,1.0,0.7140000000000001,5.0,1.428,2026-04-01,v6a_hit_an,90,event
1,2F_R_N,-418.0,306.32530120481925,24.0,92.08534290643983,-724.3253012048192,0.0,0.0,1.0,0.7140000000000001,3.0,0.8568,2026-04-01,v6a_hit_an,90,event
2,3F_L_A,852.0,210.69277108433735,54.0,101.13003402817154,641.3072289156627,0.0,0.0,1.0,0.7140000000000001,3.0,0.8568,2026-04-01,v6a_hit_an,90,event
3,3F_L_N,-606.0,320.48192771084337,38.0,94.77081343095531,-926.4819277108434,0.0,0.0,0.0,0.0,0.0,0.0,2026-04-01,v6a_hit_an,90,event
4,3F_R_A,524.0,235.39156626506025,52.0,100.88277690593407,288.60843373493975,0.0,0.0,0.0,0.0,2.0,0.5712,2026-04-01,v6a_hit_an,90,event
5,3F_R_N,1112.0,191.1144578313253,46.0,109.42183055832628,920.8855421686746,3.0,4.284000000000001,5.0,3.5700000000000003,9.0,2.5704,2026-04-01,v6a_hit_an,90,event
0,2F_L_N,296.0,252.56024096385542,44.0,98.31495987314754,43.43975903614458,1.0,1.4280000000000002,1.0,0.7140000000000001,5.0,1.428,2026-04-01,v7_lift_weights,90,event
1,2F_R_N,-330.0,299.69879518072287,26.0,93.62441576390756,-629.6987951807229,0.0,0.0,1.0,0.7140000000000001,3.0,0.8568,2026-04-01,v7_lift_weights,90,event
2,3F_L_A,988.0,200.45180722891567,54.0,101.88326407114691,787.5481927710844,0.0,0.0,1.0,0.7140000000000001,4.0,1.1424,2026-04-01,v7_lift_weights,90,event
3,3F_L_N,-568.0,317.62048192771084,40.0,96.30300037980892,-885.6204819277109,0.0,0.0,0.0,0.0,0.0,0.0,2026-04-01,v7_lift_weights,90,event
4,3F_R_A,566.0,232.2289156626506,50.0,100.83589897871094,333.7710843373494,0.0,0.0,0.0,0.0,1.0,0.2856,2026-04-01,v7_lift_weights,90,event
5,3F_R_N,906.0,206.6265060240964,44.0,106.09656039764486,699.3734939759036,3.0,4.284000000000001,4.0,2.8560000000000003,8.0,2.2848,2026-04-01,v7_lift_weights,90,event
0,2F_L_N,110.0,266.56626506024094,40.0,97.17440026759861,-156.56626506024094,0.0,0.0,0.0,0.0,4.0,1.1424,2026-04-01,v8_dynamic,90,event
1,2F_R_N,-154.0,286.4457831325301,28.000000000000004,94.37392861404483,-440.4457831325301,0.0,0.0,1.0,0.7140000000000001,4.0,1.1424,2026-04-01,v8_dynamic,90,event
2,3F_L_A,800.0,214.60843373493975,52.0,100.74992770132357,585.3915662650602,0.0,0.0,0.0,0.0,2.0,0.5712,2026-04-01,v8_dynamic,90,event
3,3F_L_N,-606.0,320.48192771084337,38.0,94.77081343095531,-926.4819277108434,0.0,0.0,0.0,0.0,0.0,0.0,2026-04-01,v8_dynamic,90,event
4,3F_R_A,528.0,235.09036144578315,52.0,100.9494557898707,292.9096385542168,0.0,0.0,0.0,0.0,1.0,0.2856,2026-04-01,v8_dynamic,90,event
5,3F_R_N,1032.0,197.13855421686748,46.0,107.33253455878881,834.8614457831325,3.0,4.284000000000001,4.0,2.8560000000000003,8.0,2.2848,2026-04-01,v8_dynamic,90,event
0,2F_L_N,356.0,207.83132530120483,34.0,99.10550792449412,148.16867469879517,0.0,0.0,1.0,0.7140000000000001,4.0,1.1424,2026-04-02,v6a_hit_an,90,non_event
1,2F_R_N,514.0,195.93373493975903,36.0,104.39371748566096,318.066265060241,2.0,2.8560000000000003,3.0,2.1420000000000003,3.0,0.8568,2026-04-02,v6a_hit_an,90,non_event
2,3F_L_A,136.0,224.3975903614458,36.0,95.22668468430584,-88.3975903614458,0.0,0.0,0.0,0.0,1.0,0.2856,2026-04-02,v6a_hit_an,90,non_event
3,3F_L_N,-288.0,256.32530120481925,26.0,93.49599551579148,-544.3253012048192,0.0,0.0,0.0,0.0,2.0,0.5712,2026-04-02,v6a_hit_an,90,non_event
4,3F_R_A,300.0,212.04819277108433,42.0,98.94703605156619,87.95180722891567,0.0,0.0,0.0,0.0,1.0,0.2856,2026-04-02,v6a_hit_an,90,non_event
5,3F_R_N,306.0,211.59638554216866,40.0,106.36567312529543,94.40361445783134,2.0,2.8560000000000003,4.0,2.8560000000000003,7.0,1.9992,2026-04-02,v6a_hit_an,90,non_event
0,2F_L_N,540.0,193.97590361445782,38.0,100.3754262985771,346.0240963855422,1.0,1.4280000000000002,2.0,1.4280000000000002,4.0,1.1424,2026-04-02,v7_lift_weights,90,non_event
1,2F_R_N,190.0,220.33132530120483,32.0,99.39977384189376,-30.331325301204828,1.0,1.4280000000000002,2.0,1.4280000000000002,3.0,0.8568,2026-04-02,v7_lift_weights,90,non_event
2,3F_L_A,156.0,222.89156626506025,38.0,95.95220646974792,-66.89156626506025,0.0,0.0,0.0,0.0,1.0,0.2856,2026-04-02,v7_lift_weights,90,non_event
3,3F_L_N,-66.0,239.60843373493975,28.000000000000004,95.05317654761416,-305.60843373493975,1.0,1.4280000000000002,1.0,0.7140000000000001,2.0,0.5712,2026-04-02,v7_lift_weights,90,non_event
4,3F_R_A,306.0,211.59638554216866,44.0,98.98574893189452,94.40361445783134,0.0,0.0,0.0,0.0,1.0,0.2856,2026-04-02,v7_lift_weights,90,non_event
5,3F_R_N,288.0,212.95180722891567,40.0,106.63149736706576,75.04819277108433,2.0,2.8560000000000003,4.0,2.8560000000000003,7.0,1.9992,2026-04-02,v7_lift_weights,90,non_event
0,2F_L_N,148.0,223.49397590361446,32.0,95.5247360612649,-75.49397590361446,0.0,0.0,1.0,0.7140000000000001,3.0,0.8568,2026-04-02,v8_dynamic,90,non_event
1,2F_R_N,480.0,198.49397590361446,32.0,101.90906373985504,281.50602409638554,2.0,2.8560000000000003,3.0,2.1420000000000003,3.0,0.8568,2026-04-02,v8_dynamic,90,non_event
2,3F_L_A,140.0,224.09638554216866,36.0,95.43816595353131,-84.09638554216866,0.0,0.0,0.0,0.0,1.0,0.2856,2026-04-02,v8_dynamic,90,non_event
3,3F_L_N,-86.0,241.1144578313253,28.000000000000004,94.56133718482211,-327.1144578313253,1.0,1.4280000000000002,1.0,0.7140000000000001,2.0,0.5712,2026-04-02,v8_dynamic,90,non_event
4,3F_R_A,306.0,211.59638554216866,44.0,98.9857489318945,94.40361445783134,0.0,0.0,0.0,0.0,1.0,0.2856,2026-04-02,v8_dynamic,90,non_event
5,3F_R_N,380.0,206.02409638554218,42.0,109.71052767987821,173.97590361445782,2.0,2.8560000000000003,4.0,2.8560000000000003,7.0,1.9992,2026-04-02,v8_dynamic,90,non_event
0,2F_L_N,132.0,120.78313253012048,34.0,97.48099657073844,11.216867469879517,0.0,0.0,0.0,0.0,5.0,1.428,2026-04-03,v6a_hit_an,90,non_event
1,2F_R_N,196.0,115.96385542168674,38.0,99.17014480008164,80.03614457831326,0.0,0.0,0.0,0.0,6.0,1.7136,2026-04-03,v6a_hit_an,90,non_event
2,3F_L_A,228.0,113.55421686746988,40.0,96.76871290063926,114.44578313253012,0.0,0.0,0.0,0.0,1.0,0.2856,2026-04-03,v6a_hit_an,90,non_event
3,3F_L_N,-100.0,138.25301204819277,32.0,103.69949916661105,-238.25301204819277,1.0,1.4280000000000002,1.0,0.7140000000000001,4.0,1.1424,2026-04-03,v6a_hit_an,90,non_event
4,3F_R_A,62.0,126.05421686746988,32.0,97.43307864471264,-64.05421686746988,0.0,0.0,0.0,0.0,1.0,0.2856,2026-04-03,v6a_hit_an,90,non_event
5,3F_R_N,814.0,69.42771084337349,44.0,109.22485922695455,744.5722891566265,2.0,2.8560000000000003,4.0,2.8560000000000003,9.0,2.5704,2026-04-03,v6a_hit_an,90,non_event
0,2F_L_N,178.0,117.31927710843374,40.0,96.70313648909467,60.68072289156626,0.0,0.0,0.0,0.0,5.0,1.428,2026-04-03,v7_lift_weights,90,non_event
1,2F_R_N,202.0,115.51204819277109,40.0,98.49104744768732,86.48795180722891,0.0,0.0,0.0,0.0,5.0,1.428,2026-04-03,v7_lift_weights,90,non_event
2,3F_L_A,210.0,114.90963855421687,38.0,96.56840480508363,95.09036144578313,0.0,0.0,0.0,0.0,1.0,0.2856,2026-04-03,v7_lift_weights,90,non_event
3,3F_L_N,272.0,110.24096385542168,38.0,107.22861586840516,161.75903614457832,1.0,1.4280000000000002,1.0,0.7140000000000001,5.0,1.428,2026-04-03,v7_lift_weights,90,non_event
4,3F_R_A,102.0,123.0421686746988,32.0,97.80025039532997,-21.0421686746988,0.0,0.0,0.0,0.0,1.0,0.2856,2026-04-03,v7_lift_weights,90,non_event
5,3F_R_N,808.0,69.87951807228916,46.0,109.90499825674941,738.1204819277109,2.0,2.8560000000000003,4.0,2.8560000000000003,9.0,2.5704,2026-04-03,v7_lift_weights,90,non_event
0,2F_L_N,154.0,119.12650602409639,38.0,96.33915732240467,34.873493975903614,0.0,0.0,0.0,0.0,5.0,1.428,2026-04-03,v8_dynamic,90,non_event
1,2F_R_N,232.0,113.25301204819277,42.0,98.79443349095168,118.74698795180723,0.0,0.0,0.0,0.0,6.0,1.7136,2026-04-03,v8_dynamic,90,non_event
2,3F_L_A,196.0,115.96385542168674,38.0,96.50591514378377,80.03614457831326,0.0,0.0,0.0,0.0,1.0,0.2856,2026-04-03,v8_dynamic,90,non_event
3,3F_L_N,142.0,120.03012048192771,36.0,104.10675266902825,21.96987951807229,1.0,1.4280000000000002,1.0,0.7140000000000001,4.0,1.1424,2026-04-03,v8_dynamic,90,non_event
4,3F_R_A,180.0,117.16867469879519,36.0,97.82305320927215,62.831325301204814,0.0,0.0,0.0,0.0,1.0,0.2856,2026-04-03,v8_dynamic,90,non_event
5,3F_R_N,724.0,76.20481927710843,44.0,107.30217627209812,647.7951807228916,2.0,2.8560000000000003,4.0,2.8560000000000003,9.0,2.5704,2026-04-03,v8_dynamic,90,non_event
0,2F_L_N,572.0,321.23493975903614,42.0,105.59214547435204,250.76506024096386,1.0,1.4280000000000002,3.0,2.1420000000000003,8.0,2.2848,2026-04-04,v6a_hit_an,90,non_event
1,2F_R_N,1336.0,263.7048192771084,54.0,111.96600701248046,1072.2951807228915,4.0,5.712000000000001,4.0,2.8560000000000003,8.0,2.2848,2026-04-04,v6a_hit_an,90,non_event
2,3F_L_A,444.0,330.8734939759036,52.0,101.07834979727586,113.12650602409639,0.0,0.0,0.0,0.0,0.0,0.0,2026-04-04,v6a_hit_an,90,non_event
3,3F_L_N,-538.0,404.8192771084337,50.0,98.36143993951582,-942.8192771084337,1.0,1.4280000000000002,1.0,0.7140000000000001,1.0,0.2856,2026-04-04,v6a_hit_an,90,non_event
4,3F_R_A,390.0,334.93975903614455,54.0,100.89959724026974,55.06024096385545,0.0,0.0,0.0,0.0,0.0,0.0,2026-04-04,v6a_hit_an,90,non_event
5,3F_R_N,442.0,331.0240963855422,46.0,103.43721603146145,110.97590361445782,0.0,0.0,3.0,2.1420000000000003,7.0,1.9992,2026-04-04,v6a_hit_an,90,non_event
0,2F_L_N,260.0,344.7289156626506,36.0,102.76997040094926,-84.72891566265059,1.0,1.4280000000000002,2.0,1.4280000000000002,7.0,1.9992,2026-04-04,v7_lift_weights,90,non_event
1,2F_R_N,1258.0,269.578313253012,52.0,111.1499960893556,988.4216867469879,4.0,5.712000000000001,4.0,2.8560000000000003,8.0,2.2848,2026-04-04,v7_lift_weights,90,non_event
2,3F_L_A,282.0,343.0722891566265,52.0,100.5412286046446,-61.07228915662648,0.0,0.0,0.0,0.0,0.0,0.0,2026-04-04,v7_lift_weights,90,non_event
3,3F_L_N,-542.0,405.12048192771084,48.0,98.1979069005659,-947.1204819277109,1.0,1.4280000000000002,1.0,0.7140000000000001,1.0,0.2856,2026-04-04,v7_lift_weights,90,non_event
4,3F_R_A,318.0,340.3614457831325,52.0,100.6627011784362,-22.361445783132524,0.0,0.0,0.0,0.0,0.0,0.0,2026-04-04,v7_lift_weights,90,non_event
5,3F_R_N,696.0,311.8975903614458,48.0,104.66336157134046,384.1024096385542,0.0,0.0,3.0,2.1420000000000003,8.0,2.2848,2026-04-04,v7_lift_weights,90,non_event
0,2F_L_N,312.0,340.81325301204816,38.0,103.1856401429257,-28.813253012048165,1.0,1.4280000000000002,2.0,1.4280000000000002,7.0,1.9992,2026-04-04,v8_dynamic,90,non_event
1,2F_R_N,1354.0,262.34939759036143,54.0,111.89078477142866,1091.6506024096386,4.0,5.712000000000001,4.0,2.8560000000000003,8.0,2.2848,2026-04-04,v8_dynamic,90,non_event
2,3F_L_A,440.0,331.17469879518075,54.0,101.12600871233266,108.82530120481925,0.0,0.0,0.0,0.0,0.0,0.0,2026-04-04,v8_dynamic,90,non_event
3,3F_L_N,-500.0,401.9578313253012,50.0,98.47183763750698,-901.9578313253012,1.0,1.4280000000000002,1.0,0.7140000000000001,1.0,0.2856,2026-04-04,v8_dynamic,90,non_event
4,3F_R_A,376.0,335.99397590361446,54.0,100.89369722103092,40.006024096385545,0.0,0.0,0.0,0.0,0.0,0.0,2026-04-04,v8_dynamic,90,non_event
5,3F_R_N,696.0,311.8975903614458,48.0,104.66336157134046,384.1024096385542,0.0,0.0,3.0,2.1420000000000003,8.0,2.2848,2026-04-04,v8_dynamic,90,non_event
0,2F_L_N,-144.0,46.08433734939759,34.0,98.08871271474955,-190.0843373493976,1.0,1.4280000000000002,2.0,1.4280000000000002,4.0,1.1424,2026-04-05,v6a_hit_an,90,non_event
1,2F_R_N,376.0,6.927710843373494,38.0,102.28077752887003,369.0722891566265,1.0,1.4280000000000002,2.0,1.4280000000000002,8.0,2.2848,2026-04-05,v6a_hit_an,90,non_event
2,3F_L_A,460.0,0.6024096385542169,50.0,100.05337548764238,459.3975903614458,0.0,0.0,0.0,0.0,2.0,0.5712,2026-04-05,v6a_hit_an,90,non_event
3,3F_L_N,6.0,34.78915662650602,42.0,98.9395177066484,-28.78915662650602,1.0,1.4280000000000002,3.0,2.1420000000000003,3.0,0.8568,2026-04-05,v6a_hit_an,90,non_event
4,3F_R_A,-106.0,43.22289156626506,38.0,97.02894989857299,-149.22289156626505,0.0,0.0,0.0,0.0,0.0,0.0,2026-04-05,v6a_hit_an,90,non_event
5,3F_R_N,20.0,33.734939759036145,32.0,100.92601820894177,-13.734939759036145,3.0,4.284000000000001,3.0,2.1420000000000003,6.0,1.7136,2026-04-05,v6a_hit_an,90,non_event
0,2F_L_N,-120.0,44.27710843373494,36.0,98.28517784392844,-164.27710843373495,1.0,1.4280000000000002,2.0,1.4280000000000002,4.0,1.1424,2026-04-05,v7_lift_weights,90,non_event
1,2F_R_N,444.0,1.8072289156626506,40.0,102.43702340501399,442.1927710843373,1.0,1.4280000000000002,2.0,1.4280000000000002,9.0,2.5704,2026-04-05,v7_lift_weights,90,non_event
2,3F_L_A,508.0,-3.0120481927710845,52.0,100.31549408718078,511.0120481927711,0.0,0.0,0.0,0.0,2.0,0.5712,2026-04-05,v7_lift_weights,90,non_event
3,3F_L_N,40.0,32.2289156626506,44.0,99.25033456651116,7.7710843373494,1.0,1.4280000000000002,3.0,2.1420000000000003,3.0,0.8568,2026-04-05,v7_lift_weights,90,non_event
4,3F_R_A,16.0,34.036144578313255,42.0,97.2057922762593,-18.036144578313255,0.0,0.0,0.0,0.0,0.0,0.0,2026-04-05,v7_lift_weights,90,non_event
5,3F_R_N,90.0,28.46385542168675,34.0,102.64596566319953,61.536144578313255,3.0,4.284000000000001,3.0,2.1420000000000003,7.0,1.9992,2026-04-05,v7_lift_weights,90,non_event
0,2F_L_N,-116.0,43.975903614457835,32.0,97.81495054087125,-159.97590361445782,1.0,1.4280000000000002,2.0,1.4280000000000002,4.0,1.1424,2026-04-05,v8_dynamic,90,non_event
1,2F_R_N,526.0,-4.367469879518072,40.0,102.68544094854222,530.3674698795181,1.0,1.4280000000000002,2.0,1.4280000000000002,10.0,2.856,2026-04-05,v8_dynamic,90,non_event
2,3F_L_A,460.0,0.6024096385542169,50.0,100.04555160251189,459.3975903614458,0.0,0.0,0.0,0.0,2.0,0.5712,2026-04-05,v8_dynamic,90,non_event
3,3F_L_N,-6.0,35.69277108433735,44.0,98.54408049936904,-41.69277108433735,1.0,1.4280000000000002,2.0,1.4280000000000002,2.0,0.5712,2026-04-05,v8_dynamic,90,non_event
4,3F_R_A,-10.0,35.993975903614455,40.0,97.38161568474263,-45.993975903614455,0.0,0.0,0.0,0.0,0.0,0.0,2026-04-05,v8_dynamic,90,non_event
5,3F_R_N,162.0,23.042168674698797,34.0,102.76160576530286,138.9578313253012,3.0,4.284000000000001,3.0,2.1420000000000003,7.0,1.9992,2026-04-05,v8_dynamic,90,non_event
0,2F_L_N,276.0,57.07831325301205,38.0,97.7503796738444,218.92168674698794,1.0,1.4280000000000002,2.0,1.4280000000000002,7.0,1.9992,2026-04-06,v6a_hit_an,90,non_event
1,2F_R_N,-28.0,79.96987951807229,38.0,98.59379345071707,-107.96987951807229,1.0,1.4280000000000002,1.0,0.7140000000000001,2.0,0.5712,2026-04-06,v6a_hit_an,90,non_event
2,3F_L_A,-108.0,85.99397590361446,26.0,94.01005113405522,-193.99397590361446,0.0,0.0,0.0,0.0,0.0,0.0,2026-04-06,v6a_hit_an,90,non_event
3,3F_L_N,-154.0,89.4578313253012,30.0,95.7080653956458,-243.45783132530119,0.0,0.0,2.0,1.4280000000000002,4.0,1.1424,2026-04-06,v6a_hit_an,90,non_event
4,3F_R_A,-10.0,78.6144578313253,34.0,93.35909847408999,-88.6144578313253,0.0,0.0,0.0,0.0,0.0,0.0,2026-04-06,v6a_hit_an,90,non_event
5,3F_R_N,770.0,19.879518072289155,40.0,102.65424899150386,750.1204819277109,4.0,5.712000000000001,5.0,3.5700000000000003,6.0,1.7136,2026-04-06,v6a_hit_an,90,non_event
0,2F_L_N,298.0,55.42168674698795,40.0,102.46318401037033,242.57831325301206,1.0,1.4280000000000002,2.0,1.4280000000000002,7.0,1.9992,2026-04-06,v7_lift_weights,90,non_event
1,2F_R_N,8.0,77.25903614457832,36.0,98.92358709935581,-69.25903614457832,1.0,1.4280000000000002,1.0,0.7140000000000001,2.0,0.5712,2026-04-06,v7_lift_weights,90,non_event
2,3F_L_A,-58.0,82.2289156626506,30.0,93.88514931689798,-140.2289156626506,0.0,0.0,0.0,0.0,0.0,0.0,2026-04-06,v7_lift_weights,90,non_event
3,3F_L_N,-12.0,78.76506024096386,32.0,96.71103210046495,-90.76506024096386,0.0,0.0,3.0,2.1420000000000003,5.0,1.428,2026-04-06,v7_lift_weights,90,non_event
4,3F_R_A,-82.0,84.03614457831326,32.0,93.39557361524277,-166.03614457831327,0.0,0.0,0.0,0.0,0.0,0.0,2026-04-06,v7_lift_weights,90,non_event
5,3F_R_N,800.0,17.620481927710845,42.0,103.04638648664681,782.3795180722891,4.0,5.712000000000001,5.0,3.5700000000000003,6.0,1.7136,2026-04-06,v7_lift_weights,90,non_event
0,2F_L_N,268.0,57.68072289156626,38.0,98.00492881358072,210.31927710843374,1.0,1.4280000000000002,2.0,1.4280000000000002,7.0,1.9992,2026-04-06,v8_dynamic,90,non_event
1,2F_R_N,20.0,76.355421686747,38.0,99.52809183845267,-56.35542168674699,1.0,1.4280000000000002,1.0,0.7140000000000001,2.0,0.5712,2026-04-06,v8_dynamic,90,non_event
2,3F_L_A,-90.0,84.63855421686748,26.0,93.93779286489132,-174.63855421686748,0.0,0.0,0.0,0.0,0.0,0.0,2026-04-06,v8_dynamic,90,non_event
3,3F_L_N,-12.0,78.76506024096386,32.0,96.71103210046495,-90.76506024096386,0.0,0.0,3.0,2.1420000000000003,5.0,1.428,2026-04-06,v8_dynamic,90,non_event
4,3F_R_A,-90.0,84.63855421686748,32.0,92.86300567298815,-174.63855421686748,0.0,0.0,0.0,0.0,0.0,0.0,2026-04-06,v8_dynamic,90,non_event
5,3F_R_N,712.0,24.246987951807228,40.0,101.97213141765728,687.7530120481928,4.0,5.712000000000001,5.0,3.5700000000000003,6.0,1.7136,2026-04-06,v8_dynamic,90,non_event
0,2F_L_N,378.0,165.8132530120482,42.0,98.7858736800876,212.1867469879518,0.0,0.0,2.0,1.4280000000000002,4.0,1.1424,2026-04-07,v6a_hit_an,90,event
1,2F_R_N,-64.0,199.09638554216866,40.0,98.46549774338582,-263.09638554216866,0.0,0.0,1.0,0.7140000000000001,4.0,1.1424,2026-04-07,v6a_hit_an,90,event
2,3F_L_A,524.0,154.81927710843374,44.0,99.65435408342981,369.18072289156623,0.0,0.0,0.0,0.0,1.0,0.2856,2026-04-07,v6a_hit_an,90,event
3,3F_L_N,790.0,134.789156626506,40.0,105.48759313245344,655.210843373494,4.0,5.712000000000001,6.0,4.284000000000001,7.0,1.9992,2026-04-07,v6a_hit_an,90,event
4,3F_R_A,106.0,186.29518072289156,48.0,98.52147337888817,-80.29518072289156,0.0,0.0,0.0,0.0,0.0,0.0,2026-04-07,v6a_hit_an,90,event
5,3F_R_N,-176.0,207.53012048192772,38.0,98.19657641541987,-383.5301204819277,0.0,0.0,1.0,0.7140000000000001,4.0,1.1424,2026-04-07,v6a_hit_an,90,event
0,2F_L_N,282.0,173.0421686746988,40.0,98.21753682785277,108.95783132530121,0.0,0.0,2.0,1.4280000000000002,4.0,1.1424,2026-04-07,v7_lift_weights,90,event
1,2F_R_N,-142.0,204.96987951807228,40.0,97.98345007521284,-346.9698795180723,0.0,0.0,0.0,0.0,3.0,0.8568,2026-04-07,v7_lift_weights,90,event
2,3F_L_A,440.0,161.14457831325302,44.0,98.91200763047684,278.855421686747,0.0,0.0,0.0,0.0,1.0,0.2856,2026-04-07,v7_lift_weights,90,event
3,3F_L_N,962.0,121.83734939759036,42.0,107.0579450367796,840.1626506024096,4.0,5.712000000000001,6.0,4.284000000000001,7.0,1.9992,2026-04-07,v7_lift_weights,90,event
4,3F_R_A,106.0,186.29518072289156,48.0,98.52147337888819,-80.29518072289156,0.0,0.0,0.0,0.0,0.0,0.0,2026-04-07,v7_lift_weights,90,event
5,3F_R_N,-226.0,211.29518072289156,38.0,97.86460362540173,-437.2951807228916,0.0,0.0,1.0,0.7140000000000001,4.0,1.1424,2026-04-07,v7_lift_weights,90,event
0,2F_L_N,160.0,182.2289156626506,38.0,97.33353499160161,-22.228915662650593,0.0,0.0,2.0,1.4280000000000002,4.0,1.1424,2026-04-07,v8_dynamic,90,event
1,2F_R_N,-58.0,198.64457831325302,40.0,98.6258409047537,-256.644578313253,0.0,0.0,1.0,0.7140000000000001,4.0,1.1424,2026-04-07,v8_dynamic,90,event
2,3F_L_A,432.0,161.74698795180723,44.0,99.12830327831779,270.2530120481928,0.0,0.0,0.0,0.0,1.0,0.2856,2026-04-07,v8_dynamic,90,event
3,3F_L_N,884.0,127.71084337349397,40.0,106.44416185423121,756.289156626506,4.0,5.712000000000001,6.0,4.284000000000001,7.0,1.9992,2026-04-07,v8_dynamic,90,event
4,3F_R_A,106.0,186.29518072289156,48.0,98.52147337888819,-80.29518072289156,0.0,0.0,0.0,0.0,0.0,0.0,2026-04-07,v8_dynamic,90,event
5,3F_R_N,-284.0,215.66265060240963,38.0,97.8228196572015,-499.6626506024096,0.0,0.0,1.0,0.7140000000000001,3.0,0.8568,2026-04-07,v8_dynamic,90,event
0,2F_L_N,648.0,176.50602409638554,38.0,104.90278753034478,471.49397590361446,2.0,2.8560000000000003,3.0,2.1420000000000003,5.0,1.428,2026-04-08,v6a_hit_an,90,non_event
1,2F_R_N,476.0,189.4578313253012,38.0,99.35016107739791,286.5421686746988,0.0,0.0,4.0,2.8560000000000003,6.0,1.7136,2026-04-08,v6a_hit_an,90,non_event
2,3F_L_A,172.0,212.34939759036143,40.0,97.27687549202678,-40.349397590361434,0.0,0.0,0.0,0.0,0.0,0.0,2026-04-08,v6a_hit_an,90,non_event
3,3F_L_N,238.0,207.37951807228916,30.0,106.9477943487708,30.62048192771084,2.0,2.8560000000000003,2.0,1.4280000000000002,6.0,1.7136,2026-04-08,v6a_hit_an,90,non_event
4,3F_R_A,168.0,212.65060240963857,48.0,96.57474033218597,-44.650602409638566,0.0,0.0,0.0,0.0,1.0,0.2856,2026-04-08,v6a_hit_an,90,non_event
5,3F_R_N,544.0,184.33734939759037,26.0,104.52271306799206,359.6626506024096,3.0,4.284000000000001,3.0,2.1420000000000003,7.0,1.9992,2026-04-08,v6a_hit_an,90,non_event
0,2F_L_N,528.0,185.5421686746988,40.0,102.74685454299853,342.4578313253012,2.0,2.8560000000000003,2.0,1.4280000000000002,4.0,1.1424,2026-04-08,v7_lift_weights,90,non_event
1,2F_R_N,470.0,189.90963855421685,34.0,100.72031956177548,280.0903614457832,1.0,1.4280000000000002,4.0,2.8560000000000003,6.0,1.7136,2026-04-08,v7_lift_weights,90,non_event
2,3F_L_A,188.0,211.14457831325302,42.0,98.20221838353555,-23.14457831325302,0.0,0.0,0.0,0.0,0.0,0.0,2026-04-08,v7_lift_weights,90,non_event
3,3F_L_N,166.0,212.8012048192771,28.000000000000004,104.92271915296392,-46.8012048192771,2.0,2.8560000000000003,2.0,1.4280000000000002,6.0,1.7136,2026-04-08,v7_lift_weights,90,non_event
4,3F_R_A,176.0,212.04819277108433,48.0,96.79443744417415,-36.04819277108433,0.0,0.0,0.0,0.0,1.0,0.2856,2026-04-08,v7_lift_weights,90,non_event
5,3F_R_N,688.0,173.49397590361446,30.0,106.67860066586123,514.5060240963855,3.0,4.284000000000001,3.0,2.1420000000000003,7.0,1.9992,2026-04-08,v7_lift_weights,90,non_event
0,2F_L_N,472.0,189.75903614457832,36.0,101.88599624459084,282.2409638554217,2.0,2.8560000000000003,2.0,1.4280000000000002,4.0,1.1424,2026-04-08,v8_dynamic,90,non_event
1,2F_R_N,448.0,191.56626506024097,34.0,100.74748972653043,256.433734939759,1.0,1.4280000000000002,4.0,2.8560000000000003,6.0,1.7136,2026-04-08,v8_dynamic,90,non_event
2,3F_L_A,156.0,213.55421686746988,40.0,97.895708747357,-57.554216867469876,0.0,0.0,0.0,0.0,0.0,0.0,2026-04-08,v8_dynamic,90,non_event
3,3F_L_N,166.0,212.8012048192771,28.000000000000004,104.9227191529639,-46.8012048192771,2.0,2.8560000000000003,2.0,1.4280000000000002,6.0,1.7136,2026-04-08,v8_dynamic,90,non_event
4,3F_R_A,146.0,214.30722891566265,46.0,96.48457163050605,-68.30722891566265,0.0,0.0,0.0,0.0,1.0,0.2856,2026-04-08,v8_dynamic,90,non_event
5,3F_R_N,622.0,178.46385542168676,28.000000000000004,105.07526392000013,443.53614457831327,3.0,4.284000000000001,3.0,2.1420000000000003,7.0,1.9992,2026-04-08,v8_dynamic,90,non_event
0,2F_L_N,-90.0,23.64457831325301,42.0,92.6627935588062,-113.644578313253,0.0,0.0,0.0,0.0,3.0,0.8568,2026-04-09,v6a_hit_an,90,non_event
1,2F_R_N,-262.0,36.596385542168676,36.0,98.30472287563,-298.59638554216866,0.0,0.0,1.0,0.7140000000000001,2.0,0.5712,2026-04-09,v6a_hit_an,90,non_event
2,3F_L_A,254.0,-2.2590361445783134,38.0,96.30176453337369,256.2590361445783,0.0,0.0,0.0,0.0,4.0,1.1424,2026-04-09,v6a_hit_an,90,non_event
3,3F_L_N,-390.0,46.234939759036145,28.000000000000004,93.99877967020278,-436.23493975903614,0.0,0.0,0.0,0.0,6.0,1.7136,2026-04-09,v6a_hit_an,90,non_event
4,3F_R_A,26.0,14.909638554216867,32.0,96.25741862158893,11.090361445783133,0.0,0.0,0.0,0.0,1.0,0.2856,2026-04-09,v6a_hit_an,90,non_event
5,3F_R_N,-64.0,21.686746987951807,26.0,97.30733102502383,-85.6867469879518,3.0,4.284000000000001,3.0,2.1420000000000003,3.0,0.8568,2026-04-09,v6a_hit_an,90,non_event
0,2F_L_N,-132.0,26.80722891566265,38.0,94.37019868531925,-158.80722891566265,0.0,0.0,0.0,0.0,3.0,0.8568,2026-04-09,v7_lift_weights,90,non_event
1,2F_R_N,32.0,14.457831325301205,40.0,98.56671828779847,17.542168674698793,0.0,0.0,2.0,1.4280000000000002,3.0,0.8568,2026-04-09,v7_lift_weights,90,non_event
2,3F_L_A,298.0,-5.572289156626506,40.0,96.52223791772467,303.5722891566265,0.0,0.0,0.0,0.0,4.0,1.1424,2026-04-09,v7_lift_weights,90,non_event
3,3F_L_N,-382.0,45.63253012048193,28.000000000000004,93.72786424244387,-427.63253012048193,0.0,0.0,0.0,0.0,7.0,1.9992,2026-04-09,v7_lift_weights,90,non_event
4,3F_R_A,72.0,11.44578313253012,34.0,97.62508416414909,60.554216867469876,0.0,0.0,0.0,0.0,1.0,0.2856,2026-04-09,v7_lift_weights,90,non_event
5,3F_R_N,-104.0,24.698795180722893,26.0,96.88404985412797,-128.6987951807229,3.0,4.284000000000001,3.0,2.1420000000000003,3.0,0.8568,2026-04-09,v7_lift_weights,90,non_event
0,2F_L_N,-112.0,25.301204819277107,40.0,95.30477455398936,-137.3012048192771,0.0,0.0,0.0,0.0,3.0,0.8568,2026-04-09,v8_dynamic,90,non_event
1,2F_R_N,-224.0,33.734939759036145,38.0,98.58191154904226,-257.73493975903614,0.0,0.0,1.0,0.7140000000000001,2.0,0.5712,2026-04-09,v8_dynamic,90,non_event
2,3F_L_A,254.0,-2.2590361445783134,38.0,96.30176453337369,256.2590361445783,0.0,0.0,0.0,0.0,4.0,1.1424,2026-04-09,v8_dynamic,90,non_event
3,3F_L_N,92.0,9.939759036144578,32.0,101.97028012698212,82.06024096385542,1.0,1.4280000000000002,1.0,0.7140000000000001,8.0,2.2848,2026-04-09,v8_dynamic,90,non_event
4,3F_R_A,6.0,16.41566265060241,32.0,96.35825648407345,-10.41566265060241,0.0,0.0,0.0,0.0,1.0,0.2856,2026-04-09,v8_dynamic,90,non_event
5,3F_R_N,-160.0,28.91566265060241,24.0,95.26462769437701,-188.9156626506024,3.0,4.284000000000001,3.0,2.1420000000000003,3.0,0.8568,2026-04-09,v8_dynamic,90,non_event
0,2F_L_N,428.0,49.69879518072289,44.0,99.28069373106919,378.30120481927713,0.0,0.0,1.0,0.7140000000000001,4.0,1.1424,2026-04-10,v6a_hit_an,90,non_event
1,2F_R_N,842.0,18.52409638554217,46.0,106.59156039654772,823.4759036144578,2.0,2.8560000000000003,4.0,2.8560000000000003,10.0,2.856,2026-04-10,v6a_hit_an,90,non_event
2,3F_L_A,134.0,71.83734939759036,40.0,96.41296036690164,62.16265060240964,0.0,0.0,0.0,0.0,1.0,0.2856,2026-04-10,v6a_hit_an,90,non_event
3,3F_L_N,140.0,71.3855421686747,34.0,94.60545883463128,68.6144578313253,2.0,2.8560000000000003,2.0,1.4280000000000002,3.0,0.8568,2026-04-10,v6a_hit_an,90,non_event
4,3F_R_A,460.0,47.28915662650602,48.0,99.52728468648678,412.71084337349396,0.0,0.0,0.0,0.0,1.0,0.2856,2026-04-10,v6a_hit_an,90,non_event
5,3F_R_N,-242.0,100.15060240963855,30.0,92.63913833139135,-342.15060240963857,1.0,1.4280000000000002,1.0,0.7140000000000001,3.0,0.8568,2026-04-10,v6a_hit_an,90,non_event
0,2F_L_N,506.0,43.825301204819276,44.0,100.27236555658473,462.17469879518075,0.0,0.0,2.0,1.4280000000000002,5.0,1.428,2026-04-10,v7_lift_weights,90,non_event
1,2F_R_N,898.0,14.30722891566265,48.0,107.2679101637447,883.6927710843373,2.0,2.8560000000000003,4.0,2.8560000000000003,10.0,2.856,2026-04-10,v7_lift_weights,90,non_event
2,3F_L_A,226.0,64.90963855421687,42.0,96.67826991408884,161.09036144578312,0.0,0.0,0.0,0.0,1.0,0.2856,2026-04-10,v7_lift_weights,90,non_event
3,3F_L_N,96.0,74.6987951807229,28.000000000000004,93.56389044340139,21.301204819277103,2.0,2.8560000000000003,3.0,2.1420000000000003,4.0,1.1424,2026-04-10,v7_lift_weights,90,non_event
4,3F_R_A,350.0,55.5722891566265,46.0,98.8727608309126,294.4277108433735,0.0,0.0,0.0,0.0,0.0,0.0,2026-04-10,v7_lift_weights,90,non_event
5,3F_R_N,-282.0,103.16265060240964,32.0,93.10221134047005,-385.16265060240966,1.0,1.4280000000000002,1.0,0.7140000000000001,3.0,0.8568,2026-04-10,v7_lift_weights,90,non_event
0,2F_L_N,442.0,48.644578313253014,44.0,99.6013588535333,393.355421686747,0.0,0.0,2.0,1.4280000000000002,5.0,1.428,2026-04-10,v8_dynamic,90,non_event
1,2F_R_N,836.0,18.97590361445783,46.0,106.16382950724989,817.0240963855422,2.0,2.8560000000000003,4.0,2.8560000000000003,9.0,2.5704,2026-04-10,v8_dynamic,90,non_event
2,3F_L_A,134.0,71.83734939759036,40.0,96.41296036690163,62.16265060240964,0.0,0.0,0.0,0.0,1.0,0.2856,2026-04-10,v8_dynamic,90,non_event
3,3F_L_N,82.0,75.75301204819277,28.000000000000004,93.55262360283241,6.2469879518072275,2.0,2.8560000000000003,3.0,2.1420000000000003,4.0,1.1424,2026-04-10,v8_dynamic,90,non_event
4,3F_R_A,340.0,56.325301204819276,46.0,98.86807580942457,283.67469879518075,0.0,0.0,0.0,0.0,0.0,0.0,2026-04-10,v8_dynamic,90,non_event
5,3F_R_N,-266.0,101.9578313253012,32.0,92.78939871940298,-367.9578313253012,1.0,1.4280000000000002,1.0,0.7140000000000001,3.0,0.8568,2026-04-10,v8_dynamic,90,non_event
0,2F_L_N,928.0,219.87951807228916,48.0,110.11284560751326,708.1204819277109,1.0,1.4280000000000002,2.0,1.4280000000000002,8.0,2.2848,2026-04-11,v6a_hit_an,90,event
1,2F_R_N,978.0,216.1144578313253,48.0,111.33413329253067,761.8855421686746,2.0,2.8560000000000003,3.0,2.1420000000000003,5.0,1.428,2026-04-11,v6a_hit_an,90,event
2,3F_L_A,22.0,288.1024096385542,44.0,98.95882382816438,-266.1024096385542,0.0,0.0,0.0,0.0,0.0,0.0,2026-04-11,v6a_hit_an,90,event
3,3F_L_N,-428.0,321.9879518072289,34.0,96.20165955299917,-749.9879518072289,1.0,1.4280000000000002,2.0,1.4280000000000002,3.0,0.8568,2026-04-11,v6a_hit_an,90,event
4,3F_R_A,450.0,255.8734939759036,60.0,101.30111085429577,194.1265060240964,0.0,0.0,0.0,0.0,0.0,0.0,2026-04-11,v6a_hit_an,90,event
5,3F_R_N,122.0,280.5722891566265,42.0,103.6882857872551,-158.57228915662648,1.0,1.4280000000000002,2.0,1.4280000000000002,7.0,1.9992,2026-04-11,v6a_hit_an,90,event
0,2F_L_N,512.0,251.20481927710844,42.0,106.75462055260006,260.7951807228916,1.0,1.4280000000000002,1.0,0.7140000000000001,7.0,1.9992,2026-04-11,v7_lift_weights,90,event
1,2F_R_N,1436.0,181.6265060240964,52.0,115.1162789030348,1254.3734939759036,3.0,4.284000000000001,4.0,2.8560000000000003,6.0,1.7136,2026-04-11,v7_lift_weights,90,event
2,3F_L_A,96.0,282.5301204819277,48.0,99.44563883289143,-186.53012048192772,0.0,0.0,0.0,0.0,0.0,0.0,2026-04-11,v7_lift_weights,90,event
3,3F_L_N,-348.0,315.96385542168673,34.0,96.54738633845064,-663.9638554216867,1.0,1.4280000000000002,3.0,2.1420000000000003,4.0,1.1424,2026-04-11,v7_lift_weights,90,event
4,3F_R_A,470.0,254.36746987951807,57.99999999999999,101.3487849365734,215.63253012048193,0.0,0.0,0.0,0.0,0.0,0.0,2026-04-11,v7_lift_weights,90,event
5,3F_R_N,42.0,286.59638554216866,40.0,102.797178950162,-244.59638554216866,0.0,0.0,1.0,0.7140000000000001,7.0,1.9992,2026-04-11,v7_lift_weights,90,event
0,2F_L_N,500.0,252.10843373493975,40.0,106.76279862821393,247.89156626506025,1.0,1.4280000000000002,1.0,0.7140000000000001,8.0,2.2848,2026-04-11,v8_dynamic,90,event
1,2F_R_N,1224.0,197.59036144578315,48.0,113.73937111335636,1026.4096385542168,3.0,4.284000000000001,4.0,2.8560000000000003,6.0,1.7136,2026-04-11,v8_dynamic,90,event
2,3F_L_A,52.0,285.8433734939759,46.0,99.10212869433275,-233.8433734939759,0.0,0.0,0.0,0.0,0.0,0.0,2026-04-11,v8_dynamic,90,event
3,3F_L_N,-214.0,305.8734939759036,36.0,97.83058666177484,-519.8734939759036,1.0,1.4280000000000002,3.0,2.1420000000000003,4.0,1.1424,2026-04-11,v8_dynamic,90,event
4,3F_R_A,450.0,255.8734939759036,60.0,101.30111085429579,194.1265060240964,0.0,0.0,0.0,0.0,0.0,0.0,2026-04-11,v8_dynamic,90,event
5,3F_R_N,52.0,285.8433734939759,42.0,102.91757589365196,-233.8433734939759,1.0,1.4280000000000002,2.0,1.4280000000000002,7.0,1.9992,2026-04-11,v8_dynamic,90,event
0,2F_L_N,768.0,139.4578313253012,56.00000000000001,106.41785674957235,628.5421686746988,1.0,1.4280000000000002,1.0,0.7140000000000001,3.0,0.8568,2026-04-12,v6a_hit_an,90,non_event
1,2F_R_N,-272.0,217.7710843373494,36.0,96.75698824843079,-489.7710843373494,0.0,0.0,0.0,0.0,2.0,0.5712,2026-04-12,v6a_hit_an,90,non_event
2,3F_L_A,-112.0,205.72289156626505,24.0,96.16144945614204,-317.72289156626505,0.0,0.0,0.0,0.0,0.0,0.0,2026-04-12,v6a_hit_an,90,non_event
3,3F_L_N,234.0,179.66867469879517,40.0,102.05073240223912,54.33132530120483,2.0,2.8560000000000003,3.0,2.1420000000000003,5.0,1.428,2026-04-12,v6a_hit_an,90,non_event
4,3F_R_A,386.0,168.22289156626505,38.0,99.12031841041444,217.77710843373495,0.0,0.0,0.0,0.0,1.0,0.2856,2026-04-12,v6a_hit_an,90,non_event
5,3F_R_N,132.0,187.34939759036143,40.0,102.72732387965803,-55.349397590361434,2.0,2.8560000000000003,5.0,3.5700000000000003,7.0,1.9992,2026-04-12,v6a_hit_an,90,non_event
0,2F_L_N,926.0,127.56024096385542,60.0,107.62351835931202,798.4397590361446,1.0,1.4280000000000002,1.0,0.7140000000000001,3.0,0.8568,2026-04-12,v7_lift_weights,90,non_event
1,2F_R_N,-130.0,207.07831325301206,36.0,97.02833595250868,-337.0783132530121,0.0,0.0,0.0,0.0,3.0,0.8568,2026-04-12,v7_lift_weights,90,non_event
2,3F_L_A,-40.0,200.3012048192771,26.0,96.47470102154847,-240.3012048192771,0.0,0.0,0.0,0.0,0.0,0.0,2026-04-12,v7_lift_weights,90,non_event
3,3F_L_N,-132.0,207.2289156626506,38.0,97.31944736949852,-339.2289156626506,1.0,1.4280000000000002,2.0,1.4280000000000002,4.0,1.1424,2026-04-12,v7_lift_weights,90,non_event
4,3F_R_A,304.0,174.3975903614458,36.0,98.63257491047847,129.6024096385542,0.0,0.0,0.0,0.0,0.0,0.0,2026-04-12,v7_lift_weights,90,non_event
5,3F_R_N,172.0,184.33734939759037,42.0,103.07778964029616,-12.337349397590373,1.0,1.4280000000000002,4.0,2.8560000000000003,6.0,1.7136,2026-04-12,v7_lift_weights,90,non_event
0,2F_L_N,862.0,132.37951807228916,57.99999999999999,107.01512797424124,729.6204819277109,1.0,1.4280000000000002,1.0,0.7140000000000001,3.0,0.8568,2026-04-12,v8_dynamic,90,non_event
1,2F_R_N,-142.0,207.98192771084337,36.0,96.83711388522505,-349.98192771084337,0.0,0.0,0.0,0.0,3.0,0.8568,2026-04-12,v8_dynamic,90,non_event
2,3F_L_A,36.0,194.57831325301206,28.000000000000004,97.22329009251142,-158.57831325301206,0.0,0.0,0.0,0.0,0.0,0.0,2026-04-12,v8_dynamic,90,non_event
3,3F_L_N,-132.0,207.2289156626506,38.0,97.31944736949853,-339.2289156626506,1.0,1.4280000000000002,2.0,1.4280000000000002,4.0,1.1424,2026-04-12,v8_dynamic,90,non_event
4,3F_R_A,398.0,167.31927710843374,38.0,99.2153766043976,230.68072289156626,0.0,0.0,0.0,0.0,1.0,0.2856,2026-04-12,v8_dynamic,90,non_event
5,3F_R_N,222.0,180.5722891566265,44.0,103.57255051023776,41.42771084337349,1.0,1.4280000000000002,4.0,2.8560000000000003,6.0,1.7136,2026-04-12,v8_dynamic,90,non_event
0,2F_L_N,-26.0,-14.909638554216867,22.0,93.40109839916705,-11.090361445783133,0.0,0.0,0.0,0.0,4.0,1.1424,2026-04-13,v6a_hit_an,90,non_event
1,2F_R_N,218.0,-33.28313253012048,44.0,102.799558623615,251.2831325301205,1.0,1.4280000000000002,1.0,0.7140000000000001,6.0,1.7136,2026-04-13,v6a_hit_an,90,non_event
2,3F_L_A,-234.0,0.7530120481927711,20.0,93.49697897445509,-234.75301204819277,0.0,0.0,0.0,0.0,0.0,0.0,2026-04-13,v6a_hit_an,90,non_event
3,3F_L_N,-82.0,-10.69277108433735,34.0,99.84539072063754,-71.30722891566265,1.0,1.4280000000000002,3.0,2.1420000000000003,4.0,1.1424,2026-04-13,v6a_hit_an,90,non_event
4,3F_R_A,-72.0,-11.44578313253012,34.0,93.34850330092411,-60.554216867469876,0.0,0.0,0.0,0.0,1.0,0.2856,2026-04-13,v6a_hit_an,90,non_event
5,3F_R_N,-360.0,10.240963855421686,28.000000000000004,89.76363426478154,-370.2409638554217,1.0,1.4280000000000002,1.0,0.7140000000000001,2.0,0.5712,2026-04-13,v6a_hit_an,90,non_event
0,2F_L_N,-50.0,-13.102409638554217,22.0,93.03680173104065,-36.89759036144578,0.0,0.0,0.0,0.0,3.0,0.8568,2026-04-13,v7_lift_weights,90,non_event
1,2F_R_N,474.0,-52.56024096385542,50.0,103.33526168717376,526.5602409638554,2.0,2.8560000000000003,2.0,1.4280000000000002,6.0,1.7136,2026-04-13,v7_lift_weights,90,non_event
2,3F_L_A,-178.0,-3.463855421686747,24.0,93.92495880021931,-174.53614457831324,0.0,0.0,0.0,0.0,0.0,0.0,2026-04-13,v7_lift_weights,90,non_event
3,3F_L_N,-354.0,9.789156626506024,32.0,98.9545616276076,-363.78915662650604,0.0,0.0,2.0,1.4280000000000002,3.0,0.8568,2026-04-13,v7_lift_weights,90,non_event
4,3F_R_A,-178.0,-3.463855421686747,28.000000000000004,91.89773339749524,-174.53614457831324,0.0,0.0,0.0,0.0,1.0,0.2856,2026-04-13,v7_lift_weights,90,non_event
5,3F_R_N,-170.0,-4.066265060240964,32.0,92.76014849929494,-165.93373493975903,1.0,1.4280000000000002,2.0,1.4280000000000002,3.0,0.8568,2026-04-13,v7_lift_weights,90,non_event
0,2F_L_N,-108.0,-8.734939759036145,20.0,91.71931283397856,-99.26506024096386,0.0,0.0,0.0,0.0,3.0,0.8568,2026-04-13,v8_dynamic,90,non_event
1,2F_R_N,488.0,-53.6144578313253,50.0,105.473373015345,541.6144578313254,2.0,2.8560000000000003,2.0,1.4280000000000002,7.0,1.9992,2026-04-13,v8_dynamic,90,non_event
2,3F_L_A,-204.0,-1.5060240963855422,22.0,93.39376760578836,-202.49397590361446,0.0,0.0,0.0,0.0,0.0,0.0,2026-04-13,v8_dynamic,90,non_event
3,3F_L_N,-278.0,4.066265060240964,34.0,99.08975645076063,-282.06626506024094,0.0,0.0,2.0,1.4280000000000002,3.0,0.8568,2026-04-13,v8_dynamic,90,non_event
4,3F_R_A,-80.0,-10.843373493975903,32.0,92.89267109810584,-69.1566265060241,0.0,0.0,0.0,0.0,1.0,0.2856,2026-04-13,v8_dynamic,90,non_event
5,3F_R_N,-202.0,-1.6566265060240963,32.0,92.42044694049189,-200.34337349397592,1.0,1.4280000000000002,2.0,1.4280000000000002,3.0,0.8568,2026-04-13,v8_dynamic,90,non_event
0,2F_L_N,338.0,88.25301204819277,34.0,100.542727874415,249.74698795180723,0.0,0.0,0.0,0.0,6.0,1.7136,2026-04-14,v6a_hit_an,90,non_event
1,2F_R_N,336.0,88.40361445783132,34.0,96.0916811853383,247.59638554216866,1.0,1.4280000000000002,3.0,2.1420000000000003,3.0,0.8568,2026-04-14,v6a_hit_an,90,non_event
2,3F_L_A,226.0,96.6867469879518,36.0,97.11481262353279,129.3132530120482,0.0,0.0,0.0,0.0,1.0,0.2856,2026-04-14,v6a_hit_an,90,non_event
3,3F_L_N,-42.0,116.86746987951807,34.0,94.13179954010553,-158.86746987951807,0.0,0.0,0.0,0.0,1.0,0.2856,2026-04-14,v6a_hit_an,90,non_event
4,3F_R_A,376.0,85.39156626506023,46.0,98.06096781303151,290.60843373493975,0.0,0.0,0.0,0.0,2.0,0.5712,2026-04-14,v6a_hit_an,90,non_event
5,3F_R_N,-482.0,150.0,30.0,93.30335710628682,-632.0,0.0,0.0,1.0,0.7140000000000001,3.0,0.8568,2026-04-14,v6a_hit_an,90,non_event
0,2F_L_N,248.0,95.03012048192771,34.0,100.79742057443184,152.96987951807228,0.0,0.0,0.0,0.0,6.0,1.7136,2026-04-14,v7_lift_weights,90,non_event
1,2F_R_N,78.0,107.83132530120481,32.0,93.91801037859588,-29.831325301204814,1.0,1.4280000000000002,2.0,1.4280000000000002,2.0,0.5712,2026-04-14,v7_lift_weights,90,non_event
2,3F_L_A,300.0,91.1144578313253,42.0,97.74236518415555,208.8855421686747,0.0,0.0,0.0,0.0,0.0,0.0,2026-04-14,v7_lift_weights,90,non_event
3,3F_L_N,-282.0,134.93975903614458,28.000000000000004,90.79365089851598,-416.93975903614455,0.0,0.0,0.0,0.0,1.0,0.2856,2026-04-14,v7_lift_weights,90,non_event
4,3F_R_A,502.0,75.90361445783132,50.0,99.66822615100844,426.09638554216866,0.0,0.0,0.0,0.0,2.0,0.5712,2026-04-14,v7_lift_weights,90,non_event
5,3F_R_N,-434.0,146.3855421686747,30.0,92.92239477230872,-580.3855421686746,0.0,0.0,2.0,1.4280000000000002,4.0,1.1424,2026-04-14,v7_lift_weights,90,non_event
0,2F_L_N,200.0,98.644578313253,34.0,101.56769928534932,101.355421686747,0.0,0.0,0.0,0.0,5.0,1.428,2026-04-14,v8_dynamic,90,non_event
1,2F_R_N,212.0,97.74096385542168,36.0,95.89510977524914,114.25903614457832,1.0,1.4280000000000002,2.0,1.4280000000000002,2.0,0.5712,2026-04-14,v8_dynamic,90,non_event
2,3F_L_A,304.0,90.8132530120482,40.0,97.69914995134879,213.1867469879518,0.0,0.0,0.0,0.0,1.0,0.2856,2026-04-14,v8_dynamic,90,non_event
3,3F_L_N,-354.0,140.36144578313252,26.0,89.83706917129294,-494.3614457831325,0.0,0.0,0.0,0.0,1.0,0.2856,2026-04-14,v8_dynamic,90,non_event
4,3F_R_A,362.0,86.44578313253012,44.0,97.7740063062872,275.5542168674699,0.0,0.0,0.0,0.0,2.0,0.5712,2026-04-14,v8_dynamic,90,non_event
5,3F_R_N,-440.0,146.83734939759037,30.0,92.85463393925167,-586.8373493975904,0.0,0.0,2.0,1.4280000000000002,4.0,1.1424,2026-04-14,v8_dynamic,90,non_event
0,2F_L_N,24.0,71.83734939759036,36.0,97.3641203601703,-47.83734939759036,1.0,1.4280000000000002,1.0,0.7140000000000001,4.0,1.1424,2026-04-15,v6a_hit_an,90,non_event
1,2F_R_N,382.0,44.87951807228916,36.0,106.07659801544119,337.12048192771084,2.0,2.8560000000000003,2.0,1.4280000000000002,5.0,1.428,2026-04-15,v6a_hit_an,90,non_event
2,3F_L_A,264.0,53.765060240963855,40.0,97.2755096603924,210.23493975903614,0.0,0.0,0.0,0.0,0.0,0.0,2026-04-15,v6a_hit_an,90,non_event
3,3F_L_N,256.0,54.36746987951807,34.0,96.5451295401821,201.63253012048193,1.0,1.4280000000000002,3.0,2.1420000000000003,6.0,1.7136,2026-04-15,v6a_hit_an,90,non_event
4,3F_R_A,0.0,73.644578313253,34.0,97.01637510547826,-73.644578313253,0.0,0.0,0.0,0.0,0.0,0.0,2026-04-15,v6a_hit_an,90,non_event
5,3F_R_N,-734.0,128.9156626506024,30.0,88.34659698832341,-862.9156626506024,0.0,0.0,1.0,0.7140000000000001,3.0,0.8568,2026-04-15,v6a_hit_an,90,non_event
0,2F_L_N,298.0,51.204819277108435,44.0,100.83682352657557,246.79518072289156,1.0,1.4280000000000002,1.0,0.7140000000000001,5.0,1.428,2026-04-15,v7_lift_weights,90,non_event
1,2F_R_N,574.0,30.42168674698795,40.0,107.63378141560796,543.5783132530121,2.0,2.8560000000000003,2.0,1.4280000000000002,6.0,1.7136,2026-04-15,v7_lift_weights,90,non_event
2,3F_L_A,180.0,60.09036144578313,38.0,96.87455724754236,119.90963855421687,0.0,0.0,0.0,0.0,0.0,0.0,2026-04-15,v7_lift_weights,90,non_event
3,3F_L_N,250.0,54.81927710843374,32.0,96.12837734650847,195.18072289156626,1.0,1.4280000000000002,3.0,2.1420000000000003,6.0,1.7136,2026-04-15,v7_lift_weights,90,non_event
4,3F_R_A,48.0,70.03012048192771,38.0,96.98314045202362,-22.03012048192771,0.0,0.0,0.0,0.0,0.0,0.0,2026-04-15,v7_lift_weights,90,non_event
5,3F_R_N,-492.0,110.69277108433735,34.0,91.41149022877107,-602.6927710843373,0.0,0.0,2.0,1.4280000000000002,4.0,1.1424,2026-04-15,v7_lift_weights,90,non_event
0,2F_L_N,162.0,61.44578313253012,40.0,98.69677188561613,100.55421686746988,1.0,1.4280000000000002,1.0,0.7140000000000001,5.0,1.428,2026-04-15,v8_dynamic,90,non_event
1,2F_R_N,440.0,40.51204819277108,38.0,105.84817347909744,399.4879518072289,2.0,2.8560000000000003,2.0,1.4280000000000002,5.0,1.428,2026-04-15,v8_dynamic,90,non_event
2,3F_L_A,256.0,54.36746987951807,38.0,97.18144572058225,201.63253012048193,0.0,0.0,0.0,0.0,0.0,0.0,2026-04-15,v8_dynamic,90,non_event
3,3F_L_N,216.0,57.37951807228916,34.0,96.40928767792865,158.62048192771084,1.0,1.4280000000000002,3.0,2.1420000000000003,6.0,1.7136,2026-04-15,v8_dynamic,90,non_event
4,3F_R_A,-76.0,79.36746987951807,34.0,96.4158956466978,-155.36746987951807,0.0,0.0,0.0,0.0,0.0,0.0,2026-04-15,v8_dynamic,90,non_event
5,3F_R_N,-686.0,125.3012048192771,32.0,89.0972976628354,-811.3012048192771,0.0,0.0,1.0,0.7140000000000001,4.0,1.1424,2026-04-15,v8_dynamic,90,non_event
0,2F_L_N,322.0,-43.524096385542165,34.0,100.29977975940605,365.5240963855422,2.0,2.8560000000000003,3.0,2.1420000000000003,3.0,0.8568,2026-04-16,v6a_hit_an,90,non_event
1,2F_R_N,-40.0,-16.265060240963855,40.0,96.13488023160839,-23.734939759036145,0.0,0.0,1.0,0.7140000000000001,4.0,1.1424,2026-04-16,v6a_hit_an,90,non_event
2,3F_L_A,416.0,-50.602409638554214,44.0,98.41750376482311,466.6024096385542,0.0,0.0,1.0,0.7140000000000001,4.0,1.1424,2026-04-16,v6a_hit_an,90,non_event
3,3F_L_N,26.0,-21.234939759036145,32.0,96.22058260961212,47.234939759036145,2.0,2.8560000000000003,2.0,1.4280000000000002,4.0,1.1424,2026-04-16,v6a_hit_an,90,non_event
4,3F_R_A,118.0,-28.162650602409638,28.000000000000004,95.75266112078778,146.16265060240963,0.0,0.0,0.0,0.0,2.0,0.5712,2026-04-16,v6a_hit_an,90,non_event
5,3F_R_N,-294.0,2.86144578313253,32.0,96.77789182805816,-296.8614457831325,0.0,0.0,1.0,0.7140000000000001,4.0,1.1424,2026-04-16,v6a_hit_an,90,non_event
0,2F_L_N,644.0,-67.7710843373494,40.0,104.03329520179459,711.7710843373494,2.0,2.8560000000000003,4.0,2.8560000000000003,6.0,1.7136,2026-04-16,v7_lift_weights,90,non_event
1,2F_R_N,-362.0,7.981927710843373,32.0,93.61475092342502,-369.98192771084337,0.0,0.0,1.0,0.7140000000000001,4.0,1.1424,2026-04-16,v7_lift_weights,90,non_event
2,3F_L_A,466.0,-54.36746987951807,48.0,99.25213865222727,520.367469879518,0.0,0.0,1.0,0.7140000000000001,4.0,1.1424,2026-04-16,v7_lift_weights,90,non_event
3,3F_L_N,-150.0,-7.981927710843373,28.000000000000004,94.9767830794594,-142.01807228915663,2.0,2.8560000000000003,2.0,1.4280000000000002,4.0,1.1424,2026-04-16,v7_lift_weights,90,non_event
4,3F_R_A,184.0,-33.13253012048193,30.0,96.25070035880557,217.13253012048193,0.0,0.0,0.0,0.0,3.0,0.8568,2026-04-16,v7_lift_weights,90,non_event
5,3F_R_N,-408.0,11.44578313253012,30.0,90.26389000646341,-419.4457831325301,0.0,0.0,1.0,0.7140000000000001,3.0,0.8568,2026-04-16,v7_lift_weights,90,non_event
0,2F_L_N,436.0,-52.10843373493976,34.0,100.49312270696234,488.10843373493975,2.0,2.8560000000000003,4.0,2.8560000000000003,4.0,1.1424,2026-04-16,v8_dynamic,90,non_event
1,2F_R_N,-356.0,7.530120481927711,32.0,93.24886939193172,-363.5301204819277,0.0,0.0,1.0,0.7140000000000001,4.0,1.1424,2026-04-16,v8_dynamic,90,non_event
2,3F_L_A,444.0,-52.71084337349398,44.0,98.96514057351207,496.71084337349396,0.0,0.0,1.0,0.7140000000000001,4.0,1.1424,2026-04-16,v8_dynamic,90,non_event
3,3F_L_N,-82.0,-13.102409638554217,30.0,95.98060480085562,-68.89759036144578,2.0,2.8560000000000003,2.0,1.4280000000000002,4.0,1.1424,2026-04-16,v8_dynamic,90,non_event
4,3F_R_A,184.0,-33.13253012048193,30.0,96.06502800989755,217.13253012048193,0.0,0.0,0.0,0.0,3.0,0.8568,2026-04-16,v8_dynamic,90,non_event
5,3F_R_N,-408.0,11.44578313253012,30.0,90.26389000646341,-419.4457831325301,0.0,0.0,1.0,0.7140000000000001,3.0,0.8568,2026-04-16,v8_dynamic,90,non_event
0,2F_L_N,366.0,-90.51204819277109,46.0,99.54404592269911,456.5120481927711,2.0,2.8560000000000003,2.0,1.4280000000000002,6.0,1.7136,2026-04-17,v6a_hit_an,90,event
1,2F_R_N,24.0,-64.75903614457832,32.0,98.9316575848013,88.75903614457832,1.0,1.4280000000000002,2.0,1.4280000000000002,5.0,1.428,2026-04-17,v6a_hit_an,90,event
2,3F_L_A,338.0,-88.40361445783132,48.0,100.62851388475929,426.40361445783134,0.0,0.0,0.0,0.0,0.0,0.0,2026-04-17,v6a_hit_an,90,event
3,3F_L_N,-814.0,-1.6566265060240963,32.0,93.53175502230368,-812.343373493976,0.0,0.0,0.0,0.0,1.0,0.2856,2026-04-17,v6a_hit_an,90,event
4,3F_R_A,486.0,-99.54819277108433,46.0,101.236489466367,585.5481927710844,1.0,1.4280000000000002,1.0,0.7140000000000001,3.0,0.8568,2026-04-17,v6a_hit_an,90,event
5,3F_R_N,-224.0,-46.08433734939759,28.000000000000004,94.52895831755924,-177.9156626506024,3.0,4.284000000000001,4.0,2.8560000000000003,7.0,1.9992,2026-04-17,v6a_hit_an,90,event
0,2F_L_N,276.0,-83.73493975903614,46.0,99.48372220227877,359.73493975903614,2.0,2.8560000000000003,2.0,1.4280000000000002,6.0,1.7136,2026-04-17,v7_lift_weights,90,event
1,2F_R_N,-192.0,-48.493975903614455,30.0,97.42354716148098,-143.50602409638554,1.0,1.4280000000000002,2.0,1.4280000000000002,5.0,1.428,2026-04-17,v7_lift_weights,90,event
2,3F_L_A,362.0,-90.21084337349397,52.0,100.5957704654291,452.21084337349396,0.0,0.0,0.0,0.0,0.0,0.0,2026-04-17,v7_lift_weights,90,event
3,3F_L_N,-918.0,6.174698795180723,28.000000000000004,92.45685634422632,-924.1746987951807,0.0,0.0,0.0,0.0,1.0,0.2856,2026-04-17,v7_lift_weights,90,event
4,3F_R_A,570.0,-105.87349397590361,50.0,101.72311412699344,675.8734939759036,1.0,1.4280000000000002,1.0,0.7140000000000001,3.0,0.8568,2026-04-17,v7_lift_weights,90,event
5,3F_R_N,-60.0,-58.433734939759034,30.0,96.08551655373097,-1.5662650602409656,3.0,4.284000000000001,4.0,2.8560000000000003,7.0,1.9992,2026-04-17,v7_lift_weights,90,event
0,2F_L_N,176.0,-76.20481927710843,42.0,98.77307508793449,252.2048192771084,2.0,2.8560000000000003,2.0,1.4280000000000002,6.0,1.7136,2026-04-17,v8_dynamic,90,event
1,2F_R_N,90.0,-69.7289156626506,34.0,99.37995017646473,159.7289156626506,1.0,1.4280000000000002,2.0,1.4280000000000002,5.0,1.428,2026-04-17,v8_dynamic,90,event
2,3F_L_A,334.0,-88.10240963855422,50.0,100.34828998852747,422.1024096385542,0.0,0.0,0.0,0.0,0.0,0.0,2026-04-17,v8_dynamic,90,event
3,3F_L_N,-762.0,-5.572289156626506,30.0,93.9104610046922,-756.4277108433735,0.0,0.0,0.0,0.0,1.0,0.2856,2026-04-17,v8_dynamic,90,event
4,3F_R_A,624.0,-109.93975903614458,52.0,102.00663077451078,733.9397590361446,1.0,1.4280000000000002,1.0,0.7140000000000001,3.0,0.8568,2026-04-17,v8_dynamic,90,event
5,3F_R_N,-144.0,-52.10843373493976,28.000000000000004,95.05897164739447,-91.89156626506025,3.0,4.284000000000001,4.0,2.8560000000000003,7.0,1.9992,2026-04-17,v8_dynamic,90,event
0,2F_L_N,88.0,170.93373493975903,36.0,97.14769225597296,-82.93373493975903,0.0,0.0,0.0,0.0,6.0,1.7136,2026-04-18,v6a_hit_an,90,non_event
1,2F_R_N,286.0,156.02409638554218,46.0,100.77302185687907,129.97590361445782,1.0,1.4280000000000002,2.0,1.4280000000000002,3.0,0.8568,2026-04-18,v6a_hit_an,90,non_event
2,3F_L_A,288.0,155.8734939759036,44.0,99.74739770734082,132.1265060240964,0.0,0.0,0.0,0.0,2.0,0.5712,2026-04-18,v6a_hit_an,90,non_event
3,3F_L_N,190.0,163.25301204819277,44.0,99.82834074915512,26.746987951807228,1.0,1.4280000000000002,4.0,2.8560000000000003,5.0,1.428,2026-04-18,v6a_hit_an,90,non_event
4,3F_R_A,388.0,148.34337349397592,44.0,99.50168534151263,239.65662650602408,0.0,0.0,0.0,0.0,1.0,0.2856,2026-04-18,v6a_hit_an,90,non_event
5,3F_R_N,398.0,147.59036144578315,46.0,106.0375295659936,250.40963855421685,1.0,1.4280000000000002,1.0,0.7140000000000001,5.0,1.428,2026-04-18,v6a_hit_an,90,non_event
0,2F_L_N,-308.0,200.75301204819277,34.0,95.29388083975122,-508.7530120481928,0.0,0.0,0.0,0.0,4.0,1.1424,2026-04-18,v7_lift_weights,90,non_event
1,2F_R_N,468.0,142.31927710843374,48.0,101.50858692983397,325.68072289156623,1.0,1.4280000000000002,1.0,0.7140000000000001,2.0,0.5712,2026-04-18,v7_lift_weights,90,non_event
2,3F_L_A,320.0,153.46385542168676,44.0,99.75202599347962,166.53614457831324,0.0,0.0,0.0,0.0,2.0,0.5712,2026-04-18,v7_lift_weights,90,non_event
3,3F_L_N,190.0,163.25301204819277,44.0,99.8283407491551,26.746987951807228,1.0,1.4280000000000002,4.0,2.8560000000000003,5.0,1.428,2026-04-18,v7_lift_weights,90,non_event
4,3F_R_A,468.0,142.31927710843374,50.0,99.68362038990966,325.68072289156623,0.0,0.0,0.0,0.0,1.0,0.2856,2026-04-18,v7_lift_weights,90,non_event
5,3F_R_N,532.0,137.5,46.0,106.81371348217701,394.5,1.0,1.4280000000000002,1.0,0.7140000000000001,5.0,1.428,2026-04-18,v7_lift_weights,90,non_event
0,2F_L_N,-264.0,197.43975903614458,34.0,95.71613607058568,-461.43975903614455,0.0,0.0,0.0,0.0,4.0,1.1424,2026-04-18,v8_dynamic,90,non_event
1,2F_R_N,732.0,122.43975903614458,52.0,103.86316985554815,609.5602409638554,1.0,1.4280000000000002,2.0,1.4280000000000002,3.0,0.8568,2026-04-18,v8_dynamic,90,non_event
2,3F_L_A,256.0,158.28313253012047,42.0,99.29427162504511,97.71686746987953,0.0,0.0,0.0,0.0,2.0,0.5712,2026-04-18,v8_dynamic,90,non_event
3,3F_L_N,190.0,163.25301204819277,44.0,99.82834074915512,26.746987951807228,1.0,1.4280000000000002,4.0,2.8560000000000003,5.0,1.428,2026-04-18,v8_dynamic,90,non_event
4,3F_R_A,484.0,141.1144578313253,48.0,100.03312914281035,342.8855421686747,0.0,0.0,0.0,0.0,1.0,0.2856,2026-04-18,v8_dynamic,90,non_event
5,3F_R_N,400.0,147.43975903614458,44.0,105.19615662035153,252.56024096385542,1.0,1.4280000000000002,1.0,0.7140000000000001,4.0,1.1424,2026-04-18,v8_dynamic,90,non_event
0,2F_L_N,-58.0,46.98795180722892,34.0,96.59250000791832,-104.98795180722891,1.0,1.4280000000000002,1.0,0.7140000000000001,2.0,0.5712,2026-04-19,v6a_hit_an,90,non_event
1,2F_R_N,-82.0,48.795180722891565,26.0,98.99390459029927,-130.79518072289156,0.0,0.0,2.0,1.4280000000000002,6.0,1.7136,2026-04-19,v6a_hit_an,90,non_event
2,3F_L_A,264.0,22.740963855421686,44.0,98.3702352876686,241.25903614457832,0.0,0.0,0.0,0.0,1.0,0.2856,2026-04-19,v6a_hit_an,90,non_event
3,3F_L_N,244.0,24.246987951807228,40.0,104.41515354817771,219.75301204819277,1.0,1.4280000000000002,2.0,1.4280000000000002,7.0,1.9992,2026-04-19,v6a_hit_an,90,non_event
4,3F_R_A,-178.0,56.024096385542165,24.0,95.72919671674225,-234.02409638554218,0.0,0.0,0.0,0.0,0.0,0.0,2026-04-19,v6a_hit_an,90,non_event
5,3F_R_N,-294.0,64.75903614457832,32.0,97.21124163776905,-358.7590361445783,3.0,4.284000000000001,4.0,2.8560000000000003,5.0,1.428,2026-04-19,v6a_hit_an,90,non_event
0,2F_L_N,-330.0,67.46987951807229,34.0,95.90547152247458,-397.4698795180723,0.0,0.0,0.0,0.0,1.0,0.2856,2026-04-19,v7_lift_weights,90,non_event
1,2F_R_N,240.0,24.548192771084338,40.0,101.9569651236027,215.45180722891567,0.0,0.0,1.0,0.7140000000000001,7.0,1.9992,2026-04-19,v7_lift_weights,90,non_event
2,3F_L_A,160.0,30.572289156626507,44.0,97.93532170171031,129.4277108433735,0.0,0.0,0.0,0.0,1.0,0.2856,2026-04-19,v7_lift_weights,90,non_event
3,3F_L_N,78.0,36.74698795180723,36.0,101.1002544327062,41.25301204819277,1.0,1.4280000000000002,2.0,1.4280000000000002,6.0,1.7136,2026-04-19,v7_lift_weights,90,non_event
4,3F_R_A,-146.0,53.6144578313253,24.0,96.16683501454911,-199.6144578313253,0.0,0.0,0.0,0.0,1.0,0.2856,2026-04-19,v7_lift_weights,90,non_event
5,3F_R_N,-260.0,62.19879518072289,32.0,97.79950420724424,-322.19879518072287,3.0,4.284000000000001,4.0,2.8560000000000003,5.0,1.428,2026-04-19,v7_lift_weights,90,non_event
0,2F_L_N,-350.0,68.97590361445783,34.0,95.81470624115354,-418.9759036144578,0.0,0.0,0.0,0.0,1.0,0.2856,2026-04-19,v8_dynamic,90,non_event
1,2F_R_N,152.0,31.174698795180724,34.0,100.99793072826867,120.82530120481928,0.0,0.0,2.0,1.4280000000000002,7.0,1.9992,2026-04-19,v8_dynamic,90,non_event
2,3F_L_A,208.0,26.957831325301203,46.0,97.80428062599489,181.0421686746988,0.0,0.0,0.0,0.0,2.0,0.5712,2026-04-19,v8_dynamic,90,non_event
3,3F_L_N,130.0,32.83132530120482,40.0,101.45018326486442,97.16867469879517,1.0,1.4280000000000002,2.0,1.4280000000000002,6.0,1.7136,2026-04-19,v8_dynamic,90,non_event
4,3F_R_A,-270.0,62.95180722891566,22.0,95.5406078805735,-332.95180722891564,0.0,0.0,0.0,0.0,0.0,0.0,2026-04-19,v8_dynamic,90,non_event
5,3F_R_N,-292.0,64.60843373493977,32.0,97.47134158404674,-356.60843373493975,3.0,4.284000000000001,4.0,2.8560000000000003,5.0,1.428,2026-04-19,v8_dynamic,90,non_event
0,2F_L_N,212.0,59.63855421686747,40.0,100.11309022298848,152.36144578313252,0.0,0.0,2.0,1.4280000000000002,4.0,1.1424,2026-04-20,v6a_hit_an,90,non_event
1,2F_R_N,-104.0,83.43373493975903,44.0,101.91927319817006,-187.43373493975903,0.0,0.0,1.0,0.7140000000000001,2.0,0.5712,2026-04-20,v6a_hit_an,90,non_event
2,3F_L_A,310.0,52.25903614457831,46.0,98.89738690173901,257.7409638554217,0.0,0.0,0.0,0.0,0.0,0.0,2026-04-20,v6a_hit_an,90,non_event
3,3F_L_N,344.0,49.69879518072289,42.0,100.15649368196502,294.30120481927713,2.0,2.8560000000000003,2.0,1.4280000000000002,7.0,1.9992,2026-04-20,v6a_hit_an,90,non_event
4,3F_R_A,-136.0,85.8433734939759,16.0,93.67741081671427,-221.8433734939759,0.0,0.0,0.0,0.0,3.0,0.8568,2026-04-20,v6a_hit_an,90,non_event
5,3F_R_N,-1012.0,151.80722891566265,24.0,94.14737958954842,-1163.8072289156626,0.0,0.0,0.0,0.0,2.0,0.5712,2026-04-20,v6a_hit_an,90,non_event
0,2F_L_N,120.0,66.56626506024097,38.0,97.43014663518947,53.433734939759034,0.0,0.0,2.0,1.4280000000000002,4.0,1.1424,2026-04-20,v7_lift_weights,90,non_event
1,2F_R_N,-98.0,82.98192771084338,42.0,101.60009086821452,-180.98192771084337,0.0,0.0,1.0,0.7140000000000001,3.0,0.8568,2026-04-20,v7_lift_weights,90,non_event
2,3F_L_A,240.0,57.53012048192771,40.0,97.3017839102302,182.46987951807228,0.0,0.0,0.0,0.0,0.0,0.0,2026-04-20,v7_lift_weights,90,non_event
3,3F_L_N,484.0,39.1566265060241,44.0,101.09776292067787,444.8433734939759,2.0,2.8560000000000003,2.0,1.4280000000000002,7.0,1.9992,2026-04-20,v7_lift_weights,90,non_event
4,3F_R_A,-138.0,85.99397590361446,16.0,93.5580100716183,-223.99397590361446,0.0,0.0,0.0,0.0,3.0,0.8568,2026-04-20,v7_lift_weights,90,non_event
5,3F_R_N,-798.0,135.69277108433735,28.000000000000004,93.97830217531224,-933.6927710843373,1.0,1.4280000000000002,2.0,1.4280000000000002,4.0,1.1424,2026-04-20,v7_lift_weights,90,non_event
0,2F_L_N,194.0,60.993975903614455,40.0,99.10071264658175,133.00602409638554,0.0,0.0,2.0,1.4280000000000002,4.0,1.1424,2026-04-20,v8_dynamic,90,non_event
1,2F_R_N,-20.0,77.10843373493977,44.0,102.59355939643508,-97.10843373493977,0.0,0.0,1.0,0.7140000000000001,3.0,0.8568,2026-04-20,v8_dynamic,90,non_event
2,3F_L_A,262.0,55.873493975903614,42.0,97.61885911823317,206.1265060240964,0.0,0.0,0.0,0.0,0.0,0.0,2026-04-20,v8_dynamic,90,non_event
3,3F_L_N,380.0,46.98795180722892,42.0,99.83246589498698,333.0120481927711,2.0,2.8560000000000003,2.0,1.4280000000000002,7.0,1.9992,2026-04-20,v8_dynamic,90,non_event
4,3F_R_A,-152.0,87.04819277108433,16.0,93.52458522559976,-239.04819277108433,0.0,0.0,0.0,0.0,3.0,0.8568,2026-04-20,v8_dynamic,90,non_event
5,3F_R_N,-798.0,135.69277108433735,26.0,93.97425813409423,-933.6927710843373,1.0,1.4280000000000002,2.0,1.4280000000000002,4.0,1.1424,2026-04-20,v8_dynamic,90,non_event
0,2F_L_N,162.0,68.67469879518072,34.0,97.78016561210781,93.32530120481928,1.0,1.4280000000000002,3.0,2.1420000000000003,5.0,1.428,2026-04-21,v6a_hit_an,90,event
1,2F_R_N,266.0,60.8433734939759,32.0,97.23659817148511,205.1566265060241,2.0,2.8560000000000003,3.0,2.1420000000000003,4.0,1.1424,2026-04-21,v6a_hit_an,90,event
2,3F_L_A,256.0,61.596385542168676,44.0,97.87135738474893,194.40361445783134,0.0,0.0,0.0,0.0,0.0,0.0,2026-04-21,v6a_hit_an,90,event
3,3F_L_N,-164.0,93.22289156626506,36.0,94.64157411818893,-257.22289156626505,1.0,1.4280000000000002,3.0,2.1420000000000003,4.0,1.1424,2026-04-21,v6a_hit_an,90,event
4,3F_R_A,210.0,65.06024096385542,46.0,97.70333467795241,144.93975903614458,0.0,0.0,0.0,0.0,0.0,0.0,2026-04-21,v6a_hit_an,90,event
5,3F_R_N,82.0,74.6987951807229,36.0,106.32712570988413,7.301204819277103,2.0,2.8560000000000003,3.0,2.1420000000000003,7.0,1.9992,2026-04-21,v6a_hit_an,90,event
0,2F_L_N,158.0,68.97590361445783,38.0,97.68645824074905,89.02409638554217,1.0,1.4280000000000002,2.0,1.4280000000000002,4.0,1.1424,2026-04-21,v7_lift_weights,90,event
1,2F_R_N,246.0,62.34939759036145,36.0,96.7808717283507,183.65060240963857,2.0,2.8560000000000003,3.0,2.1420000000000003,3.0,0.8568,2026-04-21,v7_lift_weights,90,event
2,3F_L_A,160.0,68.82530120481928,40.0,96.7481469137228,91.17469879518072,0.0,0.0,0.0,0.0,0.0,0.0,2026-04-21,v7_lift_weights,90,event
3,3F_L_N,-220.0,97.43975903614458,36.0,93.9306975319283,-317.43975903614455,1.0,1.4280000000000002,3.0,2.1420000000000003,4.0,1.1424,2026-04-21,v7_lift_weights,90,event
4,3F_R_A,288.0,59.18674698795181,46.0,98.14910033643038,228.8132530120482,0.0,0.0,0.0,0.0,0.0,0.0,2026-04-21,v7_lift_weights,90,event
5,3F_R_N,-84.0,87.1987951807229,36.0,105.38618514174797,-171.1987951807229,2.0,2.8560000000000003,3.0,2.1420000000000003,6.0,1.7136,2026-04-21,v7_lift_weights,90,event
0,2F_L_N,334.0,55.72289156626506,40.0,99.21625041668379,278.27710843373495,1.0,1.4280000000000002,3.0,2.1420000000000003,5.0,1.428,2026-04-21,v8_dynamic,90,event
1,2F_R_N,442.0,47.59036144578313,38.0,99.24505669274083,394.4096385542169,3.0,4.284000000000001,4.0,2.8560000000000003,4.0,1.1424,2026-04-21,v8_dynamic,90,event
2,3F_L_A,128.0,71.23493975903614,40.0,96.69330091736855,56.76506024096386,0.0,0.0,0.0,0.0,0.0,0.0,2026-04-21,v8_dynamic,90,event
3,3F_L_N,-228.0,98.0421686746988,34.0,94.56851970472665,-326.0421686746988,1.0,1.4280000000000002,3.0,2.1420000000000003,4.0,1.1424,2026-04-21,v8_dynamic,90,event
4,3F_R_A,292.0,58.8855421686747,48.0,98.20112446028581,233.1144578313253,0.0,0.0,0.0,0.0,0.0,0.0,2026-04-21,v8_dynamic,90,event
5,3F_R_N,52.0,76.9578313253012,34.0,106.00162162267412,-24.9578313253012,2.0,2.8560000000000003,3.0,2.1420000000000003,7.0,1.9992,2026-04-21,v8_dynamic,90,event
0,2F_L_N,-250.0,71.08433734939759,34.0,95.89255075572976,-321.0843373493976,0.0,0.0,1.0,0.7140000000000001,3.0,0.8568,2026-04-22,v6a_hit_an,90,event
1,2F_R_N,566.0,9.63855421686747,36.0,101.8961524732257,556.3614457831326,1.0,1.4280000000000002,1.0,0.7140000000000001,4.0,1.1424,2026-04-22,v6a_hit_an,90,event
2,3F_L_A,2.0,52.10843373493976,38.0,97.35942697568726,-50.10843373493976,0.0,0.0,0.0,0.0,0.0,0.0,2026-04-22,v6a_hit_an,90,event
3,3F_L_N,-454.0,86.44578313253012,30.0,94.55981172449778,-540.4457831325301,1.0,1.4280000000000002,1.0,0.7140000000000001,2.0,0.5712,2026-04-22,v6a_hit_an,90,event
4,3F_R_A,78.0,46.3855421686747,36.0,97.13853548435154,31.614457831325304,0.0,0.0,0.0,0.0,0.0,0.0,2026-04-22,v6a_hit_an,90,event
5,3F_R_N,-532.0,92.31927710843374,40.0,96.13205240943154,-624.3192771084338,1.0,1.4280000000000002,3.0,2.1420000000000003,4.0,1.1424,2026-04-22,v6a_hit_an,90,event
0,2F_L_N,-144.0,63.102409638554214,32.0,96.10788003025202,-207.1024096385542,0.0,0.0,1.0,0.7140000000000001,3.0,0.8568,2026-04-22,v7_lift_weights,90,event
1,2F_R_N,764.0,-5.271084337349397,38.0,103.34104350804417,769.2710843373494,1.0,1.4280000000000002,1.0,0.7140000000000001,5.0,1.428,2026-04-22,v7_lift_weights,90,event
2,3F_L_A,48.0,48.644578313253014,38.0,97.64381993090221,-0.6445783132530138,0.0,0.0,0.0,0.0,0.0,0.0,2026-04-22,v7_lift_weights,90,event
3,3F_L_N,-448.0,85.99397590361446,32.0,95.25374350006314,-533.9939759036145,1.0,1.4280000000000002,1.0,0.7140000000000001,2.0,0.5712,2026-04-22,v7_lift_weights,90,event
4,3F_R_A,202.0,37.04819277108434,42.0,97.7714353034063,164.95180722891567,0.0,0.0,0.0,0.0,0.0,0.0,2026-04-22,v7_lift_weights,90,event
5,3F_R_N,-276.0,73.0421686746988,40.0,96.82853154019148,-349.0421686746988,2.0,2.8560000000000003,4.0,2.8560000000000003,5.0,1.428,2026-04-22,v7_lift_weights,90,event
0,2F_L_N,-274.0,72.89156626506023,30.0,94.9593879011418,-346.89156626506025,0.0,0.0,1.0,0.7140000000000001,3.0,0.8568,2026-04-22,v8_dynamic,90,event
1,2F_R_N,588.0,7.981927710843373,36.0,101.2999151962054,580.0180722891566,1.0,1.4280000000000002,1.0,0.7140000000000001,4.0,1.1424,2026-04-22,v8_dynamic,90,event
2,3F_L_A,74.0,46.68674698795181,38.0,97.96432861833785,27.313253012048193,0.0,0.0,0.0,0.0,0.0,0.0,2026-04-22,v8_dynamic,90,event
3,3F_L_N,-550.0,93.67469879518072,30.0,94.13270587684819,-643.6746987951807,1.0,1.4280000000000002,1.0,0.7140000000000001,2.0,0.5712,2026-04-22,v8_dynamic,90,event
4,3F_R_A,98.0,44.87951807228916,38.0,97.24575109494444,53.12048192771084,0.0,0.0,0.0,0.0,0.0,0.0,2026-04-22,v8_dynamic,90,event
5,3F_R_N,-546.0,93.37349397590361,38.0,95.33358692835033,-639.3734939759036,1.0,1.4280000000000002,3.0,2.1420000000000003,4.0,1.1424,2026-04-22,v8_dynamic,90,event
0,2F_L_N,392.0,-198.79518072289156,38.0,98.71363064639905,590.7951807228916,1.0,1.4280000000000002,2.0,1.4280000000000002,5.0,1.428,2026-04-23,v6a_hit_an,90,non_event
1,2F_R_N,134.0,-179.36746987951807,36.0,97.44471397120085,313.36746987951807,2.0,2.8560000000000003,3.0,2.1420000000000003,5.0,1.428,2026-04-23,v6a_hit_an,90,non_event
2,3F_L_A,90.0,-176.05421686746988,38.0,94.44553816767252,266.0542168674699,0.0,0.0,0.0,0.0,2.0,0.5712,2026-04-23,v6a_hit_an,90,non_event
3,3F_L_N,-634.0,-121.53614457831326,26.0,89.60921096271365,-512.4638554216867,0.0,0.0,0.0,0.0,3.0,0.8568,2026-04-23,v6a_hit_an,90,non_event
4,3F_R_A,-6.0,-168.82530120481928,40.0,94.64964509250849,162.82530120481928,0.0,0.0,1.0,0.7140000000000001,2.0,0.5712,2026-04-23,v6a_hit_an,90,non_event
5,3F_R_N,-694.0,-117.01807228915662,26.0,92.35367641677402,-576.9819277108434,1.0,1.4280000000000002,2.0,1.4280000000000002,4.0,1.1424,2026-04-23,v6a_hit_an,90,non_event
0,2F_L_N,536.0,-209.63855421686748,40.0,102.62052670671476,745.6385542168675,1.0,1.4280000000000002,3.0,2.1420000000000003,6.0,1.7136,2026-04-23,v7_lift_weights,90,non_event
1,2F_R_N,40.0,-172.289156626506,34.0,96.78815266144707,212.289156626506,2.0,2.8560000000000003,3.0,2.1420000000000003,5.0,1.428,2026-04-23,v7_lift_weights,90,non_event
2,3F_L_A,130.0,-179.06626506024097,40.0,94.72542761725629,309.066265060241,0.0,0.0,0.0,0.0,2.0,0.5712,2026-04-23,v7_lift_weights,90,non_event
3,3F_L_N,-454.0,-135.09036144578315,26.0,90.81862372283233,-318.9096385542168,1.0,1.4280000000000002,1.0,0.7140000000000001,3.0,0.8568,2026-04-23,v7_lift_weights,90,non_event
4,3F_R_A,-4.0,-168.97590361445782,38.0,94.22520762990311,164.97590361445782,0.0,0.0,1.0,0.7140000000000001,2.0,0.5712,2026-04-23,v7_lift_weights,90,non_event
5,3F_R_N,-532.0,-129.21686746987953,24.0,91.77226359547565,-402.7831325301205,1.0,1.4280000000000002,2.0,1.4280000000000002,3.0,0.8568,2026-04-23,v7_lift_weights,90,non_event
0,2F_L_N,458.0,-203.76506024096386,40.0,99.78126235284941,661.7650602409639,1.0,1.4280000000000002,2.0,1.4280000000000002,5.0,1.428,2026-04-23,v8_dynamic,90,non_event
1,2F_R_N,88.0,-175.90361445783134,34.0,97.65177849732481,263.90361445783134,2.0,2.8560000000000003,3.0,2.1420000000000003,5.0,1.428,2026-04-23,v8_dynamic,90,non_event
2,3F_L_A,116.0,-178.0120481927711,40.0,94.83738207645932,294.0120481927711,0.0,0.0,0.0,0.0,2.0,0.5712,2026-04-23,v8_dynamic,90,non_event
3,3F_L_N,-672.0,-118.67469879518072,22.0,88.18650533483056,-553.3253012048193,0.0,0.0,0.0,0.0,2.0,0.5712,2026-04-23,v8_dynamic,90,non_event
4,3F_R_A,58.0,-173.64457831325302,40.0,94.47647827939629,231.64457831325302,0.0,0.0,1.0,0.7140000000000001,3.0,0.8568,2026-04-23,v8_dynamic,90,non_event
5,3F_R_N,-768.0,-111.44578313253012,24.0,91.45735668751301,-656.5542168674699,1.0,1.4280000000000002,2.0,1.4280000000000002,3.0,0.8568,2026-04-23,v8_dynamic,90,non_event
0,2F_L_N,20.0,-30.42168674698795,34.0,95.9363874021357,50.42168674698795,1.0,1.4280000000000002,1.0,0.7140000000000001,2.0,0.5712,2026-04-24,v6a_hit_an,90,non_event
1,2F_R_N,-546.0,12.198795180722891,26.0,90.55087969931269,-558.1987951807229,0.0,0.0,0.0,0.0,1.0,0.2856,2026-04-24,v6a_hit_an,90,non_event
2,3F_L_A,178.0,-42.31927710843374,40.0,98.41183041244864,220.31927710843374,0.0,0.0,0.0,0.0,0.0,0.0,2026-04-24,v6a_hit_an,90,non_event
3,3F_L_N,-272.0,-8.433734939759036,38.0,94.70133477896032,-263.56626506024094,1.0,1.4280000000000002,1.0,0.7140000000000001,2.0,0.5712,2026-04-24,v6a_hit_an,90,non_event
4,3F_R_A,42.0,-32.07831325301205,36.0,97.16728775598278,74.07831325301206,0.0,0.0,0.0,0.0,0.0,0.0,2026-04-24,v6a_hit_an,90,non_event
5,3F_R_N,336.0,-54.21686746987952,40.0,109.98531035301194,390.2168674698795,2.0,2.8560000000000003,8.0,5.712000000000001,11.0,3.1416,2026-04-24,v6a_hit_an,90,non_event
0,2F_L_N,-270.0,-8.58433734939759,24.0,92.3454991281347,-261.4156626506024,0.0,0.0,0.0,0.0,2.0,0.5712,2026-04-24,v7_lift_weights,90,non_event
1,2F_R_N,-580.0,14.759036144578314,28.000000000000004,90.00759609170558,-594.7590361445783,0.0,0.0,0.0,0.0,1.0,0.2856,2026-04-24,v7_lift_weights,90,non_event
2,3F_L_A,136.0,-39.1566265060241,36.0,97.70320032956494,175.1566265060241,0.0,0.0,0.0,0.0,0.0,0.0,2026-04-24,v7_lift_weights,90,non_event
3,3F_L_N,-488.0,7.831325301204819,40.0,94.00501114016477,-495.8313253012048,0.0,0.0,0.0,0.0,1.0,0.2856,2026-04-24,v7_lift_weights,90,non_event
4,3F_R_A,-32.0,-26.50602409638554,38.0,96.52864704209776,-5.493975903614459,0.0,0.0,0.0,0.0,0.0,0.0,2026-04-24,v7_lift_weights,90,non_event
5,3F_R_N,448.0,-62.65060240963855,38.0,111.2562111026973,510.65060240963857,3.0,4.284000000000001,8.0,5.712000000000001,11.0,3.1416,2026-04-24,v7_lift_weights,90,non_event
0,2F_L_N,-16.0,-27.710843373493976,26.0,94.67100532251081,11.710843373493976,1.0,1.4280000000000002,1.0,0.7140000000000001,3.0,0.8568,2026-04-24,v8_dynamic,90,non_event
1,2F_R_N,-618.0,17.620481927710845,26.0,89.7755503719099,-635.6204819277109,0.0,0.0,0.0,0.0,1.0,0.2856,2026-04-24,v8_dynamic,90,non_event
2,3F_L_A,162.0,-41.1144578313253,36.0,98.13245497502223,203.1144578313253,0.0,0.0,0.0,0.0,0.0,0.0,2026-04-24,v8_dynamic,90,non_event
3,3F_L_N,-410.0,1.9578313253012047,44.0,95.7879337185285,-411.9578313253012,0.0,0.0,0.0,0.0,1.0,0.2856,2026-04-24,v8_dynamic,90,non_event
4,3F_R_A,-6.0,-28.46385542168675,40.0,96.68659316231533,22.46385542168675,0.0,0.0,0.0,0.0,0.0,0.0,2026-04-24,v8_dynamic,90,non_event
5,3F_R_N,502.0,-66.71686746987952,38.0,111.29000031842129,568.7168674698795,3.0,4.284000000000001,8.0,5.712000000000001,11.0,3.1416,2026-04-24,v8_dynamic,90,non_event
0,2F_L_N,616.0,9.63855421686747,52.0,101.90027728438054,606.3614457831326,0.0,0.0,1.0,0.7140000000000001,4.0,1.1424,2026-04-25,v6a_hit_an,90,non_event
1,2F_R_N,-152.0,67.46987951807229,42.0,99.0329198433538,-219.46987951807228,0.0,0.0,1.0,0.7140000000000001,4.0,1.1424,2026-04-25,v6a_hit_an,90,non_event
2,3F_L_A,-286.0,77.56024096385542,28.000000000000004,96.04416991081288,-363.56024096385545,0.0,0.0,0.0,0.0,0.0,0.0,2026-04-25,v6a_hit_an,90,non_event
3,3F_L_N,454.0,21.837349397590362,52.0,103.17529274318636,432.16265060240966,1.0,1.4280000000000002,3.0,2.1420000000000003,5.0,1.428,2026-04-25,v6a_hit_an,90,non_event
4,3F_R_A,-82.0,62.19879518072289,42.0,98.15002058097008,-144.1987951807229,0.0,0.0,0.0,0.0,0.0,0.0,2026-04-25,v6a_hit_an,90,non_event
5,3F_R_N,-248.0,74.6987951807229,40.0,104.42061392567472,-322.69879518072287,2.0,2.8560000000000003,3.0,2.1420000000000003,9.0,2.5704,2026-04-25,v6a_hit_an,90,non_event
0,2F_L_N,496.0,18.674698795180724,48.0,100.76246846088196,477.32530120481925,0.0,0.0,2.0,1.4280000000000002,5.0,1.428,2026-04-25,v7_lift_weights,90,non_event
1,2F_R_N,-266.0,76.05421686746988,38.0,97.87598446822976,-342.0542168674699,0.0,0.0,1.0,0.7140000000000001,4.0,1.1424,2026-04-25,v7_lift_weights,90,non_event
2,3F_L_A,-362.0,83.28313253012048,28.000000000000004,95.60207742976355,-445.2831325301205,0.0,0.0,0.0,0.0,0.0,0.0,2026-04-25,v7_lift_weights,90,non_event
3,3F_L_N,404.0,25.602409638554217,50.0,102.82571011660036,378.3975903614458,1.0,1.4280000000000002,3.0,2.1420000000000003,5.0,1.428,2026-04-25,v7_lift_weights,90,non_event
4,3F_R_A,-152.0,67.46987951807229,38.0,97.6771195328406,-219.46987951807228,0.0,0.0,0.0,0.0,0.0,0.0,2026-04-25,v7_lift_weights,90,non_event
5,3F_R_N,-154.0,67.62048192771084,40.0,104.81852329288408,-221.62048192771084,3.0,4.284000000000001,4.0,2.8560000000000003,9.0,2.5704,2026-04-25,v7_lift_weights,90,non_event
0,2F_L_N,536.0,15.662650602409638,48.0,101.02830371551562,520.3373493975904,0.0,0.0,2.0,1.4280000000000002,5.0,1.428,2026-04-25,v8_dynamic,90,non_event
1,2F_R_N,-244.0,74.39759036144578,38.0,98.04766746363123,-318.3975903614458,0.0,0.0,1.0,0.7140000000000001,4.0,1.1424,2026-04-25,v8_dynamic,90,non_event
2,3F_L_A,-286.0,77.56024096385542,28.000000000000004,96.04416991081287,-363.56024096385545,0.0,0.0,0.0,0.0,0.0,0.0,2026-04-25,v8_dynamic,90,non_event
3,3F_L_N,434.0,23.343373493975903,50.0,103.03258483508318,410.6566265060241,1.0,1.4280000000000002,3.0,2.1420000000000003,5.0,1.428,2026-04-25,v8_dynamic,90,non_event
4,3F_R_A,-100.0,63.55421686746988,42.0,97.753791489521,-163.55421686746988,0.0,0.0,0.0,0.0,0.0,0.0,2026-04-25,v8_dynamic,90,non_event
5,3F_R_N,380.0,27.40963855421687,46.0,108.25573164793111,352.5903614457831,4.0,5.712000000000001,5.0,3.5700000000000003,11.0,3.1416,2026-04-25,v8_dynamic,90,non_event
0,2F_L_N,806.0,209.4879518072289,52.0,105.16693086390038,596.5120481927711,1.0,1.4280000000000002,3.0,2.1420000000000003,4.0,1.1424,2026-04-26,v6a_hit_an,90,non_event
1,2F_R_N,-114.0,278.76506024096386,40.0,98.11479813516691,-392.76506024096386,0.0,0.0,0.0,0.0,4.0,1.1424,2026-04-26,v6a_hit_an,90,non_event
2,3F_L_A,-28.0,272.28915662650604,40.0,98.16188867028357,-300.28915662650604,0.0,0.0,0.0,0.0,0.0,0.0,2026-04-26,v6a_hit_an,90,non_event
3,3F_L_N,874.0,204.36746987951807,46.0,106.73268201065638,669.632530120482,2.0,2.8560000000000003,4.0,2.8560000000000003,8.0,2.2848,2026-04-26,v6a_hit_an,90,non_event
4,3F_R_A,276.0,249.3975903614458,48.0,99.70617937153162,26.602409638554207,0.0,0.0,0.0,0.0,0.0,0.0,2026-04-26,v6a_hit_an,90,non_event
5,3F_R_N,1200.0,179.81927710843374,54.0,110.92672096765313,1020.1807228915662,4.0,5.712000000000001,5.0,3.5700000000000003,8.0,2.2848,2026-04-26,v6a_hit_an,90,non_event
0,2F_L_N,940.0,199.3975903614458,52.0,105.61821069332395,740.6024096385543,1.0,1.4280000000000002,3.0,2.1420000000000003,4.0,1.1424,2026-04-26,v7_lift_weights,90,non_event
1,2F_R_N,-30.0,272.43975903614455,40.0,98.9424686726632,-302.43975903614455,0.0,0.0,0.0,0.0,4.0,1.1424,2026-04-26,v7_lift_weights,90,non_event
2,3F_L_A,42.0,267.01807228915663,44.0,98.38216261777306,-225.01807228915663,0.0,0.0,0.0,0.0,0.0,0.0,2026-04-26,v7_lift_weights,90,non_event
3,3F_L_N,504.0,232.2289156626506,44.0,104.45155164785587,271.7710843373494,1.0,1.4280000000000002,3.0,2.1420000000000003,7.0,1.9992,2026-04-26,v7_lift_weights,90,non_event
4,3F_R_A,422.0,238.40361445783134,52.0,100.45128815152879,183.59638554216866,0.0,0.0,0.0,0.0,0.0,0.0,2026-04-26,v7_lift_weights,90,non_event
5,3F_R_N,1382.0,166.1144578313253,56.00000000000001,112.00047754236118,1215.8855421686746,4.0,5.712000000000001,5.0,3.5700000000000003,8.0,2.2848,2026-04-26,v7_lift_weights,90,non_event
0,2F_L_N,936.0,199.6987951807229,50.0,105.62551125369268,736.3012048192771,1.0,1.4280000000000002,3.0,2.1420000000000003,4.0,1.1424,2026-04-26,v8_dynamic,90,non_event
1,2F_R_N,-150.0,281.4759036144578,38.0,98.0553340752267,-431.4759036144578,0.0,0.0,0.0,0.0,4.0,1.1424,2026-04-26,v8_dynamic,90,non_event
2,3F_L_A,-30.0,272.43975903614455,42.0,97.86012053070571,-302.43975903614455,0.0,0.0,0.0,0.0,0.0,0.0,2026-04-26,v8_dynamic,90,non_event
3,3F_L_N,504.0,232.2289156626506,44.0,104.45155164785587,271.7710843373494,1.0,1.4280000000000002,3.0,2.1420000000000003,7.0,1.9992,2026-04-26,v8_dynamic,90,non_event
4,3F_R_A,334.0,245.03012048192772,50.0,100.03272488358418,88.96987951807228,0.0,0.0,0.0,0.0,0.0,0.0,2026-04-26,v8_dynamic,90,non_event
5,3F_R_N,1270.0,174.54819277108433,54.0,111.38582035038438,1095.4518072289156,4.0,5.712000000000001,5.0,3.5700000000000003,8.0,2.2848,2026-04-26,v8_dynamic,90,non_event
0,2F_L_N,-138.0,186.59638554216866,34.0,95.6519691949161,-324.59638554216866,0.0,0.0,1.0,0.7140000000000001,2.0,0.5712,2026-04-27,v6a_hit_an,90,event
1,2F_R_N,846.0,112.5,50.0,109.18372015982389,733.5,1.0,1.4280000000000002,1.0,0.7140000000000001,4.0,1.1424,2026-04-27,v6a_hit_an,90,event
2,3F_L_A,4.0,175.90361445783134,38.0,96.86182577612838,-171.90361445783134,0.0,0.0,0.0,0.0,0.0,0.0,2026-04-27,v6a_hit_an,90,event
3,3F_L_N,884.0,109.63855421686748,38.0,110.92335129045368,774.3614457831325,4.0,5.712000000000001,5.0,3.5700000000000003,7.0,1.9992,2026-04-27,v6a_hit_an,90,event
4,3F_R_A,132.0,166.26506024096386,36.0,98.31302997233504,-34.26506024096386,0.0,0.0,0.0,0.0,0.0,0.0,2026-04-27,v6a_hit_an,90,event
5,3F_R_N,758.0,119.12650602409639,44.0,109.73559240148712,638.8734939759036,1.0,1.4280000000000002,3.0,2.1420000000000003,11.0,3.1416,2026-04-27,v6a_hit_an,90,event
0,2F_L_N,-468.0,211.44578313253012,30.0,94.08681770978825,-679.4457831325301,0.0,0.0,1.0,0.7140000000000001,2.0,0.5712,2026-04-27,v7_lift_weights,90,event
1,2F_R_N,594.0,131.47590361445782,44.0,107.10308399646232,462.5240963855422,1.0,1.4280000000000002,1.0,0.7140000000000001,5.0,1.428,2026-04-27,v7_lift_weights,90,event
2,3F_L_A,42.0,173.0421686746988,42.0,96.87409147515655,-131.0421686746988,0.0,0.0,0.0,0.0,0.0,0.0,2026-04-27,v7_lift_weights,90,event
3,3F_L_N,806.0,115.51204819277109,36.0,110.69521387831789,690.4879518072289,4.0,5.712000000000001,5.0,3.5700000000000003,7.0,1.9992,2026-04-27,v7_lift_weights,90,event
4,3F_R_A,80.0,170.18072289156626,32.0,98.05811942110762,-90.18072289156626,0.0,0.0,0.0,0.0,0.0,0.0,2026-04-27,v7_lift_weights,90,event
5,3F_R_N,668.0,125.90361445783132,44.0,108.34323317502484,542.0963855421687,1.0,1.4280000000000002,3.0,2.1420000000000003,10.0,2.856,2026-04-27,v7_lift_weights,90,event
0,2F_L_N,-454.0,210.39156626506025,30.0,94.34542743975719,-664.3915662650602,0.0,0.0,1.0,0.7140000000000001,2.0,0.5712,2026-04-27,v8_dynamic,90,event
1,2F_R_N,836.0,113.25301204819277,48.0,109.13646897044225,722.7469879518072,1.0,1.4280000000000002,1.0,0.7140000000000001,5.0,1.428,2026-04-27,v8_dynamic,90,event
2,3F_L_A,40.0,173.19277108433735,40.0,97.07641572809763,-133.19277108433735,0.0,0.0,0.0,0.0,0.0,0.0,2026-04-27,v8_dynamic,90,event
3,3F_L_N,910.0,107.68072289156626,38.0,111.34236356713123,802.3192771084338,4.0,5.712000000000001,5.0,3.5700000000000003,7.0,1.9992,2026-04-27,v8_dynamic,90,event
4,3F_R_A,138.0,165.8132530120482,36.0,98.38738832306917,-27.813253012048193,0.0,0.0,0.0,0.0,0.0,0.0,2026-04-27,v8_dynamic,90,event
5,3F_R_N,790.0,116.71686746987952,46.0,108.99589108777177,673.2831325301205,1.0,1.4280000000000002,3.0,2.1420000000000003,10.0,2.856,2026-04-27,v8_dynamic,90,event
0,2F_L_N,564.0,32.53012048192771,34.0,103.43013738391286,531.4698795180723,2.0,2.8560000000000003,4.0,2.8560000000000003,9.0,2.5704,2026-04-28,v6a_hit_an,90,non_event
1,2F_R_N,252.0,56.024096385542165,30.0,95.65661967080153,195.97590361445782,1.0,1.4280000000000002,2.0,1.4280000000000002,4.0,1.1424,2026-04-28,v6a_hit_an,90,non_event
2,3F_L_A,374.0,46.83734939759036,50.0,97.31817190717747,327.16265060240966,0.0,0.0,0.0,0.0,0.0,0.0,2026-04-28,v6a_hit_an,90,non_event
3,3F_L_N,254.0,55.873493975903614,42.0,99.49412030590706,198.1265060240964,0.0,0.0,1.0,0.7140000000000001,3.0,0.8568,2026-04-28,v6a_hit_an,90,non_event
4,3F_R_A,58.0,70.63253012048193,40.0,97.31656072345582,-12.632530120481931,0.0,0.0,0.0,0.0,0.0,0.0,2026-04-28,v6a_hit_an,90,non_event
5,3F_R_N,-954.0,146.83734939759037,24.0,89.27998256459216,-1100.8373493975903,1.0,1.4280000000000002,1.0,0.7140000000000001,2.0,0.5712,2026-04-28,v6a_hit_an,90,non_event
0,2F_L_N,600.0,29.819277108433734,36.0,104.01567088945696,570.1807228915662,2.0,2.8560000000000003,4.0,2.8560000000000003,9.0,2.5704,2026-04-28,v7_lift_weights,90,non_event
1,2F_R_N,358.0,48.04216867469879,34.0,97.00182023285795,309.9578313253012,1.0,1.4280000000000002,2.0,1.4280000000000002,4.0,1.1424,2026-04-28,v7_lift_weights,90,non_event
2,3F_L_A,402.0,44.7289156626506,54.0,98.01506873105403,357.2710843373494,0.0,0.0,0.0,0.0,0.0,0.0,2026-04-28,v7_lift_weights,90,non_event
3,3F_L_N,268.0,54.81927710843374,42.0,99.87021448456518,213.18072289156626,0.0,0.0,1.0,0.7140000000000001,3.0,0.8568,2026-04-28,v7_lift_weights,90,non_event
4,3F_R_A,20.0,73.49397590361446,38.0,96.86466523898703,-53.493975903614455,0.0,0.0,0.0,0.0,0.0,0.0,2026-04-28,v7_lift_weights,90,non_event
5,3F_R_N,-1010.0,151.05421686746988,22.0,88.67597998402229,-1161.05421686747,1.0,1.4280000000000002,1.0,0.7140000000000001,2.0,0.5712,2026-04-28,v7_lift_weights,90,non_event
0,2F_L_N,600.0,29.819277108433734,36.0,104.01567088945696,570.1807228915662,2.0,2.8560000000000003,4.0,2.8560000000000003,9.0,2.5704,2026-04-28,v8_dynamic,90,non_event
1,2F_R_N,282.0,53.765060240963855,32.0,96.2676721720852,228.23493975903614,1.0,1.4280000000000002,2.0,1.4280000000000002,4.0,1.1424,2026-04-28,v8_dynamic,90,non_event
2,3F_L_A,390.0,45.63253012048193,52.0,97.66049268925819,344.36746987951807,0.0,0.0,0.0,0.0,0.0,0.0,2026-04-28,v8_dynamic,90,non_event
3,3F_L_N,184.0,61.144578313253014,40.0,99.03694805717261,122.85542168674698,0.0,0.0,1.0,0.7140000000000001,3.0,0.8568,2026-04-28,v8_dynamic,90,non_event
4,3F_R_A,-38.0,77.86144578313252,36.0,96.58409609165159,-115.86144578313252,0.0,0.0,0.0,0.0,0.0,0.0,2026-04-28,v8_dynamic,90,non_event
5,3F_R_N,-886.0,141.71686746987953,26.0,90.49616336375348,-1027.7168674698796,1.0,1.4280000000000002,1.0,0.7140000000000001,2.0,0.5712,2026-04-28,v8_dynamic,90,non_event
0,2F_L_N,560.0,-132.83132530120483,44.0,105.70671358268547,692.8313253012049,0.0,0.0,4.0,2.8560000000000003,8.0,2.2848,2026-04-29,v6a_hit_an,90,non_event
1,2F_R_N,546.0,-131.77710843373495,40.0,103.4932855929986,677.777108433735,2.0,2.8560000000000003,4.0,2.8560000000000003,5.0,1.428,2026-04-29,v6a_hit_an,90,non_event
2,3F_L_A,170.0,-103.46385542168674,54.0,98.54787061780878,273.46385542168673,0.0,0.0,0.0,0.0,0.0,0.0,2026-04-29,v6a_hit_an,90,non_event
3,3F_L_N,-962.0,-18.22289156626506,32.0,93.45262473339935,-943.777108433735,1.0,1.4280000000000002,3.0,2.1420000000000003,4.0,1.1424,2026-04-29,v6a_hit_an,90,non_event
4,3F_R_A,50.0,-94.42771084337349,44.0,97.31672160200176,144.4277108433735,0.0,0.0,0.0,0.0,1.0,0.2856,2026-04-29,v6a_hit_an,90,non_event
5,3F_R_N,-438.0,-57.68072289156626,38.0,98.95217387819055,-380.31927710843377,3.0,4.284000000000001,3.0,2.1420000000000003,5.0,1.428,2026-04-29,v6a_hit_an,90,non_event
0,2F_L_N,246.0,-109.1867469879518,40.0,102.20741003343029,355.1867469879518,0.0,0.0,3.0,2.1420000000000003,6.0,1.7136,2026-04-29,v7_lift_weights,90,non_event
1,2F_R_N,496.0,-128.0120481927711,40.0,103.16714654986552,624.0120481927711,2.0,2.8560000000000003,4.0,2.8560000000000003,5.0,1.428,2026-04-29,v7_lift_weights,90,non_event
2,3F_L_A,170.0,-103.46385542168674,54.0,98.5478706178088,273.46385542168673,0.0,0.0,0.0,0.0,0.0,0.0,2026-04-29,v7_lift_weights,90,non_event
3,3F_L_N,-448.0,-56.9277108433735,38.0,97.02559088793839,-391.0722891566265,1.0,1.4280000000000002,3.0,2.1420000000000003,6.0,1.7136,2026-04-29,v7_lift_weights,90,non_event
4,3F_R_A,0.0,-90.66265060240964,40.0,97.15186767535526,90.66265060240964,0.0,0.0,0.0,0.0,1.0,0.2856,2026-04-29,v7_lift_weights,90,non_event
5,3F_R_N,-718.0,-36.596385542168676,34.0,97.12300771751443,-681.4036144578313,3.0,4.284000000000001,3.0,2.1420000000000003,5.0,1.428,2026-04-29,v7_lift_weights,90,non_event
0,2F_L_N,234.0,-108.28313253012048,38.0,102.09964964145179,342.2831325301205,0.0,0.0,3.0,2.1420000000000003,6.0,1.7136,2026-04-29,v8_dynamic,90,non_event
1,2F_R_N,420.0,-122.28915662650603,38.0,102.66215254764043,542.289156626506,2.0,2.8560000000000003,4.0,2.8560000000000003,5.0,1.428,2026-04-29,v8_dynamic,90,non_event
2,3F_L_A,178.0,-104.06626506024097,54.0,98.6390985174206,282.066265060241,0.0,0.0,0.0,0.0,0.0,0.0,2026-04-29,v8_dynamic,90,non_event
3,3F_L_N,-854.0,-26.35542168674699,34.0,93.82228893408512,-827.644578313253,1.0,1.4280000000000002,2.0,1.4280000000000002,4.0,1.1424,2026-04-29,v8_dynamic,90,non_event
4,3F_R_A,36.0,-93.37349397590361,42.0,97.58845258209658,129.3734939759036,0.0,0.0,0.0,0.0,1.0,0.2856,2026-04-29,v8_dynamic,90,non_event
5,3F_R_N,-554.0,-48.94578313253012,36.0,97.9039208534556,-505.0542168674699,3.0,4.284000000000001,3.0,2.1420000000000003,6.0,1.7136,2026-04-29,v8_dynamic,90,non_event
0,2F_L_N,528.0,212.04819277108433,46.0,101.24990380792671,315.95180722891564,0.0,0.0,1.0,0.7140000000000001,4.0,1.1424,2026-04-30,v6a_hit_an,90,event
1,2F_R_N,376.0,223.49397590361446,44.0,102.15846822749107,152.50602409638554,1.0,1.4280000000000002,3.0,2.1420000000000003,4.0,1.1424,2026-04-30,v6a_hit_an,90,event
2,3F_L_A,658.0,202.25903614457832,57.99999999999999,101.91889316021575,455.7409638554217,0.0,0.0,0.0,0.0,1.0,0.2856,2026-04-30,v6a_hit_an,90,event
3,3F_L_N,448.0,218.0722891566265,54.0,103.79135427337405,229.9277108433735,2.0,2.8560000000000003,3.0,2.1420000000000003,5.0,1.428,2026-04-30,v6a_hit_an,90,event
4,3F_R_A,142.0,241.1144578313253,44.0,98.44035613445074,-99.1144578313253,0.0,0.0,0.0,0.0,1.0,0.2856,2026-04-30,v6a_hit_an,90,event
5,3F_R_N,46.0,248.34337349397592,44.0,103.69059179366039,-202.34337349397592,2.0,2.8560000000000003,4.0,2.8560000000000003,7.0,1.9992,2026-04-30,v6a_hit_an,90,event
0,2F_L_N,234.0,234.1867469879518,42.0,98.95846742198727,-0.1867469879518069,0.0,0.0,1.0,0.7140000000000001,3.0,0.8568,2026-04-30,v7_lift_weights,90,event
1,2F_R_N,260.0,232.2289156626506,40.0,101.27383054611238,27.771084337349407,1.0,1.4280000000000002,3.0,2.1420000000000003,4.0,1.1424,2026-04-30,v7_lift_weights,90,event
2,3F_L_A,722.0,197.43975903614458,62.0,102.33540722882579,524.5602409638554,0.0,0.0,0.0,0.0,1.0,0.2856,2026-04-30,v7_lift_weights,90,event
3,3F_L_N,330.0,226.9578313253012,50.0,103.00990178112075,103.04216867469879,2.0,2.8560000000000003,3.0,2.1420000000000003,5.0,1.428,2026-04-30,v7_lift_weights,90,event
4,3F_R_A,126.0,242.31927710843374,44.0,98.37041654886221,-116.31927710843374,0.0,0.0,0.0,0.0,1.0,0.2856,2026-04-30,v7_lift_weights,90,event
5,3F_R_N,-36.0,254.51807228915663,40.0,102.62005406501231,-290.51807228915663,2.0,2.8560000000000003,4.0,2.8560000000000003,8.0,2.2848,2026-04-30,v7_lift_weights,90,event
0,2F_L_N,346.0,225.75301204819277,44.0,99.51298134583257,120.24698795180723,0.0,0.0,1.0,0.7140000000000001,3.0,0.8568,2026-04-30,v8_dynamic,90,event
1,2F_R_N,270.0,231.47590361445782,40.0,101.42315435625014,38.52409638554218,1.0,1.4280000000000002,3.0,2.1420000000000003,4.0,1.1424,2026-04-30,v8_dynamic,90,event
2,3F_L_A,676.0,200.90361445783134,56.00000000000001,101.87216784039325,475.09638554216866,0.0,0.0,0.0,0.0,1.0,0.2856,2026-04-30,v8_dynamic,90,event
3,3F_L_N,396.0,221.9879518072289,52.0,103.54071788801072,174.0120481927711,2.0,2.8560000000000003,3.0,2.1420000000000003,5.0,1.428,2026-04-30,v8_dynamic,90,event
4,3F_R_A,148.0,240.66265060240963,44.0,98.47856477225183,-92.66265060240963,0.0,0.0,0.0,0.0,1.0,0.2856,2026-04-30,v8_dynamic,90,event
5,3F_R_N,-42.0,254.96987951807228,40.0,101.61297494160961,-296.9698795180723,2.0,2.8560000000000003,4.0,2.8560000000000003,7.0,1.9992,2026-04-30,v8_dynamic,90,event
0,2F_L_N,604.0,250.75301204819277,46.0,104.12530987868897,353.2469879518072,0.0,0.0,1.0,0.7140000000000001,5.0,1.428,2026-05-01,v6a_hit_an,90,event
1,2F_R_N,2.0,296.0843373493976,44.0,98.35238671004261,-294.0843373493976,0.0,0.0,0.0,0.0,3.0,0.8568,2026-05-01,v6a_hit_an,90,event
2,3F_L_A,370.0,268.3734939759036,44.0,100.00323396145703,101.62650602409639,0.0,0.0,0.0,0.0,0.0,0.0,2026-05-01,v6a_hit_an,90,event
3,3F_L_N,150.0,284.93975903614455,42.0,103.1476959399552,-134.93975903614455,3.0,4.284000000000001,3.0,2.1420000000000003,5.0,1.428,2026-05-01,v6a_hit_an,90,event
4,3F_R_A,-10.0,296.9879518072289,40.0,97.91545807839033,-306.9879518072289,0.0,0.0,0.0,0.0,1.0,0.2856,2026-05-01,v6a_hit_an,90,event
5,3F_R_N,-230.0,313.5542168674699,38.0,99.214522737846,-543.5542168674699,3.0,4.284000000000001,4.0,2.8560000000000003,6.0,1.7136,2026-05-01,v6a_hit_an,90,event
0,2F_L_N,966.0,223.49397590361446,46.0,105.1541197514656,742.5060240963855,1.0,1.4280000000000002,3.0,2.1420000000000003,6.0,1.7136,2026-05-01,v7_lift_weights,90,event
1,2F_R_N,-36.0,298.9457831325301,42.0,98.06449211493906,-334.9457831325301,0.0,0.0,0.0,0.0,3.0,0.8568,2026-05-01,v7_lift_weights,90,event
2,3F_L_A,368.0,268.5240963855422,46.0,100.27710474707973,99.47590361445782,0.0,0.0,0.0,0.0,0.0,0.0,2026-05-01,v7_lift_weights,90,event
3,3F_L_N,-46.0,299.69879518072287,42.0,101.99649783580466,-345.69879518072287,2.0,2.8560000000000003,2.0,1.4280000000000002,4.0,1.1424,2026-05-01,v7_lift_weights,90,event
4,3F_R_A,-44.0,299.54819277108436,40.0,97.23087519286706,-343.54819277108436,0.0,0.0,0.0,0.0,1.0,0.2856,2026-05-01,v7_lift_weights,90,event
5,3F_R_N,-136.0,306.4759036144578,40.0,100.5655786412334,-442.4759036144578,3.0,4.284000000000001,4.0,2.8560000000000003,6.0,1.7136,2026-05-01,v7_lift_weights,90,event
0,2F_L_N,756.0,239.30722891566265,46.0,104.38897337135202,516.6927710843373,1.0,1.4280000000000002,2.0,1.4280000000000002,5.0,1.428,2026-05-01,v8_dynamic,90,event
1,2F_R_N,-44.0,299.54819277108436,42.0,98.14932029345984,-343.54819277108436,0.0,0.0,0.0,0.0,3.0,0.8568,2026-05-01,v8_dynamic,90,event
2,3F_L_A,334.0,271.0843373493976,42.0,99.81034915733177,62.91566265060243,0.0,0.0,0.0,0.0,0.0,0.0,2026-05-01,v8_dynamic,90,event
3,3F_L_N,-38.0,299.09638554216866,46.0,102.09712773064405,-337.09638554216866,1.0,1.4280000000000002,1.0,0.7140000000000001,3.0,0.8568,2026-05-01,v8_dynamic,90,event
4,3F_R_A,-82.0,302.4096385542169,36.0,97.04761019504997,-384.4096385542169,0.0,0.0,0.0,0.0,1.0,0.2856,2026-05-01,v8_dynamic,90,event
5,3F_R_N,-224.0,313.1024096385542,38.0,99.61821781208268,-537.1024096385543,3.0,4.284000000000001,4.0,2.8560000000000003,6.0,1.7136,2026-05-01,v8_dynamic,90,event
0,2F_L_N,390.0,390.21084337349396,44.0,100.51517758579743,-0.2108433734939581,0.0,0.0,2.0,1.4280000000000002,5.0,1.428,2026-05-02,v6a_hit_an,90,non_event
1,2F_R_N,394.0,389.9096385542169,38.0,98.26057899376528,4.090361445783117,0.0,0.0,0.0,0.0,5.0,1.428,2026-05-02,v6a_hit_an,90,non_event
2,3F_L_A,218.0,403.16265060240966,50.0,98.97888872095831,-185.16265060240966,0.0,0.0,0.0,0.0,0.0,0.0,2026-05-02,v6a_hit_an,90,non_event
3,3F_L_N,402.0,389.3072289156627,40.0,103.40537784302401,12.692771084337323,1.0,1.4280000000000002,2.0,1.4280000000000002,7.0,1.9992,2026-05-02,v6a_hit_an,90,non_event
4,3F_R_A,-46.0,423.0421686746988,36.0,98.55707049626666,-469.0421686746988,0.0,0.0,0.0,0.0,0.0,0.0,2026-05-02,v6a_hit_an,90,non_event
5,3F_R_N,-564.0,462.04819277108436,30.0,96.5986151547752,-1026.0481927710844,1.0,1.4280000000000002,3.0,2.1420000000000003,4.0,1.1424,2026-05-02,v6a_hit_an,90,non_event
0,2F_L_N,22.0,417.921686746988,34.0,97.53689776677791,-395.921686746988,0.0,0.0,2.0,1.4280000000000002,4.0,1.1424,2026-05-02,v7_lift_weights,90,non_event
1,2F_R_N,596.0,374.69879518072287,44.0,100.80700600216318,221.30120481927713,0.0,0.0,0.0,0.0,5.0,1.428,2026-05-02,v7_lift_weights,90,non_event
2,3F_L_A,206.0,404.06626506024094,50.0,98.99461788243345,-198.06626506024094,0.0,0.0,0.0,0.0,0.0,0.0,2026-05-02,v7_lift_weights,90,non_event
3,3F_L_N,64.0,414.7590361445783,40.0,101.57395461716702,-350.7590361445783,1.0,1.4280000000000002,1.0,0.7140000000000001,6.0,1.7136,2026-05-02,v7_lift_weights,90,non_event
4,3F_R_A,-62.0,424.2469879518072,36.0,98.43463293508313,-486.2469879518072,0.0,0.0,0.0,0.0,0.0,0.0,2026-05-02,v7_lift_weights,90,non_event
5,3F_R_N,-516.0,458.43373493975906,30.0,96.99326394310783,-974.433734939759,1.0,1.4280000000000002,3.0,2.1420000000000003,5.0,1.428,2026-05-02,v7_lift_weights,90,non_event
0,2F_L_N,370.0,391.7168674698795,42.0,100.4106145245808,-21.716867469879503,0.0,0.0,2.0,1.4280000000000002,5.0,1.428,2026-05-02,v8_dynamic,90,non_event
1,2F_R_N,488.0,382.8313253012048,42.0,99.60677290201733,105.1686746987952,0.0,0.0,0.0,0.0,5.0,1.428,2026-05-02,v8_dynamic,90,non_event
2,3F_L_A,206.0,404.06626506024094,50.0,98.92641316358453,-198.06626506024094,0.0,0.0,0.0,0.0,0.0,0.0,2026-05-02,v8_dynamic,90,non_event
3,3F_L_N,398.0,389.60843373493975,40.0,103.40761985904368,8.391566265060248,1.0,1.4280000000000002,2.0,1.4280000000000002,7.0,1.9992,2026-05-02,v8_dynamic,90,non_event
4,3F_R_A,-46.0,423.0421686746988,36.0,98.55707049626666,-469.0421686746988,0.0,0.0,0.0,0.0,0.0,0.0,2026-05-02,v8_dynamic,90,non_event
5,3F_R_N,-394.0,449.2469879518072,32.0,98.0456872935475,-843.2469879518072,1.0,1.4280000000000002,3.0,2.1420000000000003,5.0,1.428,2026-05-02,v8_dynamic,90,non_event
0,2F_L_N,-308.0,-182.2289156626506,36.0,96.05940959048147,-125.77108433734941,1.0,1.4280000000000002,1.0,0.7140000000000001,3.0,0.8568,2026-05-03,v6a_hit_an,90,non_event
1,2F_R_N,688.0,-257.2289156626506,52.0,107.5225636930299,945.2289156626506,1.0,1.4280000000000002,3.0,2.1420000000000003,5.0,1.428,2026-05-03,v6a_hit_an,90,non_event
2,3F_L_A,442.0,-238.70481927710844,62.0,100.92132487072902,680.7048192771084,0.0,0.0,0.0,0.0,0.0,0.0,2026-05-03,v6a_hit_an,90,non_event
3,3F_L_N,-476.0,-169.57831325301206,32.0,95.00198203908899,-306.4216867469879,1.0,1.4280000000000002,3.0,2.1420000000000003,5.0,1.428,2026-05-03,v6a_hit_an,90,non_event
4,3F_R_A,374.0,-233.5843373493976,48.0,99.13843301647537,607.5843373493976,0.0,0.0,0.0,0.0,4.0,1.1424,2026-05-03,v6a_hit_an,90,non_event
5,3F_R_N,-594.0,-160.69277108433735,26.0,94.17720719921881,-433.3072289156627,2.0,2.8560000000000003,4.0,2.8560000000000003,6.0,1.7136,2026-05-03,v6a_hit_an,90,non_event
0,2F_L_N,-288.0,-183.73493975903614,36.0,95.93912766166375,-104.26506024096386,1.0,1.4280000000000002,1.0,0.7140000000000001,4.0,1.1424,2026-05-03,v7_lift_weights,90,non_event
1,2F_R_N,446.0,-239.00602409638554,46.0,105.13472730840283,685.0060240963855,1.0,1.4280000000000002,2.0,1.4280000000000002,5.0,1.428,2026-05-03,v7_lift_weights,90,non_event
2,3F_L_A,392.0,-234.93975903614458,57.99999999999999,100.5946348212003,626.9397590361446,0.0,0.0,0.0,0.0,0.0,0.0,2026-05-03,v7_lift_weights,90,non_event
3,3F_L_N,-650.0,-156.47590361445782,26.0,93.4643819718601,-493.5240963855422,1.0,1.4280000000000002,3.0,2.1420000000000003,5.0,1.428,2026-05-03,v7_lift_weights,90,non_event
4,3F_R_A,306.0,-228.46385542168676,46.0,98.63313580006407,534.4638554216867,0.0,0.0,0.0,0.0,4.0,1.1424,2026-05-03,v7_lift_weights,90,non_event
5,3F_R_N,-328.0,-180.72289156626505,32.0,96.04164012412346,-147.27710843373495,2.0,2.8560000000000003,4.0,2.8560000000000003,5.0,1.428,2026-05-03,v7_lift_weights,90,non_event
0,2F_L_N,-172.0,-192.46987951807228,40.0,96.92570593551218,20.469879518072275,1.0,1.4280000000000002,1.0,0.7140000000000001,3.0,0.8568,2026-05-03,v8_dynamic,90,non_event
1,2F_R_N,616.0,-251.80722891566265,52.0,106.44168859303745,867.8072289156627,1.0,1.4280000000000002,2.0,1.4280000000000002,5.0,1.428,2026-05-03,v8_dynamic,90,non_event
2,3F_L_A,378.0,-233.8855421686747,57.99999999999999,100.56657026877541,611.8855421686746,0.0,0.0,0.0,0.0,0.0,0.0,2026-05-03,v8_dynamic,90,non_event
3,3F_L_N,-668.0,-155.12048192771084,24.0,93.67356348262722,-512.8795180722891,1.0,1.4280000000000002,3.0,2.1420000000000003,5.0,1.428,2026-05-03,v8_dynamic,90,non_event
4,3F_R_A,302.0,-228.16265060240963,44.0,98.70787335608496,530.1626506024096,0.0,0.0,0.0,0.0,4.0,1.1424,2026-05-03,v8_dynamic,90,non_event
5,3F_R_N,-402.0,-175.15060240963857,28.000000000000004,95.85730500772975,-226.84939759036143,2.0,2.8560000000000003,5.0,3.5700000000000003,7.0,1.9992,2026-05-03,v8_dynamic,90,non_event
0,2F_L_N,-150.0,-293.67469879518075,36.0,97.77942398486348,143.67469879518075,1.0,1.4280000000000002,2.0,1.4280000000000002,3.0,0.8568,2026-05-04,v6a_hit_an,90,non_event
1,2F_R_N,-954.0,-233.13253012048193,26.0,89.97935991387521,-720.867469879518,0.0,0.0,0.0,0.0,1.0,0.2856,2026-05-04,v6a_hit_an,90,non_event
2,3F_L_A,-140.0,-294.4277108433735,38.0,95.53675212589003,154.42771084337352,0.0,0.0,0.0,0.0,0.0,0.0,2026-05-04,v6a_hit_an,90,non_event
3,3F_L_N,-300.0,-282.37951807228916,34.0,94.29434702817645,-17.62048192771084,1.0,1.4280000000000002,2.0,1.4280000000000002,6.0,1.7136,2026-05-04,v6a_hit_an,90,non_event
4,3F_R_A,172.0,-317.921686746988,42.0,98.11397251230574,489.921686746988,0.0,0.0,0.0,0.0,1.0,0.2856,2026-05-04,v6a_hit_an,90,non_event
5,3F_R_N,-1542.0,-188.85542168674698,20.0,86.5753419909277,-1353.144578313253,1.0,1.4280000000000002,2.0,1.4280000000000002,3.0,0.8568,2026-05-04,v6a_hit_an,90,non_event
0,2F_L_N,126.0,-314.4578313253012,40.0,99.91138182911278,440.4578313253012,1.0,1.4280000000000002,2.0,1.4280000000000002,4.0,1.1424,2026-05-04,v7_lift_weights,90,non_event
1,2F_R_N,-510.0,-266.56626506024094,32.0,93.883419434747,-243.43373493975906,0.0,0.0,0.0,0.0,4.0,1.1424,2026-05-04,v7_lift_weights,90,non_event
2,3F_L_A,-76.0,-299.2469879518072,42.0,96.31378913600422,223.24698795180723,0.0,0.0,0.0,0.0,0.0,0.0,2026-05-04,v7_lift_weights,90,non_event
3,3F_L_N,-288.0,-283.2831325301205,34.0,94.4491042685787,-4.716867469879503,1.0,1.4280000000000002,2.0,1.4280000000000002,6.0,1.7136,2026-05-04,v7_lift_weights,90,non_event
4,3F_R_A,188.0,-319.1265060240964,44.0,97.80861037368668,507.1265060240964,0.0,0.0,0.0,0.0,1.0,0.2856,2026-05-04,v7_lift_weights,90,non_event
5,3F_R_N,-1440.0,-196.53614457831324,24.0,86.74434492013948,-1243.4638554216867,1.0,1.4280000000000002,2.0,1.4280000000000002,3.0,0.8568,2026-05-04,v7_lift_weights,90,non_event
0,2F_L_N,-6.0,-304.51807228915663,36.0,98.80892453871496,298.51807228915663,1.0,1.4280000000000002,2.0,1.4280000000000002,4.0,1.1424,2026-05-04,v8_dynamic,90,non_event
1,2F_R_N,-676.0,-254.06626506024097,32.0,93.38534515481119,-421.933734939759,0.0,0.0,0.0,0.0,3.0,0.8568,2026-05-04,v8_dynamic,90,non_event
2,3F_L_A,-104.0,-297.1385542168675,42.0,95.99598878422917,193.13855421686748,0.0,0.0,0.0,0.0,0.0,0.0,2026-05-04,v8_dynamic,90,non_event
3,3F_L_N,-282.0,-283.73493975903614,34.0,94.58350018751794,1.7349397590361377,1.0,1.4280000000000002,2.0,1.4280000000000002,6.0,1.7136,2026-05-04,v8_dynamic,90,non_event
4,3F_R_A,198.0,-319.87951807228916,46.0,98.2734339783913,517.8795180722891,0.0,0.0,0.0,0.0,1.0,0.2856,2026-05-04,v8_dynamic,90,non_event
5,3F_R_N,-1390.0,-200.3012048192771,24.0,87.96714781560443,-1189.698795180723,1.0,1.4280000000000002,2.0,1.4280000000000002,3.0,0.8568,2026-05-04,v8_dynamic,90,non_event
0,2F_L_N,736.0,366.1144578313253,42.0,115.84720979864974,369.8855421686747,3.0,4.284000000000001,4.0,2.8560000000000003,7.0,1.9992,2026-05-05,v6a_hit_an,90,non_event
1,2F_R_N,970.0,348.49397590361446,54.0,106.74201744491316,621.5060240963855,1.0,1.4280000000000002,2.0,1.4280000000000002,7.0,1.9992,2026-05-05,v6a_hit_an,90,non_event
2,3F_L_A,674.0,370.7831325301205,56.00000000000001,102.2522835378721,303.2168674698795,0.0,0.0,0.0,0.0,0.0,0.0,2026-05-05,v6a_hit_an,90,non_event
3,3F_L_N,238.0,403.6144578313253,54.0,101.25703087086254,-165.6144578313253,0.0,0.0,2.0,1.4280000000000002,2.0,0.5712,2026-05-05,v6a_hit_an,90,non_event
4,3F_R_A,482.0,385.2409638554217,57.99999999999999,101.69125627613829,96.75903614457832,0.0,0.0,0.0,0.0,0.0,0.0,2026-05-05,v6a_hit_an,90,non_event
5,3F_R_N,30.0,419.27710843373495,40.0,103.44399148750419,-389.27710843373495,2.0,2.8560000000000003,3.0,2.1420000000000003,8.0,2.2848,2026-05-05,v6a_hit_an,90,non_event
0,2F_L_N,830.0,359.03614457831327,44.0,116.84633478281799,470.96385542168673,3.0,4.284000000000001,4.0,2.8560000000000003,7.0,1.9992,2026-05-05,v7_lift_weights,90,non_event
1,2F_R_N,744.0,365.5120481927711,50.0,105.0216489710645,378.4879518072289,1.0,1.4280000000000002,2.0,1.4280000000000002,7.0,1.9992,2026-05-05,v7_lift_weights,90,non_event
2,3F_L_A,724.0,367.01807228915663,60.0,102.527744366362,356.98192771084337,0.0,0.0,0.0,0.0,0.0,0.0,2026-05-05,v7_lift_weights,90,non_event
3,3F_L_N,910.0,353.0120481927711,62.0,105.18408987042268,556.9879518072289,0.0,0.0,4.0,2.8560000000000003,4.0,1.1424,2026-05-05,v7_lift_weights,90,non_event
4,3F_R_A,538.0,381.0240963855422,57.99999999999999,101.9457149756527,156.97590361445782,0.0,0.0,0.0,0.0,0.0,0.0,2026-05-05,v7_lift_weights,90,non_event
5,3F_R_N,-136.0,431.77710843373495,42.0,102.423965390552,-567.777108433735,2.0,2.8560000000000003,2.0,1.4280000000000002,7.0,1.9992,2026-05-05,v7_lift_weights,90,non_event
0,2F_L_N,520.0,382.37951807228916,44.0,104.14915724411138,137.62048192771084,2.0,2.8560000000000003,3.0,2.1420000000000003,6.0,1.7136,2026-05-05,v8_dynamic,90,non_event
1,2F_R_N,744.0,365.5120481927711,50.0,105.02164897106448,378.4879518072289,1.0,1.4280000000000002,2.0,1.4280000000000002,7.0,1.9992,2026-05-05,v8_dynamic,90,non_event
2,3F_L_A,702.0,368.67469879518075,60.0,102.4548165368721,333.32530120481925,0.0,0.0,0.0,0.0,0.0,0.0,2026-05-05,v8_dynamic,90,non_event
3,3F_L_N,910.0,353.0120481927711,62.0,105.1840898704227,556.9879518072289,0.0,0.0,4.0,2.8560000000000003,4.0,1.1424,2026-05-05,v8_dynamic,90,non_event
4,3F_R_A,560.0,379.36746987951807,60.0,102.05373284770062,180.63253012048193,0.0,0.0,0.0,0.0,0.0,0.0,2026-05-05,v8_dynamic,90,non_event
5,3F_R_N,30.0,419.27710843373495,40.0,103.44399148750419,-389.27710843373495,2.0,2.8560000000000003,3.0,2.1420000000000003,8.0,2.2848,2026-05-05,v8_dynamic,90,non_event
0,2F_L_N,110.0,-144.57831325301206,42.0,96.62407130137933,254.57831325301206,0.0,0.0,1.0,0.7140000000000001,3.0,0.8568,2026-05-06,v6a_hit_an,90,non_event
1,2F_R_N,-702.0,-83.43373493975903,28.000000000000004,91.28329354954643,-618.566265060241,0.0,0.0,0.0,0.0,3.0,0.8568,2026-05-06,v6a_hit_an,90,non_event
2,3F_L_A,-146.0,-125.3012048192771,40.0,95.91284465834717,-20.698795180722897,0.0,0.0,0.0,0.0,0.0,0.0,2026-05-06,v6a_hit_an,90,non_event
3,3F_L_N,254.0,-155.42168674698794,40.0,104.79032605398577,409.4216867469879,1.0,1.4280000000000002,2.0,1.4280000000000002,5.0,1.428,2026-05-06,v6a_hit_an,90,non_event
4,3F_R_A,-574.0,-93.07228915662651,24.0,93.31018335271288,-480.92771084337346,0.0,0.0,0.0,0.0,0.0,0.0,2026-05-06,v6a_hit_an,90,non_event
5,3F_R_N,-1222.0,-44.27710843373494,28.000000000000004,93.18819100948969,-1177.7228915662652,2.0,2.8560000000000003,3.0,2.1420000000000003,3.0,0.8568,2026-05-06,v6a_hit_an,90,non_event
0,2F_L_N,280.0,-157.37951807228916,40.0,97.60777607319393,437.37951807228916,1.0,1.4280000000000002,2.0,1.4280000000000002,3.0,0.8568,2026-05-06,v7_lift_weights,90,non_event
1,2F_R_N,-660.0,-86.59638554216868,26.0,91.0402765201521,-573.4036144578313,0.0,0.0,0.0,0.0,3.0,0.8568,2026-05-06,v7_lift_weights,90,non_event
2,3F_L_A,-120.0,-127.25903614457832,40.0,95.78436742857795,7.259036144578317,0.0,0.0,0.0,0.0,0.0,0.0,2026-05-06,v7_lift_weights,90,non_event
3,3F_L_N,456.0,-170.63253012048193,44.0,106.01591802033538,626.632530120482,1.0,1.4280000000000002,2.0,1.4280000000000002,7.0,1.9992,2026-05-06,v7_lift_weights,90,non_event
4,3F_R_A,-536.0,-95.93373493975903,26.0,93.77171398627868,-440.066265060241,0.0,0.0,0.0,0.0,0.0,0.0,2026-05-06,v7_lift_weights,90,non_event
5,3F_R_N,-850.0,-72.28915662650603,30.0,99.12699497831734,-777.710843373494,3.0,4.284000000000001,4.0,2.8560000000000003,4.0,1.1424,2026-05-06,v7_lift_weights,90,non_event
0,2F_L_N,246.0,-154.81927710843374,40.0,97.38928131523382,400.81927710843377,1.0,1.4280000000000002,2.0,1.4280000000000002,3.0,0.8568,2026-05-06,v8_dynamic,90,non_event
1,2F_R_N,-366.0,-108.73493975903614,30.0,94.61928934644055,-257.26506024096386,1.0,1.4280000000000002,1.0,0.7140000000000001,4.0,1.1424,2026-05-06,v8_dynamic,90,non_event
2,3F_L_A,-58.0,-131.9277108433735,44.0,96.3593323785213,73.92771084337349,0.0,0.0,0.0,0.0,0.0,0.0,2026-05-06,v8_dynamic,90,non_event
3,3F_L_N,252.0,-155.2710843373494,40.0,103.52254345180414,407.2710843373494,2.0,2.8560000000000003,3.0,2.1420000000000003,6.0,1.7136,2026-05-06,v8_dynamic,90,non_event
4,3F_R_A,-546.0,-95.18072289156626,24.0,93.65154706447856,-450.81927710843377,0.0,0.0,0.0,0.0,0.0,0.0,2026-05-06,v8_dynamic,90,non_event
5,3F_R_N,-880.0,-70.03012048192771,30.0,98.98836570525017,-809.9698795180723,3.0,4.284000000000001,4.0,2.8560000000000003,4.0,1.1424,2026-05-06,v8_dynamic,90,non_event
0,2F_L_N,-564.0,177.710843373494,38.0,95.30426527990687,-741.710843373494,0.0,0.0,0.0,0.0,0.0,0.0,2026-05-07,v6a_hit_an,90,event
1,2F_R_N,-38.0,138.1024096385542,42.0,98.56284212010624,-176.1024096385542,0.0,0.0,1.0,0.7140000000000001,3.0,0.8568,2026-05-07,v6a_hit_an,90,event
2,3F_L_A,36.0,132.53012048192772,44.0,98.46509080796692,-96.53012048192772,0.0,0.0,0.0,0.0,0.0,0.0,2026-05-07,v6a_hit_an,90,event
3,3F_L_N,-374.0,163.40361445783134,38.0,97.37945210093038,-537.4036144578313,0.0,0.0,0.0,0.0,5.0,1.428,2026-05-07,v6a_hit_an,90,event
4,3F_R_A,492.0,98.19277108433735,54.0,101.29115181362228,393.8072289156627,0.0,0.0,0.0,0.0,0.0,0.0,2026-05-07,v6a_hit_an,90,event
5,3F_R_N,1072.0,54.51807228915663,46.0,111.72981810055154,1017.4819277108434,4.0,5.712000000000001,7.0,4.998,11.0,3.1416,2026-05-07,v6a_hit_an,90,event
0,2F_L_N,-244.0,153.6144578313253,42.0,97.79098165158281,-397.6144578313253,0.0,0.0,1.0,0.7140000000000001,2.0,0.5712,2026-05-07,v7_lift_weights,90,event
1,2F_R_N,158.0,123.3433734939759,46.0,100.30346452744969,34.6566265060241,0.0,0.0,1.0,0.7140000000000001,4.0,1.1424,2026-05-07,v7_lift_weights,90,event
2,3F_L_A,-32.0,137.65060240963857,42.0,97.99791862981628,-169.65060240963857,0.0,0.0,0.0,0.0,0.0,0.0,2026-05-07,v7_lift_weights,90,event
3,3F_L_N,-350.0,161.59638554216866,36.0,97.37019438855599,-511.59638554216866,0.0,0.0,0.0,0.0,5.0,1.428,2026-05-07,v7_lift_weights,90,event
4,3F_R_A,486.0,98.644578313253,54.0,101.26615869692736,387.355421686747,0.0,0.0,0.0,0.0,0.0,0.0,2026-05-07,v7_lift_weights,90,event
5,3F_R_N,744.0,79.21686746987952,44.0,108.26028560213479,664.7831325301205,3.0,4.284000000000001,7.0,4.998,10.0,2.856,2026-05-07,v7_lift_weights,90,event
0,2F_L_N,-244.0,153.6144578313253,42.0,97.79098165158281,-397.6144578313253,0.0,0.0,1.0,0.7140000000000001,2.0,0.5712,2026-05-07,v8_dynamic,90,event
1,2F_R_N,88.0,128.6144578313253,42.0,99.68113982437812,-40.614457831325296,0.0,0.0,1.0,0.7140000000000001,4.0,1.1424,2026-05-07,v8_dynamic,90,event
2,3F_L_A,2.0,135.09036144578315,44.0,98.32201686945731,-133.09036144578315,0.0,0.0,0.0,0.0,0.0,0.0,2026-05-07,v8_dynamic,90,event
3,3F_L_N,-440.0,168.3734939759036,36.0,97.09147826183734,-608.3734939759036,0.0,0.0,0.0,0.0,5.0,1.428,2026-05-07,v8_dynamic,90,event
4,3F_R_A,486.0,98.644578313253,54.0,101.26615869692738,387.355421686747,0.0,0.0,0.0,0.0,0.0,0.0,2026-05-07,v8_dynamic,90,event
5,3F_R_N,766.0,77.56024096385542,42.0,111.07461324478349,688.4397590361446,4.0,5.712000000000001,8.0,5.712000000000001,11.0,3.1416,2026-05-07,v8_dynamic,90,event
0,2F_L_N,154.0,136.29518072289156,42.0,97.52075357220895,17.70481927710844,1.0,1.4280000000000002,1.0,0.7140000000000001,3.0,0.8568,2026-05-08,v6a_hit_an,90,non_event
1,2F_R_N,924.0,78.3132530120482,54.0,106.35803375546713,845.6867469879518,2.0,2.8560000000000003,3.0,2.1420000000000003,7.0,1.9992,2026-05-08,v6a_hit_an,90,non_event
2,3F_L_A,136.0,137.65060240963857,30.0,93.99773789565356,-1.6506024096385659,0.0,0.0,0.0,0.0,2.0,0.5712,2026-05-08,v6a_hit_an,90,non_event
3,3F_L_N,-416.0,179.21686746987953,38.0,97.30341032600413,-595.2168674698795,0.0,0.0,0.0,0.0,2.0,0.5712,2026-05-08,v6a_hit_an,90,non_event
4,3F_R_A,34.0,145.33132530120483,34.0,95.3993460255483,-111.33132530120483,0.0,0.0,0.0,0.0,0.0,0.0,2026-05-08,v6a_hit_an,90,non_event
5,3F_R_N,492.0,110.8433734939759,40.0,105.21646815815228,381.1566265060241,3.0,4.284000000000001,5.0,3.5700000000000003,6.0,1.7136,2026-05-08,v6a_hit_an,90,non_event
0,2F_L_N,444.0,114.4578313253012,48.0,100.38420427648683,329.5421686746988,2.0,2.8560000000000003,2.0,1.4280000000000002,4.0,1.1424,2026-05-08,v7_lift_weights,90,non_event
1,2F_R_N,688.0,96.08433734939759,52.0,106.00715698472376,591.9156626506024,2.0,2.8560000000000003,3.0,2.1420000000000003,5.0,1.428,2026-05-08,v7_lift_weights,90,non_event
2,3F_L_A,200.0,132.83132530120483,36.0,95.11688657130524,67.16867469879517,0.0,0.0,0.0,0.0,2.0,0.5712,2026-05-08,v7_lift_weights,90,non_event
3,3F_L_N,-350.0,174.24698795180723,36.0,95.81503497671358,-524.2469879518072,1.0,1.4280000000000002,1.0,0.7140000000000001,2.0,0.5712,2026-05-08,v7_lift_weights,90,non_event
4,3F_R_A,20.0,146.3855421686747,34.0,95.14152831676947,-126.3855421686747,0.0,0.0,0.0,0.0,0.0,0.0,2026-05-08,v7_lift_weights,90,non_event
5,3F_R_N,438.0,114.90963855421687,38.0,104.62124326954675,323.0903614457831,3.0,4.284000000000001,5.0,3.5700000000000003,6.0,1.7136,2026-05-08,v7_lift_weights,90,non_event
0,2F_L_N,348.0,121.6867469879518,46.0,99.87844789981028,226.3132530120482,1.0,1.4280000000000002,1.0,0.7140000000000001,4.0,1.1424,2026-05-08,v8_dynamic,90,non_event
1,2F_R_N,848.0,84.03614457831326,52.0,106.39777095248608,763.9638554216867,2.0,2.8560000000000003,3.0,2.1420000000000003,7.0,1.9992,2026-05-08,v8_dynamic,90,non_event
2,3F_L_A,176.0,134.63855421686748,34.0,94.6932546695407,41.361445783132524,0.0,0.0,0.0,0.0,2.0,0.5712,2026-05-08,v8_dynamic,90,non_event
3,3F_L_N,-436.0,180.72289156626505,36.0,97.45059463882104,-616.722891566265,0.0,0.0,0.0,0.0,2.0,0.5712,2026-05-08,v8_dynamic,90,non_event
4,3F_R_A,36.0,145.18072289156626,34.0,95.29447957997453,-109.18072289156626,0.0,0.0,0.0,0.0,0.0,0.0,2026-05-08,v8_dynamic,90,non_event
5,3F_R_N,400.0,117.7710843373494,38.0,104.03531487007487,282.2289156626506,3.0,4.284000000000001,5.0,3.5700000000000003,6.0,1.7136,2026-05-08,v8_dynamic,90,non_event
0,2F_L_N,84.0,57.83132530120482,38.0,98.18029346258253,26.16867469879518,2.0,2.8560000000000003,2.0,1.4280000000000002,4.0,1.1424,2026-05-09,v6a_hit_an,90,non_event
1,2F_R_N,-406.0,94.7289156626506,32.0,95.62941820438746,-500.7289156626506,1.0,1.4280000000000002,1.0,0.7140000000000001,5.0,1.428,2026-05-09,v6a_hit_an,90,non_event
2,3F_L_A,460.0,29.518072289156628,44.0,100.17867144916036,430.48192771084337,0.0,0.0,0.0,0.0,2.0,0.5712,2026-05-09,v6a_hit_an,90,non_event
3,3F_L_N,-212.0,80.12048192771084,52.0,98.63955991373724,-292.12048192771084,0.0,0.0,1.0,0.7140000000000001,3.0,0.8568,2026-05-09,v6a_hit_an,90,non_event
4,3F_R_A,428.0,31.927710843373493,44.0,100.31623580083954,396.0722891566265,0.0,0.0,0.0,0.0,0.0,0.0,2026-05-09,v6a_hit_an,90,non_event
5,3F_R_N,-422.0,95.93373493975903,44.0,98.53835998951257,-517.933734939759,1.0,1.4280000000000002,2.0,1.4280000000000002,5.0,1.428,2026-05-09,v6a_hit_an,90,non_event
0,2F_L_N,72.0,58.734939759036145,34.0,97.56384761832473,13.265060240963855,2.0,2.8560000000000003,2.0,1.4280000000000002,4.0,1.1424,2026-05-09,v7_lift_weights,90,non_event
1,2F_R_N,-312.0,87.65060240963855,34.0,96.24610741803554,-399.65060240963857,1.0,1.4280000000000002,1.0,0.7140000000000001,5.0,1.428,2026-05-09,v7_lift_weights,90,non_event
2,3F_L_A,314.0,40.51204819277108,38.0,99.41593393460579,273.4879518072289,0.0,0.0,0.0,0.0,2.0,0.5712,2026-05-09,v7_lift_weights,90,non_event
3,3F_L_N,56.0,59.93975903614458,50.0,102.28356052165223,-3.9397590361445793,1.0,1.4280000000000002,2.0,1.4280000000000002,4.0,1.1424,2026-05-09,v7_lift_weights,90,non_event
4,3F_R_A,458.0,29.66867469879518,46.0,100.39720794198918,428.3313253012048,0.0,0.0,0.0,0.0,0.0,0.0,2026-05-09,v7_lift_weights,90,non_event
5,3F_R_N,-618.0,110.69277108433735,42.0,96.11318950585292,-728.6927710843373,1.0,1.4280000000000002,2.0,1.4280000000000002,4.0,1.1424,2026-05-09,v7_lift_weights,90,non_event
0,2F_L_N,56.0,59.93975903614458,36.0,97.80439773323644,-3.9397590361445793,2.0,2.8560000000000003,2.0,1.4280000000000002,4.0,1.1424,2026-05-09,v8_dynamic,90,non_event
1,2F_R_N,-312.0,87.65060240963855,34.0,96.24610741803554,-399.65060240963857,1.0,1.4280000000000002,1.0,0.7140000000000001,5.0,1.428,2026-05-09,v8_dynamic,90,non_event
2,3F_L_A,352.0,37.65060240963855,40.0,99.3574104327878,314.34939759036143,0.0,0.0,0.0,0.0,2.0,0.5712,2026-05-09,v8_dynamic,90,non_event
3,3F_L_N,0.0,64.1566265060241,50.0,101.88937450152353,-64.1566265060241,1.0,1.4280000000000002,2.0,1.4280000000000002,4.0,1.1424,2026-05-09,v8_dynamic,90,non_event
4,3F_R_A,484.0,27.710843373493976,46.0,100.57108278536555,456.28915662650604,0.0,0.0,0.0,0.0,0.0,0.0,2026-05-09,v8_dynamic,90,non_event
5,3F_R_N,-500.0,101.80722891566265,44.0,97.47143287179252,-601.8072289156627,1.0,1.4280000000000002,2.0,1.4280000000000002,6.0,1.7136,2026-05-09,v8_dynamic,90,non_event
0,2F_L_N,-216.0,194.7289156626506,40.0,97.07343231361367,-410.7289156626506,0.0,0.0,1.0,0.7140000000000001,2.0,0.5712,2026-05-10,v6a_hit_an,90,non_event
1,2F_R_N,162.0,166.26506024096386,42.0,99.9601753496958,-4.265060240963862,0.0,0.0,3.0,2.1420000000000003,5.0,1.428,2026-05-10,v6a_hit_an,90,non_event
2,3F_L_A,126.0,168.97590361445782,44.0,98.32126852618192,-42.97590361445782,0.0,0.0,0.0,0.0,0.0,0.0,2026-05-10,v6a_hit_an,90,non_event
3,3F_L_N,414.0,147.289156626506,50.0,103.00605530948798,266.71084337349396,0.0,0.0,2.0,1.4280000000000002,5.0,1.428,2026-05-10,v6a_hit_an,90,non_event
4,3F_R_A,194.0,163.85542168674698,50.0,98.35583284318054,30.14457831325302,0.0,0.0,0.0,0.0,1.0,0.2856,2026-05-10,v6a_hit_an,90,non_event
5,3F_R_N,-114.0,187.04819277108433,42.0,100.81966739035708,-301.04819277108436,3.0,4.284000000000001,3.0,2.1420000000000003,6.0,1.7136,2026-05-10,v6a_hit_an,90,non_event
0,2F_L_N,-264.0,198.34337349397592,40.0,97.37922019139671,-462.34337349397595,1.0,1.4280000000000002,1.0,0.7140000000000001,2.0,0.5712,2026-05-10,v7_lift_weights,90,non_event
1,2F_R_N,162.0,166.26506024096386,42.0,99.96017534969579,-4.265060240963862,0.0,0.0,3.0,2.1420000000000003,5.0,1.428,2026-05-10,v7_lift_weights,90,non_event
2,3F_L_A,178.0,165.06024096385542,44.0,98.72768635563418,12.93975903614458,0.0,0.0,0.0,0.0,0.0,0.0,2026-05-10,v7_lift_weights,90,non_event
3,3F_L_N,400.0,148.34337349397592,50.0,103.5867031427952,251.65662650602408,0.0,0.0,2.0,1.4280000000000002,6.0,1.7136,2026-05-10,v7_lift_weights,90,non_event
4,3F_R_A,208.0,162.8012048192771,50.0,98.72201639066257,45.1987951807229,0.0,0.0,0.0,0.0,1.0,0.2856,2026-05-10,v7_lift_weights,90,non_event
5,3F_R_N,98.0,171.0843373493976,42.0,102.11413706960309,-73.0843373493976,3.0,4.284000000000001,3.0,2.1420000000000003,7.0,1.9992,2026-05-10,v7_lift_weights,90,non_event
0,2F_L_N,-264.0,198.34337349397592,40.0,97.37922019139671,-462.34337349397595,1.0,1.4280000000000002,1.0,0.7140000000000001,2.0,0.5712,2026-05-10,v8_dynamic,90,non_event
1,2F_R_N,162.0,166.26506024096386,42.0,99.9601753496958,-4.265060240963862,0.0,0.0,3.0,2.1420000000000003,5.0,1.428,2026-05-10,v8_dynamic,90,non_event
2,3F_L_A,202.0,163.25301204819277,46.0,98.58288756222824,38.74698795180723,0.0,0.0,0.0,0.0,0.0,0.0,2026-05-10,v8_dynamic,90,non_event
3,3F_L_N,506.0,140.36144578313252,52.0,103.60843002045418,365.6385542168675,0.0,0.0,2.0,1.4280000000000002,6.0,1.7136,2026-05-10,v8_dynamic,90,non_event
4,3F_R_A,202.0,163.25301204819277,50.0,98.67471808154713,38.74698795180723,0.0,0.0,0.0,0.0,1.0,0.2856,2026-05-10,v8_dynamic,90,non_event
5,3F_R_N,170.0,165.66265060240963,44.0,102.29295540796844,4.337349397590373,3.0,4.284000000000001,3.0,2.1420000000000003,7.0,1.9992,2026-05-10,v8_dynamic,90,non_event
0,2F_L_N,16.0,-48.795180722891565,38.0,99.3834485204324,64.79518072289156,2.0,2.8560000000000003,2.0,1.4280000000000002,3.0,0.8568,2026-05-11,v6a_hit_an,90,event
1,2F_R_N,-334.0,-22.43975903614458,32.0,92.88071167077413,-311.56024096385545,0.0,0.0,1.0,0.7140000000000001,4.0,1.1424,2026-05-11,v6a_hit_an,90,event
2,3F_L_A,-260.0,-28.012048192771083,20.0,95.0769701972036,-231.9879518072289,0.0,0.0,0.0,0.0,0.0,0.0,2026-05-11,v6a_hit_an,90,event
3,3F_L_N,-304.0,-24.698795180722893,34.0,96.39512922673805,-279.30120481927713,2.0,2.8560000000000003,2.0,1.4280000000000002,4.0,1.1424,2026-05-11,v6a_hit_an,90,event
4,3F_R_A,-68.0,-42.46987951807229,36.0,95.18823573424646,-25.53012048192771,0.0,0.0,0.0,0.0,0.0,0.0,2026-05-11,v6a_hit_an,90,event
5,3F_R_N,-336.0,-22.289156626506024,40.0,97.42038262040471,-313.71084337349396,0.0,0.0,3.0,2.1420000000000003,5.0,1.428,2026-05-11,v6a_hit_an,90,event
0,2F_L_N,-408.0,-16.867469879518072,26.0,94.89929909156994,-391.13253012048193,1.0,1.4280000000000002,1.0,0.7140000000000001,2.0,0.5712,2026-05-11,v7_lift_weights,90,event
1,2F_R_N,-304.0,-24.698795180722893,32.0,92.99341134136208,-279.30120481927713,0.0,0.0,1.0,0.7140000000000001,4.0,1.1424,2026-05-11,v7_lift_weights,90,event
2,3F_L_A,-330.0,-22.740963855421686,14.000000000000002,93.22574177860959,-307.2590361445783,0.0,0.0,0.0,0.0,0.0,0.0,2026-05-11,v7_lift_weights,90,event
3,3F_L_N,-200.0,-32.53012048192771,34.0,96.59442076170167,-167.46987951807228,1.0,1.4280000000000002,1.0,0.7140000000000001,5.0,1.428,2026-05-11,v7_lift_weights,90,event
4,3F_R_A,-116.0,-38.855421686746986,34.0,94.82491827022054,-77.14457831325302,0.0,0.0,0.0,0.0,0.0,0.0,2026-05-11,v7_lift_weights,90,event
5,3F_R_N,-358.0,-20.632530120481928,42.0,97.07331185689911,-337.36746987951807,0.0,0.0,3.0,2.1420000000000003,4.0,1.1424,2026-05-11,v7_lift_weights,90,event
0,2F_L_N,-212.0,-31.626506024096386,34.0,96.65928110530157,-180.3734939759036,1.0,1.4280000000000002,1.0,0.7140000000000001,2.0,0.5712,2026-05-11,v8_dynamic,90,event
1,2F_R_N,-198.0,-32.68072289156626,34.0,94.1336913674545,-165.31927710843374,0.0,0.0,1.0,0.7140000000000001,4.0,1.1424,2026-05-11,v8_dynamic,90,event
2,3F_L_A,-274.0,-26.957831325301203,16.0,94.07239193132305,-247.0421686746988,0.0,0.0,0.0,0.0,0.0,0.0,2026-05-11,v8_dynamic,90,event
3,3F_L_N,-180.0,-34.036144578313255,34.0,96.59755702688952,-145.96385542168673,1.0,1.4280000000000002,1.0,0.7140000000000001,5.0,1.428,2026-05-11,v8_dynamic,90,event
4,3F_R_A,-100.0,-40.06024096385542,36.0,94.88141007213204,-59.93975903614458,0.0,0.0,0.0,0.0,0.0,0.0,2026-05-11,v8_dynamic,90,event
5,3F_R_N,-132.0,-37.65060240963855,42.0,98.68868215952642,-94.34939759036145,1.0,1.4280000000000002,4.0,2.8560000000000003,5.0,1.428,2026-05-11,v8_dynamic,90,event
0,2F_L_N,-174.0,129.66867469879517,32.0,89.9845093801698,-303.66867469879514,0.0,0.0,0.0,0.0,0.0,0.0,2026-05-12,v6a_hit_an,90,non_event
1,2F_R_N,512.0,78.01204819277109,44.0,102.86455312672147,433.9879518072289,2.0,2.8560000000000003,3.0,2.1420000000000003,6.0,1.7136,2026-05-12,v6a_hit_an,90,non_event
2,3F_L_A,86.0,110.09036144578313,42.0,96.54212041505497,-24.09036144578313,0.0,0.0,0.0,0.0,1.0,0.2856,2026-05-12,v6a_hit_an,90,non_event
3,3F_L_N,238.0,98.644578313253,42.0,98.96211427698984,139.35542168674698,0.0,0.0,3.0,2.1420000000000003,5.0,1.428,2026-05-12,v6a_hit_an,90,non_event
4,3F_R_A,286.0,95.03012048192771,48.0,97.908232338807,190.96987951807228,0.0,0.0,0.0,0.0,1.0,0.2856,2026-05-12,v6a_hit_an,90,non_event
5,3F_R_N,-362.0,143.82530120481928,28.000000000000004,97.00583312716064,-505.8253012048193,2.0,2.8560000000000003,3.0,2.1420000000000003,5.0,1.428,2026-05-12,v6a_hit_an,90,non_event
0,2F_L_N,140.0,106.02409638554217,34.0,92.33681738620949,33.975903614457835,1.0,1.4280000000000002,1.0,0.7140000000000001,2.0,0.5712,2026-05-12,v7_lift_weights,90,non_event
1,2F_R_N,638.0,68.52409638554217,44.0,102.59215263716726,569.4759036144578,2.0,2.8560000000000003,3.0,2.1420000000000003,6.0,1.7136,2026-05-12,v7_lift_weights,90,non_event
2,3F_L_A,170.0,103.76506024096386,42.0,97.03852845285377,66.23493975903614,0.0,0.0,0.0,0.0,1.0,0.2856,2026-05-12,v7_lift_weights,90,non_event
3,3F_L_N,68.0,111.44578313253012,40.0,97.67506432031587,-43.445783132530124,0.0,0.0,2.0,1.4280000000000002,4.0,1.1424,2026-05-12,v7_lift_weights,90,non_event
4,3F_R_A,280.0,95.48192771084338,48.0,97.24433451456949,184.51807228915663,0.0,0.0,0.0,0.0,1.0,0.2856,2026-05-12,v7_lift_weights,90,non_event
5,3F_R_N,26.0,114.60843373493977,32.0,100.34407654095914,-88.60843373493977,2.0,2.8560000000000003,3.0,2.1420000000000003,6.0,1.7136,2026-05-12,v7_lift_weights,90,non_event
0,2F_L_N,236.0,98.79518072289157,38.0,93.04605881340008,137.2048192771084,1.0,1.4280000000000002,1.0,0.7140000000000001,2.0,0.5712,2026-05-12,v8_dynamic,90,non_event
1,2F_R_N,638.0,68.52409638554217,44.0,102.59215263716726,569.4759036144578,2.0,2.8560000000000003,3.0,2.1420000000000003,6.0,1.7136,2026-05-12,v8_dynamic,90,non_event
2,3F_L_A,84.0,110.24096385542168,38.0,96.08736529469024,-26.240963855421683,0.0,0.0,0.0,0.0,1.0,0.2856,2026-05-12,v8_dynamic,90,non_event
3,3F_L_N,164.0,104.21686746987952,42.0,98.17756748990423,59.78313253012048,0.0,0.0,2.0,1.4280000000000002,4.0,1.1424,2026-05-12,v8_dynamic,90,non_event
4,3F_R_A,258.0,97.13855421686748,46.0,97.72350576959752,160.86144578313252,0.0,0.0,0.0,0.0,1.0,0.2856,2026-05-12,v8_dynamic,90,non_event
5,3F_R_N,26.0,114.60843373493977,32.0,100.34407654095916,-88.60843373493977,2.0,2.8560000000000003,3.0,2.1420000000000003,6.0,1.7136,2026-05-12,v8_dynamic,90,non_event
0,2F_L_N,-192.0,17.620481927710845,32.0,94.58713069737306,-209.62048192771084,2.0,2.8560000000000003,2.0,1.4280000000000002,3.0,0.8568,2026-05-13,v6a_hit_an,90,non_event
1,2F_R_N,520.0,-35.993975903614455,54.0,107.42566806057184,555.9939759036145,0.0,0.0,2.0,1.4280000000000002,7.0,1.9992,2026-05-13,v6a_hit_an,90,non_event
2,3F_L_A,246.0,-15.36144578313253,40.0,97.20526193880774,261.3614457831325,0.0,0.0,0.0,0.0,1.0,0.2856,2026-05-13,v6a_hit_an,90,non_event
3,3F_L_N,214.0,-12.951807228915662,34.0,96.67436552280995,226.95180722891567,3.0,4.284000000000001,3.0,2.1420000000000003,5.0,1.428,2026-05-13,v6a_hit_an,90,non_event
4,3F_R_A,182.0,-10.542168674698795,44.0,97.64584076035467,192.5421686746988,0.0,0.0,0.0,0.0,1.0,0.2856,2026-05-13,v6a_hit_an,90,non_event
5,3F_R_N,-1016.0,79.66867469879519,24.0,88.62170965159916,-1095.6686746987953,0.0,0.0,3.0,2.1420000000000003,5.0,1.428,2026-05-13,v6a_hit_an,90,non_event
0,2F_L_N,-280.0,24.246987951807228,34.0,93.80989168276943,-304.2469879518072,1.0,1.4280000000000002,1.0,0.7140000000000001,2.0,0.5712,2026-05-13,v7_lift_weights,90,non_event
1,2F_R_N,744.0,-52.86144578313253,52.0,111.82483005392962,796.8614457831326,1.0,1.4280000000000002,3.0,2.1420000000000003,7.0,1.9992,2026-05-13,v7_lift_weights,90,non_event
2,3F_L_A,292.0,-18.825301204819276,38.0,97.05579025063992,310.82530120481925,0.0,0.0,0.0,0.0,2.0,0.5712,2026-05-13,v7_lift_weights,90,non_event
3,3F_L_N,-286.0,24.698795180722893,28.000000000000004,92.58643142256484,-310.69879518072287,1.0,1.4280000000000002,1.0,0.7140000000000001,3.0,0.8568,2026-05-13,v7_lift_weights,90,non_event
4,3F_R_A,122.0,-6.024096385542169,40.0,96.75142331015488,128.02409638554218,0.0,0.0,0.0,0.0,1.0,0.2856,2026-05-13,v7_lift_weights,90,non_event
5,3F_R_N,-978.0,76.80722891566265,24.0,87.55221691890289,-1054.8072289156626,0.0,0.0,2.0,1.4280000000000002,5.0,1.428,2026-05-13,v7_lift_weights,90,non_event
0,2F_L_N,-148.0,14.30722891566265,36.0,94.81687888661646,-162.30722891566265,1.0,1.4280000000000002,1.0,0.7140000000000001,2.0,0.5712,2026-05-13,v8_dynamic,90,non_event
1,2F_R_N,860.0,-61.596385542168676,54.0,112.54288289309662,921.5963855421687,1.0,1.4280000000000002,3.0,2.1420000000000003,8.0,2.2848,2026-05-13,v8_dynamic,90,non_event
2,3F_L_A,286.0,-18.373493975903614,36.0,96.6601267231018,304.3734939759036,0.0,0.0,0.0,0.0,2.0,0.5712,2026-05-13,v8_dynamic,90,non_event
3,3F_L_N,-44.0,6.475903614457831,30.0,95.39980591140356,-50.475903614457835,2.0,2.8560000000000003,2.0,1.4280000000000002,4.0,1.1424,2026-05-13,v8_dynamic,90,non_event
4,3F_R_A,144.0,-7.680722891566265,42.0,97.29149040117363,151.68072289156626,0.0,0.0,0.0,0.0,1.0,0.2856,2026-05-13,v8_dynamic,90,non_event
5,3F_R_N,-1078.0,84.33734939759036,24.0,87.01920055746409,-1162.3373493975903,0.0,0.0,2.0,1.4280000000000002,5.0,1.428,2026-05-13,v8_dynamic,90,non_event
0,2F_L_N,160.0,132.83132530120483,44.0,95.28746556804363,27.168674698795172,0.0,0.0,1.0,0.7140000000000001,5.0,1.428,2026-05-14,v6a_hit_an,90,non_event
1,2F_R_N,292.0,122.89156626506023,40.0,104.04882098683768,169.10843373493975,0.0,0.0,2.0,1.4280000000000002,3.0,0.8568,2026-05-14,v6a_hit_an,90,non_event
2,3F_L_A,70.0,139.60843373493975,34.0,94.77261325884137,-69.60843373493975,0.0,0.0,0.0,0.0,2.0,0.5712,2026-05-14,v6a_hit_an,90,non_event
3,3F_L_N,764.0,87.34939759036145,34.0,111.53383892814632,676.6506024096385,3.0,4.284000000000001,5.0,3.5700000000000003,8.0,2.2848,2026-05-14,v6a_hit_an,90,non_event
4,3F_R_A,212.0,128.9156626506024,42.0,97.60164001498426,83.0843373493976,0.0,0.0,0.0,0.0,1.0,0.2856,2026-05-14,v6a_hit_an,90,non_event
5,3F_R_N,-436.0,177.710843373494,30.0,98.81175129660163,-613.710843373494,1.0,1.4280000000000002,1.0,0.7140000000000001,3.0,0.8568,2026-05-14,v6a_hit_an,90,non_event
0,2F_L_N,140.0,134.33734939759037,42.0,94.88357505255516,5.662650602409627,0.0,0.0,1.0,0.7140000000000001,5.0,1.428,2026-05-14,v7_lift_weights,90,non_event
1,2F_R_N,168.0,132.2289156626506,36.0,100.53862041672838,35.77108433734941,0.0,0.0,2.0,1.4280000000000002,3.0,0.8568,2026-05-14,v7_lift_weights,90,non_event
2,3F_L_A,134.0,134.789156626506,40.0,95.92771819339137,-0.7891566265060135,0.0,0.0,0.0,0.0,2.0,0.5712,2026-05-14,v7_lift_weights,90,non_event
3,3F_L_N,410.0,114.00602409638554,32.0,111.38915495662435,295.99397590361446,2.0,2.8560000000000003,4.0,2.8560000000000003,7.0,1.9992,2026-05-14,v7_lift_weights,90,non_event
4,3F_R_A,132.0,134.93975903614458,36.0,96.47563598806222,-2.9397590361445793,0.0,0.0,0.0,0.0,1.0,0.2856,2026-05-14,v7_lift_weights,90,non_event
5,3F_R_N,-372.0,172.89156626506025,32.0,98.8610355384422,-544.8915662650602,1.0,1.4280000000000002,1.0,0.7140000000000001,4.0,1.1424,2026-05-14,v7_lift_weights,90,non_event
0,2F_L_N,48.0,141.26506024096386,40.0,93.89184680143373,-93.26506024096386,0.0,0.0,1.0,0.7140000000000001,4.0,1.1424,2026-05-14,v8_dynamic,90,non_event
1,2F_R_N,168.0,132.2289156626506,36.0,100.53862041672838,35.77108433734941,0.0,0.0,2.0,1.4280000000000002,3.0,0.8568,2026-05-14,v8_dynamic,90,non_event
2,3F_L_A,88.0,138.25301204819277,36.0,94.64688860627612,-50.25301204819277,0.0,0.0,0.0,0.0,2.0,0.5712,2026-05-14,v8_dynamic,90,non_event
3,3F_L_N,336.0,119.57831325301204,30.0,106.61315879028687,216.42168674698797,2.0,2.8560000000000003,4.0,2.8560000000000003,7.0,1.9992,2026-05-14,v8_dynamic,90,non_event
4,3F_R_A,172.0,131.9277108433735,40.0,97.08926866480664,40.07228915662651,0.0,0.0,0.0,0.0,1.0,0.2856,2026-05-14,v8_dynamic,90,non_event
5,3F_R_N,-470.0,180.2710843373494,32.0,98.86030912957168,-650.2710843373494,1.0,1.4280000000000002,1.0,0.7140000000000001,4.0,1.1424,2026-05-14,v8_dynamic,90,non_event
0,2F_L_N,760.0,-96.6867469879518,52.0,102.59716790575958,856.6867469879518,1.0,1.4280000000000002,1.0,0.7140000000000001,6.0,1.7136,2026-05-15,v6a_hit_an,90,non_event
1,2F_R_N,402.0,-69.7289156626506,40.0,103.31888864848341,471.7289156626506,2.0,2.8560000000000003,2.0,1.4280000000000002,6.0,1.7136,2026-05-15,v6a_hit_an,90,non_event
2,3F_L_A,434.0,-72.13855421686748,56.00000000000001,100.10426977637363,506.1385542168675,0.0,0.0,0.0,0.0,2.0,0.5712,2026-05-15,v6a_hit_an,90,non_event
3,3F_L_N,-278.0,-18.52409638554217,34.0,96.07616040464794,-259.4759036144578,1.0,1.4280000000000002,2.0,1.4280000000000002,2.0,0.5712,2026-05-15,v6a_hit_an,90,non_event
4,3F_R_A,358.0,-66.41566265060241,46.0,96.67397149549521,424.4156626506024,0.0,0.0,0.0,0.0,1.0,0.2856,2026-05-15,v6a_hit_an,90,non_event
5,3F_R_N,-232.0,-21.987951807228917,32.0,104.81086727152562,-210.0120481927711,2.0,2.8560000000000003,3.0,2.1420000000000003,5.0,1.428,2026-05-15,v6a_hit_an,90,non_event
0,2F_L_N,556.0,-81.32530120481928,50.0,100.36114918751032,637.3253012048193,1.0,1.4280000000000002,1.0,0.7140000000000001,4.0,1.1424,2026-05-15,v7_lift_weights,90,non_event
1,2F_R_N,152.0,-50.903614457831324,36.0,101.89402254236498,202.90361445783134,2.0,2.8560000000000003,2.0,1.4280000000000002,5.0,1.428,2026-05-15,v7_lift_weights,90,non_event
2,3F_L_A,396.0,-69.27710843373494,52.0,99.18019456086859,465.27710843373495,0.0,0.0,0.0,0.0,2.0,0.5712,2026-05-15,v7_lift_weights,90,non_event
3,3F_L_N,-272.0,-18.97590361445783,34.0,95.96838959354311,-253.02409638554218,1.0,1.4280000000000002,2.0,1.4280000000000002,2.0,0.5712,2026-05-15,v7_lift_weights,90,non_event
4,3F_R_A,354.0,-66.1144578313253,42.0,96.41327181816861,420.1144578313253,0.0,0.0,0.0,0.0,1.0,0.2856,2026-05-15,v7_lift_weights,90,non_event
5,3F_R_N,-356.0,-12.650602409638553,28.000000000000004,103.45653099136807,-343.34939759036143,2.0,2.8560000000000003,3.0,2.1420000000000003,5.0,1.428,2026-05-15,v7_lift_weights,90,non_event
0,2F_L_N,464.0,-74.39759036144578,48.0,100.18482249641373,538.3975903614457,1.0,1.4280000000000002,1.0,0.7140000000000001,5.0,1.428,2026-05-15,v8_dynamic,90,non_event
1,2F_R_N,366.0,-67.01807228915662,40.0,103.71549728925754,433.01807228915663,2.0,2.8560000000000003,2.0,1.4280000000000002,7.0,1.9992,2026-05-15,v8_dynamic,90,non_event
2,3F_L_A,376.0,-67.7710843373494,50.0,99.01861400351957,443.7710843373494,0.0,0.0,0.0,0.0,2.0,0.5712,2026-05-15,v8_dynamic,90,non_event
3,3F_L_N,-278.0,-18.52409638554217,34.0,96.07616040464795,-259.4759036144578,1.0,1.4280000000000002,2.0,1.4280000000000002,2.0,0.5712,2026-05-15,v8_dynamic,90,non_event
4,3F_R_A,364.0,-66.86746987951807,46.0,97.40515575369378,430.86746987951807,0.0,0.0,0.0,0.0,1.0,0.2856,2026-05-15,v8_dynamic,90,non_event
5,3F_R_N,-332.0,-14.457831325301205,30.0,103.9023715295097,-317.5421686746988,2.0,2.8560000000000003,3.0,2.1420000000000003,5.0,1.428,2026-05-15,v8_dynamic,90,non_event
0,2F_L_N,614.0,203.0120481927711,48.0,106.62281356852209,410.9879518072289,1.0,1.4280000000000002,2.0,1.4280000000000002,5.0,1.428,2026-05-16,v6a_hit_an,90,non_event
1,2F_R_N,578.0,205.72289156626505,40.0,104.70498261058256,372.27710843373495,1.0,1.4280000000000002,1.0,0.7140000000000001,8.0,2.2848,2026-05-16,v6a_hit_an,90,non_event
2,3F_L_A,448.0,215.5120481927711,56.00000000000001,100.13053601708361,232.4879518072289,0.0,0.0,0.0,0.0,0.0,0.0,2026-05-16,v6a_hit_an,90,non_event
3,3F_L_N,118.0,240.36144578313252,46.0,100.29824893350514,-122.36144578313252,0.0,0.0,1.0,0.7140000000000001,3.0,0.8568,2026-05-16,v6a_hit_an,90,non_event
4,3F_R_A,412.0,218.22289156626505,44.0,100.87483337527868,193.77710843373495,0.0,0.0,0.0,0.0,0.0,0.0,2026-05-16,v6a_hit_an,90,non_event
5,3F_R_N,284.0,227.86144578313252,44.0,101.89652402977059,56.138554216867476,1.0,1.4280000000000002,3.0,2.1420000000000003,6.0,1.7136,2026-05-16,v6a_hit_an,90,non_event
0,2F_L_N,696.0,196.83734939759037,48.0,104.7776706769798,499.1626506024096,1.0,1.4280000000000002,1.0,0.7140000000000001,4.0,1.1424,2026-05-16,v7_lift_weights,90,non_event
1,2F_R_N,460.0,214.60843373493975,40.0,104.02589161619677,245.39156626506025,1.0,1.4280000000000002,1.0,0.7140000000000001,8.0,2.2848,2026-05-16,v7_lift_weights,90,non_event
2,3F_L_A,442.0,215.96385542168676,56.00000000000001,100.18059122477482,226.03614457831324,0.0,0.0,0.0,0.0,0.0,0.0,2026-05-16,v7_lift_weights,90,non_event
3,3F_L_N,-134.0,259.33734939759034,42.0,99.26296806783286,-393.33734939759034,1.0,1.4280000000000002,1.0,0.7140000000000001,4.0,1.1424,2026-05-16,v7_lift_weights,90,non_event
4,3F_R_A,452.0,215.210843373494,46.0,101.02954588857936,236.789156626506,0.0,0.0,0.0,0.0,0.0,0.0,2026-05-16,v7_lift_weights,90,non_event
5,3F_R_N,114.0,240.66265060240963,40.0,101.51130250350467,-126.66265060240963,1.0,1.4280000000000002,3.0,2.1420000000000003,6.0,1.7136,2026-05-16,v7_lift_weights,90,non_event
0,2F_L_N,720.0,195.03012048192772,50.0,107.14622039938338,524.9698795180723,1.0,1.4280000000000002,2.0,1.4280000000000002,5.0,1.428,2026-05-16,v8_dynamic,90,non_event
1,2F_R_N,492.0,212.1987951807229,40.0,103.85997026672877,279.80120481927713,1.0,1.4280000000000002,1.0,0.7140000000000001,7.0,1.9992,2026-05-16,v8_dynamic,90,non_event
2,3F_L_A,412.0,218.22289156626505,54.0,99.84289516086838,193.77710843373495,0.0,0.0,0.0,0.0,0.0,0.0,2026-05-16,v8_dynamic,90,non_event
3,3F_L_N,-292.0,271.23493975903614,40.0,98.11819285595749,-563.2349397590361,0.0,0.0,1.0,0.7140000000000001,4.0,1.1424,2026-05-16,v8_dynamic,90,non_event
4,3F_R_A,378.0,220.78313253012047,44.0,100.77665717985622,157.21686746987953,0.0,0.0,0.0,0.0,0.0,0.0,2026-05-16,v8_dynamic,90,non_event
5,3F_R_N,160.0,237.1987951807229,40.0,101.47000648153251,-77.1987951807229,1.0,1.4280000000000002,3.0,2.1420000000000003,6.0,1.7136,2026-05-16,v8_dynamic,90,non_event
0,2F_L_N,564.0,338.5542168674699,50.0,104.31225951844765,225.4457831325301,1.0,1.4280000000000002,1.0,0.7140000000000001,5.0,1.428,2026-05-17,v6a_hit_an,90,event
1,2F_R_N,976.0,307.5301204819277,44.0,107.45775713310366,668.4698795180723,2.0,2.8560000000000003,3.0,2.1420000000000003,3.0,0.8568,2026-05-17,v6a_hit_an,90,event
2,3F_L_A,366.0,353.46385542168673,54.0,101.04139098926525,12.53614457831327,0.0,0.0,0.0,0.0,0.0,0.0,2026-05-17,v6a_hit_an,90,event
3,3F_L_N,558.0,339.00602409638554,40.0,104.0070370840153,218.99397590361446,3.0,4.284000000000001,4.0,2.8560000000000003,7.0,1.9992,2026-05-17,v6a_hit_an,90,event
4,3F_R_A,82.0,374.84939759036143,46.0,99.54297675846924,-292.84939759036143,0.0,0.0,0.0,0.0,0.0,0.0,2026-05-17,v6a_hit_an,90,event
5,3F_R_N,-112.0,389.4578313253012,38.0,100.99887120473315,-501.4578313253012,1.0,1.4280000000000002,3.0,2.1420000000000003,4.0,1.1424,2026-05-17,v6a_hit_an,90,event
0,2F_L_N,668.0,330.72289156626505,50.0,104.89402839319686,337.27710843373495,1.0,1.4280000000000002,2.0,1.4280000000000002,6.0,1.7136,2026-05-17,v7_lift_weights,90,event
1,2F_R_N,954.0,309.18674698795184,42.0,107.12553004687646,644.8132530120481,2.0,2.8560000000000003,3.0,2.1420000000000003,4.0,1.1424,2026-05-17,v7_lift_weights,90,event
2,3F_L_A,360.0,353.9156626506024,54.0,100.83688176671116,6.084337349397572,0.0,0.0,0.0,0.0,0.0,0.0,2026-05-17,v7_lift_weights,90,event
3,3F_L_N,832.0,318.3734939759036,40.0,106.30444994540423,513.6265060240964,4.0,5.712000000000001,6.0,4.284000000000001,9.0,2.5704,2026-05-17,v7_lift_weights,90,event
4,3F_R_A,66.0,376.0542168674699,46.0,99.48386144293207,-310.0542168674699,0.0,0.0,0.0,0.0,0.0,0.0,2026-05-17,v7_lift_weights,90,event
5,3F_R_N,-138.0,391.4156626506024,38.0,100.52920936377079,-529.4156626506024,1.0,1.4280000000000002,3.0,2.1420000000000003,4.0,1.1424,2026-05-17,v7_lift_weights,90,event
0,2F_L_N,740.0,325.30120481927713,50.0,105.45767113778363,414.69879518072287,1.0,1.4280000000000002,2.0,1.4280000000000002,6.0,1.7136,2026-05-17,v8_dynamic,90,event
1,2F_R_N,904.0,312.95180722891564,42.0,106.90715612671991,591.0481927710844,2.0,2.8560000000000003,3.0,2.1420000000000003,3.0,0.8568,2026-05-17,v8_dynamic,90,event
2,3F_L_A,450.0,347.1385542168675,57.99999999999999,101.51579052110277,102.86144578313252,0.0,0.0,0.0,0.0,0.0,0.0,2026-05-17,v8_dynamic,90,event
3,3F_L_N,824.0,318.9759036144578,42.0,106.35106874985117,505.0240963855422,3.0,4.284000000000001,5.0,3.5700000000000003,8.0,2.2848,2026-05-17,v8_dynamic,90,event
4,3F_R_A,118.0,372.1385542168675,48.0,99.74341027547429,-254.13855421686748,0.0,0.0,0.0,0.0,0.0,0.0,2026-05-17,v8_dynamic,90,event
5,3F_R_N,-40.0,384.03614457831327,40.0,101.47042772782963,-424.03614457831327,1.0,1.4280000000000002,3.0,2.1420000000000003,4.0,1.1424,2026-05-17,v8_dynamic,90,event
0,2F_L_N,-118.0,82.2289156626506,26.0,97.21801763190706,-200.2289156626506,1.0,1.4280000000000002,1.0,0.7140000000000001,3.0,0.8568,2026-05-18,v6a_hit_an,90,non_event
1,2F_R_N,76.0,67.62048192771084,36.0,98.38978857725918,8.379518072289159,1.0,1.4280000000000002,1.0,0.7140000000000001,5.0,1.428,2026-05-18,v6a_hit_an,90,non_event
2,3F_L_A,230.0,56.024096385542165,48.0,98.5164027851058,173.97590361445782,0.0,0.0,0.0,0.0,0.0,0.0,2026-05-18,v6a_hit_an,90,non_event
3,3F_L_N,120.0,64.30722891566265,38.0,96.33564388405601,55.69277108433735,0.0,0.0,2.0,1.4280000000000002,4.0,1.1424,2026-05-18,v6a_hit_an,90,non_event
4,3F_R_A,72.0,67.92168674698796,30.0,93.98139317197935,4.078313253012041,0.0,0.0,0.0,0.0,0.0,0.0,2026-05-18,v6a_hit_an,90,non_event
5,3F_R_N,-390.0,102.71084337349397,32.0,93.15571706068614,-492.71084337349396,2.0,2.8560000000000003,3.0,2.1420000000000003,8.0,2.2848,2026-05-18,v6a_hit_an,90,non_event
0,2F_L_N,36.0,70.63253012048193,32.0,99.17909990900178,-34.63253012048193,1.0,1.4280000000000002,1.0,0.7140000000000001,3.0,0.8568,2026-05-18,v7_lift_weights,90,non_event
1,2F_R_N,84.0,67.01807228915662,36.0,99.19299133129581,16.98192771084338,1.0,1.4280000000000002,1.0,0.7140000000000001,5.0,1.428,2026-05-18,v7_lift_weights,90,non_event
2,3F_L_A,170.0,60.54216867469879,44.0,96.91005047313996,109.45783132530121,0.0,0.0,0.0,0.0,0.0,0.0,2026-05-18,v7_lift_weights,90,non_event
3,3F_L_N,224.0,56.475903614457835,42.0,97.24968290498457,167.52409638554218,0.0,0.0,2.0,1.4280000000000002,4.0,1.1424,2026-05-18,v7_lift_weights,90,non_event
4,3F_R_A,40.0,70.33132530120481,32.0,94.10584428772512,-30.331325301204814,0.0,0.0,0.0,0.0,0.0,0.0,2026-05-18,v7_lift_weights,90,non_event
5,3F_R_N,-272.0,93.82530120481928,32.0,93.56217501817783,-365.8253012048193,2.0,2.8560000000000003,3.0,2.1420000000000003,8.0,2.2848,2026-05-18,v7_lift_weights,90,non_event
0,2F_L_N,-2.0,73.49397590361446,30.0,97.82781037402663,-75.49397590361446,1.0,1.4280000000000002,1.0,0.7140000000000001,3.0,0.8568,2026-05-18,v8_dynamic,90,non_event
1,2F_R_N,148.0,62.19879518072289,38.0,99.00642756197172,85.8012048192771,1.0,1.4280000000000002,1.0,0.7140000000000001,5.0,1.428,2026-05-18,v8_dynamic,90,non_event
2,3F_L_A,142.0,62.65060240963855,42.0,96.48462198257553,79.34939759036145,0.0,0.0,0.0,0.0,0.0,0.0,2026-05-18,v8_dynamic,90,non_event
3,3F_L_N,200.0,58.28313253012048,40.0,96.84172671746788,141.7168674698795,0.0,0.0,2.0,1.4280000000000002,4.0,1.1424,2026-05-18,v8_dynamic,90,non_event
4,3F_R_A,14.0,72.28915662650603,30.0,93.78628307968614,-58.28915662650603,0.0,0.0,0.0,0.0,0.0,0.0,2026-05-18,v8_dynamic,90,non_event
5,3F_R_N,82.0,67.16867469879519,36.0,97.37512926720098,14.831325301204814,3.0,4.284000000000001,4.0,2.8560000000000003,9.0,2.5704,2026-05-18,v8_dynamic,90,non_event
0,2F_L_N,516.0,153.0120481927711,36.0,100.36426363276534,362.9879518072289,1.0,1.4280000000000002,2.0,1.4280000000000002,7.0,1.9992,2026-05-19,v6a_hit_an,90,non_event
1,2F_R_N,-144.0,202.710843373494,30.0,102.96804619103757,-346.71084337349396,0.0,0.0,1.0,0.7140000000000001,4.0,1.1424,2026-05-19,v6a_hit_an,90,non_event
2,3F_L_A,344.0,165.96385542168676,40.0,97.01052367999765,178.03614457831324,0.0,0.0,0.0,0.0,0.0,0.0,2026-05-19,v6a_hit_an,90,non_event
3,3F_L_N,-328.0,216.56626506024097,32.0,92.82211302517474,-544.566265060241,1.0,1.4280000000000002,1.0,0.7140000000000001,2.0,0.5712,2026-05-19,v6a_hit_an,90,non_event
4,3F_R_A,198.0,176.9578313253012,48.0,98.05471513607232,21.042168674698786,0.0,0.0,0.0,0.0,0.0,0.0,2026-05-19,v6a_hit_an,90,non_event
5,3F_R_N,588.0,147.59036144578315,48.0,106.89215597727618,440.4096385542168,2.0,2.8560000000000003,2.0,1.4280000000000002,6.0,1.7136,2026-05-19,v6a_hit_an,90,non_event
0,2F_L_N,-160.0,203.9156626506024,32.0,95.95674625428029,-363.91566265060237,0.0,0.0,1.0,0.7140000000000001,5.0,1.428,2026-05-19,v7_lift_weights,90,non_event
1,2F_R_N,-266.0,211.8975903614458,26.0,100.6608073071448,-477.8975903614458,0.0,0.0,1.0,0.7140000000000001,4.0,1.1424,2026-05-19,v7_lift_weights,90,non_event
2,3F_L_A,364.0,164.4578313253012,42.0,97.13605813557945,199.5421686746988,0.0,0.0,0.0,0.0,0.0,0.0,2026-05-19,v7_lift_weights,90,non_event
3,3F_L_N,-400.0,221.9879518072289,30.0,92.35734530438498,-621.9879518072289,0.0,0.0,1.0,0.7140000000000001,2.0,0.5712,2026-05-19,v7_lift_weights,90,non_event
4,3F_R_A,246.0,173.34337349397592,50.0,98.33696049550143,72.65662650602408,0.0,0.0,0.0,0.0,0.0,0.0,2026-05-19,v7_lift_weights,90,non_event
5,3F_R_N,318.0,167.92168674698794,50.0,108.80207998508138,150.07831325301206,2.0,2.8560000000000003,2.0,1.4280000000000002,5.0,1.428,2026-05-19,v7_lift_weights,90,non_event
0,2F_L_N,38.0,189.00602409638554,34.0,98.01051301337557,-151.00602409638554,0.0,0.0,1.0,0.7140000000000001,5.0,1.428,2026-05-19,v8_dynamic,90,non_event
1,2F_R_N,-578.0,235.39156626506025,24.0,94.76993083611751,-813.3915662650602,0.0,0.0,0.0,0.0,2.0,0.5712,2026-05-19,v8_dynamic,90,non_event
2,3F_L_A,286.0,170.33132530120483,40.0,96.77993930546836,115.66867469879517,0.0,0.0,0.0,0.0,0.0,0.0,2026-05-19,v8_dynamic,90,non_event
3,3F_L_N,-326.0,216.4156626506024,32.0,92.90251047860667,-542.4156626506024,1.0,1.4280000000000002,1.0,0.7140000000000001,2.0,0.5712,2026-05-19,v8_dynamic,90,non_event
4,3F_R_A,214.0,175.75301204819277,48.0,98.10440982903336,38.24698795180723,0.0,0.0,0.0,0.0,0.0,0.0,2026-05-19,v8_dynamic,90,non_event
5,3F_R_N,966.0,119.12650602409639,50.0,110.04810037768047,846.8734939759036,4.0,5.712000000000001,4.0,2.8560000000000003,6.0,1.7136,2026-05-19,v8_dynamic,90,non_event
0,2F_L_N,258.0,159.93975903614458,38.0,97.98747097259516,98.06024096385542,0.0,0.0,1.0,0.7140000000000001,5.0,1.428,2026-05-20,v6a_hit_an,90,non_event
1,2F_R_N,432.0,146.83734939759037,38.0,98.98165602494173,285.1626506024096,0.0,0.0,2.0,1.4280000000000002,5.0,1.428,2026-05-20,v6a_hit_an,90,non_event
2,3F_L_A,130.0,169.57831325301206,32.0,96.46314034010072,-39.578313253012055,0.0,0.0,0.0,0.0,0.0,0.0,2026-05-20,v6a_hit_an,90,non_event
3,3F_L_N,-48.0,182.98192771084337,30.0,97.6538916164241,-230.98192771084337,1.0,1.4280000000000002,1.0,0.7140000000000001,5.0,1.428,2026-05-20,v6a_hit_an,90,non_event
4,3F_R_A,202.0,164.15662650602408,48.0,97.77272846007257,37.84337349397592,0.0,0.0,0.0,0.0,1.0,0.2856,2026-05-20,v6a_hit_an,90,non_event
5,3F_R_N,78.0,173.49397590361446,38.0,94.34678726963757,-95.49397590361446,1.0,1.4280000000000002,1.0,0.7140000000000001,5.0,1.428,2026-05-20,v6a_hit_an,90,non_event
0,2F_L_N,272.0,158.8855421686747,38.0,98.38720395634708,113.1144578313253,0.0,0.0,1.0,0.7140000000000001,5.0,1.428,2026-05-20,v7_lift_weights,90,non_event
1,2F_R_N,544.0,138.40361445783134,38.0,98.54439430404318,405.59638554216866,0.0,0.0,2.0,1.4280000000000002,5.0,1.428,2026-05-20,v7_lift_weights,90,non_event
2,3F_L_A,92.0,172.43975903614458,32.0,96.32880367656577,-80.43975903614458,0.0,0.0,0.0,0.0,0.0,0.0,2026-05-20,v7_lift_weights,90,non_event
3,3F_L_N,-2.0,179.51807228915663,32.0,99.42863380258163,-181.51807228915663,2.0,2.8560000000000003,2.0,1.4280000000000002,4.0,1.1424,2026-05-20,v7_lift_weights,90,non_event
4,3F_R_A,302.0,156.6265060240964,48.0,98.37246302183243,145.3734939759036,0.0,0.0,0.0,0.0,2.0,0.5712,2026-05-20,v7_lift_weights,90,non_event
5,3F_R_N,10.0,178.6144578313253,38.0,95.9735267767712,-168.6144578313253,1.0,1.4280000000000002,1.0,0.7140000000000001,6.0,1.7136,2026-05-20,v7_lift_weights,90,non_event
0,2F_L_N,296.0,157.07831325301206,38.0,98.61256094624109,138.92168674698794,0.0,0.0,1.0,0.7140000000000001,5.0,1.428,2026-05-20,v8_dynamic,90,non_event
1,2F_R_N,548.0,138.1024096385542,38.0,98.71180088931878,409.8975903614458,0.0,0.0,2.0,1.4280000000000002,5.0,1.428,2026-05-20,v8_dynamic,90,non_event
2,3F_L_A,98.0,171.9879518072289,32.0,96.33452368228575,-73.98795180722891,0.0,0.0,0.0,0.0,0.0,0.0,2026-05-20,v8_dynamic,90,non_event
3,3F_L_N,28.0,177.25903614457832,34.0,100.18897086240155,-149.25903614457832,2.0,2.8560000000000003,2.0,1.4280000000000002,5.0,1.428,2026-05-20,v8_dynamic,90,non_event
4,3F_R_A,314.0,155.72289156626505,52.0,98.6549653960248,158.27710843373495,0.0,0.0,0.0,0.0,2.0,0.5712,2026-05-20,v8_dynamic,90,non_event
5,3F_R_N,10.0,178.6144578313253,38.0,95.97352677677121,-168.6144578313253,1.0,1.4280000000000002,1.0,0.7140000000000001,6.0,1.7136,2026-05-20,v8_dynamic,90,non_event
0,2F_L_N,522.0,214.75903614457832,38.0,99.30838019722586,307.2409638554217,1.0,1.4280000000000002,1.0,0.7140000000000001,5.0,1.428,2026-05-21,v6a_hit_an,90,event
1,2F_R_N,186.0,240.06024096385542,28.000000000000004,96.63436271147033,-54.06024096385542,1.0,1.4280000000000002,1.0,0.7140000000000001,5.0,1.428,2026-05-21,v6a_hit_an,90,event
2,3F_L_A,100.0,246.53614457831324,40.0,97.63629045034818,-146.53614457831324,0.0,0.0,0.0,0.0,0.0,0.0,2026-05-21,v6a_hit_an,90,event
3,3F_L_N,332.0,229.06626506024097,46.0,98.92712159906479,102.93373493975903,1.0,1.4280000000000002,2.0,1.4280000000000002,4.0,1.1424,2026-05-21,v6a_hit_an,90,event
4,3F_R_A,338.0,228.6144578313253,48.0,99.2699897271605,109.3855421686747,0.0,0.0,0.0,0.0,1.0,0.2856,2026-05-21,v6a_hit_an,90,event
5,3F_R_N,-56.0,258.2831325301205,30.0,101.42894713382528,-314.2831325301205,2.0,2.8560000000000003,5.0,3.5700000000000003,6.0,1.7136,2026-05-21,v6a_hit_an,90,event
0,2F_L_N,452.0,220.03012048192772,34.0,98.79494509468479,231.96987951807228,1.0,1.4280000000000002,1.0,0.7140000000000001,6.0,1.7136,2026-05-21,v7_lift_weights,90,event
1,2F_R_N,510.0,215.66265060240963,34.0,103.07043746751977,294.3373493975904,1.0,1.4280000000000002,1.0,0.7140000000000001,6.0,1.7136,2026-05-21,v7_lift_weights,90,event
2,3F_L_A,100.0,246.53614457831324,40.0,97.82230129185076,-146.53614457831324,0.0,0.0,0.0,0.0,0.0,0.0,2026-05-21,v7_lift_weights,90,event
3,3F_L_N,-418.0,285.5421686746988,36.0,91.62879705994843,-703.5421686746988,0.0,0.0,1.0,0.7140000000000001,2.0,0.5712,2026-05-21,v7_lift_weights,90,event
4,3F_R_A,354.0,227.40963855421685,46.0,99.98413972985563,126.59036144578315,0.0,0.0,0.0,0.0,1.0,0.2856,2026-05-21,v7_lift_weights,90,event
5,3F_R_N,30.0,251.80722891566265,32.0,102.1728228663212,-221.80722891566265,2.0,2.8560000000000003,5.0,3.5700000000000003,7.0,1.9992,2026-05-21,v7_lift_weights,90,event
0,2F_L_N,466.0,218.97590361445782,36.0,99.7757181627821,247.02409638554218,1.0,1.4280000000000002,1.0,0.7140000000000001,5.0,1.428,2026-05-21,v8_dynamic,90,event
1,2F_R_N,386.0,225.0,32.0,101.38764113898867,161.0,1.0,1.4280000000000002,1.0,0.7140000000000001,6.0,1.7136,2026-05-21,v8_dynamic,90,event
2,3F_L_A,72.0,248.64457831325302,38.0,97.62752284285229,-176.64457831325302,0.0,0.0,0.0,0.0,0.0,0.0,2026-05-21,v8_dynamic,90,event
3,3F_L_N,-418.0,285.5421686746988,36.0,91.62879705994843,-703.5421686746988,0.0,0.0,1.0,0.7140000000000001,2.0,0.5712,2026-05-21,v8_dynamic,90,event
4,3F_R_A,316.0,230.2710843373494,46.0,99.04408106401227,85.72891566265059,0.0,0.0,0.0,0.0,1.0,0.2856,2026-05-21,v8_dynamic,90,event
5,3F_R_N,-114.0,262.65060240963857,30.0,100.0241069991038,-376.65060240963857,2.0,2.8560000000000003,5.0,3.5700000000000003,7.0,1.9992,2026-05-21,v8_dynamic,90,event
0,2F_L_N,470.0,57.07831325301205,42.0,102.98051429253745,412.921686746988,1.0,1.4280000000000002,3.0,2.1420000000000003,6.0,1.7136,2026-05-22,v6a_hit_an,90,event
1,2F_R_N,712.0,38.855421686746986,44.0,106.66017815743861,673.144578313253,1.0,1.4280000000000002,2.0,1.4280000000000002,5.0,1.428,2026-05-22,v6a_hit_an,90,event
2,3F_L_A,386.0,63.403614457831324,48.0,99.99098928594177,322.59638554216866,0.0,0.0,0.0,0.0,1.0,0.2856,2026-05-22,v6a_hit_an,90,event
3,3F_L_N,-244.0,110.8433734939759,40.0,98.65529824209538,-354.8433734939759,0.0,0.0,0.0,0.0,2.0,0.5712,2026-05-22,v6a_hit_an,90,event
4,3F_R_A,-126.0,101.9578313253012,36.0,98.00529853127964,-227.95783132530119,0.0,0.0,0.0,0.0,0.0,0.0,2026-05-22,v6a_hit_an,90,event
5,3F_R_N,-240.0,110.5421686746988,42.0,99.0249002127417,-350.5421686746988,1.0,1.4280000000000002,2.0,1.4280000000000002,7.0,1.9992,2026-05-22,v6a_hit_an,90,event
0,2F_L_N,690.0,40.51204819277108,48.0,104.16138409685556,649.4879518072289,1.0,1.4280000000000002,3.0,2.1420000000000003,7.0,1.9992,2026-05-22,v7_lift_weights,90,event
1,2F_R_N,580.0,48.795180722891565,42.0,105.48843937847873,531.2048192771084,1.0,1.4280000000000002,2.0,1.4280000000000002,5.0,1.428,2026-05-22,v7_lift_weights,90,event
2,3F_L_A,488.0,55.72289156626506,52.0,100.88606937401113,432.27710843373495,0.0,0.0,0.0,0.0,1.0,0.2856,2026-05-22,v7_lift_weights,90,event
3,3F_L_N,-254.0,111.59638554216868,40.0,98.56195664264061,-365.59638554216866,0.0,0.0,0.0,0.0,2.0,0.5712,2026-05-22,v7_lift_weights,90,event
4,3F_R_A,-154.0,104.06626506024097,36.0,97.96923320399738,-258.066265060241,0.0,0.0,0.0,0.0,0.0,0.0,2026-05-22,v7_lift_weights,90,event
5,3F_R_N,28.0,90.36144578313252,44.0,100.26446783570589,-62.361445783132524,2.0,2.8560000000000003,3.0,2.1420000000000003,8.0,2.2848,2026-05-22,v7_lift_weights,90,event
0,2F_L_N,192.0,78.01204819277109,40.0,101.03441467709763,113.98795180722891,1.0,1.4280000000000002,2.0,1.4280000000000002,5.0,1.428,2026-05-22,v8_dynamic,90,event
1,2F_R_N,580.0,48.795180722891565,42.0,104.94570872545992,531.2048192771084,1.0,1.4280000000000002,2.0,1.4280000000000002,5.0,1.428,2026-05-22,v8_dynamic,90,event
2,3F_L_A,446.0,58.8855421686747,50.0,100.37590099617786,387.1144578313253,0.0,0.0,0.0,0.0,1.0,0.2856,2026-05-22,v8_dynamic,90,event
3,3F_L_N,-200.0,107.53012048192771,42.0,99.0044302023819,-307.5301204819277,0.0,0.0,0.0,0.0,2.0,0.5712,2026-05-22,v8_dynamic,90,event
4,3F_R_A,-96.0,99.6987951807229,36.0,98.24701692347038,-195.6987951807229,0.0,0.0,0.0,0.0,0.0,0.0,2026-05-22,v8_dynamic,90,event
5,3F_R_N,-150.0,103.76506024096386,44.0,99.09014358955959,-253.76506024096386,1.0,1.4280000000000002,2.0,1.4280000000000002,7.0,1.9992,2026-05-22,v8_dynamic,90,event
0,2F_L_N,126.0,-104.81927710843374,34.0,102.56847641301039,230.81927710843374,2.0,2.8560000000000003,3.0,2.1420000000000003,5.0,1.428,2026-05-23,v6a_hit_an,90,non_event
1,2F_R_N,-404.0,-64.90963855421687,38.0,96.34238615943752,-339.0903614457831,1.0,1.4280000000000002,3.0,2.1420000000000003,4.0,1.1424,2026-05-23,v6a_hit_an,90,non_event
2,3F_L_A,-94.0,-88.25301204819277,38.0,97.08846394601615,-5.7469879518072275,0.0,0.0,0.0,0.0,0.0,0.0,2026-05-23,v6a_hit_an,90,non_event
3,3F_L_N,-436.0,-62.5,38.0,97.29040939401656,-373.5,1.0,1.4280000000000002,1.0,0.7140000000000001,5.0,1.428,2026-05-23,v6a_hit_an,90,non_event
4,3F_R_A,560.0,-137.5,52.0,100.85194106645342,697.5,0.0,0.0,1.0,0.7140000000000001,1.0,0.2856,2026-05-23,v6a_hit_an,90,non_event
5,3F_R_N,864.0,-160.39156626506025,60.0,109.20711000955498,1024.3915662650602,3.0,4.284000000000001,4.0,2.8560000000000003,8.0,2.2848,2026-05-23,v6a_hit_an,90,non_event
0,2F_L_N,80.0,-101.355421686747,34.0,102.17984902953087,181.35542168674698,2.0,2.8560000000000003,3.0,2.1420000000000003,5.0,1.428,2026-05-23,v7_lift_weights,90,non_event
1,2F_R_N,-374.0,-67.16867469879519,36.0,96.69255380634408,-306.8313253012048,1.0,1.4280000000000002,3.0,2.1420000000000003,4.0,1.1424,2026-05-23,v7_lift_weights,90,non_event
2,3F_L_A,-86.0,-88.855421686747,38.0,97.64321657341333,2.8554216867469933,0.0,0.0,0.0,0.0,0.0,0.0,2026-05-23,v7_lift_weights,90,non_event
3,3F_L_N,-326.0,-70.78313253012048,38.0,97.21644943551351,-255.2168674698795,1.0,1.4280000000000002,1.0,0.7140000000000001,5.0,1.428,2026-05-23,v7_lift_weights,90,non_event
4,3F_R_A,388.0,-124.54819277108433,48.0,100.17068064337316,512.5481927710844,0.0,0.0,0.0,0.0,0.0,0.0,2026-05-23,v7_lift_weights,90,non_event
5,3F_R_N,820.0,-157.07831325301206,56.00000000000001,109.4802339416386,977.0783132530121,3.0,4.284000000000001,4.0,2.8560000000000003,8.0,2.2848,2026-05-23,v7_lift_weights,90,non_event
0,2F_L_N,194.0,-109.93975903614458,36.0,102.92872713244624,303.93975903614455,2.0,2.8560000000000003,3.0,2.1420000000000003,5.0,1.428,2026-05-23,v8_dynamic,90,non_event
1,2F_R_N,-468.0,-60.09036144578313,36.0,96.16780663954094,-407.9096385542169,1.0,1.4280000000000002,3.0,2.1420000000000003,4.0,1.1424,2026-05-23,v8_dynamic,90,non_event
2,3F_L_A,-64.0,-90.51204819277109,40.0,97.58492636945088,26.51204819277109,0.0,0.0,0.0,0.0,0.0,0.0,2026-05-23,v8_dynamic,90,non_event
3,3F_L_N,-562.0,-53.01204819277108,36.0,96.05659537687299,-508.9879518072289,1.0,1.4280000000000002,1.0,0.7140000000000001,5.0,1.428,2026-05-23,v8_dynamic,90,non_event
4,3F_R_A,480.0,-131.47590361445782,48.0,100.4831201394162,611.4759036144578,0.0,0.0,1.0,0.7140000000000001,1.0,0.2856,2026-05-23,v8_dynamic,90,non_event
5,3F_R_N,956.0,-167.31927710843374,60.0,110.27743850832665,1123.3192771084337,3.0,4.284000000000001,4.0,2.8560000000000003,9.0,2.5704,2026-05-23,v8_dynamic,90,non_event
0,2F_L_N,348.0,334.18674698795184,40.0,100.34876800943117,13.813253012048165,0.0,0.0,1.0,0.7140000000000001,4.0,1.1424,2026-05-24,v6a_hit_an,90,non_event
1,2F_R_N,250.0,341.56626506024094,44.0,104.17503119265147,-91.56626506024094,1.0,1.4280000000000002,1.0,0.7140000000000001,5.0,1.428,2026-05-24,v6a_hit_an,90,non_event
2,3F_L_A,354.0,333.73493975903614,48.0,99.03529051780963,20.265060240963862,0.0,0.0,0.0,0.0,0.0,0.0,2026-05-24,v6a_hit_an,90,non_event
3,3F_L_N,624.0,313.40361445783134,54.0,104.19033702285462,310.59638554216866,0.0,0.0,2.0,1.4280000000000002,4.0,1.1424,2026-05-24,v6a_hit_an,90,non_event
4,3F_R_A,-44.0,363.7048192771084,38.0,98.0393314921976,-407.7048192771084,0.0,0.0,0.0,0.0,0.0,0.0,2026-05-24,v6a_hit_an,90,non_event
5,3F_R_N,506.0,322.28915662650604,46.0,102.68044535109404,183.71084337349396,2.0,2.8560000000000003,3.0,2.1420000000000003,6.0,1.7136,2026-05-24,v6a_hit_an,90,non_event
0,2F_L_N,422.0,328.6144578313253,40.0,101.15537238134527,93.3855421686747,0.0,0.0,2.0,1.4280000000000002,5.0,1.428,2026-05-24,v7_lift_weights,90,non_event
1,2F_R_N,120.0,351.355421686747,44.0,103.4379718410344,-231.35542168674698,1.0,1.4280000000000002,1.0,0.7140000000000001,5.0,1.428,2026-05-24,v7_lift_weights,90,non_event
2,3F_L_A,294.0,338.2530120481928,46.0,98.63450579403953,-44.25301204819277,0.0,0.0,0.0,0.0,0.0,0.0,2026-05-24,v7_lift_weights,90,non_event
3,3F_L_N,488.0,323.644578313253,50.0,103.34355471445191,164.35542168674698,0.0,0.0,2.0,1.4280000000000002,4.0,1.1424,2026-05-24,v7_lift_weights,90,non_event
4,3F_R_A,-58.0,364.7590361445783,38.0,97.93691289663788,-422.7590361445783,0.0,0.0,0.0,0.0,0.0,0.0,2026-05-24,v7_lift_weights,90,non_event
5,3F_R_N,444.0,326.9578313253012,44.0,101.97569235091929,117.04216867469881,2.0,2.8560000000000003,3.0,2.1420000000000003,7.0,1.9992,2026-05-24,v7_lift_weights,90,non_event
0,2F_L_N,252.0,341.4156626506024,36.0,100.06687258274373,-89.41566265060243,0.0,0.0,1.0,0.7140000000000001,4.0,1.1424,2026-05-24,v8_dynamic,90,non_event
1,2F_R_N,12.0,359.4879518072289,42.0,102.49348184404074,-347.4879518072289,1.0,1.4280000000000002,1.0,0.7140000000000001,5.0,1.428,2026-05-24,v8_dynamic,90,non_event
2,3F_L_A,364.0,332.98192771084337,48.0,98.96769651802384,31.018072289156635,0.0,0.0,0.0,0.0,0.0,0.0,2026-05-24,v8_dynamic,90,non_event
3,3F_L_N,604.0,314.9096385542169,52.0,104.1621691601473,289.0903614457831,0.0,0.0,2.0,1.4280000000000002,4.0,1.1424,2026-05-24,v8_dynamic,90,non_event
4,3F_R_A,-48.0,364.00602409638554,38.0,97.8120129345705,-412.00602409638554,0.0,0.0,0.0,0.0,0.0,0.0,2026-05-24,v8_dynamic,90,non_event
5,3F_R_N,694.0,308.13253012048193,48.0,103.63392550886444,385.86746987951807,2.0,2.8560000000000003,3.0,2.1420000000000003,7.0,1.9992,2026-05-24,v8_dynamic,90,non_event
0,2F_L_N,-246.0,38.55421686746988,34.0,89.19944075984701,-284.5542168674699,0.0,0.0,1.0,0.7140000000000001,2.0,0.5712,2026-05-25,v6a_hit_an,90,non_event
1,2F_R_N,-62.0,24.698795180722893,36.0,97.96439534511674,-86.6987951807229,0.0,0.0,0.0,0.0,4.0,1.1424,2026-05-25,v6a_hit_an,90,non_event
2,3F_L_A,154.0,8.433734939759036,40.0,98.0194592625471,145.56626506024097,0.0,0.0,0.0,0.0,1.0,0.2856,2026-05-25,v6a_hit_an,90,non_event
3,3F_L_N,-146.0,31.02409638554217,30.0,97.51641312206105,-177.02409638554218,1.0,1.4280000000000002,2.0,1.4280000000000002,6.0,1.7136,2026-05-25,v6a_hit_an,90,non_event
4,3F_R_A,-128.0,29.66867469879518,32.0,96.4301196090709,-157.66867469879517,0.0,0.0,0.0,0.0,0.0,0.0,2026-05-25,v6a_hit_an,90,non_event
5,3F_R_N,-412.0,51.05421686746988,38.0,99.08327787996588,-463.0542168674699,1.0,1.4280000000000002,3.0,2.1420000000000003,6.0,1.7136,2026-05-25,v6a_hit_an,90,non_event
0,2F_L_N,-168.0,32.68072289156626,42.0,93.65114891102037,-200.68072289156626,0.0,0.0,1.0,0.7140000000000001,2.0,0.5712,2026-05-25,v7_lift_weights,90,non_event
1,2F_R_N,76.0,14.30722891566265,34.0,97.61896762343312,61.69277108433735,0.0,0.0,1.0,0.7140000000000001,4.0,1.1424,2026-05-25,v7_lift_weights,90,non_event
2,3F_L_A,98.0,12.650602409638553,38.0,97.06131911047264,85.34939759036145,0.0,0.0,0.0,0.0,1.0,0.2856,2026-05-25,v7_lift_weights,90,non_event
3,3F_L_N,-86.0,26.50602409638554,30.0,98.39098748578465,-112.50602409638554,1.0,1.4280000000000002,2.0,1.4280000000000002,6.0,1.7136,2026-05-25,v7_lift_weights,90,non_event
4,3F_R_A,-46.0,23.49397590361446,36.0,97.28415466186853,-69.49397590361446,0.0,0.0,0.0,0.0,0.0,0.0,2026-05-25,v7_lift_weights,90,non_event
5,3F_R_N,-500.0,57.68072289156626,36.0,98.45375442089453,-557.6807228915662,1.0,1.4280000000000002,3.0,2.1420000000000003,5.0,1.428,2026-05-25,v7_lift_weights,90,non_event
0,2F_L_N,-114.0,28.6144578313253,40.0,94.36042295806115,-142.6144578313253,0.0,0.0,1.0,0.7140000000000001,2.0,0.5712,2026-05-25,v8_dynamic,90,non_event
1,2F_R_N,-36.0,22.740963855421686,38.0,98.16696949597441,-58.74096385542168,0.0,0.0,0.0,0.0,3.0,0.8568,2026-05-25,v8_dynamic,90,non_event
2,3F_L_A,98.0,12.650602409638553,36.0,97.17979211882955,85.34939759036145,0.0,0.0,0.0,0.0,1.0,0.2856,2026-05-25,v8_dynamic,90,non_event
3,3F_L_N,-86.0,26.50602409638554,30.0,98.39098748578465,-112.50602409638554,1.0,1.4280000000000002,2.0,1.4280000000000002,6.0,1.7136,2026-05-25,v8_dynamic,90,non_event
4,3F_R_A,-106.0,28.012048192771083,34.0,96.40995456061533,-134.0120481927711,0.0,0.0,0.0,0.0,0.0,0.0,2026-05-25,v8_dynamic,90,non_event
5,3F_R_N,-580.0,63.704819277108435,36.0,98.10525959617767,-643.7048192771084,1.0,1.4280000000000002,3.0,2.1420000000000003,5.0,1.428,2026-05-25,v8_dynamic,90,non_event
0,2F_L_N,-98.0,107.07831325301204,32.0,95.70453860024128,-205.07831325301203,0.0,0.0,0.0,0.0,2.0,0.5712,2026-05-26,v6a_hit_an,90,non_event
1,2F_R_N,502.0,61.897590361445786,42.0,102.06879757672479,440.1024096385542,3.0,4.284000000000001,5.0,3.5700000000000003,7.0,1.9992,2026-05-26,v6a_hit_an,90,non_event
2,3F_L_A,232.0,82.2289156626506,36.0,97.23628247617184,149.7710843373494,0.0,0.0,0.0,0.0,1.0,0.2856,2026-05-26,v6a_hit_an,90,non_event
3,3F_L_N,364.0,72.28915662650603,36.0,101.49505456411732,291.71084337349396,2.0,2.8560000000000003,5.0,3.5700000000000003,9.0,2.5704,2026-05-26,v6a_hit_an,90,non_event
4,3F_R_A,114.0,91.1144578313253,34.0,95.18395008354884,22.885542168674704,0.0,0.0,0.0,0.0,1.0,0.2856,2026-05-26,v6a_hit_an,90,non_event
5,3F_R_N,-242.0,117.92168674698796,30.0,94.68769519842299,-359.921686746988,1.0,1.4280000000000002,2.0,1.4280000000000002,4.0,1.1424,2026-05-26,v6a_hit_an,90,non_event
0,2F_L_N,-388.0,128.9156626506024,26.0,91.25120591185201,-516.9156626506024,0.0,0.0,0.0,0.0,0.0,0.0,2026-05-26,v7_lift_weights,90,non_event
1,2F_R_N,368.0,71.98795180722891,42.0,101.74557898414463,296.0120481927711,3.0,4.284000000000001,5.0,3.5700000000000003,7.0,1.9992,2026-05-26,v7_lift_weights,90,non_event
2,3F_L_A,152.0,88.25301204819277,36.0,97.0069711965476,63.74698795180723,0.0,0.0,0.0,0.0,1.0,0.2856,2026-05-26,v7_lift_weights,90,non_event
3,3F_L_N,196.0,84.93975903614458,38.0,100.49694178126771,111.06024096385542,2.0,2.8560000000000003,5.0,3.5700000000000003,8.0,2.2848,2026-05-26,v7_lift_weights,90,non_event
4,3F_R_A,222.0,82.98192771084338,38.0,96.35727800626078,139.01807228915663,0.0,0.0,0.0,0.0,1.0,0.2856,2026-05-26,v7_lift_weights,90,non_event
5,3F_R_N,-162.0,111.89759036144578,32.0,95.75871769589065,-273.8975903614458,0.0,0.0,2.0,1.4280000000000002,4.0,1.1424,2026-05-26,v7_lift_weights,90,non_event
0,2F_L_N,-318.0,123.644578313253,32.0,92.09236879654348,-441.644578313253,0.0,0.0,0.0,0.0,0.0,0.0,2026-05-26,v8_dynamic,90,non_event
1,2F_R_N,346.0,73.644578313253,40.0,98.98873090067883,272.355421686747,2.0,2.8560000000000003,4.0,2.8560000000000003,6.0,1.7136,2026-05-26,v8_dynamic,90,non_event
2,3F_L_A,266.0,79.66867469879519,38.0,97.5358856788593,186.3313253012048,0.0,0.0,0.0,0.0,1.0,0.2856,2026-05-26,v8_dynamic,90,non_event
3,3F_L_N,206.0,84.1867469879518,36.0,99.9859941048682,121.8132530120482,2.0,2.8560000000000003,5.0,3.5700000000000003,8.0,2.2848,2026-05-26,v8_dynamic,90,non_event
4,3F_R_A,222.0,82.98192771084338,38.0,96.26754647380119,139.01807228915663,0.0,0.0,0.0,0.0,1.0,0.2856,2026-05-26,v8_dynamic,90,non_event
5,3F_R_N,-316.0,123.49397590361446,30.0,93.76812448964725,-439.49397590361446,0.0,0.0,1.0,0.7140000000000001,3.0,0.8568,2026-05-26,v8_dynamic,90,non_event
0,2F_L_N,682.0,28.162650602409638,48.0,102.77756977827735,653.8373493975904,3.0,4.284000000000001,4.0,2.8560000000000003,8.0,2.2848,2026-05-27,v6a_hit_an,90,event
1,2F_R_N,280.0,58.433734939759034,34.0,97.53489172418882,221.56626506024097,0.0,0.0,1.0,0.7140000000000001,2.0,0.5712,2026-05-27,v6a_hit_an,90,event
2,3F_L_A,82.0,73.3433734939759,38.0,98.98260014649553,8.656626506024097,0.0,0.0,0.0,0.0,0.0,0.0,2026-05-27,v6a_hit_an,90,event
3,3F_L_N,160.0,67.46987951807229,48.0,100.7923404260819,92.53012048192771,1.0,1.4280000000000002,1.0,0.7140000000000001,5.0,1.428,2026-05-27,v6a_hit_an,90,event
4,3F_R_A,70.0,74.24698795180723,42.0,98.12531025407121,-4.2469879518072275,0.0,0.0,0.0,0.0,0.0,0.0,2026-05-27,v6a_hit_an,90,event
5,3F_R_N,-180.0,93.07228915662651,36.0,103.42441403867957,-273.07228915662654,1.0,1.4280000000000002,3.0,2.1420000000000003,5.0,1.428,2026-05-27,v6a_hit_an,90,event
0,2F_L_N,462.0,44.7289156626506,44.0,101.06100216892058,417.2710843373494,3.0,4.284000000000001,4.0,2.8560000000000003,8.0,2.2848,2026-05-27,v7_lift_weights,90,event
1,2F_R_N,60.0,75.0,32.0,97.50837578299472,-15.0,0.0,0.0,1.0,0.7140000000000001,2.0,0.5712,2026-05-27,v7_lift_weights,90,event
2,3F_L_A,-42.0,82.68072289156626,36.0,97.91026172581306,-124.68072289156626,0.0,0.0,0.0,0.0,0.0,0.0,2026-05-27,v7_lift_weights,90,event
3,3F_L_N,160.0,67.46987951807229,48.0,100.7923404260819,92.53012048192771,1.0,1.4280000000000002,1.0,0.7140000000000001,5.0,1.428,2026-05-27,v7_lift_weights,90,event
4,3F_R_A,116.0,70.78313253012048,44.0,98.67409305138146,45.21686746987952,0.0,0.0,0.0,0.0,0.0,0.0,2026-05-27,v7_lift_weights,90,event
5,3F_R_N,-250.0,98.3433734939759,32.0,102.91752396981647,-348.3433734939759,1.0,1.4280000000000002,3.0,2.1420000000000003,5.0,1.428,2026-05-27,v7_lift_weights,90,event
0,2F_L_N,462.0,44.7289156626506,44.0,101.06100216892058,417.2710843373494,3.0,4.284000000000001,4.0,2.8560000000000003,8.0,2.2848,2026-05-27,v8_dynamic,90,event
1,2F_R_N,92.0,72.59036144578313,32.0,97.14772100779582,19.40963855421687,0.0,0.0,1.0,0.7140000000000001,2.0,0.5712,2026-05-27,v8_dynamic,90,event
2,3F_L_A,4.0,79.21686746987952,36.0,98.48952283897816,-75.21686746987952,0.0,0.0,0.0,0.0,0.0,0.0,2026-05-27,v8_dynamic,90,event
3,3F_L_N,160.0,67.46987951807229,48.0,100.7923404260819,92.53012048192771,1.0,1.4280000000000002,1.0,0.7140000000000001,5.0,1.428,2026-05-27,v8_dynamic,90,event
4,3F_R_A,106.0,71.53614457831326,42.0,98.57057256286217,34.463855421686745,0.0,0.0,0.0,0.0,0.0,0.0,2026-05-27,v8_dynamic,90,event
5,3F_R_N,-290.0,101.355421686747,32.0,102.63240243634246,-391.355421686747,1.0,1.4280000000000002,3.0,2.1420000000000003,5.0,1.428,2026-05-27,v8_dynamic,90,event
0,2F_L_N,-234.0,31.77710843373494,28.000000000000004,89.31952856252293,-265.77710843373495,0.0,0.0,1.0,0.7140000000000001,3.0,0.8568,2026-05-28,v6a_hit_an,90,non_event
1,2F_R_N,-44.0,17.46987951807229,30.0,95.07750687556646,-61.46987951807229,0.0,0.0,1.0,0.7140000000000001,5.0,1.428,2026-05-28,v6a_hit_an,90,non_event
2,3F_L_A,-10.0,14.909638554216867,34.0,94.73756627381718,-24.90963855421687,0.0,0.0,0.0,0.0,2.0,0.5712,2026-05-28,v6a_hit_an,90,non_event
3,3F_L_N,600.0,-31.02409638554217,42.0,101.65332759525731,631.0240963855422,2.0,2.8560000000000003,2.0,1.4280000000000002,5.0,1.428,2026-05-28,v6a_hit_an,90,non_event
4,3F_R_A,122.0,4.969879518072289,30.0,96.98881560347967,117.03012048192771,0.0,0.0,0.0,0.0,2.0,0.5712,2026-05-28,v6a_hit_an,90,non_event
5,3F_R_N,-66.0,19.126506024096386,44.0,98.98415529276924,-85.12650602409639,2.0,2.8560000000000003,3.0,2.1420000000000003,6.0,1.7136,2026-05-28,v6a_hit_an,90,non_event
0,2F_L_N,-240.0,32.2289156626506,26.0,86.71316666376352,-272.2289156626506,0.0,0.0,1.0,0.7140000000000001,3.0,0.8568,2026-05-28,v7_lift_weights,90,non_event
1,2F_R_N,122.0,4.969879518072289,32.0,95.64874122433126,117.03012048192771,0.0,0.0,2.0,1.4280000000000002,6.0,1.7136,2026-05-28,v7_lift_weights,90,non_event
2,3F_L_A,-36.0,16.867469879518072,30.0,93.24217272194126,-52.86746987951807,0.0,0.0,0.0,0.0,2.0,0.5712,2026-05-28,v7_lift_weights,90,non_event
3,3F_L_N,470.0,-21.234939759036145,40.0,101.11603965906498,491.23493975903614,2.0,2.8560000000000003,2.0,1.4280000000000002,5.0,1.428,2026-05-28,v7_lift_weights,90,non_event
4,3F_R_A,174.0,1.0542168674698795,36.0,96.49495711745098,172.94578313253012,0.0,0.0,0.0,0.0,2.0,0.5712,2026-05-28,v7_lift_weights,90,non_event
5,3F_R_N,-116.0,22.89156626506024,46.0,99.95282976514993,-138.89156626506025,2.0,2.8560000000000003,3.0,2.1420000000000003,5.0,1.428,2026-05-28,v7_lift_weights,90,non_event
0,2F_L_N,-236.0,31.927710843373493,26.0,88.9781879037526,-267.9277108433735,0.0,0.0,1.0,0.7140000000000001,3.0,0.8568,2026-05-28,v8_dynamic,90,non_event
1,2F_R_N,18.0,12.801204819277109,32.0,95.61736225734289,5.198795180722891,0.0,0.0,1.0,0.7140000000000001,5.0,1.428,2026-05-28,v8_dynamic,90,non_event
2,3F_L_A,-56.0,18.373493975903614,28.000000000000004,93.85802150499586,-74.37349397590361,0.0,0.0,0.0,0.0,2.0,0.5712,2026-05-28,v8_dynamic,90,non_event
3,3F_L_N,508.0,-24.096385542168676,40.0,101.26923210840648,532.0963855421687,2.0,2.8560000000000003,2.0,1.4280000000000002,5.0,1.428,2026-05-28,v8_dynamic,90,non_event
4,3F_R_A,202.0,-1.0542168674698795,38.0,96.87195010266801,203.05421686746988,0.0,0.0,0.0,0.0,2.0,0.5712,2026-05-28,v8_dynamic,90,non_event
5,3F_R_N,-66.0,19.126506024096386,44.0,98.98415529276924,-85.12650602409639,2.0,2.8560000000000003,3.0,2.1420000000000003,6.0,1.7136,2026-05-28,v8_dynamic,90,non_event
0,2F_L_N,72.0,60.69277108433735,30.0,94.55794740045866,11.307228915662648,0.0,0.0,2.0,1.4280000000000002,4.0,1.1424,2026-05-29,v6a_hit_an,90,non_event
1,2F_R_N,450.0,32.2289156626506,40.0,97.21136355836973,417.7710843373494,2.0,2.8560000000000003,2.0,1.4280000000000002,5.0,1.428,2026-05-29,v6a_hit_an,90,non_event
2,3F_L_A,58.0,61.74698795180723,32.0,95.54105703408142,-3.7469879518072275,0.0,0.0,0.0,0.0,2.0,0.5712,2026-05-29,v6a_hit_an,90,non_event
3,3F_L_N,230.0,48.795180722891565,42.0,98.29865263606048,181.20481927710844,2.0,2.8560000000000003,2.0,1.4280000000000002,6.0,1.7136,2026-05-29,v6a_hit_an,90,non_event
4,3F_R_A,122.0,56.9277108433735,40.0,96.89316989523275,65.07228915662651,0.0,0.0,0.0,0.0,1.0,0.2856,2026-05-29,v6a_hit_an,90,non_event
5,3F_R_N,-184.0,79.96987951807229,26.0,92.66187403634996,-263.9698795180723,1.0,1.4280000000000002,3.0,2.1420000000000003,5.0,1.428,2026-05-29,v6a_hit_an,90,non_event
0,2F_L_N,36.0,63.403614457831324,32.0,94.46170463261873,-27.403614457831324,0.0,0.0,2.0,1.4280000000000002,3.0,0.8568,2026-05-29,v7_lift_weights,90,non_event
1,2F_R_N,486.0,29.518072289156628,40.0,97.27675778477396,456.48192771084337,2.0,2.8560000000000003,2.0,1.4280000000000002,5.0,1.428,2026-05-29,v7_lift_weights,90,non_event
2,3F_L_A,132.0,56.174698795180724,34.0,96.06159568000244,75.82530120481928,0.0,0.0,0.0,0.0,2.0,0.5712,2026-05-29,v7_lift_weights,90,non_event
3,3F_L_N,-16.0,67.31927710843374,36.0,95.03682056477757,-83.31927710843374,2.0,2.8560000000000003,2.0,1.4280000000000002,5.0,1.428,2026-05-29,v7_lift_weights,90,non_event
4,3F_R_A,126.0,56.626506024096386,38.0,96.61092964194111,69.37349397590361,0.0,0.0,0.0,0.0,1.0,0.2856,2026-05-29,v7_lift_weights,90,non_event
5,3F_R_N,-434.0,98.79518072289157,24.0,89.96861345173964,-532.7951807228916,1.0,1.4280000000000002,2.0,1.4280000000000002,4.0,1.1424,2026-05-29,v7_lift_weights,90,non_event
0,2F_L_N,-14.0,67.16867469879519,32.0,94.43635676214087,-81.16867469879519,0.0,0.0,2.0,1.4280000000000002,3.0,0.8568,2026-05-29,v8_dynamic,90,non_event
1,2F_R_N,486.0,29.518072289156628,40.0,97.27675778477396,456.48192771084337,2.0,2.8560000000000003,2.0,1.4280000000000002,5.0,1.428,2026-05-29,v8_dynamic,90,non_event
2,3F_L_A,132.0,56.174698795180724,34.0,96.06159568000244,75.82530120481928,0.0,0.0,0.0,0.0,2.0,0.5712,2026-05-29,v8_dynamic,90,non_event
3,3F_L_N,20.0,64.60843373493977,36.0,95.8026767489859,-44.608433734939766,2.0,2.8560000000000003,2.0,1.4280000000000002,5.0,1.428,2026-05-29,v8_dynamic,90,non_event
4,3F_R_A,122.0,56.9277108433735,40.0,96.89316989523275,65.07228915662651,0.0,0.0,0.0,0.0,1.0,0.2856,2026-05-29,v8_dynamic,90,non_event
5,3F_R_N,-144.0,76.9578313253012,28.000000000000004,93.16483883177995,-220.95783132530119,1.0,1.4280000000000002,3.0,2.1420000000000003,5.0,1.428,2026-05-29,v8_dynamic,90,non_event
0,2F_L_N,494.0,504.6686746987952,40.0,103.23099857541332,-10.6686746987952,0.0,0.0,1.0,0.7140000000000001,5.0,1.428,2026-05-30,v6a_hit_an,90,non_event
1,2F_R_N,-82.0,548.0421686746988,38.0,100.91300517877615,-630.0421686746988,1.0,1.4280000000000002,1.0,0.7140000000000001,3.0,0.8568,2026-05-30,v6a_hit_an,90,non_event
2,3F_L_A,1092.0,459.6385542168675,57.99999999999999,103.51238978814777,632.3614457831325,0.0,0.0,0.0,0.0,1.0,0.2856,2026-05-30,v6a_hit_an,90,non_event
3,3F_L_N,334.0,516.7168674698795,40.0,104.9749732933531,-182.7168674698795,1.0,1.4280000000000002,3.0,2.1420000000000003,7.0,1.9992,2026-05-30,v6a_hit_an,90,non_event
4,3F_R_A,1418.0,435.0903614457831,70.0,105.15063822899342,982.9096385542168,0.0,0.0,0.0,0.0,2.0,0.5712,2026-05-30,v6a_hit_an,90,non_event
5,3F_R_N,-392.0,571.3855421686746,34.0,100.93186190135275,-963.3855421686746,2.0,2.8560000000000003,2.0,1.4280000000000002,9.0,2.5704,2026-05-30,v6a_hit_an,90,non_event
0,2F_L_N,328.0,517.1686746987951,40.0,101.47628643668494,-189.16867469879514,0.0,0.0,0.0,0.0,4.0,1.1424,2026-05-30,v7_lift_weights,90,non_event
1,2F_R_N,-146.0,552.8614457831326,38.0,99.86085827825747,-698.8614457831326,1.0,1.4280000000000002,1.0,0.7140000000000001,2.0,0.5712,2026-05-30,v7_lift_weights,90,non_event
2,3F_L_A,1122.0,457.37951807228916,57.99999999999999,103.63122837256006,664.6204819277109,0.0,0.0,0.0,0.0,1.0,0.2856,2026-05-30,v7_lift_weights,90,non_event
3,3F_L_N,124.0,532.5301204819277,38.0,103.71403423633836,-408.5301204819277,1.0,1.4280000000000002,3.0,2.1420000000000003,7.0,1.9992,2026-05-30,v7_lift_weights,90,non_event
4,3F_R_A,1382.0,437.80120481927713,68.0,105.03796839683076,944.1987951807229,0.0,0.0,0.0,0.0,2.0,0.5712,2026-05-30,v7_lift_weights,90,non_event
5,3F_R_N,-392.0,571.3855421686746,34.0,100.93186190135275,-963.3855421686746,2.0,2.8560000000000003,2.0,1.4280000000000002,9.0,2.5704,2026-05-30,v7_lift_weights,90,non_event
0,2F_L_N,368.0,514.156626506024,40.0,102.57050887490146,-146.15662650602405,0.0,0.0,1.0,0.7140000000000001,5.0,1.428,2026-05-30,v8_dynamic,90,non_event
1,2F_R_N,-64.0,546.6867469879518,38.0,101.0078444379566,-610.6867469879518,1.0,1.4280000000000002,1.0,0.7140000000000001,3.0,0.8568,2026-05-30,v8_dynamic,90,non_event
2,3F_L_A,1148.0,455.421686746988,57.99999999999999,103.71719546783011,692.5783132530121,0.0,0.0,0.0,0.0,1.0,0.2856,2026-05-30,v8_dynamic,90,non_event
3,3F_L_N,380.0,513.2530120481928,44.0,105.23201558962592,-133.25301204819277,1.0,1.4280000000000002,3.0,2.1420000000000003,7.0,1.9992,2026-05-30,v8_dynamic,90,non_event
4,3F_R_A,1508.0,428.31325301204816,72.0,105.5376311533093,1079.686746987952,0.0,0.0,0.0,0.0,2.0,0.5712,2026-05-30,v8_dynamic,90,non_event
5,3F_R_N,-484.0,578.3132530120482,34.0,100.40899012516209,-1062.3132530120483,2.0,2.8560000000000003,2.0,1.4280000000000002,8.0,2.2848,2026-05-30,v8_dynamic,90,non_event
0,2F_L_N,560.0,237.34939759036143,44.0,100.02711471947077,322.65060240963857,2.0,2.8560000000000003,3.0,2.1420000000000003,5.0,1.428,2026-06-01,v6a_hit_an,90,event
1,2F_R_N,526.0,239.90963855421685,38.0,101.42517511512845,286.0903614457832,1.0,1.4280000000000002,2.0,1.4280000000000002,7.0,1.9992,2026-06-01,v6a_hit_an,90,event
2,3F_L_A,182.0,265.81325301204816,50.0,98.02056284748414,-83.81325301204816,0.0,0.0,0.0,0.0,0.0,0.0,2026-06-01,v6a_hit_an,90,event
3,3F_L_N,388.0,250.3012048192771,34.0,99.32162604876116,137.6987951807229,3.0,4.284000000000001,4.0,2.8560000000000003,5.0,1.428,2026-06-01,v6a_hit_an,90,event
4,3F_R_A,618.0,232.98192771084337,50.0,100.22070133857835,385.01807228915663,0.0,0.0,0.0,0.0,1.0,0.2856,2026-06-01,v6a_hit_an,90,event
5,3F_R_N,54.0,275.45180722891564,38.0,99.16154202671005,-221.45180722891564,2.0,2.8560000000000003,3.0,2.1420000000000003,5.0,1.428,2026-06-01,v6a_hit_an,90,event
0,2F_L_N,148.0,268.3734939759036,42.0,97.02923544560058,-120.37349397590361,0.0,0.0,1.0,0.7140000000000001,3.0,0.8568,2026-06-01,v7_lift_weights,90,event
1,2F_R_N,464.0,244.57831325301206,36.0,101.42196556134908,219.42168674698794,1.0,1.4280000000000002,2.0,1.4280000000000002,7.0,1.9992,2026-06-01,v7_lift_weights,90,event
2,3F_L_A,270.0,259.18674698795184,54.0,98.47761630728559,10.813253012048165,0.0,0.0,0.0,0.0,0.0,0.0,2026-06-01,v7_lift_weights,90,event
3,3F_L_N,328.0,254.81927710843374,32.0,98.85452823447044,73.18072289156626,3.0,4.284000000000001,4.0,2.8560000000000003,5.0,1.428,2026-06-01,v7_lift_weights,90,event
4,3F_R_A,622.0,232.68072289156626,52.0,100.79876345622921,389.31927710843377,0.0,0.0,0.0,0.0,0.0,0.0,2026-06-01,v7_lift_weights,90,event
5,3F_R_N,10.0,278.76506024096386,38.0,100.1101531565954,-268.76506024096386,2.0,2.8560000000000003,3.0,2.1420000000000003,6.0,1.7136,2026-06-01,v7_lift_weights,90,event
0,2F_L_N,350.0,253.16265060240963,44.0,98.75413782006291,96.83734939759037,1.0,1.4280000000000002,2.0,1.4280000000000002,4.0,1.1424,2026-06-01,v8_dynamic,90,event
1,2F_R_N,464.0,244.57831325301206,36.0,101.42196556134908,219.42168674698794,1.0,1.4280000000000002,2.0,1.4280000000000002,7.0,1.9992,2026-06-01,v8_dynamic,90,event
2,3F_L_A,252.0,260.5421686746988,52.0,98.34889027318617,-8.542168674698814,0.0,0.0,0.0,0.0,0.0,0.0,2026-06-01,v8_dynamic,90,event
3,3F_L_N,306.0,256.4759036144578,32.0,98.85116573756139,49.52409638554218,3.0,4.284000000000001,4.0,2.8560000000000003,5.0,1.428,2026-06-01,v8_dynamic,90,event
4,3F_R_A,654.0,230.2710843373494,54.0,100.919983050251,423.7289156626506,0.0,0.0,0.0,0.0,1.0,0.2856,2026-06-01,v8_dynamic,90,event
5,3F_R_N,-2.0,279.6686746987952,38.0,99.30326404978722,-281.6686746987952,2.0,2.8560000000000003,3.0,2.1420000000000003,5.0,1.428,2026-06-01,v8_dynamic,90,event
0,2F_L_N,-64.0,20.481927710843372,32.0,93.35860917328517,-84.48192771084337,1.0,1.4280000000000002,1.0,0.7140000000000001,2.0,0.5712,2026-06-02,v6a_hit_an,90,non_event
1,2F_R_N,482.0,-20.632530120481928,42.0,106.43041419524374,502.63253012048193,1.0,1.4280000000000002,3.0,2.1420000000000003,6.0,1.7136,2026-06-02,v6a_hit_an,90,non_event
2,3F_L_A,240.0,-2.4096385542168677,42.0,94.50889469108344,242.40963855421685,0.0,0.0,0.0,0.0,1.0,0.2856,2026-06-02,v6a_hit_an,90,non_event
3,3F_L_N,66.0,10.69277108433735,42.0,97.24092038502755,55.30722891566265,2.0,2.8560000000000003,3.0,2.1420000000000003,4.0,1.1424,2026-06-02,v6a_hit_an,90,non_event
4,3F_R_A,44.0,12.349397590361447,32.0,95.33519164177208,31.65060240963855,0.0,0.0,0.0,0.0,1.0,0.2856,2026-06-02,v6a_hit_an,90,non_event
5,3F_R_N,-166.0,28.162650602409638,34.0,97.1593315723793,-194.16265060240963,3.0,4.284000000000001,3.0,2.1420000000000003,5.0,1.428,2026-06-02,v6a_hit_an,90,non_event
0,2F_L_N,112.0,7.228915662650603,34.0,94.6053400073855,104.7710843373494,2.0,2.8560000000000003,2.0,1.4280000000000002,3.0,0.8568,2026-06-02,v7_lift_weights,90,non_event
1,2F_R_N,560.0,-26.50602409638554,42.0,105.86136291351414,586.5060240963855,0.0,0.0,2.0,1.4280000000000002,7.0,1.9992,2026-06-02,v7_lift_weights,90,non_event
2,3F_L_A,264.0,-4.216867469879518,40.0,94.37395046743094,268.2168674698795,0.0,0.0,0.0,0.0,1.0,0.2856,2026-06-02,v7_lift_weights,90,non_event
3,3F_L_N,80.0,9.63855421686747,42.0,97.73151373047793,70.36144578313252,2.0,2.8560000000000003,3.0,2.1420000000000003,4.0,1.1424,2026-06-02,v7_lift_weights,90,non_event
4,3F_R_A,102.0,7.981927710843373,38.0,96.33227637547425,94.01807228915662,0.0,0.0,0.0,0.0,1.0,0.2856,2026-06-02,v7_lift_weights,90,non_event
5,3F_R_N,-80.0,21.686746987951807,36.0,96.7815115052492,-101.6867469879518,3.0,4.284000000000001,3.0,2.1420000000000003,5.0,1.428,2026-06-02,v7_lift_weights,90,non_event
0,2F_L_N,-108.0,23.795180722891565,30.0,92.58531366115635,-131.79518072289156,1.0,1.4280000000000002,1.0,0.7140000000000001,2.0,0.5712,2026-06-02,v8_dynamic,90,non_event
1,2F_R_N,504.0,-22.289156626506024,40.0,106.16995762650077,526.289156626506,0.0,0.0,2.0,1.4280000000000002,7.0,1.9992,2026-06-02,v8_dynamic,90,non_event
2,3F_L_A,250.0,-3.1626506024096384,40.0,94.67800711737964,253.16265060240963,0.0,0.0,0.0,0.0,1.0,0.2856,2026-06-02,v8_dynamic,90,non_event
3,3F_L_N,278.0,-5.271084337349397,46.0,99.1835052835475,283.2710843373494,2.0,2.8560000000000003,3.0,2.1420000000000003,4.0,1.1424,2026-06-02,v8_dynamic,90,non_event
4,3F_R_A,74.0,10.090361445783133,34.0,95.57896090718636,63.90963855421687,0.0,0.0,0.0,0.0,1.0,0.2856,2026-06-02,v8_dynamic,90,non_event
5,3F_R_N,-134.0,25.753012048192772,34.0,96.63630220440245,-159.75301204819277,3.0,4.284000000000001,3.0,2.1420000000000003,5.0,1.428,2026-06-02,v8_dynamic,90,non_event
0,2F_L_N,372.0,23.19277108433735,40.0,102.36256689925717,348.8072289156627,2.0,2.8560000000000003,4.0,2.8560000000000003,5.0,1.428,2026-06-03,v6a_hit_an,90,non_event
1,2F_R_N,-46.0,54.66867469879518,34.0,93.30176737021941,-100.66867469879517,0.0,0.0,1.0,0.7140000000000001,6.0,1.7136,2026-06-03,v6a_hit_an,90,non_event
2,3F_L_A,-22.0,52.86144578313253,34.0,95.03189592003008,-74.86144578313252,0.0,0.0,0.0,0.0,1.0,0.2856,2026-06-03,v6a_hit_an,90,non_event
3,3F_L_N,706.0,-1.9578313253012047,46.0,106.68998686906302,707.9578313253012,3.0,4.284000000000001,4.0,2.8560000000000003,9.0,2.5704,2026-06-03,v6a_hit_an,90,non_event
4,3F_R_A,8.0,50.602409638554214,32.0,94.45676880693449,-42.602409638554214,0.0,0.0,0.0,0.0,0.0,0.0,2026-06-03,v6a_hit_an,90,non_event
5,3F_R_N,-218.0,67.62048192771084,32.0,97.18993964623586,-285.62048192771084,0.0,0.0,2.0,1.4280000000000002,6.0,1.7136,2026-06-03,v6a_hit_an,90,non_event
0,2F_L_N,542.0,10.391566265060241,44.0,106.54640467971053,531.6084337349398,2.0,2.8560000000000003,4.0,2.8560000000000003,6.0,1.7136,2026-06-03,v7_lift_weights,90,non_event
1,2F_R_N,-284.0,72.59036144578313,34.0,91.76181406391082,-356.5903614457831,0.0,0.0,1.0,0.7140000000000001,4.0,1.1424,2026-06-03,v7_lift_weights,90,non_event
2,3F_L_A,-76.0,56.9277108433735,34.0,94.34210116696275,-132.9277108433735,0.0,0.0,0.0,0.0,1.0,0.2856,2026-06-03,v7_lift_weights,90,non_event
3,3F_L_N,794.0,-8.58433734939759,50.0,108.34647887972382,802.5843373493976,3.0,4.284000000000001,4.0,2.8560000000000003,9.0,2.5704,2026-06-03,v7_lift_weights,90,non_event
4,3F_R_A,12.0,50.30120481927711,32.0,94.23588933808341,-38.30120481927711,0.0,0.0,0.0,0.0,0.0,0.0,2026-06-03,v7_lift_weights,90,non_event
5,3F_R_N,208.0,35.54216867469879,34.0,99.76899002989354,172.4578313253012,1.0,1.4280000000000002,3.0,2.1420000000000003,7.0,1.9992,2026-06-03,v7_lift_weights,90,non_event
0,2F_L_N,356.0,24.397590361445783,38.0,101.9106157229613,331.6024096385542,2.0,2.8560000000000003,4.0,2.8560000000000003,5.0,1.428,2026-06-03,v8_dynamic,90,non_event
1,2F_R_N,-76.0,56.9277108433735,40.0,94.97267488760863,-132.9277108433735,0.0,0.0,1.0,0.7140000000000001,5.0,1.428,2026-06-03,v8_dynamic,90,non_event
2,3F_L_A,-52.0,55.12048192771084,34.0,95.02425543087571,-107.12048192771084,0.0,0.0,0.0,0.0,1.0,0.2856,2026-06-03,v8_dynamic,90,non_event
3,3F_L_N,820.0,-10.542168674698795,50.0,108.48786266380603,830.5421686746988,3.0,4.284000000000001,4.0,2.8560000000000003,9.0,2.5704,2026-06-03,v8_dynamic,90,non_event
4,3F_R_A,12.0,50.30120481927711,32.0,94.52161661722968,-38.30120481927711,0.0,0.0,0.0,0.0,0.0,0.0,2026-06-03,v8_dynamic,90,non_event
5,3F_R_N,138.0,40.81325301204819,34.0,100.89264554434962,97.1867469879518,1.0,1.4280000000000002,3.0,2.1420000000000003,7.0,1.9992,2026-06-03,v8_dynamic,90,non_event
0,2F_L_N,444.0,42.01807228915663,44.0,106.26782484405682,401.98192771084337,1.0,1.4280000000000002,3.0,2.1420000000000003,6.0,1.7136,2026-06-04,v6a_hit_an,90,non_event
1,2F_R_N,38.0,72.59036144578313,32.0,95.45004666113839,-34.59036144578313,1.0,1.4280000000000002,1.0,0.7140000000000001,2.0,0.5712,2026-06-04,v6a_hit_an,90,non_event
2,3F_L_A,182.0,61.74698795180723,42.0,96.22623586063857,120.25301204819277,0.0,0.0,0.0,0.0,1.0,0.2856,2026-06-04,v6a_hit_an,90,non_event
3,3F_L_N,342.0,49.69879518072289,34.0,104.19415192867154,292.30120481927713,1.0,1.4280000000000002,3.0,2.1420000000000003,7.0,1.9992,2026-06-04,v6a_hit_an,90,non_event
4,3F_R_A,-114.0,84.03614457831326,26.0,93.66244021991506,-198.03614457831327,0.0,0.0,0.0,0.0,1.0,0.2856,2026-06-04,v6a_hit_an,90,non_event
5,3F_R_N,-508.0,113.70481927710843,28.000000000000004,98.03451107879404,-621.7048192771084,0.0,0.0,0.0,0.0,2.0,0.5712,2026-06-04,v6a_hit_an,90,non_event
0,2F_L_N,26.0,73.49397590361446,38.0,98.1287467289424,-47.493975903614455,1.0,1.4280000000000002,2.0,1.4280000000000002,3.0,0.8568,2026-06-04,v7_lift_weights,90,non_event
1,2F_R_N,-70.0,80.72289156626506,28.000000000000004,94.27127946144945,-150.72289156626505,0.0,0.0,1.0,0.7140000000000001,2.0,0.5712,2026-06-04,v7_lift_weights,90,non_event
2,3F_L_A,150.0,64.1566265060241,36.0,95.7105053210449,85.8433734939759,0.0,0.0,0.0,0.0,1.0,0.2856,2026-06-04,v7_lift_weights,90,non_event
3,3F_L_N,254.0,56.325301204819276,32.0,102.3833069327447,197.67469879518072,1.0,1.4280000000000002,3.0,2.1420000000000003,7.0,1.9992,2026-06-04,v7_lift_weights,90,non_event
4,3F_R_A,-108.0,83.58433734939759,26.0,94.1985075496767,-191.58433734939757,0.0,0.0,0.0,0.0,1.0,0.2856,2026-06-04,v7_lift_weights,90,non_event
5,3F_R_N,-258.0,94.87951807228916,34.0,102.24220191460009,-352.87951807228916,1.0,1.4280000000000002,1.0,0.7140000000000001,3.0,0.8568,2026-06-04,v7_lift_weights,90,non_event
0,2F_L_N,328.0,50.75301204819277,42.0,101.48243057180636,277.2469879518072,1.0,1.4280000000000002,3.0,2.1420000000000003,5.0,1.428,2026-06-04,v8_dynamic,90,non_event
1,2F_R_N,-168.0,88.10240963855422,26.0,93.14814725326367,-256.1024096385542,1.0,1.4280000000000002,1.0,0.7140000000000001,2.0,0.5712,2026-06-04,v8_dynamic,90,non_event
2,3F_L_A,210.0,59.63855421686747,40.0,96.2995310761,150.36144578313252,0.0,0.0,0.0,0.0,1.0,0.2856,2026-06-04,v8_dynamic,90,non_event
3,3F_L_N,330.0,50.602409638554214,34.0,103.86497504139841,279.3975903614458,1.0,1.4280000000000002,3.0,2.1420000000000003,7.0,1.9992,2026-06-04,v8_dynamic,90,non_event
4,3F_R_A,-114.0,84.03614457831326,26.0,93.66244021991506,-198.03614457831327,0.0,0.0,0.0,0.0,1.0,0.2856,2026-06-04,v8_dynamic,90,non_event
5,3F_R_N,-456.0,109.78915662650603,30.0,98.93658719657114,-565.789156626506,0.0,0.0,0.0,0.0,2.0,0.5712,2026-06-04,v8_dynamic,90,non_event
0,2F_L_N,672.0,-9.939759036144578,36.0,101.37515665509524,681.9397590361446,3.0,4.284000000000001,3.0,2.1420000000000003,6.0,1.7136,2026-06-05,v6a_hit_an,90,non_event
1,2F_R_N,-536.0,81.02409638554217,28.000000000000004,90.88703850325503,-617.0240963855422,0.0,0.0,0.0,0.0,1.0,0.2856,2026-06-05,v6a_hit_an,90,non_event
2,3F_L_A,132.0,30.72289156626506,26.0,96.18296830180651,101.27710843373494,0.0,0.0,1.0,0.7140000000000001,2.0,0.5712,2026-06-05,v6a_hit_an,90,non_event
3,3F_L_N,78.0,34.78915662650602,38.0,97.05597818493641,43.21084337349398,0.0,0.0,2.0,1.4280000000000002,5.0,1.428,2026-06-05,v6a_hit_an,90,non_event
4,3F_R_A,506.0,2.5602409638554215,48.0,98.9304049604695,503.43975903614455,0.0,0.0,1.0,0.7140000000000001,1.0,0.2856,2026-06-05,v6a_hit_an,90,non_event
5,3F_R_N,-514.0,79.36746987951807,24.0,90.91469957581407,-593.367469879518,0.0,0.0,3.0,2.1420000000000003,7.0,1.9992,2026-06-05,v6a_hit_an,90,non_event
0,2F_L_N,914.0,-28.162650602409638,36.0,107.2948891815865,942.1626506024096,4.0,5.712000000000001,4.0,2.8560000000000003,7.0,1.9992,2026-06-05,v7_lift_weights,90,non_event
1,2F_R_N,-518.0,79.66867469879519,30.0,91.94858846050083,-597.6686746987951,0.0,0.0,0.0,0.0,1.0,0.2856,2026-06-05,v7_lift_weights,90,non_event
2,3F_L_A,128.0,31.02409638554217,28.000000000000004,96.40941394838994,96.97590361445783,0.0,0.0,1.0,0.7140000000000001,2.0,0.5712,2026-06-05,v7_lift_weights,90,non_event
3,3F_L_N,60.0,36.144578313253014,34.0,97.00528503872724,23.855421686746986,0.0,0.0,2.0,1.4280000000000002,6.0,1.7136,2026-06-05,v7_lift_weights,90,non_event
4,3F_R_A,502.0,2.86144578313253,50.0,99.35913656937439,499.1385542168675,0.0,0.0,1.0,0.7140000000000001,1.0,0.2856,2026-06-05,v7_lift_weights,90,non_event
5,3F_R_N,-304.0,63.55421686746988,24.0,93.30968154236578,-367.5542168674699,0.0,0.0,3.0,2.1420000000000003,8.0,2.2848,2026-06-05,v7_lift_weights,90,non_event
0,2F_L_N,1002.0,-34.78915662650602,40.0,109.21008626445837,1036.789156626506,4.0,5.712000000000001,4.0,2.8560000000000003,7.0,1.9992,2026-06-05,v8_dynamic,90,non_event
1,2F_R_N,-548.0,81.92771084337349,28.000000000000004,91.55047512495378,-629.9277108433735,0.0,0.0,0.0,0.0,1.0,0.2856,2026-06-05,v8_dynamic,90,non_event
2,3F_L_A,112.0,32.2289156626506,26.0,95.97369997794861,79.77108433734941,0.0,0.0,1.0,0.7140000000000001,2.0,0.5712,2026-06-05,v8_dynamic,90,non_event
3,3F_L_N,-20.0,42.16867469879518,34.0,95.68227076096666,-62.16867469879518,0.0,0.0,2.0,1.4280000000000002,5.0,1.428,2026-06-05,v8_dynamic,90,non_event
4,3F_R_A,442.0,7.379518072289157,48.0,98.5263378476413,434.62048192771084,0.0,0.0,1.0,0.7140000000000001,1.0,0.2856,2026-06-05,v8_dynamic,90,non_event
5,3F_R_N,-506.0,78.76506024096386,22.0,91.01400834104334,-584.7650602409639,0.0,0.0,3.0,2.1420000000000003,7.0,1.9992,2026-06-05,v8_dynamic,90,non_event
0,2F_L_N,58.0,1.9578313253012047,34.0,102.29846966118501,56.04216867469879,2.0,2.8560000000000003,3.0,2.1420000000000003,6.0,1.7136,2026-06-06,v6a_hit_an,90,non_event
1,2F_R_N,-716.0,60.24096385542169,30.0,96.43324164383999,-776.2409638554217,0.0,0.0,1.0,0.7140000000000001,3.0,0.8568,2026-06-06,v6a_hit_an,90,non_event
2,3F_L_A,482.0,-29.96987951807229,60.0,101.25737657849226,511.9698795180723,0.0,0.0,0.0,0.0,1.0,0.2856,2026-06-06,v6a_hit_an,90,non_event
3,3F_L_N,-168.0,18.97590361445783,36.0,99.28069059018712,-186.97590361445782,0.0,0.0,0.0,0.0,3.0,0.8568,2026-06-06,v6a_hit_an,90,non_event
4,3F_R_A,152.0,-5.120481927710843,48.0,99.69673520645037,157.12048192771084,0.0,0.0,0.0,0.0,0.0,0.0,2026-06-06,v6a_hit_an,90,non_event
5,3F_R_N,548.0,-34.93975903614458,46.0,105.66428890981685,582.9397590361446,1.0,1.4280000000000002,7.0,4.998,13.0,3.7128,2026-06-06,v6a_hit_an,90,non_event
0,2F_L_N,-192.0,20.783132530120483,30.0,100.45204077057586,-212.7831325301205,2.0,2.8560000000000003,3.0,2.1420000000000003,6.0,1.7136,2026-06-06,v7_lift_weights,90,non_event
1,2F_R_N,-680.0,57.53012048192771,32.0,96.69415168893573,-737.5301204819277,0.0,0.0,1.0,0.7140000000000001,3.0,0.8568,2026-06-06,v7_lift_weights,90,non_event
2,3F_L_A,634.0,-41.41566265060241,66.0,101.95896907499737,675.4156626506024,0.0,0.0,0.0,0.0,1.0,0.2856,2026-06-06,v7_lift_weights,90,non_event
3,3F_L_N,-40.0,9.337349397590362,40.0,100.09112842509302,-49.33734939759036,0.0,0.0,0.0,0.0,3.0,0.8568,2026-06-06,v7_lift_weights,90,non_event
4,3F_R_A,144.0,-4.518072289156627,46.0,99.62043250577004,148.51807228915663,0.0,0.0,0.0,0.0,0.0,0.0,2026-06-06,v7_lift_weights,90,non_event
5,3F_R_N,228.0,-10.843373493975903,44.0,103.55669432415294,238.8433734939759,1.0,1.4280000000000002,6.0,4.284000000000001,11.0,3.1416,2026-06-06,v7_lift_weights,90,non_event
0,2F_L_N,-168.0,18.97590361445783,30.0,100.28849889674866,-186.97590361445782,2.0,2.8560000000000003,3.0,2.1420000000000003,6.0,1.7136,2026-06-06,v8_dynamic,90,non_event
1,2F_R_N,-812.0,67.46987951807229,32.0,95.43737066951756,-879.4698795180723,0.0,0.0,1.0,0.7140000000000001,2.0,0.5712,2026-06-06,v8_dynamic,90,non_event
2,3F_L_A,502.0,-31.47590361445783,64.0,101.41198987665193,533.4759036144578,0.0,0.0,0.0,0.0,1.0,0.2856,2026-06-06,v8_dynamic,90,non_event
3,3F_L_N,-80.0,12.349397590361447,40.0,99.81531267159198,-92.34939759036145,0.0,0.0,0.0,0.0,3.0,0.8568,2026-06-06,v8_dynamic,90,non_event
4,3F_R_A,144.0,-4.518072289156627,46.0,99.62043250577003,148.51807228915663,0.0,0.0,0.0,0.0,0.0,0.0,2026-06-06,v8_dynamic,90,non_event
5,3F_R_N,398.0,-23.64457831325301,46.0,104.7000819668069,421.644578313253,1.0,1.4280000000000002,6.0,4.284000000000001,12.0,3.4272,2026-06-06,v8_dynamic,90,non_event
0,2F_L_N,1358.0,239.4578313253012,56.00000000000001,110.03466784307606,1118.5421686746988,2.0,2.8560000000000003,4.0,2.8560000000000003,6.0,1.7136,2026-06-07,v6a_hit_an,90,event
1,2F_R_N,1194.0,251.80722891566265,54.0,116.05498693839841,942.1927710843373,2.0,2.8560000000000003,4.0,2.8560000000000003,7.0,1.9992,2026-06-07,v6a_hit_an,90,event
2,3F_L_A,212.0,325.7530120481928,50.0,99.56147267796709,-113.75301204819277,0.0,0.0,0.0,0.0,0.0,0.0,2026-06-07,v6a_hit_an,90,event
3,3F_L_N,-476.0,377.56024096385545,36.0,98.27015150655626,-853.5602409638554,0.0,0.0,1.0,0.7140000000000001,5.0,1.428,2026-06-07,v6a_hit_an,90,event
4,3F_R_A,170.0,328.9156626506024,48.0,99.42581085149673,-158.91566265060243,0.0,0.0,0.0,0.0,0.0,0.0,2026-06-07,v6a_hit_an,90,event
5,3F_R_N,566.0,299.09638554216866,52.0,103.81488319754797,266.90361445783134,2.0,2.8560000000000003,5.0,3.5700000000000003,7.0,1.9992,2026-06-07,v6a_hit_an,90,event
0,2F_L_N,1188.0,252.25903614457832,50.0,109.18642511150591,935.7409638554217,2.0,2.8560000000000003,4.0,2.8560000000000003,7.0,1.9992,2026-06-07,v7_lift_weights,90,event
1,2F_R_N,1142.0,255.72289156626505,56.00000000000001,115.37604800283134,886.277108433735,2.0,2.8560000000000003,4.0,2.8560000000000003,7.0,1.9992,2026-06-07,v7_lift_weights,90,event
2,3F_L_A,300.0,319.1265060240964,52.0,100.00651208349399,-19.126506024096386,0.0,0.0,0.0,0.0,0.0,0.0,2026-06-07,v7_lift_weights,90,event
3,3F_L_N,-476.0,377.56024096385545,34.0,97.98429971882335,-853.5602409638554,0.0,0.0,1.0,0.7140000000000001,5.0,1.428,2026-06-07,v7_lift_weights,90,event
4,3F_R_A,164.0,329.36746987951807,46.0,99.4363741793494,-165.36746987951807,0.0,0.0,0.0,0.0,0.0,0.0,2026-06-07,v7_lift_weights,90,event
5,3F_R_N,504.0,303.76506024096386,50.0,103.37889953192222,200.23493975903614,2.0,2.8560000000000003,5.0,3.5700000000000003,7.0,1.9992,2026-06-07,v7_lift_weights,90,event
0,2F_L_N,1258.0,246.9879518072289,50.0,109.62762561296239,1011.0120481927711,2.0,2.8560000000000003,4.0,2.8560000000000003,7.0,1.9992,2026-06-07,v8_dynamic,90,event
1,2F_R_N,1158.0,254.51807228915663,54.0,115.45647995894198,903.4819277108434,2.0,2.8560000000000003,4.0,2.8560000000000003,6.0,1.7136,2026-06-07,v8_dynamic,90,event
2,3F_L_A,228.0,324.54819277108436,50.0,99.49460972601653,-96.54819277108436,0.0,0.0,0.0,0.0,0.0,0.0,2026-06-07,v8_dynamic,90,event
3,3F_L_N,-286.0,363.2530120481928,36.0,99.33696785913322,-649.2530120481928,0.0,0.0,1.0,0.7140000000000001,5.0,1.428,2026-06-07,v8_dynamic,90,event
4,3F_R_A,174.0,328.6144578313253,46.0,99.47752227296743,-154.6144578313253,0.0,0.0,0.0,0.0,0.0,0.0,2026-06-07,v8_dynamic,90,event
5,3F_R_N,360.0,314.60843373493975,48.0,102.55832434021679,45.39156626506025,2.0,2.8560000000000003,5.0,3.5700000000000003,7.0,1.9992,2026-06-07,v8_dynamic,90,event
0,2F_L_N,190.0,146.3855421686747,36.0,97.43528421753157,43.614457831325296,1.0,1.4280000000000002,3.0,2.1420000000000003,4.0,1.1424,2026-06-08,v6a_hit_an,90,non_event
1,2F_R_N,148.0,149.54819277108433,40.0,95.86626652174975,-1.5481927710843308,1.0,1.4280000000000002,3.0,2.1420000000000003,4.0,1.1424,2026-06-08,v6a_hit_an,90,non_event
2,3F_L_A,216.0,144.4277108433735,46.0,98.29804667604441,71.57228915662651,0.0,0.0,0.0,0.0,1.0,0.2856,2026-06-08,v6a_hit_an,90,non_event
3,3F_L_N,-94.0,167.7710843373494,36.0,101.93852936076851,-261.7710843373494,2.0,2.8560000000000003,2.0,1.4280000000000002,6.0,1.7136,2026-06-08,v6a_hit_an,90,non_event
4,3F_R_A,492.0,123.644578313253,48.0,97.86317959218111,368.355421686747,0.0,0.0,0.0,0.0,1.0,0.2856,2026-06-08,v6a_hit_an,90,non_event
5,3F_R_N,-656.0,210.09036144578315,30.0,98.2163269804989,-866.0903614457832,0.0,0.0,1.0,0.7140000000000001,3.0,0.8568,2026-06-08,v6a_hit_an,90,non_event
0,2F_L_N,282.0,139.4578313253012,42.0,103.95690306205697,142.5421686746988,1.0,1.4280000000000002,3.0,2.1420000000000003,4.0,1.1424,2026-06-08,v7_lift_weights,90,non_event
1,2F_R_N,114.0,152.10843373493975,40.0,96.1231800743613,-38.10843373493975,1.0,1.4280000000000002,3.0,2.1420000000000003,4.0,1.1424,2026-06-08,v7_lift_weights,90,non_event
2,3F_L_A,244.0,142.31927710843374,44.0,99.07213671536232,101.68072289156626,0.0,0.0,0.0,0.0,1.0,0.2856,2026-06-08,v7_lift_weights,90,non_event
3,3F_L_N,104.0,152.86144578313252,38.0,103.45893501335547,-48.861445783132524,2.0,2.8560000000000003,2.0,1.4280000000000002,6.0,1.7136,2026-06-08,v7_lift_weights,90,non_event
4,3F_R_A,546.0,119.57831325301204,48.0,98.220324933844,426.421686746988,0.0,0.0,0.0,0.0,1.0,0.2856,2026-06-08,v7_lift_weights,90,non_event
5,3F_R_N,-762.0,218.0722891566265,28.000000000000004,97.4799013064181,-980.0722891566265,0.0,0.0,1.0,0.7140000000000001,3.0,0.8568,2026-06-08,v7_lift_weights,90,non_event
0,2F_L_N,134.0,150.6024096385542,36.0,97.96200281828865,-16.602409638554207,1.0,1.4280000000000002,3.0,2.1420000000000003,4.0,1.1424,2026-06-08,v8_dynamic,90,non_event
1,2F_R_N,88.0,154.06626506024097,40.0,96.02787524539308,-66.06626506024097,1.0,1.4280000000000002,2.0,1.4280000000000002,3.0,0.8568,2026-06-08,v8_dynamic,90,non_event
2,3F_L_A,110.0,152.40963855421685,42.0,97.75691844278619,-42.409638554216855,0.0,0.0,0.0,0.0,0.0,0.0,2026-06-08,v8_dynamic,90,non_event
3,3F_L_N,-90.0,167.46987951807228,34.0,101.6145455112648,-257.4698795180723,2.0,2.8560000000000003,2.0,1.4280000000000002,5.0,1.428,2026-06-08,v8_dynamic,90,non_event
4,3F_R_A,486.0,124.09638554216868,48.0,97.88572306639544,361.90361445783134,0.0,0.0,0.0,0.0,1.0,0.2856,2026-06-08,v8_dynamic,90,non_event
5,3F_R_N,-616.0,207.07831325301206,32.0,100.60175734452542,-823.0783132530121,0.0,0.0,1.0,0.7140000000000001,3.0,0.8568,2026-06-08,v8_dynamic,90,non_event
0,2F_L_N,280.0,83.13253012048193,34.0,98.92806012016818,196.86746987951807,1.0,1.4280000000000002,3.0,2.1420000000000003,6.0,1.7136,2026-06-09,v6a_hit_an,90,non_event
1,2F_R_N,598.0,59.18674698795181,44.0,104.51093477576862,538.8132530120482,0.0,0.0,2.0,1.4280000000000002,7.0,1.9992,2026-06-09,v6a_hit_an,90,non_event
2,3F_L_A,326.0,79.66867469879519,48.0,98.40532653158385,246.3313253012048,0.0,0.0,0.0,0.0,0.0,0.0,2026-06-09,v6a_hit_an,90,non_event
3,3F_L_N,20.0,102.71084337349397,38.0,99.4592927958379,-82.71084337349397,1.0,1.4280000000000002,1.0,0.7140000000000001,4.0,1.1424,2026-06-09,v6a_hit_an,90,non_event
4,3F_R_A,82.0,98.0421686746988,40.0,96.8376354656906,-16.0421686746988,0.0,0.0,0.0,0.0,0.0,0.0,2026-06-09,v6a_hit_an,90,non_event
5,3F_R_N,-302.0,126.9578313253012,32.0,96.8662693630127,-428.9578313253012,0.0,0.0,3.0,2.1420000000000003,6.0,1.7136,2026-06-09,v6a_hit_an,90,non_event
0,2F_L_N,282.0,82.98192771084338,32.0,99.26963764774464,199.01807228915663,1.0,1.4280000000000002,3.0,2.1420000000000003,6.0,1.7136,2026-06-09,v7_lift_weights,90,non_event
1,2F_R_N,206.0,88.70481927710843,42.0,99.53391247438394,117.29518072289157,0.0,0.0,2.0,1.4280000000000002,6.0,1.7136,2026-06-09,v7_lift_weights,90,non_event
2,3F_L_A,232.0,86.74698795180723,46.0,98.63262465771497,145.25301204819277,0.0,0.0,0.0,0.0,0.0,0.0,2026-06-09,v7_lift_weights,90,non_event
3,3F_L_N,-214.0,120.33132530120481,32.0,97.86345543151276,-334.3313253012048,1.0,1.4280000000000002,1.0,0.7140000000000001,4.0,1.1424,2026-06-09,v7_lift_weights,90,non_event
4,3F_R_A,126.0,94.7289156626506,40.0,96.93277918057986,31.271084337349393,0.0,0.0,0.0,0.0,0.0,0.0,2026-06-09,v7_lift_weights,90,non_event
5,3F_R_N,-550.0,145.63253012048193,30.0,94.08368822323234,-695.632530120482,0.0,0.0,1.0,0.7140000000000001,6.0,1.7136,2026-06-09,v7_lift_weights,90,non_event
0,2F_L_N,282.0,82.98192771084338,32.0,99.26963764774464,199.01807228915663,1.0,1.4280000000000002,3.0,2.1420000000000003,6.0,1.7136,2026-06-09,v8_dynamic,90,non_event
1,2F_R_N,256.0,84.93975903614458,40.0,99.49043560586426,171.06024096385542,0.0,0.0,2.0,1.4280000000000002,6.0,1.7136,2026-06-09,v8_dynamic,90,non_event
2,3F_L_A,222.0,87.5,44.0,98.28608443427261,134.5,0.0,0.0,0.0,0.0,0.0,0.0,2026-06-09,v8_dynamic,90,non_event
3,3F_L_N,-46.0,107.68072289156626,36.0,99.63016904083192,-153.68072289156626,1.0,1.4280000000000002,1.0,0.7140000000000001,4.0,1.1424,2026-06-09,v8_dynamic,90,non_event
4,3F_R_A,146.0,93.22289156626506,42.0,97.38368933745784,52.77710843373494,0.0,0.0,0.0,0.0,0.0,0.0,2026-06-09,v8_dynamic,90,non_event
5,3F_R_N,-456.0,138.55421686746988,30.0,94.2749267232974,-594.5542168674699,0.0,0.0,1.0,0.7140000000000001,6.0,1.7136,2026-06-09,v8_dynamic,90,non_event
0,2F_L_N,276.0,140.210843373494,34.0,103.19836216929748,135.789156626506,1.0,1.4280000000000002,1.0,0.7140000000000001,4.0,1.1424,2026-06-10,v6a_hit_an,90,non_event
1,2F_R_N,-190.0,175.3012048192771,28.000000000000004,93.60763843222878,-365.30120481927713,0.0,0.0,0.0,0.0,4.0,1.1424,2026-06-10,v6a_hit_an,90,non_event
2,3F_L_A,336.0,135.69277108433735,48.0,98.82771272395028,200.30722891566265,0.0,0.0,1.0,0.7140000000000001,1.0,0.2856,2026-06-10,v6a_hit_an,90,non_event
3,3F_L_N,-582.0,204.81927710843374,34.0,93.15809700128074,-786.8192771084338,0.0,0.0,0.0,0.0,2.0,0.5712,2026-06-10,v6a_hit_an,90,non_event
4,3F_R_A,404.0,130.5722891566265,48.0,95.8979326157766,273.42771084337346,0.0,0.0,1.0,0.7140000000000001,2.0,0.5712,2026-06-10,v6a_hit_an,90,non_event
5,3F_R_N,264.0,141.1144578313253,36.0,101.32037792480047,122.8855421686747,2.0,2.8560000000000003,2.0,1.4280000000000002,6.0,1.7136,2026-06-10,v6a_hit_an,90,non_event
0,2F_L_N,360.0,133.8855421686747,34.0,103.76797982054194,226.1144578313253,2.0,2.8560000000000003,2.0,1.4280000000000002,4.0,1.1424,2026-06-10,v7_lift_weights,90,non_event
1,2F_R_N,-176.0,174.24698795180723,26.0,93.2080479844005,-350.2469879518072,0.0,0.0,0.0,0.0,4.0,1.1424,2026-06-10,v7_lift_weights,90,non_event
2,3F_L_A,318.0,137.04819277108433,46.0,98.95809336204776,180.95180722891567,0.0,0.0,1.0,0.7140000000000001,1.0,0.2856,2026-06-10,v7_lift_weights,90,non_event
3,3F_L_N,-480.0,197.13855421686748,34.0,93.36907417331653,-677.1385542168675,0.0,0.0,0.0,0.0,3.0,0.8568,2026-06-10,v7_lift_weights,90,non_event
4,3F_R_A,322.0,136.74698795180723,44.0,95.20655212817803,185.25301204819277,0.0,0.0,1.0,0.7140000000000001,2.0,0.5712,2026-06-10,v7_lift_weights,90,non_event
5,3F_R_N,212.0,145.03012048192772,36.0,101.44230458103385,66.96987951807228,2.0,2.8560000000000003,2.0,1.4280000000000002,6.0,1.7136,2026-06-10,v7_lift_weights,90,non_event
0,2F_L_N,388.0,131.77710843373495,36.0,104.07555490176033,256.22289156626505,2.0,2.8560000000000003,2.0,1.4280000000000002,4.0,1.1424,2026-06-10,v8_dynamic,90,non_event
1,2F_R_N,-130.0,170.78313253012047,28.000000000000004,93.46174301993531,-300.7831325301205,0.0,0.0,0.0,0.0,4.0,1.1424,2026-06-10,v8_dynamic,90,non_event
2,3F_L_A,310.0,137.65060240963857,46.0,98.66814615011252,172.34939759036143,0.0,0.0,1.0,0.7140000000000001,1.0,0.2856,2026-06-10,v8_dynamic,90,non_event
3,3F_L_N,-586.0,205.12048192771084,32.0,92.80743516680509,-791.1204819277109,0.0,0.0,0.0,0.0,3.0,0.8568,2026-06-10,v8_dynamic,90,non_event
4,3F_R_A,318.0,137.04819277108433,46.0,95.41641693321414,180.95180722891567,0.0,0.0,1.0,0.7140000000000001,2.0,0.5712,2026-06-10,v8_dynamic,90,non_event
5,3F_R_N,212.0,145.03012048192772,36.0,101.44230458103385,66.96987951807228,2.0,2.8560000000000003,2.0,1.4280000000000002,6.0,1.7136,2026-06-10,v8_dynamic,90,non_event
0,2F_L_N,-64.0,163.55421686746988,36.0,94.9837546982903,-227.55421686746988,0.0,0.0,0.0,0.0,2.0,0.5712,2026-06-11,v6a_hit_an,90,event
1,2F_R_N,326.0,134.1867469879518,42.0,103.66998870509762,191.8132530120482,0.0,0.0,1.0,0.7140000000000001,6.0,1.7136,2026-06-11,v6a_hit_an,90,event
2,3F_L_A,124.0,149.3975903614458,42.0,97.23312782982131,-25.397590361445793,0.0,0.0,0.0,0.0,1.0,0.2856,2026-06-11,v6a_hit_an,90,event
3,3F_L_N,-480.0,194.87951807228916,34.0,95.73966528033677,-674.8795180722891,1.0,1.4280000000000002,1.0,0.7140000000000001,1.0,0.2856,2026-06-11,v6a_hit_an,90,event
4,3F_R_A,160.0,146.6867469879518,40.0,97.65925584446326,13.313253012048193,0.0,0.0,0.0,0.0,0.0,0.0,2026-06-11,v6a_hit_an,90,event
5,3F_R_N,-116.0,167.46987951807228,32.0,98.88136655418761,-283.4698795180723,1.0,1.4280000000000002,2.0,1.4280000000000002,6.0,1.7136,2026-06-11,v6a_hit_an,90,event
0,2F_L_N,20.0,157.2289156626506,34.0,96.09384361249202,-137.2289156626506,1.0,1.4280000000000002,2.0,1.4280000000000002,4.0,1.1424,2026-06-11,v7_lift_weights,90,event
1,2F_R_N,444.0,125.3012048192771,42.0,105.06879275741487,318.69879518072287,0.0,0.0,1.0,0.7140000000000001,6.0,1.7136,2026-06-11,v7_lift_weights,90,event
2,3F_L_A,128.0,149.09638554216866,38.0,96.8441299339898,-21.09638554216866,0.0,0.0,0.0,0.0,1.0,0.2856,2026-06-11,v7_lift_weights,90,event
3,3F_L_N,-434.0,191.4156626506024,34.0,96.020077530336,-625.4156626506024,1.0,1.4280000000000002,1.0,0.7140000000000001,2.0,0.5712,2026-06-11,v7_lift_weights,90,event
4,3F_R_A,142.0,148.0421686746988,40.0,97.24639108571972,-6.042168674698786,0.0,0.0,0.0,0.0,0.0,0.0,2026-06-11,v7_lift_weights,90,event
5,3F_R_N,-268.0,178.9156626506024,32.0,98.25632765719989,-446.91566265060237,1.0,1.4280000000000002,2.0,1.4280000000000002,6.0,1.7136,2026-06-11,v7_lift_weights,90,event
0,2F_L_N,-134.0,168.82530120481928,34.0,95.1151311473383,-302.8253012048193,1.0,1.4280000000000002,1.0,0.7140000000000001,3.0,0.8568,2026-06-11,v8_dynamic,90,event
1,2F_R_N,416.0,127.40963855421687,40.0,104.64953867562288,288.5903614457831,0.0,0.0,1.0,0.7140000000000001,6.0,1.7136,2026-06-11,v8_dynamic,90,event
2,3F_L_A,198.0,143.82530120481928,40.0,97.22171222854948,54.17469879518072,0.0,0.0,0.0,0.0,1.0,0.2856,2026-06-11,v8_dynamic,90,event
3,3F_L_N,-542.0,199.54819277108433,32.0,94.51729891607975,-741.5481927710844,1.0,1.4280000000000002,1.0,0.7140000000000001,1.0,0.2856,2026-06-11,v8_dynamic,90,event
4,3F_R_A,218.0,142.31927710843374,44.0,97.94734784811403,75.68072289156626,0.0,0.0,0.0,0.0,0.0,0.0,2026-06-11,v8_dynamic,90,event
5,3F_R_N,-92.0,165.66265060240963,34.0,99.25242406810226,-257.6626506024096,1.0,1.4280000000000002,2.0,1.4280000000000002,6.0,1.7136,2026-06-11,v8_dynamic,90,event
0,2F_L_N,142.0,135.24096385542168,42.0,98.67705399793,6.759036144578317,0.0,0.0,2.0,1.4280000000000002,4.0,1.1424,2026-06-13,v6a_hit_an,90,non_event
1,2F_R_N,52.0,142.01807228915663,38.0,97.0660119795544,-90.01807228915663,0.0,0.0,0.0,0.0,2.0,0.5712,2026-06-13,v6a_hit_an,90,non_event
2,3F_L_A,420.0,114.30722891566265,50.0,100.17016524136737,305.6927710843373,0.0,0.0,0.0,0.0,0.0,0.0,2026-06-13,v6a_hit_an,90,non_event
3,3F_L_N,-96.0,153.16265060240963,40.0,98.21911193082245,-249.16265060240963,0.0,0.0,2.0,1.4280000000000002,9.0,2.5704,2026-06-13,v6a_hit_an,90,non_event
4,3F_R_A,278.0,125.0,52.0,98.24504476881674,153.0,0.0,0.0,0.0,0.0,0.0,0.0,2026-06-13,v6a_hit_an,90,non_event
5,3F_R_N,-374.0,174.09638554216866,36.0,100.51071216080501,-548.0963855421687,2.0,2.8560000000000003,3.0,2.1420000000000003,4.0,1.1424,2026-06-13,v6a_hit_an,90,non_event
0,2F_L_N,220.0,129.36746987951807,38.0,100.58068593514137,90.63253012048193,1.0,1.4280000000000002,2.0,1.4280000000000002,4.0,1.1424,2026-06-13,v7_lift_weights,90,non_event
1,2F_R_N,-110.0,154.21686746987953,34.0,96.04114887707209,-264.2168674698795,0.0,0.0,0.0,0.0,2.0,0.5712,2026-06-13,v7_lift_weights,90,non_event
2,3F_L_A,574.0,102.71084337349397,48.0,100.79442001805027,471.28915662650604,0.0,0.0,0.0,0.0,0.0,0.0,2026-06-13,v7_lift_weights,90,non_event
3,3F_L_N,10.0,145.18072289156626,42.0,99.29888940798162,-135.18072289156626,0.0,0.0,2.0,1.4280000000000002,9.0,2.5704,2026-06-13,v7_lift_weights,90,non_event
4,3F_R_A,364.0,118.52409638554217,56.00000000000001,98.98120889261914,245.47590361445782,0.0,0.0,0.0,0.0,0.0,0.0,2026-06-13,v7_lift_weights,90,non_event
5,3F_R_N,-376.0,174.24698795180723,36.0,100.02954147970922,-550.2469879518072,2.0,2.8560000000000003,3.0,2.1420000000000003,4.0,1.1424,2026-06-13,v7_lift_weights,90,non_event
0,2F_L_N,362.0,118.67469879518072,42.0,103.5215587149925,243.32530120481928,1.0,1.4280000000000002,3.0,2.1420000000000003,5.0,1.428,2026-06-13,v8_dynamic,90,non_event
1,2F_R_N,-222.0,162.65060240963857,34.0,95.7121695991991,-384.65060240963857,0.0,0.0,0.0,0.0,2.0,0.5712,2026-06-13,v8_dynamic,90,non_event
2,3F_L_A,498.0,108.43373493975903,50.0,100.47506893194175,389.566265060241,0.0,0.0,0.0,0.0,0.0,0.0,2026-06-13,v8_dynamic,90,non_event
3,3F_L_N,-60.0,150.45180722891567,42.0,98.73558184704483,-210.45180722891567,0.0,0.0,2.0,1.4280000000000002,9.0,2.5704,2026-06-13,v8_dynamic,90,non_event
4,3F_R_A,362.0,118.67469879518072,56.00000000000001,98.62636398721244,243.32530120481928,0.0,0.0,0.0,0.0,0.0,0.0,2026-06-13,v8_dynamic,90,non_event
5,3F_R_N,-270.0,166.26506024096386,38.0,100.92148468369123,-436.26506024096386,2.0,2.8560000000000003,3.0,2.1420000000000003,4.0,1.1424,2026-06-13,v8_dynamic,90,non_event
0,2F_L_N,190.0,-20.180722891566266,44.0,99.68126888755843,210.18072289156626,1.0,1.4280000000000002,2.0,1.4280000000000002,4.0,1.1424,2026-06-14,v6a_hit_an,90,non_event
1,2F_R_N,384.0,-34.78915662650602,44.0,103.84938270962795,418.78915662650604,1.0,1.4280000000000002,3.0,2.1420000000000003,4.0,1.1424,2026-06-14,v6a_hit_an,90,non_event
2,3F_L_A,-148.0,5.271084337349397,38.0,95.95997112008122,-153.2710843373494,0.0,0.0,0.0,0.0,0.0,0.0,2026-06-14,v6a_hit_an,90,non_event
3,3F_L_N,226.0,-22.89156626506024,44.0,98.35410135971159,248.89156626506025,2.0,2.8560000000000003,3.0,2.1420000000000003,5.0,1.428,2026-06-14,v6a_hit_an,90,non_event
4,3F_R_A,22.0,-7.530120481927711,42.0,97.0709172737233,29.53012048192771,0.0,0.0,0.0,0.0,0.0,0.0,2026-06-14,v6a_hit_an,90,non_event
5,3F_R_N,-130.0,3.9156626506024095,36.0,96.37963384640392,-133.9156626506024,0.0,0.0,0.0,0.0,5.0,1.428,2026-06-14,v6a_hit_an,90,non_event
0,2F_L_N,-94.0,1.2048192771084338,42.0,96.85238996588933,-95.20481927710843,1.0,1.4280000000000002,1.0,0.7140000000000001,3.0,0.8568,2026-06-14,v7_lift_weights,90,non_event
1,2F_R_N,444.0,-39.30722891566265,46.0,104.20753666476044,483.3072289156627,1.0,1.4280000000000002,3.0,2.1420000000000003,4.0,1.1424,2026-06-14,v7_lift_weights,90,non_event
2,3F_L_A,-90.0,0.9036144578313253,40.0,96.72007019029382,-90.90361445783132,0.0,0.0,0.0,0.0,0.0,0.0,2026-06-14,v7_lift_weights,90,non_event
3,3F_L_N,202.0,-21.08433734939759,42.0,98.58188144380394,223.0843373493976,2.0,2.8560000000000003,4.0,2.8560000000000003,6.0,1.7136,2026-06-14,v7_lift_weights,90,non_event
4,3F_R_A,-32.0,-3.463855421686747,42.0,97.1321938583665,-28.53614457831325,0.0,0.0,0.0,0.0,0.0,0.0,2026-06-14,v7_lift_weights,90,non_event
5,3F_R_N,64.0,-10.69277108433735,36.0,98.50192485608414,74.69277108433735,0.0,0.0,0.0,0.0,6.0,1.7136,2026-06-14,v7_lift_weights,90,non_event
0,2F_L_N,-168.0,6.77710843373494,40.0,96.35439637814501,-174.77710843373495,1.0,1.4280000000000002,1.0,0.7140000000000001,3.0,0.8568,2026-06-14,v8_dynamic,90,non_event
1,2F_R_N,414.0,-37.04819277108434,44.0,104.24238569130564,451.04819277108436,1.0,1.4280000000000002,3.0,2.1420000000000003,4.0,1.1424,2026-06-14,v8_dynamic,90,non_event
2,3F_L_A,-20.0,-4.367469879518072,44.0,97.00924070181053,-15.632530120481928,0.0,0.0,0.0,0.0,0.0,0.0,2026-06-14,v8_dynamic,90,non_event
3,3F_L_N,6.0,-6.325301204819277,38.0,97.32382326577782,12.325301204819276,2.0,2.8560000000000003,4.0,2.8560000000000003,6.0,1.7136,2026-06-14,v8_dynamic,90,non_event
4,3F_R_A,30.0,-8.132530120481928,42.0,97.45525179106475,38.13253012048193,0.0,0.0,0.0,0.0,0.0,0.0,2026-06-14,v8_dynamic,90,non_event
5,3F_R_N,202.0,-21.08433734939759,38.0,99.20927854426007,223.0843373493976,0.0,0.0,0.0,0.0,6.0,1.7136,2026-06-14,v8_dynamic,90,non_event
0,2F_L_N,128.0,-75.0,38.0,99.51064381962556,203.0,1.0,1.4280000000000002,2.0,1.4280000000000002,4.0,1.1424,2026-06-15,v6a_hit_an,90,non_event
1,2F_R_N,-526.0,-25.753012048192772,26.0,96.24997804150415,-500.2469879518072,1.0,1.4280000000000002,1.0,0.7140000000000001,2.0,0.5712,2026-06-15,v6a_hit_an,90,non_event
2,3F_L_A,156.0,-77.10843373493977,38.0,96.37254675617771,233.10843373493975,0.0,0.0,0.0,0.0,1.0,0.2856,2026-06-15,v6a_hit_an,90,non_event
3,3F_L_N,-474.0,-29.66867469879518,30.0,91.60995666129237,-444.3313253012048,1.0,1.4280000000000002,2.0,1.4280000000000002,4.0,1.1424,2026-06-15,v6a_hit_an,90,non_event
4,3F_R_A,330.0,-90.21084337349397,54.0,99.24514228350863,420.21084337349396,0.0,0.0,0.0,0.0,1.0,0.2856,2026-06-15,v6a_hit_an,90,non_event
5,3F_R_N,-190.0,-51.05421686746988,40.0,107.61814518088093,-138.94578313253012,1.0,1.4280000000000002,3.0,2.1420000000000003,8.0,2.2848,2026-06-15,v6a_hit_an,90,non_event
0,2F_L_N,128.0,-75.0,38.0,99.51064381962556,203.0,1.0,1.4280000000000002,2.0,1.4280000000000002,4.0,1.1424,2026-06-15,v7_lift_weights,90,non_event
1,2F_R_N,-308.0,-42.16867469879518,30.0,96.80311992497421,-265.8313253012048,2.0,2.8560000000000003,2.0,1.4280000000000002,3.0,0.8568,2026-06-15,v7_lift_weights,90,non_event
2,3F_L_A,170.0,-78.16265060240964,38.0,96.29502548096507,248.16265060240966,0.0,0.0,0.0,0.0,1.0,0.2856,2026-06-15,v7_lift_weights,90,non_event
3,3F_L_N,-460.0,-30.72289156626506,26.0,90.56503666970949,-429.27710843373495,1.0,1.4280000000000002,2.0,1.4280000000000002,4.0,1.1424,2026-06-15,v7_lift_weights,90,non_event
4,3F_R_A,238.0,-83.28313253012048,50.0,97.9322003326285,321.2831325301205,0.0,0.0,0.0,0.0,0.0,0.0,2026-06-15,v7_lift_weights,90,non_event
5,3F_R_N,-498.0,-27.86144578313253,36.0,106.2765696330579,-470.1385542168675,1.0,1.4280000000000002,2.0,1.4280000000000002,7.0,1.9992,2026-06-15,v7_lift_weights,90,non_event
0,2F_L_N,128.0,-75.0,38.0,99.51064381962556,203.0,1.0,1.4280000000000002,2.0,1.4280000000000002,4.0,1.1424,2026-06-15,v8_dynamic,90,non_event
1,2F_R_N,-312.0,-41.86746987951807,32.0,97.3044477401899,-270.13253012048193,2.0,2.8560000000000003,2.0,1.4280000000000002,3.0,0.8568,2026-06-15,v8_dynamic,90,non_event
2,3F_L_A,170.0,-78.16265060240964,38.0,96.29502548096507,248.16265060240966,0.0,0.0,0.0,0.0,1.0,0.2856,2026-06-15,v8_dynamic,90,non_event
3,3F_L_N,-328.0,-40.66265060240964,28.000000000000004,91.40317655202361,-287.33734939759034,1.0,1.4280000000000002,2.0,1.4280000000000002,5.0,1.428,2026-06-15,v8_dynamic,90,non_event
4,3F_R_A,162.0,-77.56024096385542,46.0,97.39418082236695,239.56024096385542,0.0,0.0,0.0,0.0,0.0,0.0,2026-06-15,v8_dynamic,90,non_event
5,3F_R_N,-426.0,-33.28313253012048,38.0,107.44242893017818,-392.7168674698795,1.0,1.4280000000000002,2.0,1.4280000000000002,7.0,1.9992,2026-06-15,v8_dynamic,90,non_event
0,2F_L_N,-34.0,127.86144578313252,24.0,93.58794772922322,-161.86144578313252,1.0,1.4280000000000002,1.0,0.7140000000000001,3.0,0.8568,2026-06-16,v6a_hit_an,90,non_event
1,2F_R_N,300.0,102.71084337349397,44.0,112.20495148044456,197.28915662650604,1.0,1.4280000000000002,2.0,1.4280000000000002,7.0,1.9992,2026-06-16,v6a_hit_an,90,non_event
2,3F_L_A,286.0,103.76506024096386,42.0,96.77654171881139,182.23493975903614,0.0,0.0,0.0,0.0,1.0,0.2856,2026-06-16,v6a_hit_an,90,non_event
3,3F_L_N,-516.0,164.15662650602408,26.0,93.4036271296312,-680.156626506024,0.0,0.0,0.0,0.0,1.0,0.2856,2026-06-16,v6a_hit_an,90,non_event
4,3F_R_A,422.0,93.52409638554217,42.0,98.13925453087964,328.4759036144578,0.0,0.0,0.0,0.0,2.0,0.5712,2026-06-16,v6a_hit_an,90,non_event
5,3F_R_N,100.0,117.7710843373494,34.0,95.46188172048939,-17.771084337349393,1.0,1.4280000000000002,2.0,1.4280000000000002,5.0,1.428,2026-06-16,v6a_hit_an,90,non_event
0,2F_L_N,-92.0,132.2289156626506,30.0,95.94968327355741,-224.2289156626506,0.0,0.0,0.0,0.0,2.0,0.5712,2026-06-16,v7_lift_weights,90,non_event
1,2F_R_N,158.0,113.40361445783132,42.0,110.20516690644509,44.596385542168676,1.0,1.4280000000000002,2.0,1.4280000000000002,6.0,1.7136,2026-06-16,v7_lift_weights,90,non_event
2,3F_L_A,290.0,103.46385542168674,42.0,96.59611247200303,186.53614457831327,0.0,0.0,0.0,0.0,1.0,0.2856,2026-06-16,v7_lift_weights,90,non_event
3,3F_L_N,-78.0,131.17469879518072,28.000000000000004,95.47895402603666,-209.17469879518072,1.0,1.4280000000000002,1.0,0.7140000000000001,2.0,0.5712,2026-06-16,v7_lift_weights,90,non_event
4,3F_R_A,398.0,95.33132530120481,42.0,97.97453323012793,302.6686746987952,0.0,0.0,0.0,0.0,2.0,0.5712,2026-06-16,v7_lift_weights,90,non_event
5,3F_R_N,40.0,122.28915662650603,34.0,94.35605174979246,-82.28915662650603,1.0,1.4280000000000002,2.0,1.4280000000000002,5.0,1.428,2026-06-16,v7_lift_weights,90,non_event
0,2F_L_N,-146.0,136.29518072289156,26.0,91.63692884606681,-282.2951807228916,0.0,0.0,0.0,0.0,3.0,0.8568,2026-06-16,v8_dynamic,90,non_event
1,2F_R_N,198.0,110.39156626506023,42.0,110.86659385637229,87.60843373493977,1.0,1.4280000000000002,2.0,1.4280000000000002,6.0,1.7136,2026-06-16,v8_dynamic,90,non_event
2,3F_L_A,288.0,103.6144578313253,42.0,96.2007951721283,184.3855421686747,0.0,0.0,0.0,0.0,1.0,0.2856,2026-06-16,v8_dynamic,90,non_event
3,3F_L_N,-352.0,151.80722891566265,28.000000000000004,94.5455673620886,-503.8072289156627,0.0,0.0,0.0,0.0,1.0,0.2856,2026-06-16,v8_dynamic,90,non_event
4,3F_R_A,264.0,105.42168674698796,40.0,97.52423330509865,158.57831325301203,0.0,0.0,0.0,0.0,1.0,0.2856,2026-06-16,v8_dynamic,90,non_event
5,3F_R_N,44.0,121.98795180722891,34.0,95.33383002426748,-77.98795180722891,1.0,1.4280000000000002,2.0,1.4280000000000002,5.0,1.428,2026-06-16,v8_dynamic,90,non_event
0,2F_L_N,1312.0,251.80722891566265,52.0,110.95816856284151,1060.1927710843374,2.0,2.8560000000000003,3.0,2.1420000000000003,10.0,2.856,2026-06-17,v6a_hit_an,90,event
1,2F_R_N,448.0,316.86746987951807,46.0,102.27898778686858,131.13253012048193,0.0,0.0,1.0,0.7140000000000001,3.0,0.8568,2026-06-17,v6a_hit_an,90,event
2,3F_L_A,222.0,333.8855421686747,42.0,98.33790469105563,-111.8855421686747,0.0,0.0,0.0,0.0,1.0,0.2856,2026-06-17,v6a_hit_an,90,event
3,3F_L_N,194.0,335.99397590361446,32.0,99.02955437236292,-141.99397590361446,1.0,1.4280000000000002,2.0,1.4280000000000002,4.0,1.1424,2026-06-17,v6a_hit_an,90,event
4,3F_R_A,32.0,348.1927710843373,46.0,98.32051043353184,-316.1927710843373,0.0,0.0,0.0,0.0,0.0,0.0,2026-06-17,v6a_hit_an,90,event
5,3F_R_N,-438.0,383.5843373493976,42.0,97.94059133140512,-821.5843373493976,0.0,0.0,0.0,0.0,2.0,0.5712,2026-06-17,v6a_hit_an,90,event
0,2F_L_N,1258.0,255.8734939759036,48.0,110.99678989023128,1002.1265060240964,2.0,2.8560000000000003,3.0,2.1420000000000003,10.0,2.856,2026-06-17,v7_lift_weights,90,event
1,2F_R_N,242.0,332.37951807228916,40.0,100.59635189728571,-90.37951807228916,0.0,0.0,1.0,0.7140000000000001,2.0,0.5712,2026-06-17,v7_lift_weights,90,event
2,3F_L_A,206.0,335.0903614457831,40.0,98.55007960583617,-129.09036144578312,0.0,0.0,0.0,0.0,1.0,0.2856,2026-06-17,v7_lift_weights,90,event
3,3F_L_N,122.0,341.4156626506024,32.0,98.54279628098043,-219.41566265060243,0.0,0.0,1.0,0.7140000000000001,3.0,0.8568,2026-06-17,v7_lift_weights,90,event
4,3F_R_A,62.0,345.93373493975906,46.0,98.4935014567998,-283.93373493975906,0.0,0.0,0.0,0.0,0.0,0.0,2026-06-17,v7_lift_weights,90,event
5,3F_R_N,-122.0,359.78915662650604,44.0,100.24618598221952,-481.78915662650604,1.0,1.4280000000000002,1.0,0.7140000000000001,3.0,0.8568,2026-06-17,v7_lift_weights,90,event
0,2F_L_N,1084.0,268.9759036144578,46.0,109.10190447390467,815.0240963855422,2.0,2.8560000000000003,3.0,2.1420000000000003,9.0,2.5704,2026-06-17,v8_dynamic,90,event
1,2F_R_N,410.0,319.7289156626506,46.0,101.82887042833838,90.27108433734941,0.0,0.0,1.0,0.7140000000000001,2.0,0.5712,2026-06-17,v8_dynamic,90,event
2,3F_L_A,222.0,333.8855421686747,42.0,98.33790469105564,-111.8855421686747,0.0,0.0,0.0,0.0,1.0,0.2856,2026-06-17,v8_dynamic,90,event
3,3F_L_N,334.0,325.45180722891564,34.0,99.73615385205827,8.54819277108436,1.0,1.4280000000000002,2.0,1.4280000000000002,4.0,1.1424,2026-06-17,v8_dynamic,90,event
4,3F_R_A,56.0,346.3855421686747,46.0,98.48110892708783,-290.3855421686747,0.0,0.0,0.0,0.0,0.0,0.0,2026-06-17,v8_dynamic,90,event
5,3F_R_N,-438.0,383.5843373493976,42.0,97.94059133140514,-821.5843373493976,0.0,0.0,0.0,0.0,2.0,0.5712,2026-06-17,v8_dynamic,90,event
0,2F_L_N,-2.0,-45.63253012048193,36.0,105.43583111417624,43.63253012048193,0.0,0.0,2.0,1.4280000000000002,5.0,1.428,2026-06-18,v6a_hit_an,90,non_event
1,2F_R_N,-130.0,-35.993975903614455,36.0,92.93071454308199,-94.00602409638554,0.0,0.0,0.0,0.0,2.0,0.5712,2026-06-18,v6a_hit_an,90,non_event
2,3F_L_A,-28.0,-43.674698795180724,38.0,93.87175821333544,15.674698795180724,0.0,0.0,0.0,0.0,1.0,0.2856,2026-06-18,v6a_hit_an,90,non_event
3,3F_L_N,-504.0,-7.831325301204819,28.000000000000004,90.99001182595269,-496.1686746987952,0.0,0.0,0.0,0.0,1.0,0.2856,2026-06-18,v6a_hit_an,90,non_event
4,3F_R_A,0.0,-45.78313253012048,32.0,91.97047851314113,45.78313253012048,0.0,0.0,0.0,0.0,1.0,0.2856,2026-06-18,v6a_hit_an,90,non_event
5,3F_R_N,516.0,-84.63855421686748,40.0,110.9143776285153,600.6385542168675,4.0,5.712000000000001,5.0,3.5700000000000003,10.0,2.856,2026-06-18,v6a_hit_an,90,non_event
0,2F_L_N,-48.0,-42.16867469879518,38.0,104.31555684133902,-5.831325301204821,0.0,0.0,2.0,1.4280000000000002,4.0,1.1424,2026-06-18,v7_lift_weights,90,non_event
1,2F_R_N,-98.0,-38.403614457831324,38.0,93.98816929012601,-59.596385542168676,0.0,0.0,0.0,0.0,2.0,0.5712,2026-06-18,v7_lift_weights,90,non_event
2,3F_L_A,-94.0,-38.704819277108435,38.0,93.59360381247131,-55.295180722891565,0.0,0.0,0.0,0.0,0.0,0.0,2026-06-18,v7_lift_weights,90,non_event
3,3F_L_N,-576.0,-2.4096385542168677,24.0,88.99488623129419,-573.5903614457832,0.0,0.0,0.0,0.0,1.0,0.2856,2026-06-18,v7_lift_weights,90,non_event
4,3F_R_A,-20.0,-44.27710843373494,30.0,91.7354585354748,24.277108433734938,0.0,0.0,0.0,0.0,1.0,0.2856,2026-06-18,v7_lift_weights,90,non_event
5,3F_R_N,620.0,-92.46987951807229,40.0,111.49479645437131,712.4698795180723,4.0,5.712000000000001,5.0,3.5700000000000003,10.0,2.856,2026-06-18,v7_lift_weights,90,non_event
0,2F_L_N,-178.0,-32.37951807228916,36.0,103.18601475351683,-145.62048192771084,0.0,0.0,1.0,0.7140000000000001,3.0,0.8568,2026-06-18,v8_dynamic,90,non_event
1,2F_R_N,-148.0,-34.63855421686747,36.0,92.44872619571105,-113.36144578313252,0.0,0.0,0.0,0.0,2.0,0.5712,2026-06-18,v8_dynamic,90,non_event
2,3F_L_A,-110.0,-37.5,36.0,93.56053427446282,-72.5,0.0,0.0,0.0,0.0,0.0,0.0,2026-06-18,v8_dynamic,90,non_event
3,3F_L_N,-456.0,-11.44578313253012,28.000000000000004,90.38577575626458,-444.5542168674699,0.0,0.0,0.0,0.0,2.0,0.5712,2026-06-18,v8_dynamic,90,non_event
4,3F_R_A,-20.0,-44.27710843373494,30.0,91.7354585354748,24.277108433734938,0.0,0.0,0.0,0.0,1.0,0.2856,2026-06-18,v8_dynamic,90,non_event
5,3F_R_N,638.0,-93.82530120481928,40.0,111.16107936363892,731.8253012048193,4.0,5.712000000000001,5.0,3.5700000000000003,10.0,2.856,2026-06-18,v8_dynamic,90,non_event
0,2F_L_N,276.0,25.903614457831324,34.0,98.3416059466165,250.09638554216866,1.0,1.4280000000000002,2.0,1.4280000000000002,4.0,1.1424,2026-06-19,v6a_hit_an,90,non_event
1,2F_R_N,-296.0,68.97590361445783,30.0,93.22372979963566,-364.9759036144578,1.0,1.4280000000000002,1.0,0.7140000000000001,2.0,0.5712,2026-06-19,v6a_hit_an,90,non_event
2,3F_L_A,-8.0,47.28915662650602,34.0,97.85322226300963,-55.28915662650602,0.0,0.0,0.0,0.0,2.0,0.5712,2026-06-19,v6a_hit_an,90,non_event
3,3F_L_N,-422.0,78.46385542168674,26.0,98.78381059900597,-500.46385542168673,1.0,1.4280000000000002,1.0,0.7140000000000001,2.0,0.5712,2026-06-19,v6a_hit_an,90,non_event
4,3F_R_A,94.0,39.60843373493976,38.0,96.23066843394157,54.39156626506024,0.0,0.0,0.0,0.0,0.0,0.0,2026-06-19,v6a_hit_an,90,non_event
5,3F_R_N,396.0,16.867469879518072,30.0,99.83951705433105,379.13253012048193,3.0,4.284000000000001,4.0,2.8560000000000003,7.0,1.9992,2026-06-19,v6a_hit_an,90,non_event
0,2F_L_N,276.0,25.903614457831324,34.0,98.34160594661647,250.09638554216866,1.0,1.4280000000000002,2.0,1.4280000000000002,4.0,1.1424,2026-06-19,v7_lift_weights,90,non_event
1,2F_R_N,-214.0,62.80120481927711,34.0,95.13255833197951,-276.80120481927713,1.0,1.4280000000000002,1.0,0.7140000000000001,2.0,0.5712,2026-06-19,v7_lift_weights,90,non_event
2,3F_L_A,-58.0,51.05421686746988,32.0,96.9589465835531,-109.05421686746988,0.0,0.0,0.0,0.0,2.0,0.5712,2026-06-19,v7_lift_weights,90,non_event
3,3F_L_N,-600.0,91.86746987951807,24.0,96.16226313674622,-691.867469879518,1.0,1.4280000000000002,1.0,0.7140000000000001,2.0,0.5712,2026-06-19,v7_lift_weights,90,non_event
4,3F_R_A,80.0,40.66265060240964,36.0,96.05952013920934,39.33734939759036,0.0,0.0,0.0,0.0,0.0,0.0,2026-06-19,v7_lift_weights,90,non_event
5,3F_R_N,172.0,33.734939759036145,28.000000000000004,99.11991059412085,138.26506024096386,2.0,2.8560000000000003,3.0,2.1420000000000003,6.0,1.7136,2026-06-19,v7_lift_weights,90,non_event
0,2F_L_N,276.0,25.903614457831324,34.0,98.34160594661647,250.09638554216866,1.0,1.4280000000000002,2.0,1.4280000000000002,4.0,1.1424,2026-06-19,v8_dynamic,90,non_event
1,2F_R_N,-222.0,63.403614457831324,32.0,94.68625439509553,-285.40361445783134,1.0,1.4280000000000002,1.0,0.7140000000000001,3.0,0.8568,2026-06-19,v8_dynamic,90,non_event
2,3F_L_A,-52.0,50.602409638554214,32.0,96.90422713702837,-102.6024096385542,0.0,0.0,0.0,0.0,2.0,0.5712,2026-06-19,v8_dynamic,90,non_event
3,3F_L_N,-596.0,91.56626506024097,24.0,96.98936199398742,-687.566265060241,1.0,1.4280000000000002,1.0,0.7140000000000001,2.0,0.5712,2026-06-19,v8_dynamic,90,non_event
4,3F_R_A,76.0,40.963855421686745,36.0,95.70933600757493,35.036144578313255,0.0,0.0,0.0,0.0,0.0,0.0,2026-06-19,v8_dynamic,90,non_event
5,3F_R_N,150.0,35.39156626506024,28.000000000000004,98.77775595759682,114.60843373493975,2.0,2.8560000000000003,3.0,2.1420000000000003,6.0,1.7136,2026-06-19,v8_dynamic,90,non_event
0,2F_L_N,-536.0,27.40963855421687,22.0,93.80734304551274,-563.4096385542168,1.0,1.4280000000000002,1.0,0.7140000000000001,2.0,0.5712,2026-06-20,v6a_hit_an,90,non_event
1,2F_R_N,556.0,-54.81927710843374,44.0,101.76644559901821,610.8192771084338,0.0,0.0,1.0,0.7140000000000001,5.0,1.428,2026-06-20,v6a_hit_an,90,non_event
2,3F_L_A,514.0,-51.6566265060241,54.0,100.25858296947287,565.656626506024,0.0,0.0,0.0,0.0,0.0,0.0,2026-06-20,v6a_hit_an,90,non_event
3,3F_L_N,-746.0,43.22289156626506,28.000000000000004,94.67784465410048,-789.222891566265,1.0,1.4280000000000002,2.0,1.4280000000000002,4.0,1.1424,2026-06-20,v6a_hit_an,90,non_event
4,3F_R_A,-154.0,-1.355421686746988,30.0,96.95217689511998,-152.64457831325302,0.0,0.0,0.0,0.0,0.0,0.0,2026-06-20,v6a_hit_an,90,non_event
5,3F_R_N,-222.0,3.7650602409638556,42.0,98.66945147334113,-225.76506024096386,1.0,1.4280000000000002,3.0,2.1420000000000003,6.0,1.7136,2026-06-20,v6a_hit_an,90,non_event
0,2F_L_N,138.0,-23.343373493975903,34.0,100.71467168492522,161.3433734939759,2.0,2.8560000000000003,2.0,1.4280000000000002,3.0,0.8568,2026-06-20,v7_lift_weights,90,non_event
1,2F_R_N,394.0,-42.62048192771084,40.0,100.50402465815762,436.62048192771084,0.0,0.0,1.0,0.7140000000000001,4.0,1.1424,2026-06-20,v7_lift_weights,90,non_event
2,3F_L_A,384.0,-41.86746987951807,50.0,100.15193359843421,425.86746987951807,0.0,0.0,0.0,0.0,0.0,0.0,2026-06-20,v7_lift_weights,90,non_event
3,3F_L_N,-758.0,44.126506024096386,30.0,93.66192031576503,-802.1265060240964,1.0,1.4280000000000002,2.0,1.4280000000000002,3.0,0.8568,2026-06-20,v7_lift_weights,90,non_event
4,3F_R_A,-178.0,0.45180722891566266,30.0,96.77134941284243,-178.45180722891567,0.0,0.0,0.0,0.0,0.0,0.0,2026-06-20,v7_lift_weights,90,non_event
5,3F_R_N,-60.0,-8.433734939759036,42.0,99.72967030537107,-51.566265060240966,2.0,2.8560000000000003,4.0,2.8560000000000003,7.0,1.9992,2026-06-20,v7_lift_weights,90,non_event
0,2F_L_N,-276.0,7.831325301204819,30.0,96.85288979111444,-283.8313253012048,1.0,1.4280000000000002,1.0,0.7140000000000001,2.0,0.5712,2026-06-20,v8_dynamic,90,non_event
1,2F_R_N,394.0,-42.62048192771084,40.0,100.50402465815763,436.62048192771084,0.0,0.0,1.0,0.7140000000000001,4.0,1.1424,2026-06-20,v8_dynamic,90,non_event
2,3F_L_A,360.0,-40.06024096385542,52.0,99.5564114361831,400.06024096385545,0.0,0.0,0.0,0.0,0.0,0.0,2026-06-20,v8_dynamic,90,non_event
3,3F_L_N,-758.0,44.126506024096386,30.0,93.66192031576503,-802.1265060240964,1.0,1.4280000000000002,2.0,1.4280000000000002,3.0,0.8568,2026-06-20,v8_dynamic,90,non_event
4,3F_R_A,-146.0,-1.9578313253012047,30.0,96.98177882035212,-144.0421686746988,0.0,0.0,0.0,0.0,0.0,0.0,2026-06-20,v8_dynamic,90,non_event
5,3F_R_N,-222.0,3.7650602409638556,42.0,98.66945147334113,-225.76506024096386,1.0,1.4280000000000002,3.0,2.1420000000000003,6.0,1.7136,2026-06-20,v8_dynamic,90,non_event
0,2F_L_N,-214.0,-130.5722891566265,34.0,95.89839166118396,-83.42771084337349,0.0,0.0,0.0,0.0,5.0,1.428,2026-06-21,v6a_hit_an,90,event
1,2F_R_N,-358.0,-119.7289156626506,40.0,97.77119526689268,-238.2710843373494,0.0,0.0,0.0,0.0,1.0,0.2856,2026-06-21,v6a_hit_an,90,event
2,3F_L_A,124.0,-156.02409638554218,46.0,96.97790708320588,280.0240963855422,0.0,0.0,0.0,0.0,1.0,0.2856,2026-06-21,v6a_hit_an,90,event
3,3F_L_N,-136.0,-136.44578313253012,50.0,96.97618636459397,0.44578313253012425,1.0,1.4280000000000002,2.0,1.4280000000000002,6.0,1.7136,2026-06-21,v6a_hit_an,90,event
4,3F_R_A,-74.0,-141.1144578313253,42.0,98.32869681542685,67.1144578313253,0.0,0.0,0.0,0.0,1.0,0.2856,2026-06-21,v6a_hit_an,90,event
5,3F_R_N,-440.0,-113.55421686746988,34.0,98.31656893611104,-326.4457831325301,1.0,1.4280000000000002,2.0,1.4280000000000002,5.0,1.428,2026-06-21,v6a_hit_an,90,event
0,2F_L_N,-290.0,-124.84939759036145,32.0,94.86277692256401,-165.15060240963857,0.0,0.0,0.0,0.0,4.0,1.1424,2026-06-21,v7_lift_weights,90,event
1,2F_R_N,-56.0,-142.46987951807228,44.0,99.26541409777396,86.46987951807228,0.0,0.0,1.0,0.7140000000000001,2.0,0.5712,2026-06-21,v7_lift_weights,90,event
2,3F_L_A,144.0,-157.53012048192772,44.0,97.57868138078729,301.5301204819277,0.0,0.0,0.0,0.0,1.0,0.2856,2026-06-21,v7_lift_weights,90,event
3,3F_L_N,-166.0,-134.1867469879518,50.0,96.96189427548317,-31.813253012048193,1.0,1.4280000000000002,2.0,1.4280000000000002,6.0,1.7136,2026-06-21,v7_lift_weights,90,event
4,3F_R_A,-146.0,-135.69277108433735,44.0,97.92355715556523,-10.307228915662648,0.0,0.0,0.0,0.0,1.0,0.2856,2026-06-21,v7_lift_weights,90,event
5,3F_R_N,-358.0,-119.7289156626506,32.0,97.61899007786491,-238.2710843373494,2.0,2.8560000000000003,3.0,2.1420000000000003,6.0,1.7136,2026-06-21,v7_lift_weights,90,event
0,2F_L_N,-334.0,-121.53614457831326,32.0,94.86420007437174,-212.46385542168673,0.0,0.0,0.0,0.0,4.0,1.1424,2026-06-21,v8_dynamic,90,event
1,2F_R_N,-42.0,-143.52409638554218,46.0,99.44143103876674,101.52409638554218,0.0,0.0,1.0,0.7140000000000001,2.0,0.5712,2026-06-21,v8_dynamic,90,event
2,3F_L_A,144.0,-157.53012048192772,44.0,97.57868138078729,301.5301204819277,0.0,0.0,0.0,0.0,1.0,0.2856,2026-06-21,v8_dynamic,90,event
3,3F_L_N,-126.0,-137.1987951807229,50.0,97.90965006401511,11.198795180722897,1.0,1.4280000000000002,2.0,1.4280000000000002,6.0,1.7136,2026-06-21,v8_dynamic,90,event
4,3F_R_A,-116.0,-137.95180722891567,42.0,98.03598860017726,21.95180722891567,0.0,0.0,0.0,0.0,1.0,0.2856,2026-06-21,v8_dynamic,90,event
5,3F_R_N,-456.0,-112.34939759036145,32.0,96.51970279935506,-343.65060240963857,1.0,1.4280000000000002,2.0,1.4280000000000002,6.0,1.7136,2026-06-21,v8_dynamic,90,event
