test_date,variant,window,component,event_type,avg_diff,win_rate,payout_rate,hit@50,lift@50
2025-10-06,v6a_hit_an,90,c1,non_event,-132.0,34.0,93.86884701130384,4.0,1.1424
2025-10-06,v6a_hit_an,90,c2,non_event,224.0,48.0,99.1136620919355,2.0,0.5712
2025-10-06,v6a_hit_an,90,c3,non_event,666.0,48.0,103.50305891831678,8.0,2.2848
2025-10-06,v6a_hit_an,90,c4,non_event,338.0,38.0,100.4873053097387,5.0,1.428
2025-10-06,v6a_hit_an,90,c5,non_event,230.0,40.0,99.09629568097871,5.0,1.428
2025-10-06,v6a_hit_an,90,c6,non_event,392.0,42.0,101.36551939075053,4.0,1.1424
2025-10-06,v6a_hit_an,90,hist_diff,non_event,58.0,40.0,97.8644253113106,1.0,0.2856
2025-10-06,v6a_hit_an,90,hist_payout,non_event,100.0,40.0,99.28579383237356,3.0,0.8568
2025-10-06,v6a_hit_an,90,hist_winrate,non_event,120.0,42.0,97.84043504794361,0.0,0.0
2025-10-06,v6a_hit_an,90,hist_hit_an,non_event,818.0,54.0,108.24825774426508,5.0,1.428
2025-10-06,v8_dynamic,90,c1,non_event,-100.0,36.0,94.72296052650623,4.0,1.1424
2025-10-06,v8_dynamic,90,c2,non_event,274.0,48.0,99.72656553700577,2.0,0.5712
2025-10-06,v8_dynamic,90,c3,non_event,682.0,48.0,103.61255425553782,8.0,2.2848
2025-10-06,v8_dynamic,90,c4,non_event,338.0,38.0,100.4873053097387,5.0,1.428
2025-10-06,v8_dynamic,90,c5,non_event,400.0,44.0,101.38103064188796,6.0,1.7136
2025-10-06,v8_dynamic,90,c6,non_event,248.0,38.0,100.3735609149199,4.0,1.1424
2025-10-06,v8_dynamic,90,hist_diff,non_event,58.0,40.0,97.8644253113106,1.0,0.2856
2025-10-06,v8_dynamic,90,hist_payout,non_event,100.0,40.0,99.28579383237356,3.0,0.8568
2025-10-06,v8_dynamic,90,hist_winrate,non_event,100.0,42.0,97.89687773274375,0.0,0.0
2025-10-06,v8_dynamic,90,hist_hit_an,non_event,614.0,52.0,106.12186669038967,4.0,1.1424
2025-10-07,v6a_hit_an,90,c1,event,162.0,42.0,101.3784157960853,6.0,1.7136
2025-10-07,v6a_hit_an,90,c2,event,414.0,50.0,101.42391278751417,3.0,0.8568
2025-10-07,v6a_hit_an,90,c3,event,-654.0,28.000000000000004,96.98251750823346,3.0,0.8568
2025-10-07,v6a_hit_an,90,c4,event,52.0,44.0,98.6559623552119,4.0,1.1424
2025-10-07,v6a_hit_an,90,c5,event,-266.0,38.0,98.38886682239321,2.0,0.5712
2025-10-07,v6a_hit_an,90,c6,event,270.0,42.0,101.1195173194304,5.0,1.428
2025-10-07,v6a_hit_an,90,hist_diff,event,6.0,42.0,99.23222241642907,5.0,1.428
2025-10-07,v6a_hit_an,90,hist_payout,event,750.0,44.0,106.07113176399332,9.0,2.5704
2025-10-07,v6a_hit_an,90,hist_winrate,event,62.0,46.0,99.5588296588299,2.0,0.5712
2025-10-07,v6a_hit_an,90,hist_hit_an,event,618.0,38.0,104.25032376706604,7.0,1.9992
2025-10-07,v8_dynamic,90,c1,event,248.0,46.0,102.41914948708529,6.0,1.7136
2025-10-07,v8_dynamic,90,c2,event,220.0,46.0,99.51072539005736,2.0,0.5712
2025-10-07,v8_dynamic,90,c3,event,-710.0,28.000000000000004,96.37874331253838,3.0,0.8568
2025-10-07,v8_dynamic,90,c4,event,52.0,44.0,98.65596235521188,4.0,1.1424
2025-10-07,v8_dynamic,90,c5,event,-74.0,38.0,98.76464389266162,3.0,0.8568
2025-10-07,v8_dynamic,90,c6,event,14.0,42.0,100.02841778693366,5.0,1.428
2025-10-07,v8_dynamic,90,hist_diff,event,6.0,42.0,99.23222241642907,5.0,1.428
2025-10-07,v8_dynamic,90,hist_payout,event,750.0,44.0,106.07113176399332,9.0,2.5704
2025-10-07,v8_dynamic,90,hist_winrate,event,-10.0,46.0,99.23217995190103,2.0,0.5712
2025-10-07,v8_dynamic,90,hist_hit_an,event,566.0,38.0,103.8915322130115,7.0,1.9992
2025-10-08,v6a_hit_an,90,c1,non_event,124.0,28.000000000000004,98.38259673234909,8.0,2.2848
2025-10-08,v6a_hit_an,90,c2,non_event,270.0,32.0,101.50051721450643,3.0,0.8568
2025-10-08,v6a_hit_an,90,c3,non_event,-116.0,34.0,100.6469909625617,2.0,0.5712
2025-10-08,v6a_hit_an,90,c4,non_event,362.0,46.0,100.3100494217421,6.0,1.7136
2025-10-08,v6a_hit_an,90,c5,non_event,116.0,34.0,101.69895420715953,5.0,1.428
2025-10-08,v6a_hit_an,90,c6,non_event,764.0,48.0,108.09372936474823,4.0,1.1424
2025-10-08,v6a_hit_an,90,hist_diff,non_event,-88.0,30.0,98.55113650650397,2.0,0.5712
2025-10-08,v6a_hit_an,90,hist_payout,non_event,-358.0,20.0,96.7859033177158,4.0,1.1424
2025-10-08,v6a_hit_an,90,hist_winrate,non_event,326.0,44.0,100.08261440755132,2.0,0.5712
2025-10-08,v6a_hit_an,90,hist_hit_an,non_event,296.0,40.0,104.0499979366111,6.0,1.7136
2025-10-08,v8_dynamic,90,c1,non_event,162.0,28.000000000000004,98.24469986049289,8.0,2.2848
2025-10-08,v8_dynamic,90,c2,non_event,178.0,32.0,101.15442125626241,3.0,0.8568
2025-10-08,v8_dynamic,90,c3,non_event,-140.0,34.0,100.08810666504105,2.0,0.5712
2025-10-08,v8_dynamic,90,c4,non_event,206.0,42.0,99.12835212214257,5.0,1.428
2025-10-08,v8_dynamic,90,c5,non_event,120.0,38.0,103.4892928537682,4.0,1.1424
2025-10-08,v8_dynamic,90,c6,non_event,882.0,52.0,108.81734962987217,3.0,0.8568
2025-10-08,v8_dynamic,90,hist_diff,non_event,-88.0,30.0,98.55113650650397,2.0,0.5712
2025-10-08,v8_dynamic,90,hist_payout,non_event,-358.0,20.0,96.7859033177158,4.0,1.1424
2025-10-08,v8_dynamic,90,hist_winrate,non_event,326.0,44.0,100.08261440755133,2.0,0.5712
2025-10-08,v8_dynamic,90,hist_hit_an,non_event,412.0,40.0,103.47727751933331,7.0,1.9992
2025-10-09,v6a_hit_an,90,c1,non_event,-178.0,36.0,97.26999937190604,4.0,1.1424
2025-10-09,v6a_hit_an,90,c2,non_event,74.0,36.0,106.10778278774232,4.0,1.1424
2025-10-09,v6a_hit_an,90,c3,non_event,240.0,36.0,96.85749295265717,5.0,1.428
2025-10-09,v6a_hit_an,90,c4,non_event,-216.0,36.0,95.63877974575729,3.0,0.8568
2025-10-09,v6a_hit_an,90,c5,non_event,426.0,44.0,99.0769196827508,5.0,1.428
2025-10-09,v6a_hit_an,90,c6,non_event,526.0,40.0,97.44723856498572,7.0,1.9992
2025-10-09,v6a_hit_an,90,hist_diff,non_event,366.0,48.0,100.8526360382983,4.0,1.1424
2025-10-09,v6a_hit_an,90,hist_payout,non_event,370.0,48.0,108.8270254870911,5.0,1.428
2025-10-09,v6a_hit_an,90,hist_winrate,non_event,86.0,38.0,97.28730710357279,0.0,0.0
2025-10-09,v6a_hit_an,90,hist_hit_an,non_event,262.0,42.0,108.27191503737863,4.0,1.1424
2025-10-09,v8_dynamic,90,c1,non_event,-178.0,36.0,97.26999937190601,4.0,1.1424
2025-10-09,v8_dynamic,90,c2,non_event,68.0,36.0,105.85126426646933,4.0,1.1424
2025-10-09,v8_dynamic,90,c3,non_event,182.0,32.0,95.17364749948688,5.0,1.428
2025-10-09,v8_dynamic,90,c4,non_event,-214.0,36.0,95.65673627417581,3.0,0.8568
2025-10-09,v8_dynamic,90,c5,non_event,700.0,46.0,101.90181984003908,6.0,1.7136
2025-10-09,v8_dynamic,90,c6,non_event,324.0,36.0,99.59713784771228,6.0,1.7136
2025-10-09,v8_dynamic,90,hist_diff,non_event,366.0,48.0,100.8526360382983,4.0,1.1424
2025-10-09,v8_dynamic,90,hist_payout,non_event,370.0,48.0,108.8270254870911,5.0,1.428
2025-10-09,v8_dynamic,90,hist_winrate,non_event,86.0,38.0,97.28730710357277,0.0,0.0
2025-10-09,v8_dynamic,90,hist_hit_an,non_event,178.0,40.0,106.46204995920236,3.0,0.8568
2025-10-10,v6a_hit_an,90,c1,non_event,20.0,44.0,102.33602128438099,2.0,0.5712
2025-10-10,v6a_hit_an,90,c2,non_event,-432.0,34.0,93.69001854189263,1.0,0.2856
2025-10-10,v6a_hit_an,90,c3,non_event,66.0,38.0,97.34596548854714,1.0,0.2856
2025-10-10,v6a_hit_an,90,c4,non_event,212.0,44.0,98.55426460572829,3.0,0.8568
2025-10-10,v6a_hit_an,90,c5,non_event,182.0,44.0,101.08504493058294,1.0,0.2856
2025-10-10,v6a_hit_an,90,c6,non_event,202.0,36.0,100.6220113570714,5.0,1.428
2025-10-10,v6a_hit_an,90,hist_diff,non_event,280.0,42.0,99.42297366968474,3.0,0.8568
2025-10-10,v6a_hit_an,90,hist_payout,non_event,-114.0,40.0,96.69786934457775,2.0,0.5712
2025-10-10,v6a_hit_an,90,hist_winrate,non_event,-276.0,40.0,95.36258183660797,0.0,0.0
2025-10-10,v6a_hit_an,90,hist_hit_an,non_event,-856.0,32.0,93.51713434529589,0.0,0.0
2025-10-10,v8_dynamic,90,c1,non_event,6.0,44.0,102.27859309709282,2.0,0.5712
2025-10-10,v8_dynamic,90,c2,non_event,-520.0,32.0,92.76925794968987,1.0,0.2856
2025-10-10,v8_dynamic,90,c3,non_event,364.0,42.0,99.3691569300537,3.0,0.8568
2025-10-10,v8_dynamic,90,c4,non_event,212.0,44.0,98.55426460572829,3.0,0.8568
2025-10-10,v8_dynamic,90,c5,non_event,110.0,40.0,99.62756099139848,1.0,0.2856
2025-10-10,v8_dynamic,90,c6,non_event,-202.0,32.0,99.51135541936834,3.0,0.8568
2025-10-10,v8_dynamic,90,hist_diff,non_event,280.0,42.0,99.42297366968474,3.0,0.8568
2025-10-10,v8_dynamic,90,hist_payout,non_event,-114.0,40.0,96.69786934457775,2.0,0.5712
2025-10-10,v8_dynamic,90,hist_winrate,non_event,-214.0,44.0,96.2846086177548,0.0,0.0
2025-10-10,v8_dynamic,90,hist_hit_an,non_event,-772.0,34.0,94.16057734385002,0.0,0.0
2025-10-11,v6a_hit_an,90,c1,event,-380.0,36.0,96.28681616796807,4.0,1.1424
2025-10-11,v6a_hit_an,90,c2,event,-502.0,30.0,95.62613899254137,4.0,1.1424
2025-10-11,v6a_hit_an,90,c3,event,-738.0,34.0,92.62089209147085,4.0,1.1424
2025-10-11,v6a_hit_an,90,c4,event,-216.0,32.0,96.08761865135439,6.0,1.7136
2025-10-11,v6a_hit_an,90,c5,event,-222.0,46.0,97.13203145769823,6.0,1.7136
2025-10-11,v6a_hit_an,90,c6,event,50.0,40.0,119.03558369230652,4.0,1.1424
2025-10-11,v6a_hit_an,90,hist_diff,event,-318.0,40.0,95.30853149808428,3.0,0.8568
2025-10-11,v6a_hit_an,90,hist_payout,event,-162.0,42.0,98.42855335469224,5.0,1.428
2025-10-11,v6a_hit_an,90,hist_winrate,event,-156.0,36.0,96.8452563659609,1.0,0.2856
2025-10-11,v6a_hit_an,90,hist_hit_an,event,-346.0,36.0,96.67955846706614,3.0,0.8568
2025-10-11,v8_dynamic,90,c1,event,-380.0,36.0,96.28681616796808,4.0,1.1424
2025-10-11,v8_dynamic,90,c2,event,-416.0,32.0,96.27815582265019,4.0,1.1424
2025-10-11,v8_dynamic,90,c3,event,-634.0,36.0,93.6728314570711,3.0,0.8568
2025-10-11,v8_dynamic,90,c4,event,-174.0,32.0,96.24906331593307,6.0,1.7136
2025-10-11,v8_dynamic,90,c5,event,-394.0,44.0,96.12633173546415,5.0,1.428
2025-10-11,v8_dynamic,90,c6,event,228.0,44.0,121.65952288552647,5.0,1.428
2025-10-11,v8_dynamic,90,hist_diff,event,-318.0,40.0,95.30853149808428,3.0,0.8568
2025-10-11,v8_dynamic,90,hist_payout,event,-162.0,42.0,98.42855335469224,5.0,1.428
2025-10-11,v8_dynamic,90,hist_winrate,event,-276.0,34.0,95.78333816780336,1.0,0.2856
2025-10-11,v8_dynamic,90,hist_hit_an,event,-470.0,34.0,95.6297261584852,2.0,0.5712
2025-10-13,v6a_hit_an,90,c1,non_event,158.0,36.0,100.3456438586416,6.0,1.7136
2025-10-13,v6a_hit_an,90,c2,non_event,-502.0,38.0,97.17902744122003,1.0,0.2856
2025-10-13,v6a_hit_an,90,c3,non_event,-24.0,40.0,100.75489124213821,2.0,0.5712
2025-10-13,v6a_hit_an,90,c4,non_event,846.0,56.00000000000001,107.9917582061565,5.0,1.428
2025-10-13,v6a_hit_an,90,c5,non_event,100.0,44.0,101.37823076631938,4.0,1.1424
2025-10-13,v6a_hit_an,90,c6,non_event,-64.0,48.0,99.18266081777685,3.0,0.8568
2025-10-13,v6a_hit_an,90,hist_diff,non_event,1026.0,52.0,108.33467670054932,8.0,2.2848
2025-10-13,v6a_hit_an,90,hist_payout,non_event,612.0,48.0,107.26837445497144,6.0,1.7136
2025-10-13,v6a_hit_an,90,hist_winrate,non_event,534.0,50.0,102.62004702671595,3.0,0.8568
2025-10-13,v6a_hit_an,90,hist_hit_an,non_event,536.0,40.0,106.63709947080002,6.0,1.7136
2025-10-13,v8_dynamic,90,c1,non_event,94.0,34.0,99.76690006737539,6.0,1.7136
2025-10-13,v8_dynamic,90,c2,non_event,-548.0,36.0,96.8206781085607,1.0,0.2856
2025-10-13,v8_dynamic,90,c3,non_event,-46.0,42.0,100.72570189800497,2.0,0.5712
2025-10-13,v8_dynamic,90,c4,non_event,1206.0,57.99999999999999,112.3671387029059,7.0,1.9992
2025-10-13,v8_dynamic,90,c5,non_event,130.0,42.0,101.51204088185037,4.0,1.1424
2025-10-13,v8_dynamic,90,c6,non_event,-116.0,44.0,98.80294823169234,3.0,0.8568
2025-10-13,v8_dynamic,90,hist_diff,non_event,1026.0,52.0,108.33467670054932,8.0,2.2848
2025-10-13,v8_dynamic,90,hist_payout,non_event,612.0,48.0,107.26837445497144,6.0,1.7136
2025-10-13,v8_dynamic,90,hist_winrate,non_event,546.0,52.0,102.46420854502485,3.0,0.8568
2025-10-13,v8_dynamic,90,hist_hit_an,non_event,292.0,40.0,104.9569796303388,5.0,1.428
2025-10-14,v6a_hit_an,90,c1,non_event,750.0,42.0,106.1401055275956,6.0,1.7136
2025-10-14,v6a_hit_an,90,c2,non_event,408.0,46.0,97.88324526538207,5.0,1.428
2025-10-14,v6a_hit_an,90,c3,non_event,46.0,32.0,98.67545072409146,2.0,0.5712
2025-10-14,v6a_hit_an,90,c4,non_event,944.0,44.0,103.52785711072438,7.0,1.9992
2025-10-14,v6a_hit_an,90,c5,non_event,174.0,38.0,100.27222512561508,2.0,0.5712
2025-10-14,v6a_hit_an,90,c6,non_event,590.0,42.0,103.57687494956124,4.0,1.1424
2025-10-14,v6a_hit_an,90,hist_diff,non_event,902.0,46.0,106.55817788278831,7.0,1.9992
2025-10-14,v6a_hit_an,90,hist_payout,non_event,266.0,36.0,96.6516366726314,5.0,1.428
2025-10-14,v6a_hit_an,90,hist_winrate,non_event,588.0,44.0,103.91427530455971,2.0,0.5712
2025-10-14,v6a_hit_an,90,hist_hit_an,non_event,714.0,36.0,105.75167537616231,6.0,1.7136
2025-10-14,v8_dynamic,90,c1,non_event,750.0,42.0,106.1401055275956,6.0,1.7136
2025-10-14,v8_dynamic,90,c2,non_event,356.0,44.0,97.791093196785,5.0,1.428
2025-10-14,v8_dynamic,90,c3,non_event,-2.0,32.0,98.11753298165641,2.0,0.5712
2025-10-14,v8_dynamic,90,c4,non_event,950.0,44.0,103.19593246921949,7.0,1.9992
2025-10-14,v8_dynamic,90,c5,non_event,174.0,38.0,100.2722251256151,2.0,0.5712
2025-10-14,v8_dynamic,90,c6,non_event,414.0,32.0,104.63436445952979,4.0,1.1424
2025-10-14,v8_dynamic,90,hist_diff,non_event,902.0,46.0,106.55817788278831,7.0,1.9992
2025-10-14,v8_dynamic,90,hist_payout,non_event,266.0,36.0,96.6516366726314,5.0,1.428
2025-10-14,v8_dynamic,90,hist_winrate,non_event,510.0,42.0,103.09713630670468,2.0,0.5712
2025-10-14,v8_dynamic,90,hist_hit_an,non_event,890.0,40.0,107.22944772699826,7.0,1.9992
2025-10-15,v6a_hit_an,90,c1,non_event,476.0,46.0,103.11138166218424,4.0,1.1424
2025-10-15,v6a_hit_an,90,c2,non_event,-16.0,32.0,97.78252580467833,6.0,1.7136
2025-10-15,v6a_hit_an,90,c3,non_event,-138.0,30.0,96.77295714451367,4.0,1.1424
2025-10-15,v6a_hit_an,90,c4,non_event,542.0,44.0,103.51871361538099,5.0,1.428
2025-10-15,v6a_hit_an,90,c5,non_event,-102.0,32.0,98.39300960529624,4.0,1.1424
2025-10-15,v6a_hit_an,90,c6,non_event,-462.0,28.000000000000004,92.1991931468905,3.0,0.8568
2025-10-15,v6a_hit_an,90,hist_diff,non_event,692.0,42.0,103.87717606240733,8.0,2.2848
2025-10-15,v6a_hit_an,90,hist_payout,non_event,382.0,38.0,106.32543634945996,7.0,1.9992
2025-10-15,v6a_hit_an,90,hist_winrate,non_event,8.0,30.0,95.70928426871937,1.0,0.2856
2025-10-15,v6a_hit_an,90,hist_hit_an,non_event,218.0,40.0,103.46834595165538,4.0,1.1424
2025-10-15,v8_dynamic,90,c1,non_event,476.0,46.0,103.11138166218424,4.0,1.1424
2025-10-15,v8_dynamic,90,c2,non_event,-44.0,30.0,97.56140323164448,6.0,1.7136
2025-10-15,v8_dynamic,90,c3,non_event,-30.0,32.0,97.38972388301791,5.0,1.428
2025-10-15,v8_dynamic,90,c4,non_event,400.0,44.0,101.34244123717963,4.0,1.1424
2025-10-15,v8_dynamic,90,c5,non_event,-126.0,34.0,98.35337086710668,4.0,1.1424
2025-10-15,v8_dynamic,90,c6,non_event,-356.0,28.000000000000004,93.66767730873379,4.0,1.1424
2025-10-15,v8_dynamic,90,hist_diff,non_event,692.0,42.0,103.87717606240733,8.0,2.2848
2025-10-15,v8_dynamic,90,hist_payout,non_event,382.0,38.0,106.32543634945996,7.0,1.9992
2025-10-15,v8_dynamic,90,hist_winrate,non_event,106.0,34.0,96.77552371822905,1.0,0.2856
2025-10-15,v8_dynamic,90,hist_hit_an,non_event,76.0,38.0,101.41504140407804,4.0,1.1424
2025-10-16,v6a_hit_an,90,c1,non_event,126.0,38.0,101.89734505786794,2.0,0.5712
2025-10-16,v6a_hit_an,90,c2,non_event,32.0,34.0,99.79248314330785,3.0,0.8568
2025-10-16,v6a_hit_an,90,c3,non_event,474.0,40.0,98.7078814214118,6.0,1.7136
2025-10-16,v6a_hit_an,90,c4,non_event,380.0,40.0,103.16679112738628,6.0,1.7136
2025-10-16,v6a_hit_an,90,c5,non_event,758.0,42.0,102.45699967093218,7.0,1.9992
2025-10-16,v6a_hit_an,90,c6,non_event,698.0,52.0,107.04965220796672,8.0,2.2848
2025-10-16,v6a_hit_an,90,hist_diff,non_event,166.0,32.0,96.72898538749891,4.0,1.1424
2025-10-16,v6a_hit_an,90,hist_payout,non_event,390.0,38.0,98.31100040009996,5.0,1.428
2025-10-16,v6a_hit_an,90,hist_winrate,non_event,298.0,42.0,100.32351983859057,2.0,0.5712
2025-10-16,v6a_hit_an,90,hist_hit_an,non_event,600.0,50.0,101.30455003720982,6.0,1.7136
2025-10-16,v8_dynamic,90,c1,non_event,40.0,34.0,100.37727108010387,2.0,0.5712
2025-10-16,v8_dynamic,90,c2,non_event,22.0,34.0,99.69144199144553,3.0,0.8568
2025-10-16,v8_dynamic,90,c3,non_event,520.0,40.0,98.98256983945085,6.0,1.7136
2025-10-16,v8_dynamic,90,c4,non_event,726.0,42.0,105.3255111867678,7.0,1.9992
2025-10-16,v8_dynamic,90,c5,non_event,806.0,46.0,102.93141572101398,6.0,1.7136
2025-10-16,v8_dynamic,90,c6,non_event,708.0,46.0,105.94494264170899,8.0,2.2848
2025-10-16,v8_dynamic,90,hist_diff,non_event,166.0,32.0,96.72898538749891,4.0,1.1424
2025-10-16,v8_dynamic,90,hist_payout,non_event,390.0,38.0,98.31100040009996,5.0,1.428
2025-10-16,v8_dynamic,90,hist_winrate,non_event,282.0,44.0,99.86216113267587,1.0,0.2856
2025-10-16,v8_dynamic,90,hist_hit_an,non_event,586.0,48.0,100.83149606493795,6.0,1.7136
2025-10-17,v6a_hit_an,90,c1,event,958.0,54.0,105.95025386118931,5.0,1.428
2025-10-17,v6a_hit_an,90,c2,event,-16.0,34.0,97.63277493428029,3.0,0.8568
2025-10-17,v6a_hit_an,90,c3,event,206.0,36.0,99.98188852138237,6.0,1.7136
2025-10-17,v6a_hit_an,90,c4,event,260.0,44.0,101.28420190934001,4.0,1.1424
2025-10-17,v6a_hit_an,90,c5,event,298.0,42.0,101.22524630174901,4.0,1.1424
2025-10-17,v6a_hit_an,90,c6,event,-114.0,40.0,97.42104717020003,6.0,1.7136
2025-10-17,v6a_hit_an,90,hist_diff,event,40.0,36.0,98.33357015176767,3.0,0.8568
2025-10-17,v6a_hit_an,90,hist_payout,event,472.0,40.0,103.99545363711016,4.0,1.1424
2025-10-17,v6a_hit_an,90,hist_winrate,event,264.0,46.0,99.42519624635841,1.0,0.2856
2025-10-17,v6a_hit_an,90,hist_hit_an,event,638.0,52.0,104.77408425424794,4.0,1.1424
2025-10-17,v8_dynamic,90,c1,event,958.0,54.0,106.0098454726385,5.0,1.428
2025-10-17,v8_dynamic,90,c2,event,-190.0,34.0,95.92767467882179,2.0,0.5712
2025-10-17,v8_dynamic,90,c3,event,206.0,36.0,99.98188852138237,6.0,1.7136
2025-10-17,v8_dynamic,90,c4,event,260.0,44.0,101.28420190934003,4.0,1.1424
2025-10-17,v8_dynamic,90,c5,event,510.0,44.0,102.49118460958414,6.0,1.7136
2025-10-17,v8_dynamic,90,c6,event,162.0,40.0,99.20107220273674,7.0,1.9992
2025-10-17,v8_dynamic,90,hist_diff,event,40.0,36.0,98.33357015176767,3.0,0.8568
2025-10-17,v8_dynamic,90,hist_payout,event,472.0,40.0,103.99545363711016,4.0,1.1424
2025-10-17,v8_dynamic,90,hist_winrate,event,216.0,46.0,99.20103458896848,1.0,0.2856
2025-10-17,v8_dynamic,90,hist_hit_an,event,852.0,50.0,106.27882362581433,5.0,1.428
2025-10-18,v6a_hit_an,90,c1,non_event,-438.0,28.000000000000004,96.37015302972883,5.0,1.428
2025-10-18,v6a_hit_an,90,c2,non_event,544.0,48.0,103.30552476466366,6.0,1.7136
2025-10-18,v6a_hit_an,90,c3,non_event,136.0,46.0,100.58847050797799,4.0,1.1424
2025-10-18,v6a_hit_an,90,c4,non_event,-166.0,42.0,98.66668747395566,4.0,1.1424
2025-10-18,v6a_hit_an,90,c5,non_event,-20.0,42.0,99.31345790481559,4.0,1.1424
2025-10-18,v6a_hit_an,90,c6,non_event,-866.0,36.0,92.69817507074288,2.0,0.5712
2025-10-18,v6a_hit_an,90,hist_diff,non_event,-268.0,42.0,97.83094779128736,2.0,0.5712
2025-10-18,v6a_hit_an,90,hist_payout,non_event,122.0,48.0,100.97560549423504,1.0,0.2856
2025-10-18,v6a_hit_an,90,hist_winrate,non_event,-50.0,42.0,98.92423429324907,1.0,0.2856
2025-10-18,v6a_hit_an,90,hist_hit_an,non_event,-500.0,42.0,95.49251050333599,1.0,0.2856
2025-10-18,v8_dynamic,90,c1,non_event,-420.0,30.0,96.64966015506512,5.0,1.428
2025-10-18,v8_dynamic,90,c2,non_event,538.0,50.0,103.18778888164081,6.0,1.7136
2025-10-18,v8_dynamic,90,c3,non_event,90.0,48.0,100.6929585698566,4.0,1.1424
2025-10-18,v8_dynamic,90,c4,non_event,-166.0,42.0,98.66668747395566,4.0,1.1424
2025-10-18,v8_dynamic,90,c5,non_event,298.0,46.0,101.87792111696659,5.0,1.428
2025-10-18,v8_dynamic,90,c6,non_event,-296.0,40.0,95.48077142537484,3.0,0.8568
2025-10-18,v8_dynamic,90,hist_diff,non_event,-268.0,42.0,97.83094779128736,2.0,0.5712
2025-10-18,v8_dynamic,90,hist_payout,non_event,122.0,48.0,100.97560549423504,1.0,0.2856
2025-10-18,v8_dynamic,90,hist_winrate,non_event,-32.0,42.0,98.92916542388717,1.0,0.2856
2025-10-18,v8_dynamic,90,hist_hit_an,non_event,-554.0,42.0,95.30944294600764,1.0,0.2856
2025-10-19,v6a_hit_an,90,c1,non_event,-90.0,34.0,97.18678626242647,3.0,0.8568
2025-10-19,v6a_hit_an,90,c2,non_event,778.0,48.0,101.82941006135636,5.0,1.428
2025-10-19,v6a_hit_an,90,c3,non_event,538.0,50.0,102.33755862431839,4.0,1.1424
2025-10-19,v6a_hit_an,90,c4,non_event,-300.0,32.0,95.78461719084883,2.0,0.5712
2025-10-19,v6a_hit_an,90,c5,non_event,454.0,54.0,100.43579258896743,3.0,0.8568
2025-10-19,v6a_hit_an,90,c6,non_event,-138.0,42.0,96.86016847514989,2.0,0.5712
2025-10-19,v6a_hit_an,90,hist_diff,non_event,508.0,44.0,103.90328776806189,6.0,1.7136
2025-10-19,v6a_hit_an,90,hist_payout,non_event,600.0,50.0,106.24807517333558,6.0,1.7136
2025-10-19,v6a_hit_an,90,hist_winrate,non_event,166.0,44.0,99.8240501054951,1.0,0.2856
2025-10-19,v6a_hit_an,90,hist_hit_an,non_event,398.0,42.0,102.88639820336428,6.0,1.7136
2025-10-19,v8_dynamic,90,c1,non_event,-220.0,32.0,96.35014000597852,3.0,0.8568
2025-10-19,v8_dynamic,90,c2,non_event,650.0,46.0,100.81185679453698,4.0,1.1424
2025-10-19,v8_dynamic,90,c3,non_event,488.0,50.0,101.95119850836768,4.0,1.1424
2025-10-19,v8_dynamic,90,c4,non_event,-300.0,32.0,95.78461719084882,2.0,0.5712
2025-10-19,v8_dynamic,90,c5,non_event,334.0,50.0,100.02411067268858,3.0,0.8568
2025-10-19,v8_dynamic,90,c6,non_event,-178.0,44.0,96.09355242149564,1.0,0.2856
2025-10-19,v8_dynamic,90,hist_diff,non_event,712.0,46.0,105.53165539976666,7.0,1.9992
2025-10-19,v8_dynamic,90,hist_payout,non_event,600.0,50.0,106.24807517333558,6.0,1.7136
2025-10-19,v8_dynamic,90,hist_winrate,non_event,276.0,46.0,100.68851398485918,1.0,0.2856
2025-10-19,v8_dynamic,90,hist_hit_an,non_event,476.0,44.0,103.46906301953075,6.0,1.7136
2025-10-20,v6a_hit_an,90,c1,non_event,-402.0,26.0,92.74111237715883,4.0,1.1424
2025-10-20,v6a_hit_an,90,c2,non_event,74.0,38.0,99.85032622673666,5.0,1.428
2025-10-20,v6a_hit_an,90,c3,non_event,414.0,42.0,104.23771626792877,4.0,1.1424
2025-10-20,v6a_hit_an,90,c4,non_event,-96.0,42.0,100.6608189211932,5.0,1.428
2025-10-20,v6a_hit_an,90,c5,non_event,422.0,44.0,105.65690006906375,6.0,1.7136
2025-10-20,v6a_hit_an,90,c6,non_event,32.0,42.0,97.44473403297206,2.0,0.5712
2025-10-20,v6a_hit_an,90,hist_diff,non_event,-184.0,38.0,95.85329511475143,4.0,1.1424
2025-10-20,v6a_hit_an,90,hist_payout,non_event,-204.0,34.0,96.12089169568175,4.0,1.1424
2025-10-20,v6a_hit_an,90,hist_winrate,non_event,8.0,42.0,98.9324490459733,3.0,0.8568
2025-10-20,v6a_hit_an,90,hist_hit_an,non_event,-654.0,34.0,95.00840397761914,1.0,0.2856
2025-10-20,v8_dynamic,90,c1,non_event,-426.0,24.0,92.30873456228359,4.0,1.1424
2025-10-20,v8_dynamic,90,c2,non_event,182.0,42.0,100.71373198248992,5.0,1.428
2025-10-20,v8_dynamic,90,c3,non_event,328.0,40.0,103.33068447261698,4.0,1.1424
2025-10-20,v8_dynamic,90,c4,non_event,-124.0,42.0,100.1229996784219,5.0,1.428
2025-10-20,v8_dynamic,90,c5,non_event,332.0,46.0,105.39827225302932,5.0,1.428
2025-10-20,v8_dynamic,90,c6,non_event,12.0,42.0,96.97490484368298,2.0,0.5712
2025-10-20,v8_dynamic,90,hist_diff,non_event,-184.0,38.0,95.85329511475143,4.0,1.1424
2025-10-20,v8_dynamic,90,hist_payout,non_event,-204.0,34.0,96.12089169568175,4.0,1.1424
2025-10-20,v8_dynamic,90,hist_winrate,non_event,-50.0,40.0,98.63847379824583,3.0,0.8568
2025-10-20,v8_dynamic,90,hist_hit_an,non_event,-200.0,42.0,97.52546674308626,3.0,0.8568
2025-10-21,v6a_hit_an,90,c1,event,472.0,50.0,101.28027614932087,4.0,1.1424
2025-10-21,v6a_hit_an,90,c2,event,610.0,46.0,104.12534363602781,6.0,1.7136
2025-10-21,v6a_hit_an,90,c3,event,440.0,40.0,100.53799938599376,5.0,1.428
2025-10-21,v6a_hit_an,90,c4,event,220.0,40.0,96.1705836455647,2.0,0.5712
2025-10-21,v6a_hit_an,90,c5,event,116.0,44.0,95.66021287704298,2.0,0.5712
2025-10-21,v6a_hit_an,90,c6,event,-272.0,40.0,101.48192752787878,2.0,0.5712
2025-10-21,v6a_hit_an,90,hist_diff,event,-136.0,30.0,94.64631354847926,1.0,0.2856
2025-10-21,v6a_hit_an,90,hist_payout,event,22.0,34.0,97.90545185238393,2.0,0.5712
2025-10-21,v6a_hit_an,90,hist_winrate,event,308.0,44.0,99.65483073130474,1.0,0.2856
2025-10-21,v6a_hit_an,90,hist_hit_an,event,-110.0,26.0,94.95531218830341,1.0,0.2856
2025-10-21,v8_dynamic,90,c1,event,444.0,48.0,100.94414699317154,4.0,1.1424
2025-10-21,v8_dynamic,90,c2,event,572.0,46.0,103.96223018768433,6.0,1.7136
2025-10-21,v8_dynamic,90,c3,event,332.0,38.0,99.60414096133644,5.0,1.428
2025-10-21,v8_dynamic,90,c4,event,214.0,42.0,96.68103027092515,2.0,0.5712
2025-10-21,v8_dynamic,90,c5,event,142.0,38.0,97.3457087893263,3.0,0.8568
2025-10-21,v8_dynamic,90,c6,event,-2.0,42.0,103.52781534579519,3.0,0.8568
2025-10-21,v8_dynamic,90,hist_diff,event,-136.0,30.0,94.64631354847926,1.0,0.2856
2025-10-21,v8_dynamic,90,hist_payout,event,22.0,34.0,97.90545185238393,2.0,0.5712
2025-10-21,v8_dynamic,90,hist_winrate,event,286.0,44.0,99.49510014755481,1.0,0.2856
2025-10-21,v8_dynamic,90,hist_hit_an,event,-132.0,24.0,95.72739900739992,1.0,0.2856
2025-10-22,v6a_hit_an,90,c1,event,-26.0,30.0,100.06764091935628,2.0,0.5712
2025-10-22,v6a_hit_an,90,c2,event,634.0,40.0,100.91881143309806,4.0,1.1424
2025-10-22,v6a_hit_an,90,c3,event,-344.0,36.0,93.2512177650134,2.0,0.5712
2025-10-22,v6a_hit_an,90,c4,event,0.0,34.0,98.45057899618487,3.0,0.8568
2025-10-22,v6a_hit_an,90,c5,event,-174.0,36.0,95.65393260787944,2.0,0.5712
2025-10-22,v6a_hit_an,90,c6,event,-140.0,36.0,93.51071018742947,1.0,0.2856
2025-10-22,v6a_hit_an,90,hist_diff,event,-194.0,32.0,99.25425725853324,2.0,0.5712
2025-10-22,v6a_hit_an,90,hist_payout,event,-214.0,40.0,99.72302219493972,1.0,0.2856
2025-10-22,v6a_hit_an,90,hist_winrate,event,434.0,46.0,108.44780203996126,2.0,0.5712
2025-10-22,v6a_hit_an,90,hist_hit_an,event,562.0,46.0,109.92569326666899,6.0,1.7136
2025-10-22,v8_dynamic,90,c1,event,-14.0,30.0,100.22432746975664,2.0,0.5712
2025-10-22,v8_dynamic,90,c2,event,462.0,38.0,99.65338698975938,2.0,0.5712
2025-10-22,v8_dynamic,90,c3,event,-312.0,38.0,94.08764170130536,2.0,0.5712
2025-10-22,v8_dynamic,90,c4,event,92.0,34.0,99.59461644836587,4.0,1.1424
2025-10-22,v8_dynamic,90,c5,event,-186.0,36.0,95.29697995235101,2.0,0.5712
2025-10-22,v8_dynamic,90,c6,event,-66.0,36.0,93.44861171971085,2.0,0.5712
2025-10-22,v8_dynamic,90,hist_diff,event,-194.0,32.0,99.25425725853324,2.0,0.5712
2025-10-22,v8_dynamic,90,hist_payout,event,-214.0,40.0,99.72302219493972,1.0,0.2856
2025-10-22,v8_dynamic,90,hist_winrate,event,478.0,46.0,108.49861315062024,2.0,0.5712
2025-10-22,v8_dynamic,90,hist_hit_an,event,504.0,44.0,109.3285514132976,6.0,1.7136
2025-10-23,v6a_hit_an,90,c1,non_event,-266.0,26.0,94.26011925252898,4.0,1.1424
2025-10-23,v6a_hit_an,90,c2,non_event,806.0,52.0,104.95523413945799,5.0,1.428
2025-10-23,v6a_hit_an,90,c3,non_event,-4.0,34.0,95.49680908655404,3.0,0.8568
2025-10-23,v6a_hit_an,90,c4,non_event,20.0,32.0,95.79865961663758,3.0,0.8568
2025-10-23,v6a_hit_an,90,c5,non_event,438.0,42.0,101.56294500567637,4.0,1.1424
2025-10-23,v6a_hit_an,90,c6,non_event,1234.0,50.0,114.40638195434401,10.0,2.856
2025-10-23,v6a_hit_an,90,hist_diff,non_event,578.0,42.0,108.14925430945038,7.0,1.9992
2025-10-23,v6a_hit_an,90,hist_payout,non_event,460.0,42.0,111.57111044316837,8.0,2.2848
2025-10-23,v6a_hit_an,90,hist_winrate,non_event,298.0,44.0,102.3587974159045,4.0,1.1424
2025-10-23,v6a_hit_an,90,hist_hit_an,non_event,526.0,48.0,106.56096723631072,6.0,1.7136
2025-10-23,v8_dynamic,90,c1,non_event,-364.0,24.0,93.67749703314622,3.0,0.8568
2025-10-23,v8_dynamic,90,c2,non_event,870.0,54.0,105.59925084939594,5.0,1.428
2025-10-23,v8_dynamic,90,c3,non_event,8.0,34.0,95.84015672603903,3.0,0.8568
2025-10-23,v8_dynamic,90,c4,non_event,20.0,32.0,95.79865961663758,3.0,0.8568
2025-10-23,v8_dynamic,90,c5,non_event,258.0,40.0,99.43197171877924,3.0,0.8568
2025-10-23,v8_dynamic,90,c6,non_event,1078.0,48.0,112.69736524512926,9.0,2.5704
2025-10-23,v8_dynamic,90,hist_diff,non_event,578.0,42.0,108.14925430945038,7.0,1.9992
2025-10-23,v8_dynamic,90,hist_payout,non_event,460.0,42.0,111.57111044316837,8.0,2.2848
2025-10-23,v8_dynamic,90,hist_winrate,non_event,292.0,44.0,102.62481655741334,4.0,1.1424
2025-10-23,v8_dynamic,90,hist_hit_an,non_event,526.0,48.0,105.90564700151201,6.0,1.7136
2025-10-24,v6a_hit_an,90,c1,non_event,280.0,30.0,99.05032142382872,4.0,1.1424
2025-10-24,v6a_hit_an,90,c2,non_event,264.0,36.0,99.25172647241813,5.0,1.428
2025-10-24,v6a_hit_an,90,c3,non_event,-150.0,36.0,94.64364995433183,2.0,0.5712
2025-10-24,v6a_hit_an,90,c4,non_event,378.0,40.0,102.58028667752033,5.0,1.428
2025-10-24,v6a_hit_an,90,c5,non_event,62.0,40.0,96.80359163425615,2.0,0.5712
2025-10-24,v6a_hit_an,90,c6,non_event,824.0,48.0,107.35006013422645,8.0,2.2848
2025-10-24,v6a_hit_an,90,hist_diff,non_event,-180.0,36.0,95.31577038883778,2.0,0.5712
2025-10-24,v6a_hit_an,90,hist_payout,non_event,206.0,48.0,99.86543455952098,4.0,1.1424
2025-10-24,v6a_hit_an,90,hist_winrate,non_event,278.0,42.0,99.96697409545457,3.0,0.8568
2025-10-24,v6a_hit_an,90,hist_hit_an,non_event,82.0,40.0,97.8565053325219,5.0,1.428
2025-10-24,v8_dynamic,90,c1,non_event,278.0,30.0,99.03458167119467,4.0,1.1424
2025-10-24,v8_dynamic,90,c2,non_event,268.0,36.0,98.67190769005647,6.0,1.7136
2025-10-24,v8_dynamic,90,c3,non_event,196.0,40.0,97.14768648126503,3.0,0.8568
2025-10-24,v8_dynamic,90,c4,non_event,378.0,40.0,102.58028667752033,5.0,1.428
2025-10-24,v8_dynamic,90,c5,non_event,114.0,40.0,97.22001095379059,2.0,0.5712
2025-10-24,v8_dynamic,90,c6,non_event,658.0,48.0,102.88167690632301,6.0,1.7136
2025-10-24,v8_dynamic,90,hist_diff,non_event,-180.0,36.0,95.31577038883778,2.0,0.5712
2025-10-24,v8_dynamic,90,hist_payout,non_event,206.0,48.0,99.86543455952098,4.0,1.1424
2025-10-24,v8_dynamic,90,hist_winrate,non_event,262.0,42.0,99.86976220840927,3.0,0.8568
2025-10-24,v8_dynamic,90,hist_hit_an,non_event,98.0,40.0,97.55015795351923,5.0,1.428
2025-10-25,v6a_hit_an,90,c1,non_event,8.0,36.0,98.00797186869046,4.0,1.1424
2025-10-25,v6a_hit_an,90,c2,non_event,552.0,52.0,103.19288249246306,6.0,1.7136
2025-10-25,v6a_hit_an,90,c3,non_event,-620.0,32.0,97.18755442493224,4.0,1.1424
2025-10-25,v6a_hit_an,90,c4,non_event,-638.0,34.0,94.78932241000547,2.0,0.5712
2025-10-25,v6a_hit_an,90,c5,non_event,132.0,40.0,101.57292131421462,5.0,1.428
2025-10-25,v6a_hit_an,90,c6,non_event,240.0,44.0,100.06499218346947,4.0,1.1424
2025-10-25,v6a_hit_an,90,hist_diff,non_event,524.0,44.0,100.70657954143437,8.0,2.2848
2025-10-25,v6a_hit_an,90,hist_payout,non_event,160.0,44.0,100.57707506775368,6.0,1.7136
2025-10-25,v6a_hit_an,90,hist_winrate,non_event,640.0,54.0,102.27638102101668,4.0,1.1424
2025-10-25,v6a_hit_an,90,hist_hit_an,non_event,214.0,44.0,101.37311933759332,4.0,1.1424
2025-10-25,v8_dynamic,90,c1,non_event,12.0,36.0,98.1158659382929,4.0,1.1424
2025-10-25,v8_dynamic,90,c2,non_event,636.0,54.0,103.74436745104296,6.0,1.7136
2025-10-25,v8_dynamic,90,c3,non_event,-574.0,34.0,97.5064556187992,4.0,1.1424
2025-10-25,v8_dynamic,90,c4,non_event,-582.0,34.0,95.71235838349874,2.0,0.5712
2025-10-25,v8_dynamic,90,c5,non_event,-134.0,36.0,99.80333265000722,4.0,1.1424
2025-10-25,v8_dynamic,90,c6,non_event,474.0,50.0,101.5068831539747,4.0,1.1424
2025-10-25,v8_dynamic,90,hist_diff,non_event,524.0,44.0,100.70657954143437,8.0,2.2848
2025-10-25,v8_dynamic,90,hist_payout,non_event,160.0,44.0,100.57707506775368,6.0,1.7136
2025-10-25,v8_dynamic,90,hist_winrate,non_event,656.0,54.0,102.54505852050038,3.0,0.8568
2025-10-25,v8_dynamic,90,hist_hit_an,non_event,260.0,42.0,101.36041905633265,5.0,1.428
2025-10-26,v6a_hit_an,90,c1,non_event,-206.0,30.0,95.08570089457463,2.0,0.5712
2025-10-26,v6a_hit_an,90,c2,non_event,692.0,36.0,104.53739971529798,4.0,1.1424
2025-10-26,v6a_hit_an,90,c3,non_event,466.0,32.0,101.79309612373403,6.0,1.7136
2025-10-26,v6a_hit_an,90,c4,non_event,62.0,36.0,97.67721737444533,3.0,0.8568
2025-10-26,v6a_hit_an,90,c5,non_event,248.0,30.0,98.57448375024198,4.0,1.1424
2025-10-26,v6a_hit_an,90,c6,non_event,-444.0,28.000000000000004,95.86739110355653,4.0,1.1424
2025-10-26,v6a_hit_an,90,hist_diff,non_event,370.0,36.0,99.00508096418294,6.0,1.7136
2025-10-26,v6a_hit_an,90,hist_payout,non_event,382.0,36.0,100.40581136901275,8.0,2.2848
2025-10-26,v6a_hit_an,90,hist_winrate,non_event,188.0,38.0,96.13407548252681,2.0,0.5712
2025-10-26,v6a_hit_an,90,hist_hit_an,non_event,242.0,32.0,98.90430067596655,6.0,1.7136
2025-10-26,v8_dynamic,90,c1,non_event,-218.0,30.0,95.10249199622073,2.0,0.5712
2025-10-26,v8_dynamic,90,c2,non_event,678.0,36.0,104.22954284645988,4.0,1.1424
2025-10-26,v8_dynamic,90,c3,non_event,466.0,32.0,101.79309612373403,6.0,1.7136
2025-10-26,v8_dynamic,90,c4,non_event,-12.0,34.0,96.87531318526433,3.0,0.8568
2025-10-26,v8_dynamic,90,c5,non_event,178.0,30.0,99.01194812410915,4.0,1.1424
2025-10-26,v8_dynamic,90,c6,non_event,-332.0,30.0,95.20229797903538,3.0,0.8568
2025-10-26,v8_dynamic,90,hist_diff,non_event,370.0,36.0,99.00508096418294,6.0,1.7136
2025-10-26,v8_dynamic,90,hist_payout,non_event,382.0,36.0,100.40581136901275,8.0,2.2848
2025-10-26,v8_dynamic,90,hist_winrate,non_event,212.0,38.0,96.48330543097907,2.0,0.5712
2025-10-26,v8_dynamic,90,hist_hit_an,non_event,314.0,32.0,99.73829557323701,7.0,1.9992
2025-10-27,v6a_hit_an,90,c1,event,656.0,48.0,103.03256326804699,2.0,0.5712
2025-10-27,v6a_hit_an,90,c2,event,860.0,54.0,106.12258788420868,6.0,1.7136
2025-10-27,v6a_hit_an,90,c3,event,340.0,42.0,104.61830918450306,6.0,1.7136
2025-10-27,v6a_hit_an,90,c4,event,-618.0,38.0,97.78625003687155,2.0,0.5712
2025-10-27,v6a_hit_an,90,c5,event,122.0,40.0,102.89739220986023,4.0,1.1424
2025-10-27,v6a_hit_an,90,c6,event,-174.0,38.0,102.0748889178395,5.0,1.428
2025-10-27,v6a_hit_an,90,hist_diff,event,970.0,50.0,106.5329525614561,6.0,1.7136
2025-10-27,v6a_hit_an,90,hist_payout,event,838.0,54.0,108.31837036281455,5.0,1.428
2025-10-27,v6a_hit_an,90,hist_winrate,event,370.0,48.0,101.05817416204661,1.0,0.2856
2025-10-27,v6a_hit_an,90,hist_hit_an,event,1140.0,57.99999999999999,106.20154002704867,4.0,1.1424
2025-10-27,v8_dynamic,90,c1,event,506.0,46.0,102.11752462441842,2.0,0.5712
2025-10-27,v8_dynamic,90,c2,event,850.0,52.0,106.37306391482372,5.0,1.428
2025-10-27,v8_dynamic,90,c3,event,352.0,42.0,104.44504211174294,6.0,1.7136
2025-10-27,v8_dynamic,90,c4,event,-688.0,38.0,97.56716344767582,2.0,0.5712
2025-10-27,v8_dynamic,90,c5,event,-286.0,36.0,100.6242811638785,2.0,0.5712
2025-10-27,v8_dynamic,90,c6,event,54.0,46.0,103.65162875967737,6.0,1.7136
2025-10-27,v8_dynamic,90,hist_diff,event,970.0,50.0,106.5329525614561,6.0,1.7136
2025-10-27,v8_dynamic,90,hist_payout,event,838.0,54.0,108.31837036281455,5.0,1.428
2025-10-27,v8_dynamic,90,hist_winrate,event,428.0,48.0,101.44509007851507,1.0,0.2856
2025-10-27,v8_dynamic,90,hist_hit_an,event,1140.0,57.99999999999999,106.20154002704865,4.0,1.1424
2025-10-28,v6a_hit_an,90,c1,non_event,402.0,44.0,99.00933097065463,5.0,1.428
2025-10-28,v6a_hit_an,90,c2,non_event,464.0,42.0,103.03838345649679,5.0,1.428
2025-10-28,v6a_hit_an,90,c3,non_event,-104.0,34.0,97.2362098258487,2.0,0.5712
2025-10-28,v6a_hit_an,90,c4,non_event,-194.0,34.0,95.64890620205631,4.0,1.1424
2025-10-28,v6a_hit_an,90,c5,non_event,22.0,38.0,98.94512776944092,1.0,0.2856
2025-10-28,v6a_hit_an,90,c6,non_event,-450.0,28.000000000000004,92.47629938524396,4.0,1.1424
2025-10-28,v6a_hit_an,90,hist_diff,non_event,456.0,50.0,100.40517640317364,5.0,1.428
2025-10-28,v6a_hit_an,90,hist_payout,non_event,330.0,44.0,101.11039123652654,6.0,1.7136
2025-10-28,v6a_hit_an,90,hist_winrate,non_event,170.0,42.0,99.89037140186034,3.0,0.8568
2025-10-28,v6a_hit_an,90,hist_hit_an,non_event,478.0,50.0,102.54382718478384,4.0,1.1424
2025-10-28,v8_dynamic,90,c1,non_event,594.0,46.0,99.86222942479736,6.0,1.7136
2025-10-28,v8_dynamic,90,c2,non_event,280.0,40.0,96.99867717070384,4.0,1.1424
2025-10-28,v8_dynamic,90,c3,non_event,-54.0,36.0,98.34734324966661,2.0,0.5712
2025-10-28,v8_dynamic,90,c4,non_event,-40.0,34.0,96.9687159208572,4.0,1.1424
2025-10-28,v8_dynamic,90,c5,non_event,-46.0,34.0,95.93772787502783,1.0,0.2856
2025-10-28,v8_dynamic,90,c6,non_event,112.0,38.0,95.9860417420695,6.0,1.7136
2025-10-28,v8_dynamic,90,hist_diff,non_event,450.0,48.0,100.29140374879478,5.0,1.428
2025-10-28,v8_dynamic,90,hist_payout,non_event,330.0,44.0,101.11039123652654,6.0,1.7136
2025-10-28,v8_dynamic,90,hist_winrate,non_event,204.0,42.0,100.42643744890421,3.0,0.8568
2025-10-28,v8_dynamic,90,hist_hit_an,non_event,478.0,50.0,102.54382718478384,4.0,1.1424
2025-10-29,v6a_hit_an,90,c1,non_event,68.0,30.0,100.56248661214063,2.0,0.5712
2025-10-29,v6a_hit_an,90,c2,non_event,462.0,48.0,108.00096302988219,5.0,1.428
2025-10-29,v6a_hit_an,90,c3,non_event,176.0,36.0,100.28400891916272,2.0,0.5712
2025-10-29,v6a_hit_an,90,c4,non_event,790.0,38.0,106.32903485618304,7.0,1.9992
2025-10-29,v6a_hit_an,90,c5,non_event,350.0,32.0,101.76144788330534,5.0,1.428
2025-10-29,v6a_hit_an,90,c6,non_event,176.0,36.0,98.7306045238451,4.0,1.1424
2025-10-29,v6a_hit_an,90,hist_diff,non_event,-16.0,34.0,100.75028006695725,4.0,1.1424
2025-10-29,v6a_hit_an,90,hist_payout,non_event,-112.0,36.0,97.32997819314555,3.0,0.8568
2025-10-29,v6a_hit_an,90,hist_winrate,non_event,-2.0,38.0,98.50363249693406,4.0,1.1424
2025-10-29,v6a_hit_an,90,hist_hit_an,non_event,226.0,44.0,102.40985697118433,5.0,1.428
2025-10-29,v8_dynamic,90,c1,non_event,76.0,30.0,100.64192382895351,2.0,0.5712
2025-10-29,v8_dynamic,90,c2,non_event,434.0,50.0,108.61061348214481,5.0,1.428
2025-10-29,v8_dynamic,90,c3,non_event,162.0,36.0,100.37485044766827,2.0,0.5712
2025-10-29,v8_dynamic,90,c4,non_event,952.0,40.0,107.96204327632493,7.0,1.9992
2025-10-29,v8_dynamic,90,c5,non_event,170.0,30.0,100.2845581315442,5.0,1.428
2025-10-29,v8_dynamic,90,c6,non_event,68.0,36.0,97.08017094858025,4.0,1.1424
2025-10-29,v8_dynamic,90,hist_diff,non_event,-16.0,34.0,100.75028006695725,4.0,1.1424
2025-10-29,v8_dynamic,90,hist_payout,non_event,-112.0,36.0,97.32997819314555,3.0,0.8568
2025-10-29,v8_dynamic,90,hist_winrate,non_event,-106.0,38.0,97.99408347194722,4.0,1.1424
2025-10-29,v8_dynamic,90,hist_hit_an,non_event,50.0,42.0,100.65481942893467,5.0,1.428
2025-10-30,v6a_hit_an,90,c1,non_event,-274.0,28.000000000000004,94.43671844986973,0.0,0.0
2025-10-30,v6a_hit_an,90,c2,non_event,822.0,46.0,104.0853119651489,4.0,1.1424
2025-10-30,v6a_hit_an,90,c3,non_event,-90.0,36.0,100.0611475437917,3.0,0.8568
2025-10-30,v6a_hit_an,90,c4,non_event,574.0,44.0,103.74706900746597,4.0,1.1424
2025-10-30,v6a_hit_an,90,c5,non_event,-108.0,34.0,98.19707018366084,2.0,0.5712
2025-10-30,v6a_hit_an,90,c6,non_event,286.0,36.0,103.79477142869753,4.0,1.1424
2025-10-30,v6a_hit_an,90,hist_diff,non_event,-228.0,24.0,96.631559858703,3.0,0.8568
2025-10-30,v6a_hit_an,90,hist_payout,non_event,88.0,30.0,98.81598667536271,3.0,0.8568
2025-10-30,v6a_hit_an,90,hist_winrate,non_event,264.0,42.0,99.88061548342516,0.0,0.0
2025-10-30,v6a_hit_an,90,hist_hit_an,non_event,106.0,42.0,101.10102903279999,2.0,0.5712
2025-10-30,v8_dynamic,90,c1,non_event,-266.0,28.000000000000004,94.5593637414603,0.0,0.0
2025-10-30,v8_dynamic,90,c2,non_event,776.0,44.0,103.35070576579228,4.0,1.1424
2025-10-30,v8_dynamic,90,c3,non_event,-4.0,36.0,101.22416995583062,3.0,0.8568
2025-10-30,v8_dynamic,90,c4,non_event,802.0,46.0,105.26710177598757,5.0,1.428
2025-10-30,v8_dynamic,90,c5,non_event,-274.0,34.0,97.02011746681151,2.0,0.5712
2025-10-30,v8_dynamic,90,c6,non_event,160.0,34.0,102.18845607563914,3.0,0.8568
2025-10-30,v8_dynamic,90,hist_diff,non_event,-228.0,24.0,96.631559858703,3.0,0.8568
2025-10-30,v8_dynamic,90,hist_payout,non_event,88.0,30.0,98.81598667536271,3.0,0.8568
2025-10-30,v8_dynamic,90,hist_winrate,non_event,232.0,40.0,99.4825211651824,0.0,0.0
2025-10-30,v8_dynamic,90,hist_hit_an,non_event,130.0,42.0,101.25446209762545,2.0,0.5712
2025-10-31,v6a_hit_an,90,c1,event,380.0,42.0,99.5110416424955,2.0,0.5712
2025-10-31,v6a_hit_an,90,c2,event,306.0,40.0,95.85009395998695,3.0,0.8568
2025-10-31,v6a_hit_an,90,c3,event,412.0,38.0,100.61689938515278,4.0,1.1424
2025-10-31,v6a_hit_an,90,c4,event,128.0,28.000000000000004,96.56998256884535,5.0,1.428
2025-10-31,v6a_hit_an,90,c5,event,456.0,34.0,100.32953855468519,4.0,1.1424
2025-10-31,v6a_hit_an,90,c6,event,228.0,42.0,99.29253116953376,4.0,1.1424
2025-10-31,v6a_hit_an,90,hist_diff,event,-184.0,30.0,93.8042161344851,3.0,0.8568
2025-10-31,v6a_hit_an,90,hist_payout,event,10.0,28.000000000000004,98.82279613812867,5.0,1.428
2025-10-31,v6a_hit_an,90,hist_winrate,event,166.0,42.0,100.97260780910041,2.0,0.5712
2025-10-31,v6a_hit_an,90,hist_hit_an,event,376.0,46.0,104.43307631945723,6.0,1.7136
2025-10-31,v8_dynamic,90,c1,event,380.0,42.0,99.51104164249548,2.0,0.5712
2025-10-31,v8_dynamic,90,c2,event,218.0,40.0,95.86701779267106,3.0,0.8568
2025-10-31,v8_dynamic,90,c3,event,444.0,40.0,101.30275620283527,4.0,1.1424
2025-10-31,v8_dynamic,90,c4,event,128.0,28.000000000000004,96.56998256884535,5.0,1.428
2025-10-31,v8_dynamic,90,c5,event,504.0,36.0,100.69272922784111,4.0,1.1424
2025-10-31,v8_dynamic,90,c6,event,240.0,42.0,100.28674225957597,3.0,0.8568
2025-10-31,v8_dynamic,90,hist_diff,event,-184.0,30.0,93.8042161344851,3.0,0.8568
2025-10-31,v8_dynamic,90,hist_payout,event,10.0,28.000000000000004,98.82279613812867,5.0,1.428
2025-10-31,v8_dynamic,90,hist_winrate,event,70.0,44.0,100.8264439751956,2.0,0.5712
2025-10-31,v8_dynamic,90,hist_hit_an,event,388.0,46.0,104.98024262931791,6.0,1.7136
2025-11-01,v6a_hit_an,90,c1,event,-138.0,36.0,98.42343912691629,1.0,0.2856
2025-11-01,v6a_hit_an,90,c2,event,32.0,46.0,100.68427137652239,2.0,0.5712
2025-11-01,v6a_hit_an,90,c3,event,776.0,54.0,105.31730994645872,6.0,1.7136
2025-11-01,v6a_hit_an,90,c4,event,438.0,50.0,102.1884261902391,5.0,1.428
2025-11-01,v6a_hit_an,90,c5,event,448.0,48.0,103.59191536792034,6.0,1.7136
2025-11-01,v6a_hit_an,90,c6,event,-700.0,32.0,96.03339971016929,4.0,1.1424
2025-11-01,v6a_hit_an,90,hist_diff,event,486.0,46.0,103.74157038366612,4.0,1.1424
2025-11-01,v6a_hit_an,90,hist_payout,event,890.0,52.0,109.06606880441585,5.0,1.428
2025-11-01,v6a_hit_an,90,hist_winrate,event,194.0,48.0,100.25624312546336,2.0,0.5712
2025-11-01,v6a_hit_an,90,hist_hit_an,event,204.0,42.0,101.31280204977494,5.0,1.428
2025-11-01,v8_dynamic,90,c1,event,-120.0,38.0,98.4921072401912,1.0,0.2856
2025-11-01,v8_dynamic,90,c2,event,220.0,50.0,101.83701134502087,2.0,0.5712
2025-11-01,v8_dynamic,90,c3,event,562.0,50.0,103.86405590673631,5.0,1.428
2025-11-01,v8_dynamic,90,c4,event,446.0,48.0,101.99460481128133,5.0,1.428
2025-11-01,v8_dynamic,90,c5,event,688.0,52.0,104.6951042847983,6.0,1.7136
2025-11-01,v8_dynamic,90,c6,event,-718.0,34.0,96.1482331128234,3.0,0.8568
2025-11-01,v8_dynamic,90,hist_diff,event,486.0,46.0,103.74157038366612,4.0,1.1424
2025-11-01,v8_dynamic,90,hist_payout,event,890.0,52.0,109.06606880441585,5.0,1.428
2025-11-01,v8_dynamic,90,hist_winrate,event,206.0,50.0,100.46493745145413,2.0,0.5712
2025-11-01,v8_dynamic,90,hist_hit_an,event,146.0,42.0,101.0143701276103,4.0,1.1424
2025-11-02,v6a_hit_an,90,c1,non_event,620.0,44.0,103.90481178425216,6.0,1.7136
2025-11-02,v6a_hit_an,90,c2,non_event,700.0,44.0,99.77354497321416,7.0,1.9992
2025-11-02,v6a_hit_an,90,c3,non_event,156.0,42.0,100.40238577700876,4.0,1.1424
2025-11-02,v6a_hit_an,90,c4,non_event,450.0,44.0,103.84190061746851,3.0,0.8568
2025-11-02,v6a_hit_an,90,c5,non_event,520.0,44.0,102.72272729758693,4.0,1.1424
2025-11-02,v6a_hit_an,90,c6,non_event,-222.0,38.0,98.23194118365018,2.0,0.5712
2025-11-02,v6a_hit_an,90,hist_diff,non_event,302.0,48.0,104.52448893290862,6.0,1.7136
2025-11-02,v6a_hit_an,90,hist_payout,non_event,430.0,52.0,106.45250106956333,5.0,1.428
2025-11-02,v6a_hit_an,90,hist_winrate,non_event,580.0,48.0,103.60567179426086,3.0,0.8568
2025-11-02,v6a_hit_an,90,hist_hit_an,non_event,-20.0,48.0,101.00470792062019,4.0,1.1424
2025-11-02,v8_dynamic,90,c1,non_event,610.0,44.0,103.51567466889446,6.0,1.7136
2025-11-02,v8_dynamic,90,c2,non_event,742.0,44.0,99.83585386102594,7.0,1.9992
2025-11-02,v8_dynamic,90,c3,non_event,216.0,44.0,100.79447582588314,4.0,1.1424
2025-11-02,v8_dynamic,90,c4,non_event,410.0,44.0,103.66343932972163,3.0,0.8568
2025-11-02,v8_dynamic,90,c5,non_event,606.0,46.0,105.02859808312589,4.0,1.1424
2025-11-02,v8_dynamic,90,c6,non_event,44.0,38.0,100.28620572799086,3.0,0.8568
2025-11-02,v8_dynamic,90,hist_diff,non_event,302.0,48.0,104.52448893290864,6.0,1.7136
2025-11-02,v8_dynamic,90,hist_payout,non_event,430.0,52.0,106.45250106956333,5.0,1.428
2025-11-02,v8_dynamic,90,hist_winrate,non_event,552.0,50.0,103.93953824838316,3.0,0.8568
2025-11-02,v8_dynamic,90,hist_hit_an,non_event,-56.0,46.0,100.25772393096479,4.0,1.1424
2025-11-03,v6a_hit_an,90,c1,non_event,616.0,42.0,105.51309530805587,3.0,0.8568
2025-11-03,v6a_hit_an,90,c2,non_event,-50.0,40.0,99.25728695108128,3.0,0.8568
2025-11-03,v6a_hit_an,90,c3,non_event,50.0,46.0,100.51690081819463,2.0,0.5712
2025-11-03,v6a_hit_an,90,c4,non_event,634.0,52.0,103.56565484372022,5.0,1.428
2025-11-03,v6a_hit_an,90,c5,non_event,416.0,40.0,101.93025416271146,3.0,0.8568
2025-11-03,v6a_hit_an,90,c6,non_event,602.0,52.0,105.61231327638215,5.0,1.428
2025-11-03,v6a_hit_an,90,hist_diff,non_event,412.0,46.0,100.43876396116838,2.0,0.5712
2025-11-03,v6a_hit_an,90,hist_payout,non_event,996.0,57.99999999999999,109.87429494961133,4.0,1.1424
2025-11-03,v6a_hit_an,90,hist_winrate,non_event,754.0,57.99999999999999,102.93482733805975,1.0,0.2856
2025-11-03,v6a_hit_an,90,hist_hit_an,non_event,582.0,52.0,104.09478277088535,2.0,0.5712
2025-11-03,v8_dynamic,90,c1,non_event,650.0,42.0,105.64178062317896,3.0,0.8568
2025-11-03,v8_dynamic,90,c2,non_event,-96.0,42.0,99.31961337743098,3.0,0.8568
2025-11-03,v8_dynamic,90,c3,non_event,-78.0,42.0,99.66275063622342,1.0,0.2856
2025-11-03,v8_dynamic,90,c4,non_event,696.0,52.0,104.55527738971233,5.0,1.428
2025-11-03,v8_dynamic,90,c5,non_event,570.0,44.0,103.11163417620874,3.0,0.8568
2025-11-03,v8_dynamic,90,c6,non_event,122.0,48.0,102.55023526072056,2.0,0.5712
2025-11-03,v8_dynamic,90,hist_diff,non_event,412.0,46.0,100.43876396116838,2.0,0.5712
2025-11-03,v8_dynamic,90,hist_payout,non_event,996.0,57.99999999999999,109.87429494961133,4.0,1.1424
2025-11-03,v8_dynamic,90,hist_winrate,non_event,790.0,60.0,103.2253194665453,1.0,0.2856
2025-11-03,v8_dynamic,90,hist_hit_an,non_event,714.0,56.00000000000001,105.2391763390895,2.0,0.5712
2025-11-04,v6a_hit_an,90,c1,non_event,660.0,48.0,101.80227322695676,3.0,0.8568
2025-11-04,v6a_hit_an,90,c2,non_event,718.0,42.0,99.8502820935783,6.0,1.7136
2025-11-04,v6a_hit_an,90,c3,non_event,292.0,40.0,99.34264451015437,5.0,1.428
2025-11-04,v6a_hit_an,90,c4,non_event,456.0,46.0,104.40789022633166,4.0,1.1424
2025-11-04,v6a_hit_an,90,c5,non_event,1034.0,52.0,111.1095196974913,6.0,1.7136
2025-11-04,v6a_hit_an,90,c6,non_event,-164.0,32.0,96.95177906903349,2.0,0.5712
2025-11-04,v6a_hit_an,90,hist_diff,non_event,208.0,34.0,101.31079020780624,6.0,1.7136
2025-11-04,v6a_hit_an,90,hist_payout,non_event,380.0,46.0,107.47832804915942,5.0,1.428
2025-11-04,v6a_hit_an,90,hist_winrate,non_event,408.0,44.0,103.13313793408457,2.0,0.5712
2025-11-04,v6a_hit_an,90,hist_hit_an,non_event,542.0,48.0,104.21836152534124,7.0,1.9992
2025-11-04,v8_dynamic,90,c1,non_event,752.0,50.0,102.7640218639483,3.0,0.8568
2025-11-04,v8_dynamic,90,c2,non_event,760.0,44.0,100.36770370848554,6.0,1.7136
2025-11-04,v8_dynamic,90,c3,non_event,398.0,40.0,103.98788942406021,6.0,1.7136
2025-11-04,v8_dynamic,90,c4,non_event,514.0,46.0,104.98594998048937,4.0,1.1424
2025-11-04,v8_dynamic,90,c5,non_event,1110.0,56.00000000000001,111.56619060078836,6.0,1.7136
2025-11-04,v8_dynamic,90,c6,non_event,-18.0,36.0,101.41055545290875,3.0,0.8568
2025-11-04,v8_dynamic,90,hist_diff,non_event,208.0,34.0,101.31079020780624,6.0,1.7136
2025-11-04,v8_dynamic,90,hist_payout,non_event,380.0,46.0,107.47832804915942,5.0,1.428
2025-11-04,v8_dynamic,90,hist_winrate,non_event,380.0,44.0,103.07065467094034,2.0,0.5712
2025-11-04,v8_dynamic,90,hist_hit_an,non_event,642.0,50.0,105.12057144790711,7.0,1.9992
2025-11-05,v6a_hit_an,90,c1,non_event,-78.0,30.0,95.00396154420463,1.0,0.2856
2025-11-05,v6a_hit_an,90,c2,non_event,384.0,40.0,98.00149774107915,5.0,1.428
2025-11-05,v6a_hit_an,90,c3,non_event,506.0,44.0,103.13822950858822,7.0,1.9992
2025-11-05,v6a_hit_an,90,c4,non_event,120.0,26.0,93.56002752303294,4.0,1.1424
2025-11-05,v6a_hit_an,90,c5,non_event,376.0,42.0,99.72912041010387,6.0,1.7136
2025-11-05,v6a_hit_an,90,c6,non_event,478.0,32.0,97.47857512553662,5.0,1.428
2025-11-05,v6a_hit_an,90,hist_diff,non_event,540.0,40.0,102.13539881510866,4.0,1.1424
2025-11-05,v6a_hit_an,90,hist_payout,non_event,496.0,42.0,103.60744138945755,2.0,0.5712
2025-11-05,v6a_hit_an,90,hist_winrate,non_event,622.0,42.0,103.06436323910681,4.0,1.1424
2025-11-05,v6a_hit_an,90,hist_hit_an,non_event,-12.0,32.0,97.51570053556063,3.0,0.8568
2025-11-05,v8_dynamic,90,c1,non_event,-40.0,30.0,95.0689609172061,1.0,0.2856
2025-11-05,v8_dynamic,90,c2,non_event,326.0,40.0,98.31857109638725,5.0,1.428
2025-11-05,v8_dynamic,90,c3,non_event,530.0,46.0,103.41522078055571,7.0,1.9992
2025-11-05,v8_dynamic,90,c4,non_event,152.0,28.000000000000004,95.16422123078196,4.0,1.1424
2025-11-05,v8_dynamic,90,c5,non_event,462.0,42.0,100.93728783097772,7.0,1.9992
2025-11-05,v8_dynamic,90,c6,non_event,172.0,38.0,97.69887357602103,6.0,1.7136
2025-11-05,v8_dynamic,90,hist_diff,non_event,540.0,40.0,102.13539881510866,4.0,1.1424
2025-11-05,v8_dynamic,90,hist_payout,non_event,496.0,42.0,103.60744138945755,2.0,0.5712
2025-11-05,v8_dynamic,90,hist_winrate,non_event,548.0,40.0,102.49924501629788,4.0,1.1424
2025-11-05,v8_dynamic,90,hist_hit_an,non_event,438.0,38.0,102.24285140804105,4.0,1.1424
2025-11-06,v6a_hit_an,90,c1,non_event,216.0,18.0,89.06936126874349,3.0,0.8568
2025-11-06,v6a_hit_an,90,c2,non_event,74.0,48.0,99.09648929947838,4.0,1.1424
2025-11-06,v6a_hit_an,90,c3,non_event,482.0,32.0,95.38704483470916,5.0,1.428
2025-11-06,v6a_hit_an,90,c4,non_event,396.0,32.0,96.26835983873316,6.0,1.7136
2025-11-06,v6a_hit_an,90,c5,non_event,510.0,26.0,94.34761835519227,7.0,1.9992
2025-11-06,v6a_hit_an,90,c6,non_event,-248.0,26.0,93.85226833178761,1.0,0.2856
2025-11-06,v6a_hit_an,90,hist_diff,non_event,38.0,28.000000000000004,97.2483081426413,3.0,0.8568
2025-11-06,v6a_hit_an,90,hist_payout,non_event,-190.0,26.0,94.78476404218868,1.0,0.2856
2025-11-06,v6a_hit_an,90,hist_winrate,non_event,-106.0,36.0,94.14180065671896,1.0,0.2856
2025-11-06,v6a_hit_an,90,hist_hit_an,non_event,-412.0,32.0,93.34761524436952,0.0,0.0
2025-11-06,v8_dynamic,90,c1,non_event,172.0,18.0,88.4584228901122,3.0,0.8568
2025-11-06,v8_dynamic,90,c2,non_event,108.0,48.0,99.31120924313426,5.0,1.428
2025-11-06,v8_dynamic,90,c3,non_event,434.0,30.0,95.0648314604814,5.0,1.428
2025-11-06,v8_dynamic,90,c4,non_event,212.0,30.0,94.58967281685267,5.0,1.428
2025-11-06,v8_dynamic,90,c5,non_event,524.0,28.000000000000004,94.4443437792575,7.0,1.9992
2025-11-06,v8_dynamic,90,c6,non_event,-300.0,32.0,93.57906464015143,1.0,0.2856
2025-11-06,v8_dynamic,90,hist_diff,non_event,38.0,28.000000000000004,97.2483081426413,3.0,0.8568
2025-11-06,v8_dynamic,90,hist_payout,non_event,-190.0,26.0,94.78476404218868,1.0,0.2856
2025-11-06,v8_dynamic,90,hist_winrate,non_event,-174.0,32.0,93.1577732970115,1.0,0.2856
2025-11-06,v8_dynamic,90,hist_hit_an,non_event,-428.0,32.0,92.806670861396,0.0,0.0
2025-11-07,v6a_hit_an,90,c1,event,242.0,40.0,99.12537534600565,2.0,0.5712
2025-11-07,v6a_hit_an,90,c2,event,-186.0,28.000000000000004,95.45636972394422,3.0,0.8568
2025-11-07,v6a_hit_an,90,c3,event,360.0,42.0,101.05897027548676,4.0,1.1424
2025-11-07,v6a_hit_an,90,c4,event,-338.0,38.0,95.54264011581478,2.0,0.5712
2025-11-07,v6a_hit_an,90,c5,event,656.0,46.0,102.71073786063394,5.0,1.428
2025-11-07,v6a_hit_an,90,c6,event,-122.0,38.0,97.93581463770846,1.0,0.2856
2025-11-07,v6a_hit_an,90,hist_diff,event,304.0,44.0,103.0729630968932,3.0,0.8568
2025-11-07,v6a_hit_an,90,hist_payout,event,-868.0,26.0,95.9456227699187,0.0,0.0
2025-11-07,v6a_hit_an,90,hist_winrate,event,324.0,42.0,102.25400547003582,1.0,0.2856
2025-11-07,v6a_hit_an,90,hist_hit_an,event,696.0,46.0,110.03207101934738,4.0,1.1424
2025-11-07,v8_dynamic,90,c1,event,266.0,40.0,99.18318925747812,2.0,0.5712
2025-11-07,v8_dynamic,90,c2,event,-276.0,28.000000000000004,95.32589306284042,3.0,0.8568
2025-11-07,v8_dynamic,90,c3,event,570.0,46.0,102.65225322669747,4.0,1.1424
2025-11-07,v8_dynamic,90,c4,event,-516.0,34.0,94.68791805102414,1.0,0.2856
2025-11-07,v8_dynamic,90,c5,event,440.0,42.0,101.68878117707601,4.0,1.1424
2025-11-07,v8_dynamic,90,c6,event,570.0,46.0,104.27889839755831,2.0,0.5712
2025-11-07,v8_dynamic,90,hist_diff,event,304.0,44.0,103.0729630968932,3.0,0.8568
2025-11-07,v8_dynamic,90,hist_payout,event,-868.0,26.0,95.9456227699187,0.0,0.0
2025-11-07,v8_dynamic,90,hist_winrate,event,254.0,40.0,101.61222485639773,1.0,0.2856
2025-11-07,v8_dynamic,90,hist_hit_an,event,530.0,44.0,108.77089494835428,4.0,1.1424
2025-11-08,v6a_hit_an,90,c1,non_event,632.0,46.0,100.85948858660186,3.0,0.8568
2025-11-08,v6a_hit_an,90,c2,non_event,-90.0,32.0,96.06112303493462,1.0,0.2856
2025-11-08,v6a_hit_an,90,c3,non_event,-404.0,32.0,96.210828738174,3.0,0.8568
2025-11-08,v6a_hit_an,90,c4,non_event,310.0,40.0,100.19935258194069,3.0,0.8568
2025-11-08,v6a_hit_an,90,c5,non_event,-18.0,32.0,99.78624159631273,4.0,1.1424
2025-11-08,v6a_hit_an,90,c6,non_event,640.0,42.0,102.9402195008431,7.0,1.9992
2025-11-08,v6a_hit_an,90,hist_diff,non_event,-406.0,28.000000000000004,93.93039822931128,3.0,0.8568
2025-11-08,v6a_hit_an,90,hist_payout,non_event,194.0,30.0,100.66730747412464,4.0,1.1424
2025-11-08,v6a_hit_an,90,hist_winrate,non_event,-318.0,32.0,94.71559933935414,1.0,0.2856
2025-11-08,v6a_hit_an,90,hist_hit_an,non_event,-518.0,28.000000000000004,96.45133659607896,1.0,0.2856
2025-11-08,v8_dynamic,90,c1,non_event,548.0,46.0,100.27197689876732,3.0,0.8568
2025-11-08,v8_dynamic,90,c2,non_event,-98.0,32.0,96.10358237391961,1.0,0.2856
2025-11-08,v8_dynamic,90,c3,non_event,-404.0,32.0,96.21082873817397,3.0,0.8568
2025-11-08,v8_dynamic,90,c4,non_event,98.0,36.0,97.94959213307482,3.0,0.8568
2025-11-08,v8_dynamic,90,c5,non_event,-58.0,34.0,99.69623576808297,4.0,1.1424
2025-11-08,v8_dynamic,90,c6,non_event,320.0,42.0,100.65653521374617,4.0,1.1424
2025-11-08,v8_dynamic,90,hist_diff,non_event,-406.0,28.000000000000004,93.93039822931128,3.0,0.8568
2025-11-08,v8_dynamic,90,hist_payout,non_event,194.0,30.0,100.66730747412464,4.0,1.1424
2025-11-08,v8_dynamic,90,hist_winrate,non_event,-280.0,32.0,94.70156368727919,2.0,0.5712
2025-11-08,v8_dynamic,90,hist_hit_an,non_event,-588.0,28.000000000000004,96.0075385792239,1.0,0.2856
2025-11-09,v6a_hit_an,90,c1,non_event,1326.0,54.0,110.64963520557136,6.0,1.7136
2025-11-09,v6a_hit_an,90,c2,non_event,-488.0,24.0,92.92731934339606,3.0,0.8568
2025-11-09,v6a_hit_an,90,c3,non_event,-36.0,42.0,98.2774115245684,5.0,1.428
2025-11-09,v6a_hit_an,90,c4,non_event,118.0,32.0,99.25422506709421,5.0,1.428
2025-11-09,v6a_hit_an,90,c5,non_event,46.0,38.0,98.32472296976968,5.0,1.428
2025-11-09,v6a_hit_an,90,c6,non_event,312.0,44.0,101.96112447612903,6.0,1.7136
2025-11-09,v6a_hit_an,90,hist_diff,non_event,196.0,32.0,98.97875531505326,3.0,0.8568
2025-11-09,v6a_hit_an,90,hist_payout,non_event,-318.0,32.0,98.01976018128076,1.0,0.2856
2025-11-09,v6a_hit_an,90,hist_winrate,non_event,-194.0,32.0,95.59049422630194,2.0,0.5712
2025-11-09,v6a_hit_an,90,hist_hit_an,non_event,-250.0,36.0,98.20622350707417,0.0,0.0
2025-11-09,v8_dynamic,90,c1,non_event,1404.0,54.0,111.62445780326489,6.0,1.7136
2025-11-09,v8_dynamic,90,c2,non_event,-508.0,24.0,92.42101629257674,3.0,0.8568
2025-11-09,v8_dynamic,90,c3,non_event,76.0,44.0,99.18340065415103,5.0,1.428
2025-11-09,v8_dynamic,90,c4,non_event,118.0,32.0,99.25422506709421,5.0,1.428
2025-11-09,v8_dynamic,90,c5,non_event,-178.0,36.0,99.60943845862907,4.0,1.1424
2025-11-09,v8_dynamic,90,c6,non_event,326.0,44.0,100.85481562502247,6.0,1.7136
2025-11-09,v8_dynamic,90,hist_diff,non_event,196.0,32.0,98.97875531505326,3.0,0.8568
2025-11-09,v8_dynamic,90,hist_payout,non_event,-318.0,32.0,98.01976018128076,1.0,0.2856
2025-11-09,v8_dynamic,90,hist_winrate,non_event,-80.0,32.0,96.43937632816926,3.0,0.8568
2025-11-09,v8_dynamic,90,hist_hit_an,non_event,-446.0,32.0,96.93068352484605,0.0,0.0
2025-11-10,v6a_hit_an,90,c1,non_event,36.0,24.0,96.86705220295012,5.0,1.428
2025-11-10,v6a_hit_an,90,c2,non_event,318.0,38.0,101.35637424655927,4.0,1.1424
2025-11-10,v6a_hit_an,90,c3,non_event,-212.0,32.0,95.47261495303079,5.0,1.428
2025-11-10,v6a_hit_an,90,c4,non_event,-346.0,36.0,92.92689387786321,5.0,1.428
2025-11-10,v6a_hit_an,90,c5,non_event,-262.0,30.0,94.86184705438971,6.0,1.7136
2025-11-10,v6a_hit_an,90,c6,non_event,-260.0,38.0,99.75663435819007,4.0,1.1424
2025-11-10,v6a_hit_an,90,hist_diff,non_event,628.0,50.0,108.29242062094215,5.0,1.428
2025-11-10,v6a_hit_an,90,hist_payout,non_event,18.0,46.0,102.83215383666742,3.0,0.8568
2025-11-10,v6a_hit_an,90,hist_winrate,non_event,282.0,48.0,108.11670246764743,1.0,0.2856
2025-11-10,v6a_hit_an,90,hist_hit_an,non_event,666.0,52.0,112.50933442570282,4.0,1.1424
2025-11-10,v8_dynamic,90,c1,non_event,38.0,24.0,96.87875927248419,5.0,1.428
2025-11-10,v8_dynamic,90,c2,non_event,314.0,36.0,100.50979618920428,4.0,1.1424
2025-11-10,v8_dynamic,90,c3,non_event,-328.0,30.0,94.22989771705804,5.0,1.428
2025-11-10,v8_dynamic,90,c4,non_event,-346.0,36.0,92.92689387786322,5.0,1.428
2025-11-10,v8_dynamic,90,c5,non_event,-302.0,30.0,95.34629206808114,6.0,1.7136
2025-11-10,v8_dynamic,90,c6,non_event,312.0,46.0,104.28609402969181,7.0,1.9992
2025-11-10,v8_dynamic,90,hist_diff,non_event,628.0,50.0,108.29242062094215,5.0,1.428
2025-11-10,v8_dynamic,90,hist_payout,non_event,18.0,46.0,102.83215383666742,3.0,0.8568
2025-11-10,v8_dynamic,90,hist_winrate,non_event,336.0,50.0,108.38454677281294,1.0,0.2856
2025-11-10,v8_dynamic,90,hist_hit_an,non_event,766.0,54.0,113.98634773664817,5.0,1.428
2025-11-11,v6a_hit_an,90,c1,event,660.0,44.0,103.99090227257948,5.0,1.428
2025-11-11,v6a_hit_an,90,c2,event,626.0,52.0,106.98892958462424,3.0,0.8568
2025-11-11,v6a_hit_an,90,c3,event,-500.0,32.0,95.94358318489377,4.0,1.1424
2025-11-11,v6a_hit_an,90,c4,event,172.0,40.0,101.7651876102951,3.0,0.8568
2025-11-11,v6a_hit_an,90,c5,event,-466.0,30.0,95.24145166220877,3.0,0.8568
2025-11-11,v6a_hit_an,90,c6,event,-10.0,44.0,98.92710323724417,3.0,0.8568
2025-11-11,v6a_hit_an,90,hist_diff,event,564.0,34.0,105.76320966256597,7.0,1.9992
2025-11-11,v6a_hit_an,90,hist_payout,event,1400.0,50.0,116.88971534728579,9.0,2.5704
2025-11-11,v6a_hit_an,90,hist_winrate,event,264.0,48.0,97.88914536672618,1.0,0.2856
2025-11-11,v6a_hit_an,90,hist_hit_an,event,-156.0,38.0,98.14226546637101,3.0,0.8568
2025-11-11,v8_dynamic,90,c1,event,660.0,44.0,103.99090227257946,5.0,1.428
2025-11-11,v8_dynamic,90,c2,event,550.0,50.0,106.47907049531311,3.0,0.8568
2025-11-11,v8_dynamic,90,c3,event,-500.0,32.0,95.94358318489377,4.0,1.1424
2025-11-11,v8_dynamic,90,c4,event,70.0,42.0,101.38354555236074,2.0,0.5712
2025-11-11,v8_dynamic,90,c5,event,-210.0,40.0,97.23086107635395,4.0,1.1424
2025-11-11,v8_dynamic,90,c6,event,104.0,48.0,100.1980090921796,1.0,0.2856
2025-11-11,v8_dynamic,90,hist_diff,event,564.0,34.0,105.76320966256597,7.0,1.9992
2025-11-11,v8_dynamic,90,hist_payout,event,1400.0,50.0,116.88971534728579,9.0,2.5704
2025-11-11,v8_dynamic,90,hist_winrate,event,262.0,48.0,97.83486740786215,1.0,0.2856
2025-11-11,v8_dynamic,90,hist_hit_an,event,-328.0,34.0,97.14084132039376,3.0,0.8568
2025-11-12,v6a_hit_an,90,c1,non_event,290.0,42.0,99.11713863524841,4.0,1.1424
2025-11-12,v6a_hit_an,90,c2,non_event,-52.0,34.0,93.26810971363886,2.0,0.5712
2025-11-12,v6a_hit_an,90,c3,non_event,270.0,48.0,99.341906813227,3.0,0.8568
2025-11-12,v6a_hit_an,90,c4,non_event,706.0,52.0,103.5198932145299,6.0,1.7136
2025-11-12,v6a_hit_an,90,c5,non_event,446.0,48.0,101.51487488484067,3.0,0.8568
2025-11-12,v6a_hit_an,90,c6,non_event,612.0,52.0,104.63985698316881,8.0,2.2848
2025-11-12,v6a_hit_an,90,hist_diff,non_event,736.0,38.0,105.48416229670525,5.0,1.428
2025-11-12,v6a_hit_an,90,hist_payout,non_event,650.0,40.0,105.97758657817121,5.0,1.428
2025-11-12,v6a_hit_an,90,hist_winrate,non_event,246.0,42.0,99.11463462575783,2.0,0.5712
2025-11-12,v6a_hit_an,90,hist_hit_an,non_event,488.0,44.0,103.4603716730527,5.0,1.428
2025-11-12,v8_dynamic,90,c1,non_event,290.0,42.0,99.11713863524841,4.0,1.1424
2025-11-12,v8_dynamic,90,c2,non_event,-46.0,34.0,94.20466217617611,2.0,0.5712
2025-11-12,v8_dynamic,90,c3,non_event,324.0,48.0,99.63814282522662,3.0,0.8568
2025-11-12,v8_dynamic,90,c4,non_event,632.0,52.0,101.14237258240593,5.0,1.428
2025-11-12,v8_dynamic,90,c5,non_event,352.0,46.0,100.10988068653167,3.0,0.8568
2025-11-12,v8_dynamic,90,c6,non_event,392.0,48.0,103.91395356961601,7.0,1.9992
2025-11-12,v8_dynamic,90,hist_diff,non_event,736.0,38.0,105.48416229670525,5.0,1.428
2025-11-12,v8_dynamic,90,hist_payout,non_event,650.0,40.0,105.97758657817121,5.0,1.428
2025-11-12,v8_dynamic,90,hist_winrate,non_event,338.0,42.0,99.9577075139478,3.0,0.8568
2025-11-12,v8_dynamic,90,hist_hit_an,non_event,552.0,46.0,104.70134299027961,5.0,1.428
2025-11-13,v6a_hit_an,90,c1,non_event,738.0,48.0,112.92638992181406,7.0,1.9992
2025-11-13,v6a_hit_an,90,c2,non_event,-40.0,30.0,95.26528580660397,4.0,1.1424
2025-11-13,v6a_hit_an,90,c3,non_event,-180.0,30.0,95.68197191144613,2.0,0.5712
2025-11-13,v6a_hit_an,90,c4,non_event,286.0,32.0,102.9090181263947,6.0,1.7136
2025-11-13,v6a_hit_an,90,c5,non_event,138.0,34.0,108.94952044913163,6.0,1.7136
2025-11-13,v6a_hit_an,90,c6,non_event,-144.0,34.0,104.33243116180522,5.0,1.428
2025-11-13,v6a_hit_an,90,hist_diff,non_event,114.0,36.0,112.776821574544,5.0,1.428
2025-11-13,v6a_hit_an,90,hist_payout,non_event,286.0,48.0,115.18733161520997,6.0,1.7136
2025-11-13,v6a_hit_an,90,hist_winrate,non_event,260.0,44.0,111.69481272372909,3.0,0.8568
2025-11-13,v6a_hit_an,90,hist_hit_an,non_event,332.0,48.0,115.55517609482733,5.0,1.428
2025-11-13,v8_dynamic,90,c1,non_event,738.0,48.0,112.92638992181406,7.0,1.9992
2025-11-13,v8_dynamic,90,c2,non_event,-90.0,30.0,95.52199537361405,4.0,1.1424
2025-11-13,v8_dynamic,90,c3,non_event,-2.0,32.0,97.07796354805426,3.0,0.8568
2025-11-13,v8_dynamic,90,c4,non_event,418.0,34.0,104.35149662135474,7.0,1.9992
2025-11-13,v8_dynamic,90,c5,non_event,164.0,34.0,109.15799816707518,6.0,1.7136
2025-11-13,v8_dynamic,90,c6,non_event,-194.0,32.0,103.69305923277513,3.0,0.8568
2025-11-13,v8_dynamic,90,hist_diff,non_event,176.0,38.0,113.25184384435495,5.0,1.428
2025-11-13,v8_dynamic,90,hist_payout,non_event,286.0,48.0,115.18733161520997,6.0,1.7136
2025-11-13,v8_dynamic,90,hist_winrate,non_event,162.0,40.0,111.1324680396578,3.0,0.8568
2025-11-13,v8_dynamic,90,hist_hit_an,non_event,248.0,46.0,115.24156939813301,5.0,1.428
2025-11-14,v6a_hit_an,90,c1,non_event,194.0,38.0,99.58282662502134,4.0,1.1424
2025-11-14,v6a_hit_an,90,c2,non_event,238.0,34.0,98.54702241718137,6.0,1.7136
2025-11-14,v6a_hit_an,90,c3,non_event,198.0,36.0,99.76612316939413,5.0,1.428
2025-11-14,v6a_hit_an,90,c4,non_event,-456.0,38.0,95.60880581175954,4.0,1.1424
2025-11-14,v6a_hit_an,90,c5,non_event,608.0,50.0,107.14188218082863,6.0,1.7136
2025-11-14,v6a_hit_an,90,c6,non_event,-76.0,34.0,95.40401294133243,3.0,0.8568
2025-11-14,v6a_hit_an,90,hist_diff,non_event,182.0,38.0,99.55836970996384,6.0,1.7136
2025-11-14,v6a_hit_an,90,hist_payout,non_event,300.0,48.0,101.69738583655531,5.0,1.428
2025-11-14,v6a_hit_an,90,hist_winrate,non_event,214.0,36.0,98.24005099559483,4.0,1.1424
2025-11-14,v6a_hit_an,90,hist_hit_an,non_event,48.0,40.0,97.54541025350562,6.0,1.7136
2025-11-14,v8_dynamic,90,c1,non_event,194.0,38.0,99.58282662502134,4.0,1.1424
2025-11-14,v8_dynamic,90,c2,non_event,470.0,38.0,100.52905650258408,7.0,1.9992
2025-11-14,v8_dynamic,90,c3,non_event,260.0,36.0,100.5752778819886,6.0,1.7136
2025-11-14,v8_dynamic,90,c4,non_event,-456.0,38.0,95.60880581175954,4.0,1.1424
2025-11-14,v8_dynamic,90,c5,non_event,120.0,46.0,101.06772947199521,4.0,1.1424
2025-11-14,v8_dynamic,90,c6,non_event,116.0,36.0,95.9490698481207,4.0,1.1424
2025-11-14,v8_dynamic,90,hist_diff,non_event,182.0,38.0,99.55836970996384,6.0,1.7136
2025-11-14,v8_dynamic,90,hist_payout,non_event,300.0,48.0,101.69738583655531,5.0,1.428
2025-11-14,v8_dynamic,90,hist_winrate,non_event,296.0,40.0,99.4785030747167,4.0,1.1424
2025-11-14,v8_dynamic,90,hist_hit_an,non_event,-26.0,38.0,96.74926387862284,5.0,1.428
2025-11-15,v6a_hit_an,90,c1,non_event,-652.0,26.0,94.19162535357634,2.0,0.5712
2025-11-15,v6a_hit_an,90,c2,non_event,74.0,46.0,98.0387358761529,1.0,0.2856
2025-11-15,v6a_hit_an,90,c3,non_event,-458.0,34.0,95.6787871773743,1.0,0.2856
2025-11-15,v6a_hit_an,90,c4,non_event,-178.0,32.0,97.86495150558342,2.0,0.5712
2025-11-15,v6a_hit_an,90,c5,non_event,-382.0,34.0,96.0716983960752,1.0,0.2856
2025-11-15,v6a_hit_an,90,c6,non_event,384.0,40.0,103.25707615319641,8.0,2.2848
2025-11-15,v6a_hit_an,90,hist_diff,non_event,-834.0,20.0,93.64737637442141,3.0,0.8568
2025-11-15,v6a_hit_an,90,hist_payout,non_event,58.0,32.0,101.14056861774512,4.0,1.1424
2025-11-15,v6a_hit_an,90,hist_winrate,non_event,170.0,40.0,100.04501682681642,2.0,0.5712
2025-11-15,v6a_hit_an,90,hist_hit_an,non_event,-258.0,30.0,97.43366076409826,3.0,0.8568
2025-11-15,v8_dynamic,90,c1,non_event,-652.0,26.0,94.19162535357634,2.0,0.5712
2025-11-15,v8_dynamic,90,c2,non_event,170.0,48.0,98.5952306423164,1.0,0.2856
2025-11-15,v8_dynamic,90,c3,non_event,-436.0,36.0,96.24804666082869,1.0,0.2856
2025-11-15,v8_dynamic,90,c4,non_event,-122.0,34.0,98.24423488267736,2.0,0.5712
2025-11-15,v8_dynamic,90,c5,non_event,-642.0,30.0,93.59516109217273,0.0,0.0
2025-11-15,v8_dynamic,90,c6,non_event,436.0,40.0,103.15465096665531,9.0,2.5704
2025-11-15,v8_dynamic,90,hist_diff,non_event,-834.0,20.0,93.6473763744214,3.0,0.8568
2025-11-15,v8_dynamic,90,hist_payout,non_event,58.0,32.0,101.14056861774512,4.0,1.1424
2025-11-15,v8_dynamic,90,hist_winrate,non_event,86.0,40.0,99.45794716125056,1.0,0.2856
2025-11-15,v8_dynamic,90,hist_hit_an,non_event,-262.0,30.0,97.43535663809155,3.0,0.8568
2025-11-16,v6a_hit_an,90,c1,non_event,186.0,42.0,99.56862110048212,4.0,1.1424
2025-11-16,v6a_hit_an,90,c2,non_event,344.0,38.0,100.41723643033522,4.0,1.1424
2025-11-16,v6a_hit_an,90,c3,non_event,-444.0,44.0,97.27840566127063,3.0,0.8568
2025-11-16,v6a_hit_an,90,c4,non_event,-420.0,38.0,100.46589653879515,1.0,0.2856
2025-11-16,v6a_hit_an,90,c5,non_event,-158.0,46.0,97.64357606378786,2.0,0.5712
2025-11-16,v6a_hit_an,90,c6,non_event,300.0,38.0,102.73370080686962,8.0,2.2848
2025-11-16,v6a_hit_an,90,hist_diff,non_event,192.0,38.0,100.05277800962662,4.0,1.1424
2025-11-16,v6a_hit_an,90,hist_payout,non_event,206.0,42.0,101.09321539120988,4.0,1.1424
2025-11-16,v6a_hit_an,90,hist_winrate,non_event,184.0,46.0,99.1735095131265,0.0,0.0
2025-11-16,v6a_hit_an,90,hist_hit_an,non_event,428.0,42.0,102.54840674197224,3.0,0.8568
2025-11-16,v8_dynamic,90,c1,non_event,186.0,42.0,99.56862110048212,4.0,1.1424
2025-11-16,v8_dynamic,90,c2,non_event,278.0,36.0,99.826593783792,4.0,1.1424
2025-11-16,v8_dynamic,90,c3,non_event,-400.0,46.0,97.7181838371713,3.0,0.8568
2025-11-16,v8_dynamic,90,c4,non_event,-420.0,38.0,100.46589653879514,1.0,0.2856
2025-11-16,v8_dynamic,90,c5,non_event,-72.0,48.0,98.57351185857229,2.0,0.5712
2025-11-16,v8_dynamic,90,c6,non_event,510.0,42.0,104.47771126506483,9.0,2.5704
2025-11-16,v8_dynamic,90,hist_diff,non_event,192.0,38.0,100.05277800962659,4.0,1.1424
2025-11-16,v8_dynamic,90,hist_payout,non_event,206.0,42.0,101.09321539120988,4.0,1.1424
2025-11-16,v8_dynamic,90,hist_winrate,non_event,184.0,46.0,99.17350951312648,0.0,0.0
2025-11-16,v8_dynamic,90,hist_hit_an,non_event,882.0,46.0,105.51842378981023,4.0,1.1424
2025-11-17,v6a_hit_an,90,c1,event,382.0,36.0,98.24893910046983,5.0,1.428
2025-11-17,v6a_hit_an,90,c2,event,-234.0,32.0,95.93352112444101,2.0,0.5712
2025-11-17,v6a_hit_an,90,c3,event,278.0,50.0,102.76583256191194,6.0,1.7136
2025-11-17,v6a_hit_an,90,c4,event,-92.0,40.0,99.69719857526282,4.0,1.1424
2025-11-17,v6a_hit_an,90,c5,event,144.0,46.0,101.20890517104901,5.0,1.428
2025-11-17,v6a_hit_an,90,c6,event,-356.0,42.0,97.50920935901051,2.0,0.5712
2025-11-17,v6a_hit_an,90,hist_diff,event,466.0,44.0,103.29300643201141,5.0,1.428
2025-11-17,v6a_hit_an,90,hist_payout,event,20.0,48.0,101.00294806967472,2.0,0.5712
2025-11-17,v6a_hit_an,90,hist_winrate,event,382.0,46.0,102.72371144413736,1.0,0.2856
2025-11-17,v6a_hit_an,90,hist_hit_an,event,772.0,56.00000000000001,108.03806315590174,5.0,1.428
2025-11-17,v8_dynamic,90,c1,event,486.0,40.0,99.91863893232893,5.0,1.428
2025-11-17,v8_dynamic,90,c2,event,-328.0,30.0,95.41892530777847,2.0,0.5712
2025-11-17,v8_dynamic,90,c3,event,488.0,52.0,104.26148031167733,7.0,1.9992
2025-11-17,v8_dynamic,90,c4,event,-110.0,40.0,99.62316491459183,4.0,1.1424
2025-11-17,v8_dynamic,90,c5,event,96.0,44.0,100.85238072945204,6.0,1.7136
2025-11-17,v8_dynamic,90,c6,event,-178.0,46.0,98.97503964564748,2.0,0.5712
2025-11-17,v8_dynamic,90,hist_diff,event,466.0,44.0,103.29300643201141,5.0,1.428
2025-11-17,v8_dynamic,90,hist_payout,event,20.0,48.0,101.00294806967472,2.0,0.5712
2025-11-17,v8_dynamic,90,hist_winrate,event,348.0,46.0,101.76181712605012,1.0,0.2856
2025-11-17,v8_dynamic,90,hist_hit_an,event,772.0,56.00000000000001,108.03806315590174,5.0,1.428
2025-11-18,v6a_hit_an,90,c1,non_event,776.0,34.0,103.48776230150375,7.0,1.9992
2025-11-18,v6a_hit_an,90,c2,non_event,360.0,44.0,99.42097891829303,4.0,1.1424
2025-11-18,v6a_hit_an,90,c3,non_event,-336.0,32.0,95.05470220860582,1.0,0.2856
2025-11-18,v6a_hit_an,90,c4,non_event,628.0,56.00000000000001,105.5296786630657,4.0,1.1424
2025-11-18,v6a_hit_an,90,c5,non_event,-276.0,30.0,94.10835268929745,1.0,0.2856
2025-11-18,v6a_hit_an,90,c6,non_event,-24.0,34.0,95.49583191701521,5.0,1.428
2025-11-18,v6a_hit_an,90,hist_diff,non_event,106.0,26.0,93.9963589573149,6.0,1.7136
2025-11-18,v6a_hit_an,90,hist_payout,non_event,258.0,30.0,97.8797760750803,5.0,1.428
2025-11-18,v6a_hit_an,90,hist_winrate,non_event,406.0,38.0,97.51697596351427,3.0,0.8568
2025-11-18,v6a_hit_an,90,hist_hit_an,non_event,362.0,32.0,98.37490702424324,5.0,1.428
2025-11-18,v8_dynamic,90,c1,non_event,796.0,36.0,103.58587572316956,8.0,2.2848
2025-11-18,v8_dynamic,90,c2,non_event,424.0,46.0,100.21852838376805,4.0,1.1424
2025-11-18,v8_dynamic,90,c3,non_event,-362.0,30.0,94.66217670638797,1.0,0.2856
2025-11-18,v8_dynamic,90,c4,non_event,646.0,57.99999999999999,105.84306897645601,4.0,1.1424
2025-11-18,v8_dynamic,90,c5,non_event,-244.0,34.0,95.96346869574062,1.0,0.2856
2025-11-18,v8_dynamic,90,c6,non_event,-122.0,40.0,97.16542752540231,4.0,1.1424
2025-11-18,v8_dynamic,90,hist_diff,non_event,106.0,26.0,93.99635895731488,6.0,1.7136
2025-11-18,v8_dynamic,90,hist_payout,non_event,258.0,30.0,97.8797760750803,5.0,1.428
2025-11-18,v8_dynamic,90,hist_winrate,non_event,304.0,34.0,95.8634573443389,3.0,0.8568
2025-11-18,v8_dynamic,90,hist_hit_an,non_event,362.0,32.0,98.37490702424324,5.0,1.428
2025-11-19,v6a_hit_an,90,c1,non_event,302.0,38.0,101.19043487387,2.0,0.5712
2025-11-19,v6a_hit_an,90,c2,non_event,0.0,38.0,100.16729990066973,2.0,0.5712
2025-11-19,v6a_hit_an,90,c3,non_event,626.0,50.0,104.84947457702665,7.0,1.9992
2025-11-19,v6a_hit_an,90,c4,non_event,56.0,34.0,98.33035220377381,2.0,0.5712
2025-11-19,v6a_hit_an,90,c5,non_event,758.0,48.0,103.65136045185065,5.0,1.428
2025-11-19,v6a_hit_an,90,c6,non_event,-26.0,38.0,102.04217392296651,3.0,0.8568
2025-11-19,v6a_hit_an,90,hist_diff,non_event,4.0,34.0,102.06976205926634,4.0,1.1424
2025-11-19,v6a_hit_an,90,hist_payout,non_event,-630.0,30.0,100.59955719857582,1.0,0.2856
2025-11-19,v6a_hit_an,90,hist_winrate,non_event,198.0,40.0,103.85529141876084,1.0,0.2856
2025-11-19,v6a_hit_an,90,hist_hit_an,non_event,-408.0,34.0,105.07583311923561,0.0,0.0
2025-11-19,v8_dynamic,90,c1,non_event,144.0,36.0,99.4186195632622,2.0,0.5712
2025-11-19,v8_dynamic,90,c2,non_event,-106.0,34.0,99.263161080747,2.0,0.5712
2025-11-19,v8_dynamic,90,c3,non_event,504.0,46.0,103.87645722666444,7.0,1.9992
2025-11-19,v8_dynamic,90,c4,non_event,8.0,32.0,97.78958789833759,2.0,0.5712
2025-11-19,v8_dynamic,90,c5,non_event,834.0,48.0,106.28898293304917,8.0,2.2848
2025-11-19,v8_dynamic,90,c6,non_event,380.0,42.0,100.00602260842211,7.0,1.9992
2025-11-19,v8_dynamic,90,hist_diff,non_event,4.0,34.0,102.06976205926634,4.0,1.1424
2025-11-19,v8_dynamic,90,hist_payout,non_event,-630.0,30.0,100.59955719857582,1.0,0.2856
2025-11-19,v8_dynamic,90,hist_winrate,non_event,178.0,42.0,104.36061145811178,1.0,0.2856
2025-11-19,v8_dynamic,90,hist_hit_an,non_event,-222.0,36.0,106.41323406274414,1.0,0.2856
2025-11-20,v6a_hit_an,90,c1,non_event,30.0,36.0,99.65529418373895,3.0,0.8568
2025-11-20,v6a_hit_an,90,c2,non_event,-12.0,24.0,94.95859593625755,2.0,0.5712
2025-11-20,v6a_hit_an,90,c3,non_event,-86.0,30.0,99.7609314190512,3.0,0.8568
2025-11-20,v6a_hit_an,90,c4,non_event,798.0,44.0,103.83087780533921,4.0,1.1424
2025-11-20,v6a_hit_an,90,c5,non_event,-34.0,28.000000000000004,99.83072051372297,3.0,0.8568
2025-11-20,v6a_hit_an,90,c6,non_event,390.0,38.0,102.43146713366275,8.0,2.2848
2025-11-20,v6a_hit_an,90,hist_diff,non_event,-78.0,26.0,92.0586775715954,3.0,0.8568
2025-11-20,v6a_hit_an,90,hist_payout,non_event,-142.0,28.000000000000004,102.04254297648876,5.0,1.428
2025-11-20,v6a_hit_an,90,hist_winrate,non_event,-8.0,36.0,99.54864374882911,3.0,0.8568
2025-11-20,v6a_hit_an,90,hist_hit_an,non_event,-144.0,38.0,102.54895399588993,4.0,1.1424
2025-11-20,v8_dynamic,90,c1,non_event,30.0,36.0,99.65529418373893,3.0,0.8568
2025-11-20,v8_dynamic,90,c2,non_event,198.0,26.0,99.35656492372743,3.0,0.8568
2025-11-20,v8_dynamic,90,c3,non_event,74.0,32.0,101.69634129245121,4.0,1.1424
2025-11-20,v8_dynamic,90,c4,non_event,562.0,40.0,101.58358092264103,3.0,0.8568
2025-11-20,v8_dynamic,90,c5,non_event,80.0,28.000000000000004,99.10492301833087,3.0,0.8568
2025-11-20,v8_dynamic,90,c6,non_event,304.0,40.0,102.58400031005834,7.0,1.9992
2025-11-20,v8_dynamic,90,hist_diff,non_event,-78.0,26.0,92.0586775715954,3.0,0.8568
2025-11-20,v8_dynamic,90,hist_payout,non_event,-142.0,28.000000000000004,102.04254297648876,5.0,1.428
2025-11-20,v8_dynamic,90,hist_winrate,non_event,210.0,36.0,101.35558299659873,4.0,1.1424
2025-11-20,v8_dynamic,90,hist_hit_an,non_event,-92.0,38.0,102.97058062325766,4.0,1.1424
2025-11-21,v6a_hit_an,90,c1,event,-460.0,28.000000000000004,92.754509619305,2.0,0.5712
2025-11-21,v6a_hit_an,90,c2,event,376.0,46.0,101.32643019824576,2.0,0.5712
2025-11-21,v6a_hit_an,90,c3,event,-104.0,42.0,100.40923064434065,3.0,0.8568
2025-11-21,v6a_hit_an,90,c4,event,200.0,40.0,100.1827838255916,4.0,1.1424
2025-11-21,v6a_hit_an,90,c5,event,-76.0,40.0,100.24162141970683,2.0,0.5712
2025-11-21,v6a_hit_an,90,c6,event,1160.0,54.0,112.97655017035297,9.0,2.5704
2025-11-21,v6a_hit_an,90,hist_diff,event,322.0,44.0,97.73721192792406,3.0,0.8568
2025-11-21,v6a_hit_an,90,hist_payout,event,614.0,52.0,107.03995314075823,4.0,1.1424
2025-11-21,v6a_hit_an,90,hist_winrate,event,494.0,52.0,104.65738202839741,1.0,0.2856
2025-11-21,v6a_hit_an,90,hist_hit_an,event,888.0,54.0,110.67646035720996,4.0,1.1424
2025-11-21,v8_dynamic,90,c1,event,-460.0,28.000000000000004,92.754509619305,2.0,0.5712
2025-11-21,v8_dynamic,90,c2,event,366.0,46.0,101.1935579657668,2.0,0.5712
2025-11-21,v8_dynamic,90,c3,event,156.0,44.0,102.07070616241728,4.0,1.1424
2025-11-21,v8_dynamic,90,c4,event,336.0,42.0,101.02446609938379,4.0,1.1424
2025-11-21,v8_dynamic,90,c5,event,26.0,44.0,101.3854314704554,3.0,0.8568
2025-11-21,v8_dynamic,90,c6,event,1172.0,56.00000000000001,115.25456864752135,7.0,1.9992
2025-11-21,v8_dynamic,90,hist_diff,event,322.0,44.0,97.73721192792406,3.0,0.8568
2025-11-21,v8_dynamic,90,hist_payout,event,614.0,52.0,107.03995314075823,4.0,1.1424
2025-11-21,v8_dynamic,90,hist_winrate,event,358.0,50.0,104.23522438465783,1.0,0.2856
2025-11-21,v8_dynamic,90,hist_hit_an,event,862.0,54.0,110.14823843653662,4.0,1.1424
2025-11-22,v6a_hit_an,90,c1,event,432.0,36.0,105.98847593008567,7.0,1.9992
2025-11-22,v6a_hit_an,90,c2,event,-422.0,28.000000000000004,95.66823051661932,4.0,1.1424
2025-11-22,v6a_hit_an,90,c3,event,-456.0,36.0,100.09478855291893,8.0,2.2848
2025-11-22,v6a_hit_an,90,c4,event,456.0,30.0,104.72189517239299,9.0,2.5704
2025-11-22,v6a_hit_an,90,c5,event,414.0,40.0,106.13224313895203,6.0,1.7136
2025-11-22,v6a_hit_an,90,c6,event,-776.0,32.0,93.82948979521072,2.0,0.5712
2025-11-22,v6a_hit_an,90,hist_diff,event,142.0,34.0,104.31163156868705,6.0,1.7136
2025-11-22,v6a_hit_an,90,hist_payout,event,-560.0,32.0,98.59572631762987,5.0,1.428
2025-11-22,v6a_hit_an,90,hist_winrate,event,-244.0,34.0,97.27609179608517,1.0,0.2856
2025-11-22,v6a_hit_an,90,hist_hit_an,event,-78.0,38.0,101.40216569821403,5.0,1.428
2025-11-22,v8_dynamic,90,c1,event,432.0,36.0,105.98847593008567,7.0,1.9992
2025-11-22,v8_dynamic,90,c2,event,-336.0,30.0,96.47170131729905,4.0,1.1424
2025-11-22,v8_dynamic,90,c3,event,-662.0,34.0,99.15812103672181,8.0,2.2848
2025-11-22,v8_dynamic,90,c4,event,628.0,32.0,105.65749452885373,10.0,2.856
2025-11-22,v8_dynamic,90,c5,event,232.0,40.0,103.38358931641305,5.0,1.428
2025-11-22,v8_dynamic,90,c6,event,-758.0,36.0,94.22850958643116,2.0,0.5712
2025-11-22,v8_dynamic,90,hist_diff,event,142.0,34.0,104.31163156868705,6.0,1.7136
2025-11-22,v8_dynamic,90,hist_payout,event,-560.0,32.0,98.59572631762987,5.0,1.428
2025-11-22,v8_dynamic,90,hist_winrate,event,-250.0,34.0,97.23562271046336,1.0,0.2856
2025-11-22,v8_dynamic,90,hist_hit_an,event,-36.0,42.0,102.56200396723905,5.0,1.428
2025-11-23,v6a_hit_an,90,c1,non_event,966.0,52.0,106.988123250622,8.0,2.2848
2025-11-23,v6a_hit_an,90,c2,non_event,156.0,40.0,99.64925634102396,2.0,0.5712
2025-11-23,v6a_hit_an,90,c3,non_event,-350.0,32.0,97.45893078948859,2.0,0.5712
2025-11-23,v6a_hit_an,90,c4,non_event,428.0,38.0,102.05805412511603,6.0,1.7136
2025-11-23,v6a_hit_an,90,c5,non_event,-382.0,28.000000000000004,97.01644487673289,2.0,0.5712
2025-11-23,v6a_hit_an,90,c6,non_event,-322.0,36.0,98.11484091533397,2.0,0.5712
2025-11-23,v6a_hit_an,90,hist_diff,non_event,330.0,48.0,99.52064975059342,4.0,1.1424
2025-11-23,v6a_hit_an,90,hist_payout,non_event,-228.0,46.0,98.35254722431073,0.0,0.0
2025-11-23,v6a_hit_an,90,hist_winrate,non_event,74.0,44.0,98.83407368735469,0.0,0.0
2025-11-23,v6a_hit_an,90,hist_hit_an,non_event,-42.0,50.0,98.6952617220098,1.0,0.2856
2025-11-23,v8_dynamic,90,c1,non_event,966.0,52.0,106.988123250622,8.0,2.2848
2025-11-23,v8_dynamic,90,c2,non_event,46.0,36.0,98.74872740229318,2.0,0.5712
2025-11-23,v8_dynamic,90,c3,non_event,-388.0,30.0,96.95742532906283,2.0,0.5712
2025-11-23,v8_dynamic,90,c4,non_event,422.0,40.0,102.09559953195382,6.0,1.7136
2025-11-23,v8_dynamic,90,c5,non_event,-382.0,28.000000000000004,97.01644487673292,2.0,0.5712
2025-11-23,v8_dynamic,90,c6,non_event,-92.0,40.0,99.78791405671218,2.0,0.5712
2025-11-23,v8_dynamic,90,hist_diff,non_event,330.0,48.0,99.52064975059342,4.0,1.1424
2025-11-23,v8_dynamic,90,hist_payout,non_event,-228.0,46.0,98.35254722431073,0.0,0.0
2025-11-23,v8_dynamic,90,hist_winrate,non_event,-20.0,44.0,98.21665868834785,0.0,0.0
2025-11-23,v8_dynamic,90,hist_hit_an,non_event,-68.0,48.0,99.34382547460746,1.0,0.2856
2025-11-24,v6a_hit_an,90,c1,non_event,90.0,38.0,102.43092156204744,3.0,0.8568
2025-11-24,v6a_hit_an,90,c2,non_event,618.0,42.0,103.76341896675304,4.0,1.1424
2025-11-24,v6a_hit_an,90,c3,non_event,-224.0,38.0,97.65038635177281,1.0,0.2856
2025-11-24,v6a_hit_an,90,c4,non_event,-976.0,36.0,96.32959329101394,2.0,0.5712
2025-11-24,v6a_hit_an,90,c5,non_event,152.0,36.0,103.29545579939094,3.0,0.8568
2025-11-24,v6a_hit_an,90,c6,non_event,720.0,46.0,107.493360464758,6.0,1.7136
2025-11-24,v6a_hit_an,90,hist_diff,non_event,334.0,38.0,104.79557248514625,6.0,1.7136
2025-11-24,v6a_hit_an,90,hist_payout,non_event,638.0,48.0,115.27384536076495,7.0,1.9992
2025-11-24,v6a_hit_an,90,hist_winrate,non_event,40.0,46.0,105.98322419287383,2.0,0.5712
2025-11-24,v6a_hit_an,90,hist_hit_an,non_event,806.0,54.0,115.76418362943987,7.0,1.9992
2025-11-24,v8_dynamic,90,c1,non_event,90.0,38.0,102.43092156204743,3.0,0.8568
2025-11-24,v8_dynamic,90,c2,non_event,500.0,42.0,102.91312513732947,3.0,0.8568
2025-11-24,v8_dynamic,90,c3,non_event,-136.0,38.0,98.64691638683884,2.0,0.5712
2025-11-24,v8_dynamic,90,c4,non_event,-1016.0,34.0,96.0434785458057,2.0,0.5712
2025-11-24,v8_dynamic,90,c5,non_event,40.0,32.0,101.67031868011311,2.0,0.5712
2025-11-24,v8_dynamic,90,c6,non_event,646.0,48.0,106.45278751837368,5.0,1.428
2025-11-24,v8_dynamic,90,hist_diff,non_event,334.0,38.0,104.79557248514625,6.0,1.7136
2025-11-24,v8_dynamic,90,hist_payout,non_event,638.0,48.0,115.27384536076495,7.0,1.9992
2025-11-24,v8_dynamic,90,hist_winrate,non_event,-14.0,48.0,108.06085659780794,2.0,0.5712
2025-11-24,v8_dynamic,90,hist_hit_an,non_event,806.0,54.0,115.76418362943988,7.0,1.9992
2025-11-25,v6a_hit_an,90,c1,non_event,204.0,30.0,94.35951233972162,5.0,1.428
2025-11-25,v6a_hit_an,90,c2,non_event,700.0,38.0,105.41432939671635,5.0,1.428
2025-11-25,v6a_hit_an,90,c3,non_event,420.0,32.0,100.50029883177383,4.0,1.1424
2025-11-25,v6a_hit_an,90,c4,non_event,-202.0,36.0,96.55358194950657,1.0,0.2856
2025-11-25,v6a_hit_an,90,c5,non_event,632.0,38.0,100.7133010383944,6.0,1.7136
2025-11-25,v6a_hit_an,90,c6,non_event,360.0,36.0,102.06579717483054,4.0,1.1424
2025-11-25,v6a_hit_an,90,hist_diff,non_event,62.0,30.0,92.8413871268972,5.0,1.428
2025-11-25,v6a_hit_an,90,hist_payout,non_event,-72.0,28.000000000000004,97.9342759865909,3.0,0.8568
2025-11-25,v6a_hit_an,90,hist_winrate,non_event,380.0,48.0,99.9679349571444,0.0,0.0
2025-11-25,v6a_hit_an,90,hist_hit_an,non_event,280.0,36.0,102.01106754148316,2.0,0.5712
2025-11-25,v8_dynamic,90,c1,non_event,246.0,30.0,94.69844453798332,5.0,1.428
2025-11-25,v8_dynamic,90,c2,non_event,688.0,36.0,105.35884213533446,5.0,1.428
2025-11-25,v8_dynamic,90,c3,non_event,450.0,34.0,101.36508411783582,4.0,1.1424
2025-11-25,v8_dynamic,90,c4,non_event,-202.0,36.0,96.55358194950657,1.0,0.2856
2025-11-25,v8_dynamic,90,c5,non_event,576.0,36.0,100.59440700632801,6.0,1.7136
2025-11-25,v8_dynamic,90,c6,non_event,142.0,42.0,97.54835208227567,3.0,0.8568
2025-11-25,v8_dynamic,90,hist_diff,non_event,62.0,30.0,92.8413871268972,5.0,1.428
2025-11-25,v8_dynamic,90,hist_payout,non_event,-72.0,28.000000000000004,97.9342759865909,3.0,0.8568
2025-11-25,v8_dynamic,90,hist_winrate,non_event,380.0,48.0,100.08263448533548,0.0,0.0
2025-11-25,v8_dynamic,90,hist_hit_an,non_event,288.0,36.0,101.57998739805018,2.0,0.5712
2025-11-26,v6a_hit_an,90,c1,non_event,334.0,46.0,101.52754018443284,3.0,0.8568
2025-11-26,v6a_hit_an,90,c2,non_event,-52.0,36.0,102.18564971594812,1.0,0.2856
2025-11-26,v6a_hit_an,90,c3,non_event,192.0,38.0,99.22090204969048,6.0,1.7136
2025-11-26,v6a_hit_an,90,c4,non_event,150.0,34.0,97.64414835420591,2.0,0.5712
2025-11-26,v6a_hit_an,90,c5,non_event,942.0,50.0,112.46057792316546,9.0,2.5704
2025-11-26,v6a_hit_an,90,c6,non_event,-176.0,36.0,96.68465786654568,4.0,1.1424
2025-11-26,v6a_hit_an,90,hist_diff,non_event,296.0,38.0,104.90411385398858,5.0,1.428
2025-11-26,v6a_hit_an,90,hist_payout,non_event,510.0,44.0,110.8772937664586,5.0,1.428
2025-11-26,v6a_hit_an,90,hist_winrate,non_event,298.0,42.0,100.93440018584045,3.0,0.8568
2025-11-26,v6a_hit_an,90,hist_hit_an,non_event,658.0,50.0,110.49057791242754,6.0,1.7136
2025-11-26,v8_dynamic,90,c1,non_event,296.0,44.0,101.05277744388758,3.0,0.8568
2025-11-26,v8_dynamic,90,c2,non_event,-220.0,34.0,100.07929539717911,0.0,0.0
2025-11-26,v8_dynamic,90,c3,non_event,272.0,40.0,100.43136665456588,6.0,1.7136
2025-11-26,v8_dynamic,90,c4,non_event,182.0,36.0,98.42712284159946,2.0,0.5712
2025-11-26,v8_dynamic,90,c5,non_event,868.0,50.0,112.71187116715627,8.0,2.2848
2025-11-26,v8_dynamic,90,c6,non_event,-234.0,40.0,98.19371940065105,3.0,0.8568
2025-11-26,v8_dynamic,90,hist_diff,non_event,296.0,38.0,104.90411385398858,5.0,1.428
2025-11-26,v8_dynamic,90,hist_payout,non_event,510.0,44.0,110.8772937664586,5.0,1.428
2025-11-26,v8_dynamic,90,hist_winrate,non_event,298.0,42.0,100.93440018584046,3.0,0.8568
2025-11-26,v8_dynamic,90,hist_hit_an,non_event,748.0,52.0,110.82092773226488,6.0,1.7136
2025-11-27,v6a_hit_an,90,c1,event,148.0,42.0,100.77216316879418,3.0,0.8568
2025-11-27,v6a_hit_an,90,c2,event,824.0,46.0,104.08377419563733,6.0,1.7136
2025-11-27,v6a_hit_an,90,c3,event,806.0,40.0,107.68029708899829,9.0,2.5704
2025-11-27,v6a_hit_an,90,c4,event,420.0,38.0,106.44595798221972,5.0,1.428
2025-11-27,v6a_hit_an,90,c5,event,-20.0,28.000000000000004,98.80675352712,6.0,1.7136
2025-11-27,v6a_hit_an,90,c6,event,-514.0,38.0,95.21819366473963,2.0,0.5712
2025-11-27,v6a_hit_an,90,hist_diff,event,168.0,38.0,98.24971326854985,4.0,1.1424
2025-11-27,v6a_hit_an,90,hist_payout,event,80.0,44.0,101.35957204246047,2.0,0.5712
2025-11-27,v6a_hit_an,90,hist_winrate,event,-8.0,36.0,97.76633647438011,0.0,0.0
2025-11-27,v6a_hit_an,90,hist_hit_an,event,-446.0,28.000000000000004,96.07017294601356,1.0,0.2856
2025-11-27,v8_dynamic,90,c1,event,148.0,42.0,100.77216316879418,3.0,0.8568
2025-11-27,v8_dynamic,90,c2,event,776.0,46.0,104.02512760687192,6.0,1.7136
2025-11-27,v8_dynamic,90,c3,event,806.0,40.0,107.88815051496813,9.0,2.5704
2025-11-27,v8_dynamic,90,c4,event,420.0,38.0,106.44595798221974,5.0,1.428
2025-11-27,v8_dynamic,90,c5,event,54.0,28.000000000000004,99.51850609329706,6.0,1.7136
2025-11-27,v8_dynamic,90,c6,event,-198.0,42.0,97.14090771485934,1.0,0.2856
2025-11-27,v8_dynamic,90,hist_diff,event,168.0,38.0,98.24971326854985,4.0,1.1424
2025-11-27,v8_dynamic,90,hist_payout,event,80.0,44.0,101.35957204246047,2.0,0.5712
2025-11-27,v8_dynamic,90,hist_winrate,event,-8.0,36.0,97.7663364743801,0.0,0.0
2025-11-27,v8_dynamic,90,hist_hit_an,event,-328.0,30.0,97.18047537184755,1.0,0.2856
2025-11-28,v6a_hit_an,90,c1,non_event,18.0,32.0,98.6492222299363,5.0,1.428
2025-11-28,v6a_hit_an,90,c2,non_event,-130.0,38.0,94.76963990895094,2.0,0.5712
2025-11-28,v6a_hit_an,90,c3,non_event,508.0,40.0,107.13839063394914,7.0,1.9992
2025-11-28,v6a_hit_an,90,c4,non_event,-390.0,36.0,96.36885795989312,5.0,1.428
2025-11-28,v6a_hit_an,90,c5,non_event,324.0,34.0,107.93390192060058,5.0,1.428
2025-11-28,v6a_hit_an,90,c6,non_event,864.0,42.0,111.92996792022372,9.0,2.5704
2025-11-28,v6a_hit_an,90,hist_diff,non_event,244.0,36.0,97.5304260350485,4.0,1.1424
2025-11-28,v6a_hit_an,90,hist_payout,non_event,842.0,52.0,120.82067519985772,5.0,1.428
2025-11-28,v6a_hit_an,90,hist_winrate,non_event,-140.0,38.0,99.73705198717909,1.0,0.2856
2025-11-28,v6a_hit_an,90,hist_hit_an,non_event,878.0,50.0,116.34431108290246,8.0,2.2848
2025-11-28,v8_dynamic,90,c1,non_event,14.0,32.0,98.50645278868585,5.0,1.428
2025-11-28,v8_dynamic,90,c2,non_event,-80.0,38.0,94.75950976927344,2.0,0.5712
2025-11-28,v8_dynamic,90,c3,non_event,564.0,40.0,107.76681752433574,7.0,1.9992
2025-11-28,v8_dynamic,90,c4,non_event,-366.0,36.0,96.90357793742413,5.0,1.428
2025-11-28,v8_dynamic,90,c5,non_event,324.0,34.0,107.93390192060059,5.0,1.428
2025-11-28,v8_dynamic,90,c6,non_event,1038.0,40.0,110.57192437468767,9.0,2.5704
2025-11-28,v8_dynamic,90,hist_diff,non_event,244.0,36.0,97.53042603504854,4.0,1.1424
2025-11-28,v8_dynamic,90,hist_payout,non_event,842.0,52.0,120.82067519985772,5.0,1.428
2025-11-28,v8_dynamic,90,hist_winrate,non_event,-144.0,38.0,99.40384644120759,1.0,0.2856
2025-11-28,v8_dynamic,90,hist_hit_an,non_event,714.0,48.0,114.9934826987293,7.0,1.9992
2025-11-29,v6a_hit_an,90,c1,non_event,432.0,48.0,102.45397117752906,3.0,0.8568
2025-11-29,v6a_hit_an,90,c2,non_event,1334.0,57.99999999999999,107.80403735917257,5.0,1.428
2025-11-29,v6a_hit_an,90,c3,non_event,1118.0,50.0,107.71413900283086,5.0,1.428
2025-11-29,v6a_hit_an,90,c4,non_event,426.0,46.0,101.31941572706751,1.0,0.2856
2025-11-29,v6a_hit_an,90,c5,non_event,-264.0,36.0,99.46697486586928,5.0,1.428
2025-11-29,v6a_hit_an,90,c6,non_event,-466.0,34.0,98.48764095683617,1.0,0.2856
2025-11-29,v6a_hit_an,90,hist_diff,non_event,1058.0,54.0,108.73648328853467,5.0,1.428
2025-11-29,v6a_hit_an,90,hist_payout,non_event,580.0,50.0,102.67777837856764,3.0,0.8568
2025-11-29,v6a_hit_an,90,hist_winrate,non_event,1174.0,62.0,104.73580657373728,2.0,0.5712
2025-11-29,v6a_hit_an,90,hist_hit_an,non_event,798.0,54.0,102.87490031741025,4.0,1.1424
2025-11-29,v8_dynamic,90,c1,non_event,450.0,48.0,102.58819453900588,3.0,0.8568
2025-11-29,v8_dynamic,90,c2,non_event,1558.0,60.0,109.9025819451603,6.0,1.7136
2025-11-29,v8_dynamic,90,c3,non_event,1296.0,52.0,108.76385327669854,6.0,1.7136
2025-11-29,v8_dynamic,90,c4,non_event,780.0,50.0,104.80354785662101,2.0,0.5712
2025-11-29,v8_dynamic,90,c5,non_event,-264.0,36.0,99.46697486586928,5.0,1.428
2025-11-29,v8_dynamic,90,c6,non_event,-560.0,34.0,97.8025734821235,2.0,0.5712
2025-11-29,v8_dynamic,90,hist_diff,non_event,1058.0,54.0,108.73648328853469,5.0,1.428
2025-11-29,v8_dynamic,90,hist_payout,non_event,580.0,50.0,102.67777837856764,3.0,0.8568
2025-11-29,v8_dynamic,90,hist_winrate,non_event,1032.0,60.0,103.4512243020737,2.0,0.5712
2025-11-29,v8_dynamic,90,hist_hit_an,non_event,1012.0,57.99999999999999,104.5245167257845,4.0,1.1424
2025-11-30,v6a_hit_an,90,c1,event,334.0,38.0,103.71739136611411,7.0,1.9992
2025-11-30,v6a_hit_an,90,c2,event,-142.0,40.0,100.65214508935071,2.0,0.5712
2025-11-30,v6a_hit_an,90,c3,event,482.0,46.0,103.74477810898958,6.0,1.7136
2025-11-30,v6a_hit_an,90,c4,event,498.0,44.0,103.97167658049405,3.0,0.8568
2025-11-30,v6a_hit_an,90,c5,event,1376.0,46.0,111.82893932260906,11.0,3.1416
2025-11-30,v6a_hit_an,90,c6,event,58.0,38.0,100.30216945036518,6.0,1.7136
2025-11-30,v6a_hit_an,90,hist_diff,event,684.0,44.0,104.43903783028067,9.0,2.5704
2025-11-30,v6a_hit_an,90,hist_payout,event,524.0,56.00000000000001,105.06113697370364,5.0,1.428
2025-11-30,v6a_hit_an,90,hist_winrate,event,856.0,60.0,104.22378661194296,5.0,1.428
2025-11-30,v6a_hit_an,90,hist_hit_an,event,1012.0,52.0,107.04419335622615,8.0,2.2848
2025-11-30,v8_dynamic,90,c1,event,266.0,38.0,102.98644800368898,6.0,1.7136
2025-11-30,v8_dynamic,90,c2,event,-204.0,40.0,100.62458813335402,2.0,0.5712
2025-11-30,v8_dynamic,90,c3,event,558.0,48.0,104.328814398591,6.0,1.7136
2025-11-30,v8_dynamic,90,c4,event,398.0,44.0,103.20918728540113,2.0,0.5712
2025-11-30,v8_dynamic,90,c5,event,1376.0,46.0,111.82893932260906,11.0,3.1416
2025-11-30,v8_dynamic,90,c6,event,272.0,40.0,101.8260487826285,5.0,1.428
2025-11-30,v8_dynamic,90,hist_diff,event,684.0,44.0,104.43903783028067,9.0,2.5704
2025-11-30,v8_dynamic,90,hist_payout,event,524.0,56.00000000000001,105.06113697370364,5.0,1.428
2025-11-30,v8_dynamic,90,hist_winrate,event,1024.0,60.0,105.50057177619615,6.0,1.7136
2025-11-30,v8_dynamic,90,hist_hit_an,event,1218.0,56.00000000000001,108.53153572849344,9.0,2.5704
2025-12-01,v6a_hit_an,90,c1,event,-118.0,34.0,98.04331382595153,2.0,0.5712
2025-12-01,v6a_hit_an,90,c2,event,686.0,42.0,102.90214009336783,5.0,1.428
2025-12-01,v6a_hit_an,90,c3,event,136.0,36.0,98.46365543295111,7.0,1.9992
2025-12-01,v6a_hit_an,90,c4,event,68.0,40.0,101.2406122587934,1.0,0.2856
2025-12-01,v6a_hit_an,90,c5,event,396.0,46.0,102.99633687358475,5.0,1.428
2025-12-01,v6a_hit_an,90,c6,event,8.0,34.0,98.73277405952759,7.0,1.9992
2025-12-01,v6a_hit_an,90,hist_diff,event,780.0,46.0,104.9226014901415,7.0,1.9992
2025-12-01,v6a_hit_an,90,hist_payout,event,906.0,50.0,109.22643085271193,8.0,2.2848
2025-12-01,v6a_hit_an,90,hist_winrate,event,568.0,46.0,106.10796597238453,3.0,0.8568
2025-12-01,v6a_hit_an,90,hist_hit_an,event,858.0,54.0,108.45634643445881,5.0,1.428
2025-12-01,v8_dynamic,90,c1,event,-118.0,34.0,98.04331382595154,2.0,0.5712
2025-12-01,v8_dynamic,90,c2,event,688.0,42.0,103.63559211789163,5.0,1.428
2025-12-01,v8_dynamic,90,c3,event,114.0,36.0,98.87003893362738,7.0,1.9992
2025-12-01,v8_dynamic,90,c4,event,24.0,40.0,98.570404821387,1.0,0.2856
2025-12-01,v8_dynamic,90,c5,event,396.0,46.0,102.99633687358474,5.0,1.428
2025-12-01,v8_dynamic,90,c6,event,288.0,42.0,101.16304914943558,8.0,2.2848
2025-12-01,v8_dynamic,90,hist_diff,event,780.0,46.0,104.9226014901415,7.0,1.9992
2025-12-01,v8_dynamic,90,hist_payout,event,906.0,50.0,109.22643085271193,8.0,2.2848
2025-12-01,v8_dynamic,90,hist_winrate,event,948.0,50.0,108.3999710812685,4.0,1.1424
2025-12-01,v8_dynamic,90,hist_hit_an,event,868.0,54.0,108.37824440497761,5.0,1.428
2025-12-02,v6a_hit_an,90,c1,non_event,288.0,42.0,102.03247939665057,4.0,1.1424
2025-12-02,v6a_hit_an,90,c2,non_event,480.0,40.0,103.9514361110771,4.0,1.1424
2025-12-02,v6a_hit_an,90,c3,non_event,602.0,52.0,103.80863329135781,4.0,1.1424
2025-12-02,v6a_hit_an,90,c4,non_event,-644.0,32.0,93.66705464795486,3.0,0.8568
2025-12-02,v6a_hit_an,90,c5,non_event,422.0,48.0,103.1829661429226,4.0,1.1424
2025-12-02,v6a_hit_an,90,c6,non_event,-460.0,44.0,96.54253091672945,3.0,0.8568
2025-12-02,v6a_hit_an,90,hist_diff,non_event,-138.0,36.0,98.27629553090817,4.0,1.1424
2025-12-02,v6a_hit_an,90,hist_payout,non_event,140.0,40.0,102.73417888207106,5.0,1.428
2025-12-02,v6a_hit_an,90,hist_winrate,non_event,572.0,56.00000000000001,104.14133331177091,5.0,1.428
2025-12-02,v6a_hit_an,90,hist_hit_an,non_event,102.0,40.0,103.48656433296051,4.0,1.1424
2025-12-02,v8_dynamic,90,c1,non_event,384.0,44.0,102.74898138986146,5.0,1.428
2025-12-02,v8_dynamic,90,c2,non_event,558.0,42.0,104.86377476346424,4.0,1.1424
2025-12-02,v8_dynamic,90,c3,non_event,604.0,54.0,103.89272131470065,4.0,1.1424
2025-12-02,v8_dynamic,90,c4,non_event,-608.0,32.0,94.1475379947327,3.0,0.8568
2025-12-02,v8_dynamic,90,c5,non_event,350.0,40.0,103.13308085900648,4.0,1.1424
2025-12-02,v8_dynamic,90,c6,non_event,-356.0,38.0,98.43399375273204,3.0,0.8568
2025-12-02,v8_dynamic,90,hist_diff,non_event,-138.0,36.0,98.27629553090817,4.0,1.1424
2025-12-02,v8_dynamic,90,hist_payout,non_event,140.0,40.0,102.73417888207106,5.0,1.428
2025-12-02,v8_dynamic,90,hist_winrate,non_event,492.0,54.0,103.53799189408115,5.0,1.428
2025-12-02,v8_dynamic,90,hist_hit_an,non_event,182.0,40.0,104.36154116162336,4.0,1.1424
2025-12-03,v6a_hit_an,90,c1,non_event,670.0,46.0,103.02230993939003,8.0,2.2848
2025-12-03,v6a_hit_an,90,c2,non_event,328.0,42.0,100.14369925218034,4.0,1.1424
2025-12-03,v6a_hit_an,90,c3,non_event,460.0,42.0,101.92338550848478,7.0,1.9992
2025-12-03,v6a_hit_an,90,c4,non_event,-54.0,34.0,100.38059903877915,2.0,0.5712
2025-12-03,v6a_hit_an,90,c5,non_event,-442.0,30.0,94.02921677102606,2.0,0.5712
2025-12-03,v6a_hit_an,90,c6,non_event,518.0,38.0,104.63036280996793,6.0,1.7136
2025-12-03,v6a_hit_an,90,hist_diff,non_event,248.0,36.0,99.43662972400145,5.0,1.428
2025-12-03,v6a_hit_an,90,hist_payout,non_event,-48.0,36.0,102.00862699757394,5.0,1.428
2025-12-03,v6a_hit_an,90,hist_winrate,non_event,-122.0,40.0,98.81359909771892,1.0,0.2856
2025-12-03,v6a_hit_an,90,hist_hit_an,non_event,-80.0,30.0,100.37441859154491,4.0,1.1424
2025-12-03,v8_dynamic,90,c1,non_event,670.0,46.0,103.02230993939003,8.0,2.2848
2025-12-03,v8_dynamic,90,c2,non_event,238.0,40.0,99.08672775959172,3.0,0.8568
2025-12-03,v8_dynamic,90,c3,non_event,486.0,44.0,102.09360010289777,6.0,1.7136
2025-12-03,v8_dynamic,90,c4,non_event,-36.0,36.0,100.85625054129122,2.0,0.5712
2025-12-03,v8_dynamic,90,c5,non_event,330.0,38.0,100.58329922705472,6.0,1.7136
2025-12-03,v8_dynamic,90,c6,non_event,772.0,42.0,105.84301145535683,8.0,2.2848
2025-12-03,v8_dynamic,90,hist_diff,non_event,248.0,36.0,99.43662972400145,5.0,1.428
2025-12-03,v8_dynamic,90,hist_payout,non_event,-48.0,36.0,102.00862699757394,5.0,1.428
2025-12-03,v8_dynamic,90,hist_winrate,non_event,-110.0,40.0,98.93094199171517,1.0,0.2856
2025-12-03,v8_dynamic,90,hist_hit_an,non_event,108.0,34.0,102.60108120304893,5.0,1.428
2025-12-04,v6a_hit_an,90,c1,non_event,86.0,36.0,98.58666227130226,4.0,1.1424
2025-12-04,v6a_hit_an,90,c2,non_event,474.0,40.0,102.99647428666363,4.0,1.1424
2025-12-04,v6a_hit_an,90,c3,non_event,-426.0,20.0,89.21098526882851,3.0,0.8568
2025-12-04,v6a_hit_an,90,c4,non_event,-186.0,42.0,97.93304009484945,3.0,0.8568
2025-12-04,v6a_hit_an,90,c5,non_event,-148.0,26.0,93.62359182498248,2.0,0.5712
2025-12-04,v6a_hit_an,90,c6,non_event,454.0,42.0,101.53185278808618,7.0,1.9992
2025-12-04,v6a_hit_an,90,hist_diff,non_event,440.0,54.0,111.14899018450261,6.0,1.7136
2025-12-04,v6a_hit_an,90,hist_payout,non_event,4.0,52.0,111.11905933289576,4.0,1.1424
2025-12-04,v6a_hit_an,90,hist_winrate,non_event,340.0,52.0,108.21046151003138,2.0,0.5712
2025-12-04,v6a_hit_an,90,hist_hit_an,non_event,124.0,46.0,109.72470642935106,5.0,1.428
2025-12-04,v8_dynamic,90,c1,non_event,86.0,36.0,98.58666227130222,4.0,1.1424
2025-12-04,v8_dynamic,90,c2,non_event,448.0,38.0,103.38383867513333,4.0,1.1424
2025-12-04,v8_dynamic,90,c3,non_event,-466.0,20.0,88.83965541620955,3.0,0.8568
2025-12-04,v8_dynamic,90,c4,non_event,-294.0,40.0,96.03324168707282,3.0,0.8568
2025-12-04,v8_dynamic,90,c5,non_event,-180.0,24.0,92.1801736338654,2.0,0.5712
2025-12-04,v8_dynamic,90,c6,non_event,990.0,46.0,110.39876164829423,7.0,1.9992
2025-12-04,v8_dynamic,90,hist_diff,non_event,440.0,54.0,111.14899018450261,6.0,1.7136
2025-12-04,v8_dynamic,90,hist_payout,non_event,4.0,52.0,111.11905933289576,4.0,1.1424
2025-12-04,v8_dynamic,90,hist_winrate,non_event,340.0,52.0,108.21046151003138,2.0,0.5712
2025-12-04,v8_dynamic,90,hist_hit_an,non_event,84.0,44.0,110.53962294107959,4.0,1.1424
2025-12-05,v6a_hit_an,90,c1,non_event,-376.0,26.0,93.79026262164622,2.0,0.5712
2025-12-05,v6a_hit_an,90,c2,non_event,-520.0,22.0,89.9877034059583,1.0,0.2856
2025-12-05,v6a_hit_an,90,c3,non_event,-206.0,28.000000000000004,94.48897831609605,4.0,1.1424
2025-12-05,v6a_hit_an,90,c4,non_event,58.0,44.0,99.91984893294253,4.0,1.1424
2025-12-05,v6a_hit_an,90,c5,non_event,114.0,40.0,99.14020807897803,5.0,1.428
2025-12-05,v6a_hit_an,90,c6,non_event,-168.0,32.0,94.51770743416009,3.0,0.8568
2025-12-05,v6a_hit_an,90,hist_diff,non_event,56.0,38.0,97.67381264640002,3.0,0.8568
2025-12-05,v6a_hit_an,90,hist_payout,non_event,-274.0,36.0,97.22492118399889,1.0,0.2856
2025-12-05,v6a_hit_an,90,hist_winrate,non_event,70.0,42.0,101.15369955903007,2.0,0.5712
2025-12-05,v6a_hit_an,90,hist_hit_an,non_event,-142.0,34.0,96.85407308085864,3.0,0.8568
2025-12-05,v8_dynamic,90,c1,non_event,-356.0,28.000000000000004,94.54709421035584,2.0,0.5712
2025-12-05,v8_dynamic,90,c2,non_event,-488.0,22.0,91.18591619791353,1.0,0.2856
2025-12-05,v8_dynamic,90,c3,non_event,-206.0,28.000000000000004,94.48897831609604,4.0,1.1424
2025-12-05,v8_dynamic,90,c4,non_event,256.0,48.0,101.71613157265665,5.0,1.428
2025-12-05,v8_dynamic,90,c5,non_event,114.0,40.0,99.14020807897803,5.0,1.428
2025-12-05,v8_dynamic,90,c6,non_event,68.0,36.0,97.5279041602229,4.0,1.1424
2025-12-05,v8_dynamic,90,hist_diff,non_event,56.0,38.0,97.67381264640002,3.0,0.8568
2025-12-05,v8_dynamic,90,hist_payout,non_event,-274.0,36.0,97.22492118399889,1.0,0.2856
2025-12-05,v8_dynamic,90,hist_winrate,non_event,4.0,40.0,100.48691504914348,2.0,0.5712
2025-12-05,v8_dynamic,90,hist_hit_an,non_event,-250.0,32.0,96.19263520576102,2.0,0.5712
2025-12-06,v6a_hit_an,90,c1,non_event,236.0,36.0,100.93058879577801,5.0,1.428
2025-12-06,v6a_hit_an,90,c2,non_event,418.0,44.0,102.56874883896006,4.0,1.1424
2025-12-06,v6a_hit_an,90,c3,non_event,688.0,38.0,107.71295373794509,5.0,1.428
2025-12-06,v6a_hit_an,90,c4,non_event,508.0,40.0,104.48751282179337,3.0,0.8568
2025-12-06,v6a_hit_an,90,c5,non_event,790.0,40.0,107.29264139315288,5.0,1.428
2025-12-06,v6a_hit_an,90,c6,non_event,-392.0,34.0,96.87243279467545,3.0,0.8568
2025-12-06,v6a_hit_an,90,hist_diff,non_event,354.0,30.0,101.72080710833066,4.0,1.1424
2025-12-06,v6a_hit_an,90,hist_payout,non_event,210.0,34.0,101.75156758123023,3.0,0.8568
2025-12-06,v6a_hit_an,90,hist_winrate,non_event,-76.0,30.0,99.41245822493978,1.0,0.2856
2025-12-06,v6a_hit_an,90,hist_hit_an,non_event,-274.0,30.0,99.25390489033161,2.0,0.5712
2025-12-06,v8_dynamic,90,c1,non_event,350.0,38.0,101.72370867299183,5.0,1.428
2025-12-06,v8_dynamic,90,c2,non_event,464.0,46.0,103.15224349458676,4.0,1.1424
2025-12-06,v8_dynamic,90,c3,non_event,736.0,38.0,107.69565825969765,5.0,1.428
2025-12-06,v8_dynamic,90,c4,non_event,516.0,40.0,104.4990807574481,3.0,0.8568
2025-12-06,v8_dynamic,90,c5,non_event,790.0,40.0,107.29264139315288,5.0,1.428
2025-12-06,v8_dynamic,90,c6,non_event,-106.0,36.0,98.89821685583058,3.0,0.8568
2025-12-06,v8_dynamic,90,hist_diff,non_event,354.0,30.0,101.72080710833069,4.0,1.1424
2025-12-06,v8_dynamic,90,hist_payout,non_event,210.0,34.0,101.75156758123023,3.0,0.8568
2025-12-06,v8_dynamic,90,hist_winrate,non_event,66.0,34.0,100.30179665453385,1.0,0.2856
2025-12-06,v8_dynamic,90,hist_hit_an,non_event,-218.0,32.0,99.8902240619246,2.0,0.5712
2025-12-07,v6a_hit_an,90,c1,event,1718.0,52.0,111.36963087476728,9.0,2.5704
2025-12-07,v6a_hit_an,90,c2,event,-158.0,38.0,99.47558996946084,3.0,0.8568
2025-12-07,v6a_hit_an,90,c3,event,562.0,40.0,105.3143291381823,7.0,1.9992
2025-12-07,v6a_hit_an,90,c4,event,-428.0,32.0,97.96290380213452,6.0,1.7136
2025-12-07,v6a_hit_an,90,c5,event,1168.0,50.0,109.11050552469223,9.0,2.5704
2025-12-07,v6a_hit_an,90,c6,event,-40.0,42.0,99.88335803976973,3.0,0.8568
2025-12-07,v6a_hit_an,90,hist_diff,event,612.0,40.0,106.03620428441342,6.0,1.7136
2025-12-07,v6a_hit_an,90,hist_payout,event,808.0,44.0,109.8463602940078,4.0,1.1424
2025-12-07,v6a_hit_an,90,hist_winrate,event,122.0,38.0,102.28496520083262,3.0,0.8568
2025-12-07,v6a_hit_an,90,hist_hit_an,event,880.0,48.0,109.52098399697364,4.0,1.1424
2025-12-07,v8_dynamic,90,c1,event,1818.0,54.0,112.25032936934342,9.0,2.5704
2025-12-07,v8_dynamic,90,c2,event,-224.0,38.0,98.99567478978476,3.0,0.8568
2025-12-07,v8_dynamic,90,c3,event,562.0,40.0,105.3143291381823,7.0,1.9992
2025-12-07,v8_dynamic,90,c4,event,-464.0,30.0,97.56425251676204,6.0,1.7136
2025-12-07,v8_dynamic,90,c5,event,1168.0,50.0,109.11050552469223,9.0,2.5704
2025-12-07,v8_dynamic,90,c6,event,242.0,38.0,102.50798731039093,4.0,1.1424
2025-12-07,v8_dynamic,90,hist_diff,event,612.0,40.0,106.03620428441342,6.0,1.7136
2025-12-07,v8_dynamic,90,hist_payout,event,808.0,44.0,109.8463602940078,4.0,1.1424
2025-12-07,v8_dynamic,90,hist_winrate,event,92.0,40.0,101.8560247557097,3.0,0.8568
2025-12-07,v8_dynamic,90,hist_hit_an,event,854.0,48.0,109.43667080829769,4.0,1.1424
2025-12-08,v6a_hit_an,90,c1,non_event,1208.0,52.0,111.02992077980348,8.0,2.2848
2025-12-08,v6a_hit_an,90,c2,non_event,354.0,34.0,102.58764572826635,2.0,0.5712
2025-12-08,v6a_hit_an,90,c3,non_event,764.0,36.0,109.64814196017457,6.0,1.7136
2025-12-08,v6a_hit_an,90,c4,non_event,612.0,44.0,108.7287257454364,4.0,1.1424
2025-12-08,v6a_hit_an,90,c5,non_event,-432.0,34.0,91.51621388883318,3.0,0.8568
2025-12-08,v6a_hit_an,90,c6,non_event,786.0,36.0,104.8261321354745,6.0,1.7136
2025-12-08,v6a_hit_an,90,hist_diff,non_event,1442.0,52.0,114.66230201511785,8.0,2.2848
2025-12-08,v6a_hit_an,90,hist_payout,non_event,414.0,42.0,103.55093370838864,5.0,1.428
2025-12-08,v6a_hit_an,90,hist_winrate,non_event,-92.0,36.0,98.0256484576263,0.0,0.0
2025-12-08,v6a_hit_an,90,hist_hit_an,non_event,332.0,44.0,102.34331234002639,4.0,1.1424
2025-12-08,v8_dynamic,90,c1,non_event,1236.0,54.0,111.53379748146995,8.0,2.2848
2025-12-08,v8_dynamic,90,c2,non_event,456.0,36.0,103.33382337525848,3.0,0.8568
2025-12-08,v8_dynamic,90,c3,non_event,782.0,38.0,109.80873601663804,6.0,1.7136
2025-12-08,v8_dynamic,90,c4,non_event,532.0,44.0,108.13599382811222,4.0,1.1424
2025-12-08,v8_dynamic,90,c5,non_event,-432.0,34.0,91.51621388883316,3.0,0.8568
2025-12-08,v8_dynamic,90,c6,non_event,1008.0,40.0,106.54473367346971,9.0,2.5704
2025-12-08,v8_dynamic,90,hist_diff,non_event,1442.0,52.0,114.66230201511785,8.0,2.2848
2025-12-08,v8_dynamic,90,hist_payout,non_event,414.0,42.0,103.55093370838864,5.0,1.428
2025-12-08,v8_dynamic,90,hist_winrate,non_event,-110.0,34.0,96.79090050502595,0.0,0.0
2025-12-08,v8_dynamic,90,hist_hit_an,non_event,500.0,48.0,103.77826642276348,5.0,1.428
2025-12-09,v6a_hit_an,90,c1,non_event,-246.0,28.000000000000004,89.93677727043622,2.0,0.5712
2025-12-09,v6a_hit_an,90,c2,non_event,74.0,34.0,97.2783393276104,2.0,0.5712
2025-12-09,v6a_hit_an,90,c3,non_event,658.0,38.0,105.9309324839201,7.0,1.9992
2025-12-09,v6a_hit_an,90,c4,non_event,286.0,42.0,101.55715622035244,5.0,1.428
2025-12-09,v6a_hit_an,90,c5,non_event,166.0,40.0,102.06531912600977,4.0,1.1424
2025-12-09,v6a_hit_an,90,c6,non_event,-412.0,26.0,93.97585021857181,2.0,0.5712
2025-12-09,v6a_hit_an,90,hist_diff,non_event,158.0,36.0,96.93215879963186,5.0,1.428
2025-12-09,v6a_hit_an,90,hist_payout,non_event,478.0,54.0,112.66799240634273,4.0,1.1424
2025-12-09,v6a_hit_an,90,hist_winrate,non_event,680.0,46.0,107.17689806116377,5.0,1.428
2025-12-09,v6a_hit_an,90,hist_hit_an,non_event,120.0,36.0,103.31259771299995,5.0,1.428
2025-12-09,v8_dynamic,90,c1,non_event,-246.0,28.000000000000004,89.93677727043622,2.0,0.5712
2025-12-09,v8_dynamic,90,c2,non_event,40.0,32.0,96.44977203067252,2.0,0.5712
2025-12-09,v8_dynamic,90,c3,non_event,630.0,38.0,105.3037529749834,6.0,1.7136
2025-12-09,v8_dynamic,90,c4,non_event,286.0,42.0,101.55715622035244,5.0,1.428
2025-12-09,v8_dynamic,90,c5,non_event,166.0,40.0,102.06531912600977,4.0,1.1424
2025-12-09,v8_dynamic,90,c6,non_event,-254.0,34.0,95.8510221147428,3.0,0.8568
2025-12-09,v8_dynamic,90,hist_diff,non_event,158.0,36.0,96.93215879963186,5.0,1.428
2025-12-09,v8_dynamic,90,hist_payout,non_event,478.0,54.0,112.66799240634273,4.0,1.1424
2025-12-09,v8_dynamic,90,hist_winrate,non_event,674.0,46.0,106.91826587474492,5.0,1.428
2025-12-09,v8_dynamic,90,hist_hit_an,non_event,226.0,40.0,105.5086134270482,6.0,1.7136
2025-12-10,v6a_hit_an,90,c1,non_event,148.0,32.0,95.80960431388259,4.0,1.1424
2025-12-10,v6a_hit_an,90,c2,non_event,-150.0,34.0,96.67883614448674,3.0,0.8568
2025-12-10,v6a_hit_an,90,c3,non_event,-6.0,38.0,100.33835437771886,6.0,1.7136
2025-12-10,v6a_hit_an,90,c4,non_event,-478.0,36.0,92.71594830606219,2.0,0.5712
2025-12-10,v6a_hit_an,90,c5,non_event,120.0,42.0,96.25813843936952,4.0,1.1424
2025-12-10,v6a_hit_an,90,c6,non_event,-634.0,30.0,93.92937789391324,3.0,0.8568
2025-12-10,v6a_hit_an,90,hist_diff,non_event,-420.0,30.0,93.15744000213857,4.0,1.1424
2025-12-10,v6a_hit_an,90,hist_payout,non_event,-260.0,36.0,93.65513252111901,4.0,1.1424
2025-12-10,v6a_hit_an,90,hist_winrate,non_event,-30.0,34.0,94.91846296899409,2.0,0.5712
2025-12-10,v6a_hit_an,90,hist_hit_an,non_event,226.0,42.0,98.09729066666614,8.0,2.2848
2025-12-10,v8_dynamic,90,c1,non_event,-86.0,30.0,94.20226211765885,3.0,0.8568
2025-12-10,v8_dynamic,90,c2,non_event,-282.0,34.0,96.1872388577469,3.0,0.8568
2025-12-10,v8_dynamic,90,c3,non_event,8.0,38.0,100.50219228920601,6.0,1.7136
2025-12-10,v8_dynamic,90,c4,non_event,-718.0,30.0,91.75230987450678,2.0,0.5712
2025-12-10,v8_dynamic,90,c5,non_event,120.0,42.0,96.25813843936952,4.0,1.1424
2025-12-10,v8_dynamic,90,c6,non_event,-16.0,38.0,98.45798403104662,6.0,1.7136
2025-12-10,v8_dynamic,90,hist_diff,non_event,-420.0,30.0,93.15744000213857,4.0,1.1424
2025-12-10,v8_dynamic,90,hist_payout,non_event,-260.0,36.0,93.65513252111901,4.0,1.1424
2025-12-10,v8_dynamic,90,hist_winrate,non_event,78.0,36.0,95.98101007524579,3.0,0.8568
2025-12-10,v8_dynamic,90,hist_hit_an,non_event,402.0,44.0,99.11851279533514,8.0,2.2848
2025-12-11,v6a_hit_an,90,c1,event,0.0,40.0,96.08470712190811,3.0,0.8568
2025-12-11,v6a_hit_an,90,c2,event,588.0,44.0,100.18082670025218,5.0,1.428
2025-12-11,v6a_hit_an,90,c3,event,-762.0,34.0,93.08325690242145,3.0,0.8568
2025-12-11,v6a_hit_an,90,c4,event,796.0,48.0,103.36028785917888,5.0,1.428
2025-12-11,v6a_hit_an,90,c5,event,-76.0,46.0,98.78775156342157,5.0,1.428
2025-12-11,v6a_hit_an,90,c6,event,-140.0,38.0,97.45917104537699,6.0,1.7136
2025-12-11,v6a_hit_an,90,hist_diff,event,836.0,52.0,105.27431544072313,7.0,1.9992
2025-12-11,v6a_hit_an,90,hist_payout,event,154.0,52.0,103.60829903005313,6.0,1.7136
2025-12-11,v6a_hit_an,90,hist_winrate,event,-106.0,38.0,99.1808192854512,2.0,0.5712
2025-12-11,v6a_hit_an,90,hist_hit_an,event,90.0,50.0,101.73724870641742,4.0,1.1424
2025-12-11,v8_dynamic,90,c1,event,88.0,42.0,97.00832862040811,3.0,0.8568
2025-12-11,v8_dynamic,90,c2,event,678.0,46.0,101.16622936957998,5.0,1.428
2025-12-11,v8_dynamic,90,c3,event,-840.0,34.0,93.07279510429204,2.0,0.5712
2025-12-11,v8_dynamic,90,c4,event,636.0,46.0,102.12845128473647,5.0,1.428
2025-12-11,v8_dynamic,90,c5,event,-76.0,46.0,98.78775156342157,5.0,1.428
2025-12-11,v8_dynamic,90,c6,event,-256.0,34.0,96.63824533911806,6.0,1.7136
2025-12-11,v8_dynamic,90,hist_diff,event,836.0,52.0,105.27431544072314,7.0,1.9992
2025-12-11,v8_dynamic,90,hist_payout,event,154.0,52.0,103.60829903005313,6.0,1.7136
2025-12-11,v8_dynamic,90,hist_winrate,event,-52.0,40.0,100.07264369738971,2.0,0.5712
2025-12-11,v8_dynamic,90,hist_hit_an,event,76.0,50.0,101.60467778202063,4.0,1.1424
2025-12-12,v6a_hit_an,90,c1,non_event,756.0,48.0,98.70301615281019,6.0,1.7136
2025-12-12,v6a_hit_an,90,c2,non_event,658.0,48.0,102.41784721957933,3.0,0.8568
2025-12-12,v6a_hit_an,90,c3,non_event,198.0,46.0,99.80403960636426,3.0,0.8568
2025-12-12,v6a_hit_an,90,c4,non_event,672.0,42.0,102.39153547847609,7.0,1.9992
2025-12-12,v6a_hit_an,90,c5,non_event,506.0,50.0,101.9851626630047,6.0,1.7136
2025-12-12,v6a_hit_an,90,c6,non_event,196.0,38.0,99.25210929136095,8.0,2.2848
2025-12-12,v6a_hit_an,90,hist_diff,non_event,1052.0,48.0,101.80038728458298,4.0,1.1424
2025-12-12,v6a_hit_an,90,hist_payout,non_event,640.0,46.0,104.77256756433673,3.0,0.8568
2025-12-12,v6a_hit_an,90,hist_winrate,non_event,176.0,42.0,99.86316625712456,2.0,0.5712
2025-12-12,v6a_hit_an,90,hist_hit_an,non_event,940.0,48.0,107.70207105813637,8.0,2.2848
2025-12-12,v8_dynamic,90,c1,non_event,730.0,48.0,98.54116720030672,5.0,1.428
2025-12-12,v8_dynamic,90,c2,non_event,564.0,46.0,101.63018790312559,3.0,0.8568
2025-12-12,v8_dynamic,90,c3,non_event,198.0,46.0,99.4661269628777,3.0,0.8568
2025-12-12,v8_dynamic,90,c4,non_event,640.0,42.0,102.24783796174879,7.0,1.9992
2025-12-12,v8_dynamic,90,c5,non_event,506.0,50.0,101.9851626630047,6.0,1.7136
2025-12-12,v8_dynamic,90,c6,non_event,422.0,38.0,101.88414364136693,7.0,1.9992
2025-12-12,v8_dynamic,90,hist_diff,non_event,1052.0,48.0,101.80038728458298,4.0,1.1424
2025-12-12,v8_dynamic,90,hist_payout,non_event,640.0,46.0,104.77256756433673,3.0,0.8568
2025-12-12,v8_dynamic,90,hist_winrate,non_event,176.0,42.0,99.86316625712459,2.0,0.5712
2025-12-12,v8_dynamic,90,hist_hit_an,non_event,940.0,48.0,107.70207105813634,8.0,2.2848
2025-12-13,v6a_hit_an,90,c1,non_event,226.0,46.0,100.79648281202088,6.0,1.7136
2025-12-13,v6a_hit_an,90,c2,non_event,-308.0,40.0,100.17869979885778,1.0,0.2856
2025-12-13,v6a_hit_an,90,c3,non_event,228.0,48.0,101.55577678763788,6.0,1.7136
2025-12-13,v6a_hit_an,90,c4,non_event,262.0,48.0,102.09969782525853,5.0,1.428
2025-12-13,v6a_hit_an,90,c5,non_event,56.0,44.0,99.85789063997778,6.0,1.7136
2025-12-13,v6a_hit_an,90,c6,non_event,-254.0,28.000000000000004,97.73359971871538,4.0,1.1424
2025-12-13,v6a_hit_an,90,hist_diff,non_event,52.0,38.0,97.20763305945292,5.0,1.428
2025-12-13,v6a_hit_an,90,hist_payout,non_event,-528.0,26.0,95.52054766028492,3.0,0.8568
2025-12-13,v6a_hit_an,90,hist_winrate,non_event,40.0,42.0,98.55222700497211,3.0,0.8568
2025-12-13,v6a_hit_an,90,hist_hit_an,non_event,-304.0,36.0,97.14765801050142,5.0,1.428
2025-12-13,v8_dynamic,90,c1,non_event,226.0,46.0,100.79648281202088,6.0,1.7136
2025-12-13,v8_dynamic,90,c2,non_event,-278.0,40.0,100.61094201856018,1.0,0.2856
2025-12-13,v8_dynamic,90,c3,non_event,170.0,46.0,100.85887137871462,6.0,1.7136
2025-12-13,v8_dynamic,90,c4,non_event,60.0,44.0,100.56902365829195,4.0,1.1424
2025-12-13,v8_dynamic,90,c5,non_event,56.0,44.0,99.85789063997778,6.0,1.7136
2025-12-13,v8_dynamic,90,c6,non_event,-318.0,30.0,96.65592476405243,4.0,1.1424
2025-12-13,v8_dynamic,90,hist_diff,non_event,52.0,38.0,97.20763305945292,5.0,1.428
2025-12-13,v8_dynamic,90,hist_payout,non_event,-528.0,26.0,95.52054766028492,3.0,0.8568
2025-12-13,v8_dynamic,90,hist_winrate,non_event,16.0,42.0,98.39865907906388,3.0,0.8568
2025-12-13,v8_dynamic,90,hist_hit_an,non_event,-252.0,38.0,98.01707972171769,5.0,1.428
2025-12-14,v6a_hit_an,90,c1,non_event,230.0,46.0,100.68867961278576,7.0,1.9992
2025-12-14,v6a_hit_an,90,c2,non_event,156.0,46.0,99.05766054403644,3.0,0.8568
2025-12-14,v6a_hit_an,90,c3,non_event,46.0,36.0,100.29116033354305,5.0,1.428
2025-12-14,v6a_hit_an,90,c4,non_event,308.0,36.0,102.33826072348836,9.0,2.5704
2025-12-14,v6a_hit_an,90,c5,non_event,38.0,34.0,100.28169277877669,7.0,1.9992
2025-12-14,v6a_hit_an,90,c6,non_event,192.0,34.0,100.7449879252968,7.0,1.9992
2025-12-14,v6a_hit_an,90,hist_diff,non_event,910.0,48.0,105.64576087815338,9.0,2.5704
2025-12-14,v6a_hit_an,90,hist_payout,non_event,778.0,46.0,104.89961389555512,8.0,2.2848
2025-12-14,v6a_hit_an,90,hist_winrate,non_event,236.0,48.0,100.67445592366033,3.0,0.8568
2025-12-14,v6a_hit_an,90,hist_hit_an,non_event,930.0,50.0,108.33932393158695,9.0,2.5704
2025-12-14,v8_dynamic,90,c1,non_event,230.0,46.0,100.68867961278576,7.0,1.9992
2025-12-14,v8_dynamic,90,c2,non_event,138.0,46.0,98.9940616601735,3.0,0.8568
2025-12-14,v8_dynamic,90,c3,non_event,184.0,38.0,101.77599976571364,6.0,1.7136
2025-12-14,v8_dynamic,90,c4,non_event,282.0,36.0,102.49327385782128,8.0,2.2848
2025-12-14,v8_dynamic,90,c5,non_event,202.0,34.0,99.78184581631326,7.0,1.9992
2025-12-14,v8_dynamic,90,c6,non_event,-114.0,34.0,99.62993229455425,6.0,1.7136
2025-12-14,v8_dynamic,90,hist_diff,non_event,974.0,50.0,106.13899573961572,9.0,2.5704
2025-12-14,v8_dynamic,90,hist_payout,non_event,778.0,46.0,104.89961389555512,8.0,2.2848
2025-12-14,v8_dynamic,90,hist_winrate,non_event,494.0,52.0,102.46740798490232,4.0,1.1424
2025-12-14,v8_dynamic,90,hist_hit_an,non_event,930.0,50.0,108.33932393158695,9.0,2.5704
2025-12-15,v6a_hit_an,90,c1,non_event,1266.0,60.0,116.63312618343141,10.0,2.856
2025-12-15,v6a_hit_an,90,c2,non_event,328.0,50.0,102.47518628514828,5.0,1.428
2025-12-15,v6a_hit_an,90,c3,non_event,14.0,34.0,99.25264886688475,4.0,1.1424
2025-12-15,v6a_hit_an,90,c4,non_event,668.0,50.0,108.05349164284308,5.0,1.428
2025-12-15,v6a_hit_an,90,c5,non_event,164.0,36.0,98.4788924955336,4.0,1.1424
2025-12-15,v6a_hit_an,90,c6,non_event,-110.0,30.0,95.86871847574298,3.0,0.8568
2025-12-15,v6a_hit_an,90,hist_diff,non_event,64.0,34.0,98.52418043954815,3.0,0.8568
2025-12-15,v6a_hit_an,90,hist_payout,non_event,-374.0,32.0,100.8644741504502,1.0,0.2856
2025-12-15,v6a_hit_an,90,hist_winrate,non_event,-60.0,42.0,99.13556521355278,2.0,0.5712
2025-12-15,v6a_hit_an,90,hist_hit_an,non_event,-150.0,42.0,101.45848745732403,3.0,0.8568
2025-12-15,v8_dynamic,90,c1,non_event,1286.0,62.0,116.77669862820134,10.0,2.856
2025-12-15,v8_dynamic,90,c2,non_event,160.0,46.0,101.4212928436962,4.0,1.1424
2025-12-15,v8_dynamic,90,c3,non_event,14.0,34.0,99.49776639732475,4.0,1.1424
2025-12-15,v8_dynamic,90,c4,non_event,668.0,50.0,108.05349164284311,5.0,1.428
2025-12-15,v8_dynamic,90,c5,non_event,164.0,38.0,98.3919338941041,4.0,1.1424
2025-12-15,v8_dynamic,90,c6,non_event,248.0,38.0,101.33496646627579,4.0,1.1424
2025-12-15,v8_dynamic,90,hist_diff,non_event,64.0,34.0,98.52418043954815,3.0,0.8568
2025-12-15,v8_dynamic,90,hist_payout,non_event,-374.0,32.0,100.8644741504502,1.0,0.2856
2025-12-15,v8_dynamic,90,hist_winrate,non_event,-52.0,42.0,99.40084237723939,2.0,0.5712
2025-12-15,v8_dynamic,90,hist_hit_an,non_event,-166.0,42.0,100.94502741818118,3.0,0.8568
2025-12-16,v6a_hit_an,90,c1,non_event,34.0,38.0,96.7269523456511,1.0,0.2856
2025-12-16,v6a_hit_an,90,c2,non_event,30.0,30.0,95.99212743775934,2.0,0.5712
2025-12-16,v6a_hit_an,90,c3,non_event,38.0,32.0,95.47604760599216,5.0,1.428
2025-12-16,v6a_hit_an,90,c4,non_event,248.0,36.0,101.70559704940929,4.0,1.1424
2025-12-16,v6a_hit_an,90,c5,non_event,-326.0,26.0,92.39362570835348,0.0,0.0
2025-12-16,v6a_hit_an,90,c6,non_event,-56.0,36.0,95.85497724709388,2.0,0.5712
2025-12-16,v6a_hit_an,90,hist_diff,non_event,390.0,38.0,99.34872922913824,5.0,1.428
2025-12-16,v6a_hit_an,90,hist_payout,non_event,466.0,36.0,102.16464796295101,4.0,1.1424
2025-12-16,v6a_hit_an,90,hist_winrate,non_event,458.0,40.0,100.9002580603107,4.0,1.1424
2025-12-16,v6a_hit_an,90,hist_hit_an,non_event,820.0,48.0,104.7035081659587,7.0,1.9992
2025-12-16,v8_dynamic,90,c1,non_event,30.0,38.0,95.96413657369652,1.0,0.2856
2025-12-16,v8_dynamic,90,c2,non_event,78.0,32.0,96.27728202955831,2.0,0.5712
2025-12-16,v8_dynamic,90,c3,non_event,86.0,34.0,96.69617919115643,5.0,1.428
2025-12-16,v8_dynamic,90,c4,non_event,126.0,36.0,101.05068715980023,3.0,0.8568
2025-12-16,v8_dynamic,90,c5,non_event,-90.0,28.000000000000004,92.63423446798186,1.0,0.2856
2025-12-16,v8_dynamic,90,c6,non_event,-174.0,36.0,93.69229541307041,2.0,0.5712
2025-12-16,v8_dynamic,90,hist_diff,non_event,400.0,40.0,99.96957704875524,5.0,1.428
2025-12-16,v8_dynamic,90,hist_payout,non_event,466.0,36.0,102.16464796295101,4.0,1.1424
2025-12-16,v8_dynamic,90,hist_winrate,non_event,480.0,40.0,100.66947899352193,4.0,1.1424
2025-12-16,v8_dynamic,90,hist_hit_an,non_event,824.0,48.0,104.8221364728214,7.0,1.9992
2025-12-17,v6a_hit_an,90,c1,event,356.0,42.0,103.69956063144919,4.0,1.1424
2025-12-17,v6a_hit_an,90,c2,event,-438.0,30.0,94.53895924806622,0.0,0.0
2025-12-17,v6a_hit_an,90,c3,event,-554.0,34.0,96.87861879156921,4.0,1.1424
2025-12-17,v6a_hit_an,90,c4,event,998.0,48.0,108.55885466243143,8.0,2.2848
2025-12-17,v6a_hit_an,90,c5,event,-360.0,34.0,96.75823854960622,4.0,1.1424
2025-12-17,v6a_hit_an,90,c6,event,-112.0,36.0,97.94693679159523,3.0,0.8568
2025-12-17,v6a_hit_an,90,hist_diff,event,614.0,44.0,103.62963524256334,5.0,1.428
2025-12-17,v6a_hit_an,90,hist_payout,event,-438.0,38.0,98.8379446298204,2.0,0.5712
2025-12-17,v6a_hit_an,90,hist_winrate,event,-68.0,40.0,98.3436706275005,0.0,0.0
2025-12-17,v6a_hit_an,90,hist_hit_an,event,-182.0,42.0,100.96706124520553,3.0,0.8568
2025-12-17,v8_dynamic,90,c1,event,356.0,42.0,103.69956063144919,4.0,1.1424
2025-12-17,v8_dynamic,90,c2,event,-468.0,32.0,94.5213844259577,0.0,0.0
2025-12-17,v8_dynamic,90,c3,event,-554.0,34.0,97.45988586830573,4.0,1.1424
2025-12-17,v8_dynamic,90,c4,event,918.0,46.0,108.4540982540137,8.0,2.2848
2025-12-17,v8_dynamic,90,c5,event,-620.0,30.0,96.09068790596243,5.0,1.428
2025-12-17,v8_dynamic,90,c6,event,-442.0,34.0,97.24900479518043,3.0,0.8568
2025-12-17,v8_dynamic,90,hist_diff,event,614.0,44.0,103.62963524256334,5.0,1.428
2025-12-17,v8_dynamic,90,hist_payout,event,-438.0,38.0,98.8379446298204,2.0,0.5712
2025-12-17,v8_dynamic,90,hist_winrate,event,-150.0,38.0,97.63479443040863,0.0,0.0
2025-12-17,v8_dynamic,90,hist_hit_an,event,-110.0,44.0,101.7400174796457,3.0,0.8568
2025-12-18,v6a_hit_an,90,c1,non_event,-638.0,16.0,86.46735719348986,2.0,0.5712
2025-12-18,v6a_hit_an,90,c2,non_event,-10.0,30.0,97.78549445303895,2.0,0.5712
2025-12-18,v6a_hit_an,90,c3,non_event,-152.0,38.0,98.02995901378759,2.0,0.5712
2025-12-18,v6a_hit_an,90,c4,non_event,586.0,38.0,107.27264857969718,8.0,2.2848
2025-12-18,v6a_hit_an,90,c5,non_event,-506.0,26.0,90.40435318577016,1.0,0.2856
2025-12-18,v6a_hit_an,90,c6,non_event,634.0,40.0,104.8264578016756,6.0,1.7136
2025-12-18,v6a_hit_an,90,hist_diff,non_event,432.0,30.0,96.4575929916428,7.0,1.9992
2025-12-18,v6a_hit_an,90,hist_payout,non_event,582.0,40.0,112.10106950379122,9.0,2.5704
2025-12-18,v6a_hit_an,90,hist_winrate,non_event,-294.0,30.0,96.20810111876438,2.0,0.5712
2025-12-18,v6a_hit_an,90,hist_hit_an,non_event,-234.0,30.0,95.31770246294634,4.0,1.1424
2025-12-18,v8_dynamic,90,c1,non_event,-628.0,16.0,86.00679447267943,2.0,0.5712
2025-12-18,v8_dynamic,90,c2,non_event,-34.0,32.0,98.04695956431516,2.0,0.5712
2025-12-18,v8_dynamic,90,c3,non_event,-350.0,34.0,94.38304075105025,2.0,0.5712
2025-12-18,v8_dynamic,90,c4,non_event,542.0,40.0,107.3892567901822,7.0,1.9992
2025-12-18,v8_dynamic,90,c5,non_event,-366.0,26.0,92.6242142023989,2.0,0.5712
2025-12-18,v8_dynamic,90,c6,non_event,436.0,40.0,103.93158058785342,4.0,1.1424
2025-12-18,v8_dynamic,90,hist_diff,non_event,432.0,30.0,96.4575929916428,7.0,1.9992
2025-12-18,v8_dynamic,90,hist_payout,non_event,582.0,40.0,112.10106950379122,9.0,2.5704
2025-12-18,v8_dynamic,90,hist_winrate,non_event,-270.0,26.0,95.83366827696418,3.0,0.8568
2025-12-18,v8_dynamic,90,hist_hit_an,non_event,-202.0,32.0,95.71919086113645,4.0,1.1424
2025-12-19,v6a_hit_an,90,c1,non_event,160.0,36.0,97.59383966615869,7.0,1.9992
2025-12-19,v6a_hit_an,90,c2,non_event,26.0,30.0,97.72338140071867,3.0,0.8568
2025-12-19,v6a_hit_an,90,c3,non_event,-108.0,30.0,93.57433255965034,5.0,1.428
2025-12-19,v6a_hit_an,90,c4,non_event,266.0,40.0,100.82587186080788,7.0,1.9992
2025-12-19,v6a_hit_an,90,c5,non_event,-374.0,36.0,94.2835112268441,1.0,0.2856
2025-12-19,v6a_hit_an,90,c6,non_event,-448.0,30.0,98.13598321767662,4.0,1.1424
2025-12-19,v6a_hit_an,90,hist_diff,non_event,16.0,26.0,95.830162767335,2.0,0.5712
2025-12-19,v6a_hit_an,90,hist_payout,non_event,76.0,34.0,101.53661215308664,2.0,0.5712
2025-12-19,v6a_hit_an,90,hist_winrate,non_event,30.0,42.0,99.85635674770005,0.0,0.0
2025-12-19,v6a_hit_an,90,hist_hit_an,non_event,82.0,42.0,100.59244122773225,3.0,0.8568
2025-12-19,v8_dynamic,90,c1,non_event,160.0,36.0,97.59383966615869,7.0,1.9992
2025-12-19,v8_dynamic,90,c2,non_event,10.0,30.0,97.1342111226982,3.0,0.8568
2025-12-19,v8_dynamic,90,c3,non_event,-174.0,28.000000000000004,90.98475941808879,5.0,1.428
2025-12-19,v8_dynamic,90,c4,non_event,184.0,38.0,100.14007592822621,7.0,1.9992
2025-12-19,v8_dynamic,90,c5,non_event,-374.0,36.0,94.28351122684407,1.0,0.2856
2025-12-19,v8_dynamic,90,c6,non_event,-274.0,34.0,98.5473262319128,4.0,1.1424
2025-12-19,v8_dynamic,90,hist_diff,non_event,30.0,26.0,96.43242985311858,2.0,0.5712
2025-12-19,v8_dynamic,90,hist_payout,non_event,76.0,34.0,101.53661215308664,2.0,0.5712
2025-12-19,v8_dynamic,90,hist_winrate,non_event,60.0,44.0,100.7834947523556,0.0,0.0
2025-12-19,v8_dynamic,90,hist_hit_an,non_event,56.0,42.0,100.43261222461597,3.0,0.8568
2025-12-20,v6a_hit_an,90,c1,non_event,-56.0,48.0,99.0444030967242,4.0,1.1424
2025-12-20,v6a_hit_an,90,c2,non_event,264.0,48.0,101.05226001151694,5.0,1.428
2025-12-20,v6a_hit_an,90,c3,non_event,598.0,52.0,103.09527058815749,6.0,1.7136
2025-12-20,v6a_hit_an,90,c4,non_event,116.0,40.0,99.5114261954891,8.0,2.2848
2025-12-20,v6a_hit_an,90,c5,non_event,-246.0,34.0,97.57392562323147,5.0,1.428
2025-12-20,v6a_hit_an,90,c6,non_event,-58.0,40.0,97.86448754378816,4.0,1.1424
2025-12-20,v6a_hit_an,90,hist_diff,non_event,302.0,38.0,100.25590689041933,8.0,2.2848
2025-12-20,v6a_hit_an,90,hist_payout,non_event,-50.0,38.0,100.33309470918734,5.0,1.428
2025-12-20,v6a_hit_an,90,hist_winrate,non_event,232.0,52.0,101.03423783329028,4.0,1.1424
2025-12-20,v6a_hit_an,90,hist_hit_an,non_event,-90.0,40.0,100.99833681805121,6.0,1.7136
2025-12-20,v8_dynamic,90,c1,non_event,-42.0,48.0,99.14977514304968,4.0,1.1424
2025-12-20,v8_dynamic,90,c2,non_event,100.0,46.0,99.83396180317655,5.0,1.428
2025-12-20,v8_dynamic,90,c3,non_event,236.0,46.0,100.30517042470294,5.0,1.428
2025-12-20,v8_dynamic,90,c4,non_event,182.0,42.0,99.74155495231902,8.0,2.2848
2025-12-20,v8_dynamic,90,c5,non_event,-246.0,34.0,97.57392562323152,5.0,1.428
2025-12-20,v8_dynamic,90,c6,non_event,-608.0,34.0,94.81761338801202,4.0,1.1424
2025-12-20,v8_dynamic,90,hist_diff,non_event,302.0,38.0,100.25590689041933,8.0,2.2848
2025-12-20,v8_dynamic,90,hist_payout,non_event,-50.0,38.0,100.33309470918734,5.0,1.428
2025-12-20,v8_dynamic,90,hist_winrate,non_event,306.0,54.0,101.62465387723037,4.0,1.1424
2025-12-20,v8_dynamic,90,hist_hit_an,non_event,-238.0,36.0,99.8010817751493,6.0,1.7136
2025-12-21,v6a_hit_an,90,c1,event,-202.0,36.0,97.51979765205483,4.0,1.1424
2025-12-21,v6a_hit_an,90,c2,event,-244.0,26.0,96.71426254555205,5.0,1.428
2025-12-21,v6a_hit_an,90,c3,event,-360.0,30.0,95.53647137636347,3.0,0.8568
2025-12-21,v6a_hit_an,90,c4,event,-346.0,32.0,96.72351125068909,4.0,1.1424
2025-12-21,v6a_hit_an,90,c5,event,10.0,36.0,97.82757776760496,5.0,1.428
2025-12-21,v6a_hit_an,90,c6,event,-276.0,36.0,95.47042239685412,3.0,0.8568
2025-12-21,v6a_hit_an,90,hist_diff,event,182.0,38.0,98.49575021980522,8.0,2.2848
2025-12-21,v6a_hit_an,90,hist_payout,event,-404.0,24.0,95.06551648318398,5.0,1.428
2025-12-21,v6a_hit_an,90,hist_winrate,event,-106.0,32.0,99.57554483216559,4.0,1.1424
2025-12-21,v6a_hit_an,90,hist_hit_an,event,-660.0,28.000000000000004,94.60300973704483,6.0,1.7136
2025-12-21,v8_dynamic,90,c1,event,-202.0,36.0,97.51979765205482,4.0,1.1424
2025-12-21,v8_dynamic,90,c2,event,-162.0,28.000000000000004,97.33120345835734,5.0,1.428
2025-12-21,v8_dynamic,90,c3,event,-360.0,30.0,95.53647137636347,3.0,0.8568
2025-12-21,v8_dynamic,90,c4,event,-346.0,32.0,96.72351125068909,4.0,1.1424
2025-12-21,v8_dynamic,90,c5,event,10.0,36.0,97.82757776760498,5.0,1.428
2025-12-21,v8_dynamic,90,c6,event,-236.0,38.0,96.34241658996099,2.0,0.5712
2025-12-21,v8_dynamic,90,hist_diff,event,182.0,38.0,98.49575021980522,8.0,2.2848
2025-12-21,v8_dynamic,90,hist_payout,event,-404.0,24.0,95.06551648318398,5.0,1.428
2025-12-21,v8_dynamic,90,hist_winrate,event,-134.0,30.0,99.31616856666837,4.0,1.1424
2025-12-21,v8_dynamic,90,hist_hit_an,event,-634.0,30.0,94.87744041236635,6.0,1.7136
2025-12-22,v6a_hit_an,90,c1,event,334.0,40.0,100.32571429620339,6.0,1.7136
2025-12-22,v6a_hit_an,90,c2,event,324.0,48.0,100.11431483129485,4.0,1.1424
2025-12-22,v6a_hit_an,90,c3,event,-340.0,30.0,96.47996603547952,5.0,1.428
2025-12-22,v6a_hit_an,90,c4,event,-16.0,34.0,98.32872017178282,7.0,1.9992
2025-12-22,v6a_hit_an,90,c5,event,316.0,36.0,100.2233795225936,7.0,1.9992
2025-12-22,v6a_hit_an,90,c6,event,136.0,40.0,99.592242046065,5.0,1.428
2025-12-22,v6a_hit_an,90,hist_diff,event,298.0,42.0,103.99321386964753,7.0,1.9992
2025-12-22,v6a_hit_an,90,hist_payout,event,-128.0,44.0,99.70712839802987,6.0,1.7136
2025-12-22,v6a_hit_an,90,hist_winrate,event,428.0,44.0,101.69681987985847,4.0,1.1424
2025-12-22,v6a_hit_an,90,hist_hit_an,event,-168.0,42.0,98.43407352012068,5.0,1.428
2025-12-22,v8_dynamic,90,c1,event,46.0,38.0,97.99363437181161,4.0,1.1424
2025-12-22,v8_dynamic,90,c2,event,324.0,48.0,99.89505801308124,4.0,1.1424
2025-12-22,v8_dynamic,90,c3,event,-510.0,28.000000000000004,93.93619799089804,4.0,1.1424
2025-12-22,v8_dynamic,90,c4,event,-80.0,34.0,98.02117265051298,6.0,1.7136
2025-12-22,v8_dynamic,90,c5,event,316.0,36.0,100.22337952259359,7.0,1.9992
2025-12-22,v8_dynamic,90,c6,event,190.0,40.0,99.94299860872681,6.0,1.7136
2025-12-22,v8_dynamic,90,hist_diff,event,298.0,42.0,103.99321386964755,7.0,1.9992
2025-12-22,v8_dynamic,90,hist_payout,event,-128.0,44.0,99.70712839802987,6.0,1.7136
2025-12-22,v8_dynamic,90,hist_winrate,event,438.0,44.0,101.67844636914835,4.0,1.1424
2025-12-22,v8_dynamic,90,hist_hit_an,event,-106.0,42.0,98.07784304166533,5.0,1.428
2025-12-23,v6a_hit_an,90,c1,non_event,522.0,36.0,97.32656298868919,5.0,1.428
2025-12-23,v6a_hit_an,90,c2,non_event,-266.0,36.0,93.11909264537793,2.0,0.5712
2025-12-23,v6a_hit_an,90,c3,non_event,-334.0,22.0,89.18869649002917,3.0,0.8568
2025-12-23,v6a_hit_an,90,c4,non_event,176.0,36.0,98.76638653641861,4.0,1.1424
2025-12-23,v6a_hit_an,90,c5,non_event,-296.0,26.0,93.23627477066813,4.0,1.1424
2025-12-23,v6a_hit_an,90,c6,non_event,150.0,34.0,95.22639354720397,4.0,1.1424
2025-12-23,v6a_hit_an,90,hist_diff,non_event,-388.0,26.0,90.49592988874011,2.0,0.5712
2025-12-23,v6a_hit_an,90,hist_payout,non_event,348.0,36.0,101.0353078508947,4.0,1.1424
2025-12-23,v6a_hit_an,90,hist_winrate,non_event,24.0,36.0,98.64905456909983,1.0,0.2856
2025-12-23,v6a_hit_an,90,hist_hit_an,non_event,274.0,36.0,100.03531919618314,3.0,0.8568
2025-12-23,v8_dynamic,90,c1,non_event,468.0,34.0,96.95160901586482,5.0,1.428
2025-12-23,v8_dynamic,90,c2,non_event,-234.0,38.0,93.70170063708788,2.0,0.5712
2025-12-23,v8_dynamic,90,c3,non_event,-296.0,24.0,89.47443744522238,3.0,0.8568
2025-12-23,v8_dynamic,90,c4,non_event,186.0,36.0,98.77790953911983,4.0,1.1424
2025-12-23,v8_dynamic,90,c5,non_event,-296.0,26.0,93.23627477066813,4.0,1.1424
2025-12-23,v8_dynamic,90,c6,non_event,104.0,36.0,95.44580411554587,4.0,1.1424
2025-12-23,v8_dynamic,90,hist_diff,non_event,-388.0,26.0,90.49592988874011,2.0,0.5712
2025-12-23,v8_dynamic,90,hist_payout,non_event,348.0,36.0,101.0353078508947,4.0,1.1424
2025-12-23,v8_dynamic,90,hist_winrate,non_event,-8.0,36.0,98.17125862180849,1.0,0.2856
2025-12-23,v8_dynamic,90,hist_hit_an,non_event,260.0,36.0,99.90169464341494,3.0,0.8568
2025-12-24,v6a_hit_an,90,c1,non_event,-464.0,30.0,94.30754002826112,2.0,0.5712
2025-12-24,v6a_hit_an,90,c2,non_event,522.0,40.0,103.36653722807995,7.0,1.9992
2025-12-24,v6a_hit_an,90,c3,non_event,394.0,44.0,99.42127628596043,5.0,1.428
2025-12-24,v6a_hit_an,90,c4,non_event,394.0,40.0,98.94372937521361,3.0,0.8568
2025-12-24,v6a_hit_an,90,c5,non_event,202.0,50.0,102.48497664287022,7.0,1.9992
2025-12-24,v6a_hit_an,90,c6,non_event,332.0,36.0,102.87793752671615,7.0,1.9992
2025-12-24,v6a_hit_an,90,hist_diff,non_event,798.0,48.0,101.02071428790234,9.0,2.5704
2025-12-24,v6a_hit_an,90,hist_payout,non_event,740.0,40.0,101.23490562867218,7.0,1.9992
2025-12-24,v6a_hit_an,90,hist_winrate,non_event,328.0,42.0,98.2511166102681,3.0,0.8568
2025-12-24,v6a_hit_an,90,hist_hit_an,non_event,1010.0,48.0,107.06873728568445,9.0,2.5704
2025-12-24,v8_dynamic,90,c1,non_event,-468.0,30.0,94.48066960917699,2.0,0.5712
2025-12-24,v8_dynamic,90,c2,non_event,562.0,40.0,103.43370017543711,7.0,1.9992
2025-12-24,v8_dynamic,90,c3,non_event,348.0,46.0,98.61432115507709,4.0,1.1424
2025-12-24,v8_dynamic,90,c4,non_event,436.0,42.0,99.74640578626821,3.0,0.8568
2025-12-24,v8_dynamic,90,c5,non_event,202.0,50.0,102.48497664287024,7.0,1.9992
2025-12-24,v8_dynamic,90,c6,non_event,34.0,38.0,99.03757771045292,7.0,1.9992
2025-12-24,v8_dynamic,90,hist_diff,non_event,798.0,48.0,101.02071428790234,9.0,2.5704
2025-12-24,v8_dynamic,90,hist_payout,non_event,740.0,40.0,101.23490562867218,7.0,1.9992
2025-12-24,v8_dynamic,90,hist_winrate,non_event,64.0,38.0,95.38440338717646,2.0,0.5712
2025-12-24,v8_dynamic,90,hist_hit_an,non_event,736.0,44.0,102.75324890518962,8.0,2.2848
2025-12-25,v6a_hit_an,90,c1,non_event,534.0,40.0,101.6572581398233,7.0,1.9992
2025-12-25,v6a_hit_an,90,c2,non_event,330.0,42.0,98.58622276782349,2.0,0.5712
2025-12-25,v6a_hit_an,90,c3,non_event,86.0,34.0,95.6001054495341,3.0,0.8568
2025-12-25,v6a_hit_an,90,c4,non_event,-86.0,32.0,94.18225151278413,4.0,1.1424
2025-12-25,v6a_hit_an,90,c5,non_event,42.0,34.0,94.5177571438494,3.0,0.8568
2025-12-25,v6a_hit_an,90,c6,non_event,272.0,40.0,97.14770473101504,6.0,1.7136
2025-12-25,v6a_hit_an,90,hist_diff,non_event,-52.0,22.0,92.23691871494931,5.0,1.428
2025-12-25,v6a_hit_an,90,hist_payout,non_event,130.0,34.0,98.95459411096883,6.0,1.7136
2025-12-25,v6a_hit_an,90,hist_winrate,non_event,-50.0,40.0,96.66017828227628,0.0,0.0
2025-12-25,v6a_hit_an,90,hist_hit_an,non_event,36.0,28.000000000000004,97.11142561905525,3.0,0.8568
2025-12-25,v8_dynamic,90,c1,non_event,498.0,40.0,101.92484171541389,7.0,1.9992
2025-12-25,v8_dynamic,90,c2,non_event,218.0,40.0,97.83714399390718,2.0,0.5712
2025-12-25,v8_dynamic,90,c3,non_event,218.0,36.0,97.35338306027482,3.0,0.8568
2025-12-25,v8_dynamic,90,c4,non_event,-130.0,30.0,93.8884975525756,5.0,1.428
2025-12-25,v8_dynamic,90,c5,non_event,134.0,36.0,95.80428707815261,3.0,0.8568
2025-12-25,v8_dynamic,90,c6,non_event,-176.0,36.0,94.4795186804324,4.0,1.1424
2025-12-25,v8_dynamic,90,hist_diff,non_event,-52.0,22.0,92.23691871494931,5.0,1.428
2025-12-25,v8_dynamic,90,hist_payout,non_event,130.0,34.0,98.95459411096883,6.0,1.7136
2025-12-25,v8_dynamic,90,hist_winrate,non_event,-62.0,36.0,95.37734301331128,0.0,0.0
2025-12-25,v8_dynamic,90,hist_hit_an,non_event,204.0,32.0,98.65242395323263,3.0,0.8568
2025-12-26,v6a_hit_an,90,c1,non_event,-60.0,40.0,95.8658405644005,2.0,0.5712
2025-12-26,v6a_hit_an,90,c2,non_event,392.0,44.0,100.6515030333575,5.0,1.428
2025-12-26,v6a_hit_an,90,c3,non_event,134.0,44.0,100.69644850594105,4.0,1.1424
2025-12-26,v6a_hit_an,90,c4,non_event,-534.0,32.0,96.03212231781076,4.0,1.1424
2025-12-26,v6a_hit_an,90,c5,non_event,50.0,32.0,95.21118215892461,4.0,1.1424
2025-12-26,v6a_hit_an,90,c6,non_event,126.0,40.0,99.14842800487362,5.0,1.428
2025-12-26,v6a_hit_an,90,hist_diff,non_event,-298.0,26.0,94.85123930232176,3.0,0.8568
2025-12-26,v6a_hit_an,90,hist_payout,non_event,-866.0,20.0,92.097265043824,3.0,0.8568
2025-12-26,v6a_hit_an,90,hist_winrate,non_event,-494.0,28.000000000000004,93.54190570443826,0.0,0.0
2025-12-26,v6a_hit_an,90,hist_hit_an,non_event,-196.0,28.000000000000004,98.03263918712732,5.0,1.428
2025-12-26,v8_dynamic,90,c1,non_event,-60.0,40.0,95.8658405644005,2.0,0.5712
2025-12-26,v8_dynamic,90,c2,non_event,160.0,40.0,99.25904451493197,4.0,1.1424
2025-12-26,v8_dynamic,90,c3,non_event,224.0,46.0,100.77094886859074,4.0,1.1424
2025-12-26,v8_dynamic,90,c4,non_event,-460.0,32.0,96.39816429531615,4.0,1.1424
2025-12-26,v8_dynamic,90,c5,non_event,72.0,36.0,95.87049122880927,4.0,1.1424
2025-12-26,v8_dynamic,90,c6,non_event,-144.0,44.0,98.97803092437002,3.0,0.8568
2025-12-26,v8_dynamic,90,hist_diff,non_event,-298.0,26.0,94.85123930232176,3.0,0.8568
2025-12-26,v8_dynamic,90,hist_payout,non_event,-866.0,20.0,92.097265043824,3.0,0.8568
2025-12-26,v8_dynamic,90,hist_winrate,non_event,-502.0,28.000000000000004,92.53778932975851,0.0,0.0
2025-12-26,v8_dynamic,90,hist_hit_an,non_event,-402.0,26.0,96.52868979482795,4.0,1.1424
2025-12-27,v6a_hit_an,90,c1,event,290.0,40.0,100.98387867880379,5.0,1.428
2025-12-27,v6a_hit_an,90,c2,event,474.0,44.0,103.34398435789036,5.0,1.428
2025-12-27,v6a_hit_an,90,c3,event,168.0,46.0,100.75886667803525,4.0,1.1424
2025-12-27,v6a_hit_an,90,c4,event,1194.0,60.0,107.29815129728877,4.0,1.1424
2025-12-27,v6a_hit_an,90,c5,event,112.0,42.0,100.98576971823967,4.0,1.1424
2025-12-27,v6a_hit_an,90,c6,event,-40.0,50.0,99.61279988504884,3.0,0.8568
2025-12-27,v6a_hit_an,90,hist_diff,event,264.0,48.0,103.74513242666254,4.0,1.1424
2025-12-27,v6a_hit_an,90,hist_payout,event,-18.0,44.0,101.33348673012898,3.0,0.8568
2025-12-27,v6a_hit_an,90,hist_winrate,event,30.0,40.0,100.40711278296683,2.0,0.5712
2025-12-27,v6a_hit_an,90,hist_hit_an,event,-36.0,38.0,100.42539489096065,3.0,0.8568
2025-12-27,v8_dynamic,90,c1,event,290.0,40.0,100.98387867880379,5.0,1.428
2025-12-27,v8_dynamic,90,c2,event,432.0,46.0,102.92780561448204,5.0,1.428
2025-12-27,v8_dynamic,90,c3,event,168.0,46.0,100.75886667803525,4.0,1.1424
2025-12-27,v8_dynamic,90,c4,event,1292.0,62.0,107.90791294830964,4.0,1.1424
2025-12-27,v8_dynamic,90,c5,event,108.0,40.0,101.09132133262136,5.0,1.428
2025-12-27,v8_dynamic,90,c6,event,82.0,46.0,100.67703118749323,3.0,0.8568
2025-12-27,v8_dynamic,90,hist_diff,event,264.0,48.0,103.74513242666254,4.0,1.1424
2025-12-27,v8_dynamic,90,hist_payout,event,-18.0,44.0,101.33348673012898,3.0,0.8568
2025-12-27,v8_dynamic,90,hist_winrate,event,36.0,40.0,100.6497150181721,2.0,0.5712
2025-12-27,v8_dynamic,90,hist_hit_an,event,122.0,40.0,101.45504483928102,3.0,0.8568
2025-12-28,v6a_hit_an,90,c1,non_event,236.0,32.0,103.62562332196329,3.0,0.8568
2025-12-28,v6a_hit_an,90,c2,non_event,-364.0,28.000000000000004,94.90008943655288,1.0,0.2856
2025-12-28,v6a_hit_an,90,c3,non_event,-194.0,30.0,99.92756963765272,6.0,1.7136
2025-12-28,v6a_hit_an,90,c4,non_event,224.0,34.0,99.35712716429043,5.0,1.428
2025-12-28,v6a_hit_an,90,c5,non_event,52.0,38.0,102.14282202751798,5.0,1.428
2025-12-28,v6a_hit_an,90,c6,non_event,226.0,36.0,103.03292570397686,4.0,1.1424
2025-12-28,v6a_hit_an,90,hist_diff,non_event,266.0,32.0,99.71354823511643,7.0,1.9992
2025-12-28,v6a_hit_an,90,hist_payout,non_event,-400.0,26.0,97.48276577181392,4.0,1.1424
2025-12-28,v6a_hit_an,90,hist_winrate,non_event,324.0,40.0,103.15703129104388,4.0,1.1424
2025-12-28,v6a_hit_an,90,hist_hit_an,non_event,644.0,40.0,109.0126370925963,9.0,2.5704
2025-12-28,v8_dynamic,90,c1,non_event,236.0,32.0,103.6256233219633,3.0,0.8568
2025-12-28,v8_dynamic,90,c2,non_event,-204.0,30.0,96.31330768161796,2.0,0.5712
2025-12-28,v8_dynamic,90,c3,non_event,-346.0,30.0,98.64004263482,5.0,1.428
2025-12-28,v8_dynamic,90,c4,non_event,300.0,34.0,99.62860800799118,5.0,1.428
2025-12-28,v8_dynamic,90,c5,non_event,72.0,38.0,102.48021004300908,5.0,1.428
2025-12-28,v8_dynamic,90,c6,non_event,6.0,34.0,101.28406452747711,4.0,1.1424
2025-12-28,v8_dynamic,90,hist_diff,non_event,266.0,32.0,99.71354823511643,7.0,1.9992
2025-12-28,v8_dynamic,90,hist_payout,non_event,-400.0,26.0,97.48276577181392,4.0,1.1424
2025-12-28,v8_dynamic,90,hist_winrate,non_event,460.0,42.0,103.94162461739754,4.0,1.1424
2025-12-28,v8_dynamic,90,hist_hit_an,non_event,526.0,38.0,107.78697767931985,8.0,2.2848
2025-12-29,v6a_hit_an,90,c1,non_event,-292.0,36.0,94.63248645172891,7.0,1.9992
2025-12-29,v6a_hit_an,90,c2,non_event,-8.0,34.0,98.21747198969632,5.0,1.428
2025-12-29,v6a_hit_an,90,c3,non_event,-194.0,30.0,97.0882509502177,6.0,1.7136
2025-12-29,v6a_hit_an,90,c4,non_event,0.0,46.0,97.6193072681048,6.0,1.7136
2025-12-29,v6a_hit_an,90,c5,non_event,-172.0,34.0,95.60855110507882,8.0,2.2848
2025-12-29,v6a_hit_an,90,c6,non_event,-604.0,28.000000000000004,96.15014247942575,4.0,1.1424
2025-12-29,v6a_hit_an,90,hist_diff,non_event,354.0,40.0,100.5961825274071,7.0,1.9992
2025-12-29,v6a_hit_an,90,hist_payout,non_event,-380.0,40.0,97.71802168970747,5.0,1.428
2025-12-29,v6a_hit_an,90,hist_winrate,non_event,-70.0,40.0,96.43256207759191,3.0,0.8568
2025-12-29,v6a_hit_an,90,hist_hit_an,non_event,-476.0,32.0,95.44732020019559,3.0,0.8568
2025-12-29,v8_dynamic,90,c1,non_event,-292.0,36.0,94.63248645172891,7.0,1.9992
2025-12-29,v8_dynamic,90,c2,non_event,-118.0,30.0,97.31536995058477,5.0,1.428
2025-12-29,v8_dynamic,90,c3,non_event,-10.0,30.0,100.30089595174992,7.0,1.9992
2025-12-29,v8_dynamic,90,c4,non_event,142.0,44.0,97.85251274629704,8.0,2.2848
2025-12-29,v8_dynamic,90,c5,non_event,-218.0,32.0,95.50848965598512,8.0,2.2848
2025-12-29,v8_dynamic,90,c6,non_event,-736.0,22.0,96.59891869644079,4.0,1.1424
2025-12-29,v8_dynamic,90,hist_diff,non_event,354.0,40.0,100.5961825274071,7.0,1.9992
2025-12-29,v8_dynamic,90,hist_payout,non_event,-380.0,40.0,97.71802168970747,5.0,1.428
2025-12-29,v8_dynamic,90,hist_winrate,non_event,86.0,42.0,97.61599103886134,4.0,1.1424
2025-12-29,v8_dynamic,90,hist_hit_an,non_event,-250.0,36.0,97.41450456771985,3.0,0.8568
2025-12-30,v6a_hit_an,90,c1,non_event,552.0,44.0,104.22879781904572,4.0,1.1424
2025-12-30,v6a_hit_an,90,c2,non_event,346.0,38.0,102.76229844793045,6.0,1.7136
2025-12-30,v6a_hit_an,90,c3,non_event,472.0,46.0,103.7464110240084,5.0,1.428
2025-12-30,v6a_hit_an,90,c4,non_event,436.0,54.0,102.84938275233085,6.0,1.7136
2025-12-30,v6a_hit_an,90,c5,non_event,164.0,36.0,100.59252978734172,5.0,1.428
2025-12-30,v6a_hit_an,90,c6,non_event,-628.0,32.0,96.24465413552603,1.0,0.2856
2025-12-30,v6a_hit_an,90,hist_diff,non_event,182.0,34.0,97.76044106972424,7.0,1.9992
2025-12-30,v6a_hit_an,90,hist_payout,non_event,300.0,44.0,102.62582079859781,3.0,0.8568
2025-12-30,v6a_hit_an,90,hist_winrate,non_event,352.0,42.0,102.886331790429,3.0,0.8568
2025-12-30,v6a_hit_an,90,hist_hit_an,non_event,532.0,48.0,104.43458287152788,6.0,1.7136
2025-12-30,v8_dynamic,90,c1,non_event,552.0,44.0,104.22879781904572,4.0,1.1424
2025-12-30,v8_dynamic,90,c2,non_event,394.0,38.0,103.13019326425807,6.0,1.7136
2025-12-30,v8_dynamic,90,c3,non_event,388.0,44.0,103.13487535960671,5.0,1.428
2025-12-30,v8_dynamic,90,c4,non_event,436.0,54.0,102.84938275233084,6.0,1.7136
2025-12-30,v8_dynamic,90,c5,non_event,408.0,42.0,103.18700676111342,5.0,1.428
2025-12-30,v8_dynamic,90,c6,non_event,-102.0,40.0,99.0309738221278,2.0,0.5712
2025-12-30,v8_dynamic,90,hist_diff,non_event,250.0,36.0,98.50219582558324,7.0,1.9992
2025-12-30,v8_dynamic,90,hist_payout,non_event,300.0,44.0,102.62582079859781,3.0,0.8568
2025-12-30,v8_dynamic,90,hist_winrate,non_event,352.0,42.0,102.88633179042898,3.0,0.8568
2025-12-30,v8_dynamic,90,hist_hit_an,non_event,302.0,48.0,102.13457166476992,5.0,1.428
2025-12-31,v6a_hit_an,90,c1,event,-312.0,38.0,93.77680634221895,1.0,0.2856
2025-12-31,v6a_hit_an,90,c2,event,-318.0,42.0,92.34470579612818,1.0,0.2856
2025-12-31,v6a_hit_an,90,c3,event,-100.0,42.0,95.46945402327786,4.0,1.1424
2025-12-31,v6a_hit_an,90,c4,event,172.0,38.0,96.19152841911908,3.0,0.8568
2025-12-31,v6a_hit_an,90,c5,event,-408.0,40.0,94.48910233267854,2.0,0.5712
2025-12-31,v6a_hit_an,90,c6,event,724.0,48.0,104.11289607981851,6.0,1.7136
2025-12-31,v6a_hit_an,90,hist_diff,event,524.0,40.0,98.96234997374826,6.0,1.7136
2025-12-31,v6a_hit_an,90,hist_payout,event,1418.0,60.0,107.36719462865564,10.0,2.856
2025-12-31,v6a_hit_an,90,hist_winrate,event,1308.0,52.0,105.36783246373508,9.0,2.5704
2025-12-31,v6a_hit_an,90,hist_hit_an,event,854.0,50.0,102.57197671123478,8.0,2.2848
2025-12-31,v8_dynamic,90,c1,event,-312.0,38.0,93.77680634221895,1.0,0.2856
2025-12-31,v8_dynamic,90,c2,event,-362.0,38.0,91.69607955048535,1.0,0.2856
2025-12-31,v8_dynamic,90,c3,event,-86.0,42.0,95.31498201444856,4.0,1.1424
2025-12-31,v8_dynamic,90,c4,event,64.0,38.0,95.8441327856026,3.0,0.8568
2025-12-31,v8_dynamic,90,c5,event,-562.0,36.0,92.84945111786281,2.0,0.5712
2025-12-31,v8_dynamic,90,c6,event,762.0,44.0,102.87160452226526,8.0,2.2848
2025-12-31,v8_dynamic,90,hist_diff,event,524.0,40.0,98.96234997374826,6.0,1.7136
2025-12-31,v8_dynamic,90,hist_payout,event,1418.0,60.0,107.36719462865564,10.0,2.856
2025-12-31,v8_dynamic,90,hist_winrate,event,1370.0,54.0,105.89917755657866,9.0,2.5704
2025-12-31,v8_dynamic,90,hist_hit_an,event,962.0,50.0,101.92902103164865,9.0,2.5704
2026-01-01,v6a_hit_an,90,c1,event,-18.0,40.0,100.14507404850312,4.0,1.1424
2026-01-01,v6a_hit_an,90,c2,event,452.0,48.0,99.74755822764105,5.0,1.428
2026-01-01,v6a_hit_an,90,c3,event,-540.0,34.0,94.87462139756155,4.0,1.1424
2026-01-01,v6a_hit_an,90,c4,event,112.0,42.0,101.18278965143296,4.0,1.1424
2026-01-01,v6a_hit_an,90,c5,event,-320.0,38.0,97.8299542285969,4.0,1.1424
2026-01-01,v6a_hit_an,90,c6,event,-172.0,42.0,98.1319670911108,6.0,1.7136
2026-01-01,v6a_hit_an,90,hist_diff,event,280.0,36.0,103.43490899058095,4.0,1.1424
2026-01-01,v6a_hit_an,90,hist_payout,event,96.0,42.0,105.10541369194371,5.0,1.428
2026-01-01,v6a_hit_an,90,hist_winrate,event,244.0,44.0,103.19727606061252,3.0,0.8568
2026-01-01,v6a_hit_an,90,hist_hit_an,event,-244.0,36.0,102.61158146201643,2.0,0.5712
2026-01-01,v8_dynamic,90,c1,event,-128.0,38.0,99.16776081079114,4.0,1.1424
2026-01-01,v8_dynamic,90,c2,event,454.0,48.0,99.53450135982071,5.0,1.428
2026-01-01,v8_dynamic,90,c3,event,-540.0,34.0,94.87462139756155,4.0,1.1424
2026-01-01,v8_dynamic,90,c4,event,-8.0,40.0,100.31591812350496,4.0,1.1424
2026-01-01,v8_dynamic,90,c5,event,-620.0,32.0,94.98091825132083,4.0,1.1424
2026-01-01,v8_dynamic,90,c6,event,-530.0,34.0,95.63017260496744,5.0,1.428
2026-01-01,v8_dynamic,90,hist_diff,event,280.0,36.0,103.43490899058095,4.0,1.1424
2026-01-01,v8_dynamic,90,hist_payout,event,96.0,42.0,105.10541369194371,5.0,1.428
2026-01-01,v8_dynamic,90,hist_winrate,event,94.0,42.0,101.53329337225465,3.0,0.8568
2026-01-01,v8_dynamic,90,hist_hit_an,event,-214.0,36.0,102.39578305218059,2.0,0.5712
2026-01-02,v6a_hit_an,90,c1,non_event,86.0,34.0,99.84141605325497,5.0,1.428
2026-01-02,v6a_hit_an,90,c2,non_event,448.0,40.0,103.1713425181263,6.0,1.7136
2026-01-02,v6a_hit_an,90,c3,non_event,278.0,48.0,101.04024438167055,3.0,0.8568
2026-01-02,v6a_hit_an,90,c4,non_event,-426.0,40.0,96.27413796072287,5.0,1.428
2026-01-02,v6a_hit_an,90,c5,non_event,530.0,46.0,102.98129586215602,5.0,1.428
2026-01-02,v6a_hit_an,90,c6,non_event,204.0,36.0,100.56768296286043,4.0,1.1424
2026-01-02,v6a_hit_an,90,hist_diff,non_event,-178.0,38.0,98.36179751478434,3.0,0.8568
2026-01-02,v6a_hit_an,90,hist_payout,non_event,78.0,34.0,99.40987760260947,5.0,1.428
2026-01-02,v6a_hit_an,90,hist_winrate,non_event,406.0,46.0,101.53038782917685,3.0,0.8568
2026-01-02,v6a_hit_an,90,hist_hit_an,non_event,-296.0,40.0,97.8137133028062,5.0,1.428
2026-01-02,v8_dynamic,90,c1,non_event,10.0,32.0,98.92735830363407,5.0,1.428
2026-01-02,v8_dynamic,90,c2,non_event,216.0,38.0,101.67751537568672,5.0,1.428
2026-01-02,v8_dynamic,90,c3,non_event,552.0,50.0,103.59605980305847,5.0,1.428
2026-01-02,v8_dynamic,90,c4,non_event,-210.0,42.0,97.83612026663964,6.0,1.7136
2026-01-02,v8_dynamic,90,c5,non_event,-34.0,42.0,97.80759574653283,3.0,0.8568
2026-01-02,v8_dynamic,90,c6,non_event,-166.0,26.0,94.91466695174962,4.0,1.1424
2026-01-02,v8_dynamic,90,hist_diff,non_event,-178.0,38.0,98.36179751478434,3.0,0.8568
2026-01-02,v8_dynamic,90,hist_payout,non_event,78.0,34.0,99.40987760260947,5.0,1.428
2026-01-02,v8_dynamic,90,hist_winrate,non_event,246.0,42.0,100.09085958448225,2.0,0.5712
2026-01-02,v8_dynamic,90,hist_hit_an,non_event,-58.0,44.0,99.96334084882919,5.0,1.428
2026-01-03,v6a_hit_an,90,c1,non_event,836.0,46.0,106.98587873768385,7.0,1.9992
2026-01-03,v6a_hit_an,90,c2,non_event,162.0,36.0,100.95114641699547,5.0,1.428
2026-01-03,v6a_hit_an,90,c3,non_event,92.0,50.0,102.94824280967343,4.0,1.1424
2026-01-03,v6a_hit_an,90,c4,non_event,996.0,50.0,107.81982510347488,7.0,1.9992
2026-01-03,v6a_hit_an,90,c5,non_event,666.0,54.0,105.99564523895451,5.0,1.428
2026-01-03,v6a_hit_an,90,c6,non_event,70.0,34.0,100.9901325844289,7.0,1.9992
2026-01-03,v6a_hit_an,90,hist_diff,non_event,646.0,52.0,103.04351388512563,6.0,1.7136
2026-01-03,v6a_hit_an,90,hist_payout,non_event,490.0,50.0,104.9183071693928,4.0,1.1424
2026-01-03,v6a_hit_an,90,hist_winrate,non_event,56.0,44.0,99.7538368860214,2.0,0.5712
2026-01-03,v6a_hit_an,90,hist_hit_an,non_event,6.0,44.0,100.4155710164764,5.0,1.428
2026-01-03,v8_dynamic,90,c1,non_event,836.0,46.0,106.98587873768385,7.0,1.9992
2026-01-03,v8_dynamic,90,c2,non_event,104.0,34.0,100.60936102740101,5.0,1.428
2026-01-03,v8_dynamic,90,c3,non_event,92.0,50.0,102.94824280967342,4.0,1.1424
2026-01-03,v8_dynamic,90,c4,non_event,996.0,50.0,107.81982510347488,7.0,1.9992
2026-01-03,v8_dynamic,90,c5,non_event,376.0,52.0,104.08228480350118,4.0,1.1424
2026-01-03,v8_dynamic,90,c6,non_event,-250.0,36.0,100.109574656524,4.0,1.1424
2026-01-03,v8_dynamic,90,hist_diff,non_event,646.0,52.0,103.04351388512563,6.0,1.7136
2026-01-03,v8_dynamic,90,hist_payout,non_event,490.0,50.0,104.9183071693928,4.0,1.1424
2026-01-03,v8_dynamic,90,hist_winrate,non_event,350.0,44.0,101.9918766260945,3.0,0.8568
2026-01-03,v8_dynamic,90,hist_hit_an,non_event,-20.0,46.0,100.40806158087922,4.0,1.1424
2026-01-04,v6a_hit_an,90,c1,non_event,186.0,42.0,99.25442234591303,5.0,1.428
2026-01-04,v6a_hit_an,90,c2,non_event,-52.0,36.0,97.90320794515581,2.0,0.5712
2026-01-04,v6a_hit_an,90,c3,non_event,-580.0,30.0,94.50788393463954,5.0,1.428
2026-01-04,v6a_hit_an,90,c4,non_event,204.0,36.0,100.32686571655564,6.0,1.7136
2026-01-04,v6a_hit_an,90,c5,non_event,-146.0,38.0,96.16059762035965,3.0,0.8568
2026-01-04,v6a_hit_an,90,c6,non_event,-332.0,42.0,96.77845791819938,5.0,1.428
2026-01-04,v6a_hit_an,90,hist_diff,non_event,408.0,44.0,102.35737318597215,6.0,1.7136
2026-01-04,v6a_hit_an,90,hist_payout,non_event,280.0,30.0,101.33702340028032,5.0,1.428
2026-01-04,v6a_hit_an,90,hist_winrate,non_event,378.0,38.0,103.99155989998175,4.0,1.1424
2026-01-04,v6a_hit_an,90,hist_hit_an,non_event,554.0,40.0,106.92364351273358,8.0,2.2848
2026-01-04,v8_dynamic,90,c1,non_event,186.0,42.0,99.25442234591303,5.0,1.428
2026-01-04,v8_dynamic,90,c2,non_event,-134.0,34.0,97.29950842031491,2.0,0.5712
2026-01-04,v8_dynamic,90,c3,non_event,-518.0,32.0,94.99193997742591,5.0,1.428
2026-01-04,v8_dynamic,90,c4,non_event,204.0,36.0,100.32686571655563,6.0,1.7136
2026-01-04,v8_dynamic,90,c5,non_event,-302.0,36.0,95.36444821936936,4.0,1.1424
2026-01-04,v8_dynamic,90,c6,non_event,-1278.0,28.000000000000004,89.90220589426282,1.0,0.2856
2026-01-04,v8_dynamic,90,hist_diff,non_event,408.0,44.0,102.35737318597215,6.0,1.7136
2026-01-04,v8_dynamic,90,hist_payout,non_event,280.0,30.0,101.33702340028032,5.0,1.428
2026-01-04,v8_dynamic,90,hist_winrate,non_event,232.0,38.0,103.0136272713799,3.0,0.8568
2026-01-04,v8_dynamic,90,hist_hit_an,non_event,846.0,44.0,110.08874122391192,10.0,2.856
2026-01-05,v6a_hit_an,90,c1,non_event,1868.0,57.99999999999999,114.61341457615374,10.0,2.856
2026-01-05,v6a_hit_an,90,c2,non_event,424.0,54.0,105.7803619775143,0.0,0.0
2026-01-05,v6a_hit_an,90,c3,non_event,-338.0,38.0,96.52823671759216,2.0,0.5712
2026-01-05,v6a_hit_an,90,c4,non_event,368.0,46.0,100.45457353724346,3.0,0.8568
2026-01-05,v6a_hit_an,90,c5,non_event,650.0,56.00000000000001,101.82301578259018,4.0,1.1424
2026-01-05,v6a_hit_an,90,c6,non_event,1060.0,48.0,108.44546961441782,5.0,1.428
2026-01-05,v6a_hit_an,90,hist_diff,non_event,792.0,46.0,108.15977663314075,7.0,1.9992
2026-01-05,v6a_hit_an,90,hist_payout,non_event,1376.0,52.0,112.7225959931245,8.0,2.2848
2026-01-05,v6a_hit_an,90,hist_winrate,non_event,180.0,42.0,100.57966183794046,2.0,0.5712
2026-01-05,v6a_hit_an,90,hist_hit_an,non_event,934.0,52.0,111.4734830636758,6.0,1.7136
2026-01-05,v8_dynamic,90,c1,non_event,1798.0,56.00000000000001,114.1857593428159,10.0,2.856
2026-01-05,v8_dynamic,90,c2,non_event,396.0,54.0,105.72263260329177,0.0,0.0
2026-01-05,v8_dynamic,90,c3,non_event,-498.0,36.0,95.5831946559441,2.0,0.5712
2026-01-05,v8_dynamic,90,c4,non_event,1030.0,50.0,107.00998980569602,5.0,1.428
2026-01-05,v8_dynamic,90,c5,non_event,500.0,54.0,100.35573030304414,3.0,0.8568
2026-01-05,v8_dynamic,90,c6,non_event,-418.0,32.0,94.42057942423111,1.0,0.2856
2026-01-05,v8_dynamic,90,hist_diff,non_event,792.0,46.0,108.15977663314075,7.0,1.9992
2026-01-05,v8_dynamic,90,hist_payout,non_event,1376.0,52.0,112.7225959931245,8.0,2.2848
2026-01-05,v8_dynamic,90,hist_winrate,non_event,460.0,44.0,102.06568597985493,3.0,0.8568
2026-01-05,v8_dynamic,90,hist_hit_an,non_event,836.0,50.0,109.91907903710279,6.0,1.7136
2026-01-06,v6a_hit_an,90,c1,non_event,854.0,48.0,104.9009279203929,7.0,1.9992
2026-01-06,v6a_hit_an,90,c2,non_event,384.0,44.0,107.91952439714501,5.0,1.428
2026-01-06,v6a_hit_an,90,c3,non_event,908.0,48.0,102.45486073398934,6.0,1.7136
2026-01-06,v6a_hit_an,90,c4,non_event,-62.0,34.0,95.76168543307217,4.0,1.1424
2026-01-06,v6a_hit_an,90,c5,non_event,362.0,40.0,97.45583697298382,6.0,1.7136
2026-01-06,v6a_hit_an,90,c6,non_event,-386.0,28.000000000000004,93.82207968251103,2.0,0.5712
2026-01-06,v6a_hit_an,90,hist_diff,non_event,348.0,32.0,99.39990079304407,6.0,1.7136
2026-01-06,v6a_hit_an,90,hist_payout,non_event,544.0,36.0,99.43023669579836,5.0,1.428
2026-01-06,v6a_hit_an,90,hist_winrate,non_event,104.0,34.0,95.7245325606534,2.0,0.5712
2026-01-06,v6a_hit_an,90,hist_hit_an,non_event,972.0,42.0,102.93324129608617,8.0,2.2848
2026-01-06,v8_dynamic,90,c1,non_event,854.0,48.0,104.9009279203929,7.0,1.9992
2026-01-06,v8_dynamic,90,c2,non_event,426.0,46.0,108.66246043196911,5.0,1.428
2026-01-06,v8_dynamic,90,c3,non_event,858.0,46.0,101.87765499762898,6.0,1.7136
2026-01-06,v8_dynamic,90,c4,non_event,-62.0,34.0,95.7616854330722,4.0,1.1424
2026-01-06,v8_dynamic,90,c5,non_event,368.0,42.0,98.01889730344618,6.0,1.7136
2026-01-06,v8_dynamic,90,c6,non_event,-234.0,28.000000000000004,94.36239396662623,3.0,0.8568
2026-01-06,v8_dynamic,90,hist_diff,non_event,348.0,32.0,99.39990079304408,6.0,1.7136
2026-01-06,v8_dynamic,90,hist_payout,non_event,544.0,36.0,99.43023669579836,5.0,1.428
2026-01-06,v8_dynamic,90,hist_winrate,non_event,86.0,32.0,95.22411398370402,2.0,0.5712
2026-01-06,v8_dynamic,90,hist_hit_an,non_event,972.0,42.0,102.93324129608614,8.0,2.2848
2026-01-07,v6a_hit_an,90,c1,event,-50.0,30.0,100.67020849853793,4.0,1.1424
2026-01-07,v6a_hit_an,90,c2,event,294.0,34.0,101.38286716786575,4.0,1.1424
2026-01-07,v6a_hit_an,90,c3,event,-108.0,36.0,101.7687771200919,3.0,0.8568
2026-01-07,v6a_hit_an,90,c4,event,-350.0,30.0,95.99874238580178,2.0,0.5712
2026-01-07,v6a_hit_an,90,c5,event,-80.0,34.0,100.40819545495427,5.0,1.428
2026-01-07,v6a_hit_an,90,c6,event,500.0,42.0,102.84800271875261,3.0,0.8568
2026-01-07,v6a_hit_an,90,hist_diff,event,606.0,38.0,103.78239265630758,4.0,1.1424
2026-01-07,v6a_hit_an,90,hist_payout,event,74.0,38.0,100.37385263489476,3.0,0.8568
2026-01-07,v6a_hit_an,90,hist_winrate,event,242.0,48.0,100.0166475567889,3.0,0.8568
2026-01-07,v6a_hit_an,90,hist_hit_an,event,-252.0,38.0,97.43491014000146,2.0,0.5712
2026-01-07,v8_dynamic,90,c1,event,-50.0,30.0,100.67020849853793,4.0,1.1424
2026-01-07,v8_dynamic,90,c2,event,314.0,34.0,101.49452553411035,4.0,1.1424
2026-01-07,v8_dynamic,90,c3,event,-256.0,32.0,100.37521946843822,3.0,0.8568
2026-01-07,v8_dynamic,90,c4,event,10.0,32.0,98.11697972362676,3.0,0.8568
2026-01-07,v8_dynamic,90,c5,event,-178.0,34.0,99.60688110421694,5.0,1.428
2026-01-07,v8_dynamic,90,c6,event,-36.0,40.0,98.94815615721969,2.0,0.5712
2026-01-07,v8_dynamic,90,hist_diff,event,606.0,38.0,103.78239265630758,4.0,1.1424
2026-01-07,v8_dynamic,90,hist_payout,event,74.0,38.0,100.37385263489476,3.0,0.8568
2026-01-07,v8_dynamic,90,hist_winrate,event,262.0,50.0,100.06645919666553,2.0,0.5712
2026-01-07,v8_dynamic,90,hist_hit_an,event,-132.0,38.0,98.67435768910727,3.0,0.8568
2026-01-08,v6a_hit_an,90,c1,non_event,924.0,50.0,109.89887739208878,7.0,1.9992
2026-01-08,v6a_hit_an,90,c2,non_event,1136.0,48.0,108.75170040626543,6.0,1.7136
2026-01-08,v6a_hit_an,90,c3,non_event,58.0,38.0,95.96798228304209,4.0,1.1424
2026-01-08,v6a_hit_an,90,c4,non_event,-334.0,32.0,94.66506336118213,2.0,0.5712
2026-01-08,v6a_hit_an,90,c5,non_event,1222.0,48.0,108.69936997206982,8.0,2.2848
2026-01-08,v6a_hit_an,90,c6,non_event,-332.0,32.0,90.87891324435732,3.0,0.8568
2026-01-08,v6a_hit_an,90,hist_diff,non_event,72.0,40.0,99.28343430659865,5.0,1.428
2026-01-08,v6a_hit_an,90,hist_payout,non_event,-72.0,40.0,97.43012647513783,3.0,0.8568
2026-01-08,v6a_hit_an,90,hist_winrate,non_event,-210.0,40.0,95.34019209762475,1.0,0.2856
2026-01-08,v6a_hit_an,90,hist_hit_an,non_event,142.0,42.0,98.13670668385444,5.0,1.428
2026-01-08,v8_dynamic,90,c1,non_event,924.0,50.0,109.89887739208878,7.0,1.9992
2026-01-08,v8_dynamic,90,c2,non_event,1176.0,48.0,109.0662989026131,6.0,1.7136
2026-01-08,v8_dynamic,90,c3,non_event,58.0,38.0,95.96798228304209,4.0,1.1424
2026-01-08,v8_dynamic,90,c4,non_event,-334.0,32.0,94.6650633611821,2.0,0.5712
2026-01-08,v8_dynamic,90,c5,non_event,886.0,46.0,105.60764143932094,6.0,1.7136
2026-01-08,v8_dynamic,90,c6,non_event,-316.0,36.0,95.02885714279063,4.0,1.1424
2026-01-08,v8_dynamic,90,hist_diff,non_event,72.0,40.0,99.28343430659862,5.0,1.428
2026-01-08,v8_dynamic,90,hist_payout,non_event,-72.0,40.0,97.43012647513783,3.0,0.8568
2026-01-08,v8_dynamic,90,hist_winrate,non_event,-228.0,38.0,94.85464067408863,1.0,0.2856
2026-01-08,v8_dynamic,90,hist_hit_an,non_event,-2.0,40.0,96.39184485912045,5.0,1.428
2026-01-09,v6a_hit_an,90,c1,non_event,126.0,30.0,101.29427229863649,5.0,1.428
2026-01-09,v6a_hit_an,90,c2,non_event,-190.0,30.0,93.82238249518812,1.0,0.2856
2026-01-09,v6a_hit_an,90,c3,non_event,382.0,38.0,100.91852956609823,4.0,1.1424
2026-01-09,v6a_hit_an,90,c4,non_event,-4.0,38.0,98.4228001701838,4.0,1.1424
2026-01-09,v6a_hit_an,90,c5,non_event,78.0,34.0,97.48490701378797,4.0,1.1424
2026-01-09,v6a_hit_an,90,c6,non_event,-530.0,18.0,91.38328864378099,4.0,1.1424
2026-01-09,v6a_hit_an,90,hist_diff,non_event,408.0,38.0,99.62625859878868,6.0,1.7136
2026-01-09,v6a_hit_an,90,hist_payout,non_event,278.0,34.0,97.5836894074447,5.0,1.428
2026-01-09,v6a_hit_an,90,hist_winrate,non_event,400.0,44.0,99.56608318296887,3.0,0.8568
2026-01-09,v6a_hit_an,90,hist_hit_an,non_event,124.0,32.0,96.03004434237968,4.0,1.1424
2026-01-09,v8_dynamic,90,c1,non_event,126.0,30.0,101.29427229863649,5.0,1.428
2026-01-09,v8_dynamic,90,c2,non_event,-24.0,32.0,95.74253470558631,2.0,0.5712
2026-01-09,v8_dynamic,90,c3,non_event,294.0,38.0,100.66885320869886,3.0,0.8568
2026-01-09,v8_dynamic,90,c4,non_event,174.0,40.0,98.58634790447255,5.0,1.428
2026-01-09,v8_dynamic,90,c5,non_event,-38.0,34.0,94.01579438868252,3.0,0.8568
2026-01-09,v8_dynamic,90,c6,non_event,-262.0,24.0,92.29368096757116,3.0,0.8568
2026-01-09,v8_dynamic,90,hist_diff,non_event,408.0,38.0,99.62625859878868,6.0,1.7136
2026-01-09,v8_dynamic,90,hist_payout,non_event,278.0,34.0,97.5836894074447,5.0,1.428
2026-01-09,v8_dynamic,90,hist_winrate,non_event,446.0,44.0,100.40185196445907,3.0,0.8568
2026-01-09,v8_dynamic,90,hist_hit_an,non_event,200.0,36.0,96.96136114983463,4.0,1.1424
2026-01-10,v6a_hit_an,90,c1,non_event,-384.0,34.0,97.21963310469381,4.0,1.1424
2026-01-10,v6a_hit_an,90,c2,non_event,-96.0,34.0,96.39130332925305,1.0,0.2856
2026-01-10,v6a_hit_an,90,c3,non_event,684.0,48.0,104.04085042005777,5.0,1.428
2026-01-10,v6a_hit_an,90,c4,non_event,542.0,44.0,103.70287226170342,6.0,1.7136
2026-01-10,v6a_hit_an,90,c5,non_event,502.0,40.0,101.73326723738751,5.0,1.428
2026-01-10,v6a_hit_an,90,c6,non_event,-228.0,38.0,97.80198672345374,3.0,0.8568
2026-01-10,v6a_hit_an,90,hist_diff,non_event,1182.0,54.0,106.27460047541621,8.0,2.2848
2026-01-10,v6a_hit_an,90,hist_payout,non_event,896.0,54.0,103.14974729404281,5.0,1.428
2026-01-10,v6a_hit_an,90,hist_winrate,non_event,938.0,56.00000000000001,102.89394288953397,4.0,1.1424
2026-01-10,v6a_hit_an,90,hist_hit_an,non_event,972.0,50.0,105.32339415494508,9.0,2.5704
2026-01-10,v8_dynamic,90,c1,non_event,-384.0,34.0,97.21963310469381,4.0,1.1424
2026-01-10,v8_dynamic,90,c2,non_event,24.0,36.0,97.92683368276866,2.0,0.5712
2026-01-10,v8_dynamic,90,c3,non_event,532.0,48.0,103.4596173157644,4.0,1.1424
2026-01-10,v8_dynamic,90,c4,non_event,542.0,44.0,103.70287226170343,6.0,1.7136
2026-01-10,v8_dynamic,90,c5,non_event,282.0,36.0,100.26362458057895,5.0,1.428
2026-01-10,v8_dynamic,90,c6,non_event,-458.0,32.0,96.60144238501458,2.0,0.5712
2026-01-10,v8_dynamic,90,hist_diff,non_event,1090.0,52.0,105.78082835935109,8.0,2.2848
2026-01-10,v8_dynamic,90,hist_payout,non_event,896.0,54.0,103.14974729404281,5.0,1.428
2026-01-10,v8_dynamic,90,hist_winrate,non_event,1128.0,60.0,104.43483899710276,4.0,1.1424
2026-01-10,v8_dynamic,90,hist_hit_an,non_event,852.0,48.0,104.58359931748743,9.0,2.5704
2026-01-11,v6a_hit_an,90,c1,event,250.0,40.0,103.3934209555961,6.0,1.7136
2026-01-11,v6a_hit_an,90,c2,event,894.0,54.0,105.6072254982473,6.0,1.7136
2026-01-11,v6a_hit_an,90,c3,event,-564.0,38.0,96.02650354995058,2.0,0.5712
2026-01-11,v6a_hit_an,90,c4,event,-66.0,46.0,100.96980210019379,4.0,1.1424
2026-01-11,v6a_hit_an,90,c5,event,412.0,42.0,103.21081381934499,7.0,1.9992
2026-01-11,v6a_hit_an,90,c6,event,96.0,48.0,100.83471092410421,5.0,1.428
2026-01-11,v6a_hit_an,90,hist_diff,event,990.0,52.0,109.16090921888366,8.0,2.2848
2026-01-11,v6a_hit_an,90,hist_payout,event,-96.0,46.0,100.72566657437173,4.0,1.1424
2026-01-11,v6a_hit_an,90,hist_winrate,event,456.0,52.0,102.21101210102739,2.0,0.5712
2026-01-11,v6a_hit_an,90,hist_hit_an,event,314.0,46.0,103.32539999404806,6.0,1.7136
2026-01-11,v8_dynamic,90,c1,event,196.0,38.0,102.99084825915075,6.0,1.7136
2026-01-11,v8_dynamic,90,c2,event,946.0,56.00000000000001,105.8944364464798,6.0,1.7136
2026-01-11,v8_dynamic,90,c3,event,-536.0,40.0,96.19223265675626,2.0,0.5712
2026-01-11,v8_dynamic,90,c4,event,-52.0,46.0,101.28955323044413,4.0,1.1424
2026-01-11,v8_dynamic,90,c5,event,-388.0,40.0,97.24421750382005,2.0,0.5712
2026-01-11,v8_dynamic,90,c6,event,540.0,48.0,103.43801668958656,7.0,1.9992
2026-01-11,v8_dynamic,90,hist_diff,event,990.0,52.0,109.16090921888366,8.0,2.2848
2026-01-11,v8_dynamic,90,hist_payout,event,-96.0,46.0,100.72566657437173,4.0,1.1424
2026-01-11,v8_dynamic,90,hist_winrate,event,198.0,48.0,100.75479080730288,2.0,0.5712
2026-01-11,v8_dynamic,90,hist_hit_an,event,324.0,46.0,103.40150514654736,6.0,1.7136
2026-01-12,v6a_hit_an,90,c1,non_event,392.0,46.0,100.42186534474962,4.0,1.1424
2026-01-12,v6a_hit_an,90,c2,non_event,-356.0,28.000000000000004,94.1259578329908,3.0,0.8568
2026-01-12,v6a_hit_an,90,c3,non_event,84.0,36.0,99.1177446060272,7.0,1.9992
2026-01-12,v6a_hit_an,90,c4,non_event,-142.0,36.0,97.84811412165237,5.0,1.428
2026-01-12,v6a_hit_an,90,c5,non_event,-40.0,36.0,98.11398944644617,4.0,1.1424
2026-01-12,v6a_hit_an,90,c6,non_event,268.0,44.0,103.31475826788918,6.0,1.7136
2026-01-12,v6a_hit_an,90,hist_diff,non_event,856.0,46.0,103.48869415863173,8.0,2.2848
2026-01-12,v6a_hit_an,90,hist_payout,non_event,158.0,42.0,100.87056805538634,5.0,1.428
2026-01-12,v6a_hit_an,90,hist_winrate,non_event,358.0,52.0,101.42125733051154,1.0,0.2856
2026-01-12,v6a_hit_an,90,hist_hit_an,non_event,272.0,44.0,101.25751600102443,4.0,1.1424
2026-01-12,v8_dynamic,90,c1,non_event,392.0,46.0,100.4218653447496,4.0,1.1424
2026-01-12,v8_dynamic,90,c2,non_event,-188.0,30.0,96.89926544165978,4.0,1.1424
2026-01-12,v8_dynamic,90,c3,non_event,-176.0,32.0,95.93021913316247,6.0,1.7136
2026-01-12,v8_dynamic,90,c4,non_event,-142.0,36.0,97.8481141216524,5.0,1.428
2026-01-12,v8_dynamic,90,c5,non_event,348.0,40.0,100.83630824146944,6.0,1.7136
2026-01-12,v8_dynamic,90,c6,non_event,608.0,48.0,105.50245874351842,8.0,2.2848
2026-01-12,v8_dynamic,90,hist_diff,non_event,856.0,46.0,103.48869415863173,8.0,2.2848
2026-01-12,v8_dynamic,90,hist_payout,non_event,158.0,42.0,100.87056805538634,5.0,1.428
2026-01-12,v8_dynamic,90,hist_winrate,non_event,442.0,52.0,101.98701531182085,2.0,0.5712
2026-01-12,v8_dynamic,90,hist_hit_an,non_event,272.0,44.0,101.25751600102443,4.0,1.1424
2026-01-13,v6a_hit_an,90,c1,non_event,-464.0,30.0,94.71965660394811,4.0,1.1424
2026-01-13,v6a_hit_an,90,c2,non_event,-510.0,28.000000000000004,94.29835894697555,3.0,0.8568
2026-01-13,v6a_hit_an,90,c3,non_event,98.0,38.0,95.19122515587416,2.0,0.5712
2026-01-13,v6a_hit_an,90,c4,non_event,268.0,36.0,106.3414197493406,8.0,2.2848
2026-01-13,v6a_hit_an,90,c5,non_event,-276.0,32.0,94.56191872460933,4.0,1.1424
2026-01-13,v6a_hit_an,90,c6,non_event,108.0,36.0,100.6696734672674,5.0,1.428
2026-01-13,v6a_hit_an,90,hist_diff,non_event,-530.0,32.0,93.32145133511892,4.0,1.1424
2026-01-13,v6a_hit_an,90,hist_payout,non_event,-432.0,36.0,95.76931179327275,2.0,0.5712
2026-01-13,v6a_hit_an,90,hist_winrate,non_event,-220.0,36.0,95.6129030982134,3.0,0.8568
2026-01-13,v6a_hit_an,90,hist_hit_an,non_event,-108.0,38.0,97.97487245878874,6.0,1.7136
2026-01-13,v8_dynamic,90,c1,non_event,-330.0,30.0,95.2973469287545,5.0,1.428
2026-01-13,v8_dynamic,90,c2,non_event,-572.0,28.000000000000004,93.76424032364895,3.0,0.8568
2026-01-13,v8_dynamic,90,c3,non_event,-16.0,38.0,95.2827115624582,2.0,0.5712
2026-01-13,v8_dynamic,90,c4,non_event,276.0,38.0,106.30530413002951,7.0,1.9992
2026-01-13,v8_dynamic,90,c5,non_event,-96.0,30.0,94.23020521937431,4.0,1.1424
2026-01-13,v8_dynamic,90,c6,non_event,-398.0,32.0,93.59358427755106,4.0,1.1424
2026-01-13,v8_dynamic,90,hist_diff,non_event,-530.0,32.0,93.32145133511892,4.0,1.1424
2026-01-13,v8_dynamic,90,hist_payout,non_event,-432.0,36.0,95.76931179327275,2.0,0.5712
2026-01-13,v8_dynamic,90,hist_winrate,non_event,-114.0,38.0,96.41909427172708,4.0,1.1424
2026-01-13,v8_dynamic,90,hist_hit_an,non_event,-108.0,38.0,97.97487245878875,6.0,1.7136
2026-01-14,v6a_hit_an,90,c1,non_event,-288.0,32.0,93.78189679240386,3.0,0.8568
2026-01-14,v6a_hit_an,90,c2,non_event,410.0,50.0,103.12070295618037,5.0,1.428
2026-01-14,v6a_hit_an,90,c3,non_event,-326.0,34.0,96.44634171569783,3.0,0.8568
2026-01-14,v6a_hit_an,90,c4,non_event,1202.0,46.0,106.33331524047637,9.0,2.5704
2026-01-14,v6a_hit_an,90,c5,non_event,-172.0,40.0,97.14195081951239,3.0,0.8568
2026-01-14,v6a_hit_an,90,c6,non_event,-276.0,34.0,92.86165134607856,1.0,0.2856
2026-01-14,v6a_hit_an,90,hist_diff,non_event,-74.0,38.0,97.67688555831688,4.0,1.1424
2026-01-14,v6a_hit_an,90,hist_payout,non_event,122.0,46.0,99.32936936689657,3.0,0.8568
2026-01-14,v6a_hit_an,90,hist_winrate,non_event,110.0,38.0,97.87086745727643,3.0,0.8568
2026-01-14,v6a_hit_an,90,hist_hit_an,non_event,-208.0,40.0,99.11586646524637,4.0,1.1424
2026-01-14,v8_dynamic,90,c1,non_event,-288.0,32.0,93.78189679240386,3.0,0.8568
2026-01-14,v8_dynamic,90,c2,non_event,438.0,50.0,103.25844483560947,5.0,1.428
2026-01-14,v8_dynamic,90,c3,non_event,-486.0,32.0,95.09576786746246,3.0,0.8568
2026-01-14,v8_dynamic,90,c4,non_event,1102.0,44.0,105.6764927246025,9.0,2.5704
2026-01-14,v8_dynamic,90,c5,non_event,-208.0,40.0,96.44445464605306,3.0,0.8568
2026-01-14,v8_dynamic,90,c6,non_event,-202.0,40.0,94.8658508561567,2.0,0.5712
2026-01-14,v8_dynamic,90,hist_diff,non_event,-74.0,38.0,97.67688555831688,4.0,1.1424
2026-01-14,v8_dynamic,90,hist_payout,non_event,122.0,46.0,99.32936936689657,3.0,0.8568
2026-01-14,v8_dynamic,90,hist_winrate,non_event,110.0,38.0,97.87086745727642,3.0,0.8568
2026-01-14,v8_dynamic,90,hist_hit_an,non_event,-264.0,38.0,98.15068747695337,4.0,1.1424
2026-01-15,v6a_hit_an,90,c1,non_event,-38.0,34.0,96.4520513298708,5.0,1.428
2026-01-15,v6a_hit_an,90,c2,non_event,284.0,30.0,105.51717046148907,5.0,1.428
2026-01-15,v6a_hit_an,90,c3,non_event,142.0,46.0,104.06878690829193,3.0,0.8568
2026-01-15,v6a_hit_an,90,c4,non_event,-92.0,40.0,109.71182999696019,3.0,0.8568
2026-01-15,v6a_hit_an,90,c5,non_event,184.0,44.0,111.75752703885811,5.0,1.428
2026-01-15,v6a_hit_an,90,c6,non_event,-552.0,34.0,90.47932129818344,0.0,0.0
2026-01-15,v6a_hit_an,90,hist_diff,non_event,-308.0,34.0,93.50838929558373,2.0,0.5712
2026-01-15,v6a_hit_an,90,hist_payout,non_event,-540.0,32.0,89.15202734339864,0.0,0.0
2026-01-15,v6a_hit_an,90,hist_winrate,non_event,172.0,40.0,97.06253960604468,1.0,0.2856
2026-01-15,v6a_hit_an,90,hist_hit_an,non_event,-260.0,36.0,95.49148229073758,0.0,0.0
2026-01-15,v8_dynamic,90,c1,non_event,-38.0,34.0,96.45205132987077,5.0,1.428
2026-01-15,v8_dynamic,90,c2,non_event,248.0,28.000000000000004,105.2400671691637,5.0,1.428
2026-01-15,v8_dynamic,90,c3,non_event,138.0,44.0,103.70095863238919,3.0,0.8568
2026-01-15,v8_dynamic,90,c4,non_event,-68.0,40.0,110.04801186945751,3.0,0.8568
2026-01-15,v8_dynamic,90,c5,non_event,184.0,44.0,111.75752703885811,5.0,1.428
2026-01-15,v8_dynamic,90,c6,non_event,-458.0,32.0,93.62733982386712,0.0,0.0
2026-01-15,v8_dynamic,90,hist_diff,non_event,-308.0,34.0,93.50838929558373,2.0,0.5712
2026-01-15,v8_dynamic,90,hist_payout,non_event,-540.0,32.0,89.15202734339864,0.0,0.0
2026-01-15,v8_dynamic,90,hist_winrate,non_event,122.0,40.0,96.73129830366229,1.0,0.2856
2026-01-15,v8_dynamic,90,hist_hit_an,non_event,-256.0,36.0,95.3069751957509,0.0,0.0
2026-01-16,v6a_hit_an,90,c1,non_event,-148.0,34.0,111.22030658474385,4.0,1.1424
2026-01-16,v6a_hit_an,90,c2,non_event,1096.0,48.0,118.70091145143478,7.0,1.9992
2026-01-16,v6a_hit_an,90,c3,non_event,936.0,50.0,108.98162918641246,7.0,1.9992
2026-01-16,v6a_hit_an,90,c4,non_event,348.0,48.0,102.67950810154305,5.0,1.428
2026-01-16,v6a_hit_an,90,c5,non_event,410.0,38.0,105.22240049012949,7.0,1.9992
2026-01-16,v6a_hit_an,90,c6,non_event,72.0,44.0,101.9141316597706,1.0,0.2856
2026-01-16,v6a_hit_an,90,hist_diff,non_event,434.0,42.0,115.52514579857234,6.0,1.7136
2026-01-16,v6a_hit_an,90,hist_payout,non_event,716.0,46.0,104.90923778146225,6.0,1.7136
2026-01-16,v6a_hit_an,90,hist_winrate,non_event,1098.0,60.0,117.89738032624467,2.0,0.5712
2026-01-16,v6a_hit_an,90,hist_hit_an,non_event,-294.0,40.0,97.31217665336429,1.0,0.2856
2026-01-16,v8_dynamic,90,c1,non_event,-186.0,34.0,110.53084876872364,4.0,1.1424
2026-01-16,v8_dynamic,90,c2,non_event,1068.0,46.0,118.92444830131129,7.0,1.9992
2026-01-16,v8_dynamic,90,c3,non_event,1154.0,52.0,110.5096869358101,8.0,2.2848
2026-01-16,v8_dynamic,90,c4,non_event,304.0,48.0,102.93035745495165,4.0,1.1424
2026-01-16,v8_dynamic,90,c5,non_event,918.0,46.0,108.11329921303196,8.0,2.2848
2026-01-16,v8_dynamic,90,c6,non_event,574.0,52.0,105.22727866258782,3.0,0.8568
2026-01-16,v8_dynamic,90,hist_diff,non_event,434.0,42.0,115.52514579857234,6.0,1.7136
2026-01-16,v8_dynamic,90,hist_payout,non_event,716.0,46.0,104.90923778146225,6.0,1.7136
2026-01-16,v8_dynamic,90,hist_winrate,non_event,986.0,57.99999999999999,117.46951281609003,2.0,0.5712
2026-01-16,v8_dynamic,90,hist_hit_an,non_event,-292.0,40.0,97.18364908161765,1.0,0.2856
2026-01-17,v6a_hit_an,90,c1,event,686.0,42.0,104.34411847785414,7.0,1.9992
2026-01-17,v6a_hit_an,90,c2,event,-452.0,42.0,96.9706301057655,2.0,0.5712
2026-01-17,v6a_hit_an,90,c3,event,-10.0,48.0,100.2527916829716,4.0,1.1424
2026-01-17,v6a_hit_an,90,c4,event,-132.0,40.0,99.89255904083271,3.0,0.8568
2026-01-17,v6a_hit_an,90,c5,event,858.0,52.0,105.93690111340997,9.0,2.5704
2026-01-17,v6a_hit_an,90,c6,event,682.0,50.0,105.16921400734583,7.0,1.9992
2026-01-17,v6a_hit_an,90,hist_diff,event,1410.0,56.00000000000001,109.10895358402604,9.0,2.5704
2026-01-17,v6a_hit_an,90,hist_payout,event,306.0,46.0,103.0084659894439,6.0,1.7136
2026-01-17,v6a_hit_an,90,hist_winrate,event,-16.0,46.0,99.1565143662567,2.0,0.5712
2026-01-17,v6a_hit_an,90,hist_hit_an,event,654.0,52.0,107.8523589781295,4.0,1.1424
2026-01-17,v8_dynamic,90,c1,event,964.0,46.0,106.66568790922301,9.0,2.5704
2026-01-17,v8_dynamic,90,c2,event,-360.0,42.0,98.6496103184458,2.0,0.5712
2026-01-17,v8_dynamic,90,c3,event,-566.0,42.0,96.4373663501405,2.0,0.5712
2026-01-17,v8_dynamic,90,c4,event,-132.0,40.0,99.89255904083271,3.0,0.8568
2026-01-17,v8_dynamic,90,c5,event,932.0,54.0,106.7486920425662,9.0,2.5704
2026-01-17,v8_dynamic,90,c6,event,-238.0,42.0,98.61790514107261,3.0,0.8568
2026-01-17,v8_dynamic,90,hist_diff,event,1410.0,56.00000000000001,109.10895358402604,9.0,2.5704
2026-01-17,v8_dynamic,90,hist_payout,event,306.0,46.0,103.0084659894439,6.0,1.7136
2026-01-17,v8_dynamic,90,hist_winrate,event,-64.0,48.0,98.85312731615369,1.0,0.2856
2026-01-17,v8_dynamic,90,hist_hit_an,event,-26.0,44.0,101.55988487435232,3.0,0.8568
2026-01-18,v6a_hit_an,90,c1,non_event,-214.0,34.0,95.24101474197498,5.0,1.428
2026-01-18,v6a_hit_an,90,c2,non_event,-154.0,30.0,97.59351846050944,3.0,0.8568
2026-01-18,v6a_hit_an,90,c3,non_event,606.0,48.0,102.5990182926056,9.0,2.5704
2026-01-18,v6a_hit_an,90,c4,non_event,50.0,34.0,98.35437059703527,5.0,1.428
2026-01-18,v6a_hit_an,90,c5,non_event,556.0,52.0,103.49485880824074,8.0,2.2848
2026-01-18,v6a_hit_an,90,c6,non_event,386.0,42.0,103.62141191000457,10.0,2.856
2026-01-18,v6a_hit_an,90,hist_diff,non_event,-936.0,24.0,91.05167088027208,3.0,0.8568
2026-01-18,v6a_hit_an,90,hist_payout,non_event,-790.0,30.0,92.40805436928763,2.0,0.5712
2026-01-18,v6a_hit_an,90,hist_winrate,non_event,-242.0,48.0,96.26870207710031,1.0,0.2856
2026-01-18,v6a_hit_an,90,hist_hit_an,non_event,-1128.0,24.0,91.06105563685617,1.0,0.2856
2026-01-18,v8_dynamic,90,c1,non_event,-182.0,34.0,95.44298799045993,5.0,1.428
2026-01-18,v8_dynamic,90,c2,non_event,18.0,34.0,99.22177787644758,4.0,1.1424
2026-01-18,v8_dynamic,90,c3,non_event,480.0,46.0,101.42178088785803,8.0,2.2848
2026-01-18,v8_dynamic,90,c4,non_event,30.0,34.0,98.37595266900533,5.0,1.428
2026-01-18,v8_dynamic,90,c5,non_event,466.0,48.0,103.37474067067056,8.0,2.2848
2026-01-18,v8_dynamic,90,c6,non_event,312.0,42.0,102.81332966960537,9.0,2.5704
2026-01-18,v8_dynamic,90,hist_diff,non_event,-936.0,24.0,91.05167088027208,3.0,0.8568
2026-01-18,v8_dynamic,90,hist_payout,non_event,-790.0,30.0,92.40805436928763,2.0,0.5712
2026-01-18,v8_dynamic,90,hist_winrate,non_event,-242.0,48.0,96.26870207710031,1.0,0.2856
2026-01-18,v8_dynamic,90,hist_hit_an,non_event,-930.0,30.0,92.36703001388176,1.0,0.2856
2026-01-19,v6a_hit_an,90,c1,non_event,-274.0,28.000000000000004,98.9238772825666,3.0,0.8568
2026-01-19,v6a_hit_an,90,c2,non_event,-358.0,24.0,92.60239634699647,1.0,0.2856
2026-01-19,v6a_hit_an,90,c3,non_event,584.0,44.0,106.52433767747544,10.0,2.856
2026-01-19,v6a_hit_an,90,c4,non_event,106.0,36.0,102.16214382788124,5.0,1.428
2026-01-19,v6a_hit_an,90,c5,non_event,494.0,38.0,110.40797779121094,10.0,2.856
2026-01-19,v6a_hit_an,90,c6,non_event,-758.0,20.0,93.0225003806536,3.0,0.8568
2026-01-19,v6a_hit_an,90,hist_diff,non_event,474.0,38.0,101.7808231374615,7.0,1.9992
2026-01-19,v6a_hit_an,90,hist_payout,non_event,66.0,40.0,101.34442613195584,5.0,1.428
2026-01-19,v6a_hit_an,90,hist_winrate,non_event,424.0,50.0,103.101943755964,3.0,0.8568
2026-01-19,v6a_hit_an,90,hist_hit_an,non_event,-14.0,36.0,98.20873423368886,4.0,1.1424
2026-01-19,v8_dynamic,90,c1,non_event,-216.0,30.0,99.5682653187719,3.0,0.8568
2026-01-19,v8_dynamic,90,c2,non_event,-212.0,28.000000000000004,93.97666002922023,2.0,0.5712
2026-01-19,v8_dynamic,90,c3,non_event,886.0,42.0,109.33867217385044,11.0,3.1416
2026-01-19,v8_dynamic,90,c4,non_event,214.0,40.0,103.01914691954778,5.0,1.428
2026-01-19,v8_dynamic,90,c5,non_event,200.0,34.0,106.64375359544782,10.0,2.856
2026-01-19,v8_dynamic,90,c6,non_event,-122.0,32.0,101.48268895425099,6.0,1.7136
2026-01-19,v8_dynamic,90,hist_diff,non_event,474.0,38.0,101.7808231374615,7.0,1.9992
2026-01-19,v8_dynamic,90,hist_payout,non_event,66.0,40.0,101.34442613195584,5.0,1.428
2026-01-19,v8_dynamic,90,hist_winrate,non_event,378.0,50.0,102.92653943715693,2.0,0.5712
2026-01-19,v8_dynamic,90,hist_hit_an,non_event,-66.0,36.0,97.67077997728023,4.0,1.1424
2026-01-20,v6a_hit_an,90,c1,non_event,720.0,52.0,106.22122425220779,4.0,1.1424
2026-01-20,v6a_hit_an,90,c2,non_event,-56.0,30.0,99.86576223719747,2.0,0.5712
2026-01-20,v6a_hit_an,90,c3,non_event,166.0,40.0,100.05682891031314,4.0,1.1424
2026-01-20,v6a_hit_an,90,c4,non_event,84.0,42.0,100.70972223051223,4.0,1.1424
2026-01-20,v6a_hit_an,90,c5,non_event,-270.0,38.0,96.90976075223881,1.0,0.2856
2026-01-20,v6a_hit_an,90,c6,non_event,-134.0,34.0,103.43417480888223,2.0,0.5712
2026-01-20,v6a_hit_an,90,hist_diff,non_event,512.0,44.0,103.89610571730425,4.0,1.1424
2026-01-20,v6a_hit_an,90,hist_payout,non_event,526.0,52.0,104.60009159080163,4.0,1.1424
2026-01-20,v6a_hit_an,90,hist_winrate,non_event,384.0,44.0,100.29787570815675,1.0,0.2856
2026-01-20,v6a_hit_an,90,hist_hit_an,non_event,454.0,44.0,103.35642445955767,4.0,1.1424
2026-01-20,v8_dynamic,90,c1,non_event,696.0,50.0,105.76599173875282,4.0,1.1424
2026-01-20,v8_dynamic,90,c2,non_event,-20.0,32.0,100.18870252264274,2.0,0.5712
2026-01-20,v8_dynamic,90,c3,non_event,56.0,40.0,99.47364441498343,3.0,0.8568
2026-01-20,v8_dynamic,90,c4,non_event,86.0,42.0,100.81715010380069,4.0,1.1424
2026-01-20,v8_dynamic,90,c5,non_event,-320.0,36.0,95.54759232875676,1.0,0.2856
2026-01-20,v8_dynamic,90,c6,non_event,-36.0,36.0,101.97907852229099,2.0,0.5712
2026-01-20,v8_dynamic,90,hist_diff,non_event,512.0,44.0,103.89610571730425,4.0,1.1424
2026-01-20,v8_dynamic,90,hist_payout,non_event,526.0,52.0,104.60009159080163,4.0,1.1424
2026-01-20,v8_dynamic,90,hist_winrate,non_event,324.0,42.0,99.65888254307418,1.0,0.2856
2026-01-20,v8_dynamic,90,hist_hit_an,non_event,528.0,46.0,104.10743797707653,4.0,1.1424
2026-01-21,v6a_hit_an,90,c1,event,400.0,44.0,102.73839223681398,4.0,1.1424
2026-01-21,v6a_hit_an,90,c2,event,278.0,44.0,99.86387261587028,4.0,1.1424
2026-01-21,v6a_hit_an,90,c3,event,992.0,48.0,106.15267069103007,6.0,1.7136
2026-01-21,v6a_hit_an,90,c4,event,122.0,42.0,100.02681079488148,6.0,1.7136
2026-01-21,v6a_hit_an,90,c5,event,862.0,46.0,104.63352594618677,6.0,1.7136
2026-01-21,v6a_hit_an,90,c6,event,1238.0,44.0,105.92469579173013,6.0,1.7136
2026-01-21,v6a_hit_an,90,hist_diff,event,298.0,40.0,101.75006876049648,5.0,1.428
2026-01-21,v6a_hit_an,90,hist_payout,event,1012.0,56.00000000000001,106.72345538449079,4.0,1.1424
2026-01-21,v6a_hit_an,90,hist_winrate,event,828.0,57.99999999999999,102.66269555826428,2.0,0.5712
2026-01-21,v6a_hit_an,90,hist_hit_an,event,312.0,56.00000000000001,102.99243900579023,2.0,0.5712
2026-01-21,v8_dynamic,90,c1,event,314.0,42.0,102.21234860664327,4.0,1.1424
2026-01-21,v8_dynamic,90,c2,event,224.0,42.0,99.40915932992415,4.0,1.1424
2026-01-21,v8_dynamic,90,c3,event,864.0,44.0,104.97092445256298,6.0,1.7136
2026-01-21,v8_dynamic,90,c4,event,122.0,42.0,100.02681079488146,6.0,1.7136
2026-01-21,v8_dynamic,90,c5,event,862.0,46.0,104.63352594618677,6.0,1.7136
2026-01-21,v8_dynamic,90,c6,event,1074.0,52.0,106.29793508567658,4.0,1.1424
2026-01-21,v8_dynamic,90,hist_diff,event,298.0,40.0,101.75006876049648,5.0,1.428
2026-01-21,v8_dynamic,90,hist_payout,event,1012.0,56.00000000000001,106.72345538449079,4.0,1.1424
2026-01-21,v8_dynamic,90,hist_winrate,event,782.0,56.00000000000001,102.02614299901754,2.0,0.5712
2026-01-21,v8_dynamic,90,hist_hit_an,event,262.0,54.0,102.73554032290646,2.0,0.5712
2026-01-22,v6a_hit_an,90,c1,event,-298.0,40.0,95.42082738106437,0.0,0.0
2026-01-22,v6a_hit_an,90,c2,event,-2.0,38.0,98.90830538410144,3.0,0.8568
2026-01-22,v6a_hit_an,90,c3,event,146.0,38.0,95.76672493596945,4.0,1.1424
2026-01-22,v6a_hit_an,90,c4,event,-172.0,36.0,95.50036087522876,2.0,0.5712
2026-01-22,v6a_hit_an,90,c5,event,-200.0,34.0,95.14512877140223,2.0,0.5712
2026-01-22,v6a_hit_an,90,c6,event,-480.0,24.0,93.31304406815225,2.0,0.5712
2026-01-22,v6a_hit_an,90,hist_diff,event,36.0,36.0,96.90084810960641,3.0,0.8568
2026-01-22,v6a_hit_an,90,hist_payout,event,-420.0,34.0,92.4100518431016,1.0,0.2856
2026-01-22,v6a_hit_an,90,hist_winrate,event,34.0,38.0,95.56381717457934,2.0,0.5712
2026-01-22,v6a_hit_an,90,hist_hit_an,event,-132.0,36.0,96.67466351837193,3.0,0.8568
2026-01-22,v8_dynamic,90,c1,event,-272.0,40.0,95.54531390182939,0.0,0.0
2026-01-22,v8_dynamic,90,c2,event,-76.0,38.0,97.99414479558385,3.0,0.8568
2026-01-22,v8_dynamic,90,c3,event,388.0,42.0,98.55183904217375,5.0,1.428
2026-01-22,v8_dynamic,90,c4,event,-106.0,40.0,95.81389200830559,2.0,0.5712
2026-01-22,v8_dynamic,90,c5,event,-76.0,38.0,95.32750998167397,2.0,0.5712
2026-01-22,v8_dynamic,90,c6,event,172.0,34.0,98.05983114883284,4.0,1.1424
2026-01-22,v8_dynamic,90,hist_diff,event,36.0,36.0,96.90084810960641,3.0,0.8568
2026-01-22,v8_dynamic,90,hist_payout,event,-420.0,34.0,92.4100518431016,1.0,0.2856
2026-01-22,v8_dynamic,90,hist_winrate,event,-38.0,36.0,95.2525268409371,2.0,0.5712
2026-01-22,v8_dynamic,90,hist_hit_an,event,-80.0,36.0,95.99740495139375,3.0,0.8568
2026-01-23,v6a_hit_an,90,c1,non_event,-212.0,36.0,96.36851185396513,3.0,0.8568
2026-01-23,v6a_hit_an,90,c2,non_event,-154.0,32.0,97.03069992082405,4.0,1.1424
2026-01-23,v6a_hit_an,90,c3,non_event,-602.0,24.0,90.24693687463925,2.0,0.5712
2026-01-23,v6a_hit_an,90,c4,non_event,-806.0,22.0,92.76372360147761,5.0,1.428
2026-01-23,v6a_hit_an,90,c5,non_event,-264.0,26.0,94.43097087329386,3.0,0.8568
2026-01-23,v6a_hit_an,90,c6,non_event,-148.0,28.000000000000004,93.48526777265579,2.0,0.5712
2026-01-23,v6a_hit_an,90,hist_diff,non_event,8.0,32.0,100.25033373791095,5.0,1.428
2026-01-23,v6a_hit_an,90,hist_payout,non_event,-106.0,36.0,97.12824581441117,5.0,1.428
2026-01-23,v6a_hit_an,90,hist_winrate,non_event,574.0,48.0,100.22825561093723,4.0,1.1424
2026-01-23,v6a_hit_an,90,hist_hit_an,non_event,80.0,42.0,99.58419659369306,3.0,0.8568
2026-01-23,v8_dynamic,90,c1,non_event,-190.0,36.0,97.26484228301771,3.0,0.8568
2026-01-23,v8_dynamic,90,c2,non_event,-138.0,30.0,96.82310927167133,4.0,1.1424
2026-01-23,v8_dynamic,90,c3,non_event,-586.0,24.0,90.57455605957342,2.0,0.5712
2026-01-23,v8_dynamic,90,c4,non_event,-786.0,22.0,92.86059870344074,5.0,1.428
2026-01-23,v8_dynamic,90,c5,non_event,-220.0,26.0,95.72832941901495,3.0,0.8568
2026-01-23,v8_dynamic,90,c6,non_event,-54.0,32.0,94.85422009334867,3.0,0.8568
2026-01-23,v8_dynamic,90,hist_diff,non_event,8.0,32.0,100.25033373791095,5.0,1.428
2026-01-23,v8_dynamic,90,hist_payout,non_event,-106.0,36.0,97.12824581441117,5.0,1.428
2026-01-23,v8_dynamic,90,hist_winrate,non_event,462.0,46.0,99.03304932556907,4.0,1.1424
2026-01-23,v8_dynamic,90,hist_hit_an,non_event,-94.0,38.0,98.57451156301744,2.0,0.5712
2026-01-24,v6a_hit_an,90,c1,non_event,142.0,34.0,99.65734952652512,5.0,1.428
2026-01-24,v6a_hit_an,90,c2,non_event,916.0,44.0,106.0800118205957,6.0,1.7136
2026-01-24,v6a_hit_an,90,c3,non_event,1224.0,50.0,111.73994919293982,8.0,2.2848
2026-01-24,v6a_hit_an,90,c4,non_event,588.0,36.0,105.48551233015216,8.0,2.2848
2026-01-24,v6a_hit_an,90,c5,non_event,662.0,40.0,108.05774849921116,10.0,2.856
2026-01-24,v6a_hit_an,90,c6,non_event,706.0,42.0,107.5389867339804,6.0,1.7136
2026-01-24,v6a_hit_an,90,hist_diff,non_event,550.0,42.0,104.8517390142134,7.0,1.9992
2026-01-24,v6a_hit_an,90,hist_payout,non_event,-298.0,30.0,98.39099131288735,3.0,0.8568
2026-01-24,v6a_hit_an,90,hist_winrate,non_event,292.0,48.0,99.22322551137322,0.0,0.0
2026-01-24,v6a_hit_an,90,hist_hit_an,non_event,900.0,44.0,107.64051771046981,7.0,1.9992
2026-01-24,v8_dynamic,90,c1,non_event,240.0,36.0,100.2265390074081,5.0,1.428
2026-01-24,v8_dynamic,90,c2,non_event,862.0,42.0,105.35886610462205,6.0,1.7136
2026-01-24,v8_dynamic,90,c3,non_event,870.0,48.0,107.7294399097534,7.0,1.9992
2026-01-24,v8_dynamic,90,c4,non_event,712.0,36.0,106.28092994173602,8.0,2.2848
2026-01-24,v8_dynamic,90,c5,non_event,956.0,44.0,110.25639202429473,10.0,2.856
2026-01-24,v8_dynamic,90,c6,non_event,904.0,40.0,109.18491080339541,7.0,1.9992
2026-01-24,v8_dynamic,90,hist_diff,non_event,550.0,42.0,104.8517390142134,7.0,1.9992
2026-01-24,v8_dynamic,90,hist_payout,non_event,-298.0,30.0,98.39099131288735,3.0,0.8568
2026-01-24,v8_dynamic,90,hist_winrate,non_event,250.0,46.0,98.93883834479404,0.0,0.0
2026-01-24,v8_dynamic,90,hist_hit_an,non_event,498.0,42.0,104.48204246009007,5.0,1.428
2026-01-25,v6a_hit_an,90,c1,non_event,388.0,36.0,102.55240827942777,4.0,1.1424
2026-01-25,v6a_hit_an,90,c2,non_event,296.0,34.0,101.00363410367345,4.0,1.1424
2026-01-25,v6a_hit_an,90,c3,non_event,618.0,42.0,104.00033167121879,6.0,1.7136
2026-01-25,v6a_hit_an,90,c4,non_event,428.0,34.0,103.18259898245697,4.0,1.1424
2026-01-25,v6a_hit_an,90,c5,non_event,920.0,46.0,106.68657874357748,6.0,1.7136
2026-01-25,v6a_hit_an,90,c6,non_event,378.0,36.0,110.36477088658297,7.0,1.9992
2026-01-25,v6a_hit_an,90,hist_diff,non_event,-280.0,30.0,96.4780239444016,5.0,1.428
2026-01-25,v6a_hit_an,90,hist_payout,non_event,-408.0,28.000000000000004,96.43037356930265,3.0,0.8568
2026-01-25,v6a_hit_an,90,hist_winrate,non_event,-160.0,34.0,97.15638211908662,2.0,0.5712
2026-01-25,v6a_hit_an,90,hist_hit_an,non_event,-1116.0,24.0,91.18074282369993,1.0,0.2856
2026-01-25,v8_dynamic,90,c1,non_event,294.0,36.0,102.28613207133672,4.0,1.1424
2026-01-25,v8_dynamic,90,c2,non_event,208.0,34.0,100.19911086254747,4.0,1.1424
2026-01-25,v8_dynamic,90,c3,non_event,658.0,42.0,104.43614856562793,6.0,1.7136
2026-01-25,v8_dynamic,90,c4,non_event,428.0,34.0,103.18259898245697,4.0,1.1424
2026-01-25,v8_dynamic,90,c5,non_event,672.0,44.0,104.58223065658026,6.0,1.7136
2026-01-25,v8_dynamic,90,c6,non_event,212.0,40.0,99.12755270824515,4.0,1.1424
2026-01-25,v8_dynamic,90,hist_diff,non_event,-280.0,30.0,96.4780239444016,5.0,1.428
2026-01-25,v8_dynamic,90,hist_payout,non_event,-408.0,28.000000000000004,96.43037356930265,3.0,0.8568
2026-01-25,v8_dynamic,90,hist_winrate,non_event,-132.0,34.0,97.27409573513651,2.0,0.5712
2026-01-25,v8_dynamic,90,hist_hit_an,non_event,-822.0,28.000000000000004,93.08674640856621,1.0,0.2856
2026-01-26,v6a_hit_an,90,c1,non_event,552.0,46.0,107.16238728332154,5.0,1.428
2026-01-26,v6a_hit_an,90,c2,non_event,-92.0,36.0,94.67097671952725,1.0,0.2856
2026-01-26,v6a_hit_an,90,c3,non_event,-300.0,32.0,96.20602693658132,2.0,0.5712
2026-01-26,v6a_hit_an,90,c4,non_event,268.0,34.0,105.22182467591014,4.0,1.1424
2026-01-26,v6a_hit_an,90,c5,non_event,-80.0,30.0,100.56096474561765,3.0,0.8568
2026-01-26,v6a_hit_an,90,c6,non_event,-60.0,34.0,102.2669726486369,3.0,0.8568
2026-01-26,v6a_hit_an,90,hist_diff,non_event,428.0,38.0,106.84488882559424,6.0,1.7136
2026-01-26,v6a_hit_an,90,hist_payout,non_event,782.0,42.0,110.49629213958445,5.0,1.428
2026-01-26,v6a_hit_an,90,hist_winrate,non_event,110.0,34.0,104.05916722225959,3.0,0.8568
2026-01-26,v6a_hit_an,90,hist_hit_an,non_event,536.0,44.0,116.90518804397385,5.0,1.428
2026-01-26,v8_dynamic,90,c1,non_event,496.0,44.0,106.38568165323612,5.0,1.428
2026-01-26,v8_dynamic,90,c2,non_event,-60.0,38.0,95.36263184805583,1.0,0.2856
2026-01-26,v8_dynamic,90,c3,non_event,-284.0,32.0,96.8289641338643,2.0,0.5712
2026-01-26,v8_dynamic,90,c4,non_event,470.0,36.0,106.77990314214063,5.0,1.428
2026-01-26,v8_dynamic,90,c5,non_event,36.0,30.0,101.95682347035553,3.0,0.8568
2026-01-26,v8_dynamic,90,c6,non_event,-226.0,30.0,100.58548498060462,3.0,0.8568
2026-01-26,v8_dynamic,90,hist_diff,non_event,428.0,38.0,106.84488882559424,6.0,1.7136
2026-01-26,v8_dynamic,90,hist_payout,non_event,782.0,42.0,110.49629213958445,5.0,1.428
2026-01-26,v8_dynamic,90,hist_winrate,non_event,-112.0,32.0,97.75374595577188,2.0,0.5712
2026-01-26,v8_dynamic,90,hist_hit_an,non_event,588.0,46.0,117.11869465723474,5.0,1.428
2026-01-27,v6a_hit_an,90,c1,event,-106.0,44.0,97.81756639989558,1.0,0.2856
2026-01-27,v6a_hit_an,90,c2,event,712.0,50.0,105.3345253266843,6.0,1.7136
2026-01-27,v6a_hit_an,90,c3,event,-350.0,32.0,98.68334681677088,4.0,1.1424
2026-01-27,v6a_hit_an,90,c4,event,-74.0,40.0,98.16342838463684,3.0,0.8568
2026-01-27,v6a_hit_an,90,c5,event,-268.0,32.0,98.51783619759992,3.0,0.8568
2026-01-27,v6a_hit_an,90,c6,event,-276.0,40.0,100.19068090230141,2.0,0.5712
2026-01-27,v6a_hit_an,90,hist_diff,event,70.0,36.0,99.96509410823906,3.0,0.8568
2026-01-27,v6a_hit_an,90,hist_payout,event,-208.0,30.0,98.98902574703388,3.0,0.8568
2026-01-27,v6a_hit_an,90,hist_winrate,event,632.0,56.00000000000001,103.63101635365385,3.0,0.8568
2026-01-27,v6a_hit_an,90,hist_hit_an,event,374.0,42.0,103.61061576289825,6.0,1.7136
2026-01-27,v8_dynamic,90,c1,event,116.0,46.0,99.47027088061049,2.0,0.5712
2026-01-27,v8_dynamic,90,c2,event,806.0,54.0,106.0357097157333,6.0,1.7136
2026-01-27,v8_dynamic,90,c3,event,-350.0,32.0,98.68334681677088,4.0,1.1424
2026-01-27,v8_dynamic,90,c4,event,40.0,42.0,99.16065205677242,3.0,0.8568
2026-01-27,v8_dynamic,90,c5,event,-370.0,30.0,97.71562520223432,3.0,0.8568
2026-01-27,v8_dynamic,90,c6,event,-494.0,34.0,98.63728703903655,1.0,0.2856
2026-01-27,v8_dynamic,90,hist_diff,event,-2.0,34.0,99.12361482622666,3.0,0.8568
2026-01-27,v8_dynamic,90,hist_payout,event,-208.0,30.0,98.98902574703388,3.0,0.8568
2026-01-27,v8_dynamic,90,hist_winrate,event,588.0,57.99999999999999,102.39173883260108,2.0,0.5712
2026-01-27,v8_dynamic,90,hist_hit_an,event,112.0,40.0,101.76868153402884,4.0,1.1424
2026-01-28,v6a_hit_an,90,c1,non_event,-372.0,30.0,99.06521264699761,2.0,0.5712
2026-01-28,v6a_hit_an,90,c2,non_event,-466.0,28.000000000000004,92.4862169548854,3.0,0.8568
2026-01-28,v6a_hit_an,90,c3,non_event,-832.0,30.0,91.39541634650021,2.0,0.5712
2026-01-28,v6a_hit_an,90,c4,non_event,-78.0,34.0,98.11235102074737,2.0,0.5712
2026-01-28,v6a_hit_an,90,c5,non_event,-612.0,32.0,92.8295920016438,2.0,0.5712
2026-01-28,v6a_hit_an,90,c6,non_event,-236.0,32.0,96.13218803201993,3.0,0.8568
2026-01-28,v6a_hit_an,90,hist_diff,non_event,-848.0,16.0,89.98034811139938,3.0,0.8568
2026-01-28,v6a_hit_an,90,hist_payout,non_event,-1014.0,18.0,91.27338014752033,2.0,0.5712
2026-01-28,v6a_hit_an,90,hist_winrate,non_event,120.0,40.0,98.5986835429822,5.0,1.428
2026-01-28,v6a_hit_an,90,hist_hit_an,non_event,-372.0,30.0,94.69302965667643,5.0,1.428
2026-01-28,v8_dynamic,90,c1,non_event,-244.0,30.0,100.80318643501207,2.0,0.5712
2026-01-28,v8_dynamic,90,c2,non_event,-514.0,30.0,91.9669346562151,3.0,0.8568
2026-01-28,v8_dynamic,90,c3,non_event,-832.0,30.0,91.3954163465002,2.0,0.5712
2026-01-28,v8_dynamic,90,c4,non_event,-126.0,32.0,97.31240872527174,2.0,0.5712
2026-01-28,v8_dynamic,90,c5,non_event,-646.0,32.0,92.45100116466439,2.0,0.5712
2026-01-28,v8_dynamic,90,c6,non_event,-194.0,36.0,97.9582674790087,3.0,0.8568
2026-01-28,v8_dynamic,90,hist_diff,non_event,-848.0,16.0,89.98034811139938,3.0,0.8568
2026-01-28,v8_dynamic,90,hist_payout,non_event,-1014.0,18.0,91.27338014752033,2.0,0.5712
2026-01-28,v8_dynamic,90,hist_winrate,non_event,24.0,40.0,97.76853951260372,4.0,1.1424
2026-01-28,v8_dynamic,90,hist_hit_an,non_event,-444.0,30.0,94.30023273459945,5.0,1.428
2026-01-29,v6a_hit_an,90,c1,non_event,506.0,32.0,100.41494150122176,7.0,1.9992
2026-01-29,v6a_hit_an,90,c2,non_event,226.0,48.0,95.9218044319988,4.0,1.1424
2026-01-29,v6a_hit_an,90,c3,non_event,-580.0,28.000000000000004,90.92800800717777,3.0,0.8568
2026-01-29,v6a_hit_an,90,c4,non_event,26.0,42.0,98.45178577746852,4.0,1.1424
2026-01-29,v6a_hit_an,90,c5,non_event,96.0,36.0,97.16514503030899,6.0,1.7136
2026-01-29,v6a_hit_an,90,c6,non_event,-86.0,30.0,96.77846889237154,7.0,1.9992
2026-01-29,v6a_hit_an,90,hist_diff,non_event,-432.0,18.0,95.31293236102087,4.0,1.1424
2026-01-29,v6a_hit_an,90,hist_payout,non_event,-394.0,34.0,91.55577714597082,5.0,1.428
2026-01-29,v6a_hit_an,90,hist_winrate,non_event,-228.0,42.0,95.52745565045313,0.0,0.0
2026-01-29,v6a_hit_an,90,hist_hit_an,non_event,76.0,40.0,99.0689085312501,4.0,1.1424
2026-01-29,v8_dynamic,90,c1,non_event,564.0,34.0,101.43034646177928,7.0,1.9992
2026-01-29,v8_dynamic,90,c2,non_event,210.0,48.0,96.10322195686382,4.0,1.1424
2026-01-29,v8_dynamic,90,c3,non_event,-510.0,30.0,91.85399411678425,3.0,0.8568
2026-01-29,v8_dynamic,90,c4,non_event,4.0,42.0,98.12084747880377,4.0,1.1424
2026-01-29,v8_dynamic,90,c5,non_event,-104.0,34.0,94.96932395336053,5.0,1.428
2026-01-29,v8_dynamic,90,c6,non_event,-98.0,28.000000000000004,96.41181649239427,6.0,1.7136
2026-01-29,v8_dynamic,90,hist_diff,non_event,-432.0,18.0,95.31293236102087,4.0,1.1424
2026-01-29,v8_dynamic,90,hist_payout,non_event,-394.0,34.0,91.55577714597082,5.0,1.428
2026-01-29,v8_dynamic,90,hist_winrate,non_event,-228.0,42.0,95.52745565045316,0.0,0.0
2026-01-29,v8_dynamic,90,hist_hit_an,non_event,68.0,40.0,99.60617698470415,4.0,1.1424
2026-01-30,v6a_hit_an,90,c1,non_event,644.0,42.0,106.04241968678869,5.0,1.428
2026-01-30,v6a_hit_an,90,c2,non_event,190.0,42.0,101.56375108874947,3.0,0.8568
2026-01-30,v6a_hit_an,90,c3,non_event,998.0,57.99999999999999,104.6873706202729,5.0,1.428
2026-01-30,v6a_hit_an,90,c4,non_event,188.0,38.0,101.5716940345119,4.0,1.1424
2026-01-30,v6a_hit_an,90,c5,non_event,370.0,44.0,99.65999430967993,5.0,1.428
2026-01-30,v6a_hit_an,90,c6,non_event,-114.0,38.0,99.14969278286935,4.0,1.1424
2026-01-30,v6a_hit_an,90,hist_diff,non_event,406.0,48.0,101.2651742770764,5.0,1.428
2026-01-30,v6a_hit_an,90,hist_payout,non_event,314.0,46.0,100.29091619824831,5.0,1.428
2026-01-30,v6a_hit_an,90,hist_winrate,non_event,956.0,46.0,102.34497656078486,6.0,1.7136
2026-01-30,v6a_hit_an,90,hist_hit_an,non_event,818.0,50.0,103.72078776877062,8.0,2.2848
2026-01-30,v8_dynamic,90,c1,non_event,642.0,42.0,105.95696923110738,5.0,1.428
2026-01-30,v8_dynamic,90,c2,non_event,362.0,42.0,101.970985866134,4.0,1.1424
2026-01-30,v8_dynamic,90,c3,non_event,998.0,57.99999999999999,104.68737062027293,5.0,1.428
2026-01-30,v8_dynamic,90,c4,non_event,200.0,38.0,101.51204345571107,4.0,1.1424
2026-01-30,v8_dynamic,90,c5,non_event,322.0,44.0,99.41901097981992,5.0,1.428
2026-01-30,v8_dynamic,90,c6,non_event,-408.0,34.0,95.6033123981109,2.0,0.5712
2026-01-30,v8_dynamic,90,hist_diff,non_event,406.0,48.0,101.2651742770764,5.0,1.428
2026-01-30,v8_dynamic,90,hist_payout,non_event,314.0,46.0,100.29091619824831,5.0,1.428
2026-01-30,v8_dynamic,90,hist_winrate,non_event,956.0,46.0,102.38711028559688,6.0,1.7136
2026-01-30,v8_dynamic,90,hist_hit_an,non_event,968.0,52.0,105.23785041625479,8.0,2.2848
2026-01-31,v6a_hit_an,90,c1,event,-230.0,34.0,97.14016500734571,5.0,1.428
2026-01-31,v6a_hit_an,90,c2,event,10.0,46.0,99.95050869310799,3.0,0.8568
2026-01-31,v6a_hit_an,90,c3,event,158.0,42.0,100.10442035176402,2.0,0.5712
2026-01-31,v6a_hit_an,90,c4,event,-794.0,26.0,93.84575704319292,3.0,0.8568
2026-01-31,v6a_hit_an,90,c5,event,82.0,38.0,100.56144343953052,3.0,0.8568
2026-01-31,v6a_hit_an,90,c6,event,-172.0,36.0,98.36129226285497,4.0,1.1424
2026-01-31,v6a_hit_an,90,hist_diff,event,206.0,34.0,99.48354570144825,8.0,2.2848
2026-01-31,v6a_hit_an,90,hist_payout,event,-382.0,38.0,98.58171786690139,6.0,1.7136
2026-01-31,v6a_hit_an,90,hist_winrate,event,196.0,46.0,100.67796483514233,3.0,0.8568
2026-01-31,v6a_hit_an,90,hist_hit_an,event,-572.0,34.0,96.42783619338016,4.0,1.1424
2026-01-31,v8_dynamic,90,c1,event,-40.0,36.0,98.66123245971968,6.0,1.7136
2026-01-31,v8_dynamic,90,c2,event,96.0,46.0,100.56743425350403,3.0,0.8568
2026-01-31,v8_dynamic,90,c3,event,174.0,44.0,100.28253776497955,2.0,0.5712
2026-01-31,v8_dynamic,90,c4,event,-794.0,26.0,93.84575704319292,3.0,0.8568
2026-01-31,v8_dynamic,90,c5,event,46.0,36.0,100.06215491027753,3.0,0.8568
2026-01-31,v8_dynamic,90,c6,event,-364.0,34.0,97.82557423902516,3.0,0.8568
2026-01-31,v8_dynamic,90,hist_diff,event,206.0,34.0,99.48354570144825,8.0,2.2848
2026-01-31,v8_dynamic,90,hist_payout,event,-382.0,38.0,98.58171786690139,6.0,1.7136
2026-01-31,v8_dynamic,90,hist_winrate,event,252.0,48.0,100.9982190848433,3.0,0.8568
2026-01-31,v8_dynamic,90,hist_hit_an,event,-668.0,34.0,96.09068692555873,4.0,1.1424
2026-02-01,v6a_hit_an,90,c1,event,514.0,50.0,104.34810440238118,4.0,1.1424
2026-02-01,v6a_hit_an,90,c2,event,496.0,46.0,101.81066802100452,4.0,1.1424
2026-02-01,v6a_hit_an,90,c3,event,32.0,52.0,98.83718068836782,0.0,0.0
2026-02-01,v6a_hit_an,90,c4,event,-116.0,44.0,100.30444261880957,4.0,1.1424
2026-02-01,v6a_hit_an,90,c5,event,32.0,46.0,99.27349100962498,1.0,0.2856
2026-02-01,v6a_hit_an,90,c6,event,298.0,38.0,103.79533886718798,6.0,1.7136
2026-02-01,v6a_hit_an,90,hist_diff,event,-260.0,34.0,97.01762147450258,1.0,0.2856
2026-02-01,v6a_hit_an,90,hist_payout,event,304.0,46.0,102.24526809093393,6.0,1.7136
2026-02-01,v6a_hit_an,90,hist_winrate,event,152.0,40.0,100.085456733343,2.0,0.5712
2026-02-01,v6a_hit_an,90,hist_hit_an,event,596.0,44.0,104.76771876817423,6.0,1.7136
2026-02-01,v8_dynamic,90,c1,event,524.0,50.0,104.60168875844036,4.0,1.1424
2026-02-01,v8_dynamic,90,c2,event,452.0,44.0,101.38633045998618,4.0,1.1424
2026-02-01,v8_dynamic,90,c3,event,-46.0,50.0,98.44479736352145,0.0,0.0
2026-02-01,v8_dynamic,90,c4,event,348.0,48.0,105.54224507027004,5.0,1.428
2026-02-01,v8_dynamic,90,c5,event,-2.0,46.0,99.03217947131083,1.0,0.2856
2026-02-01,v8_dynamic,90,c6,event,392.0,38.0,103.5151029975735,5.0,1.428
2026-02-01,v8_dynamic,90,hist_diff,event,-260.0,34.0,97.01762147450259,1.0,0.2856
2026-02-01,v8_dynamic,90,hist_payout,event,304.0,46.0,102.24526809093393,6.0,1.7136
2026-02-01,v8_dynamic,90,hist_winrate,event,88.0,38.0,99.4260987233167,1.0,0.2856
2026-02-01,v8_dynamic,90,hist_hit_an,event,504.0,44.0,104.2741110180536,5.0,1.428
2026-02-02,v6a_hit_an,90,c1,non_event,466.0,40.0,102.09596125304219,7.0,1.9992
2026-02-02,v6a_hit_an,90,c2,non_event,-138.0,42.0,107.02633092976626,2.0,0.5712
2026-02-02,v6a_hit_an,90,c3,non_event,10.0,36.0,98.66001911308274,3.0,0.8568
2026-02-02,v6a_hit_an,90,c4,non_event,434.0,44.0,103.05393834502708,8.0,2.2848
2026-02-02,v6a_hit_an,90,c5,non_event,284.0,34.0,100.99948237605388,6.0,1.7136
2026-02-02,v6a_hit_an,90,c6,non_event,250.0,32.0,98.86327685769558,5.0,1.428
2026-02-02,v6a_hit_an,90,hist_diff,non_event,350.0,40.0,96.78869753081682,8.0,2.2848
2026-02-02,v6a_hit_an,90,hist_payout,non_event,512.0,44.0,100.26484478085675,5.0,1.428
2026-02-02,v6a_hit_an,90,hist_winrate,non_event,266.0,34.0,99.18259010722726,4.0,1.1424
2026-02-02,v6a_hit_an,90,hist_hit_an,non_event,44.0,40.0,99.20582197595323,4.0,1.1424
2026-02-02,v8_dynamic,90,c1,non_event,454.0,40.0,101.87607799001812,7.0,1.9992
2026-02-02,v8_dynamic,90,c2,non_event,-120.0,42.0,107.12278633901504,2.0,0.5712
2026-02-02,v8_dynamic,90,c3,non_event,132.0,38.0,99.53456940552587,4.0,1.1424
2026-02-02,v8_dynamic,90,c4,non_event,472.0,44.0,103.3417480907209,8.0,2.2848
2026-02-02,v8_dynamic,90,c5,non_event,512.0,36.0,103.60123760171037,6.0,1.7136
2026-02-02,v8_dynamic,90,c6,non_event,586.0,38.0,106.12971824248147,5.0,1.428
2026-02-02,v8_dynamic,90,hist_diff,non_event,350.0,40.0,96.78869753081682,8.0,2.2848
2026-02-02,v8_dynamic,90,hist_payout,non_event,512.0,44.0,100.26484478085675,5.0,1.428
2026-02-02,v8_dynamic,90,hist_winrate,non_event,274.0,36.0,99.02874436480587,4.0,1.1424
2026-02-02,v8_dynamic,90,hist_hit_an,non_event,-18.0,40.0,98.5331971066512,4.0,1.1424
2026-02-03,v6a_hit_an,90,c1,non_event,38.0,38.0,98.53195290785216,5.0,1.428
2026-02-03,v6a_hit_an,90,c2,non_event,118.0,38.0,100.27103163144817,3.0,0.8568
2026-02-03,v6a_hit_an,90,c3,non_event,428.0,38.0,103.41414136550279,9.0,2.5704
2026-02-03,v6a_hit_an,90,c4,non_event,654.0,36.0,102.8405057675855,9.0,2.5704
2026-02-03,v6a_hit_an,90,c5,non_event,456.0,36.0,102.0144018359267,9.0,2.5704
2026-02-03,v6a_hit_an,90,c6,non_event,280.0,30.0,100.38705261114355,7.0,1.9992
2026-02-03,v6a_hit_an,90,hist_diff,non_event,306.0,38.0,99.0399827717778,8.0,2.2848
2026-02-03,v6a_hit_an,90,hist_payout,non_event,510.0,44.0,105.3705818012187,8.0,2.2848
2026-02-03,v6a_hit_an,90,hist_winrate,non_event,416.0,48.0,99.79891038646824,4.0,1.1424
2026-02-03,v6a_hit_an,90,hist_hit_an,non_event,138.0,42.0,100.84469755222213,6.0,1.7136
2026-02-03,v8_dynamic,90,c1,non_event,196.0,40.0,99.83289744016498,6.0,1.7136
2026-02-03,v8_dynamic,90,c2,non_event,102.0,38.0,99.96778185721172,3.0,0.8568
2026-02-03,v8_dynamic,90,c3,non_event,386.0,38.0,103.07464464691273,8.0,2.2848
2026-02-03,v8_dynamic,90,c4,non_event,856.0,38.0,105.07783963731137,10.0,2.856
2026-02-03,v8_dynamic,90,c5,non_event,456.0,36.0,102.0144018359267,9.0,2.5704
2026-02-03,v8_dynamic,90,c6,non_event,378.0,34.0,101.12322443569606,7.0,1.9992
2026-02-03,v8_dynamic,90,hist_diff,non_event,306.0,38.0,99.0399827717778,8.0,2.2848
2026-02-03,v8_dynamic,90,hist_payout,non_event,510.0,44.0,105.3705818012187,8.0,2.2848
2026-02-03,v8_dynamic,90,hist_winrate,non_event,488.0,48.0,100.13949954884121,4.0,1.1424
2026-02-03,v8_dynamic,90,hist_hit_an,non_event,162.0,44.0,102.90656489057251,6.0,1.7136
2026-02-04,v6a_hit_an,90,c1,non_event,-460.0,30.0,91.5397418042425,3.0,0.8568
2026-02-04,v6a_hit_an,90,c2,non_event,182.0,42.0,99.66367087968742,5.0,1.428
2026-02-04,v6a_hit_an,90,c3,non_event,232.0,40.0,97.42512520301572,3.0,0.8568
2026-02-04,v6a_hit_an,90,c4,non_event,276.0,40.0,96.36017955887354,3.0,0.8568
2026-02-04,v6a_hit_an,90,c5,non_event,-486.0,32.0,91.48328206002385,2.0,0.5712
2026-02-04,v6a_hit_an,90,c6,non_event,-402.0,28.000000000000004,93.44005866513893,4.0,1.1424
2026-02-04,v6a_hit_an,90,hist_diff,non_event,304.0,50.0,98.17164204063909,5.0,1.428
2026-02-04,v6a_hit_an,90,hist_payout,non_event,-82.0,36.0,99.205553844891,5.0,1.428
2026-02-04,v6a_hit_an,90,hist_winrate,non_event,324.0,54.0,99.60179087805929,4.0,1.1424
2026-02-04,v6a_hit_an,90,hist_hit_an,non_event,-34.0,38.0,99.91470140747695,4.0,1.1424
2026-02-04,v8_dynamic,90,c1,non_event,-598.0,28.000000000000004,90.14803817015554,2.0,0.5712
2026-02-04,v8_dynamic,90,c2,non_event,108.0,40.0,99.22266148776855,4.0,1.1424
2026-02-04,v8_dynamic,90,c3,non_event,126.0,38.0,95.5664666730734,3.0,0.8568
2026-02-04,v8_dynamic,90,c4,non_event,314.0,40.0,96.24734648852639,3.0,0.8568
2026-02-04,v8_dynamic,90,c5,non_event,-412.0,30.0,91.37084835579947,2.0,0.5712
2026-02-04,v8_dynamic,90,c6,non_event,-308.0,30.0,95.79832828745177,4.0,1.1424
2026-02-04,v8_dynamic,90,hist_diff,non_event,304.0,50.0,98.17164204063909,5.0,1.428
2026-02-04,v8_dynamic,90,hist_payout,non_event,-82.0,36.0,99.205553844891,5.0,1.428
2026-02-04,v8_dynamic,90,hist_winrate,non_event,446.0,57.99999999999999,100.65464869569315,4.0,1.1424
2026-02-04,v8_dynamic,90,hist_hit_an,non_event,26.0,40.0,100.37849169740498,4.0,1.1424
2026-02-05,v6a_hit_an,90,c1,non_event,-30.0,30.0,96.82187825838577,3.0,0.8568
2026-02-05,v6a_hit_an,90,c2,non_event,-208.0,36.0,95.94267274297545,1.0,0.2856
2026-02-05,v6a_hit_an,90,c3,non_event,570.0,48.0,105.17760405210399,7.0,1.9992
2026-02-05,v6a_hit_an,90,c4,non_event,698.0,44.0,105.09797546044791,5.0,1.428
2026-02-05,v6a_hit_an,90,c5,non_event,20.0,34.0,99.860670232789,5.0,1.428
2026-02-05,v6a_hit_an,90,c6,non_event,174.0,44.0,97.81985173840636,3.0,0.8568
2026-02-05,v6a_hit_an,90,hist_diff,non_event,92.0,42.0,99.87368680363092,5.0,1.428
2026-02-05,v6a_hit_an,90,hist_payout,non_event,10.0,40.0,98.47037546889463,4.0,1.1424
2026-02-05,v6a_hit_an,90,hist_winrate,non_event,-184.0,44.0,95.2848712140916,0.0,0.0
2026-02-05,v6a_hit_an,90,hist_hit_an,non_event,174.0,38.0,98.19366747147613,4.0,1.1424
2026-02-05,v8_dynamic,90,c1,non_event,212.0,34.0,98.81669446661172,3.0,0.8568
2026-02-05,v8_dynamic,90,c2,non_event,-248.0,34.0,95.62261247067556,1.0,0.2856
2026-02-05,v8_dynamic,90,c3,non_event,560.0,48.0,105.03598036640311,7.0,1.9992
2026-02-05,v8_dynamic,90,c4,non_event,692.0,44.0,105.47198601073745,5.0,1.428
2026-02-05,v8_dynamic,90,c5,non_event,340.0,36.0,102.99711022157669,6.0,1.7136
2026-02-05,v8_dynamic,90,c6,non_event,164.0,44.0,99.21377967238372,4.0,1.1424
2026-02-05,v8_dynamic,90,hist_diff,non_event,92.0,42.0,99.8736868036309,5.0,1.428
2026-02-05,v8_dynamic,90,hist_payout,non_event,10.0,40.0,98.47037546889463,4.0,1.1424
2026-02-05,v8_dynamic,90,hist_winrate,non_event,-124.0,46.0,96.67080491861208,0.0,0.0
2026-02-05,v8_dynamic,90,hist_hit_an,non_event,-8.0,36.0,96.48214047485222,4.0,1.1424
2026-02-06,v6a_hit_an,90,c1,non_event,380.0,42.0,99.534048294735,6.0,1.7136
2026-02-06,v6a_hit_an,90,c2,non_event,524.0,48.0,106.75012671251768,5.0,1.428
2026-02-06,v6a_hit_an,90,c3,non_event,222.0,40.0,107.62944017546911,5.0,1.428
2026-02-06,v6a_hit_an,90,c4,non_event,728.0,40.0,105.21301109848876,7.0,1.9992
2026-02-06,v6a_hit_an,90,c5,non_event,484.0,42.0,109.04547504630864,7.0,1.9992
2026-02-06,v6a_hit_an,90,c6,non_event,552.0,50.0,106.1099021682655,5.0,1.428
2026-02-06,v6a_hit_an,90,hist_diff,non_event,-222.0,26.0,94.15592346735171,3.0,0.8568
2026-02-06,v6a_hit_an,90,hist_payout,non_event,-106.0,28.000000000000004,97.22981311163005,6.0,1.7136
2026-02-06,v6a_hit_an,90,hist_winrate,non_event,522.0,42.0,101.63220049548467,6.0,1.7136
2026-02-06,v6a_hit_an,90,hist_hit_an,non_event,212.0,30.0,97.53587048359846,7.0,1.9992
2026-02-06,v8_dynamic,90,c1,non_event,432.0,42.0,100.22491730781671,6.0,1.7136
2026-02-06,v8_dynamic,90,c2,non_event,414.0,44.0,105.7514219016222,5.0,1.428
2026-02-06,v8_dynamic,90,c3,non_event,284.0,42.0,108.07871583791815,6.0,1.7136
2026-02-06,v8_dynamic,90,c4,non_event,720.0,40.0,105.27113319593323,7.0,1.9992
2026-02-06,v8_dynamic,90,c5,non_event,242.0,40.0,107.21606626786951,6.0,1.7136
2026-02-06,v8_dynamic,90,c6,non_event,278.0,46.0,103.09938162567023,5.0,1.428
2026-02-06,v8_dynamic,90,hist_diff,non_event,-222.0,26.0,94.15592346735171,3.0,0.8568
2026-02-06,v8_dynamic,90,hist_payout,non_event,-106.0,28.000000000000004,97.22981311163005,6.0,1.7136
2026-02-06,v8_dynamic,90,hist_winrate,non_event,476.0,40.0,101.1926395531304,6.0,1.7136
2026-02-06,v8_dynamic,90,hist_hit_an,non_event,322.0,32.0,98.46764220379193,7.0,1.9992
2026-02-07,v6a_hit_an,90,c1,event,432.0,54.0,103.57983668047875,2.0,0.5712
2026-02-07,v6a_hit_an,90,c2,event,-70.0,38.0,100.26108132960242,4.0,1.1424
2026-02-07,v6a_hit_an,90,c3,event,-688.0,32.0,96.2855633079546,2.0,0.5712
2026-02-07,v6a_hit_an,90,c4,event,130.0,46.0,101.99598543464772,4.0,1.1424
2026-02-07,v6a_hit_an,90,c5,event,-86.0,46.0,100.43035086735426,2.0,0.5712
2026-02-07,v6a_hit_an,90,c6,event,264.0,44.0,102.38654287965971,4.0,1.1424
2026-02-07,v6a_hit_an,90,hist_diff,event,572.0,54.0,106.68598942153163,4.0,1.1424
2026-02-07,v6a_hit_an,90,hist_payout,event,540.0,52.0,105.4584024963572,6.0,1.7136
2026-02-07,v6a_hit_an,90,hist_winrate,event,-70.0,46.0,100.6885505470248,0.0,0.0
2026-02-07,v6a_hit_an,90,hist_hit_an,event,934.0,60.0,108.89570503003004,5.0,1.428
2026-02-07,v8_dynamic,90,c1,event,432.0,54.0,103.57983668047876,2.0,0.5712
2026-02-07,v8_dynamic,90,c2,event,66.0,42.0,101.16496496459284,4.0,1.1424
2026-02-07,v8_dynamic,90,c3,event,-568.0,34.0,97.16837063525543,3.0,0.8568
2026-02-07,v8_dynamic,90,c4,event,124.0,46.0,101.91943888232065,4.0,1.1424
2026-02-07,v8_dynamic,90,c5,event,-498.0,38.0,97.62867269794091,1.0,0.2856
2026-02-07,v8_dynamic,90,c6,event,336.0,40.0,103.04091925326792,2.0,0.5712
2026-02-07,v8_dynamic,90,hist_diff,event,572.0,54.0,106.68598942153164,4.0,1.1424
2026-02-07,v8_dynamic,90,hist_payout,event,540.0,52.0,105.4584024963572,6.0,1.7136
2026-02-07,v8_dynamic,90,hist_winrate,event,18.0,48.0,101.0928028985033,0.0,0.0
2026-02-07,v8_dynamic,90,hist_hit_an,event,670.0,57.99999999999999,107.19976053862247,4.0,1.1424
2026-02-08,v6a_hit_an,90,c1,non_event,206.0,32.0,99.16248649003586,8.0,2.2848
2026-02-08,v6a_hit_an,90,c2,non_event,412.0,56.00000000000001,101.1910377793419,4.0,1.1424
2026-02-08,v6a_hit_an,90,c3,non_event,520.0,38.0,102.1130046027699,7.0,1.9992
2026-02-08,v6a_hit_an,90,c4,non_event,170.0,36.0,101.0887422759977,6.0,1.7136
2026-02-08,v6a_hit_an,90,c5,non_event,-164.0,26.0,97.31826210400818,6.0,1.7136
2026-02-08,v6a_hit_an,90,c6,non_event,226.0,46.0,102.76783360029508,3.0,0.8568
2026-02-08,v6a_hit_an,90,hist_diff,non_event,-38.0,38.0,98.94498859191356,6.0,1.7136
2026-02-08,v6a_hit_an,90,hist_payout,non_event,-20.0,40.0,102.55915726391412,5.0,1.428
2026-02-08,v6a_hit_an,90,hist_winrate,non_event,-124.0,42.0,97.82954396129695,1.0,0.2856
2026-02-08,v6a_hit_an,90,hist_hit_an,non_event,186.0,42.0,102.1633294829911,7.0,1.9992
2026-02-08,v8_dynamic,90,c1,non_event,198.0,32.0,98.9155134225646,8.0,2.2848
2026-02-08,v8_dynamic,90,c2,non_event,510.0,57.99999999999999,101.57489253505851,4.0,1.1424
2026-02-08,v8_dynamic,90,c3,non_event,642.0,38.0,103.37063577796523,8.0,2.2848
2026-02-08,v8_dynamic,90,c4,non_event,546.0,44.0,104.12174233054702,6.0,1.7136
2026-02-08,v8_dynamic,90,c5,non_event,-164.0,26.0,97.31826210400821,6.0,1.7136
2026-02-08,v8_dynamic,90,c6,non_event,-276.0,38.0,95.63443053635586,2.0,0.5712
2026-02-08,v8_dynamic,90,hist_diff,non_event,-38.0,38.0,98.94498859191356,6.0,1.7136
2026-02-08,v8_dynamic,90,hist_payout,non_event,-20.0,40.0,102.55915726391412,5.0,1.428
2026-02-08,v8_dynamic,90,hist_winrate,non_event,-124.0,42.0,97.82954396129696,1.0,0.2856
2026-02-08,v8_dynamic,90,hist_hit_an,non_event,28.0,42.0,100.61642623857092,6.0,1.7136
2026-02-09,v6a_hit_an,90,c1,non_event,528.0,40.0,106.98396064675167,8.0,2.2848
2026-02-09,v6a_hit_an,90,c2,non_event,376.0,34.0,100.3280127205513,4.0,1.1424
2026-02-09,v6a_hit_an,90,c3,non_event,-192.0,30.0,98.91817799270004,3.0,0.8568
2026-02-09,v6a_hit_an,90,c4,non_event,664.0,40.0,110.55557143504626,8.0,2.2848
2026-02-09,v6a_hit_an,90,c5,non_event,-48.0,32.0,96.07500720847405,3.0,0.8568
2026-02-09,v6a_hit_an,90,c6,non_event,-246.0,28.000000000000004,92.18096699084462,2.0,0.5712
2026-02-09,v6a_hit_an,90,hist_diff,non_event,296.0,32.0,98.19465628678468,6.0,1.7136
2026-02-09,v6a_hit_an,90,hist_payout,non_event,-32.0,34.0,96.06559239875168,4.0,1.1424
2026-02-09,v6a_hit_an,90,hist_winrate,non_event,-152.0,32.0,94.28168611690973,3.0,0.8568
2026-02-09,v6a_hit_an,90,hist_hit_an,non_event,170.0,40.0,96.34362365491225,8.0,2.2848
2026-02-09,v8_dynamic,90,c1,non_event,528.0,40.0,106.9839606467517,8.0,2.2848
2026-02-09,v8_dynamic,90,c2,non_event,458.0,36.0,101.88907065215102,4.0,1.1424
2026-02-09,v8_dynamic,90,c3,non_event,-108.0,32.0,99.66774593241166,4.0,1.1424
2026-02-09,v8_dynamic,90,c4,non_event,648.0,40.0,110.59433068001292,8.0,2.2848
2026-02-09,v8_dynamic,90,c5,non_event,-228.0,28.000000000000004,96.21916471283154,3.0,0.8568
2026-02-09,v8_dynamic,90,c6,non_event,-428.0,28.000000000000004,92.58869932064553,1.0,0.2856
2026-02-09,v8_dynamic,90,hist_diff,non_event,340.0,34.0,98.79761460111128,6.0,1.7136
2026-02-09,v8_dynamic,90,hist_payout,non_event,-32.0,34.0,96.06559239875168,4.0,1.1424
2026-02-09,v8_dynamic,90,hist_winrate,non_event,-100.0,32.0,94.65301605939248,3.0,0.8568
2026-02-09,v8_dynamic,90,hist_hit_an,non_event,150.0,40.0,96.45275535399755,8.0,2.2848
2026-02-10,v6a_hit_an,90,c1,non_event,978.0,42.0,105.45841226535529,6.0,1.7136
2026-02-10,v6a_hit_an,90,c2,non_event,336.0,40.0,100.84066902553418,3.0,0.8568
2026-02-10,v6a_hit_an,90,c3,non_event,38.0,34.0,98.98111246728539,4.0,1.1424
2026-02-10,v6a_hit_an,90,c4,non_event,316.0,44.0,97.92457905462156,5.0,1.428
2026-02-10,v6a_hit_an,90,c5,non_event,360.0,38.0,98.20037501243321,5.0,1.428
2026-02-10,v6a_hit_an,90,c6,non_event,-338.0,30.0,93.16325072693306,3.0,0.8568
2026-02-10,v6a_hit_an,90,hist_diff,non_event,196.0,42.0,99.87131464005616,3.0,0.8568
2026-02-10,v6a_hit_an,90,hist_payout,non_event,-126.0,36.0,98.08360660780872,2.0,0.5712
2026-02-10,v6a_hit_an,90,hist_winrate,non_event,-4.0,38.0,96.9355128988323,2.0,0.5712
2026-02-10,v6a_hit_an,90,hist_hit_an,non_event,-20.0,36.0,96.50598416026698,2.0,0.5712
2026-02-10,v8_dynamic,90,c1,non_event,936.0,40.0,104.87630704957455,6.0,1.7136
2026-02-10,v8_dynamic,90,c2,non_event,226.0,38.0,99.48516143593687,3.0,0.8568
2026-02-10,v8_dynamic,90,c3,non_event,-14.0,32.0,95.91351152550449,4.0,1.1424
2026-02-10,v8_dynamic,90,c4,non_event,290.0,42.0,97.7870733960104,5.0,1.428
2026-02-10,v8_dynamic,90,c5,non_event,394.0,38.0,98.87421712573008,5.0,1.428
2026-02-10,v8_dynamic,90,c6,non_event,-68.0,32.0,95.84322822425358,5.0,1.428
2026-02-10,v8_dynamic,90,hist_diff,non_event,196.0,42.0,99.87131464005616,3.0,0.8568
2026-02-10,v8_dynamic,90,hist_payout,non_event,-126.0,36.0,98.08360660780872,2.0,0.5712
2026-02-10,v8_dynamic,90,hist_winrate,non_event,248.0,44.0,99.19724138669349,3.0,0.8568
2026-02-10,v8_dynamic,90,hist_hit_an,non_event,-6.0,34.0,96.98296141365377,2.0,0.5712
2026-02-11,v6a_hit_an,90,c1,event,188.0,34.0,103.64437394520095,5.0,1.428
2026-02-11,v6a_hit_an,90,c2,event,506.0,44.0,102.6792890257384,5.0,1.428
2026-02-11,v6a_hit_an,90,c3,event,348.0,44.0,101.25184246684552,5.0,1.428
2026-02-11,v6a_hit_an,90,c4,event,160.0,40.0,100.42718032176292,5.0,1.428
2026-02-11,v6a_hit_an,90,c5,event,216.0,42.0,100.23480498312729,5.0,1.428
2026-02-11,v6a_hit_an,90,c6,event,-228.0,38.0,97.36461993420212,7.0,1.9992
2026-02-11,v6a_hit_an,90,hist_diff,event,-298.0,34.0,100.04302277507992,3.0,0.8568
2026-02-11,v6a_hit_an,90,hist_payout,event,-908.0,28.000000000000004,92.7496140694536,2.0,0.5712
2026-02-11,v6a_hit_an,90,hist_winrate,event,-336.0,40.0,96.23844472908223,1.0,0.2856
2026-02-11,v6a_hit_an,90,hist_hit_an,event,-810.0,36.0,92.39654771234026,2.0,0.5712
2026-02-11,v8_dynamic,90,c1,event,188.0,34.0,103.64437394520093,5.0,1.428
2026-02-11,v8_dynamic,90,c2,event,358.0,44.0,102.32370555208936,4.0,1.1424
2026-02-11,v8_dynamic,90,c3,event,484.0,46.0,102.12313853463084,5.0,1.428
2026-02-11,v8_dynamic,90,c4,event,228.0,40.0,100.63372594546283,5.0,1.428
2026-02-11,v8_dynamic,90,c5,event,262.0,42.0,100.52148116072836,5.0,1.428
2026-02-11,v8_dynamic,90,c6,event,-260.0,38.0,97.22877592781494,6.0,1.7136
2026-02-11,v8_dynamic,90,hist_diff,event,-348.0,32.0,99.66767206107605,3.0,0.8568
2026-02-11,v8_dynamic,90,hist_payout,event,-908.0,28.000000000000004,92.7496140694536,2.0,0.5712
2026-02-11,v8_dynamic,90,hist_winrate,event,-336.0,40.0,96.23844472908223,1.0,0.2856
2026-02-11,v8_dynamic,90,hist_hit_an,event,-566.0,36.0,94.12351088117451,3.0,0.8568
2026-02-12,v6a_hit_an,90,c1,non_event,258.0,40.0,98.99085891395757,4.0,1.1424
2026-02-12,v6a_hit_an,90,c2,non_event,482.0,38.0,100.57835974932276,3.0,0.8568
2026-02-12,v6a_hit_an,90,c3,non_event,-88.0,32.0,97.5743142240393,5.0,1.428
2026-02-12,v6a_hit_an,90,c4,non_event,792.0,54.0,104.3787374911472,5.0,1.428
2026-02-12,v6a_hit_an,90,c5,non_event,388.0,52.0,109.76579034455422,4.0,1.1424
2026-02-12,v6a_hit_an,90,c6,non_event,14.0,30.0,99.21668349854542,3.0,0.8568
2026-02-12,v6a_hit_an,90,hist_diff,non_event,858.0,42.0,108.27255166503885,7.0,1.9992
2026-02-12,v6a_hit_an,90,hist_payout,non_event,630.0,42.0,105.74843199690903,6.0,1.7136
2026-02-12,v6a_hit_an,90,hist_winrate,non_event,750.0,42.0,113.00920363991321,4.0,1.1424
2026-02-12,v6a_hit_an,90,hist_hit_an,non_event,534.0,32.0,111.08520798160887,7.0,1.9992
2026-02-12,v8_dynamic,90,c1,non_event,264.0,42.0,99.20654344415254,4.0,1.1424
2026-02-12,v8_dynamic,90,c2,non_event,456.0,40.0,100.71630612069403,3.0,0.8568
2026-02-12,v8_dynamic,90,c3,non_event,-86.0,32.0,97.2229816978297,5.0,1.428
2026-02-12,v8_dynamic,90,c4,non_event,792.0,54.0,104.3787374911472,5.0,1.428
2026-02-12,v8_dynamic,90,c5,non_event,388.0,52.0,109.76579034455425,4.0,1.1424
2026-02-12,v8_dynamic,90,c6,non_event,-216.0,26.0,96.1495872639201,3.0,0.8568
2026-02-12,v8_dynamic,90,hist_diff,non_event,858.0,42.0,108.27255166503885,7.0,1.9992
2026-02-12,v8_dynamic,90,hist_payout,non_event,630.0,42.0,105.74843199690903,6.0,1.7136
2026-02-12,v8_dynamic,90,hist_winrate,non_event,570.0,44.0,110.92520846973062,3.0,0.8568
2026-02-12,v8_dynamic,90,hist_hit_an,non_event,438.0,30.0,110.49600354464825,7.0,1.9992
2026-02-13,v6a_hit_an,90,c1,non_event,-516.0,34.0,93.39551410228619,2.0,0.5712
2026-02-13,v6a_hit_an,90,c2,non_event,-374.0,30.0,92.64046155092716,2.0,0.5712
2026-02-13,v6a_hit_an,90,c3,non_event,416.0,40.0,101.44869158069594,5.0,1.428
2026-02-13,v6a_hit_an,90,c4,non_event,-500.0,32.0,98.28468028036376,5.0,1.428
2026-02-13,v6a_hit_an,90,c5,non_event,48.0,38.0,101.91381773740082,4.0,1.1424
2026-02-13,v6a_hit_an,90,c6,non_event,-260.0,34.0,98.98050208084761,2.0,0.5712
2026-02-13,v6a_hit_an,90,hist_diff,non_event,-330.0,38.0,98.15872180552144,2.0,0.5712
2026-02-13,v6a_hit_an,90,hist_payout,non_event,-612.0,32.0,99.10211286061406,2.0,0.5712
2026-02-13,v6a_hit_an,90,hist_winrate,non_event,184.0,44.0,97.24089611594577,5.0,1.428
2026-02-13,v6a_hit_an,90,hist_hit_an,non_event,-484.0,26.0,95.84618065531436,3.0,0.8568
2026-02-13,v8_dynamic,90,c1,non_event,-546.0,34.0,93.07993893220258,2.0,0.5712
2026-02-13,v8_dynamic,90,c2,non_event,-294.0,32.0,93.34911705696219,2.0,0.5712
2026-02-13,v8_dynamic,90,c3,non_event,404.0,40.0,101.38377485573982,5.0,1.428
2026-02-13,v8_dynamic,90,c4,non_event,-614.0,30.0,97.12288127223181,4.0,1.1424
2026-02-13,v8_dynamic,90,c5,non_event,20.0,38.0,100.30295143392073,4.0,1.1424
2026-02-13,v8_dynamic,90,c6,non_event,-230.0,34.0,98.29572200523417,2.0,0.5712
2026-02-13,v8_dynamic,90,hist_diff,non_event,-330.0,38.0,98.15872180552144,2.0,0.5712
2026-02-13,v8_dynamic,90,hist_payout,non_event,-612.0,32.0,99.10211286061406,2.0,0.5712
2026-02-13,v8_dynamic,90,hist_winrate,non_event,166.0,42.0,97.97385707913651,5.0,1.428
2026-02-13,v8_dynamic,90,hist_hit_an,non_event,-476.0,26.0,96.09040949439097,3.0,0.8568
2026-02-14,v6a_hit_an,90,c1,non_event,334.0,46.0,101.8890396584602,3.0,0.8568
2026-02-14,v6a_hit_an,90,c2,non_event,290.0,46.0,99.53735137973628,4.0,1.1424
2026-02-14,v6a_hit_an,90,c3,non_event,1080.0,56.00000000000001,108.64814604246334,10.0,2.856
2026-02-14,v6a_hit_an,90,c4,non_event,-228.0,38.0,98.26771312806646,2.0,0.5712
2026-02-14,v6a_hit_an,90,c5,non_event,178.0,42.0,98.56287756599268,5.0,1.428
2026-02-14,v6a_hit_an,90,c6,non_event,-46.0,34.0,98.55529645026746,4.0,1.1424
2026-02-14,v6a_hit_an,90,hist_diff,non_event,128.0,40.0,100.98724245388023,5.0,1.428
2026-02-14,v6a_hit_an,90,hist_payout,non_event,-258.0,32.0,97.4585411201469,4.0,1.1424
2026-02-14,v6a_hit_an,90,hist_winrate,non_event,328.0,46.0,101.43444451659018,3.0,0.8568
2026-02-14,v6a_hit_an,90,hist_hit_an,non_event,-640.0,34.0,92.25111404437348,2.0,0.5712
2026-02-14,v8_dynamic,90,c1,non_event,314.0,46.0,101.71519780397426,3.0,0.8568
2026-02-14,v8_dynamic,90,c2,non_event,146.0,44.0,98.89493714169646,4.0,1.1424
2026-02-14,v8_dynamic,90,c3,non_event,994.0,54.0,107.74642442342586,10.0,2.856
2026-02-14,v8_dynamic,90,c4,non_event,-228.0,38.0,98.26771312806646,2.0,0.5712
2026-02-14,v8_dynamic,90,c5,non_event,178.0,42.0,98.56287756599266,5.0,1.428
2026-02-14,v8_dynamic,90,c6,non_event,356.0,38.0,103.54797118665374,6.0,1.7136
2026-02-14,v8_dynamic,90,hist_diff,non_event,128.0,40.0,100.98724245388024,5.0,1.428
2026-02-14,v8_dynamic,90,hist_payout,non_event,-258.0,32.0,97.4585411201469,4.0,1.1424
2026-02-14,v8_dynamic,90,hist_winrate,non_event,624.0,50.0,103.34321344859022,4.0,1.1424
2026-02-14,v8_dynamic,90,hist_hit_an,non_event,-640.0,34.0,92.25111404437348,2.0,0.5712
2026-02-15,v6a_hit_an,90,c1,non_event,272.0,40.0,99.67415649028979,6.0,1.7136
2026-02-15,v6a_hit_an,90,c2,non_event,370.0,40.0,100.47084070381248,6.0,1.7136
2026-02-15,v6a_hit_an,90,c3,non_event,368.0,46.0,103.01836355224806,5.0,1.428
2026-02-15,v6a_hit_an,90,c4,non_event,128.0,38.0,99.74296810686288,5.0,1.428
2026-02-15,v6a_hit_an,90,c5,non_event,-506.0,32.0,96.51794157891796,4.0,1.1424
2026-02-15,v6a_hit_an,90,c6,non_event,-196.0,36.0,96.80353253161684,4.0,1.1424
2026-02-15,v6a_hit_an,90,hist_diff,non_event,810.0,48.0,105.32858159844609,10.0,2.856
2026-02-15,v6a_hit_an,90,hist_payout,non_event,1026.0,57.99999999999999,109.21414177104054,8.0,2.2848
2026-02-15,v6a_hit_an,90,hist_winrate,non_event,744.0,52.0,104.33688617641788,3.0,0.8568
2026-02-15,v6a_hit_an,90,hist_hit_an,non_event,860.0,56.00000000000001,107.53086070029802,7.0,1.9992
2026-02-15,v8_dynamic,90,c1,non_event,272.0,40.0,99.67415649028979,6.0,1.7136
2026-02-15,v8_dynamic,90,c2,non_event,66.0,36.0,98.00250533997244,5.0,1.428
2026-02-15,v8_dynamic,90,c3,non_event,418.0,46.0,103.94347451798644,6.0,1.7136
2026-02-15,v8_dynamic,90,c4,non_event,128.0,38.0,99.74296810686288,5.0,1.428
2026-02-15,v8_dynamic,90,c5,non_event,-506.0,32.0,96.51794157891796,4.0,1.1424
2026-02-15,v8_dynamic,90,c6,non_event,6.0,38.0,98.46992736604265,4.0,1.1424
2026-02-15,v8_dynamic,90,hist_diff,non_event,810.0,48.0,105.32858159844609,10.0,2.856
2026-02-15,v8_dynamic,90,hist_payout,non_event,1026.0,57.99999999999999,109.21414177104054,8.0,2.2848
2026-02-15,v8_dynamic,90,hist_winrate,non_event,814.0,54.0,104.74269126187897,3.0,0.8568
2026-02-15,v8_dynamic,90,hist_hit_an,non_event,984.0,57.99999999999999,107.93311885186402,7.0,1.9992
2026-02-16,v6a_hit_an,90,c1,non_event,140.0,36.0,96.78546998113212,5.0,1.428
2026-02-16,v6a_hit_an,90,c2,non_event,64.0,40.0,94.39525111570006,4.0,1.1424
2026-02-16,v6a_hit_an,90,c3,non_event,256.0,38.0,101.11714399054036,6.0,1.7136
2026-02-16,v6a_hit_an,90,c4,non_event,74.0,32.0,103.75189064129984,4.0,1.1424
2026-02-16,v6a_hit_an,90,c5,non_event,-188.0,32.0,94.83519449463493,3.0,0.8568
2026-02-16,v6a_hit_an,90,c6,non_event,238.0,30.0,97.30640235379535,5.0,1.428
2026-02-16,v6a_hit_an,90,hist_diff,non_event,-480.0,32.0,90.35209687064591,2.0,0.5712
2026-02-16,v6a_hit_an,90,hist_payout,non_event,-204.0,36.0,94.27207173450122,3.0,0.8568
2026-02-16,v6a_hit_an,90,hist_winrate,non_event,312.0,36.0,107.6084480224819,2.0,0.5712
2026-02-16,v6a_hit_an,90,hist_hit_an,non_event,22.0,36.0,110.9617313624727,4.0,1.1424
2026-02-16,v8_dynamic,90,c1,non_event,140.0,36.0,96.7854699811321,5.0,1.428
2026-02-16,v8_dynamic,90,c2,non_event,-46.0,36.0,93.31479322785952,4.0,1.1424
2026-02-16,v8_dynamic,90,c3,non_event,268.0,40.0,101.62268523717712,6.0,1.7136
2026-02-16,v8_dynamic,90,c4,non_event,140.0,36.0,104.98926513518056,4.0,1.1424
2026-02-16,v8_dynamic,90,c5,non_event,-188.0,32.0,94.83519449463496,3.0,0.8568
2026-02-16,v8_dynamic,90,c6,non_event,500.0,36.0,101.01510577585282,7.0,1.9992
2026-02-16,v8_dynamic,90,hist_diff,non_event,-480.0,32.0,90.35209687064591,2.0,0.5712
2026-02-16,v8_dynamic,90,hist_payout,non_event,-204.0,36.0,94.27207173450122,3.0,0.8568
2026-02-16,v8_dynamic,90,hist_winrate,non_event,234.0,34.0,105.73523641323544,2.0,0.5712
2026-02-16,v8_dynamic,90,hist_hit_an,non_event,40.0,36.0,111.78590718664853,4.0,1.1424
2026-02-17,v6a_hit_an,90,c1,event,278.0,36.0,98.15851873601025,3.0,0.8568
2026-02-17,v6a_hit_an,90,c2,event,-500.0,34.0,93.23569189442816,2.0,0.5712
2026-02-17,v6a_hit_an,90,c3,event,422.0,34.0,100.29738838134446,7.0,1.9992
2026-02-17,v6a_hit_an,90,c4,event,-104.0,32.0,97.25591494309224,4.0,1.1424
2026-02-17,v6a_hit_an,90,c5,event,388.0,40.0,102.24735521007588,7.0,1.9992
2026-02-17,v6a_hit_an,90,c6,event,196.0,38.0,100.85394785032533,7.0,1.9992
2026-02-17,v6a_hit_an,90,hist_diff,event,148.0,36.0,100.83920829728703,6.0,1.7136
2026-02-17,v6a_hit_an,90,hist_payout,event,272.0,36.0,101.91938536640816,6.0,1.7136
2026-02-17,v6a_hit_an,90,hist_winrate,event,72.0,36.0,97.65914164571124,2.0,0.5712
2026-02-17,v6a_hit_an,90,hist_hit_an,event,0.0,28.000000000000004,97.35027607501786,6.0,1.7136
2026-02-17,v8_dynamic,90,c1,event,278.0,36.0,98.15851873601025,3.0,0.8568
2026-02-17,v8_dynamic,90,c2,event,-566.0,30.0,92.58371777927267,2.0,0.5712
2026-02-17,v8_dynamic,90,c3,event,228.0,30.0,98.5987925294361,7.0,1.9992
2026-02-17,v8_dynamic,90,c4,event,-18.0,32.0,97.9889417305889,4.0,1.1424
2026-02-17,v8_dynamic,90,c5,event,266.0,40.0,101.61969081692604,6.0,1.7136
2026-02-17,v8_dynamic,90,c6,event,-306.0,30.0,96.35781835756553,5.0,1.428
2026-02-17,v8_dynamic,90,hist_diff,event,148.0,36.0,100.83920829728703,6.0,1.7136
2026-02-17,v8_dynamic,90,hist_payout,event,272.0,36.0,101.91938536640816,6.0,1.7136
2026-02-17,v8_dynamic,90,hist_winrate,event,158.0,38.0,98.67215264992892,2.0,0.5712
2026-02-17,v8_dynamic,90,hist_hit_an,event,6.0,30.0,97.33252916139475,6.0,1.7136
2026-02-18,v6a_hit_an,90,c1,non_event,352.0,42.0,104.05312746487385,5.0,1.428
2026-02-18,v6a_hit_an,90,c2,non_event,-158.0,48.0,98.08978442336938,2.0,0.5712
2026-02-18,v6a_hit_an,90,c3,non_event,-978.0,26.0,89.52421734484643,2.0,0.5712
2026-02-18,v6a_hit_an,90,c4,non_event,-344.0,34.0,97.01397992001979,4.0,1.1424
2026-02-18,v6a_hit_an,90,c5,non_event,-42.0,38.0,97.65522344329489,4.0,1.1424
2026-02-18,v6a_hit_an,90,c6,non_event,260.0,40.0,100.6325194149721,7.0,1.9992
2026-02-18,v6a_hit_an,90,hist_diff,non_event,-172.0,36.0,96.3249335898759,4.0,1.1424
2026-02-18,v6a_hit_an,90,hist_payout,non_event,-4.0,40.0,98.03246996911128,3.0,0.8568
2026-02-18,v6a_hit_an,90,hist_winrate,non_event,314.0,48.0,99.73265075152577,3.0,0.8568
2026-02-18,v6a_hit_an,90,hist_hit_an,non_event,638.0,46.0,106.57547892450492,6.0,1.7136
2026-02-18,v8_dynamic,90,c1,non_event,322.0,40.0,103.77297392262808,5.0,1.428
2026-02-18,v8_dynamic,90,c2,non_event,-252.0,44.0,96.70268217557948,2.0,0.5712
2026-02-18,v8_dynamic,90,c3,non_event,-1010.0,24.0,88.81614097447485,2.0,0.5712
2026-02-18,v8_dynamic,90,c4,non_event,-364.0,34.0,97.19664218436432,4.0,1.1424
2026-02-18,v8_dynamic,90,c5,non_event,-438.0,34.0,93.23655664490266,2.0,0.5712
2026-02-18,v8_dynamic,90,c6,non_event,-446.0,32.0,95.18256943702616,4.0,1.1424
2026-02-18,v8_dynamic,90,hist_diff,non_event,-172.0,36.0,96.32493358987588,4.0,1.1424
2026-02-18,v8_dynamic,90,hist_payout,non_event,-4.0,40.0,98.03246996911128,3.0,0.8568
2026-02-18,v8_dynamic,90,hist_winrate,non_event,314.0,48.0,100.12031194945503,3.0,0.8568
2026-02-18,v8_dynamic,90,hist_hit_an,non_event,738.0,50.0,107.31328585807034,6.0,1.7136
2026-02-19,v6a_hit_an,90,c1,non_event,178.0,30.0,97.694888168123,3.0,0.8568
2026-02-19,v6a_hit_an,90,c2,non_event,316.0,28.000000000000004,97.98142492120465,5.0,1.428
2026-02-19,v6a_hit_an,90,c3,non_event,1250.0,42.0,120.51287550082107,9.0,2.5704
2026-02-19,v6a_hit_an,90,c4,non_event,-110.0,30.0,93.55709199895712,3.0,0.8568
2026-02-19,v6a_hit_an,90,c5,non_event,724.0,34.0,101.20171842320113,8.0,2.2848
2026-02-19,v6a_hit_an,90,c6,non_event,128.0,32.0,111.64265256604129,5.0,1.428
2026-02-19,v6a_hit_an,90,hist_diff,non_event,-378.0,20.0,92.26909149502082,2.0,0.5712
2026-02-19,v6a_hit_an,90,hist_payout,non_event,-614.0,22.0,90.84049308798276,1.0,0.2856
2026-02-19,v6a_hit_an,90,hist_winrate,non_event,-52.0,28.000000000000004,95.2648410840635,3.0,0.8568
2026-02-19,v6a_hit_an,90,hist_hit_an,non_event,-32.0,32.0,94.18802886369758,4.0,1.1424
2026-02-19,v8_dynamic,90,c1,non_event,346.0,32.0,98.46198548277948,4.0,1.1424
2026-02-19,v8_dynamic,90,c2,non_event,380.0,30.0,98.55415223029317,5.0,1.428
2026-02-19,v8_dynamic,90,c3,non_event,1268.0,44.0,120.6059746343505,9.0,2.5704
2026-02-19,v8_dynamic,90,c4,non_event,-110.0,30.0,93.55709199895713,3.0,0.8568
2026-02-19,v8_dynamic,90,c5,non_event,838.0,38.0,102.75578131429145,8.0,2.2848
2026-02-19,v8_dynamic,90,c6,non_event,252.0,36.0,112.44660252115996,4.0,1.1424
2026-02-19,v8_dynamic,90,hist_diff,non_event,-378.0,20.0,92.26909149502082,2.0,0.5712
2026-02-19,v8_dynamic,90,hist_payout,non_event,-614.0,22.0,90.84049308798276,1.0,0.2856
2026-02-19,v8_dynamic,90,hist_winrate,non_event,-62.0,28.000000000000004,94.93919111329937,3.0,0.8568
2026-02-19,v8_dynamic,90,hist_hit_an,non_event,-44.0,34.0,95.15034046418329,4.0,1.1424
2026-02-20,v6a_hit_an,90,c1,non_event,-34.0,36.0,93.42654204942586,3.0,0.8568
2026-02-20,v6a_hit_an,90,c2,non_event,-164.0,34.0,101.57766777318955,4.0,1.1424
2026-02-20,v6a_hit_an,90,c3,non_event,-216.0,36.0,95.3838374285523,4.0,1.1424
2026-02-20,v6a_hit_an,90,c4,non_event,700.0,38.0,104.38835795654435,8.0,2.2848
2026-02-20,v6a_hit_an,90,c5,non_event,-518.0,28.000000000000004,90.88084388892732,2.0,0.5712
2026-02-20,v6a_hit_an,90,c6,non_event,-280.0,28.000000000000004,99.72915868022933,6.0,1.7136
2026-02-20,v6a_hit_an,90,hist_diff,non_event,518.0,36.0,98.01083761907773,5.0,1.428
2026-02-20,v6a_hit_an,90,hist_payout,non_event,818.0,44.0,102.27420610179306,7.0,1.9992
2026-02-20,v6a_hit_an,90,hist_winrate,non_event,432.0,42.0,102.01395623197645,3.0,0.8568
2026-02-20,v6a_hit_an,90,hist_hit_an,non_event,674.0,46.0,102.76545628283915,6.0,1.7136
2026-02-20,v8_dynamic,90,c1,non_event,-34.0,36.0,93.42654204942586,3.0,0.8568
2026-02-20,v8_dynamic,90,c2,non_event,-86.0,36.0,101.85326292931347,4.0,1.1424
2026-02-20,v8_dynamic,90,c3,non_event,-216.0,36.0,95.3838374285523,4.0,1.1424
2026-02-20,v8_dynamic,90,c4,non_event,636.0,36.0,103.42345469860976,8.0,2.2848
2026-02-20,v8_dynamic,90,c5,non_event,-490.0,30.0,91.42587032490714,2.0,0.5712
2026-02-20,v8_dynamic,90,c6,non_event,-456.0,26.0,94.3023650283214,4.0,1.1424
2026-02-20,v8_dynamic,90,hist_diff,non_event,452.0,34.0,97.50511591519935,5.0,1.428
2026-02-20,v8_dynamic,90,hist_payout,non_event,818.0,44.0,102.27420610179306,7.0,1.9992
2026-02-20,v8_dynamic,90,hist_winrate,non_event,426.0,42.0,102.99722981887808,3.0,0.8568
2026-02-20,v8_dynamic,90,hist_hit_an,non_event,756.0,50.0,104.09684550278652,6.0,1.7136
2026-02-21,v6a_hit_an,90,c1,event,-248.0,32.0,94.86303134187365,4.0,1.1424
2026-02-21,v6a_hit_an,90,c2,event,628.0,40.0,103.86563895794795,8.0,2.2848
2026-02-21,v6a_hit_an,90,c3,event,678.0,42.0,105.46886418438133,8.0,2.2848
2026-02-21,v6a_hit_an,90,c4,event,-82.0,30.0,96.94795740865374,5.0,1.428
2026-02-21,v6a_hit_an,90,c5,event,-184.0,34.0,98.45976959513068,3.0,0.8568
2026-02-21,v6a_hit_an,90,c6,event,-116.0,36.0,99.33914373991897,7.0,1.9992
2026-02-21,v6a_hit_an,90,hist_diff,event,-130.0,30.0,96.84426507976664,6.0,1.7136
2026-02-21,v6a_hit_an,90,hist_payout,event,-282.0,26.0,95.03705637831007,7.0,1.9992
2026-02-21,v6a_hit_an,90,hist_winrate,event,-496.0,20.0,94.51070206236065,1.0,0.2856
2026-02-21,v6a_hit_an,90,hist_hit_an,event,-428.0,26.0,95.60488114684937,5.0,1.428
2026-02-21,v8_dynamic,90,c1,event,-240.0,32.0,94.71023713103713,4.0,1.1424
2026-02-21,v8_dynamic,90,c2,event,354.0,38.0,100.84689617828037,7.0,1.9992
2026-02-21,v8_dynamic,90,c3,event,650.0,40.0,105.15779407846901,8.0,2.2848
2026-02-21,v8_dynamic,90,c4,event,-60.0,30.0,97.13343299623743,5.0,1.428
2026-02-21,v8_dynamic,90,c5,event,-184.0,34.0,98.45976959513068,3.0,0.8568
2026-02-21,v8_dynamic,90,c6,event,-66.0,36.0,99.17462789448278,9.0,2.5704
2026-02-21,v8_dynamic,90,hist_diff,event,-130.0,30.0,96.84426507976664,6.0,1.7136
2026-02-21,v8_dynamic,90,hist_payout,event,-282.0,26.0,95.03705637831007,7.0,1.9992
2026-02-21,v8_dynamic,90,hist_winrate,event,-372.0,22.0,95.76152708957162,1.0,0.2856
2026-02-21,v8_dynamic,90,hist_hit_an,event,-568.0,24.0,94.17436029294791,4.0,1.1424
2026-02-22,v6a_hit_an,90,c1,event,522.0,44.0,104.409770442917,3.0,0.8568
2026-02-22,v6a_hit_an,90,c2,event,148.0,44.0,99.96172690312162,2.0,0.5712
2026-02-22,v6a_hit_an,90,c3,event,894.0,44.0,108.13390229183726,5.0,1.428
2026-02-22,v6a_hit_an,90,c4,event,1348.0,44.0,111.01159045517166,7.0,1.9992
2026-02-22,v6a_hit_an,90,c5,event,382.0,38.0,105.06972909178917,7.0,1.9992
2026-02-22,v6a_hit_an,90,c6,event,1058.0,48.0,108.15235434007249,7.0,1.9992
2026-02-22,v6a_hit_an,90,hist_diff,event,-430.0,32.0,97.70526723329802,2.0,0.5712
2026-02-22,v6a_hit_an,90,hist_payout,event,-86.0,30.0,99.64665732927261,3.0,0.8568
2026-02-22,v6a_hit_an,90,hist_winrate,event,602.0,52.0,102.81906599986624,2.0,0.5712
2026-02-22,v6a_hit_an,90,hist_hit_an,event,50.0,32.0,101.7680472166678,3.0,0.8568
2026-02-22,v8_dynamic,90,c1,event,522.0,44.0,104.409770442917,3.0,0.8568
2026-02-22,v8_dynamic,90,c2,event,44.0,42.0,99.35191079203834,2.0,0.5712
2026-02-22,v8_dynamic,90,c3,event,478.0,38.0,104.52338330183643,5.0,1.428
2026-02-22,v8_dynamic,90,c4,event,874.0,40.0,107.03001780186716,5.0,1.428
2026-02-22,v8_dynamic,90,c5,event,382.0,38.0,105.06972909178917,7.0,1.9992
2026-02-22,v8_dynamic,90,c6,event,606.0,50.0,104.34691607929321,2.0,0.5712
2026-02-22,v8_dynamic,90,hist_diff,event,-430.0,32.0,97.70526723329802,2.0,0.5712
2026-02-22,v8_dynamic,90,hist_payout,event,-86.0,30.0,99.64665732927261,3.0,0.8568
2026-02-22,v8_dynamic,90,hist_winrate,event,602.0,52.0,102.81906599986625,2.0,0.5712
2026-02-22,v8_dynamic,90,hist_hit_an,event,88.0,30.0,102.35728060075994,4.0,1.1424
2026-02-23,v6a_hit_an,90,c1,non_event,424.0,48.0,101.32404437037901,8.0,2.2848
2026-02-23,v6a_hit_an,90,c2,non_event,-490.0,30.0,92.60004389650584,3.0,0.8568
2026-02-23,v6a_hit_an,90,c3,non_event,-992.0,24.0,89.40905810812606,2.0,0.5712
2026-02-23,v6a_hit_an,90,c4,non_event,-116.0,38.0,96.69803013483572,7.0,1.9992
2026-02-23,v6a_hit_an,90,c5,non_event,-450.0,32.0,94.02048293894427,4.0,1.1424
2026-02-23,v6a_hit_an,90,c6,non_event,-162.0,34.0,94.9457996568222,5.0,1.428
2026-02-23,v6a_hit_an,90,hist_diff,non_event,-158.0,34.0,97.35722089498293,7.0,1.9992
2026-02-23,v6a_hit_an,90,hist_payout,non_event,-480.0,28.000000000000004,94.61046230246063,5.0,1.428
2026-02-23,v6a_hit_an,90,hist_winrate,non_event,-288.0,40.0,96.61789409856664,3.0,0.8568
2026-02-23,v6a_hit_an,90,hist_hit_an,non_event,-94.0,32.0,98.41220081973586,9.0,2.5704
2026-02-23,v8_dynamic,90,c1,non_event,474.0,48.0,101.55895158203039,8.0,2.2848
2026-02-23,v8_dynamic,90,c2,non_event,-312.0,30.0,93.71925159542285,3.0,0.8568
2026-02-23,v8_dynamic,90,c3,non_event,-992.0,24.0,89.40905810812603,2.0,0.5712
2026-02-23,v8_dynamic,90,c4,non_event,54.0,40.0,97.93290571004573,7.0,1.9992
2026-02-23,v8_dynamic,90,c5,non_event,-524.0,30.0,93.70747114832037,4.0,1.1424
2026-02-23,v8_dynamic,90,c6,non_event,-596.0,28.000000000000004,93.12686318907481,3.0,0.8568
2026-02-23,v8_dynamic,90,hist_diff,non_event,-158.0,34.0,97.35722089498293,7.0,1.9992
2026-02-23,v8_dynamic,90,hist_payout,non_event,-480.0,28.000000000000004,94.61046230246063,5.0,1.428
2026-02-23,v8_dynamic,90,hist_winrate,non_event,-258.0,40.0,96.72284801016757,3.0,0.8568
2026-02-23,v8_dynamic,90,hist_hit_an,non_event,-176.0,32.0,97.8147941334179,8.0,2.2848
2026-02-24,v6a_hit_an,90,c1,non_event,688.0,42.0,102.81530321102461,8.0,2.2848
2026-02-24,v6a_hit_an,90,c2,non_event,564.0,46.0,103.28160670305553,4.0,1.1424
2026-02-24,v6a_hit_an,90,c3,non_event,56.0,30.0,114.65021450505108,6.0,1.7136
2026-02-24,v6a_hit_an,90,c4,non_event,-20.0,36.0,95.97245950261588,4.0,1.1424
2026-02-24,v6a_hit_an,90,c5,non_event,616.0,36.0,99.35570880765019,8.0,2.2848
2026-02-24,v6a_hit_an,90,c6,non_event,18.0,30.0,95.93419353544195,6.0,1.7136
2026-02-24,v6a_hit_an,90,hist_diff,non_event,-58.0,30.0,95.9171952160098,4.0,1.1424
2026-02-24,v6a_hit_an,90,hist_payout,non_event,40.0,36.0,114.20894062840205,5.0,1.428
2026-02-24,v6a_hit_an,90,hist_winrate,non_event,-72.0,46.0,95.3948847771768,1.0,0.2856
2026-02-24,v6a_hit_an,90,hist_hit_an,non_event,392.0,36.0,98.9625976300953,7.0,1.9992
2026-02-24,v8_dynamic,90,c1,non_event,678.0,40.0,101.81057929336573,8.0,2.2848
2026-02-24,v8_dynamic,90,c2,non_event,554.0,48.0,104.13182472225107,4.0,1.1424
2026-02-24,v8_dynamic,90,c3,non_event,216.0,30.0,115.93733826434834,7.0,1.9992
2026-02-24,v8_dynamic,90,c4,non_event,-20.0,36.0,95.97245950261586,4.0,1.1424
2026-02-24,v8_dynamic,90,c5,non_event,370.0,32.0,97.08306493222686,7.0,1.9992
2026-02-24,v8_dynamic,90,c6,non_event,-154.0,34.0,94.73175820865308,4.0,1.1424
2026-02-24,v8_dynamic,90,hist_diff,non_event,-58.0,30.0,95.9171952160098,4.0,1.1424
2026-02-24,v8_dynamic,90,hist_payout,non_event,40.0,36.0,114.20894062840205,5.0,1.428
2026-02-24,v8_dynamic,90,hist_winrate,non_event,-110.0,46.0,94.89740997376964,1.0,0.2856
2026-02-24,v8_dynamic,90,hist_hit_an,non_event,316.0,36.0,99.18435569926513,6.0,1.7136
2026-02-25,v6a_hit_an,90,c1,non_event,-96.0,32.0,93.64225616006101,2.0,0.5712
2026-02-25,v6a_hit_an,90,c2,non_event,-378.0,26.0,94.66264177364985,1.0,0.2856
2026-02-25,v6a_hit_an,90,c3,non_event,-304.0,34.0,92.9777263412194,3.0,0.8568
2026-02-25,v6a_hit_an,90,c4,non_event,-228.0,36.0,95.39146070154506,4.0,1.1424
2026-02-25,v6a_hit_an,90,c5,non_event,202.0,36.0,96.83659377685139,4.0,1.1424
2026-02-25,v6a_hit_an,90,c6,non_event,530.0,36.0,100.9826481086969,8.0,2.2848
2026-02-25,v6a_hit_an,90,hist_diff,non_event,-58.0,34.0,96.62142367971288,4.0,1.1424
2026-02-25,v6a_hit_an,90,hist_payout,non_event,-130.0,30.0,98.02869965371245,4.0,1.1424
2026-02-25,v6a_hit_an,90,hist_winrate,non_event,-360.0,26.0,94.22535846189463,1.0,0.2856
2026-02-25,v6a_hit_an,90,hist_hit_an,non_event,-602.0,24.0,96.21601372822839,4.0,1.1424
2026-02-25,v8_dynamic,90,c1,non_event,294.0,34.0,98.12811830152776,3.0,0.8568
2026-02-25,v8_dynamic,90,c2,non_event,-264.0,26.0,95.35563791023887,1.0,0.2856
2026-02-25,v8_dynamic,90,c3,non_event,-62.0,36.0,95.72780142914621,4.0,1.1424
2026-02-25,v8_dynamic,90,c4,non_event,-82.0,36.0,96.35281853661141,5.0,1.428
2026-02-25,v8_dynamic,90,c5,non_event,-8.0,36.0,95.84675971376262,3.0,0.8568
2026-02-25,v8_dynamic,90,c6,non_event,424.0,36.0,100.28298077158986,8.0,2.2848
2026-02-25,v8_dynamic,90,hist_diff,non_event,-58.0,34.0,96.62142367971288,4.0,1.1424
2026-02-25,v8_dynamic,90,hist_payout,non_event,-130.0,30.0,98.02869965371245,4.0,1.1424
2026-02-25,v8_dynamic,90,hist_winrate,non_event,-316.0,26.0,94.76449711551152,1.0,0.2856
2026-02-25,v8_dynamic,90,hist_hit_an,non_event,-636.0,20.0,94.97913659174,3.0,0.8568
2026-02-26,v6a_hit_an,90,c1,non_event,434.0,42.0,99.81079126681387,3.0,0.8568
2026-02-26,v6a_hit_an,90,c2,non_event,258.0,38.0,99.12034059459609,3.0,0.8568
2026-02-26,v6a_hit_an,90,c3,non_event,666.0,46.0,108.95732579507516,8.0,2.2848
2026-02-26,v6a_hit_an,90,c4,non_event,-52.0,34.0,100.49970383626643,3.0,0.8568
2026-02-26,v6a_hit_an,90,c5,non_event,652.0,46.0,104.44094609757869,5.0,1.428
2026-02-26,v6a_hit_an,90,c6,non_event,206.0,32.0,98.78869312565048,5.0,1.428
2026-02-26,v6a_hit_an,90,hist_diff,non_event,638.0,46.0,103.43079696724406,6.0,1.7136
2026-02-26,v6a_hit_an,90,hist_payout,non_event,46.0,32.0,99.38687768448771,6.0,1.7136
2026-02-26,v6a_hit_an,90,hist_winrate,non_event,-516.0,22.0,91.57174252463204,0.0,0.0
2026-02-26,v6a_hit_an,90,hist_hit_an,non_event,260.0,36.0,100.60397254959584,7.0,1.9992
2026-02-26,v8_dynamic,90,c1,non_event,398.0,40.0,99.39230359453806,3.0,0.8568
2026-02-26,v8_dynamic,90,c2,non_event,342.0,40.0,100.16768584341521,3.0,0.8568
2026-02-26,v8_dynamic,90,c3,non_event,610.0,44.0,107.05115718053823,8.0,2.2848
2026-02-26,v8_dynamic,90,c4,non_event,-38.0,34.0,100.90111530739365,3.0,0.8568
2026-02-26,v8_dynamic,90,c5,non_event,674.0,44.0,107.73717268886003,6.0,1.7136
2026-02-26,v8_dynamic,90,c6,non_event,10.0,28.000000000000004,100.67515805427627,4.0,1.1424
2026-02-26,v8_dynamic,90,hist_diff,non_event,638.0,46.0,103.43079696724406,6.0,1.7136
2026-02-26,v8_dynamic,90,hist_payout,non_event,46.0,32.0,99.38687768448771,6.0,1.7136
2026-02-26,v8_dynamic,90,hist_winrate,non_event,-272.0,26.0,93.76789837947582,1.0,0.2856
2026-02-26,v8_dynamic,90,hist_hit_an,non_event,206.0,36.0,101.02976450318555,7.0,1.9992
2026-02-27,v6a_hit_an,90,c1,event,110.0,34.0,98.6916822574649,5.0,1.428
2026-02-27,v6a_hit_an,90,c2,event,172.0,50.0,99.51945091375991,3.0,0.8568
2026-02-27,v6a_hit_an,90,c3,event,-24.0,40.0,100.73271970105812,5.0,1.428
2026-02-27,v6a_hit_an,90,c4,event,244.0,38.0,100.59675997849055,6.0,1.7136
2026-02-27,v6a_hit_an,90,c5,event,476.0,46.0,102.95905417034518,9.0,2.5704
2026-02-27,v6a_hit_an,90,c6,event,-482.0,36.0,95.44102923907336,4.0,1.1424
2026-02-27,v6a_hit_an,90,hist_diff,event,202.0,46.0,99.41017391664727,7.0,1.9992
2026-02-27,v6a_hit_an,90,hist_payout,event,-444.0,38.0,94.82319244066865,5.0,1.428
2026-02-27,v6a_hit_an,90,hist_winrate,event,310.0,44.0,101.80367455969062,3.0,0.8568
2026-02-27,v6a_hit_an,90,hist_hit_an,event,-358.0,42.0,98.5888396534511,3.0,0.8568
2026-02-27,v8_dynamic,90,c1,event,80.0,32.0,98.29664242723629,5.0,1.428
2026-02-27,v8_dynamic,90,c2,event,76.0,48.0,99.1117455811101,3.0,0.8568
2026-02-27,v8_dynamic,90,c3,event,158.0,42.0,102.14578867417036,6.0,1.7136
2026-02-27,v8_dynamic,90,c4,event,116.0,36.0,99.40501068811818,6.0,1.7136
2026-02-27,v8_dynamic,90,c5,event,716.0,46.0,105.48455976076069,10.0,2.856
2026-02-27,v8_dynamic,90,c6,event,-506.0,36.0,95.94520713161933,2.0,0.5712
2026-02-27,v8_dynamic,90,hist_diff,event,202.0,46.0,99.41017391664725,7.0,1.9992
2026-02-27,v8_dynamic,90,hist_payout,event,-444.0,38.0,94.82319244066865,5.0,1.428
2026-02-27,v8_dynamic,90,hist_winrate,event,312.0,46.0,101.6899834680968,3.0,0.8568
2026-02-27,v8_dynamic,90,hist_hit_an,event,-382.0,42.0,98.32352054241976,3.0,0.8568
2026-02-28,v6a_hit_an,90,c1,event,920.0,48.0,106.67810531031397,6.0,1.7136
2026-02-28,v6a_hit_an,90,c2,event,924.0,54.0,109.28559179034309,5.0,1.428
2026-02-28,v6a_hit_an,90,c3,event,242.0,36.0,102.91461749313063,5.0,1.428
2026-02-28,v6a_hit_an,90,c4,event,1986.0,62.0,118.36408608328254,9.0,2.5704
2026-02-28,v6a_hit_an,90,c5,event,798.0,44.0,106.18865650843884,5.0,1.428
2026-02-28,v6a_hit_an,90,c6,event,624.0,48.0,103.30699458293408,4.0,1.1424
2026-02-28,v6a_hit_an,90,hist_diff,event,-628.0,32.0,94.05218598354543,1.0,0.2856
2026-02-28,v6a_hit_an,90,hist_payout,event,260.0,44.0,101.05728455583659,5.0,1.428
2026-02-28,v6a_hit_an,90,hist_winrate,event,602.0,48.0,101.21034034696375,0.0,0.0
2026-02-28,v6a_hit_an,90,hist_hit_an,event,614.0,52.0,104.12059669553571,6.0,1.7136
2026-02-28,v8_dynamic,90,c1,event,1038.0,50.0,107.40469190347774,6.0,1.7136
2026-02-28,v8_dynamic,90,c2,event,792.0,54.0,108.38415106635617,5.0,1.428
2026-02-28,v8_dynamic,90,c3,event,244.0,38.0,102.94098296161457,5.0,1.428
2026-02-28,v8_dynamic,90,c4,event,1748.0,57.99999999999999,116.62214931372792,8.0,2.2848
2026-02-28,v8_dynamic,90,c5,event,554.0,44.0,104.67408206551931,4.0,1.1424
2026-02-28,v8_dynamic,90,c6,event,400.0,40.0,101.91665932730935,4.0,1.1424
2026-02-28,v8_dynamic,90,hist_diff,event,-628.0,32.0,94.05218598354543,1.0,0.2856
2026-02-28,v8_dynamic,90,hist_payout,event,260.0,44.0,101.05728455583659,5.0,1.428
2026-02-28,v8_dynamic,90,hist_winrate,event,630.0,50.0,101.48626361036291,0.0,0.0
2026-02-28,v8_dynamic,90,hist_hit_an,event,662.0,52.0,103.99896157260665,6.0,1.7136
2026-03-01,v6a_hit_an,90,c1,event,-122.0,38.0,96.60991292580569,3.0,0.8568
2026-03-01,v6a_hit_an,90,c2,event,1020.0,57.99999999999999,107.35500846866664,9.0,2.5704
2026-03-01,v6a_hit_an,90,c3,event,1350.0,68.0,106.58619403799858,3.0,0.8568
2026-03-01,v6a_hit_an,90,c4,event,68.0,44.0,102.05809266733188,5.0,1.428
2026-03-01,v6a_hit_an,90,c5,event,1162.0,66.0,106.54529489922868,5.0,1.428
2026-03-01,v6a_hit_an,90,c6,event,204.0,56.00000000000001,101.30832578987537,5.0,1.428
2026-03-01,v6a_hit_an,90,hist_diff,event,-112.0,38.0,97.50070418158903,2.0,0.5712
2026-03-01,v6a_hit_an,90,hist_payout,event,52.0,44.0,99.30175153737471,2.0,0.5712
2026-03-01,v6a_hit_an,90,hist_winrate,event,442.0,56.00000000000001,100.88182677787772,0.0,0.0
2026-03-01,v6a_hit_an,90,hist_hit_an,event,306.0,48.0,102.28524480785059,2.0,0.5712
2026-03-01,v8_dynamic,90,c1,event,-46.0,40.0,97.66648124120185,3.0,0.8568
2026-03-01,v8_dynamic,90,c2,event,992.0,57.99999999999999,105.48009518259434,9.0,2.5704
2026-03-01,v8_dynamic,90,c3,event,1262.0,66.0,106.1748731720792,3.0,0.8568
2026-03-01,v8_dynamic,90,c4,event,78.0,44.0,102.02493569563259,5.0,1.428
2026-03-01,v8_dynamic,90,c5,event,994.0,70.0,104.93179083518682,3.0,0.8568
2026-03-01,v8_dynamic,90,c6,event,78.0,52.0,99.40071609551909,5.0,1.428
2026-03-01,v8_dynamic,90,hist_diff,event,-112.0,38.0,97.50070418158903,2.0,0.5712
2026-03-01,v8_dynamic,90,hist_payout,event,52.0,44.0,99.30175153737471,2.0,0.5712
2026-03-01,v8_dynamic,90,hist_winrate,event,278.0,54.0,100.1930455223098,0.0,0.0
2026-03-01,v8_dynamic,90,hist_hit_an,event,228.0,46.0,101.59674514293985,2.0,0.5712
2026-03-02,v6a_hit_an,90,c1,non_event,-630.0,20.0,89.30603418395998,2.0,0.5712
2026-03-02,v6a_hit_an,90,c2,non_event,508.0,40.0,107.17544274550066,6.0,1.7136
2026-03-02,v6a_hit_an,90,c3,non_event,112.0,32.0,99.2264292488764,5.0,1.428
2026-03-02,v6a_hit_an,90,c4,non_event,114.0,28.000000000000004,96.45017578983443,7.0,1.9992
2026-03-02,v6a_hit_an,90,c5,non_event,-382.0,24.0,95.14753303124031,4.0,1.1424
2026-03-02,v6a_hit_an,90,c6,non_event,-132.0,34.0,101.3920984765095,4.0,1.1424
2026-03-02,v6a_hit_an,90,hist_diff,non_event,270.0,32.0,101.48890744985894,6.0,1.7136
2026-03-02,v6a_hit_an,90,hist_payout,non_event,378.0,34.0,106.55440002768782,7.0,1.9992
2026-03-02,v6a_hit_an,90,hist_winrate,non_event,178.0,42.0,98.1640929047397,3.0,0.8568
2026-03-02,v6a_hit_an,90,hist_hit_an,non_event,158.0,32.0,102.58048782009212,6.0,1.7136
2026-03-02,v8_dynamic,90,c1,non_event,-630.0,20.0,89.30603418395998,2.0,0.5712
2026-03-02,v8_dynamic,90,c2,non_event,390.0,36.0,105.97104887157084,6.0,1.7136
2026-03-02,v8_dynamic,90,c3,non_event,0.0,30.0,99.73244164309405,4.0,1.1424
2026-03-02,v8_dynamic,90,c4,non_event,268.0,30.0,97.98186392523083,8.0,2.2848
2026-03-02,v8_dynamic,90,c5,non_event,-284.0,28.000000000000004,95.83887533379894,5.0,1.428
2026-03-02,v8_dynamic,90,c6,non_event,-392.0,28.000000000000004,92.44375030599133,3.0,0.8568
2026-03-02,v8_dynamic,90,hist_diff,non_event,270.0,32.0,101.48890744985894,6.0,1.7136
2026-03-02,v8_dynamic,90,hist_payout,non_event,378.0,34.0,106.55440002768782,7.0,1.9992
2026-03-02,v8_dynamic,90,hist_winrate,non_event,300.0,44.0,99.1978559541466,4.0,1.1424
2026-03-02,v8_dynamic,90,hist_hit_an,non_event,158.0,32.0,102.58048782009212,6.0,1.7136
2026-03-03,v6a_hit_an,90,c1,non_event,1064.0,52.0,107.26781457052172,4.0,1.1424
2026-03-03,v6a_hit_an,90,c2,non_event,-212.0,34.0,95.98773095697052,2.0,0.5712
2026-03-03,v6a_hit_an,90,c3,non_event,-380.0,36.0,96.45511642054569,1.0,0.2856
2026-03-03,v6a_hit_an,90,c4,non_event,294.0,46.0,101.76572882928123,5.0,1.428
2026-03-03,v6a_hit_an,90,c5,non_event,498.0,54.0,99.8035311688551,0.0,0.0
2026-03-03,v6a_hit_an,90,c6,non_event,-300.0,26.0,99.38115485308477,2.0,0.5712
2026-03-03,v6a_hit_an,90,hist_diff,non_event,34.0,36.0,98.34612019301365,4.0,1.1424
2026-03-03,v6a_hit_an,90,hist_payout,non_event,200.0,42.0,102.50826001151316,5.0,1.428
2026-03-03,v6a_hit_an,90,hist_winrate,non_event,100.0,50.0,99.04885851728423,1.0,0.2856
2026-03-03,v6a_hit_an,90,hist_hit_an,non_event,44.0,42.0,100.20955268256102,2.0,0.5712
2026-03-03,v8_dynamic,90,c1,non_event,1184.0,54.0,108.00363745062376,4.0,1.1424
2026-03-03,v8_dynamic,90,c2,non_event,-256.0,32.0,95.50537853671402,2.0,0.5712
2026-03-03,v8_dynamic,90,c3,non_event,-320.0,34.0,96.12820390166867,2.0,0.5712
2026-03-03,v8_dynamic,90,c4,non_event,526.0,50.0,104.55360663070654,7.0,1.9992
2026-03-03,v8_dynamic,90,c5,non_event,498.0,54.0,99.8035311688551,0.0,0.0
2026-03-03,v8_dynamic,90,c6,non_event,530.0,36.0,105.3473122266051,5.0,1.428
2026-03-03,v8_dynamic,90,hist_diff,non_event,34.0,36.0,98.34612019301365,4.0,1.1424
2026-03-03,v8_dynamic,90,hist_payout,non_event,200.0,42.0,102.50826001151316,5.0,1.428
2026-03-03,v8_dynamic,90,hist_winrate,non_event,28.0,46.0,97.73395557857253,1.0,0.2856
2026-03-03,v8_dynamic,90,hist_hit_an,non_event,34.0,42.0,100.12869898618945,2.0,0.5712
2026-03-04,v6a_hit_an,90,c1,non_event,278.0,36.0,97.89972445886295,4.0,1.1424
2026-03-04,v6a_hit_an,90,c2,non_event,340.0,38.0,99.46918981746335,5.0,1.428
2026-03-04,v6a_hit_an,90,c3,non_event,132.0,28.000000000000004,97.00079466218212,4.0,1.1424
2026-03-04,v6a_hit_an,90,c4,non_event,396.0,48.0,101.09906424131096,4.0,1.1424
2026-03-04,v6a_hit_an,90,c5,non_event,84.0,32.0,95.89538552729938,1.0,0.2856
2026-03-04,v6a_hit_an,90,c6,non_event,-172.0,40.0,98.71021727354088,3.0,0.8568
2026-03-04,v6a_hit_an,90,hist_diff,non_event,810.0,48.0,106.84738745734394,5.0,1.428
2026-03-04,v6a_hit_an,90,hist_payout,non_event,560.0,44.0,103.8786813784474,5.0,1.428
2026-03-04,v6a_hit_an,90,hist_winrate,non_event,212.0,40.0,97.64824932991219,3.0,0.8568
2026-03-04,v6a_hit_an,90,hist_hit_an,non_event,90.0,44.0,98.64396241578439,6.0,1.7136
2026-03-04,v8_dynamic,90,c1,non_event,278.0,36.0,97.89972445886295,4.0,1.1424
2026-03-04,v8_dynamic,90,c2,non_event,174.0,36.0,98.39826037733565,4.0,1.1424
2026-03-04,v8_dynamic,90,c3,non_event,162.0,28.000000000000004,97.48978122223694,4.0,1.1424
2026-03-04,v8_dynamic,90,c4,non_event,186.0,48.0,99.48451246694607,3.0,0.8568
2026-03-04,v8_dynamic,90,c5,non_event,84.0,32.0,95.89538552729938,1.0,0.2856
2026-03-04,v8_dynamic,90,c6,non_event,-364.0,30.0,93.8297611041175,2.0,0.5712
2026-03-04,v8_dynamic,90,hist_diff,non_event,810.0,48.0,106.84738745734393,5.0,1.428
2026-03-04,v8_dynamic,90,hist_payout,non_event,560.0,44.0,103.8786813784474,5.0,1.428
2026-03-04,v8_dynamic,90,hist_winrate,non_event,238.0,42.0,97.94596525163273,3.0,0.8568
2026-03-04,v8_dynamic,90,hist_hit_an,non_event,124.0,44.0,99.011487302025,6.0,1.7136
2026-03-05,v6a_hit_an,90,c1,non_event,708.0,36.0,100.92156892334884,5.0,1.428
2026-03-05,v6a_hit_an,90,c2,non_event,334.0,46.0,97.41331217213751,5.0,1.428
2026-03-05,v6a_hit_an,90,c3,non_event,-28.0,40.0,99.90423869405942,3.0,0.8568
2026-03-05,v6a_hit_an,90,c4,non_event,-286.0,30.0,95.23717398121374,3.0,0.8568
2026-03-05,v6a_hit_an,90,c5,non_event,-54.0,34.0,98.37722835964986,4.0,1.1424
2026-03-05,v6a_hit_an,90,c6,non_event,390.0,38.0,98.88741352176267,4.0,1.1424
2026-03-05,v6a_hit_an,90,hist_diff,non_event,150.0,42.0,98.69973370818758,5.0,1.428
2026-03-05,v6a_hit_an,90,hist_payout,non_event,402.0,46.0,102.3591052946254,9.0,2.5704
2026-03-05,v6a_hit_an,90,hist_winrate,non_event,152.0,42.0,99.640677222409,3.0,0.8568
2026-03-05,v6a_hit_an,90,hist_hit_an,non_event,98.0,36.0,97.99712058051716,6.0,1.7136
2026-03-05,v8_dynamic,90,c1,non_event,714.0,36.0,100.9015337552346,5.0,1.428
2026-03-05,v8_dynamic,90,c2,non_event,456.0,46.0,97.67774438326518,6.0,1.7136
2026-03-05,v8_dynamic,90,c3,non_event,138.0,40.0,101.12640718975376,4.0,1.1424
2026-03-05,v8_dynamic,90,c4,non_event,-304.0,30.0,95.3510038048435,3.0,0.8568
2026-03-05,v8_dynamic,90,c5,non_event,-72.0,32.0,98.03547535673643,4.0,1.1424
2026-03-05,v8_dynamic,90,c6,non_event,212.0,32.0,95.62078951486785,4.0,1.1424
2026-03-05,v8_dynamic,90,hist_diff,non_event,150.0,42.0,98.69973370818758,5.0,1.428
2026-03-05,v8_dynamic,90,hist_payout,non_event,402.0,46.0,102.3591052946254,9.0,2.5704
2026-03-05,v8_dynamic,90,hist_winrate,non_event,268.0,44.0,100.2019631789467,3.0,0.8568
2026-03-05,v8_dynamic,90,hist_hit_an,non_event,18.0,34.0,96.53709589088048,5.0,1.428
2026-03-06,v6a_hit_an,90,c1,non_event,-232.0,30.0,98.03571484513898,3.0,0.8568
2026-03-06,v6a_hit_an,90,c2,non_event,78.0,38.0,97.20698181112182,4.0,1.1424
2026-03-06,v6a_hit_an,90,c3,non_event,-14.0,42.0,101.18541329078431,4.0,1.1424
2026-03-06,v6a_hit_an,90,c4,non_event,264.0,46.0,102.32668009029992,2.0,0.5712
2026-03-06,v6a_hit_an,90,c5,non_event,164.0,36.0,103.26767310134235,4.0,1.1424
2026-03-06,v6a_hit_an,90,c6,non_event,172.0,32.0,102.92141305927012,4.0,1.1424
2026-03-06,v6a_hit_an,90,hist_diff,non_event,0.0,36.0,99.93781436084372,4.0,1.1424
2026-03-06,v6a_hit_an,90,hist_payout,non_event,-152.0,42.0,99.3166590599633,3.0,0.8568
2026-03-06,v6a_hit_an,90,hist_winrate,non_event,90.0,42.0,100.2374660321606,3.0,0.8568
2026-03-06,v6a_hit_an,90,hist_hit_an,non_event,-132.0,48.0,101.1586871251341,2.0,0.5712
2026-03-06,v8_dynamic,90,c1,non_event,-232.0,30.0,98.035714845139,3.0,0.8568
2026-03-06,v8_dynamic,90,c2,non_event,72.0,38.0,96.62159250814604,4.0,1.1424
2026-03-06,v8_dynamic,90,c3,non_event,172.0,44.0,102.93745672986296,5.0,1.428
2026-03-06,v8_dynamic,90,c4,non_event,196.0,46.0,102.29440250389713,2.0,0.5712
2026-03-06,v8_dynamic,90,c5,non_event,74.0,32.0,101.93770071631657,5.0,1.428
2026-03-06,v8_dynamic,90,c6,non_event,196.0,42.0,103.6523640545252,3.0,0.8568
2026-03-06,v8_dynamic,90,hist_diff,non_event,0.0,36.0,99.93781436084372,4.0,1.1424
2026-03-06,v8_dynamic,90,hist_payout,non_event,-152.0,42.0,99.3166590599633,3.0,0.8568
2026-03-06,v8_dynamic,90,hist_winrate,non_event,84.0,42.0,100.34937407902649,3.0,0.8568
2026-03-06,v8_dynamic,90,hist_hit_an,non_event,-226.0,44.0,99.82789366512002,2.0,0.5712
2026-03-07,v6a_hit_an,90,c1,event,380.0,42.0,107.83042229574144,7.0,1.9992
2026-03-07,v6a_hit_an,90,c2,event,280.0,54.0,102.55946553414833,4.0,1.1424
2026-03-07,v6a_hit_an,90,c3,event,-220.0,36.0,105.68193745537569,7.0,1.9992
2026-03-07,v6a_hit_an,90,c4,event,-274.0,34.0,104.00278893138201,4.0,1.1424
2026-03-07,v6a_hit_an,90,c5,event,32.0,38.0,106.40876150342757,7.0,1.9992
2026-03-07,v6a_hit_an,90,c6,event,814.0,54.0,112.26432306947135,7.0,1.9992
2026-03-07,v6a_hit_an,90,hist_diff,event,-206.0,38.0,98.96973629498864,7.0,1.9992
2026-03-07,v6a_hit_an,90,hist_payout,event,488.0,44.0,110.1838076557413,10.0,2.856
2026-03-07,v6a_hit_an,90,hist_winrate,event,-154.0,46.0,98.15918043353238,0.0,0.0
2026-03-07,v6a_hit_an,90,hist_hit_an,event,80.0,44.0,105.1406064919569,7.0,1.9992
2026-03-07,v8_dynamic,90,c1,event,380.0,42.0,107.83042229574144,7.0,1.9992
2026-03-07,v8_dynamic,90,c2,event,210.0,52.0,102.11485027434641,4.0,1.1424
2026-03-07,v8_dynamic,90,c3,event,-350.0,36.0,105.14881125360468,7.0,1.9992
2026-03-07,v8_dynamic,90,c4,event,-362.0,32.0,103.49005989170332,4.0,1.1424
2026-03-07,v8_dynamic,90,c5,event,62.0,40.0,106.52267551261946,7.0,1.9992
2026-03-07,v8_dynamic,90,c6,event,1190.0,57.99999999999999,116.09274321010754,11.0,3.1416
2026-03-07,v8_dynamic,90,hist_diff,event,-206.0,38.0,98.96973629498865,7.0,1.9992
2026-03-07,v8_dynamic,90,hist_payout,event,488.0,44.0,110.1838076557413,10.0,2.856
2026-03-07,v8_dynamic,90,hist_winrate,event,-76.0,46.0,98.77208868123257,1.0,0.2856
2026-03-07,v8_dynamic,90,hist_hit_an,event,-52.0,40.0,104.35865271262226,7.0,1.9992
2026-03-08,v6a_hit_an,90,c1,non_event,210.0,46.0,98.95318402797336,4.0,1.1424
2026-03-08,v6a_hit_an,90,c2,non_event,146.0,40.0,98.43577374554714,3.0,0.8568
2026-03-08,v6a_hit_an,90,c3,non_event,468.0,52.0,104.52940619885445,5.0,1.428
2026-03-08,v6a_hit_an,90,c4,non_event,208.0,40.0,99.52552245072593,6.0,1.7136
2026-03-08,v6a_hit_an,90,c5,non_event,192.0,48.0,98.8433307867174,2.0,0.5712
2026-03-08,v6a_hit_an,90,c6,non_event,436.0,40.0,100.55934911256473,3.0,0.8568
2026-03-08,v6a_hit_an,90,hist_diff,non_event,372.0,50.0,100.74736450216967,5.0,1.428
2026-03-08,v6a_hit_an,90,hist_payout,non_event,244.0,46.0,101.63430369100847,4.0,1.1424
2026-03-08,v6a_hit_an,90,hist_winrate,non_event,-84.0,40.0,95.71762287202944,0.0,0.0
2026-03-08,v6a_hit_an,90,hist_hit_an,non_event,-794.0,24.0,92.56239091664476,3.0,0.8568
2026-03-08,v8_dynamic,90,c1,non_event,204.0,44.0,98.92777229435947,4.0,1.1424
2026-03-08,v8_dynamic,90,c2,non_event,254.0,42.0,99.15233946779885,3.0,0.8568
2026-03-08,v8_dynamic,90,c3,non_event,468.0,52.0,104.52940619885449,5.0,1.428
2026-03-08,v8_dynamic,90,c4,non_event,40.0,38.0,99.6352767420439,6.0,1.7136
2026-03-08,v8_dynamic,90,c5,non_event,898.0,60.0,106.97430422468514,5.0,1.428
2026-03-08,v8_dynamic,90,c6,non_event,1220.0,52.0,111.96098850660147,8.0,2.2848
2026-03-08,v8_dynamic,90,hist_diff,non_event,372.0,50.0,100.74736450216967,5.0,1.428
2026-03-08,v8_dynamic,90,hist_payout,non_event,244.0,46.0,101.63430369100847,4.0,1.1424
2026-03-08,v8_dynamic,90,hist_winrate,non_event,-48.0,42.0,96.20093827692418,0.0,0.0
2026-03-08,v8_dynamic,90,hist_hit_an,non_event,-856.0,22.0,92.14184972072324,3.0,0.8568
2026-03-09,v6a_hit_an,90,c1,non_event,410.0,36.0,104.19461979999318,5.0,1.428
2026-03-09,v6a_hit_an,90,c2,non_event,390.0,38.0,105.73338392514306,5.0,1.428
2026-03-09,v6a_hit_an,90,c3,non_event,-332.0,20.0,95.43161408316574,5.0,1.428
2026-03-09,v6a_hit_an,90,c4,non_event,-354.0,18.0,100.4464678441576,4.0,1.1424
2026-03-09,v6a_hit_an,90,c5,non_event,-400.0,16.0,91.34589842803756,3.0,0.8568
2026-03-09,v6a_hit_an,90,c6,non_event,-202.0,24.0,97.00552823050099,3.0,0.8568
2026-03-09,v6a_hit_an,90,hist_diff,non_event,10.0,30.0,97.4720022144656,5.0,1.428
2026-03-09,v6a_hit_an,90,hist_payout,non_event,-60.0,28.000000000000004,93.63599024710803,5.0,1.428
2026-03-09,v6a_hit_an,90,hist_winrate,non_event,-164.0,32.0,94.44019401335527,2.0,0.5712
2026-03-09,v6a_hit_an,90,hist_hit_an,non_event,-20.0,32.0,96.49759298315668,5.0,1.428
2026-03-09,v8_dynamic,90,c1,non_event,424.0,36.0,103.83658184797028,5.0,1.428
2026-03-09,v8_dynamic,90,c2,non_event,310.0,34.0,104.83094843622024,5.0,1.428
2026-03-09,v8_dynamic,90,c3,non_event,-390.0,20.0,95.47040313294382,5.0,1.428
2026-03-09,v8_dynamic,90,c4,non_event,-274.0,20.0,102.1898898456932,4.0,1.1424
2026-03-09,v8_dynamic,90,c5,non_event,-210.0,16.0,102.74309956780554,5.0,1.428
2026-03-09,v8_dynamic,90,c6,non_event,-140.0,32.0,99.77679629556411,4.0,1.1424
2026-03-09,v8_dynamic,90,hist_diff,non_event,10.0,30.0,97.4720022144656,5.0,1.428
2026-03-09,v8_dynamic,90,hist_payout,non_event,-60.0,28.000000000000004,93.63599024710803,5.0,1.428
2026-03-09,v8_dynamic,90,hist_winrate,non_event,-140.0,34.0,94.87959688620313,2.0,0.5712
2026-03-09,v8_dynamic,90,hist_hit_an,non_event,-26.0,32.0,96.18839374532901,5.0,1.428
2026-03-10,v6a_hit_an,90,c1,non_event,264.0,42.0,99.70522501096728,3.0,0.8568
2026-03-10,v6a_hit_an,90,c2,non_event,2.0,40.0,97.74570380095953,5.0,1.428
2026-03-10,v6a_hit_an,90,c3,non_event,-474.0,32.0,93.77624031373847,0.0,0.0
2026-03-10,v6a_hit_an,90,c4,non_event,-34.0,32.0,103.92959395615377,5.0,1.428
2026-03-10,v6a_hit_an,90,c5,non_event,-280.0,32.0,92.33413385985497,3.0,0.8568
2026-03-10,v6a_hit_an,90,c6,non_event,-812.0,16.0,89.19762242211641,2.0,0.5712
2026-03-10,v6a_hit_an,90,hist_diff,non_event,574.0,40.0,102.11329805562346,7.0,1.9992
2026-03-10,v6a_hit_an,90,hist_payout,non_event,426.0,38.0,102.14702223815806,7.0,1.9992
2026-03-10,v6a_hit_an,90,hist_winrate,non_event,266.0,36.0,96.96096522601924,4.0,1.1424
2026-03-10,v6a_hit_an,90,hist_hit_an,non_event,288.0,30.0,103.70158587894498,5.0,1.428
2026-03-10,v8_dynamic,90,c1,non_event,264.0,42.0,99.70522501096728,3.0,0.8568
2026-03-10,v8_dynamic,90,c2,non_event,74.0,42.0,98.15392304438313,6.0,1.7136
2026-03-10,v8_dynamic,90,c3,non_event,-450.0,34.0,93.57842949634198,0.0,0.0
2026-03-10,v8_dynamic,90,c4,non_event,-146.0,32.0,103.01710621321813,5.0,1.428
2026-03-10,v8_dynamic,90,c5,non_event,-264.0,34.0,95.02870892723801,2.0,0.5712
2026-03-10,v8_dynamic,90,c6,non_event,-408.0,36.0,93.55725364467658,3.0,0.8568
2026-03-10,v8_dynamic,90,hist_diff,non_event,574.0,40.0,102.11329805562346,7.0,1.9992
2026-03-10,v8_dynamic,90,hist_payout,non_event,426.0,38.0,102.14702223815806,7.0,1.9992
2026-03-10,v8_dynamic,90,hist_winrate,non_event,280.0,34.0,96.89347549136923,4.0,1.1424
2026-03-10,v8_dynamic,90,hist_hit_an,non_event,162.0,30.0,102.52526128864473,4.0,1.1424
2026-03-11,v6a_hit_an,90,c1,event,-246.0,36.0,96.49249043213555,0.0,0.0
2026-03-11,v6a_hit_an,90,c2,event,224.0,38.0,99.70666323381023,3.0,0.8568
2026-03-11,v6a_hit_an,90,c3,event,888.0,44.0,102.97118500641818,8.0,2.2848
2026-03-11,v6a_hit_an,90,c4,event,848.0,42.0,102.80105915378543,8.0,2.2848
2026-03-11,v6a_hit_an,90,c5,event,926.0,44.0,107.97108591951458,7.0,1.9992
2026-03-11,v6a_hit_an,90,c6,event,82.0,32.0,97.62373579270732,5.0,1.428
2026-03-11,v6a_hit_an,90,hist_diff,event,-374.0,36.0,97.34265729835788,1.0,0.2856
2026-03-11,v6a_hit_an,90,hist_payout,event,-42.0,42.0,102.05632217239608,3.0,0.8568
2026-03-11,v6a_hit_an,90,hist_winrate,event,42.0,42.0,98.91967532014613,2.0,0.5712
2026-03-11,v6a_hit_an,90,hist_hit_an,event,22.0,38.0,100.62455701549095,6.0,1.7136
2026-03-11,v8_dynamic,90,c1,event,-246.0,36.0,96.49249043213557,0.0,0.0
2026-03-11,v8_dynamic,90,c2,event,210.0,38.0,99.67632075066395,3.0,0.8568
2026-03-11,v8_dynamic,90,c3,event,1122.0,46.0,104.52034571179722,8.0,2.2848
2026-03-11,v8_dynamic,90,c4,event,934.0,42.0,104.2116648496066,8.0,2.2848
2026-03-11,v8_dynamic,90,c5,event,606.0,40.0,104.46368915711139,5.0,1.428
2026-03-11,v8_dynamic,90,c6,event,0.0,30.0,97.97696451751821,6.0,1.7136
2026-03-11,v8_dynamic,90,hist_diff,event,-374.0,36.0,97.34265729835788,1.0,0.2856
2026-03-11,v8_dynamic,90,hist_payout,event,-42.0,42.0,102.05632217239608,3.0,0.8568
2026-03-11,v8_dynamic,90,hist_winrate,event,18.0,40.0,98.39392155632576,2.0,0.5712
2026-03-11,v8_dynamic,90,hist_hit_an,event,66.0,42.0,101.50650770000894,6.0,1.7136
2026-03-12,v6a_hit_an,90,c1,non_event,-12.0,28.000000000000004,95.53460246097076,5.0,1.428
2026-03-12,v6a_hit_an,90,c2,non_event,-226.0,28.000000000000004,93.8079798817925,1.0,0.2856
2026-03-12,v6a_hit_an,90,c3,non_event,-164.0,30.0,98.4191462499652,3.0,0.8568
2026-03-12,v6a_hit_an,90,c4,non_event,-258.0,38.0,93.69288092392391,0.0,0.0
2026-03-12,v6a_hit_an,90,c5,non_event,-58.0,38.0,98.55128880938008,4.0,1.1424
2026-03-12,v6a_hit_an,90,c6,non_event,-216.0,30.0,99.51975415588217,3.0,0.8568
2026-03-12,v6a_hit_an,90,hist_diff,non_event,550.0,38.0,104.9648949200298,7.0,1.9992
2026-03-12,v6a_hit_an,90,hist_payout,non_event,-152.0,26.0,99.50823678546527,3.0,0.8568
2026-03-12,v6a_hit_an,90,hist_winrate,non_event,72.0,30.0,97.1646859816664,2.0,0.5712
2026-03-12,v6a_hit_an,90,hist_hit_an,non_event,582.0,42.0,108.57917584825124,7.0,1.9992
2026-03-12,v8_dynamic,90,c1,non_event,-12.0,28.000000000000004,95.53460246097076,5.0,1.428
2026-03-12,v8_dynamic,90,c2,non_event,-248.0,26.0,93.59852795846616,1.0,0.2856
2026-03-12,v8_dynamic,90,c3,non_event,-238.0,30.0,98.50253816532795,3.0,0.8568
2026-03-12,v8_dynamic,90,c4,non_event,-296.0,36.0,93.44333587802117,0.0,0.0
2026-03-12,v8_dynamic,90,c5,non_event,-88.0,38.0,98.41334933580714,3.0,0.8568
2026-03-12,v8_dynamic,90,c6,non_event,-270.0,28.000000000000004,93.20687175012301,2.0,0.5712
2026-03-12,v8_dynamic,90,hist_diff,non_event,550.0,38.0,104.9648949200298,7.0,1.9992
2026-03-12,v8_dynamic,90,hist_payout,non_event,-152.0,26.0,99.50823678546527,3.0,0.8568
2026-03-12,v8_dynamic,90,hist_winrate,non_event,288.0,32.0,99.42518375765692,3.0,0.8568
2026-03-12,v8_dynamic,90,hist_hit_an,non_event,764.0,46.0,109.82488727059999,7.0,1.9992
2026-03-13,v6a_hit_an,90,c1,non_event,-216.0,28.000000000000004,94.16098564844971,3.0,0.8568
2026-03-13,v6a_hit_an,90,c2,non_event,390.0,38.0,100.79263126621886,7.0,1.9992
2026-03-13,v6a_hit_an,90,c3,non_event,-140.0,30.0,95.7760537000021,4.0,1.1424
2026-03-13,v6a_hit_an,90,c4,non_event,524.0,46.0,103.46691830507996,6.0,1.7136
2026-03-13,v6a_hit_an,90,c5,non_event,-200.0,30.0,95.89804810152593,3.0,0.8568
2026-03-13,v6a_hit_an,90,c6,non_event,-198.0,30.0,96.42875148683684,5.0,1.428
2026-03-13,v6a_hit_an,90,hist_diff,non_event,354.0,40.0,96.55861494009977,5.0,1.428
2026-03-13,v6a_hit_an,90,hist_payout,non_event,376.0,36.0,98.576200198475,10.0,2.856
2026-03-13,v6a_hit_an,90,hist_winrate,non_event,312.0,42.0,101.56539054440023,4.0,1.1424
2026-03-13,v6a_hit_an,90,hist_hit_an,non_event,-172.0,34.0,95.67364286702177,3.0,0.8568
2026-03-13,v8_dynamic,90,c1,non_event,-216.0,28.000000000000004,94.16098564844974,3.0,0.8568
2026-03-13,v8_dynamic,90,c2,non_event,394.0,38.0,101.09842824201871,7.0,1.9992
2026-03-13,v8_dynamic,90,c3,non_event,-140.0,30.0,95.62298059703082,4.0,1.1424
2026-03-13,v8_dynamic,90,c4,non_event,618.0,48.0,104.04576945144015,7.0,1.9992
2026-03-13,v8_dynamic,90,c5,non_event,-62.0,34.0,97.53943657186016,4.0,1.1424
2026-03-13,v8_dynamic,90,c6,non_event,-694.0,22.0,89.5536360844569,2.0,0.5712
2026-03-13,v8_dynamic,90,hist_diff,non_event,354.0,40.0,96.55861494009977,5.0,1.428
2026-03-13,v8_dynamic,90,hist_payout,non_event,376.0,36.0,98.576200198475,10.0,2.856
2026-03-13,v8_dynamic,90,hist_winrate,non_event,340.0,42.0,102.42229521789821,4.0,1.1424
2026-03-13,v8_dynamic,90,hist_hit_an,non_event,-134.0,34.0,97.1600756442669,4.0,1.1424
2026-03-14,v6a_hit_an,90,c1,non_event,806.0,52.0,104.49199084339112,5.0,1.428
2026-03-14,v6a_hit_an,90,c2,non_event,416.0,56.00000000000001,104.24346977247214,5.0,1.428
2026-03-14,v6a_hit_an,90,c3,non_event,216.0,48.0,101.51321976256708,2.0,0.5712
2026-03-14,v6a_hit_an,90,c4,non_event,-286.0,38.0,97.1923573741259,4.0,1.1424
2026-03-14,v6a_hit_an,90,c5,non_event,808.0,48.0,108.17682865675529,5.0,1.428
2026-03-14,v6a_hit_an,90,c6,non_event,280.0,50.0,101.63715054246319,1.0,0.2856
2026-03-14,v6a_hit_an,90,hist_diff,non_event,1034.0,46.0,109.98682437029517,7.0,1.9992
2026-03-14,v6a_hit_an,90,hist_payout,non_event,752.0,44.0,109.58925937208784,7.0,1.9992
2026-03-14,v6a_hit_an,90,hist_winrate,non_event,608.0,44.0,106.52589281468549,2.0,0.5712
2026-03-14,v6a_hit_an,90,hist_hit_an,non_event,732.0,46.0,109.23112425285042,5.0,1.428
2026-03-14,v8_dynamic,90,c1,non_event,806.0,52.0,104.49199084339112,5.0,1.428
2026-03-14,v8_dynamic,90,c2,non_event,310.0,54.0,103.42098168588068,5.0,1.428
2026-03-14,v8_dynamic,90,c3,non_event,216.0,48.0,101.51321976256709,2.0,0.5712
2026-03-14,v8_dynamic,90,c4,non_event,-238.0,38.0,97.75050710175488,4.0,1.1424
2026-03-14,v8_dynamic,90,c5,non_event,478.0,42.0,105.38067467451044,5.0,1.428
2026-03-14,v8_dynamic,90,c6,non_event,262.0,44.0,102.08454916562533,2.0,0.5712
2026-03-14,v8_dynamic,90,hist_diff,non_event,1034.0,46.0,109.98682437029514,7.0,1.9992
2026-03-14,v8_dynamic,90,hist_payout,non_event,752.0,44.0,109.58925937208784,7.0,1.9992
2026-03-14,v8_dynamic,90,hist_winrate,non_event,366.0,42.0,103.76769489819456,1.0,0.2856
2026-03-14,v8_dynamic,90,hist_hit_an,non_event,806.0,46.0,109.80420791309867,6.0,1.7136
2026-03-15,v6a_hit_an,90,c1,non_event,68.0,40.0,98.92632171103786,3.0,0.8568
2026-03-15,v6a_hit_an,90,c2,non_event,-26.0,44.0,97.4635572145503,1.0,0.2856
2026-03-15,v6a_hit_an,90,c3,non_event,262.0,44.0,101.37605511676067,5.0,1.428
2026-03-15,v6a_hit_an,90,c4,non_event,-128.0,34.0,100.99878859003098,4.0,1.1424
2026-03-15,v6a_hit_an,90,c5,non_event,234.0,38.0,101.6132341196009,6.0,1.7136
2026-03-15,v6a_hit_an,90,c6,non_event,-252.0,36.0,97.13210119202594,5.0,1.428
2026-03-15,v6a_hit_an,90,hist_diff,non_event,1060.0,40.0,110.01237947587975,10.0,2.856
2026-03-15,v6a_hit_an,90,hist_payout,non_event,732.0,42.0,111.33963868764442,8.0,2.2848
2026-03-15,v6a_hit_an,90,hist_winrate,non_event,224.0,44.0,103.42664985174626,3.0,0.8568
2026-03-15,v6a_hit_an,90,hist_hit_an,non_event,94.0,40.0,103.95029593881608,5.0,1.428
2026-03-15,v8_dynamic,90,c1,non_event,68.0,40.0,98.92632171103786,3.0,0.8568
2026-03-15,v8_dynamic,90,c2,non_event,216.0,46.0,99.50040410897809,2.0,0.5712
2026-03-15,v8_dynamic,90,c3,non_event,274.0,44.0,101.69203588298959,5.0,1.428
2026-03-15,v8_dynamic,90,c4,non_event,-174.0,34.0,100.5677621849786,4.0,1.1424
2026-03-15,v8_dynamic,90,c5,non_event,152.0,36.0,100.81943713338148,5.0,1.428
2026-03-15,v8_dynamic,90,c6,non_event,-28.0,38.0,98.347747024259,5.0,1.428
2026-03-15,v8_dynamic,90,hist_diff,non_event,1060.0,40.0,110.01237947587975,10.0,2.856
2026-03-15,v8_dynamic,90,hist_payout,non_event,732.0,42.0,111.33963868764442,8.0,2.2848
2026-03-15,v8_dynamic,90,hist_winrate,non_event,202.0,44.0,103.36101428787006,3.0,0.8568
2026-03-15,v8_dynamic,90,hist_hit_an,non_event,70.0,40.0,103.6577936953647,5.0,1.428
2026-03-16,v6a_hit_an,90,c1,non_event,522.0,48.0,103.2858603917634,3.0,0.8568
2026-03-16,v6a_hit_an,90,c2,non_event,-388.0,34.0,90.90638630843503,1.0,0.2856
2026-03-16,v6a_hit_an,90,c3,non_event,898.0,40.0,101.27120475234142,7.0,1.9992
2026-03-16,v6a_hit_an,90,c4,non_event,470.0,44.0,102.39159343376186,5.0,1.428
2026-03-16,v6a_hit_an,90,c5,non_event,-160.0,38.0,95.27885530464978,3.0,0.8568
2026-03-16,v6a_hit_an,90,c6,non_event,-42.0,40.0,98.66557300916044,3.0,0.8568
2026-03-16,v6a_hit_an,90,hist_diff,non_event,266.0,46.0,100.69215077373569,6.0,1.7136
2026-03-16,v6a_hit_an,90,hist_payout,non_event,-260.0,36.0,95.79266994963638,4.0,1.1424
2026-03-16,v6a_hit_an,90,hist_winrate,non_event,166.0,42.0,100.81815453572803,2.0,0.5712
2026-03-16,v6a_hit_an,90,hist_hit_an,non_event,464.0,54.0,108.35874501716341,5.0,1.428
2026-03-16,v8_dynamic,90,c1,non_event,522.0,48.0,103.28586039176342,3.0,0.8568
2026-03-16,v8_dynamic,90,c2,non_event,-332.0,36.0,91.29646840224346,1.0,0.2856
2026-03-16,v8_dynamic,90,c3,non_event,922.0,40.0,101.66206709857545,8.0,2.2848
2026-03-16,v8_dynamic,90,c4,non_event,520.0,44.0,103.47679551400972,5.0,1.428
2026-03-16,v8_dynamic,90,c5,non_event,6.0,38.0,96.59924069084468,4.0,1.1424
2026-03-16,v8_dynamic,90,c6,non_event,-20.0,44.0,99.18094998649218,5.0,1.428
2026-03-16,v8_dynamic,90,hist_diff,non_event,266.0,46.0,100.69215077373569,6.0,1.7136
2026-03-16,v8_dynamic,90,hist_payout,non_event,-260.0,36.0,95.79266994963638,4.0,1.1424
2026-03-16,v8_dynamic,90,hist_winrate,non_event,224.0,46.0,101.66604832774006,2.0,0.5712
2026-03-16,v8_dynamic,90,hist_hit_an,non_event,308.0,50.0,104.18885684321573,5.0,1.428
2026-03-17,v6a_hit_an,90,c1,event,420.0,38.0,102.00786964858219,5.0,1.428
2026-03-17,v6a_hit_an,90,c2,event,-110.0,48.0,96.66933643175989,1.0,0.2856
2026-03-17,v6a_hit_an,90,c3,event,574.0,42.0,100.54732883390307,6.0,1.7136
2026-03-17,v6a_hit_an,90,c4,event,382.0,44.0,101.23505575900928,6.0,1.7136
2026-03-17,v6a_hit_an,90,c5,event,964.0,42.0,105.18012476794053,4.0,1.1424
2026-03-17,v6a_hit_an,90,c6,event,-108.0,42.0,98.4361167219628,3.0,0.8568
2026-03-17,v6a_hit_an,90,hist_diff,event,-22.0,36.0,97.09995028899625,5.0,1.428
2026-03-17,v6a_hit_an,90,hist_payout,event,282.0,42.0,103.04582677371894,5.0,1.428
2026-03-17,v6a_hit_an,90,hist_winrate,event,192.0,40.0,99.8561773512435,2.0,0.5712
2026-03-17,v6a_hit_an,90,hist_hit_an,event,830.0,52.0,106.09235498254228,8.0,2.2848
2026-03-17,v8_dynamic,90,c1,event,420.0,38.0,102.0078696485822,5.0,1.428
2026-03-17,v8_dynamic,90,c2,event,70.0,50.0,98.46153599428845,2.0,0.5712
2026-03-17,v8_dynamic,90,c3,event,634.0,44.0,101.39106154895622,6.0,1.7136
2026-03-17,v8_dynamic,90,c4,event,358.0,44.0,101.42577940042317,6.0,1.7136
2026-03-17,v8_dynamic,90,c5,event,860.0,44.0,104.63430351754565,4.0,1.1424
2026-03-17,v8_dynamic,90,c6,event,230.0,44.0,101.42347159315655,6.0,1.7136
2026-03-17,v8_dynamic,90,hist_diff,event,-22.0,36.0,97.09995028899625,5.0,1.428
2026-03-17,v8_dynamic,90,hist_payout,event,282.0,42.0,103.04582677371894,5.0,1.428
2026-03-17,v8_dynamic,90,hist_winrate,event,118.0,38.0,98.93500377730345,2.0,0.5712
2026-03-17,v8_dynamic,90,hist_hit_an,event,256.0,46.0,101.68213255622142,5.0,1.428
2026-03-18,v6a_hit_an,90,c1,non_event,276.0,36.0,95.10236244450041,6.0,1.7136
2026-03-18,v6a_hit_an,90,c2,non_event,-372.0,26.0,91.81250507404624,4.0,1.1424
2026-03-18,v6a_hit_an,90,c3,non_event,26.0,32.0,99.74874342266996,6.0,1.7136
2026-03-18,v6a_hit_an,90,c4,non_event,-456.0,22.0,90.08532445358034,2.0,0.5712
2026-03-18,v6a_hit_an,90,c5,non_event,190.0,40.0,99.04317101542263,7.0,1.9992
2026-03-18,v6a_hit_an,90,c6,non_event,-598.0,16.0,87.20702090695839,2.0,0.5712
2026-03-18,v6a_hit_an,90,hist_diff,non_event,-150.0,38.0,100.09631330545814,5.0,1.428
2026-03-18,v6a_hit_an,90,hist_payout,non_event,-92.0,36.0,102.30314953822126,6.0,1.7136
2026-03-18,v6a_hit_an,90,hist_winrate,non_event,4.0,30.0,96.51883694962453,4.0,1.1424
2026-03-18,v6a_hit_an,90,hist_hit_an,non_event,244.0,36.0,104.83667751114297,7.0,1.9992
2026-03-18,v8_dynamic,90,c1,non_event,276.0,36.0,95.10236244450041,6.0,1.7136
2026-03-18,v8_dynamic,90,c2,non_event,-260.0,28.000000000000004,92.74165746358395,4.0,1.1424
2026-03-18,v8_dynamic,90,c3,non_event,14.0,32.0,100.1981182777551,6.0,1.7136
2026-03-18,v8_dynamic,90,c4,non_event,-382.0,24.0,91.30773452525922,2.0,0.5712
2026-03-18,v8_dynamic,90,c5,non_event,102.0,36.0,97.9198513625531,7.0,1.9992
2026-03-18,v8_dynamic,90,c6,non_event,-6.0,28.000000000000004,96.97112070375346,6.0,1.7136
2026-03-18,v8_dynamic,90,hist_diff,non_event,-150.0,38.0,100.09631330545814,5.0,1.428
2026-03-18,v8_dynamic,90,hist_payout,non_event,-92.0,36.0,102.30314953822126,6.0,1.7136
2026-03-18,v8_dynamic,90,hist_winrate,non_event,-108.0,30.0,93.84256803429393,3.0,0.8568
2026-03-18,v8_dynamic,90,hist_hit_an,non_event,244.0,36.0,104.83667751114297,7.0,1.9992
2026-03-19,v6a_hit_an,90,c1,non_event,124.0,38.0,94.70386929233972,4.0,1.1424
2026-03-19,v6a_hit_an,90,c2,non_event,152.0,46.0,97.92380173360418,3.0,0.8568
2026-03-19,v6a_hit_an,90,c3,non_event,-418.0,28.000000000000004,94.28834455458107,4.0,1.1424
2026-03-19,v6a_hit_an,90,c4,non_event,-78.0,40.0,96.57611133183967,2.0,0.5712
2026-03-19,v6a_hit_an,90,c5,non_event,316.0,42.0,104.56050420567382,6.0,1.7136
2026-03-19,v6a_hit_an,90,c6,non_event,-276.0,30.0,90.97670526084903,3.0,0.8568
2026-03-19,v6a_hit_an,90,hist_diff,non_event,-26.0,28.000000000000004,93.27397089224542,2.0,0.5712
2026-03-19,v6a_hit_an,90,hist_payout,non_event,-222.0,32.0,94.65765164912173,2.0,0.5712
2026-03-19,v6a_hit_an,90,hist_winrate,non_event,-262.0,26.0,91.7459970259436,2.0,0.5712
2026-03-19,v6a_hit_an,90,hist_hit_an,non_event,96.0,34.0,96.24957691287591,4.0,1.1424
2026-03-19,v8_dynamic,90,c1,non_event,124.0,38.0,94.70386929233972,4.0,1.1424
2026-03-19,v8_dynamic,90,c2,non_event,98.0,44.0,97.676268502531,3.0,0.8568
2026-03-19,v8_dynamic,90,c3,non_event,-380.0,30.0,94.78498097419971,4.0,1.1424
2026-03-19,v8_dynamic,90,c4,non_event,-106.0,40.0,95.99695130702845,2.0,0.5712
2026-03-19,v8_dynamic,90,c5,non_event,176.0,40.0,104.54235476544463,6.0,1.7136
2026-03-19,v8_dynamic,90,c6,non_event,-182.0,34.0,93.61487235534013,3.0,0.8568
2026-03-19,v8_dynamic,90,hist_diff,non_event,-26.0,28.000000000000004,93.27397089224542,2.0,0.5712
2026-03-19,v8_dynamic,90,hist_payout,non_event,-222.0,32.0,94.65765164912173,2.0,0.5712
2026-03-19,v8_dynamic,90,hist_winrate,non_event,-280.0,24.0,91.0240835695967,2.0,0.5712
2026-03-19,v8_dynamic,90,hist_hit_an,non_event,34.0,32.0,94.95643492712253,4.0,1.1424
2026-03-20,v6a_hit_an,90,c1,non_event,-96.0,40.0,98.07167511598895,6.0,1.7136
2026-03-20,v6a_hit_an,90,c2,non_event,-364.0,38.0,94.60235619990206,2.0,0.5712
2026-03-20,v6a_hit_an,90,c3,non_event,-404.0,38.0,98.41695207305293,4.0,1.1424
2026-03-20,v6a_hit_an,90,c4,non_event,50.0,34.0,99.38576877071851,5.0,1.428
2026-03-20,v6a_hit_an,90,c5,non_event,-186.0,34.0,99.65846205592449,4.0,1.1424
2026-03-20,v6a_hit_an,90,c6,non_event,-50.0,36.0,97.11659350687762,6.0,1.7136
2026-03-20,v6a_hit_an,90,hist_diff,non_event,-1066.0,26.0,88.96805553585068,2.0,0.5712
2026-03-20,v6a_hit_an,90,hist_payout,non_event,-882.0,32.0,93.00333163033596,2.0,0.5712
2026-03-20,v6a_hit_an,90,hist_winrate,non_event,-500.0,34.0,94.52908695263314,0.0,0.0
2026-03-20,v6a_hit_an,90,hist_hit_an,non_event,-1246.0,22.0,88.5582185291411,0.0,0.0
2026-03-20,v8_dynamic,90,c1,non_event,-96.0,40.0,98.07167511598897,6.0,1.7136
2026-03-20,v8_dynamic,90,c2,non_event,-314.0,38.0,94.86261577536307,3.0,0.8568
2026-03-20,v8_dynamic,90,c3,non_event,-372.0,38.0,98.84854080756486,4.0,1.1424
2026-03-20,v8_dynamic,90,c4,non_event,50.0,34.0,99.38576877071851,5.0,1.428
2026-03-20,v8_dynamic,90,c5,non_event,-636.0,32.0,93.54071323662203,2.0,0.5712
2026-03-20,v8_dynamic,90,c6,non_event,248.0,44.0,100.0633844783738,8.0,2.2848
2026-03-20,v8_dynamic,90,hist_diff,non_event,-1066.0,26.0,88.96805553585068,2.0,0.5712
2026-03-20,v8_dynamic,90,hist_payout,non_event,-882.0,32.0,93.00333163033596,2.0,0.5712
2026-03-20,v8_dynamic,90,hist_winrate,non_event,-464.0,36.0,94.94541123207881,0.0,0.0
2026-03-20,v8_dynamic,90,hist_hit_an,non_event,-1210.0,22.0,88.8822987515581,0.0,0.0
2026-03-21,v6a_hit_an,90,c1,event,140.0,42.0,100.17924438478501,2.0,0.5712
2026-03-21,v6a_hit_an,90,c2,event,86.0,38.0,100.08953824638915,4.0,1.1424
2026-03-21,v6a_hit_an,90,c3,event,-414.0,36.0,97.92771511056777,5.0,1.428
2026-03-21,v6a_hit_an,90,c4,event,336.0,42.0,100.56482940840753,3.0,0.8568
2026-03-21,v6a_hit_an,90,c5,event,460.0,44.0,102.4111675232445,6.0,1.7136
2026-03-21,v6a_hit_an,90,c6,event,672.0,46.0,103.88921543868159,6.0,1.7136
2026-03-21,v6a_hit_an,90,hist_diff,event,388.0,42.0,106.87674700619841,6.0,1.7136
2026-03-21,v6a_hit_an,90,hist_payout,event,458.0,44.0,106.08956836924443,7.0,1.9992
2026-03-21,v6a_hit_an,90,hist_winrate,event,416.0,46.0,102.70040492177742,3.0,0.8568
2026-03-21,v6a_hit_an,90,hist_hit_an,event,1140.0,52.0,111.21021826478622,10.0,2.856
2026-03-21,v8_dynamic,90,c1,event,140.0,42.0,100.17924438478501,2.0,0.5712
2026-03-21,v8_dynamic,90,c2,event,24.0,36.0,99.69173014878714,4.0,1.1424
2026-03-21,v8_dynamic,90,c3,event,-214.0,36.0,99.8301075116131,6.0,1.7136
2026-03-21,v8_dynamic,90,c4,event,300.0,40.0,100.24099479133713,3.0,0.8568
2026-03-21,v8_dynamic,90,c5,event,514.0,46.0,103.20326772212634,5.0,1.428
2026-03-21,v8_dynamic,90,c6,event,616.0,52.0,103.26174531297387,6.0,1.7136
2026-03-21,v8_dynamic,90,hist_diff,event,388.0,42.0,106.87674700619841,6.0,1.7136
2026-03-21,v8_dynamic,90,hist_payout,event,458.0,44.0,106.08956836924443,7.0,1.9992
2026-03-21,v8_dynamic,90,hist_winrate,event,258.0,44.0,101.18642734210574,2.0,0.5712
2026-03-21,v8_dynamic,90,hist_hit_an,event,1208.0,54.0,111.68596916264961,10.0,2.856
2026-03-22,v6a_hit_an,90,c1,event,-592.0,28.000000000000004,94.11197472541654,3.0,0.8568
2026-03-22,v6a_hit_an,90,c2,event,-400.0,30.0,96.21097014056204,2.0,0.5712
2026-03-22,v6a_hit_an,90,c3,event,-464.0,32.0,95.654595278675,2.0,0.5712
2026-03-22,v6a_hit_an,90,c4,event,-652.0,38.0,94.13326825077594,0.0,0.0
2026-03-22,v6a_hit_an,90,c5,event,-934.0,28.000000000000004,90.59290886212396,2.0,0.5712
2026-03-22,v6a_hit_an,90,c6,event,-228.0,44.0,96.49881428991357,4.0,1.1424
2026-03-22,v6a_hit_an,90,hist_diff,event,-88.0,36.0,97.44841682304444,3.0,0.8568
2026-03-22,v6a_hit_an,90,hist_payout,event,-396.0,34.0,96.83769094014524,2.0,0.5712
2026-03-22,v6a_hit_an,90,hist_winrate,event,-40.0,46.0,98.07948886990269,2.0,0.5712
2026-03-22,v6a_hit_an,90,hist_hit_an,event,-96.0,42.0,99.4681273905181,4.0,1.1424
2026-03-22,v8_dynamic,90,c1,event,-592.0,28.000000000000004,94.11197472541654,3.0,0.8568
2026-03-22,v8_dynamic,90,c2,event,-430.0,30.0,95.92822862630906,2.0,0.5712
2026-03-22,v8_dynamic,90,c3,event,-230.0,36.0,98.0954917180039,3.0,0.8568
2026-03-22,v8_dynamic,90,c4,event,-558.0,40.0,94.97113415036209,0.0,0.0
2026-03-22,v8_dynamic,90,c5,event,-798.0,26.0,91.08757563597726,3.0,0.8568
2026-03-22,v8_dynamic,90,c6,event,-112.0,42.0,99.24110199164802,3.0,0.8568
2026-03-22,v8_dynamic,90,hist_diff,event,-88.0,36.0,97.44841682304445,3.0,0.8568
2026-03-22,v8_dynamic,90,hist_payout,event,-396.0,34.0,96.83769094014524,2.0,0.5712
2026-03-22,v8_dynamic,90,hist_winrate,event,8.0,50.0,98.43464990770046,2.0,0.5712
2026-03-22,v8_dynamic,90,hist_hit_an,event,-116.0,42.0,98.17387154667519,4.0,1.1424
2026-03-23,v6a_hit_an,90,c1,non_event,224.0,36.0,95.21571693708141,5.0,1.428
2026-03-23,v6a_hit_an,90,c2,non_event,442.0,46.0,100.8241260329847,4.0,1.1424
2026-03-23,v6a_hit_an,90,c3,non_event,-770.0,26.0,90.4915609698938,1.0,0.2856
2026-03-23,v6a_hit_an,90,c4,non_event,50.0,34.0,105.45661734709968,5.0,1.428
2026-03-23,v6a_hit_an,90,c5,non_event,872.0,48.0,110.6153567236084,6.0,1.7136
2026-03-23,v6a_hit_an,90,c6,non_event,-8.0,38.0,98.42944915642597,3.0,0.8568
2026-03-23,v6a_hit_an,90,hist_diff,non_event,-14.0,32.0,101.69362680096425,5.0,1.428
2026-03-23,v6a_hit_an,90,hist_payout,non_event,34.0,32.0,110.34969730661437,6.0,1.7136
2026-03-23,v6a_hit_an,90,hist_winrate,non_event,-212.0,34.0,102.79598985095778,1.0,0.2856
2026-03-23,v6a_hit_an,90,hist_hit_an,non_event,-130.0,34.0,103.38973262479202,3.0,0.8568
2026-03-23,v8_dynamic,90,c1,non_event,256.0,36.0,95.30942326374232,5.0,1.428
2026-03-23,v8_dynamic,90,c2,non_event,466.0,44.0,101.49107458497798,4.0,1.1424
2026-03-23,v8_dynamic,90,c3,non_event,-832.0,24.0,89.98611324988262,1.0,0.2856
2026-03-23,v8_dynamic,90,c4,non_event,14.0,32.0,98.85042397648948,5.0,1.428
2026-03-23,v8_dynamic,90,c5,non_event,750.0,44.0,109.86688791501236,5.0,1.428
2026-03-23,v8_dynamic,90,c6,non_event,192.0,40.0,106.57331601555215,4.0,1.1424
2026-03-23,v8_dynamic,90,hist_diff,non_event,-14.0,32.0,101.69362680096425,5.0,1.428
2026-03-23,v8_dynamic,90,hist_payout,non_event,34.0,32.0,110.34969730661437,6.0,1.7136
2026-03-23,v8_dynamic,90,hist_winrate,non_event,-292.0,32.0,102.29239691556451,1.0,0.2856
2026-03-23,v8_dynamic,90,hist_hit_an,non_event,-30.0,34.0,104.13250290780371,4.0,1.1424
2026-03-24,v6a_hit_an,90,c1,non_event,262.0,40.0,103.20798065711095,2.0,0.5712
2026-03-24,v6a_hit_an,90,c2,non_event,316.0,38.0,98.75511166620771,3.0,0.8568
2026-03-24,v6a_hit_an,90,c3,non_event,-700.0,36.0,89.81416314643819,2.0,0.5712
2026-03-24,v6a_hit_an,90,c4,non_event,-292.0,24.0,99.57997832159508,4.0,1.1424
2026-03-24,v6a_hit_an,90,c5,non_event,-586.0,22.0,90.63313214366579,1.0,0.2856
2026-03-24,v6a_hit_an,90,c6,non_event,-208.0,34.0,93.73826154771052,4.0,1.1424
2026-03-24,v6a_hit_an,90,hist_diff,non_event,590.0,38.0,103.89346680817951,6.0,1.7136
2026-03-24,v6a_hit_an,90,hist_payout,non_event,-272.0,32.0,97.78684989120036,3.0,0.8568
2026-03-24,v6a_hit_an,90,hist_winrate,non_event,212.0,44.0,101.14891517935868,2.0,0.5712
2026-03-24,v6a_hit_an,90,hist_hit_an,non_event,-124.0,38.0,97.39099106447149,3.0,0.8568
2026-03-24,v8_dynamic,90,c1,non_event,212.0,38.0,100.09160928589743,2.0,0.5712
2026-03-24,v8_dynamic,90,c2,non_event,278.0,38.0,97.93646297231275,2.0,0.5712
2026-03-24,v8_dynamic,90,c3,non_event,-612.0,38.0,92.35125288577414,2.0,0.5712
2026-03-24,v8_dynamic,90,c4,non_event,-292.0,24.0,99.57997832159512,4.0,1.1424
2026-03-24,v8_dynamic,90,c5,non_event,-530.0,24.0,91.61158001186067,1.0,0.2856
2026-03-24,v8_dynamic,90,c6,non_event,78.0,36.0,98.26782119576681,5.0,1.428
2026-03-24,v8_dynamic,90,hist_diff,non_event,590.0,38.0,103.89346680817951,6.0,1.7136
2026-03-24,v8_dynamic,90,hist_payout,non_event,-272.0,32.0,97.78684989120036,3.0,0.8568
2026-03-24,v8_dynamic,90,hist_winrate,non_event,230.0,46.0,101.41911877641998,2.0,0.5712
2026-03-24,v8_dynamic,90,hist_hit_an,non_event,-70.0,38.0,96.9089679985378,4.0,1.1424
2026-03-25,v6a_hit_an,90,c1,non_event,-208.0,24.0,91.30379747040647,1.0,0.2856
2026-03-25,v6a_hit_an,90,c2,non_event,116.0,34.0,97.97442530767644,3.0,0.8568
2026-03-25,v6a_hit_an,90,c3,non_event,216.0,44.0,104.70331215105873,3.0,0.8568
2026-03-25,v6a_hit_an,90,c4,non_event,-12.0,34.0,98.7641604019691,6.0,1.7136
2026-03-25,v6a_hit_an,90,c5,non_event,-180.0,30.0,96.51218618221799,5.0,1.428
2026-03-25,v6a_hit_an,90,c6,non_event,112.0,42.0,101.0070171961379,4.0,1.1424
2026-03-25,v6a_hit_an,90,hist_diff,non_event,-456.0,26.0,96.99701991869475,2.0,0.5712
2026-03-25,v6a_hit_an,90,hist_payout,non_event,434.0,40.0,106.69080182173924,6.0,1.7136
2026-03-25,v6a_hit_an,90,hist_winrate,non_event,-116.0,36.0,94.6873030891869,1.0,0.2856
2026-03-25,v6a_hit_an,90,hist_hit_an,non_event,-286.0,30.0,92.97505064075187,3.0,0.8568
2026-03-25,v8_dynamic,90,c1,non_event,-208.0,24.0,91.30379747040648,1.0,0.2856
2026-03-25,v8_dynamic,90,c2,non_event,78.0,32.0,96.9700873350517,3.0,0.8568
2026-03-25,v8_dynamic,90,c3,non_event,88.0,40.0,103.88082298263812,3.0,0.8568
2026-03-25,v8_dynamic,90,c4,non_event,-26.0,32.0,98.59784640206094,6.0,1.7136
2026-03-25,v8_dynamic,90,c5,non_event,-128.0,30.0,96.12845850573113,4.0,1.1424
2026-03-25,v8_dynamic,90,c6,non_event,326.0,46.0,104.1795273411211,5.0,1.428
2026-03-25,v8_dynamic,90,hist_diff,non_event,-456.0,26.0,96.99701991869473,2.0,0.5712
2026-03-25,v8_dynamic,90,hist_payout,non_event,434.0,40.0,106.69080182173924,6.0,1.7136
2026-03-25,v8_dynamic,90,hist_winrate,non_event,-206.0,36.0,94.34982342805297,0.0,0.0
2026-03-25,v8_dynamic,90,hist_hit_an,non_event,-322.0,30.0,92.52886797266538,3.0,0.8568
2026-03-26,v6a_hit_an,90,c1,non_event,82.0,36.0,100.48009262315087,4.0,1.1424
2026-03-26,v6a_hit_an,90,c2,non_event,250.0,42.0,100.77492202585061,5.0,1.428
2026-03-26,v6a_hit_an,90,c3,non_event,98.0,30.0,101.62754525943548,4.0,1.1424
2026-03-26,v6a_hit_an,90,c4,non_event,-178.0,32.0,95.47280999873583,0.0,0.0
2026-03-26,v6a_hit_an,90,c5,non_event,-166.0,30.0,95.9851341617042,4.0,1.1424
2026-03-26,v6a_hit_an,90,c6,non_event,-184.0,38.0,98.72004192781594,2.0,0.5712
2026-03-26,v6a_hit_an,90,hist_diff,non_event,-350.0,24.0,92.14960969492284,4.0,1.1424
2026-03-26,v6a_hit_an,90,hist_payout,non_event,-286.0,30.0,95.50178788016026,2.0,0.5712
2026-03-26,v6a_hit_an,90,hist_winrate,non_event,-94.0,32.0,93.4044909877435,1.0,0.2856
2026-03-26,v6a_hit_an,90,hist_hit_an,non_event,-370.0,24.0,92.56371720799557,2.0,0.5712
2026-03-26,v8_dynamic,90,c1,non_event,82.0,36.0,100.72399282108161,4.0,1.1424
2026-03-26,v8_dynamic,90,c2,non_event,310.0,44.0,101.80542649784613,5.0,1.428
2026-03-26,v8_dynamic,90,c3,non_event,126.0,28.000000000000004,102.10575484447267,4.0,1.1424
2026-03-26,v8_dynamic,90,c4,non_event,-160.0,32.0,95.06599278174248,0.0,0.0
2026-03-26,v8_dynamic,90,c5,non_event,-206.0,30.0,97.29732591971228,2.0,0.5712
2026-03-26,v8_dynamic,90,c6,non_event,-20.0,36.0,97.09797350132095,5.0,1.428
2026-03-26,v8_dynamic,90,hist_diff,non_event,-350.0,24.0,92.14960969492284,4.0,1.1424
2026-03-26,v8_dynamic,90,hist_payout,non_event,-286.0,30.0,95.50178788016026,2.0,0.5712
2026-03-26,v8_dynamic,90,hist_winrate,non_event,-336.0,28.000000000000004,90.51123625351477,0.0,0.0
2026-03-26,v8_dynamic,90,hist_hit_an,non_event,-360.0,26.0,95.13722082009306,1.0,0.2856
2026-03-27,v6a_hit_an,90,c1,event,562.0,46.0,102.6578844567004,3.0,0.8568
2026-03-27,v6a_hit_an,90,c2,event,702.0,52.0,110.15473297428527,3.0,0.8568
2026-03-27,v6a_hit_an,90,c3,event,-144.0,40.0,98.57456098340326,3.0,0.8568
2026-03-27,v6a_hit_an,90,c4,event,150.0,38.0,99.95052634602312,5.0,1.428
2026-03-27,v6a_hit_an,90,c5,event,-456.0,26.0,93.09537630870331,4.0,1.1424
2026-03-27,v6a_hit_an,90,c6,event,-400.0,34.0,96.67436999564937,3.0,0.8568
2026-03-27,v6a_hit_an,90,hist_diff,event,218.0,38.0,102.38093746724844,5.0,1.428
2026-03-27,v6a_hit_an,90,hist_payout,event,408.0,46.0,102.44735250607458,6.0,1.7136
2026-03-27,v6a_hit_an,90,hist_winrate,event,540.0,38.0,102.13362690973503,5.0,1.428
2026-03-27,v6a_hit_an,90,hist_hit_an,event,636.0,46.0,106.76470017259211,7.0,1.9992
2026-03-27,v8_dynamic,90,c1,event,566.0,46.0,102.62903777692449,3.0,0.8568
2026-03-27,v8_dynamic,90,c2,event,712.0,50.0,110.38331017125856,3.0,0.8568
2026-03-27,v8_dynamic,90,c3,event,138.0,44.0,100.92326605263789,5.0,1.428
2026-03-27,v8_dynamic,90,c4,event,92.0,38.0,99.69318744307817,5.0,1.428
2026-03-27,v8_dynamic,90,c5,event,-458.0,24.0,93.18444254358603,4.0,1.1424
2026-03-27,v8_dynamic,90,c6,event,-746.0,28.000000000000004,92.29781071499747,3.0,0.8568
2026-03-27,v8_dynamic,90,hist_diff,event,218.0,38.0,102.38093746724844,5.0,1.428
2026-03-27,v8_dynamic,90,hist_payout,event,408.0,46.0,102.44735250607458,6.0,1.7136
2026-03-27,v8_dynamic,90,hist_winrate,event,296.0,38.0,100.27129970031275,4.0,1.1424
2026-03-27,v8_dynamic,90,hist_hit_an,event,636.0,46.0,106.76470017259209,7.0,1.9992
2026-03-28,v6a_hit_an,90,c1,non_event,1130.0,60.0,107.22448711017691,5.0,1.428
2026-03-28,v6a_hit_an,90,c2,non_event,218.0,48.0,101.03651947042516,2.0,0.5712
2026-03-28,v6a_hit_an,90,c3,non_event,1056.0,50.0,114.50094491475379,9.0,2.5704
2026-03-28,v6a_hit_an,90,c4,non_event,618.0,40.0,105.39242733697432,7.0,1.9992
2026-03-28,v6a_hit_an,90,c5,non_event,1014.0,42.0,117.70002104492764,8.0,2.2848
2026-03-28,v6a_hit_an,90,c6,non_event,406.0,44.0,112.37223060185066,7.0,1.9992
2026-03-28,v6a_hit_an,90,hist_diff,non_event,1262.0,56.00000000000001,109.82813608345332,7.0,1.9992
2026-03-28,v6a_hit_an,90,hist_payout,non_event,154.0,40.0,102.24257855665081,5.0,1.428
2026-03-28,v6a_hit_an,90,hist_winrate,non_event,316.0,50.0,100.20452401633288,1.0,0.2856
2026-03-28,v6a_hit_an,90,hist_hit_an,non_event,190.0,42.0,103.50285544958162,5.0,1.428
2026-03-28,v8_dynamic,90,c1,non_event,1064.0,57.99999999999999,106.7619778780317,5.0,1.428
2026-03-28,v8_dynamic,90,c2,non_event,218.0,48.0,101.03651947042516,2.0,0.5712
2026-03-28,v8_dynamic,90,c3,non_event,992.0,50.0,113.22297042434757,8.0,2.2848
2026-03-28,v8_dynamic,90,c4,non_event,544.0,40.0,105.09107819404748,7.0,1.9992
2026-03-28,v8_dynamic,90,c5,non_event,590.0,38.0,106.90144892853732,6.0,1.7136
2026-03-28,v8_dynamic,90,c6,non_event,320.0,42.0,111.35224471359969,6.0,1.7136
2026-03-28,v8_dynamic,90,hist_diff,non_event,1050.0,54.0,108.24144584102261,6.0,1.7136
2026-03-28,v8_dynamic,90,hist_payout,non_event,154.0,40.0,102.24257855665081,5.0,1.428
2026-03-28,v8_dynamic,90,hist_winrate,non_event,448.0,50.0,101.70027194476863,2.0,0.5712
2026-03-28,v8_dynamic,90,hist_hit_an,non_event,560.0,46.0,106.61405097257511,6.0,1.7136
2026-03-29,v6a_hit_an,90,c1,non_event,-316.0,30.0,93.64521274215306,4.0,1.1424
2026-03-29,v6a_hit_an,90,c2,non_event,-288.0,36.0,96.09904488172117,4.0,1.1424
2026-03-29,v6a_hit_an,90,c3,non_event,-262.0,36.0,93.65667800582987,3.0,0.8568
2026-03-29,v6a_hit_an,90,c4,non_event,478.0,48.0,104.32776605618471,10.0,2.856
2026-03-29,v6a_hit_an,90,c5,non_event,844.0,54.0,106.85204063166181,9.0,2.5704
2026-03-29,v6a_hit_an,90,c6,non_event,-850.0,28.000000000000004,93.85897494774517,2.0,0.5712
2026-03-29,v6a_hit_an,90,hist_diff,non_event,-662.0,26.0,93.38885486349508,3.0,0.8568
2026-03-29,v6a_hit_an,90,hist_payout,non_event,-458.0,32.0,97.81374031426509,5.0,1.428
2026-03-29,v6a_hit_an,90,hist_winrate,non_event,-44.0,40.0,99.5340931635045,3.0,0.8568
2026-03-29,v6a_hit_an,90,hist_hit_an,non_event,-886.0,18.0,91.29816196421685,3.0,0.8568
2026-03-29,v8_dynamic,90,c1,non_event,-338.0,30.0,93.3640747093056,4.0,1.1424
2026-03-29,v8_dynamic,90,c2,non_event,-312.0,36.0,95.93002048010281,4.0,1.1424
2026-03-29,v8_dynamic,90,c3,non_event,-32.0,40.0,96.24610849653399,4.0,1.1424
2026-03-29,v8_dynamic,90,c4,non_event,480.0,48.0,104.35746783359265,10.0,2.856
2026-03-29,v8_dynamic,90,c5,non_event,912.0,54.0,106.85815998552222,10.0,2.856
2026-03-29,v8_dynamic,90,c6,non_event,-38.0,34.0,98.19455946138189,3.0,0.8568
2026-03-29,v8_dynamic,90,hist_diff,non_event,-662.0,26.0,93.38885486349507,3.0,0.8568
2026-03-29,v8_dynamic,90,hist_payout,non_event,-458.0,32.0,97.81374031426509,5.0,1.428
2026-03-29,v8_dynamic,90,hist_winrate,non_event,-158.0,36.0,98.64819826468597,3.0,0.8568
2026-03-29,v8_dynamic,90,hist_hit_an,non_event,-676.0,20.0,93.41171804012876,4.0,1.1424
2026-03-30,v6a_hit_an,90,c1,non_event,-124.0,44.0,95.92200129993701,1.0,0.2856
2026-03-30,v6a_hit_an,90,c2,non_event,616.0,56.00000000000001,100.4772331185608,4.0,1.1424
2026-03-30,v6a_hit_an,90,c3,non_event,-356.0,40.0,94.58974056654486,3.0,0.8568
2026-03-30,v6a_hit_an,90,c4,non_event,30.0,38.0,94.95665390504098,7.0,1.9992
2026-03-30,v6a_hit_an,90,c5,non_event,-118.0,38.0,96.43493043752414,5.0,1.428
2026-03-30,v6a_hit_an,90,c6,non_event,-54.0,30.0,95.0059485072646,3.0,0.8568
2026-03-30,v6a_hit_an,90,hist_diff,non_event,282.0,44.0,103.14230620794149,6.0,1.7136
2026-03-30,v6a_hit_an,90,hist_payout,non_event,-212.0,36.0,98.48835983020102,4.0,1.1424
2026-03-30,v6a_hit_an,90,hist_winrate,non_event,746.0,56.00000000000001,105.5941736441032,2.0,0.5712
2026-03-30,v6a_hit_an,90,hist_hit_an,non_event,594.0,48.0,105.5711964273407,6.0,1.7136
2026-03-30,v8_dynamic,90,c1,non_event,-124.0,44.0,95.92200129993701,1.0,0.2856
2026-03-30,v8_dynamic,90,c2,non_event,520.0,54.0,100.38425048994485,4.0,1.1424
2026-03-30,v8_dynamic,90,c3,non_event,-334.0,40.0,95.14631283810421,3.0,0.8568
2026-03-30,v8_dynamic,90,c4,non_event,-88.0,38.0,94.3957754496965,6.0,1.7136
2026-03-30,v8_dynamic,90,c5,non_event,-26.0,38.0,96.8074182766033,5.0,1.428
2026-03-30,v8_dynamic,90,c6,non_event,-8.0,38.0,96.3284303919905,3.0,0.8568
2026-03-30,v8_dynamic,90,hist_diff,non_event,282.0,44.0,103.14230620794149,6.0,1.7136
2026-03-30,v8_dynamic,90,hist_payout,non_event,-212.0,36.0,98.48835983020102,4.0,1.1424
2026-03-30,v8_dynamic,90,hist_winrate,non_event,610.0,52.0,104.39586535260356,2.0,0.5712
2026-03-30,v8_dynamic,90,hist_hit_an,non_event,690.0,50.0,106.21785659174658,6.0,1.7136
2026-03-31,v6a_hit_an,90,c1,event,34.0,36.0,99.53833184743972,4.0,1.1424
2026-03-31,v6a_hit_an,90,c2,event,590.0,38.0,104.29455132779414,8.0,2.2848
2026-03-31,v6a_hit_an,90,c3,event,206.0,42.0,99.15861085383953,4.0,1.1424
2026-03-31,v6a_hit_an,90,c4,event,448.0,44.0,102.27389389885131,5.0,1.428
2026-03-31,v6a_hit_an,90,c5,event,-514.0,36.0,95.17374436397229,3.0,0.8568
2026-03-31,v6a_hit_an,90,c6,event,-354.0,44.0,97.92992541467524,4.0,1.1424
2026-03-31,v6a_hit_an,90,hist_diff,event,422.0,32.0,103.38738780870574,7.0,1.9992
2026-03-31,v6a_hit_an,90,hist_payout,event,684.0,40.0,107.93178062977053,8.0,2.2848
2026-03-31,v6a_hit_an,90,hist_winrate,event,-40.0,42.0,97.82583724732014,2.0,0.5712
2026-03-31,v6a_hit_an,90,hist_hit_an,event,450.0,36.0,104.0099543418543,8.0,2.2848
2026-03-31,v8_dynamic,90,c1,event,34.0,36.0,99.5383318474397,4.0,1.1424
2026-03-31,v8_dynamic,90,c2,event,768.0,42.0,106.55673394041717,8.0,2.2848
2026-03-31,v8_dynamic,90,c3,event,206.0,42.0,99.15861085383955,4.0,1.1424
2026-03-31,v8_dynamic,90,c4,event,654.0,48.0,103.81271493594232,6.0,1.7136
2026-03-31,v8_dynamic,90,c5,event,-442.0,38.0,95.50028907593986,4.0,1.1424
2026-03-31,v8_dynamic,90,c6,event,-384.0,40.0,96.3628063943782,3.0,0.8568
2026-03-31,v8_dynamic,90,hist_diff,event,422.0,32.0,103.38738780870575,7.0,1.9992
2026-03-31,v8_dynamic,90,hist_payout,event,684.0,40.0,107.93178062977053,8.0,2.2848
2026-03-31,v8_dynamic,90,hist_winrate,event,-72.0,40.0,97.60258123571386,2.0,0.5712
2026-03-31,v8_dynamic,90,hist_hit_an,event,428.0,36.0,103.87233673488146,7.0,1.9992
2026-04-01,v6a_hit_an,90,c1,event,-368.0,24.0,91.35120292088551,5.0,1.428
2026-04-01,v6a_hit_an,90,c2,event,1554.0,52.0,113.42673559191321,8.0,2.2848
2026-04-01,v6a_hit_an,90,c3,event,876.0,64.0,102.93869731014107,2.0,0.5712
2026-04-01,v6a_hit_an,90,c4,event,-122.0,34.0,98.43663769883891,5.0,1.428
2026-04-01,v6a_hit_an,90,c5,event,-658.0,38.0,96.85996139786363,1.0,0.2856
2026-04-01,v6a_hit_an,90,c6,event,-56.0,38.0,97.46898447912285,5.0,1.428
2026-04-01,v6a_hit_an,90,hist_diff,event,302.0,42.0,99.22377233974272,5.0,1.428
2026-04-01,v6a_hit_an,90,hist_payout,event,-304.0,30.0,96.60605926607633,4.0,1.1424
2026-04-01,v6a_hit_an,90,hist_winrate,event,480.0,46.0,100.97866864063971,5.0,1.428
2026-04-01,v6a_hit_an,90,hist_hit_an,event,596.0,46.0,106.57430919223692,7.0,1.9992
2026-04-01,v8_dynamic,90,c1,event,-350.0,24.0,91.73906761137332,5.0,1.428
2026-04-01,v8_dynamic,90,c2,event,1594.0,54.0,113.62089182696207,9.0,2.5704
2026-04-01,v8_dynamic,90,c3,event,852.0,64.0,102.74629601015302,2.0,0.5712
2026-04-01,v8_dynamic,90,c4,event,-208.0,32.0,97.86380391674486,5.0,1.428
2026-04-01,v8_dynamic,90,c5,event,-576.0,42.0,97.0779102477994,1.0,0.2856
2026-04-01,v8_dynamic,90,c6,event,-32.0,36.0,95.92441776916229,4.0,1.1424
2026-04-01,v8_dynamic,90,hist_diff,event,302.0,42.0,99.22377233974272,5.0,1.428
2026-04-01,v8_dynamic,90,hist_payout,event,-304.0,30.0,96.60605926607633,4.0,1.1424
2026-04-01,v8_dynamic,90,hist_winrate,event,552.0,46.0,101.72170269636723,5.0,1.428
2026-04-01,v8_dynamic,90,hist_hit_an,event,394.0,44.0,103.5508420032294,6.0,1.7136
2026-04-02,v6a_hit_an,90,c1,non_event,82.0,28.000000000000004,104.5036397924799,3.0,0.8568
2026-04-02,v6a_hit_an,90,c2,non_event,264.0,34.0,98.7014186166739,4.0,1.1424
2026-04-02,v6a_hit_an,90,c3,non_event,222.0,40.0,101.32740562240627,4.0,1.1424
2026-04-02,v6a_hit_an,90,c4,non_event,-172.0,32.0,96.07989725988195,3.0,0.8568
2026-04-02,v6a_hit_an,90,c5,non_event,372.0,32.0,98.28168942000332,4.0,1.1424
2026-04-02,v6a_hit_an,90,c6,non_event,646.0,40.0,106.75195274349723,7.0,1.9992
2026-04-02,v6a_hit_an,90,hist_diff,non_event,510.0,42.0,99.90493124359563,6.0,1.7136
2026-04-02,v6a_hit_an,90,hist_payout,non_event,990.0,44.0,105.29702520526092,10.0,2.856
2026-04-02,v6a_hit_an,90,hist_winrate,non_event,498.0,36.0,100.91464504808515,4.0,1.1424
2026-04-02,v6a_hit_an,90,hist_hit_an,non_event,568.0,36.0,100.7906861609536,6.0,1.7136
2026-04-02,v8_dynamic,90,c1,non_event,68.0,26.0,104.34983279534292,3.0,0.8568
2026-04-02,v8_dynamic,90,c2,non_event,246.0,34.0,98.23747244670275,4.0,1.1424
2026-04-02,v8_dynamic,90,c3,non_event,272.0,40.0,101.84987708955514,4.0,1.1424
2026-04-02,v8_dynamic,90,c4,non_event,-236.0,32.0,95.93012005870965,2.0,0.5712
2026-04-02,v8_dynamic,90,c5,non_event,618.0,34.0,100.06620931481513,5.0,1.428
2026-04-02,v8_dynamic,90,c6,non_event,6.0,30.0,98.0987760397456,3.0,0.8568
2026-04-02,v8_dynamic,90,hist_diff,non_event,506.0,42.0,99.80922811236657,6.0,1.7136
2026-04-02,v8_dynamic,90,hist_payout,non_event,990.0,44.0,105.29702520526092,10.0,2.856
2026-04-02,v8_dynamic,90,hist_winrate,non_event,494.0,36.0,100.82533544160471,4.0,1.1424
2026-04-02,v8_dynamic,90,hist_hit_an,non_event,532.0,36.0,100.73126453441375,6.0,1.7136
2026-04-03,v6a_hit_an,90,c1,non_event,-130.0,26.0,94.20703181692814,5.0,1.428
2026-04-03,v6a_hit_an,90,c2,non_event,356.0,34.0,107.26782705221923,5.0,1.428
2026-04-03,v6a_hit_an,90,c3,non_event,-376.0,30.0,94.96416017973607,3.0,0.8568
2026-04-03,v6a_hit_an,90,c4,non_event,354.0,42.0,101.76215524505426,6.0,1.7136
2026-04-03,v6a_hit_an,90,c5,non_event,206.0,36.0,105.19477458611988,5.0,1.428
2026-04-03,v6a_hit_an,90,c6,non_event,-394.0,32.0,93.8314207493414,2.0,0.5712
2026-04-03,v6a_hit_an,90,hist_diff,non_event,-68.0,38.0,100.86885933362382,3.0,0.8568
2026-04-03,v6a_hit_an,90,hist_payout,non_event,-524.0,32.0,94.83315242002423,1.0,0.2856
2026-04-03,v6a_hit_an,90,hist_winrate,non_event,-148.0,34.0,96.29445827954682,0.0,0.0
2026-04-03,v6a_hit_an,90,hist_hit_an,non_event,354.0,40.0,109.3000595505004,4.0,1.1424
2026-04-03,v8_dynamic,90,c1,non_event,-130.0,26.0,94.20703181692816,5.0,1.428
2026-04-03,v8_dynamic,90,c2,non_event,346.0,32.0,107.40989033426727,5.0,1.428
2026-04-03,v8_dynamic,90,c3,non_event,-388.0,28.000000000000004,94.58261976870779,3.0,0.8568
2026-04-03,v8_dynamic,90,c4,non_event,272.0,40.0,101.5921567156478,6.0,1.7136
2026-04-03,v8_dynamic,90,c5,non_event,116.0,34.0,103.8932381472725,4.0,1.1424
2026-04-03,v8_dynamic,90,c6,non_event,70.0,40.0,100.44328242018253,3.0,0.8568
2026-04-03,v8_dynamic,90,hist_diff,non_event,-90.0,36.0,100.07522251145733,3.0,0.8568
2026-04-03,v8_dynamic,90,hist_payout,non_event,-524.0,32.0,94.83315242002423,1.0,0.2856
2026-04-03,v8_dynamic,90,hist_winrate,non_event,-2.0,36.0,97.28945777527683,1.0,0.2856
2026-04-03,v8_dynamic,90,hist_hit_an,non_event,148.0,38.0,105.56945245059914,3.0,0.8568
2026-04-04,v6a_hit_an,90,c1,non_event,982.0,48.0,105.13906428657211,5.0,1.428
2026-04-04,v6a_hit_an,90,c2,non_event,380.0,48.0,102.13566863839723,5.0,1.428
2026-04-04,v6a_hit_an,90,c3,non_event,450.0,46.0,103.90610377036798,7.0,1.9992
2026-04-04,v6a_hit_an,90,c4,non_event,942.0,42.0,109.73924575725503,7.0,1.9992
2026-04-04,v6a_hit_an,90,c5,non_event,-684.0,36.0,97.54520810960524,3.0,0.8568
2026-04-04,v6a_hit_an,90,c6,non_event,-366.0,34.0,97.10835811832638,2.0,0.5712
2026-04-04,v6a_hit_an,90,hist_diff,non_event,1426.0,54.0,109.31005611587761,10.0,2.856
2026-04-04,v6a_hit_an,90,hist_payout,non_event,504.0,44.0,105.66137035170135,6.0,1.7136
2026-04-04,v6a_hit_an,90,hist_winrate,non_event,570.0,54.0,102.93238085691843,2.0,0.5712
2026-04-04,v6a_hit_an,90,hist_hit_an,non_event,-206.0,44.0,99.37260894762481,3.0,0.8568
2026-04-04,v8_dynamic,90,c1,non_event,982.0,48.0,105.13906428657211,5.0,1.428
2026-04-04,v8_dynamic,90,c2,non_event,212.0,46.0,101.12879035184721,4.0,1.1424
2026-04-04,v8_dynamic,90,c3,non_event,368.0,44.0,103.02433829626273,7.0,1.9992
2026-04-04,v8_dynamic,90,c4,non_event,968.0,42.0,109.85284866919464,7.0,1.9992
2026-04-04,v8_dynamic,90,c5,non_event,-496.0,40.0,98.74737385879811,4.0,1.1424
2026-04-04,v8_dynamic,90,c6,non_event,-482.0,30.0,98.2551461524544,2.0,0.5712
2026-04-04,v8_dynamic,90,hist_diff,non_event,1426.0,54.0,109.3100561158776,10.0,2.856
2026-04-04,v8_dynamic,90,hist_payout,non_event,504.0,44.0,105.66137035170135,6.0,1.7136
2026-04-04,v8_dynamic,90,hist_winrate,non_event,520.0,50.0,102.47879014922256,2.0,0.5712
2026-04-04,v8_dynamic,90,hist_hit_an,non_event,-266.0,42.0,99.0431538414747,3.0,0.8568
2026-04-05,v6a_hit_an,90,c1,non_event,60.0,36.0,98.99386242023175,5.0,1.428
2026-04-05,v6a_hit_an,90,c2,non_event,638.0,46.0,103.57383906089014,4.0,1.1424
2026-04-05,v6a_hit_an,90,c3,non_event,96.0,38.0,100.98026790250495,8.0,2.2848
2026-04-05,v6a_hit_an,90,c4,non_event,714.0,48.0,103.64812969031854,7.0,1.9992
2026-04-05,v6a_hit_an,90,c5,non_event,168.0,44.0,99.00057713212428,3.0,0.8568
2026-04-05,v6a_hit_an,90,c6,non_event,136.0,38.0,103.04876765340738,5.0,1.428
2026-04-05,v6a_hit_an,90,hist_diff,non_event,-176.0,34.0,98.7962752641017,4.0,1.1424
2026-04-05,v6a_hit_an,90,hist_payout,non_event,-440.0,28.000000000000004,97.37288932074951,4.0,1.1424
2026-04-05,v6a_hit_an,90,hist_winrate,non_event,-146.0,42.0,100.45993692236718,2.0,0.5712
2026-04-05,v6a_hit_an,90,hist_hit_an,non_event,-416.0,36.0,98.90817247757262,4.0,1.1424
2026-04-05,v8_dynamic,90,c1,non_event,-28.0,34.0,98.14258680187385,4.0,1.1424
2026-04-05,v8_dynamic,90,c2,non_event,652.0,46.0,103.5366460882021,4.0,1.1424
2026-04-05,v8_dynamic,90,c3,non_event,96.0,38.0,100.98026790250492,8.0,2.2848
2026-04-05,v8_dynamic,90,c4,non_event,700.0,48.0,103.51607913381979,7.0,1.9992
2026-04-05,v8_dynamic,90,c5,non_event,14.0,42.0,97.69302974842574,2.0,0.5712
2026-04-05,v8_dynamic,90,c6,non_event,-308.0,34.0,96.53740349809362,3.0,0.8568
2026-04-05,v8_dynamic,90,hist_diff,non_event,-176.0,34.0,98.7962752641017,4.0,1.1424
2026-04-05,v8_dynamic,90,hist_payout,non_event,-440.0,28.000000000000004,97.37288932074951,4.0,1.1424
2026-04-05,v8_dynamic,90,hist_winrate,non_event,-222.0,40.0,99.49638738284582,1.0,0.2856
2026-04-05,v8_dynamic,90,hist_hit_an,non_event,-270.0,40.0,100.75676721306023,4.0,1.1424
2026-04-06,v6a_hit_an,90,c1,non_event,344.0,34.0,97.62824307491532,5.0,1.428
2026-04-06,v6a_hit_an,90,c2,non_event,628.0,38.0,103.69124376020605,7.0,1.9992
2026-04-06,v6a_hit_an,90,c3,non_event,-20.0,38.0,98.88970413138604,3.0,0.8568
2026-04-06,v6a_hit_an,90,c4,non_event,180.0,40.0,95.41354154975772,4.0,1.1424
2026-04-06,v6a_hit_an,90,c5,non_event,-54.0,36.0,94.95634600239947,6.0,1.7136
2026-04-06,v6a_hit_an,90,c6,non_event,374.0,36.0,96.78805967603189,7.0,1.9992
2026-04-06,v6a_hit_an,90,hist_diff,non_event,140.0,30.0,97.73681874782791,7.0,1.9992
2026-04-06,v6a_hit_an,90,hist_payout,non_event,24.0,34.0,98.41655270132767,4.0,1.1424
2026-04-06,v6a_hit_an,90,hist_winrate,non_event,196.0,42.0,100.87187514803905,3.0,0.8568
2026-04-06,v6a_hit_an,90,hist_hit_an,non_event,382.0,34.0,102.91525467024181,5.0,1.428
2026-04-06,v8_dynamic,90,c1,non_event,88.0,32.0,95.73687664542999,3.0,0.8568
2026-04-06,v8_dynamic,90,c2,non_event,716.0,42.0,104.72259228418967,7.0,1.9992
2026-04-06,v8_dynamic,90,c3,non_event,-4.0,36.0,98.76277171968475,3.0,0.8568
2026-04-06,v8_dynamic,90,c4,non_event,60.0,36.0,95.40797986622135,4.0,1.1424
2026-04-06,v8_dynamic,90,c5,non_event,-64.0,38.0,95.15272016846632,6.0,1.7136
2026-04-06,v8_dynamic,90,c6,non_event,480.0,44.0,100.02072014130091,9.0,2.5704
2026-04-06,v8_dynamic,90,hist_diff,non_event,140.0,30.0,97.73681874782793,7.0,1.9992
2026-04-06,v8_dynamic,90,hist_payout,non_event,24.0,34.0,98.41655270132767,4.0,1.1424
2026-04-06,v8_dynamic,90,hist_winrate,non_event,114.0,40.0,100.2785752556154,3.0,0.8568
2026-04-06,v8_dynamic,90,hist_hit_an,non_event,398.0,36.0,103.42491372835144,5.0,1.428
2026-04-07,v6a_hit_an,90,c1,event,36.0,40.0,97.3882854077106,1.0,0.2856
2026-04-07,v6a_hit_an,90,c2,event,302.0,40.0,101.37305998185394,4.0,1.1424
2026-04-07,v6a_hit_an,90,c3,event,-76.0,36.0,97.41587531648665,4.0,1.1424
2026-04-07,v6a_hit_an,90,c4,event,-110.0,34.0,96.86188437300034,3.0,0.8568
2026-04-07,v6a_hit_an,90,c5,event,204.0,34.0,99.87950133743657,5.0,1.428
2026-04-07,v6a_hit_an,90,c6,event,-116.0,32.0,102.46526633743868,5.0,1.428
2026-04-07,v6a_hit_an,90,hist_diff,event,-264.0,40.0,94.66086270466513,5.0,1.428
2026-04-07,v6a_hit_an,90,hist_payout,event,-8.0,40.0,98.4763152288653,5.0,1.428
2026-04-07,v6a_hit_an,90,hist_winrate,event,526.0,48.0,102.86331998714459,2.0,0.5712
2026-04-07,v6a_hit_an,90,hist_hit_an,event,732.0,46.0,104.37309984452189,6.0,1.7136
2026-04-07,v8_dynamic,90,c1,event,70.0,40.0,97.7699121531134,1.0,0.2856
2026-04-07,v8_dynamic,90,c2,event,162.0,38.0,100.0473882410304,4.0,1.1424
2026-04-07,v8_dynamic,90,c3,event,92.0,38.0,98.2439136739857,4.0,1.1424
2026-04-07,v8_dynamic,90,c4,event,90.0,38.0,98.3520335732982,3.0,0.8568
2026-04-07,v8_dynamic,90,c5,event,50.0,32.0,98.8845998284906,5.0,1.428
2026-04-07,v8_dynamic,90,c6,event,-4.0,34.0,103.07284728531864,4.0,1.1424
2026-04-07,v8_dynamic,90,hist_diff,event,-264.0,40.0,94.66086270466513,5.0,1.428
2026-04-07,v8_dynamic,90,hist_payout,event,-8.0,40.0,98.4763152288653,5.0,1.428
2026-04-07,v8_dynamic,90,hist_winrate,event,432.0,46.0,102.0328678374601,2.0,0.5712
2026-04-07,v8_dynamic,90,hist_hit_an,event,796.0,48.0,104.76474530414627,6.0,1.7136
2026-04-08,v6a_hit_an,90,c1,non_event,1166.0,38.0,108.96848539444164,8.0,2.2848
2026-04-08,v6a_hit_an,90,c2,non_event,744.0,36.0,106.19270590026059,6.0,1.7136
2026-04-08,v6a_hit_an,90,c3,non_event,548.0,34.0,101.49107186028142,7.0,1.9992
2026-04-08,v6a_hit_an,90,c4,non_event,240.0,42.0,102.96016648299293,4.0,1.1424
2026-04-08,v6a_hit_an,90,c5,non_event,276.0,36.0,106.51399374868392,5.0,1.428
2026-04-08,v6a_hit_an,90,c6,non_event,-208.0,32.0,96.3565417319798,2.0,0.5712
2026-04-08,v6a_hit_an,90,hist_diff,non_event,-154.0,30.0,94.15671961436078,1.0,0.2856
2026-04-08,v6a_hit_an,90,hist_payout,non_event,-414.0,28.000000000000004,92.29671346237659,1.0,0.2856
2026-04-08,v6a_hit_an,90,hist_winrate,non_event,-36.0,40.0,96.77923416947152,0.0,0.0
2026-04-08,v6a_hit_an,90,hist_hit_an,non_event,590.0,46.0,106.61701886141147,4.0,1.1424
2026-04-08,v8_dynamic,90,c1,non_event,1146.0,38.0,108.52215563529897,8.0,2.2848
2026-04-08,v8_dynamic,90,c2,non_event,754.0,34.0,106.04114341675293,6.0,1.7136
2026-04-08,v8_dynamic,90,c3,non_event,570.0,36.0,101.759750913272,7.0,1.9992
2026-04-08,v8_dynamic,90,c4,non_event,198.0,42.0,102.67254289278037,4.0,1.1424
2026-04-08,v8_dynamic,90,c5,non_event,546.0,40.0,108.517616356282,6.0,1.7136
2026-04-08,v8_dynamic,90,c6,non_event,-230.0,32.0,94.90746086547408,2.0,0.5712
2026-04-08,v8_dynamic,90,hist_diff,non_event,-154.0,30.0,94.15671961436078,1.0,0.2856
2026-04-08,v8_dynamic,90,hist_payout,non_event,-414.0,28.000000000000004,92.29671346237659,1.0,0.2856
2026-04-08,v8_dynamic,90,hist_winrate,non_event,92.0,40.0,98.368306697181,1.0,0.2856
2026-04-08,v8_dynamic,90,hist_hit_an,non_event,728.0,48.0,108.29941224887399,5.0,1.428
2026-04-09,v6a_hit_an,90,c1,non_event,-254.0,26.0,95.60536504053232,1.0,0.2856
2026-04-09,v6a_hit_an,90,c2,non_event,-396.0,26.0,90.4807528552346,0.0,0.0
2026-04-09,v6a_hit_an,90,c3,non_event,168.0,36.0,104.75963202669891,4.0,1.1424
2026-04-09,v6a_hit_an,90,c4,non_event,-32.0,34.0,100.63535083220198,5.0,1.428
2026-04-09,v6a_hit_an,90,c5,non_event,-288.0,32.0,94.49897284535143,5.0,1.428
2026-04-09,v6a_hit_an,90,c6,non_event,432.0,38.0,99.27688669985997,5.0,1.428
2026-04-09,v6a_hit_an,90,hist_diff,non_event,-20.0,38.0,97.67381173099722,3.0,0.8568
2026-04-09,v6a_hit_an,90,hist_payout,non_event,332.0,38.0,101.8724560764266,4.0,1.1424
2026-04-09,v6a_hit_an,90,hist_winrate,non_event,50.0,36.0,96.34267939093526,2.0,0.5712
2026-04-09,v6a_hit_an,90,hist_hit_an,non_event,-450.0,36.0,97.66017552873653,1.0,0.2856
2026-04-09,v8_dynamic,90,c1,non_event,-254.0,26.0,95.60536504053232,1.0,0.2856
2026-04-09,v8_dynamic,90,c2,non_event,-334.0,28.000000000000004,91.62958577058762,0.0,0.0
2026-04-09,v8_dynamic,90,c3,non_event,108.0,34.0,103.94616256373534,4.0,1.1424
2026-04-09,v8_dynamic,90,c4,non_event,-32.0,34.0,100.63535083220198,5.0,1.428
2026-04-09,v8_dynamic,90,c5,non_event,-340.0,30.0,93.23129348250363,5.0,1.428
2026-04-09,v8_dynamic,90,c6,non_event,-154.0,34.0,95.45990054511321,3.0,0.8568
2026-04-09,v8_dynamic,90,hist_diff,non_event,-20.0,38.0,97.67381173099722,3.0,0.8568
2026-04-09,v8_dynamic,90,hist_payout,non_event,332.0,38.0,101.8724560764266,4.0,1.1424
2026-04-09,v8_dynamic,90,hist_winrate,non_event,36.0,38.0,96.91948221968728,2.0,0.5712
2026-04-09,v8_dynamic,90,hist_hit_an,non_event,-416.0,38.0,96.99101126740852,2.0,0.5712
2026-04-10,v6a_hit_an,90,c1,non_event,534.0,38.0,98.43212400099355,5.0,1.428
2026-04-10,v6a_hit_an,90,c2,non_event,250.0,42.0,97.62350101718687,5.0,1.428
2026-04-10,v6a_hit_an,90,c3,non_event,192.0,36.0,99.12471021747416,6.0,1.7136
2026-04-10,v6a_hit_an,90,c4,non_event,484.0,40.0,99.64613493121557,5.0,1.428
2026-04-10,v6a_hit_an,90,c5,non_event,140.0,30.0,97.01812920116167,5.0,1.428
2026-04-10,v6a_hit_an,90,c6,non_event,-70.0,34.0,94.4377320084427,4.0,1.1424
2026-04-10,v6a_hit_an,90,hist_diff,non_event,194.0,30.0,90.32362639753428,5.0,1.428
2026-04-10,v6a_hit_an,90,hist_payout,non_event,238.0,28.000000000000004,98.39958913895308,5.0,1.428
2026-04-10,v6a_hit_an,90,hist_winrate,non_event,-186.0,30.0,96.57848880438397,2.0,0.5712
2026-04-10,v6a_hit_an,90,hist_hit_an,non_event,144.0,30.0,96.57102728803628,6.0,1.7136
2026-04-10,v8_dynamic,90,c1,non_event,556.0,38.0,98.53896784871012,5.0,1.428
2026-04-10,v8_dynamic,90,c2,non_event,196.0,40.0,96.93486812406985,4.0,1.1424
2026-04-10,v8_dynamic,90,c3,non_event,156.0,36.0,100.40141107082529,6.0,1.7136
2026-04-10,v8_dynamic,90,c4,non_event,600.0,42.0,102.3043916558929,6.0,1.7136
2026-04-10,v8_dynamic,90,c5,non_event,130.0,30.0,96.87924031227277,5.0,1.428
2026-04-10,v8_dynamic,90,c6,non_event,-242.0,32.0,95.27021283881392,3.0,0.8568
2026-04-10,v8_dynamic,90,hist_diff,non_event,194.0,30.0,90.32362639753427,5.0,1.428
2026-04-10,v8_dynamic,90,hist_payout,non_event,238.0,28.000000000000004,98.39958913895308,5.0,1.428
2026-04-10,v8_dynamic,90,hist_winrate,non_event,-226.0,28.000000000000004,96.22993510505351,2.0,0.5712
2026-04-10,v8_dynamic,90,hist_hit_an,non_event,-190.0,28.000000000000004,94.2656565670755,5.0,1.428
2026-04-11,v6a_hit_an,90,c1,event,692.0,52.0,107.72785235557244,4.0,1.1424
2026-04-11,v6a_hit_an,90,c2,event,792.0,50.0,107.64017835539985,6.0,1.7136
2026-04-11,v6a_hit_an,90,c3,event,426.0,50.0,103.61865521984178,5.0,1.428
2026-04-11,v6a_hit_an,90,c4,event,528.0,46.0,105.38204143909506,7.0,1.9992
2026-04-11,v6a_hit_an,90,c5,event,400.0,46.0,102.21419573764607,3.0,0.8568
2026-04-11,v6a_hit_an,90,c6,event,58.0,44.0,102.11036765883993,6.0,1.7136
2026-04-11,v6a_hit_an,90,hist_diff,event,850.0,44.0,107.85052642756602,6.0,1.7136
2026-04-11,v6a_hit_an,90,hist_payout,event,924.0,52.0,106.99001415696351,7.0,1.9992
2026-04-11,v6a_hit_an,90,hist_winrate,event,38.0,44.0,100.12250134154179,1.0,0.2856
2026-04-11,v6a_hit_an,90,hist_hit_an,event,514.0,46.0,103.04522749554735,5.0,1.428
2026-04-11,v8_dynamic,90,c1,event,692.0,52.0,107.72785235557244,4.0,1.1424
2026-04-11,v8_dynamic,90,c2,event,874.0,52.0,108.19765908238665,6.0,1.7136
2026-04-11,v8_dynamic,90,c3,event,568.0,54.0,104.78099799727202,5.0,1.428
2026-04-11,v8_dynamic,90,c4,event,416.0,44.0,104.3941257647544,6.0,1.7136
2026-04-11,v8_dynamic,90,c5,event,238.0,44.0,100.991294894978,3.0,0.8568
2026-04-11,v8_dynamic,90,c6,event,844.0,50.0,104.39420555232867,7.0,1.9992
2026-04-11,v8_dynamic,90,hist_diff,event,850.0,44.0,107.85052642756602,6.0,1.7136
2026-04-11,v8_dynamic,90,hist_payout,event,924.0,52.0,106.99001415696351,7.0,1.9992
2026-04-11,v8_dynamic,90,hist_winrate,event,22.0,42.0,100.00005357204833,1.0,0.2856
2026-04-11,v8_dynamic,90,hist_hit_an,event,356.0,46.0,101.96205844800522,4.0,1.1424
2026-04-12,v6a_hit_an,90,c1,non_event,388.0,46.0,102.12425863759616,5.0,1.428
2026-04-12,v6a_hit_an,90,c2,non_event,-290.0,32.0,96.71326241920035,3.0,0.8568
2026-04-12,v6a_hit_an,90,c3,non_event,346.0,42.0,102.20652495263104,4.0,1.1424
2026-04-12,v6a_hit_an,90,c4,non_event,94.0,40.0,99.43723818357493,7.0,1.9992
2026-04-12,v6a_hit_an,90,c5,non_event,-38.0,38.0,100.93814043095621,5.0,1.428
2026-04-12,v6a_hit_an,90,c6,non_event,618.0,48.0,105.31970251511237,5.0,1.428
2026-04-12,v6a_hit_an,90,hist_diff,non_event,336.0,36.0,102.88893941878985,5.0,1.428
2026-04-12,v6a_hit_an,90,hist_payout,non_event,346.0,36.0,105.17143777022962,7.0,1.9992
2026-04-12,v6a_hit_an,90,hist_winrate,non_event,-452.0,36.0,95.35461186845342,0.0,0.0
2026-04-12,v6a_hit_an,90,hist_hit_an,non_event,-502.0,32.0,97.70074075273797,3.0,0.8568
2026-04-12,v8_dynamic,90,c1,non_event,376.0,46.0,102.0531761404252,5.0,1.428
2026-04-12,v8_dynamic,90,c2,non_event,-246.0,34.0,96.79699382815151,3.0,0.8568
2026-04-12,v8_dynamic,90,c3,non_event,340.0,42.0,102.05343173719444,4.0,1.1424
2026-04-12,v8_dynamic,90,c4,non_event,94.0,40.0,99.43723818357493,7.0,1.9992
2026-04-12,v8_dynamic,90,c5,non_event,-276.0,36.0,99.72846597975064,4.0,1.1424
2026-04-12,v8_dynamic,90,c6,non_event,588.0,46.0,104.25239359098155,6.0,1.7136
2026-04-12,v8_dynamic,90,hist_diff,non_event,336.0,36.0,102.88893941878985,5.0,1.428
2026-04-12,v8_dynamic,90,hist_payout,non_event,346.0,36.0,105.17143777022962,7.0,1.9992
2026-04-12,v8_dynamic,90,hist_winrate,non_event,-592.0,34.0,94.574957184099,0.0,0.0
2026-04-12,v8_dynamic,90,hist_hit_an,non_event,-474.0,30.0,98.31106008849385,3.0,0.8568
2026-04-13,v6a_hit_an,90,c1,non_event,-82.0,24.0,91.81303165852943,3.0,0.8568
2026-04-13,v6a_hit_an,90,c2,non_event,-544.0,30.0,90.44831772800151,0.0,0.0
2026-04-13,v6a_hit_an,90,c3,non_event,-110.0,36.0,97.78577457779967,6.0,1.7136
2026-04-13,v6a_hit_an,90,c4,non_event,-200.0,32.0,92.88108483784828,2.0,0.5712
2026-04-13,v6a_hit_an,90,c5,non_event,184.0,38.0,106.92711590652027,4.0,1.1424
2026-04-13,v6a_hit_an,90,c6,non_event,-110.0,32.0,93.23101951339859,3.0,0.8568
2026-04-13,v6a_hit_an,90,hist_diff,non_event,-56.0,30.0,94.6335761114308,3.0,0.8568
2026-04-13,v6a_hit_an,90,hist_payout,non_event,278.0,36.0,100.55561482376046,9.0,2.5704
2026-04-13,v6a_hit_an,90,hist_winrate,non_event,-32.0,36.0,95.8552304619068,2.0,0.5712
2026-04-13,v6a_hit_an,90,hist_hit_an,non_event,350.0,34.0,98.9777707017965,7.0,1.9992
2026-04-13,v8_dynamic,90,c1,non_event,54.0,26.0,93.08172381946213,4.0,1.1424
2026-04-13,v8_dynamic,90,c2,non_event,-518.0,30.0,90.29669015738847,0.0,0.0
2026-04-13,v8_dynamic,90,c3,non_event,-260.0,38.0,98.02172656443845,5.0,1.428
2026-04-13,v8_dynamic,90,c4,non_event,-180.0,34.0,93.55460373161276,2.0,0.5712
2026-04-13,v8_dynamic,90,c5,non_event,70.0,36.0,101.53703477676726,3.0,0.8568
2026-04-13,v8_dynamic,90,c6,non_event,90.0,36.0,97.39726536659327,6.0,1.7136
2026-04-13,v8_dynamic,90,hist_diff,non_event,-56.0,30.0,94.6335761114308,3.0,0.8568
2026-04-13,v8_dynamic,90,hist_payout,non_event,278.0,36.0,100.55561482376046,9.0,2.5704
2026-04-13,v8_dynamic,90,hist_winrate,non_event,-52.0,36.0,95.54080768102948,2.0,0.5712
2026-04-13,v8_dynamic,90,hist_hit_an,non_event,240.0,36.0,98.6143160912174,7.0,1.9992
2026-04-14,v6a_hit_an,90,c1,non_event,-94.0,30.0,89.21010282053625,2.0,0.5712
2026-04-14,v6a_hit_an,90,c2,non_event,266.0,42.0,96.39404284628668,4.0,1.1424
2026-04-14,v6a_hit_an,90,c3,non_event,24.0,34.0,93.94173437946235,1.0,0.2856
2026-04-14,v6a_hit_an,90,c4,non_event,210.0,36.0,107.32910271785092,5.0,1.428
2026-04-14,v6a_hit_an,90,c5,non_event,-450.0,28.000000000000004,91.83724577424921,1.0,0.2856
2026-04-14,v6a_hit_an,90,c6,non_event,72.0,36.0,95.08189486766486,3.0,0.8568
2026-04-14,v6a_hit_an,90,hist_diff,non_event,176.0,34.0,101.1368748539325,7.0,1.9992
2026-04-14,v6a_hit_an,90,hist_payout,non_event,190.0,40.0,113.76786992546353,4.0,1.1424
2026-04-14,v6a_hit_an,90,hist_winrate,non_event,312.0,48.0,101.29627463543375,1.0,0.2856
2026-04-14,v6a_hit_an,90,hist_hit_an,non_event,240.0,44.0,103.60350454117632,5.0,1.428
2026-04-14,v8_dynamic,90,c1,non_event,8.0,32.0,91.53244929505992,2.0,0.5712
2026-04-14,v8_dynamic,90,c2,non_event,290.0,44.0,96.48615013859036,4.0,1.1424
2026-04-14,v8_dynamic,90,c3,non_event,-68.0,32.0,94.25146598644754,1.0,0.2856
2026-04-14,v8_dynamic,90,c4,non_event,50.0,34.0,105.76116277464405,4.0,1.1424
2026-04-14,v8_dynamic,90,c5,non_event,-254.0,28.000000000000004,93.99652912547668,2.0,0.5712
2026-04-14,v8_dynamic,90,c6,non_event,620.0,40.0,115.84810285090026,6.0,1.7136
2026-04-14,v8_dynamic,90,hist_diff,non_event,176.0,34.0,101.1368748539325,7.0,1.9992
2026-04-14,v8_dynamic,90,hist_payout,non_event,190.0,40.0,113.76786992546353,4.0,1.1424
2026-04-14,v8_dynamic,90,hist_winrate,non_event,336.0,50.0,101.98052910682475,1.0,0.2856
2026-04-14,v8_dynamic,90,hist_hit_an,non_event,206.0,42.0,103.64162650079614,5.0,1.428
2026-04-15,v6a_hit_an,90,c1,non_event,230.0,38.0,97.13466076362171,6.0,1.7136
2026-04-15,v6a_hit_an,90,c2,non_event,-166.0,32.0,92.5587078878521,3.0,0.8568
2026-04-15,v6a_hit_an,90,c3,non_event,36.0,40.0,96.7395022134785,5.0,1.428
2026-04-15,v6a_hit_an,90,c4,non_event,-474.0,30.0,91.15417384853507,3.0,0.8568
2026-04-15,v6a_hit_an,90,c5,non_event,36.0,30.0,94.79535946938772,4.0,1.1424
2026-04-15,v6a_hit_an,90,c6,non_event,724.0,44.0,100.69442065571816,8.0,2.2848
2026-04-15,v6a_hit_an,90,hist_diff,non_event,314.0,34.0,100.36373667430922,7.0,1.9992
2026-04-15,v6a_hit_an,90,hist_payout,non_event,442.0,38.0,103.66663118894134,8.0,2.2848
2026-04-15,v6a_hit_an,90,hist_winrate,non_event,494.0,54.0,101.31959811031861,4.0,1.1424
2026-04-15,v6a_hit_an,90,hist_hit_an,non_event,86.0,32.0,100.10954826026519,7.0,1.9992
2026-04-15,v8_dynamic,90,c1,non_event,42.0,34.0,95.5385867177817,5.0,1.428
2026-04-15,v8_dynamic,90,c2,non_event,-116.0,34.0,93.43070958873219,3.0,0.8568
2026-04-15,v8_dynamic,90,c3,non_event,-2.0,42.0,97.81596748564067,5.0,1.428
2026-04-15,v8_dynamic,90,c4,non_event,-488.0,30.0,91.17968409719009,3.0,0.8568
2026-04-15,v8_dynamic,90,c5,non_event,-10.0,30.0,94.87954064948698,4.0,1.1424
2026-04-15,v8_dynamic,90,c6,non_event,408.0,40.0,99.80025205766928,8.0,2.2848
2026-04-15,v8_dynamic,90,hist_diff,non_event,314.0,34.0,100.36373667430922,7.0,1.9992
2026-04-15,v8_dynamic,90,hist_payout,non_event,442.0,38.0,103.66663118894134,8.0,2.2848
2026-04-15,v8_dynamic,90,hist_winrate,non_event,572.0,56.00000000000001,102.01567517155881,4.0,1.1424
2026-04-15,v8_dynamic,90,hist_hit_an,non_event,188.0,34.0,100.91357621654541,7.0,1.9992
2026-04-16,v6a_hit_an,90,c1,non_event,-80.0,32.0,93.27509419216551,3.0,0.8568
2026-04-16,v6a_hit_an,90,c2,non_event,226.0,36.0,96.9143695416776,5.0,1.428
2026-04-16,v6a_hit_an,90,c3,non_event,-196.0,28.000000000000004,95.53489917571213,4.0,1.1424
2026-04-16,v6a_hit_an,90,c4,non_event,-196.0,36.0,96.45289108911642,3.0,0.8568
2026-04-16,v6a_hit_an,90,c5,non_event,496.0,48.0,99.37647354728604,4.0,1.1424
2026-04-16,v6a_hit_an,90,c6,non_event,-6.0,28.000000000000004,93.46917061708336,6.0,1.7136
2026-04-16,v6a_hit_an,90,hist_diff,non_event,356.0,42.0,99.94864123166808,4.0,1.1424
2026-04-16,v6a_hit_an,90,hist_payout,non_event,-522.0,38.0,92.48520944192035,3.0,0.8568
2026-04-16,v6a_hit_an,90,hist_winrate,non_event,290.0,42.0,98.89939016398301,4.0,1.1424
2026-04-16,v6a_hit_an,90,hist_hit_an,non_event,116.0,42.0,97.8288419709197,6.0,1.7136
2026-04-16,v8_dynamic,90,c1,non_event,-10.0,34.0,94.07440233425586,3.0,0.8568
2026-04-16,v8_dynamic,90,c2,non_event,224.0,36.0,97.53595025482407,5.0,1.428
2026-04-16,v8_dynamic,90,c3,non_event,-186.0,28.000000000000004,95.95395100007318,4.0,1.1424
2026-04-16,v8_dynamic,90,c4,non_event,-154.0,34.0,95.66607534072928,3.0,0.8568
2026-04-16,v8_dynamic,90,c5,non_event,496.0,48.0,99.37647354728603,4.0,1.1424
2026-04-16,v8_dynamic,90,c6,non_event,-346.0,28.000000000000004,92.87574810712654,5.0,1.428
2026-04-16,v8_dynamic,90,hist_diff,non_event,356.0,42.0,99.94864123166809,4.0,1.1424
2026-04-16,v8_dynamic,90,hist_payout,non_event,-522.0,38.0,92.48520944192035,3.0,0.8568
2026-04-16,v8_dynamic,90,hist_winrate,non_event,278.0,42.0,98.98064990651794,4.0,1.1424
2026-04-16,v8_dynamic,90,hist_hit_an,non_event,82.0,40.0,96.75072906925497,6.0,1.7136
2026-04-17,v6a_hit_an,90,c1,event,280.0,34.0,99.98898508646285,9.0,2.5704
2026-04-17,v6a_hit_an,90,c2,event,192.0,42.0,98.8041581514718,5.0,1.428
2026-04-17,v6a_hit_an,90,c3,event,320.0,32.0,99.50700074340986,5.0,1.428
2026-04-17,v6a_hit_an,90,c4,event,208.0,34.0,100.09802386645077,5.0,1.428
2026-04-17,v6a_hit_an,90,c5,event,352.0,48.0,99.98185200287247,0.0,0.0
2026-04-17,v6a_hit_an,90,c6,event,50.0,40.0,97.10885532514074,5.0,1.428
2026-04-17,v6a_hit_an,90,hist_diff,event,-226.0,38.0,95.37042913366828,3.0,0.8568
2026-04-17,v6a_hit_an,90,hist_payout,event,-586.0,24.0,93.43689825927262,4.0,1.1424
2026-04-17,v6a_hit_an,90,hist_winrate,event,20.0,44.0,98.32384542495309,1.0,0.2856
2026-04-17,v6a_hit_an,90,hist_hit_an,event,-338.0,32.0,95.91370895612339,3.0,0.8568
2026-04-17,v8_dynamic,90,c1,event,80.0,34.0,98.06522829067373,7.0,1.9992
2026-04-17,v8_dynamic,90,c2,event,244.0,42.0,99.26864712624132,6.0,1.7136
2026-04-17,v8_dynamic,90,c3,event,320.0,32.0,99.50700074340985,5.0,1.428
2026-04-17,v8_dynamic,90,c4,event,188.0,34.0,99.4782447528296,5.0,1.428
2026-04-17,v8_dynamic,90,c5,event,296.0,48.0,99.81908635346605,0.0,0.0
2026-04-17,v8_dynamic,90,c6,event,154.0,40.0,98.58930741846804,6.0,1.7136
2026-04-17,v8_dynamic,90,hist_diff,event,-226.0,38.0,95.37042913366828,3.0,0.8568
2026-04-17,v8_dynamic,90,hist_payout,event,-586.0,24.0,93.43689825927262,4.0,1.1424
2026-04-17,v8_dynamic,90,hist_winrate,event,120.0,46.0,98.80810274734591,1.0,0.2856
2026-04-17,v8_dynamic,90,hist_hit_an,event,-312.0,30.0,95.82115699885335,4.0,1.1424
2026-04-18,v6a_hit_an,90,c1,non_event,528.0,42.0,103.0693495342586,5.0,1.428
2026-04-18,v6a_hit_an,90,c2,non_event,332.0,46.0,100.77077494190526,5.0,1.428
2026-04-18,v6a_hit_an,90,c3,non_event,-48.0,42.0,98.25215225264009,3.0,0.8568
2026-04-18,v6a_hit_an,90,c4,non_event,58.0,42.0,100.65119364182686,1.0,0.2856
2026-04-18,v6a_hit_an,90,c5,non_event,-184.0,42.0,97.01772101829118,4.0,1.1424
2026-04-18,v6a_hit_an,90,c6,non_event,116.0,46.0,99.7728808494131,3.0,0.8568
2026-04-18,v6a_hit_an,90,hist_diff,non_event,416.0,40.0,100.34734925537008,5.0,1.428
2026-04-18,v6a_hit_an,90,hist_payout,non_event,274.0,38.0,100.86781513401604,3.0,0.8568
2026-04-18,v6a_hit_an,90,hist_winrate,non_event,902.0,50.0,103.29798600388753,3.0,0.8568
2026-04-18,v6a_hit_an,90,hist_hit_an,non_event,212.0,40.0,100.34798928103999,3.0,0.8568
2026-04-18,v8_dynamic,90,c1,non_event,572.0,44.0,103.43511954381479,5.0,1.428
2026-04-18,v8_dynamic,90,c2,non_event,320.0,46.0,100.72465230560012,5.0,1.428
2026-04-18,v8_dynamic,90,c3,non_event,78.0,44.0,99.30356905382222,4.0,1.1424
2026-04-18,v8_dynamic,90,c4,non_event,58.0,42.0,100.65119364182686,1.0,0.2856
2026-04-18,v8_dynamic,90,c5,non_event,-202.0,40.0,97.76092587457666,2.0,0.5712
2026-04-18,v8_dynamic,90,c6,non_event,-24.0,38.0,98.24913081905201,3.0,0.8568
2026-04-18,v8_dynamic,90,hist_diff,non_event,416.0,40.0,100.34734925537008,5.0,1.428
2026-04-18,v8_dynamic,90,hist_payout,non_event,274.0,38.0,100.86781513401604,3.0,0.8568
2026-04-18,v8_dynamic,90,hist_winrate,non_event,1090.0,54.0,104.8500589247555,3.0,0.8568
2026-04-18,v8_dynamic,90,hist_hit_an,non_event,212.0,40.0,100.34798928103999,3.0,0.8568
2026-04-19,v6a_hit_an,90,c1,non_event,336.0,40.0,101.74089305263522,4.0,1.1424
2026-04-19,v6a_hit_an,90,c2,non_event,248.0,38.0,101.37044576117259,6.0,1.7136
2026-04-19,v6a_hit_an,90,c3,non_event,-420.0,36.0,95.2903476668237,6.0,1.7136
2026-04-19,v6a_hit_an,90,c4,non_event,-444.0,24.0,96.36819349404733,4.0,1.1424
2026-04-19,v6a_hit_an,90,c5,non_event,286.0,42.0,98.34818045815376,1.0,0.2856
2026-04-19,v6a_hit_an,90,c6,non_event,-304.0,26.0,94.5117164116046,6.0,1.7136
2026-04-19,v6a_hit_an,90,hist_diff,non_event,122.0,42.0,100.26927664287268,3.0,0.8568
2026-04-19,v6a_hit_an,90,hist_payout,non_event,142.0,44.0,102.24761384058151,5.0,1.428
2026-04-19,v6a_hit_an,90,hist_winrate,non_event,-120.0,44.0,98.2073985368095,0.0,0.0
2026-04-19,v6a_hit_an,90,hist_hit_an,non_event,-540.0,36.0,94.88392124931087,1.0,0.2856
2026-04-19,v8_dynamic,90,c1,non_event,226.0,36.0,100.80186243917748,4.0,1.1424
2026-04-19,v8_dynamic,90,c2,non_event,130.0,36.0,100.04275810683153,5.0,1.428
2026-04-19,v8_dynamic,90,c3,non_event,-560.0,32.0,94.15926787700286,5.0,1.428
2026-04-19,v8_dynamic,90,c4,non_event,-382.0,26.0,97.28452246992934,4.0,1.1424
2026-04-19,v8_dynamic,90,c5,non_event,312.0,44.0,98.74178299498759,1.0,0.2856
2026-04-19,v8_dynamic,90,c6,non_event,-368.0,32.0,93.66515817182153,3.0,0.8568
2026-04-19,v8_dynamic,90,hist_diff,non_event,122.0,42.0,100.26927664287268,3.0,0.8568
2026-04-19,v8_dynamic,90,hist_payout,non_event,142.0,44.0,102.24761384058151,5.0,1.428
2026-04-19,v8_dynamic,90,hist_winrate,non_event,-120.0,44.0,98.20739853680952,0.0,0.0
2026-04-19,v8_dynamic,90,hist_hit_an,non_event,-694.0,32.0,93.65444701564202,1.0,0.2856
2026-04-20,v6a_hit_an,90,c1,non_event,-452.0,30.0,91.4792870755556,2.0,0.5712
2026-04-20,v6a_hit_an,90,c2,non_event,-262.0,38.0,97.37866943839096,3.0,0.8568
2026-04-20,v6a_hit_an,90,c3,non_event,380.0,46.0,99.33308481660255,7.0,1.9992
2026-04-20,v6a_hit_an,90,c4,non_event,-1056.0,24.0,93.78308056689951,1.0,0.2856
2026-04-20,v6a_hit_an,90,c5,non_event,142.0,40.0,96.96704474990402,0.0,0.0
2026-04-20,v6a_hit_an,90,c6,non_event,-24.0,32.0,96.96856595571472,3.0,0.8568
2026-04-20,v6a_hit_an,90,hist_diff,non_event,140.0,46.0,102.07325574957329,5.0,1.428
2026-04-20,v6a_hit_an,90,hist_payout,non_event,-48.0,36.0,100.2537309478823,4.0,1.1424
2026-04-20,v6a_hit_an,90,hist_winrate,non_event,414.0,52.0,107.87993493751712,3.0,0.8568
2026-04-20,v6a_hit_an,90,hist_hit_an,non_event,172.0,38.0,107.60673125002859,5.0,1.428
2026-04-20,v8_dynamic,90,c1,non_event,-414.0,30.0,91.71853226284398,2.0,0.5712
2026-04-20,v8_dynamic,90,c2,non_event,-358.0,36.0,96.29240788619535,3.0,0.8568
2026-04-20,v8_dynamic,90,c3,non_event,284.0,48.0,106.356996136094,7.0,1.9992
2026-04-20,v8_dynamic,90,c4,non_event,-1020.0,26.0,94.59860266970922,2.0,0.5712
2026-04-20,v8_dynamic,90,c5,non_event,118.0,40.0,96.2538072713383,0.0,0.0
2026-04-20,v8_dynamic,90,c6,non_event,108.0,34.0,96.86695454161729,4.0,1.1424
2026-04-20,v8_dynamic,90,hist_diff,non_event,140.0,46.0,102.07325574957329,5.0,1.428
2026-04-20,v8_dynamic,90,hist_payout,non_event,-48.0,36.0,100.2537309478823,4.0,1.1424
2026-04-20,v8_dynamic,90,hist_winrate,non_event,414.0,52.0,107.87993493751712,3.0,0.8568
2026-04-20,v8_dynamic,90,hist_hit_an,non_event,210.0,38.0,106.8059367625861,5.0,1.428
2026-04-21,v6a_hit_an,90,c1,event,180.0,34.0,103.72621089605433,5.0,1.428
2026-04-21,v6a_hit_an,90,c2,event,584.0,40.0,110.71797291470925,6.0,1.7136
2026-04-21,v6a_hit_an,90,c3,event,734.0,50.0,106.16595834158227,5.0,1.428
2026-04-21,v6a_hit_an,90,c4,event,-10.0,40.0,99.3159443332489,5.0,1.428
2026-04-21,v6a_hit_an,90,c5,event,156.0,44.0,96.55050241163359,0.0,0.0
2026-04-21,v6a_hit_an,90,c6,event,-140.0,36.0,96.41025345188454,2.0,0.5712
2026-04-21,v6a_hit_an,90,hist_diff,event,734.0,44.0,102.71279294730004,8.0,2.2848
2026-04-21,v6a_hit_an,90,hist_payout,event,728.0,40.0,102.20294875129424,7.0,1.9992
2026-04-21,v6a_hit_an,90,hist_winrate,event,230.0,50.0,97.63557011975726,0.0,0.0
2026-04-21,v6a_hit_an,90,hist_hit_an,event,-218.0,36.0,94.75910045801105,2.0,0.5712
2026-04-21,v8_dynamic,90,c1,event,46.0,32.0,102.18455427063533,4.0,1.1424
2026-04-21,v8_dynamic,90,c2,event,704.0,44.0,111.76307616077447,6.0,1.7136
2026-04-21,v8_dynamic,90,c3,event,738.0,50.0,106.64702416016071,5.0,1.428
2026-04-21,v8_dynamic,90,c4,event,-10.0,40.0,99.3159443332489,5.0,1.428
2026-04-21,v8_dynamic,90,c5,event,194.0,46.0,96.73903367164628,0.0,0.0
2026-04-21,v8_dynamic,90,c6,event,-4.0,42.0,98.24761217071917,3.0,0.8568
2026-04-21,v8_dynamic,90,hist_diff,event,682.0,44.0,102.22436751250623,8.0,2.2848
2026-04-21,v8_dynamic,90,hist_payout,event,728.0,40.0,102.20294875129424,7.0,1.9992
2026-04-21,v8_dynamic,90,hist_winrate,event,274.0,50.0,97.30662019807627,1.0,0.2856
2026-04-21,v8_dynamic,90,hist_hit_an,event,-6.0,38.0,96.6123837145266,3.0,0.8568
2026-04-22,v6a_hit_an,90,c1,event,-410.0,26.0,95.73878785253062,2.0,0.5712
2026-04-22,v6a_hit_an,90,c2,event,-130.0,28.000000000000004,94.73488837175618,4.0,1.1424
2026-04-22,v6a_hit_an,90,c3,event,-810.0,26.0,89.4334978147656,1.0,0.2856
2026-04-22,v6a_hit_an,90,c4,event,180.0,48.0,98.6025648245917,3.0,0.8568
2026-04-22,v6a_hit_an,90,c5,event,-208.0,26.0,96.08462063684956,0.0,0.0
2026-04-22,v6a_hit_an,90,c6,event,-58.0,40.0,99.85492757900934,5.0,1.428
2026-04-22,v6a_hit_an,90,hist_diff,event,-552.0,32.0,94.2459401620044,1.0,0.2856
2026-04-22,v6a_hit_an,90,hist_payout,event,-142.0,36.0,97.32856564676914,3.0,0.8568
2026-04-22,v6a_hit_an,90,hist_winrate,event,-200.0,36.0,96.48536105110229,1.0,0.2856
2026-04-22,v6a_hit_an,90,hist_hit_an,event,-580.0,28.000000000000004,94.10350403576521,1.0,0.2856
2026-04-22,v8_dynamic,90,c1,event,-268.0,28.000000000000004,96.79659072176918,3.0,0.8568
2026-04-22,v8_dynamic,90,c2,event,-102.0,28.000000000000004,95.04242504159636,4.0,1.1424
2026-04-22,v8_dynamic,90,c3,event,-810.0,26.0,89.4334978147656,1.0,0.2856
2026-04-22,v8_dynamic,90,c4,event,180.0,48.0,98.6025648245917,3.0,0.8568
2026-04-22,v8_dynamic,90,c5,event,-196.0,28.000000000000004,96.38618542575729,0.0,0.0
2026-04-22,v8_dynamic,90,c6,event,-134.0,38.0,97.48622361609542,5.0,1.428
2026-04-22,v8_dynamic,90,hist_diff,event,-552.0,32.0,94.2459401620044,1.0,0.2856
2026-04-22,v8_dynamic,90,hist_payout,event,-142.0,36.0,97.32856564676914,3.0,0.8568
2026-04-22,v8_dynamic,90,hist_winrate,event,-72.0,36.0,96.96140040592358,1.0,0.2856
2026-04-22,v8_dynamic,90,hist_hit_an,event,-726.0,28.000000000000004,93.92718891001584,1.0,0.2856
2026-04-23,v6a_hit_an,90,c1,non_event,-294.0,26.0,92.7387634875762,3.0,0.8568
2026-04-23,v6a_hit_an,90,c2,non_event,-262.0,36.0,91.87212663510826,3.0,0.8568
2026-04-23,v6a_hit_an,90,c3,non_event,144.0,36.0,97.69240209349262,6.0,1.7136
2026-04-23,v6a_hit_an,90,c4,non_event,-130.0,34.0,93.6490872721807,3.0,0.8568
2026-04-23,v6a_hit_an,90,c5,non_event,244.0,42.0,95.28771266306768,4.0,1.1424
2026-04-23,v6a_hit_an,90,c6,non_event,-202.0,26.0,93.44982552784852,4.0,1.1424
2026-04-23,v6a_hit_an,90,hist_diff,non_event,-68.0,28.000000000000004,96.04018647119587,5.0,1.428
2026-04-23,v6a_hit_an,90,hist_payout,non_event,-432.0,22.0,87.61993133426678,3.0,0.8568
2026-04-23,v6a_hit_an,90,hist_winrate,non_event,-36.0,34.0,95.4419274053513,2.0,0.5712
2026-04-23,v6a_hit_an,90,hist_hit_an,non_event,246.0,28.000000000000004,99.81431235233036,7.0,1.9992
2026-04-23,v8_dynamic,90,c1,non_event,-294.0,26.0,92.73876348757622,3.0,0.8568
2026-04-23,v8_dynamic,90,c2,non_event,-408.0,32.0,90.02403048956796,2.0,0.5712
2026-04-23,v8_dynamic,90,c3,non_event,190.0,36.0,98.8804290042044,7.0,1.9992
2026-04-23,v8_dynamic,90,c4,non_event,-156.0,32.0,93.10020805550856,3.0,0.8568
2026-04-23,v8_dynamic,90,c5,non_event,266.0,44.0,95.89159734475535,4.0,1.1424
2026-04-23,v8_dynamic,90,c6,non_event,-112.0,28.000000000000004,97.71700390126578,5.0,1.428
2026-04-23,v8_dynamic,90,hist_diff,non_event,-68.0,28.000000000000004,96.04018647119587,5.0,1.428
2026-04-23,v8_dynamic,90,hist_payout,non_event,-432.0,22.0,87.61993133426678,3.0,0.8568
2026-04-23,v8_dynamic,90,hist_winrate,non_event,-56.0,34.0,95.21432002146128,2.0,0.5712
2026-04-23,v8_dynamic,90,hist_hit_an,non_event,246.0,28.000000000000004,99.87856171182197,7.0,1.9992
2026-04-24,v6a_hit_an,90,c1,non_event,-80.0,32.0,103.26148905038352,3.0,0.8568
2026-04-24,v6a_hit_an,90,c2,non_event,-132.0,38.0,94.44115550659698,2.0,0.5712
2026-04-24,v6a_hit_an,90,c3,non_event,-156.0,30.0,102.47298909487928,4.0,1.1424
2026-04-24,v6a_hit_an,90,c4,non_event,-250.0,30.0,92.56822976151038,1.0,0.2856
2026-04-24,v6a_hit_an,90,c5,non_event,214.0,44.0,98.76870228898233,1.0,0.2856
2026-04-24,v6a_hit_an,90,c6,non_event,-124.0,30.0,95.2755484271811,3.0,0.8568
2026-04-24,v6a_hit_an,90,hist_diff,non_event,38.0,26.0,103.36410941693633,6.0,1.7136
2026-04-24,v6a_hit_an,90,hist_payout,non_event,468.0,42.0,100.03749583432636,7.0,1.9992
2026-04-24,v6a_hit_an,90,hist_winrate,non_event,134.0,38.0,96.32848804705571,3.0,0.8568
2026-04-24,v6a_hit_an,90,hist_hit_an,non_event,38.0,26.0,102.8822141584651,6.0,1.7136
2026-04-24,v8_dynamic,90,c1,non_event,-58.0,32.0,103.31684596014617,3.0,0.8568
2026-04-24,v8_dynamic,90,c2,non_event,-118.0,40.0,95.0180758629447,2.0,0.5712
2026-04-24,v8_dynamic,90,c3,non_event,-100.0,32.0,102.85966631968249,4.0,1.1424
2026-04-24,v8_dynamic,90,c4,non_event,-250.0,30.0,92.56822976151038,1.0,0.2856
2026-04-24,v8_dynamic,90,c5,non_event,274.0,46.0,99.13705525552274,1.0,0.2856
2026-04-24,v8_dynamic,90,c6,non_event,-86.0,28.000000000000004,101.40488476718735,1.0,0.2856
2026-04-24,v8_dynamic,90,hist_diff,non_event,38.0,26.0,103.36410941693633,6.0,1.7136
2026-04-24,v8_dynamic,90,hist_payout,non_event,468.0,42.0,100.03749583432636,7.0,1.9992
2026-04-24,v8_dynamic,90,hist_winrate,non_event,90.0,38.0,95.82610264636807,2.0,0.5712
2026-04-24,v8_dynamic,90,hist_hit_an,non_event,38.0,26.0,102.88221415846509,6.0,1.7136
2026-04-25,v6a_hit_an,90,c1,non_event,272.0,50.0,105.14617389424964,5.0,1.428
2026-04-25,v6a_hit_an,90,c2,non_event,106.0,48.0,101.5736472549592,2.0,0.5712
2026-04-25,v6a_hit_an,90,c3,non_event,-40.0,38.0,103.99346011603703,10.0,2.856
2026-04-25,v6a_hit_an,90,c4,non_event,-472.0,30.0,95.91389296787183,5.0,1.428
2026-04-25,v6a_hit_an,90,c5,non_event,-162.0,32.0,97.19157417893263,0.0,0.0
2026-04-25,v6a_hit_an,90,c6,non_event,178.0,42.0,102.28270413743148,6.0,1.7136
2026-04-25,v6a_hit_an,90,hist_diff,non_event,298.0,50.0,101.57831859869131,6.0,1.7136
2026-04-25,v6a_hit_an,90,hist_payout,non_event,290.0,52.0,100.87035051326977,4.0,1.1424
2026-04-25,v6a_hit_an,90,hist_winrate,non_event,-60.0,50.0,98.27149444214075,0.0,0.0
2026-04-25,v6a_hit_an,90,hist_hit_an,non_event,598.0,48.0,104.19136206716544,8.0,2.2848
2026-04-25,v8_dynamic,90,c1,non_event,272.0,50.0,105.14617389424963,5.0,1.428
2026-04-25,v8_dynamic,90,c2,non_event,194.0,48.0,101.86409516042762,2.0,0.5712
2026-04-25,v8_dynamic,90,c3,non_event,44.0,40.0,104.75212016299479,10.0,2.856
2026-04-25,v8_dynamic,90,c4,non_event,-544.0,32.0,95.73401242427754,4.0,1.1424
2026-04-25,v8_dynamic,90,c5,non_event,-160.0,32.0,96.98888748643957,0.0,0.0
2026-04-25,v8_dynamic,90,c6,non_event,300.0,38.0,103.81761595507713,8.0,2.2848
2026-04-25,v8_dynamic,90,hist_diff,non_event,298.0,50.0,101.57831859869131,6.0,1.7136
2026-04-25,v8_dynamic,90,hist_payout,non_event,290.0,52.0,100.87035051326977,4.0,1.1424
2026-04-25,v8_dynamic,90,hist_winrate,non_event,-60.0,50.0,98.27149444214078,0.0,0.0
2026-04-25,v8_dynamic,90,hist_hit_an,non_event,638.0,52.0,104.18575674222564,6.0,1.7136
2026-04-26,v6a_hit_an,90,c1,non_event,854.0,40.0,103.58521692306591,6.0,1.7136
2026-04-26,v6a_hit_an,90,c2,non_event,714.0,46.0,105.13494317613093,7.0,1.9992
2026-04-26,v6a_hit_an,90,c3,non_event,966.0,48.0,107.95807897652553,6.0,1.7136
2026-04-26,v6a_hit_an,90,c4,non_event,-96.0,36.0,98.67889622944604,3.0,0.8568
2026-04-26,v6a_hit_an,90,c5,non_event,-180.0,32.0,96.45063651749724,0.0,0.0
2026-04-26,v6a_hit_an,90,c6,non_event,12.0,44.0,99.17894483820528,4.0,1.1424
2026-04-26,v6a_hit_an,90,hist_diff,non_event,86.0,36.0,99.4543014766823,3.0,0.8568
2026-04-26,v6a_hit_an,90,hist_payout,non_event,934.0,46.0,104.29350158792496,6.0,1.7136
2026-04-26,v6a_hit_an,90,hist_winrate,non_event,174.0,40.0,100.29443589924605,3.0,0.8568
2026-04-26,v6a_hit_an,90,hist_hit_an,non_event,474.0,40.0,103.85326315895689,6.0,1.7136
2026-04-26,v8_dynamic,90,c1,non_event,710.0,38.0,102.901997147568,6.0,1.7136
2026-04-26,v8_dynamic,90,c2,non_event,484.0,42.0,102.8679562897843,6.0,1.7136
2026-04-26,v8_dynamic,90,c3,non_event,1034.0,50.0,108.41501664315243,6.0,1.7136
2026-04-26,v8_dynamic,90,c4,non_event,-142.0,34.0,98.40300688686746,3.0,0.8568
2026-04-26,v8_dynamic,90,c5,non_event,-210.0,30.0,96.29983148979943,0.0,0.0
2026-04-26,v8_dynamic,90,c6,non_event,-292.0,38.0,96.34576299214588,3.0,0.8568
2026-04-26,v8_dynamic,90,hist_diff,non_event,86.0,36.0,99.4543014766823,3.0,0.8568
2026-04-26,v8_dynamic,90,hist_payout,non_event,934.0,46.0,104.29350158792496,6.0,1.7136
2026-04-26,v8_dynamic,90,hist_winrate,non_event,252.0,40.0,100.9147363777428,3.0,0.8568
2026-04-26,v8_dynamic,90,hist_hit_an,non_event,474.0,40.0,103.85326315895686,6.0,1.7136
2026-04-27,v6a_hit_an,90,c1,event,854.0,48.0,110.33112114641088,6.0,1.7136
2026-04-27,v6a_hit_an,90,c2,event,-386.0,30.0,97.29636976971852,3.0,0.8568
2026-04-27,v6a_hit_an,90,c3,event,640.0,38.0,109.41994872859149,8.0,2.2848
2026-04-27,v6a_hit_an,90,c4,event,424.0,38.0,107.34403611056469,5.0,1.428
2026-04-27,v6a_hit_an,90,c5,event,-28.0,38.0,97.23996842961587,0.0,0.0
2026-04-27,v6a_hit_an,90,c6,event,462.0,42.0,110.00890232194462,5.0,1.428
2026-04-27,v6a_hit_an,90,hist_diff,event,178.0,34.0,104.16203572116828,5.0,1.428
2026-04-27,v6a_hit_an,90,hist_payout,event,-270.0,34.0,96.5686170747766,3.0,0.8568
2026-04-27,v6a_hit_an,90,hist_winrate,event,394.0,50.0,100.63106821821744,2.0,0.5712
2026-04-27,v6a_hit_an,90,hist_hit_an,event,366.0,42.0,102.5281007517077,5.0,1.428
2026-04-27,v8_dynamic,90,c1,event,834.0,46.0,109.88545907609847,6.0,1.7136
2026-04-27,v8_dynamic,90,c2,event,-324.0,32.0,97.8535723915201,3.0,0.8568
2026-04-27,v8_dynamic,90,c3,event,682.0,40.0,109.85844080025237,8.0,2.2848
2026-04-27,v8_dynamic,90,c4,event,464.0,40.0,107.73944159115061,5.0,1.428
2026-04-27,v8_dynamic,90,c5,event,2.0,40.0,97.45752263961293,0.0,0.0
2026-04-27,v8_dynamic,90,c6,event,482.0,38.0,109.93409429599069,6.0,1.7136
2026-04-27,v8_dynamic,90,hist_diff,event,178.0,34.0,104.16203572116828,5.0,1.428
2026-04-27,v8_dynamic,90,hist_payout,event,-270.0,34.0,96.5686170747766,3.0,0.8568
2026-04-27,v8_dynamic,90,hist_winrate,event,328.0,48.0,99.91497658533781,2.0,0.5712
2026-04-27,v8_dynamic,90,hist_hit_an,event,38.0,38.0,100.63511018110837,4.0,1.1424
2026-04-28,v6a_hit_an,90,c1,non_event,300.0,44.0,100.60092687829084,4.0,1.1424
2026-04-28,v6a_hit_an,90,c2,non_event,272.0,38.0,103.60307143627502,6.0,1.7136
2026-04-28,v6a_hit_an,90,c3,non_event,-42.0,36.0,95.8465321750191,5.0,1.428
2026-04-28,v6a_hit_an,90,c4,non_event,-704.0,20.0,93.85598883886934,2.0,0.5712
2026-04-28,v6a_hit_an,90,c5,non_event,-186.0,44.0,100.52553075023505,1.0,0.2856
2026-04-28,v6a_hit_an,90,c6,non_event,-14.0,44.0,100.99955234350928,5.0,1.428
2026-04-28,v6a_hit_an,90,hist_diff,non_event,546.0,40.0,107.34763060455502,7.0,1.9992
2026-04-28,v6a_hit_an,90,hist_payout,non_event,524.0,44.0,113.54627113849136,8.0,2.2848
2026-04-28,v6a_hit_an,90,hist_winrate,non_event,420.0,44.0,99.8662771875876,4.0,1.1424
2026-04-28,v6a_hit_an,90,hist_hit_an,non_event,604.0,44.0,112.4678477324247,7.0,1.9992
2026-04-28,v8_dynamic,90,c1,non_event,300.0,44.0,100.60092687829084,4.0,1.1424
2026-04-28,v8_dynamic,90,c2,non_event,264.0,36.0,103.7011232495575,6.0,1.7136
2026-04-28,v8_dynamic,90,c3,non_event,-46.0,36.0,96.45182189737741,5.0,1.428
2026-04-28,v8_dynamic,90,c4,non_event,-616.0,22.0,94.95199067980994,2.0,0.5712
2026-04-28,v8_dynamic,90,c5,non_event,-200.0,42.0,100.39985156289745,1.0,0.2856
2026-04-28,v8_dynamic,90,c6,non_event,-364.0,32.0,92.5749946193305,2.0,0.5712
2026-04-28,v8_dynamic,90,hist_diff,non_event,546.0,40.0,107.34763060455502,7.0,1.9992
2026-04-28,v8_dynamic,90,hist_payout,non_event,524.0,44.0,113.54627113849136,8.0,2.2848
2026-04-28,v8_dynamic,90,hist_winrate,non_event,302.0,44.0,98.75755431105861,3.0,0.8568
2026-04-28,v8_dynamic,90,hist_hit_an,non_event,516.0,44.0,111.99429953267948,7.0,1.9992
2026-04-29,v6a_hit_an,90,c1,non_event,-556.0,40.0,94.8659136066871,2.0,0.5712
2026-04-29,v6a_hit_an,90,c2,non_event,-386.0,34.0,95.44687547277731,2.0,0.5712
2026-04-29,v6a_hit_an,90,c3,non_event,-262.0,40.0,98.5457812776655,3.0,0.8568
2026-04-29,v6a_hit_an,90,c4,non_event,-376.0,40.0,97.34572664978839,4.0,1.1424
2026-04-29,v6a_hit_an,90,c5,non_event,252.0,52.0,99.70376998034693,0.0,0.0
2026-04-29,v6a_hit_an,90,c6,non_event,-24.0,38.0,98.62742794450156,3.0,0.8568
2026-04-29,v6a_hit_an,90,hist_diff,non_event,-652.0,32.0,96.73912459707623,5.0,1.428
2026-04-29,v6a_hit_an,90,hist_payout,non_event,-956.0,30.0,93.0859529575974,2.0,0.5712
2026-04-29,v6a_hit_an,90,hist_winrate,non_event,418.0,52.0,101.01982670902717,2.0,0.5712
2026-04-29,v6a_hit_an,90,hist_hit_an,non_event,-406.0,36.0,97.96847403034523,3.0,0.8568
2026-04-29,v8_dynamic,90,c1,non_event,-568.0,40.0,94.81543818726477,2.0,0.5712
2026-04-29,v8_dynamic,90,c2,non_event,-282.0,38.0,96.10553052062926,2.0,0.5712
2026-04-29,v8_dynamic,90,c3,non_event,-262.0,40.0,98.5457812776655,3.0,0.8568
2026-04-29,v8_dynamic,90,c4,non_event,-296.0,38.0,97.27004899462692,4.0,1.1424
2026-04-29,v8_dynamic,90,c5,non_event,286.0,52.0,99.84646932332662,0.0,0.0
2026-04-29,v8_dynamic,90,c6,non_event,168.0,40.0,98.35650145230076,5.0,1.428
2026-04-29,v8_dynamic,90,hist_diff,non_event,-652.0,32.0,96.73912459707623,5.0,1.428
2026-04-29,v8_dynamic,90,hist_payout,non_event,-956.0,30.0,93.0859529575974,2.0,0.5712
2026-04-29,v8_dynamic,90,hist_winrate,non_event,270.0,52.0,99.99121309936059,1.0,0.2856
2026-04-29,v8_dynamic,90,hist_hit_an,non_event,-334.0,38.0,98.51797695770406,3.0,0.8568
2026-04-30,v6a_hit_an,90,c1,event,330.0,54.0,103.35182394368034,6.0,1.7136
2026-04-30,v6a_hit_an,90,c2,event,40.0,44.0,99.44907947233345,2.0,0.5712
2026-04-30,v6a_hit_an,90,c3,event,772.0,52.0,105.1357550499784,5.0,1.428
2026-04-30,v6a_hit_an,90,c4,event,756.0,50.0,104.71551921964588,5.0,1.428
2026-04-30,v6a_hit_an,90,c5,event,754.0,60.0,102.18696133374655,1.0,0.2856
2026-04-30,v6a_hit_an,90,c6,event,286.0,40.0,100.50961102889188,4.0,1.1424
2026-04-30,v6a_hit_an,90,hist_diff,event,-92.0,48.0,98.92106392097529,3.0,0.8568
2026-04-30,v6a_hit_an,90,hist_payout,event,344.0,56.00000000000001,103.16737794583854,5.0,1.428
2026-04-30,v6a_hit_an,90,hist_winrate,event,374.0,52.0,100.91038959135201,2.0,0.5712
2026-04-30,v6a_hit_an,90,hist_hit_an,event,-174.0,44.0,98.6209297189734,3.0,0.8568
2026-04-30,v8_dynamic,90,c1,event,336.0,54.0,103.39726719322842,6.0,1.7136
2026-04-30,v8_dynamic,90,c2,event,120.0,46.0,99.74297718362526,2.0,0.5712
2026-04-30,v8_dynamic,90,c3,event,772.0,52.0,105.1357550499784,5.0,1.428
2026-04-30,v8_dynamic,90,c4,event,812.0,52.0,104.98777575134216,5.0,1.428
2026-04-30,v8_dynamic,90,c5,event,752.0,60.0,102.19849162082643,1.0,0.2856
2026-04-30,v8_dynamic,90,c6,event,490.0,42.0,102.20472749831225,5.0,1.428
2026-04-30,v8_dynamic,90,hist_diff,event,-92.0,48.0,98.92106392097529,3.0,0.8568
2026-04-30,v8_dynamic,90,hist_payout,event,344.0,56.00000000000001,103.16737794583854,5.0,1.428
2026-04-30,v8_dynamic,90,hist_winrate,event,366.0,50.0,100.87431909507286,2.0,0.5712
2026-04-30,v8_dynamic,90,hist_hit_an,event,-188.0,46.0,98.44608170427225,2.0,0.5712
2026-05-01,v6a_hit_an,90,c1,event,294.0,48.0,101.03419528166478,2.0,0.5712
2026-05-01,v6a_hit_an,90,c2,event,698.0,44.0,103.0741168615181,3.0,0.8568
2026-05-01,v6a_hit_an,90,c3,event,236.0,42.0,99.55179629190589,4.0,1.1424
2026-05-01,v6a_hit_an,90,c4,event,-128.0,44.0,96.58241155564599,2.0,0.5712
2026-05-01,v6a_hit_an,90,c5,event,2.0,36.0,97.42540498036847,0.0,0.0
2026-05-01,v6a_hit_an,90,c6,event,918.0,54.0,105.10748529018781,6.0,1.7136
2026-05-01,v6a_hit_an,90,hist_diff,event,1124.0,52.0,105.75932501992067,7.0,1.9992
2026-05-01,v6a_hit_an,90,hist_payout,event,636.0,48.0,102.62728706224674,6.0,1.7136
2026-05-01,v6a_hit_an,90,hist_winrate,event,4.0,48.0,99.80940999813376,0.0,0.0
2026-05-01,v6a_hit_an,90,hist_hit_an,event,646.0,38.0,105.32254259019149,7.0,1.9992
2026-05-01,v8_dynamic,90,c1,event,294.0,48.0,100.51437867748228,2.0,0.5712
2026-05-01,v8_dynamic,90,c2,event,598.0,42.0,101.95849965803409,3.0,0.8568
2026-05-01,v8_dynamic,90,c3,event,266.0,42.0,99.79980403300203,4.0,1.1424
2026-05-01,v8_dynamic,90,c4,event,-174.0,42.0,96.26153594903911,2.0,0.5712
2026-05-01,v8_dynamic,90,c5,event,14.0,36.0,97.83417309749947,0.0,0.0
2026-05-01,v8_dynamic,90,c6,event,1260.0,54.0,106.88449980762964,7.0,1.9992
2026-05-01,v8_dynamic,90,hist_diff,event,1124.0,52.0,105.75932501992067,7.0,1.9992
2026-05-01,v8_dynamic,90,hist_payout,event,636.0,48.0,102.62728706224674,6.0,1.7136
2026-05-01,v8_dynamic,90,hist_winrate,event,4.0,48.0,99.80940999813373,0.0,0.0
2026-05-01,v8_dynamic,90,hist_hit_an,event,516.0,40.0,104.43155754809177,6.0,1.7136
2026-05-02,v6a_hit_an,90,c1,non_event,236.0,32.0,101.05275030851568,4.0,1.1424
2026-05-02,v6a_hit_an,90,c2,non_event,122.0,38.0,100.99481082361122,1.0,0.2856
2026-05-02,v6a_hit_an,90,c3,non_event,-178.0,36.0,97.0620314171792,4.0,1.1424
2026-05-02,v6a_hit_an,90,c4,non_event,-296.0,28.000000000000004,96.10359773289352,3.0,0.8568
2026-05-02,v6a_hit_an,90,c5,non_event,140.0,48.0,98.56311771835979,0.0,0.0
2026-05-02,v6a_hit_an,90,c6,non_event,442.0,38.0,102.93612386217399,5.0,1.428
2026-05-02,v6a_hit_an,90,hist_diff,non_event,-380.0,28.000000000000004,95.10868969294876,4.0,1.1424
2026-05-02,v6a_hit_an,90,hist_payout,non_event,-8.0,38.0,97.17762779970172,3.0,0.8568
2026-05-02,v6a_hit_an,90,hist_winrate,non_event,-366.0,28.000000000000004,95.45755208712069,0.0,0.0
2026-05-02,v6a_hit_an,90,hist_hit_an,non_event,-92.0,36.0,96.94540029436189,4.0,1.1424
2026-05-02,v8_dynamic,90,c1,non_event,236.0,32.0,101.0527503085157,4.0,1.1424
2026-05-02,v8_dynamic,90,c2,non_event,104.0,36.0,101.01038025798152,1.0,0.2856
2026-05-02,v8_dynamic,90,c3,non_event,-232.0,36.0,96.75328714725688,4.0,1.1424
2026-05-02,v8_dynamic,90,c4,non_event,-244.0,28.000000000000004,96.17585265830286,3.0,0.8568
2026-05-02,v8_dynamic,90,c5,non_event,184.0,50.0,98.87038184919382,0.0,0.0
2026-05-02,v8_dynamic,90,c6,non_event,1252.0,50.0,109.76161325624018,7.0,1.9992
2026-05-02,v8_dynamic,90,hist_diff,non_event,-380.0,28.000000000000004,95.10868969294876,4.0,1.1424
2026-05-02,v8_dynamic,90,hist_payout,non_event,-8.0,38.0,97.17762779970172,3.0,0.8568
2026-05-02,v8_dynamic,90,hist_winrate,non_event,-366.0,28.000000000000004,95.45755208712069,0.0,0.0
2026-05-02,v8_dynamic,90,hist_hit_an,non_event,-84.0,34.0,97.30764557778461,5.0,1.428
2026-05-03,v6a_hit_an,90,c1,non_event,-1072.0,24.0,90.16716334314691,2.0,0.5712
2026-05-03,v6a_hit_an,90,c2,non_event,32.0,42.0,100.93169384205765,2.0,0.5712
2026-05-03,v6a_hit_an,90,c3,non_event,-108.0,38.0,99.56554950023649,6.0,1.7136
2026-05-03,v6a_hit_an,90,c4,non_event,-98.0,40.0,100.38545600997524,5.0,1.428
2026-05-03,v6a_hit_an,90,c5,non_event,-452.0,26.0,95.59672342374323,6.0,1.7136
2026-05-03,v6a_hit_an,90,c6,non_event,-358.0,40.0,96.57087152826432,0.0,0.0
2026-05-03,v6a_hit_an,90,hist_diff,non_event,154.0,38.0,99.36227526585682,4.0,1.1424
2026-05-03,v6a_hit_an,90,hist_payout,non_event,-652.0,26.0,92.16768949504127,4.0,1.1424
2026-05-03,v6a_hit_an,90,hist_winrate,non_event,-134.0,38.0,96.62769489231984,0.0,0.0
2026-05-03,v6a_hit_an,90,hist_hit_an,non_event,-472.0,32.0,95.88931364803939,3.0,0.8568
2026-05-03,v8_dynamic,90,c1,non_event,-1008.0,24.0,90.45994425965662,2.0,0.5712
2026-05-03,v8_dynamic,90,c2,non_event,-70.0,42.0,100.37785371250071,1.0,0.2856
2026-05-03,v8_dynamic,90,c3,non_event,-398.0,34.0,97.80487583478873,5.0,1.428
2026-05-03,v8_dynamic,90,c4,non_event,-98.0,40.0,100.38545600997524,5.0,1.428
2026-05-03,v8_dynamic,90,c5,non_event,-244.0,28.000000000000004,96.88621630565358,7.0,1.9992
2026-05-03,v8_dynamic,90,c6,non_event,-110.0,36.0,96.37566956011264,3.0,0.8568
2026-05-03,v8_dynamic,90,hist_diff,non_event,154.0,38.0,99.36227526585682,4.0,1.1424
2026-05-03,v8_dynamic,90,hist_payout,non_event,-652.0,26.0,92.16768949504127,4.0,1.1424
2026-05-03,v8_dynamic,90,hist_winrate,non_event,-50.0,40.0,97.2085202733279,0.0,0.0
2026-05-03,v8_dynamic,90,hist_hit_an,non_event,-534.0,32.0,95.10603933208847,2.0,0.5712
2026-05-04,v6a_hit_an,90,c1,non_event,-578.0,22.0,92.65836428114775,2.0,0.5712
2026-05-04,v6a_hit_an,90,c2,non_event,-328.0,32.0,94.47630469923237,2.0,0.5712
2026-05-04,v6a_hit_an,90,c3,non_event,-1060.0,28.000000000000004,90.21468123993569,1.0,0.2856
2026-05-04,v6a_hit_an,90,c4,non_event,-330.0,36.0,95.34678797827767,5.0,1.428
2026-05-04,v6a_hit_an,90,c5,non_event,-12.0,42.0,97.27629050467314,0.0,0.0
2026-05-04,v6a_hit_an,90,c6,non_event,-422.0,30.0,95.92950431919354,6.0,1.7136
2026-05-04,v6a_hit_an,90,hist_diff,non_event,-462.0,32.0,93.12925745831504,4.0,1.1424
2026-05-04,v6a_hit_an,90,hist_payout,non_event,-358.0,28.000000000000004,93.501384016184,8.0,2.2848
2026-05-04,v6a_hit_an,90,hist_winrate,non_event,-24.0,38.0,95.81909051794243,2.0,0.5712
2026-05-04,v6a_hit_an,90,hist_hit_an,non_event,-630.0,32.0,93.25586094930252,3.0,0.8568
2026-05-04,v8_dynamic,90,c1,non_event,-578.0,22.0,92.65836428114778,2.0,0.5712
2026-05-04,v8_dynamic,90,c2,non_event,-356.0,32.0,94.11078595354088,2.0,0.5712
2026-05-04,v8_dynamic,90,c3,non_event,-1128.0,28.000000000000004,89.59754869140279,1.0,0.2856
2026-05-04,v8_dynamic,90,c4,non_event,-312.0,36.0,95.21032525056503,5.0,1.428
2026-05-04,v8_dynamic,90,c5,non_event,-8.0,42.0,97.3049442471288,0.0,0.0
2026-05-04,v8_dynamic,90,c6,non_event,-714.0,26.0,92.67544793347444,5.0,1.428
2026-05-04,v8_dynamic,90,hist_diff,non_event,-462.0,32.0,93.12925745831504,4.0,1.1424
2026-05-04,v8_dynamic,90,hist_payout,non_event,-358.0,28.000000000000004,93.501384016184,8.0,2.2848
2026-05-04,v8_dynamic,90,hist_winrate,non_event,-28.0,38.0,95.39894037748932,2.0,0.5712
2026-05-04,v8_dynamic,90,hist_hit_an,non_event,-702.0,32.0,93.48512672559431,4.0,1.1424
2026-05-05,v6a_hit_an,90,c1,non_event,1508.0,57.99999999999999,123.95995967794778,6.0,1.7136
2026-05-05,v6a_hit_an,90,c2,non_event,222.0,42.0,101.66036405356682,4.0,1.1424
2026-05-05,v6a_hit_an,90,c3,non_event,514.0,52.0,104.03902275510019,5.0,1.428
2026-05-05,v6a_hit_an,90,c4,non_event,530.0,46.0,102.62616937637841,8.0,2.2848
2026-05-05,v6a_hit_an,90,c5,non_event,174.0,48.0,100.08640438940255,0.0,0.0
2026-05-05,v6a_hit_an,90,c6,non_event,246.0,54.0,102.08394912652837,2.0,0.5712
2026-05-05,v6a_hit_an,90,hist_diff,non_event,1558.0,56.00000000000001,123.91304343565145,11.0,3.1416
2026-05-05,v6a_hit_an,90,hist_payout,non_event,782.0,52.0,108.71512939517578,7.0,1.9992
2026-05-05,v6a_hit_an,90,hist_winrate,non_event,280.0,46.0,101.45040777571205,2.0,0.5712
2026-05-05,v6a_hit_an,90,hist_hit_an,non_event,618.0,54.0,105.81172956298438,7.0,1.9992
2026-05-05,v8_dynamic,90,c1,non_event,1292.0,57.99999999999999,121.84793016700401,6.0,1.7136
2026-05-05,v8_dynamic,90,c2,non_event,128.0,42.0,101.42409151281626,4.0,1.1424
2026-05-05,v8_dynamic,90,c3,non_event,514.0,52.0,104.03902275510019,5.0,1.428
2026-05-05,v8_dynamic,90,c4,non_event,410.0,42.0,101.94348498486173,7.0,1.9992
2026-05-05,v8_dynamic,90,c5,non_event,204.0,50.0,100.2226886620956,0.0,0.0
2026-05-05,v8_dynamic,90,c6,non_event,292.0,52.0,103.25790718775535,4.0,1.1424
2026-05-05,v8_dynamic,90,hist_diff,non_event,1558.0,56.00000000000001,123.91304343565145,11.0,3.1416
2026-05-05,v8_dynamic,90,hist_payout,non_event,782.0,52.0,108.71512939517578,7.0,1.9992
2026-05-05,v8_dynamic,90,hist_winrate,non_event,290.0,48.0,101.52733677025009,2.0,0.5712
2026-05-05,v8_dynamic,90,hist_hit_an,non_event,358.0,50.0,103.9135412131198,6.0,1.7136
2026-05-06,v6a_hit_an,90,c1,non_event,338.0,40.0,102.86064496677986,5.0,1.428
2026-05-06,v6a_hit_an,90,c2,non_event,-1126.0,22.0,89.74541153957344,0.0,0.0
2026-05-06,v6a_hit_an,90,c3,non_event,-284.0,28.000000000000004,95.50213760169223,4.0,1.1424
2026-05-06,v6a_hit_an,90,c4,non_event,78.0,38.0,99.02547955192817,4.0,1.1424
2026-05-06,v6a_hit_an,90,c5,non_event,90.0,44.0,97.70428663426023,0.0,0.0
2026-05-06,v6a_hit_an,90,c6,non_event,-456.0,40.0,96.03376538131923,2.0,0.5712
2026-05-06,v6a_hit_an,90,hist_diff,non_event,84.0,38.0,100.59215684408909,3.0,0.8568
2026-05-06,v6a_hit_an,90,hist_payout,non_event,264.0,32.0,101.88529614387451,5.0,1.428
2026-05-06,v6a_hit_an,90,hist_winrate,non_event,-324.0,32.0,94.78755674512426,0.0,0.0
2026-05-06,v6a_hit_an,90,hist_hit_an,non_event,326.0,40.0,102.39401651241363,3.0,0.8568
2026-05-06,v8_dynamic,90,c1,non_event,314.0,40.0,102.26805221250858,5.0,1.428
2026-05-06,v8_dynamic,90,c2,non_event,-1074.0,22.0,89.94685683479123,1.0,0.2856
2026-05-06,v8_dynamic,90,c3,non_event,-228.0,28.000000000000004,96.62467673442649,4.0,1.1424
2026-05-06,v8_dynamic,90,c4,non_event,186.0,40.0,100.53451997698214,5.0,1.428
2026-05-06,v8_dynamic,90,c5,non_event,104.0,44.0,97.90909970650563,0.0,0.0
2026-05-06,v8_dynamic,90,c6,non_event,-206.0,40.0,97.06988479104115,2.0,0.5712
2026-05-06,v8_dynamic,90,hist_diff,non_event,84.0,38.0,100.59215684408909,3.0,0.8568
2026-05-06,v8_dynamic,90,hist_payout,non_event,264.0,32.0,101.88529614387451,5.0,1.428
2026-05-06,v8_dynamic,90,hist_winrate,non_event,-252.0,34.0,95.89061506880867,0.0,0.0
2026-05-06,v8_dynamic,90,hist_hit_an,non_event,354.0,38.0,101.80476668311148,3.0,0.8568
2026-05-07,v6a_hit_an,90,c1,event,80.0,40.0,98.85802522370712,5.0,1.428
2026-05-07,v6a_hit_an,90,c2,event,-308.0,38.0,95.84463648263092,2.0,0.5712
2026-05-07,v6a_hit_an,90,c3,event,1134.0,52.0,109.3198939267751,10.0,2.856
2026-05-07,v6a_hit_an,90,c4,event,416.0,50.0,101.57283262345555,4.0,1.1424
2026-05-07,v6a_hit_an,90,c5,event,118.0,42.0,98.78098214375522,0.0,0.0
2026-05-07,v6a_hit_an,90,c6,event,-204.0,42.0,99.18403192864179,6.0,1.7136
2026-05-07,v6a_hit_an,90,hist_diff,event,332.0,42.0,101.01854070281708,6.0,1.7136
2026-05-07,v6a_hit_an,90,hist_payout,event,128.0,38.0,98.44221209735835,7.0,1.9992
2026-05-07,v6a_hit_an,90,hist_winrate,event,604.0,52.0,102.2742837170304,3.0,0.8568
2026-05-07,v6a_hit_an,90,hist_hit_an,event,686.0,48.0,102.71165723596211,8.0,2.2848
2026-05-07,v8_dynamic,90,c1,event,80.0,40.0,98.85802522370714,5.0,1.428
2026-05-07,v8_dynamic,90,c2,event,-300.0,38.0,96.0162056879135,2.0,0.5712
2026-05-07,v8_dynamic,90,c3,event,1134.0,52.0,109.31989392677511,10.0,2.856
2026-05-07,v8_dynamic,90,c4,event,564.0,48.0,102.65009972661616,5.0,1.428
2026-05-07,v8_dynamic,90,c5,event,126.0,44.0,98.81925782434465,0.0,0.0
2026-05-07,v8_dynamic,90,c6,event,-46.0,44.0,100.46940698285518,8.0,2.2848
2026-05-07,v8_dynamic,90,hist_diff,event,466.0,44.0,101.93402196646134,7.0,1.9992
2026-05-07,v8_dynamic,90,hist_payout,event,128.0,38.0,98.44221209735835,7.0,1.9992
2026-05-07,v8_dynamic,90,hist_winrate,event,490.0,52.0,101.64399449624835,2.0,0.5712
2026-05-07,v8_dynamic,90,hist_hit_an,event,966.0,50.0,105.89483726236665,10.0,2.856
2026-05-08,v6a_hit_an,90,c1,non_event,554.0,50.0,104.0616940817438,4.0,1.1424
2026-05-08,v6a_hit_an,90,c2,non_event,946.0,46.0,109.43989817366477,9.0,2.5704
2026-05-08,v6a_hit_an,90,c3,non_event,462.0,42.0,103.38740935690365,6.0,1.7136
2026-05-08,v6a_hit_an,90,c4,non_event,324.0,40.0,98.40090829897443,4.0,1.1424
2026-05-08,v6a_hit_an,90,c5,non_event,236.0,34.0,94.68995187082241,1.0,0.2856
2026-05-08,v6a_hit_an,90,c6,non_event,-390.0,32.0,91.4892371053852,3.0,0.8568
2026-05-08,v6a_hit_an,90,hist_diff,non_event,560.0,40.0,100.16290989387919,5.0,1.428
2026-05-08,v6a_hit_an,90,hist_payout,non_event,440.0,42.0,98.99448281583489,5.0,1.428
2026-05-08,v6a_hit_an,90,hist_winrate,non_event,258.0,52.0,98.64541280439207,1.0,0.2856
2026-05-08,v6a_hit_an,90,hist_hit_an,non_event,226.0,42.0,96.325775843615,2.0,0.5712
2026-05-08,v8_dynamic,90,c1,non_event,590.0,50.0,104.06514711689968,4.0,1.1424
2026-05-08,v8_dynamic,90,c2,non_event,980.0,48.0,110.43523119743682,9.0,2.5704
2026-05-08,v8_dynamic,90,c3,non_event,462.0,42.0,103.38740935690367,6.0,1.7136
2026-05-08,v8_dynamic,90,c4,non_event,324.0,40.0,98.40090829897444,4.0,1.1424
2026-05-08,v8_dynamic,90,c5,non_event,248.0,36.0,95.26477991043919,1.0,0.2856
2026-05-08,v8_dynamic,90,c6,non_event,-80.0,38.0,95.5555414964467,3.0,0.8568
2026-05-08,v8_dynamic,90,hist_diff,non_event,558.0,40.0,100.26569633442654,5.0,1.428
2026-05-08,v8_dynamic,90,hist_payout,non_event,440.0,42.0,98.99448281583489,5.0,1.428
2026-05-08,v8_dynamic,90,hist_winrate,non_event,290.0,50.0,98.50360063454922,2.0,0.5712
2026-05-08,v8_dynamic,90,hist_hit_an,non_event,44.0,42.0,96.08468199510385,1.0,0.2856
2026-05-09,v6a_hit_an,90,c1,non_event,-426.0,34.0,95.17245962723915,2.0,0.5712
2026-05-09,v6a_hit_an,90,c2,non_event,262.0,40.0,100.47216183230127,6.0,1.7136
2026-05-09,v6a_hit_an,90,c3,non_event,-480.0,30.0,94.2435303517433,4.0,1.1424
2026-05-09,v6a_hit_an,90,c4,non_event,-602.0,30.0,94.34206189891171,2.0,0.5712
2026-05-09,v6a_hit_an,90,c5,non_event,332.0,44.0,99.46102941149348,2.0,0.5712
2026-05-09,v6a_hit_an,90,c6,non_event,-50.0,36.0,97.70103617859749,5.0,1.428
2026-05-09,v6a_hit_an,90,hist_diff,non_event,408.0,34.0,110.24348453640876,8.0,2.2848
2026-05-09,v6a_hit_an,90,hist_payout,non_event,-54.0,36.0,98.6847036440541,6.0,1.7136
2026-05-09,v6a_hit_an,90,hist_winrate,non_event,-20.0,42.0,98.15081675261446,2.0,0.5712
2026-05-09,v6a_hit_an,90,hist_hit_an,non_event,148.0,46.0,100.83491176561796,5.0,1.428
2026-05-09,v8_dynamic,90,c1,non_event,-416.0,34.0,95.02222947557075,2.0,0.5712
2026-05-09,v8_dynamic,90,c2,non_event,316.0,42.0,100.59341956485314,6.0,1.7136
2026-05-09,v8_dynamic,90,c3,non_event,-454.0,30.0,94.74424413848317,4.0,1.1424
2026-05-09,v8_dynamic,90,c4,non_event,-538.0,30.0,94.59188285751327,2.0,0.5712
2026-05-09,v8_dynamic,90,c5,non_event,332.0,44.0,99.46102941149348,2.0,0.5712
2026-05-09,v8_dynamic,90,c6,non_event,470.0,44.0,102.60012710115842,6.0,1.7136
2026-05-09,v8_dynamic,90,hist_diff,non_event,408.0,34.0,110.24348453640876,8.0,2.2848
2026-05-09,v8_dynamic,90,hist_payout,non_event,-54.0,36.0,98.6847036440541,6.0,1.7136
2026-05-09,v8_dynamic,90,hist_winrate,non_event,-126.0,40.0,97.35463535259758,2.0,0.5712
2026-05-09,v8_dynamic,90,hist_hit_an,non_event,120.0,44.0,100.9578727315126,6.0,1.7136
2026-05-10,v6a_hit_an,90,c1,non_event,616.0,40.0,104.56429063920943,7.0,1.9992
2026-05-10,v6a_hit_an,90,c2,non_event,884.0,54.0,106.1151893500782,4.0,1.1424
2026-05-10,v6a_hit_an,90,c3,non_event,200.0,40.0,100.5143137554462,4.0,1.1424
2026-05-10,v6a_hit_an,90,c4,non_event,90.0,48.0,100.3142903575821,4.0,1.1424
2026-05-10,v6a_hit_an,90,c5,non_event,196.0,40.0,98.70294592899698,0.0,0.0
2026-05-10,v6a_hit_an,90,c6,non_event,1384.0,56.00000000000001,108.27264952784466,8.0,2.2848
2026-05-10,v6a_hit_an,90,hist_diff,non_event,-354.0,34.0,97.80426778050531,3.0,0.8568
2026-05-10,v6a_hit_an,90,hist_payout,non_event,-432.0,36.0,97.08724684036626,4.0,1.1424
2026-05-10,v6a_hit_an,90,hist_winrate,non_event,-70.0,42.0,97.45179998241183,1.0,0.2856
2026-05-10,v6a_hit_an,90,hist_hit_an,non_event,128.0,42.0,102.06530147452315,5.0,1.428
2026-05-10,v8_dynamic,90,c1,non_event,592.0,40.0,104.49452942347858,7.0,1.9992
2026-05-10,v8_dynamic,90,c2,non_event,626.0,52.0,103.90295833605856,3.0,0.8568
2026-05-10,v8_dynamic,90,c3,non_event,106.0,42.0,99.64969790978084,4.0,1.1424
2026-05-10,v8_dynamic,90,c4,non_event,90.0,48.0,100.3142903575821,4.0,1.1424
2026-05-10,v8_dynamic,90,c5,non_event,150.0,38.0,98.3630956886428,0.0,0.0
2026-05-10,v8_dynamic,90,c6,non_event,1096.0,54.0,107.30192521993658,7.0,1.9992
2026-05-10,v8_dynamic,90,hist_diff,non_event,-354.0,34.0,97.80426778050531,3.0,0.8568
2026-05-10,v8_dynamic,90,hist_payout,non_event,-432.0,36.0,97.08724684036626,4.0,1.1424
2026-05-10,v8_dynamic,90,hist_winrate,non_event,-90.0,42.0,97.3494580112047,1.0,0.2856
2026-05-10,v8_dynamic,90,hist_hit_an,non_event,-102.0,38.0,100.20004782890206,5.0,1.428
2026-05-11,v6a_hit_an,90,c1,event,-400.0,32.0,93.28194202750554,5.0,1.428
2026-05-11,v6a_hit_an,90,c2,event,-680.0,22.0,91.09001996670982,1.0,0.2856
2026-05-11,v6a_hit_an,90,c3,event,-52.0,40.0,99.19664554993967,6.0,1.7136
2026-05-11,v6a_hit_an,90,c4,event,-852.0,26.0,90.5938014202636,4.0,1.1424
2026-05-11,v6a_hit_an,90,c5,event,-340.0,14.000000000000002,92.18160917624704,0.0,0.0
2026-05-11,v6a_hit_an,90,c6,event,-462.0,28.000000000000004,93.35458270743183,0.0,0.0
2026-05-11,v6a_hit_an,90,hist_diff,event,-234.0,34.0,97.79113008916978,5.0,1.428
2026-05-11,v6a_hit_an,90,hist_payout,event,-350.0,34.0,94.99255038267529,6.0,1.7136
2026-05-11,v6a_hit_an,90,hist_winrate,event,200.0,40.0,99.280066532922,3.0,0.8568
2026-05-11,v6a_hit_an,90,hist_hit_an,event,612.0,46.0,105.261043997194,8.0,2.2848
2026-05-11,v8_dynamic,90,c1,event,-346.0,32.0,93.54673534718503,5.0,1.428
2026-05-11,v8_dynamic,90,c2,event,-804.0,20.0,90.27659096874613,0.0,0.0
2026-05-11,v8_dynamic,90,c3,event,-52.0,40.0,99.19664554993967,6.0,1.7136
2026-05-11,v8_dynamic,90,c4,event,-922.0,26.0,90.61153647765734,4.0,1.1424
2026-05-11,v8_dynamic,90,c5,event,-348.0,14.000000000000002,92.34213473558876,0.0,0.0
2026-05-11,v8_dynamic,90,c6,event,252.0,40.0,100.39754966671494,7.0,1.9992
2026-05-11,v8_dynamic,90,hist_diff,event,-234.0,34.0,97.79113008916978,5.0,1.428
2026-05-11,v8_dynamic,90,hist_payout,event,-350.0,34.0,94.99255038267529,6.0,1.7136
2026-05-11,v8_dynamic,90,hist_winrate,event,200.0,40.0,99.280066532922,3.0,0.8568
2026-05-11,v8_dynamic,90,hist_hit_an,event,392.0,42.0,101.71145782979175,7.0,1.9992
2026-05-12,v6a_hit_an,90,c1,non_event,-738.0,22.0,88.62988467721645,1.0,0.2856
2026-05-12,v6a_hit_an,90,c2,non_event,198.0,42.0,97.2184572983468,2.0,0.5712
2026-05-12,v6a_hit_an,90,c3,non_event,-358.0,30.0,91.0673377666205,1.0,0.2856
2026-05-12,v6a_hit_an,90,c4,non_event,1046.0,54.0,112.87150171291354,6.0,1.7136
2026-05-12,v6a_hit_an,90,c5,non_event,276.0,42.0,98.5698016997997,1.0,0.2856
2026-05-12,v6a_hit_an,90,c6,non_event,604.0,42.0,102.191653363577,9.0,2.5704
2026-05-12,v6a_hit_an,90,hist_diff,non_event,-566.0,26.0,90.24141659449147,1.0,0.2856
2026-05-12,v6a_hit_an,90,hist_payout,non_event,-54.0,30.0,94.01317950684455,3.0,0.8568
2026-05-12,v6a_hit_an,90,hist_winrate,non_event,6.0,38.0,94.32825349801607,1.0,0.2856
2026-05-12,v6a_hit_an,90,hist_hit_an,non_event,-190.0,34.0,92.61375019187211,2.0,0.5712
2026-05-12,v8_dynamic,90,c1,non_event,-694.0,24.0,88.89732470982283,1.0,0.2856
2026-05-12,v8_dynamic,90,c2,non_event,116.0,40.0,96.9229180066976,2.0,0.5712
2026-05-12,v8_dynamic,90,c3,non_event,-450.0,28.000000000000004,90.06138266213058,1.0,0.2856
2026-05-12,v8_dynamic,90,c4,non_event,1020.0,54.0,112.72348587026937,6.0,1.7136
2026-05-12,v8_dynamic,90,c5,non_event,276.0,42.0,98.56980169979971,1.0,0.2856
2026-05-12,v8_dynamic,90,c6,non_event,-486.0,34.0,91.47886618110233,2.0,0.5712
2026-05-12,v8_dynamic,90,hist_diff,non_event,-566.0,26.0,90.24141659449147,1.0,0.2856
2026-05-12,v8_dynamic,90,hist_payout,non_event,-54.0,30.0,94.01317950684455,3.0,0.8568
2026-05-12,v8_dynamic,90,hist_winrate,non_event,36.0,40.0,94.07548439324856,1.0,0.2856
2026-05-12,v8_dynamic,90,hist_hit_an,non_event,-234.0,32.0,92.35382323449845,1.0,0.2856
2026-05-13,v6a_hit_an,90,c1,non_event,-246.0,30.0,91.4761315614708,4.0,1.1424
2026-05-13,v6a_hit_an,90,c2,non_event,104.0,34.0,96.40259018263761,5.0,1.428
2026-05-13,v6a_hit_an,90,c3,non_event,208.0,44.0,106.35872582798606,4.0,1.1424
2026-05-13,v6a_hit_an,90,c4,non_event,122.0,42.0,102.01137285812727,5.0,1.428
2026-05-13,v6a_hit_an,90,c5,non_event,164.0,30.0,95.55426707961294,1.0,0.2856
2026-05-13,v6a_hit_an,90,c6,non_event,356.0,42.0,98.03630359408056,7.0,1.9992
2026-05-13,v6a_hit_an,90,hist_diff,non_event,-128.0,36.0,93.62059882818414,2.0,0.5712
2026-05-13,v6a_hit_an,90,hist_payout,non_event,342.0,42.0,97.5455858393579,7.0,1.9992
2026-05-13,v6a_hit_an,90,hist_winrate,non_event,-52.0,36.0,97.67262933317087,2.0,0.5712
2026-05-13,v6a_hit_an,90,hist_hit_an,non_event,188.0,42.0,96.91862361337382,3.0,0.8568
2026-05-13,v8_dynamic,90,c1,non_event,-246.0,30.0,91.4761315614708,4.0,1.1424
2026-05-13,v8_dynamic,90,c2,non_event,78.0,32.0,95.47625142387095,5.0,1.428
2026-05-13,v8_dynamic,90,c3,non_event,102.0,44.0,105.73297946774069,3.0,0.8568
2026-05-13,v8_dynamic,90,c4,non_event,26.0,38.0,98.09859597158352,4.0,1.1424
2026-05-13,v8_dynamic,90,c5,non_event,146.0,28.000000000000004,95.33671531799689,1.0,0.2856
2026-05-13,v8_dynamic,90,c6,non_event,198.0,38.0,96.70047793490258,5.0,1.428
2026-05-13,v8_dynamic,90,hist_diff,non_event,-128.0,36.0,93.62059882818414,2.0,0.5712
2026-05-13,v8_dynamic,90,hist_payout,non_event,342.0,42.0,97.5455858393579,7.0,1.9992
2026-05-13,v8_dynamic,90,hist_winrate,non_event,-52.0,36.0,97.67262933317086,2.0,0.5712
2026-05-13,v8_dynamic,90,hist_hit_an,non_event,374.0,44.0,99.2526970171254,4.0,1.1424
2026-05-14,v6a_hit_an,90,c1,non_event,710.0,48.0,104.02374721564827,6.0,1.7136
2026-05-14,v6a_hit_an,90,c2,non_event,-306.0,32.0,95.89449733732849,2.0,0.5712
2026-05-14,v6a_hit_an,90,c3,non_event,-122.0,32.0,91.59597013254454,3.0,0.8568
2026-05-14,v6a_hit_an,90,c4,non_event,464.0,44.0,101.01473171823751,6.0,1.7136
2026-05-14,v6a_hit_an,90,c5,non_event,106.0,38.0,94.33775372351491,3.0,0.8568
2026-05-14,v6a_hit_an,90,c6,non_event,-614.0,24.0,96.85608703754589,1.0,0.2856
2026-05-14,v6a_hit_an,90,hist_diff,non_event,1122.0,40.0,118.6632257379035,7.0,1.9992
2026-05-14,v6a_hit_an,90,hist_payout,non_event,912.0,38.0,112.41129283554612,6.0,1.7136
2026-05-14,v6a_hit_an,90,hist_winrate,non_event,178.0,38.0,101.66749783419847,3.0,0.8568
2026-05-14,v6a_hit_an,90,hist_hit_an,non_event,1118.0,48.0,119.94280985919625,8.0,2.2848
2026-05-14,v8_dynamic,90,c1,non_event,712.0,48.0,103.81714964062965,6.0,1.7136
2026-05-14,v8_dynamic,90,c2,non_event,-272.0,34.0,95.89178263963282,2.0,0.5712
2026-05-14,v8_dynamic,90,c3,non_event,-180.0,34.0,93.68539675929208,3.0,0.8568
2026-05-14,v8_dynamic,90,c4,non_event,526.0,46.0,102.24405768098615,6.0,1.7136
2026-05-14,v8_dynamic,90,c5,non_event,104.0,38.0,94.08530401663997,3.0,0.8568
2026-05-14,v8_dynamic,90,c6,non_event,-726.0,22.0,96.97831383585235,2.0,0.5712
2026-05-14,v8_dynamic,90,hist_diff,non_event,1122.0,40.0,118.6632257379035,7.0,1.9992
2026-05-14,v8_dynamic,90,hist_payout,non_event,912.0,38.0,112.41129283554612,6.0,1.7136
2026-05-14,v8_dynamic,90,hist_winrate,non_event,238.0,40.0,101.91827167577576,4.0,1.1424
2026-05-14,v8_dynamic,90,hist_hit_an,non_event,794.0,46.0,115.24338744630545,6.0,1.7136
2026-05-15,v6a_hit_an,90,c1,non_event,284.0,38.0,97.4712755215737,4.0,1.1424
2026-05-15,v6a_hit_an,90,c2,non_event,88.0,34.0,98.87217019058626,3.0,0.8568
2026-05-15,v6a_hit_an,90,c3,non_event,-542.0,34.0,103.74730395412489,4.0,1.1424
2026-05-15,v6a_hit_an,90,c4,non_event,76.0,46.0,98.59165983218412,5.0,1.428
2026-05-15,v6a_hit_an,90,c5,non_event,252.0,38.0,97.46970139055499,2.0,0.5712
2026-05-15,v6a_hit_an,90,c6,non_event,6.0,36.0,104.57012372929566,4.0,1.1424
2026-05-15,v6a_hit_an,90,hist_diff,non_event,372.0,34.0,95.61666414809685,7.0,1.9992
2026-05-15,v6a_hit_an,90,hist_payout,non_event,-262.0,26.0,91.30973393699357,5.0,1.428
2026-05-15,v6a_hit_an,90,hist_winrate,non_event,190.0,38.0,98.76213129581194,4.0,1.1424
2026-05-15,v6a_hit_an,90,hist_hit_an,non_event,262.0,40.0,98.33890856829976,5.0,1.428
2026-05-15,v8_dynamic,90,c1,non_event,202.0,36.0,96.93450661250257,3.0,0.8568
2026-05-15,v8_dynamic,90,c2,non_event,82.0,34.0,98.988238252898,3.0,0.8568
2026-05-15,v8_dynamic,90,c3,non_event,-498.0,34.0,103.99318512553562,4.0,1.1424
2026-05-15,v8_dynamic,90,c4,non_event,92.0,46.0,98.98701441582632,5.0,1.428
2026-05-15,v8_dynamic,90,c5,non_event,260.0,40.0,97.52482058581471,2.0,0.5712
2026-05-15,v8_dynamic,90,c6,non_event,74.0,38.0,105.10143631649532,4.0,1.1424
2026-05-15,v8_dynamic,90,hist_diff,non_event,372.0,34.0,95.61666414809685,7.0,1.9992
2026-05-15,v8_dynamic,90,hist_payout,non_event,-262.0,26.0,91.30973393699357,5.0,1.428
2026-05-15,v8_dynamic,90,hist_winrate,non_event,210.0,40.0,98.93832814341191,3.0,0.8568
2026-05-15,v8_dynamic,90,hist_hit_an,non_event,260.0,40.0,98.09294777800322,5.0,1.428
2026-05-16,v6a_hit_an,90,c1,non_event,834.0,50.0,105.5264119924396,5.0,1.428
2026-05-16,v6a_hit_an,90,c2,non_event,270.0,40.0,100.5628052608798,3.0,0.8568
2026-05-16,v6a_hit_an,90,c3,non_event,-262.0,34.0,99.63615316339165,5.0,1.428
2026-05-16,v6a_hit_an,90,c4,non_event,-180.0,34.0,97.42522232147138,3.0,0.8568
2026-05-16,v6a_hit_an,90,c5,non_event,484.0,56.00000000000001,100.38396811775067,0.0,0.0
2026-05-16,v6a_hit_an,90,c6,non_event,-670.0,28.000000000000004,95.39704805352181,3.0,0.8568
2026-05-16,v6a_hit_an,90,hist_diff,non_event,772.0,52.0,106.39132310633704,7.0,1.9992
2026-05-16,v6a_hit_an,90,hist_payout,non_event,534.0,44.0,104.8902586178911,6.0,1.7136
2026-05-16,v6a_hit_an,90,hist_winrate,non_event,516.0,46.0,100.80877761654173,2.0,0.5712
2026-05-16,v6a_hit_an,90,hist_hit_an,non_event,560.0,56.00000000000001,104.36933858956023,3.0,0.8568
2026-05-16,v8_dynamic,90,c1,non_event,852.0,50.0,105.57011550947124,5.0,1.428
2026-05-16,v8_dynamic,90,c2,non_event,258.0,40.0,100.2711455204395,3.0,0.8568
2026-05-16,v8_dynamic,90,c3,non_event,-196.0,34.0,100.04573014138799,5.0,1.428
2026-05-16,v8_dynamic,90,c4,non_event,-96.0,36.0,97.8413172501134,4.0,1.1424
2026-05-16,v8_dynamic,90,c5,non_event,482.0,56.00000000000001,100.35597621017206,0.0,0.0
2026-05-16,v8_dynamic,90,c6,non_event,-426.0,38.0,95.0828116594666,0.0,0.0
2026-05-16,v8_dynamic,90,hist_diff,non_event,772.0,52.0,106.39132310633704,7.0,1.9992
2026-05-16,v8_dynamic,90,hist_payout,non_event,534.0,44.0,104.8902586178911,6.0,1.7136
2026-05-16,v8_dynamic,90,hist_winrate,non_event,562.0,46.0,100.85494016493398,2.0,0.5712
2026-05-16,v8_dynamic,90,hist_hit_an,non_event,470.0,54.0,104.10237735412682,3.0,0.8568
2026-05-17,v6a_hit_an,90,c1,event,1234.0,52.0,109.17093186518787,7.0,1.9992
2026-05-17,v6a_hit_an,90,c2,event,414.0,52.0,101.83015710221399,2.0,0.5712
2026-05-17,v6a_hit_an,90,c3,event,454.0,42.0,104.06300786561364,5.0,1.428
2026-05-17,v6a_hit_an,90,c4,event,898.0,42.0,107.70157503468637,7.0,1.9992
2026-05-17,v6a_hit_an,90,c5,event,532.0,60.0,101.60812590664707,0.0,0.0
2026-05-17,v6a_hit_an,90,c6,event,274.0,44.0,102.00376958716198,3.0,0.8568
2026-05-17,v6a_hit_an,90,hist_diff,event,890.0,48.0,108.6151022259807,8.0,2.2848
2026-05-17,v6a_hit_an,90,hist_payout,event,572.0,50.0,106.04793336287366,7.0,1.9992
2026-05-17,v6a_hit_an,90,hist_winrate,event,28.0,38.0,99.85504151147015,2.0,0.5712
2026-05-17,v6a_hit_an,90,hist_hit_an,event,824.0,48.0,106.07445741912319,7.0,1.9992
2026-05-17,v8_dynamic,90,c1,event,1222.0,52.0,109.20103931929395,7.0,1.9992
2026-05-17,v8_dynamic,90,c2,event,402.0,52.0,101.78961994174665,2.0,0.5712
2026-05-17,v8_dynamic,90,c3,event,454.0,42.0,104.06300786561364,5.0,1.428
2026-05-17,v8_dynamic,90,c4,event,1012.0,44.0,108.59625570477037,7.0,1.9992
2026-05-17,v8_dynamic,90,c5,event,560.0,62.0,101.74368243770004,0.0,0.0
2026-05-17,v8_dynamic,90,c6,event,432.0,42.0,102.79333486353639,6.0,1.7136
2026-05-17,v8_dynamic,90,hist_diff,event,890.0,48.0,108.6151022259807,8.0,2.2848
2026-05-17,v8_dynamic,90,hist_payout,event,572.0,50.0,106.04793336287366,7.0,1.9992
2026-05-17,v8_dynamic,90,hist_winrate,event,270.0,42.0,101.08289384892954,3.0,0.8568
2026-05-17,v8_dynamic,90,hist_hit_an,event,846.0,48.0,106.14863182351486,7.0,1.9992
2026-05-18,v6a_hit_an,90,c1,non_event,-270.0,34.0,99.72046974681398,0.0,0.0
2026-05-18,v6a_hit_an,90,c2,non_event,404.0,34.0,103.68666356786747,6.0,1.7136
2026-05-18,v6a_hit_an,90,c3,non_event,-232.0,30.0,95.28225561001915,7.0,1.9992
2026-05-18,v6a_hit_an,90,c4,non_event,-130.0,42.0,98.40766570892897,3.0,0.8568
2026-05-18,v6a_hit_an,90,c5,non_event,238.0,46.0,98.91481234526381,0.0,0.0
2026-05-18,v6a_hit_an,90,c6,non_event,-150.0,28.000000000000004,94.47273158696221,4.0,1.1424
2026-05-18,v6a_hit_an,90,hist_diff,non_event,366.0,36.0,99.63470673707738,4.0,1.1424
2026-05-18,v6a_hit_an,90,hist_payout,non_event,422.0,38.0,99.52074150815425,8.0,2.2848
2026-05-18,v6a_hit_an,90,hist_winrate,non_event,184.0,44.0,94.76806807762446,2.0,0.5712
2026-05-18,v6a_hit_an,90,hist_hit_an,non_event,-86.0,24.0,90.2857624033512,6.0,1.7136
2026-05-18,v8_dynamic,90,c1,non_event,-270.0,34.0,96.83700828129706,0.0,0.0
2026-05-18,v8_dynamic,90,c2,non_event,502.0,36.0,103.73175276701231,6.0,1.7136
2026-05-18,v8_dynamic,90,c3,non_event,-196.0,30.0,95.60579420272128,7.0,1.9992
2026-05-18,v8_dynamic,90,c4,non_event,-130.0,42.0,98.40766570892897,3.0,0.8568
2026-05-18,v8_dynamic,90,c5,non_event,180.0,46.0,98.79811806428341,0.0,0.0
2026-05-18,v8_dynamic,90,c6,non_event,-420.0,28.000000000000004,90.88778269300343,4.0,1.1424
2026-05-18,v8_dynamic,90,hist_diff,non_event,354.0,34.0,98.70145133014361,4.0,1.1424
2026-05-18,v8_dynamic,90,hist_payout,non_event,422.0,38.0,99.52074150815425,8.0,2.2848
2026-05-18,v8_dynamic,90,hist_winrate,non_event,158.0,42.0,93.90165972005761,2.0,0.5712
2026-05-18,v8_dynamic,90,hist_hit_an,non_event,-62.0,28.000000000000004,90.71413220609067,6.0,1.7136
2026-05-19,v6a_hit_an,90,c1,non_event,496.0,46.0,100.45894799712565,6.0,1.7136
2026-05-19,v6a_hit_an,90,c2,non_event,-154.0,32.0,98.5078283293653,1.0,0.2856
2026-05-19,v6a_hit_an,90,c3,non_event,-354.0,28.000000000000004,99.49047236411921,1.0,0.2856
2026-05-19,v6a_hit_an,90,c4,non_event,-158.0,34.0,94.92526836568604,3.0,0.8568
2026-05-19,v6a_hit_an,90,c5,non_event,114.0,44.0,97.14419714022051,0.0,0.0
2026-05-19,v6a_hit_an,90,c6,non_event,472.0,36.0,104.70025178334879,7.0,1.9992
2026-05-19,v6a_hit_an,90,hist_diff,non_event,734.0,44.0,103.87432862742567,5.0,1.428
2026-05-19,v6a_hit_an,90,hist_payout,non_event,432.0,34.0,98.29322775188639,4.0,1.1424
2026-05-19,v6a_hit_an,90,hist_winrate,non_event,2.0,36.0,96.00496710088433,0.0,0.0
2026-05-19,v6a_hit_an,90,hist_hit_an,non_event,220.0,38.0,96.04654297914419,1.0,0.2856
2026-05-19,v8_dynamic,90,c1,non_event,582.0,48.0,100.88250795221467,6.0,1.7136
2026-05-19,v8_dynamic,90,c2,non_event,-32.0,34.0,99.43260851116389,2.0,0.5712
2026-05-19,v8_dynamic,90,c3,non_event,-354.0,28.000000000000004,99.49047236411921,1.0,0.2856
2026-05-19,v8_dynamic,90,c4,non_event,-268.0,30.0,92.24957172946725,3.0,0.8568
2026-05-19,v8_dynamic,90,c5,non_event,30.0,42.0,96.63777236155408,0.0,0.0
2026-05-19,v8_dynamic,90,c6,non_event,950.0,38.0,107.43382545631404,8.0,2.2848
2026-05-19,v8_dynamic,90,hist_diff,non_event,734.0,44.0,103.87432862742567,5.0,1.428
2026-05-19,v8_dynamic,90,hist_payout,non_event,432.0,34.0,98.29322775188639,4.0,1.1424
2026-05-19,v8_dynamic,90,hist_winrate,non_event,56.0,36.0,96.78199175081745,0.0,0.0
2026-05-19,v8_dynamic,90,hist_hit_an,non_event,126.0,36.0,95.10847008792794,1.0,0.2856
2026-05-20,v6a_hit_an,90,c1,non_event,276.0,42.0,98.54078375948316,3.0,0.8568
2026-05-20,v6a_hit_an,90,c2,non_event,-36.0,34.0,97.12170036927388,4.0,1.1424
2026-05-20,v6a_hit_an,90,c3,non_event,504.0,38.0,98.83424334480618,5.0,1.428
2026-05-20,v6a_hit_an,90,c4,non_event,188.0,42.0,97.03349032689994,4.0,1.1424
2026-05-20,v6a_hit_an,90,c5,non_event,140.0,36.0,97.15397791914504,0.0,0.0
2026-05-20,v6a_hit_an,90,c6,non_event,804.0,44.0,103.47697379302079,9.0,2.5704
2026-05-20,v6a_hit_an,90,hist_diff,non_event,-410.0,24.0,87.3835103959696,2.0,0.5712
2026-05-20,v6a_hit_an,90,hist_payout,non_event,336.0,38.0,97.83895247943767,3.0,0.8568
2026-05-20,v6a_hit_an,90,hist_winrate,non_event,26.0,32.0,95.3458601659897,1.0,0.2856
2026-05-20,v6a_hit_an,90,hist_hit_an,non_event,-32.0,34.0,95.23060626981032,3.0,0.8568
2026-05-20,v8_dynamic,90,c1,non_event,370.0,44.0,99.77414402229213,3.0,0.8568
2026-05-20,v8_dynamic,90,c2,non_event,40.0,34.0,97.81621018879727,4.0,1.1424
2026-05-20,v8_dynamic,90,c3,non_event,524.0,38.0,98.73806563743774,5.0,1.428
2026-05-20,v8_dynamic,90,c4,non_event,188.0,42.0,97.03349032689994,4.0,1.1424
2026-05-20,v8_dynamic,90,c5,non_event,180.0,36.0,97.41631043624169,0.0,0.0
2026-05-20,v8_dynamic,90,c6,non_event,646.0,44.0,102.90215166435694,5.0,1.428
2026-05-20,v8_dynamic,90,hist_diff,non_event,-410.0,24.0,87.3835103959696,2.0,0.5712
2026-05-20,v8_dynamic,90,hist_payout,non_event,336.0,38.0,97.83895247943767,3.0,0.8568
2026-05-20,v8_dynamic,90,hist_winrate,non_event,-18.0,32.0,95.37039429703047,1.0,0.2856
2026-05-20,v8_dynamic,90,hist_hit_an,non_event,-218.0,30.0,93.34407459700104,3.0,0.8568
2026-05-21,v6a_hit_an,90,c1,event,-178.0,32.0,93.28247187710154,2.0,0.5712
2026-05-21,v6a_hit_an,90,c2,event,1228.0,48.0,107.22474740194458,7.0,1.9992
2026-05-21,v6a_hit_an,90,c3,event,-176.0,34.0,94.05659387529528,3.0,0.8568
2026-05-21,v6a_hit_an,90,c4,event,126.0,36.0,94.9294393420223,4.0,1.1424
2026-05-21,v6a_hit_an,90,c5,event,-300.0,30.0,93.94136811952356,2.0,0.5712
2026-05-21,v6a_hit_an,90,c6,event,62.0,32.0,94.30679155702117,5.0,1.428
2026-05-21,v6a_hit_an,90,hist_diff,event,196.0,32.0,96.35420797103122,5.0,1.428
2026-05-21,v6a_hit_an,90,hist_payout,event,490.0,44.0,103.87217212966138,5.0,1.428
2026-05-21,v6a_hit_an,90,hist_winrate,event,410.0,50.0,101.502176677132,2.0,0.5712
2026-05-21,v6a_hit_an,90,hist_hit_an,event,116.0,46.0,99.77305319276475,3.0,0.8568
2026-05-21,v8_dynamic,90,c1,event,-150.0,34.0,93.96962456149386,2.0,0.5712
2026-05-21,v8_dynamic,90,c2,event,988.0,46.0,104.94874177058836,6.0,1.7136
2026-05-21,v8_dynamic,90,c3,event,-120.0,34.0,94.86139587624056,3.0,0.8568
2026-05-21,v8_dynamic,90,c4,event,-76.0,34.0,93.65696727045832,3.0,0.8568
2026-05-21,v8_dynamic,90,c5,event,-214.0,32.0,95.52577057798932,2.0,0.5712
2026-05-21,v8_dynamic,90,c6,event,-486.0,26.0,89.83149070416187,3.0,0.8568
2026-05-21,v8_dynamic,90,hist_diff,event,196.0,32.0,96.35420797103122,5.0,1.428
2026-05-21,v8_dynamic,90,hist_payout,event,490.0,44.0,103.87217212966138,5.0,1.428
2026-05-21,v8_dynamic,90,hist_winrate,event,446.0,50.0,101.64051883365222,2.0,0.5712
2026-05-21,v8_dynamic,90,hist_hit_an,event,122.0,46.0,99.04434663646822,3.0,0.8568
2026-05-22,v6a_hit_an,90,c1,event,496.0,44.0,106.34366819719749,3.0,0.8568
2026-05-22,v6a_hit_an,90,c2,event,548.0,46.0,103.14882499104395,6.0,1.7136
2026-05-22,v6a_hit_an,90,c3,event,-262.0,36.0,96.68896459514643,3.0,0.8568
2026-05-22,v6a_hit_an,90,c4,event,1054.0,62.0,107.0246501558172,5.0,1.428
2026-05-22,v6a_hit_an,90,c5,event,140.0,44.0,98.56729809394267,1.0,0.2856
2026-05-22,v6a_hit_an,90,c6,event,1186.0,46.0,110.88416293527436,10.0,2.856
2026-05-22,v6a_hit_an,90,hist_diff,event,620.0,44.0,103.97306369933422,7.0,1.9992
2026-05-22,v6a_hit_an,90,hist_payout,event,238.0,36.0,104.34212531602348,4.0,1.1424
2026-05-22,v6a_hit_an,90,hist_winrate,event,-316.0,36.0,96.6873166317182,0.0,0.0
2026-05-22,v6a_hit_an,90,hist_hit_an,event,802.0,50.0,107.6887282366829,5.0,1.428
2026-05-22,v8_dynamic,90,c1,event,502.0,46.0,106.61650360079108,3.0,0.8568
2026-05-22,v8_dynamic,90,c2,event,754.0,50.0,104.67310469570799,7.0,1.9992
2026-05-22,v8_dynamic,90,c3,event,-318.0,34.0,96.40198396658612,3.0,0.8568
2026-05-22,v8_dynamic,90,c4,event,952.0,57.99999999999999,106.42052733244196,5.0,1.428
2026-05-22,v8_dynamic,90,c5,event,194.0,46.0,98.96570495310979,1.0,0.2856
2026-05-22,v8_dynamic,90,c6,event,908.0,56.00000000000001,105.40480240579626,8.0,2.2848
2026-05-22,v8_dynamic,90,hist_diff,event,620.0,44.0,103.97306369933422,7.0,1.9992
2026-05-22,v8_dynamic,90,hist_payout,event,238.0,36.0,104.34212531602348,4.0,1.1424
2026-05-22,v8_dynamic,90,hist_winrate,event,-332.0,34.0,96.59820790650193,0.0,0.0
2026-05-22,v8_dynamic,90,hist_hit_an,event,574.0,44.0,105.99366417627755,5.0,1.428
2026-05-23,v6a_hit_an,90,c1,non_event,-186.0,30.0,99.67972068066658,4.0,1.1424
2026-05-23,v6a_hit_an,90,c2,non_event,-170.0,40.0,102.1519091056644,4.0,1.1424
2026-05-23,v6a_hit_an,90,c3,non_event,216.0,52.0,101.33438118694644,6.0,1.7136
2026-05-23,v6a_hit_an,90,c4,non_event,-422.0,32.0,95.42978419621004,1.0,0.2856
2026-05-23,v6a_hit_an,90,c5,non_event,156.0,48.0,99.37079155335954,0.0,0.0
2026-05-23,v6a_hit_an,90,c6,non_event,564.0,46.0,104.10241524534587,9.0,2.5704
2026-05-23,v6a_hit_an,90,hist_diff,non_event,-1044.0,18.0,91.31724694917561,2.0,0.5712
2026-05-23,v6a_hit_an,90,hist_payout,non_event,-782.0,26.0,91.60386994212641,4.0,1.1424
2026-05-23,v6a_hit_an,90,hist_winrate,non_event,-290.0,34.0,96.71666433304165,1.0,0.2856
2026-05-23,v6a_hit_an,90,hist_hit_an,non_event,-716.0,24.0,92.94982486931666,4.0,1.1424
2026-05-23,v8_dynamic,90,c1,non_event,-216.0,30.0,99.31457492714173,4.0,1.1424
2026-05-23,v8_dynamic,90,c2,non_event,-134.0,42.0,102.24086835908052,4.0,1.1424
2026-05-23,v8_dynamic,90,c3,non_event,310.0,52.0,101.8043335015924,7.0,1.9992
2026-05-23,v8_dynamic,90,c4,non_event,-514.0,30.0,94.72214034970104,1.0,0.2856
2026-05-23,v8_dynamic,90,c5,non_event,200.0,48.0,99.51334804290019,0.0,0.0
2026-05-23,v8_dynamic,90,c6,non_event,-266.0,40.0,98.46154283564184,4.0,1.1424
2026-05-23,v8_dynamic,90,hist_diff,non_event,-1044.0,18.0,91.31724694917561,2.0,0.5712
2026-05-23,v8_dynamic,90,hist_payout,non_event,-782.0,26.0,91.60386994212641,4.0,1.1424
2026-05-23,v8_dynamic,90,hist_winrate,non_event,4.0,40.0,98.60983880432765,1.0,0.2856
2026-05-23,v8_dynamic,90,hist_hit_an,non_event,-596.0,28.000000000000004,93.48025348407306,4.0,1.1424
2026-05-24,v6a_hit_an,90,c1,non_event,64.0,40.0,98.22305048160595,3.0,0.8568
2026-05-24,v6a_hit_an,90,c2,non_event,116.0,42.0,98.99160459564298,4.0,1.1424
2026-05-24,v6a_hit_an,90,c3,non_event,718.0,40.0,107.24759075150472,8.0,2.2848
2026-05-24,v6a_hit_an,90,c4,non_event,70.0,44.0,98.30738013845034,2.0,0.5712
2026-05-24,v6a_hit_an,90,c5,non_event,500.0,52.0,100.37861293429418,0.0,0.0
2026-05-24,v6a_hit_an,90,c6,non_event,90.0,42.0,98.36988882877436,6.0,1.7136
2026-05-24,v6a_hit_an,90,hist_diff,non_event,394.0,48.0,101.34809390068826,5.0,1.428
2026-05-24,v6a_hit_an,90,hist_payout,non_event,738.0,54.0,105.00477426108587,5.0,1.428
2026-05-24,v6a_hit_an,90,hist_winrate,non_event,608.0,60.0,102.26093386751882,2.0,0.5712
2026-05-24,v6a_hit_an,90,hist_hit_an,non_event,320.0,52.0,102.43145664542052,5.0,1.428
2026-05-24,v8_dynamic,90,c1,non_event,350.0,44.0,100.69636301927565,4.0,1.1424
2026-05-24,v8_dynamic,90,c2,non_event,418.0,46.0,101.85957778155041,5.0,1.428
2026-05-24,v8_dynamic,90,c3,non_event,392.0,40.0,103.11729047077667,6.0,1.7136
2026-05-24,v8_dynamic,90,c4,non_event,-8.0,42.0,97.87359551492635,2.0,0.5712
2026-05-24,v8_dynamic,90,c5,non_event,482.0,52.0,100.30517210403163,0.0,0.0
2026-05-24,v8_dynamic,90,c6,non_event,172.0,44.0,98.21138054922163,6.0,1.7136
2026-05-24,v8_dynamic,90,hist_diff,non_event,394.0,48.0,101.34809390068826,5.0,1.428
2026-05-24,v8_dynamic,90,hist_payout,non_event,738.0,54.0,105.00477426108587,5.0,1.428
2026-05-24,v8_dynamic,90,hist_winrate,non_event,752.0,62.0,103.46259352539597,2.0,0.5712
2026-05-24,v8_dynamic,90,hist_hit_an,non_event,452.0,54.0,103.77720580542795,6.0,1.7136
2026-05-25,v6a_hit_an,90,c1,non_event,-120.0,32.0,92.14316956833616,5.0,1.428
2026-05-25,v6a_hit_an,90,c2,non_event,462.0,38.0,104.6523268302888,6.0,1.7136
2026-05-25,v6a_hit_an,90,c3,non_event,-396.0,34.0,94.03813619075441,2.0,0.5712
2026-05-25,v6a_hit_an,90,c4,non_event,-152.0,32.0,96.85796610991699,6.0,1.7136
2026-05-25,v6a_hit_an,90,c5,non_event,70.0,40.0,96.0423262232541,1.0,0.2856
2026-05-25,v6a_hit_an,90,c6,non_event,204.0,42.0,101.54242791712477,8.0,2.2848
2026-05-25,v6a_hit_an,90,hist_diff,non_event,-262.0,42.0,100.26879372166613,3.0,0.8568
2026-05-25,v6a_hit_an,90,hist_payout,non_event,-580.0,28.000000000000004,93.87262867422628,2.0,0.5712
2026-05-25,v6a_hit_an,90,hist_winrate,non_event,-318.0,30.0,91.84477295582539,1.0,0.2856
2026-05-25,v6a_hit_an,90,hist_hit_an,non_event,310.0,48.0,106.83173019589813,5.0,1.428
2026-05-25,v8_dynamic,90,c1,non_event,-126.0,34.0,93.22426418662313,5.0,1.428
2026-05-25,v8_dynamic,90,c2,non_event,380.0,36.0,104.24762837998775,5.0,1.428
2026-05-25,v8_dynamic,90,c3,non_event,-396.0,34.0,94.03813619075441,2.0,0.5712
2026-05-25,v8_dynamic,90,c4,non_event,-148.0,30.0,94.25477001956135,5.0,1.428
2026-05-25,v8_dynamic,90,c5,non_event,102.0,42.0,96.31849208259163,1.0,0.2856
2026-05-25,v8_dynamic,90,c6,non_event,194.0,44.0,102.82691876114656,7.0,1.9992
2026-05-25,v8_dynamic,90,hist_diff,non_event,-262.0,42.0,100.26879372166613,3.0,0.8568
2026-05-25,v8_dynamic,90,hist_payout,non_event,-580.0,28.000000000000004,93.87262867422628,2.0,0.5712
2026-05-25,v8_dynamic,90,hist_winrate,non_event,-322.0,30.0,92.17075495718176,1.0,0.2856
2026-05-25,v8_dynamic,90,hist_hit_an,non_event,310.0,48.0,106.8317301958981,5.0,1.428
2026-05-26,v6a_hit_an,90,c1,non_event,142.0,30.0,95.46904666321636,4.0,1.1424
2026-05-26,v6a_hit_an,90,c2,non_event,68.0,46.0,97.77990561165292,2.0,0.5712
2026-05-26,v6a_hit_an,90,c3,non_event,782.0,50.0,106.57127217411157,10.0,2.856
2026-05-26,v6a_hit_an,90,c4,non_event,32.0,34.0,96.43052936566669,4.0,1.1424
2026-05-26,v6a_hit_an,90,c5,non_event,496.0,46.0,97.66209036862921,3.0,0.8568
2026-05-26,v6a_hit_an,90,c6,non_event,486.0,54.0,100.43339869038714,5.0,1.428
2026-05-26,v6a_hit_an,90,hist_diff,non_event,422.0,42.0,99.36191780856939,4.0,1.1424
2026-05-26,v6a_hit_an,90,hist_payout,non_event,612.0,44.0,100.94089373266115,8.0,2.2848
2026-05-26,v6a_hit_an,90,hist_winrate,non_event,328.0,52.0,100.34522050795859,2.0,0.5712
2026-05-26,v6a_hit_an,90,hist_hit_an,non_event,622.0,48.0,102.17036793219596,8.0,2.2848
2026-05-26,v8_dynamic,90,c1,non_event,150.0,30.0,95.94225688612507,4.0,1.1424
2026-05-26,v8_dynamic,90,c2,non_event,138.0,46.0,99.72705466190843,3.0,0.8568
2026-05-26,v8_dynamic,90,c3,non_event,688.0,46.0,105.76385530419057,10.0,2.856
2026-05-26,v8_dynamic,90,c4,non_event,-22.0,34.0,95.76697997158783,4.0,1.1424
2026-05-26,v8_dynamic,90,c5,non_event,484.0,46.0,97.56810421696278,3.0,0.8568
2026-05-26,v8_dynamic,90,c6,non_event,164.0,46.0,96.10693379585582,4.0,1.1424
2026-05-26,v8_dynamic,90,hist_diff,non_event,422.0,42.0,99.36191780856939,4.0,1.1424
2026-05-26,v8_dynamic,90,hist_payout,non_event,612.0,44.0,100.94089373266115,8.0,2.2848
2026-05-26,v8_dynamic,90,hist_winrate,non_event,318.0,52.0,100.5087259433404,3.0,0.8568
2026-05-26,v8_dynamic,90,hist_hit_an,non_event,574.0,48.0,101.81949236497358,8.0,2.2848
2026-05-27,v6a_hit_an,90,c1,event,270.0,40.0,99.5292925315329,4.0,1.1424
2026-05-27,v6a_hit_an,90,c2,event,-964.0,22.0,91.40287209316347,0.0,0.0
2026-05-27,v6a_hit_an,90,c3,event,536.0,42.0,101.40470388708874,6.0,1.7136
2026-05-27,v6a_hit_an,90,c4,event,282.0,46.0,101.27165127377366,3.0,0.8568
2026-05-27,v6a_hit_an,90,c5,event,24.0,42.0,97.70636856460364,0.0,0.0
2026-05-27,v6a_hit_an,90,c6,event,486.0,42.0,101.96105883121146,6.0,1.7136
2026-05-27,v6a_hit_an,90,hist_diff,event,52.0,36.0,96.46069325666345,5.0,1.428
2026-05-27,v6a_hit_an,90,hist_payout,event,140.0,42.0,98.29746668673259,5.0,1.428
2026-05-27,v6a_hit_an,90,hist_winrate,event,248.0,48.0,101.33210532566264,1.0,0.2856
2026-05-27,v6a_hit_an,90,hist_hit_an,event,190.0,48.0,100.74029496814997,3.0,0.8568
2026-05-27,v8_dynamic,90,c1,event,372.0,42.0,100.13079131099973,4.0,1.1424
2026-05-27,v8_dynamic,90,c2,event,-988.0,22.0,91.06519630219591,0.0,0.0
2026-05-27,v8_dynamic,90,c3,event,512.0,42.0,101.58967260409241,6.0,1.7136
2026-05-27,v8_dynamic,90,c4,event,482.0,48.0,102.46548165053024,4.0,1.1424
2026-05-27,v8_dynamic,90,c5,event,-10.0,40.0,97.36037408523003,0.0,0.0
2026-05-27,v8_dynamic,90,c6,event,-144.0,34.0,96.71088428487394,3.0,0.8568
2026-05-27,v8_dynamic,90,hist_diff,event,52.0,36.0,96.46069325666345,5.0,1.428
2026-05-27,v8_dynamic,90,hist_payout,event,140.0,42.0,98.29746668673259,5.0,1.428
2026-05-27,v8_dynamic,90,hist_winrate,event,66.0,44.0,99.84063772250074,1.0,0.2856
2026-05-27,v8_dynamic,90,hist_hit_an,event,188.0,48.0,100.72942303946984,3.0,0.8568
2026-05-28,v6a_hit_an,90,c1,non_event,266.0,40.0,101.22648718962509,5.0,1.428
2026-05-28,v6a_hit_an,90,c2,non_event,-252.0,36.0,92.88905607839887,0.0,0.0
2026-05-28,v6a_hit_an,90,c3,non_event,766.0,42.0,104.26391181638948,10.0,2.856
2026-05-28,v6a_hit_an,90,c4,non_event,148.0,34.0,94.28698411730392,5.0,1.428
2026-05-28,v6a_hit_an,90,c5,non_event,-182.0,24.0,93.5322956316172,1.0,0.2856
2026-05-28,v6a_hit_an,90,c6,non_event,188.0,34.0,97.16513851631206,5.0,1.428
2026-05-28,v6a_hit_an,90,hist_diff,non_event,98.0,32.0,94.13985688454093,3.0,0.8568
2026-05-28,v6a_hit_an,90,hist_payout,non_event,444.0,36.0,99.12721834208476,4.0,1.1424
2026-05-28,v6a_hit_an,90,hist_winrate,non_event,166.0,38.0,96.79929049298015,1.0,0.2856
2026-05-28,v6a_hit_an,90,hist_hit_an,non_event,322.0,48.0,100.72223570326167,4.0,1.1424
2026-05-28,v8_dynamic,90,c1,non_event,350.0,44.0,102.30878492659265,5.0,1.428
2026-05-28,v8_dynamic,90,c2,non_event,-356.0,36.0,92.35007064609512,0.0,0.0
2026-05-28,v8_dynamic,90,c3,non_event,762.0,42.0,104.2929143867288,10.0,2.856
2026-05-28,v8_dynamic,90,c4,non_event,166.0,34.0,94.84239703059089,5.0,1.428
2026-05-28,v8_dynamic,90,c5,non_event,-194.0,22.0,93.39218107098966,1.0,0.2856
2026-05-28,v8_dynamic,90,c6,non_event,544.0,40.0,99.61645650051187,6.0,1.7136
2026-05-28,v8_dynamic,90,hist_diff,non_event,98.0,32.0,94.13985688454093,3.0,0.8568
2026-05-28,v8_dynamic,90,hist_payout,non_event,444.0,36.0,99.12721834208476,4.0,1.1424
2026-05-28,v8_dynamic,90,hist_winrate,non_event,184.0,38.0,96.5679771467718,1.0,0.2856
2026-05-28,v8_dynamic,90,hist_hit_an,non_event,260.0,46.0,100.1573758264267,4.0,1.1424
2026-05-29,v6a_hit_an,90,c1,non_event,-182.0,28.000000000000004,91.53456400092495,4.0,1.1424
2026-05-29,v6a_hit_an,90,c2,non_event,-250.0,34.0,91.29291362319017,1.0,0.2856
2026-05-29,v6a_hit_an,90,c3,non_event,778.0,46.0,105.60583440722466,7.0,1.9992
2026-05-29,v6a_hit_an,90,c4,non_event,552.0,44.0,111.44907532645999,4.0,1.1424
2026-05-29,v6a_hit_an,90,c5,non_event,260.0,38.0,97.43465815283469,1.0,0.2856
2026-05-29,v6a_hit_an,90,c6,non_event,442.0,32.0,97.74671200691202,6.0,1.7136
2026-05-29,v6a_hit_an,90,hist_diff,non_event,-140.0,24.0,90.06422246166953,4.0,1.1424
2026-05-29,v6a_hit_an,90,hist_payout,non_event,-104.0,22.0,92.07478605600703,5.0,1.428
2026-05-29,v6a_hit_an,90,hist_winrate,non_event,142.0,38.0,94.95124661711097,4.0,1.1424
2026-05-29,v6a_hit_an,90,hist_hit_an,non_event,-60.0,32.0,96.21797513986134,5.0,1.428
2026-05-29,v8_dynamic,90,c1,non_event,-182.0,28.000000000000004,91.53456400092495,4.0,1.1424
2026-05-29,v8_dynamic,90,c2,non_event,-120.0,34.0,93.18365722791845,2.0,0.5712
2026-05-29,v8_dynamic,90,c3,non_event,646.0,44.0,104.21005024333888,6.0,1.7136
2026-05-29,v8_dynamic,90,c4,non_event,504.0,42.0,110.92707603560693,4.0,1.1424
2026-05-29,v8_dynamic,90,c5,non_event,258.0,38.0,97.52009641999034,1.0,0.2856
2026-05-29,v8_dynamic,90,c6,non_event,280.0,30.0,97.50869214293209,5.0,1.428
2026-05-29,v8_dynamic,90,hist_diff,non_event,-140.0,24.0,90.06422246166953,4.0,1.1424
2026-05-29,v8_dynamic,90,hist_payout,non_event,-104.0,22.0,92.07478605600703,5.0,1.428
2026-05-29,v8_dynamic,90,hist_winrate,non_event,140.0,36.0,95.75368912077946,4.0,1.1424
2026-05-29,v8_dynamic,90,hist_hit_an,non_event,6.0,34.0,97.45671965572278,5.0,1.428
2026-05-30,v6a_hit_an,90,c1,non_event,82.0,44.0,100.82518676611991,3.0,0.8568
2026-05-30,v6a_hit_an,90,c2,non_event,664.0,42.0,103.73325461813609,5.0,1.428
2026-05-30,v6a_hit_an,90,c3,non_event,262.0,40.0,103.92402781347708,3.0,0.8568
2026-05-30,v6a_hit_an,90,c4,non_event,564.0,52.0,103.10065768956098,4.0,1.1424
2026-05-30,v6a_hit_an,90,c5,non_event,882.0,54.0,102.59777883325262,1.0,0.2856
2026-05-30,v6a_hit_an,90,c6,non_event,800.0,50.0,104.19487835860406,5.0,1.428
2026-05-30,v6a_hit_an,90,hist_diff,non_event,378.0,46.0,104.54137588600378,5.0,1.428
2026-05-30,v6a_hit_an,90,hist_payout,non_event,156.0,40.0,102.48729564923758,7.0,1.9992
2026-05-30,v6a_hit_an,90,hist_winrate,non_event,432.0,48.0,101.35847172128804,2.0,0.5712
2026-05-30,v6a_hit_an,90,hist_hit_an,non_event,376.0,42.0,103.16279209357063,5.0,1.428
2026-05-30,v8_dynamic,90,c1,non_event,208.0,48.0,101.84294056672945,3.0,0.8568
2026-05-30,v8_dynamic,90,c2,non_event,788.0,44.0,104.93678760478912,6.0,1.7136
2026-05-30,v8_dynamic,90,c3,non_event,184.0,38.0,103.54548699719955,3.0,0.8568
2026-05-30,v8_dynamic,90,c4,non_event,568.0,52.0,102.8938966011392,4.0,1.1424
2026-05-30,v8_dynamic,90,c5,non_event,804.0,54.0,102.31117657663059,0.0,0.0
2026-05-30,v8_dynamic,90,c6,non_event,916.0,52.0,105.4929367524041,4.0,1.1424
2026-05-30,v8_dynamic,90,hist_diff,non_event,378.0,46.0,104.54137588600378,5.0,1.428
2026-05-30,v8_dynamic,90,hist_payout,non_event,156.0,40.0,102.48729564923758,7.0,1.9992
2026-05-30,v8_dynamic,90,hist_winrate,non_event,496.0,50.0,101.58371304980312,2.0,0.5712
2026-05-30,v8_dynamic,90,hist_hit_an,non_event,478.0,42.0,104.15099406100933,5.0,1.428
2026-06-01,v6a_hit_an,90,c1,event,246.0,42.0,97.82028774155683,5.0,1.428
2026-06-01,v6a_hit_an,90,c2,event,894.0,46.0,103.23325577909647,7.0,1.9992
2026-06-01,v6a_hit_an,90,c3,event,1096.0,48.0,104.16542272319812,7.0,1.9992
2026-06-01,v6a_hit_an,90,c4,event,610.0,48.0,103.56957198980436,8.0,2.2848
2026-06-01,v6a_hit_an,90,c5,event,274.0,52.0,98.78634028926206,0.0,0.0
2026-06-01,v6a_hit_an,90,c6,event,668.0,48.0,103.75164085408358,5.0,1.428
2026-06-01,v6a_hit_an,90,hist_diff,event,-46.0,28.000000000000004,97.20104797758796,6.0,1.7136
2026-06-01,v6a_hit_an,90,hist_payout,event,288.0,38.0,99.8777464434741,5.0,1.428
2026-06-01,v6a_hit_an,90,hist_winrate,event,788.0,57.99999999999999,104.907095345066,4.0,1.1424
2026-06-01,v6a_hit_an,90,hist_hit_an,event,478.0,42.0,103.70328354796997,6.0,1.7136
2026-06-01,v8_dynamic,90,c1,event,246.0,42.0,97.8202877415568,5.0,1.428
2026-06-01,v8_dynamic,90,c2,event,968.0,46.0,103.83826936094184,7.0,1.9992
2026-06-01,v8_dynamic,90,c3,event,900.0,44.0,102.11258129020801,6.0,1.7136
2026-06-01,v8_dynamic,90,c4,event,610.0,48.0,103.56957198980436,8.0,2.2848
2026-06-01,v8_dynamic,90,c5,event,224.0,50.0,98.3561935796489,0.0,0.0
2026-06-01,v8_dynamic,90,c6,event,480.0,54.0,100.13469952443788,3.0,0.8568
2026-06-01,v8_dynamic,90,hist_diff,event,-46.0,28.000000000000004,97.20104797758796,6.0,1.7136
2026-06-01,v8_dynamic,90,hist_payout,event,288.0,38.0,99.8777464434741,5.0,1.428
2026-06-01,v8_dynamic,90,hist_winrate,event,464.0,52.0,102.70353399822275,3.0,0.8568
2026-06-01,v8_dynamic,90,hist_hit_an,event,640.0,46.0,105.79886004027472,6.0,1.7136
2026-06-02,v6a_hit_an,90,c1,non_event,30.0,36.0,92.42349339267963,2.0,0.5712
2026-06-02,v6a_hit_an,90,c2,non_event,-56.0,36.0,93.58279522243234,2.0,0.5712
2026-06-02,v6a_hit_an,90,c3,non_event,998.0,57.99999999999999,113.44885998585224,8.0,2.2848
2026-06-02,v6a_hit_an,90,c4,non_event,864.0,48.0,106.84295820894367,11.0,3.1416
2026-06-02,v6a_hit_an,90,c5,non_event,156.0,36.0,93.98820207133829,1.0,0.2856
2026-06-02,v6a_hit_an,90,c6,non_event,2.0,38.0,101.735165343542,3.0,0.8568
2026-06-02,v6a_hit_an,90,hist_diff,non_event,48.0,28.000000000000004,92.25139934447023,4.0,1.1424
2026-06-02,v6a_hit_an,90,hist_payout,non_event,-42.0,34.0,95.89042196242436,5.0,1.428
2026-06-02,v6a_hit_an,90,hist_winrate,non_event,486.0,50.0,97.10504014352846,5.0,1.428
2026-06-02,v6a_hit_an,90,hist_hit_an,non_event,286.0,44.0,98.2145582022664,5.0,1.428
2026-06-02,v8_dynamic,90,c1,non_event,-8.0,34.0,92.26331396353771,2.0,0.5712
2026-06-02,v8_dynamic,90,c2,non_event,26.0,38.0,94.04775235781035,3.0,0.8568
2026-06-02,v8_dynamic,90,c3,non_event,884.0,56.00000000000001,107.82428202246334,7.0,1.9992
2026-06-02,v8_dynamic,90,c4,non_event,986.0,52.0,107.93578515244066,12.0,3.4272
2026-06-02,v8_dynamic,90,c5,non_event,162.0,36.0,94.26636618816723,1.0,0.2856
2026-06-02,v8_dynamic,90,c6,non_event,56.0,38.0,102.16029628974904,4.0,1.1424
2026-06-02,v8_dynamic,90,hist_diff,non_event,48.0,28.000000000000004,92.25139934447022,4.0,1.1424
2026-06-02,v8_dynamic,90,hist_payout,non_event,-42.0,34.0,95.89042196242436,5.0,1.428
2026-06-02,v8_dynamic,90,hist_winrate,non_event,452.0,52.0,97.25653281456238,5.0,1.428
2026-06-02,v8_dynamic,90,hist_hit_an,non_event,294.0,44.0,97.3364425142725,5.0,1.428
2026-06-03,v6a_hit_an,90,c1,non_event,84.0,42.0,95.19684490156189,5.0,1.428
2026-06-03,v6a_hit_an,90,c2,non_event,0.0,30.0,95.00354595888686,3.0,0.8568
2026-06-03,v6a_hit_an,90,c3,non_event,222.0,40.0,100.66208832188823,4.0,1.1424
2026-06-03,v6a_hit_an,90,c4,non_event,920.0,44.0,107.00327355695063,7.0,1.9992
2026-06-03,v6a_hit_an,90,c5,non_event,144.0,40.0,96.52851506093207,2.0,0.5712
2026-06-03,v6a_hit_an,90,c6,non_event,-68.0,36.0,95.64246933525881,4.0,1.1424
2026-06-03,v6a_hit_an,90,hist_diff,non_event,910.0,42.0,105.26055179210735,8.0,2.2848
2026-06-03,v6a_hit_an,90,hist_payout,non_event,474.0,38.0,101.49190676920507,6.0,1.7136
2026-06-03,v6a_hit_an,90,hist_winrate,non_event,806.0,50.0,107.5960324715406,5.0,1.428
2026-06-03,v6a_hit_an,90,hist_hit_an,non_event,910.0,42.0,110.91626229062169,9.0,2.5704
2026-06-03,v8_dynamic,90,c1,non_event,92.0,42.0,95.26369398080168,5.0,1.428
2026-06-03,v8_dynamic,90,c2,non_event,-36.0,28.000000000000004,94.7370235155632,3.0,0.8568
2026-06-03,v8_dynamic,90,c3,non_event,388.0,42.0,103.26816693231969,6.0,1.7136
2026-06-03,v8_dynamic,90,c4,non_event,800.0,42.0,105.55724443838257,6.0,1.7136
2026-06-03,v8_dynamic,90,c5,non_event,144.0,40.0,96.52252163434576,2.0,0.5712
2026-06-03,v8_dynamic,90,c6,non_event,-6.0,42.0,98.28504742602256,5.0,1.428
2026-06-03,v8_dynamic,90,hist_diff,non_event,910.0,42.0,105.26055179210735,8.0,2.2848
2026-06-03,v8_dynamic,90,hist_payout,non_event,474.0,38.0,101.49190676920507,6.0,1.7136
2026-06-03,v8_dynamic,90,hist_winrate,non_event,842.0,50.0,107.66750837323013,5.0,1.428
2026-06-03,v8_dynamic,90,hist_hit_an,non_event,910.0,44.0,111.89719818396517,8.0,2.2848
2026-06-04,v6a_hit_an,90,c1,non_event,-316.0,28.000000000000004,88.83837695517528,2.0,0.5712
2026-06-04,v6a_hit_an,90,c2,non_event,36.0,42.0,94.77896494871368,1.0,0.2856
2026-06-04,v6a_hit_an,90,c3,non_event,70.0,32.0,93.59788629476716,4.0,1.1424
2026-06-04,v6a_hit_an,90,c4,non_event,280.0,40.0,108.4709190483779,5.0,1.428
2026-06-04,v6a_hit_an,90,c5,non_event,72.0,36.0,94.15293359008248,2.0,0.5712
2026-06-04,v6a_hit_an,90,c6,non_event,-10.0,30.0,94.12839432331039,4.0,1.1424
2026-06-04,v6a_hit_an,90,hist_diff,non_event,880.0,38.0,121.17017064146685,8.0,2.2848
2026-06-04,v6a_hit_an,90,hist_payout,non_event,604.0,32.0,109.55089111948027,7.0,1.9992
2026-06-04,v6a_hit_an,90,hist_winrate,non_event,324.0,44.0,104.09708176089615,3.0,0.8568
2026-06-04,v6a_hit_an,90,hist_hit_an,non_event,2.0,32.0,99.11719261318827,5.0,1.428
2026-06-04,v8_dynamic,90,c1,non_event,-262.0,28.000000000000004,89.53101011371778,2.0,0.5712
2026-06-04,v8_dynamic,90,c2,non_event,378.0,42.0,100.01316237143418,2.0,0.5712
2026-06-04,v8_dynamic,90,c3,non_event,-12.0,30.0,92.74604038747981,4.0,1.1424
2026-06-04,v8_dynamic,90,c4,non_event,280.0,40.0,108.4709190483779,5.0,1.428
2026-06-04,v8_dynamic,90,c5,non_event,82.0,36.0,94.08713809068637,2.0,0.5712
2026-06-04,v8_dynamic,90,c6,non_event,-124.0,26.0,93.6336370219005,4.0,1.1424
2026-06-04,v8_dynamic,90,hist_diff,non_event,880.0,38.0,121.17017064146685,8.0,2.2848
2026-06-04,v8_dynamic,90,hist_payout,non_event,604.0,32.0,109.55089111948027,7.0,1.9992
2026-06-04,v8_dynamic,90,hist_winrate,non_event,324.0,44.0,104.09708176089615,3.0,0.8568
2026-06-04,v8_dynamic,90,hist_hit_an,non_event,-4.0,28.000000000000004,98.10337921588663,5.0,1.428
2026-06-05,v6a_hit_an,90,c1,non_event,218.0,36.0,95.14510695771312,6.0,1.7136
2026-06-05,v6a_hit_an,90,c2,non_event,76.0,32.0,99.14486796069869,4.0,1.1424
2026-06-05,v6a_hit_an,90,c3,non_event,-386.0,28.000000000000004,90.82526784015883,3.0,0.8568
2026-06-05,v6a_hit_an,90,c4,non_event,14.0,28.000000000000004,97.38924136827266,2.0,0.5712
2026-06-05,v6a_hit_an,90,c5,non_event,-4.0,26.0,95.01271982732004,4.0,1.1424
2026-06-05,v6a_hit_an,90,c6,non_event,104.0,32.0,95.36714660662815,6.0,1.7136
2026-06-05,v6a_hit_an,90,hist_diff,non_event,268.0,38.0,103.15296121970087,6.0,1.7136
2026-06-05,v6a_hit_an,90,hist_payout,non_event,-8.0,36.0,100.94296064907903,5.0,1.428
2026-06-05,v6a_hit_an,90,hist_winrate,non_event,-36.0,46.0,96.86977033161558,2.0,0.5712
2026-06-05,v6a_hit_an,90,hist_hit_an,non_event,-50.0,34.0,94.46494940926763,4.0,1.1424
2026-06-05,v8_dynamic,90,c1,non_event,414.0,40.0,96.10362653975021,7.0,1.9992
2026-06-05,v8_dynamic,90,c2,non_event,140.0,32.0,100.29499312201648,4.0,1.1424
2026-06-05,v8_dynamic,90,c3,non_event,-482.0,26.0,89.82011865765531,2.0,0.5712
2026-06-05,v8_dynamic,90,c4,non_event,-26.0,26.0,96.63399703806101,2.0,0.5712
2026-06-05,v8_dynamic,90,c5,non_event,24.0,26.0,95.10669846460576,4.0,1.1424
2026-06-05,v8_dynamic,90,c6,non_event,-252.0,26.0,92.22132505376149,4.0,1.1424
2026-06-05,v8_dynamic,90,hist_diff,non_event,268.0,38.0,103.15296121970087,6.0,1.7136
2026-06-05,v8_dynamic,90,hist_payout,non_event,-8.0,36.0,100.94296064907903,5.0,1.428
2026-06-05,v8_dynamic,90,hist_winrate,non_event,-48.0,46.0,96.8178791867861,2.0,0.5712
2026-06-05,v8_dynamic,90,hist_hit_an,non_event,-38.0,36.0,95.46121660817549,4.0,1.1424
2026-06-06,v6a_hit_an,90,c1,non_event,-610.0,42.0,96.49995566441412,1.0,0.2856
2026-06-06,v6a_hit_an,90,c2,non_event,120.0,46.0,101.29033795931636,1.0,0.2856
2026-06-06,v6a_hit_an,90,c3,non_event,-560.0,30.0,97.02549499843754,4.0,1.1424
2026-06-06,v6a_hit_an,90,c4,non_event,-722.0,36.0,96.58634663185526,2.0,0.5712
2026-06-06,v6a_hit_an,90,c5,non_event,386.0,56.00000000000001,100.71893587347398,0.0,0.0
2026-06-06,v6a_hit_an,90,c6,non_event,-306.0,40.0,99.2532078971695,3.0,0.8568
2026-06-06,v6a_hit_an,90,hist_diff,non_event,494.0,40.0,104.98968311308927,7.0,1.9992
2026-06-06,v6a_hit_an,90,hist_payout,non_event,678.0,48.0,108.9782563750037,8.0,2.2848
2026-06-06,v6a_hit_an,90,hist_winrate,non_event,584.0,54.0,102.74798191800132,4.0,1.1424
2026-06-06,v6a_hit_an,90,hist_hit_an,non_event,734.0,44.0,105.72816319578615,6.0,1.7136
2026-06-06,v8_dynamic,90,c1,non_event,-620.0,42.0,96.44366592608363,1.0,0.2856
2026-06-06,v8_dynamic,90,c2,non_event,300.0,46.0,102.29822913741862,2.0,0.5712
2026-06-06,v8_dynamic,90,c3,non_event,-558.0,30.0,97.03145653245227,4.0,1.1424
2026-06-06,v8_dynamic,90,c4,non_event,-718.0,36.0,96.34886775050121,2.0,0.5712
2026-06-06,v8_dynamic,90,c5,non_event,416.0,57.99999999999999,100.86625146000368,0.0,0.0
2026-06-06,v8_dynamic,90,c6,non_event,-732.0,36.0,96.35057028296886,2.0,0.5712
2026-06-06,v8_dynamic,90,hist_diff,non_event,494.0,40.0,104.98968311308927,7.0,1.9992
2026-06-06,v8_dynamic,90,hist_payout,non_event,678.0,48.0,108.9782563750037,8.0,2.2848
2026-06-06,v8_dynamic,90,hist_winrate,non_event,584.0,54.0,102.74798191800132,4.0,1.1424
2026-06-06,v8_dynamic,90,hist_hit_an,non_event,752.0,44.0,106.10113704463454,6.0,1.7136
2026-06-07,v6a_hit_an,90,c1,event,562.0,48.0,106.38618743851178,3.0,0.8568
2026-06-07,v6a_hit_an,90,c2,event,1428.0,62.0,108.2379740427121,5.0,1.428
2026-06-07,v6a_hit_an,90,c3,event,-214.0,42.0,99.44938823119986,4.0,1.1424
2026-06-07,v6a_hit_an,90,c4,event,380.0,40.0,108.27306479514176,5.0,1.428
2026-06-07,v6a_hit_an,90,c5,event,310.0,52.0,100.13749441753103,0.0,0.0
2026-06-07,v6a_hit_an,90,c6,event,670.0,50.0,106.71376841285586,4.0,1.1424
2026-06-07,v6a_hit_an,90,hist_diff,event,746.0,54.0,111.23319516286563,6.0,1.7136
2026-06-07,v6a_hit_an,90,hist_payout,event,1258.0,60.0,115.29562795988322,10.0,2.856
2026-06-07,v6a_hit_an,90,hist_winrate,event,216.0,48.0,100.8924993026624,2.0,0.5712
2026-06-07,v6a_hit_an,90,hist_hit_an,event,336.0,54.0,100.90072179067181,3.0,0.8568
2026-06-07,v8_dynamic,90,c1,event,562.0,48.0,106.38618743851183,3.0,0.8568
2026-06-07,v8_dynamic,90,c2,event,1412.0,62.0,108.1382794569746,5.0,1.428
2026-06-07,v8_dynamic,90,c3,event,-302.0,40.0,99.04348167019823,4.0,1.1424
2026-06-07,v8_dynamic,90,c4,event,444.0,40.0,110.01487974642379,6.0,1.7136
2026-06-07,v8_dynamic,90,c5,event,226.0,50.0,99.29677212185314,0.0,0.0
2026-06-07,v8_dynamic,90,c6,event,480.0,48.0,106.39822399375244,4.0,1.1424
2026-06-07,v8_dynamic,90,hist_diff,event,746.0,54.0,111.23319516286563,6.0,1.7136
2026-06-07,v8_dynamic,90,hist_payout,event,1258.0,60.0,115.29562795988322,10.0,2.856
2026-06-07,v8_dynamic,90,hist_winrate,event,248.0,50.0,101.0594796132725,2.0,0.5712
2026-06-07,v8_dynamic,90,hist_hit_an,event,374.0,54.0,101.65736557049817,4.0,1.1424
2026-06-08,v6a_hit_an,90,c1,non_event,374.0,44.0,101.89108772441729,5.0,1.428
2026-06-08,v6a_hit_an,90,c2,non_event,438.0,44.0,98.34161247707826,4.0,1.1424
2026-06-08,v6a_hit_an,90,c3,non_event,-250.0,40.0,99.10625432572586,3.0,0.8568
2026-06-08,v6a_hit_an,90,c4,non_event,-4.0,34.0,96.74172798693034,3.0,0.8568
2026-06-08,v6a_hit_an,90,c5,non_event,112.0,36.0,98.20532256437392,1.0,0.2856
2026-06-08,v6a_hit_an,90,c6,non_event,-26.0,36.0,96.69719574142398,2.0,0.5712
2026-06-08,v6a_hit_an,90,hist_diff,non_event,14.0,38.0,100.14311570207155,2.0,0.5712
2026-06-08,v6a_hit_an,90,hist_payout,non_event,12.0,42.0,106.57729570596587,3.0,0.8568
2026-06-08,v6a_hit_an,90,hist_winrate,non_event,-150.0,42.0,98.6025490220127,0.0,0.0
2026-06-08,v6a_hit_an,90,hist_hit_an,non_event,-616.0,34.0,95.87216149862101,1.0,0.2856
2026-06-08,v8_dynamic,90,c1,non_event,374.0,44.0,101.8910877244173,5.0,1.428
2026-06-08,v8_dynamic,90,c2,non_event,470.0,44.0,98.29824494901493,4.0,1.1424
2026-06-08,v8_dynamic,90,c3,non_event,-268.0,40.0,99.04049676516387,3.0,0.8568
2026-06-08,v8_dynamic,90,c4,non_event,2.0,34.0,96.36335662083054,3.0,0.8568
2026-06-08,v8_dynamic,90,c5,non_event,118.0,36.0,98.20657051989556,1.0,0.2856
2026-06-08,v8_dynamic,90,c6,non_event,-178.0,28.000000000000004,97.34951461807601,4.0,1.1424
2026-06-08,v8_dynamic,90,hist_diff,non_event,14.0,38.0,100.14311570207155,2.0,0.5712
2026-06-08,v8_dynamic,90,hist_payout,non_event,12.0,42.0,106.57729570596587,3.0,0.8568
2026-06-08,v8_dynamic,90,hist_winrate,non_event,-130.0,42.0,98.20075714073471,0.0,0.0
2026-06-08,v8_dynamic,90,hist_hit_an,non_event,-754.0,32.0,95.56739296511476,1.0,0.2856
2026-06-09,v6a_hit_an,90,c1,non_event,926.0,48.0,105.62559136586778,5.0,1.428
2026-06-09,v6a_hit_an,90,c2,non_event,310.0,36.0,103.43496166160911,4.0,1.1424
2026-06-09,v6a_hit_an,90,c3,non_event,-348.0,32.0,92.28567297338427,2.0,0.5712
2026-06-09,v6a_hit_an,90,c4,non_event,-186.0,34.0,98.95978978583918,5.0,1.428
2026-06-09,v6a_hit_an,90,c5,non_event,18.0,42.0,96.7023953541755,0.0,0.0
2026-06-09,v6a_hit_an,90,c6,non_event,-572.0,36.0,94.86330256548086,3.0,0.8568
2026-06-09,v6a_hit_an,90,hist_diff,non_event,-10.0,28.000000000000004,93.95741956110999,4.0,1.1424
2026-06-09,v6a_hit_an,90,hist_payout,non_event,402.0,40.0,100.23703923830482,6.0,1.7136
2026-06-09,v6a_hit_an,90,hist_winrate,non_event,132.0,40.0,96.64336014641349,1.0,0.2856
2026-06-09,v6a_hit_an,90,hist_hit_an,non_event,-124.0,36.0,94.7940925321136,4.0,1.1424
2026-06-09,v8_dynamic,90,c1,non_event,926.0,48.0,105.62559136586778,5.0,1.428
2026-06-09,v8_dynamic,90,c2,non_event,356.0,40.0,103.84365196799745,4.0,1.1424
2026-06-09,v8_dynamic,90,c3,non_event,-336.0,32.0,92.0101806267679,2.0,0.5712
2026-06-09,v8_dynamic,90,c4,non_event,-176.0,34.0,98.5428845439199,5.0,1.428
2026-06-09,v8_dynamic,90,c5,non_event,24.0,42.0,96.39069613676344,0.0,0.0
2026-06-09,v8_dynamic,90,c6,non_event,-480.0,38.0,95.45094620952703,3.0,0.8568
2026-06-09,v8_dynamic,90,hist_diff,non_event,-10.0,28.000000000000004,93.95741956111,4.0,1.1424
2026-06-09,v8_dynamic,90,hist_payout,non_event,402.0,40.0,100.23703923830482,6.0,1.7136
2026-06-09,v8_dynamic,90,hist_winrate,non_event,140.0,42.0,96.74997295098339,1.0,0.2856
2026-06-09,v8_dynamic,90,hist_hit_an,non_event,-136.0,38.0,94.96034859703389,3.0,0.8568
2026-06-10,v6a_hit_an,90,c1,non_event,118.0,32.0,98.0179911269599,3.0,0.8568
2026-06-10,v6a_hit_an,90,c2,non_event,784.0,50.0,110.21424124396732,5.0,1.428
2026-06-10,v6a_hit_an,90,c3,non_event,-100.0,38.0,96.77992375977476,3.0,0.8568
2026-06-10,v6a_hit_an,90,c4,non_event,-124.0,24.0,97.17704838281873,6.0,1.7136
2026-06-10,v6a_hit_an,90,c5,non_event,122.0,40.0,96.66796708351056,1.0,0.2856
2026-06-10,v6a_hit_an,90,c6,non_event,42.0,30.0,99.93786564862963,4.0,1.1424
2026-06-10,v6a_hit_an,90,hist_diff,non_event,-324.0,28.000000000000004,95.86380435151882,3.0,0.8568
2026-06-10,v6a_hit_an,90,hist_payout,non_event,254.0,42.0,106.92148031197381,5.0,1.428
2026-06-10,v6a_hit_an,90,hist_winrate,non_event,226.0,38.0,95.98875815890655,2.0,0.5712
2026-06-10,v6a_hit_an,90,hist_hit_an,non_event,-226.0,28.000000000000004,98.72430539085664,2.0,0.5712
2026-06-10,v8_dynamic,90,c1,non_event,142.0,34.0,98.79013724274323,3.0,0.8568
2026-06-10,v8_dynamic,90,c2,non_event,686.0,48.0,109.12582652849305,5.0,1.428
2026-06-10,v8_dynamic,90,c3,non_event,-22.0,40.0,97.34517093639535,3.0,0.8568
2026-06-10,v8_dynamic,90,c4,non_event,-172.0,24.0,93.31775719349183,5.0,1.428
2026-06-10,v8_dynamic,90,c5,non_event,262.0,42.0,97.41088988295549,2.0,0.5712
2026-06-10,v8_dynamic,90,c6,non_event,2.0,34.0,96.04161799784633,4.0,1.1424
2026-06-10,v8_dynamic,90,hist_diff,non_event,-324.0,28.000000000000004,95.86380435151882,3.0,0.8568
2026-06-10,v8_dynamic,90,hist_payout,non_event,254.0,42.0,106.92148031197381,5.0,1.428
2026-06-10,v8_dynamic,90,hist_winrate,non_event,176.0,36.0,95.13352610613829,2.0,0.5712
2026-06-10,v8_dynamic,90,hist_hit_an,non_event,-226.0,28.000000000000004,98.72430539085664,2.0,0.5712
2026-06-11,v6a_hit_an,90,c1,event,420.0,38.0,99.36662213061328,5.0,1.428
2026-06-11,v6a_hit_an,90,c2,event,-382.0,36.0,94.80600235642397,1.0,0.2856
2026-06-11,v6a_hit_an,90,c3,event,-606.0,26.0,91.89927284073745,2.0,0.5712
2026-06-11,v6a_hit_an,90,c4,event,-28.0,32.0,100.36550405694743,8.0,2.2848
2026-06-11,v6a_hit_an,90,c5,event,-120.0,36.0,96.0603355357799,0.0,0.0
2026-06-11,v6a_hit_an,90,c6,event,558.0,38.0,102.81124551904837,8.0,2.2848
2026-06-11,v6a_hit_an,90,hist_diff,event,314.0,42.0,99.08890502565869,3.0,0.8568
2026-06-11,v6a_hit_an,90,hist_payout,event,-392.0,28.000000000000004,97.02393077780198,2.0,0.5712
2026-06-11,v6a_hit_an,90,hist_winrate,event,200.0,46.0,98.15486617415655,1.0,0.2856
2026-06-11,v6a_hit_an,90,hist_hit_an,event,-312.0,30.0,94.45740993582608,2.0,0.5712
2026-06-11,v8_dynamic,90,c1,event,420.0,38.0,99.36662213061331,5.0,1.428
2026-06-11,v8_dynamic,90,c2,event,-312.0,38.0,95.14721699868448,1.0,0.2856
2026-06-11,v8_dynamic,90,c3,event,-606.0,26.0,91.89927284073745,2.0,0.5712
2026-06-11,v8_dynamic,90,c4,event,-76.0,30.0,98.60285445178494,7.0,1.9992
2026-06-11,v8_dynamic,90,c5,event,-122.0,36.0,95.65653359519253,0.0,0.0
2026-06-11,v8_dynamic,90,c6,event,552.0,40.0,99.73567283690814,7.0,1.9992
2026-06-11,v8_dynamic,90,hist_diff,event,314.0,42.0,99.08890502565869,3.0,0.8568
2026-06-11,v8_dynamic,90,hist_payout,event,-392.0,28.000000000000004,97.02393077780198,2.0,0.5712
2026-06-11,v8_dynamic,90,hist_winrate,event,210.0,46.0,98.22940472861262,1.0,0.2856
2026-06-11,v8_dynamic,90,hist_hit_an,event,-312.0,30.0,94.45740993582608,2.0,0.5712
2026-06-13,v6a_hit_an,90,c1,non_event,-442.0,26.0,93.52738861576368,0.0,0.0
2026-06-13,v6a_hit_an,90,c2,non_event,528.0,44.0,101.19326481347358,5.0,1.428
2026-06-13,v6a_hit_an,90,c3,non_event,-52.0,34.0,96.69740108421756,4.0,1.1424
2026-06-13,v6a_hit_an,90,c4,non_event,448.0,56.00000000000001,102.08781761487859,2.0,0.5712
2026-06-13,v6a_hit_an,90,c5,non_event,954.0,48.0,103.62798281133357,5.0,1.428
2026-06-13,v6a_hit_an,90,c6,non_event,-70.0,42.0,96.35154547722107,2.0,0.5712
2026-06-13,v6a_hit_an,90,hist_diff,non_event,-656.0,32.0,93.11348993139347,0.0,0.0
2026-06-13,v6a_hit_an,90,hist_payout,non_event,-122.0,44.0,96.17134398711207,2.0,0.5712
2026-06-13,v6a_hit_an,90,hist_winrate,non_event,96.0,52.0,98.1878976078576,0.0,0.0
2026-06-13,v6a_hit_an,90,hist_hit_an,non_event,-558.0,42.0,93.9890738611251,0.0,0.0
2026-06-13,v8_dynamic,90,c1,non_event,-442.0,26.0,93.52738861576367,0.0,0.0
2026-06-13,v8_dynamic,90,c2,non_event,430.0,44.0,100.34979149550794,4.0,1.1424
2026-06-13,v8_dynamic,90,c3,non_event,62.0,36.0,98.00690855991542,5.0,1.428
2026-06-13,v8_dynamic,90,c4,non_event,594.0,57.99999999999999,102.90983190933575,2.0,0.5712
2026-06-13,v8_dynamic,90,c5,non_event,954.0,48.0,103.62798281133357,5.0,1.428
2026-06-13,v8_dynamic,90,c6,non_event,16.0,48.0,97.75029985486695,3.0,0.8568
2026-06-13,v8_dynamic,90,hist_diff,non_event,-656.0,32.0,93.1134899313935,0.0,0.0
2026-06-13,v8_dynamic,90,hist_payout,non_event,-122.0,44.0,96.17134398711207,2.0,0.5712
2026-06-13,v8_dynamic,90,hist_winrate,non_event,-58.0,48.0,98.20331624347752,0.0,0.0
2026-06-13,v8_dynamic,90,hist_hit_an,non_event,-458.0,44.0,95.19321250219551,0.0,0.0
2026-06-14,v6a_hit_an,90,c1,non_event,366.0,38.0,103.06036013289634,4.0,1.1424
2026-06-14,v6a_hit_an,90,c2,non_event,388.0,44.0,100.72687900318384,4.0,1.1424
2026-06-14,v6a_hit_an,90,c3,non_event,-68.0,40.0,96.98530278389511,3.0,0.8568
2026-06-14,v6a_hit_an,90,c4,non_event,-852.0,28.000000000000004,92.16285676456452,3.0,0.8568
2026-06-14,v6a_hit_an,90,c5,non_event,114.0,44.0,98.59781230484433,1.0,0.2856
2026-06-14,v6a_hit_an,90,c6,non_event,-102.0,38.0,98.6875215561007,2.0,0.5712
2026-06-14,v6a_hit_an,90,hist_diff,non_event,-124.0,40.0,100.3279926607064,5.0,1.428
2026-06-14,v6a_hit_an,90,hist_payout,non_event,336.0,48.0,100.98618510011866,7.0,1.9992
2026-06-14,v6a_hit_an,90,hist_winrate,non_event,-4.0,44.0,99.38691120144935,0.0,0.0
2026-06-14,v6a_hit_an,90,hist_hit_an,non_event,-336.0,44.0,98.27661733467548,3.0,0.8568
2026-06-14,v8_dynamic,90,c1,non_event,402.0,40.0,103.2630661584374,4.0,1.1424
2026-06-14,v8_dynamic,90,c2,non_event,224.0,42.0,99.53889218445784,3.0,0.8568
2026-06-14,v8_dynamic,90,c3,non_event,-52.0,40.0,97.08930396946036,3.0,0.8568
2026-06-14,v8_dynamic,90,c4,non_event,-852.0,28.000000000000004,92.16285676456451,3.0,0.8568
2026-06-14,v8_dynamic,90,c5,non_event,108.0,44.0,98.53850196784197,1.0,0.2856
2026-06-14,v8_dynamic,90,c6,non_event,-520.0,36.0,95.71379659784854,0.0,0.0
2026-06-14,v8_dynamic,90,hist_diff,non_event,-124.0,40.0,100.3279926607064,5.0,1.428
2026-06-14,v8_dynamic,90,hist_payout,non_event,336.0,48.0,100.98618510011866,7.0,1.9992
2026-06-14,v8_dynamic,90,hist_winrate,non_event,38.0,46.0,99.60276076967536,0.0,0.0
2026-06-14,v8_dynamic,90,hist_hit_an,non_event,-242.0,46.0,98.94950299282553,3.0,0.8568
2026-06-15,v6a_hit_an,90,c1,non_event,342.0,40.0,105.65010400083288,4.0,1.1424
2026-06-15,v6a_hit_an,90,c2,non_event,204.0,46.0,103.05510646704099,3.0,0.8568
2026-06-15,v6a_hit_an,90,c3,non_event,-66.0,30.0,94.73057242157411,4.0,1.1424
2026-06-15,v6a_hit_an,90,c4,non_event,-414.0,30.0,92.77120165099664,3.0,0.8568
2026-06-15,v6a_hit_an,90,c5,non_event,-178.0,32.0,94.50318280477346,1.0,0.2856
2026-06-15,v6a_hit_an,90,c6,non_event,150.0,40.0,109.2707754582208,3.0,0.8568
2026-06-15,v6a_hit_an,90,hist_diff,non_event,-428.0,30.0,91.79070673066794,3.0,0.8568
2026-06-15,v6a_hit_an,90,hist_payout,non_event,-432.0,36.0,92.76507030354402,3.0,0.8568
2026-06-15,v6a_hit_an,90,hist_winrate,non_event,2.0,36.0,96.18719089529579,4.0,1.1424
2026-06-15,v6a_hit_an,90,hist_hit_an,non_event,-522.0,30.0,92.60702011731466,2.0,0.5712
2026-06-15,v8_dynamic,90,c1,non_event,322.0,40.0,105.5778116077183,4.0,1.1424
2026-06-15,v8_dynamic,90,c2,non_event,154.0,44.0,102.01019622646663,3.0,0.8568
2026-06-15,v8_dynamic,90,c3,non_event,-164.0,28.000000000000004,93.95011446494149,4.0,1.1424
2026-06-15,v8_dynamic,90,c4,non_event,-414.0,30.0,92.77120165099666,3.0,0.8568
2026-06-15,v8_dynamic,90,c5,non_event,-166.0,32.0,94.75599222858708,1.0,0.2856
2026-06-15,v8_dynamic,90,c6,non_event,32.0,40.0,107.08947141884015,4.0,1.1424
2026-06-15,v8_dynamic,90,hist_diff,non_event,-428.0,30.0,91.79070673066794,3.0,0.8568
2026-06-15,v8_dynamic,90,hist_payout,non_event,-432.0,36.0,92.76507030354402,3.0,0.8568
2026-06-15,v8_dynamic,90,hist_winrate,non_event,-114.0,38.0,95.67023958865514,3.0,0.8568
2026-06-15,v8_dynamic,90,hist_hit_an,non_event,-488.0,28.000000000000004,91.99610221106813,3.0,0.8568
2026-06-16,v6a_hit_an,90,c1,non_event,530.0,38.0,107.38719747830558,8.0,2.2848
2026-06-16,v6a_hit_an,90,c2,non_event,384.0,34.0,99.37776954654579,7.0,1.9992
2026-06-16,v6a_hit_an,90,c3,non_event,4.0,28.000000000000004,93.06402059441247,4.0,1.1424
2026-06-16,v6a_hit_an,90,c4,non_event,-60.0,26.0,90.25606233408124,4.0,1.1424
2026-06-16,v6a_hit_an,90,c5,non_event,6.0,30.0,98.70313236954941,1.0,0.2856
2026-06-16,v6a_hit_an,90,c6,non_event,70.0,30.0,101.95488000981966,8.0,2.2848
2026-06-16,v6a_hit_an,90,hist_diff,non_event,106.0,40.0,100.57065126178766,6.0,1.7136
2026-06-16,v6a_hit_an,90,hist_payout,non_event,-162.0,36.0,98.89561342841456,4.0,1.1424
2026-06-16,v6a_hit_an,90,hist_winrate,non_event,314.0,46.0,106.14929663731728,1.0,0.2856
2026-06-16,v6a_hit_an,90,hist_hit_an,non_event,184.0,42.0,107.1410893787866,6.0,1.7136
2026-06-16,v8_dynamic,90,c1,non_event,530.0,38.0,107.38719747830558,8.0,2.2848
2026-06-16,v8_dynamic,90,c2,non_event,378.0,36.0,100.09492660444215,7.0,1.9992
2026-06-16,v8_dynamic,90,c3,non_event,24.0,26.0,92.64929192897988,4.0,1.1424
2026-06-16,v8_dynamic,90,c4,non_event,-60.0,26.0,90.25606233408124,4.0,1.1424
2026-06-16,v8_dynamic,90,c5,non_event,32.0,32.0,99.36195993064517,1.0,0.2856
2026-06-16,v8_dynamic,90,c6,non_event,-186.0,26.0,98.25037249614815,5.0,1.428
2026-06-16,v8_dynamic,90,hist_diff,non_event,106.0,40.0,100.57065126178766,6.0,1.7136
2026-06-16,v8_dynamic,90,hist_payout,non_event,-162.0,36.0,98.89561342841456,4.0,1.1424
2026-06-16,v8_dynamic,90,hist_winrate,non_event,218.0,46.0,105.98441437829041,0.0,0.0
2026-06-16,v8_dynamic,90,hist_hit_an,non_event,116.0,38.0,105.59313322102112,6.0,1.7136
2026-06-17,v6a_hit_an,90,c1,event,1180.0,56.00000000000001,108.95544888047418,5.0,1.428
2026-06-17,v6a_hit_an,90,c2,event,52.0,34.0,99.56334228977005,3.0,0.8568
2026-06-17,v6a_hit_an,90,c3,event,98.0,42.0,99.63135463416911,2.0,0.5712
2026-06-17,v6a_hit_an,90,c4,event,1220.0,54.0,106.39227867940994,6.0,1.7136
2026-06-17,v6a_hit_an,90,c5,event,330.0,46.0,99.9156529232711,2.0,0.5712
2026-06-17,v6a_hit_an,90,c6,event,1068.0,54.0,107.40377608613593,6.0,1.7136
2026-06-17,v6a_hit_an,90,hist_diff,event,742.0,56.00000000000001,105.57357120755941,5.0,1.428
2026-06-17,v6a_hit_an,90,hist_payout,event,460.0,48.0,103.4805108818263,5.0,1.428
2026-06-17,v6a_hit_an,90,hist_winrate,event,506.0,46.0,103.46322896127242,2.0,0.5712
2026-06-17,v6a_hit_an,90,hist_hit_an,event,1140.0,54.0,110.91659269624826,5.0,1.428
2026-06-17,v8_dynamic,90,c1,event,1180.0,56.00000000000001,108.95544888047417,5.0,1.428
2026-06-17,v8_dynamic,90,c2,event,168.0,36.0,100.63056713716634,3.0,0.8568
2026-06-17,v8_dynamic,90,c3,event,8.0,40.0,98.26959594020603,2.0,0.5712
2026-06-17,v8_dynamic,90,c4,event,1390.0,56.00000000000001,107.72992702136274,7.0,1.9992
2026-06-17,v8_dynamic,90,c5,event,400.0,48.0,100.29660850344648,2.0,0.5712
2026-06-17,v8_dynamic,90,c6,event,734.0,44.0,104.34398466676583,4.0,1.1424
2026-06-17,v8_dynamic,90,hist_diff,event,742.0,56.00000000000001,105.57357120755941,5.0,1.428
2026-06-17,v8_dynamic,90,hist_payout,event,460.0,48.0,103.4805108818263,5.0,1.428
2026-06-17,v8_dynamic,90,hist_winrate,event,254.0,40.0,101.42964169776371,2.0,0.5712
2026-06-17,v8_dynamic,90,hist_hit_an,event,994.0,50.0,109.80163674489448,5.0,1.428
2026-06-18,v6a_hit_an,90,c1,non_event,292.0,38.0,97.54880028226066,5.0,1.428
2026-06-18,v6a_hit_an,90,c2,non_event,348.0,40.0,105.33240524716827,3.0,0.8568
2026-06-18,v6a_hit_an,90,c3,non_event,-576.0,26.0,99.28091905685075,4.0,1.1424
2026-06-18,v6a_hit_an,90,c4,non_event,-76.0,34.0,94.14142895468802,4.0,1.1424
2026-06-18,v6a_hit_an,90,c5,non_event,-62.0,28.000000000000004,99.87209641851676,1.0,0.2856
2026-06-18,v6a_hit_an,90,c6,non_event,-102.0,34.0,94.54810220428791,3.0,0.8568
2026-06-18,v6a_hit_an,90,hist_diff,non_event,-222.0,26.0,92.41951302939441,4.0,1.1424
2026-06-18,v6a_hit_an,90,hist_payout,non_event,22.0,34.0,97.08632120041081,4.0,1.1424
2026-06-18,v6a_hit_an,90,hist_winrate,non_event,-336.0,30.0,93.10770000665887,1.0,0.2856
2026-06-18,v6a_hit_an,90,hist_hit_an,non_event,-178.0,32.0,97.44501573903085,3.0,0.8568
2026-06-18,v8_dynamic,90,c1,non_event,292.0,38.0,97.54880028226066,5.0,1.428
2026-06-18,v8_dynamic,90,c2,non_event,336.0,40.0,105.50055572503521,3.0,0.8568
2026-06-18,v8_dynamic,90,c3,non_event,-558.0,26.0,99.00523658162656,4.0,1.1424
2026-06-18,v8_dynamic,90,c4,non_event,-222.0,30.0,93.11791273217413,4.0,1.1424
2026-06-18,v8_dynamic,90,c5,non_event,-94.0,26.0,99.55233323933912,1.0,0.2856
2026-06-18,v8_dynamic,90,c6,non_event,66.0,32.0,101.7693300214199,3.0,0.8568
2026-06-18,v8_dynamic,90,hist_diff,non_event,-222.0,26.0,92.41951302939441,4.0,1.1424
2026-06-18,v8_dynamic,90,hist_payout,non_event,22.0,34.0,97.08632120041081,4.0,1.1424
2026-06-18,v8_dynamic,90,hist_winrate,non_event,-308.0,32.0,93.33019141313665,1.0,0.2856
2026-06-18,v8_dynamic,90,hist_hit_an,non_event,-134.0,32.0,99.05369710757793,3.0,0.8568
2026-06-19,v6a_hit_an,90,c1,non_event,50.0,36.0,93.04466394811635,5.0,1.428
2026-06-19,v6a_hit_an,90,c2,non_event,-418.0,34.0,95.77345366731065,2.0,0.5712
2026-06-19,v6a_hit_an,90,c3,non_event,532.0,30.0,102.37719335836157,5.0,1.428
2026-06-19,v6a_hit_an,90,c4,non_event,396.0,40.0,98.85639026147302,5.0,1.428
2026-06-19,v6a_hit_an,90,c5,non_event,56.0,42.0,96.03816044220912,2.0,0.5712
2026-06-19,v6a_hit_an,90,c6,non_event,370.0,42.0,108.91387867430748,6.0,1.7136
2026-06-19,v6a_hit_an,90,hist_diff,non_event,-238.0,32.0,95.29898855287138,3.0,0.8568
2026-06-19,v6a_hit_an,90,hist_payout,non_event,-450.0,30.0,93.97041664426666,1.0,0.2856
2026-06-19,v6a_hit_an,90,hist_winrate,non_event,-44.0,36.0,101.030180169684,2.0,0.5712
2026-06-19,v6a_hit_an,90,hist_hit_an,non_event,-130.0,32.0,100.40878750046816,3.0,0.8568
2026-06-19,v8_dynamic,90,c1,non_event,-60.0,36.0,92.71556819126305,4.0,1.1424
2026-06-19,v8_dynamic,90,c2,non_event,-460.0,32.0,95.53353818023437,2.0,0.5712
2026-06-19,v8_dynamic,90,c3,non_event,532.0,30.0,102.37719335836155,5.0,1.428
2026-06-19,v8_dynamic,90,c4,non_event,390.0,40.0,98.82265015834513,5.0,1.428
2026-06-19,v8_dynamic,90,c5,non_event,38.0,40.0,95.87422533207166,2.0,0.5712
2026-06-19,v8_dynamic,90,c6,non_event,-18.0,34.0,92.32359152795065,5.0,1.428
2026-06-19,v8_dynamic,90,hist_diff,non_event,-238.0,32.0,95.29898855287138,3.0,0.8568
2026-06-19,v8_dynamic,90,hist_payout,non_event,-450.0,30.0,93.97041664426666,1.0,0.2856
2026-06-19,v8_dynamic,90,hist_winrate,non_event,50.0,38.0,102.27137381976777,2.0,0.5712
2026-06-19,v8_dynamic,90,hist_hit_an,non_event,26.0,38.0,103.51719549821915,4.0,1.1424
2026-06-20,v6a_hit_an,90,c1,non_event,948.0,38.0,104.53122638879309,7.0,1.9992
2026-06-20,v6a_hit_an,90,c2,non_event,-36.0,30.0,98.53065208939456,5.0,1.428
2026-06-20,v6a_hit_an,90,c3,non_event,-316.0,32.0,97.09520420718106,3.0,0.8568
2026-06-20,v6a_hit_an,90,c4,non_event,366.0,34.0,100.72504362412373,3.0,0.8568
2026-06-20,v6a_hit_an,90,c5,non_event,242.0,44.0,97.76122360292317,1.0,0.2856
2026-06-20,v6a_hit_an,90,c6,non_event,-56.0,30.0,98.3400011859715,3.0,0.8568
2026-06-20,v6a_hit_an,90,hist_diff,non_event,118.0,36.0,101.81616406823821,5.0,1.428
2026-06-20,v6a_hit_an,90,hist_payout,non_event,868.0,40.0,108.85456660951637,8.0,2.2848
2026-06-20,v6a_hit_an,90,hist_winrate,non_event,-90.0,34.0,96.20688743567867,1.0,0.2856
2026-06-20,v6a_hit_an,90,hist_hit_an,non_event,874.0,52.0,107.93073092467503,6.0,1.7136
2026-06-20,v8_dynamic,90,c1,non_event,912.0,38.0,104.0673309894674,7.0,1.9992
2026-06-20,v8_dynamic,90,c2,non_event,-24.0,30.0,99.06727481708015,5.0,1.428
2026-06-20,v8_dynamic,90,c3,non_event,-246.0,34.0,98.32475376437279,3.0,0.8568
2026-06-20,v8_dynamic,90,c4,non_event,378.0,36.0,101.09004661759774,3.0,0.8568
2026-06-20,v8_dynamic,90,c5,non_event,214.0,44.0,97.39803510705542,1.0,0.2856
2026-06-20,v8_dynamic,90,c6,non_event,-324.0,30.0,96.69860834245435,2.0,0.5712
2026-06-20,v8_dynamic,90,hist_diff,non_event,118.0,36.0,101.8161640682382,5.0,1.428
2026-06-20,v8_dynamic,90,hist_payout,non_event,868.0,40.0,108.85456660951637,8.0,2.2848
2026-06-20,v8_dynamic,90,hist_winrate,non_event,-50.0,34.0,96.4701395790797,1.0,0.2856
2026-06-20,v8_dynamic,90,hist_hit_an,non_event,814.0,48.0,107.54371864298808,6.0,1.7136
2026-06-21,v6a_hit_an,90,c1,event,-144.0,44.0,97.7938072127373,1.0,0.2856
2026-06-21,v6a_hit_an,90,c2,event,-230.0,40.0,97.34503222527495,3.0,0.8568
2026-06-21,v6a_hit_an,90,c3,event,-230.0,46.0,97.9207302620142,3.0,0.8568
2026-06-21,v6a_hit_an,90,c4,event,-434.0,30.0,99.81308587423044,4.0,1.1424
2026-06-21,v6a_hit_an,90,c5,event,128.0,46.0,99.35436962569541,2.0,0.5712
2026-06-21,v6a_hit_an,90,c6,event,-254.0,38.0,98.48877099247805,5.0,1.428
2026-06-21,v6a_hit_an,90,hist_diff,event,550.0,50.0,104.887399591154,8.0,2.2848
2026-06-21,v6a_hit_an,90,hist_payout,event,-132.0,40.0,96.61311318253742,5.0,1.428
2026-06-21,v6a_hit_an,90,hist_winrate,event,164.0,52.0,100.57802424207875,4.0,1.1424
2026-06-21,v6a_hit_an,90,hist_hit_an,event,-418.0,36.0,96.41734206739555,4.0,1.1424
2026-06-21,v8_dynamic,90,c1,event,-136.0,44.0,97.8635118595767,1.0,0.2856
2026-06-21,v8_dynamic,90,c2,event,-230.0,40.0,97.34503222527495,3.0,0.8568
2026-06-21,v8_dynamic,90,c3,event,-288.0,44.0,97.47200496698969,3.0,0.8568
2026-06-21,v8_dynamic,90,c4,event,-434.0,30.0,99.81308587423044,4.0,1.1424
2026-06-21,v8_dynamic,90,c5,event,112.0,44.0,99.25315367192574,2.0,0.5712
2026-06-21,v8_dynamic,90,c6,event,-434.0,36.0,97.08412658839441,6.0,1.7136
2026-06-21,v8_dynamic,90,hist_diff,event,550.0,50.0,104.887399591154,8.0,2.2848
2026-06-21,v8_dynamic,90,hist_payout,event,-132.0,40.0,96.61311318253742,5.0,1.428
2026-06-21,v8_dynamic,90,hist_winrate,event,60.0,48.0,99.21117302454287,4.0,1.1424
2026-06-21,v8_dynamic,90,hist_hit_an,event,-216.0,40.0,97.77725170334274,6.0,1.7136
