segment,target,feature,importance_mean,importance_std,n_models
2F_A,target_is_top3,same_weekday_avg_rank_pct,3.3359766169798277,0.577760190649794,60
2F_A,target_is_top3,lag_7_avg_diff_coins_rank_pct,2.975926983261664,0.7654838352376919,60
2F_A,target_is_top3,lag_1_total_games,2.7283076867545377,0.8175797129298603,60
2F_A,target_is_top3,rolling_avg_diff_14d_vs_mean,2.576033052863186,0.6447561413661838,60
2F_A,target_is_top3,rolling_avg_efficiency_14d_rank_pct,2.092408919406392,0.5067942860327672,60
2F_A,target_is_top3,lag_14_avg_diff_coins_rank_pct,1.9761882074175814,0.4867809752306106,60
2F_A,target_is_top3,rolling_avg_diff_14d_zscore,1.8850204252320921,0.9041579002537431,60
2F_A,target_is_top3,weekday_segment_top1_rate,1.8823082384885867,0.4875537102876426,60
2F_A,target_is_top3,ewm_diff_momentum_7v21,1.7439136185781137,0.5468832172910166,60
2F_A,target_is_top3,ewm_avg_diff_7d_rank_pct,1.7434320976109532,0.8520862205189302,60
2F_A,target_is_top3,rank_pct_rolling_28d,1.5453706433124552,0.560954042814228,60
2F_A,target_is_top3,ewm_rank_momentum_7v30,1.5191685009472413,0.4796250204365134,60
2F_A,target_is_top3,ewm_efficiency_momentum_7v21,1.5114873818870616,0.49816632855042164,60
2F_A,target_is_top3,rolling_avg_diff_14d,1.4884096139356138,0.6581507001839216,60
2F_A,target_is_top3,rolling_avg_diff_14d_rank_pct,1.4866223511498542,0.462158840361963,60
2F_A,target_is_top3,lag_7_avg_diff_coins_zscore,1.2533308427666054,0.44966753868759607,60
2F_A,target_is_top3,ewm_avg_diff_21d_vs_mean,1.2299002056599553,0.6939110960157302,60
2F_A,target_is_top3,ewm_avg_diff_21d_rank_pct,1.1952786693565471,0.5343975885866469,60
2F_A,target_is_top3,lag_1_efficiency,1.1883004320623514,0.480510926621637,60
2F_A,target_is_top3,lag_3_avg_diff_coins_zscore,1.0202911814347682,0.4778133755698374,60
2F_A,target_is_top3,hall_total_games_yesterday,0.9913571215383554,0.40484193112459094,60
2F_A,target_is_top3,rolling_avg_diff_28d,0.9892226636282301,0.7768978835302144,60
2F_A,target_is_top3,ewm_avg_diff_7d_zscore,0.9882873158293001,0.5145351765230299,60
2F_A,target_is_top3,lag_14_efficiency,0.9781580866881937,0.6316761056529395,60
2F_A,target_is_top3,lag_1_avg_diff_coins_zscore,0.9588904436639271,0.49907618140765553,60
2F_A,target_is_top3,lag_7_efficiency,0.950857453940802,0.3539570134987999,60
2F_A,target_is_top3,ewm_avg_diff_21d,0.9494472328104593,0.43675128064418767,60
2F_A,target_is_top3,lag_3_avg_diff_coins_vs_mean,0.9368099183335769,0.4565755405518147,60
2F_A,target_is_top3,lag_3_avg_diff_coins,0.9247365361306559,0.40784785183919053,60
2F_A,target_is_top3,rolling_avg_diff_28d_zscore,0.9203770449908807,0.35402533909525163,60
2F_A,target_is_top3,lag_1_efficiency_zscore,0.9187926040101749,0.3889502910657342,60
2F_A,target_is_top3,lag_1_avg_diff_coins_rank_pct,0.8799972175086592,0.3038125847949557,60
2F_A,target_is_top3,rolling_std_efficiency_14d,0.878788439154732,0.3552043510595244,60
2F_A,target_is_top3,rolling_std_diff_14d,0.8768513621404309,0.38171161110200624,60
2F_A,target_is_top3,lag_21_avg_diff_coins,0.8756671115105482,0.3569671595045007,60
2F_A,target_is_top3,rolling_avg_diff_7d,0.8674106916881766,0.5054103406106955,60
2F_A,target_is_top3,lag_1_efficiency_vs_mean,0.8587990684735196,0.4245565653345373,60
2F_A,target_is_top3,lag_14_avg_diff_coins_vs_mean,0.8515948594961631,0.3637181199392923,60
2F_A,target_is_top3,lag_21_efficiency,0.8427686741467385,0.32829723060539323,60
2F_A,target_is_top3,eff_delta_1_vs_7,0.8397464415874503,0.356460037399396,60
2F_A,target_is_top3,rolling_std_diff_7d,0.8240982220354992,0.37369544116603215,60
2F_A,target_is_top3,rolling_avg_diff_7d_rank_pct,0.8217839362705546,0.3674703039233916,60
2F_A,target_is_top3,ewm_rank_30d,0.8180354468689383,0.35820864664956853,60
2F_A,target_is_top3,ewm_avg_diff_21d_zscore,0.7860452609131767,0.4143577114903461,60
2F_A,target_is_top3,lag_14_avg_diff_coins,0.7784482599569444,0.3618048128690305,60
2F_A,target_is_top3,lag_7_total_games,0.7682019192144249,0.2918295418049534,60
2F_A,target_is_top3,rolling_avg_efficiency_14d_zscore,0.7428606240874681,0.3711677489215085,60
2F_A,target_is_top3,month_progress,0.7141313198541205,0.3167960280930214,60
2F_A,target_is_top3,ewm_efficiency_7d_zscore,0.7106165861418059,0.29508277564763025,60
2F_A,target_is_top3,lag_21_total_games,0.7064447178103013,0.34973405460268264,60
2F_A,target_is_top3,ewm_efficiency_7d_vs_mean,0.701103044176503,0.33424110107504745,60
2F_A,target_is_top3,diff_delta_1_vs_14,0.6993892601799344,0.2879324393197846,60
2F_A,target_is_top3,rolling_avg_games_7d_vs_mean,0.6876047775399245,0.31214988212334566,60
2F_A,target_is_top3,rolling_avg_efficiency_7d,0.6826267249877865,0.3865448104477998,60
2F_A,target_is_top3,rolling_avg_diff_7d_vs_mean,0.6634183703361359,0.3552176683244837,60
2F_A,target_is_top3,rolling_avg_efficiency_28d,0.6515611428331795,0.34797504132976304,60
2F_A,target_is_top3,rank_pct_std_14d,0.630663487243871,0.3093903409326733,60
2F_A,target_is_top3,rolling_std_efficiency_7d,0.6303871662836791,0.32991587908216113,60
2F_A,target_is_top3,rolling_avg_diff_7d_zscore,0.6302182824783633,0.33996614742006165,60
2F_A,target_is_top3,lag_7_avg_diff_coins,0.6277323608887488,0.3633120983482477,60
2F_A,target_is_top3,rolling_avg_efficiency_28d_zscore,0.6273051945483459,0.3209088468202864,60
2F_A,target_is_top3,hall_diff_spread_yesterday,0.6254216804614182,0.33360939854705673,60
2F_A,target_is_top3,rolling_avg_efficiency_7d_zscore,0.6167736137358747,0.2673339193193729,60
2F_A,target_is_top3,lag_14_avg_diff_coins_zscore,0.6145460087500002,0.3146078026901011,60
2F_A,target_is_top3,ewm_efficiency_21d,0.6112027297705015,0.30755230610705164,60
2F_A,target_is_top3,diff_delta_1_vs_7,0.6060221879128552,0.30574697402326695,60
2F_A,target_is_top3,rolling_avg_efficiency_7d_rank_pct,0.602653241159145,0.33023191675905983,60
2F_A,target_is_top3,rolling_avg_games_7d_rank_pct,0.6008141548576157,0.30259442398192915,60
2F_A,target_is_top3,rolling_avg_games_7d_zscore,0.589300457862993,0.30836855354323467,60
2F_A,target_is_top3,ewm_avg_diff_7d,0.588210304981618,0.3183573070746823,60
2F_A,target_is_top3,eff_delta_1_vs_14,0.5828633348476722,0.29924772991296716,60
2F_A,target_is_top3,lag_7_avg_diff_coins_vs_mean,0.5785125858970236,0.2920329997778305,60
2F_A,target_is_top3,ewm_rank_7d,0.5770631449499849,0.31517371985316595,60
2F_A,target_is_top3,ewm_avg_diff_7d_vs_mean,0.5697299066422367,0.33652952282399184,60
2F_A,target_is_top3,rolling_avg_efficiency_14d_vs_mean,0.5661703753200891,0.31107023140040213,60
2F_A,target_is_top3,rolling_avg_efficiency_14d,0.5491633867095008,0.2551174911501801,60
2F_A,target_is_top3,days_since_last_top2,0.5464326232629702,0.2526675406044943,60
2F_A,target_is_top3,lag_1_efficiency_rank_pct,0.5443866403559479,0.32877210986880495,60
2F_A,target_is_top3,rank_pct_trend_7vs28,0.5346926903077078,0.28423733577132704,60
2F_A,target_is_top3,same_weekday_top5_rate,0.5245129797088766,0.323751782069541,60
2F_A,target_is_top3,rolling_avg_efficiency_7d_vs_mean,0.523145792177088,0.29286357774173866,60
2F_A,target_is_top3,prior_rank1_rate_smooth,0.5207755980649681,0.3121393025067741,60
2F_A,target_is_top3,rolling_avg_diff_28d_vs_mean,0.5181067838954511,0.22636015955452854,60
2F_A,target_is_top3,lag_1_avg_diff_coins,0.5058462109254349,0.26803117584656305,60
2F_A,target_is_top3,lag_3_avg_diff_coins_rank_pct,0.5054343570031447,0.23818114805785154,60
2F_A,target_is_top3,prior_top2_rate_smooth,0.49492392528391144,0.34048373457035463,60
2F_A,target_is_top3,day_of_month,0.48912083680935853,0.3202252225519896,60
2F_A,target_is_top3,same_weekday_rolling_rank_sum_3,0.48657439078427006,0.3103874603635852,60
2F_A,target_is_top3,ewm_efficiency_7d,0.47665255609007817,0.24310482881630605,60
2F_A,target_is_top3,ewm_efficiency_7d_rank_pct,0.4559605005141555,0.27759498351014367,60
2F_A,target_is_top3,rank_pct_rolling_7d,0.4485485340802501,0.21520503732168764,60
2F_A,target_is_top3,rolling_avg_efficiency_28d_vs_mean,0.4421827290285624,0.2770256691614153,60
2F_A,target_is_top3,days_since_first_seen,0.4409408561275189,0.279341066911275,60
2F_A,target_is_top3,lag_1_avg_diff_coins_vs_mean,0.43372275185407094,0.270893038919746,60
2F_A,target_is_top3,rolling_avg_diff_28d_rank_pct,0.43024874159177856,0.23761182326221875,60
2F_A,target_is_top3,prior_rank1_confidence,0.42993729070145825,0.2653435433590194,60
2F_A,target_is_top3,prior_segment_top1_rate,0.41352123104396005,0.24842189353492633,60
2F_A,target_is_top3,hall_avg_diff_yesterday,0.4118748537189536,0.19118991118161227,60
2F_A,target_is_top3,prior_top5_rate,0.4100707614880011,0.23573827300133954,60
2F_A,target_is_top3,rolling_avg_games_28d,0.39954593940658223,0.23261254796974457,60
2F_A,target_is_top3,lag_14_total_games,0.3974222636298056,0.2182299997810608,60
2F_A,target_is_top3,days_since_first_seen_raw,0.39616433548505686,0.2694352804450914,60
2F_A,target_is_top3,prior_avg_rank_pct,0.39067420601618075,0.28167167350274197,60
2F_A,target_is_top3,prior_top5_confidence,0.38926373108808426,0.2601576797662061,60
2F_A,target_is_top3,prior_top2_confidence,0.3808010054634468,0.25077705227205116,60
2F_A,target_is_top3,rolling_avg_efficiency_28d_rank_pct,0.3748733159477279,0.2099431864860402,60
2F_A,target_is_top3,prior_top5_rate_smooth,0.37014734555405304,0.20013029220963324,60
2F_A,target_is_top3,lag1_segment_rank_pct,0.3675511604370903,0.24403931722319783,60
2F_A,target_is_top3,rolling_avg_games_14d,0.3653050671363505,0.17484119244177648,60
2F_A,target_is_top3,rolling_avg_games_14d_rank_pct,0.3641092846544766,0.2308750353177215,60
2F_A,target_is_top3,prior_top3_confidence,0.3614881274693607,0.22352307326599685,60
2F_A,target_is_top3,days_since_first_seen_effective,0.35808606090580286,0.2584996394779395,60
2F_A,target_is_top3,rolling_avg_games_7d,0.3571386307080797,0.22832653332542988,60
2F_A,target_is_top3,rolling_avg_games_14d_vs_mean,0.35380699273094657,0.23593659810479323,60
2F_A,target_is_top3,prior_top3_rate_smooth,0.3512050138241476,0.17577079716587982,60
2F_A,target_is_top3,hall_avg_efficiency_yesterday,0.34869622342869594,0.21357251293778817,60
2F_A,target_is_top3,rolling_avg_games_14d_zscore,0.34032012498204145,0.19982244761115586,60
2F_A,target_is_top3,days_since_last_top5,0.29465722116519744,0.20929472157494136,60
2F_A,target_is_top3,hall_machine_type_count,0.28076882618686844,0.1798718755554372,60
2F_A,target_is_top3,is_event_day,0.2717277419595402,0.24053718785891925,60
2F_A,target_is_top3,day_of_week,0.2550134145914805,0.20339880236500307,60
2F_A,target_is_top3,days_since_last_rank1,0.2516026004682,0.20237412779736083,60
2F_A,target_is_top3,machine_count,0.24620111524797908,0.20986294798752905,60
2F_A,target_is_top3,prior_rank1_rate,0.22236719379799733,0.1626778627416956,60
2F_A,target_is_top3,event_group,0.22050190052645843,0.1914508017176211,60
2F_A,target_is_top3,prior_top3_rate,0.21205817786372946,0.1896732285740401,60
2F_A,target_is_top3,prior_top2_rate,0.21190216672774004,0.18209118446831418,60
2F_A,target_is_top3,days_since_last_top3,0.20951471562105212,0.14300423046386965,60
2F_A,target_is_top3,days_since_first_seen_bin,0.20233902985583135,0.17142168041622496,60
2F_A,target_is_top3,days_since_last_count_increase,0.1890027833531773,0.18508351458823818,60
2F_A,target_is_top3,is_thursday,0.15435479046714665,0.1389335474974181,60
2F_A,target_is_top3,same_weekday_top3_rate,0.14647098712415368,0.11672179130997436,60
2F_A,target_is_top3,days_since_last_count_decrease,0.10427725950926253,0.10768804333758022,60
2F_A,target_is_top3,same_weekday_rank1_rate,0.08213953723132433,0.0774426481889346,60
2F_A,target_is_top3,same_weekday_top2_rate,0.07785613503255764,0.06181900173179835,60
2F_A,target_is_top3,is_month_end_event,0.07590600945741659,0.09809761188828792,60
2F_A,target_is_top3,count_delta_7d,0.06451588219331825,0.08270486415484837,60
2F_A,target_is_top3,count_delta_7d_bin,0.04789193455759056,0.06330243486191361,60
2F_A,target_is_top3,count_delta_14d,0.039261496235203606,0.05604368892160614,60
2F_A,target_is_top3,count_delta_3d,0.028887080978475976,0.035613439906048455,60
2F_A,target_is_top3,count_delta_1d_bin,0.006295822038835394,0.012530978899918046,60
2F_A,target_is_top3,count_delta_1d,0.006249015704825209,0.010772628913803982,60
2F_A,target_is_top3,count_decrease_flag,0.004208823572259957,0.011519051088658508,60
2F_A,target_is_top3,new_machine_flag_effective,0.0013814092052269204,0.006102840351238814,60
2F_A,target_is_top3,count_increase_flag,0.0006086765300649661,0.0017776185284439432,60
2F_A,target_is_top3,new_machine_flag_raw,0.000466614226639033,0.0022075043842208464,60
2F_A,target_is_top3,atype_is_a,0.0,0.0,60
2F_A,target_is_top3,atype_is_n,0.0,0.0,60
2F_A,target_is_top3,bt_flag,0.0,0.0,60
2F_A,target_is_top3,floor_is_2f,0.0,0.0,60
2F_A,target_is_top3,floor_is_3f,0.0,0.0,60
2F_A,target_is_top3,hana_flag,0.0,0.0,60
2F_A,target_is_top3,is_a_type,0.0,0.0,60
2F_A,target_is_top3,is_left_censored,0.0,0.0,60
2F_A,target_is_top3,jug_flag,0.0,0.0,60
2F_A,target_is_top3,oki_flag,0.0,0.0,60
2F_A,target_is_top5,same_weekday_rolling_rank_sum_3,3.0946036789395084,0.745169448127008,60
2F_A,target_is_top5,same_weekday_avg_rank_pct,2.1323398136580787,0.4979003089796066,60
2F_A,target_is_top5,rolling_avg_diff_14d_vs_mean,1.8864582060162276,0.5640515608192762,60
2F_A,target_is_top5,ewm_rank_momentum_7v30,1.8618254702746972,0.5166035294715083,60
2F_A,target_is_top5,prior_rank1_rate_smooth,1.8514779328213564,1.1252607301914002,60
2F_A,target_is_top5,lag_1_total_games,1.7458935154450161,0.6609154041838158,60
2F_A,target_is_top5,ewm_diff_momentum_7v21,1.7175708519813921,0.5607421184095541,60
2F_A,target_is_top5,ewm_efficiency_momentum_7v21,1.6129550555080405,0.5045044159776542,60
2F_A,target_is_top5,rank_pct_std_14d,1.582202125743814,0.6205075904678665,60
2F_A,target_is_top5,rolling_avg_efficiency_14d_rank_pct,1.5390645519089856,0.45292498076654436,60
2F_A,target_is_top5,prior_top2_rate_smooth,1.479024520438311,0.8406203894560863,60
2F_A,target_is_top5,rolling_avg_efficiency_14d_zscore,1.4711979813114011,0.6384617365549093,60
2F_A,target_is_top5,rolling_avg_diff_14d_zscore,1.4256036411708368,0.567188845907293,60
2F_A,target_is_top5,rolling_avg_diff_14d_rank_pct,1.4104817016151523,0.4793837370741412,60
2F_A,target_is_top5,rolling_std_diff_7d,1.3691691563968227,0.6862540215611607,60
2F_A,target_is_top5,rank_pct_rolling_28d,1.3521802989913503,0.729134328895546,60
2F_A,target_is_top5,diff_delta_1_vs_7,1.336883352137772,0.5685235882756164,60
2F_A,target_is_top5,rolling_avg_efficiency_14d,1.3097798558139186,0.4830014565350359,60
2F_A,target_is_top5,ewm_efficiency_7d_zscore,1.2685551781329107,0.7574523126577573,60
2F_A,target_is_top5,rank_pct_trend_7vs28,1.232354802024689,0.34030554479995684,60
2F_A,target_is_top5,lag_7_avg_diff_coins_rank_pct,1.225417167491024,0.38153374381197525,60
2F_A,target_is_top5,rolling_avg_diff_14d,1.1898985483270723,0.48771374592473127,60
2F_A,target_is_top5,rolling_avg_efficiency_14d_vs_mean,1.1226775393590418,0.5414072676549414,60
2F_A,target_is_top5,rolling_avg_efficiency_7d_zscore,1.1180879453408807,0.47435824059932946,60
2F_A,target_is_top5,prior_top3_rate_smooth,1.1153166072117844,0.3258191296535404,60
2F_A,target_is_top5,prior_top5_rate_smooth,1.1112850617152783,0.44965720916634455,60
2F_A,target_is_top5,ewm_avg_diff_21d_vs_mean,1.0749080925563284,0.4658324179565585,60
2F_A,target_is_top5,rolling_std_efficiency_7d,1.0691642590120478,0.46507158894449174,60
2F_A,target_is_top5,ewm_avg_diff_21d_rank_pct,1.0597006562954172,0.469102174971942,60
2F_A,target_is_top5,lag_7_avg_diff_coins,1.0433732394415847,0.3910332747591097,60
2F_A,target_is_top5,ewm_rank_30d,1.0095634114639906,0.3987293482475966,60
2F_A,target_is_top5,lag_7_avg_diff_coins_vs_mean,0.9893824006386286,0.37301609348718134,60
2F_A,target_is_top5,days_since_last_top3,0.9476915642396427,0.32655395643822765,60
2F_A,target_is_top5,lag_1_avg_diff_coins_zscore,0.9476729502186909,0.45578047648769626,60
2F_A,target_is_top5,lag_3_avg_diff_coins_zscore,0.9191180963307116,0.3978828706323913,60
2F_A,target_is_top5,lag_14_avg_diff_coins_zscore,0.9021845372916784,0.36382635227474996,60
2F_A,target_is_top5,lag_14_avg_diff_coins_rank_pct,0.8817053308197419,0.3688860335433493,60
2F_A,target_is_top5,prior_top2_confidence,0.8803115338816916,0.4127589348230998,60
2F_A,target_is_top5,ewm_efficiency_7d_rank_pct,0.8646753882206718,0.43577922237668354,60
2F_A,target_is_top5,ewm_avg_diff_21d,0.8589228795551658,0.3854473720368354,60
2F_A,target_is_top5,days_since_first_seen_effective,0.8519316880309212,0.39860064418822266,60
2F_A,target_is_top5,lag_3_avg_diff_coins_rank_pct,0.8501205646688139,0.35024444454943016,60
2F_A,target_is_top5,prior_rank1_confidence,0.8448040576918457,0.39454491050287055,60
2F_A,target_is_top5,lag_3_avg_diff_coins,0.8195521103505645,0.3840796566884274,60
2F_A,target_is_top5,days_since_first_seen_bin,0.8022975358813381,0.39335050193187604,60
2F_A,target_is_top5,lag_7_avg_diff_coins_zscore,0.776552557295173,0.33176730643704244,60
2F_A,target_is_top5,lag_1_avg_diff_coins_vs_mean,0.773869101372012,0.35553524349462956,60
2F_A,target_is_top5,lag_14_avg_diff_coins_vs_mean,0.7736350511621245,0.38604003531618064,60
2F_A,target_is_top5,lag_21_efficiency,0.7684752391209305,0.4563855749463976,60
2F_A,target_is_top5,eff_delta_1_vs_7,0.7650372181712767,0.28011506384134144,60
2F_A,target_is_top5,lag_1_avg_diff_coins,0.7646571157269906,0.3160597512775143,60
2F_A,target_is_top5,ewm_rank_7d,0.7604861016782299,0.42255313812676176,60
2F_A,target_is_top5,hall_total_games_yesterday,0.7520104583011727,0.354604496594595,60
2F_A,target_is_top5,lag_1_avg_diff_coins_rank_pct,0.7496794840391723,0.3724285742296292,60
2F_A,target_is_top5,lag_7_efficiency,0.7480347742780056,0.3696886910849558,60
2F_A,target_is_top5,prior_top3_confidence,0.7453702341459907,0.4008750875771738,60
2F_A,target_is_top5,days_since_first_seen_raw,0.7368728822157526,0.4068652976218588,60
2F_A,target_is_top5,days_since_first_seen,0.7351444587184518,0.36711495450596376,60
2F_A,target_is_top5,lag_14_total_games,0.7324791290528607,0.38158528415965187,60
2F_A,target_is_top5,prior_avg_rank_pct,0.7297933303283411,0.4064452482960134,60
2F_A,target_is_top5,lag_14_avg_diff_coins,0.728910441680024,0.43977151050883995,60
2F_A,target_is_top5,ewm_avg_diff_7d_zscore,0.7219978439663708,0.3722866794381505,60
2F_A,target_is_top5,rolling_avg_diff_28d,0.7152829118574883,0.37202621065110786,60
2F_A,target_is_top5,ewm_avg_diff_21d_zscore,0.7137392749824584,0.3814401408149814,60
2F_A,target_is_top5,month_progress,0.6977357130163231,0.36067005992994566,60
2F_A,target_is_top5,ewm_efficiency_7d_vs_mean,0.6939527786538552,0.4241426291281316,60
2F_A,target_is_top5,lag_21_total_games,0.6860692888087995,0.3823589866973482,60
2F_A,target_is_top5,lag_3_avg_diff_coins_vs_mean,0.661092868663261,0.33592076117383807,60
2F_A,target_is_top5,diff_delta_1_vs_14,0.6489909329781154,0.3018535127097176,60
2F_A,target_is_top5,prior_top5_confidence,0.6390451113305232,0.24528477465936135,60
2F_A,target_is_top5,ewm_efficiency_7d,0.6285712054884381,0.2985577642805872,60
2F_A,target_is_top5,rolling_avg_diff_7d,0.6264575022604244,0.31640673564999483,60
2F_A,target_is_top5,rolling_avg_diff_28d_vs_mean,0.6256388003663029,0.2743691981288945,60
2F_A,target_is_top5,rolling_avg_efficiency_7d_vs_mean,0.6066184560835801,0.3709281268694111,60
2F_A,target_is_top5,lag_14_efficiency,0.5842477525405806,0.3437918810742485,60
2F_A,target_is_top5,lag_7_total_games,0.578390438499265,0.2631278622698774,60
2F_A,target_is_top5,rolling_avg_efficiency_7d,0.5757928472258271,0.4137943032072279,60
2F_A,target_is_top5,ewm_avg_diff_7d_rank_pct,0.5742289444654858,0.31200129658031645,60
2F_A,target_is_top5,rolling_avg_efficiency_7d_rank_pct,0.5742205538628258,0.28211552639498,60
2F_A,target_is_top5,eff_delta_1_vs_14,0.5732666907096611,0.25766734167154337,60
2F_A,target_is_top5,lag_1_efficiency_zscore,0.5609148899036386,0.2351828764487378,60
2F_A,target_is_top5,rolling_avg_diff_7d_zscore,0.5408085646244969,0.28458883501667576,60
2F_A,target_is_top5,rolling_avg_diff_28d_zscore,0.5374948906446775,0.2940931028998501,60
2F_A,target_is_top5,rolling_avg_efficiency_28d_zscore,0.5299553557308848,0.2948067826226253,60
2F_A,target_is_top5,ewm_efficiency_21d,0.529070640810715,0.24535634343972226,60
2F_A,target_is_top5,lag_1_efficiency,0.527902178614285,0.24277001825802194,60
2F_A,target_is_top5,hall_avg_diff_yesterday,0.5169027984593985,0.210996741441511,60
2F_A,target_is_top5,same_weekday_top5_rate,0.49688266270679393,0.3537899558530094,60
2F_A,target_is_top5,lag_21_avg_diff_coins,0.4788736687547246,0.32026343874735985,60
2F_A,target_is_top5,rolling_avg_games_7d,0.4547944940034483,0.2331848130856408,60
2F_A,target_is_top5,rolling_std_efficiency_14d,0.44623934753937894,0.26705959251337125,60
2F_A,target_is_top5,rolling_std_diff_14d,0.44452256810790675,0.3287779903945221,60
2F_A,target_is_top5,day_of_month,0.4367237131073758,0.24343715328520438,60
2F_A,target_is_top5,days_since_last_top5,0.4219892975768513,0.24333740832675113,60
2F_A,target_is_top5,rolling_avg_diff_7d_vs_mean,0.4199767991523244,0.23855867821861804,60
2F_A,target_is_top5,rolling_avg_diff_7d_rank_pct,0.41996397234063,0.2582483966196841,60
2F_A,target_is_top5,hall_diff_spread_yesterday,0.4149365299206649,0.28363961562943213,60
2F_A,target_is_top5,ewm_avg_diff_7d,0.40348644505575276,0.2632118029889006,60
2F_A,target_is_top5,rolling_avg_diff_28d_rank_pct,0.4028117256217432,0.2581418394871809,60
2F_A,target_is_top5,lag_1_efficiency_rank_pct,0.39067081865926157,0.2578834936382823,60
2F_A,target_is_top5,lag1_segment_rank_pct,0.37587870707156745,0.22704079862224374,60
2F_A,target_is_top5,rolling_avg_games_14d,0.3613498144429207,0.23155708452853577,60
2F_A,target_is_top5,ewm_avg_diff_7d_vs_mean,0.355355346279069,0.24036284068932612,60
2F_A,target_is_top5,rolling_avg_games_7d_vs_mean,0.35440223161327683,0.2599145355824797,60
2F_A,target_is_top5,hall_avg_efficiency_yesterday,0.34789685509722496,0.19270000359202047,60
2F_A,target_is_top5,lag_1_efficiency_vs_mean,0.3473740425496247,0.21383355674140558,60
2F_A,target_is_top5,prior_segment_top1_rate,0.34717174750193364,0.24356536371201418,60
2F_A,target_is_top5,rolling_avg_games_7d_rank_pct,0.345658680329447,0.19672909646258652,60
2F_A,target_is_top5,rolling_avg_games_14d_rank_pct,0.34466894960977884,0.23205898765405716,60
2F_A,target_is_top5,weekday_segment_top1_rate,0.34440029213408263,0.20306098824946406,60
2F_A,target_is_top5,prior_top5_rate,0.33786489064727177,0.23333021995349876,60
2F_A,target_is_top5,rolling_avg_efficiency_28d_rank_pct,0.33674972811093556,0.19397951299628852,60
2F_A,target_is_top5,rolling_avg_games_14d_zscore,0.3300339779526974,0.20131792417419,60
2F_A,target_is_top5,hall_machine_type_count,0.3206219093596219,0.2936861854775219,60
2F_A,target_is_top5,rolling_avg_games_7d_zscore,0.3142910828219264,0.191096873246858,60
2F_A,target_is_top5,rolling_avg_games_14d_vs_mean,0.30386289694211494,0.20154151597568623,60
2F_A,target_is_top5,rank_pct_rolling_7d,0.30291761803429024,0.19871144097362808,60
2F_A,target_is_top5,rolling_avg_games_28d,0.29337621369593964,0.213762421513721,60
2F_A,target_is_top5,rolling_avg_efficiency_28d,0.27971251207745396,0.19312864269689123,60
2F_A,target_is_top5,day_of_week,0.27681152769030387,0.21003100195991048,60
2F_A,target_is_top5,rolling_avg_efficiency_28d_vs_mean,0.2748298861136958,0.18156527973737668,60
2F_A,target_is_top5,same_weekday_top3_rate,0.2597667782997453,0.17653444277785663,60
2F_A,target_is_top5,machine_count,0.2407120792285995,0.16970564862795123,60
2F_A,target_is_top5,days_since_last_count_decrease,0.23845147055924001,0.1841541213591678,60
2F_A,target_is_top5,is_event_day,0.19992493536947753,0.18511326558497956,60
2F_A,target_is_top5,event_group,0.16294634833322208,0.13576904470299533,60
2F_A,target_is_top5,prior_top3_rate,0.1531671747840031,0.10198647203612862,60
2F_A,target_is_top5,prior_top2_rate,0.1327877923326207,0.13208561887000983,60
2F_A,target_is_top5,same_weekday_top2_rate,0.12669159339034627,0.10324846191335377,60
2F_A,target_is_top5,count_delta_14d,0.11475623755016547,0.12730060909341603,60
2F_A,target_is_top5,same_weekday_rank1_rate,0.10700819610697175,0.09752892648168901,60
2F_A,target_is_top5,days_since_last_rank1,0.08893277830713577,0.08164266481233429,60
2F_A,target_is_top5,count_delta_3d,0.08800790911777465,0.05613515470223998,60
2F_A,target_is_top5,is_thursday,0.08744780668034109,0.11492843421332803,60
2F_A,target_is_top5,days_since_last_top2,0.0844723741841483,0.12080615979273635,60
2F_A,target_is_top5,prior_rank1_rate,0.07372802272991479,0.07992108806871077,60
2F_A,target_is_top5,days_since_last_count_increase,0.07270227036133953,0.10236136288757695,60
2F_A,target_is_top5,count_delta_7d,0.057941640888905195,0.06355152419100303,60
2F_A,target_is_top5,is_month_end_event,0.042835313626113335,0.06265074719723611,60
2F_A,target_is_top5,count_delta_7d_bin,0.03115918067668609,0.05806350150868843,60
2F_A,target_is_top5,new_machine_flag_effective,0.005344144030275598,0.014017573817738818,60
2F_A,target_is_top5,count_delta_1d_bin,0.005128829998933067,0.008029173182885936,60
2F_A,target_is_top5,count_delta_1d,0.004509275498242865,0.007217356187175429,60
2F_A,target_is_top5,new_machine_flag_raw,0.0030763562938997905,0.012782889021968715,60
2F_A,target_is_top5,count_increase_flag,0.0013210716449358385,0.00404585443028488,60
2F_A,target_is_top5,count_decrease_flag,0.0012977991858988808,0.004150554148776014,60
2F_A,target_is_top5,atype_is_a,0.0,0.0,60
2F_A,target_is_top5,atype_is_n,0.0,0.0,60
2F_A,target_is_top5,bt_flag,0.0,0.0,60
2F_A,target_is_top5,floor_is_2f,0.0,0.0,60
2F_A,target_is_top5,floor_is_3f,0.0,0.0,60
2F_A,target_is_top5,hana_flag,0.0,0.0,60
2F_A,target_is_top5,is_a_type,0.0,0.0,60
2F_A,target_is_top5,is_left_censored,0.0,0.0,60
2F_A,target_is_top5,jug_flag,0.0,0.0,60
2F_A,target_is_top5,oki_flag,0.0,0.0,60
2F_N,target_is_top3,lag_21_avg_diff_coins,6.4536850424641115,1.4754439670983597,60
2F_N,target_is_top3,prior_top2_rate_smooth,2.22223139205764,0.9605866613198258,60
2F_N,target_is_top3,rolling_avg_games_7d,1.660553626960917,0.7633980914605212,60
2F_N,target_is_top3,rolling_avg_games_7d_vs_mean,1.6318177991602927,0.7748399290108934,60
2F_N,target_is_top3,ewm_rank_momentum_7v30,1.4838134650727233,0.525186950710275,60
2F_N,target_is_top3,lag_14_avg_diff_coins_rank_pct,1.4837163446529973,0.7448555852023403,60
2F_N,target_is_top3,rolling_avg_games_7d_zscore,1.325957038166242,0.5492962343396649,60
2F_N,target_is_top3,lag_21_efficiency,1.2818811467835274,0.6358255131227306,60
2F_N,target_is_top3,hall_avg_efficiency_yesterday,1.2747923719650276,0.495572838237988,60
2F_N,target_is_top3,day_of_week,1.253878162744254,0.919682897022805,60
2F_N,target_is_top3,prior_segment_top1_rate,1.233310064774246,0.5745799133294179,60
2F_N,target_is_top3,lag_1_efficiency_zscore,1.2258897633353079,0.5165675510443926,60
2F_N,target_is_top3,lag_1_efficiency,1.216140028363209,0.5299268085364882,60
2F_N,target_is_top3,rolling_std_diff_7d,1.215727269258969,0.6132838927760704,60
2F_N,target_is_top3,lag_14_avg_diff_coins_zscore,1.172899960641324,0.40654267303366326,60
2F_N,target_is_top3,rolling_avg_diff_7d_rank_pct,1.1286520880436077,0.5780962269014935,60
2F_N,target_is_top3,lag_1_efficiency_vs_mean,1.1193828595811763,0.5135168347410808,60
2F_N,target_is_top3,lag_1_total_games,1.092448759932643,0.5846997804326866,60
2F_N,target_is_top3,rolling_avg_games_28d,1.0742397864487532,0.5211097675378336,60
2F_N,target_is_top3,lag_1_avg_diff_coins,1.0067555134591535,0.46546420939396155,60
2F_N,target_is_top3,lag_14_avg_diff_coins,0.9852815388834466,0.2933138509733721,60
2F_N,target_is_top3,lag_7_avg_diff_coins_zscore,0.9820170052159797,0.3712239629949975,60
2F_N,target_is_top3,ewm_avg_diff_7d_vs_mean,0.9804908332805734,0.5481652454135008,60
2F_N,target_is_top3,rolling_avg_games_14d_vs_mean,0.9803637946150399,0.5421933055479666,60
2F_N,target_is_top3,lag_14_efficiency,0.9702022051503358,0.5521670992675559,60
2F_N,target_is_top3,prior_top2_rate,0.9690891859532547,0.4872912144277938,60
2F_N,target_is_top3,ewm_avg_diff_7d_zscore,0.9674758730306362,0.55242907003702,60
2F_N,target_is_top3,lag_3_avg_diff_coins,0.9670569737442563,0.502147199000802,60
2F_N,target_is_top3,same_weekday_rolling_rank_sum_3,0.9588235176470532,0.36899826169065975,60
2F_N,target_is_top3,prior_top3_rate_smooth,0.9541543402765148,0.39592979260223266,60
2F_N,target_is_top3,rolling_avg_games_14d_zscore,0.9503221847572708,0.4270313932735837,60
2F_N,target_is_top3,rank_pct_rolling_28d,0.9427540873823969,0.46432895414989594,60
2F_N,target_is_top3,rank_pct_rolling_7d,0.9217908078339174,0.40470048474179393,60
2F_N,target_is_top3,ewm_avg_diff_21d_zscore,0.8962748849119204,0.37512278488248846,60
2F_N,target_is_top3,rolling_avg_games_14d,0.8797687663426995,0.4873167982939715,60
2F_N,target_is_top3,eff_delta_1_vs_14,0.8536574096477755,0.7244733861220348,60
2F_N,target_is_top3,lag_1_efficiency_rank_pct,0.8523298071450601,0.4079147549990616,60
2F_N,target_is_top3,rolling_avg_efficiency_14d_zscore,0.8221441897560295,0.44610771178665276,60
2F_N,target_is_top3,hall_avg_diff_yesterday,0.8172112790672494,0.3445644741489946,60
2F_N,target_is_top3,rolling_avg_efficiency_7d,0.8034595657595918,0.39977574565579815,60
2F_N,target_is_top3,lag_14_avg_diff_coins_vs_mean,0.7871919283850698,0.35537988531783055,60
2F_N,target_is_top3,prior_top5_rate,0.7852177310506945,0.43018136423007175,60
2F_N,target_is_top3,lag_3_avg_diff_coins_vs_mean,0.7698372493228233,0.3691913019568429,60
2F_N,target_is_top3,ewm_efficiency_7d_vs_mean,0.7500687635539284,0.5131583204225921,60
2F_N,target_is_top3,ewm_efficiency_7d,0.7484798328136865,0.5698496083364274,60
2F_N,target_is_top3,lag_3_avg_diff_coins_rank_pct,0.7403794262651312,0.3243408770724091,60
2F_N,target_is_top3,rolling_avg_games_7d_rank_pct,0.7349176216525184,0.37849145938687445,60
2F_N,target_is_top3,rolling_avg_efficiency_7d_vs_mean,0.7278306211447619,0.40326391175289594,60
2F_N,target_is_top3,lag_7_avg_diff_coins,0.7257157580439819,0.34169315140765544,60
2F_N,target_is_top3,ewm_rank_7d,0.7149850892008586,0.3129668762496531,60
2F_N,target_is_top3,lag_1_avg_diff_coins_vs_mean,0.7132035739722584,0.27320785151236643,60
2F_N,target_is_top3,rolling_avg_diff_28d_rank_pct,0.6942977689124689,0.43408388746335086,60
2F_N,target_is_top3,rolling_avg_diff_14d,0.6930610900283917,0.3875118986634862,60
2F_N,target_is_top3,hall_diff_spread_yesterday,0.6896192592240166,0.37049181751592475,60
2F_N,target_is_top3,rolling_avg_games_14d_rank_pct,0.6887464037680111,0.40755568267989256,60
2F_N,target_is_top3,rolling_avg_efficiency_14d_vs_mean,0.6872850567954256,0.4424098572229107,60
2F_N,target_is_top3,lag1_segment_rank_pct,0.6831559997894326,0.3628499857231635,60
2F_N,target_is_top3,lag_7_avg_diff_coins_rank_pct,0.6787434455332845,0.3656319777322913,60
2F_N,target_is_top3,lag_7_efficiency,0.676796622788009,0.44064759060830927,60
2F_N,target_is_top3,days_since_first_seen,0.67167982530274,0.34160344007231075,60
2F_N,target_is_top3,lag_1_avg_diff_coins_zscore,0.6624861619126796,0.34873390549822963,60
2F_N,target_is_top3,prior_top5_rate_smooth,0.6598976567566386,0.3382782177484083,60
2F_N,target_is_top3,prior_top3_rate,0.6527082146478425,0.3437323798419994,60
2F_N,target_is_top3,lag_3_avg_diff_coins_zscore,0.6496178848844154,0.3254620980003074,60
2F_N,target_is_top3,rolling_avg_efficiency_7d_rank_pct,0.6474453469255561,0.36630968669141745,60
2F_N,target_is_top3,prior_rank1_rate_smooth,0.6461651685960021,0.30648658010837,60
2F_N,target_is_top3,hall_total_games_yesterday,0.6422781636526451,0.33606814186729544,60
2F_N,target_is_top3,prior_top2_confidence,0.6385963741111433,0.3416978826099273,60
2F_N,target_is_top3,machine_count,0.6318060047920976,0.34338660589844483,60
2F_N,target_is_top3,rolling_std_diff_14d,0.6308281123544066,0.3629612229744156,60
2F_N,target_is_top3,lag_7_avg_diff_coins_vs_mean,0.6295823964280819,0.3159938544767608,60
2F_N,target_is_top3,rolling_avg_diff_7d_zscore,0.6279639231914997,0.28711741468032076,60
2F_N,target_is_top3,rolling_std_efficiency_14d,0.6265472292955988,0.35165465948237573,60
2F_N,target_is_top3,ewm_diff_momentum_7v21,0.620218610377605,0.33255397764753347,60
2F_N,target_is_top3,lag_7_total_games,0.6149637832680027,0.41352186889626147,60
2F_N,target_is_top3,days_since_first_seen_effective,0.6098195533533078,0.2652985882729669,60
2F_N,target_is_top3,diff_delta_1_vs_7,0.5999435322955333,0.26248221338760186,60
2F_N,target_is_top3,ewm_avg_diff_7d_rank_pct,0.5903671469913881,0.37861727788609106,60
2F_N,target_is_top3,prior_avg_rank_pct,0.5895085142301717,0.3197255138288447,60
2F_N,target_is_top3,eff_delta_1_vs_7,0.5870366465245767,0.37664832780422197,60
2F_N,target_is_top3,days_since_first_seen_raw,0.5834181872099037,0.385710558710381,60
2F_N,target_is_top3,rolling_avg_diff_14d_zscore,0.5816098787427733,0.34236719533500953,60
2F_N,target_is_top3,rank_pct_std_14d,0.5756395408099778,0.408260009494636,60
2F_N,target_is_top3,rank_pct_trend_7vs28,0.5724895839759482,0.3080966340673065,60
2F_N,target_is_top3,prior_rank1_confidence,0.5716723610320144,0.28891546484042135,60
2F_N,target_is_top3,same_weekday_top5_rate,0.5440580166321403,0.391847017945551,60
2F_N,target_is_top3,rolling_avg_diff_7d,0.5418050789037997,0.25327427193365437,60
2F_N,target_is_top3,rolling_avg_efficiency_28d_zscore,0.531482233303455,0.5713326399125324,60
2F_N,target_is_top3,days_since_last_count_increase,0.5266242643723297,0.463356196576333,60
2F_N,target_is_top3,rolling_std_efficiency_7d,0.5140768629796088,0.3505252803049686,60
2F_N,target_is_top3,ewm_efficiency_7d_rank_pct,0.513508874380039,0.2293219536603649,60
2F_N,target_is_top3,rolling_avg_efficiency_14d_rank_pct,0.5103425463699969,0.30701387086943177,60
2F_N,target_is_top3,rolling_avg_efficiency_14d,0.5082033001641528,0.27283383980138565,60
2F_N,target_is_top3,rolling_avg_diff_14d_rank_pct,0.5047429959112634,0.29811774792802587,60
2F_N,target_is_top3,ewm_avg_diff_7d,0.5027456805689686,0.3772501554697273,60
2F_N,target_is_top3,prior_top5_confidence,0.49711937501733455,0.29914406830771123,60
2F_N,target_is_top3,same_weekday_avg_rank_pct,0.49453791885785303,0.29358127205627177,60
2F_N,target_is_top3,ewm_rank_30d,0.4918649745528226,0.2721579619077704,60
2F_N,target_is_top3,ewm_efficiency_7d_zscore,0.48924035900923424,0.27767589947151516,60
2F_N,target_is_top3,lag_14_total_games,0.48731839146381295,0.29551505897715286,60
2F_N,target_is_top3,month_progress,0.48493446556011066,0.26609613682654437,60
2F_N,target_is_top3,rolling_avg_diff_7d_vs_mean,0.48183958729090914,0.3418851346031741,60
2F_N,target_is_top3,rolling_avg_diff_28d,0.4686513757168646,0.303077663861975,60
2F_N,target_is_top3,lag_21_total_games,0.4552755086722274,0.3149323585971256,60
2F_N,target_is_top3,rolling_avg_diff_28d_vs_mean,0.4543711099309368,0.2845315211124936,60
2F_N,target_is_top3,rolling_avg_efficiency_7d_zscore,0.4539188835559075,0.3249379860130135,60
2F_N,target_is_top3,lag_1_avg_diff_coins_rank_pct,0.4459423744431881,0.239802186406961,60
2F_N,target_is_top3,diff_delta_1_vs_14,0.44124880975884306,0.2841759613036054,60
2F_N,target_is_top3,rolling_avg_diff_28d_zscore,0.438572870286312,0.2508751662051482,60
2F_N,target_is_top3,prior_top3_confidence,0.42604499115116723,0.22576243327083248,60
2F_N,target_is_top3,days_since_last_rank1,0.4233127192531343,0.3077300405599043,60
2F_N,target_is_top3,days_since_last_top2,0.4101304919250216,0.36356051673893275,60
2F_N,target_is_top3,ewm_avg_diff_21d_rank_pct,0.40917996226399367,0.27959012448523374,60
2F_N,target_is_top3,prior_rank1_rate,0.4076585260389944,0.29984841366551185,60
2F_N,target_is_top3,ewm_avg_diff_21d_vs_mean,0.4067656971841698,0.24139631019370578,60
2F_N,target_is_top3,rolling_avg_efficiency_28d_vs_mean,0.39221733036013967,0.24067078311044235,60
2F_N,target_is_top3,day_of_month,0.3873211887565855,0.19338225556621946,60
2F_N,target_is_top3,days_since_last_top5,0.3497553656765001,0.21514595192609157,60
2F_N,target_is_top3,rolling_avg_efficiency_28d,0.34684557935553373,0.17591481513116095,60
2F_N,target_is_top3,rolling_avg_diff_14d_vs_mean,0.3391677627203793,0.20418650904588742,60
2F_N,target_is_top3,ewm_efficiency_momentum_7v21,0.33564909030588136,0.2547309149925229,60
2F_N,target_is_top3,rolling_avg_efficiency_28d_rank_pct,0.31836674937685694,0.2034476063605935,60
2F_N,target_is_top3,days_since_last_top3,0.3178605756570942,0.3262285593796598,60
2F_N,target_is_top3,ewm_efficiency_21d,0.31782636534578035,0.2155067209763904,60
2F_N,target_is_top3,ewm_avg_diff_21d,0.30587345704085217,0.16898221689770657,60
2F_N,target_is_top3,weekday_segment_top1_rate,0.30278530649632757,0.23150307118995456,60
2F_N,target_is_top3,same_weekday_top2_rate,0.23519967465344868,0.24574904436448933,60
2F_N,target_is_top3,same_weekday_rank1_rate,0.21543886561982187,0.18013987081499797,60
2F_N,target_is_top3,days_since_last_count_decrease,0.2151406482033534,0.16378828406775414,60
2F_N,target_is_top3,event_group,0.21134561703480031,0.1832018971818369,60
2F_N,target_is_top3,hall_machine_type_count,0.21076282323549658,0.18742592537743974,60
2F_N,target_is_top3,days_since_first_seen_bin,0.1868359782164057,0.13758620421510084,60
2F_N,target_is_top3,same_weekday_top3_rate,0.16957100445296217,0.19179244606033427,60
2F_N,target_is_top3,is_event_day,0.1402388065793146,0.1535643950890744,60
2F_N,target_is_top3,is_month_end_event,0.1284875290671826,0.11451208523982172,60
2F_N,target_is_top3,count_delta_3d,0.10045390663386346,0.14674062043592168,60
2F_N,target_is_top3,is_thursday,0.09135884246809355,0.13602740207042083,60
2F_N,target_is_top3,count_delta_7d,0.06721202026072604,0.10028765534362179,60
2F_N,target_is_top3,count_delta_7d_bin,0.06285807856936496,0.09919756332623642,60
2F_N,target_is_top3,count_delta_14d,0.06078896492093515,0.06908679340094373,60
2F_N,target_is_top3,new_machine_flag_raw,0.04262263681332477,0.04194537038931961,60
2F_N,target_is_top3,count_delta_1d_bin,0.02881051122158866,0.01689750040860065,60
2F_N,target_is_top3,count_delta_1d,0.028184247489248405,0.016386752684573302,60
2F_N,target_is_top3,count_decrease_flag,0.0065623282957745326,0.009342432582789788,60
2F_N,target_is_top3,new_machine_flag_effective,0.0015495708445376368,0.007343923100266987,60
2F_N,target_is_top3,count_increase_flag,0.0011271506348146942,0.002534992934551123,60
2F_N,target_is_top3,atype_is_a,0.0,0.0,60
2F_N,target_is_top3,atype_is_n,0.0,0.0,60
2F_N,target_is_top3,bt_flag,0.0,0.0,60
2F_N,target_is_top3,floor_is_2f,0.0,0.0,60
2F_N,target_is_top3,floor_is_3f,0.0,0.0,60
2F_N,target_is_top3,hana_flag,0.0,0.0,60
2F_N,target_is_top3,is_a_type,0.0,0.0,60
2F_N,target_is_top3,is_left_censored,0.0,0.0,60
2F_N,target_is_top3,jug_flag,0.0,0.0,60
2F_N,target_is_top3,oki_flag,0.0,0.0,60
2F_N,target_is_top5,lag_21_avg_diff_coins,4.699021064627359,0.9489838057924881,60
2F_N,target_is_top5,day_of_week,3.107253043995802,0.5886478281967645,60
2F_N,target_is_top5,prior_top2_rate_smooth,2.0172257234678477,0.8190283711175279,60
2F_N,target_is_top5,lag_1_total_games,1.7045847131815965,0.6496448806555644,60
2F_N,target_is_top5,prior_segment_top1_rate,1.6749794590359322,0.5175942085896599,60
2F_N,target_is_top5,prior_top5_rate_smooth,1.4195514367062998,0.6271046940421383,60
2F_N,target_is_top5,lag_21_efficiency,1.4041304739596001,0.6974825009731412,60
2F_N,target_is_top5,hall_machine_type_count,1.344670120806186,0.4095683605714704,60
2F_N,target_is_top5,weekday_segment_top1_rate,1.3382540622131351,0.6666466784075268,60
2F_N,target_is_top5,ewm_rank_momentum_7v30,1.2905243511809774,0.4988933834538901,60
2F_N,target_is_top5,ewm_efficiency_7d_rank_pct,1.2539706652925762,0.5279030638387416,60
2F_N,target_is_top5,ewm_rank_7d,1.2461629958508287,0.5640925910311375,60
2F_N,target_is_top5,ewm_efficiency_7d,1.1564167384741184,0.7061244754023303,60
2F_N,target_is_top5,prior_top5_rate,1.124881594574036,0.4720289729077683,60
2F_N,target_is_top5,lag_7_avg_diff_coins_rank_pct,1.1195064236335108,0.5889123576234638,60
2F_N,target_is_top5,rank_pct_trend_7vs28,1.080305660144927,0.39311932254409754,60
2F_N,target_is_top5,lag_7_avg_diff_coins_zscore,1.070219208914749,0.6019502293828352,60
2F_N,target_is_top5,lag_1_efficiency,1.0643021591754482,0.5908240960196347,60
2F_N,target_is_top5,rank_pct_rolling_7d,1.0372893575541602,0.44497140657234036,60
2F_N,target_is_top5,lag_3_avg_diff_coins,1.0126887962410582,0.48488485945261983,60
2F_N,target_is_top5,lag_3_avg_diff_coins_vs_mean,1.0059559335824275,0.41831083482389747,60
2F_N,target_is_top5,hall_total_games_yesterday,0.9806470514149673,0.5584701439821925,60
2F_N,target_is_top5,lag_1_efficiency_vs_mean,0.9723591192799784,0.5347745988823341,60
2F_N,target_is_top5,rolling_avg_games_7d_vs_mean,0.9260563685845202,0.41954072316213004,60
2F_N,target_is_top5,ewm_avg_diff_21d_zscore,0.9209024863391195,0.3345305938420027,60
2F_N,target_is_top5,lag_1_efficiency_rank_pct,0.9157280016159363,0.42363633870429035,60
2F_N,target_is_top5,prior_avg_rank_pct,0.8999754113481967,0.4610458234732579,60
2F_N,target_is_top5,prior_top2_rate,0.8968852720224347,0.45502274281359134,60
2F_N,target_is_top5,rolling_avg_diff_7d_zscore,0.89372441620797,0.3701247094267593,60
2F_N,target_is_top5,same_weekday_top2_rate,0.8844270924973052,0.510588424538386,60
2F_N,target_is_top5,rank_pct_std_14d,0.8815398363413302,0.5109165712598344,60
2F_N,target_is_top5,rolling_avg_games_7d_rank_pct,0.8584297494980543,0.2945448557691415,60
2F_N,target_is_top5,rolling_avg_efficiency_7d_zscore,0.8348319246174655,0.31997305314653623,60
2F_N,target_is_top5,lag_7_avg_diff_coins,0.8337985066693994,0.32206741510838804,60
2F_N,target_is_top5,rolling_avg_games_28d,0.8337697249064698,0.3825039459967651,60
2F_N,target_is_top5,ewm_avg_diff_21d_rank_pct,0.8332068756246724,0.4166129957207145,60
2F_N,target_is_top5,rolling_std_diff_7d,0.8299071698213606,0.4524176740986305,60
2F_N,target_is_top5,rolling_avg_games_14d,0.8249754934154137,0.407274617571126,60
2F_N,target_is_top5,rolling_avg_games_14d_vs_mean,0.8027855553757798,0.3553572863450322,60
2F_N,target_is_top5,lag_7_avg_diff_coins_vs_mean,0.7925436246722621,0.32288579319107147,60
2F_N,target_is_top5,rolling_std_diff_14d,0.7760690501434291,0.43378068497934136,60
2F_N,target_is_top5,rolling_avg_efficiency_7d,0.7661217164805892,0.432562179440361,60
2F_N,target_is_top5,eff_delta_1_vs_14,0.755602533248949,0.3641694089919765,60
2F_N,target_is_top5,days_since_last_count_increase,0.7360309485646089,0.6483124297345653,60
2F_N,target_is_top5,rolling_avg_games_14d_zscore,0.7303125708763127,0.3160909860973646,60
2F_N,target_is_top5,rolling_avg_games_7d,0.7137676015534187,0.34623783277306974,60
2F_N,target_is_top5,ewm_avg_diff_21d,0.7111387220310047,0.29231320265846544,60
2F_N,target_is_top5,rolling_avg_efficiency_14d_zscore,0.7077541142282269,0.36916108215493615,60
2F_N,target_is_top5,days_since_first_seen_effective,0.7069367257632215,0.3518282219008364,60
2F_N,target_is_top5,ewm_efficiency_7d_vs_mean,0.7062602125363404,0.3698244148669879,60
2F_N,target_is_top5,rank_pct_rolling_28d,0.7043470453533033,0.307953752164709,60
2F_N,target_is_top5,ewm_avg_diff_7d_zscore,0.6994690292629558,0.3153113936500825,60
2F_N,target_is_top5,rolling_avg_efficiency_7d_rank_pct,0.6987343712361694,0.44866705661706047,60
2F_N,target_is_top5,lag_7_total_games,0.6977099691829545,0.4053059942514601,60
2F_N,target_is_top5,ewm_efficiency_7d_zscore,0.6907694116629269,0.3492539094097296,60
2F_N,target_is_top5,prior_top3_rate_smooth,0.6713512171498641,0.35033416124296307,60
2F_N,target_is_top5,ewm_efficiency_21d,0.6696398668863347,0.34259537039264504,60
2F_N,target_is_top5,machine_count,0.6685440863282224,0.3411302261281037,60
2F_N,target_is_top5,days_since_first_seen_raw,0.6683257707723207,0.31678527201540546,60
2F_N,target_is_top5,prior_top2_confidence,0.6604848465690815,0.3734157183460001,60
2F_N,target_is_top5,lag_14_avg_diff_coins_zscore,0.6604541931309673,0.3196699455344483,60
2F_N,target_is_top5,days_since_first_seen,0.6587049844623876,0.36365661333964666,60
2F_N,target_is_top5,rolling_avg_games_14d_rank_pct,0.6475775216661277,0.32377928092212466,60
2F_N,target_is_top5,rolling_avg_diff_7d,0.646424452584458,0.35590688393979747,60
2F_N,target_is_top5,ewm_avg_diff_21d_vs_mean,0.6446881212733225,0.41167695075235433,60
2F_N,target_is_top5,prior_rank1_confidence,0.6329668732561572,0.3440924301116262,60
2F_N,target_is_top5,ewm_diff_momentum_7v21,0.6291048135128214,0.34630706045799325,60
2F_N,target_is_top5,ewm_avg_diff_7d_rank_pct,0.6233884689558618,0.2984135658130331,60
2F_N,target_is_top5,hall_diff_spread_yesterday,0.6233214239909909,0.2805909421020045,60
2F_N,target_is_top5,rolling_std_efficiency_14d,0.623234146745834,0.30736996306915515,60
2F_N,target_is_top5,prior_top3_rate,0.6230699299876175,0.39991322275615976,60
2F_N,target_is_top5,lag_1_efficiency_zscore,0.615804497939487,0.36051486317440135,60
2F_N,target_is_top5,same_weekday_avg_rank_pct,0.6070468655678323,0.36159976317398324,60
2F_N,target_is_top5,rolling_avg_efficiency_14d_vs_mean,0.6068134905561886,0.37063677400201434,60
2F_N,target_is_top5,prior_top3_confidence,0.6062876222821729,0.40537936910582006,60
2F_N,target_is_top5,lag_21_total_games,0.593701554928851,0.3504880206398561,60
2F_N,target_is_top5,rolling_avg_efficiency_7d_vs_mean,0.5914842582676516,0.27798719425854757,60
2F_N,target_is_top5,prior_top5_confidence,0.581512726474527,0.35893179385988716,60
2F_N,target_is_top5,ewm_avg_diff_7d_vs_mean,0.5812339338749414,0.3927053874972327,60
2F_N,target_is_top5,same_weekday_rolling_rank_sum_3,0.5810253140771441,0.27913459647629807,60
2F_N,target_is_top5,rolling_avg_diff_14d_rank_pct,0.5807787977797222,0.42454278109363747,60
2F_N,target_is_top5,hall_avg_diff_yesterday,0.5798041982930721,0.3501118632607031,60
2F_N,target_is_top5,lag_14_avg_diff_coins_rank_pct,0.5756274513525742,0.31822848892432865,60
2F_N,target_is_top5,ewm_rank_30d,0.5641771497859662,0.26440243949536274,60
2F_N,target_is_top5,rolling_avg_diff_14d,0.5564175616453405,0.3791299710022828,60
2F_N,target_is_top5,month_progress,0.551340171255912,0.35547344804642117,60
2F_N,target_is_top5,rolling_avg_diff_28d,0.5478119542134363,0.2514400817760344,60
2F_N,target_is_top5,rolling_std_efficiency_7d,0.5435714533315055,0.28525378407173174,60
2F_N,target_is_top5,lag_3_avg_diff_coins_zscore,0.5398893431853983,0.28173380167834855,60
2F_N,target_is_top5,rolling_avg_diff_7d_rank_pct,0.5376222933343712,0.2957257665284051,60
2F_N,target_is_top5,rolling_avg_games_7d_zscore,0.5368119037414935,0.2879699618555325,60
2F_N,target_is_top5,prior_rank1_rate_smooth,0.5362517746748429,0.32342766915197374,60
2F_N,target_is_top5,lag_14_avg_diff_coins_vs_mean,0.5281558887626361,0.29268717082072926,60
2F_N,target_is_top5,rolling_avg_diff_14d_zscore,0.5226129760565444,0.30277967519731586,60
2F_N,target_is_top5,lag_14_avg_diff_coins,0.520380953692339,0.2740578177920272,60
2F_N,target_is_top5,days_since_last_top3,0.5183074791917474,0.306955244211636,60
2F_N,target_is_top5,rolling_avg_efficiency_14d,0.5174147715907869,0.2802690038334262,60
2F_N,target_is_top5,rolling_avg_diff_7d_vs_mean,0.5061995353850688,0.2631555719266865,60
2F_N,target_is_top5,lag_14_efficiency,0.5031306537932305,0.2857572671029655,60
2F_N,target_is_top5,lag_7_efficiency,0.49828214458881764,0.26340776005229644,60
2F_N,target_is_top5,hall_avg_efficiency_yesterday,0.4891957387576676,0.28327152606603595,60
2F_N,target_is_top5,same_weekday_top5_rate,0.4868458468553216,0.3069179430299367,60
2F_N,target_is_top5,rolling_avg_diff_28d_rank_pct,0.47443263050501805,0.23803608437189808,60
2F_N,target_is_top5,ewm_avg_diff_7d,0.46345242138877285,0.28697490188764546,60
2F_N,target_is_top5,lag_1_avg_diff_coins_vs_mean,0.45669275936549003,0.24441893828304107,60
2F_N,target_is_top5,lag_3_avg_diff_coins_rank_pct,0.4565066433397074,0.27343057501423224,60
2F_N,target_is_top5,ewm_efficiency_momentum_7v21,0.44566486270646993,0.2602866245431146,60
2F_N,target_is_top5,rolling_avg_efficiency_28d_vs_mean,0.44555691593043556,0.280174920023196,60
2F_N,target_is_top5,rolling_avg_diff_28d_zscore,0.44236112706493563,0.2216288881518452,60
2F_N,target_is_top5,rolling_avg_diff_28d_vs_mean,0.42406834950846645,0.2435637680702051,60
2F_N,target_is_top5,rolling_avg_diff_14d_vs_mean,0.4240331340611491,0.26429861704490076,60
2F_N,target_is_top5,diff_delta_1_vs_14,0.4232754343096381,0.24654719493658334,60
2F_N,target_is_top5,day_of_month,0.41675516512024957,0.23803689252836996,60
2F_N,target_is_top5,rolling_avg_efficiency_28d,0.413122807407543,0.24650136783286433,60
2F_N,target_is_top5,event_group,0.40512719166824485,0.27764629616682623,60
2F_N,target_is_top5,rolling_avg_efficiency_14d_rank_pct,0.4029358417684262,0.2572114597377151,60
2F_N,target_is_top5,eff_delta_1_vs_7,0.4026584937860894,0.23286600958244905,60
2F_N,target_is_top5,rolling_avg_efficiency_28d_zscore,0.3785702173279318,0.220790407676441,60
2F_N,target_is_top5,days_since_last_top5,0.3745954832566858,0.23590062339765314,60
2F_N,target_is_top5,same_weekday_rank1_rate,0.37165833799100073,0.23409201375968539,60
2F_N,target_is_top5,lag1_segment_rank_pct,0.3704388566175712,0.2951167646880629,60
2F_N,target_is_top5,prior_rank1_rate,0.3444908008395305,0.2445373212274338,60
2F_N,target_is_top5,days_since_last_rank1,0.3419442112786462,0.20579021970757072,60
2F_N,target_is_top5,lag_14_total_games,0.34060150796307004,0.22172208467614704,60
2F_N,target_is_top5,lag_1_avg_diff_coins,0.3398899489367959,0.23261652909757458,60
2F_N,target_is_top5,lag_1_avg_diff_coins_rank_pct,0.33953430152492436,0.2512723701075355,60
2F_N,target_is_top5,diff_delta_1_vs_7,0.3343092348045742,0.16805616956962227,60
2F_N,target_is_top5,days_since_last_top2,0.33375627144130604,0.24679747893801135,60
2F_N,target_is_top5,lag_1_avg_diff_coins_zscore,0.3310674724696407,0.20717806037646383,60
2F_N,target_is_top5,same_weekday_top3_rate,0.3105323567027783,0.20753601618437467,60
2F_N,target_is_top5,rolling_avg_efficiency_28d_rank_pct,0.27875268894778155,0.20841529214005336,60
2F_N,target_is_top5,count_delta_7d,0.2524344054287389,0.2664587347117792,60
2F_N,target_is_top5,days_since_last_count_decrease,0.24922216147394405,0.21637991627824654,60
2F_N,target_is_top5,days_since_first_seen_bin,0.21196063434157472,0.17256829748132108,60
2F_N,target_is_top5,count_delta_14d,0.19423850550076352,0.12296987239164214,60
2F_N,target_is_top5,is_event_day,0.17186272886925905,0.14659057980128093,60
2F_N,target_is_top5,count_delta_7d_bin,0.15563709421572802,0.14964191150168601,60
2F_N,target_is_top5,is_month_end_event,0.1349940614064415,0.1286565715053709,60
2F_N,target_is_top5,is_thursday,0.07995522891282794,0.10413873900604957,60
2F_N,target_is_top5,count_delta_3d,0.06753916623854878,0.08047445634388949,60
2F_N,target_is_top5,count_delta_1d,0.06100135918122989,0.028134026586955255,60
2F_N,target_is_top5,count_delta_1d_bin,0.05934978411688517,0.03436970180563687,60
2F_N,target_is_top5,count_decrease_flag,0.017138353706666755,0.01821534233347348,60
2F_N,target_is_top5,new_machine_flag_raw,0.010043560142031742,0.0146211664969783,60
2F_N,target_is_top5,count_increase_flag,0.0010519191593045536,0.003614691768016607,60
2F_N,target_is_top5,new_machine_flag_effective,0.0005528617745914174,0.004282448891494477,60
2F_N,target_is_top5,atype_is_a,0.0,0.0,60
2F_N,target_is_top5,atype_is_n,0.0,0.0,60
2F_N,target_is_top5,bt_flag,0.0,0.0,60
2F_N,target_is_top5,floor_is_2f,0.0,0.0,60
2F_N,target_is_top5,floor_is_3f,0.0,0.0,60
2F_N,target_is_top5,hana_flag,0.0,0.0,60
2F_N,target_is_top5,is_a_type,0.0,0.0,60
2F_N,target_is_top5,is_left_censored,0.0,0.0,60
2F_N,target_is_top5,jug_flag,0.0,0.0,60
2F_N,target_is_top5,oki_flag,0.0,0.0,60
3F_A,target_is_top3,ewm_avg_diff_21d_rank_pct,2.5582391788148424,1.4327811650354116,60
3F_A,target_is_top3,same_weekday_avg_rank_pct,2.2620911021071164,0.8738192743532223,60
3F_A,target_is_top3,lag_1_avg_diff_coins,2.096923315255563,0.6693032445242634,60
3F_A,target_is_top3,hall_avg_efficiency_yesterday,2.09628085061434,0.6277390349941228,60
3F_A,target_is_top3,rank_pct_rolling_7d,1.848684836356052,0.7237747671440032,60
3F_A,target_is_top3,lag_21_avg_diff_coins,1.6696607467627864,1.1989091557960252,60
3F_A,target_is_top3,hall_avg_diff_yesterday,1.624361662441922,0.6227814436895311,60
3F_A,target_is_top3,lag_3_avg_diff_coins_zscore,1.62113099382726,0.5682863569102022,60
3F_A,target_is_top3,hall_diff_spread_yesterday,1.608730862629422,0.8716964070526293,60
3F_A,target_is_top3,lag_7_total_games,1.5647036552629847,1.0316433697335206,60
3F_A,target_is_top3,rolling_avg_games_7d,1.5282044569081512,0.8496535311577028,60
3F_A,target_is_top3,lag_3_avg_diff_coins,1.383066232941306,0.6494496746652284,60
3F_A,target_is_top3,lag_7_avg_diff_coins_zscore,1.324991190834363,0.6577544883437063,60
3F_A,target_is_top3,lag_1_total_games,1.2681258691965462,0.6547300313638953,60
3F_A,target_is_top3,rolling_avg_diff_14d_vs_mean,1.2402263038050232,0.7706238114226581,60
3F_A,target_is_top3,lag_1_efficiency,1.2154767828641821,0.4776127052404907,60
3F_A,target_is_top3,rank_pct_std_14d,1.208718966488363,0.8610084196977988,60
3F_A,target_is_top3,weekday_segment_top1_rate,1.196998929107533,0.3208453323539048,60
3F_A,target_is_top3,rolling_avg_diff_28d,1.1935616371537003,0.755614773688979,60
3F_A,target_is_top3,lag_1_efficiency_rank_pct,1.1935415222485333,0.5013336905307795,60
3F_A,target_is_top3,lag_3_avg_diff_coins_rank_pct,1.1793205960220938,0.8383133538525767,60
3F_A,target_is_top3,rolling_avg_games_14d_zscore,1.1668890025469538,0.5267962823071138,60
3F_A,target_is_top3,rank_pct_trend_7vs28,1.1657256566864858,0.5488814590234533,60
3F_A,target_is_top3,lag_1_avg_diff_coins_vs_mean,1.1097849939179716,0.4592888188263679,60
3F_A,target_is_top3,ewm_rank_7d,1.0963322037169454,0.5391543089204516,60
3F_A,target_is_top3,rolling_avg_diff_28d_zscore,1.0663705976652456,0.4847705420755787,60
3F_A,target_is_top3,rolling_avg_diff_28d_rank_pct,1.0549918995896073,0.5618914487938608,60
3F_A,target_is_top3,eff_delta_1_vs_7,1.0488198359500416,0.4950902667369196,60
3F_A,target_is_top3,lag_3_avg_diff_coins_vs_mean,1.0081718831751536,0.5710005640512357,60
3F_A,target_is_top3,rolling_avg_diff_14d,0.9828339007932876,0.6482886460501572,60
3F_A,target_is_top3,ewm_rank_momentum_7v30,0.9776390124312577,0.5129047502824675,60
3F_A,target_is_top3,lag_1_efficiency_zscore,0.971831105220735,0.49574388805564173,60
3F_A,target_is_top3,lag_14_avg_diff_coins_rank_pct,0.958443328242078,0.5261461303394259,60
3F_A,target_is_top3,rolling_avg_efficiency_7d_vs_mean,0.9570990890336935,0.48384598830837233,60
3F_A,target_is_top3,rolling_avg_games_7d_vs_mean,0.9496041964052794,0.3967417652395994,60
3F_A,target_is_top3,rolling_avg_efficiency_28d_rank_pct,0.9140991193380655,0.46601728390556335,60
3F_A,target_is_top3,lag_1_avg_diff_coins_rank_pct,0.9014842502394934,0.3537659380294339,60
3F_A,target_is_top3,lag_14_efficiency,0.8939795641525811,0.3553276191418361,60
3F_A,target_is_top3,lag_21_efficiency,0.879946938051283,0.45092475505134877,60
3F_A,target_is_top3,ewm_avg_diff_21d,0.8517698416431152,0.5034176819862884,60
3F_A,target_is_top3,rank_pct_rolling_28d,0.8472316479591588,0.519463538336638,60
3F_A,target_is_top3,diff_delta_1_vs_14,0.8470016489347991,0.505745080819741,60
3F_A,target_is_top3,lag_1_efficiency_vs_mean,0.8468527712964632,0.37740869158772483,60
3F_A,target_is_top3,hall_total_games_yesterday,0.8431554288175637,0.4791802055311382,60
3F_A,target_is_top3,prior_top5_rate_smooth,0.8420280698242775,0.36722923872048874,60
3F_A,target_is_top3,days_since_last_top3,0.8363562966818033,0.2729857142543842,60
3F_A,target_is_top3,rolling_avg_efficiency_7d_rank_pct,0.8289481530945875,0.4392159793073023,60
3F_A,target_is_top3,lag_21_total_games,0.8263347438354179,0.3154577774656829,60
3F_A,target_is_top3,lag_1_avg_diff_coins_zscore,0.8140487756244581,0.3503732904247303,60
3F_A,target_is_top3,rolling_avg_games_7d_zscore,0.7871825573364913,0.36224098705951524,60
3F_A,target_is_top3,rolling_avg_efficiency_28d,0.7857082913925536,0.41507159262204235,60
3F_A,target_is_top3,same_weekday_rolling_rank_sum_3,0.7738133418999864,0.4391881904258022,60
3F_A,target_is_top3,rolling_avg_games_7d_rank_pct,0.7693770511387859,0.48094625415649506,60
3F_A,target_is_top3,rolling_avg_diff_14d_zscore,0.7565296943396925,0.3688885851213718,60
3F_A,target_is_top3,ewm_avg_diff_7d,0.7484564121230929,0.4301561326156754,60
3F_A,target_is_top3,lag_14_avg_diff_coins_zscore,0.742744904768898,0.4744273840158905,60
3F_A,target_is_top3,lag_14_avg_diff_coins,0.7370532015692743,0.3637254489326325,60
3F_A,target_is_top3,rolling_avg_diff_14d_rank_pct,0.7367043604933008,0.392394346562645,60
3F_A,target_is_top3,rolling_avg_diff_7d_zscore,0.7318098741315904,0.4378570842521934,60
3F_A,target_is_top3,day_of_month,0.726784240977014,0.42259369639039224,60
3F_A,target_is_top3,lag_7_avg_diff_coins_vs_mean,0.7239448082139629,0.3886117442939252,60
3F_A,target_is_top3,rolling_avg_efficiency_28d_vs_mean,0.7050332837305233,0.4755156303904888,60
3F_A,target_is_top3,rolling_avg_games_14d_vs_mean,0.7023042985483258,0.5984655440910108,60
3F_A,target_is_top3,days_since_last_count_increase,0.6989086328674918,0.43024558669538415,60
3F_A,target_is_top3,rolling_avg_efficiency_14d_vs_mean,0.691706313488552,0.4116704773389748,60
3F_A,target_is_top3,ewm_diff_momentum_7v21,0.682209764349629,0.3577418731881791,60
3F_A,target_is_top3,rolling_avg_efficiency_28d_zscore,0.6546249115345382,0.49904179830792395,60
3F_A,target_is_top3,lag_14_total_games,0.6521509625960922,0.452071393724996,60
3F_A,target_is_top3,ewm_avg_diff_7d_zscore,0.6453750656370538,0.3581894762746696,60
3F_A,target_is_top3,lag_7_avg_diff_coins,0.6443825758503208,0.37032947175138486,60
3F_A,target_is_top3,ewm_avg_diff_21d_vs_mean,0.6409670287394361,0.38458838587749977,60
3F_A,target_is_top3,rolling_avg_games_14d_rank_pct,0.6368773979314764,0.29895907084234824,60
3F_A,target_is_top3,lag_14_avg_diff_coins_vs_mean,0.6365792578758215,0.41964616650380193,60
3F_A,target_is_top3,rolling_avg_efficiency_14d_zscore,0.6261639208551878,0.4069343602071379,60
3F_A,target_is_top3,rolling_avg_diff_7d_vs_mean,0.6240068777182205,0.42113973863332793,60
3F_A,target_is_top3,rolling_avg_diff_7d,0.619801062972427,0.4346569541100268,60
3F_A,target_is_top3,rolling_avg_efficiency_7d,0.615262870436624,0.3507625263820177,60
3F_A,target_is_top3,ewm_efficiency_momentum_7v21,0.6127234222916754,0.3520897435161966,60
3F_A,target_is_top3,rolling_avg_diff_28d_vs_mean,0.6108783051254503,0.4344086017411649,60
3F_A,target_is_top3,ewm_rank_30d,0.6060615245827413,0.3119462405639102,60
3F_A,target_is_top3,rolling_std_diff_7d,0.5973351117002441,0.3429090683553777,60
3F_A,target_is_top3,lag_7_avg_diff_coins_rank_pct,0.5930541651675705,0.32893663863655026,60
3F_A,target_is_top3,lag1_segment_rank_pct,0.5730571503886984,0.5232651647379262,60
3F_A,target_is_top3,diff_delta_1_vs_7,0.5651766282435433,0.30071329037870953,60
3F_A,target_is_top3,eff_delta_1_vs_14,0.5643744357272502,0.3637454270118602,60
3F_A,target_is_top3,ewm_avg_diff_7d_rank_pct,0.5598884845722021,0.2928616531956947,60
3F_A,target_is_top3,rolling_avg_games_28d,0.5595533573418906,0.28429131934208635,60
3F_A,target_is_top3,prior_top3_rate_smooth,0.5403009184566909,0.5590047569777994,60
3F_A,target_is_top3,prior_top2_rate_smooth,0.5207212646512499,0.3051510120296261,60
3F_A,target_is_top3,rolling_avg_diff_7d_rank_pct,0.5170309307610933,0.3610987436967708,60
3F_A,target_is_top3,lag_7_efficiency,0.5057748143304229,0.31664714221803497,60
3F_A,target_is_top3,rolling_std_diff_14d,0.5007791206341737,0.29418978034608695,60
3F_A,target_is_top3,ewm_avg_diff_7d_vs_mean,0.4644468695821251,0.34901332873979357,60
3F_A,target_is_top3,prior_top3_rate,0.452205536821008,0.3653973227066539,60
3F_A,target_is_top3,ewm_avg_diff_21d_zscore,0.4399255598259129,0.40812642399276294,60
3F_A,target_is_top3,ewm_efficiency_7d_rank_pct,0.4283660130413718,0.299604618547574,60
3F_A,target_is_top3,rolling_avg_games_14d,0.4250831778197353,0.3291477061861626,60
3F_A,target_is_top3,prior_top3_confidence,0.42200486158398515,0.18181861712980893,60
3F_A,target_is_top3,prior_avg_rank_pct,0.4219638053994493,0.24626008373610928,60
3F_A,target_is_top3,rolling_avg_efficiency_14d_rank_pct,0.42173340682255134,0.43083045728676367,60
3F_A,target_is_top3,ewm_efficiency_7d,0.4209623368740129,0.23690766852229386,60
3F_A,target_is_top3,ewm_efficiency_21d,0.4204943552491552,0.27505875945724506,60
3F_A,target_is_top3,prior_top5_confidence,0.40978650780151166,0.30059336671140524,60
3F_A,target_is_top3,days_since_first_seen_raw,0.40939560379159734,0.2850619957541234,60
3F_A,target_is_top3,rolling_avg_efficiency_14d,0.4068724229174924,0.2996120620420799,60
3F_A,target_is_top3,prior_rank1_confidence,0.39689738207014175,0.2412603013435268,60
3F_A,target_is_top3,days_since_first_seen,0.39404003125766074,0.20343604368732582,60
3F_A,target_is_top3,month_progress,0.38784590980199296,0.27284114842158264,60
3F_A,target_is_top3,day_of_week,0.3856313834279847,0.25116038653686606,60
3F_A,target_is_top3,rolling_std_efficiency_14d,0.3793719316486811,0.23170012521182926,60
3F_A,target_is_top3,prior_top2_confidence,0.3783098798726888,0.2775280685239645,60
3F_A,target_is_top3,prior_rank1_rate_smooth,0.36478457561815997,0.3099490038004496,60
3F_A,target_is_top3,rolling_std_efficiency_7d,0.35022817355165825,0.30192737571248696,60
3F_A,target_is_top3,rolling_avg_efficiency_7d_zscore,0.31571318253889097,0.21493645467409384,60
3F_A,target_is_top3,machine_count,0.31067377694352555,0.20200658889098033,60
3F_A,target_is_top3,days_since_first_seen_effective,0.2959439364437257,0.22740321228301186,60
3F_A,target_is_top3,ewm_efficiency_7d_zscore,0.29018320120424523,0.3469383770217155,60
3F_A,target_is_top3,count_delta_14d,0.26604965064761216,0.17666521139527347,60
3F_A,target_is_top3,prior_segment_top1_rate,0.26346383273806606,0.23845762313756022,60
3F_A,target_is_top3,event_group,0.25190231626504667,0.28931220658003864,60
3F_A,target_is_top3,ewm_efficiency_7d_vs_mean,0.24092094067898964,0.18253424729731263,60
3F_A,target_is_top3,hall_machine_type_count,0.23471548280457985,0.1891597332205097,60
3F_A,target_is_top3,count_delta_7d_bin,0.2157235358533456,0.2051575967728931,60
3F_A,target_is_top3,days_since_last_top5,0.21497617528503252,0.24457652041634156,60
3F_A,target_is_top3,is_event_day,0.16771630856354042,0.21243565068000317,60
3F_A,target_is_top3,days_since_first_seen_bin,0.15108981055911505,0.1744303534896333,60
3F_A,target_is_top3,count_delta_7d,0.149398244682854,0.1428565079931379,60
3F_A,target_is_top3,same_weekday_top3_rate,0.1303854241203036,0.05704844020528014,60
3F_A,target_is_top3,prior_top5_rate,0.12971290030656407,0.17844793188083122,60
3F_A,target_is_top3,is_month_end_event,0.12317030335807697,0.11413142149835244,60
3F_A,target_is_top3,jug_flag,0.11376678523542406,0.1109561405574739,60
3F_A,target_is_top3,same_weekday_top5_rate,0.08832946420996406,0.06736792399317477,60
3F_A,target_is_top3,count_delta_1d,0.05587809743260315,0.03876867655153612,60
3F_A,target_is_top3,count_delta_1d_bin,0.03204862547272389,0.029202157810660646,60
3F_A,target_is_top3,count_delta_3d,0.03013272202251684,0.04235270282008951,60
3F_A,target_is_top3,is_thursday,0.02706257700971145,0.07544173358225761,60
3F_A,target_is_top3,hana_flag,0.01202865830568091,0.047077525257111806,60
3F_A,target_is_top3,bt_flag,0.010348716383328202,0.037379544423303344,60
3F_A,target_is_top3,count_increase_flag,0.0035101366764170357,0.015089459323594826,60
3F_A,target_is_top3,new_machine_flag_effective,0.0008192254780912213,0.0032623923893475644,60
3F_A,target_is_top3,atype_is_a,0.0,0.0,60
3F_A,target_is_top3,atype_is_n,0.0,0.0,60
3F_A,target_is_top3,count_decrease_flag,0.0,0.0,60
3F_A,target_is_top3,days_since_last_count_decrease,0.0,0.0,60
3F_A,target_is_top3,days_since_last_rank1,0.0,0.0,60
3F_A,target_is_top3,days_since_last_top2,0.0,0.0,60
3F_A,target_is_top3,floor_is_2f,0.0,0.0,60
3F_A,target_is_top3,floor_is_3f,0.0,0.0,60
3F_A,target_is_top3,is_a_type,0.0,0.0,60
3F_A,target_is_top3,is_left_censored,0.0,0.0,60
3F_A,target_is_top3,new_machine_flag_raw,0.0,0.0,60
3F_A,target_is_top3,oki_flag,0.0,0.0,60
3F_A,target_is_top3,prior_rank1_rate,0.0,0.0,60
3F_A,target_is_top3,prior_top2_rate,0.0,0.0,60
3F_A,target_is_top3,same_weekday_rank1_rate,0.0,0.0,60
3F_A,target_is_top3,same_weekday_top2_rate,0.0,0.0,60
3F_A,target_is_top5,lag_3_avg_diff_coins_vs_mean,2.827678594688442,0.7399377776620037,60
3F_A,target_is_top5,rolling_avg_efficiency_7d_rank_pct,2.511668706658346,1.1287819440160995,60
3F_A,target_is_top5,same_weekday_avg_rank_pct,2.359558363341278,0.8946291084329288,60
3F_A,target_is_top5,lag_3_avg_diff_coins_zscore,2.1982462531894678,0.6909559163572685,60
3F_A,target_is_top5,rank_pct_rolling_7d,2.0077482658263324,0.529498816433036,60
3F_A,target_is_top5,lag_3_avg_diff_coins_rank_pct,1.9863768972425548,0.5390734584361444,60
3F_A,target_is_top5,lag_21_total_games,1.8306186088378407,0.40694416022413876,60
3F_A,target_is_top5,hall_avg_efficiency_yesterday,1.6853562394992423,0.5350497624169901,60
3F_A,target_is_top5,rolling_avg_efficiency_28d_zscore,1.6644319499938591,0.8809358736342933,60
3F_A,target_is_top5,lag_7_avg_diff_coins_zscore,1.5424770869527202,0.520897758592875,60
3F_A,target_is_top5,lag_7_avg_diff_coins_vs_mean,1.4660189773104797,0.6726680216731875,60
3F_A,target_is_top5,rolling_avg_games_7d,1.4658464429508054,0.5496374547165196,60
3F_A,target_is_top5,rank_pct_trend_7vs28,1.4591838026162327,0.4712958373971061,60
3F_A,target_is_top5,lag_14_avg_diff_coins_vs_mean,1.4586162162686844,0.6136598574141368,60
3F_A,target_is_top5,lag_3_avg_diff_coins,1.355566423145411,0.8564559604490198,60
3F_A,target_is_top5,hall_diff_spread_yesterday,1.3467703246716705,0.5137240305329617,60
3F_A,target_is_top5,rolling_avg_games_7d_rank_pct,1.289109913615712,0.45407538271716363,60
3F_A,target_is_top5,rolling_avg_diff_28d_vs_mean,1.2390667360770078,0.42489083414266116,60
3F_A,target_is_top5,hall_total_games_yesterday,1.2046278258552359,0.47312654360929585,60
3F_A,target_is_top5,lag_1_avg_diff_coins_vs_mean,1.169303249674965,0.9153794040981714,60
3F_A,target_is_top5,lag_1_efficiency_vs_mean,1.1639423435288307,0.45739907583419714,60
3F_A,target_is_top5,lag_7_avg_diff_coins_rank_pct,1.142031281081139,0.48181686307574795,60
3F_A,target_is_top5,rolling_avg_efficiency_28d,1.1174951708908643,0.6779573105772979,60
3F_A,target_is_top5,same_weekday_rolling_rank_sum_3,1.113661414966583,0.5262370700444708,60
3F_A,target_is_top5,hall_avg_diff_yesterday,1.1076620269603454,0.47352548944691497,60
3F_A,target_is_top5,rolling_avg_games_7d_vs_mean,1.0990366710882233,0.3911483497908128,60
3F_A,target_is_top5,rolling_avg_games_14d_rank_pct,1.0872223614155436,0.47006738361928485,60
3F_A,target_is_top5,lag_14_efficiency,1.0762130044938973,0.41131615457467086,60
3F_A,target_is_top5,lag_7_avg_diff_coins,1.0737904697472884,0.5530830842814195,60
3F_A,target_is_top5,days_since_last_count_increase,1.0705674284499929,0.6654323688007123,60
3F_A,target_is_top5,rolling_avg_diff_28d,0.9685708909298679,0.5215352258725142,60
3F_A,target_is_top5,rolling_avg_diff_14d_zscore,0.9413988889145046,0.41153186292933625,60
3F_A,target_is_top5,rolling_std_efficiency_14d,0.9310859993361743,0.44824977584769216,60
3F_A,target_is_top5,rolling_avg_diff_28d_zscore,0.8904132401925154,0.49225672247715213,60
3F_A,target_is_top5,lag_1_efficiency_zscore,0.8676118133279076,0.41530830496782484,60
3F_A,target_is_top5,rolling_avg_efficiency_14d_vs_mean,0.8554320084226312,0.358902674576238,60
3F_A,target_is_top5,rolling_avg_diff_7d_vs_mean,0.8527993045501622,0.4806021553717711,60
3F_A,target_is_top5,rolling_avg_efficiency_14d_zscore,0.8315162622346969,0.4265403040261584,60
3F_A,target_is_top5,rolling_avg_efficiency_28d_rank_pct,0.8265114526512711,0.35733115376692276,60
3F_A,target_is_top5,lag_1_efficiency_rank_pct,0.825127440431132,0.3610343400861789,60
3F_A,target_is_top5,rolling_avg_efficiency_28d_vs_mean,0.8229853398860868,0.4664458896125836,60
3F_A,target_is_top5,rolling_avg_diff_7d_zscore,0.8055920054848195,0.4041309036797181,60
3F_A,target_is_top5,ewm_rank_7d,0.8045068007452454,0.29295048052771416,60
3F_A,target_is_top5,prior_segment_top1_rate,0.8037507289222139,0.3727316604068849,60
3F_A,target_is_top5,lag_14_avg_diff_coins_zscore,0.8014709201584977,0.317097336545973,60
3F_A,target_is_top5,rolling_avg_efficiency_14d_rank_pct,0.7927806339946583,0.5696666191101101,60
3F_A,target_is_top5,ewm_avg_diff_7d,0.7724395086457656,0.38704378402117845,60
3F_A,target_is_top5,weekday_segment_top1_rate,0.7705194453813565,0.4127533182343923,60
3F_A,target_is_top5,rolling_avg_games_7d_zscore,0.7564676510391052,0.40502317496729673,60
3F_A,target_is_top5,lag_1_avg_diff_coins_zscore,0.746948430792222,0.481680789110785,60
3F_A,target_is_top5,eff_delta_1_vs_14,0.7327123075527361,0.4230365292556306,60
3F_A,target_is_top5,eff_delta_1_vs_7,0.7201180962567023,0.4131791497840383,60
3F_A,target_is_top5,rolling_avg_diff_14d_vs_mean,0.7079839967064228,0.3384072650275856,60
3F_A,target_is_top5,lag_14_avg_diff_coins_rank_pct,0.695864458748798,0.3614805905564555,60
3F_A,target_is_top5,lag_14_avg_diff_coins,0.6921762807025887,0.41520167953729176,60
3F_A,target_is_top5,rolling_avg_efficiency_7d_vs_mean,0.6789743661702373,0.3213153573546684,60
3F_A,target_is_top5,rolling_avg_games_28d,0.6760671075586466,0.3529748382425489,60
3F_A,target_is_top5,ewm_avg_diff_7d_zscore,0.6740083273451948,0.48449435231174925,60
3F_A,target_is_top5,rolling_avg_diff_7d,0.6610165291874527,0.35639448534204626,60
3F_A,target_is_top5,rolling_avg_games_14d_zscore,0.6606346367301854,0.35231622498031384,60
3F_A,target_is_top5,rank_pct_rolling_28d,0.6506508508248247,0.34826422025150444,60
3F_A,target_is_top5,prior_top2_rate_smooth,0.6497096006696432,0.34096526488059864,60
3F_A,target_is_top5,lag_21_efficiency,0.6477447293354165,0.37437212554548055,60
3F_A,target_is_top5,days_since_first_seen_raw,0.6234489708640948,0.374848205980611,60
3F_A,target_is_top5,ewm_rank_momentum_7v30,0.6223086322610807,0.3712437468165246,60
3F_A,target_is_top5,month_progress,0.6185790857133857,0.3273812185653312,60
3F_A,target_is_top5,lag_1_efficiency,0.6169001145400801,0.3133962746842618,60
3F_A,target_is_top5,prior_top2_confidence,0.6168341225490208,0.27217695325031077,60
3F_A,target_is_top5,diff_delta_1_vs_14,0.6156494039268462,0.3300552029257092,60
3F_A,target_is_top5,ewm_efficiency_7d,0.6153267788638266,0.33754082559974097,60
3F_A,target_is_top5,lag_14_total_games,0.6130816201698888,0.3560421436483975,60
3F_A,target_is_top5,rolling_avg_efficiency_7d,0.6126128181685017,0.34759466678648443,60
3F_A,target_is_top5,rank_pct_std_14d,0.6012651441175002,0.32024020976379997,60
3F_A,target_is_top5,rolling_avg_diff_7d_rank_pct,0.5870673427509537,0.365068291385556,60
3F_A,target_is_top5,rolling_avg_games_14d_vs_mean,0.5856056705565597,0.3190795452596245,60
3F_A,target_is_top5,ewm_efficiency_7d_rank_pct,0.5824358465527748,0.37319325907376194,60
3F_A,target_is_top5,rolling_avg_games_14d,0.5805948442132706,0.3153383637795383,60
3F_A,target_is_top5,lag_1_total_games,0.5741653809071843,0.32731154379920574,60
3F_A,target_is_top5,rolling_avg_diff_28d_rank_pct,0.572868283054275,0.29481856780683857,60
3F_A,target_is_top5,prior_top3_confidence,0.5724261513442465,0.3289226236820498,60
3F_A,target_is_top5,prior_top5_confidence,0.5683360318770032,0.2996692169962407,60
3F_A,target_is_top5,rolling_std_diff_14d,0.5649965458542027,0.30880823909921457,60
3F_A,target_is_top5,days_since_last_top3,0.5531689394647069,0.29128819801092337,60
3F_A,target_is_top5,ewm_efficiency_momentum_7v21,0.5420834120652389,0.2927550331558912,60
3F_A,target_is_top5,rolling_avg_efficiency_14d,0.5338251473142609,0.26009980716601117,60
3F_A,target_is_top5,ewm_avg_diff_21d,0.5246726769969393,0.2711158735007474,60
3F_A,target_is_top5,lag_21_avg_diff_coins,0.5149351306328624,0.32547813664941866,60
3F_A,target_is_top5,days_since_first_seen_effective,0.5123878552293939,0.2615425568055654,60
3F_A,target_is_top5,lag_7_efficiency,0.5108876776065743,0.31579535393316416,60
3F_A,target_is_top5,diff_delta_1_vs_7,0.5087909567681311,0.349162760454754,60
3F_A,target_is_top5,rolling_avg_diff_14d,0.5052294210805176,0.343861704142115,60
3F_A,target_is_top5,lag_1_avg_diff_coins,0.5002469832662212,0.25391541249047767,60
3F_A,target_is_top5,prior_rank1_rate_smooth,0.4987817687923507,0.3062905324790061,60
3F_A,target_is_top5,prior_avg_rank_pct,0.47913163747761744,0.24864028181462272,60
3F_A,target_is_top5,lag_1_avg_diff_coins_rank_pct,0.4783586388310446,0.30868121623790656,60
3F_A,target_is_top5,day_of_month,0.4756254479786671,0.2527485498527929,60
3F_A,target_is_top5,day_of_week,0.4727914062787408,0.41586376680122333,60
3F_A,target_is_top5,rolling_avg_efficiency_7d_zscore,0.45950619029576983,0.2990168397226345,60
3F_A,target_is_top5,prior_top5_rate_smooth,0.45485972250861034,0.21470021074472873,60
3F_A,target_is_top5,rolling_std_efficiency_7d,0.4506749494765107,0.23038948035921455,60
3F_A,target_is_top5,ewm_avg_diff_7d_rank_pct,0.44981071099075454,0.2934530870676972,60
3F_A,target_is_top5,ewm_efficiency_7d_vs_mean,0.44749254418549217,0.24581117624759902,60
3F_A,target_is_top5,prior_rank1_confidence,0.4380984293530589,0.2880116354412206,60
3F_A,target_is_top5,ewm_rank_30d,0.4346319540757184,0.2671280049933049,60
3F_A,target_is_top5,prior_top3_rate_smooth,0.4259989651478843,0.2352637101428953,60
3F_A,target_is_top5,rolling_std_diff_7d,0.4011851786956157,0.20403101804843,60
3F_A,target_is_top5,prior_top3_rate,0.3967099022169244,0.3102587858442811,60
3F_A,target_is_top5,ewm_efficiency_7d_zscore,0.3843460421913265,0.19445968660904575,60
3F_A,target_is_top5,ewm_efficiency_21d,0.38338676497511215,0.2574914429902428,60
3F_A,target_is_top5,rolling_avg_diff_14d_rank_pct,0.38223402489074293,0.25168329200625816,60
3F_A,target_is_top5,lag_7_total_games,0.3723409969812045,0.2505258498143191,60
3F_A,target_is_top5,days_since_first_seen,0.3574764312503328,0.20547667895397115,60
3F_A,target_is_top5,ewm_avg_diff_21d_vs_mean,0.3552259520356806,0.2360576385809277,60
3F_A,target_is_top5,ewm_avg_diff_7d_vs_mean,0.31273571488194823,0.21566040661852529,60
3F_A,target_is_top5,ewm_avg_diff_21d_rank_pct,0.29810956972375297,0.1951661346897302,60
3F_A,target_is_top5,ewm_avg_diff_21d_zscore,0.2817669466402685,0.18442457498493264,60
3F_A,target_is_top5,event_group,0.26840396800763106,0.22368424065819725,60
3F_A,target_is_top5,lag1_segment_rank_pct,0.26685581115466944,0.24604011179183313,60
3F_A,target_is_top5,ewm_diff_momentum_7v21,0.24690931228426757,0.19256686711457977,60
3F_A,target_is_top5,is_event_day,0.22970719776191972,0.2449842633377156,60
3F_A,target_is_top5,count_delta_14d,0.20810396007942997,0.16376003498387026,60
3F_A,target_is_top5,days_since_first_seen_bin,0.20178166094024244,0.13684349194443923,60
3F_A,target_is_top5,count_delta_1d,0.1793834366239426,0.08152550242943066,60
3F_A,target_is_top5,machine_count,0.1762112249844322,0.17710825551131493,60
3F_A,target_is_top5,prior_top5_rate,0.17278184098610305,0.17084511724586612,60
3F_A,target_is_top5,hall_machine_type_count,0.1536958712393649,0.173306683779841,60
3F_A,target_is_top5,days_since_last_top5,0.13993932302562356,0.14429528965682517,60
3F_A,target_is_top5,count_delta_1d_bin,0.12568918947598773,0.057114538628595446,60
3F_A,target_is_top5,count_delta_7d_bin,0.12327617963628683,0.14814030411892506,60
3F_A,target_is_top5,same_weekday_top5_rate,0.1069690032536144,0.08438590493682904,60
3F_A,target_is_top5,same_weekday_top3_rate,0.10476101615639384,0.06595064101069292,60
3F_A,target_is_top5,count_delta_7d,0.08201141627077266,0.12392580370278743,60
3F_A,target_is_top5,count_delta_3d,0.039392462107254854,0.04562439007808744,60
3F_A,target_is_top5,jug_flag,0.02884537201766235,0.049635030068296546,60
3F_A,target_is_top5,new_machine_flag_effective,0.017875485829822953,0.02085875969600242,60
3F_A,target_is_top5,is_thursday,0.017238690378456562,0.04047721127162746,60
3F_A,target_is_top5,hana_flag,0.010143614705725083,0.03953682637498077,60
3F_A,target_is_top5,is_month_end_event,0.009183688632049226,0.0200447404505234,60
3F_A,target_is_top5,count_increase_flag,0.008721297865949348,0.015348433077978965,60
3F_A,target_is_top5,new_machine_flag_raw,0.0027411347860388366,0.006676212510159165,60
3F_A,target_is_top5,bt_flag,0.0018838583430141641,0.011158293061961215,60
3F_A,target_is_top5,atype_is_a,0.0,0.0,60
3F_A,target_is_top5,atype_is_n,0.0,0.0,60
3F_A,target_is_top5,count_decrease_flag,0.0,0.0,60
3F_A,target_is_top5,days_since_last_count_decrease,0.0,0.0,60
3F_A,target_is_top5,days_since_last_rank1,0.0,0.0,60
3F_A,target_is_top5,days_since_last_top2,0.0,0.0,60
3F_A,target_is_top5,floor_is_2f,0.0,0.0,60
3F_A,target_is_top5,floor_is_3f,0.0,0.0,60
3F_A,target_is_top5,is_a_type,0.0,0.0,60
3F_A,target_is_top5,is_left_censored,0.0,0.0,60
3F_A,target_is_top5,oki_flag,0.0,0.0,60
3F_A,target_is_top5,prior_rank1_rate,0.0,0.0,60
3F_A,target_is_top5,prior_top2_rate,0.0,0.0,60
3F_A,target_is_top5,same_weekday_rank1_rate,0.0,0.0,60
3F_A,target_is_top5,same_weekday_top2_rate,0.0,0.0,60
3F_N,target_is_top3,ewm_rank_momentum_7v30,3.448207693606983,0.641612177347411,60
3F_N,target_is_top3,prior_top5_rate_smooth,2.9677275895350035,0.5184565046530892,60
3F_N,target_is_top3,hall_avg_diff_yesterday,2.637584978171,0.8267238343782479,60
3F_N,target_is_top3,hall_machine_type_count,2.51038946446261,0.5248032238080643,60
3F_N,target_is_top3,prior_rank1_rate,1.978188575263359,0.5463546016356997,60
3F_N,target_is_top3,lag_7_total_games,1.922629004750356,0.7535282415508745,60
3F_N,target_is_top3,prior_segment_top1_rate,1.8319499552976046,0.5126500625106705,60
3F_N,target_is_top3,hall_total_games_yesterday,1.629840011430491,0.6258428285906626,60
3F_N,target_is_top3,diff_delta_1_vs_14,1.614851581085353,0.6495545683513323,60
3F_N,target_is_top3,same_weekday_top3_rate,1.4719884537016779,0.5755091746241197,60
3F_N,target_is_top3,prior_rank1_rate_smooth,1.4588735419284407,0.6104095942773432,60
3F_N,target_is_top3,rolling_avg_games_7d_zscore,1.354788253379472,0.7474904634386899,60
3F_N,target_is_top3,lag_14_avg_diff_coins_rank_pct,1.3498232138432946,0.5226799482196374,60
3F_N,target_is_top3,lag_7_avg_diff_coins_rank_pct,1.2715035493482247,0.5892361564733645,60
3F_N,target_is_top3,lag_3_avg_diff_coins_rank_pct,1.2628857963494593,0.3194095098162916,60
3F_N,target_is_top3,lag_7_avg_diff_coins,1.2093515324907458,0.7993194633790065,60
3F_N,target_is_top3,rolling_avg_games_14d,1.1550685381916128,0.5295587536065599,60
3F_N,target_is_top3,day_of_week,1.1540156071702439,0.47587710174147246,60
3F_N,target_is_top3,rolling_avg_games_14d_zscore,1.072893510254374,0.5376972861258559,60
3F_N,target_is_top3,rolling_avg_games_7d_vs_mean,1.05149606365658,0.48393857489857367,60
3F_N,target_is_top3,hall_avg_efficiency_yesterday,0.9948713585128155,0.3881804591519221,60
3F_N,target_is_top3,rolling_avg_games_7d,0.9681026751289448,0.5202964033767402,60
3F_N,target_is_top3,lag_3_avg_diff_coins_zscore,0.9672275401195672,0.5002856848758026,60
3F_N,target_is_top3,same_weekday_rolling_rank_sum_3,0.9611419262990009,0.5345093863356907,60
3F_N,target_is_top3,rank_pct_std_14d,0.9459596370600795,0.4502130646616448,60
3F_N,target_is_top3,lag_1_avg_diff_coins_rank_pct,0.9442949717141074,0.3602912750696658,60
3F_N,target_is_top3,same_weekday_top2_rate,0.9073908946806352,0.48648452487969057,60
3F_N,target_is_top3,hall_diff_spread_yesterday,0.8972031988320223,0.40133305201047265,60
3F_N,target_is_top3,lag_3_avg_diff_coins_vs_mean,0.8812049338345609,0.4366153252843452,60
3F_N,target_is_top3,rolling_avg_games_28d,0.8616005310037887,0.42180240047753315,60
3F_N,target_is_top3,prior_avg_rank_pct,0.8607646412772598,0.43827999494406616,60
3F_N,target_is_top3,rolling_avg_games_14d_vs_mean,0.8501213716549268,0.4298825672215273,60
3F_N,target_is_top3,rolling_avg_diff_28d,0.8406356729067892,0.3999207459391024,60
3F_N,target_is_top3,rolling_avg_games_7d_rank_pct,0.8373427775790074,0.4536893689258595,60
3F_N,target_is_top3,rolling_avg_games_14d_rank_pct,0.8328674442755991,0.3754486874493596,60
3F_N,target_is_top3,prior_top2_rate_smooth,0.8261372496961317,0.3577498236340115,60
3F_N,target_is_top3,ewm_rank_7d,0.8218332140618875,0.35563501307205075,60
3F_N,target_is_top3,lag_1_efficiency,0.8215919938829196,0.4246056317596139,60
3F_N,target_is_top3,prior_top5_rate,0.8179081448059619,0.3420782078350083,60
3F_N,target_is_top3,lag_1_avg_diff_coins,0.8081732409819876,0.35017267149379805,60
3F_N,target_is_top3,same_weekday_rank1_rate,0.7955598248120513,0.43757454691304376,60
3F_N,target_is_top3,lag_3_avg_diff_coins,0.7887968800914649,0.454272711918136,60
3F_N,target_is_top3,lag_14_avg_diff_coins_vs_mean,0.7885300620868829,0.4234338217269255,60
3F_N,target_is_top3,lag_1_total_games,0.7807445818481206,0.481146189174022,60
3F_N,target_is_top3,ewm_diff_momentum_7v21,0.7737117743021674,0.38730914641241304,60
3F_N,target_is_top3,lag_1_avg_diff_coins_zscore,0.7721022568873968,0.373305239032393,60
3F_N,target_is_top3,rolling_avg_diff_28d_vs_mean,0.7662773851312316,0.425115402111452,60
3F_N,target_is_top3,lag_21_avg_diff_coins,0.7598846370631207,0.33081110735542035,60
3F_N,target_is_top3,rolling_avg_diff_28d_zscore,0.7597923916184531,0.36195282233543113,60
3F_N,target_is_top3,prior_top3_rate_smooth,0.7163739044778578,0.38038999775393134,60
3F_N,target_is_top3,ewm_avg_diff_21d_rank_pct,0.7045433313952142,0.23137576162832488,60
3F_N,target_is_top3,lag1_segment_rank_pct,0.70386190531126,0.31487592252193763,60
3F_N,target_is_top3,eff_delta_1_vs_7,0.7022157425964686,0.4942565671749441,60
3F_N,target_is_top3,lag_7_avg_diff_coins_vs_mean,0.6908092189092335,0.4309332841060844,60
3F_N,target_is_top3,lag_14_avg_diff_coins,0.6724418760536529,0.3494116569288565,60
3F_N,target_is_top3,rolling_avg_diff_7d_rank_pct,0.6690875514840183,0.29107975428302274,60
3F_N,target_is_top3,lag_7_efficiency,0.6688371085976745,0.3052854432905002,60
3F_N,target_is_top3,lag_14_efficiency,0.667733599625238,0.33769611472979927,60
3F_N,target_is_top3,day_of_month,0.6476669136653471,0.3623163675192617,60
3F_N,target_is_top3,same_weekday_avg_rank_pct,0.6399400426909913,0.3333313791081944,60
3F_N,target_is_top3,days_since_last_count_increase,0.631428847677979,0.39365270880776737,60
3F_N,target_is_top3,month_progress,0.6258569732584014,0.40585325258162547,60
3F_N,target_is_top3,lag_14_avg_diff_coins_zscore,0.6116070435651981,0.3230228519418484,60
3F_N,target_is_top3,eff_delta_1_vs_14,0.6010256812503305,0.33783095338977653,60
3F_N,target_is_top3,lag_1_efficiency_zscore,0.5920410336787987,0.33081882554223646,60
3F_N,target_is_top3,rank_pct_trend_7vs28,0.5880538385914255,0.30885728235063703,60
3F_N,target_is_top3,rolling_avg_efficiency_7d_zscore,0.5849644194352759,0.39066642011991415,60
3F_N,target_is_top3,weekday_segment_top1_rate,0.579279122005831,0.29042964462907384,60
3F_N,target_is_top3,ewm_efficiency_7d_zscore,0.5653940383353865,0.3463192444806551,60
3F_N,target_is_top3,rolling_avg_efficiency_28d,0.5504327881705559,0.2509147811186461,60
3F_N,target_is_top3,rank_pct_rolling_7d,0.5496817981354545,0.3410501312793385,60
3F_N,target_is_top3,prior_top2_rate,0.546062860880539,0.3019272048905011,60
3F_N,target_is_top3,lag_21_efficiency,0.5414556678174285,0.2911313550708247,60
3F_N,target_is_top3,diff_delta_1_vs_7,0.5324854898841325,0.2927887595128853,60
3F_N,target_is_top3,rolling_avg_diff_14d_zscore,0.5315221990729204,0.3341593478602149,60
3F_N,target_is_top3,lag_7_avg_diff_coins_zscore,0.5299478462807381,0.29906115625282503,60
3F_N,target_is_top3,rolling_std_efficiency_7d,0.5255367993948632,0.27486973405386345,60
3F_N,target_is_top3,rolling_avg_efficiency_14d_rank_pct,0.5226159200855661,0.2838987573384365,60
3F_N,target_is_top3,rolling_avg_efficiency_7d_rank_pct,0.5208202592698771,0.32951830386197095,60
3F_N,target_is_top3,rolling_avg_diff_28d_rank_pct,0.5121672259597164,0.2786733994545862,60
3F_N,target_is_top3,prior_top5_confidence,0.5101535662620151,0.3071875747920265,60
3F_N,target_is_top3,prior_top2_confidence,0.5075629822154888,0.24080098606064532,60
3F_N,target_is_top3,lag_1_avg_diff_coins_vs_mean,0.5005123897989615,0.2899023650805164,60
3F_N,target_is_top3,prior_top3_confidence,0.49849442808006955,0.25509145172815484,60
3F_N,target_is_top3,days_since_first_seen_effective,0.49650088921431307,0.2641461898697456,60
3F_N,target_is_top3,days_since_first_seen,0.49245991245837645,0.2503914632965476,60
3F_N,target_is_top3,prior_rank1_confidence,0.4900187381392479,0.2651632403710477,60
3F_N,target_is_top3,ewm_efficiency_7d,0.4773674655357862,0.2685047863098736,60
3F_N,target_is_top3,days_since_last_top5,0.477246457623,0.290751858067754,60
3F_N,target_is_top3,rolling_std_diff_7d,0.4641155114744357,0.3186078256919078,60
3F_N,target_is_top3,days_since_first_seen_raw,0.46005779787264506,0.2898828918025391,60
3F_N,target_is_top3,ewm_efficiency_momentum_7v21,0.4589718806301849,0.21800316507959638,60
3F_N,target_is_top3,ewm_avg_diff_21d_zscore,0.4545356261635429,0.2650388102404827,60
3F_N,target_is_top3,rolling_avg_efficiency_28d_rank_pct,0.4475437614015238,0.3098871721550822,60
3F_N,target_is_top3,machine_count,0.4472491811694534,0.32557779125882425,60
3F_N,target_is_top3,rolling_avg_efficiency_28d_vs_mean,0.4407959887805874,0.2767240831981401,60
3F_N,target_is_top3,lag_1_efficiency_rank_pct,0.43592639419431856,0.2352861274972652,60
3F_N,target_is_top3,lag_1_efficiency_vs_mean,0.43442721138519375,0.2669792825602101,60
3F_N,target_is_top3,ewm_avg_diff_7d,0.43355844592118614,0.2555785360008749,60
3F_N,target_is_top3,days_since_last_top3,0.431064111261131,0.2829978332063421,60
3F_N,target_is_top3,rolling_avg_efficiency_7d,0.4289279873551912,0.26690958216264543,60
3F_N,target_is_top3,lag_14_total_games,0.42871578244095127,0.2777456343001751,60
3F_N,target_is_top3,rolling_avg_efficiency_28d_zscore,0.4278038118514393,0.2770998534324,60
3F_N,target_is_top3,rolling_avg_efficiency_7d_vs_mean,0.425069535213619,0.25799373042040163,60
3F_N,target_is_top3,rolling_std_efficiency_14d,0.40697827013928556,0.24477137294183188,60
3F_N,target_is_top3,rolling_avg_diff_14d,0.4039322802797819,0.2731967827982981,60
3F_N,target_is_top3,same_weekday_top5_rate,0.39983779804446945,0.3031683525678023,60
3F_N,target_is_top3,count_delta_14d,0.3979933027498291,0.23224581685915643,60
3F_N,target_is_top3,ewm_avg_diff_21d,0.39746663301372137,0.23349655616837103,60
3F_N,target_is_top3,rolling_std_diff_14d,0.39441393346161285,0.2673241492061484,60
3F_N,target_is_top3,ewm_rank_30d,0.394131937976021,0.24821573042692252,60
3F_N,target_is_top3,rolling_avg_diff_14d_vs_mean,0.39089489378315256,0.25690150703158976,60
3F_N,target_is_top3,ewm_avg_diff_7d_rank_pct,0.3781375515352989,0.2732233487342606,60
3F_N,target_is_top3,days_since_last_rank1,0.3777800976365703,0.2457245342415499,60
3F_N,target_is_top3,ewm_avg_diff_7d_vs_mean,0.3717960512121391,0.23977226333413998,60
3F_N,target_is_top3,rolling_avg_diff_7d_zscore,0.3682432570844864,0.2521356968673239,60
3F_N,target_is_top3,ewm_avg_diff_7d_zscore,0.36674871152717237,0.23859529794966847,60
3F_N,target_is_top3,lag_21_total_games,0.3597256332947076,0.17974926715870718,60
3F_N,target_is_top3,days_since_last_top2,0.35510838478348283,0.18611343688055007,60
3F_N,target_is_top3,rolling_avg_diff_7d,0.33798080107661593,0.23741683998459384,60
3F_N,target_is_top3,rolling_avg_efficiency_14d,0.3354429502400263,0.19998337108725056,60
3F_N,target_is_top3,rolling_avg_efficiency_14d_zscore,0.33268343831156405,0.23291327054763214,60
3F_N,target_is_top3,ewm_efficiency_7d_vs_mean,0.3324697342673014,0.23774952883525458,60
3F_N,target_is_top3,prior_top3_rate,0.33118009064184417,0.2118670538507382,60
3F_N,target_is_top3,rolling_avg_diff_7d_vs_mean,0.3217771899855143,0.20692674151851556,60
3F_N,target_is_top3,ewm_efficiency_21d,0.3191009593475309,0.22018929515792707,60
3F_N,target_is_top3,ewm_avg_diff_21d_vs_mean,0.3118810597747764,0.17068840819363962,60
3F_N,target_is_top3,days_since_last_count_decrease,0.31075354384217835,0.21598944705055126,60
3F_N,target_is_top3,rolling_avg_efficiency_14d_vs_mean,0.3086984462456168,0.20494406958473893,60
3F_N,target_is_top3,ewm_efficiency_7d_rank_pct,0.3074636038483753,0.2105604299917209,60
3F_N,target_is_top3,is_thursday,0.30709062608178445,0.1817342725142206,60
3F_N,target_is_top3,is_event_day,0.30347567118689955,0.32246341091341724,60
3F_N,target_is_top3,rank_pct_rolling_28d,0.29593098498004894,0.1875343637739926,60
3F_N,target_is_top3,event_group,0.2958496302475833,0.19676485150383968,60
3F_N,target_is_top3,rolling_avg_diff_14d_rank_pct,0.27141000150674394,0.18883375577922146,60
3F_N,target_is_top3,count_delta_7d,0.12474092849911075,0.09049852578107409,60
3F_N,target_is_top3,days_since_first_seen_bin,0.10737780586962264,0.0959349462109755,60
3F_N,target_is_top3,count_delta_7d_bin,0.09884816206746566,0.09331022051427904,60
3F_N,target_is_top3,count_delta_3d,0.04443795053137791,0.04703363887858735,60
3F_N,target_is_top3,is_month_end_event,0.02044426098379832,0.029881896417082297,60
3F_N,target_is_top3,count_delta_1d_bin,0.018620636627142747,0.02100409026214884,60
3F_N,target_is_top3,count_delta_1d,0.01242704479586012,0.017419169657310687,60
3F_N,target_is_top3,new_machine_flag_raw,0.003195014873002943,0.00995430881826619,60
3F_N,target_is_top3,count_decrease_flag,0.0016342583787793054,0.004949928912809666,60
3F_N,target_is_top3,count_increase_flag,0.001091779210026325,0.0021105216135996305,60
3F_N,target_is_top3,new_machine_flag_effective,3.6599918650312917e-06,2.8350175081041632e-05,60
3F_N,target_is_top3,atype_is_a,0.0,0.0,60
3F_N,target_is_top3,atype_is_n,0.0,0.0,60
3F_N,target_is_top3,bt_flag,0.0,0.0,60
3F_N,target_is_top3,floor_is_2f,0.0,0.0,60
3F_N,target_is_top3,floor_is_3f,0.0,0.0,60
3F_N,target_is_top3,hana_flag,0.0,0.0,60
3F_N,target_is_top3,is_a_type,0.0,0.0,60
3F_N,target_is_top3,is_left_censored,0.0,0.0,60
3F_N,target_is_top3,jug_flag,0.0,0.0,60
3F_N,target_is_top3,oki_flag,0.0,0.0,60
3F_N,target_is_top5,same_weekday_rolling_rank_sum_3,3.837500261547322,0.8193800029925056,60
3F_N,target_is_top5,hall_machine_type_count,2.0177121416862573,0.44983276854518384,60
3F_N,target_is_top5,hall_total_games_yesterday,1.8290953648783121,0.9656822706748447,60
3F_N,target_is_top5,ewm_rank_momentum_7v30,1.8052346337196379,0.540967955298938,60
3F_N,target_is_top5,lag_14_avg_diff_coins_vs_mean,1.4473843869160565,0.5235095583533564,60
3F_N,target_is_top5,prior_top5_rate_smooth,1.429091502304386,0.5231497433169168,60
3F_N,target_is_top5,prior_rank1_rate_smooth,1.3769416448461955,0.4653432356569215,60
3F_N,target_is_top5,rolling_avg_diff_28d,1.3538238850985636,0.5427515834120268,60
3F_N,target_is_top5,lag_7_avg_diff_coins,1.3380682087969629,0.5766327111148642,60
3F_N,target_is_top5,ewm_efficiency_7d_rank_pct,1.334612303921395,0.554753970121982,60
3F_N,target_is_top5,rank_pct_std_14d,1.3143759444740035,0.34954185696360374,60
3F_N,target_is_top5,lag_14_avg_diff_coins_rank_pct,1.187505378342203,0.456291240421669,60
3F_N,target_is_top5,prior_segment_top1_rate,1.184258048997602,0.41316638790518856,60
3F_N,target_is_top5,rolling_avg_efficiency_28d_zscore,1.1826398956648825,0.6235895431053957,60
3F_N,target_is_top5,lag_3_avg_diff_coins_zscore,1.1494205237799362,0.4316898854182179,60
3F_N,target_is_top5,diff_delta_1_vs_7,1.1363884217842064,0.5052553118580364,60
3F_N,target_is_top5,lag_21_avg_diff_coins,1.1347145837568147,0.43749107970021184,60
3F_N,target_is_top5,lag_14_avg_diff_coins,1.113724526059589,0.4538321830585399,60
3F_N,target_is_top5,rank_pct_rolling_28d,1.1015582801492527,0.47988164104780284,60
3F_N,target_is_top5,lag_3_avg_diff_coins,1.089800225528364,0.4381892763633854,60
3F_N,target_is_top5,eff_delta_1_vs_7,1.071352914338814,0.4656533430681495,60
3F_N,target_is_top5,ewm_diff_momentum_7v21,1.0389865998832006,0.47865325888835064,60
3F_N,target_is_top5,lag_7_avg_diff_coins_zscore,1.0346300322214155,0.4723882568181129,60
3F_N,target_is_top5,rolling_avg_games_14d_rank_pct,1.0317759645003646,0.6616560897523212,60
3F_N,target_is_top5,rolling_avg_efficiency_28d_rank_pct,1.0258038473729814,0.39766323102478784,60
3F_N,target_is_top5,rolling_avg_games_14d,1.015097003713653,0.47126818835310735,60
3F_N,target_is_top5,rolling_avg_efficiency_28d_vs_mean,1.0077092299524064,0.42875256653209887,60
3F_N,target_is_top5,lag_14_total_games,0.9922663290465598,0.41286232406826046,60
3F_N,target_is_top5,lag_14_efficiency,0.9787066739868773,0.4849751679874543,60
3F_N,target_is_top5,ewm_avg_diff_21d,0.9650765941241453,0.40321376953196103,60
3F_N,target_is_top5,ewm_rank_7d,0.9509774754566267,0.44064499887339653,60
3F_N,target_is_top5,lag_14_avg_diff_coins_zscore,0.933046946611567,0.4050567567733285,60
3F_N,target_is_top5,lag_21_efficiency,0.9244367988759306,0.47956154441506665,60
3F_N,target_is_top5,hall_avg_diff_yesterday,0.9193358644921126,0.3536482161453743,60
3F_N,target_is_top5,lag_7_total_games,0.9121567219005337,0.36645691207900905,60
3F_N,target_is_top5,same_weekday_rank1_rate,0.8955125011270528,0.4337074812157953,60
3F_N,target_is_top5,rolling_std_diff_7d,0.8871034348687965,0.2821571332511974,60
3F_N,target_is_top5,prior_rank1_rate,0.87356635103097,0.3722030126694384,60
3F_N,target_is_top5,rolling_avg_games_7d_vs_mean,0.8442469970351267,0.5468998978040347,60
3F_N,target_is_top5,lag_1_avg_diff_coins_zscore,0.8393793623910458,0.3806210737994425,60
3F_N,target_is_top5,hall_avg_efficiency_yesterday,0.8391193533161623,0.39593851058659585,60
3F_N,target_is_top5,lag_1_avg_diff_coins_rank_pct,0.8321672537000663,0.3223693692117923,60
3F_N,target_is_top5,lag_7_avg_diff_coins_vs_mean,0.8067780733253703,0.4202376336466044,60
3F_N,target_is_top5,days_since_last_top3,0.7982600086552794,0.30315635955844417,60
3F_N,target_is_top5,lag1_segment_rank_pct,0.7898471985459328,0.4023105207865891,60
3F_N,target_is_top5,rolling_avg_games_14d_zscore,0.7893231834419968,0.3084171696164468,60
3F_N,target_is_top5,ewm_avg_diff_21d_zscore,0.7824988270778447,0.39603014672346587,60
3F_N,target_is_top5,diff_delta_1_vs_14,0.767780339841996,0.40470612102861797,60
3F_N,target_is_top5,lag_3_avg_diff_coins_vs_mean,0.7641959222955135,0.33911004500022807,60
3F_N,target_is_top5,month_progress,0.7591427606800075,0.3625442646111244,60
3F_N,target_is_top5,prior_top5_rate,0.7484842779190062,0.2960571600517991,60
3F_N,target_is_top5,prior_top2_rate_smooth,0.7357443049324554,0.4210058912633164,60
3F_N,target_is_top5,rolling_avg_diff_28d_rank_pct,0.7356361449315776,0.41045236049469125,60
3F_N,target_is_top5,rolling_avg_games_14d_vs_mean,0.72391031307717,0.33739090101273594,60
3F_N,target_is_top5,same_weekday_top3_rate,0.7166987184107275,0.35861070412031076,60
3F_N,target_is_top5,rolling_avg_diff_28d_zscore,0.714667379228697,0.4204313341214847,60
3F_N,target_is_top5,lag_1_avg_diff_coins_vs_mean,0.7121215706931571,0.42929001607005884,60
3F_N,target_is_top5,lag_21_total_games,0.708198364363984,0.36044040826564844,60
3F_N,target_is_top5,day_of_week,0.6952767782161733,0.37653794124507994,60
3F_N,target_is_top5,rolling_avg_efficiency_28d,0.6920664791142669,0.31747931891165015,60
3F_N,target_is_top5,ewm_avg_diff_7d_rank_pct,0.6894344369881378,0.30720063808690573,60
3F_N,target_is_top5,rolling_avg_diff_28d_vs_mean,0.6831193316582753,0.324641911394542,60
3F_N,target_is_top5,rolling_avg_games_7d_zscore,0.6713247699030894,0.3103282658635582,60
3F_N,target_is_top5,rolling_avg_diff_14d,0.6703318945549035,0.3673801810860574,60
3F_N,target_is_top5,same_weekday_avg_rank_pct,0.6616063355618594,0.34516587895038014,60
3F_N,target_is_top5,eff_delta_1_vs_14,0.6522289786996665,0.37018701684247945,60
3F_N,target_is_top5,ewm_avg_diff_7d,0.6504103743215849,0.3374996580273903,60
3F_N,target_is_top5,lag_1_avg_diff_coins,0.6498047876079714,0.3195548134113186,60
3F_N,target_is_top5,lag_1_efficiency,0.6468273894194093,0.3421539463426228,60
3F_N,target_is_top5,ewm_avg_diff_21d_rank_pct,0.6405321359789392,0.35840087917752256,60
3F_N,target_is_top5,rolling_avg_games_7d,0.6368434539932325,0.3096495895088978,60
3F_N,target_is_top5,ewm_avg_diff_7d_zscore,0.6363003288276858,0.38241242918845314,60
3F_N,target_is_top5,lag_7_efficiency,0.6337801541655108,0.2810700858979168,60
3F_N,target_is_top5,hall_diff_spread_yesterday,0.626307648072378,0.35189449695939456,60
3F_N,target_is_top5,lag_3_avg_diff_coins_rank_pct,0.6193767627914408,0.2853586284554658,60
3F_N,target_is_top5,lag_7_avg_diff_coins_rank_pct,0.6170441274786497,0.2708855555168069,60
3F_N,target_is_top5,days_since_last_top5,0.6020039903513281,0.36407272735500035,60
3F_N,target_is_top5,ewm_efficiency_7d,0.5966936147985054,0.24527312036399804,60
3F_N,target_is_top5,ewm_avg_diff_7d_vs_mean,0.5938927460764957,0.3396125301560024,60
3F_N,target_is_top5,prior_top3_rate,0.592783757728047,0.4079496933517736,60
3F_N,target_is_top5,prior_avg_rank_pct,0.589776946934289,0.31682095763197266,60
3F_N,target_is_top5,rolling_avg_diff_7d_rank_pct,0.589600359747325,0.2677076409066636,60
3F_N,target_is_top5,rank_pct_rolling_7d,0.5852088011021919,0.317858287195299,60
3F_N,target_is_top5,ewm_efficiency_momentum_7v21,0.5766906402254528,0.3005868818849696,60
3F_N,target_is_top5,rolling_avg_games_7d_rank_pct,0.5655006334909977,0.25032053654477027,60
3F_N,target_is_top5,rolling_avg_games_28d,0.5636772920804993,0.3375849835617248,60
3F_N,target_is_top5,lag_1_total_games,0.5623406264372672,0.40709274042028815,60
3F_N,target_is_top5,ewm_efficiency_21d,0.5621367068117131,0.3088744889249044,60
3F_N,target_is_top5,prior_top3_rate_smooth,0.5504119341405003,0.315451068177991,60
3F_N,target_is_top5,rank_pct_trend_7vs28,0.5473779928927279,0.3264238239856843,60
3F_N,target_is_top5,rolling_avg_efficiency_14d_rank_pct,0.5433407832785346,0.29176008493499217,60
3F_N,target_is_top5,day_of_month,0.5266724187938837,0.2773241523151038,60
3F_N,target_is_top5,lag_1_efficiency_zscore,0.5192134085930438,0.24780514550704424,60
3F_N,target_is_top5,rolling_avg_efficiency_7d_vs_mean,0.5039645796457569,0.4519660692141376,60
3F_N,target_is_top5,rolling_std_efficiency_7d,0.5039335121604435,0.2889711661045604,60
3F_N,target_is_top5,rolling_avg_efficiency_14d_vs_mean,0.5020767317941895,0.22247466036391272,60
3F_N,target_is_top5,ewm_rank_30d,0.4955377227188176,0.34869786087861737,60
3F_N,target_is_top5,rolling_avg_efficiency_14d_zscore,0.49351685499237224,0.32148994261948594,60
3F_N,target_is_top5,prior_top2_rate,0.49271474806765264,0.2929348336951993,60
3F_N,target_is_top5,lag_1_efficiency_vs_mean,0.48625474564072363,0.23144470692323738,60
3F_N,target_is_top5,ewm_efficiency_7d_vs_mean,0.4859278922483146,0.31270568661238524,60
3F_N,target_is_top5,rolling_avg_efficiency_14d,0.47066383726878963,0.20259432660593002,60
3F_N,target_is_top5,machine_count,0.46872988498088447,0.27011530829235264,60
3F_N,target_is_top5,ewm_avg_diff_21d_vs_mean,0.4567081610079299,0.26098636926247004,60
3F_N,target_is_top5,rolling_avg_efficiency_7d_rank_pct,0.4485476676327763,0.3205264945264977,60
3F_N,target_is_top5,rolling_avg_diff_14d_vs_mean,0.4468485175549651,0.3033566972335179,60
3F_N,target_is_top5,ewm_efficiency_7d_zscore,0.43887574602297125,0.2594262786432514,60
3F_N,target_is_top5,rolling_avg_diff_14d_zscore,0.4380917195237426,0.2532695082277574,60
3F_N,target_is_top5,same_weekday_top5_rate,0.4368510192098175,0.2962314570307861,60
3F_N,target_is_top5,rolling_avg_diff_7d_zscore,0.41615350796011846,0.21460748858370177,60
3F_N,target_is_top5,rolling_std_diff_14d,0.40322185595673143,0.2703149870148896,60
3F_N,target_is_top5,weekday_segment_top1_rate,0.4000491999125965,0.2737166602695339,60
3F_N,target_is_top5,lag_1_efficiency_rank_pct,0.3954805641812809,0.24140956651244005,60
3F_N,target_is_top5,days_since_last_rank1,0.39362205341727924,0.22842686758499695,60
3F_N,target_is_top5,rolling_avg_efficiency_7d_zscore,0.38907658521809224,0.2560371601729266,60
3F_N,target_is_top5,rolling_avg_efficiency_7d,0.3845123555405081,0.2338038827405043,60
3F_N,target_is_top5,rolling_avg_diff_14d_rank_pct,0.36959561310976685,0.24723114795105394,60
3F_N,target_is_top5,days_since_last_count_decrease,0.36779887054110355,0.22229400317851586,60
3F_N,target_is_top5,days_since_last_top2,0.3484541382891567,0.1962679545353238,60
3F_N,target_is_top5,count_delta_7d,0.3159152345397673,0.21225734442751515,60
3F_N,target_is_top5,prior_top2_confidence,0.31181035026871223,0.2042859296768736,60
3F_N,target_is_top5,rolling_avg_diff_7d,0.30856364790038554,0.235503497610354,60
3F_N,target_is_top5,rolling_avg_diff_7d_vs_mean,0.30720970947233756,0.2091889610020382,60
3F_N,target_is_top5,count_delta_14d,0.3065687399147999,0.18388189453062018,60
3F_N,target_is_top5,rolling_std_efficiency_14d,0.2959442894183615,0.2106146885339758,60
3F_N,target_is_top5,event_group,0.26877598255107144,0.2125431062210979,60
3F_N,target_is_top5,days_since_first_seen_effective,0.26618703253160014,0.17301029693610623,60
3F_N,target_is_top5,prior_rank1_confidence,0.26505788959353604,0.1817391803393932,60
3F_N,target_is_top5,days_since_first_seen_raw,0.25537407933357764,0.1906237866537906,60
3F_N,target_is_top5,prior_top5_confidence,0.25278416525910424,0.1895413740346107,60
3F_N,target_is_top5,is_thursday,0.24503842078147597,0.2151813358338553,60
3F_N,target_is_top5,count_delta_7d_bin,0.2440963198766323,0.1781671553362119,60
3F_N,target_is_top5,days_since_last_count_increase,0.23647086643734888,0.2173769204526583,60
3F_N,target_is_top5,same_weekday_top2_rate,0.23532405513345153,0.14462812273286532,60
3F_N,target_is_top5,days_since_first_seen,0.2275804742287301,0.16214022319561733,60
3F_N,target_is_top5,prior_top3_confidence,0.19223876750573926,0.15617935225913082,60
3F_N,target_is_top5,count_delta_3d,0.12095112957113834,0.10830192049501093,60
3F_N,target_is_top5,days_since_first_seen_bin,0.11473524939064175,0.09862024933207038,60
3F_N,target_is_top5,is_event_day,0.038904607506960634,0.06356466732199602,60
3F_N,target_is_top5,is_month_end_event,0.038078264120913655,0.06083181848054947,60
3F_N,target_is_top5,count_delta_1d_bin,0.019711038876480038,0.03164979990162941,60
3F_N,target_is_top5,count_delta_1d,0.016829735163780748,0.023308963289650604,60
3F_N,target_is_top5,count_decrease_flag,0.0033800533653824206,0.010377121365662653,60
3F_N,target_is_top5,new_machine_flag_raw,0.0020459966850989593,0.005938183768013816,60
3F_N,target_is_top5,oki_flag,0.001920463594403316,0.014875847036243355,60
3F_N,target_is_top5,count_increase_flag,0.0017647319267407565,0.0039210206306555554,60
3F_N,target_is_top5,atype_is_a,0.0,0.0,60
3F_N,target_is_top5,atype_is_n,0.0,0.0,60
3F_N,target_is_top5,bt_flag,0.0,0.0,60
3F_N,target_is_top5,floor_is_2f,0.0,0.0,60
3F_N,target_is_top5,floor_is_3f,0.0,0.0,60
3F_N,target_is_top5,hana_flag,0.0,0.0,60
3F_N,target_is_top5,is_a_type,0.0,0.0,60
3F_N,target_is_top5,is_left_censored,0.0,0.0,60
3F_N,target_is_top5,jug_flag,0.0,0.0,60
3F_N,target_is_top5,new_machine_flag_effective,0.0,0.0,60
