test_date,variant,window,DD,dow,is_event,event_type,avg_diff,avg_diff_other,avg_diff_vs_other,win_rate,payout_rate,hit@10,hit@20,hit@50,lift@10,lift@20,lift@50,hit_t2500,hit_t3500,hit_t4500,lift_t2500,lift_t3500,lift_t4500,n_machines_scored,n_actual_machines,split_period,a_seg_hist_coverage,a_seg_fallback_count
2025-10-06,v6a_hit_an,90,6,0,False,non_event,230.0,165.96385542168676,64.03614457831324,40.0,99.09629568097871,1.0,2.0,5.0,1.4280000000000002,1.4280000000000002,1.428,7.0,5.0,3.0,1.2495,1.2310344827586208,1.1273684210526316,714,714,front,100.0,0
2025-10-06,v11_seg_weights,90,6,0,False,non_event,450.0,149.3975903614458,300.6024096385542,46.0,102.22336087960748,2.0,2.0,4.0,2.8560000000000003,1.4280000000000002,1.1424,7.0,5.0,3.0,1.2495,1.2310344827586208,1.1273684210526316,714,714,front,100.0,0
2025-10-07,v6a_hit_an,90,7,1,True,event,-266.0,210.84337349397592,-476.84337349397595,38.0,98.38886682239321,1.0,2.0,2.0,1.4280000000000002,1.4280000000000002,0.5712,3.0,2.0,2.0,0.38945454545454544,0.37578947368421056,0.5388679245283019,714,714,front,100.0,0
2025-10-07,v11_seg_weights,90,7,1,True,event,-266.0,210.84337349397592,-476.84337349397595,38.0,98.38886682239321,1.0,2.0,2.0,1.4280000000000002,1.4280000000000002,0.5712,3.0,2.0,2.0,0.38945454545454544,0.37578947368421056,0.5388679245283019,714,714,front,100.0,0
2025-10-08,v6a_hit_an,90,8,2,False,non_event,116.0,136.44578313253012,-20.445783132530124,34.0,101.69895420715953,2.0,2.0,5.0,2.8560000000000003,1.4280000000000002,1.428,10.0,6.0,4.0,1.5692307692307694,1.428,1.4280000000000002,714,714,front,100.0,0
2025-10-08,v11_seg_weights,90,8,2,False,non_event,-198.0,160.09036144578315,-358.0903614457832,34.0,98.62136700940317,1.0,1.0,5.0,1.4280000000000002,0.7140000000000001,1.428,8.0,5.0,3.0,1.2553846153846155,1.19,1.0710000000000002,714,714,front,100.0,0
2025-10-09,v6a_hit_an,90,9,3,False,non_event,426.0,194.4277108433735,231.5722891566265,44.0,99.0769196827508,1.0,1.0,5.0,1.4280000000000002,0.7140000000000001,1.428,8.0,5.0,4.0,1.3439999999999999,1.2750000000000001,1.5031578947368422,714,714,front,100.0,0
2025-10-09,v11_seg_weights,90,9,3,False,non_event,714.0,172.74096385542168,541.2590361445783,48.0,102.89245650512159,2.0,2.0,5.0,2.8560000000000003,1.4280000000000002,1.428,8.0,6.0,4.0,1.3439999999999999,1.53,1.5031578947368422,714,714,front,100.0,0
2025-10-10,v6a_hit_an,90,10,4,False,non_event,182.0,206.32530120481928,-24.325301204819283,44.0,101.08504493058294,0.0,0.0,1.0,0.0,0.0,0.2856,6.0,3.0,1.0,0.8318446601941747,0.6394029850746268,0.2746153846153846,714,714,front,100.0,0
2025-10-10,v11_seg_weights,90,10,4,False,non_event,-40.0,223.0421686746988,-263.0421686746988,42.0,99.85684411845398,0.0,0.0,1.0,0.0,0.0,0.2856,6.0,2.0,1.0,0.8318446601941747,0.4262686567164179,0.2746153846153846,714,714,front,100.0,0
2025-10-11,v6a_hit_an,90,11,5,True,event,-222.0,-183.8855421686747,-38.114457831325296,46.0,97.13203145769823,0.0,2.0,6.0,0.0,1.4280000000000002,1.7136,6.0,6.0,3.0,1.0710000000000002,1.7136,1.26,714,714,front,100.0,0
2025-10-11,v11_seg_weights,90,11,5,True,event,-222.0,-183.8855421686747,-38.114457831325296,46.0,97.13203145769823,0.0,2.0,6.0,0.0,1.4280000000000002,1.7136,6.0,6.0,3.0,1.0710000000000002,1.7136,1.26,714,714,front,100.0,0
2025-10-13,v6a_hit_an,90,13,0,False,non_event,100.0,358.43373493975906,-258.43373493975906,44.0,101.37823076631938,0.0,0.0,4.0,0.0,0.0,1.1424,8.0,7.0,5.0,0.9287804878048781,1.2653164556962027,1.1333333333333333,714,714,front,100.0,0
2025-10-13,v11_seg_weights,90,13,0,False,non_event,66.0,360.99397590361446,-294.99397590361446,44.0,101.10641361794416,0.0,0.0,4.0,0.0,0.0,1.1424,9.0,7.0,5.0,1.0448780487804878,1.2653164556962027,1.1333333333333333,714,714,front,100.0,0
2025-10-14,v6a_hit_an,90,14,1,False,non_event,174.0,244.4277108433735,-70.42771084337349,38.0,100.27222512561508,0.0,0.0,2.0,0.0,0.0,0.5712,5.0,5.0,2.0,0.7212121212121212,0.9916666666666667,0.6346666666666667,714,714,front,100.0,0
2025-10-14,v11_seg_weights,90,14,1,False,non_event,104.0,249.6987951807229,-145.6987951807229,38.0,98.11732345447791,0.0,0.0,3.0,0.0,0.0,0.8568,5.0,5.0,3.0,0.7212121212121212,0.9916666666666667,0.9520000000000001,714,714,front,100.0,0
2025-10-15,v6a_hit_an,90,15,2,False,non_event,-102.0,109.78915662650603,-211.78915662650604,32.0,98.39300960529624,0.0,0.0,4.0,0.0,0.0,1.1424,6.0,6.0,2.0,0.8318446601941747,1.2417391304347827,0.6346666666666667,714,714,front,100.0,0
2025-10-15,v11_seg_weights,90,15,2,False,non_event,268.0,81.92771084337349,186.0722891566265,36.0,99.81333852044833,1.0,1.0,5.0,1.4280000000000002,0.7140000000000001,1.428,7.0,6.0,3.0,0.9704854368932039,1.2417391304347827,0.9520000000000001,714,714,front,100.0,0
2025-10-16,v6a_hit_an,90,16,3,False,non_event,758.0,140.210843373494,617.789156626506,42.0,102.45699967093218,0.0,1.0,7.0,0.0,0.7140000000000001,1.9992,12.0,8.0,4.0,1.9253932584269662,1.8425806451612905,1.393170731707317,714,714,front,100.0,0
2025-10-16,v11_seg_weights,90,16,3,False,non_event,162.0,185.09036144578315,-23.090361445783145,30.0,93.92834331113511,1.0,2.0,2.0,1.4280000000000002,1.4280000000000002,0.5712,5.0,2.0,2.0,0.802247191011236,0.4606451612903226,0.6965853658536585,714,714,front,100.0,0
2025-10-17,v6a_hit_an,90,17,4,True,event,298.0,87.04819277108433,210.95180722891567,42.0,101.22524630174901,1.0,1.0,4.0,1.4280000000000002,0.7140000000000001,1.1424,9.0,6.0,4.0,1.224,1.2067605633802816,1.1424,714,714,front,100.0,0
2025-10-17,v11_seg_weights,90,17,4,True,event,298.0,87.04819277108433,210.95180722891567,42.0,101.22524630174901,1.0,1.0,4.0,1.4280000000000002,0.7140000000000001,1.1424,9.0,6.0,4.0,1.224,1.2067605633802816,1.1424,714,714,front,100.0,0
2025-10-18,v6a_hit_an,90,18,5,False,non_event,-20.0,-13.403614457831326,-6.596385542168674,42.0,99.31345790481559,0.0,1.0,4.0,0.0,0.7140000000000001,1.1424,5.0,5.0,4.0,0.7846153846153847,1.19,1.3283720930232559,714,714,front,100.0,0
2025-10-18,v11_seg_weights,90,18,5,False,non_event,-296.0,7.379518072289157,-303.37951807228916,46.0,97.31455283097361,0.0,0.0,3.0,0.0,0.0,0.8568,4.0,4.0,3.0,0.6276923076923078,0.952,0.9962790697674418,714,714,front,100.0,0
2025-10-19,v6a_hit_an,90,19,6,False,non_event,454.0,140.210843373494,313.78915662650604,54.0,100.43579258896743,0.0,0.0,3.0,0.0,0.0,0.8568,9.0,4.0,3.0,1.0891525423728812,0.7230379746835444,0.84,714,714,front,100.0,0
2025-10-19,v11_seg_weights,90,19,6,False,non_event,480.0,138.25301204819277,341.7469879518072,48.0,102.8353302505189,1.0,1.0,4.0,1.4280000000000002,0.7140000000000001,1.1424,10.0,7.0,4.0,1.2101694915254235,1.2653164556962027,1.1199999999999999,714,714,front,100.0,0
2025-10-20,v6a_hit_an,90,20,0,False,non_event,422.0,-65.66265060240964,487.66265060240966,44.0,105.65690006906375,2.0,3.0,6.0,2.8560000000000003,2.1420000000000003,1.7136,8.0,6.0,3.0,1.6090140845070422,2.5963636363636367,1.785,714,714,front,100.0,0
2025-10-20,v11_seg_weights,90,20,0,False,non_event,-10.0,-33.13253012048193,23.13253012048193,40.0,101.89854679475215,1.0,2.0,5.0,1.4280000000000002,1.4280000000000002,1.428,7.0,4.0,2.0,1.407887323943662,1.7309090909090912,1.19,714,714,front,100.0,0
2025-10-21,v6a_hit_an,90,21,1,True,event,116.0,265.96385542168673,-149.96385542168673,44.0,95.66021287704298,0.0,0.0,2.0,0.0,0.0,0.5712,6.0,2.0,1.0,0.9962790697674418,0.476,0.3038297872340426,714,714,front,100.0,0
2025-10-21,v11_seg_weights,90,21,1,True,event,116.0,265.96385542168673,-149.96385542168673,44.0,95.66021287704298,0.0,0.0,2.0,0.0,0.0,0.5712,6.0,2.0,1.0,0.9962790697674418,0.476,0.3038297872340426,714,714,front,100.0,0
2025-10-22,v6a_hit_an,90,22,2,True,event,-174.0,168.82530120481928,-342.8253012048193,36.0,95.65393260787944,0.0,0.0,2.0,0.0,0.0,0.5712,3.0,2.0,2.0,0.48134831460674155,0.5288888888888889,0.7140000000000001,714,714,front,100.0,0
2025-10-22,v11_seg_weights,90,22,2,True,event,-174.0,168.82530120481928,-342.8253012048193,36.0,95.65393260787944,0.0,0.0,2.0,0.0,0.0,0.5712,3.0,2.0,2.0,0.48134831460674155,0.5288888888888889,0.7140000000000001,714,714,front,100.0,0
2025-10-23,v6a_hit_an,90,23,3,False,non_event,438.0,158.5843373493976,279.41566265060237,42.0,101.56294500567637,1.0,1.0,4.0,1.4280000000000002,0.7140000000000001,1.1424,7.0,5.0,3.0,1.2190243902439024,1.3471698113207546,1.224,714,714,front,100.0,0
2025-10-23,v11_seg_weights,90,23,3,False,non_event,206.0,176.05421686746988,29.945783132530124,34.0,96.74828455238861,1.0,1.0,4.0,1.4280000000000002,0.7140000000000001,1.1424,6.0,5.0,3.0,1.0448780487804878,1.3471698113207546,1.224,714,714,front,100.0,0
2025-10-24,v6a_hit_an,90,24,4,False,non_event,62.0,128.76506024096386,-66.76506024096386,40.0,96.80359163425615,1.0,1.0,2.0,1.4280000000000002,0.7140000000000001,0.5712,5.0,2.0,1.0,0.8925000000000001,0.51,0.38594594594594595,714,714,front,100.0,0
2025-10-24,v11_seg_weights,90,24,4,False,non_event,28.0,131.32530120481928,-103.32530120481928,44.0,98.03278200114424,1.0,2.0,3.0,1.4280000000000002,1.4280000000000002,0.8568,6.0,3.0,2.0,1.0710000000000002,0.765,0.7718918918918919,714,714,front,100.0,0
2025-10-25,v6a_hit_an,90,25,5,False,non_event,132.0,57.37951807228916,74.62048192771084,40.0,101.57292131421462,2.0,2.0,5.0,2.8560000000000003,1.4280000000000002,1.428,10.0,7.0,5.0,1.3345794392523365,1.3693150684931508,1.373076923076923,714,714,front,100.0,0
2025-10-25,v11_seg_weights,90,25,5,False,non_event,-760.0,124.54819277108433,-884.5481927710844,30.0,92.48905653000293,0.0,0.0,3.0,0.0,0.0,0.8568,5.0,5.0,3.0,0.6672897196261682,0.978082191780822,0.8238461538461539,714,714,front,100.0,0
2025-10-26,v6a_hit_an,90,26,6,False,non_event,248.0,37.04819277108434,210.95180722891567,30.0,98.57448375024198,1.0,2.0,4.0,1.4280000000000002,1.4280000000000002,1.1424,8.0,6.0,4.0,1.1310891089108912,1.2417391304347827,1.2417391304347827,714,714,front,100.0,0
2025-10-26,v11_seg_weights,90,26,6,False,non_event,742.0,-0.15060240963855423,742.1506024096385,36.0,104.11356610241499,1.0,3.0,7.0,1.4280000000000002,2.1420000000000003,1.9992,13.0,9.0,6.0,1.838019801980198,1.8626086956521741,1.862608695652174,714,714,front,100.0,0
2025-10-27,v6a_hit_an,90,27,0,True,event,122.0,233.5843373493976,-111.5843373493976,40.0,102.89739220986023,1.0,2.0,4.0,1.4280000000000002,1.4280000000000002,1.1424,11.0,8.0,5.0,1.2083076923076923,1.1657142857142857,1.0656716417910448,714,714,front,100.0,0
2025-10-27,v11_seg_weights,90,27,0,True,event,122.0,233.5843373493976,-111.5843373493976,40.0,102.89739220986023,1.0,2.0,4.0,1.4280000000000002,1.4280000000000002,1.1424,11.0,8.0,5.0,1.2083076923076923,1.1657142857142857,1.0656716417910448,714,714,front,100.0,0
2025-10-28,v6a_hit_an,90,28,1,False,non_event,22.0,198.34337349397592,-176.34337349397592,38.0,98.94512776944092,1.0,1.0,1.0,1.4280000000000002,0.7140000000000001,0.2856,6.0,3.0,1.0,0.9736363636363636,0.751578947368421,0.408,714,714,front,100.0,0
2025-10-28,v11_seg_weights,90,28,1,False,non_event,662.0,150.15060240963857,511.84939759036143,36.0,102.363964242405,2.0,4.0,4.0,2.8560000000000003,2.8560000000000003,1.1424,9.0,6.0,4.0,1.4604545454545454,1.503157894736842,1.632,714,714,front,100.0,0
2025-10-29,v6a_hit_an,90,29,2,False,non_event,350.0,165.210843373494,184.789156626506,32.0,101.76144788330534,3.0,3.0,5.0,4.284000000000001,2.1420000000000003,1.428,5.0,5.0,4.0,0.8707317073170732,1.2101694915254235,1.298181818181818,714,714,front,100.0,0
2025-10-29,v11_seg_weights,90,29,2,False,non_event,222.0,174.84939759036143,47.150602409638566,38.0,99.77162835177214,1.0,1.0,5.0,1.4280000000000002,0.7140000000000001,1.428,5.0,5.0,3.0,0.8707317073170732,1.2101694915254235,0.9736363636363636,714,714,front,100.0,0
2025-10-30,v6a_hit_an,90,30,3,False,non_event,-108.0,631.3253012048193,-739.3253012048193,34.0,98.19707018366084,1.0,1.0,2.0,1.4280000000000002,0.7140000000000001,0.5712,5.0,4.0,3.0,0.4824324324324324,0.5769696969696969,0.6799999999999999,714,714,front,100.0,0
2025-10-30,v11_seg_weights,90,30,3,False,non_event,48.0,619.5783132530121,-571.5783132530121,36.0,101.01816037271743,2.0,2.0,2.0,2.8560000000000003,1.4280000000000002,0.5712,5.0,4.0,3.0,0.4824324324324324,0.5769696969696969,0.6799999999999999,714,714,front,100.0,0
2025-10-31,v6a_hit_an,90,31,4,True,event,456.0,69.57831325301204,386.421686746988,34.0,100.32953855468519,1.0,4.0,4.0,1.4280000000000002,2.8560000000000003,1.1424,7.0,4.0,4.0,1.2815384615384615,1.0021052631578948,1.3283720930232559,714,714,front,100.0,0
2025-10-31,v11_seg_weights,90,31,4,True,event,456.0,69.57831325301204,386.421686746988,34.0,100.32953855468519,1.0,4.0,4.0,1.4280000000000002,2.8560000000000003,1.1424,7.0,4.0,4.0,1.2815384615384615,1.0021052631578948,1.3283720930232559,714,714,front,100.0,0
2025-11-01,v6a_hit_an,90,1,5,True,event,448.0,189.15662650602408,258.84337349397595,48.0,103.59191536792034,1.0,2.0,6.0,1.4280000000000002,1.4280000000000002,1.7136,12.0,10.0,7.0,1.3931707317073172,1.68,1.561875,714,714,front,100.0,0
2025-11-01,v11_seg_weights,90,1,5,True,event,448.0,189.15662650602408,258.84337349397595,48.0,103.59191536792034,1.0,2.0,6.0,1.4280000000000002,1.4280000000000002,1.7136,12.0,10.0,7.0,1.3931707317073172,1.68,1.561875,714,714,front,100.0,0
2025-11-02,v6a_hit_an,90,2,6,False,non_event,520.0,315.21084337349396,204.78915662650604,44.0,102.72272729758693,1.0,2.0,4.0,1.4280000000000002,1.4280000000000002,1.1424,11.0,7.0,5.0,1.1300719424460433,1.1489655172413793,1.1704918032786886,714,714,front,100.0,0
2025-11-02,v11_seg_weights,90,2,6,False,non_event,926.0,284.6385542168675,641.3614457831325,44.0,107.26731580016998,3.0,4.0,8.0,4.284000000000001,2.8560000000000003,2.2848,14.0,11.0,9.0,1.4382733812949642,1.8055172413793104,2.106885245901639,714,714,front,100.0,0
2025-11-03,v6a_hit_an,90,3,0,False,non_event,416.0,269.1265060240964,146.8734939759036,40.0,101.93025416271146,2.0,2.0,3.0,2.8560000000000003,1.4280000000000002,0.8568,9.0,5.0,5.0,1.0448780487804878,0.8707317073170732,1.2101694915254235,714,714,front,100.0,0
2025-11-03,v11_seg_weights,90,3,0,False,non_event,380.0,271.83734939759034,108.16265060240966,40.0,101.54314317415763,2.0,2.0,3.0,2.8560000000000003,1.4280000000000002,0.8568,9.0,5.0,5.0,1.0448780487804878,0.8707317073170732,1.2101694915254235,714,714,front,100.0,0
2025-11-04,v6a_hit_an,90,4,1,False,non_event,1034.0,99.84939759036145,934.1506024096385,52.0,111.1095196974913,1.0,3.0,6.0,1.4280000000000002,2.1420000000000003,1.7136,15.0,10.0,6.0,2.2787234042553193,2.2666666666666666,2.0897560975609757,714,714,front,100.0,0
2025-11-04,v11_seg_weights,90,4,1,False,non_event,254.0,158.5843373493976,95.4156626506024,50.0,105.71944218140143,1.0,2.0,4.0,1.4280000000000002,1.4280000000000002,1.1424,10.0,7.0,3.0,1.5191489361702128,1.5866666666666664,1.0448780487804878,714,714,front,100.0,0
2025-11-05,v6a_hit_an,90,5,2,False,non_event,376.0,197.43975903614458,178.56024096385542,42.0,99.72912041010387,0.0,1.0,6.0,0.0,0.7140000000000001,1.7136,8.0,8.0,6.0,1.1777319587628867,1.7050746268656716,1.7136,714,714,front,100.0,0
2025-11-05,v11_seg_weights,90,5,2,False,non_event,240.0,207.68072289156626,32.31927710843374,38.0,101.21855771071152,0.0,0.0,5.0,0.0,0.0,1.428,5.0,5.0,5.0,0.7360824742268042,1.0656716417910448,1.428,714,714,front,100.0,0
2025-11-06,v6a_hit_an,90,6,3,False,non_event,510.0,-4.367469879518072,514.3674698795181,26.0,94.34761835519227,3.0,5.0,7.0,4.284000000000001,3.5700000000000003,1.9992,7.0,7.0,5.0,1.638688524590164,2.2213333333333334,2.856,714,714,front,100.0,0
2025-11-06,v11_seg_weights,90,6,3,False,non_event,512.0,-4.518072289156627,516.5180722891566,28.000000000000004,94.3143591058951,3.0,5.0,6.0,4.284000000000001,3.5700000000000003,1.7136,6.0,6.0,5.0,1.4045901639344263,1.9040000000000001,2.856,714,714,front,100.0,0
2025-11-07,v6a_hit_an,90,7,4,True,event,656.0,228.16265060240963,427.8373493975904,46.0,102.71073786063394,0.0,2.0,5.0,0.0,1.4280000000000002,1.428,12.0,9.0,7.0,1.5721100917431192,1.5866666666666667,1.666,714,714,front,100.0,0
2025-11-07,v11_seg_weights,90,7,4,True,event,656.0,228.16265060240963,427.8373493975904,46.0,102.71073786063394,0.0,2.0,5.0,0.0,1.4280000000000002,1.428,12.0,9.0,7.0,1.5721100917431192,1.5866666666666667,1.666,714,714,front,100.0,0
2025-11-08,v6a_hit_an,90,8,5,False,non_event,-18.0,137.1987951807229,-155.1987951807229,32.0,99.78624159631273,1.0,3.0,4.0,1.4280000000000002,2.1420000000000003,1.1424,9.0,7.0,4.0,1.1175652173913044,1.1623255813953488,1.1199999999999999,714,714,front,100.0,0
2025-11-08,v11_seg_weights,90,8,5,False,non_event,148.0,124.6987951807229,23.301204819277103,30.0,99.69911114974083,1.0,2.0,4.0,1.4280000000000002,1.4280000000000002,1.1424,10.0,8.0,4.0,1.2417391304347827,1.3283720930232559,1.1199999999999999,714,714,front,100.0,0
2025-11-09,v6a_hit_an,90,9,6,False,non_event,46.0,158.43373493975903,-112.43373493975903,38.0,98.32472296976968,1.0,3.0,5.0,1.4280000000000002,2.1420000000000003,1.428,9.0,6.0,5.0,1.0799999999999998,1.0984615384615384,1.4875,714,714,front,100.0,0
2025-11-09,v11_seg_weights,90,9,6,False,non_event,644.0,113.40361445783132,530.5963855421687,44.0,105.12702662962636,2.0,6.0,8.0,2.8560000000000003,4.284000000000001,2.2848,11.0,8.0,8.0,1.3199999999999998,1.4646153846153847,2.38,714,714,front,100.0,0
2025-11-10,v6a_hit_an,90,10,0,False,non_event,-262.0,173.34337349397592,-435.34337349397595,30.0,94.86184705438971,0.0,2.0,6.0,0.0,1.4280000000000002,1.7136,6.0,6.0,5.0,1.032289156626506,1.53,1.7414634146341463,714,714,front,100.0,0
2025-11-10,v11_seg_weights,90,10,0,False,non_event,-112.0,162.04819277108433,-274.04819277108436,34.0,97.32524108762377,0.0,0.0,5.0,0.0,0.0,1.428,6.0,6.0,2.0,1.032289156626506,1.53,0.6965853658536585,714,714,front,100.0,0
2025-11-11,v6a_hit_an,90,11,1,True,event,-466.0,420.63253012048193,-886.632530120482,30.0,95.24145166220877,0.0,1.0,3.0,0.0,0.7140000000000001,0.8568,8.0,7.0,4.0,0.9441322314049587,1.0984615384615386,0.8654545454545456,714,714,front,100.0,0
2025-11-11,v11_seg_weights,90,11,1,True,event,-466.0,420.63253012048193,-886.632530120482,30.0,95.24145166220877,0.0,1.0,3.0,0.0,0.7140000000000001,0.8568,8.0,7.0,4.0,0.9441322314049587,1.0984615384615386,0.8654545454545456,714,714,front,100.0,0
2025-11-12,v6a_hit_an,90,12,2,False,non_event,446.0,212.04819277108433,233.95180722891567,48.0,101.51487488484067,1.0,1.0,3.0,1.4280000000000002,0.7140000000000001,0.8568,8.0,5.0,2.0,1.3439999999999999,1.1704918032786886,0.7933333333333333,714,714,front,100.0,0
2025-11-12,v11_seg_weights,90,12,2,False,non_event,384.0,216.71686746987953,167.28313253012047,46.0,100.00862087905543,1.0,1.0,4.0,1.4280000000000002,0.7140000000000001,1.1424,8.0,5.0,2.0,1.3439999999999999,1.1704918032786886,0.7933333333333333,714,714,front,100.0,0
2025-11-13,v6a_hit_an,90,13,3,False,non_event,138.0,69.7289156626506,68.2710843373494,34.0,108.94952044913163,1.0,1.0,6.0,1.4280000000000002,0.7140000000000001,1.7136,7.0,6.0,4.0,1.5145454545454546,1.785,1.632,714,714,front,100.0,0
2025-11-13,v11_seg_weights,90,13,3,False,non_event,232.0,62.65060240963855,169.34939759036143,38.0,109.31002313769024,1.0,1.0,5.0,1.4280000000000002,0.7140000000000001,1.428,8.0,5.0,4.0,1.7309090909090912,1.4875,1.632,714,714,front,100.0,0
2025-11-14,v6a_hit_an,90,14,4,False,non_event,608.0,-59.18674698795181,667.1867469879518,50.0,107.14188218082863,2.0,3.0,6.0,2.8560000000000003,2.1420000000000003,1.7136,8.0,6.0,5.0,1.5649315068493153,1.785,2.04,714,714,front,100.0,0
2025-11-14,v11_seg_weights,90,14,4,False,non_event,104.0,-21.234939759036145,125.23493975903614,42.0,101.65195359818816,1.0,2.0,4.0,1.4280000000000002,1.4280000000000002,1.1424,6.0,4.0,4.0,1.1736986301369865,1.19,1.632,714,714,front,100.0,0
2025-11-15,v6a_hit_an,90,15,5,False,non_event,-382.0,176.05421686746988,-558.0542168674699,34.0,96.0716983960752,0.0,0.0,1.0,0.0,0.0,0.2856,6.0,3.0,2.0,0.7261016949152541,0.5355000000000001,0.5599999999999999,714,714,front,100.0,0
2025-11-15,v11_seg_weights,90,15,5,False,non_event,-156.0,159.03614457831324,-315.03614457831327,38.0,98.34256811363666,0.0,0.0,2.0,0.0,0.0,0.5712,9.0,7.0,3.0,1.0891525423728812,1.2495,0.84,714,714,front,100.0,0
2025-11-16,v6a_hit_an,90,16,6,False,non_event,-158.0,179.96987951807228,-337.9698795180723,46.0,97.64357606378786,0.0,1.0,2.0,0.0,0.7140000000000001,0.5712,5.0,2.0,2.0,0.6050847457627118,0.3808,0.595,714,714,front,100.0,0
2025-11-16,v11_seg_weights,90,16,6,False,non_event,-276.0,188.85542168674698,-464.855421686747,40.0,99.33237521454073,1.0,2.0,3.0,1.4280000000000002,1.4280000000000002,0.8568,8.0,5.0,3.0,0.9681355932203389,0.952,0.8925,714,714,front,100.0,0
2025-11-17,v6a_hit_an,90,17,0,True,event,144.0,231.9277108433735,-87.92771084337349,46.0,101.20890517104901,0.0,1.0,5.0,0.0,0.7140000000000001,1.428,9.0,6.0,5.0,1.0534426229508196,1.02,1.2310344827586208,714,714,front,100.0,0
2025-11-17,v11_seg_weights,90,17,0,True,event,144.0,231.9277108433735,-87.92771084337349,46.0,101.20890517104901,0.0,1.0,5.0,0.0,0.7140000000000001,1.428,9.0,6.0,5.0,1.0534426229508196,1.02,1.2310344827586208,714,714,front,100.0,0
2025-11-18,v6a_hit_an,90,18,1,False,non_event,-276.0,151.50602409638554,-427.50602409638554,30.0,94.10835268929745,1.0,1.0,1.0,1.4280000000000002,0.7140000000000001,0.2856,3.0,2.0,1.0,0.504,0.46819672131147544,0.31043478260869567,714,714,front,100.0,0
2025-11-18,v11_seg_weights,90,18,1,False,non_event,584.0,86.74698795180723,497.2530120481928,40.0,106.36833639378588,3.0,4.0,7.0,4.284000000000001,2.8560000000000003,1.9992,10.0,9.0,7.0,1.68,2.106885245901639,2.1730434782608694,714,714,front,100.0,0
2025-11-19,v6a_hit_an,90,19,2,False,non_event,758.0,117.31927710843374,640.6807228915662,48.0,103.65136045185065,2.0,4.0,5.0,2.8560000000000003,2.8560000000000003,1.428,11.0,8.0,5.0,1.7453333333333334,1.8727868852459018,1.6227272727272726,714,714,front,100.0,0
2025-11-19,v11_seg_weights,90,19,2,False,non_event,1080.0,93.07228915662651,986.9277108433735,48.0,108.50090047058862,2.0,3.0,7.0,2.8560000000000003,2.1420000000000003,1.9992,14.0,10.0,6.0,2.2213333333333334,2.3409836065573773,1.9472727272727273,714,714,front,100.0,0
2025-11-20,v6a_hit_an,90,20,3,False,non_event,-34.0,95.78313253012048,-129.7831325301205,28.000000000000004,99.83072051372297,0.0,2.0,3.0,0.0,1.4280000000000002,0.8568,4.0,3.0,3.0,0.8045070422535211,1.0984615384615384,1.53,714,714,front,100.0,0
2025-11-20,v11_seg_weights,90,20,3,False,non_event,-340.0,118.82530120481928,-458.8253012048193,32.0,98.28708165884892,0.0,0.0,2.0,0.0,0.0,0.5712,5.0,2.0,2.0,1.0056338028169014,0.7323076923076923,1.02,714,714,front,100.0,0
2025-11-21,v6a_hit_an,90,21,4,True,event,-76.0,279.2168674698795,-355.2168674698795,40.0,100.24162141970683,1.0,1.0,2.0,1.4280000000000002,0.7140000000000001,0.5712,11.0,5.0,1.0,1.4544444444444444,1.05,0.3038297872340426,714,714,front,100.0,0
2025-11-21,v11_seg_weights,90,21,4,True,event,-76.0,279.2168674698795,-355.2168674698795,40.0,100.24162141970683,1.0,1.0,2.0,1.4280000000000002,0.7140000000000001,0.5712,11.0,5.0,1.0,1.4544444444444444,1.05,0.3038297872340426,714,714,front,100.0,0
2025-11-22,v6a_hit_an,90,22,5,True,event,414.0,-305.421686746988,719.4216867469879,40.0,106.13224313895203,2.0,3.0,6.0,2.8560000000000003,2.1420000000000003,1.7136,7.0,7.0,4.0,1.2653164556962027,1.8511111111111112,1.4646153846153847,714,714,front,100.0,0
2025-11-22,v11_seg_weights,90,22,5,True,event,414.0,-305.421686746988,719.4216867469879,40.0,106.13224313895203,2.0,3.0,6.0,2.8560000000000003,2.1420000000000003,1.7136,7.0,7.0,4.0,1.2653164556962027,1.8511111111111112,1.4646153846153847,714,714,front,100.0,0
2025-11-23,v6a_hit_an,90,23,6,False,non_event,-382.0,211.59638554216866,-593.5963855421687,28.000000000000004,97.01644487673289,0.0,0.0,2.0,0.0,0.0,0.5712,8.0,4.0,2.0,1.0109734513274335,0.7933333333333333,0.5288888888888889,714,714,front,100.0,0
2025-11-23,v11_seg_weights,90,23,6,False,non_event,-508.0,221.0843373493976,-729.0843373493976,26.0,95.47510807805024,0.0,0.0,1.0,0.0,0.0,0.2856,5.0,3.0,1.0,0.631858407079646,0.595,0.2644444444444444,714,714,front,100.0,0
2025-11-24,v6a_hit_an,90,24,0,False,non_event,152.0,163.70481927710844,-11.704819277108442,36.0,103.29545579939094,1.0,1.0,3.0,1.4280000000000002,0.7140000000000001,0.8568,12.0,7.0,5.0,1.5164601769911503,1.234074074074074,1.2526315789473683,714,714,front,100.0,0
2025-11-24,v11_seg_weights,90,24,0,False,non_event,-100.0,182.68072289156626,-282.68072289156623,32.0,101.11301753678164,2.0,2.0,4.0,2.8560000000000003,1.4280000000000002,1.1424,9.0,7.0,5.0,1.1373451327433628,1.234074074074074,1.2526315789473683,714,714,front,100.0,0
2025-11-25,v6a_hit_an,90,25,1,False,non_event,632.0,292.62048192771084,339.37951807228916,38.0,100.7133010383944,1.0,3.0,6.0,1.4280000000000002,2.1420000000000003,1.7136,10.0,6.0,6.0,1.4424242424242424,1.224,1.6476923076923078,714,714,front,100.0,0
2025-11-25,v11_seg_weights,90,25,1,False,non_event,-184.0,354.06626506024094,-538.066265060241,32.0,97.08048744656138,0.0,1.0,4.0,0.0,0.7140000000000001,1.1424,7.0,4.0,4.0,1.0096969696969698,0.816,1.0984615384615384,714,714,front,100.0,0
2025-11-26,v6a_hit_an,90,26,2,False,non_event,548.0,103.16265060240964,444.83734939759034,44.0,103.98121705762587,1.0,2.0,5.0,1.4280000000000002,1.4280000000000002,1.428,8.0,5.0,3.0,1.3763855421686748,1.298181818181818,1.224,714,714,front,100.0,0
2025-11-26,v11_seg_weights,90,26,2,False,non_event,586.0,100.3012048192771,485.69879518072287,50.0,103.70068289310206,1.0,2.0,5.0,1.4280000000000002,1.4280000000000002,1.428,7.0,5.0,4.0,1.2043373493975904,1.298181818181818,1.632,714,714,front,100.0,0
2025-11-27,v6a_hit_an,90,27,3,True,event,-20.0,410.0903614457831,-430.0903614457831,28.000000000000004,98.80675352712,1.0,1.0,6.0,1.4280000000000002,0.7140000000000001,1.7136,7.0,7.0,6.0,0.7809375,1.0096969696969698,1.2417391304347827,714,714,front,100.0,0
2025-11-27,v11_seg_weights,90,27,3,True,event,-20.0,410.0903614457831,-430.0903614457831,28.000000000000004,98.80675352712,1.0,1.0,6.0,1.4280000000000002,0.7140000000000001,1.7136,7.0,7.0,6.0,0.7809375,1.0096969696969698,1.2417391304347827,714,714,front,100.0,0
2025-11-28,v6a_hit_an,90,28,4,False,non_event,14.0,132.83132530120483,-118.83132530120483,30.0,103.9257016808382,2.0,3.0,6.0,2.8560000000000003,2.1420000000000003,1.7136,6.0,6.0,3.0,1.0448780487804878,1.68,1.3819354838709679,714,714,front,100.0,0
2025-11-28,v11_seg_weights,90,28,4,False,non_event,12.0,132.98192771084337,-120.98192771084337,28.000000000000004,104.35682820357675,2.0,3.0,6.0,2.8560000000000003,2.1420000000000003,1.7136,6.0,6.0,3.0,1.0448780487804878,1.68,1.3819354838709679,714,714,front,100.0,0
2025-11-29,v6a_hit_an,90,29,5,False,non_event,864.0,368.67469879518075,495.32530120481925,50.0,105.73860981738184,0.0,0.0,3.0,0.0,0.0,0.8568,13.0,8.0,4.0,1.298181818181818,1.1539393939393938,0.9066666666666666,714,714,front,100.0,0
2025-11-29,v11_seg_weights,90,29,5,False,non_event,652.0,384.6385542168675,267.3614457831325,54.0,104.2767044325365,0.0,0.0,1.0,0.0,0.0,0.2856,10.0,6.0,1.0,0.9986013986013986,0.8654545454545455,0.22666666666666666,714,714,front,100.0,0
2025-11-30,v6a_hit_an,90,30,6,True,event,868.0,155.42168674698794,712.5783132530121,52.0,107.1240972358833,2.0,4.0,6.0,2.8560000000000003,2.8560000000000003,1.7136,14.0,9.0,8.0,1.561875,1.428,1.8133333333333332,714,714,front,100.0,0
2025-11-30,v11_seg_weights,90,30,6,True,event,868.0,155.42168674698794,712.5783132530121,52.0,107.1240972358833,2.0,4.0,6.0,2.8560000000000003,2.8560000000000003,1.7136,14.0,9.0,8.0,1.561875,1.428,1.8133333333333332,714,714,front,100.0,0
2025-12-01,v6a_hit_an,90,1,0,True,event,74.0,133.73493975903614,-59.73493975903614,38.0,98.06565455153435,1.0,2.0,4.0,1.4280000000000002,1.4280000000000002,1.1424,4.0,4.0,4.0,0.6012631578947368,0.9681355932203389,1.4280000000000002,714,714,front,100.0,0
2025-12-01,v11_seg_weights,90,1,0,True,event,74.0,133.73493975903614,-59.73493975903614,38.0,98.06565455153435,1.0,2.0,4.0,1.4280000000000002,1.4280000000000002,1.1424,4.0,4.0,4.0,0.6012631578947368,0.9681355932203389,1.4280000000000002,714,714,front,100.0,0
2025-12-02,v6a_hit_an,90,2,1,False,non_event,422.0,140.36144578313252,281.6385542168675,48.0,103.1829661429226,1.0,2.0,4.0,1.4280000000000002,1.4280000000000002,1.1424,7.0,4.0,4.0,1.063404255319149,0.9363934426229509,1.3599999999999999,714,714,front,100.0,0
2025-12-02,v11_seg_weights,90,2,1,False,non_event,142.0,161.44578313253012,-19.445783132530124,44.0,99.77039230910684,0.0,1.0,4.0,0.0,0.7140000000000001,1.1424,8.0,4.0,4.0,1.2153191489361703,0.9363934426229509,1.3599999999999999,714,714,front,100.0,0
2025-12-03,v6a_hit_an,90,3,2,False,non_event,-442.0,310.8433734939759,-752.8433734939758,30.0,94.02921677102606,0.0,0.0,2.0,0.0,0.0,0.5712,4.0,3.0,1.0,0.5655445544554456,0.6909677419354839,0.34829268292682924,714,714,front,100.0,0
2025-12-03,v11_seg_weights,90,3,2,False,non_event,146.0,266.56626506024094,-120.56626506024094,36.0,98.67806791454358,2.0,2.0,5.0,2.8560000000000003,1.4280000000000002,1.428,6.0,6.0,4.0,0.8483168316831683,1.3819354838709679,1.393170731707317,714,714,front,100.0,0
2025-12-04,v6a_hit_an,90,4,3,False,non_event,-148.0,106.32530120481928,-254.32530120481928,26.0,93.62359182498248,2.0,2.0,2.0,2.8560000000000003,1.4280000000000002,0.5712,4.0,2.0,2.0,0.7824657534246576,0.5388679245283019,0.8925,714,714,front,100.0,0
2025-12-04,v11_seg_weights,90,4,3,False,non_event,-54.0,99.24698795180723,-153.24698795180723,32.0,94.96582418830107,1.0,3.0,3.0,1.4280000000000002,2.1420000000000003,0.8568,5.0,3.0,3.0,0.978082191780822,0.8083018867924529,1.3387499999999999,714,714,front,100.0,0
2025-12-05,v6a_hit_an,90,5,4,False,non_event,92.0,-6.024096385542169,98.02409638554217,34.0,95.79306000251141,1.0,3.0,6.0,1.4280000000000002,2.1420000000000003,1.7136,7.0,6.0,4.0,1.47,1.862608695652174,1.904,714,714,front,100.0,0
2025-12-05,v11_seg_weights,90,5,4,False,non_event,-140.0,11.44578313253012,-151.44578313253012,34.0,96.90325786526752,1.0,3.0,4.0,1.4280000000000002,2.1420000000000003,1.1424,5.0,4.0,3.0,1.05,1.2417391304347827,1.428,714,714,front,100.0,0
2025-12-06,v6a_hit_an,90,6,5,False,non_event,716.0,379.06626506024094,336.93373493975906,40.0,106.98954625156108,1.0,2.0,5.0,1.4280000000000002,1.4280000000000002,1.428,13.0,11.0,9.0,1.345217391304348,1.5552475247524753,1.5673170731707318,714,714,front,100.0,0
2025-12-06,v11_seg_weights,90,6,5,False,non_event,430.0,400.6024096385542,29.397590361445793,40.0,103.81495217083665,1.0,3.0,4.0,1.4280000000000002,2.1420000000000003,1.1424,10.0,7.0,5.0,1.0347826086956522,0.9897029702970297,0.8707317073170732,714,714,front,100.0,0
2025-12-07,v6a_hit_an,90,7,6,True,event,834.0,292.3192771084337,541.6807228915663,42.0,107.25220672052608,2.0,4.0,8.0,2.8560000000000003,2.8560000000000003,2.2848,15.0,13.0,10.0,1.635114503816794,1.8564,2.04,714,714,front,100.0,0
2025-12-07,v11_seg_weights,90,7,6,True,event,834.0,292.3192771084337,541.6807228915663,42.0,107.25220672052608,2.0,4.0,8.0,2.8560000000000003,2.8560000000000003,2.2848,15.0,13.0,10.0,1.635114503816794,1.8564,2.04,714,714,front,100.0,0
2025-12-08,v6a_hit_an,90,8,0,False,non_event,878.0,267.01807228915663,610.9819277108434,44.0,110.74379556333857,2.0,3.0,6.0,2.8560000000000003,2.1420000000000003,1.7136,8.0,6.0,4.0,1.3599999999999999,1.477241379310345,1.4280000000000002,714,714,front,100.0,0
2025-12-08,v11_seg_weights,90,8,0,False,non_event,948.0,261.7469879518072,686.2530120481928,48.0,105.05301564959935,2.0,4.0,8.0,2.8560000000000003,2.8560000000000003,2.2848,11.0,9.0,5.0,1.8699999999999999,2.2158620689655173,1.7850000000000001,714,714,front,100.0,0
2025-12-09,v6a_hit_an,90,9,1,False,non_event,124.0,113.70481927710843,10.295180722891573,34.0,96.3619320614837,1.0,2.0,3.0,1.4280000000000002,1.4280000000000002,0.8568,5.0,3.0,2.0,0.8814814814814814,0.8238461538461539,0.816,714,714,front,100.0,0
2025-12-09,v11_seg_weights,90,9,1,False,non_event,356.0,96.23493975903614,259.76506024096386,36.0,97.92631096320069,2.0,4.0,7.0,2.8560000000000003,2.8560000000000003,1.9992,9.0,7.0,4.0,1.5866666666666667,1.9223076923076923,1.632,714,714,front,100.0,0
2025-12-10,v6a_hit_an,90,10,2,False,non_event,-62.0,54.36746987951807,-116.36746987951807,42.0,98.53247051595525,1.0,1.0,5.0,1.4280000000000002,0.7140000000000001,1.428,8.0,7.0,4.0,1.3131034482758621,1.5378461538461539,1.19,714,714,front,100.0,0
2025-12-10,v11_seg_weights,90,10,2,False,non_event,-434.0,82.37951807228916,-516.3795180722891,34.0,92.33898811753599,0.0,0.0,1.0,0.0,0.0,0.2856,4.0,2.0,1.0,0.6565517241379311,0.43938461538461543,0.2975,714,714,front,100.0,0
2025-12-11,v6a_hit_an,90,11,3,True,event,-636.0,146.3855421686747,-782.3855421686746,34.0,94.3339216646195,0.0,0.0,2.0,0.0,0.0,0.5712,2.0,2.0,2.0,0.3245454545454545,0.5192727272727272,0.7515789473684211,714,714,front,100.0,0
2025-12-11,v11_seg_weights,90,11,3,True,event,-636.0,146.3855421686747,-782.3855421686746,34.0,94.3339216646195,0.0,0.0,2.0,0.0,0.0,0.5712,2.0,2.0,2.0,0.3245454545454545,0.5192727272727272,0.7515789473684211,714,714,front,100.0,0
2025-12-12,v6a_hit_an,90,12,4,False,non_event,144.0,395.63253012048193,-251.63253012048193,46.0,97.69377679889229,0.0,0.0,4.0,0.0,0.0,1.1424,9.0,7.0,6.0,1.1175652173913044,1.0865217391304347,1.224,714,714,front,100.0,0
2025-12-12,v11_seg_weights,90,12,4,False,non_event,198.0,391.56626506024094,-193.56626506024094,42.0,99.67620237311478,1.0,1.0,4.0,1.4280000000000002,0.7140000000000001,1.1424,9.0,8.0,6.0,1.1175652173913044,1.2417391304347827,1.224,714,714,front,100.0,0
2025-12-13,v6a_hit_an,90,13,5,False,non_event,20.0,49.24698795180723,-29.246987951807228,44.0,99.08875981174114,1.0,1.0,5.0,1.4280000000000002,0.7140000000000001,1.428,7.0,6.0,5.0,0.9342056074766355,1.1273684210526316,1.2310344827586208,714,714,front,100.0,0
2025-12-13,v11_seg_weights,90,13,5,False,non_event,274.0,30.120481927710845,243.87951807228916,52.0,100.49542797881871,1.0,2.0,7.0,1.4280000000000002,1.4280000000000002,1.9992,8.0,8.0,8.0,1.067663551401869,1.5031578947368422,1.9696551724137932,714,714,front,100.0,0
2025-12-14,v6a_hit_an,90,14,6,False,non_event,38.0,91.56626506024097,-53.566265060240966,34.0,100.28169277877669,1.0,3.0,7.0,1.4280000000000002,2.1420000000000003,1.9992,9.0,9.0,8.0,1.3969565217391304,1.9772307692307693,2.0042105263157897,714,714,front,100.0,0
2025-12-14,v11_seg_weights,90,14,6,False,non_event,258.0,75.0,183.0,36.0,101.14257095000481,1.0,3.0,7.0,1.4280000000000002,2.1420000000000003,1.9992,11.0,9.0,8.0,1.707391304347826,1.9772307692307693,2.0042105263157897,714,714,front,100.0,0
2025-12-15,v6a_hit_an,90,15,0,False,non_event,164.0,150.0,14.0,36.0,98.4788924955336,0.0,1.0,4.0,0.0,0.7140000000000001,1.1424,5.0,4.0,4.0,0.8814814814814814,0.9681355932203389,1.393170731707317,714,714,front,100.0,0
2025-12-15,v11_seg_weights,90,15,0,False,non_event,-330.0,187.1987951807229,-517.1987951807229,28.000000000000004,95.2885652856807,0.0,0.0,1.0,0.0,0.0,0.2856,3.0,2.0,1.0,0.5288888888888889,0.48406779661016947,0.34829268292682924,714,714,front,100.0,0
2025-12-16,v6a_hit_an,90,16,1,False,non_event,-326.0,382.8313253012048,-708.8313253012047,26.0,92.39362570835348,0.0,0.0,0.0,0.0,0.0,0.0,3.0,0.0,0.0,0.41192307692307695,0.0,0.0,714,714,front,100.0,0
2025-12-16,v11_seg_weights,90,16,1,False,non_event,810.0,297.28915662650604,512.710843373494,44.0,106.22601496405001,3.0,3.0,6.0,4.284000000000001,2.1420000000000003,1.7136,12.0,10.0,6.0,1.6476923076923078,1.8789473684210527,1.6476923076923078,714,714,front,100.0,0
2025-12-17,v6a_hit_an,90,17,2,True,event,-360.0,253.6144578313253,-613.6144578313254,34.0,96.75823854960622,0.0,0.0,4.0,0.0,0.0,1.1424,6.0,5.0,4.0,0.8083018867924529,0.978082191780822,1.0777358490566038,714,714,front,100.0,0
2025-12-17,v11_seg_weights,90,17,2,True,event,-360.0,253.6144578313253,-613.6144578313254,34.0,96.75823854960622,0.0,0.0,4.0,0.0,0.0,1.1424,6.0,5.0,4.0,0.8083018867924529,0.978082191780822,1.0777358490566038,714,714,front,100.0,0
2025-12-18,v6a_hit_an,90,18,3,False,non_event,-506.0,234.1867469879518,-740.1867469879518,26.0,90.40435318577016,0.0,1.0,1.0,0.0,0.7140000000000001,0.2856,1.0,1.0,1.0,0.1904,0.255,0.36615384615384616,714,714,front,100.0,0
2025-12-18,v11_seg_weights,90,18,3,False,non_event,-6.0,196.53614457831324,-202.53614457831324,34.0,100.12163803435281,1.0,2.0,4.0,1.4280000000000002,1.4280000000000002,1.1424,4.0,4.0,4.0,0.7616,1.02,1.4646153846153847,714,714,front,100.0,0
2025-12-19,v6a_hit_an,90,19,4,False,non_event,66.0,-48.493975903614455,114.49397590361446,36.0,94.2322413652846,1.0,3.0,7.0,1.4280000000000002,2.1420000000000003,1.9992,7.0,7.0,3.0,1.3328,2.2718181818181815,1.7136,714,714,front,100.0,0
2025-12-19,v11_seg_weights,90,19,4,False,non_event,-180.0,-29.96987951807229,-150.03012048192772,30.0,94.02846352641129,2.0,3.0,7.0,2.8560000000000003,2.1420000000000003,1.9992,7.0,7.0,3.0,1.3328,2.2718181818181815,1.7136,714,714,front,100.0,0
2025-12-20,v6a_hit_an,90,20,5,False,non_event,576.0,-135.24096385542168,711.2409638554217,52.0,103.58866813335791,1.0,2.0,6.0,1.4280000000000002,1.4280000000000002,1.7136,11.0,8.0,5.0,1.4544444444444444,1.5031578947368422,1.4875,714,714,front,100.0,0
2025-12-20,v11_seg_weights,90,20,5,False,non_event,488.0,-128.6144578313253,616.6144578313254,46.0,103.27558130918882,0.0,1.0,7.0,0.0,0.7140000000000001,1.9992,12.0,8.0,6.0,1.5866666666666667,1.5031578947368422,1.785,714,714,front,100.0,0
2025-12-21,v6a_hit_an,90,21,6,True,event,-222.0,-156.77710843373495,-65.22289156626505,38.0,95.82047891212737,1.0,1.0,4.0,1.4280000000000002,0.7140000000000001,1.1424,9.0,5.0,4.0,1.4123076923076925,1.115625,1.3283720930232559,714,714,front,100.0,0
2025-12-21,v11_seg_weights,90,21,6,True,event,-222.0,-156.77710843373495,-65.22289156626505,38.0,95.82047891212737,1.0,1.0,4.0,1.4280000000000002,0.7140000000000001,1.1424,9.0,5.0,4.0,1.4123076923076925,1.115625,1.3283720930232559,714,714,front,100.0,0
2025-12-22,v6a_hit_an,90,22,0,True,event,28.0,117.16867469879519,-89.16867469879519,36.0,97.14670943976117,0.0,1.0,6.0,0.0,0.7140000000000001,1.7136,8.0,6.0,4.0,1.2417391304347827,1.3819354838709679,1.298181818181818,714,714,front,100.0,0
2025-12-22,v11_seg_weights,90,22,0,True,event,28.0,117.16867469879519,-89.16867469879519,36.0,97.14670943976117,0.0,1.0,6.0,0.0,0.7140000000000001,1.7136,8.0,6.0,4.0,1.2417391304347827,1.3819354838709679,1.298181818181818,714,714,front,100.0,0
2025-12-23,v6a_hit_an,90,23,1,False,non_event,-206.0,167.01807228915663,-373.01807228915663,24.0,91.55574887116265,1.0,2.0,3.0,1.4280000000000002,1.4280000000000002,0.8568,4.0,3.0,2.0,0.6881927710843374,0.7789090909090909,0.6799999999999999,714,714,front,100.0,0
2025-12-23,v11_seg_weights,90,23,1,False,non_event,494.0,114.30722891566265,379.6927710843373,34.0,103.39145576154506,2.0,4.0,6.0,2.8560000000000003,2.8560000000000003,1.7136,10.0,7.0,5.0,1.7204819277108434,1.8174545454545454,1.7,714,714,front,100.0,0
2025-12-24,v6a_hit_an,90,24,2,False,non_event,382.0,225.45180722891567,156.54819277108433,36.0,99.68097300603502,2.0,2.0,5.0,2.8560000000000003,1.4280000000000002,1.428,8.0,6.0,5.0,1.1424,1.2788059701492536,1.4571428571428573,714,714,front,100.0,0
2025-12-24,v11_seg_weights,90,24,2,False,non_event,812.0,193.0722891566265,618.9277108433735,44.0,101.948478750459,2.0,2.0,6.0,2.8560000000000003,1.4280000000000002,1.7136,9.0,7.0,6.0,1.2852,1.4919402985074626,1.7485714285714287,714,714,front,100.0,0
2025-12-25,v6a_hit_an,90,25,3,False,non_event,42.0,147.289156626506,-105.28915662650601,34.0,94.5177571438494,0.0,2.0,3.0,0.0,1.4280000000000002,0.8568,7.0,5.0,2.0,1.1489655172413793,1.19,0.816,714,714,front,100.0,0
2025-12-25,v11_seg_weights,90,25,3,False,non_event,-76.0,156.17469879518072,-232.17469879518072,36.0,95.11074886360814,0.0,2.0,4.0,0.0,1.4280000000000002,1.1424,7.0,5.0,3.0,1.1489655172413793,1.19,1.224,714,714,front,100.0,0
2025-12-26,v6a_hit_an,90,26,4,False,non_event,50.0,15.662650602409638,34.33734939759036,32.0,95.21118215892461,1.0,2.0,4.0,1.4280000000000002,1.4280000000000002,1.1424,6.0,4.0,4.0,1.0448780487804878,1.02,1.5437837837837838,714,714,front,100.0,0
2025-12-26,v11_seg_weights,90,26,4,False,non_event,-126.0,28.91566265060241,-154.9156626506024,36.0,95.83201831412002,1.0,2.0,5.0,1.4280000000000002,1.4280000000000002,1.428,7.0,5.0,4.0,1.2190243902439024,1.2750000000000001,1.5437837837837838,714,714,front,100.0,0
2025-12-27,v6a_hit_an,90,27,5,True,event,112.0,329.2168674698795,-217.2168674698795,42.0,100.98576971823967,1.0,2.0,4.0,1.4280000000000002,1.4280000000000002,1.1424,12.0,8.0,6.0,1.2067605633802816,1.1657142857142857,1.2788059701492536,714,714,front,100.0,0
2025-12-27,v11_seg_weights,90,27,5,True,event,112.0,329.2168674698795,-217.2168674698795,42.0,100.98576971823967,1.0,2.0,4.0,1.4280000000000002,1.4280000000000002,1.1424,12.0,8.0,6.0,1.2067605633802816,1.1657142857142857,1.2788059701492536,714,714,front,100.0,0
2025-12-28,v6a_hit_an,90,28,6,False,non_event,52.0,214.90963855421685,-162.90963855421685,38.0,102.14282202751798,2.0,2.0,5.0,2.8560000000000003,1.4280000000000002,1.428,9.0,6.0,5.0,1.1790825688073394,1.2067605633802816,1.428,714,714,front,100.0,0
2025-12-28,v11_seg_weights,90,28,6,False,non_event,162.0,206.6265060240964,-44.626506024096386,40.0,100.67789504691146,1.0,1.0,5.0,1.4280000000000002,0.7140000000000001,1.428,9.0,7.0,5.0,1.1790825688073394,1.407887323943662,1.428,714,714,front,100.0,0
2025-12-29,v6a_hit_an,90,29,0,False,non_event,-172.0,-106.17469879518072,-65.82530120481928,34.0,95.60855110507882,0.0,3.0,8.0,0.0,2.1420000000000003,2.2848,13.0,8.0,7.0,1.8564,2.1155555555555554,2.7016216216216216,714,714,front,100.0,0
2025-12-29,v11_seg_weights,90,29,0,False,non_event,-810.0,-58.13253012048193,-751.867469879518,28.000000000000004,92.88628430070534,0.0,1.0,3.0,0.0,0.7140000000000001,0.8568,9.0,4.0,1.0,1.2852,1.0577777777777777,0.38594594594594595,714,714,front,100.0,0
2025-12-30,v6a_hit_an,90,30,1,False,non_event,164.0,174.6987951807229,-10.698795180722897,36.0,100.59252978734172,0.0,1.0,5.0,0.0,0.7140000000000001,1.428,12.0,9.0,5.0,1.3819354838709679,1.4944186046511627,1.2101694915254235,714,714,front,100.0,0
2025-12-30,v11_seg_weights,90,30,1,False,non_event,504.0,149.09638554216866,354.90361445783134,46.0,103.72749512011265,0.0,2.0,8.0,0.0,1.4280000000000002,2.2848,14.0,10.0,8.0,1.612258064516129,1.6604651162790698,1.9362711864406779,714,714,front,100.0,0
2025-12-31,v6a_hit_an,90,31,2,True,event,-408.0,357.078313253012,-765.0783132530121,40.0,94.48910233267854,1.0,1.0,2.0,1.4280000000000002,0.7140000000000001,0.5712,6.0,3.0,2.0,0.6641860465116279,0.47600000000000003,0.4924137931034483,714,714,front,100.0,0
2025-12-31,v11_seg_weights,90,31,2,True,event,-408.0,357.078313253012,-765.0783132530121,40.0,94.48910233267854,1.0,1.0,2.0,1.4280000000000002,0.7140000000000001,0.5712,6.0,3.0,2.0,0.6641860465116279,0.47600000000000003,0.4924137931034483,714,714,front,100.0,0
2026-01-01,v6a_hit_an,90,1,3,True,event,-320.0,415.66265060240966,-735.6626506024097,38.0,97.8299542285969,1.0,2.0,4.0,1.4280000000000002,1.4280000000000002,1.1424,12.0,8.0,5.0,0.9962790697674418,1.0984615384615384,1.2750000000000001,714,714,front,100.0,0
2026-01-01,v11_seg_weights,90,1,3,True,event,-320.0,415.66265060240966,-735.6626506024097,38.0,97.8299542285969,1.0,2.0,4.0,1.4280000000000002,1.4280000000000002,1.1424,12.0,8.0,5.0,0.9962790697674418,1.0984615384615384,1.2750000000000001,714,714,front,100.0,0
2026-01-02,v6a_hit_an,90,2,4,False,non_event,530.0,136.8975903614458,393.1024096385542,46.0,102.98129586215602,1.0,2.0,5.0,1.4280000000000002,1.4280000000000002,1.428,7.0,7.0,6.0,0.8617241379310345,1.2190243902439024,1.477241379310345,714,714,front,100.0,0
2026-01-02,v11_seg_weights,90,2,4,False,non_event,478.0,140.8132530120482,337.1867469879518,44.0,103.32052493553259,1.0,2.0,8.0,1.4280000000000002,1.4280000000000002,2.2848,10.0,9.0,8.0,1.2310344827586208,1.5673170731707318,1.9696551724137932,714,714,front,100.0,0
2026-01-03,v6a_hit_an,90,3,5,False,non_event,666.0,4.969879518072289,661.0301204819277,54.0,105.99564523895451,2.0,2.0,5.0,2.8560000000000003,1.4280000000000002,1.428,11.0,8.0,5.0,1.496,1.5437837837837838,1.4,714,714,front,100.0,0
2026-01-03,v11_seg_weights,90,3,5,False,non_event,1096.0,-27.40963855421687,1123.4096385542168,52.0,108.8489788023813,2.0,5.0,9.0,2.8560000000000003,3.5700000000000003,2.5704,12.0,12.0,9.0,1.6320000000000001,2.3156756756756756,2.52,714,714,front,100.0,0
2026-01-04,v6a_hit_an,90,4,6,False,non_event,-146.0,-230.2710843373494,84.27108433734941,38.0,96.16059762035965,1.0,1.0,3.0,1.4280000000000002,0.7140000000000001,0.8568,5.0,4.0,3.0,0.9394736842105263,1.0577777777777777,1.0984615384615384,714,714,front,100.0,0
2026-01-04,v11_seg_weights,90,4,6,False,non_event,-382.0,-212.5,-169.5,28.000000000000004,94.45299809648391,2.0,2.0,5.0,2.8560000000000003,1.4280000000000002,1.428,7.0,5.0,5.0,1.315263157894737,1.3222222222222222,1.8307692307692307,714,714,front,100.0,0
2026-01-05,v6a_hit_an,90,5,0,False,non_event,650.0,424.69879518072287,225.30120481927713,56.00000000000001,101.82301578259018,0.0,1.0,4.0,0.0,0.7140000000000001,1.1424,11.0,7.0,4.0,1.3199999999999998,1.2190243902439024,0.9363934426229509,714,714,front,100.0,0
2026-01-05,v11_seg_weights,90,5,0,False,non_event,1424.0,366.4156626506024,1057.5843373493976,54.0,109.67926143561057,1.0,4.0,7.0,1.4280000000000002,2.8560000000000003,1.9992,16.0,12.0,9.0,1.92,2.0897560975609757,2.106885245901639,714,714,front,100.0,0
2026-01-06,v6a_hit_an,90,6,1,False,non_event,362.0,206.17469879518072,155.82530120481928,40.0,97.45583697298382,1.0,2.0,6.0,1.4280000000000002,1.4280000000000002,1.7136,10.0,7.0,5.0,1.4424242424242424,1.5145454545454546,1.7414634146341463,714,714,front,100.0,0
2026-01-06,v11_seg_weights,90,6,1,False,non_event,264.0,213.55421686746988,50.445783132530124,36.0,98.70076216926401,0.0,1.0,6.0,0.0,0.7140000000000001,1.7136,9.0,7.0,5.0,1.298181818181818,1.5145454545454546,1.7414634146341463,714,714,front,100.0,0
2026-01-07,v6a_hit_an,90,7,2,True,event,-80.0,383.43373493975906,-463.43373493975906,34.0,100.40819545495427,0.0,1.0,5.0,0.0,0.7140000000000001,1.428,8.0,7.0,5.0,0.9441322314049587,1.234074074074074,1.0984615384615386,714,714,front,100.0,0
2026-01-07,v11_seg_weights,90,7,2,True,event,-80.0,383.43373493975906,-463.43373493975906,34.0,100.40819545495427,0.0,1.0,5.0,0.0,0.7140000000000001,1.428,8.0,7.0,5.0,0.9441322314049587,1.234074074074074,1.0984615384615386,714,714,front,100.0,0
2026-01-08,v6a_hit_an,90,8,3,False,non_event,1222.0,50.0,1172.0,48.0,108.69936997206982,2.0,4.0,8.0,2.8560000000000003,2.8560000000000003,2.2848,13.0,8.0,6.0,2.2366265060240966,2.04,2.52,714,714,front,100.0,0
2026-01-08,v11_seg_weights,90,8,3,False,non_event,332.0,117.01807228915662,214.98192771084337,42.0,98.93290003250515,1.0,2.0,6.0,1.4280000000000002,1.4280000000000002,1.7136,8.0,6.0,4.0,1.3763855421686748,1.53,1.68,714,714,front,100.0,0
2026-01-09,v6a_hit_an,90,9,4,False,non_event,78.0,82.07831325301204,-4.078313253012041,34.0,97.48490701378797,1.0,1.0,4.0,1.4280000000000002,0.7140000000000001,1.1424,7.0,5.0,3.0,1.428,1.3471698113207546,1.0984615384615384,714,714,front,100.0,0
2026-01-09,v11_seg_weights,90,9,4,False,non_event,142.0,77.25903614457832,64.74096385542168,42.0,101.4018822352448,0.0,2.0,5.0,0.0,1.4280000000000002,1.428,7.0,6.0,2.0,1.428,1.6166037735849057,0.7323076923076923,714,714,front,100.0,0
2026-01-10,v6a_hit_an,90,10,5,False,non_event,502.0,207.83132530120483,294.16867469879514,40.0,101.73326723738751,2.0,2.0,5.0,2.8560000000000003,1.4280000000000002,1.428,11.0,6.0,5.0,1.25664,0.9962790697674418,1.1704918032786886,714,714,front,100.0,0
2026-01-10,v11_seg_weights,90,10,5,False,non_event,406.0,215.06024096385542,190.93975903614458,42.0,99.95535624949765,2.0,3.0,4.0,2.8560000000000003,2.1420000000000003,1.1424,10.0,6.0,5.0,1.1423999999999999,0.9962790697674418,1.1704918032786886,714,714,front,100.0,0
2026-01-11,v6a_hit_an,90,11,6,True,event,412.0,134.03614457831324,277.96385542168673,42.0,103.21081381934499,0.0,2.0,7.0,0.0,1.4280000000000002,1.9992,16.0,10.0,7.0,1.9362711864406779,1.8075949367088608,1.723448275862069,714,714,front,100.0,0
2026-01-11,v11_seg_weights,90,11,6,True,event,412.0,134.03614457831324,277.96385542168673,42.0,103.21081381934499,0.0,2.0,7.0,0.0,1.4280000000000002,1.9992,16.0,10.0,7.0,1.9362711864406779,1.8075949367088608,1.723448275862069,714,714,front,100.0,0
2026-01-12,v6a_hit_an,90,12,0,False,non_event,-40.0,-49.24698795180723,9.246987951807228,36.0,98.11398944644617,0.0,2.0,4.0,0.0,1.4280000000000002,1.1424,8.0,5.0,4.0,1.3131034482758621,1.115625,1.19,714,714,front,100.0,0
2026-01-12,v11_seg_weights,90,12,0,False,non_event,462.0,-87.04819277108433,549.0481927710844,40.0,101.9312219021328,1.0,4.0,6.0,1.4280000000000002,2.8560000000000003,1.7136,9.0,7.0,6.0,1.477241379310345,1.561875,1.785,714,714,front,100.0,0
2026-01-13,v6a_hit_an,90,13,1,False,non_event,-276.0,-149.3975903614458,-126.6024096385542,32.0,94.56191872460933,1.0,1.0,4.0,1.4280000000000002,0.7140000000000001,1.1424,5.0,4.0,4.0,0.9272727272727272,1.02,1.393170731707317,714,714,front,100.0,0
2026-01-13,v11_seg_weights,90,13,1,False,non_event,-422.0,-138.40361445783134,-283.59638554216866,32.0,94.69627072048849,0.0,0.0,3.0,0.0,0.0,0.8568,3.0,3.0,3.0,0.5563636363636363,0.765,1.0448780487804878,714,714,front,100.0,0
2026-01-14,v6a_hit_an,90,14,2,False,non_event,-172.0,221.9879518072289,-393.9879518072289,40.0,97.14195081951239,0.0,0.0,3.0,0.0,0.0,0.8568,6.0,4.0,2.0,0.9626966292134831,0.8787692307692309,0.595,714,714,front,100.0,0
2026-01-14,v11_seg_weights,90,14,2,False,non_event,-176.0,222.289156626506,-398.28915662650604,40.0,96.22260567187979,0.0,0.0,2.0,0.0,0.0,0.5712,5.0,3.0,1.0,0.802247191011236,0.6590769230769231,0.2975,714,714,front,100.0,0
2026-01-15,v6a_hit_an,90,15,3,False,non_event,184.0,158.28313253012047,25.71686746987953,44.0,111.75752703885811,1.0,3.0,5.0,1.4280000000000002,2.1420000000000003,1.428,7.0,6.0,3.0,1.2043373493975904,1.503157894736842,1.0984615384615384,714,714,front,100.0,0
2026-01-15,v11_seg_weights,90,15,3,False,non_event,-108.0,180.2710843373494,-288.2710843373494,38.0,110.9867491040021,1.0,1.0,3.0,1.4280000000000002,0.7140000000000001,0.8568,6.0,4.0,2.0,1.032289156626506,1.0021052631578948,0.7323076923076923,714,714,front,100.0,0
2026-01-16,v6a_hit_an,90,16,4,False,non_event,410.0,429.36746987951807,-19.36746987951807,38.0,105.22240049012949,3.0,4.0,7.0,4.284000000000001,2.8560000000000003,1.9992,10.0,10.0,9.0,0.9095541401273886,1.428,1.8359999999999999,714,714,front,100.0,0
2026-01-16,v11_seg_weights,90,16,4,False,non_event,712.0,406.6265060240964,305.3734939759036,44.0,107.52372738783998,3.0,5.0,8.0,4.284000000000001,3.5700000000000003,2.2848,12.0,12.0,10.0,1.0914649681528663,1.7136,2.04,714,714,front,100.0,0
2026-01-17,v6a_hit_an,90,17,5,True,event,858.0,48.94578313253012,809.0542168674699,52.0,105.93690111340997,1.0,1.0,9.0,1.4280000000000002,0.7140000000000001,2.5704,12.0,11.0,9.0,1.6166037735849057,2.276521739130435,2.4715384615384615,714,714,front,100.0,0
2026-01-17,v11_seg_weights,90,17,5,True,event,858.0,48.94578313253012,809.0542168674699,52.0,105.93690111340997,1.0,1.0,9.0,1.4280000000000002,0.7140000000000001,2.5704,12.0,11.0,9.0,1.6166037735849057,2.276521739130435,2.4715384615384615,714,714,front,100.0,0
2026-01-18,v6a_hit_an,90,18,6,False,non_event,556.0,-49.24698795180723,605.2469879518072,52.0,103.49485880824074,2.0,2.0,8.0,2.8560000000000003,1.4280000000000002,2.2848,9.0,8.0,8.0,1.3114285714285716,1.68,2.1969230769230768,714,714,front,100.0,0
2026-01-18,v11_seg_weights,90,18,6,False,non_event,494.0,-44.57831325301205,538.5783132530121,50.0,102.57349382915723,2.0,2.0,7.0,2.8560000000000003,1.4280000000000002,1.9992,9.0,8.0,7.0,1.3114285714285716,1.68,1.9223076923076923,714,714,front,100.0,0
2026-01-19,v6a_hit_an,90,19,0,False,non_event,494.0,-31.927710843373493,525.9277108433735,38.0,110.40797779121094,2.0,4.0,10.0,2.8560000000000003,2.8560000000000003,2.856,11.0,9.0,6.0,2.212394366197183,2.793913043478261,2.52,714,714,front,100.0,0
2026-01-19,v11_seg_weights,90,19,0,False,non_event,306.0,-17.771084337349397,323.7710843373494,34.0,105.9760404819564,2.0,4.0,10.0,2.8560000000000003,2.8560000000000003,2.856,11.0,9.0,6.0,2.212394366197183,2.793913043478261,2.52,714,714,front,100.0,0
2026-01-20,v6a_hit_an,90,20,1,False,non_event,-270.0,282.6807228915663,-552.6807228915663,38.0,96.90976075223881,0.0,1.0,1.0,0.0,0.7140000000000001,0.2856,4.0,2.0,1.0,0.5599999999999999,0.4327272727272728,0.2856,714,714,front,100.0,0
2026-01-20,v11_seg_weights,90,20,1,False,non_event,-360.0,289.4578313253012,-649.4578313253012,36.0,95.92574855958571,0.0,1.0,1.0,0.0,0.7140000000000001,0.2856,4.0,1.0,1.0,0.5599999999999999,0.2163636363636364,0.2856,714,714,front,100.0,0
2026-01-21,v6a_hit_an,90,21,2,True,event,862.0,271.9879518072289,590.0120481927711,46.0,104.63352594618677,3.0,3.0,6.0,4.284000000000001,2.1420000000000003,1.7136,8.0,6.0,6.0,1.067663551401869,1.26,1.862608695652174,714,714,front,100.0,0
2026-01-21,v11_seg_weights,90,21,2,True,event,862.0,271.9879518072289,590.0120481927711,46.0,104.63352594618677,3.0,3.0,6.0,4.284000000000001,2.1420000000000003,1.7136,8.0,6.0,6.0,1.067663551401869,1.26,1.862608695652174,714,714,front,100.0,0
2026-01-22,v6a_hit_an,90,22,3,True,event,-200.0,229.96987951807228,-429.9698795180723,34.0,95.14512877140223,0.0,1.0,2.0,0.0,0.7140000000000001,0.5712,5.0,3.0,1.0,0.751578947368421,0.6909677419354839,0.33999999999999997,714,714,front,100.0,0
2026-01-22,v11_seg_weights,90,22,3,True,event,-200.0,229.96987951807228,-429.9698795180723,34.0,95.14512877140223,0.0,1.0,2.0,0.0,0.7140000000000001,0.5712,5.0,3.0,1.0,0.751578947368421,0.6909677419354839,0.33999999999999997,714,714,front,100.0,0
2026-01-23,v6a_hit_an,90,23,4,False,non_event,-264.0,24.849397590361445,-288.84939759036143,26.0,94.43097087329386,0.0,1.0,3.0,0.0,0.7140000000000001,0.8568,4.0,4.0,2.0,0.7515789473684211,1.0777358490566038,0.7718918918918919,714,714,front,100.0,0
2026-01-23,v11_seg_weights,90,23,4,False,non_event,-462.0,39.75903614457831,-501.7590361445783,22.0,92.57051652302806,0.0,1.0,2.0,0.0,0.7140000000000001,0.5712,3.0,3.0,1.0,0.5636842105263158,0.8083018867924529,0.38594594594594595,714,714,front,100.0,0
2026-01-24,v6a_hit_an,90,24,5,False,non_event,662.0,170.18072289156626,491.81927710843377,40.0,108.05774849921116,1.0,3.0,10.0,1.4280000000000002,2.1420000000000003,2.856,12.0,10.0,10.0,1.428,1.7850000000000001,2.5500000000000003,714,714,front,100.0,0
2026-01-24,v11_seg_weights,90,24,5,False,non_event,390.0,190.66265060240963,199.33734939759037,36.0,105.61440379659928,1.0,3.0,9.0,1.4280000000000002,2.1420000000000003,2.5704,11.0,9.0,9.0,1.309,1.6065,2.295,714,714,front,100.0,0
2026-01-25,v6a_hit_an,90,25,6,False,non_event,920.0,42.01807228915663,877.9819277108434,46.0,106.68657874357748,1.0,2.0,6.0,1.4280000000000002,1.4280000000000002,1.7136,12.0,10.0,7.0,1.6320000000000001,1.7850000000000001,1.9223076923076923,714,714,front,100.0,0
2026-01-25,v11_seg_weights,90,25,6,False,non_event,118.0,102.40963855421687,15.590361445783131,40.0,102.15324378606552,1.0,2.0,5.0,1.4280000000000002,1.4280000000000002,1.428,9.0,7.0,5.0,1.224,1.2495,1.373076923076923,714,714,front,100.0,0
2026-01-26,v6a_hit_an,90,26,0,False,non_event,-80.0,191.26506024096386,-271.26506024096386,30.0,100.56096474561765,1.0,1.0,3.0,1.4280000000000002,0.7140000000000001,0.8568,4.0,4.0,3.0,0.6641860465116279,0.9363934426229509,0.9520000000000001,714,714,front,100.0,0
2026-01-26,v11_seg_weights,90,26,0,False,non_event,556.0,143.3734939759036,412.6265060240964,38.0,108.90095856082766,2.0,2.0,6.0,2.8560000000000003,1.4280000000000002,1.7136,7.0,7.0,6.0,1.1623255813953488,1.638688524590164,1.9040000000000001,714,714,front,100.0,0
2026-01-27,v6a_hit_an,90,27,1,True,event,-268.0,358.2831325301205,-626.2831325301205,32.0,98.51783619759992,1.0,2.0,3.0,1.4280000000000002,1.4280000000000002,0.8568,7.0,6.0,6.0,0.7404444444444445,0.883298969072165,1.1578378378378378,714,714,front,100.0,0
2026-01-27,v11_seg_weights,90,27,1,True,event,-268.0,358.2831325301205,-626.2831325301205,32.0,98.51783619759992,1.0,2.0,3.0,1.4280000000000002,1.4280000000000002,0.8568,7.0,6.0,6.0,0.7404444444444445,0.883298969072165,1.1578378378378378,714,714,front,100.0,0
2026-01-28,v6a_hit_an,90,28,2,False,non_event,-612.0,13.55421686746988,-625.5542168674699,32.0,92.8295920016438,0.0,0.0,2.0,0.0,0.0,0.5712,3.0,2.0,0.0,0.5712,0.6346666666666667,0.0,714,714,front,100.0,0
2026-01-28,v11_seg_weights,90,28,2,False,non_event,-744.0,23.49397590361446,-767.4939759036145,24.0,91.94723521410307,0.0,0.0,2.0,0.0,0.0,0.5712,2.0,2.0,0.0,0.3808,0.6346666666666667,0.0,714,714,front,100.0,0
2026-01-29,v6a_hit_an,90,29,3,False,non_event,96.0,-33.8855421686747,129.8855421686747,36.0,97.16514503030899,1.0,2.0,6.0,1.4280000000000002,1.4280000000000002,1.7136,7.0,6.0,5.0,1.3883333333333334,1.7136,1.8789473684210527,714,714,front,100.0,0
2026-01-29,v11_seg_weights,90,29,3,False,non_event,-218.0,-10.240963855421686,-207.75903614457832,34.0,92.99245371553607,1.0,1.0,5.0,1.4280000000000002,0.7140000000000001,1.428,5.0,5.0,4.0,0.9916666666666667,1.428,1.5031578947368422,714,714,front,100.0,0
2026-01-30,v6a_hit_an,90,30,4,False,non_event,370.0,211.29518072289156,158.70481927710844,44.0,99.65999430967993,1.0,3.0,5.0,1.4280000000000002,2.1420000000000003,1.428,10.0,7.0,5.0,1.2310344827586208,1.3508108108108108,1.2526315789473683,714,714,front,100.0,0
2026-01-30,v11_seg_weights,90,30,4,False,non_event,306.0,216.1144578313253,89.8855421686747,44.0,100.80395776115485,1.0,3.0,5.0,1.4280000000000002,2.1420000000000003,1.428,9.0,7.0,5.0,1.1079310344827586,1.3508108108108108,1.2526315789473683,714,714,front,100.0,0
2026-01-31,v6a_hit_an,90,31,5,True,event,82.0,-375.7530120481928,457.7530120481928,38.0,100.56144343953052,0.0,1.0,3.0,0.0,0.7140000000000001,0.8568,8.0,3.0,2.0,1.2835955056179775,0.8083018867924529,0.7718918918918919,714,714,front,100.0,0
2026-01-31,v11_seg_weights,90,31,5,True,event,82.0,-375.7530120481928,457.7530120481928,38.0,100.56144343953052,0.0,1.0,3.0,0.0,0.7140000000000001,0.8568,8.0,3.0,2.0,1.2835955056179775,0.8083018867924529,0.7718918918918919,714,714,front,100.0,0
2026-02-01,v6a_hit_an,90,1,6,True,event,32.0,49.69879518072289,-17.69879518072289,46.0,99.27349100962498,1.0,1.0,1.0,1.4280000000000002,0.7140000000000001,0.2856,2.0,1.0,1.0,0.27728155339805827,0.23409836065573772,0.35700000000000004,714,714,front,100.0,0
2026-02-01,v11_seg_weights,90,1,6,True,event,32.0,49.69879518072289,-17.69879518072289,46.0,99.27349100962498,1.0,1.0,1.0,1.4280000000000002,0.7140000000000001,0.2856,2.0,1.0,1.0,0.27728155339805827,0.23409836065573772,0.35700000000000004,714,714,front,100.0,0
2026-02-02,v6a_hit_an,90,2,0,False,non_event,284.0,84.63855421686748,199.36144578313252,34.0,100.99948237605388,2.0,4.0,6.0,2.8560000000000003,2.8560000000000003,1.7136,9.0,9.0,7.0,1.298181818181818,1.6910526315789474,1.8860377358490565,714,714,front,100.0,0
2026-02-02,v11_seg_weights,90,2,0,False,non_event,542.0,65.21084337349397,476.78915662650604,40.0,103.30415965233436,2.0,3.0,5.0,2.8560000000000003,2.1420000000000003,1.428,11.0,10.0,6.0,1.5866666666666667,1.8789473684210527,1.6166037735849057,714,714,front,100.0,0
2026-02-03,v6a_hit_an,90,3,1,False,non_event,456.0,-100.15060240963855,556.1506024096385,36.0,102.0144018359267,1.0,4.0,9.0,1.4280000000000002,2.8560000000000003,2.5704,10.0,9.0,9.0,1.9297297297297296,2.52,3.3821052631578947,714,714,front,100.0,0
2026-02-03,v11_seg_weights,90,3,1,False,non_event,-58.0,-61.44578313253012,3.445783132530117,30.0,98.28945171076047,0.0,2.0,6.0,0.0,1.4280000000000002,1.7136,8.0,6.0,6.0,1.5437837837837838,1.68,2.254736842105263,714,714,front,100.0,0
2026-02-04,v6a_hit_an,90,4,2,False,non_event,-486.0,120.93373493975903,-606.933734939759,32.0,91.48328206002385,0.0,0.0,2.0,0.0,0.0,0.5712,4.0,2.0,2.0,0.6076595744680852,0.476,0.6799999999999999,714,714,front,100.0,0
2026-02-04,v11_seg_weights,90,4,2,False,non_event,-6.0,84.78915662650603,-90.78915662650603,36.0,94.69267401822992,1.0,2.0,3.0,1.4280000000000002,1.4280000000000002,0.8568,6.0,4.0,3.0,0.9114893617021277,0.952,1.02,714,714,front,100.0,0
2026-02-05,v6a_hit_an,90,5,3,False,non_event,20.0,111.89759036144578,-91.89759036144578,34.0,99.860670232789,1.0,1.0,5.0,1.4280000000000002,0.7140000000000001,1.428,10.0,5.0,4.0,1.6227272727272726,1.373076923076923,1.393170731707317,714,714,front,100.0,0
2026-02-05,v11_seg_weights,90,5,3,False,non_event,26.0,111.44578313253012,-85.44578313253012,32.0,99.11971673984057,1.0,1.0,5.0,1.4280000000000002,0.7140000000000001,1.428,10.0,5.0,4.0,1.6227272727272726,1.373076923076923,1.393170731707317,714,714,front,100.0,0
2026-02-06,v6a_hit_an,90,6,4,False,non_event,484.0,-6.77710843373494,490.77710843373495,42.0,109.04547504630864,1.0,3.0,7.0,1.4280000000000002,2.1420000000000003,1.9992,10.0,8.0,6.0,1.8075949367088608,2.1554716981132076,2.0897560975609757,714,714,front,100.0,0
2026-02-06,v11_seg_weights,90,6,4,False,non_event,270.0,9.337349397590362,260.66265060240966,40.0,107.39583586647835,0.0,2.0,6.0,0.0,1.4280000000000002,1.7136,9.0,7.0,5.0,1.6268354430379748,1.8860377358490565,1.7414634146341463,714,714,front,100.0,0
2026-02-07,v6a_hit_an,90,7,5,True,event,-86.0,228.3132530120482,-314.3132530120482,46.0,100.43035086735426,0.0,1.0,2.0,0.0,0.7140000000000001,0.5712,13.0,8.0,3.0,1.4851199999999998,1.3131034482758621,0.6909677419354839,714,714,front,100.0,0
2026-02-07,v11_seg_weights,90,7,5,True,event,-86.0,228.3132530120482,-314.3132530120482,46.0,100.43035086735426,0.0,1.0,2.0,0.0,0.7140000000000001,0.5712,13.0,8.0,3.0,1.4851199999999998,1.3131034482758621,0.6909677419354839,714,714,front,100.0,0
2026-02-08,v6a_hit_an,90,8,6,False,non_event,-164.0,228.3132530120482,-392.3132530120482,26.0,97.31826210400818,2.0,4.0,6.0,2.8560000000000003,2.8560000000000003,1.7136,9.0,7.0,6.0,1.1683636363636363,1.407887323943662,1.9040000000000001,714,714,front,100.0,0
2026-02-08,v11_seg_weights,90,8,6,False,non_event,636.0,168.0722891566265,467.92771084337346,44.0,102.56718029068512,2.0,4.0,8.0,2.8560000000000003,2.8560000000000003,2.2848,11.0,9.0,7.0,1.428,1.8101408450704224,2.2213333333333334,714,714,front,100.0,0
2026-02-09,v6a_hit_an,90,9,0,False,non_event,-48.0,158.13253012048193,-206.13253012048193,32.0,96.07500720847405,0.0,1.0,3.0,0.0,0.7140000000000001,0.8568,3.0,3.0,2.0,0.5563636363636363,0.8568,0.84,714,714,front,100.0,0
2026-02-09,v11_seg_weights,90,9,0,False,non_event,398.0,124.54819277108433,273.45180722891564,42.0,107.3275024907245,0.0,2.0,6.0,0.0,1.4280000000000002,1.7136,7.0,6.0,4.0,1.298181818181818,1.7136,1.68,714,714,front,100.0,0
2026-02-10,v6a_hit_an,90,10,1,False,non_event,360.0,291.7168674698795,68.2831325301205,38.0,98.20037501243321,0.0,1.0,5.0,0.0,0.7140000000000001,1.428,10.0,6.0,4.0,1.4,1.3599999999999999,1.2417391304347827,714,714,front,100.0,0
2026-02-10,v11_seg_weights,90,10,1,False,non_event,-90.0,325.6024096385542,-415.6024096385542,30.0,96.32595510748284,0.0,0.0,3.0,0.0,0.0,0.8568,8.0,4.0,2.0,1.1199999999999999,0.9066666666666666,0.6208695652173913,714,714,front,100.0,0
2026-02-11,v6a_hit_an,90,11,2,True,event,216.0,24.698795180722893,191.3012048192771,42.0,100.23480498312729,1.0,1.0,5.0,1.4280000000000002,0.7140000000000001,1.428,8.0,6.0,6.0,1.1310891089108912,1.19,1.503157894736842,714,714,front,100.0,0
2026-02-11,v11_seg_weights,90,11,2,True,event,216.0,24.698795180722893,191.3012048192771,42.0,100.23480498312729,1.0,1.0,5.0,1.4280000000000002,0.7140000000000001,1.428,8.0,6.0,6.0,1.1310891089108912,1.19,1.503157894736842,714,714,front,100.0,0
2026-02-12,v6a_hit_an,90,12,3,False,non_event,-14.0,220.18072289156626,-234.18072289156626,42.0,95.87358317098325,0.0,0.0,2.0,0.0,0.0,0.5712,5.0,3.0,1.0,0.802247191011236,0.7386206896551725,0.3245454545454545,714,714,back,100.0,0
2026-02-12,v11_seg_weights,90,12,3,False,non_event,512.0,180.5722891566265,331.42771084337346,50.0,98.06915903092677,0.0,0.0,4.0,0.0,0.0,1.1424,9.0,6.0,3.0,1.4440449438202247,1.477241379310345,0.9736363636363636,714,714,back,100.0,0
2026-02-13,v6a_hit_an,90,13,4,False,non_event,120.0,66.26506024096386,53.73493975903614,36.0,97.73840647790519,2.0,2.0,3.0,2.8560000000000003,1.4280000000000002,0.8568,5.0,3.0,3.0,0.8113636363636363,0.7933333333333333,1.1273684210526316,714,714,back,100.0,0
2026-02-13,v11_seg_weights,90,13,4,False,non_event,122.0,66.1144578313253,55.885542168674704,34.0,98.14997892044028,2.0,2.0,4.0,2.8560000000000003,1.4280000000000002,1.1424,6.0,4.0,3.0,0.9736363636363636,1.0577777777777777,1.1273684210526316,714,714,back,100.0,0
2026-02-14,v6a_hit_an,90,14,5,False,non_event,698.0,85.24096385542168,612.7590361445783,54.0,105.4946949264758,1.0,2.0,6.0,1.4280000000000002,1.4280000000000002,1.7136,11.0,10.0,6.0,1.2875409836065574,1.8545454545454545,1.6166037735849057,714,714,back,100.0,0
2026-02-14,v11_seg_weights,90,14,5,False,non_event,22.0,136.14457831325302,-114.14457831325302,46.0,99.14501542898117,0.0,1.0,2.0,0.0,0.7140000000000001,0.5712,7.0,5.0,2.0,0.819344262295082,0.9272727272727272,0.5388679245283019,714,714,back,100.0,0
2026-02-15,v6a_hit_an,90,15,6,False,non_event,868.0,-100.15060240963855,968.1506024096385,50.0,105.82925746708993,3.0,4.0,7.0,4.284000000000001,2.8560000000000003,1.9992,12.0,11.0,7.0,1.6320000000000001,2.1517808219178085,1.9223076923076923,714,714,back,100.0,0
2026-02-15,v11_seg_weights,90,15,6,False,non_event,1010.0,-110.8433734939759,1120.8433734939758,52.0,106.68660046391615,3.0,4.0,7.0,4.284000000000001,2.8560000000000003,1.9992,12.0,11.0,7.0,1.6320000000000001,2.1517808219178085,1.9223076923076923,714,714,back,100.0,0
2026-02-16,v6a_hit_an,90,16,0,False,non_event,18.0,19.427710843373493,-1.427710843373493,40.0,104.24641509609293,2.0,2.0,2.0,2.8560000000000003,1.4280000000000002,0.5712,2.0,2.0,2.0,0.46819672131147544,0.7515789473684211,0.9848275862068966,714,714,back,100.0,0
2026-02-16,v11_seg_weights,90,16,0,False,non_event,-20.0,22.289156626506024,-42.28915662650603,34.0,102.8870000825696,2.0,2.0,2.0,2.8560000000000003,1.4280000000000002,0.5712,2.0,2.0,2.0,0.46819672131147544,0.7515789473684211,0.9848275862068966,714,714,back,100.0,0
2026-02-17,v6a_hit_an,90,17,1,True,event,378.0,6.174698795180723,371.82530120481925,36.0,99.25061861489357,3.0,3.0,4.0,4.284000000000001,2.1420000000000003,1.1424,10.0,7.0,4.0,1.263716814159292,1.4486956521739132,1.19,714,714,back,100.0,0
2026-02-17,v11_seg_weights,90,17,1,True,event,378.0,6.174698795180723,371.82530120481925,36.0,99.25061861489357,3.0,3.0,4.0,4.284000000000001,2.1420000000000003,1.1424,10.0,7.0,4.0,1.263716814159292,1.4486956521739132,1.19,714,714,back,100.0,0
2026-02-18,v6a_hit_an,90,18,2,False,non_event,-706.0,166.26506024096386,-872.2650602409639,26.0,93.57960271454225,0.0,0.0,3.0,0.0,0.0,0.8568,6.0,4.0,2.0,0.9212903225806451,0.9848275862068966,0.7933333333333333,714,714,back,100.0,0
2026-02-18,v11_seg_weights,90,18,2,False,non_event,-406.0,143.67469879518072,-549.6746987951807,30.0,91.83039229371856,0.0,0.0,4.0,0.0,0.0,1.1424,7.0,4.0,3.0,1.0748387096774195,0.9848275862068966,1.19,714,714,back,100.0,0
2026-02-19,v6a_hit_an,90,19,3,False,non_event,182.0,225.75301204819277,-43.75301204819277,34.0,98.87156984607108,1.0,1.0,4.0,1.4280000000000002,0.7140000000000001,1.1424,4.0,4.0,4.0,0.6799999999999999,1.0385454545454544,1.5437837837837838,714,714,back,100.0,0
2026-02-19,v11_seg_weights,90,19,3,False,non_event,414.0,208.28313253012047,205.71686746987953,34.0,113.70548615865697,1.0,2.0,6.0,1.4280000000000002,1.4280000000000002,1.7136,6.0,6.0,6.0,1.02,1.5578181818181818,2.3156756756756756,714,714,back,100.0,0
2026-02-20,v6a_hit_an,90,20,4,False,non_event,-44.0,0.0,-44.0,44.0,98.08112839343747,1.0,1.0,4.0,1.4280000000000002,0.7140000000000001,1.1424,6.0,5.0,3.0,1.1578378378378378,1.4,1.224,714,714,back,100.0,0
2026-02-20,v11_seg_weights,90,20,4,False,non_event,126.0,-12.801204819277109,138.8012048192771,46.0,100.20906100348492,1.0,1.0,6.0,1.4280000000000002,0.7140000000000001,1.7136,7.0,6.0,4.0,1.3508108108108108,1.68,1.632,714,714,back,100.0,0
2026-02-21,v6a_hit_an,90,21,5,True,event,866.0,-281.4759036144578,1147.4759036144578,42.0,107.78196007626795,2.0,5.0,9.0,2.8560000000000003,3.5700000000000003,2.5704,14.0,10.0,8.0,2.3246511627906976,2.420338983050847,2.596363636363636,714,714,back,100.0,0
2026-02-21,v11_seg_weights,90,21,5,True,event,866.0,-281.4759036144578,1147.4759036144578,42.0,107.78196007626795,2.0,5.0,9.0,2.8560000000000003,3.5700000000000003,2.5704,14.0,10.0,8.0,2.3246511627906976,2.420338983050847,2.596363636363636,714,714,back,100.0,0
2026-02-22,v6a_hit_an,90,22,6,True,event,136.0,685.843373493976,-549.843373493976,40.0,101.43009372768388,0.0,0.0,3.0,0.0,0.0,0.8568,11.0,9.0,6.0,1.1140425531914893,1.2124528301886792,1.1127272727272726,714,714,back,100.0,0
2026-02-22,v11_seg_weights,90,22,6,True,event,136.0,685.843373493976,-549.843373493976,40.0,101.43009372768388,0.0,0.0,3.0,0.0,0.0,0.8568,11.0,9.0,6.0,1.1140425531914893,1.2124528301886792,1.1127272727272726,714,714,back,100.0,0
2026-02-23,v6a_hit_an,90,23,0,False,non_event,-450.0,-163.1024096385542,-286.8975903614458,32.0,94.02048293894427,0.0,1.0,4.0,0.0,0.7140000000000001,1.1424,8.0,4.0,2.0,1.2693333333333334,1.02,0.7933333333333333,714,714,back,100.0,0
2026-02-23,v11_seg_weights,90,23,0,False,non_event,-258.0,-177.56024096385542,-80.43975903614458,34.0,95.28462014211091,0.0,2.0,5.0,0.0,1.4280000000000002,1.428,9.0,5.0,3.0,1.428,1.2750000000000001,1.19,714,714,back,100.0,0
2026-02-24,v6a_hit_an,90,24,1,False,non_event,616.0,48.795180722891565,567.2048192771084,36.0,99.35570880765019,2.0,3.0,8.0,2.8560000000000003,2.1420000000000003,2.2848,11.0,11.0,6.0,2.04,2.805,2.04,714,714,back,100.0,0
2026-02-24,v11_seg_weights,90,24,1,False,non_event,316.0,71.3855421686747,244.6144578313253,36.0,101.06908574067461,2.0,3.0,7.0,2.8560000000000003,2.1420000000000003,1.9992,8.0,7.0,5.0,1.4836363636363634,1.7850000000000001,1.7,714,714,back,100.0,0
2026-02-25,v6a_hit_an,90,25,2,False,non_event,202.0,26.204819277108435,175.79518072289156,36.0,96.83659377685139,3.0,3.0,4.0,4.284000000000001,2.1420000000000003,1.1424,7.0,5.0,3.0,1.19,1.1704918032786886,1.0448780487804878,714,714,back,100.0,0
2026-02-25,v11_seg_weights,90,25,2,False,non_event,46.0,37.95180722891566,8.048192771084338,38.0,96.53730783760363,3.0,3.0,6.0,4.284000000000001,2.1420000000000003,1.7136,7.0,6.0,3.0,1.19,1.4045901639344263,1.0448780487804878,714,714,back,100.0,0
2026-02-26,v6a_hit_an,90,26,3,False,non_event,652.0,37.80120481927711,614.1987951807229,46.0,104.44094609757869,2.0,4.0,5.0,2.8560000000000003,2.8560000000000003,1.428,9.0,5.0,5.0,1.7136,1.428,1.7850000000000001,714,714,back,100.0,0
2026-02-26,v11_seg_weights,90,26,3,False,non_event,346.0,60.8433734939759,285.1566265060241,38.0,102.52316633364404,2.0,3.0,5.0,2.8560000000000003,2.1420000000000003,1.428,7.0,5.0,4.0,1.3328,1.428,1.4280000000000002,714,714,back,100.0,0
2026-02-27,v6a_hit_an,90,27,4,True,event,476.0,-42.46987951807229,518.4698795180723,46.0,102.95905417034518,1.0,2.0,9.0,1.4280000000000002,1.4280000000000002,2.5704,13.0,10.0,9.0,1.628421052631579,1.8545454545454545,2.52,714,714,back,100.0,0
2026-02-27,v11_seg_weights,90,27,4,True,event,476.0,-42.46987951807229,518.4698795180723,46.0,102.95905417034518,1.0,2.0,9.0,1.4280000000000002,1.4280000000000002,2.5704,13.0,10.0,9.0,1.628421052631579,1.8545454545454545,2.52,714,714,back,100.0,0
2026-02-28,v6a_hit_an,90,28,5,True,event,798.0,490.5120481927711,307.4879518072289,44.0,106.18865650843884,0.0,2.0,5.0,0.0,1.4280000000000002,1.428,14.0,10.0,6.0,1.2043373493975904,1.3471698113207546,1.1127272727272726,714,714,back,100.0,0
2026-02-28,v11_seg_weights,90,28,5,True,event,798.0,490.5120481927711,307.4879518072289,44.0,106.18865650843884,0.0,2.0,5.0,0.0,1.4280000000000002,1.428,14.0,10.0,6.0,1.2043373493975904,1.3471698113207546,1.1127272727272726,714,714,back,100.0,0
2026-03-01,v6a_hit_an,90,1,6,True,event,1162.0,203.0120481927711,958.9879518072289,66.0,106.54529489922868,1.0,2.0,5.0,1.4280000000000002,1.4280000000000002,1.428,16.0,7.0,6.0,1.68,1.2190243902439024,1.6476923076923078,714,714,back,100.0,0
2026-03-01,v11_seg_weights,90,1,6,True,event,1162.0,203.0120481927711,958.9879518072289,66.0,106.54529489922868,1.0,2.0,5.0,1.4280000000000002,1.4280000000000002,1.428,16.0,7.0,6.0,1.68,1.2190243902439024,1.6476923076923078,714,714,back,100.0,0
2026-03-02,v6a_hit_an,90,2,0,False,non_event,-382.0,127.10843373493977,-509.10843373493975,24.0,95.14753303124031,0.0,0.0,4.0,0.0,0.0,1.1424,6.0,5.0,4.0,1.008,1.2101694915254235,1.3283720930232559,714,714,back,100.0,0
2026-03-02,v11_seg_weights,90,2,0,False,non_event,-250.0,117.16867469879519,-367.1686746987952,22.0,92.78849541870999,0.0,2.0,6.0,0.0,1.4280000000000002,1.7136,7.0,7.0,6.0,1.176,1.6942372881355932,1.9925581395348837,714,714,back,100.0,0
2026-03-03,v6a_hit_an,90,3,1,False,non_event,502.0,251.05421686746988,250.94578313253012,42.0,103.514271019687,1.0,2.0,3.0,1.4280000000000002,1.4280000000000002,0.8568,9.0,9.0,4.0,1.1578378378378378,1.6268354430379748,0.9681355932203389,714,714,back,100.0,0
2026-03-03,v11_seg_weights,90,3,1,False,non_event,1274.0,192.92168674698794,1081.078313253012,44.0,108.59714355942522,3.0,5.0,8.0,4.284000000000001,3.5700000000000003,2.2848,12.0,12.0,8.0,1.5437837837837838,2.1691139240506327,1.9362711864406779,714,714,back,100.0,0
2026-03-04,v6a_hit_an,90,4,2,False,non_event,16.0,113.25301204819277,-97.25301204819277,28.000000000000004,96.0427817107053,1.0,2.0,3.0,1.4280000000000002,1.4280000000000002,0.8568,7.0,5.0,3.0,1.1489655172413793,1.2310344827586208,1.1273684210526316,714,714,back,100.0,0
2026-03-04,v11_seg_weights,90,4,2,False,non_event,80.0,108.43373493975903,-28.433734939759034,30.0,95.99122548030397,2.0,2.0,4.0,2.8560000000000003,1.4280000000000002,1.1424,7.0,6.0,3.0,1.1489655172413793,1.477241379310345,1.1273684210526316,714,714,back,100.0,0
2026-03-05,v6a_hit_an,90,5,3,False,non_event,-54.0,89.60843373493977,-143.60843373493975,34.0,98.37722835964986,1.0,1.0,4.0,1.4280000000000002,0.7140000000000001,1.1424,7.0,3.0,1.0,1.2815384615384615,0.9520000000000001,0.5288888888888889,714,714,back,100.0,0
2026-03-05,v11_seg_weights,90,5,3,False,non_event,618.0,39.006024096385545,578.9939759036145,38.0,102.27379596032063,3.0,4.0,6.0,4.284000000000001,2.8560000000000003,1.7136,11.0,6.0,4.0,2.0138461538461536,1.9040000000000001,2.1155555555555554,714,714,back,100.0,0
2026-03-06,v6a_hit_an,90,6,4,False,non_event,164.0,38.102409638554214,125.8975903614458,36.0,103.26767310134235,2.0,3.0,4.0,2.8560000000000003,2.1420000000000003,1.1424,5.0,4.0,4.0,1.0347826086956522,1.0984615384615384,1.5031578947368422,714,714,back,100.0,0
2026-03-06,v11_seg_weights,90,6,4,False,non_event,274.0,29.819277108433734,244.18072289156626,38.0,103.7350572715175,2.0,3.0,4.0,2.8560000000000003,2.1420000000000003,1.1424,6.0,4.0,4.0,1.2417391304347827,1.0984615384615384,1.5031578947368422,714,714,back,100.0,0
2026-03-07,v6a_hit_an,90,7,5,True,event,32.0,-124.54819277108433,156.54819277108433,38.0,106.40876150342757,3.0,3.0,7.0,4.284000000000001,2.1420000000000003,1.9992,8.0,8.0,6.0,1.1777319587628867,1.8727868852459018,2.3156756756756756,714,714,back,100.0,0
2026-03-07,v11_seg_weights,90,7,5,True,event,32.0,-124.54819277108433,156.54819277108433,38.0,106.40876150342757,3.0,3.0,7.0,4.284000000000001,2.1420000000000003,1.9992,8.0,8.0,6.0,1.1777319587628867,1.8727868852459018,2.3156756756756756,714,714,back,100.0,0
2026-03-08,v6a_hit_an,90,8,6,False,non_event,192.0,110.09036144578313,81.90963855421687,48.0,98.8433307867174,0.0,1.0,2.0,0.0,0.7140000000000001,0.5712,10.0,7.0,2.0,1.36,1.3693150684931508,0.5010526315789474,714,714,back,100.0,0
2026-03-08,v11_seg_weights,90,8,6,False,non_event,608.0,78.76506024096386,529.2349397590361,44.0,103.91853476213763,1.0,2.0,7.0,1.4280000000000002,1.4280000000000002,1.9992,13.0,12.0,8.0,1.768,2.347397260273973,2.0042105263157897,714,714,back,100.0,0
2026-03-09,v6a_hit_an,90,9,0,False,non_event,-400.0,-3.9156626506024095,-396.0843373493976,16.0,91.34589842803756,1.0,1.0,3.0,1.4280000000000002,0.7140000000000001,0.8568,3.0,3.0,3.0,0.7261016949152541,1.0984615384615384,1.53,714,714,back,100.0,0
2026-03-09,v11_seg_weights,90,9,0,False,non_event,-64.0,-29.216867469879517,-34.78313253012048,18.0,100.38648742647246,3.0,3.0,5.0,4.284000000000001,2.1420000000000003,1.428,5.0,5.0,5.0,1.2101694915254235,1.8307692307692307,2.5500000000000003,714,714,back,100.0,0
2026-03-10,v6a_hit_an,90,10,1,False,non_event,-280.0,-43.975903614457835,-236.02409638554218,32.0,92.33413385985497,0.0,0.0,3.0,0.0,0.0,0.8568,7.0,2.0,1.0,1.3693150684931508,0.6799999999999999,0.44625,714,714,back,100.0,0
2026-03-10,v11_seg_weights,90,10,1,False,non_event,-288.0,-43.373493975903614,-244.6265060240964,34.0,92.72909125154072,0.0,0.0,2.0,0.0,0.0,0.5712,7.0,1.0,0.0,1.3693150684931508,0.33999999999999997,0.0,714,714,back,100.0,0
2026-03-11,v6a_hit_an,90,11,2,True,event,1184.0,129.96987951807228,1054.0301204819277,46.0,104.73765636876875,1.0,3.0,8.0,1.4280000000000002,2.1420000000000003,2.2848,14.0,14.0,10.0,1.8511111111111112,2.6656,2.5052631578947366,714,714,back,100.0,0
2026-03-11,v11_seg_weights,90,11,2,True,event,1184.0,129.96987951807228,1054.0301204819277,46.0,104.73765636876875,1.0,3.0,8.0,1.4280000000000002,2.1420000000000003,2.2848,14.0,14.0,10.0,1.8511111111111112,2.6656,2.5052631578947366,714,714,back,100.0,0
2026-03-12,v6a_hit_an,90,12,3,False,non_event,-140.0,45.33132530120482,-185.33132530120483,26.0,95.65963583119789,0.0,1.0,3.0,0.0,0.7140000000000001,0.8568,4.0,3.0,1.0,0.84,0.9114893617021277,0.39666666666666667,714,714,back,100.0,0
2026-03-12,v11_seg_weights,90,12,3,False,non_event,-154.0,46.3855421686747,-200.3855421686747,28.000000000000004,94.55408836593122,0.0,2.0,4.0,0.0,1.4280000000000002,1.1424,5.0,4.0,2.0,1.05,1.2153191489361703,0.7933333333333333,714,714,back,100.0,0
2026-03-13,v6a_hit_an,90,13,4,False,non_event,152.0,-43.825301204819276,195.82530120481928,36.0,97.39667916200465,1.0,3.0,5.0,1.4280000000000002,2.1420000000000003,1.428,7.0,4.0,4.0,1.2495,1.2417391304347827,1.904,714,714,back,100.0,0
2026-03-13,v11_seg_weights,90,13,4,False,non_event,-178.0,-18.97590361445783,-159.02409638554218,30.0,95.97777298015238,1.0,3.0,5.0,1.4280000000000002,2.1420000000000003,1.428,8.0,4.0,4.0,1.4280000000000002,1.2417391304347827,1.904,714,714,back,100.0,0
2026-03-14,v6a_hit_an,90,14,5,False,non_event,102.0,310.39156626506025,-208.39156626506025,48.0,100.23428102083466,0.0,0.0,1.0,0.0,0.0,0.2856,6.0,4.0,3.0,0.6746456692913385,0.7140000000000001,0.6490909090909092,714,714,back,100.0,0
2026-03-14,v11_seg_weights,90,14,5,False,non_event,528.0,278.31325301204816,249.68674698795184,54.0,102.5954921338228,0.0,0.0,4.0,0.0,0.0,1.1424,11.0,7.0,6.0,1.2368503937007873,1.2495,1.2981818181818183,714,714,back,100.0,0
2026-03-15,v6a_hit_an,90,15,6,False,non_event,118.0,88.10240963855422,29.89759036144578,44.0,100.32016461816656,1.0,2.0,3.0,1.4280000000000002,1.4280000000000002,0.8568,8.0,6.0,4.0,1.1424,1.1736986301369865,1.0777358490566038,714,714,back,100.0,0
2026-03-15,v11_seg_weights,90,15,6,False,non_event,144.0,86.144578313253,57.85542168674699,44.0,100.39988514615463,1.0,2.0,3.0,1.4280000000000002,1.4280000000000002,0.8568,8.0,6.0,4.0,1.1424,1.1736986301369865,1.0777358490566038,714,714,back,100.0,0
2026-03-16,v6a_hit_an,90,16,0,False,non_event,126.0,267.01807228915663,-141.01807228915663,38.0,98.05099964463805,0.0,1.0,4.0,0.0,0.7140000000000001,1.1424,6.0,4.0,3.0,1.1424,1.1424,1.0710000000000002,714,714,back,100.0,0
2026-03-16,v11_seg_weights,90,16,0,False,non_event,284.0,255.12048192771084,28.87951807228916,46.0,104.48245799892653,0.0,2.0,5.0,0.0,1.4280000000000002,1.428,6.0,5.0,4.0,1.1424,1.428,1.4280000000000002,714,714,back,100.0,0
2026-03-17,v6a_hit_an,90,17,1,True,event,424.0,156.9277108433735,267.07228915662654,40.0,101.70305609040011,0.0,1.0,5.0,0.0,0.7140000000000001,1.428,9.0,8.0,5.0,1.247766990291262,1.7575384615384617,1.4571428571428573,714,714,back,100.0,0
2026-03-17,v11_seg_weights,90,17,1,True,event,424.0,156.9277108433735,267.07228915662654,40.0,101.70305609040011,0.0,1.0,5.0,0.0,0.7140000000000001,1.428,9.0,8.0,5.0,1.247766990291262,1.7575384615384617,1.4571428571428573,714,714,back,100.0,0
2026-03-18,v6a_hit_an,90,18,2,False,non_event,154.0,-53.16265060240964,207.16265060240966,36.0,95.59384388262124,2.0,3.0,5.0,2.8560000000000003,2.1420000000000003,1.428,6.0,5.0,4.0,1.2417391304347827,1.4875,1.68,714,714,back,100.0,0
2026-03-18,v11_seg_weights,90,18,2,False,non_event,280.0,-62.65060240963855,342.65060240963857,40.0,101.0850644112522,2.0,3.0,8.0,2.8560000000000003,2.1420000000000003,2.2848,8.0,8.0,6.0,1.6556521739130436,2.38,2.52,714,714,back,100.0,0
2026-03-19,v6a_hit_an,90,19,3,False,non_event,106.0,51.355421686746986,54.644578313253014,38.0,102.20497194617809,1.0,2.0,6.0,1.4280000000000002,1.4280000000000002,1.7136,6.0,6.0,3.0,1.2417391304347827,1.9472727272727273,1.477241379310345,714,714,back,100.0,0
2026-03-19,v11_seg_weights,90,19,3,False,non_event,-76.0,65.06024096385542,-141.06024096385542,34.0,96.26551915796362,0.0,1.0,4.0,0.0,0.7140000000000001,1.1424,5.0,4.0,2.0,1.0347826086956522,1.298181818181818,0.9848275862068966,714,714,back,100.0,0
2026-03-20,v6a_hit_an,90,20,4,False,non_event,-34.0,-3.9156626506024095,-30.08433734939759,36.0,101.58896634817839,2.0,3.0,6.0,2.8560000000000003,2.1420000000000003,1.7136,8.0,6.0,4.0,1.2153191489361703,1.477241379310345,1.4646153846153847,714,714,back,100.0,0
2026-03-20,v11_seg_weights,90,20,4,False,non_event,-264.0,13.403614457831326,-277.40361445783134,36.0,99.19407421122918,2.0,2.0,5.0,2.8560000000000003,1.4280000000000002,1.428,7.0,5.0,3.0,1.063404255319149,1.2310344827586208,1.0984615384615384,714,714,back,100.0,0
2026-03-21,v6a_hit_an,90,21,5,True,event,164.0,217.92168674698794,-53.921686746987945,44.0,101.68041460933095,0.0,0.0,6.0,0.0,0.0,1.7136,10.0,8.0,6.0,1.3222222222222222,1.5437837837837838,1.7136,714,714,back,100.0,0
2026-03-21,v11_seg_weights,90,21,5,True,event,164.0,217.92168674698794,-53.921686746987945,44.0,101.68041460933095,0.0,0.0,6.0,0.0,0.0,1.7136,10.0,8.0,6.0,1.3222222222222222,1.5437837837837838,1.7136,714,714,back,100.0,0
2026-03-22,v6a_hit_an,90,22,6,True,event,-444.0,-139.30722891566265,-304.6927710843373,34.0,95.79949401653533,2.0,2.0,2.0,2.8560000000000003,1.4280000000000002,0.5712,5.0,2.0,2.0,0.802247191011236,0.6208695652173913,0.84,714,714,back,100.0,0
2026-03-22,v11_seg_weights,90,22,6,True,event,-444.0,-139.30722891566265,-304.6927710843373,34.0,95.79949401653533,2.0,2.0,2.0,2.8560000000000003,1.4280000000000002,0.5712,5.0,2.0,2.0,0.802247191011236,0.6208695652173913,0.84,714,714,back,100.0,0
2026-03-23,v6a_hit_an,90,23,0,False,non_event,-302.0,161.44578313253012,-463.4457831325301,26.0,92.63265742087383,0.0,1.0,3.0,0.0,0.7140000000000001,0.8568,3.0,3.0,3.0,0.5789189189189189,0.8742857142857143,1.224,714,714,back,100.0,0
2026-03-23,v11_seg_weights,90,23,0,False,non_event,38.0,135.84337349397592,-97.84337349397592,32.0,96.7821318755426,0.0,2.0,5.0,0.0,1.4280000000000002,1.428,5.0,5.0,4.0,0.9648648648648648,1.4571428571428573,1.632,714,714,back,100.0,0
2026-03-24,v6a_hit_an,90,24,1,False,non_event,-472.0,127.56024096385542,-599.5602409638554,30.0,99.95909859332662,0.0,1.0,2.0,0.0,0.7140000000000001,0.5712,4.0,2.0,1.0,0.7230379746835444,0.6208695652173913,0.4327272727272728,714,714,back,100.0,0
2026-03-24,v11_seg_weights,90,24,1,False,non_event,-548.0,133.28313253012047,-681.2831325301205,30.0,97.09378157394438,0.0,2.0,3.0,0.0,1.4280000000000002,0.8568,3.0,3.0,3.0,0.5422784810126582,0.931304347826087,1.2981818181818183,714,714,back,100.0,0
2026-03-25,v6a_hit_an,90,25,2,False,non_event,-66.0,16.566265060240966,-82.56626506024097,36.0,105.73788033091253,0.0,1.0,2.0,0.0,0.7140000000000001,0.5712,3.0,3.0,2.0,0.48134831460674155,0.765,0.7323076923076923,714,714,back,100.0,0
2026-03-25,v11_seg_weights,90,25,2,False,non_event,8.0,10.993975903614459,-2.9939759036144586,38.0,106.42846592474095,0.0,1.0,3.0,0.0,0.7140000000000001,0.8568,4.0,4.0,3.0,0.6417977528089888,1.02,1.0984615384615384,714,714,back,100.0,0
2026-03-26,v6a_hit_an,90,26,3,False,non_event,-294.0,79.66867469879519,-373.6686746987952,24.0,95.60346158419378,0.0,0.0,1.0,0.0,0.0,0.2856,4.0,0.0,0.0,0.8925,0.0,0.0,714,714,back,100.0,0
2026-03-26,v11_seg_weights,90,26,3,False,non_event,-140.0,68.07228915662651,-208.0722891566265,32.0,97.72140645557552,0.0,0.0,1.0,0.0,0.0,0.2856,3.0,0.0,0.0,0.6693749999999999,0.0,0.0,714,714,back,100.0,0
2026-03-27,v6a_hit_an,90,27,4,True,event,602.0,30.120481927710845,571.8795180722891,52.0,102.95226689893357,2.0,3.0,5.0,2.8560000000000003,2.1420000000000003,1.428,11.0,9.0,5.0,1.5552475247524753,1.7850000000000001,1.5191489361702128,714,714,back,100.0,0
2026-03-27,v11_seg_weights,90,27,4,True,event,602.0,30.120481927710845,571.8795180722891,52.0,102.95226689893357,2.0,3.0,5.0,2.8560000000000003,2.1420000000000003,1.428,11.0,9.0,5.0,1.5552475247524753,1.7850000000000001,1.5191489361702128,714,714,back,100.0,0
2026-03-28,v6a_hit_an,90,28,5,False,non_event,912.0,268.82530120481925,643.1746987951808,48.0,107.51244610541508,0.0,2.0,7.0,0.0,1.4280000000000002,1.9992,14.0,12.0,9.0,1.612258064516129,2.04,2.1783050847457623,714,714,back,100.0,0
2026-03-28,v11_seg_weights,90,28,5,False,non_event,1028.0,260.0903614457831,767.9096385542168,48.0,109.25867918666648,0.0,3.0,8.0,0.0,2.1420000000000003,2.2848,14.0,12.0,10.0,1.612258064516129,2.04,2.420338983050847,714,714,back,100.0,0
2026-03-29,v6a_hit_an,90,29,6,False,non_event,10.0,-110.09036144578313,120.09036144578313,30.0,96.87386353248876,1.0,1.0,4.0,1.4280000000000002,0.7140000000000001,1.1424,6.0,5.0,3.0,0.9415384615384617,1.0984615384615386,0.9962790697674418,714,714,back,100.0,0
2026-03-29,v11_seg_weights,90,29,6,False,non_event,-382.0,-80.57228915662651,-301.42771084337346,28.000000000000004,94.87055537253752,1.0,1.0,3.0,1.4280000000000002,0.7140000000000001,0.8568,5.0,4.0,2.0,0.7846153846153847,0.8787692307692309,0.6641860465116279,714,714,back,100.0,0
2026-03-30,v6a_hit_an,90,30,0,False,non_event,-292.0,311.144578313253,-603.1445783132531,40.0,94.8122610205826,0.0,0.0,4.0,0.0,0.0,1.1424,7.0,6.0,4.0,0.8846017699115044,1.1273684210526316,1.02,714,714,back,100.0,0
2026-03-30,v11_seg_weights,90,30,0,False,non_event,62.0,284.4879518072289,-222.4879518072289,42.0,96.55078353397137,0.0,0.0,7.0,0.0,0.0,1.9992,9.0,8.0,7.0,1.1373451327433628,1.5031578947368422,1.7850000000000001,714,714,back,100.0,0
2026-03-31,v6a_hit_an,90,31,1,True,event,-252.0,65.96385542168674,-317.96385542168673,36.0,95.43402387947721,0.0,1.0,4.0,0.0,0.7140000000000001,1.1424,5.0,4.0,2.0,0.7360824742268042,0.8925,0.6641860465116279,714,714,back,100.0,0
2026-03-31,v11_seg_weights,90,31,1,True,event,-252.0,65.96385542168674,-317.96385542168673,36.0,95.43402387947721,0.0,1.0,4.0,0.0,0.7140000000000001,1.1424,5.0,4.0,2.0,0.7360824742268042,0.8925,0.6641860465116279,714,714,back,100.0,0
2026-04-01,v6a_hit_an,90,1,2,True,event,762.0,217.46987951807228,544.5301204819277,56.00000000000001,102.71308555507727,0.0,0.0,3.0,0.0,0.0,0.8568,10.0,6.0,2.0,1.298181818181818,1.1578378378378378,0.6641860465116279,714,714,back,100.0,0
2026-04-01,v11_seg_weights,90,1,2,True,event,762.0,217.46987951807228,544.5301204819277,56.00000000000001,102.71308555507727,0.0,0.0,3.0,0.0,0.0,0.8568,10.0,6.0,2.0,1.298181818181818,1.1578378378378378,0.6641860465116279,714,714,back,100.0,0
2026-04-02,v6a_hit_an,90,2,3,False,non_event,500.0,196.9879518072289,303.0120481927711,36.0,108.10877273697443,3.0,5.0,5.0,4.284000000000001,3.5700000000000003,1.428,6.0,5.0,5.0,0.9848275862068966,1.4,1.7414634146341463,714,714,back,100.0,0
2026-04-02,v11_seg_weights,90,2,3,False,non_event,402.0,204.36746987951807,197.63253012048193,38.0,105.93018715138687,2.0,4.0,4.0,2.8560000000000003,2.8560000000000003,1.1424,6.0,4.0,4.0,0.9848275862068966,1.1199999999999999,1.393170731707317,714,714,back,100.0,0
2026-04-03,v6a_hit_an,90,3,4,False,non_event,-132.0,140.66265060240963,-272.6626506024096,30.0,93.92988217351851,0.0,0.0,5.0,0.0,0.0,1.428,7.0,5.0,4.0,1.176,1.3471698113207546,1.5031578947368422,714,714,back,100.0,0
2026-04-03,v11_seg_weights,90,3,4,False,non_event,90.0,123.94578313253012,-33.945783132530124,36.0,97.2172740208745,0.0,0.0,6.0,0.0,0.0,1.7136,8.0,6.0,3.0,1.3439999999999999,1.6166037735849057,1.1273684210526316,714,714,back,100.0,0
2026-04-04,v6a_hit_an,90,4,5,False,non_event,442.0,331.0240963855422,110.97590361445782,44.0,102.81739548268322,1.0,1.0,5.0,1.4280000000000002,0.7140000000000001,1.428,11.0,8.0,7.0,1.0758904109589043,1.1777319587628867,1.3508108108108108,714,714,back,100.0,0
2026-04-04,v11_seg_weights,90,4,5,False,non_event,232.0,346.83734939759034,-114.83734939759034,44.0,100.19615097328847,0.0,1.0,5.0,0.0,0.7140000000000001,1.428,9.0,7.0,6.0,0.8802739726027398,1.0305154639175258,1.1578378378378378,714,714,back,100.0,0
2026-04-05,v6a_hit_an,90,5,6,False,non_event,348.0,9.036144578313253,338.96385542168673,42.0,103.30522520022564,1.0,2.0,8.0,1.4280000000000002,1.4280000000000002,2.2848,12.0,11.0,7.0,1.6320000000000001,2.3800000000000003,2.2213333333333334,714,714,back,100.0,0
2026-04-05,v11_seg_weights,90,5,6,False,non_event,636.0,-12.650602409638553,648.6506024096385,48.0,104.25973970240052,1.0,2.0,8.0,1.4280000000000002,1.4280000000000002,2.2848,14.0,11.0,7.0,1.9040000000000001,2.3800000000000003,2.2213333333333334,714,714,back,100.0,0
2026-04-06,v6a_hit_an,90,6,0,False,non_event,68.0,72.74096385542168,-4.740963855421683,36.0,98.36977002302383,1.0,1.0,3.0,1.4280000000000002,0.7140000000000001,0.8568,5.0,3.0,2.0,0.9272727272727272,0.9114893617021277,1.0577777777777777,714,714,back,100.0,0
2026-04-06,v11_seg_weights,90,6,0,False,non_event,494.0,40.66265060240964,453.33734939759034,42.0,101.82793376039459,2.0,3.0,5.0,2.8560000000000003,2.1420000000000003,1.428,6.0,5.0,3.0,1.1127272727272726,1.5191489361702128,1.5866666666666667,714,714,back,100.0,0
2026-04-07,v6a_hit_an,90,7,1,True,event,-196.0,209.03614457831324,-405.03614457831327,40.0,97.32758173624721,0.0,1.0,3.0,0.0,0.7140000000000001,0.8568,6.0,6.0,3.0,0.7789090909090909,1.0984615384615384,0.9114893617021277,714,714,back,100.0,0
2026-04-07,v11_seg_weights,90,7,1,True,event,-196.0,209.03614457831324,-405.03614457831327,40.0,97.32758173624721,0.0,1.0,3.0,0.0,0.7140000000000001,0.8568,6.0,6.0,3.0,0.7789090909090909,1.0984615384615384,0.9114893617021277,714,714,back,100.0,0
2026-04-08,v6a_hit_an,90,8,2,False,non_event,756.0,168.3734939759036,587.6265060240964,38.0,103.85627973184613,2.0,4.0,8.0,2.8560000000000003,2.8560000000000003,2.2848,10.0,9.0,6.0,1.6227272727272726,2.295,2.1969230769230768,714,714,back,100.0,0
2026-04-08,v11_seg_weights,90,8,2,False,non_event,324.0,200.90361445783134,123.09638554216866,32.0,100.59408113968784,2.0,4.0,6.0,2.8560000000000003,2.8560000000000003,1.7136,7.0,6.0,5.0,1.1359090909090908,1.53,1.8307692307692307,714,714,back,100.0,0
2026-04-09,v6a_hit_an,90,9,3,False,non_event,-236.0,34.63855421686747,-270.6385542168675,30.0,97.38443335120918,1.0,1.0,2.0,1.4280000000000002,0.7140000000000001,0.5712,4.0,2.0,2.0,0.9363934426229509,0.7323076923076923,1.0984615384615384,714,714,back,100.0,0
2026-04-09,v11_seg_weights,90,9,3,False,non_event,-422.0,48.644578313253014,-470.644578313253,32.0,94.8818842092478,0.0,0.0,1.0,0.0,0.0,0.2856,3.0,1.0,1.0,0.7022950819672131,0.36615384615384616,0.5492307692307692,714,714,back,100.0,0
2026-04-10,v6a_hit_an,90,10,4,False,non_event,806.0,21.234939759036145,784.7650602409639,46.0,103.97613758684136,2.0,3.0,7.0,2.8560000000000003,2.1420000000000003,1.9992,11.0,9.0,5.0,1.988354430379747,2.295,2.1,714,714,back,100.0,0
2026-04-10,v11_seg_weights,90,10,4,False,non_event,848.0,18.072289156626507,829.9277108433735,46.0,106.77792281518761,2.0,4.0,9.0,2.8560000000000003,2.8560000000000003,2.5704,12.0,10.0,6.0,2.1691139240506327,2.5500000000000003,2.52,714,714,back,100.0,0
2026-04-11,v6a_hit_an,90,11,5,True,event,1012.0,213.55421686746988,798.4457831325301,50.0,109.42311612893694,1.0,1.0,7.0,1.4280000000000002,0.7140000000000001,1.9992,11.0,7.0,7.0,1.2368503937007873,1.1359090909090908,1.5378461538461539,714,714,back,100.0,0
2026-04-11,v11_seg_weights,90,11,5,True,event,1012.0,213.55421686746988,798.4457831325301,50.0,109.42311612893694,1.0,1.0,7.0,1.4280000000000002,0.7140000000000001,1.9992,11.0,7.0,7.0,1.2368503937007873,1.1359090909090908,1.5378461538461539,714,714,back,100.0,0
2026-04-12,v6a_hit_an,90,12,6,False,non_event,572.0,154.21686746987953,417.7831325301205,50.0,103.53636666585176,1.0,2.0,4.0,1.4280000000000002,1.4280000000000002,1.1424,10.0,7.0,5.0,1.2,1.298181818181818,1.2750000000000001,714,714,back,100.0,0
2026-04-12,v11_seg_weights,90,12,6,False,non_event,502.0,159.4879518072289,342.5120481927711,52.0,103.37282952787218,1.0,2.0,5.0,1.4280000000000002,1.4280000000000002,1.428,11.0,8.0,7.0,1.3199999999999998,1.4836363636363634,1.7850000000000001,714,714,back,100.0,0
2026-04-13,v6a_hit_an,90,13,0,False,non_event,-238.0,1.0542168674698795,-239.05421686746988,30.0,94.01193703338379,0.0,0.0,4.0,0.0,0.0,1.1424,5.0,2.0,0.0,1.1516129032258065,0.6208695652173913,0.0,714,714,back,100.0,0
2026-04-13,v11_seg_weights,90,13,0,False,non_event,114.0,-25.451807228915662,139.45180722891567,40.0,97.82270297334608,1.0,1.0,5.0,1.4280000000000002,0.7140000000000001,1.428,6.0,3.0,1.0,1.3819354838709679,0.931304347826087,0.42,714,714,back,100.0,0
2026-04-14,v6a_hit_an,90,14,1,False,non_event,-202.0,128.9156626506024,-330.91566265060237,30.0,91.7119672872759,0.0,0.0,1.0,0.0,0.0,0.2856,4.0,1.0,1.0,0.649090909090909,0.2505263157894737,0.39666666666666667,714,714,back,100.0,0
2026-04-14,v11_seg_weights,90,14,1,False,non_event,-216.0,129.96987951807228,-345.9698795180723,28.000000000000004,90.748248230834,0.0,1.0,3.0,0.0,0.7140000000000001,0.8568,5.0,3.0,2.0,0.8113636363636363,0.751578947368421,0.7933333333333333,714,714,back,100.0,0
2026-04-15,v6a_hit_an,90,15,2,False,non_event,132.0,63.704819277108435,68.29518072289156,42.0,95.87904723624823,0.0,1.0,4.0,0.0,0.7140000000000001,1.1424,6.0,4.0,3.0,0.9736363636363636,1.1424,1.19,714,714,back,100.0,0
2026-04-15,v11_seg_weights,90,15,2,False,non_event,-240.0,91.71686746987952,-331.7168674698795,36.0,93.1883979056808,0.0,1.0,4.0,0.0,0.7140000000000001,1.1424,6.0,4.0,3.0,0.9736363636363636,1.1424,1.19,714,714,back,100.0,0
2026-04-16,v6a_hit_an,90,16,3,False,non_event,-120.0,-10.240963855421686,-109.75903614457832,30.0,98.46157212075524,0.0,1.0,5.0,0.0,0.7140000000000001,1.428,6.0,3.0,2.0,1.428,1.19,1.0984615384615384,714,714,back,100.0,0
2026-04-16,v11_seg_weights,90,16,3,False,non_event,-140.0,-8.734939759036145,-131.26506024096386,32.0,97.46653453475584,0.0,0.0,4.0,0.0,0.0,1.1424,5.0,3.0,1.0,1.19,1.19,0.5492307692307692,714,714,back,100.0,0
2026-04-17,v6a_hit_an,90,17,4,True,event,682.0,-114.30722891566265,796.3072289156627,36.0,101.50500552057991,4.0,5.0,9.0,5.712000000000001,3.5700000000000003,2.5704,10.0,9.0,9.0,1.5692307692307694,2.008125,2.9888372093023254,714,714,back,100.0,0
2026-04-17,v11_seg_weights,90,17,4,True,event,682.0,-114.30722891566265,796.3072289156627,36.0,101.50500552057991,4.0,5.0,9.0,5.712000000000001,3.5700000000000003,2.5704,10.0,9.0,9.0,1.5692307692307694,2.008125,2.9888372093023254,714,714,back,100.0,0
2026-04-18,v6a_hit_an,90,18,5,False,non_event,468.0,142.31927710843374,325.68072289156623,48.0,103.20566539550893,1.0,1.0,2.0,1.4280000000000002,0.7140000000000001,0.5712,11.0,8.0,2.0,1.3778947368421053,1.4836363636363634,0.5388679245283019,714,714,back,100.0,0
2026-04-18,v11_seg_weights,90,18,5,False,non_event,656.0,128.16265060240963,527.8373493975904,52.0,105.64600432447807,1.0,1.0,4.0,1.4280000000000002,0.7140000000000001,1.1424,12.0,8.0,4.0,1.503157894736842,1.4836363636363634,1.0777358490566038,714,714,back,100.0,0
2026-04-19,v6a_hit_an,90,19,6,False,non_event,-566.0,85.24096385542168,-651.2409638554217,30.0,93.06070563297197,0.0,1.0,3.0,0.0,0.7140000000000001,0.8568,4.0,3.0,3.0,0.6076595744680852,0.6490909090909092,0.931304347826087,714,714,back,100.0,0
2026-04-19,v11_seg_weights,90,19,6,False,non_event,132.0,32.68072289156626,99.31927710843374,28.000000000000004,99.44534171343399,3.0,5.0,7.0,4.284000000000001,3.5700000000000003,1.9992,8.0,7.0,7.0,1.2153191489361703,1.5145454545454546,2.1730434782608694,714,714,back,100.0,0
2026-04-20,v6a_hit_an,90,20,0,False,non_event,-314.0,99.24698795180723,-413.2469879518072,38.0,103.87416753842518,0.0,2.0,4.0,0.0,1.4280000000000002,1.1424,7.0,5.0,4.0,1.2653164556962027,1.3471698113207546,1.632,714,714,back,100.0,0
2026-04-20,v11_seg_weights,90,20,0,False,non_event,-322.0,99.84939759036145,-421.84939759036143,36.0,98.9916908618311,0.0,2.0,4.0,0.0,1.4280000000000002,1.1424,8.0,5.0,4.0,1.4460759493670887,1.3471698113207546,1.632,714,714,back,100.0,0
2026-04-21,v6a_hit_an,90,21,1,True,event,410.0,50.0,360.0,42.0,106.99366877242593,2.0,2.0,5.0,2.8560000000000003,1.4280000000000002,1.428,11.0,8.0,5.0,1.602857142857143,1.8133333333333332,1.5521739130434782,714,714,back,100.0,0
2026-04-21,v11_seg_weights,90,21,1,True,event,410.0,50.0,360.0,42.0,106.99366877242593,2.0,2.0,5.0,2.8560000000000003,1.4280000000000002,1.428,11.0,8.0,5.0,1.602857142857143,1.8133333333333332,1.5521739130434782,714,714,back,100.0,0
2026-04-22,v6a_hit_an,90,22,2,True,event,-930.0,122.28915662650603,-1052.289156626506,32.0,90.51307460068965,0.0,0.0,1.0,0.0,0.0,0.2856,4.0,2.0,1.0,0.6565517241379311,0.46819672131147544,0.34829268292682924,714,714,back,100.0,0
2026-04-22,v11_seg_weights,90,22,2,True,event,-930.0,122.28915662650603,-1052.289156626506,32.0,90.51307460068965,0.0,0.0,1.0,0.0,0.0,0.2856,4.0,2.0,1.0,0.6565517241379311,0.46819672131147544,0.34829268292682924,714,714,back,100.0,0
2026-04-23,v6a_hit_an,90,23,3,False,non_event,-128.0,-159.63855421686748,31.638554216867476,32.0,94.7333288148287,2.0,3.0,5.0,2.8560000000000003,2.1420000000000003,1.428,5.0,3.0,3.0,1.7,1.53,2.856,714,714,back,100.0,0
2026-04-23,v11_seg_weights,90,23,3,False,non_event,-248.0,-150.6024096385542,-97.3975903614458,26.0,93.05387891452598,2.0,3.0,4.0,2.8560000000000003,2.1420000000000003,1.1424,4.0,3.0,3.0,1.3599999999999999,1.53,2.856,714,714,back,100.0,0
2026-04-24,v6a_hit_an,90,24,4,False,non_event,-362.0,-1.6566265060240963,-360.3433734939759,28.000000000000004,100.81030545817241,1.0,1.0,2.0,1.4280000000000002,0.7140000000000001,0.5712,4.0,2.0,1.0,0.7718918918918919,0.6076595744680852,0.5712,714,714,back,100.0,0
2026-04-24,v11_seg_weights,90,24,4,False,non_event,-460.0,5.72289156626506,-465.72289156626505,30.0,93.1677473555473,0.0,0.0,1.0,0.0,0.0,0.2856,2.0,1.0,0.0,0.38594594594594595,0.3038297872340426,0.0,714,714,back,100.0,0
2026-04-25,v6a_hit_an,90,25,5,False,non_event,152.0,44.57831325301205,107.42168674698794,44.0,103.02905629053072,1.0,4.0,8.0,1.4280000000000002,2.8560000000000003,2.2848,12.0,9.0,8.0,1.503157894736842,1.7136,2.04,714,714,back,100.0,0
2026-04-25,v11_seg_weights,90,25,5,False,non_event,-346.0,82.07831325301204,-428.078313253012,36.0,98.45917227044785,1.0,3.0,5.0,1.4280000000000002,2.1420000000000003,1.428,7.0,6.0,5.0,0.8768421052631579,1.1424,1.2750000000000001,714,714,back,100.0,0
2026-04-26,v6a_hit_an,90,26,6,False,non_event,636.0,222.289156626506,413.71084337349396,42.0,103.35258497226101,2.0,3.0,6.0,2.8560000000000003,2.1420000000000003,1.7136,11.0,8.0,7.0,1.2875409836065574,1.4103703703703703,1.612258064516129,714,714,back,100.0,0
2026-04-26,v11_seg_weights,90,26,6,False,non_event,16.0,268.9759036144578,-252.97590361445782,38.0,98.18119223420398,0.0,1.0,4.0,0.0,0.7140000000000001,1.1424,9.0,5.0,5.0,1.0534426229508196,0.8814814814814814,1.1516129032258065,714,714,back,100.0,0
2026-04-27,v6a_hit_an,90,27,0,True,event,506.0,138.1024096385542,367.8975903614458,40.0,107.83664185404442,1.0,3.0,6.0,1.4280000000000002,2.1420000000000003,1.7136,8.0,7.0,7.0,1.067663551401869,1.2815384615384615,1.7850000000000001,714,714,back,100.0,0
2026-04-27,v11_seg_weights,90,27,0,True,event,506.0,138.1024096385542,367.8975903614458,40.0,107.83664185404442,1.0,3.0,6.0,1.4280000000000002,2.1420000000000003,1.7136,8.0,7.0,7.0,1.067663551401869,1.2815384615384615,1.7850000000000001,714,714,back,100.0,0
2026-04-28,v6a_hit_an,90,28,1,False,non_event,-138.0,85.39156626506023,-223.39156626506025,34.0,96.72287847786545,0.0,0.0,5.0,0.0,0.0,1.428,8.0,6.0,3.0,1.298181818181818,1.503157894736842,1.0710000000000002,714,714,back,100.0,0
2026-04-28,v11_seg_weights,90,28,1,False,non_event,220.0,58.433734939759034,161.56626506024097,44.0,98.04421648217725,0.0,1.0,3.0,0.0,0.7140000000000001,0.8568,7.0,4.0,2.0,1.1359090909090908,1.0021052631578948,0.7140000000000001,714,714,back,100.0,0
2026-04-29,v6a_hit_an,90,29,2,False,non_event,94.0,-97.74096385542168,191.74096385542168,46.0,100.66122927074098,1.0,2.0,3.0,1.4280000000000002,1.4280000000000002,0.8568,6.0,5.0,3.0,0.8654545454545455,1.02,0.7789090909090909,714,714,back,100.0,0
2026-04-29,v11_seg_weights,90,29,2,False,non_event,-684.0,-39.1566265060241,-644.843373493976,38.0,95.17344420155548,1.0,1.0,3.0,1.4280000000000002,0.7140000000000001,0.8568,9.0,7.0,3.0,1.298181818181818,1.428,0.7789090909090909,714,714,back,100.0,0
2026-04-30,v6a_hit_an,90,30,3,True,event,262.0,232.07831325301206,29.921686746987945,34.0,99.76432354259292,1.0,2.0,5.0,1.4280000000000002,1.4280000000000002,1.428,10.0,7.0,5.0,1.1516129032258065,1.3508108108108108,1.428,714,714,back,100.0,0
2026-04-30,v11_seg_weights,90,30,3,True,event,262.0,232.07831325301206,29.921686746987945,34.0,99.76432354259292,1.0,2.0,5.0,1.4280000000000002,1.4280000000000002,1.428,10.0,7.0,5.0,1.1516129032258065,1.3508108108108108,1.428,714,714,back,100.0,0
2026-05-01,v6a_hit_an,90,1,4,True,event,722.0,241.86746987951807,480.13253012048193,50.0,103.1462306817507,1.0,2.0,3.0,1.4280000000000002,1.4280000000000002,0.8568,10.0,4.0,3.0,1.1609756097560977,0.6719999999999999,0.8238461538461539,714,714,back,100.0,0
2026-05-01,v11_seg_weights,90,1,4,True,event,722.0,241.86746987951807,480.13253012048193,50.0,103.1462306817507,1.0,2.0,3.0,1.4280000000000002,1.4280000000000002,0.8568,10.0,4.0,3.0,1.1609756097560977,0.6719999999999999,0.8238461538461539,714,714,back,100.0,0
2026-05-02,v6a_hit_an,90,2,5,False,non_event,-100.0,427.10843373493975,-527.1084337349398,34.0,98.38244712079158,0.0,2.0,4.0,0.0,1.4280000000000002,1.1424,7.0,5.0,4.0,0.8261157024793389,0.8302325581395349,0.9363934426229509,714,714,back,100.0,0
2026-05-02,v11_seg_weights,90,2,5,False,non_event,-148.0,430.72289156626505,-578.722891566265,32.0,96.26954306831603,0.0,1.0,3.0,0.0,0.7140000000000001,0.8568,6.0,4.0,3.0,0.708099173553719,0.6641860465116279,0.7022950819672131,714,714,back,100.0,0
2026-05-03,v6a_hit_an,90,3,6,False,non_event,-138.0,-195.03012048192772,57.030120481927725,44.0,98.85565266300736,1.0,1.0,3.0,1.4280000000000002,0.7140000000000001,0.8568,9.0,3.0,1.0,1.224,0.714,0.408,714,714,back,100.0,0
2026-05-03,v11_seg_weights,90,3,6,False,non_event,-164.0,-193.0722891566265,29.07228915662651,42.0,97.7142466955837,0.0,1.0,4.0,0.0,0.7140000000000001,1.1424,8.0,5.0,2.0,1.088,1.19,0.816,714,714,back,100.0,0
2026-05-04,v6a_hit_an,90,4,0,False,non_event,-366.0,-277.4096385542169,-88.59036144578312,34.0,96.41879413642077,1.0,1.0,3.0,1.4280000000000002,0.7140000000000001,0.8568,5.0,3.0,3.0,0.8925000000000001,0.84,1.224,714,714,back,100.0,0
2026-05-04,v11_seg_weights,90,4,0,False,non_event,-718.0,-250.90361445783134,-467.09638554216866,30.0,92.33246736007199,0.0,0.0,1.0,0.0,0.0,0.2856,3.0,1.0,1.0,0.5355000000000001,0.27999999999999997,0.408,714,714,back,100.0,0
2026-05-05,v6a_hit_an,90,5,1,False,non_event,1110.0,337.95180722891564,772.0481927710844,54.0,118.23149031229295,2.0,2.0,6.0,2.8560000000000003,1.4280000000000002,1.7136,13.0,10.0,7.0,1.2802758620689656,1.4571428571428573,1.407887323943662,714,714,back,100.0,0
2026-05-05,v11_seg_weights,90,5,1,False,non_event,1180.0,332.6807228915663,847.3192771084337,57.99999999999999,117.31965574056674,1.0,1.0,5.0,1.4280000000000002,0.7140000000000001,1.428,12.0,9.0,6.0,1.1817931034482758,1.3114285714285716,1.2067605633802816,714,714,back,100.0,0
2026-05-06,v6a_hit_an,90,6,2,False,non_event,-138.0,-125.90361445783132,-12.096385542168676,42.0,96.72582778960253,1.0,1.0,2.0,1.4280000000000002,0.7140000000000001,0.5712,7.0,5.0,3.0,0.9520000000000001,1.0056338028169014,0.84,714,714,back,100.0,0
2026-05-06,v11_seg_weights,90,6,2,False,non_event,-740.0,-80.57228915662651,-659.4277108433735,38.0,96.54161546117099,1.0,1.0,2.0,1.4280000000000002,0.7140000000000001,0.5712,7.0,6.0,3.0,0.9520000000000001,1.2067605633802816,0.84,714,714,back,100.0,0
2026-05-07,v6a_hit_an,90,7,3,True,event,226.0,118.22289156626506,107.77710843373494,44.0,99.55156186833706,0.0,1.0,3.0,0.0,0.7140000000000001,0.8568,7.0,4.0,3.0,0.9087272727272727,0.7933333333333333,0.9114893617021277,714,714,back,100.0,0
2026-05-07,v11_seg_weights,90,7,3,True,event,226.0,118.22289156626506,107.77710843373494,44.0,99.55156186833706,0.0,1.0,3.0,0.0,0.7140000000000001,0.8568,7.0,4.0,3.0,0.9087272727272727,0.7933333333333333,0.9114893617021277,714,714,back,100.0,0
2026-05-08,v6a_hit_an,90,8,4,False,non_event,28.0,145.78313253012047,-117.78313253012047,32.0,94.40727666482724,2.0,4.0,4.0,2.8560000000000003,2.8560000000000003,1.1424,5.0,4.0,4.0,0.7846153846153847,0.9681355932203389,1.2693333333333334,714,714,back,100.0,0
2026-05-08,v11_seg_weights,90,8,4,False,non_event,588.0,103.6144578313253,484.3855421686747,48.0,103.50237203701593,2.0,3.0,4.0,2.8560000000000003,2.1420000000000003,1.1424,5.0,4.0,4.0,0.7846153846153847,0.9681355932203389,1.2693333333333334,714,714,back,100.0,0
2026-05-09,v6a_hit_an,90,9,5,False,non_event,-852.0,128.3132530120482,-980.3132530120482,26.0,91.16861310692866,0.0,0.0,2.0,0.0,0.0,0.5712,4.0,3.0,2.0,0.5010526315789474,0.6033802816901408,0.5828571428571429,714,714,back,100.0,0
2026-05-09,v11_seg_weights,90,9,5,False,non_event,-632.0,111.74698795180723,-743.7469879518072,30.0,94.64057132026396,1.0,1.0,4.0,1.4280000000000002,0.7140000000000001,1.1424,5.0,4.0,4.0,0.6263157894736842,0.8045070422535211,1.1657142857142857,714,714,back,100.0,0
2026-05-10,v6a_hit_an,90,10,6,False,non_event,298.0,156.02409638554218,141.97590361445782,44.0,101.27337079432526,0.0,3.0,4.0,0.0,2.1420000000000003,1.1424,5.0,5.0,4.0,0.6102564102564103,1.0656716417910448,1.0021052631578948,714,714,back,100.0,0
2026-05-10,v11_seg_weights,90,10,6,False,non_event,-162.0,190.66265060240963,-352.6626506024096,38.0,98.8348791118729,0.0,3.0,5.0,0.0,2.1420000000000003,1.428,6.0,6.0,5.0,0.7323076923076923,1.2788059701492536,1.2526315789473683,714,714,back,100.0,0
2026-05-11,v6a_hit_an,90,11,0,True,event,-304.0,-24.698795180722893,-279.30120481927713,34.0,93.94698477436954,0.0,1.0,4.0,0.0,0.7140000000000001,1.1424,6.0,4.0,3.0,1.0984615384615384,1.1199999999999999,1.3387499999999999,714,714,back,100.0,0
2026-05-11,v11_seg_weights,90,11,0,True,event,-304.0,-24.698795180722893,-279.30120481927713,34.0,93.94698477436954,0.0,1.0,4.0,0.0,0.7140000000000001,1.1424,6.0,4.0,3.0,1.0984615384615384,1.1199999999999999,1.3387499999999999,714,714,back,100.0,0
2026-05-12,v6a_hit_an,90,12,1,False,non_event,266.0,96.53614457831326,169.46385542168673,32.0,97.07409705496183,1.0,1.0,3.0,1.4280000000000002,0.7140000000000001,0.8568,7.0,4.0,3.0,1.0865217391304347,0.9848275862068966,1.2981818181818183,714,714,back,100.0,0
2026-05-12,v11_seg_weights,90,12,1,False,non_event,1168.0,28.6144578313253,1139.3855421686746,48.0,112.15976758510871,3.0,4.0,8.0,4.284000000000001,2.8560000000000003,2.2848,10.0,8.0,7.0,1.5521739130434782,1.9696551724137932,3.0290909090909093,714,714,back,100.0,0
2026-05-13,v6a_hit_an,90,13,2,False,non_event,306.0,-19.879518072289155,325.87951807228916,46.0,105.22790610811536,0.0,2.0,6.0,0.0,1.4280000000000002,1.7136,9.0,6.0,4.0,1.4440449438202247,1.6476923076923078,1.785,714,714,back,100.0,0
2026-05-13,v11_seg_weights,90,13,2,False,non_event,156.0,-8.58433734939759,164.5843373493976,42.0,103.53581639590162,0.0,2.0,6.0,0.0,1.4280000000000002,1.7136,8.0,6.0,4.0,1.2835955056179775,1.6476923076923078,1.785,714,714,back,100.0,0
2026-05-14,v6a_hit_an,90,14,3,False,non_event,-432.0,177.40963855421685,-609.4096385542168,30.0,90.41420226137056,0.0,0.0,3.0,0.0,0.0,0.8568,5.0,3.0,2.0,0.9648648648648648,0.9520000000000001,0.816,714,714,back,100.0,0
2026-05-14,v11_seg_weights,90,14,3,False,non_event,192.0,130.42168674698794,61.578313253012055,32.0,101.13953511733936,0.0,1.0,3.0,0.0,0.7140000000000001,0.8568,5.0,3.0,3.0,0.9648648648648648,0.9520000000000001,1.224,714,714,back,100.0,0
2026-05-15,v6a_hit_an,90,15,4,False,non_event,264.0,-59.33734939759036,323.33734939759034,44.0,97.14006558590083,2.0,2.0,3.0,2.8560000000000003,1.4280000000000002,0.8568,6.0,3.0,2.0,1.0710000000000002,0.9114893617021277,0.8654545454545456,714,714,back,100.0,0
2026-05-15,v11_seg_weights,90,15,4,False,non_event,-62.0,-34.78915662650602,-27.21084337349398,42.0,94.63951027180732,0.0,0.0,2.0,0.0,0.0,0.5712,4.0,2.0,1.0,0.7140000000000001,0.6076595744680852,0.4327272727272728,714,714,back,100.0,0
2026-05-16,v6a_hit_an,90,16,5,False,non_event,732.0,194.1265060240964,537.8734939759036,48.0,107.10659747135499,1.0,1.0,6.0,1.4280000000000002,0.7140000000000001,1.7136,11.0,8.0,8.0,1.2083076923076923,1.2835955056179775,1.7050746268656716,714,714,back,100.0,0
2026-05-16,v11_seg_weights,90,16,5,False,non_event,210.0,233.43373493975903,-23.433734939759034,38.0,101.44115205743299,1.0,1.0,4.0,1.4280000000000002,0.7140000000000001,1.1424,10.0,6.0,6.0,1.0984615384615386,0.9626966292134831,1.2788059701492536,714,714,back,100.0,0
2026-05-17,v6a_hit_an,90,17,6,True,event,468.0,345.7831325301205,122.2168674698795,42.0,104.1939276316404,1.0,3.0,5.0,1.4280000000000002,2.1420000000000003,1.428,11.0,9.0,8.0,1.1300719424460433,1.4123076923076925,1.68,714,714,back,100.0,0
2026-05-17,v11_seg_weights,90,17,6,True,event,468.0,345.7831325301205,122.2168674698795,42.0,104.1939276316404,1.0,3.0,5.0,1.4280000000000002,2.1420000000000003,1.428,11.0,9.0,8.0,1.1300719424460433,1.4123076923076925,1.68,714,714,back,100.0,0
2026-05-18,v6a_hit_an,90,18,0,False,non_event,-258.0,92.7710843373494,-350.7710843373494,30.0,96.072163899299,0.0,0.0,6.0,0.0,0.0,1.7136,7.0,6.0,2.0,1.3328,1.7136,0.84,714,714,back,100.0,0
2026-05-18,v11_seg_weights,90,18,0,False,non_event,122.0,64.1566265060241,57.8433734939759,38.0,99.81222616036789,0.0,0.0,5.0,0.0,0.0,1.428,8.0,5.0,2.0,1.5232,1.428,0.84,714,714,back,100.0,0
2026-05-19,v6a_hit_an,90,19,1,False,non_event,-20.0,193.3734939759036,-213.3734939759036,34.0,95.55049780014895,0.0,0.0,3.0,0.0,0.0,0.8568,5.0,5.0,3.0,0.85,1.0984615384615386,0.8925,714,714,back,100.0,0
2026-05-19,v11_seg_weights,90,19,1,False,non_event,-118.0,200.75301204819277,-318.7530120481928,32.0,98.29175619945748,0.0,0.0,2.0,0.0,0.0,0.5712,6.0,5.0,2.0,1.02,1.0984615384615386,0.595,714,714,back,100.0,0
2026-05-20,v6a_hit_an,90,20,2,False,non_event,164.0,167.01807228915663,-3.0180722891566347,34.0,97.38898158244383,0.0,0.0,3.0,0.0,0.0,0.8568,6.0,3.0,1.0,0.931304347826087,0.7386206896551725,0.37578947368421056,714,714,back,100.0,0
2026-05-20,v11_seg_weights,90,20,2,False,non_event,44.0,176.05421686746988,-132.05421686746988,30.0,95.89410652902492,0.0,0.0,3.0,0.0,0.0,0.8568,6.0,3.0,1.0,0.931304347826087,0.7386206896551725,0.37578947368421056,714,714,back,100.0,0
2026-05-21,v6a_hit_an,90,21,3,True,event,470.0,218.67469879518072,251.32530120481928,32.0,100.19062396639751,1.0,1.0,6.0,1.4280000000000002,0.7140000000000001,1.7136,7.0,6.0,6.0,1.0984615384615386,1.4522033898305082,1.9040000000000001,714,714,back,100.0,0
2026-05-21,v11_seg_weights,90,21,3,True,event,470.0,218.67469879518072,251.32530120481928,32.0,100.19062396639751,1.0,1.0,6.0,1.4280000000000002,0.7140000000000001,1.7136,7.0,6.0,6.0,1.0984615384615386,1.4522033898305082,1.9040000000000001,714,714,back,100.0,0
2026-05-22,v6a_hit_an,90,22,4,True,event,328.0,67.7710843373494,260.2289156626506,48.0,103.09012493913988,0.0,2.0,4.0,0.0,1.4280000000000002,1.1424,9.0,6.0,4.0,1.1790825688073394,1.1578378378378378,1.1199999999999999,714,714,back,100.0,0
2026-05-22,v11_seg_weights,90,22,4,True,event,328.0,67.7710843373494,260.2289156626506,48.0,103.09012493913988,0.0,2.0,4.0,0.0,1.4280000000000002,1.1424,9.0,6.0,4.0,1.1790825688073394,1.1578378378378378,1.1199999999999999,714,714,back,100.0,0
2026-05-23,v6a_hit_an,90,23,5,False,non_event,244.0,-113.70481927710843,357.7048192771084,48.0,100.08620364186103,1.0,2.0,4.0,1.4280000000000002,1.4280000000000002,1.1424,6.0,4.0,4.0,0.8160000000000001,0.9212903225806452,1.2153191489361703,714,714,back,100.0,0
2026-05-23,v11_seg_weights,90,23,5,False,non_event,776.0,-153.76506024096386,929.7650602409639,48.0,106.63521323742614,3.0,5.0,7.0,4.284000000000001,3.5700000000000003,1.9992,12.0,8.0,7.0,1.6320000000000001,1.8425806451612905,2.126808510638298,714,714,back,100.0,0
2026-05-24,v6a_hit_an,90,24,6,False,non_event,860.0,295.63253012048193,564.367469879518,48.0,103.5478547209301,1.0,1.0,5.0,1.4280000000000002,0.7140000000000001,1.428,12.0,8.0,6.0,1.349291338582677,1.2553846153846155,1.4045901639344263,714,714,back,100.0,0
2026-05-24,v11_seg_weights,90,24,6,False,non_event,778.0,301.8072289156627,476.1927710843373,48.0,105.29076306711043,2.0,2.0,4.0,2.8560000000000003,1.4280000000000002,1.1424,10.0,9.0,6.0,1.1244094488188976,1.4123076923076925,1.4045901639344263,714,714,back,100.0,0
2026-05-25,v6a_hit_an,90,25,0,False,non_event,-270.0,40.36144578313253,-310.3614457831325,32.0,99.12989176180925,1.0,2.0,6.0,1.4280000000000002,1.4280000000000002,1.7136,7.0,6.0,3.0,1.3328,1.7485714285714287,1.3819354838709679,714,714,back,100.0,0
2026-05-25,v11_seg_weights,90,25,0,False,non_event,-130.0,29.819277108433734,-159.81927710843374,28.000000000000004,100.71073909653701,1.0,1.0,6.0,1.4280000000000002,0.7140000000000001,1.7136,7.0,6.0,4.0,1.3328,1.7485714285714287,1.8425806451612905,714,714,back,100.0,0
2026-05-26,v6a_hit_an,90,26,1,False,non_event,342.0,73.94578313253012,268.0542168674699,42.0,99.78925211941758,0.0,2.0,5.0,0.0,1.4280000000000002,1.428,6.0,5.0,5.0,1.0984615384615384,1.3222222222222222,1.9833333333333334,714,714,back,100.0,0
2026-05-26,v11_seg_weights,90,26,1,False,non_event,580.0,56.024096385542165,523.9759036144578,40.0,99.4367835651841,2.0,5.0,7.0,2.8560000000000003,3.5700000000000003,1.9992,9.0,7.0,7.0,1.6476923076923076,1.8511111111111112,2.776666666666667,714,714,back,100.0,0
2026-05-27,v6a_hit_an,90,27,2,True,event,536.0,39.1566265060241,496.8433734939759,40.0,101.66666620826255,0.0,2.0,6.0,0.0,1.4280000000000002,1.7136,11.0,9.0,6.0,1.4680373831775702,1.8626086956521741,1.7485714285714287,714,714,back,100.0,0
2026-05-27,v11_seg_weights,90,27,2,True,event,536.0,39.1566265060241,496.8433734939759,40.0,101.66666620826255,0.0,2.0,6.0,0.0,1.4280000000000002,1.7136,11.0,9.0,6.0,1.4680373831775702,1.8626086956521741,1.7485714285714287,714,714,back,100.0,0
2026-05-28,v6a_hit_an,90,28,3,False,non_event,714.0,-39.60843373493976,753.6084337349398,44.0,101.54873293984734,2.0,3.0,8.0,2.8560000000000003,2.1420000000000003,2.2848,9.0,7.0,5.0,1.9772307692307693,2.2718181818181815,2.4620689655172416,714,714,back,100.0,0
2026-05-28,v11_seg_weights,90,28,3,False,non_event,738.0,-41.41566265060241,779.4156626506024,44.0,103.17791595825534,2.0,3.0,7.0,2.8560000000000003,2.1420000000000003,1.9992,8.0,7.0,4.0,1.7575384615384617,2.2718181818181815,1.9696551724137932,714,714,back,100.0,0
2026-05-29,v6a_hit_an,90,29,4,False,non_event,690.0,14.156626506024097,675.843373493976,46.0,101.0688003908153,2.0,2.0,5.0,2.8560000000000003,1.4280000000000002,1.428,7.0,4.0,3.0,1.407887323943662,1.2417391304347827,1.3819354838709679,714,714,back,100.0,0
2026-05-29,v11_seg_weights,90,29,4,False,non_event,774.0,7.831325301204819,766.1686746987951,46.0,101.86464907586702,2.0,3.0,6.0,2.8560000000000003,2.1420000000000003,1.7136,8.0,5.0,4.0,1.6090140845070422,1.5521739130434782,1.8425806451612905,714,714,back,100.0,0
2026-05-30,v6a_hit_an,90,30,5,False,non_event,736.0,486.4457831325301,249.5542168674699,52.0,104.8852485939922,1.0,1.0,3.0,1.4280000000000002,0.7140000000000001,0.8568,15.0,10.0,7.0,1.2310344827586208,1.0984615384615386,1.2190243902439024,714,714,back,100.0,0
2026-05-30,v11_seg_weights,90,30,5,False,non_event,660.0,492.1686746987952,167.8313253012048,46.0,105.90641921310005,2.0,2.0,3.0,2.8560000000000003,1.4280000000000002,0.8568,15.0,11.0,7.0,1.2310344827586208,1.2083076923076923,1.2190243902439024,714,714,back,100.0,0
2026-06-01,v6a_hit_an,90,1,0,True,event,688.0,227.710843373494,460.28915662650604,44.0,100.87138237716387,1.0,1.0,6.0,1.4280000000000002,0.7140000000000001,1.7136,15.0,9.0,7.0,1.862608695652174,1.7367567567567568,1.666,714,714,back,100.0,0
2026-06-01,v11_seg_weights,90,1,0,True,event,688.0,227.710843373494,460.28915662650604,44.0,100.87138237716387,1.0,1.0,6.0,1.4280000000000002,0.7140000000000001,1.7136,15.0,9.0,7.0,1.862608695652174,1.7367567567567568,1.666,714,714,back,100.0,0
2026-06-02,v6a_hit_an,90,2,1,False,non_event,324.0,-8.734939759036145,332.73493975903614,46.0,103.87126137917818,2.0,3.0,3.0,2.8560000000000003,2.1420000000000003,0.8568,6.0,3.0,3.0,1.1578378378378378,0.9962790697674418,1.3387499999999999,714,714,back,100.0,0
2026-06-02,v11_seg_weights,90,2,1,False,non_event,634.0,-32.07831325301205,666.0783132530121,48.0,107.13786041065065,3.0,5.0,5.0,4.284000000000001,3.5700000000000003,1.428,8.0,5.0,5.0,1.5437837837837838,1.6604651162790698,2.23125,714,714,back,100.0,0
2026-06-03,v6a_hit_an,90,3,2,False,non_event,244.0,32.83132530120482,211.16867469879517,44.0,99.32434223514396,0.0,2.0,5.0,0.0,1.4280000000000002,1.428,7.0,4.0,3.0,1.3328,1.298181818181818,1.3387499999999999,714,714,back,100.0,0
2026-06-03,v11_seg_weights,90,3,2,False,non_event,-100.0,58.734939759036145,-158.73493975903614,38.0,95.11423154786395,0.0,1.0,5.0,0.0,0.7140000000000001,1.428,6.0,4.0,2.0,1.1424,1.298181818181818,0.8925,714,714,back,100.0,0
2026-06-04,v6a_hit_an,90,4,3,False,non_event,-206.0,90.96385542168674,-296.96385542168673,28.000000000000004,90.78946262842783,1.0,2.0,3.0,1.4280000000000002,1.4280000000000002,0.8568,3.0,3.0,3.0,0.5224390243902439,0.9114893617021277,1.26,714,714,back,100.0,0
2026-06-04,v11_seg_weights,90,4,3,False,non_event,152.0,64.00602409638554,87.99397590361446,38.0,100.92498686414181,0.0,0.0,5.0,0.0,0.0,1.428,8.0,5.0,2.0,1.393170731707317,1.5191489361702128,0.84,714,714,back,100.0,0
2026-06-05,v6a_hit_an,90,5,4,False,non_event,-100.0,48.19277108433735,-148.19277108433735,32.0,95.54255012910262,0.0,1.0,2.0,0.0,0.7140000000000001,0.5712,2.0,2.0,1.0,0.3615189873417722,0.5288888888888889,0.42,714,714,back,100.0,0
2026-06-05,v11_seg_weights,90,5,4,False,non_event,-92.0,47.59036144578313,-139.59036144578312,30.0,91.9154288733943,0.0,1.0,2.0,0.0,0.7140000000000001,0.5712,2.0,2.0,1.0,0.3615189873417722,0.5288888888888889,0.42,714,714,back,100.0,0
2026-06-06,v6a_hit_an,90,6,5,False,non_event,-734.0,61.596385542168676,-795.5963855421687,28.000000000000004,95.79437845337725,0.0,1.0,2.0,0.0,0.7140000000000001,0.5712,5.0,3.0,3.0,0.5804878048780489,0.51,0.7022950819672131,714,714,back,100.0,0
2026-06-06,v11_seg_weights,90,6,5,False,non_event,-592.0,50.903614457831324,-642.9036144578313,36.0,96.74603537973164,0.0,0.0,2.0,0.0,0.0,0.5712,4.0,2.0,2.0,0.46439024390243905,0.33999999999999997,0.46819672131147544,714,714,back,100.0,0
2026-06-07,v6a_hit_an,90,7,6,True,event,1066.0,261.4457831325301,804.5542168674699,48.0,115.94501960367135,4.0,5.0,8.0,5.712000000000001,3.5700000000000003,2.2848,16.0,10.0,9.0,1.68,1.8307692307692307,2.106885245901639,714,714,back,100.0,0
2026-06-07,v11_seg_weights,90,7,6,True,event,1066.0,261.4457831325301,804.5542168674699,48.0,115.94501960367135,4.0,5.0,8.0,5.712000000000001,3.5700000000000003,2.2848,16.0,10.0,9.0,1.68,1.8307692307692307,2.106885245901639,714,714,back,100.0,0
2026-06-08,v6a_hit_an,90,8,0,False,non_event,244.0,142.31927710843374,101.68072289156626,40.0,97.55893123551817,1.0,3.0,5.0,1.4280000000000002,2.1420000000000003,1.428,8.0,6.0,5.0,1.2025263157894737,1.3819354838709679,1.7414634146341463,714,714,back,100.0,0
2026-06-08,v11_seg_weights,90,8,0,False,non_event,190.0,146.3855421686747,43.614457831325296,40.0,100.66700553082029,1.0,2.0,4.0,1.4280000000000002,1.4280000000000002,1.1424,6.0,4.0,3.0,0.9018947368421052,0.9212903225806452,1.0448780487804878,714,714,back,100.0,0
2026-06-09,v6a_hit_an,90,9,1,False,non_event,404.0,73.79518072289157,330.2048192771084,40.0,100.99342729896576,1.0,3.0,6.0,1.4280000000000002,2.1420000000000003,1.7136,8.0,7.0,5.0,1.19,1.5378461538461539,1.7414634146341463,714,714,back,100.0,0
2026-06-09,v11_seg_weights,90,9,1,False,non_event,-94.0,111.29518072289157,-205.2951807228916,44.0,96.89831562017031,0.0,0.0,1.0,0.0,0.0,0.2856,5.0,3.0,1.0,0.74375,0.6590769230769231,0.34829268292682924,714,714,back,100.0,0
2026-06-10,v6a_hit_an,90,10,2,False,non_event,16.0,159.789156626506,-143.789156626506,38.0,94.7209047662997,0.0,0.0,1.0,0.0,0.0,0.2856,2.0,1.0,1.0,0.33209302325581397,0.255,0.3245454545454545,714,714,back,100.0,0
2026-06-10,v11_seg_weights,90,10,2,False,non_event,232.0,143.52409638554218,88.47590361445782,34.0,97.66604791446258,1.0,1.0,4.0,1.4280000000000002,0.7140000000000001,1.1424,4.0,4.0,3.0,0.6641860465116279,1.02,0.9736363636363636,714,714,back,100.0,0
2026-06-11,v6a_hit_an,90,11,3,True,event,-234.0,176.35542168674698,-410.355421686747,34.0,96.41134119911294,0.0,0.0,5.0,0.0,0.0,1.428,7.0,5.0,5.0,1.04125,1.1516129032258065,1.5866666666666667,714,714,back,100.0,0
2026-06-11,v11_seg_weights,90,11,3,True,event,-234.0,176.35542168674698,-410.355421686747,34.0,96.41134119911294,0.0,0.0,5.0,0.0,0.0,1.428,7.0,5.0,5.0,1.04125,1.1516129032258065,1.5866666666666667,714,714,back,100.0,0
2026-06-13,v6a_hit_an,90,13,5,False,non_event,-168.0,158.5843373493976,-326.58433734939763,32.0,96.42934269032244,0.0,0.0,3.0,0.0,0.0,0.8568,9.0,6.0,4.0,1.0119685039370079,1.0577777777777777,0.9681355932203389,714,714,back,100.0,0
2026-06-13,v11_seg_weights,90,13,5,False,non_event,-226.0,162.95180722891567,-388.95180722891564,30.0,95.38782799737433,0.0,1.0,5.0,0.0,0.7140000000000001,1.428,10.0,7.0,5.0,1.1244094488188976,1.234074074074074,1.2101694915254235,714,714,back,100.0,0
2026-06-14,v6a_hit_an,90,14,6,False,non_event,512.0,-44.4277108433735,556.4277108433735,48.0,104.22636835916079,1.0,2.0,3.0,1.4280000000000002,1.4280000000000002,0.8568,10.0,8.0,4.0,1.4571428571428573,1.5437837837837838,1.0777358490566038,714,714,back,100.0,0
2026-06-14,v11_seg_weights,90,14,6,False,non_event,466.0,-40.963855421686745,506.96385542168673,42.0,104.63570228809937,1.0,3.0,5.0,1.4280000000000002,2.1420000000000003,1.428,10.0,8.0,6.0,1.4571428571428573,1.5437837837837838,1.6166037735849057,714,714,back,100.0,0
2026-06-15,v6a_hit_an,90,15,0,False,non_event,-70.0,-60.09036144578313,-9.909638554216869,32.0,99.22988197907156,1.0,2.0,4.0,1.4280000000000002,1.4280000000000002,1.1424,6.0,4.0,4.0,1.2981818181818183,1.3599999999999999,1.7309090909090912,714,714,back,100.0,0
2026-06-15,v11_seg_weights,90,15,0,False,non_event,-236.0,-47.59036144578313,-188.40963855421688,30.0,100.31682038043412,1.0,1.0,2.0,1.4280000000000002,0.7140000000000001,0.5712,5.0,2.0,2.0,1.081818181818182,0.6799999999999999,0.8654545454545456,714,714,back,100.0,0
2026-06-16,v6a_hit_an,90,16,1,False,non_event,162.0,113.10240963855422,48.89759036144578,28.000000000000004,95.5481498701124,1.0,1.0,6.0,1.4280000000000002,0.7140000000000001,1.7136,9.0,5.0,5.0,1.548433734939759,1.4571428571428573,1.9297297297297296,714,714,back,100.0,0
2026-06-16,v11_seg_weights,90,16,1,False,non_event,380.0,96.6867469879518,283.3132530120482,44.0,111.36828212352464,2.0,3.0,7.0,2.8560000000000003,2.1420000000000003,1.9992,8.0,6.0,6.0,1.3763855421686748,1.7485714285714287,2.3156756756756756,714,714,back,100.0,0
2026-06-17,v6a_hit_an,90,17,2,True,event,332.0,325.6024096385542,6.397590361445793,50.0,101.47661568787788,0.0,1.0,2.0,0.0,0.7140000000000001,0.5712,7.0,5.0,3.0,0.7572727272727273,0.7595744680851064,0.63,714,714,back,100.0,0
2026-06-17,v11_seg_weights,90,17,2,True,event,332.0,325.6024096385542,6.397590361445793,50.0,101.47661568787788,0.0,1.0,2.0,0.0,0.7140000000000001,0.5712,7.0,5.0,3.0,0.7572727272727273,0.7595744680851064,0.63,714,714,back,100.0,0
2026-06-18,v6a_hit_an,90,18,3,False,non_event,58.0,-50.15060240963855,108.15060240963855,34.0,96.90349407976619,1.0,1.0,6.0,1.4280000000000002,0.7140000000000001,1.7136,6.0,5.0,2.0,1.3819354838709679,1.7414634146341463,1.0577777777777777,714,714,back,100.0,0
2026-06-18,v11_seg_weights,90,18,3,False,non_event,-124.0,-36.44578313253012,-87.55421686746988,36.0,93.70628893564219,1.0,1.0,4.0,1.4280000000000002,0.7140000000000001,1.1424,5.0,4.0,1.0,1.1516129032258065,1.393170731707317,0.5288888888888889,714,714,back,100.0,0
2026-06-19,v6a_hit_an,90,19,4,False,non_event,572.0,3.6144578313253013,568.3855421686746,36.0,101.35376311749205,1.0,2.0,6.0,1.4280000000000002,1.4280000000000002,1.7136,7.0,6.0,3.0,1.3883333333333334,1.8229787234042554,1.26,714,714,back,100.0,0
2026-06-19,v11_seg_weights,90,19,4,False,non_event,302.0,23.94578313253012,278.0542168674699,34.0,98.6389129876576,1.0,1.0,5.0,1.4280000000000002,0.7140000000000001,1.428,7.0,5.0,2.0,1.3883333333333334,1.5191489361702128,0.84,714,714,back,100.0,0
2026-06-20,v6a_hit_an,90,20,5,False,non_event,-18.0,-11.596385542168674,-6.403614457831326,30.0,97.95442590811349,0.0,1.0,3.0,0.0,0.7140000000000001,0.8568,7.0,4.0,3.0,0.9342056074766355,0.816,0.8568,714,714,back,100.0,0
2026-06-20,v11_seg_weights,90,20,5,False,non_event,122.0,-22.13855421686747,144.13855421686748,34.0,99.4232397725612,0.0,1.0,2.0,0.0,0.7140000000000001,0.5712,8.0,5.0,2.0,1.067663551401869,1.02,0.5712,714,714,back,100.0,0
2026-06-21,v6a_hit_an,90,21,6,True,event,-104.0,-138.85542168674698,34.85542168674698,46.0,98.81466790233247,0.0,0.0,3.0,0.0,0.0,0.8568,4.0,4.0,2.0,0.7051851851851851,1.0021052631578948,0.7933333333333333,714,714,back,100.0,0
2026-06-21,v11_seg_weights,90,21,6,True,event,-104.0,-138.85542168674698,34.85542168674698,46.0,98.81466790233247,0.0,0.0,3.0,0.0,0.0,0.8568,4.0,4.0,2.0,0.7051851851851851,1.0021052631578948,0.7933333333333333,714,714,back,100.0,0
2026-06-22,v6a_hit_an,90,22,0,True,event,152.0,140.5120481927711,11.48795180722891,40.0,103.2101018184241,0.0,1.0,4.0,0.0,0.7140000000000001,1.1424,7.0,7.0,3.0,1.1359090909090908,1.7850000000000001,1.1273684210526316,714,714,back,100.0,0
2026-06-22,v11_seg_weights,90,22,0,True,event,152.0,140.5120481927711,11.48795180722891,40.0,103.2101018184241,0.0,1.0,4.0,0.0,0.7140000000000001,1.1424,7.0,7.0,3.0,1.1359090909090908,1.7850000000000001,1.1273684210526316,714,714,back,100.0,0
