hall,machine_name,dd,n,hit104_rate,baseline_hit104_rate,residual,category
金時,Re:ゼロから始める異世界生活 season2,1,5,20.0,24.528301886792452,-4.528301886792452,other
金時,Re:ゼロから始める異世界生活 season2,2,5,20.0,24.528301886792452,-4.528301886792452,other
金時,Re:ゼロから始める異世界生活 season2,3,6,33.33333333333333,24.528301886792452,8.805031446540877,other
金時,Re:ゼロから始める異世界生活 season2,4,6,33.33333333333333,24.528301886792452,8.805031446540877,other
金時,Re:ゼロから始める異世界生活 season2,5,9,22.22222222222222,24.528301886792452,-2.3060796645702304,other
金時,Re:ゼロから始める異世界生活 season2,7,6,16.666666666666664,24.528301886792452,-7.8616352201257875,other
金時,Re:ゼロから始める異世界生活 season2,8,5,20.0,24.528301886792452,-4.528301886792452,other
金時,Re:ゼロから始める異世界生活 season2,9,7,0.0,24.528301886792452,-24.528301886792452,other
金時,Re:ゼロから始める異世界生活 season2,10,7,14.285714285714285,24.528301886792452,-10.242587601078167,other
金時,Re:ゼロから始める異世界生活 season2,11,8,37.5,24.528301886792452,12.971698113207548,other
金時,Re:ゼロから始める異世界生活 season2,12,7,57.14285714285714,24.528301886792452,32.61455525606469,other
金時,Re:ゼロから始める異世界生活 season2,13,7,28.57142857142857,24.528301886792452,4.043126684636118,other
金時,Re:ゼロから始める異世界生活 season2,14,5,40.0,24.528301886792452,15.471698113207548,other
金時,Re:ゼロから始める異世界生活 season2,15,6,33.33333333333333,24.528301886792452,8.805031446540877,other
金時,Re:ゼロから始める異世界生活 season2,16,7,0.0,24.528301886792452,-24.528301886792452,other
金時,Re:ゼロから始める異世界生活 season2,19,6,0.0,24.528301886792452,-24.528301886792452,other
金時,Re:ゼロから始める異世界生活 season2,20,8,0.0,24.528301886792452,-24.528301886792452,other
金時,Re:ゼロから始める異世界生活 season2,23,6,16.666666666666664,24.528301886792452,-7.8616352201257875,other
金時,Re:ゼロから始める異世界生活 season2,24,5,0.0,24.528301886792452,-24.528301886792452,other
金時,Re:ゼロから始める異世界生活 season2,25,7,71.42857142857143,24.528301886792452,46.90026954177898,other
金時,SHAKE BONUS TRIGGER,1,8,12.5,32.432432432432435,-19.932432432432435,bt
金時,SHAKE BONUS TRIGGER,2,7,85.71428571428571,32.432432432432435,53.28185328185327,bt
金時,SHAKE BONUS TRIGGER,3,7,14.285714285714285,32.432432432432435,-18.14671814671815,bt
金時,SHAKE BONUS TRIGGER,4,7,14.285714285714285,32.432432432432435,-18.14671814671815,bt
金時,SHAKE BONUS TRIGGER,5,7,42.857142857142854,32.432432432432435,10.424710424710419,bt
金時,SHAKE BONUS TRIGGER,6,7,71.42857142857143,32.432432432432435,38.996138996138995,bt
金時,SHAKE BONUS TRIGGER,7,7,14.285714285714285,32.432432432432435,-18.14671814671815,bt
金時,SHAKE BONUS TRIGGER,8,7,28.57142857142857,32.432432432432435,-3.8610038610038657,bt
金時,SHAKE BONUS TRIGGER,9,7,28.57142857142857,32.432432432432435,-3.8610038610038657,bt
金時,SHAKE BONUS TRIGGER,10,7,42.857142857142854,32.432432432432435,10.424710424710419,bt
金時,SHAKE BONUS TRIGGER,11,7,42.857142857142854,32.432432432432435,10.424710424710419,bt
金時,SHAKE BONUS TRIGGER,12,6,50.0,32.432432432432435,17.567567567567565,bt
金時,SHAKE BONUS TRIGGER,13,7,14.285714285714285,32.432432432432435,-18.14671814671815,bt
金時,SHAKE BONUS TRIGGER,14,7,14.285714285714285,32.432432432432435,-18.14671814671815,bt
金時,SHAKE BONUS TRIGGER,15,7,0.0,32.432432432432435,-32.432432432432435,bt
金時,SHAKE BONUS TRIGGER,16,7,14.285714285714285,32.432432432432435,-18.14671814671815,bt
金時,SHAKE BONUS TRIGGER,17,7,28.57142857142857,32.432432432432435,-3.8610038610038657,bt
金時,SHAKE BONUS TRIGGER,18,7,57.14285714285714,32.432432432432435,24.710424710424704,bt
金時,SHAKE BONUS TRIGGER,19,8,37.5,32.432432432432435,5.067567567567565,bt
金時,SHAKE BONUS TRIGGER,20,8,37.5,32.432432432432435,5.067567567567565,bt
金時,SHAKE BONUS TRIGGER,21,8,62.5,32.432432432432435,30.067567567567565,bt
金時,SHAKE BONUS TRIGGER,22,8,50.0,32.432432432432435,17.567567567567565,bt
金時,SHAKE BONUS TRIGGER,23,7,28.57142857142857,32.432432432432435,-3.8610038610038657,bt
金時,SHAKE BONUS TRIGGER,24,7,28.57142857142857,32.432432432432435,-3.8610038610038657,bt
金時,SHAKE BONUS TRIGGER,25,8,37.5,32.432432432432435,5.067567567567565,bt
金時,SHAKE BONUS TRIGGER,26,8,25.0,32.432432432432435,-7.432432432432435,bt
金時,SHAKE BONUS TRIGGER,27,8,25.0,32.432432432432435,-7.432432432432435,bt
金時,SHAKE BONUS TRIGGER,28,8,50.0,32.432432432432435,17.567567567567565,bt
金時,SHAKE BONUS TRIGGER,29,7,0.0,32.432432432432435,-32.432432432432435,bt
金時,SHAKE BONUS TRIGGER,30,7,14.285714285714285,32.432432432432435,-18.14671814671815,bt
金時,ToLOVEるダークネス,1,19,36.84210526315789,30.426356589147286,6.4157486740106044,other
金時,ToLOVEるダークネス,2,16,31.25,30.426356589147286,0.8236434108527142,other
金時,ToLOVEるダークネス,3,19,31.57894736842105,30.426356589147286,1.1525907792737655,other
金時,ToLOVEるダークネス,4,16,43.75,30.426356589147286,13.323643410852714,other
金時,ToLOVEるダークネス,5,20,15.0,30.426356589147286,-15.426356589147286,other
金時,ToLOVEるダークネス,6,17,47.05882352941176,30.426356589147286,16.632466940264475,other
金時,ToLOVEるダークネス,7,14,21.428571428571427,30.426356589147286,-8.997785160575859,other
金時,ToLOVEるダークネス,8,20,25.0,30.426356589147286,-5.426356589147286,other
金時,ToLOVEるダークネス,9,17,35.294117647058826,30.426356589147286,4.86776105791154,other
金時,ToLOVEるダークネス,10,18,61.111111111111114,30.426356589147286,30.68475452196383,other
金時,ToLOVEるダークネス,11,17,35.294117647058826,30.426356589147286,4.86776105791154,other
金時,ToLOVEるダークネス,12,16,18.75,30.426356589147286,-11.676356589147286,other
金時,ToLOVEるダークネス,13,17,23.52941176470588,30.426356589147286,-6.896944824441405,other
金時,ToLOVEるダークネス,14,14,21.428571428571427,30.426356589147286,-8.997785160575859,other
金時,ToLOVEるダークネス,15,19,15.789473684210526,30.426356589147286,-14.63688290493676,other
金時,ToLOVEるダークネス,16,19,42.10526315789473,30.426356589147286,11.678906568747447,other
金時,ToLOVEるダークネス,17,15,0.0,30.426356589147286,-30.426356589147286,other
金時,ToLOVEるダークネス,18,16,62.5,30.426356589147286,32.07364341085271,other
金時,ToLOVEるダークネス,19,17,23.52941176470588,30.426356589147286,-6.896944824441405,other
金時,ToLOVEるダークネス,20,20,25.0,30.426356589147286,-5.426356589147286,other
金時,ToLOVEるダークネス,21,14,35.714285714285715,30.426356589147286,5.2879291251384295,other
金時,ToLOVEるダークネス,22,16,25.0,30.426356589147286,-5.426356589147286,other
金時,ToLOVEるダークネス,23,18,11.11111111111111,30.426356589147286,-19.315245478036175,other
金時,ToLOVEるダークネス,24,11,45.45454545454545,30.426356589147286,15.028188865398167,other
金時,ToLOVEるダークネス,25,20,15.0,30.426356589147286,-15.426356589147286,other
金時,ToLOVEるダークネス,26,17,47.05882352941176,30.426356589147286,16.632466940264475,other
金時,ToLOVEるダークネス,27,18,33.33333333333333,30.426356589147286,2.906976744186043,other
金時,ToLOVEるダークネス,28,17,29.411764705882355,30.426356589147286,-1.0145918832649308,other
金時,ToLOVEるダークネス,29,15,33.33333333333333,30.426356589147286,2.906976744186043,other
金時,ToLOVEるダークネス,30,14,14.285714285714285,30.426356589147286,-16.140642303433,other
金時,ToLOVEるダークネス,31,10,50.0,30.426356589147286,19.573643410852714,other
金時,いざ！番長,1,23,8.695652173913043,28.247734138972806,-19.552081965059763,other
金時,いざ！番長,2,24,33.33333333333333,28.247734138972806,5.0855991943605225,other
金時,いざ！番長,3,19,15.789473684210526,28.247734138972806,-12.45826045476228,other
金時,いざ！番長,4,23,39.130434782608695,28.247734138972806,10.88270064363589,other
金時,いざ！番長,5,26,30.76923076923077,28.247734138972806,2.521496630257964,other
金時,いざ！番長,6,17,35.294117647058826,28.247734138972806,7.04638350808602,other
金時,いざ！番長,7,25,32.0,28.247734138972806,3.752265861027194,other
金時,いざ！番長,8,22,50.0,28.247734138972806,21.752265861027194,other
金時,いざ！番長,9,21,28.57142857142857,28.247734138972806,0.32369443245576335,other
金時,いざ！番長,10,20,20.0,28.247734138972806,-8.247734138972806,other
金時,いざ！番長,11,19,42.10526315789473,28.247734138972806,13.857529018921927,other
金時,いざ！番長,12,21,23.809523809523807,28.247734138972806,-4.438210329448999,other
金時,いざ！番長,13,20,20.0,28.247734138972806,-8.247734138972806,other
金時,いざ！番長,14,25,32.0,28.247734138972806,3.752265861027194,other
金時,いざ！番長,15,28,28.57142857142857,28.247734138972806,0.32369443245576335,other
金時,いざ！番長,16,18,27.77777777777778,28.247734138972806,-0.4699563611950275,other
金時,いざ！番長,17,23,30.434782608695656,28.247734138972806,2.18704846972285,other
金時,いざ！番長,18,19,10.526315789473683,28.247734138972806,-17.721418349499125,other
金時,いざ！番長,19,16,25.0,28.247734138972806,-3.247734138972806,other
金時,いざ！番長,20,26,46.15384615384615,28.247734138972806,17.906112014873347,other
金時,いざ！番長,21,22,22.727272727272727,28.247734138972806,-5.520461411700079,other
金時,いざ！番長,22,19,36.84210526315789,28.247734138972806,8.594371124185084,other
金時,いざ！番長,23,23,17.391304347826086,28.247734138972806,-10.85642979114672,other
金時,いざ！番長,24,17,29.411764705882355,28.247734138972806,1.164030566909549,other
金時,いざ！番長,25,26,23.076923076923077,28.247734138972806,-5.170811062049729,other
金時,いざ！番長,26,20,25.0,28.247734138972806,-3.247734138972806,other
金時,いざ！番長,27,20,15.0,28.247734138972806,-13.247734138972806,other
金時,いざ！番長,28,22,13.636363636363635,28.247734138972806,-14.611370502609171,other
金時,いざ！番長,29,21,28.57142857142857,28.247734138972806,0.32369443245576335,other
金時,いざ！番長,30,23,34.78260869565217,28.247734138972806,6.534874556679366,other
金時,いざ！番長,31,14,50.0,28.247734138972806,21.752265861027194,other
金時,かぐや様は告らせたい,1,24,25.0,30.71593533487298,-5.715935334872981,other
金時,かぐや様は告らせたい,2,27,25.925925925925924,30.71593533487298,-4.790009408947057,other
金時,かぐや様は告らせたい,3,28,21.428571428571427,30.71593533487298,-9.287363906301554,other
金時,かぐや様は告らせたい,4,29,27.586206896551722,30.71593533487298,-3.1297284383212585,other
金時,かぐや様は告らせたい,5,31,25.806451612903224,30.71593533487298,-4.909483721969757,other
金時,かぐや様は告らせたい,6,29,31.03448275862069,30.71593533487298,0.3185474237477095,other
金時,かぐや様は告らせたい,7,31,32.25806451612903,30.71593533487298,1.5421291812560511,other
金時,かぐや様は告らせたい,8,28,14.285714285714285,30.71593533487298,-16.430221049158696,other
金時,かぐや様は告らせたい,9,29,31.03448275862069,30.71593533487298,0.3185474237477095,other
金時,かぐや様は告らせたい,10,27,37.03703703703704,30.71593533487298,6.321101702164057,other
金時,かぐや様は告らせたい,11,25,40.0,30.71593533487298,9.284064665127019,other
金時,かぐや様は告らせたい,12,23,39.130434782608695,30.71593533487298,8.414499447735714,other
金時,かぐや様は告らせたい,13,25,40.0,30.71593533487298,9.284064665127019,other
金時,かぐや様は告らせたい,14,26,46.15384615384615,30.71593533487298,15.437910818973172,other
金時,かぐや様は告らせたい,15,31,41.935483870967744,30.71593533487298,11.219548536094763,other
金時,かぐや様は告らせたい,16,29,27.586206896551722,30.71593533487298,-3.1297284383212585,other
金時,かぐや様は告らせたい,17,25,24.0,30.71593533487298,-6.715935334872981,other
金時,かぐや様は告らせたい,18,30,20.0,30.71593533487298,-10.715935334872981,other
金時,かぐや様は告らせたい,19,28,28.57142857142857,30.71593533487298,-2.1445067634444115,other
金時,かぐや様は告らせたい,20,32,21.875,30.71593533487298,-8.840935334872981,other
金時,かぐや様は告らせたい,21,30,33.33333333333333,30.71593533487298,2.6173979984603477,other
金時,かぐや様は告らせたい,22,29,24.137931034482758,30.71593533487298,-6.578004300390223,other
金時,かぐや様は告らせたい,23,30,20.0,30.71593533487298,-10.715935334872981,other
金時,かぐや様は告らせたい,24,26,42.30769230769231,30.71593533487298,11.591756972819326,other
金時,かぐや様は告らせたい,25,33,39.39393939393939,30.71593533487298,8.67800405906641,other
金時,かぐや様は告らせたい,26,27,48.148148148148145,30.71593533487298,17.432212813275164,other
金時,かぐや様は告らせたい,27,29,37.93103448275862,30.71593533487298,7.215099147885638,other
金時,かぐや様は告らせたい,28,31,12.903225806451612,30.71593533487298,-17.81270952842137,other
金時,かぐや様は告らせたい,29,30,26.666666666666668,30.71593533487298,-4.049268668206313,other
金時,かぐや様は告らせたい,30,28,39.285714285714285,30.71593533487298,8.569778950841304,other
金時,かぐや様は告らせたい,31,16,37.5,30.71593533487298,6.784064665127019,other
金時,からくりサーカス,1,39,23.076923076923077,32.608695652173914,-9.531772575250837,other
金時,からくりサーカス,2,39,43.58974358974359,32.608695652173914,10.981047937569677,other
金時,からくりサーカス,3,32,37.5,32.608695652173914,4.891304347826086,other
金時,からくりサーカス,4,42,26.190476190476193,32.608695652173914,-6.418219461697721,other
金時,からくりサーカス,5,51,35.294117647058826,32.608695652173914,2.685421994884912,other
金時,からくりサーカス,6,30,30.0,32.608695652173914,-2.608695652173914,other
金時,からくりサーカス,7,29,34.48275862068966,32.608695652173914,1.8740629685157444,other
金時,からくりサーカス,8,35,34.285714285714285,32.608695652173914,1.6770186335403707,other
金時,からくりサーカス,9,38,31.57894736842105,32.608695652173914,-1.0297482837528626,other
金時,からくりサーカス,10,37,27.027027027027028,32.608695652173914,-5.581668625146886,other
金時,からくりサーカス,11,45,31.11111111111111,32.608695652173914,-1.4975845410628033,other
金時,からくりサーカス,12,37,27.027027027027028,32.608695652173914,-5.581668625146886,other
金時,からくりサーカス,13,43,30.23255813953488,32.608695652173914,-2.3761375126390334,other
金時,からくりサーカス,14,37,29.72972972972973,32.608695652173914,-2.878965922444184,other
金時,からくりサーカス,15,47,38.297872340425535,32.608695652173914,5.689176688251621,other
金時,からくりサーカス,16,34,26.47058823529412,32.608695652173914,-6.138107416879794,other
金時,からくりサーカス,17,27,37.03703703703704,32.608695652173914,4.428341384863124,other
金時,からくりサーカス,18,36,38.88888888888889,32.608695652173914,6.280193236714979,other
金時,からくりサーカス,19,35,34.285714285714285,32.608695652173914,1.6770186335403707,other
金時,からくりサーカス,20,49,28.57142857142857,32.608695652173914,-4.037267080745345,other
金時,からくりサーカス,21,35,37.142857142857146,32.608695652173914,4.534161490683232,other
金時,からくりサーカス,22,33,36.36363636363637,32.608695652173914,3.754940711462453,other
金時,からくりサーカス,23,37,37.83783783783784,32.608695652173914,5.229142185663925,other
金時,からくりサーカス,24,33,27.27272727272727,32.608695652173914,-5.335968379446644,other
金時,からくりサーカス,25,47,36.17021276595745,32.608695652173914,3.5615171137835375,other
金時,からくりサーカス,26,38,28.947368421052634,32.608695652173914,-3.6613272311212803,other
金時,からくりサーカス,27,39,46.15384615384615,32.608695652173914,13.54515050167224,other
金時,からくりサーカス,28,34,23.52941176470588,32.608695652173914,-9.079283887468033,other
金時,からくりサーカス,29,36,25.0,32.608695652173914,-7.608695652173914,other
金時,からくりサーカス,30,33,33.33333333333333,32.608695652173914,0.7246376811594146,other
金時,からくりサーカス,31,23,34.78260869565217,32.608695652173914,2.173913043478258,other
金時,とある科学の超電磁砲2,1,7,42.857142857142854,27.52808988764045,15.329052969502403,other
金時,とある科学の超電磁砲2,2,5,40.0,27.52808988764045,12.471910112359549,other
金時,とある科学の超電磁砲2,3,5,80.0,27.52808988764045,52.47191011235955,other
金時,とある科学の超電磁砲2,4,6,16.666666666666664,27.52808988764045,-10.861423220973787,other
金時,とある科学の超電磁砲2,5,7,14.285714285714285,27.52808988764045,-13.242375601926167,other
金時,とある科学の超電磁砲2,6,7,0.0,27.52808988764045,-27.52808988764045,other
金時,とある科学の超電磁砲2,7,6,0.0,27.52808988764045,-27.52808988764045,other
金時,とある科学の超電磁砲2,8,6,33.33333333333333,27.52808988764045,5.805243445692877,other
金時,とある科学の超電磁砲2,10,5,20.0,27.52808988764045,-7.528089887640451,other
金時,とある科学の超電磁砲2,11,6,16.666666666666664,27.52808988764045,-10.861423220973787,other
金時,とある科学の超電磁砲2,13,5,0.0,27.52808988764045,-27.52808988764045,other
金時,とある科学の超電磁砲2,14,5,60.0,27.52808988764045,32.47191011235955,other
金時,とある科学の超電磁砲2,15,7,14.285714285714285,27.52808988764045,-13.242375601926167,other
金時,とある科学の超電磁砲2,16,7,0.0,27.52808988764045,-27.52808988764045,other
金時,とある科学の超電磁砲2,17,6,33.33333333333333,27.52808988764045,5.805243445692877,other
金時,とある科学の超電磁砲2,18,6,0.0,27.52808988764045,-27.52808988764045,other
金時,とある科学の超電磁砲2,19,5,0.0,27.52808988764045,-27.52808988764045,other
金時,とある科学の超電磁砲2,20,7,28.57142857142857,27.52808988764045,1.043338683788118,other
金時,とある科学の超電磁砲2,21,5,20.0,27.52808988764045,-7.528089887640451,other
金時,とある科学の超電磁砲2,22,5,20.0,27.52808988764045,-7.528089887640451,other
金時,とある科学の超電磁砲2,23,7,28.57142857142857,27.52808988764045,1.043338683788118,other
金時,とある科学の超電磁砲2,24,7,71.42857142857143,27.52808988764045,43.90048154093098,other
金時,とある科学の超電磁砲2,25,7,0.0,27.52808988764045,-27.52808988764045,other
金時,とある科学の超電磁砲2,26,7,28.57142857142857,27.52808988764045,1.043338683788118,other
金時,とある科学の超電磁砲2,28,7,57.14285714285714,27.52808988764045,29.614767255216687,other
金時,とある科学の超電磁砲2,30,5,40.0,27.52808988764045,12.471910112359549,other
金時,アイムジャグラーEX-TP,1,94,25.53191489361702,25.93128390596745,-0.3993690123504301,jug
金時,アイムジャグラーEX-TP,2,99,18.181818181818183,25.93128390596745,-7.7494657241492675,jug
金時,アイムジャグラーEX-TP,3,88,36.36363636363637,25.93128390596745,10.432352457668916,jug
金時,アイムジャグラーEX-TP,4,94,25.53191489361702,25.93128390596745,-0.3993690123504301,jug
金時,アイムジャグラーEX-TP,5,98,26.53061224489796,25.93128390596745,0.5993283389305084,jug
金時,アイムジャグラーEX-TP,6,87,21.839080459770116,25.93128390596745,-4.092203446197335,jug
金時,アイムジャグラーEX-TP,7,91,27.472527472527474,25.93128390596745,1.5412435665600235,jug
金時,アイムジャグラーEX-TP,8,93,18.27956989247312,25.93128390596745,-7.651714013494331,jug
金時,アイムジャグラーEX-TP,9,93,20.43010752688172,25.93128390596745,-5.501176379085731,jug
金時,アイムジャグラーEX-TP,10,91,17.582417582417584,25.93128390596745,-8.348866323549867,jug
金時,アイムジャグラーEX-TP,11,90,26.666666666666668,25.93128390596745,0.7353827606992169,jug
金時,アイムジャグラーEX-TP,12,93,29.03225806451613,25.93128390596745,3.1009741585486807,jug
金時,アイムジャグラーEX-TP,13,95,31.57894736842105,25.93128390596745,5.6476634624536,jug
金時,アイムジャグラーEX-TP,14,94,28.723404255319153,25.93128390596745,2.792120349351702,jug
金時,アイムジャグラーEX-TP,15,88,35.22727272727273,25.93128390596745,9.295988821305276,jug
金時,アイムジャグラーEX-TP,16,97,24.742268041237114,25.93128390596745,-1.1890158647303366,jug
金時,アイムジャグラーEX-TP,17,90,16.666666666666664,25.93128390596745,-9.264617239300787,jug
金時,アイムジャグラーEX-TP,18,91,28.57142857142857,25.93128390596745,2.6401446654611185,jug
金時,アイムジャグラーEX-TP,19,91,28.57142857142857,25.93128390596745,2.6401446654611185,jug
金時,アイムジャグラーEX-TP,20,95,24.210526315789473,25.93128390596745,-1.7207575901779784,jug
金時,アイムジャグラーEX-TP,21,89,25.842696629213485,25.93128390596745,-0.08858727675396594,jug
金時,アイムジャグラーEX-TP,22,90,23.333333333333332,25.93128390596745,-2.5979505726341188,jug
金時,アイムジャグラーEX-TP,23,93,27.956989247311824,25.93128390596745,2.0257053413443735,jug
金時,アイムジャグラーEX-TP,24,88,27.27272727272727,25.93128390596745,1.341443366759819,jug
金時,アイムジャグラーEX-TP,25,90,30.0,25.93128390596745,4.068716094032549,jug
金時,アイムジャグラーEX-TP,26,88,21.59090909090909,25.93128390596745,-4.340374815058361,jug
金時,アイムジャグラーEX-TP,27,86,26.744186046511626,25.93128390596745,0.8129021405441748,jug
金時,アイムジャグラーEX-TP,28,85,31.76470588235294,25.93128390596745,5.8334219763854875,jug
金時,アイムジャグラーEX-TP,29,75,30.666666666666664,25.93128390596745,4.735382760699213,jug
金時,アイムジャグラーEX-TP,30,77,25.97402597402597,25.93128390596745,0.04274206805851932,jug
金時,アイムジャグラーEX-TP,31,52,21.153846153846153,25.93128390596745,-4.777437752121298,jug
金時,アズールレーン THE ANIMATION,1,9,22.22222222222222,28.05755395683453,-5.835331734612307,other
金時,アズールレーン THE ANIMATION,2,8,37.5,28.05755395683453,9.442446043165472,other
金時,アズールレーン THE ANIMATION,3,9,44.44444444444444,28.05755395683453,16.386890487609914,other
金時,アズールレーン THE ANIMATION,4,9,11.11111111111111,28.05755395683453,-16.946442845723418,other
金時,アズールレーン THE ANIMATION,5,10,20.0,28.05755395683453,-8.057553956834528,other
金時,アズールレーン THE ANIMATION,6,9,11.11111111111111,28.05755395683453,-16.946442845723418,other
金時,アズールレーン THE ANIMATION,7,10,20.0,28.05755395683453,-8.057553956834528,other
金時,アズールレーン THE ANIMATION,8,9,33.33333333333333,28.05755395683453,5.2757793764988,other
金時,アズールレーン THE ANIMATION,9,10,30.0,28.05755395683453,1.9424460431654715,other
金時,アズールレーン THE ANIMATION,10,9,22.22222222222222,28.05755395683453,-5.835331734612307,other
金時,アズールレーン THE ANIMATION,11,9,44.44444444444444,28.05755395683453,16.386890487609914,other
金時,アズールレーン THE ANIMATION,12,9,33.33333333333333,28.05755395683453,5.2757793764988,other
金時,アズールレーン THE ANIMATION,13,8,37.5,28.05755395683453,9.442446043165472,other
金時,アズールレーン THE ANIMATION,14,10,40.0,28.05755395683453,11.942446043165472,other
金時,アズールレーン THE ANIMATION,15,10,50.0,28.05755395683453,21.94244604316547,other
金時,アズールレーン THE ANIMATION,16,9,0.0,28.05755395683453,-28.05755395683453,other
金時,アズールレーン THE ANIMATION,17,8,0.0,28.05755395683453,-28.05755395683453,other
金時,アズールレーン THE ANIMATION,18,9,55.55555555555556,28.05755395683453,27.49800159872103,other
金時,アズールレーン THE ANIMATION,19,9,11.11111111111111,28.05755395683453,-16.946442845723418,other
金時,アズールレーン THE ANIMATION,20,10,70.0,28.05755395683453,41.942446043165475,other
金時,アズールレーン THE ANIMATION,21,9,33.33333333333333,28.05755395683453,5.2757793764988,other
金時,アズールレーン THE ANIMATION,22,9,22.22222222222222,28.05755395683453,-5.835331734612307,other
金時,アズールレーン THE ANIMATION,23,10,30.0,28.05755395683453,1.9424460431654715,other
金時,アズールレーン THE ANIMATION,24,10,10.0,28.05755395683453,-18.05755395683453,other
金時,アズールレーン THE ANIMATION,25,10,10.0,28.05755395683453,-18.05755395683453,other
金時,アズールレーン THE ANIMATION,26,8,25.0,28.05755395683453,-3.0575539568345285,other
金時,アズールレーン THE ANIMATION,27,9,44.44444444444444,28.05755395683453,16.386890487609914,other
金時,アズールレーン THE ANIMATION,28,9,11.11111111111111,28.05755395683453,-16.946442845723418,other
金時,アズールレーン THE ANIMATION,29,7,28.57142857142857,28.05755395683453,0.5138746145940409,other
金時,アズールレーン THE ANIMATION,30,9,33.33333333333333,28.05755395683453,5.2757793764988,other
金時,アズールレーン THE ANIMATION,31,5,20.0,28.05755395683453,-8.057553956834528,other
金時,アレックス ブライト,1,11,45.45454545454545,34.40514469453376,11.049400760011693,bt
金時,アレックス ブライト,2,10,20.0,34.40514469453376,-14.40514469453376,bt
金時,アレックス ブライト,3,10,30.0,34.40514469453376,-4.40514469453376,bt
金時,アレックス ブライト,4,10,70.0,34.40514469453376,35.59485530546624,bt
金時,アレックス ブライト,5,10,30.0,34.40514469453376,-4.40514469453376,bt
金時,アレックス ブライト,6,10,30.0,34.40514469453376,-4.40514469453376,bt
金時,アレックス ブライト,7,10,30.0,34.40514469453376,-4.40514469453376,bt
金時,アレックス ブライト,8,10,60.0,34.40514469453376,25.59485530546624,bt
金時,アレックス ブライト,9,10,30.0,34.40514469453376,-4.40514469453376,bt
金時,アレックス ブライト,10,10,50.0,34.40514469453376,15.59485530546624,bt
金時,アレックス ブライト,11,10,20.0,34.40514469453376,-14.40514469453376,bt
金時,アレックス ブライト,12,9,11.11111111111111,34.40514469453376,-23.29403358342265,bt
金時,アレックス ブライト,13,9,33.33333333333333,34.40514469453376,-1.0718113612004316,bt
金時,アレックス ブライト,14,10,30.0,34.40514469453376,-4.40514469453376,bt
金時,アレックス ブライト,15,10,30.0,34.40514469453376,-4.40514469453376,bt
金時,アレックス ブライト,16,8,12.5,34.40514469453376,-21.90514469453376,bt
金時,アレックス ブライト,17,10,40.0,34.40514469453376,5.59485530546624,bt
金時,アレックス ブライト,18,10,40.0,34.40514469453376,5.59485530546624,bt
金時,アレックス ブライト,19,10,40.0,34.40514469453376,5.59485530546624,bt
金時,アレックス ブライト,20,10,40.0,34.40514469453376,5.59485530546624,bt
金時,アレックス ブライト,21,11,27.27272727272727,34.40514469453376,-7.13241742180649,bt
金時,アレックス ブライト,22,11,45.45454545454545,34.40514469453376,11.049400760011693,bt
金時,アレックス ブライト,23,11,18.181818181818183,34.40514469453376,-16.223326512715577,bt
金時,アレックス ブライト,24,11,45.45454545454545,34.40514469453376,11.049400760011693,bt
金時,アレックス ブライト,25,11,18.181818181818183,34.40514469453376,-16.223326512715577,bt
金時,アレックス ブライト,26,11,27.27272727272727,34.40514469453376,-7.13241742180649,bt
金時,アレックス ブライト,27,11,36.36363636363637,34.40514469453376,1.9584916691026066,bt
金時,アレックス ブライト,28,11,27.27272727272727,34.40514469453376,-7.13241742180649,bt
金時,アレックス ブライト,29,10,50.0,34.40514469453376,15.59485530546624,bt
金時,アレックス ブライト,30,10,30.0,34.40514469453376,-4.40514469453376,bt
金時,アレックス ブライト,31,6,50.0,34.40514469453376,15.59485530546624,bt
金時,ウルトラミラクルジャグラー,1,56,23.214285714285715,27.227414330218068,-4.013128615932352,jug
金時,ウルトラミラクルジャグラー,2,54,24.074074074074073,27.227414330218068,-3.153340256143995,jug
金時,ウルトラミラクルジャグラー,3,51,27.450980392156865,27.227414330218068,0.22356606193879713,jug
金時,ウルトラミラクルジャグラー,4,54,25.925925925925924,27.227414330218068,-1.3014884042921437,jug
金時,ウルトラミラクルジャグラー,5,54,33.33333333333333,27.227414330218068,6.105919003115261,jug
金時,ウルトラミラクルジャグラー,6,51,31.372549019607842,27.227414330218068,4.145134689389774,jug
金時,ウルトラミラクルジャグラー,7,54,24.074074074074073,27.227414330218068,-3.153340256143995,jug
金時,ウルトラミラクルジャグラー,8,54,14.814814814814813,27.227414330218068,-12.412599515403254,jug
金時,ウルトラミラクルジャグラー,9,52,28.846153846153843,27.227414330218068,1.6187395159357756,jug
金時,ウルトラミラクルジャグラー,10,51,25.49019607843137,27.227414330218068,-1.7372182517866968,jug
金時,ウルトラミラクルジャグラー,11,52,28.846153846153843,27.227414330218068,1.6187395159357756,jug
金時,ウルトラミラクルジャグラー,12,49,26.53061224489796,27.227414330218068,-0.6968020853201082,jug
金時,ウルトラミラクルジャグラー,13,53,30.18867924528302,27.227414330218068,2.9612649150649517,jug
金時,ウルトラミラクルジャグラー,14,53,33.9622641509434,27.227414330218068,6.73484982072533,jug
金時,ウルトラミラクルジャグラー,15,51,37.254901960784316,27.227414330218068,10.027487630566249,jug
金時,ウルトラミラクルジャグラー,16,53,13.20754716981132,27.227414330218068,-14.019867160406747,jug
金時,ウルトラミラクルジャグラー,17,52,28.846153846153843,27.227414330218068,1.6187395159357756,jug
金時,ウルトラミラクルジャグラー,18,52,26.923076923076923,27.227414330218068,-0.3043374071411442,jug
金時,ウルトラミラクルジャグラー,19,54,24.074074074074073,27.227414330218068,-3.153340256143995,jug
金時,ウルトラミラクルジャグラー,20,54,35.18518518518518,27.227414330218068,7.957770854967116,jug
金時,ウルトラミラクルジャグラー,21,53,22.641509433962266,27.227414330218068,-4.585904896255801,jug
金時,ウルトラミラクルジャグラー,22,54,29.629629629629626,27.227414330218068,2.4022152994115586,jug
金時,ウルトラミラクルジャグラー,23,51,19.607843137254903,27.227414330218068,-7.619571192963164,jug
金時,ウルトラミラクルジャグラー,24,53,33.9622641509434,27.227414330218068,6.73484982072533,jug
金時,ウルトラミラクルジャグラー,25,54,35.18518518518518,27.227414330218068,7.957770854967116,jug
金時,ウルトラミラクルジャグラー,26,53,22.641509433962266,27.227414330218068,-4.585904896255801,jug
金時,ウルトラミラクルジャグラー,27,54,24.074074074074073,27.227414330218068,-3.153340256143995,jug
金時,ウルトラミラクルジャグラー,28,54,27.77777777777778,27.227414330218068,0.550363447559711,jug
金時,ウルトラミラクルジャグラー,29,48,33.33333333333333,27.227414330218068,6.105919003115261,jug
金時,ウルトラミラクルジャグラー,30,48,18.75,27.227414330218068,-8.477414330218068,jug
金時,ウルトラミラクルジャグラー,31,29,37.93103448275862,27.227414330218068,10.703620152540552,jug
金時,クランキークレスト,1,17,41.17647058823529,29.71887550200803,11.457595086227261,bt
金時,クランキークレスト,2,15,40.0,29.71887550200803,10.281124497991971,bt
金時,クランキークレスト,3,17,23.52941176470588,29.71887550200803,-6.189463737302148,bt
金時,クランキークレスト,4,16,37.5,29.71887550200803,7.781124497991971,bt
金時,クランキークレスト,5,18,27.77777777777778,29.71887550200803,-1.94109772423025,bt
金時,クランキークレスト,6,15,40.0,29.71887550200803,10.281124497991971,bt
金時,クランキークレスト,7,15,26.666666666666668,29.71887550200803,-3.052208835341361,bt
金時,クランキークレスト,8,18,16.666666666666664,29.71887550200803,-13.052208835341364,bt
金時,クランキークレスト,9,17,23.52941176470588,29.71887550200803,-6.189463737302148,bt
金時,クランキークレスト,10,16,37.5,29.71887550200803,7.781124497991971,bt
金時,クランキークレスト,11,15,20.0,29.71887550200803,-9.718875502008029,bt
金時,クランキークレスト,12,16,31.25,29.71887550200803,1.5311244979919714,bt
金時,クランキークレスト,13,17,58.82352941176471,29.71887550200803,29.10465390975668,bt
金時,クランキークレスト,14,16,37.5,29.71887550200803,7.781124497991971,bt
金時,クランキークレスト,15,17,23.52941176470588,29.71887550200803,-6.189463737302148,bt
金時,クランキークレスト,16,16,31.25,29.71887550200803,1.5311244979919714,bt
金時,クランキークレスト,17,17,17.647058823529413,29.71887550200803,-12.071816678478616,bt
金時,クランキークレスト,18,17,11.76470588235294,29.71887550200803,-17.95416961965509,bt
金時,クランキークレスト,19,15,33.33333333333333,29.71887550200803,3.6144578313253,bt
金時,クランキークレスト,20,17,17.647058823529413,29.71887550200803,-12.071816678478616,bt
金時,クランキークレスト,21,13,38.46153846153847,29.71887550200803,8.742662959530438,bt
金時,クランキークレスト,22,18,27.77777777777778,29.71887550200803,-1.94109772423025,bt
金時,クランキークレスト,23,18,11.11111111111111,29.71887550200803,-18.607764390896918,bt
金時,クランキークレスト,24,18,38.88888888888889,29.71887550200803,9.170013386880864,bt
金時,クランキークレスト,25,18,33.33333333333333,29.71887550200803,3.6144578313253,bt
金時,クランキークレスト,26,15,20.0,29.71887550200803,-9.718875502008029,bt
金時,クランキークレスト,27,16,25.0,29.71887550200803,-4.718875502008029,bt
金時,クランキークレスト,28,16,37.5,29.71887550200803,7.781124497991971,bt
金時,クランキークレスト,29,14,42.857142857142854,29.71887550200803,13.138267355134825,bt
金時,クランキークレスト,30,15,26.666666666666668,29.71887550200803,-3.052208835341361,bt
金時,クランキークレスト,31,10,30.0,29.71887550200803,0.28112449799197137,bt
金時,クレアの秘宝伝 ～はじまりの扉と太陽の石～ ボーナストリガーver.,1,14,35.714285714285715,34.688995215311,1.0252904989747122,bt
金時,クレアの秘宝伝 ～はじまりの扉と太陽の石～ ボーナストリガーver.,2,13,53.84615384615385,34.688995215311,19.157158630842844,bt
金時,クレアの秘宝伝 ～はじまりの扉と太陽の石～ ボーナストリガーver.,3,12,25.0,34.688995215311,-9.688995215311003,bt
金時,クレアの秘宝伝 ～はじまりの扉と太陽の石～ ボーナストリガーver.,4,13,30.76923076923077,34.688995215311,-3.919764446080233,bt
金時,クレアの秘宝伝 ～はじまりの扉と太陽の石～ ボーナストリガーver.,5,14,21.428571428571427,34.688995215311,-13.260423786739576,bt
金時,クレアの秘宝伝 ～はじまりの扉と太陽の石～ ボーナストリガーver.,6,14,28.57142857142857,34.688995215311,-6.117566643882434,bt
金時,クレアの秘宝伝 ～はじまりの扉と太陽の石～ ボーナストリガーver.,7,14,35.714285714285715,34.688995215311,1.0252904989747122,bt
金時,クレアの秘宝伝 ～はじまりの扉と太陽の石～ ボーナストリガーver.,8,14,14.285714285714285,34.688995215311,-20.40328092959672,bt
金時,クレアの秘宝伝 ～はじまりの扉と太陽の石～ ボーナストリガーver.,9,15,20.0,34.688995215311,-14.688995215311003,bt
金時,クレアの秘宝伝 ～はじまりの扉と太陽の石～ ボーナストリガーver.,10,14,42.857142857142854,34.688995215311,8.168147641831851,bt
金時,クレアの秘宝伝 ～はじまりの扉と太陽の石～ ボーナストリガーver.,11,12,33.33333333333333,34.688995215311,-1.3556618819776745,bt
金時,クレアの秘宝伝 ～はじまりの扉と太陽の石～ ボーナストリガーver.,12,12,25.0,34.688995215311,-9.688995215311003,bt
金時,クレアの秘宝伝 ～はじまりの扉と太陽の石～ ボーナストリガーver.,13,14,28.57142857142857,34.688995215311,-6.117566643882434,bt
金時,クレアの秘宝伝 ～はじまりの扉と太陽の石～ ボーナストリガーver.,14,14,50.0,34.688995215311,15.311004784688997,bt
金時,クレアの秘宝伝 ～はじまりの扉と太陽の石～ ボーナストリガーver.,15,15,40.0,34.688995215311,5.311004784688997,bt
金時,クレアの秘宝伝 ～はじまりの扉と太陽の石～ ボーナストリガーver.,16,14,50.0,34.688995215311,15.311004784688997,bt
金時,クレアの秘宝伝 ～はじまりの扉と太陽の石～ ボーナストリガーver.,17,15,33.33333333333333,34.688995215311,-1.3556618819776745,bt
金時,クレアの秘宝伝 ～はじまりの扉と太陽の石～ ボーナストリガーver.,18,15,40.0,34.688995215311,5.311004784688997,bt
金時,クレアの秘宝伝 ～はじまりの扉と太陽の石～ ボーナストリガーver.,19,15,26.666666666666668,34.688995215311,-8.022328548644335,bt
金時,クレアの秘宝伝 ～はじまりの扉と太陽の石～ ボーナストリガーver.,20,15,33.33333333333333,34.688995215311,-1.3556618819776745,bt
金時,クレアの秘宝伝 ～はじまりの扉と太陽の石～ ボーナストリガーver.,21,14,42.857142857142854,34.688995215311,8.168147641831851,bt
金時,クレアの秘宝伝 ～はじまりの扉と太陽の石～ ボーナストリガーver.,22,15,40.0,34.688995215311,5.311004784688997,bt
金時,クレアの秘宝伝 ～はじまりの扉と太陽の石～ ボーナストリガーver.,23,13,61.53846153846154,34.688995215311,26.849466323150537,bt
金時,クレアの秘宝伝 ～はじまりの扉と太陽の石～ ボーナストリガーver.,24,14,42.857142857142854,34.688995215311,8.168147641831851,bt
金時,クレアの秘宝伝 ～はじまりの扉と太陽の石～ ボーナストリガーver.,25,14,14.285714285714285,34.688995215311,-20.40328092959672,bt
金時,クレアの秘宝伝 ～はじまりの扉と太陽の石～ ボーナストリガーver.,26,12,33.33333333333333,34.688995215311,-1.3556618819776745,bt
金時,クレアの秘宝伝 ～はじまりの扉と太陽の石～ ボーナストリガーver.,27,14,21.428571428571427,34.688995215311,-13.260423786739576,bt
金時,クレアの秘宝伝 ～はじまりの扉と太陽の石～ ボーナストリガーver.,28,13,61.53846153846154,34.688995215311,26.849466323150537,bt
金時,クレアの秘宝伝 ～はじまりの扉と太陽の石～ ボーナストリガーver.,29,12,33.33333333333333,34.688995215311,-1.3556618819776745,bt
金時,クレアの秘宝伝 ～はじまりの扉と太陽の石～ ボーナストリガーver.,30,13,7.6923076923076925,34.688995215311,-26.99668752300331,bt
金時,クレアの秘宝伝 ～はじまりの扉と太陽の石～ ボーナストリガーver.,31,6,66.66666666666666,34.688995215311,31.977671451355654,bt
金時,ゴジラ対エヴァンゲリオン,1,21,28.57142857142857,28.717948717948715,-0.146520146520146,other
金時,ゴジラ対エヴァンゲリオン,2,18,16.666666666666664,28.717948717948715,-12.051282051282051,other
金時,ゴジラ対エヴァンゲリオン,3,20,30.0,28.717948717948715,1.2820512820512846,other
金時,ゴジラ対エヴァンゲリオン,4,19,31.57894736842105,28.717948717948715,2.860998650472336,other
金時,ゴジラ対エヴァンゲリオン,5,27,14.814814814814813,28.717948717948715,-13.903133903133902,other
金時,ゴジラ対エヴァンゲリオン,6,21,28.57142857142857,28.717948717948715,-0.146520146520146,other
金時,ゴジラ対エヴァンゲリオン,7,16,12.5,28.717948717948715,-16.217948717948715,other
金時,ゴジラ対エヴァンゲリオン,8,17,29.411764705882355,28.717948717948715,0.6938159879336396,other
金時,ゴジラ対エヴァンゲリオン,9,20,40.0,28.717948717948715,11.282051282051285,other
金時,ゴジラ対エヴァンゲリオン,10,19,31.57894736842105,28.717948717948715,2.860998650472336,other
金時,ゴジラ対エヴァンゲリオン,11,23,21.73913043478261,28.717948717948715,-6.978818283166106,other
金時,ゴジラ対エヴァンゲリオン,12,20,35.0,28.717948717948715,6.282051282051285,other
金時,ゴジラ対エヴァンゲリオン,13,24,25.0,28.717948717948715,-3.7179487179487154,other
金時,ゴジラ対エヴァンゲリオン,14,14,42.857142857142854,28.717948717948715,14.139194139194139,other
金時,ゴジラ対エヴァンゲリオン,15,21,33.33333333333333,28.717948717948715,4.615384615384613,other
金時,ゴジラ対エヴァンゲリオン,16,12,50.0,28.717948717948715,21.282051282051285,other
金時,ゴジラ対エヴァンゲリオン,17,18,33.33333333333333,28.717948717948715,4.615384615384613,other
金時,ゴジラ対エヴァンゲリオン,18,17,17.647058823529413,28.717948717948715,-11.070889894419302,other
金時,ゴジラ対エヴァンゲリオン,19,18,22.22222222222222,28.717948717948715,-6.495726495726494,other
金時,ゴジラ対エヴァンゲリオン,20,27,25.925925925925924,28.717948717948715,-2.7920227920227916,other
金時,ゴジラ対エヴァンゲリオン,21,15,20.0,28.717948717948715,-8.717948717948715,other
金時,ゴジラ対エヴァンゲリオン,22,17,35.294117647058826,28.717948717948715,6.576168929110111,other
金時,ゴジラ対エヴァンゲリオン,23,16,31.25,28.717948717948715,2.5320512820512846,other
金時,ゴジラ対エヴァンゲリオン,24,18,22.22222222222222,28.717948717948715,-6.495726495726494,other
金時,ゴジラ対エヴァンゲリオン,25,26,34.61538461538461,28.717948717948715,5.897435897435898,other
金時,ゴジラ対エヴァンゲリオン,26,22,13.636363636363635,28.717948717948715,-15.08158508158508,other
金時,ゴジラ対エヴァンゲリオン,27,15,40.0,28.717948717948715,11.282051282051285,other
金時,ゴジラ対エヴァンゲリオン,28,18,44.44444444444444,28.717948717948715,15.726495726495727,other
金時,ゴジラ対エヴァンゲリオン,29,17,29.411764705882355,28.717948717948715,0.6938159879336396,other
金時,ゴジラ対エヴァンゲリオン,30,16,31.25,28.717948717948715,2.5320512820512846,other
金時,ゴジラ対エヴァンゲリオン,31,13,38.46153846153847,28.717948717948715,9.743589743589752,other
金時,ゴッドイーター リザレクション,1,56,33.92857142857143,30.0,3.9285714285714306,other
金時,ゴッドイーター リザレクション,2,57,33.33333333333333,30.0,3.3333333333333286,other
金時,ゴッドイーター リザレクション,3,60,30.0,30.0,0.0,other
金時,ゴッドイーター リザレクション,4,59,32.20338983050847,30.0,2.2033898305084705,other
金時,ゴッドイーター リザレクション,5,66,21.21212121212121,30.0,-8.787878787878789,other
金時,ゴッドイーター リザレクション,6,49,34.69387755102041,30.0,4.693877551020407,other
金時,ゴッドイーター リザレクション,7,42,40.476190476190474,30.0,10.476190476190474,other
金時,ゴッドイーター リザレクション,8,64,35.9375,30.0,5.9375,other
金時,ゴッドイーター リザレクション,9,55,16.363636363636363,30.0,-13.636363636363637,other
金時,ゴッドイーター リザレクション,10,54,27.77777777777778,30.0,-2.2222222222222214,other
金時,ゴッドイーター リザレクション,11,48,35.41666666666667,30.0,5.416666666666671,other
金時,ゴッドイーター リザレクション,12,55,36.36363636363637,30.0,6.363636363636367,other
金時,ゴッドイーター リザレクション,13,51,29.411764705882355,30.0,-0.588235294117645,other
金時,ゴッドイーター リザレクション,14,52,26.923076923076923,30.0,-3.0769230769230766,other
金時,ゴッドイーター リザレクション,15,62,27.419354838709676,30.0,-2.580645161290324,other
金時,ゴッドイーター リザレクション,16,47,19.148936170212767,30.0,-10.851063829787233,other
金時,ゴッドイーター リザレクション,17,46,36.95652173913043,30.0,6.95652173913043,other
金時,ゴッドイーター リザレクション,18,50,22.0,30.0,-8.0,other
金時,ゴッドイーター リザレクション,19,55,10.909090909090908,30.0,-19.090909090909093,other
金時,ゴッドイーター リザレクション,20,67,46.26865671641791,30.0,16.268656716417908,other
金時,ゴッドイーター リザレクション,21,54,24.074074074074073,30.0,-5.925925925925927,other
金時,ゴッドイーター リザレクション,22,51,31.372549019607842,30.0,1.3725490196078418,other
金時,ゴッドイーター リザレクション,23,43,39.53488372093023,30.0,9.534883720930232,other
金時,ゴッドイーター リザレクション,24,56,26.785714285714285,30.0,-3.2142857142857153,other
金時,ゴッドイーター リザレクション,25,66,34.84848484848485,30.0,4.848484848484851,other
金時,ゴッドイーター リザレクション,26,53,26.41509433962264,30.0,-3.584905660377359,other
金時,ゴッドイーター リザレクション,27,44,18.181818181818183,30.0,-11.818181818181817,other
金時,ゴッドイーター リザレクション,28,47,31.914893617021278,30.0,1.9148936170212778,other
金時,ゴッドイーター リザレクション,29,43,46.51162790697674,30.0,16.51162790697674,other
金時,ゴッドイーター リザレクション,30,48,25.0,30.0,-5.0,other
金時,ゴッドイーター リザレクション,31,30,30.0,30.0,0.0,other
金時,ゴーゴージャグラー3,1,128,30.46875,25.417236662106703,5.051513337893297,jug
金時,ゴーゴージャグラー3,2,121,25.6198347107438,25.417236662106703,0.20259804863709618,jug
金時,ゴーゴージャグラー3,3,119,26.05042016806723,25.417236662106703,0.6331835059605275,jug
金時,ゴーゴージャグラー3,4,117,29.914529914529915,25.417236662106703,4.497293252423212,jug
金時,ゴーゴージャグラー3,5,126,26.190476190476193,25.417236662106703,0.7732395283694906,jug
金時,ゴーゴージャグラー3,6,115,27.82608695652174,25.417236662106703,2.4088502944150356,jug
金時,ゴーゴージャグラー3,7,121,28.09917355371901,25.417236662106703,2.681936891612306,jug
金時,ゴーゴージャグラー3,8,122,22.950819672131146,25.417236662106703,-2.4664169899755564,jug
金時,ゴーゴージャグラー3,9,118,22.88135593220339,25.417236662106703,-2.5358807299033117,jug
金時,ゴーゴージャグラー3,10,118,22.033898305084744,25.417236662106703,-3.383338357021959,jug
金時,ゴーゴージャグラー3,11,121,28.09917355371901,25.417236662106703,2.681936891612306,jug
金時,ゴーゴージャグラー3,12,119,23.52941176470588,25.417236662106703,-1.8878248974008223,jug
金時,ゴーゴージャグラー3,13,118,27.11864406779661,25.417236662106703,1.7014074056899062,jug
金時,ゴーゴージャグラー3,14,117,32.47863247863248,25.417236662106703,7.061395816525774,jug
金時,ゴーゴージャグラー3,15,118,31.35593220338983,25.417236662106703,5.938695541283128,jug
金時,ゴーゴージャグラー3,16,121,18.181818181818183,25.417236662106703,-7.235418480288519,jug
金時,ゴーゴージャグラー3,17,116,22.413793103448278,25.417236662106703,-3.003443558658425,jug
金時,ゴーゴージャグラー3,18,118,23.728813559322035,25.417236662106703,-1.6884231027846681,jug
金時,ゴーゴージャグラー3,19,122,24.59016393442623,25.417236662106703,-0.8270727276804735,jug
金時,ゴーゴージャグラー3,20,126,27.77777777777778,25.417236662106703,2.360541115671076,jug
金時,ゴーゴージャグラー3,21,122,26.229508196721312,25.417236662106703,0.8122715346146094,jug
金時,ゴーゴージャグラー3,22,122,23.770491803278688,25.417236662106703,-1.646744858828015,jug
金時,ゴーゴージャグラー3,23,119,24.369747899159663,25.417236662106703,-1.0474887629470402,jug
金時,ゴーゴージャグラー3,24,118,26.27118644067797,25.417236662106703,0.8539497785712662,jug
金時,ゴーゴージャグラー3,25,126,21.428571428571427,25.417236662106703,-3.9886652335352757,jug
金時,ゴーゴージャグラー3,26,122,22.950819672131146,25.417236662106703,-2.4664169899755564,jug
金時,ゴーゴージャグラー3,27,120,25.0,25.417236662106703,-0.41723666210670274,jug
金時,ゴーゴージャグラー3,28,120,22.5,25.417236662106703,-2.9172366621067027,jug
金時,ゴーゴージャグラー3,29,108,27.77777777777778,25.417236662106703,2.360541115671076,jug
金時,ゴーゴージャグラー3,30,110,25.454545454545453,25.417236662106703,0.037308792438750515,jug
金時,ゴーゴージャグラー3,31,67,17.91044776119403,25.417236662106703,-7.5067889009126745,jug
金時,シャーマンキング,1,7,14.285714285714285,22.672064777327936,-8.386350491613651,other
金時,シャーマンキング,2,7,28.57142857142857,22.672064777327936,5.899363794100633,other
金時,シャーマンキング,3,9,22.22222222222222,22.672064777327936,-0.4498425551057146,other
金時,シャーマンキング,4,7,28.57142857142857,22.672064777327936,5.899363794100633,other
金時,シャーマンキング,5,9,33.33333333333333,22.672064777327936,10.661268556005393,other
金時,シャーマンキング,6,8,50.0,22.672064777327936,27.327935222672064,other
金時,シャーマンキング,7,6,33.33333333333333,22.672064777327936,10.661268556005393,other
金時,シャーマンキング,8,9,11.11111111111111,22.672064777327936,-11.560953666216825,other
金時,シャーマンキング,9,8,25.0,22.672064777327936,2.327935222672064,other
金時,シャーマンキング,10,7,57.14285714285714,22.672064777327936,34.470792365529206,other
金時,シャーマンキング,11,7,0.0,22.672064777327936,-22.672064777327936,other
金時,シャーマンキング,12,9,22.22222222222222,22.672064777327936,-0.4498425551057146,other
金時,シャーマンキング,13,8,50.0,22.672064777327936,27.327935222672064,other
金時,シャーマンキング,14,8,25.0,22.672064777327936,2.327935222672064,other
金時,シャーマンキング,15,9,11.11111111111111,22.672064777327936,-11.560953666216825,other
金時,シャーマンキング,16,7,0.0,22.672064777327936,-22.672064777327936,other
金時,シャーマンキング,17,5,0.0,22.672064777327936,-22.672064777327936,other
金時,シャーマンキング,18,9,22.22222222222222,22.672064777327936,-0.4498425551057146,other
金時,シャーマンキング,19,8,0.0,22.672064777327936,-22.672064777327936,other
金時,シャーマンキング,20,10,30.0,22.672064777327936,7.327935222672064,other
金時,シャーマンキング,21,7,28.57142857142857,22.672064777327936,5.899363794100633,other
金時,シャーマンキング,22,6,16.666666666666664,22.672064777327936,-6.005398110661272,other
金時,シャーマンキング,23,10,10.0,22.672064777327936,-12.672064777327936,other
金時,シャーマンキング,24,7,28.57142857142857,22.672064777327936,5.899363794100633,other
金時,シャーマンキング,25,10,10.0,22.672064777327936,-12.672064777327936,other
金時,シャーマンキング,26,10,20.0,22.672064777327936,-2.672064777327936,other
金時,シャーマンキング,27,10,30.0,22.672064777327936,7.327935222672064,other
金時,シャーマンキング,28,8,37.5,22.672064777327936,14.827935222672064,other
金時,シャーマンキング,29,8,12.5,22.672064777327936,-10.172064777327936,other
金時,シャーマンキング,30,8,12.5,22.672064777327936,-10.172064777327936,other
金時,シャーマンキング,31,6,33.33333333333333,22.672064777327936,10.661268556005393,other
金時,ジャグラーガールズ,1,49,26.53061224489796,26.604897418927862,-0.07428517402990309,jug
金時,ジャグラーガールズ,2,48,27.083333333333332,26.604897418927862,0.47843591440546973,jug
金時,ジャグラーガールズ,3,49,32.6530612244898,26.604897418927862,6.048163805561934,jug
金時,ジャグラーガールズ,4,49,26.53061224489796,26.604897418927862,-0.07428517402990309,jug
金時,ジャグラーガールズ,5,53,33.9622641509434,26.604897418927862,7.357366732015535,jug
金時,ジャグラーガールズ,6,51,27.450980392156865,26.604897418927862,0.8460829732290023,jug
金時,ジャグラーガールズ,7,51,27.450980392156865,26.604897418927862,0.8460829732290023,jug
金時,ジャグラーガールズ,8,48,18.75,26.604897418927862,-7.854897418927862,jug
金時,ジャグラーガールズ,9,51,31.372549019607842,26.604897418927862,4.767651600679979,jug
金時,ジャグラーガールズ,10,47,27.659574468085108,26.604897418927862,1.0546770491572452,jug
金時,ジャグラーガールズ,11,51,29.411764705882355,26.604897418927862,2.8068672869544926,jug
金時,ジャグラーガールズ,12,48,37.5,26.604897418927862,10.895102581072138,jug
金時,ジャグラーガールズ,13,51,17.647058823529413,26.604897418927862,-8.95783859539845,jug
金時,ジャグラーガールズ,14,51,29.411764705882355,26.604897418927862,2.8068672869544926,jug
金時,ジャグラーガールズ,15,51,21.568627450980394,26.604897418927862,-5.036269967947469,jug
金時,ジャグラーガールズ,16,52,26.923076923076923,26.604897418927862,0.31817950414906093,jug
金時,ジャグラーガールズ,17,45,33.33333333333333,26.604897418927862,6.728435914405466,jug
金時,ジャグラーガールズ,18,47,25.53191489361702,26.604897418927862,-1.0729825253108416,jug
金時,ジャグラーガールズ,19,47,31.914893617021278,26.604897418927862,5.309996198093415,jug
金時,ジャグラーガールズ,20,54,24.074074074074073,26.604897418927862,-2.53082334485379,jug
金時,ジャグラーガールズ,21,51,37.254901960784316,26.604897418927862,10.650004541856454,jug
金時,ジャグラーガールズ,22,49,28.57142857142857,26.604897418927862,1.966531152500707,jug
金時,ジャグラーガールズ,23,49,18.367346938775512,26.604897418927862,-8.23755048015235,jug
金時,ジャグラーガールズ,24,47,46.808510638297875,26.604897418927862,20.203613219370013,jug
金時,ジャグラーガールズ,25,54,18.51851851851852,26.604897418927862,-8.086378900409343,jug
金時,ジャグラーガールズ,26,51,15.686274509803921,26.604897418927862,-10.918622909123942,jug
金時,ジャグラーガールズ,27,52,11.538461538461538,26.604897418927862,-15.066435880466324,jug
金時,ジャグラーガールズ,28,50,18.0,26.604897418927862,-8.604897418927862,jug
金時,ジャグラーガールズ,29,43,23.25581395348837,26.604897418927862,-3.3490834654394916,jug
金時,ジャグラーガールズ,30,45,22.22222222222222,26.604897418927862,-4.382675196705641,jug
金時,ジャグラーガールズ,31,27,33.33333333333333,26.604897418927862,6.728435914405466,jug
金時,スマスロ サンダーV,1,8,75.0,33.14917127071823,41.85082872928177,bt
金時,スマスロ サンダーV,2,6,50.0,33.14917127071823,16.850828729281773,bt
金時,スマスロ サンダーV,3,6,33.33333333333333,33.14917127071823,0.18416206261510126,bt
金時,スマスロ サンダーV,4,6,33.33333333333333,33.14917127071823,0.18416206261510126,bt
金時,スマスロ サンダーV,5,6,50.0,33.14917127071823,16.850828729281773,bt
金時,スマスロ サンダーV,6,6,50.0,33.14917127071823,16.850828729281773,bt
金時,スマスロ サンダーV,7,6,33.33333333333333,33.14917127071823,0.18416206261510126,bt
金時,スマスロ サンダーV,8,6,33.33333333333333,33.14917127071823,0.18416206261510126,bt
金時,スマスロ サンダーV,9,6,0.0,33.14917127071823,-33.14917127071823,bt
金時,スマスロ サンダーV,10,5,60.0,33.14917127071823,26.850828729281773,bt
金時,スマスロ サンダーV,11,6,16.666666666666664,33.14917127071823,-16.482504604051563,bt
金時,スマスロ サンダーV,13,6,16.666666666666664,33.14917127071823,-16.482504604051563,bt
金時,スマスロ サンダーV,14,6,16.666666666666664,33.14917127071823,-16.482504604051563,bt
金時,スマスロ サンダーV,15,6,33.33333333333333,33.14917127071823,0.18416206261510126,bt
金時,スマスロ サンダーV,16,6,16.666666666666664,33.14917127071823,-16.482504604051563,bt
金時,スマスロ サンダーV,17,6,33.33333333333333,33.14917127071823,0.18416206261510126,bt
金時,スマスロ サンダーV,18,6,16.666666666666664,33.14917127071823,-16.482504604051563,bt
金時,スマスロ サンダーV,19,6,33.33333333333333,33.14917127071823,0.18416206261510126,bt
金時,スマスロ サンダーV,20,6,16.666666666666664,33.14917127071823,-16.482504604051563,bt
金時,スマスロ サンダーV,21,6,16.666666666666664,33.14917127071823,-16.482504604051563,bt
金時,スマスロ サンダーV,22,6,16.666666666666664,33.14917127071823,-16.482504604051563,bt
金時,スマスロ サンダーV,23,6,33.33333333333333,33.14917127071823,0.18416206261510126,bt
金時,スマスロ サンダーV,24,6,16.666666666666664,33.14917127071823,-16.482504604051563,bt
金時,スマスロ サンダーV,25,6,16.666666666666664,33.14917127071823,-16.482504604051563,bt
金時,スマスロ サンダーV,26,6,16.666666666666664,33.14917127071823,-16.482504604051563,bt
金時,スマスロ サンダーV,27,6,33.33333333333333,33.14917127071823,0.18416206261510126,bt
金時,スマスロ サンダーV,28,6,33.33333333333333,33.14917127071823,0.18416206261510126,bt
金時,スマスロ サンダーV,29,6,66.66666666666666,33.14917127071823,33.51749539594843,bt
金時,スマスロ サンダーV,30,6,50.0,33.14917127071823,16.850828729281773,bt
金時,スマスロ ハナビ,1,13,30.76923076923077,33.99503722084367,-3.2258064516129004,bt
金時,スマスロ ハナビ,2,11,9.090909090909092,33.99503722084367,-24.904128129934577,bt
金時,スマスロ ハナビ,3,10,30.0,33.99503722084367,-3.9950372208436704,bt
金時,スマスロ ハナビ,4,15,20.0,33.99503722084367,-13.99503722084367,bt
金時,スマスロ ハナビ,5,15,40.0,33.99503722084367,6.00496277915633,bt
金時,スマスロ ハナビ,6,15,26.666666666666668,33.99503722084367,-7.328370554177003,bt
金時,スマスロ ハナビ,7,14,28.57142857142857,33.99503722084367,-5.423608649415101,bt
金時,スマスロ ハナビ,8,14,28.57142857142857,33.99503722084367,-5.423608649415101,bt
金時,スマスロ ハナビ,9,15,40.0,33.99503722084367,6.00496277915633,bt
金時,スマスロ ハナビ,10,15,33.33333333333333,33.99503722084367,-0.6617038875103418,bt
金時,スマスロ ハナビ,11,14,28.57142857142857,33.99503722084367,-5.423608649415101,bt
金時,スマスロ ハナビ,12,10,40.0,33.99503722084367,6.00496277915633,bt
金時,スマスロ ハナビ,13,12,41.66666666666667,33.99503722084367,7.671629445823001,bt
金時,スマスロ ハナビ,14,14,21.428571428571427,33.99503722084367,-12.566465792272243,bt
金時,スマスロ ハナビ,15,14,28.57142857142857,33.99503722084367,-5.423608649415101,bt
金時,スマスロ ハナビ,16,13,23.076923076923077,33.99503722084367,-10.918114143920594,bt
金時,スマスロ ハナビ,17,14,35.714285714285715,33.99503722084367,1.719248493442045,bt
金時,スマスロ ハナビ,18,13,53.84615384615385,33.99503722084367,19.851116625310176,bt
金時,スマスロ ハナビ,19,14,57.14285714285714,33.99503722084367,23.14781992201347,bt
金時,スマスロ ハナビ,20,13,38.46153846153847,33.99503722084367,4.466501240694797,bt
金時,スマスロ ハナビ,21,12,16.666666666666664,33.99503722084367,-17.328370554177006,bt
金時,スマスロ ハナビ,22,11,27.27272727272727,33.99503722084367,-6.722309948116401,bt
金時,スマスロ ハナビ,23,12,41.66666666666667,33.99503722084367,7.671629445823001,bt
金時,スマスロ ハナビ,24,14,42.857142857142854,33.99503722084367,8.862105636299184,bt
金時,スマスロ ハナビ,25,13,30.76923076923077,33.99503722084367,-3.2258064516129004,bt
金時,スマスロ ハナビ,26,13,46.15384615384615,33.99503722084367,12.158808933002483,bt
金時,スマスロ ハナビ,27,14,28.57142857142857,33.99503722084367,-5.423608649415101,bt
金時,スマスロ ハナビ,28,14,35.714285714285715,33.99503722084367,1.719248493442045,bt
金時,スマスロ ハナビ,29,12,25.0,33.99503722084367,-8.99503722084367,bt
金時,スマスロ ハナビ,30,14,57.14285714285714,33.99503722084367,23.14781992201347,bt
金時,スマスロ ハナビ,31,6,50.0,33.99503722084367,16.00496277915633,bt
金時,スマスロ北斗の拳,1,104,25.0,32.11908931698774,-7.11908931698774,other
金時,スマスロ北斗の拳,2,103,32.038834951456316,32.11908931698774,-0.08025436553142384,other
金時,スマスロ北斗の拳,3,94,26.595744680851062,32.11908931698774,-5.523344636136677,other
金時,スマスロ北斗の拳,4,84,28.57142857142857,32.11908931698774,-3.5476607455591704,other
金時,スマスロ北斗の拳,5,115,37.391304347826086,32.11908931698774,5.272215030838346,other
金時,スマスロ北斗の拳,6,89,37.07865168539326,32.11908931698774,4.959562368405521,other
金時,スマスロ北斗の拳,7,91,23.076923076923077,32.11908931698774,-9.042166240064663,other
金時,スマスロ北斗の拳,8,94,41.48936170212766,32.11908931698774,9.37027238513992,other
金時,スマスロ北斗の拳,9,91,35.16483516483517,32.11908931698774,3.045745847847428,other
金時,スマスロ北斗の拳,10,91,31.868131868131865,32.11908931698774,-0.2509574488558748,other
金時,スマスロ北斗の拳,11,89,35.95505617977528,32.11908931698774,3.8359668627875436,other
金時,スマスロ北斗の拳,12,87,37.93103448275862,32.11908931698774,5.811945165770879,other
金時,スマスロ北斗の拳,13,87,31.03448275862069,32.11908931698774,-1.0846065583670494,other
金時,スマスロ北斗の拳,14,85,37.64705882352941,32.11908931698774,5.527969506541673,other
金時,スマスロ北斗の拳,15,104,32.69230769230769,32.11908931698774,0.5732183753199536,other
金時,スマスロ北斗の拳,16,95,36.84210526315789,32.11908931698774,4.72301594617015,other
金時,スマスロ北斗の拳,17,81,33.33333333333333,32.11908931698774,1.2142440163455888,other
金時,スマスロ北斗の拳,18,85,30.58823529411765,32.11908931698774,-1.5308540228700913,other
金時,スマスロ北斗の拳,19,85,28.235294117647058,32.11908931698774,-3.883795199340682,other
金時,スマスロ北斗の拳,20,116,37.06896551724138,32.11908931698774,4.949876200253641,other
金時,スマスロ北斗の拳,21,89,28.08988764044944,32.11908931698774,-4.0292016765383,other
金時,スマスロ北斗の拳,22,91,21.978021978021978,32.11908931698774,-10.141067338965762,other
金時,スマスロ北斗の拳,23,100,38.0,32.11908931698774,5.88091068301226,other
金時,スマスロ北斗の拳,24,87,27.586206896551722,32.11908931698774,-4.532882420436017,other
金時,スマスロ北斗の拳,25,111,32.432432432432435,32.11908931698774,0.3133431154446953,other
金時,スマスロ北斗の拳,26,87,29.88505747126437,32.11908931698774,-2.2340318457233685,other
金時,スマスロ北斗の拳,27,94,36.17021276595745,32.11908931698774,4.051123448969712,other
金時,スマスロ北斗の拳,28,93,33.33333333333333,32.11908931698774,1.2142440163455888,other
金時,スマスロ北斗の拳,29,88,26.136363636363637,32.11908931698774,-5.982725680624103,other
金時,スマスロ北斗の拳,30,91,28.57142857142857,32.11908931698774,-3.5476607455591704,other
金時,スマスロ北斗の拳,31,54,29.629629629629626,32.11908931698774,-2.4894596873581136,other
金時,スマスロ炎炎ノ消防隊,1,24,54.166666666666664,32.49299719887955,21.673669467787114,other
金時,スマスロ炎炎ノ消防隊,2,25,36.0,32.49299719887955,3.50700280112045,other
金時,スマスロ炎炎ノ消防隊,3,24,37.5,32.49299719887955,5.00700280112045,other
金時,スマスロ炎炎ノ消防隊,4,24,33.33333333333333,32.49299719887955,0.8403361344537785,other
金時,スマスロ炎炎ノ消防隊,5,27,40.74074074074074,32.49299719887955,8.24774354186119,other
金時,スマスロ炎炎ノ消防隊,6,20,25.0,32.49299719887955,-7.49299719887955,other
金時,スマスロ炎炎ノ消防隊,7,21,33.33333333333333,32.49299719887955,0.8403361344537785,other
金時,スマスロ炎炎ノ消防隊,8,24,33.33333333333333,32.49299719887955,0.8403361344537785,other
金時,スマスロ炎炎ノ消防隊,9,23,34.78260869565217,32.49299719887955,2.289611496772622,other
金時,スマスロ炎炎ノ消防隊,10,23,30.434782608695656,32.49299719887955,-2.058214590183894,other
金時,スマスロ炎炎ノ消防隊,11,27,22.22222222222222,32.49299719887955,-10.270774976657329,other
金時,スマスロ炎炎ノ消防隊,12,20,25.0,32.49299719887955,-7.49299719887955,other
金時,スマスロ炎炎ノ消防隊,13,21,14.285714285714285,32.49299719887955,-18.207282913165265,other
金時,スマスロ炎炎ノ消防隊,14,22,36.36363636363637,32.49299719887955,3.870639164756817,other
金時,スマスロ炎炎ノ消防隊,15,27,25.925925925925924,32.49299719887955,-6.567071272953626,other
金時,スマスロ炎炎ノ消防隊,16,26,19.230769230769234,32.49299719887955,-13.262227968110317,other
金時,スマスロ炎炎ノ消防隊,17,24,41.66666666666667,32.49299719887955,9.173669467787121,other
金時,スマスロ炎炎ノ消防隊,18,21,33.33333333333333,32.49299719887955,0.8403361344537785,other
金時,スマスロ炎炎ノ消防隊,19,21,38.095238095238095,32.49299719887955,5.602240896358545,other
金時,スマスロ炎炎ノ消防隊,20,29,27.586206896551722,32.49299719887955,-4.906790302327828,other
金時,スマスロ炎炎ノ消防隊,21,24,33.33333333333333,32.49299719887955,0.8403361344537785,other
金時,スマスロ炎炎ノ消防隊,22,22,31.818181818181817,32.49299719887955,-0.6748153806977335,other
金時,スマスロ炎炎ノ消防隊,23,21,23.809523809523807,32.49299719887955,-8.683473389355743,other
金時,スマスロ炎炎ノ消防隊,24,21,42.857142857142854,32.49299719887955,10.364145658263304,other
金時,スマスロ炎炎ノ消防隊,25,28,32.142857142857146,32.49299719887955,-0.35014005602240417,other
金時,スマスロ炎炎ノ消防隊,26,24,25.0,32.49299719887955,-7.49299719887955,other
金時,スマスロ炎炎ノ消防隊,27,23,39.130434782608695,32.49299719887955,6.637437583729145,other
金時,スマスロ炎炎ノ消防隊,28,22,13.636363636363635,32.49299719887955,-18.856633562515917,other
金時,スマスロ炎炎ノ消防隊,29,22,40.909090909090914,32.49299719887955,8.416093710211364,other
金時,スマスロ炎炎ノ消防隊,30,21,33.33333333333333,32.49299719887955,0.8403361344537785,other
金時,スマスロ炎炎ノ消防隊,31,13,61.53846153846154,32.49299719887955,29.04546433958199,other
金時,スマスロ炎炎ノ消防隊2,1,8,12.5,32.48945147679325,-19.98945147679325,other
金時,スマスロ炎炎ノ消防隊2,2,6,16.666666666666664,32.48945147679325,-15.822784810126585,other
金時,スマスロ炎炎ノ消防隊2,3,6,33.33333333333333,32.48945147679325,0.8438818565400794,other
金時,スマスロ炎炎ノ消防隊2,4,8,0.0,32.48945147679325,-32.48945147679325,other
金時,スマスロ炎炎ノ消防隊2,5,8,25.0,32.48945147679325,-7.489451476793249,other
金時,スマスロ炎炎ノ消防隊2,6,8,25.0,32.48945147679325,-7.489451476793249,other
金時,スマスロ炎炎ノ消防隊2,7,8,12.5,32.48945147679325,-19.98945147679325,other
金時,スマスロ炎炎ノ消防隊2,8,8,25.0,32.48945147679325,-7.489451476793249,other
金時,スマスロ炎炎ノ消防隊2,9,8,25.0,32.48945147679325,-7.489451476793249,other
金時,スマスロ炎炎ノ消防隊2,10,8,0.0,32.48945147679325,-32.48945147679325,other
金時,スマスロ炎炎ノ消防隊2,11,8,50.0,32.48945147679325,17.51054852320675,other
金時,スマスロ炎炎ノ消防隊2,12,6,33.33333333333333,32.48945147679325,0.8438818565400794,other
金時,スマスロ炎炎ノ消防隊2,13,8,25.0,32.48945147679325,-7.489451476793249,other
金時,スマスロ炎炎ノ消防隊2,14,8,50.0,32.48945147679325,17.51054852320675,other
金時,スマスロ炎炎ノ消防隊2,15,8,25.0,32.48945147679325,-7.489451476793249,other
金時,スマスロ炎炎ノ消防隊2,16,8,12.5,32.48945147679325,-19.98945147679325,other
金時,スマスロ炎炎ノ消防隊2,17,8,37.5,32.48945147679325,5.010548523206751,other
金時,スマスロ炎炎ノ消防隊2,18,8,50.0,32.48945147679325,17.51054852320675,other
金時,スマスロ炎炎ノ消防隊2,19,7,14.285714285714285,32.48945147679325,-18.203737191078964,other
金時,スマスロ炎炎ノ消防隊2,20,8,62.5,32.48945147679325,30.01054852320675,other
金時,スマスロ炎炎ノ消防隊2,21,8,62.5,32.48945147679325,30.01054852320675,other
金時,スマスロ炎炎ノ消防隊2,22,8,62.5,32.48945147679325,30.01054852320675,other
金時,スマスロ炎炎ノ消防隊2,23,8,50.0,32.48945147679325,17.51054852320675,other
金時,スマスロ炎炎ノ消防隊2,24,8,12.5,32.48945147679325,-19.98945147679325,other
金時,スマスロ炎炎ノ消防隊2,25,8,12.5,32.48945147679325,-19.98945147679325,other
金時,スマスロ炎炎ノ消防隊2,26,8,62.5,32.48945147679325,30.01054852320675,other
金時,スマスロ炎炎ノ消防隊2,27,8,12.5,32.48945147679325,-19.98945147679325,other
金時,スマスロ炎炎ノ消防隊2,28,8,25.0,32.48945147679325,-7.489451476793249,other
金時,スマスロ炎炎ノ消防隊2,29,8,62.5,32.48945147679325,30.01054852320675,other
金時,スマスロ炎炎ノ消防隊2,30,8,50.0,32.48945147679325,17.51054852320675,other
金時,スマスロ秘宝伝,1,6,0.0,28.26086956521739,-28.26086956521739,other
金時,スマスロ秘宝伝,2,5,20.0,28.26086956521739,-8.26086956521739,other
金時,スマスロ秘宝伝,3,5,100.0,28.26086956521739,71.73913043478261,other
金時,スマスロ秘宝伝,4,5,20.0,28.26086956521739,-8.26086956521739,other
金時,スマスロ秘宝伝,5,6,0.0,28.26086956521739,-28.26086956521739,other
金時,スマスロ秘宝伝,7,5,20.0,28.26086956521739,-8.26086956521739,other
金時,スマスロ秘宝伝,8,5,0.0,28.26086956521739,-28.26086956521739,other
金時,スマスロ秘宝伝,9,5,20.0,28.26086956521739,-8.26086956521739,other
金時,スマスロ秘宝伝,11,5,20.0,28.26086956521739,-8.26086956521739,other
金時,スマスロ秘宝伝,12,5,60.0,28.26086956521739,31.73913043478261,other
金時,スマスロ秘宝伝,15,5,20.0,28.26086956521739,-8.26086956521739,other
金時,スマスロ秘宝伝,22,6,33.33333333333333,28.26086956521739,5.072463768115938,other
金時,スマスロ秘宝伝,23,5,40.0,28.26086956521739,11.73913043478261,other
金時,スマスロ秘宝伝,24,5,40.0,28.26086956521739,11.73913043478261,other
金時,スマスロ秘宝伝,25,6,16.666666666666664,28.26086956521739,-11.594202898550726,other
金時,スマスロ秘宝伝,27,6,33.33333333333333,28.26086956521739,5.072463768115938,other
金時,スマスロ秘宝伝,28,6,33.33333333333333,28.26086956521739,5.072463768115938,other
金時,スーパーブラックジャック,1,18,38.88888888888889,28.20976491862568,10.679123970263213,other
金時,スーパーブラックジャック,2,16,43.75,28.20976491862568,15.54023508137432,other
金時,スーパーブラックジャック,3,22,31.818181818181817,28.20976491862568,3.6084168995561363,other
金時,スーパーブラックジャック,4,16,37.5,28.20976491862568,9.29023508137432,other
金時,スーパーブラックジャック,5,22,45.45454545454545,28.20976491862568,17.244780535919773,other
金時,スーパーブラックジャック,6,16,25.0,28.20976491862568,-3.2097649186256803,other
金時,スーパーブラックジャック,7,17,47.05882352941176,28.20976491862568,18.84905861078608,other
金時,スーパーブラックジャック,8,22,18.181818181818183,28.20976491862568,-10.027946736807497,other
金時,スーパーブラックジャック,9,15,13.333333333333334,28.20976491862568,-14.876431585292346,other
金時,スーパーブラックジャック,10,16,25.0,28.20976491862568,-3.2097649186256803,other
金時,スーパーブラックジャック,11,18,27.77777777777778,28.20976491862568,-0.4319871408479017,other
金時,スーパーブラックジャック,12,20,15.0,28.20976491862568,-13.20976491862568,other
金時,スーパーブラックジャック,13,19,42.10526315789473,28.20976491862568,13.895498239269052,other
金時,スーパーブラックジャック,14,17,23.52941176470588,28.20976491862568,-4.6803531539198,other
金時,スーパーブラックジャック,15,23,21.73913043478261,28.20976491862568,-6.470634483843071,other
金時,スーパーブラックジャック,16,17,23.52941176470588,28.20976491862568,-4.6803531539198,other
金時,スーパーブラックジャック,17,15,20.0,28.20976491862568,-8.20976491862568,other
金時,スーパーブラックジャック,18,20,25.0,28.20976491862568,-3.2097649186256803,other
金時,スーパーブラックジャック,19,15,40.0,28.20976491862568,11.79023508137432,other
金時,スーパーブラックジャック,20,23,13.043478260869565,28.20976491862568,-15.166286657756116,other
金時,スーパーブラックジャック,21,17,17.647058823529413,28.20976491862568,-10.562706095096267,other
金時,スーパーブラックジャック,22,15,33.33333333333333,28.20976491862568,5.123568414707648,other
金時,スーパーブラックジャック,23,18,22.22222222222222,28.20976491862568,-5.987542696403459,other
金時,スーパーブラックジャック,24,15,33.33333333333333,28.20976491862568,5.123568414707648,other
金時,スーパーブラックジャック,25,22,31.818181818181817,28.20976491862568,3.6084168995561363,other
金時,スーパーブラックジャック,26,19,36.84210526315789,28.20976491862568,8.63234034453221,other
金時,スーパーブラックジャック,27,18,22.22222222222222,28.20976491862568,-5.987542696403459,other
金時,スーパーブラックジャック,28,16,37.5,28.20976491862568,9.29023508137432,other
金時,スーパーブラックジャック,29,16,18.75,28.20976491862568,-9.45976491862568,other
金時,スーパーブラックジャック,30,18,22.22222222222222,28.20976491862568,-5.987542696403459,other
金時,スーパーブラックジャック,31,12,25.0,28.20976491862568,-3.2097649186256803,other
金時,ダンベル何キロ持てる？,1,9,11.11111111111111,25.365853658536587,-14.254742547425476,other
金時,ダンベル何キロ持てる？,2,9,44.44444444444444,25.365853658536587,19.078590785907856,other
金時,ダンベル何キロ持てる？,3,8,37.5,25.365853658536587,12.134146341463413,other
金時,ダンベル何キロ持てる？,4,8,25.0,25.365853658536587,-0.3658536585365866,other
金時,ダンベル何キロ持てる？,5,10,30.0,25.365853658536587,4.634146341463413,other
金時,ダンベル何キロ持てる？,6,6,16.666666666666664,25.365853658536587,-8.699186991869922,other
金時,ダンベル何キロ持てる？,8,7,28.57142857142857,25.365853658536587,3.205574912891983,other
金時,ダンベル何キロ持てる？,9,8,37.5,25.365853658536587,12.134146341463413,other
金時,ダンベル何キロ持てる？,10,7,42.857142857142854,25.365853658536587,17.491289198606268,other
金時,ダンベル何キロ持てる？,11,8,37.5,25.365853658536587,12.134146341463413,other
金時,ダンベル何キロ持てる？,12,9,22.22222222222222,25.365853658536587,-3.143631436314365,other
金時,ダンベル何キロ持てる？,13,6,16.666666666666664,25.365853658536587,-8.699186991869922,other
金時,ダンベル何キロ持てる？,14,5,40.0,25.365853658536587,14.634146341463413,other
金時,ダンベル何キロ持てる？,15,7,28.57142857142857,25.365853658536587,3.205574912891983,other
金時,ダンベル何キロ持てる？,16,7,0.0,25.365853658536587,-25.365853658536587,other
金時,ダンベル何キロ持てる？,17,5,20.0,25.365853658536587,-5.365853658536587,other
金時,ダンベル何キロ持てる？,18,6,16.666666666666664,25.365853658536587,-8.699186991869922,other
金時,ダンベル何キロ持てる？,19,6,0.0,25.365853658536587,-25.365853658536587,other
金時,ダンベル何キロ持てる？,20,7,28.57142857142857,25.365853658536587,3.205574912891983,other
金時,ダンベル何キロ持てる？,21,7,28.57142857142857,25.365853658536587,3.205574912891983,other
金時,ダンベル何キロ持てる？,22,7,28.57142857142857,25.365853658536587,3.205574912891983,other
金時,ダンベル何キロ持てる？,23,7,14.285714285714285,25.365853658536587,-11.080139372822302,other
金時,ダンベル何キロ持てる？,24,7,28.57142857142857,25.365853658536587,3.205574912891983,other
金時,ダンベル何キロ持てる？,25,8,37.5,25.365853658536587,12.134146341463413,other
金時,ダンベル何キロ持てる？,26,7,14.285714285714285,25.365853658536587,-11.080139372822302,other
金時,ダンベル何キロ持てる？,28,5,60.0,25.365853658536587,34.63414634146341,other
金時,ダンベル何キロ持てる？,29,5,20.0,25.365853658536587,-5.365853658536587,other
金時,ダーリン・イン・ザ・フランキス,1,6,50.0,24.324324324324326,25.675675675675674,other
金時,ダーリン・イン・ザ・フランキス,2,5,20.0,24.324324324324326,-4.324324324324326,other
金時,ダーリン・イン・ザ・フランキス,3,8,37.5,24.324324324324326,13.175675675675674,other
金時,ダーリン・イン・ザ・フランキス,4,6,0.0,24.324324324324326,-24.324324324324326,other
金時,ダーリン・イン・ザ・フランキス,5,8,50.0,24.324324324324326,25.675675675675674,other
金時,ダーリン・イン・ザ・フランキス,6,7,14.285714285714285,24.324324324324326,-10.038610038610042,other
金時,ダーリン・イン・ザ・フランキス,9,6,16.666666666666664,24.324324324324326,-7.657657657657662,other
金時,ダーリン・イン・ザ・フランキス,10,6,0.0,24.324324324324326,-24.324324324324326,other
金時,ダーリン・イン・ザ・フランキス,11,7,42.857142857142854,24.324324324324326,18.532818532818528,other
金時,ダーリン・イン・ザ・フランキス,12,6,16.666666666666664,24.324324324324326,-7.657657657657662,other
金時,ダーリン・イン・ザ・フランキス,13,6,50.0,24.324324324324326,25.675675675675674,other
金時,ダーリン・イン・ザ・フランキス,14,8,25.0,24.324324324324326,0.6756756756756737,other
金時,ダーリン・イン・ザ・フランキス,15,7,42.857142857142854,24.324324324324326,18.532818532818528,other
金時,ダーリン・イン・ザ・フランキス,16,8,37.5,24.324324324324326,13.175675675675674,other
金時,ダーリン・イン・ザ・フランキス,17,6,16.666666666666664,24.324324324324326,-7.657657657657662,other
金時,ダーリン・イン・ザ・フランキス,18,5,20.0,24.324324324324326,-4.324324324324326,other
金時,ダーリン・イン・ザ・フランキス,19,7,28.57142857142857,24.324324324324326,4.247104247104243,other
金時,ダーリン・イン・ザ・フランキス,20,7,42.857142857142854,24.324324324324326,18.532818532818528,other
金時,ダーリン・イン・ザ・フランキス,21,5,0.0,24.324324324324326,-24.324324324324326,other
金時,ダーリン・イン・ザ・フランキス,22,6,16.666666666666664,24.324324324324326,-7.657657657657662,other
金時,ダーリン・イン・ザ・フランキス,23,5,20.0,24.324324324324326,-4.324324324324326,other
金時,ダーリン・イン・ザ・フランキス,24,5,40.0,24.324324324324326,15.675675675675674,other
金時,ダーリン・イン・ザ・フランキス,25,6,0.0,24.324324324324326,-24.324324324324326,other
金時,ダーリン・イン・ザ・フランキス,26,7,0.0,24.324324324324326,-24.324324324324326,other
金時,ダーリン・イン・ザ・フランキス,27,7,14.285714285714285,24.324324324324326,-10.038610038610042,other
金時,ダーリン・イン・ザ・フランキス,28,6,16.666666666666664,24.324324324324326,-7.657657657657662,other
金時,ダーリン・イン・ザ・フランキス,30,6,33.33333333333333,24.324324324324326,9.009009009009002,other
金時,ディスクアップ2,1,37,40.54054054054054,36.95861405197305,3.5819264885674897,bt
金時,ディスクアップ2,2,32,21.875,36.95861405197305,-15.08361405197305,bt
金時,ディスクアップ2,3,35,34.285714285714285,36.95861405197305,-2.672899766258766,bt
金時,ディスクアップ2,4,36,41.66666666666667,36.95861405197305,4.708052614693621,bt
金時,ディスクアップ2,5,35,40.0,36.95861405197305,3.0413859480269494,bt
金時,ディスクアップ2,6,32,25.0,36.95861405197305,-11.95861405197305,bt
金時,ディスクアップ2,7,35,57.14285714285714,36.95861405197305,20.184243090884088,bt
金時,ディスクアップ2,8,33,36.36363636363637,36.95861405197305,-0.5949776883366837,bt
金時,ディスクアップ2,9,31,45.16129032258064,36.95861405197305,8.20267627060759,bt
金時,ディスクアップ2,10,35,48.57142857142857,36.95861405197305,11.612814519455519,bt
金時,ディスクアップ2,11,35,25.71428571428571,36.95861405197305,-11.244328337687339,bt
金時,ディスクアップ2,12,32,34.375,36.95861405197305,-2.5836140519730506,bt
金時,ディスクアップ2,13,34,50.0,36.95861405197305,13.04138594802695,bt
金時,ディスクアップ2,14,35,37.142857142857146,36.95861405197305,0.1842430908840953,bt
金時,ディスクアップ2,15,33,45.45454545454545,36.95861405197305,8.495931402572403,bt
金時,ディスクアップ2,16,36,36.11111111111111,36.95861405197305,-0.8475029408619434,bt
金時,ディスクアップ2,17,30,33.33333333333333,36.95861405197305,-3.625280718639722,bt
金時,ディスクアップ2,18,35,48.57142857142857,36.95861405197305,11.612814519455519,bt
金時,ディスクアップ2,19,36,44.44444444444444,36.95861405197305,7.485830392471392,bt
金時,ディスクアップ2,20,35,17.142857142857142,36.95861405197305,-19.81575690911591,bt
金時,ディスクアップ2,21,35,40.0,36.95861405197305,3.0413859480269494,bt
金時,ディスクアップ2,22,34,26.47058823529412,36.95861405197305,-10.488025816678931,bt
金時,ディスクアップ2,23,34,32.35294117647059,36.95861405197305,-4.605672875502464,bt
金時,ディスクアップ2,24,35,34.285714285714285,36.95861405197305,-2.672899766258766,bt
金時,ディスクアップ2,25,36,19.444444444444446,36.95861405197305,-17.514169607528604,bt
金時,ディスクアップ2,26,33,39.39393939393939,36.95861405197305,2.4353253419663403,bt
金時,ディスクアップ2,27,34,41.17647058823529,36.95861405197305,4.217856536262239,bt
金時,ディスクアップ2,28,35,31.428571428571427,36.95861405197305,-5.530042623401624,bt
金時,ディスクアップ2,29,29,48.275862068965516,36.95861405197305,11.317248016992465,bt
金時,ディスクアップ2,30,32,37.5,36.95861405197305,0.5413859480269494,bt
金時,ディスクアップ2,31,20,30.0,36.95861405197305,-6.958614051973051,bt
金時,デビル メイ クライ5 スタイリッシュトライブ,1,8,37.5,31.32530120481928,6.174698795180721,other
金時,デビル メイ クライ5 スタイリッシュトライブ,2,9,33.33333333333333,31.32530120481928,2.008032128514049,other
金時,デビル メイ クライ5 スタイリッシュトライブ,3,8,50.0,31.32530120481928,18.67469879518072,other
金時,デビル メイ クライ5 スタイリッシュトライブ,4,8,50.0,31.32530120481928,18.67469879518072,other
金時,デビル メイ クライ5 スタイリッシュトライブ,5,8,37.5,31.32530120481928,6.174698795180721,other
金時,デビル メイ クライ5 スタイリッシュトライブ,6,7,28.57142857142857,31.32530120481928,-2.75387263339071,other
金時,デビル メイ クライ5 スタイリッシュトライブ,7,8,50.0,31.32530120481928,18.67469879518072,other
金時,デビル メイ クライ5 スタイリッシュトライブ,8,9,44.44444444444444,31.32530120481928,13.119143239625163,other
金時,デビル メイ クライ5 スタイリッシュトライブ,9,9,33.33333333333333,31.32530120481928,2.008032128514049,other
金時,デビル メイ クライ5 スタイリッシュトライブ,10,8,50.0,31.32530120481928,18.67469879518072,other
金時,デビル メイ クライ5 スタイリッシュトライブ,11,7,28.57142857142857,31.32530120481928,-2.75387263339071,other
金時,デビル メイ クライ5 スタイリッシュトライブ,12,10,20.0,31.32530120481928,-11.32530120481928,other
金時,デビル メイ クライ5 スタイリッシュトライブ,13,8,25.0,31.32530120481928,-6.325301204819279,other
金時,デビル メイ クライ5 スタイリッシュトライブ,14,9,0.0,31.32530120481928,-31.32530120481928,other
金時,デビル メイ クライ5 スタイリッシュトライブ,15,11,9.090909090909092,31.32530120481928,-22.23439211391019,other
金時,デビル メイ クライ5 スタイリッシュトライブ,16,7,28.57142857142857,31.32530120481928,-2.75387263339071,other
金時,デビル メイ クライ5 スタイリッシュトライブ,17,8,12.5,31.32530120481928,-18.82530120481928,other
金時,デビル メイ クライ5 スタイリッシュトライブ,18,8,12.5,31.32530120481928,-18.82530120481928,other
金時,デビル メイ クライ5 スタイリッシュトライブ,19,7,28.57142857142857,31.32530120481928,-2.75387263339071,other
金時,デビル メイ クライ5 スタイリッシュトライブ,20,11,45.45454545454545,31.32530120481928,14.129244249726174,other
金時,デビル メイ クライ5 スタイリッシュトライブ,21,9,22.22222222222222,31.32530120481928,-9.103078982597058,other
金時,デビル メイ クライ5 スタイリッシュトライブ,22,6,50.0,31.32530120481928,18.67469879518072,other
金時,デビル メイ クライ5 スタイリッシュトライブ,23,8,25.0,31.32530120481928,-6.325301204819279,other
金時,デビル メイ クライ5 スタイリッシュトライブ,24,8,25.0,31.32530120481928,-6.325301204819279,other
金時,デビル メイ クライ5 スタイリッシュトライブ,25,10,20.0,31.32530120481928,-11.32530120481928,other
金時,デビル メイ クライ5 スタイリッシュトライブ,26,8,50.0,31.32530120481928,18.67469879518072,other
金時,デビル メイ クライ5 スタイリッシュトライブ,27,8,25.0,31.32530120481928,-6.325301204819279,other
金時,デビル メイ クライ5 スタイリッシュトライブ,28,7,28.57142857142857,31.32530120481928,-2.75387263339071,other
金時,デビル メイ クライ5 スタイリッシュトライブ,29,6,50.0,31.32530120481928,18.67469879518072,other
金時,デビル メイ クライ5 スタイリッシュトライブ,30,6,33.33333333333333,31.32530120481928,2.008032128514049,other
金時,デビル メイ クライ5 スタイリッシュトライブ,31,5,40.0,31.32530120481928,8.67469879518072,other
金時,ニューパルサーSP4 with 太鼓の達人,1,14,21.428571428571427,31.491712707182316,-10.063141278610889,bt
金時,ニューパルサーSP4 with 太鼓の達人,2,21,38.095238095238095,31.491712707182316,6.603525388055779,bt
金時,ニューパルサーSP4 with 太鼓の達人,3,19,36.84210526315789,31.491712707182316,5.350392555975574,bt
金時,ニューパルサーSP4 with 太鼓の達人,4,18,22.22222222222222,31.491712707182316,-9.269490484960095,bt
金時,ニューパルサーSP4 with 太鼓の達人,5,21,19.047619047619047,31.491712707182316,-12.444093659563269,bt
金時,ニューパルサーSP4 with 太鼓の達人,6,15,26.666666666666668,31.491712707182316,-4.825046040515648,bt
金時,ニューパルサーSP4 with 太鼓の達人,7,17,17.647058823529413,31.491712707182316,-13.844653883652903,bt
金時,ニューパルサーSP4 with 太鼓の達人,8,20,45.0,31.491712707182316,13.508287292817684,bt
金時,ニューパルサーSP4 with 太鼓の達人,9,19,26.31578947368421,31.491712707182316,-5.175923233498107,bt
金時,ニューパルサーSP4 with 太鼓の達人,10,20,35.0,31.491712707182316,3.508287292817684,bt
金時,ニューパルサーSP4 with 太鼓の達人,11,20,30.0,31.491712707182316,-1.491712707182316,bt
金時,ニューパルサーSP4 with 太鼓の達人,12,18,44.44444444444444,31.491712707182316,12.952731737262127,bt
金時,ニューパルサーSP4 with 太鼓の達人,13,20,40.0,31.491712707182316,8.508287292817684,bt
金時,ニューパルサーSP4 with 太鼓の達人,14,17,29.411764705882355,31.491712707182316,-2.079948001299961,bt
金時,ニューパルサーSP4 with 太鼓の達人,15,19,21.052631578947366,31.491712707182316,-10.43908112823495,bt
金時,ニューパルサーSP4 with 太鼓の達人,16,17,41.17647058823529,31.491712707182316,9.684757881052974,bt
金時,ニューパルサーSP4 with 太鼓の達人,17,14,35.714285714285715,31.491712707182316,4.222573007103399,bt
金時,ニューパルサーSP4 with 太鼓の達人,18,16,37.5,31.491712707182316,6.008287292817684,bt
金時,ニューパルサーSP4 with 太鼓の達人,19,16,50.0,31.491712707182316,18.508287292817684,bt
金時,ニューパルサーSP4 with 太鼓の達人,20,20,35.0,31.491712707182316,3.508287292817684,bt
金時,ニューパルサーSP4 with 太鼓の達人,21,15,13.333333333333334,31.491712707182316,-18.15837937384898,bt
金時,ニューパルサーSP4 with 太鼓の達人,22,20,40.0,31.491712707182316,8.508287292817684,bt
金時,ニューパルサーSP4 with 太鼓の達人,23,16,25.0,31.491712707182316,-6.491712707182316,bt
金時,ニューパルサーSP4 with 太鼓の達人,24,17,23.52941176470588,31.491712707182316,-7.9623009424764355,bt
金時,ニューパルサーSP4 with 太鼓の達人,25,19,26.31578947368421,31.491712707182316,-5.175923233498107,bt
金時,ニューパルサーSP4 with 太鼓の達人,26,17,41.17647058823529,31.491712707182316,9.684757881052974,bt
金時,ニューパルサーSP4 with 太鼓の達人,27,19,21.052631578947366,31.491712707182316,-10.43908112823495,bt
金時,ニューパルサーSP4 with 太鼓の達人,28,16,18.75,31.491712707182316,-12.741712707182316,bt
金時,ニューパルサーSP4 with 太鼓の達人,29,15,46.666666666666664,31.491712707182316,15.174953959484348,bt
金時,ニューパルサーSP4 with 太鼓の達人,30,17,35.294117647058826,31.491712707182316,3.80240493987651,bt
金時,ニューパルサーSP4 with 太鼓の達人,31,11,27.27272727272727,31.491712707182316,-4.218985434455046,bt
金時,ネオアイムジャグラーEX,1,84,26.190476190476193,27.58329818641923,-1.392821995943038,jug
金時,ネオアイムジャグラーEX,2,75,30.666666666666664,27.58329818641923,3.083368480247433,jug
金時,ネオアイムジャグラーEX,3,72,23.61111111111111,27.58329818641923,-3.9721870753081205,jug
金時,ネオアイムジャグラーEX,4,76,34.21052631578947,27.58329818641923,6.627228129370241,jug
金時,ネオアイムジャグラーEX,5,77,14.285714285714285,27.58329818641923,-13.297583900704947,jug
金時,ネオアイムジャグラーEX,6,76,30.263157894736842,27.58329818641923,2.6798597083176112,jug
金時,ネオアイムジャグラーEX,7,77,31.16883116883117,27.58329818641923,3.5855329824119373,jug
金時,ネオアイムジャグラーEX,8,76,35.526315789473685,27.58329818641923,7.943017603054454,jug
金時,ネオアイムジャグラーEX,9,75,24.0,27.58329818641923,-3.5832981864192313,jug
金時,ネオアイムジャグラーEX,10,76,27.631578947368425,27.58329818641923,0.048280760949193535,jug
金時,ネオアイムジャグラーEX,11,75,28.000000000000004,27.58329818641923,0.4167018135807723,jug
金時,ネオアイムジャグラーEX,12,66,28.78787878787879,27.58329818641923,1.2045806014595577,jug
金時,ネオアイムジャグラーEX,13,76,28.947368421052634,27.58329818641923,1.3640702346334024,jug
金時,ネオアイムジャグラーEX,14,75,24.0,27.58329818641923,-3.5832981864192313,jug
金時,ネオアイムジャグラーEX,15,77,19.480519480519483,27.58329818641923,-8.102778705899748,jug
金時,ネオアイムジャグラーEX,16,77,28.57142857142857,27.58329818641923,0.9881303850093381,jug
金時,ネオアイムジャグラーEX,17,78,17.94871794871795,27.58329818641923,-9.634580237701282,jug
金時,ネオアイムジャグラーEX,18,79,32.91139240506329,27.58329818641923,5.328094218644058,jug
金時,ネオアイムジャグラーEX,19,78,28.205128205128204,27.58329818641923,0.6218300187089731,jug
金時,ネオアイムジャグラーEX,20,80,32.5,27.58329818641923,4.916701813580769,jug
金時,ネオアイムジャグラーEX,21,79,30.37974683544304,27.58329818641923,2.7964486490238087,jug
金時,ネオアイムジャグラーEX,22,77,24.675324675324674,27.58329818641923,-2.907973511094557,jug
金時,ネオアイムジャグラーEX,23,79,30.37974683544304,27.58329818641923,2.7964486490238087,jug
金時,ネオアイムジャグラーEX,24,84,34.523809523809526,27.58329818641923,6.940511337390294,jug
金時,ネオアイムジャグラーEX,25,85,12.941176470588237,27.58329818641923,-14.642121715830994,jug
金時,ネオアイムジャグラーEX,26,85,41.17647058823529,27.58329818641923,13.593172401816059,jug
金時,ネオアイムジャグラーEX,27,81,32.098765432098766,27.58329818641923,4.515467245679535,jug
金時,ネオアイムジャグラーEX,28,83,25.301204819277107,27.58329818641923,-2.2820933671421244,jug
金時,ネオアイムジャグラーEX,29,74,27.027027027027028,27.58329818641923,-0.5562711593922032,jug
金時,ネオアイムジャグラーEX,30,75,25.333333333333336,27.58329818641923,-2.2499648530858956,jug
金時,ネオアイムジャグラーEX,31,44,20.454545454545457,27.58329818641923,-7.1287527318737745,jug
金時,ハイパーラッシュ,1,15,46.666666666666664,37.08920187793427,9.577464788732392,bt
金時,ハイパーラッシュ,2,15,46.666666666666664,37.08920187793427,9.577464788732392,bt
金時,ハイパーラッシュ,3,12,0.0,37.08920187793427,-37.08920187793427,bt
金時,ハイパーラッシュ,4,15,20.0,37.08920187793427,-17.089201877934272,bt
金時,ハイパーラッシュ,5,17,29.411764705882355,37.08920187793427,-7.677437172051917,bt
金時,ハイパーラッシュ,6,15,46.666666666666664,37.08920187793427,9.577464788732392,bt
金時,ハイパーラッシュ,7,16,25.0,37.08920187793427,-12.089201877934272,bt
金時,ハイパーラッシュ,8,17,35.294117647058826,37.08920187793427,-1.795084230875446,bt
金時,ハイパーラッシュ,9,13,53.84615384615385,37.08920187793427,16.756951968219575,bt
金時,ハイパーラッシュ,10,13,46.15384615384615,37.08920187793427,9.064644275911881,bt
金時,ハイパーラッシュ,11,16,25.0,37.08920187793427,-12.089201877934272,bt
金時,ハイパーラッシュ,12,13,30.76923076923077,37.08920187793427,-6.319971108703502,bt
金時,ハイパーラッシュ,13,14,28.57142857142857,37.08920187793427,-8.517773306505703,bt
金時,ハイパーラッシュ,14,15,60.0,37.08920187793427,22.910798122065728,bt
金時,ハイパーラッシュ,15,15,40.0,37.08920187793427,2.910798122065728,bt
金時,ハイパーラッシュ,16,12,41.66666666666667,37.08920187793427,4.577464788732399,bt
金時,ハイパーラッシュ,17,13,38.46153846153847,37.08920187793427,1.372336583604195,bt
金時,ハイパーラッシュ,18,14,35.714285714285715,37.08920187793427,-1.3749161636485567,bt
金時,ハイパーラッシュ,19,11,27.27272727272727,37.08920187793427,-9.816474605207002,bt
金時,ハイパーラッシュ,20,15,26.666666666666668,37.08920187793427,-10.422535211267604,bt
金時,ハイパーラッシュ,21,14,64.28571428571429,37.08920187793427,27.19651240778002,bt
金時,ハイパーラッシュ,22,14,28.57142857142857,37.08920187793427,-8.517773306505703,bt
金時,ハイパーラッシュ,23,14,21.428571428571427,37.08920187793427,-15.660630449362845,bt
金時,ハイパーラッシュ,24,12,33.33333333333333,37.08920187793427,-3.7558685446009434,bt
金時,ハイパーラッシュ,25,16,18.75,37.08920187793427,-18.339201877934272,bt
金時,ハイパーラッシュ,26,11,54.54545454545454,37.08920187793427,17.456252667520268,bt
金時,ハイパーラッシュ,27,13,53.84615384615385,37.08920187793427,16.756951968219575,bt
金時,ハイパーラッシュ,28,15,40.0,37.08920187793427,2.910798122065728,bt
金時,ハイパーラッシュ,29,13,46.15384615384615,37.08920187793427,9.064644275911881,bt
金時,ハイパーラッシュ,30,12,50.0,37.08920187793427,12.910798122065728,bt
金時,ハイパーラッシュ,31,6,50.0,37.08920187793427,12.910798122065728,bt
金時,ハッピージャグラーVIII,1,46,28.26086956521739,28.99628252788104,-0.7354129626636485,jug
金時,ハッピージャグラーVIII,2,44,31.818181818181817,28.99628252788104,2.8218992903007774,jug
金時,ハッピージャグラーVIII,3,44,22.727272727272727,28.99628252788104,-6.269009800608313,jug
金時,ハッピージャグラーVIII,4,48,27.083333333333332,28.99628252788104,-1.912949194547707,jug
金時,ハッピージャグラーVIII,5,48,27.083333333333332,28.99628252788104,-1.912949194547707,jug
金時,ハッピージャグラーVIII,6,43,23.25581395348837,28.99628252788104,-5.740468574392668,jug
金時,ハッピージャグラーVIII,7,42,40.476190476190474,28.99628252788104,11.479907948309435,jug
金時,ハッピージャグラーVIII,8,44,40.909090909090914,28.99628252788104,11.912808381209874,jug
金時,ハッピージャグラーVIII,9,44,34.090909090909086,28.99628252788104,5.094626563028047,jug
金時,ハッピージャグラーVIII,10,41,36.58536585365854,28.99628252788104,7.589083325777498,jug
金時,ハッピージャグラーVIII,11,46,19.565217391304348,28.99628252788104,-9.431065136576692,jug
金時,ハッピージャグラーVIII,12,40,32.5,28.99628252788104,3.503717472118961,jug
金時,ハッピージャグラーVIII,13,45,22.22222222222222,28.99628252788104,-6.774060305658818,jug
金時,ハッピージャグラーVIII,14,44,34.090909090909086,28.99628252788104,5.094626563028047,jug
金時,ハッピージャグラーVIII,15,43,34.883720930232556,28.99628252788104,5.887438402351517,jug
金時,ハッピージャグラーVIII,16,45,22.22222222222222,28.99628252788104,-6.774060305658818,jug
金時,ハッピージャグラーVIII,17,45,35.55555555555556,28.99628252788104,6.559273027674518,jug
金時,ハッピージャグラーVIII,18,40,35.0,28.99628252788104,6.003717472118961,jug
金時,ハッピージャグラーVIII,19,44,34.090909090909086,28.99628252788104,5.094626563028047,jug
金時,ハッピージャグラーVIII,20,47,17.02127659574468,28.99628252788104,-11.975005932136359,jug
金時,ハッピージャグラーVIII,21,45,22.22222222222222,28.99628252788104,-6.774060305658818,jug
金時,ハッピージャグラーVIII,22,42,28.57142857142857,28.99628252788104,-0.4248539564524698,jug
金時,ハッピージャグラーVIII,23,46,19.565217391304348,28.99628252788104,-9.431065136576692,jug
金時,ハッピージャグラーVIII,24,46,39.130434782608695,28.99628252788104,10.134152254727656,jug
金時,ハッピージャグラーVIII,25,47,34.04255319148936,28.99628252788104,5.046270663608322,jug
金時,ハッピージャグラーVIII,26,44,20.454545454545457,28.99628252788104,-8.541737073335582,jug
金時,ハッピージャグラーVIII,27,45,31.11111111111111,28.99628252788104,2.1148285832300715,jug
金時,ハッピージャグラーVIII,28,46,36.95652173913043,28.99628252788104,7.960239211249391,jug
金時,ハッピージャグラーVIII,29,38,28.947368421052634,28.99628252788104,-0.04891410682840558,jug
金時,ハッピージャグラーVIII,30,39,20.51282051282051,28.99628252788104,-8.483462015060528,jug
金時,ハッピージャグラーVIII,31,24,12.5,28.99628252788104,-16.49628252788104,jug
金時,バイオハザード5,1,15,0.0,26.443202979515828,-26.443202979515828,other
金時,バイオハザード5,2,16,18.75,26.443202979515828,-7.693202979515828,other
金時,バイオハザード5,3,19,31.57894736842105,26.443202979515828,5.1357443889052234,other
金時,バイオハザード5,4,17,23.52941176470588,26.443202979515828,-2.9137912148099474,other
金時,バイオハザード5,5,21,33.33333333333333,26.443202979515828,6.890130353817501,other
金時,バイオハザード5,6,19,52.63157894736842,26.443202979515828,26.18837596785259,other
金時,バイオハザード5,7,18,22.22222222222222,26.443202979515828,-4.2209807572936064,other
金時,バイオハザード5,8,16,31.25,26.443202979515828,4.806797020484172,other
金時,バイオハザード5,9,19,31.57894736842105,26.443202979515828,5.1357443889052234,other
金時,バイオハザード5,10,17,23.52941176470588,26.443202979515828,-2.9137912148099474,other
金時,バイオハザード5,11,17,29.411764705882355,26.443202979515828,2.968561726366527,other
金時,バイオハザード5,12,18,27.77777777777778,26.443202979515828,1.3345747982619507,other
金時,バイオハザード5,13,19,26.31578947368421,26.443202979515828,-0.12741350583161903,other
金時,バイオハザード5,14,16,18.75,26.443202979515828,-7.693202979515828,other
金時,バイオハザード5,15,22,27.27272727272727,26.443202979515828,0.8295242932114419,other
金時,バイオハザード5,16,17,35.294117647058826,26.443202979515828,8.850914667542998,other
金時,バイオハザード5,17,21,14.285714285714285,26.443202979515828,-12.157488693801543,other
金時,バイオハザード5,18,15,13.333333333333334,26.443202979515828,-13.109869646182494,other
金時,バイオハザード5,19,17,23.52941176470588,26.443202979515828,-2.9137912148099474,other
金時,バイオハザード5,20,21,38.095238095238095,26.443202979515828,11.652035115722267,other
金時,バイオハザード5,21,16,25.0,26.443202979515828,-1.4432029795158279,other
金時,バイオハザード5,22,14,28.57142857142857,26.443202979515828,2.1282255919127415,other
金時,バイオハザード5,23,19,26.31578947368421,26.443202979515828,-0.12741350583161903,other
金時,バイオハザード5,24,13,38.46153846153847,26.443202979515828,12.01833548202264,other
金時,バイオハザード5,25,21,38.095238095238095,26.443202979515828,11.652035115722267,other
金時,バイオハザード5,26,18,27.77777777777778,26.443202979515828,1.3345747982619507,other
金時,バイオハザード5,27,14,35.714285714285715,26.443202979515828,9.271082734769887,other
金時,バイオハザード5,28,19,10.526315789473683,26.443202979515828,-15.916887190042145,other
金時,バイオハザード5,29,15,13.333333333333334,26.443202979515828,-13.109869646182494,other
金時,バイオハザード5,30,17,23.52941176470588,26.443202979515828,-2.9137912148099474,other
金時,バイオハザード5,31,11,18.181818181818183,26.443202979515828,-8.261384797697644,other
金時,バーサスリヴァイズ,1,21,33.33333333333333,31.001589825119236,2.3317435082140925,bt
金時,バーサスリヴァイズ,2,21,23.809523809523807,31.001589825119236,-7.1920660155954295,bt
金時,バーサスリヴァイズ,3,20,40.0,31.001589825119236,8.998410174880764,bt
金時,バーサスリヴァイズ,4,21,28.57142857142857,31.001589825119236,-2.4301612536906667,bt
金時,バーサスリヴァイズ,5,22,22.727272727272727,31.001589825119236,-8.27431709784651,bt
金時,バーサスリヴァイズ,6,21,23.809523809523807,31.001589825119236,-7.1920660155954295,bt
金時,バーサスリヴァイズ,7,21,28.57142857142857,31.001589825119236,-2.4301612536906667,bt
金時,バーサスリヴァイズ,8,22,36.36363636363637,31.001589825119236,5.362046538517131,bt
金時,バーサスリヴァイズ,9,20,25.0,31.001589825119236,-6.001589825119236,bt
金時,バーサスリヴァイズ,10,22,27.27272727272727,31.001589825119236,-3.7288625523919663,bt
金時,バーサスリヴァイズ,11,22,27.27272727272727,31.001589825119236,-3.7288625523919663,bt
金時,バーサスリヴァイズ,12,20,30.0,31.001589825119236,-1.001589825119236,bt
金時,バーサスリヴァイズ,13,19,36.84210526315789,31.001589825119236,5.840515438038654,bt
金時,バーサスリヴァイズ,14,20,35.0,31.001589825119236,3.998410174880764,bt
金時,バーサスリヴァイズ,15,21,19.047619047619047,31.001589825119236,-11.953970777500189,bt
金時,バーサスリヴァイズ,16,18,27.77777777777778,31.001589825119236,-3.2238120473414575,bt
金時,バーサスリヴァイズ,17,22,31.818181818181817,31.001589825119236,0.8165919930625805,bt
金時,バーサスリヴァイズ,18,22,31.818181818181817,31.001589825119236,0.8165919930625805,bt
金時,バーサスリヴァイズ,19,21,42.857142857142854,31.001589825119236,11.855553032023618,bt
金時,バーサスリヴァイズ,20,22,54.54545454545454,31.001589825119236,23.543864720335304,bt
金時,バーサスリヴァイズ,21,20,30.0,31.001589825119236,-1.001589825119236,bt
金時,バーサスリヴァイズ,22,21,47.61904761904761,31.001589825119236,16.617457793928377,bt
金時,バーサスリヴァイズ,23,18,27.77777777777778,31.001589825119236,-3.2238120473414575,bt
金時,バーサスリヴァイズ,24,20,40.0,31.001589825119236,8.998410174880764,bt
金時,バーサスリヴァイズ,25,22,31.818181818181817,31.001589825119236,0.8165919930625805,bt
金時,バーサスリヴァイズ,26,20,25.0,31.001589825119236,-6.001589825119236,bt
金時,バーサスリヴァイズ,27,20,35.0,31.001589825119236,3.998410174880764,bt
金時,バーサスリヴァイズ,28,21,28.57142857142857,31.001589825119236,-2.4301612536906667,bt
金時,バーサスリヴァイズ,29,17,17.647058823529413,31.001589825119236,-13.354531001589823,bt
金時,バーサスリヴァイズ,30,20,25.0,31.001589825119236,-6.001589825119236,bt
金時,バーサスリヴァイズ,31,12,16.666666666666664,31.001589825119236,-14.334923158452572,bt
金時,ファンキージャグラー2,1,164,31.097560975609756,27.302065404475044,3.795495571134712,jug
金時,ファンキージャグラー2,2,157,26.11464968152866,27.302065404475044,-1.1874157229463833,jug
金時,ファンキージャグラー2,3,150,27.333333333333332,27.302065404475044,0.031267928858287775,jug
金時,ファンキージャグラー2,4,157,26.11464968152866,27.302065404475044,-1.1874157229463833,jug
金時,ファンキージャグラー2,5,161,22.36024844720497,27.302065404475044,-4.941816957270074,jug
金時,ファンキージャグラー2,6,146,32.19178082191781,27.302065404475044,4.8897154174427655,jug
金時,ファンキージャグラー2,7,144,27.77777777777778,27.302065404475044,0.4757123733027342,jug
金時,ファンキージャグラー2,8,153,30.065359477124183,27.302065404475044,2.7632940726491384,jug
金時,ファンキージャグラー2,9,153,22.22222222222222,27.302065404475044,-5.079843182252823,jug
金時,ファンキージャグラー2,10,149,28.859060402684566,27.302065404475044,1.5569949982095217,jug
金時,ファンキージャグラー2,11,156,25.0,27.302065404475044,-2.3020654044750444,jug
金時,ファンキージャグラー2,12,143,30.069930069930066,27.302065404475044,2.767864665455022,jug
金時,ファンキージャグラー2,13,151,28.47682119205298,27.302065404475044,1.1747557875779364,jug
金時,ファンキージャグラー2,14,155,25.161290322580644,27.302065404475044,-2.1407750818944002,jug
金時,ファンキージャグラー2,15,149,20.13422818791946,27.302065404475044,-7.167837216555583,jug
金時,ファンキージャグラー2,16,157,26.751592356687897,27.302065404475044,-0.5504730477871469,jug
金時,ファンキージャグラー2,17,146,30.136986301369863,27.302065404475044,2.8349208968948183,jug
金時,ファンキージャグラー2,18,150,26.666666666666668,27.302065404475044,-0.6353987378083765,jug
金時,ファンキージャグラー2,19,152,27.631578947368425,27.302065404475044,0.3295135428933804,jug
金時,ファンキージャグラー2,20,159,29.559748427672954,27.302065404475044,2.2576830231979095,jug
金時,ファンキージャグラー2,21,155,28.387096774193548,27.302065404475044,1.0850313697185037,jug
金時,ファンキージャグラー2,22,152,26.973684210526315,27.302065404475044,-0.32838119394872933,jug
金時,ファンキージャグラー2,23,155,27.09677419354839,27.302065404475044,-0.20529121092665292,jug
金時,ファンキージャグラー2,24,155,31.61290322580645,27.302065404475044,4.310837821331404,jug
金時,ファンキージャグラー2,25,159,22.641509433962266,27.302065404475044,-4.660555970512778,jug
金時,ファンキージャグラー2,26,157,24.840764331210192,27.302065404475044,-2.4613010732648526,jug
金時,ファンキージャグラー2,27,152,30.263157894736842,27.302065404475044,2.961092490261798,jug
金時,ファンキージャグラー2,28,151,29.13907284768212,27.302065404475044,1.8370074432070744,jug
金時,ファンキージャグラー2,29,136,26.47058823529412,27.302065404475044,-0.8314771691809248,jug
金時,ファンキージャグラー2,30,140,27.857142857142858,27.302065404475044,0.5550774526678133,jug
金時,ファンキージャグラー2,31,84,28.57142857142857,27.302065404475044,1.269363166953525,jug
金時,マイジャグラーV,1,207,28.985507246376812,26.74869374683971,2.236813499537103,jug
金時,マイジャグラーV,2,198,22.22222222222222,26.74869374683971,-4.526471524617488,jug
金時,マイジャグラーV,3,195,30.256410256410255,26.74869374683971,3.507716509570546,jug
金時,マイジャグラーV,4,195,21.025641025641026,26.74869374683971,-5.723052721198684,jug
金時,マイジャグラーV,5,198,21.71717171717172,26.74869374683971,-5.03152202966799,jug
金時,マイジャグラーV,6,185,28.10810810810811,26.74869374683971,1.3594143612683993,jug
金時,マイジャグラーV,7,193,23.83419689119171,26.74869374683971,-2.914496855648,jug
金時,マイジャグラーV,8,196,28.061224489795915,26.74869374683971,1.3125307429562056,jug
金時,マイジャグラーV,9,198,25.757575757575758,26.74869374683971,-0.9911179892639517,jug
金時,マイジャグラーV,10,194,19.587628865979383,26.74869374683971,-7.1610648808603266,jug
金時,マイジャグラーV,11,196,24.489795918367346,26.74869374683971,-2.2588978284723638,jug
金時,マイジャグラーV,12,184,33.69565217391305,26.74869374683971,6.946958427073337,jug
金時,マイジャグラーV,13,197,31.979695431472084,26.74869374683971,5.231001684632375,jug
金時,マイジャグラーV,14,195,27.17948717948718,26.74869374683971,0.4307934326474694,jug
金時,マイジャグラーV,15,187,28.87700534759358,26.74869374683971,2.1283116007538716,jug
金時,マイジャグラーV,16,197,30.456852791878177,26.74869374683971,3.7081590450384674,jug
金時,マイジャグラーV,17,196,30.612244897959183,26.74869374683971,3.8635511511194736,jug
金時,マイジャグラーV,18,197,26.903553299492383,26.74869374683971,0.15485955265267393,jug
金時,マイジャグラーV,19,197,25.888324873096447,26.74869374683971,-0.860368873743262,jug
金時,マイジャグラーV,20,198,29.292929292929294,26.74869374683971,2.5442355460895847,jug
金時,マイジャグラーV,21,196,24.489795918367346,26.74869374683971,-2.2588978284723638,jug
金時,マイジャグラーV,22,197,27.411167512690355,26.74869374683971,0.6624737658506454,jug
金時,マイジャグラーV,23,197,27.411167512690355,26.74869374683971,0.6624737658506454,jug
金時,マイジャグラーV,24,197,22.33502538071066,26.74869374683971,-4.413668366129048,jug
金時,マイジャグラーV,25,198,26.262626262626267,26.74869374683971,-0.4860674842134429,jug
金時,マイジャグラーV,26,198,27.27272727272727,26.74869374683971,0.5240335258875604,jug
金時,マイジャグラーV,27,195,31.794871794871792,26.74869374683971,5.046178048032083,jug
金時,マイジャグラーV,28,196,23.46938775510204,26.74869374683971,-3.279305991737669,jug
金時,マイジャグラーV,29,174,26.436781609195403,26.74869374683971,-0.31191213764430614,jug
金時,マイジャグラーV,30,176,26.136363636363637,26.74869374683971,-0.6123301104760728,jug
金時,マイジャグラーV,31,106,28.30188679245283,26.74869374683971,1.5531930456131207,jug
金時,マギアレコード 魔法少女まどか☆マギカ外伝,1,32,28.125,33.589462129527995,-5.464462129527995,other
金時,マギアレコード 魔法少女まどか☆マギカ外伝,2,29,51.724137931034484,33.589462129527995,18.13467580150649,other
金時,マギアレコード 魔法少女まどか☆マギカ外伝,3,24,33.33333333333333,33.589462129527995,-0.2561287961946661,other
金時,マギアレコード 魔法少女まどか☆マギカ外伝,4,23,34.78260869565217,33.589462129527995,1.1931465661241774,other
金時,マギアレコード 魔法少女まどか☆マギカ外伝,5,35,51.42857142857142,33.589462129527995,17.83910929904343,other
金時,マギアレコード 魔法少女まどか☆マギカ外伝,6,28,21.428571428571427,33.589462129527995,-12.160890700956568,other
金時,マギアレコード 魔法少女まどか☆マギカ外伝,7,33,42.42424242424242,33.589462129527995,8.834780294714427,other
金時,マギアレコード 魔法少女まどか☆マギカ外伝,8,27,29.629629629629626,33.589462129527995,-3.9598324998983685,other
金時,マギアレコード 魔法少女まどか☆マギカ外伝,9,32,21.875,33.589462129527995,-11.714462129527995,other
金時,マギアレコード 魔法少女まどか☆マギカ外伝,10,30,23.333333333333332,33.589462129527995,-10.256128796194663,other
金時,マギアレコード 魔法少女まどか☆マギカ外伝,11,31,29.03225806451613,33.589462129527995,-4.557204065011863,other
金時,マギアレコード 魔法少女まどか☆マギカ外伝,12,24,45.83333333333333,33.589462129527995,12.243871203805334,other
金時,マギアレコード 魔法少女まどか☆マギカ外伝,13,29,37.93103448275862,33.589462129527995,4.3415723532306245,other
金時,マギアレコード 魔法少女まどか☆マギカ外伝,14,28,25.0,33.589462129527995,-8.589462129527995,other
金時,マギアレコード 魔法少女まどか☆マギカ外伝,15,39,33.33333333333333,33.589462129527995,-0.2561287961946661,other
金時,マギアレコード 魔法少女まどか☆マギカ外伝,16,25,24.0,33.589462129527995,-9.589462129527995,other
金時,マギアレコード 魔法少女まどか☆マギカ外伝,17,23,30.434782608695656,33.589462129527995,-3.154679520832339,other
金時,マギアレコード 魔法少女まどか☆マギカ外伝,18,28,28.57142857142857,33.589462129527995,-5.018033558099425,other
金時,マギアレコード 魔法少女まどか☆マギカ外伝,19,25,32.0,33.589462129527995,-1.5894621295279947,other
金時,マギアレコード 魔法少女まどか☆マギカ外伝,20,39,35.8974358974359,33.589462129527995,2.307973767907903,other
金時,マギアレコード 魔法少女まどか☆マギカ外伝,21,29,17.24137931034483,33.589462129527995,-16.348082819183166,other
金時,マギアレコード 魔法少女まどか☆マギカ外伝,22,26,34.61538461538461,33.589462129527995,1.0259224858566185,other
金時,マギアレコード 魔法少女まどか☆マギカ外伝,23,32,43.75,33.589462129527995,10.160537870472005,other
金時,マギアレコード 魔法少女まどか☆マギカ外伝,24,31,19.35483870967742,33.589462129527995,-14.234623419850575,other
金時,マギアレコード 魔法少女まどか☆マギカ外伝,25,39,48.717948717948715,33.589462129527995,15.12848658842072,other
金時,マギアレコード 魔法少女まどか☆マギカ外伝,26,31,32.25806451612903,33.589462129527995,-1.3313976133989627,other
金時,マギアレコード 魔法少女まどか☆マギカ外伝,27,32,18.75,33.589462129527995,-14.839462129527995,other
金時,マギアレコード 魔法少女まどか☆マギカ外伝,28,31,35.483870967741936,33.589462129527995,1.8944088382139412,other
金時,マギアレコード 魔法少女まどか☆マギカ外伝,29,29,44.827586206896555,33.589462129527995,11.23812407736856,other
金時,マギアレコード 魔法少女まどか☆マギカ外伝,30,26,50.0,33.589462129527995,16.410537870472005,other
金時,マギアレコード 魔法少女まどか☆マギカ外伝,31,21,28.57142857142857,33.589462129527995,-5.018033558099425,other
金時,ミスタージャグラー,1,57,35.08771929824561,28.814627994955867,6.273091303289743,jug
金時,ミスタージャグラー,2,54,20.37037037037037,28.814627994955867,-8.444257624585497,jug
金時,ミスタージャグラー,3,50,44.0,28.814627994955867,15.185372005044133,jug
金時,ミスタージャグラー,4,52,34.61538461538461,28.814627994955867,5.800756620428746,jug
金時,ミスタージャグラー,5,54,31.48148148148148,28.814627994955867,2.666853486525614,jug
金時,ミスタージャグラー,6,51,39.21568627450981,28.814627994955867,10.40105827955394,jug
金時,ミスタージャグラー,7,53,26.41509433962264,28.814627994955867,-2.399533655333226,jug
金時,ミスタージャグラー,8,53,28.30188679245283,28.814627994955867,-0.5127412025030367,jug
金時,ミスタージャグラー,9,52,11.538461538461538,28.814627994955867,-17.27616645649433,jug
金時,ミスタージャグラー,10,52,40.38461538461539,28.814627994955867,11.56998738965952,jug
金時,ミスタージャグラー,11,54,33.33333333333333,28.814627994955867,4.518705338377462,jug
金時,ミスタージャグラー,12,49,26.53061224489796,28.814627994955867,-2.2840157500579075,jug
金時,ミスタージャグラー,13,53,37.735849056603776,28.814627994955867,8.921221061647909,jug
金時,ミスタージャグラー,14,53,24.528301886792452,28.814627994955867,-4.286326108163415,jug
金時,ミスタージャグラー,15,51,27.450980392156865,28.814627994955867,-1.363647602799002,jug
金時,ミスタージャグラー,16,52,25.0,28.814627994955867,-3.814627994955867,jug
金時,ミスタージャグラー,17,53,18.867924528301888,28.814627994955867,-9.946703466653979,jug
金時,ミスタージャグラー,18,53,24.528301886792452,28.814627994955867,-4.286326108163415,jug
金時,ミスタージャグラー,19,50,32.0,28.814627994955867,3.185372005044133,jug
金時,ミスタージャグラー,20,54,33.33333333333333,28.814627994955867,4.518705338377462,jug
金時,ミスタージャグラー,21,52,26.923076923076923,28.814627994955867,-1.8915510718789434,jug
金時,ミスタージャグラー,22,53,26.41509433962264,28.814627994955867,-2.399533655333226,jug
金時,ミスタージャグラー,23,53,18.867924528301888,28.814627994955867,-9.946703466653979,jug
金時,ミスタージャグラー,24,49,24.489795918367346,28.814627994955867,-4.324832076588521,jug
金時,ミスタージャグラー,25,53,30.18867924528302,28.814627994955867,1.3740512503271525,jug
金時,ミスタージャグラー,26,53,20.754716981132077,28.814627994955867,-8.05991101382379,jug
金時,ミスタージャグラー,27,50,30.0,28.814627994955867,1.1853720050441332,jug
金時,ミスタージャグラー,28,54,27.77777777777778,28.814627994955867,-1.0368502171780882,jug
金時,ミスタージャグラー,29,44,22.727272727272727,28.814627994955867,-6.08735526768314,jug
金時,ミスタージャグラー,30,46,39.130434782608695,28.814627994955867,10.315806787652829,jug
金時,ミスタージャグラー,31,29,34.48275862068966,28.814627994955867,5.668130625733792,jug
金時,ミリオンゴッド‐神々の軌跡‐,1,10,20.0,24.271844660194176,-4.271844660194176,other
金時,ミリオンゴッド‐神々の軌跡‐,3,5,20.0,24.271844660194176,-4.271844660194176,other
金時,ミリオンゴッド‐神々の軌跡‐,4,5,40.0,24.271844660194176,15.728155339805824,other
金時,ミリオンゴッド‐神々の軌跡‐,5,5,40.0,24.271844660194176,15.728155339805824,other
金時,ミリオンゴッド‐神々の軌跡‐,6,5,0.0,24.271844660194176,-24.271844660194176,other
金時,ミリオンゴッド‐神々の軌跡‐,7,5,20.0,24.271844660194176,-4.271844660194176,other
金時,ミリオンゴッド‐神々の軌跡‐,8,5,40.0,24.271844660194176,15.728155339805824,other
金時,ミリオンゴッド‐神々の軌跡‐,9,5,20.0,24.271844660194176,-4.271844660194176,other
金時,ミリオンゴッド‐神々の軌跡‐,10,5,20.0,24.271844660194176,-4.271844660194176,other
金時,ミリオンゴッド‐神々の軌跡‐,13,5,40.0,24.271844660194176,15.728155339805824,other
金時,ミリオンゴッド‐神々の軌跡‐,14,5,0.0,24.271844660194176,-24.271844660194176,other
金時,ミリオンゴッド‐神々の軌跡‐,15,5,60.0,24.271844660194176,35.728155339805824,other
金時,ミリオンゴッド‐神々の軌跡‐,16,5,20.0,24.271844660194176,-4.271844660194176,other
金時,ミリオンゴッド‐神々の軌跡‐,17,5,40.0,24.271844660194176,15.728155339805824,other
金時,ミリオンゴッド‐神々の軌跡‐,18,5,0.0,24.271844660194176,-24.271844660194176,other
金時,ミリオンゴッド‐神々の軌跡‐,19,5,20.0,24.271844660194176,-4.271844660194176,other
金時,ミリオンゴッド‐神々の軌跡‐,20,10,20.0,24.271844660194176,-4.271844660194176,other
金時,ミリオンゴッド‐神々の軌跡‐,21,10,20.0,24.271844660194176,-4.271844660194176,other
金時,ミリオンゴッド‐神々の軌跡‐,22,10,10.0,24.271844660194176,-14.271844660194176,other
金時,ミリオンゴッド‐神々の軌跡‐,23,10,10.0,24.271844660194176,-14.271844660194176,other
金時,ミリオンゴッド‐神々の軌跡‐,24,10,10.0,24.271844660194176,-14.271844660194176,other
金時,ミリオンゴッド‐神々の軌跡‐,25,10,30.0,24.271844660194176,5.728155339805824,other
金時,ミリオンゴッド‐神々の軌跡‐,26,10,10.0,24.271844660194176,-14.271844660194176,other
金時,ミリオンゴッド‐神々の軌跡‐,27,10,60.0,24.271844660194176,35.728155339805824,other
金時,ミリオンゴッド‐神々の軌跡‐,28,10,20.0,24.271844660194176,-4.271844660194176,other
金時,ミリオンゴッド‐神々の軌跡‐,29,9,11.11111111111111,24.271844660194176,-13.160733549083066,other
金時,ミリオンゴッド‐神々の軌跡‐,30,10,30.0,24.271844660194176,5.728155339805824,other
金時,ミリオンゴッド‐神々の軌跡‐,31,5,20.0,24.271844660194176,-4.271844660194176,other
金時,モンキーターンV,1,108,26.851851851851855,34.11923206466824,-7.267380212816384,other
金時,モンキーターンV,2,96,32.29166666666667,34.11923206466824,-1.8275653980015676,other
金時,モンキーターンV,3,97,26.804123711340207,34.11923206466824,-7.315108353328032,other
金時,モンキーターンV,4,89,41.57303370786517,34.11923206466824,7.4538016431969325,other
金時,モンキーターンV,5,108,37.96296296296296,34.11923206466824,3.843730898294723,other
金時,モンキーターンV,6,92,43.47826086956522,34.11923206466824,9.35902880489698,other
金時,モンキーターンV,7,101,30.693069306930692,34.11923206466824,-3.426162757737547,other
金時,モンキーターンV,8,104,41.34615384615385,34.11923206466824,7.226921781485608,other
金時,モンキーターンV,9,100,26.0,34.11923206466824,-8.119232064668239,other
金時,モンキーターンV,10,94,29.78723404255319,34.11923206466824,-4.331998022115048,other
金時,モンキーターンV,11,102,36.27450980392157,34.11923206466824,2.1552777392533287,other
金時,モンキーターンV,12,87,34.48275862068966,34.11923206466824,0.36352655602141937,other
金時,モンキーターンV,13,91,27.472527472527474,34.11923206466824,-6.646704592140765,other
金時,モンキーターンV,14,100,33.0,34.11923206466824,-1.119232064668239,other
金時,モンキーターンV,15,101,34.65346534653465,34.11923206466824,0.5342332818664133,other
金時,モンキーターンV,16,98,30.612244897959183,34.11923206466824,-3.506987166709056,other
金時,モンキーターンV,17,88,31.818181818181817,34.11923206466824,-2.3010502464864224,other
金時,モンキーターンV,18,95,35.78947368421053,34.11923206466824,1.6702416195422884,other
金時,モンキーターンV,19,90,32.22222222222222,34.11923206466824,-1.8970098424460176,other
金時,モンキーターンV,20,108,39.81481481481482,34.11923206466824,5.695582750146578,other
金時,モンキーターンV,21,99,30.303030303030305,34.11923206466824,-3.8162017616379345,other
金時,モンキーターンV,22,93,29.03225806451613,34.11923206466824,-5.086974000152107,other
金時,モンキーターンV,23,98,27.55102040816326,34.11923206466824,-6.568211656504978,other
金時,モンキーターンV,24,97,40.20618556701031,34.11923206466824,6.0869535023420696,other
金時,モンキーターンV,25,108,38.88888888888889,34.11923206466824,4.769656824220654,other
金時,モンキーターンV,26,97,31.958762886597935,34.11923206466824,-2.1604691780703043,other
金時,モンキーターンV,27,93,31.182795698924732,34.11923206466824,-2.936436365743507,other
金時,モンキーターンV,28,99,36.36363636363637,34.11923206466824,2.244404298968128,other
金時,モンキーターンV,29,92,44.565217391304344,34.11923206466824,10.445985326636105,other
金時,モンキーターンV,30,89,39.325842696629216,34.11923206466824,5.206610631960977,other
金時,モンキーターンV,31,55,36.36363636363637,34.11923206466824,2.244404298968128,other
金時,モンスターハンターライズ,1,37,24.324324324324326,31.48479427549195,-7.160469951167624,other
金時,モンスターハンターライズ,2,38,23.684210526315788,31.48479427549195,-7.8005837491761625,other
金時,モンスターハンターライズ,3,38,39.473684210526315,31.48479427549195,7.988889935034365,other
金時,モンスターハンターライズ,4,33,36.36363636363637,31.48479427549195,4.878842088144417,other
金時,モンスターハンターライズ,5,50,40.0,31.48479427549195,8.51520572450805,other
金時,モンスターハンターライズ,6,34,44.11764705882353,31.48479427549195,12.632852783331579,other
金時,モンスターハンターライズ,7,37,32.432432432432435,31.48479427549195,0.947638156940485,other
金時,モンスターハンターライズ,8,37,18.91891891891892,31.48479427549195,-12.56587535657303,other
金時,モンスターハンターライズ,9,35,40.0,31.48479427549195,8.51520572450805,other
金時,モンスターハンターライズ,10,38,39.473684210526315,31.48479427549195,7.988889935034365,other
金時,モンスターハンターライズ,11,34,32.35294117647059,31.48479427549195,0.8681469009786369,other
金時,モンスターハンターライズ,12,39,38.46153846153847,31.48479427549195,6.976744186046517,other
金時,モンスターハンターライズ,13,34,23.52941176470588,31.48479427549195,-7.95538251078607,other
金時,モンスターハンターライズ,14,37,29.72972972972973,31.48479427549195,-1.7550645457622203,other
金時,モンスターハンターライズ,15,43,27.906976744186046,31.48479427549195,-3.5778175313059037,other
金時,モンスターハンターライズ,16,33,39.39393939393939,31.48479427549195,7.909145118447441,other
金時,モンスターハンターライズ,17,32,34.375,31.48479427549195,2.89020572450805,other
金時,モンスターハンターライズ,18,37,29.72972972972973,31.48479427549195,-1.7550645457622203,other
金時,モンスターハンターライズ,19,37,18.91891891891892,31.48479427549195,-12.56587535657303,other
金時,モンスターハンターライズ,20,49,34.69387755102041,31.48479427549195,3.2090832755284566,other
金時,モンスターハンターライズ,21,39,28.205128205128204,31.48479427549195,-3.2796660703637457,other
金時,モンスターハンターライズ,22,32,43.75,31.48479427549195,12.26520572450805,other
金時,モンスターハンターライズ,23,34,14.705882352941178,31.48479427549195,-16.778911922550773,other
金時,モンスターハンターライズ,24,31,35.483870967741936,31.48479427549195,3.999076692249986,other
金時,モンスターハンターライズ,25,45,35.55555555555556,31.48479427549195,4.070761280063607,other
金時,モンスターハンターライズ,26,33,39.39393939393939,31.48479427549195,7.909145118447441,other
金時,モンスターハンターライズ,27,35,28.57142857142857,31.48479427549195,-2.9133657040633807,other
金時,モンスターハンターライズ,28,33,21.21212121212121,31.48479427549195,-10.272673063370739,other
金時,モンスターハンターライズ,29,27,25.925925925925924,31.48479427549195,-5.558868349566026,other
金時,モンスターハンターライズ,30,33,36.36363636363637,31.48479427549195,4.878842088144417,other
金時,モンスターハンターライズ,31,24,8.333333333333332,31.48479427549195,-23.151460942158618,other
金時,ラブ嬢3～Wご指名はいかがですか?～,1,15,40.0,31.16531165311653,8.834688346883471,other
金時,ラブ嬢3～Wご指名はいかがですか?～,2,12,41.66666666666667,31.16531165311653,10.501355013550143,other
金時,ラブ嬢3～Wご指名はいかがですか?～,3,10,30.0,31.16531165311653,-1.1653116531165288,other
金時,ラブ嬢3～Wご指名はいかがですか?～,4,13,46.15384615384615,31.16531165311653,14.988534500729624,other
金時,ラブ嬢3～Wご指名はいかがですか?～,5,15,13.333333333333334,31.16531165311653,-17.831978319783197,other
金時,ラブ嬢3～Wご指名はいかがですか?～,6,10,30.0,31.16531165311653,-1.1653116531165288,other
金時,ラブ嬢3～Wご指名はいかがですか?～,7,12,16.666666666666664,31.16531165311653,-14.498644986449865,other
金時,ラブ嬢3～Wご指名はいかがですか?～,8,10,10.0,31.16531165311653,-21.16531165311653,other
金時,ラブ嬢3～Wご指名はいかがですか?～,9,12,25.0,31.16531165311653,-6.165311653116529,other
金時,ラブ嬢3～Wご指名はいかがですか?～,10,11,54.54545454545454,31.16531165311653,23.38014289233801,other
金時,ラブ嬢3～Wご指名はいかがですか?～,11,14,42.857142857142854,31.16531165311653,11.691831204026325,other
金時,ラブ嬢3～Wご指名はいかがですか?～,12,13,30.76923076923077,31.16531165311653,-0.3960808838857588,other
金時,ラブ嬢3～Wご指名はいかがですか?～,13,11,45.45454545454545,31.16531165311653,14.289233801428924,other
金時,ラブ嬢3～Wご指名はいかがですか?～,14,13,15.384615384615385,31.16531165311653,-15.780696268501144,other
金時,ラブ嬢3～Wご指名はいかがですか?～,15,14,35.714285714285715,31.16531165311653,4.5489740611691865,other
金時,ラブ嬢3～Wご指名はいかがですか?～,16,9,33.33333333333333,31.16531165311653,2.1680216802167998,other
金時,ラブ嬢3～Wご指名はいかがですか?～,17,8,12.5,31.16531165311653,-18.66531165311653,other
金時,ラブ嬢3～Wご指名はいかがですか?～,18,11,9.090909090909092,31.16531165311653,-22.07440256220744,other
金時,ラブ嬢3～Wご指名はいかがですか?～,19,10,30.0,31.16531165311653,-1.1653116531165288,other
金時,ラブ嬢3～Wご指名はいかがですか?～,20,13,30.76923076923077,31.16531165311653,-0.3960808838857588,other
金時,ラブ嬢3～Wご指名はいかがですか?～,21,14,21.428571428571427,31.16531165311653,-9.736740224545102,other
金時,ラブ嬢3～Wご指名はいかがですか?～,22,14,57.14285714285714,31.16531165311653,25.97754548974061,other
金時,ラブ嬢3～Wご指名はいかがですか?～,23,13,15.384615384615385,31.16531165311653,-15.780696268501144,other
金時,ラブ嬢3～Wご指名はいかがですか?～,24,11,27.27272727272727,31.16531165311653,-3.892584380389259,other
金時,ラブ嬢3～Wご指名はいかがですか?～,25,13,23.076923076923077,31.16531165311653,-8.088388576193452,other
金時,ラブ嬢3～Wご指名はいかがですか?～,26,13,38.46153846153847,31.16531165311653,7.296226808421938,other
金時,ラブ嬢3～Wご指名はいかがですか?～,27,11,27.27272727272727,31.16531165311653,-3.892584380389259,other
金時,ラブ嬢3～Wご指名はいかがですか?～,28,11,54.54545454545454,31.16531165311653,23.38014289233801,other
金時,ラブ嬢3～Wご指名はいかがですか?～,29,13,53.84615384615385,31.16531165311653,22.680842193037318,other
金時,ラブ嬢3～Wご指名はいかがですか?～,30,12,25.0,31.16531165311653,-6.165311653116529,other
金時,ラブ嬢3～Wご指名はいかがですか?～,31,8,12.5,31.16531165311653,-18.66531165311653,other
金時,ルパン三世 大航海者の秘宝,1,8,37.5,30.128205128205128,7.371794871794872,other
金時,ルパン三世 大航海者の秘宝,2,7,14.285714285714285,30.128205128205128,-15.842490842490843,other
金時,ルパン三世 大航海者の秘宝,3,6,50.0,30.128205128205128,19.871794871794872,other
金時,ルパン三世 大航海者の秘宝,4,5,0.0,30.128205128205128,-30.128205128205128,other
金時,ルパン三世 大航海者の秘宝,5,9,0.0,30.128205128205128,-30.128205128205128,other
金時,ルパン三世 大航海者の秘宝,8,5,40.0,30.128205128205128,9.871794871794872,other
金時,ルパン三世 大航海者の秘宝,9,7,28.57142857142857,30.128205128205128,-1.5567765567765584,other
金時,ルパン三世 大航海者の秘宝,10,5,40.0,30.128205128205128,9.871794871794872,other
金時,ルパン三世 大航海者の秘宝,11,5,40.0,30.128205128205128,9.871794871794872,other
金時,ルパン三世 大航海者の秘宝,14,5,20.0,30.128205128205128,-10.128205128205128,other
金時,ルパン三世 大航海者の秘宝,15,5,20.0,30.128205128205128,-10.128205128205128,other
金時,ルパン三世 大航海者の秘宝,16,5,20.0,30.128205128205128,-10.128205128205128,other
金時,ルパン三世 大航海者の秘宝,17,5,20.0,30.128205128205128,-10.128205128205128,other
金時,ルパン三世 大航海者の秘宝,18,5,40.0,30.128205128205128,9.871794871794872,other
金時,ルパン三世 大航海者の秘宝,20,7,28.57142857142857,30.128205128205128,-1.5567765567765584,other
金時,ルパン三世 大航海者の秘宝,22,5,20.0,30.128205128205128,-10.128205128205128,other
金時,ルパン三世 大航海者の秘宝,23,6,16.666666666666664,30.128205128205128,-13.461538461538463,other
金時,ルパン三世 大航海者の秘宝,24,6,0.0,30.128205128205128,-30.128205128205128,other
金時,ルパン三世 大航海者の秘宝,25,7,28.57142857142857,30.128205128205128,-1.5567765567765584,other
金時,ルパン三世 大航海者の秘宝,26,6,50.0,30.128205128205128,19.871794871794872,other
金時,ルパン三世 大航海者の秘宝,29,5,60.0,30.128205128205128,29.871794871794872,other
金時,ヱヴァンゲリヲン ～約束の扉～,1,14,28.57142857142857,33.582089552238806,-5.010660980810236,bt
金時,ヱヴァンゲリヲン ～約束の扉～,2,14,28.57142857142857,33.582089552238806,-5.010660980810236,bt
金時,ヱヴァンゲリヲン ～約束の扉～,3,14,42.857142857142854,33.582089552238806,9.275053304904048,bt
金時,ヱヴァンゲリヲン ～約束の扉～,4,12,33.33333333333333,33.582089552238806,-0.24875621890547706,bt
金時,ヱヴァンゲリヲン ～約束の扉～,5,14,28.57142857142857,33.582089552238806,-5.010660980810236,bt
金時,ヱヴァンゲリヲン ～約束の扉～,6,11,9.090909090909092,33.582089552238806,-24.491180461329712,bt
金時,ヱヴァンゲリヲン ～約束の扉～,7,14,35.714285714285715,33.582089552238806,2.1321961620469096,bt
金時,ヱヴァンゲリヲン ～約束の扉～,8,13,30.76923076923077,33.582089552238806,-2.8128587830080356,bt
金時,ヱヴァンゲリヲン ～約束の扉～,9,13,38.46153846153847,33.582089552238806,4.879448909299661,bt
金時,ヱヴァンゲリヲン ～約束の扉～,10,12,8.333333333333332,33.582089552238806,-25.248756218905474,bt
金時,ヱヴァンゲリヲン ～約束の扉～,11,12,25.0,33.582089552238806,-8.582089552238806,bt
金時,ヱヴァンゲリヲン ～約束の扉～,12,13,30.76923076923077,33.582089552238806,-2.8128587830080356,bt
金時,ヱヴァンゲリヲン ～約束の扉～,13,13,46.15384615384615,33.582089552238806,12.571756601607348,bt
金時,ヱヴァンゲリヲン ～約束の扉～,14,14,28.57142857142857,33.582089552238806,-5.010660980810236,bt
金時,ヱヴァンゲリヲン ～約束の扉～,15,15,26.666666666666668,33.582089552238806,-6.915422885572138,bt
金時,ヱヴァンゲリヲン ～約束の扉～,16,12,58.333333333333336,33.582089552238806,24.75124378109453,bt
金時,ヱヴァンゲリヲン ～約束の扉～,17,14,42.857142857142854,33.582089552238806,9.275053304904048,bt
金時,ヱヴァンゲリヲン ～約束の扉～,18,15,40.0,33.582089552238806,6.417910447761194,bt
金時,ヱヴァンゲリヲン ～約束の扉～,19,14,35.714285714285715,33.582089552238806,2.1321961620469096,bt
金時,ヱヴァンゲリヲン ～約束の扉～,20,15,40.0,33.582089552238806,6.417910447761194,bt
金時,ヱヴァンゲリヲン ～約束の扉～,21,12,50.0,33.582089552238806,16.417910447761194,bt
金時,ヱヴァンゲリヲン ～約束の扉～,22,13,61.53846153846154,33.582089552238806,27.956371986222734,bt
金時,ヱヴァンゲリヲン ～約束の扉～,23,13,46.15384615384615,33.582089552238806,12.571756601607348,bt
金時,ヱヴァンゲリヲン ～約束の扉～,24,13,7.6923076923076925,33.582089552238806,-25.889781859931112,bt
金時,ヱヴァンゲリヲン ～約束の扉～,25,15,26.666666666666668,33.582089552238806,-6.915422885572138,bt
金時,ヱヴァンゲリヲン ～約束の扉～,26,13,15.384615384615385,33.582089552238806,-18.19747416762342,bt
金時,ヱヴァンゲリヲン ～約束の扉～,27,14,28.57142857142857,33.582089552238806,-5.010660980810236,bt
金時,ヱヴァンゲリヲン ～約束の扉～,28,11,27.27272727272727,33.582089552238806,-6.309362279511536,bt
金時,ヱヴァンゲリヲン ～約束の扉～,29,13,38.46153846153847,33.582089552238806,4.879448909299661,bt
金時,ヱヴァンゲリヲン ～約束の扉～,30,11,45.45454545454545,33.582089552238806,11.872455902306648,bt
金時,ヱヴァンゲリヲン ～約束の扉～,31,6,33.33333333333333,33.582089552238806,-0.24875621890547706,bt
金時,不二子BT,1,5,60.0,31.57894736842105,28.42105263157895,bt
金時,不二子BT,2,5,60.0,31.57894736842105,28.42105263157895,bt
金時,不二子BT,3,5,40.0,31.57894736842105,8.421052631578949,bt
金時,不二子BT,4,5,60.0,31.57894736842105,28.42105263157895,bt
金時,不二子BT,5,5,40.0,31.57894736842105,8.421052631578949,bt
金時,不二子BT,6,5,20.0,31.57894736842105,-11.578947368421051,bt
金時,不二子BT,7,5,20.0,31.57894736842105,-11.578947368421051,bt
金時,不二子BT,8,5,40.0,31.57894736842105,8.421052631578949,bt
金時,不二子BT,9,5,40.0,31.57894736842105,8.421052631578949,bt
金時,不二子BT,13,5,20.0,31.57894736842105,-11.578947368421051,bt
金時,不二子BT,14,5,20.0,31.57894736842105,-11.578947368421051,bt
金時,不二子BT,15,5,20.0,31.57894736842105,-11.578947368421051,bt
金時,不二子BT,16,5,60.0,31.57894736842105,28.42105263157895,bt
金時,不二子BT,19,5,20.0,31.57894736842105,-11.578947368421051,bt
金時,不二子BT,20,5,20.0,31.57894736842105,-11.578947368421051,bt
金時,不二子BT,22,6,33.33333333333333,31.57894736842105,1.7543859649122773,bt
金時,不二子BT,23,5,20.0,31.57894736842105,-11.578947368421051,bt
金時,不二子BT,24,6,33.33333333333333,31.57894736842105,1.7543859649122773,bt
金時,不二子BT,25,6,16.666666666666664,31.57894736842105,-14.912280701754387,bt
金時,不二子BT,26,6,50.0,31.57894736842105,18.42105263157895,bt
金時,不二子BT,27,5,0.0,31.57894736842105,-31.57894736842105,bt
金時,不二子BT,28,6,66.66666666666666,31.57894736842105,35.0877192982456,bt
金時,不二子BT,29,5,20.0,31.57894736842105,-11.578947368421051,bt
金時,不二子BT,30,5,20.0,31.57894736842105,-11.578947368421051,bt
金時,主役は銭形5,1,8,37.5,35.83815028901734,1.6618497109826578,other
金時,主役は銭形5,2,12,41.66666666666667,35.83815028901734,5.828516377649329,other
金時,主役は銭形5,3,10,30.0,35.83815028901734,-5.838150289017342,other
金時,主役は銭形5,4,10,40.0,35.83815028901734,4.161849710982658,other
金時,主役は銭形5,5,13,30.76923076923077,35.83815028901734,-5.068919519786572,other
金時,主役は銭形5,6,12,33.33333333333333,35.83815028901734,-2.5048169556840136,other
金時,主役は銭形5,7,13,23.076923076923077,35.83815028901734,-12.761227212094266,other
金時,主役は銭形5,8,10,60.0,35.83815028901734,24.161849710982658,other
金時,主役は銭形5,9,13,30.76923076923077,35.83815028901734,-5.068919519786572,other
金時,主役は銭形5,10,13,7.6923076923076925,35.83815028901734,-28.14584259670965,other
金時,主役は銭形5,11,13,30.76923076923077,35.83815028901734,-5.068919519786572,other
金時,主役は銭形5,12,9,44.44444444444444,35.83815028901734,8.6062941554271,other
金時,主役は銭形5,13,10,40.0,35.83815028901734,4.161849710982658,other
金時,主役は銭形5,14,12,16.666666666666664,35.83815028901734,-19.171483622350678,other
金時,主役は銭形5,15,12,50.0,35.83815028901734,14.161849710982658,other
金時,主役は銭形5,16,10,50.0,35.83815028901734,14.161849710982658,other
金時,主役は銭形5,17,11,18.181818181818183,35.83815028901734,-17.65633210719916,other
金時,主役は銭形5,18,12,33.33333333333333,35.83815028901734,-2.5048169556840136,other
金時,主役は銭形5,19,11,54.54545454545454,35.83815028901734,18.707304256437197,other
金時,主役は銭形5,20,13,38.46153846153847,35.83815028901734,2.6233881725211248,other
金時,主役は銭形5,21,11,27.27272727272727,35.83815028901734,-8.565423016290072,other
金時,主役は銭形5,22,10,40.0,35.83815028901734,4.161849710982658,other
金時,主役は銭形5,23,12,33.33333333333333,35.83815028901734,-2.5048169556840136,other
金時,主役は銭形5,24,12,58.333333333333336,35.83815028901734,22.495183044315993,other
金時,主役は銭形5,25,13,46.15384615384615,35.83815028901734,10.315695864828811,other
金時,主役は銭形5,26,13,38.46153846153847,35.83815028901734,2.6233881725211248,other
金時,主役は銭形5,27,9,44.44444444444444,35.83815028901734,8.6062941554271,other
金時,主役は銭形5,28,11,45.45454545454545,35.83815028901734,9.616395165528111,other
金時,主役は銭形5,29,11,36.36363636363637,35.83815028901734,0.5254860746190246,other
金時,主役は銭形5,30,10,10.0,35.83815028901734,-25.838150289017342,other
金時,主役は銭形5,31,7,28.57142857142857,35.83815028901734,-7.266721717588773,other
金時,交響詩篇エウレカセブン HI-EVOLUTION ZERO TYPE‐ART,1,31,29.03225806451613,36.407766990291265,-7.375508925775133,bt
金時,交響詩篇エウレカセブン HI-EVOLUTION ZERO TYPE‐ART,2,28,28.57142857142857,36.407766990291265,-7.836338418862695,bt
金時,交響詩篇エウレカセブン HI-EVOLUTION ZERO TYPE‐ART,3,28,39.285714285714285,36.407766990291265,2.87794729542302,bt
金時,交響詩篇エウレカセブン HI-EVOLUTION ZERO TYPE‐ART,4,21,33.33333333333333,36.407766990291265,-3.074433656957936,bt
金時,交響詩篇エウレカセブン HI-EVOLUTION ZERO TYPE‐ART,5,35,48.57142857142857,36.407766990291265,12.163661581137305,bt
金時,交響詩篇エウレカセブン HI-EVOLUTION ZERO TYPE‐ART,6,29,34.48275862068966,36.407766990291265,-1.9250083696016063,bt
金時,交響詩篇エウレカセブン HI-EVOLUTION ZERO TYPE‐ART,7,25,48.0,36.407766990291265,11.592233009708735,bt
金時,交響詩篇エウレカセブン HI-EVOLUTION ZERO TYPE‐ART,8,26,26.923076923076923,36.407766990291265,-9.484690067214341,bt
金時,交響詩篇エウレカセブン HI-EVOLUTION ZERO TYPE‐ART,9,24,29.166666666666668,36.407766990291265,-7.241100323624597,bt
金時,交響詩篇エウレカセブン HI-EVOLUTION ZERO TYPE‐ART,10,26,38.46153846153847,36.407766990291265,2.0537714712472024,bt
金時,交響詩篇エウレカセブン HI-EVOLUTION ZERO TYPE‐ART,11,24,29.166666666666668,36.407766990291265,-7.241100323624597,bt
金時,交響詩篇エウレカセブン HI-EVOLUTION ZERO TYPE‐ART,12,22,50.0,36.407766990291265,13.592233009708735,bt
金時,交響詩篇エウレカセブン HI-EVOLUTION ZERO TYPE‐ART,13,30,30.0,36.407766990291265,-6.407766990291265,bt
金時,交響詩篇エウレカセブン HI-EVOLUTION ZERO TYPE‐ART,14,26,50.0,36.407766990291265,13.592233009708735,bt
金時,交響詩篇エウレカセブン HI-EVOLUTION ZERO TYPE‐ART,15,32,37.5,36.407766990291265,1.0922330097087354,bt
金時,交響詩篇エウレカセブン HI-EVOLUTION ZERO TYPE‐ART,16,25,40.0,36.407766990291265,3.5922330097087354,bt
金時,交響詩篇エウレカセブン HI-EVOLUTION ZERO TYPE‐ART,17,25,28.000000000000004,36.407766990291265,-8.407766990291261,bt
金時,交響詩篇エウレカセブン HI-EVOLUTION ZERO TYPE‐ART,18,28,42.857142857142854,36.407766990291265,6.4493758668515895,bt
金時,交響詩篇エウレカセブン HI-EVOLUTION ZERO TYPE‐ART,19,22,22.727272727272727,36.407766990291265,-13.680494263018538,bt
金時,交響詩篇エウレカセブン HI-EVOLUTION ZERO TYPE‐ART,20,35,37.142857142857146,36.407766990291265,0.7350901525658813,bt
金時,交響詩篇エウレカセブン HI-EVOLUTION ZERO TYPE‐ART,21,27,33.33333333333333,36.407766990291265,-3.074433656957936,bt
金時,交響詩篇エウレカセブン HI-EVOLUTION ZERO TYPE‐ART,22,28,39.285714285714285,36.407766990291265,2.87794729542302,bt
金時,交響詩篇エウレカセブン HI-EVOLUTION ZERO TYPE‐ART,23,25,36.0,36.407766990291265,-0.4077669902912646,bt
金時,交響詩篇エウレカセブン HI-EVOLUTION ZERO TYPE‐ART,24,25,32.0,36.407766990291265,-4.407766990291265,bt
金時,交響詩篇エウレカセブン HI-EVOLUTION ZERO TYPE‐ART,25,35,45.714285714285715,36.407766990291265,9.30651872399445,bt
金時,交響詩篇エウレカセブン HI-EVOLUTION ZERO TYPE‐ART,26,26,26.923076923076923,36.407766990291265,-9.484690067214341,bt
金時,交響詩篇エウレカセブン HI-EVOLUTION ZERO TYPE‐ART,27,19,52.63157894736842,36.407766990291265,16.223811957077153,bt
金時,交響詩篇エウレカセブン HI-EVOLUTION ZERO TYPE‐ART,28,26,42.30769230769231,36.407766990291265,5.899925317401042,bt
金時,交響詩篇エウレカセブン HI-EVOLUTION ZERO TYPE‐ART,29,25,32.0,36.407766990291265,-4.407766990291265,bt
金時,交響詩篇エウレカセブン HI-EVOLUTION ZERO TYPE‐ART,30,29,31.03448275862069,36.407766990291265,-5.373284231670574,bt
金時,交響詩篇エウレカセブン HI-EVOLUTION ZERO TYPE‐ART,31,17,29.411764705882355,36.407766990291265,-6.99600228440891,bt
金時,化物語,1,15,26.666666666666668,32.40343347639485,-5.736766809728184,other
金時,化物語,2,15,33.33333333333333,32.40343347639485,0.9298998569384764,other
金時,化物語,3,15,20.0,32.40343347639485,-12.403433476394852,other
金時,化物語,4,14,35.714285714285715,32.40343347639485,3.310852237890863,other
金時,化物語,5,15,73.33333333333333,32.40343347639485,40.929899856938476,other
金時,化物語,6,15,33.33333333333333,32.40343347639485,0.9298998569384764,other
金時,化物語,7,17,35.294117647058826,32.40343347639485,2.890684170663974,other
金時,化物語,8,17,11.76470588235294,32.40343347639485,-20.63872759404191,other
金時,化物語,9,15,46.666666666666664,32.40343347639485,14.263233190271812,other
金時,化物語,10,17,23.52941176470588,32.40343347639485,-8.874021711688972,other
金時,化物語,11,12,41.66666666666667,32.40343347639485,9.26323319027182,other
金時,化物語,12,11,18.181818181818183,32.40343347639485,-14.221615294576669,other
金時,化物語,13,12,41.66666666666667,32.40343347639485,9.26323319027182,other
金時,化物語,14,17,23.52941176470588,32.40343347639485,-8.874021711688972,other
金時,化物語,15,18,22.22222222222222,32.40343347639485,-10.18121125417263,other
金時,化物語,16,10,40.0,32.40343347639485,7.596566523605148,other
金時,化物語,17,15,40.0,32.40343347639485,7.596566523605148,other
金時,化物語,18,17,23.52941176470588,32.40343347639485,-8.874021711688972,other
金時,化物語,19,16,25.0,32.40343347639485,-7.403433476394852,other
金時,化物語,20,18,55.55555555555556,32.40343347639485,23.152122079160705,other
金時,化物語,21,17,29.411764705882355,32.40343347639485,-2.991668770512497,other
金時,化物語,22,14,35.714285714285715,32.40343347639485,3.310852237890863,other
金時,化物語,23,15,33.33333333333333,32.40343347639485,0.9298998569384764,other
金時,化物語,24,16,18.75,32.40343347639485,-13.653433476394852,other
金時,化物語,25,18,22.22222222222222,32.40343347639485,-10.18121125417263,other
金時,化物語,26,17,29.411764705882355,32.40343347639485,-2.991668770512497,other
金時,化物語,27,17,41.17647058823529,32.40343347639485,8.773037111840438,other
金時,化物語,28,16,18.75,32.40343347639485,-13.653433476394852,other
金時,化物語,29,13,38.46153846153847,32.40343347639485,6.058104985143615,other
金時,化物語,30,15,40.0,32.40343347639485,7.596566523605148,other
金時,化物語,31,7,42.857142857142854,32.40343347639485,10.453709380748002,other
金時,北斗の拳 転生の章2,1,27,25.925925925925924,31.506849315068493,-5.580923389142569,other
金時,北斗の拳 転生の章2,2,18,33.33333333333333,31.506849315068493,1.8264840182648356,other
金時,北斗の拳 転生の章2,3,21,23.809523809523807,31.506849315068493,-7.697325505544686,other
金時,北斗の拳 転生の章2,4,24,41.66666666666667,31.506849315068493,10.159817351598178,other
金時,北斗の拳 転生の章2,5,26,38.46153846153847,31.506849315068493,6.954689146469974,other
金時,北斗の拳 転生の章2,6,26,26.923076923076923,31.506849315068493,-4.58377239199157,other
金時,北斗の拳 転生の章2,7,25,20.0,31.506849315068493,-11.506849315068493,other
金時,北斗の拳 転生の章2,8,24,29.166666666666668,31.506849315068493,-2.340182648401825,other
金時,北斗の拳 転生の章2,9,23,21.73913043478261,31.506849315068493,-9.767718880285884,other
金時,北斗の拳 転生の章2,10,25,32.0,31.506849315068493,0.49315068493150704,other
金時,北斗の拳 転生の章2,11,25,20.0,31.506849315068493,-11.506849315068493,other
金時,北斗の拳 転生の章2,12,20,30.0,31.506849315068493,-1.506849315068493,other
金時,北斗の拳 転生の章2,13,24,33.33333333333333,31.506849315068493,1.8264840182648356,other
金時,北斗の拳 転生の章2,14,25,44.0,31.506849315068493,12.493150684931507,other
金時,北斗の拳 転生の章2,15,26,23.076923076923077,31.506849315068493,-8.429926238145416,other
金時,北斗の拳 転生の章2,16,22,36.36363636363637,31.506849315068493,4.856787048567874,other
金時,北斗の拳 転生の章2,17,25,28.000000000000004,31.506849315068493,-3.5068493150684894,other
金時,北斗の拳 転生の章2,18,25,60.0,31.506849315068493,28.493150684931507,other
金時,北斗の拳 転生の章2,19,23,26.08695652173913,31.506849315068493,-5.419892793329364,other
金時,北斗の拳 転生の章2,20,26,38.46153846153847,31.506849315068493,6.954689146469974,other
金時,北斗の拳 転生の章2,21,26,23.076923076923077,31.506849315068493,-8.429926238145416,other
金時,北斗の拳 転生の章2,22,25,20.0,31.506849315068493,-11.506849315068493,other
金時,北斗の拳 転生の章2,23,23,26.08695652173913,31.506849315068493,-5.419892793329364,other
金時,北斗の拳 転生の章2,24,23,43.47826086956522,31.506849315068493,11.971411554496726,other
金時,北斗の拳 転生の章2,25,27,40.74074074074074,31.506849315068493,9.233891425672248,other
金時,北斗の拳 転生の章2,26,25,28.000000000000004,31.506849315068493,-3.5068493150684894,other
金時,北斗の拳 転生の章2,27,24,25.0,31.506849315068493,-6.506849315068493,other
金時,北斗の拳 転生の章2,28,25,40.0,31.506849315068493,8.493150684931507,other
金時,北斗の拳 転生の章2,29,20,35.0,31.506849315068493,3.493150684931507,other
金時,北斗の拳 転生の章2,30,21,28.57142857142857,31.506849315068493,-2.9354207436399236,other
金時,北斗の拳 転生の章2,31,11,36.36363636363637,31.506849315068493,4.856787048567874,other
金時,吉宗,1,18,44.44444444444444,32.28621291448517,12.158231529959274,other
金時,吉宗,2,19,36.84210526315789,32.28621291448517,4.555892348672721,other
金時,吉宗,3,18,44.44444444444444,32.28621291448517,12.158231529959274,other
金時,吉宗,4,19,36.84210526315789,32.28621291448517,4.555892348672721,other
金時,吉宗,5,19,26.31578947368421,32.28621291448517,-5.97042344080096,other
金時,吉宗,6,19,36.84210526315789,32.28621291448517,4.555892348672721,other
金時,吉宗,7,20,40.0,32.28621291448517,7.713787085514831,other
金時,吉宗,8,19,36.84210526315789,32.28621291448517,4.555892348672721,other
金時,吉宗,9,18,33.33333333333333,32.28621291448517,1.0471204188481593,other
金時,吉宗,10,19,26.31578947368421,32.28621291448517,-5.97042344080096,other
金時,吉宗,11,21,33.33333333333333,32.28621291448517,1.0471204188481593,other
金時,吉宗,12,18,16.666666666666664,32.28621291448517,-15.619546247818505,other
金時,吉宗,13,18,27.77777777777778,32.28621291448517,-4.508435136707391,other
金時,吉宗,14,20,30.0,32.28621291448517,-2.2862129144851693,other
金時,吉宗,15,21,28.57142857142857,32.28621291448517,-3.7147843430566,other
金時,吉宗,16,17,58.82352941176471,32.28621291448517,26.53731649727954,other
金時,吉宗,17,19,10.526315789473683,32.28621291448517,-21.759897125011484,other
金時,吉宗,18,18,38.88888888888889,32.28621291448517,6.602675974403724,other
金時,吉宗,19,15,40.0,32.28621291448517,7.713787085514831,other
金時,吉宗,20,18,16.666666666666664,32.28621291448517,-15.619546247818505,other
金時,吉宗,21,20,35.0,32.28621291448517,2.7137870855148307,other
金時,吉宗,22,21,23.809523809523807,32.28621291448517,-8.476689104961363,other
金時,吉宗,23,20,15.0,32.28621291448517,-17.28621291448517,other
金時,吉宗,24,15,26.666666666666668,32.28621291448517,-5.619546247818501,other
金時,吉宗,25,20,35.0,32.28621291448517,2.7137870855148307,other
金時,吉宗,26,19,31.57894736842105,32.28621291448517,-0.707265546064118,other
金時,吉宗,27,21,33.33333333333333,32.28621291448517,1.0471204188481593,other
金時,吉宗,28,20,30.0,32.28621291448517,-2.2862129144851693,other
金時,吉宗,29,16,18.75,32.28621291448517,-13.53621291448517,other
金時,吉宗,30,17,52.94117647058824,32.28621291448517,20.65496355610307,other
金時,吉宗,31,11,45.45454545454545,32.28621291448517,13.168332540060284,other
金時,回胴黙示録カイジ 狂宴,1,5,0.0,36.702127659574465,-36.702127659574465,other
金時,回胴黙示録カイジ 狂宴,2,6,33.33333333333333,36.702127659574465,-3.3687943262411366,other
金時,回胴黙示録カイジ 狂宴,3,5,60.0,36.702127659574465,23.297872340425535,other
金時,回胴黙示録カイジ 狂宴,4,7,71.42857142857143,36.702127659574465,34.726443768996965,other
金時,回胴黙示録カイジ 狂宴,5,8,25.0,36.702127659574465,-11.702127659574465,other
金時,回胴黙示録カイジ 狂宴,6,7,28.57142857142857,36.702127659574465,-8.130699088145896,other
金時,回胴黙示録カイジ 狂宴,7,7,42.857142857142854,36.702127659574465,6.155015197568389,other
金時,回胴黙示録カイジ 狂宴,8,8,25.0,36.702127659574465,-11.702127659574465,other
金時,回胴黙示録カイジ 狂宴,9,7,42.857142857142854,36.702127659574465,6.155015197568389,other
金時,回胴黙示録カイジ 狂宴,10,7,85.71428571428571,36.702127659574465,49.01215805471124,other
金時,回胴黙示録カイジ 狂宴,11,7,42.857142857142854,36.702127659574465,6.155015197568389,other
金時,回胴黙示録カイジ 狂宴,12,7,0.0,36.702127659574465,-36.702127659574465,other
金時,回胴黙示録カイジ 狂宴,13,6,16.666666666666664,36.702127659574465,-20.0354609929078,other
金時,回胴黙示録カイジ 狂宴,14,8,12.5,36.702127659574465,-24.202127659574465,other
金時,回胴黙示録カイジ 狂宴,15,7,28.57142857142857,36.702127659574465,-8.130699088145896,other
金時,回胴黙示録カイジ 狂宴,16,6,50.0,36.702127659574465,13.297872340425535,other
金時,回胴黙示録カイジ 狂宴,17,7,28.57142857142857,36.702127659574465,-8.130699088145896,other
金時,回胴黙示録カイジ 狂宴,18,6,0.0,36.702127659574465,-36.702127659574465,other
金時,回胴黙示録カイジ 狂宴,19,5,40.0,36.702127659574465,3.297872340425535,other
金時,回胴黙示録カイジ 狂宴,20,7,71.42857142857143,36.702127659574465,34.726443768996965,other
金時,回胴黙示録カイジ 狂宴,21,5,20.0,36.702127659574465,-16.702127659574465,other
金時,回胴黙示録カイジ 狂宴,22,5,20.0,36.702127659574465,-16.702127659574465,other
金時,回胴黙示録カイジ 狂宴,25,7,42.857142857142854,36.702127659574465,6.155015197568389,other
金時,回胴黙示録カイジ 狂宴,26,5,40.0,36.702127659574465,3.297872340425535,other
金時,回胴黙示録カイジ 狂宴,27,6,33.33333333333333,36.702127659574465,-3.3687943262411366,other
金時,回胴黙示録カイジ 狂宴,29,5,80.0,36.702127659574465,43.297872340425535,other
金時,回胴黙示録カイジ 狂宴,30,7,57.14285714285714,36.702127659574465,20.440729483282674,other
金時,戦国乙女4 戦乱に閃く炯眼の軍師,1,34,23.52941176470588,33.77960865087539,-10.250196886169508,other
金時,戦国乙女4 戦乱に閃く炯眼の軍師,2,31,38.70967741935484,33.77960865087539,4.930068768479451,other
金時,戦国乙女4 戦乱に閃く炯眼の軍師,3,31,22.58064516129032,33.77960865087539,-11.198963489585068,other
金時,戦国乙女4 戦乱に閃く炯眼の軍師,4,29,34.48275862068966,33.77960865087539,0.7031499698142696,other
金時,戦国乙女4 戦乱に閃く炯眼の軍師,5,43,32.55813953488372,33.77960865087539,-1.2214691159916669,other
金時,戦国乙女4 戦乱に閃く炯眼の軍師,6,31,35.483870967741936,33.77960865087539,1.7042623168665472,other
金時,戦国乙女4 戦乱に閃く炯眼の軍師,7,32,43.75,33.77960865087539,9.970391349124611,other
金時,戦国乙女4 戦乱に閃く炯眼の軍師,8,37,37.83783783783784,33.77960865087539,4.05822918696245,other
金時,戦国乙女4 戦乱に閃く炯眼の軍師,9,31,41.935483870967744,33.77960865087539,8.155875220092355,other
金時,戦国乙女4 戦乱に閃く炯眼の軍師,10,35,28.57142857142857,33.77960865087539,-5.208180079446819,other
金時,戦国乙女4 戦乱に閃く炯眼の軍師,11,27,18.51851851851852,33.77960865087539,-15.26109013235687,other
金時,戦国乙女4 戦乱に閃く炯眼の軍師,12,29,20.689655172413794,33.77960865087539,-13.089953478461595,other
金時,戦国乙女4 戦乱に閃く炯眼の軍師,13,32,21.875,33.77960865087539,-11.904608650875389,other
金時,戦国乙女4 戦乱に閃く炯眼の軍師,14,28,42.857142857142854,33.77960865087539,9.077534206267465,other
金時,戦国乙女4 戦乱に閃く炯眼の軍師,15,40,20.0,33.77960865087539,-13.779608650875389,other
金時,戦国乙女4 戦乱に閃く炯眼の軍師,16,31,41.935483870967744,33.77960865087539,8.155875220092355,other
金時,戦国乙女4 戦乱に閃く炯眼の軍師,17,29,44.827586206896555,33.77960865087539,11.047977556021166,other
金時,戦国乙女4 戦乱に閃く炯眼の軍師,18,34,29.411764705882355,33.77960865087539,-4.367843944993034,other
金時,戦国乙女4 戦乱に閃く炯眼の軍師,19,31,35.483870967741936,33.77960865087539,1.7042623168665472,other
金時,戦国乙女4 戦乱に閃く炯眼の軍師,20,43,39.53488372093023,33.77960865087539,5.755275070054843,other
金時,戦国乙女4 戦乱に閃く炯眼の軍師,21,31,38.70967741935484,33.77960865087539,4.930068768479451,other
金時,戦国乙女4 戦乱に閃く炯眼の軍師,22,28,46.42857142857143,33.77960865087539,12.648962777696042,other
金時,戦国乙女4 戦乱に閃く炯眼の軍師,23,32,25.0,33.77960865087539,-8.779608650875389,other
金時,戦国乙女4 戦乱に閃く炯眼の軍師,24,27,29.629629629629626,33.77960865087539,-4.149979021245763,other
金時,戦国乙女4 戦乱に閃く炯眼の軍師,25,40,42.5,33.77960865087539,8.720391349124611,other
金時,戦国乙女4 戦乱に閃く炯眼の軍師,26,29,41.37931034482759,33.77960865087539,7.599701693952198,other
金時,戦国乙女4 戦乱に閃く炯眼の軍師,27,30,53.333333333333336,33.77960865087539,19.553724682457947,other
金時,戦国乙女4 戦乱に閃く炯眼の軍師,28,29,20.689655172413794,33.77960865087539,-13.089953478461595,other
金時,戦国乙女4 戦乱に閃く炯眼の軍師,29,27,33.33333333333333,33.77960865087539,-0.4462753175420602,other
金時,戦国乙女4 戦乱に閃く炯眼の軍師,30,25,36.0,33.77960865087539,2.2203913491246112,other
金時,戦国乙女4 戦乱に閃く炯眼の軍師,31,15,20.0,33.77960865087539,-13.779608650875389,other
金時,戦姫絶唱シンフォギア 正義の歌,1,6,33.33333333333333,28.985507246376812,4.347826086956516,other
金時,戦姫絶唱シンフォギア 正義の歌,4,5,20.0,28.985507246376812,-8.985507246376812,other
金時,戦姫絶唱シンフォギア 正義の歌,5,6,33.33333333333333,28.985507246376812,4.347826086956516,other
金時,戦姫絶唱シンフォギア 正義の歌,9,6,50.0,28.985507246376812,21.014492753623188,other
金時,戦姫絶唱シンフォギア 正義の歌,10,5,20.0,28.985507246376812,-8.985507246376812,other
金時,戦姫絶唱シンフォギア 正義の歌,13,6,33.33333333333333,28.985507246376812,4.347826086956516,other
金時,戦姫絶唱シンフォギア 正義の歌,14,6,0.0,28.985507246376812,-28.985507246376812,other
金時,戦姫絶唱シンフォギア 正義の歌,15,6,33.33333333333333,28.985507246376812,4.347826086956516,other
金時,戦姫絶唱シンフォギア 正義の歌,16,7,42.857142857142854,28.985507246376812,13.871635610766042,other
金時,戦姫絶唱シンフォギア 正義の歌,18,5,20.0,28.985507246376812,-8.985507246376812,other
金時,戦姫絶唱シンフォギア 正義の歌,19,6,16.666666666666664,28.985507246376812,-12.318840579710148,other
金時,戦姫絶唱シンフォギア 正義の歌,20,8,37.5,28.985507246376812,8.514492753623188,other
金時,戦姫絶唱シンフォギア 正義の歌,25,6,16.666666666666664,28.985507246376812,-12.318840579710148,other
金時,押忍!番長ZERO,1,23,52.17391304347826,35.17156862745098,17.002344416027277,other
金時,押忍!番長ZERO,2,24,25.0,35.17156862745098,-10.17156862745098,other
金時,押忍!番長ZERO,3,18,50.0,35.17156862745098,14.82843137254902,other
金時,押忍!番長ZERO,4,27,37.03703703703704,35.17156862745098,1.8654684095860574,other
金時,押忍!番長ZERO,5,36,41.66666666666667,35.17156862745098,6.495098039215691,other
金時,押忍!番長ZERO,6,24,50.0,35.17156862745098,14.82843137254902,other
金時,押忍!番長ZERO,7,25,28.000000000000004,35.17156862745098,-7.171568627450977,other
金時,押忍!番長ZERO,8,23,30.434782608695656,35.17156862745098,-4.736786018755325,other
金時,押忍!番長ZERO,9,23,34.78260869565217,35.17156862745098,-0.3889599317988086,other
金時,押忍!番長ZERO,10,23,39.130434782608695,35.17156862745098,3.9588661551577147,other
金時,押忍!番長ZERO,11,23,34.78260869565217,35.17156862745098,-0.3889599317988086,other
金時,押忍!番長ZERO,12,26,38.46153846153847,35.17156862745098,3.2899698340874863,other
金時,押忍!番長ZERO,13,25,20.0,35.17156862745098,-15.17156862745098,other
金時,押忍!番長ZERO,14,28,28.57142857142857,35.17156862745098,-6.600140056022411,other
金時,押忍!番長ZERO,15,36,30.555555555555557,35.17156862745098,-4.6160130718954235,other
金時,押忍!番長ZERO,16,23,43.47826086956522,35.17156862745098,8.306692242114238,other
金時,押忍!番長ZERO,17,22,36.36363636363637,35.17156862745098,1.1920677361853862,other
金時,押忍!番長ZERO,18,26,30.76923076923077,35.17156862745098,-4.402337858220211,other
金時,押忍!番長ZERO,19,28,35.714285714285715,35.17156862745098,0.5427170868347346,other
金時,押忍!番長ZERO,20,39,28.205128205128204,35.17156862745098,-6.966440422322776,other
金時,押忍!番長ZERO,21,28,25.0,35.17156862745098,-10.17156862745098,other
金時,押忍!番長ZERO,22,31,19.35483870967742,35.17156862745098,-15.81672991777356,other
金時,押忍!番長ZERO,23,31,22.58064516129032,35.17156862745098,-12.59092346616066,other
金時,押忍!番長ZERO,24,23,43.47826086956522,35.17156862745098,8.306692242114238,other
金時,押忍!番長ZERO,25,38,28.947368421052634,35.17156862745098,-6.224200206398347,other
金時,押忍!番長ZERO,26,26,46.15384615384615,35.17156862745098,10.982277526395173,other
金時,押忍!番長ZERO,27,28,46.42857142857143,35.17156862745098,11.25700280112045,other
金時,押忍!番長ZERO,28,28,32.142857142857146,35.17156862745098,-3.0287114845938348,other
金時,押忍!番長ZERO,29,20,50.0,35.17156862745098,14.82843137254902,other
金時,押忍!番長ZERO,30,26,38.46153846153847,35.17156862745098,3.2899698340874863,other
金時,押忍!番長ZERO,31,15,53.333333333333336,35.17156862745098,18.161764705882355,other
金時,押忍！番長4,1,14,28.57142857142857,25.46916890080429,3.102259670624278,other
金時,押忍！番長4,2,13,30.76923076923077,25.46916890080429,5.300061868426479,other
金時,押忍！番長4,3,13,15.384615384615385,25.46916890080429,-10.084553516188906,other
金時,押忍！番長4,4,15,33.33333333333333,25.46916890080429,7.864164432529037,other
金時,押忍！番長4,5,19,15.789473684210526,25.46916890080429,-9.679695216593766,other
金時,押忍！番長4,6,11,9.090909090909092,25.46916890080429,-16.378259809895198,other
金時,押忍！番長4,7,13,38.46153846153847,25.46916890080429,12.992369560734176,other
金時,押忍！番長4,8,11,9.090909090909092,25.46916890080429,-16.378259809895198,other
金時,押忍！番長4,9,9,33.33333333333333,25.46916890080429,7.864164432529037,other
金時,押忍！番長4,10,11,36.36363636363637,25.46916890080429,10.894467462832075,other
金時,押忍！番長4,11,14,14.285714285714285,25.46916890080429,-11.183454615090007,other
金時,押忍！番長4,12,12,0.0,25.46916890080429,-25.46916890080429,other
金時,押忍！番長4,13,9,22.22222222222222,25.46916890080429,-3.24694667858207,other
金時,押忍！番長4,14,12,16.666666666666664,25.46916890080429,-8.802502234137627,other
金時,押忍！番長4,15,15,26.666666666666668,25.46916890080429,1.1974977658623764,other
金時,押忍！番長4,16,14,14.285714285714285,25.46916890080429,-11.183454615090007,other
金時,押忍！番長4,17,6,33.33333333333333,25.46916890080429,7.864164432529037,other
金時,押忍！番長4,18,10,30.0,25.46916890080429,4.530831099195709,other
金時,押忍！番長4,19,11,27.27272727272727,25.46916890080429,1.8035583719229784,other
金時,押忍！番長4,20,17,35.294117647058826,25.46916890080429,9.824948746254535,other
金時,押忍！番長4,21,12,33.33333333333333,25.46916890080429,7.864164432529037,other
金時,押忍！番長4,22,12,41.66666666666667,25.46916890080429,16.19749776586238,other
金時,押忍！番長4,23,10,40.0,25.46916890080429,14.530831099195709,other
金時,押忍！番長4,24,11,45.45454545454545,25.46916890080429,19.985376553741162,other
金時,押忍！番長4,25,18,22.22222222222222,25.46916890080429,-3.24694667858207,other
金時,押忍！番長4,26,10,10.0,25.46916890080429,-15.469168900804291,other
金時,押忍！番長4,27,11,36.36363636363637,25.46916890080429,10.894467462832075,other
金時,押忍！番長4,28,14,14.285714285714285,25.46916890080429,-11.183454615090007,other
金時,押忍！番長4,29,10,30.0,25.46916890080429,4.530831099195709,other
金時,押忍！番長4,30,8,12.5,25.46916890080429,-12.969168900804291,other
金時,押忍！番長4,31,8,50.0,25.46916890080429,24.53083109919571,other
金時,攻殻機動隊,1,8,62.5,32.608695652173914,29.891304347826086,other
金時,攻殻機動隊,2,6,33.33333333333333,32.608695652173914,0.7246376811594146,other
金時,攻殻機動隊,3,6,16.666666666666664,32.608695652173914,-15.94202898550725,other
金時,攻殻機動隊,4,7,57.14285714285714,32.608695652173914,24.534161490683225,other
金時,攻殻機動隊,5,8,25.0,32.608695652173914,-7.608695652173914,other
金時,攻殻機動隊,6,8,50.0,32.608695652173914,17.391304347826086,other
金時,攻殻機動隊,7,7,14.285714285714285,32.608695652173914,-18.32298136645963,other
金時,攻殻機動隊,8,8,12.5,32.608695652173914,-20.108695652173914,other
金時,攻殻機動隊,9,7,14.285714285714285,32.608695652173914,-18.32298136645963,other
金時,攻殻機動隊,10,8,37.5,32.608695652173914,4.891304347826086,other
金時,攻殻機動隊,11,8,12.5,32.608695652173914,-20.108695652173914,other
金時,攻殻機動隊,12,6,33.33333333333333,32.608695652173914,0.7246376811594146,other
金時,攻殻機動隊,13,7,42.857142857142854,32.608695652173914,10.24844720496894,other
金時,攻殻機動隊,14,8,37.5,32.608695652173914,4.891304347826086,other
金時,攻殻機動隊,15,8,37.5,32.608695652173914,4.891304347826086,other
金時,攻殻機動隊,16,8,25.0,32.608695652173914,-7.608695652173914,other
金時,攻殻機動隊,17,8,25.0,32.608695652173914,-7.608695652173914,other
金時,攻殻機動隊,18,8,25.0,32.608695652173914,-7.608695652173914,other
金時,攻殻機動隊,19,6,66.66666666666666,32.608695652173914,34.05797101449274,other
金時,攻殻機動隊,20,8,37.5,32.608695652173914,4.891304347826086,other
金時,攻殻機動隊,21,8,0.0,32.608695652173914,-32.608695652173914,other
金時,攻殻機動隊,22,7,42.857142857142854,32.608695652173914,10.24844720496894,other
金時,攻殻機動隊,23,8,37.5,32.608695652173914,4.891304347826086,other
金時,攻殻機動隊,24,8,75.0,32.608695652173914,42.391304347826086,other
金時,攻殻機動隊,25,8,25.0,32.608695652173914,-7.608695652173914,other
金時,攻殻機動隊,26,8,25.0,32.608695652173914,-7.608695652173914,other
金時,攻殻機動隊,27,8,12.5,32.608695652173914,-20.108695652173914,other
金時,攻殻機動隊,28,8,25.0,32.608695652173914,-7.608695652173914,other
金時,攻殻機動隊,29,8,25.0,32.608695652173914,-7.608695652173914,other
金時,攻殻機動隊,30,7,28.57142857142857,32.608695652173914,-4.037267080745345,other
金時,新ハナビ,1,31,32.25806451612903,35.54347826086956,-3.2854137447405307,bt
金時,新ハナビ,2,28,25.0,35.54347826086956,-10.543478260869563,bt
金時,新ハナビ,3,31,25.806451612903224,35.54347826086956,-9.737026647966339,bt
金時,新ハナビ,4,30,36.666666666666664,35.54347826086956,1.1231884057971016,bt
金時,新ハナビ,5,34,29.411764705882355,35.54347826086956,-6.131713554987208,bt
金時,新ハナビ,6,28,32.142857142857146,35.54347826086956,-3.400621118012417,bt
金時,新ハナビ,7,31,32.25806451612903,35.54347826086956,-3.2854137447405307,bt
金時,新ハナビ,8,32,25.0,35.54347826086956,-10.543478260869563,bt
金時,新ハナビ,9,34,50.0,35.54347826086956,14.456521739130437,bt
金時,新ハナビ,10,31,38.70967741935484,35.54347826086956,3.166199158485277,bt
金時,新ハナビ,11,32,31.25,35.54347826086956,-4.293478260869563,bt
金時,新ハナビ,12,30,43.333333333333336,35.54347826086956,7.789855072463773,bt
金時,新ハナビ,13,28,39.285714285714285,35.54347826086956,3.742236024844722,bt
金時,新ハナビ,14,31,32.25806451612903,35.54347826086956,-3.2854137447405307,bt
金時,新ハナビ,15,30,40.0,35.54347826086956,4.456521739130437,bt
金時,新ハナビ,16,31,29.03225806451613,35.54347826086956,-6.511220196353431,bt
金時,新ハナビ,17,30,33.33333333333333,35.54347826086956,-2.210144927536234,bt
金時,新ハナビ,18,31,35.483870967741936,35.54347826086956,-0.059607293127626804,bt
金時,新ハナビ,19,31,41.935483870967744,35.54347826086956,6.392005610098181,bt
金時,新ハナビ,20,32,46.875,35.54347826086956,11.331521739130437,bt
金時,新ハナビ,21,31,38.70967741935484,35.54347826086956,3.166199158485277,bt
金時,新ハナビ,22,31,35.483870967741936,35.54347826086956,-0.059607293127626804,bt
金時,新ハナビ,23,27,40.74074074074074,35.54347826086956,5.197262479871178,bt
金時,新ハナビ,24,27,44.44444444444444,35.54347826086956,8.90096618357488,bt
金時,新ハナビ,25,32,31.25,35.54347826086956,-4.293478260869563,bt
金時,新ハナビ,26,31,41.935483870967744,35.54347826086956,6.392005610098181,bt
金時,新ハナビ,27,26,42.30769230769231,35.54347826086956,6.764214046822744,bt
金時,新ハナビ,28,30,36.666666666666664,35.54347826086956,1.1231884057971016,bt
金時,新ハナビ,29,27,18.51851851851852,35.54347826086956,-17.024959742351044,bt
金時,新ハナビ,30,26,34.61538461538461,35.54347826086956,-0.9280936454849495,bt
金時,新ハナビ,31,16,37.5,35.54347826086956,1.9565217391304373,bt
金時,新鬼武者3,1,23,30.434782608695656,30.407124681933844,0.02765792676181178,other
金時,新鬼武者3,2,23,13.043478260869565,30.407124681933844,-17.36364642106428,other
金時,新鬼武者3,3,23,34.78260869565217,30.407124681933844,4.375484013718328,other
金時,新鬼武者3,4,27,37.03703703703704,30.407124681933844,6.629912355103194,other
金時,新鬼武者3,5,29,27.586206896551722,30.407124681933844,-2.8209177853821217,other
金時,新鬼武者3,6,28,17.857142857142858,30.407124681933844,-12.549981824790986,other
金時,新鬼武者3,7,29,17.24137931034483,30.407124681933844,-13.165745371589015,other
金時,新鬼武者3,8,26,38.46153846153847,30.407124681933844,8.054413779604623,other
金時,新鬼武者3,9,23,43.47826086956522,30.407124681933844,13.071136187631375,other
金時,新鬼武者3,10,28,25.0,30.407124681933844,-5.407124681933844,other
金時,新鬼武者3,11,28,21.428571428571427,30.407124681933844,-8.978553253362417,other
金時,新鬼武者3,12,27,40.74074074074074,30.407124681933844,10.333616058806896,other
金時,新鬼武者3,13,25,28.000000000000004,30.407124681933844,-2.4071246819338405,other
金時,新鬼武者3,14,29,24.137931034482758,30.407124681933844,-6.269193647451086,other
金時,新鬼武者3,15,30,46.666666666666664,30.407124681933844,16.25954198473282,other
金時,新鬼武者3,16,19,31.57894736842105,30.407124681933844,1.1718226864872072,other
金時,新鬼武者3,17,26,38.46153846153847,30.407124681933844,8.054413779604623,other
金時,新鬼武者3,18,23,39.130434782608695,30.407124681933844,8.723310100674851,other
金時,新鬼武者3,19,20,40.0,30.407124681933844,9.592875318066156,other
金時,新鬼武者3,20,31,16.129032258064516,30.407124681933844,-14.278092423869328,other
金時,新鬼武者3,21,25,12.0,30.407124681933844,-18.407124681933844,other
金時,新鬼武者3,22,27,29.629629629629626,30.407124681933844,-0.7774950523042179,other
金時,新鬼武者3,23,28,28.57142857142857,30.407124681933844,-1.8356961105052747,other
金時,新鬼武者3,24,25,40.0,30.407124681933844,9.592875318066156,other
金時,新鬼武者3,25,31,29.03225806451613,30.407124681933844,-1.3748666174177124,other
金時,新鬼武者3,26,23,52.17391304347826,30.407124681933844,21.766788361544414,other
金時,新鬼武者3,27,27,25.925925925925924,30.407124681933844,-4.48119875600792,other
金時,新鬼武者3,28,26,30.76923076923077,30.407124681933844,0.36210608729692595,other
金時,新鬼武者3,29,23,21.73913043478261,30.407124681933844,-8.667994247151235,other
金時,新鬼武者3,30,23,34.78260869565217,30.407124681933844,4.375484013718328,other
金時,新鬼武者3,31,11,45.45454545454545,30.407124681933844,15.04742077261161,other
金時,東京リベンジャーズ,1,19,42.10526315789473,28.720238095238095,13.385025062656638,other
金時,東京リベンジャーズ,2,23,47.82608695652174,28.720238095238095,19.105848861283647,other
金時,東京リベンジャーズ,3,14,28.57142857142857,28.720238095238095,-0.1488095238095255,other
金時,東京リベンジャーズ,4,20,25.0,28.720238095238095,-3.720238095238095,other
金時,東京リベンジャーズ,5,25,36.0,28.720238095238095,7.279761904761905,other
金時,東京リベンジャーズ,6,21,28.57142857142857,28.720238095238095,-0.1488095238095255,other
金時,東京リベンジャーズ,7,21,47.61904761904761,28.720238095238095,18.89880952380952,other
金時,東京リベンジャーズ,8,21,33.33333333333333,28.720238095238095,4.613095238095234,other
金時,東京リベンジャーズ,9,20,25.0,28.720238095238095,-3.720238095238095,other
金時,東京リベンジャーズ,10,21,28.57142857142857,28.720238095238095,-0.1488095238095255,other
金時,東京リベンジャーズ,11,22,50.0,28.720238095238095,21.279761904761905,other
金時,東京リベンジャーズ,12,24,41.66666666666667,28.720238095238095,12.946428571428577,other
金時,東京リベンジャーズ,13,23,17.391304347826086,28.720238095238095,-11.328933747412009,other
金時,東京リベンジャーズ,14,21,23.809523809523807,28.720238095238095,-4.910714285714288,other
金時,東京リベンジャーズ,15,29,24.137931034482758,28.720238095238095,-4.582307060755337,other
金時,東京リベンジャーズ,16,22,22.727272727272727,28.720238095238095,-5.992965367965368,other
金時,東京リベンジャーズ,17,21,33.33333333333333,28.720238095238095,4.613095238095234,other
金時,東京リベンジャーズ,18,24,4.166666666666666,28.720238095238095,-24.55357142857143,other
金時,東京リベンジャーズ,19,19,31.57894736842105,28.720238095238095,2.8587092731829564,other
金時,東京リベンジャーズ,20,27,25.925925925925924,28.720238095238095,-2.794312169312171,other
金時,東京リベンジャーズ,21,21,23.809523809523807,28.720238095238095,-4.910714285714288,other
金時,東京リベンジャーズ,22,24,20.833333333333336,28.720238095238095,-7.886904761904759,other
金時,東京リベンジャーズ,23,23,21.73913043478261,28.720238095238095,-6.981107660455486,other
金時,東京リベンジャーズ,24,20,25.0,28.720238095238095,-3.720238095238095,other
金時,東京リベンジャーズ,25,27,25.925925925925924,28.720238095238095,-2.794312169312171,other
金時,東京リベンジャーズ,26,23,26.08695652173913,28.720238095238095,-2.633281573498966,other
金時,東京リベンジャーズ,27,19,26.31578947368421,28.720238095238095,-2.404448621553886,other
金時,東京リベンジャーズ,28,23,39.130434782608695,28.720238095238095,10.4101966873706,other
金時,東京リベンジャーズ,29,20,0.0,28.720238095238095,-28.720238095238095,other
金時,東京リベンジャーズ,30,20,30.0,28.720238095238095,1.279761904761905,other
金時,東京リベンジャーズ,31,15,40.0,28.720238095238095,11.279761904761905,other
金時,東京喰種,1,75,38.666666666666664,33.97150489759573,4.6951617690709355,other
金時,東京喰種,2,65,35.38461538461539,33.97150489759573,1.413110487019658,other
金時,東京喰種,3,71,29.577464788732392,33.97150489759573,-4.3940401088633365,other
金時,東京喰種,4,71,35.2112676056338,33.97150489759573,1.2397627080380715,other
金時,東京喰種,5,76,40.78947368421053,33.97150489759573,6.817968786614799,other
金時,東京喰種,6,73,34.24657534246575,33.97150489759573,0.27507044487002474,other
金時,東京喰種,7,75,33.33333333333333,33.97150489759573,-0.6381715642624002,other
金時,東京喰種,8,71,28.169014084507044,33.97150489759573,-5.802490813088685,other
金時,東京喰種,9,66,33.33333333333333,33.97150489759573,-0.6381715642624002,other
金時,東京喰種,10,73,34.24657534246575,33.97150489759573,0.27507044487002474,other
金時,東京喰種,11,74,31.08108108108108,33.97150489759573,-2.890423816514648,other
金時,東京喰種,12,61,36.0655737704918,33.97150489759573,2.0940688728960737,other
金時,東京喰種,13,70,32.857142857142854,33.97150489759573,-1.1143620404528747,other
金時,東京喰種,14,68,35.294117647058826,33.97150489759573,1.3226127494630973,other
金時,東京喰種,15,77,35.064935064935064,33.97150489759573,1.093430167339335,other
金時,東京喰種,16,74,39.189189189189186,33.97150489759573,5.217684291593457,other
金時,東京喰種,17,75,32.0,33.97150489759573,-1.9715048975957288,other
金時,東京喰種,18,76,26.31578947368421,33.97150489759573,-7.65571542391152,other
金時,東京喰種,19,72,30.555555555555557,33.97150489759573,-3.4159493420401716,other
金時,東京喰種,20,79,41.77215189873418,33.97150489759573,7.800647001138451,other
金時,東京喰種,21,78,29.48717948717949,33.97150489759573,-4.48432541041624,other
金時,東京喰種,22,76,36.84210526315789,33.97150489759573,2.8706003655621615,other
金時,東京喰種,23,78,28.205128205128204,33.97150489759573,-5.766376692467524,other
金時,東京喰種,24,74,33.78378378378378,33.97150489759573,-0.18772111381194634,other
金時,東京喰種,25,82,45.1219512195122,33.97150489759573,11.15044632191647,other
金時,東京喰種,26,75,30.666666666666664,33.97150489759573,-3.3048382309290645,other
金時,東京喰種,27,77,27.27272727272727,33.97150489759573,-6.698777624868459,other
金時,東京喰種,28,80,26.25,33.97150489759573,-7.721504897595729,other
金時,東京喰種,29,68,32.35294117647059,33.97150489759573,-1.6185637211251418,other
金時,東京喰種,30,75,45.33333333333333,33.97150489759573,11.3618284357376,other
金時,東京喰種,31,41,34.146341463414636,33.97150489759573,0.17483656581890727,other
金時,機動戦士ガンダムSEED,1,6,33.33333333333333,27.325581395348834,6.007751937984494,other
金時,機動戦士ガンダムSEED,2,5,0.0,27.325581395348834,-27.325581395348834,other
金時,機動戦士ガンダムSEED,3,5,20.0,27.325581395348834,-7.325581395348834,other
金時,機動戦士ガンダムSEED,4,5,20.0,27.325581395348834,-7.325581395348834,other
金時,機動戦士ガンダムSEED,5,5,0.0,27.325581395348834,-27.325581395348834,other
金時,機動戦士ガンダムSEED,7,7,14.285714285714285,27.325581395348834,-13.03986710963455,other
金時,機動戦士ガンダムSEED,8,6,33.33333333333333,27.325581395348834,6.007751937984494,other
金時,機動戦士ガンダムSEED,10,7,42.857142857142854,27.325581395348834,15.53156146179402,other
金時,機動戦士ガンダムSEED,11,7,57.14285714285714,27.325581395348834,29.817275747508305,other
金時,機動戦士ガンダムSEED,12,5,40.0,27.325581395348834,12.674418604651166,other
金時,機動戦士ガンダムSEED,13,5,40.0,27.325581395348834,12.674418604651166,other
金時,機動戦士ガンダムSEED,14,8,25.0,27.325581395348834,-2.3255813953488342,other
金時,機動戦士ガンダムSEED,15,7,57.14285714285714,27.325581395348834,29.817275747508305,other
金時,機動戦士ガンダムSEED,16,5,0.0,27.325581395348834,-27.325581395348834,other
金時,機動戦士ガンダムSEED,17,5,20.0,27.325581395348834,-7.325581395348834,other
金時,機動戦士ガンダムSEED,19,6,16.666666666666664,27.325581395348834,-10.65891472868217,other
金時,機動戦士ガンダムSEED,20,8,50.0,27.325581395348834,22.674418604651166,other
金時,機動戦士ガンダムSEED,21,6,0.0,27.325581395348834,-27.325581395348834,other
金時,機動戦士ガンダムSEED,22,6,16.666666666666664,27.325581395348834,-10.65891472868217,other
金時,機動戦士ガンダムSEED,23,6,16.666666666666664,27.325581395348834,-10.65891472868217,other
金時,機動戦士ガンダムSEED,25,7,28.57142857142857,27.325581395348834,1.2458471760797352,other
金時,機動戦士ガンダムSEED,26,7,57.14285714285714,27.325581395348834,29.817275747508305,other
金時,機動戦士ガンダムSEED,27,6,0.0,27.325581395348834,-27.325581395348834,other
金時,機動戦士ガンダムSEED,28,5,40.0,27.325581395348834,12.674418604651166,other
金時,機動戦士ガンダムSEED,29,6,16.666666666666664,27.325581395348834,-10.65891472868217,other
金時,機動戦士ガンダムSEED,30,6,50.0,27.325581395348834,22.674418604651166,other
金時,沖ドキ!GOLD,1,32,34.375,37.622549019607845,-3.2475490196078454,oki
金時,沖ドキ!GOLD,2,27,44.44444444444444,37.622549019607845,6.8218954248365975,oki
金時,沖ドキ!GOLD,3,26,50.0,37.622549019607845,12.377450980392155,oki
金時,沖ドキ!GOLD,4,27,44.44444444444444,37.622549019607845,6.8218954248365975,oki
金時,沖ドキ!GOLD,5,28,35.714285714285715,37.622549019607845,-1.90826330532213,oki
金時,沖ドキ!GOLD,6,27,44.44444444444444,37.622549019607845,6.8218954248365975,oki
金時,沖ドキ!GOLD,7,28,46.42857142857143,37.622549019607845,8.806022408963585,oki
金時,沖ドキ!GOLD,8,28,46.42857142857143,37.622549019607845,8.806022408963585,oki
金時,沖ドキ!GOLD,9,26,26.923076923076923,37.622549019607845,-10.699472096530922,oki
金時,沖ドキ!GOLD,10,25,36.0,37.622549019607845,-1.6225490196078454,oki
金時,沖ドキ!GOLD,11,27,22.22222222222222,37.622549019607845,-15.400326797385624,oki
金時,沖ドキ!GOLD,12,25,44.0,37.622549019607845,6.377450980392155,oki
金時,沖ドキ!GOLD,13,27,48.148148148148145,37.622549019607845,10.5255991285403,oki
金時,沖ドキ!GOLD,14,29,31.03448275862069,37.622549019607845,-6.588066260987155,oki
金時,沖ドキ!GOLD,15,32,53.125,37.622549019607845,15.502450980392155,oki
金時,沖ドキ!GOLD,16,26,26.923076923076923,37.622549019607845,-10.699472096530922,oki
金時,沖ドキ!GOLD,17,25,32.0,37.622549019607845,-5.622549019607845,oki
金時,沖ドキ!GOLD,18,30,53.333333333333336,37.622549019607845,15.71078431372549,oki
金時,沖ドキ!GOLD,19,26,23.076923076923077,37.622549019607845,-14.545625942684769,oki
金時,沖ドキ!GOLD,20,31,25.806451612903224,37.622549019607845,-11.816097406704621,oki
金時,沖ドキ!GOLD,21,22,22.727272727272727,37.622549019607845,-14.895276292335119,oki
金時,沖ドキ!GOLD,22,29,37.93103448275862,37.622549019607845,0.30848546315077385,oki
金時,沖ドキ!GOLD,23,33,33.33333333333333,37.622549019607845,-4.289215686274517,oki
金時,沖ドキ!GOLD,24,24,41.66666666666667,37.622549019607845,4.044117647058826,oki
金時,沖ドキ!GOLD,25,27,55.55555555555556,37.622549019607845,17.93300653594771,oki
金時,沖ドキ!GOLD,26,23,30.434782608695656,37.622549019607845,-7.1877664109121895,oki
金時,沖ドキ!GOLD,27,24,41.66666666666667,37.622549019607845,4.044117647058826,oki
金時,沖ドキ!GOLD,28,23,30.434782608695656,37.622549019607845,-7.1877664109121895,oki
金時,沖ドキ!GOLD,29,25,28.000000000000004,37.622549019607845,-9.622549019607842,oki
金時,沖ドキ!GOLD,30,23,30.434782608695656,37.622549019607845,-7.1877664109121895,oki
金時,沖ドキ!GOLD,31,11,36.36363636363637,37.622549019607845,-1.2589126559714785,oki
金時,沖ドキ!ゴージャス 25Φ,1,34,47.05882352941176,36.1587982832618,10.900025246149958,oki
金時,沖ドキ!ゴージャス 25Φ,2,30,46.666666666666664,36.1587982832618,10.507868383404862,oki
金時,沖ドキ!ゴージャス 25Φ,3,29,37.93103448275862,36.1587982832618,1.7722361994968168,oki
金時,沖ドキ!ゴージャス 25Φ,4,30,30.0,36.1587982832618,-6.1587982832618025,oki
金時,沖ドキ!ゴージャス 25Φ,5,34,41.17647058823529,36.1587982832618,5.0176723049734875,oki
金時,沖ドキ!ゴージャス 25Φ,6,30,43.333333333333336,36.1587982832618,7.174535050071533,oki
金時,沖ドキ!ゴージャス 25Φ,7,29,27.586206896551722,36.1587982832618,-8.57259138671008,oki
金時,沖ドキ!ゴージャス 25Φ,8,30,50.0,36.1587982832618,13.841201716738198,oki
金時,沖ドキ!ゴージャス 25Φ,9,29,41.37931034482759,36.1587982832618,5.220512061565785,oki
金時,沖ドキ!ゴージャス 25Φ,10,26,46.15384615384615,36.1587982832618,9.99504787058435,oki
金時,沖ドキ!ゴージャス 25Φ,11,31,48.38709677419355,36.1587982832618,12.22829849093175,oki
金時,沖ドキ!ゴージャス 25Φ,12,29,51.724137931034484,36.1587982832618,15.565339647772682,oki
金時,沖ドキ!ゴージャス 25Φ,13,30,30.0,36.1587982832618,-6.1587982832618025,oki
金時,沖ドキ!ゴージャス 25Φ,14,31,32.25806451612903,36.1587982832618,-3.9007337671327704,oki
金時,沖ドキ!ゴージャス 25Φ,15,32,40.625,36.1587982832618,4.4662017167381975,oki
金時,沖ドキ!ゴージャス 25Φ,16,33,30.303030303030305,36.1587982832618,-5.855767980231498,oki
金時,沖ドキ!ゴージャス 25Φ,17,27,14.814814814814813,36.1587982832618,-21.34398346844699,oki
金時,沖ドキ!ゴージャス 25Φ,18,31,45.16129032258064,36.1587982832618,9.002492039318838,oki
金時,沖ドキ!ゴージャス 25Φ,19,31,16.129032258064516,36.1587982832618,-20.029766025197286,oki
金時,沖ドキ!ゴージャス 25Φ,20,36,38.88888888888889,36.1587982832618,2.7300906056270904,oki
金時,沖ドキ!ゴージャス 25Φ,21,33,21.21212121212121,36.1587982832618,-14.946677071140591,oki
金時,沖ドキ!ゴージャス 25Φ,22,30,43.333333333333336,36.1587982832618,7.174535050071533,oki
金時,沖ドキ!ゴージャス 25Φ,23,30,33.33333333333333,36.1587982832618,-2.825464949928474,oki
金時,沖ドキ!ゴージャス 25Φ,24,27,29.629629629629626,36.1587982832618,-6.529168653632176,oki
金時,沖ドキ!ゴージャス 25Φ,25,35,34.285714285714285,36.1587982832618,-1.8730839975475178,oki
金時,沖ドキ!ゴージャス 25Φ,26,34,32.35294117647059,36.1587982832618,-3.8058571067912155,oki
金時,沖ドキ!ゴージャス 25Φ,27,29,37.93103448275862,36.1587982832618,1.7722361994968168,oki
金時,沖ドキ!ゴージャス 25Φ,28,30,33.33333333333333,36.1587982832618,-2.825464949928474,oki
金時,沖ドキ!ゴージャス 25Φ,29,28,35.714285714285715,36.1587982832618,-0.44451256897608715,oki
金時,沖ドキ!ゴージャス 25Φ,30,29,34.48275862068966,36.1587982832618,-1.676039662572144,oki
金時,沖ドキ!ゴージャス 25Φ,31,15,13.333333333333334,36.1587982832618,-22.825464949928467,oki
金時,炎炎ノ消防隊,1,6,33.33333333333333,38.0,-4.666666666666671,other
金時,炎炎ノ消防隊,3,5,40.0,38.0,2.0,other
金時,炎炎ノ消防隊,4,5,60.0,38.0,22.0,other
金時,炎炎ノ消防隊,5,8,25.0,38.0,-13.0,other
金時,炎炎ノ消防隊,7,5,40.0,38.0,2.0,other
金時,炎炎ノ消防隊,9,5,60.0,38.0,22.0,other
金時,炎炎ノ消防隊,11,9,33.33333333333333,38.0,-4.666666666666671,other
金時,炎炎ノ消防隊,12,6,16.666666666666664,38.0,-21.333333333333336,other
金時,炎炎ノ消防隊,15,8,50.0,38.0,12.0,other
金時,炎炎ノ消防隊,16,5,40.0,38.0,2.0,other
金時,炎炎ノ消防隊,17,5,40.0,38.0,2.0,other
金時,炎炎ノ消防隊,18,5,40.0,38.0,2.0,other
金時,炎炎ノ消防隊,20,9,0.0,38.0,-38.0,other
金時,炎炎ノ消防隊,24,5,40.0,38.0,2.0,other
金時,炎炎ノ消防隊,25,10,40.0,38.0,2.0,other
金時,炎炎ノ消防隊,26,6,66.66666666666666,38.0,28.666666666666657,other
金時,炎炎ノ消防隊,28,5,20.0,38.0,-18.0,other
金時,炎炎ノ消防隊,29,5,40.0,38.0,2.0,other
金時,甲鉄城のカバネリ,1,29,41.37931034482759,35.68129330254042,5.698017042287169,other
金時,甲鉄城のカバネリ,2,29,31.03448275862069,35.68129330254042,-4.646810543919727,other
金時,甲鉄城のカバネリ,3,34,38.23529411764706,35.68129330254042,2.5540008151066402,other
金時,甲鉄城のカバネリ,4,28,25.0,35.68129330254042,-10.681293302540418,other
金時,甲鉄城のカバネリ,5,41,48.78048780487805,35.68129330254042,13.099194502337632,other
金時,甲鉄城のカバネリ,6,23,56.52173913043478,35.68129330254042,20.840445827894364,other
金時,甲鉄城のカバネリ,7,27,18.51851851851852,35.68129330254042,-17.1627747840219,other
金時,甲鉄城のカバネリ,8,25,40.0,35.68129330254042,4.318706697459582,other
金時,甲鉄城のカバネリ,9,22,36.36363636363637,35.68129330254042,0.6823430610959491,other
金時,甲鉄城のカバネリ,10,23,47.82608695652174,35.68129330254042,12.144793653981324,other
金時,甲鉄城のカバネリ,11,26,34.61538461538461,35.68129330254042,-1.0659086871558046,other
金時,甲鉄城のカバネリ,12,24,41.66666666666667,35.68129330254042,5.985373364126254,other
金時,甲鉄城のカバネリ,13,24,29.166666666666668,35.68129330254042,-6.51462663587375,other
金時,甲鉄城のカバネリ,14,27,33.33333333333333,35.68129330254042,-2.347959969207089,other
金時,甲鉄城のカバネリ,15,40,40.0,35.68129330254042,4.318706697459582,other
金時,甲鉄城のカバネリ,16,23,43.47826086956522,35.68129330254042,7.796967567024801,other
金時,甲鉄城のカバネリ,17,26,23.076923076923077,35.68129330254042,-12.604370225617341,other
金時,甲鉄城のカバネリ,18,28,39.285714285714285,35.68129330254042,3.604420983173867,other
金時,甲鉄城のカバネリ,19,26,26.923076923076923,35.68129330254042,-8.758216379463494,other
金時,甲鉄城のカバネリ,20,41,51.21951219512195,35.68129330254042,15.538218892581533,other
金時,甲鉄城のカバネリ,21,29,34.48275862068966,35.68129330254042,-1.1985346818507594,other
金時,甲鉄城のカバネリ,22,25,32.0,35.68129330254042,-3.6812933025404178,other
金時,甲鉄城のカバネリ,23,27,33.33333333333333,35.68129330254042,-2.347959969207089,other
金時,甲鉄城のカバネリ,24,17,23.52941176470588,35.68129330254042,-12.151881537834537,other
金時,甲鉄城のカバネリ,25,42,40.476190476190474,35.68129330254042,4.794897173650057,other
金時,甲鉄城のカバネリ,26,33,27.27272727272727,35.68129330254042,-8.408566029813148,other
金時,甲鉄城のカバネリ,27,30,36.666666666666664,35.68129330254042,0.9853733641262465,other
金時,甲鉄城のカバネリ,28,26,34.61538461538461,35.68129330254042,-1.0659086871558046,other
金時,甲鉄城のカバネリ,29,29,20.689655172413794,35.68129330254042,-14.991638130126624,other
金時,甲鉄城のカバネリ,30,25,36.0,35.68129330254042,0.31870669745958224,other
金時,甲鉄城のカバネリ,31,17,17.647058823529413,35.68129330254042,-18.034234479011005,other
金時,甲鉄城のカバネリ 海門(うなと)決戦,1,21,23.809523809523807,32.19616204690831,-8.386638237384506,other
金時,甲鉄城のカバネリ 海門(うなと)決戦,2,15,33.33333333333333,32.19616204690831,1.1371712864250156,other
金時,甲鉄城のカバネリ 海門(うなと)決戦,3,15,53.333333333333336,32.19616204690831,21.137171286425023,other
金時,甲鉄城のカバネリ 海門(うなと)決戦,4,15,40.0,32.19616204690831,7.803837953091687,other
金時,甲鉄城のカバネリ 海門(うなと)決戦,5,15,46.666666666666664,32.19616204690831,14.470504619758351,other
金時,甲鉄城のカバネリ 海門(うなと)決戦,6,15,46.666666666666664,32.19616204690831,14.470504619758351,other
金時,甲鉄城のカバネリ 海門(うなと)決戦,7,15,26.666666666666668,32.19616204690831,-5.529495380241645,other
金時,甲鉄城のカバネリ 海門(うなと)決戦,8,17,23.52941176470588,32.19616204690831,-8.666750282202432,other
金時,甲鉄城のカバネリ 海門(うなと)決戦,9,17,41.17647058823529,32.19616204690831,8.980308541326977,other
金時,甲鉄城のカバネリ 海門(うなと)決戦,10,17,23.52941176470588,32.19616204690831,-8.666750282202432,other
金時,甲鉄城のカバネリ 海門(うなと)決戦,11,16,18.75,32.19616204690831,-13.446162046908313,other
金時,甲鉄城のカバネリ 海門(うなと)決戦,12,9,33.33333333333333,32.19616204690831,1.1371712864250156,other
金時,甲鉄城のカバネリ 海門(うなと)決戦,13,16,12.5,32.19616204690831,-19.696162046908313,other
金時,甲鉄城のカバネリ 海門(うなと)決戦,14,13,46.15384615384615,32.19616204690831,13.95768410693784,other
金時,甲鉄城のカバネリ 海門(うなと)決戦,15,17,47.05882352941176,32.19616204690831,14.862661482503448,other
金時,甲鉄城のカバネリ 海門(うなと)決戦,16,17,23.52941176470588,32.19616204690831,-8.666750282202432,other
金時,甲鉄城のカバネリ 海門(うなと)決戦,17,12,41.66666666666667,32.19616204690831,9.470504619758358,other
金時,甲鉄城のカバネリ 海門(うなと)決戦,18,14,21.428571428571427,32.19616204690831,-10.767590618336886,other
金時,甲鉄城のカバネリ 海門(うなと)決戦,19,16,12.5,32.19616204690831,-19.696162046908313,other
金時,甲鉄城のカバネリ 海門(うなと)決戦,20,17,29.411764705882355,32.19616204690831,-2.784397341025958,other
金時,甲鉄城のカバネリ 海門(うなと)決戦,21,17,47.05882352941176,32.19616204690831,14.862661482503448,other
金時,甲鉄城のカバネリ 海門(うなと)決戦,22,16,25.0,32.19616204690831,-7.196162046908313,other
金時,甲鉄城のカバネリ 海門(うなと)決戦,23,13,30.76923076923077,32.19616204690831,-1.426931277677543,other
金時,甲鉄城のカバネリ 海門(うなと)決戦,24,17,58.82352941176471,32.19616204690831,26.627367364856397,other
金時,甲鉄城のカバネリ 海門(うなと)決戦,25,17,17.647058823529413,32.19616204690831,-14.5491032233789,other
金時,甲鉄城のカバネリ 海門(うなと)決戦,26,15,26.666666666666668,32.19616204690831,-5.529495380241645,other
金時,甲鉄城のカバネリ 海門(うなと)決戦,27,16,37.5,32.19616204690831,5.303837953091687,other
金時,甲鉄城のカバネリ 海門(うなと)決戦,28,16,25.0,32.19616204690831,-7.196162046908313,other
金時,甲鉄城のカバネリ 海門(うなと)決戦,29,15,33.33333333333333,32.19616204690831,1.1371712864250156,other
金時,甲鉄城のカバネリ 海門(うなと)決戦,30,13,30.76923076923077,32.19616204690831,-1.426931277677543,other
金時,甲鉄城のカバネリ 海門(うなと)決戦,31,5,20.0,32.19616204690831,-12.196162046908313,other
金時,痛いのは嫌なので防御力に極振りしたいと思います。,1,9,33.33333333333333,33.45864661654135,-0.1253132832080226,other
金時,痛いのは嫌なので防御力に極振りしたいと思います。,2,10,40.0,33.45864661654135,6.541353383458649,other
金時,痛いのは嫌なので防御力に極振りしたいと思います。,3,7,42.857142857142854,33.45864661654135,9.398496240601503,other
金時,痛いのは嫌なので防御力に極振りしたいと思います。,4,9,33.33333333333333,33.45864661654135,-0.1253132832080226,other
金時,痛いのは嫌なので防御力に極振りしたいと思います。,5,11,45.45454545454545,33.45864661654135,11.995898838004102,other
金時,痛いのは嫌なので防御力に極振りしたいと思います。,6,9,11.11111111111111,33.45864661654135,-22.34753550543024,other
金時,痛いのは嫌なので防御力に極振りしたいと思います。,7,8,62.5,33.45864661654135,29.04135338345865,other
金時,痛いのは嫌なので防御力に極振りしたいと思います。,8,6,16.666666666666664,33.45864661654135,-16.791979949874687,other
金時,痛いのは嫌なので防御力に極振りしたいと思います。,9,10,60.0,33.45864661654135,26.54135338345865,other
金時,痛いのは嫌なので防御力に極振りしたいと思います。,10,9,22.22222222222222,33.45864661654135,-11.23642439431913,other
金時,痛いのは嫌なので防御力に極振りしたいと思います。,11,9,44.44444444444444,33.45864661654135,10.985797827903092,other
金時,痛いのは嫌なので防御力に極振りしたいと思います。,12,11,45.45454545454545,33.45864661654135,11.995898838004102,other
金時,痛いのは嫌なので防御力に極振りしたいと思います。,13,9,33.33333333333333,33.45864661654135,-0.1253132832080226,other
金時,痛いのは嫌なので防御力に極振りしたいと思います。,14,8,12.5,33.45864661654135,-20.95864661654135,other
金時,痛いのは嫌なので防御力に極振りしたいと思います。,15,11,27.27272727272727,33.45864661654135,-6.185919343814081,other
金時,痛いのは嫌なので防御力に極振りしたいと思います。,16,9,66.66666666666666,33.45864661654135,33.208020050125306,other
金時,痛いのは嫌なので防御力に極振りしたいと思います。,17,9,11.11111111111111,33.45864661654135,-22.34753550543024,other
金時,痛いのは嫌なので防御力に極振りしたいと思います。,18,10,30.0,33.45864661654135,-3.458646616541351,other
金時,痛いのは嫌なので防御力に極振りしたいと思います。,19,8,25.0,33.45864661654135,-8.458646616541351,other
金時,痛いのは嫌なので防御力に極振りしたいと思います。,20,11,45.45454545454545,33.45864661654135,11.995898838004102,other
金時,痛いのは嫌なので防御力に極振りしたいと思います。,21,10,40.0,33.45864661654135,6.541353383458649,other
金時,痛いのは嫌なので防御力に極振りしたいと思います。,22,8,25.0,33.45864661654135,-8.458646616541351,other
金時,痛いのは嫌なので防御力に極振りしたいと思います。,23,7,14.285714285714285,33.45864661654135,-19.172932330827066,other
金時,痛いのは嫌なので防御力に極振りしたいと思います。,24,8,25.0,33.45864661654135,-8.458646616541351,other
金時,痛いのは嫌なので防御力に極振りしたいと思います。,25,10,30.0,33.45864661654135,-3.458646616541351,other
金時,痛いのは嫌なので防御力に極振りしたいと思います。,26,7,14.285714285714285,33.45864661654135,-19.172932330827066,other
金時,痛いのは嫌なので防御力に極振りしたいと思います。,27,7,28.57142857142857,33.45864661654135,-4.887218045112782,other
金時,痛いのは嫌なので防御力に極振りしたいと思います。,28,7,28.57142857142857,33.45864661654135,-4.887218045112782,other
金時,痛いのは嫌なので防御力に極振りしたいと思います。,29,7,42.857142857142854,33.45864661654135,9.398496240601503,other
金時,痛いのは嫌なので防御力に極振りしたいと思います。,30,8,37.5,33.45864661654135,4.041353383458649,other
金時,真・一騎当千,1,7,28.57142857142857,28.671328671328673,-0.09990009990010407,other
金時,真・一騎当千,3,5,20.0,28.671328671328673,-8.671328671328673,other
金時,真・一騎当千,4,6,16.666666666666664,28.671328671328673,-12.00466200466201,other
金時,真・一騎当千,5,7,42.857142857142854,28.671328671328673,14.18581418581418,other
金時,真・一騎当千,6,5,20.0,28.671328671328673,-8.671328671328673,other
金時,真・一騎当千,9,6,33.33333333333333,28.671328671328673,4.662004662004655,other
金時,真・一騎当千,10,5,60.0,28.671328671328673,31.328671328671327,other
金時,真・一騎当千,13,5,20.0,28.671328671328673,-8.671328671328673,other
金時,真・一騎当千,14,6,50.0,28.671328671328673,21.328671328671327,other
金時,真・一騎当千,15,5,20.0,28.671328671328673,-8.671328671328673,other
金時,真・一騎当千,16,5,20.0,28.671328671328673,-8.671328671328673,other
金時,真・一騎当千,18,5,20.0,28.671328671328673,-8.671328671328673,other
金時,真・一騎当千,19,5,40.0,28.671328671328673,11.328671328671327,other
金時,真・一騎当千,20,6,33.33333333333333,28.671328671328673,4.662004662004655,other
金時,真・一騎当千,25,6,50.0,28.671328671328673,21.328671328671327,other
金時,真・一騎当千,27,5,20.0,28.671328671328673,-8.671328671328673,other
金時,真・一騎当千,28,6,16.666666666666664,28.671328671328673,-12.00466200466201,other
金時,緑ドン VIVA!情熱南米編 REVIVAL,1,5,40.0,25.925925925925924,14.074074074074076,other
金時,緑ドン VIVA!情熱南米編 REVIVAL,2,7,28.57142857142857,25.925925925925924,2.6455026455026456,other
金時,緑ドン VIVA!情熱南米編 REVIVAL,3,6,16.666666666666664,25.925925925925924,-9.25925925925926,other
金時,緑ドン VIVA!情熱南米編 REVIVAL,4,5,40.0,25.925925925925924,14.074074074074076,other
金時,緑ドン VIVA!情熱南米編 REVIVAL,5,6,33.33333333333333,25.925925925925924,7.407407407407405,other
金時,緑ドン VIVA!情熱南米編 REVIVAL,6,6,16.666666666666664,25.925925925925924,-9.25925925925926,other
金時,緑ドン VIVA!情熱南米編 REVIVAL,7,6,0.0,25.925925925925924,-25.925925925925924,other
金時,緑ドン VIVA!情熱南米編 REVIVAL,8,9,33.33333333333333,25.925925925925924,7.407407407407405,other
金時,緑ドン VIVA!情熱南米編 REVIVAL,9,7,42.857142857142854,25.925925925925924,16.93121693121693,other
金時,緑ドン VIVA!情熱南米編 REVIVAL,10,5,40.0,25.925925925925924,14.074074074074076,other
金時,緑ドン VIVA!情熱南米編 REVIVAL,11,6,50.0,25.925925925925924,24.074074074074076,other
金時,緑ドン VIVA!情熱南米編 REVIVAL,12,7,42.857142857142854,25.925925925925924,16.93121693121693,other
金時,緑ドン VIVA!情熱南米編 REVIVAL,13,8,0.0,25.925925925925924,-25.925925925925924,other
金時,緑ドン VIVA!情熱南米編 REVIVAL,14,6,16.666666666666664,25.925925925925924,-9.25925925925926,other
金時,緑ドン VIVA!情熱南米編 REVIVAL,15,7,28.57142857142857,25.925925925925924,2.6455026455026456,other
金時,緑ドン VIVA!情熱南米編 REVIVAL,16,5,0.0,25.925925925925924,-25.925925925925924,other
金時,緑ドン VIVA!情熱南米編 REVIVAL,17,8,37.5,25.925925925925924,11.574074074074076,other
金時,緑ドン VIVA!情熱南米編 REVIVAL,19,8,37.5,25.925925925925924,11.574074074074076,other
金時,緑ドン VIVA!情熱南米編 REVIVAL,20,7,42.857142857142854,25.925925925925924,16.93121693121693,other
金時,緑ドン VIVA!情熱南米編 REVIVAL,23,7,14.285714285714285,25.925925925925924,-11.64021164021164,other
金時,緑ドン VIVA!情熱南米編 REVIVAL,24,7,14.285714285714285,25.925925925925924,-11.64021164021164,other
金時,緑ドン VIVA!情熱南米編 REVIVAL,25,6,16.666666666666664,25.925925925925924,-9.25925925925926,other
金時,緑ドン VIVA!情熱南米編 REVIVAL,26,6,16.666666666666664,25.925925925925924,-9.25925925925926,other
金時,緑ドン VIVA!情熱南米編 REVIVAL,27,7,57.14285714285714,25.925925925925924,31.216931216931215,other
金時,緑ドン VIVA!情熱南米編 REVIVAL,28,6,16.666666666666664,25.925925925925924,-9.25925925925926,other
金時,緑ドン VIVA!情熱南米編 REVIVAL,29,5,0.0,25.925925925925924,-25.925925925925924,other
金時,緑ドン VIVA!情熱南米編 REVIVAL,30,6,33.33333333333333,25.925925925925924,7.407407407407405,other
金時,鉄拳6,1,11,36.36363636363637,36.09341825902335,0.270218104613015,other
金時,鉄拳6,2,10,40.0,36.09341825902335,3.906581740976648,other
金時,鉄拳6,3,12,8.333333333333332,36.09341825902335,-27.76008492569002,other
金時,鉄拳6,4,15,40.0,36.09341825902335,3.906581740976648,other
金時,鉄拳6,5,19,57.89473684210527,36.09341825902335,21.801318583081915,other
金時,鉄拳6,6,18,50.0,36.09341825902335,13.906581740976648,other
金時,鉄拳6,7,15,53.333333333333336,36.09341825902335,17.239915074309984,other
金時,鉄拳6,8,20,30.0,36.09341825902335,-6.093418259023352,other
金時,鉄拳6,9,14,14.285714285714285,36.09341825902335,-21.807703973309067,other
金時,鉄拳6,10,15,46.666666666666664,36.09341825902335,10.573248407643312,other
金時,鉄拳6,11,14,35.714285714285715,36.09341825902335,-0.3791325447376366,other
金時,鉄拳6,12,11,36.36363636363637,36.09341825902335,0.270218104613015,other
金時,鉄拳6,13,16,31.25,36.09341825902335,-4.843418259023352,other
金時,鉄拳6,14,15,20.0,36.09341825902335,-16.093418259023352,other
金時,鉄拳6,15,20,45.0,36.09341825902335,8.906581740976648,other
金時,鉄拳6,16,14,35.714285714285715,36.09341825902335,-0.3791325447376366,other
金時,鉄拳6,17,17,17.647058823529413,36.09341825902335,-18.44635943549394,other
金時,鉄拳6,18,16,25.0,36.09341825902335,-11.093418259023352,other
金時,鉄拳6,19,16,31.25,36.09341825902335,-4.843418259023352,other
金時,鉄拳6,20,20,60.0,36.09341825902335,23.906581740976648,other
金時,鉄拳6,21,18,50.0,36.09341825902335,13.906581740976648,other
金時,鉄拳6,22,15,20.0,36.09341825902335,-16.093418259023352,other
金時,鉄拳6,23,15,13.333333333333334,36.09341825902335,-22.760084925690016,other
金時,鉄拳6,24,12,33.33333333333333,36.09341825902335,-2.7600849256900233,other
金時,鉄拳6,25,20,35.0,36.09341825902335,-1.0934182590233519,other
金時,鉄拳6,26,15,46.666666666666664,36.09341825902335,10.573248407643312,other
金時,鉄拳6,27,18,44.44444444444444,36.09341825902335,8.351026185421091,other
金時,鉄拳6,28,19,26.31578947368421,36.09341825902335,-9.777628785339143,other
金時,鉄拳6,29,14,35.714285714285715,36.09341825902335,-0.3791325447376366,other
金時,鉄拳6,30,11,36.36363636363637,36.09341825902335,0.270218104613015,other
金時,鉄拳6,31,6,50.0,36.09341825902335,13.906581740976648,other
金時,革命機ヴァルヴレイヴ,1,13,30.76923076923077,25.691699604743086,5.077531164487684,other
金時,革命機ヴァルヴレイヴ,2,19,26.31578947368421,25.691699604743086,0.6240898689411232,other
金時,革命機ヴァルヴレイヴ,3,23,13.043478260869565,25.691699604743086,-12.648221343873521,other
金時,革命機ヴァルヴレイヴ,4,20,55.00000000000001,25.691699604743086,29.30830039525692,other
金時,革命機ヴァルヴレイヴ,5,27,18.51851851851852,25.691699604743086,-7.173181086224567,other
金時,革命機ヴァルヴレイヴ,6,15,33.33333333333333,25.691699604743086,7.641633728590243,other
金時,革命機ヴァルヴレイヴ,7,16,31.25,25.691699604743086,5.558300395256914,other
金時,革命機ヴァルヴレイヴ,8,16,18.75,25.691699604743086,-6.941699604743086,other
金時,革命機ヴァルヴレイヴ,9,13,38.46153846153847,25.691699604743086,12.769838856795381,other
金時,革命機ヴァルヴレイヴ,10,15,26.666666666666668,25.691699604743086,0.9749670619235822,other
金時,革命機ヴァルヴレイヴ,11,9,55.55555555555556,25.691699604743086,29.86385595081247,other
金時,革命機ヴァルヴレイヴ,12,14,35.714285714285715,25.691699604743086,10.02258610954263,other
金時,革命機ヴァルヴレイヴ,13,15,6.666666666666667,25.691699604743086,-19.025032938076418,other
金時,革命機ヴァルヴレイヴ,14,16,31.25,25.691699604743086,5.558300395256914,other
金時,革命機ヴァルヴレイヴ,15,25,36.0,25.691699604743086,10.308300395256914,other
金時,革命機ヴァルヴレイヴ,16,14,35.714285714285715,25.691699604743086,10.02258610954263,other
金時,革命機ヴァルヴレイヴ,17,15,13.333333333333334,25.691699604743086,-12.358366271409752,other
金時,革命機ヴァルヴレイヴ,18,14,14.285714285714285,25.691699604743086,-11.405985319028801,other
金時,革命機ヴァルヴレイヴ,19,14,28.57142857142857,25.691699604743086,2.8797289666854837,other
金時,革命機ヴァルヴレイヴ,20,26,34.61538461538461,25.691699604743086,8.923685010641528,other
金時,革命機ヴァルヴレイヴ,21,15,13.333333333333334,25.691699604743086,-12.358366271409752,other
金時,革命機ヴァルヴレイヴ,22,12,33.33333333333333,25.691699604743086,7.641633728590243,other
金時,革命機ヴァルヴレイヴ,23,15,20.0,25.691699604743086,-5.691699604743086,other
金時,革命機ヴァルヴレイヴ,24,15,33.33333333333333,25.691699604743086,7.641633728590243,other
金時,革命機ヴァルヴレイヴ,25,27,22.22222222222222,25.691699604743086,-3.4694773825208642,other
金時,革命機ヴァルヴレイヴ,26,13,23.076923076923077,25.691699604743086,-2.614776527820009,other
金時,革命機ヴァルヴレイヴ,27,16,0.0,25.691699604743086,-25.691699604743086,other
金時,革命機ヴァルヴレイヴ,28,16,25.0,25.691699604743086,-0.6916996047430857,other
金時,革命機ヴァルヴレイヴ,29,14,14.285714285714285,25.691699604743086,-11.405985319028801,other
金時,革命機ヴァルヴレイヴ,30,15,13.333333333333334,25.691699604743086,-12.358366271409752,other
金時,革命機ヴァルヴレイヴ,31,9,22.22222222222222,25.691699604743086,-3.4694773825208642,other
金時,革命機ヴァルヴレイヴ2,1,21,14.285714285714285,35.657686212361334,-21.37197192664705,other
金時,革命機ヴァルヴレイヴ2,2,15,26.666666666666668,35.657686212361334,-8.991019545694666,other
金時,革命機ヴァルヴレイヴ2,3,19,52.63157894736842,35.657686212361334,16.973892735007084,other
金時,革命機ヴァルヴレイヴ2,4,22,40.909090909090914,35.657686212361334,5.25140469672958,other
金時,革命機ヴァルヴレイヴ2,5,28,35.714285714285715,35.657686212361334,0.05659950192438146,other
金時,革命機ヴァルヴレイヴ2,6,21,42.857142857142854,35.657686212361334,7.19945664478152,other
金時,革命機ヴァルヴレイヴ2,7,20,30.0,35.657686212361334,-5.657686212361334,other
金時,革命機ヴァルヴレイヴ2,8,23,34.78260869565217,35.657686212361334,-0.8750775167091618,other
金時,革命機ヴァルヴレイヴ2,9,17,29.411764705882355,35.657686212361334,-6.245921506478979,other
金時,革命機ヴァルヴレイヴ2,10,19,21.052631578947366,35.657686212361334,-14.605054633413967,other
金時,革命機ヴァルヴレイヴ2,11,22,36.36363636363637,35.657686212361334,0.705950151275033,other
金時,革命機ヴァルヴレイヴ2,12,19,42.10526315789473,35.657686212361334,6.447576945533399,other
金時,革命機ヴァルヴレイヴ2,13,17,58.82352941176471,35.657686212361334,23.165843199403376,other
金時,革命機ヴァルヴレイヴ2,14,20,40.0,35.657686212361334,4.342313787638666,other
金時,革命機ヴァルヴレイヴ2,15,26,34.61538461538461,35.657686212361334,-1.0423015969767206,other
金時,革命機ヴァルヴレイヴ2,16,22,40.909090909090914,35.657686212361334,5.25140469672958,other
金時,革命機ヴァルヴレイヴ2,17,17,64.70588235294117,35.657686212361334,29.04819614057984,other
金時,革命機ヴァルヴレイヴ2,18,22,27.27272727272727,35.657686212361334,-8.384958939634064,other
金時,革命機ヴァルヴレイヴ2,19,20,55.00000000000001,35.657686212361334,19.342313787638673,other
金時,革命機ヴァルヴレイヴ2,20,26,34.61538461538461,35.657686212361334,-1.0423015969767206,other
金時,革命機ヴァルヴレイヴ2,21,23,34.78260869565217,35.657686212361334,-0.8750775167091618,other
金時,革命機ヴァルヴレイヴ2,22,19,42.10526315789473,35.657686212361334,6.447576945533399,other
金時,革命機ヴァルヴレイヴ2,23,20,30.0,35.657686212361334,-5.657686212361334,other
金時,革命機ヴァルヴレイヴ2,24,13,38.46153846153847,35.657686212361334,2.803852249177133,other
金時,革命機ヴァルヴレイヴ2,25,26,23.076923076923077,35.657686212361334,-12.580763135438257,other
金時,革命機ヴァルヴレイヴ2,26,20,20.0,35.657686212361334,-15.657686212361334,other
金時,革命機ヴァルヴレイヴ2,27,21,28.57142857142857,35.657686212361334,-7.0862576409327644,other
金時,革命機ヴァルヴレイヴ2,28,23,43.47826086956522,35.657686212361334,7.820574657203885,other
金時,革命機ヴァルヴレイヴ2,29,18,38.88888888888889,35.657686212361334,3.231202676527559,other
金時,革命機ヴァルヴレイヴ2,30,18,27.77777777777778,35.657686212361334,-7.879908434583555,other
金時,革命機ヴァルヴレイヴ2,31,14,21.428571428571427,35.657686212361334,-14.229114783789907,other
金時,麻雀物語,1,5,40.0,28.87323943661972,11.12676056338028,other
金時,麻雀物語,2,6,33.33333333333333,28.87323943661972,4.460093896713609,other
金時,麻雀物語,3,6,33.33333333333333,28.87323943661972,4.460093896713609,other
金時,麻雀物語,4,5,0.0,28.87323943661972,-28.87323943661972,other
金時,麻雀物語,5,5,40.0,28.87323943661972,11.12676056338028,other
金時,麻雀物語,13,5,0.0,28.87323943661972,-28.87323943661972,other
金時,麻雀物語,15,5,20.0,28.87323943661972,-8.87323943661972,other
金時,麻雀物語,16,5,0.0,28.87323943661972,-28.87323943661972,other
金時,麻雀物語,19,5,0.0,28.87323943661972,-28.87323943661972,other
金時,麻雀物語,20,5,40.0,28.87323943661972,11.12676056338028,other
金時,麻雀物語,21,5,40.0,28.87323943661972,11.12676056338028,other
金時,麻雀物語,22,5,40.0,28.87323943661972,11.12676056338028,other
金時,麻雀物語,23,5,40.0,28.87323943661972,11.12676056338028,other
金時,麻雀物語,25,6,16.666666666666664,28.87323943661972,-12.206572769953056,other
金時,麻雀物語,26,5,0.0,28.87323943661972,-28.87323943661972,other
金時,麻雀物語,27,6,16.666666666666664,28.87323943661972,-12.206572769953056,other
金時,麻雀物語,29,5,60.0,28.87323943661972,31.12676056338028,other
金時,麻雀物語,30,6,0.0,28.87323943661972,-28.87323943661972,other
