date,machine_number,machine_name,last_digit,is_zorome,games_normalized,diff_coins_normalized,date_dt,dd,dow,mmdd,is_event,is_month_end,is_0707,floor,section,section_min,section_max,rank_from_min,rank_from_max,section_size,section_size_group,lr,kakuban_old,kakuban_new,seg,segment,hist_payout_row,kakuban,dd_key,dow_key,c1,c2,c3,c4,c5,c6,hist_diff,hist_payout,hist_winrate,hist_hit_an,a_seg_hist_coverage,a_seg_fallback_count,hist_metric,composite,variant,test_date,dow_name,rank
20260622,3212,東京喰種,2,0,5030,-3000,2026-06-22,22,0,0622,True,False,False,3F,3209-3217,3209,3217,4,6,9,small,R,4,4,N,3F_R_N,80.11928429423459,4,22,0,303.40909090909093,150.0,3600.0,41.666666666666664,0.0,0.0,303.40909090909093,100.79004154948939,0.4431818181818182,37.5,0.0,0.0,37.5,786.8522727272727,v9b_blend_05,2026-06-22,Monday,1
20260622,2330,プリズムナナ,0,0,2496,-2000,2026-06-22,22,0,0622,True,False,False,2F,2330-2351,2330,2351,1,22,22,large,R,22,22,N,2F_R_N,73.29059829059828,22,22,0,13.636363636363637,0.0,6550.0,-1250.0,0.0,50.0,13.636363636363637,99.61530157451726,0.36363636363636365,28.40909090909091,0.0,0.0,28.40909090909091,752.8889774184775,v9b_blend_05,2026-06-22,Monday,2
20260622,3354,ネオアイムジャグラーEX,4,0,4557,2100,2026-06-22,22,0,0622,True,False,False,3F,3341-3362,3341,3362,14,9,22,large,L,9,9,A,3F_L_A,115.36098310291858,9,22,0,357.95454545454544,100.0,1950.0,150.0,0.0,0.0,357.95454545454544,98.85984222787387,0.5227272727272727,35.22727272727273,100.0,0.0,35.22727272727273,519.9708918236843,v9b_blend_05,2026-06-22,Monday,3
20260622,3353,ネオアイムジャグラーEX,3,0,5763,0,2026-06-22,22,0,0622,True,False,False,3F,3341-3362,3341,3362,13,10,22,large,L,10,10,A,3F_L_A,100.0,10,22,0,217.04545454545453,150.0,1950.0,150.0,0.0,0.0,217.04545454545453,97.55159852420884,0.4431818181818182,25.0,100.0,0.0,25.0,488.6626323755553,v9b_blend_05,2026-06-22,Monday,4
20260622,3200,新ハナビ,0,1,4753,-1900,2026-06-22,22,0,0622,True,False,False,3F,3191-3208,3191,3208,10,9,18,large,L,9,10,N,3F_L_N,86.67508240409566,10,22,0,230.6818181818182,150.0,1500.0,300.0,6.25,50.0,230.6818181818182,98.60379100739083,0.3977272727272727,26.136363636363637,0.0,0.0,26.136363636363637,378.546875,v9b_blend_05,2026-06-22,Monday,5
20260622,2189,化物語,9,0,4494,-1600,2026-06-22,22,0,0622,True,False,False,2F,2187-2195,2187,2195,3,7,9,small,R,3,3,N,2F_R_N,88.13232458092271,3,22,0,53.40909090909091,100.0,3050.0,-833.3333333333334,0.0,50.0,53.40909090909091,96.89020834571079,0.32954545454545453,27.27272727272727,0.0,0.0,27.27272727272727,369.4385469703449,v9b_blend_05,2026-06-22,Monday,6
20260622,3220,東京喰種,0,0,4787,4300,2026-06-22,22,0,0622,True,False,False,3F,3218-3233,3218,3233,3,14,16,large,R,3,14,N,3F_R_N,129.94220458185364,14,22,0,-108.6038961038961,50.0,2261.1111111111113,-81.30841121495327,0.0,50.0,51.13636363636363,102.29262575102265,0.32954545454545453,30.681818181818183,0.0,0.0,30.681818181818183,368.9941437067606,v9b_blend_05,2026-06-22,Monday,7
20260622,3251,真打 吉宗,1,0,507,-600,2026-06-22,22,0,0622,True,False,False,3F,3250-3264,3250,3264,2,14,15,large,R,2,14,N,3F_R_N,60.552268244575934,14,22,0,-108.6038961038961,50.0,2261.1111111111113,-81.30841121495327,0.0,0.0,494.3181818181818,106.65333274052054,0.4659090909090909,44.31818181818182,0.0,0.0,44.31818181818182,368.107780070397,v9b_blend_05,2026-06-22,Monday,8
20260622,3044,ビッグドリーム THE GOLDEN PUSHER,4,1,1376,-1100,2026-06-22,22,0,0622,True,False,False,3F,3043-3057,3043,3057,2,14,15,large,R,2,14,N,3F_R_N,73.35271317829456,14,22,0,-108.6038961038961,50.0,2261.1111111111113,-81.30841121495327,0.0,0.0,209.0909090909091,100.27707131439735,0.4090909090909091,36.36363636363637,0.0,0.0,36.36363636363637,367.3123255249424,v9b_blend_05,2026-06-22,Monday,9
20260622,3247,東京喰種,7,0,4760,5000,2026-06-22,22,0,0622,True,False,False,3F,3234-3249,3234,3249,14,3,16,large,R,14,14,N,3F_R_N,135.0140056022409,14,22,0,-108.6038961038961,50.0,2261.1111111111113,-81.30841121495327,0.0,0.0,210.22727272727272,103.95031542890365,0.4090909090909091,35.22727272727273,0.0,0.0,35.22727272727273,367.19868916130605,v9b_blend_05,2026-06-22,Monday,10
20260622,3071,ミリオンゴッド‐神々の軌跡‐,1,0,702,-600,2026-06-22,22,0,0622,True,False,False,3F,3058-3072,3058,3072,14,2,15,large,R,14,14,N,3F_R_N,71.50997150997152,14,22,0,-108.6038961038961,50.0,2261.1111111111113,-81.30841121495327,0.0,0.0,-879.5454545454545,93.894701249401,0.36363636363636365,29.545454545454547,0.0,0.0,29.545454545454547,366.63050734312424,v9b_blend_05,2026-06-22,Monday,11
20260622,3101,革命機ヴァルヴレイヴ2,1,0,504,400,2026-06-22,22,0,0622,True,False,False,3F,3088-3102,3088,3102,14,2,15,large,R,14,14,N,3F_R_N,126.45502645502647,14,22,0,-108.6038961038961,50.0,2261.1111111111113,-81.30841121495327,0.0,0.0,388.6363636363636,100.38587168757577,0.3409090909090909,26.136363636363637,0.0,0.0,26.136363636363637,366.28959825221517,v9b_blend_05,2026-06-22,Monday,12
20260622,3074,ミリオンゴッド‐神々の軌跡‐,4,0,448,3500,2026-06-22,22,0,0622,True,False,False,3F,3073-3087,3073,3087,2,14,15,large,R,2,14,N,3F_R_N,360.41666666666663,14,22,0,-108.6038961038961,50.0,2261.1111111111113,-81.30841121495327,0.0,0.0,-1234.090909090909,91.29206603957911,0.26136363636363635,18.181818181818183,0.0,0.0,18.181818181818183,365.4941437067606,v9b_blend_05,2026-06-22,Monday,13
20260622,3208,グランベルム,8,0,4278,3700,2026-06-22,22,0,0622,True,False,False,3F,3191-3208,3191,3208,18,1,18,large,L,1,18,N,3F_L_N,128.82967118591242,18,22,0,135.22727272727272,0.0,1050.0,1000.0,-75.56818181818181,0.0,135.22727272727272,98.12019332558538,0.38636363636363635,32.95454545454545,0.0,0.0,32.95454545454545,346.1605113636364,v9b_blend_05,2026-06-22,Monday,14
20260622,3214,東京喰種,4,0,1873,-1200,2026-06-22,22,0,0622,True,False,False,3F,3209-3217,3209,3217,6,4,9,small,R,6,6,N,3F_R_N,78.6438868126001,6,22,0,595.4545454545455,150.0,750.0,-416.6666666666667,0.0,0.0,595.4545454545455,104.59023056555726,0.4431818181818182,37.5,0.0,0.0,37.5,317.11363636363643,v9b_blend_05,2026-06-22,Monday,15
20260622,2200,スマスロ炎炎ノ消防隊2,0,1,4661,-2000,2026-06-22,22,0,0622,True,False,False,2F,2196-2212,2196,2212,5,13,17,large,R,5,13,N,2F_R_N,85.69691768576129,13,22,0,438.510101010101,100.0,1330.7692307692307,412.8205128205128,0.0,50.0,718.1818181818181,107.63250550534885,0.48863636363636365,40.909090909090914,0.0,0.0,40.909090909090914,309.71963094622356,v9b_blend_05,2026-06-22,Monday,16
20260622,2225,東京リベンジャーズ,5,0,3161,-1700,2026-06-22,22,0,0622,True,False,False,2F,2213-2229,2213,2229,13,5,17,large,R,13,13,N,2F_R_N,82.0731835916904,13,22,0,438.510101010101,100.0,1330.7692307692307,412.8205128205128,0.0,50.0,420.45454545454544,102.87702765510512,0.5,39.77272727272727,0.0,0.0,39.77272727272727,309.6059945825872,v9b_blend_05,2026-06-22,Monday,17
20260622,2259,スマスロ北斗の拳,9,0,2970,3700,2026-06-22,22,0,0622,True,False,False,2F,2247-2263,2247,2263,13,5,17,large,R,13,13,N,2F_R_N,141.5263748597082,13,22,0,438.510101010101,100.0,1330.7692307692307,412.8205128205128,0.0,50.0,637.5,105.26209745655855,0.48863636363636365,34.090909090909086,0.0,0.0,34.090909090909086,309.0378127644054,v9b_blend_05,2026-06-22,Monday,18
20260622,2339,少女☆歌劇 レヴュースタァライト ‐The SLOT‐,9,0,7856,5300,2026-06-22,22,0,0622,True,False,False,2F,2330-2351,2330,2351,10,13,22,large,R,13,13,N,2F_R_N,122.48811948404617,13,22,0,438.510101010101,100.0,1330.7692307692307,412.8205128205128,0.0,50.0,332.95454545454544,100.59329810662489,0.3522727272727273,28.40909090909091,0.0,0.0,28.40909090909091,308.46963094622356,v9b_blend_05,2026-06-22,Monday,19
20260622,2326,バンドリ！,6,0,2149,-1100,2026-06-22,22,0,0622,True,False,False,2F,2314-2329,2314,2329,13,4,16,large,R,13,13,N,2F_R_N,82.93780052737706,13,22,0,438.510101010101,100.0,1330.7692307692307,412.8205128205128,0.0,50.0,270.45454545454544,102.97754138869963,0.2727272727272727,22.727272727272727,0.0,0.0,22.727272727272727,307.9014491280417,v9b_blend_05,2026-06-22,Monday,20
20260622,2301,無職転生 ～異世界行ったら本気だす～,1,0,2399,-1500,2026-06-22,22,0,0622,True,False,False,2F,2298-2313,2298,2313,4,13,16,large,R,4,13,N,2F_R_N,79.15798249270529,13,22,0,438.510101010101,100.0,1330.7692307692307,412.8205128205128,0.0,0.0,872.7272727272727,104.99101007977579,0.4318181818181818,37.5,0.0,0.0,37.5,294.6830185633093,v9b_blend_05,2026-06-22,Monday,21
20260622,2234,新鬼武者3,4,0,820,-600,2026-06-22,22,0,0622,True,False,False,2F,2230-2246,2230,2246,5,13,17,large,R,5,13,N,2F_R_N,75.60975609756098,13,22,0,438.510101010101,100.0,1330.7692307692307,412.8205128205128,0.0,0.0,480.6818181818182,104.72501703538165,0.4090909090909091,34.090909090909086,0.0,0.0,34.090909090909086,294.34210947240024,v9b_blend_05,2026-06-22,Monday,22
20260622,2268,北斗の拳 転生の章2,8,0,572,-100,2026-06-22,22,0,0622,True,False,False,2F,2264-2280,2264,2280,5,13,17,large,R,5,13,N,2F_R_N,94.17249417249417,13,22,0,438.510101010101,100.0,1330.7692307692307,412.8205128205128,0.0,0.0,309.09090909090907,103.12023685644554,0.375,30.681818181818183,0.0,0.0,30.681818181818183,294.0012003814911,v9b_blend_05,2026-06-22,Monday,23
20260622,2293,かぐや様は告らせたい,3,0,7523,-1600,2026-06-22,22,0,0622,True,False,False,2F,2281-2297,2281,2297,13,5,17,large,R,13,13,N,2F_R_N,92.91062962470646,13,22,0,438.510101010101,100.0,1330.7692307692307,412.8205128205128,0.0,0.0,-95.45454545454545,96.52884547323423,0.3522727272727273,29.545454545454547,0.0,0.0,29.545454545454547,293.88756401785474,v9b_blend_05,2026-06-22,Monday,24
20260622,2179,不二子BT,9,0,5371,1700,2026-06-22,22,0,0622,True,False,False,2F,2179-2186,2179,2186,1,8,8,small,R,1,8,N,2F_R_N,110.55048718426114,8,22,0,263.8636363636364,50.0,1693.3333333333333,100.0,0.0,50.0,180.6818181818182,98.90622159375386,0.4431818181818182,31.818181818181817,0.0,0.0,31.818181818181817,292.4526468187649,v9b_blend_05,2026-06-22,Monday,25
20260622,2039,甲鉄城のカバネリ 海門(うなと)決戦,9,0,4712,800,2026-06-22,22,0,0622,True,False,False,2F,2032-2040,2032,2040,8,2,9,small,R,8,8,N,2F_R_N,105.65930956423317,8,22,0,263.8636363636364,50.0,1693.3333333333333,100.0,0.0,50.0,-30.681818181818183,96.67945159678015,0.375,28.40909090909091,0.0,0.0,28.40909090909091,292.11173772785577,v9b_blend_05,2026-06-22,Monday,26
20260622,2160,ディスクアップ ULTRAREMIX,0,0,5978,1600,2026-06-22,22,0,0622,True,False,False,2F,2155-2164,2155,2164,6,5,10,small,R,6,6,N,2F_R_N,108.92160142745624,6,22,0,314.5833333333333,150.0,1541.6666666666667,-133.33333333333334,0.0,50.0,106.81818181818181,97.96893596862841,0.4659090909090909,31.818181818181817,0.0,0.0,31.818181818181817,284.99784533017225,v9b_blend_05,2026-06-22,Monday,27
20260622,2166,うみねこのなく頃に2,6,1,4660,200,2026-06-22,22,0,0622,True,False,False,2F,2165-2171,2165,2171,2,6,7,small,R,2,6,N,2F_R_N,101.43061516452074,6,22,0,314.5833333333333,150.0,1541.6666666666667,-133.33333333333334,0.0,50.0,379.54545454545456,100.39504344293887,0.5340909090909091,29.545454545454547,0.0,0.0,29.545454545454547,284.7705726028995,v9b_blend_05,2026-06-22,Monday,28
20260622,2194,化物語,4,0,1698,-200,2026-06-22,22,0,0622,True,False,False,2F,2187-2195,2187,2195,8,2,9,small,R,8,8,N,2F_R_N,96.0738123282293,8,22,0,263.8636363636364,50.0,1693.3333333333333,100.0,0.0,0.0,834.0909090909091,106.92794143178575,0.4318181818181818,36.36363636363637,0.0,0.0,36.36363636363637,278.2114889813052,v9b_blend_05,2026-06-22,Monday,29
20260622,2024,甲鉄城のカバネリ 海門(うなと)決戦,4,0,3505,-200,2026-06-22,22,0,0622,True,False,False,2F,2023-2031,2023,2031,2,8,9,small,R,2,8,N,2F_R_N,98.0979553019496,8,22,0,263.8636363636364,50.0,1693.3333333333333,100.0,0.0,0.0,211.36363636363637,97.87570192501086,0.375,30.681818181818183,0.0,0.0,30.681818181818183,277.6433071631234,v9b_blend_05,2026-06-22,Monday,30
20260622,2162,ディスクアップ ULTRAREMIX,2,0,3419,0,2026-06-22,22,0,0622,True,False,False,2F,2155-2164,2155,2164,8,3,10,small,R,8,8,N,2F_R_N,100.0,8,22,0,263.8636363636364,50.0,1693.3333333333333,100.0,0.0,0.0,123.86363636363636,99.37543834998164,0.4772727272727273,28.40909090909091,0.0,0.0,28.40909090909091,277.41603443585063,v9b_blend_05,2026-06-22,Monday,31
20260622,2187,化物語,7,0,634,-500,2026-06-22,22,0,0622,True,False,False,2F,2187-2195,2187,2195,1,9,9,small,R,1,1,N,2F_R_N,73.71188222923239,1,22,0,169.3181818181818,0.0,1850.0,133.33333333333334,0.0,0.0,169.3181818181818,101.56235351034667,0.42045454545454547,36.36363636363637,0.0,0.0,36.36363636363637,273.9464174666719,v9b_blend_05,2026-06-22,Monday,32
20260622,2069,戦国乙女5 業火を穿つ宿焔の双刃,9,0,5757,1300,2026-06-22,22,0,0622,True,False,False,2F,2065-2076,2065,2076,5,8,12,medium,R,5,8,N,2F_R_N,107.52706849632332,8,22,0,90.79545454545455,100.0,1693.3333333333333,100.0,0.0,50.0,346.59090909090907,100.50421460804918,0.3977272727272727,35.22727272727273,0.0,0.0,35.22727272727273,270.6861741614521,v9b_blend_05,2026-06-22,Monday,33
20260622,2136,バイオハザード RE:3,6,0,811,700,2026-06-22,22,0,0622,True,False,False,2F,2129-2142,2129,2142,8,7,14,medium,R,8,8,N,2F_R_N,128.7710645293876,8,22,0,90.79545454545455,100.0,1693.3333333333333,100.0,0.0,50.0,345.45454545454544,101.210221137371,0.3977272727272727,35.22727272727273,0.0,0.0,35.22727272727273,270.6861741614521,v9b_blend_05,2026-06-22,Monday,34
20260622,2177,A‐SLOT+ 異世界かるてっと,7,1,2137,-800,2026-06-22,22,0,0622,True,False,False,2F,2172-2178,2172,2178,6,2,7,small,R,6,6,N,2F_R_N,87.5214475120886,6,22,0,314.5833333333333,150.0,1541.6666666666667,-133.33333333333334,0.0,0.0,154.54545454545453,98.00110226449856,0.4659090909090909,30.681818181818183,0.0,0.0,30.681818181818183,270.1885056745307,v9b_blend_05,2026-06-22,Monday,35
20260622,2109,モンスターハンターライズ,9,0,544,-600,2026-06-22,22,0,0622,True,False,False,2F,2102-2114,2102,2114,8,6,13,medium,R,8,8,N,2F_R_N,63.23529411764706,8,22,0,90.79545454545455,100.0,1693.3333333333333,100.0,0.0,50.0,421.59090909090907,106.12885609060571,0.3409090909090909,29.545454545454547,0.0,0.0,29.545454545454547,270.1179923432703,v9b_blend_05,2026-06-22,Monday,36
20260622,2192,化物語,2,0,970,0,2026-06-22,22,0,0622,True,False,False,2F,2187-2195,2187,2195,6,4,9,small,R,6,6,N,2F_R_N,100.0,6,22,0,314.5833333333333,150.0,1541.6666666666667,-133.33333333333334,0.0,0.0,996.5909090909091,111.47431387487019,0.36363636363636365,29.545454545454547,0.0,0.0,29.545454545454547,270.07486931089437,v9b_blend_05,2026-06-22,Monday,37
20260622,2037,甲鉄城のカバネリ 海門(うなと)決戦,7,0,3271,-400,2026-06-22,22,0,0622,True,False,False,2F,2032-2040,2032,2040,6,4,9,small,R,6,6,N,2F_R_N,95.92377458473453,6,22,0,314.5833333333333,150.0,1541.6666666666667,-133.33333333333334,0.0,0.0,97.72727272727273,97.64523061312616,0.32954545454545453,29.545454545454547,0.0,0.0,29.545454545454547,270.07486931089437,v9b_blend_05,2026-06-22,Monday,38
20260622,2045,甲鉄城のカバネリ 海門(うなと)決戦,5,0,3175,300,2026-06-22,22,0,0622,True,False,False,2F,2041-2052,2041,2052,5,8,12,medium,R,5,8,N,2F_R_N,103.14960629921259,8,22,0,90.79545454545455,100.0,1693.3333333333333,100.0,0.0,50.0,188.63636363636363,97.95617732581796,0.3522727272727273,28.40909090909091,0.0,0.0,28.40909090909091,270.00435597963394,v9b_blend_05,2026-06-22,Monday,39
20260622,2060,戦国乙女5 業火を穿つ宿焔の双刃,0,0,6356,-2500,2026-06-22,22,0,0622,True,False,False,2F,2053-2064,2053,2064,8,5,12,medium,R,8,8,N,2F_R_N,86.88902873924901,8,22,0,90.79545454545455,100.0,1693.3333333333333,100.0,0.0,50.0,131.8181818181818,101.47507843174544,0.2840909090909091,27.27272727272727,0.0,0.0,27.27272727272727,269.89071961599757,v9b_blend_05,2026-06-22,Monday,40
20260622,2181,SHAKE BONUS TRIGGER,1,0,2285,-1300,2026-06-22,22,0,0622,True,False,False,2F,2179-2186,2179,2186,3,6,8,small,R,3,6,N,2F_R_N,81.03574033552152,6,22,0,314.5833333333333,150.0,1541.6666666666667,-133.33333333333334,0.0,0.0,152.27272727272728,97.79231438433817,0.4318181818181818,25.0,0.0,0.0,25.0,269.62032385634893,v9b_blend_05,2026-06-22,Monday,41
20260622,3017,沖ドキ!DUO アンコール,7,0,1857,-1100,2026-06-22,22,0,0622,True,False,False,3F,3017-3030,3017,3030,1,14,14,medium,R,1,14,N,3F_R_N,80.25489140190271,14,22,0,-373.00613496932516,0.0,2261.1111111111113,-81.30841121495327,0.0,0.0,-130.6818181818182,102.63008881395488,0.42045454545454547,32.95454545454545,0.0,0.0,32.95454545454545,265.03661044247883,v9b_blend_05,2026-06-22,Monday,42
20260622,3103,からくりサーカス,3,0,1638,-200,2026-06-22,22,0,0622,True,False,False,3F,3103-3116,3103,3116,1,14,14,medium,R,1,14,N,3F_R_N,95.92999592999593,14,22,0,-373.00613496932516,0.0,2261.1111111111113,-81.30841121495327,0.0,0.0,-610.2272727272727,97.82762375753235,0.32954545454545453,31.818181818181817,0.0,0.0,31.818181818181817,264.92297407884246,v9b_blend_05,2026-06-22,Monday,43
20260622,2018,甲鉄城のカバネリ 海門(うなと)決戦,8,0,5336,-2100,2026-06-22,22,0,0622,True,False,False,2F,2011-2022,2011,2022,8,5,12,medium,R,8,8,N,2F_R_N,86.8815592203898,8,22,0,90.79545454545455,100.0,1693.3333333333333,100.0,0.0,0.0,372.72727272727275,100.34965457588144,0.36363636363636365,27.27272727272727,0.0,0.0,27.27272727272727,255.19501632399243,v9b_blend_05,2026-06-22,Monday,44
20260622,2121,痛いのは嫌なので防御力に極振りしたいと思います。,1,0,1603,100,2026-06-22,22,0,0622,True,False,False,2F,2115-2128,2115,2128,7,8,14,medium,R,7,8,N,2F_R_N,102.07943439384488,8,22,0,90.79545454545455,100.0,1693.3333333333333,100.0,0.0,0.0,-21.59090909090909,94.48178525377644,0.36363636363636365,25.0,0.0,0.0,25.0,254.96774359671969,v9b_blend_05,2026-06-22,Monday,45
20260622,2094,マギアレコード 魔法少女まどか☆マギカ外伝,4,0,1267,-600,2026-06-22,22,0,0622,True,False,False,2F,2089-2101,2089,2101,6,8,13,medium,R,6,8,N,2F_R_N,84.21468034727704,8,22,0,90.79545454545455,100.0,1693.3333333333333,100.0,0.0,0.0,161.36363636363637,97.09951873120018,0.3522727272727273,25.0,0.0,0.0,25.0,254.96774359671969,v9b_blend_05,2026-06-22,Monday,46
20260622,2084,マギアレコード 魔法少女まどか☆マギカ外伝,4,0,3916,6300,2026-06-22,22,0,0622,True,False,False,2F,2077-2088,2077,2088,8,5,12,medium,R,8,8,N,2F_R_N,153.6261491317671,8,22,0,90.79545454545455,100.0,1693.3333333333333,100.0,0.0,0.0,-712.5,94.91884328255554,0.2840909090909091,23.863636363636363,0.0,0.0,23.863636363636363,254.8541072330833,v9b_blend_05,2026-06-22,Monday,47
20260622,2147,バイオハザード RE:3,7,0,167,200,2026-06-22,22,0,0622,True,False,False,2F,2143-2154,2143,2154,5,8,12,medium,R,5,8,N,2F_R_N,139.9201596806387,8,22,0,90.79545454545455,100.0,1693.3333333333333,100.0,0.0,0.0,-326.1363636363636,94.82875648545252,0.3181818181818182,22.727272727272727,0.0,0.0,22.727272727272727,254.74047086944697,v9b_blend_05,2026-06-22,Monday,48
20260622,3202,新ハナビ,2,0,2747,-700,2026-06-22,22,0,0622,True,False,False,3F,3191-3208,3191,3208,12,7,18,large,L,7,12,N,3F_L_N,91.50588520810581,12,22,0,111.36363636363636,150.0,1300.0,-100.0,-10.113636363636363,0.0,111.36363636363636,97.96813212385446,0.4090909090909091,19.318181818181817,0.0,0.0,19.318181818181817,250.96846590909092,v9b_blend_05,2026-06-22,Monday,49
20260622,2006,ゴッドイーター リザレクション,6,0,566,-500,2026-06-22,22,0,0622,True,False,False,2F,2001-2010,2001,2010,6,5,10,small,L,6,6,N,2F_L_N,70.55359246171967,6,22,0,575.0,150.0,282.5,334.1666666666667,0.0,50.0,575.0,100.72234932354569,0.36363636363636365,28.40909090909091,0.0,0.0,28.40909090909091,248.38928225800038,v9b_blend_05,2026-06-22,Monday,50
20260622,2116,痛いのは嫌なので防御力に極振りしたいと思います。,6,0,1249,-700,2026-06-22,22,0,0622,True,False,False,2F,2115-2128,2115,2128,2,13,14,medium,R,2,13,N,2F_R_N,81.31838804376835,13,22,0,164.77272727272728,0.0,1330.7692307692307,412.8205128205128,0.0,50.0,238.63636363636363,100.00816514809948,0.3068181818181818,28.40909090909091,0.0,0.0,28.40909090909091,241.1071217153945,v9b_blend_05,2026-06-22,Monday,51
20260622,2089,マギアレコード 魔法少女まどか☆マギカ外伝,9,0,6737,-3000,2026-06-22,22,0,0622,True,False,False,2F,2089-2101,2089,2101,1,13,13,medium,R,1,13,N,2F_R_N,85.1565978922369,13,22,0,164.77272727272728,0.0,1330.7692307692307,412.8205128205128,0.0,50.0,-135.22727272727272,94.08547624160447,0.3068181818181818,26.136363636363637,0.0,0.0,26.136363636363637,240.87984898812178,v9b_blend_05,2026-06-22,Monday,52
20260622,2236,モンキーターンV,6,0,3139,-1700,2026-06-22,22,0,0622,True,False,False,2F,2230-2246,2230,2246,7,11,17,large,R,7,11,N,2F_R_N,81.94754167994053,11,22,0,261.3636363636364,200.0,997.2222222222222,77.77777777777777,0.0,50.0,294.3181818181818,97.35245962483803,0.38636363636363635,29.545454545454547,0.0,0.0,29.545454545454547,230.55314771269775,v9b_blend_05,2026-06-22,Monday,53
20260622,2270,北斗の拳 転生の章2,0,0,226,400,2026-06-22,22,0,0622,True,False,False,2F,2264-2280,2264,2280,7,11,17,large,R,7,11,N,2F_R_N,158.99705014749264,11,22,0,261.3636363636364,200.0,997.2222222222222,77.77777777777777,0.0,50.0,-39.77272727272727,99.02837323917228,0.3409090909090909,25.0,0.0,0.0,25.0,230.0986022581523,v9b_blend_05,2026-06-22,Monday,54
20260622,2114,モンスターハンターライズ,4,0,3312,-3000,2026-06-22,22,0,0622,True,False,False,2F,2102-2114,2102,2114,13,1,13,medium,R,13,13,N,2F_R_N,69.80676328502415,13,22,0,164.77272727272728,0.0,1330.7692307692307,412.8205128205128,0.0,0.0,840.9090909090909,108.27161785211098,0.5,39.77272727272727,0.0,0.0,39.77272727272727,227.54778205975305,v9b_blend_05,2026-06-22,Monday,55
20260622,2141,バイオハザード RE:3,1,0,473,-400,2026-06-22,22,0,0622,True,False,False,2F,2129-2142,2129,2142,13,2,14,medium,R,13,13,N,2F_R_N,71.81113460183226,13,22,0,164.77272727272728,0.0,1330.7692307692307,412.8205128205128,0.0,0.0,-285.22727272727275,93.35905113181063,0.19318181818181818,14.772727272727273,0.0,0.0,14.772727272727273,225.04778205975305,v9b_blend_05,2026-06-22,Monday,56
20260622,2190,化物語,0,0,2781,500,2026-06-22,22,0,0622,True,False,False,2F,2187-2195,2187,2195,4,6,9,small,R,4,4,N,2F_R_N,105.99304806424547,4,22,0,576.1363636363636,150.0,-550.0,2066.6666666666665,0.0,50.0,576.1363636363636,103.28437771337758,0.4772727272727273,43.18181818181818,0.0,0.0,43.18181818181818,220.7271415523339,v9b_blend_05,2026-06-22,Monday,57
20260622,2324,ガールズ&パンツァー 最終章,4,0,2531,-100,2026-06-22,22,0,0622,True,False,False,2F,2314-2329,2314,2329,11,6,16,large,R,11,11,N,2F_R_N,98.68299749769524,11,22,0,261.3636363636364,200.0,997.2222222222222,77.77777777777777,0.0,0.0,548.8636363636364,112.09969391755618,0.4772727272727273,40.909090909090914,0.0,0.0,40.909090909090914,216.99380805705624,v9b_blend_05,2026-06-22,Monday,58
20260622,2303,アズールレーン THE ANIMATION,3,0,3798,900,2026-06-22,22,0,0622,True,False,False,2F,2298-2313,2298,2313,6,11,16,large,R,6,11,N,2F_R_N,107.89889415481832,11,22,0,261.3636363636364,200.0,997.2222222222222,77.77777777777777,0.0,0.0,726.1363636363636,109.70378659384724,0.4431818181818182,39.77272727272727,0.0,0.0,39.77272727272727,216.88017169341992,v9b_blend_05,2026-06-22,Monday,59
20260622,2257,スマスロ北斗の拳,7,0,1174,6000,2026-06-22,22,0,0622,True,False,False,2F,2247-2263,2247,2263,11,7,17,large,R,11,11,N,2F_R_N,270.3577512776831,11,22,0,261.3636363636364,200.0,997.2222222222222,77.77777777777777,0.0,0.0,460.22727272727275,103.14243521785934,0.5113636363636364,38.63636363636363,0.0,0.0,38.63636363636363,216.76653532978355,v9b_blend_05,2026-06-22,Monday,60
20260622,2223,モンキーターンV,3,0,3666,2900,2026-06-22,22,0,0622,True,False,False,2F,2213-2229,2213,2229,11,7,17,large,R,11,11,N,2F_R_N,126.36843062374979,11,22,0,261.3636363636364,200.0,997.2222222222222,77.77777777777777,0.0,0.0,130.6818181818182,101.91358630451838,0.4318181818181818,35.22727272727273,0.0,0.0,35.22727272727273,216.42562623887443,v9b_blend_05,2026-06-22,Monday,61
20260622,2202,スマスロ炎炎ノ消防隊2,2,0,6562,-1200,2026-06-22,22,0,0622,True,False,False,2F,2196-2212,2196,2212,7,11,17,large,R,7,11,N,2F_R_N,93.90429747028345,11,22,0,261.3636363636364,200.0,997.2222222222222,77.77777777777777,0.0,0.0,-275.0,98.62039649034496,0.3181818181818182,28.40909090909091,0.0,0.0,28.40909090909091,215.74380805705624,v9b_blend_05,2026-06-22,Monday,62
20260622,2291,かぐや様は告らせたい,1,0,5706,-1200,2026-06-22,22,0,0622,True,False,False,2F,2281-2297,2281,2297,11,7,17,large,R,11,11,N,2F_R_N,92.98983526112863,11,22,0,261.3636363636364,200.0,997.2222222222222,77.77777777777777,0.0,0.0,245.45454545454547,100.19330618088051,0.3409090909090909,28.40909090909091,0.0,0.0,28.40909090909091,215.74380805705624,v9b_blend_05,2026-06-22,Monday,63
20260622,2096,マギアレコード 魔法少女まどか☆マギカ外伝,6,0,736,-500,2026-06-22,22,0,0622,True,False,False,2F,2089-2101,2089,2101,8,6,13,medium,L,8,6,N,2F_L_N,77.35507246376811,6,22,0,357.04545454545456,200.0,282.5,334.1666666666667,0.0,50.0,551.1363636363636,99.39625162485248,0.4318181818181818,36.36363636363637,0.0,0.0,36.36363636363637,215.31711927195028,v9b_blend_05,2026-06-22,Monday,64
20260622,2016,甲鉄城のカバネリ 海門(うなと)決戦,6,0,4002,-2600,2026-06-22,22,0,0622,True,False,False,2F,2011-2022,2011,2022,6,7,12,medium,L,6,6,N,2F_L_N,78.34416125270698,6,22,0,357.04545454545456,200.0,282.5,334.1666666666667,0.0,50.0,718.1818181818181,104.95301215301556,0.375,32.95454545454545,0.0,0.0,32.95454545454545,214.9762101810412,v9b_blend_05,2026-06-22,Monday,65
20260622,2149,バイオハザード RE:3,9,0,906,-700,2026-06-22,22,0,0622,True,False,False,2F,2143-2154,2143,2154,7,6,12,medium,L,7,6,N,2F_L_N,74.2457689477557,6,22,0,357.04545454545456,200.0,282.5,334.1666666666667,0.0,50.0,273.8636363636364,96.99177259005282,0.3522727272727273,27.27272727272727,0.0,0.0,27.27272727272727,214.4080283628594,v9b_blend_05,2026-06-22,Monday,66
20260622,2058,戦国乙女5 業火を穿つ宿焔の双刃,8,0,6033,-2400,2026-06-22,22,0,0622,True,False,False,2F,2053-2064,2053,2064,6,7,12,medium,L,6,6,N,2F_L_N,86.73959887286591,6,22,0,357.04545454545456,200.0,282.5,334.1666666666667,0.0,0.0,331.8181818181818,99.60798642389551,0.4431818181818182,38.63636363636363,0.0,0.0,38.63636363636363,209.61894106026534,v9b_blend_05,2026-06-22,Monday,67
20260622,2107,モンスターハンターライズ,7,0,1121,-600,2026-06-22,22,0,0622,True,False,False,2F,2102-2114,2102,2114,6,8,13,medium,L,6,6,N,2F_L_N,82.15878679750223,6,22,0,357.04545454545456,200.0,282.5,334.1666666666667,0.0,0.0,989.7727272727273,111.35328789469219,0.4090909090909091,37.5,0.0,0.0,37.5,209.50530469662897,v9b_blend_05,2026-06-22,Monday,68
20260622,2047,甲鉄城のカバネリ 海門(うなと)決戦,7,0,2215,-1100,2026-06-22,22,0,0622,True,False,False,2F,2041-2052,2041,2052,7,6,12,medium,L,7,6,N,2F_L_N,83.44620015048909,6,22,0,357.04545454545456,200.0,282.5,334.1666666666667,0.0,0.0,713.6363636363636,101.82371683862173,0.45454545454545453,37.5,0.0,0.0,37.5,209.50530469662897,v9b_blend_05,2026-06-22,Monday,69
20260622,2134,甲鉄城のカバネリ,4,0,1945,-1900,2026-06-22,22,0,0622,True,False,False,2F,2129-2142,2129,2142,6,9,14,medium,L,6,6,N,2F_L_N,67.43787489288775,6,22,0,357.04545454545456,200.0,282.5,334.1666666666667,0.0,0.0,53.40909090909091,99.58938020796795,0.45454545454545453,35.22727272727273,0.0,0.0,35.22727272727273,209.27803196935628,v9b_blend_05,2026-06-22,Monday,70
20260622,2123,戦国乙女4 戦乱に閃く炯眼の軍師,3,0,3990,-3600,2026-06-22,22,0,0622,True,False,False,2F,2115-2128,2115,2128,9,6,14,medium,L,9,6,N,2F_L_N,69.92481203007519,6,22,0,357.04545454545456,200.0,282.5,334.1666666666667,0.0,0.0,348.8636363636364,102.67809570391229,0.32954545454545453,28.40909090909091,0.0,0.0,28.40909090909091,208.5962137875381,v9b_blend_05,2026-06-22,Monday,71
20260622,2071,戦国乙女5 業火を穿つ宿焔の双刃,1,0,4526,3000,2026-06-22,22,0,0622,True,False,False,2F,2065-2076,2065,2076,7,6,12,medium,L,7,6,N,2F_L_N,122.09456473707468,6,22,0,357.04545454545456,200.0,282.5,334.1666666666667,0.0,0.0,-377.27272727272725,98.23429528448719,0.3409090909090909,26.136363636363637,0.0,0.0,26.136363636363637,208.36894106026534,v9b_blend_05,2026-06-22,Monday,72
20260622,2082,マギアレコード 魔法少女まどか☆マギカ外伝,2,0,4286,0,2026-06-22,22,0,0622,True,False,False,2F,2077-2088,2077,2088,6,7,12,medium,L,6,6,N,2F_L_N,100.0,6,22,0,357.04545454545456,200.0,282.5,334.1666666666667,0.0,0.0,-32.95454545454545,98.7014767231265,0.32954545454545453,25.0,0.0,0.0,25.0,208.25530469662897,v9b_blend_05,2026-06-22,Monday,73
20260622,3335,ネオアイムジャグラーEX,5,0,7686,-500,2026-06-22,22,0,0622,True,False,False,3F,3325-3340,3325,3340,11,6,16,large,R,11,11,A,3F_R_A,97.8315552086044,11,22,0,275.90909090909093,200.0,327.27272727272725,268.42105263157896,0.0,50.0,297.72727272727275,97.31338879311784,0.4318181818181818,31.818181818181817,100.0,0.0,31.818181818181817,205.04342105263157,v9b_blend_05,2026-06-22,Monday,74
20260622,3305,ウルトラミラクルジャグラー,5,0,828,-600,2026-06-22,22,0,0622,True,False,False,3F,3295-3309,3295,3309,11,5,15,large,R,11,11,A,3F_R_A,75.84541062801932,11,22,0,275.90909090909093,200.0,327.27272727272725,268.42105263157896,0.0,50.0,297.72727272727275,98.4808305659623,0.4318181818181818,28.40909090909091,100.0,0.0,28.40909090909091,204.7025119617225,v9b_blend_05,2026-06-22,Monday,75
20260622,3011,キングハナハナ-30,1,1,7350,1600,2026-06-22,22,0,0622,True,False,False,3F,3001-3016,3001,3016,11,6,16,large,R,11,11,A,3F_R_A,107.2562358276644,11,22,0,275.90909090909093,200.0,327.27272727272725,268.42105263157896,0.0,0.0,519.3181818181819,99.97606287890025,0.45454545454545453,35.22727272727273,100.0,0.0,35.22727272727273,204.2593301435407,v9b_blend_05,2026-06-22,Monday,76
20260622,3342,ネオアイムジャグラーEX,2,0,2383,1200,2026-06-22,22,0,0622,True,False,False,3F,3341-3362,3341,3362,2,21,22,large,R,21,21,A,3F_R_A,116.78556441460344,21,22,0,305.6818181818182,0.0,1650.0,-33.333333333333336,0.0,0.0,305.6818181818182,96.22865248679642,0.42045454545454547,28.40909090909091,100.0,0.0,28.40909090909091,204.11363636363635,v9b_blend_05,2026-06-22,Monday,77
20260622,3275,マイジャグラーV,5,0,2861,-500,2026-06-22,22,0,0622,True,False,False,3F,3265-3280,3265,3280,11,6,16,large,R,11,11,A,3F_R_A,94.1745310497495,11,22,0,275.90909090909093,200.0,327.27272727272725,268.42105263157896,0.0,50.0,29.545454545454547,97.46302998261284,0.38636363636363635,20.454545454545457,100.0,0.0,20.454545454545457,203.90705741626795,v9b_blend_05,2026-06-22,Monday,78
20260622,3314,ミスタージャグラー,4,0,1841,-600,2026-06-22,22,0,0622,True,False,False,3F,3310-3324,3310,3324,5,11,15,large,R,5,11,A,3F_R_A,89.13633894622488,11,22,0,275.90909090909093,200.0,327.27272727272725,268.42105263157896,0.0,0.0,235.22727272727272,97.58411687026393,0.4318181818181818,23.863636363636363,100.0,0.0,23.863636363636363,203.122966507177,v9b_blend_05,2026-06-22,Monday,79
20260622,2159,ディスクアップ ULTRAREMIX,9,0,968,-400,2026-06-22,22,0,0622,True,False,False,2F,2155-2164,2155,2164,5,6,10,small,L,5,5,N,2F_L_N,86.22589531680441,5,22,0,217.61363636363637,200.0,763.0434782608696,-190.2173913043478,0.0,50.0,246.5909090909091,99.69638135208687,0.4772727272727273,35.22727272727273,0.0,0.0,35.22727272727273,189.78376703066766,v9b_blend_05,2026-06-22,Monday,80
20260622,2036,甲鉄城のカバネリ 海門(うなと)決戦,6,0,4364,-4100,2026-06-22,22,0,0622,True,False,False,2F,2032-2040,2032,2040,5,5,9,small,L,5,5,N,2F_L_N,68.68316529178125,5,22,0,217.61363636363637,200.0,763.0434782608696,-190.2173913043478,0.0,50.0,559.0909090909091,101.70107238022314,0.42045454545454547,30.681818181818183,0.0,0.0,30.681818181818183,189.32922157612217,v9b_blend_05,2026-06-22,Monday,81
20260622,2005,ゴッドイーター リザレクション,5,0,3275,1100,2026-06-22,22,0,0622,True,False,False,2F,2001-2010,2001,2010,5,6,10,small,L,5,5,N,2F_L_N,111.19592875318065,5,22,0,217.61363636363637,200.0,763.0434782608696,-190.2173913043478,0.0,50.0,-248.86363636363637,93.37082716822475,0.3068181818181818,19.318181818181817,0.0,0.0,19.318181818181817,188.19285793975854,v9b_blend_05,2026-06-22,Monday,82
20260622,3055,革命機ヴァルヴレイヴ,5,1,5508,8800,2026-06-22,22,0,0622,True,False,False,3F,3043-3057,3043,3057,13,3,15,large,L,13,3,N,3F_L_N,153.2558702493343,3,22,0,162.64204545454547,0.0,322.72727272727275,446.969696969697,198.4090909090909,50.0,626.1363636363636,102.25420163549505,0.375,34.090909090909086,0.0,0.0,34.090909090909086,186.0458806818182,v9b_blend_05,2026-06-22,Monday,83
20260622,3085,ToLOVEるダークネス TRANCE ver.8.7,5,0,5500,-500,2026-06-22,22,0,0622,True,False,False,3F,3073-3087,3073,3087,13,3,15,large,L,13,3,N,3F_L_N,96.96969696969697,3,22,0,162.64204545454547,0.0,322.72727272727275,446.969696969697,198.4090909090909,50.0,37.5,97.03903519844985,0.3977272727272727,32.95454545454545,0.0,0.0,32.95454545454545,185.93224431818183,v9b_blend_05,2026-06-22,Monday,84
20260622,2027,甲鉄城のカバネリ 海門(うなと)決戦,7,0,2675,-300,2026-06-22,22,0,0622,True,False,False,2F,2023-2031,2023,2031,5,5,9,small,L,5,5,N,2F_L_N,96.26168224299066,5,22,0,217.61363636363637,200.0,763.0434782608696,-190.2173913043478,0.0,0.0,313.6363636363636,98.82187771723467,0.32954545454545453,28.40909090909091,0.0,0.0,28.40909090909091,183.1764979098918,v9b_blend_05,2026-06-22,Monday,85
20260622,3336,ネオアイムジャグラーEX,6,0,3180,400,2026-06-22,22,0,0622,True,False,False,3F,3325-3340,3325,3340,12,5,16,large,R,12,12,A,3F_R_A,104.19287211740043,12,22,0,240.9090909090909,150.0,500.0,16.551724137931036,0.0,50.0,357.95454545454544,98.68275354091989,0.5,31.818181818181817,100.0,0.0,31.818181818181817,171.4126959247649,v9b_blend_05,2026-06-22,Monday,86
20260622,3306,ウルトラミラクルジャグラー,6,0,1581,-200,2026-06-22,22,0,0622,True,False,False,3F,3295-3309,3295,3309,12,4,15,large,R,12,12,A,3F_R_A,95.78325954037528,12,22,0,240.9090909090909,150.0,500.0,16.551724137931036,0.0,50.0,260.22727272727275,97.48456850515385,0.4090909090909091,26.136363636363637,100.0,0.0,26.136363636363637,170.8445141065831,v9b_blend_05,2026-06-22,Monday,87
20260622,3276,マイジャグラーV,6,0,4889,-800,2026-06-22,22,0,0622,True,False,False,3F,3265-3280,3265,3280,12,5,16,large,R,12,12,A,3F_R_A,94.54557850957933,12,22,0,240.9090909090909,150.0,500.0,16.551724137931036,0.0,50.0,64.77272727272727,98.28605363318107,0.4318181818181818,25.0,100.0,0.0,25.0,170.73087774294672,v9b_blend_05,2026-06-22,Monday,88
20260622,3320,ジャグラーガールズ,0,0,7232,0,2026-06-22,22,0,0622,True,False,False,3F,3310-3324,3310,3324,11,5,15,large,L,11,5,A,3F_L_A,100.0,5,22,0,295.6439393939394,0.0,380.7692307692308,83.33333333333333,0.0,50.0,355.6818181818182,99.38768551078114,0.5340909090909091,37.5,100.0,0.0,37.5,170.66450683948617,v9b_blend_05,2026-06-22,Monday,89
20260622,3269,マイジャグラーV,9,0,4368,-400,2026-06-22,22,0,0622,True,False,False,3F,3265-3280,3265,3280,5,12,16,large,L,5,5,A,3F_L_A,96.94749694749694,5,22,0,295.6439393939394,0.0,380.7692307692308,83.33333333333333,0.0,50.0,443.1818181818182,99.50313070525114,0.5113636363636364,37.5,100.0,0.0,37.5,170.66450683948617,v9b_blend_05,2026-06-22,Monday,90
20260622,3326,ネオアイムジャグラーEX,6,0,4805,0,2026-06-22,22,0,0622,True,False,False,3F,3325-3340,3325,3340,2,15,16,large,L,2,2,A,3F_L_A,100.0,2,22,0,178.78787878787878,0.0,573.0769230769231,28.846153846153847,0.0,50.0,102.27272727272727,96.48984173566336,0.38636363636363635,27.27272727272727,100.0,0.0,27.27272727272727,170.49978727296002,v9b_blend_05,2026-06-22,Monday,91
20260622,3012,キングハナハナ-30,2,0,7841,1600,2026-06-22,22,0,0622,True,False,False,3F,3001-3016,3001,3016,12,5,16,large,R,12,12,A,3F_R_A,106.80185350508013,12,22,0,240.9090909090909,150.0,500.0,16.551724137931036,0.0,0.0,371.59090909090907,99.5330696182071,0.4772727272727273,32.95454545454545,100.0,0.0,32.95454545454545,170.40133228840125,v9b_blend_05,2026-06-22,Monday,92
20260622,3266,マイジャグラーV,6,1,8459,2000,2026-06-22,22,0,0622,True,False,False,3F,3265-3280,3265,3280,2,15,16,large,L,2,2,A,3F_L_A,107.88115222445522,2,22,0,178.78787878787878,0.0,573.0769230769231,28.846153846153847,0.0,50.0,228.4090909090909,98.6906225685606,0.48863636363636365,26.136363636363637,100.0,0.0,26.136363636363637,170.38615090932367,v9b_blend_05,2026-06-22,Monday,93
20260622,3299,ハッピージャグラーVIII,9,1,7267,300,2026-06-22,22,0,0622,True,False,False,3F,3295-3309,3295,3309,5,11,15,large,L,5,5,A,3F_L_A,101.37608366588688,5,22,0,295.6439393939394,0.0,380.7692307692308,83.33333333333333,0.0,50.0,445.45454545454544,98.624528012453,0.5113636363636364,32.95454545454545,100.0,0.0,32.95454545454545,170.2099613849407,v9b_blend_05,2026-06-22,Monday,94
20260622,3351,ネオアイムジャグラーEX,1,0,8243,1800,2026-06-22,22,0,0622,True,False,False,3F,3341-3362,3341,3362,11,12,22,large,R,12,12,A,3F_R_A,107.27890331190099,12,22,0,240.9090909090909,150.0,500.0,16.551724137931036,0.0,0.0,236.36363636363637,96.24795342792498,0.3977272727272727,29.545454545454547,100.0,0.0,29.545454545454547,170.06042319749218,v9b_blend_05,2026-06-22,Monday,95
20260622,3313,ミスタージャグラー,3,0,1724,-800,2026-06-22,22,0,0622,True,False,False,3F,3310-3324,3310,3324,4,12,15,large,R,4,12,A,3F_R_A,84.5320959010054,12,22,0,240.9090909090909,150.0,500.0,16.551724137931036,0.0,0.0,154.54545454545453,97.43653258194576,0.45454545454545453,27.27272727272727,100.0,0.0,27.27272727272727,169.83315047021944,v9b_blend_05,2026-06-22,Monday,96
20260622,3296,ハッピージャグラーVIII,6,0,1261,-500,2026-06-22,22,0,0622,True,False,False,3F,3295-3309,3295,3309,2,14,15,large,L,2,2,A,3F_L_A,86.78297647369813,2,22,0,178.78787878787878,0.0,573.0769230769231,28.846153846153847,0.0,50.0,180.6818181818182,97.03978353829598,0.3409090909090909,20.454545454545457,100.0,0.0,20.454545454545457,169.81796909114183,v9b_blend_05,2026-06-22,Monday,97
20260622,3166,ファンキージャグラー2,6,1,8246,-500,2026-06-22,22,0,0622,True,False,False,3F,3156-3167,3156,3167,11,2,12,medium,L,11,2,A,3F_L_A,97.97881801277387,2,22,0,174.4318181818182,0.0,573.0769230769231,28.846153846153847,0.0,50.0,355.6818181818182,98.00003312801672,0.38636363636363635,30.681818181818183,100.0,0.0,30.681818181818183,169.77396605658345,v9b_blend_05,2026-06-22,Monday,98
20260622,3329,ネオアイムジャグラーEX,9,0,4269,100,2026-06-22,22,0,0622,True,False,False,3F,3325-3340,3325,3340,5,12,16,large,L,5,5,A,3F_L_A,100.78082298742873,5,22,0,295.6439393939394,0.0,380.7692307692308,83.33333333333333,0.0,50.0,271.59090909090907,96.3419227684364,0.4431818181818182,28.40909090909091,100.0,0.0,28.40909090909091,169.75541593039526,v9b_blend_05,2026-06-22,Monday,99
20260622,3005,キングハナハナ-30,5,0,6669,3000,2026-06-22,22,0,0622,True,False,False,3F,3001-3016,3001,3016,5,12,16,large,L,5,5,A,3F_L_A,114.9947518368571,5,22,0,295.6439393939394,0.0,380.7692307692308,83.33333333333333,0.0,50.0,255.6818181818182,98.01329708660627,0.36363636363636365,27.27272727272727,100.0,0.0,27.27272727272727,169.64177956675888,v9b_blend_05,2026-06-22,Monday,100
20260622,3169,ゴーゴージャグラー3,9,0,3070,1100,2026-06-22,22,0,0622,True,False,False,3F,3168-3180,3168,3180,2,12,13,medium,L,2,2,A,3F_L_A,111.94353963083606,2,22,0,174.4318181818182,0.0,573.0769230769231,28.846153846153847,0.0,50.0,163.63636363636363,97.16880346218473,0.3977272727272727,27.27272727272727,100.0,0.0,27.27272727272727,169.43305696567435,v9b_blend_05,2026-06-22,Monday,101
20260622,3236,東京喰種,6,0,4514,100,2026-06-22,22,0,0622,True,False,False,3F,3234-3249,3234,3249,3,14,16,large,L,3,3,N,3F_L_N,100.73844336139419,3,22,0,162.64204545454547,0.0,322.72727272727275,446.969696969697,20.2020202020202,50.0,864.7727272727273,110.60630831372933,0.45454545454545453,38.63636363636363,0.0,0.0,38.63636363636363,169.12523674242428,v9b_blend_05,2026-06-22,Monday,102
20260622,3145,ファンキージャグラー2,5,0,2395,1200,2026-06-22,22,0,0622,True,False,False,3F,3144-3155,3144,3155,2,11,12,medium,L,2,2,A,3F_L_A,116.70146137787056,2,22,0,174.4318181818182,0.0,573.0769230769231,28.846153846153847,0.0,50.0,189.77272727272728,96.37869825374793,0.42045454545454547,22.727272727272727,100.0,0.0,22.727272727272727,168.97851151112891,v9b_blend_05,2026-06-22,Monday,103
20260622,3002,キングハナハナ-30,2,0,3498,-500,2026-06-22,22,0,0622,True,False,False,3F,3001-3016,3001,3016,2,15,16,large,L,2,2,A,3F_L_A,95.23537259386316,2,22,0,178.78787878787878,0.0,573.0769230769231,28.846153846153847,0.0,0.0,238.63636363636363,99.12281432814824,0.4772727272727273,34.090909090909086,100.0,0.0,34.090909090909086,168.09111557371028,v9b_blend_05,2026-06-22,Monday,104
20260622,3361,ネオアイムジャグラーEX,1,0,5833,700,2026-06-22,22,0,0622,True,False,False,3F,3341-3362,3341,3362,21,2,22,large,L,2,2,A,3F_L_A,104.00022858449054,2,22,0,178.78787878787878,0.0,573.0769230769231,28.846153846153847,0.0,0.0,60.22727272727273,97.32044301139209,0.36363636363636365,28.40909090909091,100.0,0.0,28.40909090909091,167.52293375552847,v9b_blend_05,2026-06-22,Monday,105
20260622,3323,ジャグラーガールズ,3,0,3904,-1200,2026-06-22,22,0,0622,True,False,False,3F,3310-3324,3310,3324,14,2,15,large,L,14,2,A,3F_L_A,89.75409836065575,2,22,0,178.78787878787878,0.0,573.0769230769231,28.846153846153847,0.0,0.0,262.5,98.22441689762765,0.4318181818181818,26.136363636363637,100.0,0.0,26.136363636363637,167.29566102825575,v9b_blend_05,2026-06-22,Monday,106
20260622,2341,少女☆歌劇 レヴュースタァライト ‐The SLOT‐,1,0,7843,-200,2026-06-22,22,0,0622,True,False,False,2F,2330-2351,2330,2351,12,11,22,large,L,11,11,N,2F_L_N,99.14998512473969,11,22,0,185.22727272727272,200.0,850.0,-425.0,0.0,0.0,185.22727272727272,98.41018235098056,0.29545454545454547,25.0,0.0,0.0,25.0,167.08547077469046,v9b_blend_05,2026-06-22,Monday,107
20260622,3060,ミリオンゴッド‐神々の軌跡‐,0,0,2093,-1300,2026-06-22,22,0,0622,True,False,False,3F,3058-3072,3058,3072,3,13,15,large,L,3,3,N,3F_L_N,79.29606625258799,3,22,0,162.64204545454547,0.0,322.72727272727275,446.969696969697,6.25,50.0,70.45454545454545,100.34692060737414,0.3409090909090909,30.681818181818183,0.0,0.0,30.681818181818183,166.96946022727275,v9b_blend_05,2026-06-22,Monday,108
20260622,3090,革命機ヴァルヴレイヴ2,0,0,1081,-800,2026-06-22,22,0,0622,True,False,False,3F,3088-3102,3088,3102,3,13,15,large,L,3,3,N,3F_L_N,75.33148319457293,3,22,0,162.64204545454547,0.0,322.72727272727275,446.969696969697,6.25,50.0,44.31818181818182,97.47756031739705,0.36363636363636365,27.27272727272727,0.0,0.0,27.27272727272727,166.62855113636365,v9b_blend_05,2026-06-22,Monday,109
20260622,3118,マイジャグラーV,8,0,5748,0,2026-06-22,22,0,0622,True,False,False,3F,3117-3130,3117,3130,2,13,14,medium,L,2,2,A,3F_L_A,100.0,2,22,0,174.4318181818182,0.0,573.0769230769231,28.846153846153847,0.0,0.0,137.5,97.60714991722307,0.38636363636363635,27.27272727272727,100.0,0.0,27.27272727272727,166.34256708460643,v9b_blend_05,2026-06-22,Monday,110
20260622,3142,マイジャグラーV,2,0,1969,-400,2026-06-22,22,0,0622,True,False,False,3F,3131-3143,3131,3143,12,2,13,medium,L,12,2,A,3F_L_A,93.22837311664128,2,22,0,174.4318181818182,0.0,573.0769230769231,28.846153846153847,0.0,0.0,252.27272727272728,99.09547383424989,0.4772727272727273,27.27272727272727,100.0,0.0,27.27272727272727,166.34256708460643,v9b_blend_05,2026-06-22,Monday,111
20260622,3358,ネオアイムジャグラーEX,8,0,6578,2900,2026-06-22,22,0,0622,True,False,False,3F,3341-3362,3341,3362,18,5,22,large,L,5,5,A,3F_L_A,114.69544947805817,5,22,0,295.6439393939394,0.0,380.7692307692308,83.33333333333333,0.0,0.0,2.272727272727273,94.99053917715688,0.3977272727272727,25.0,100.0,0.0,25.0,166.32401695841824,v9b_blend_05,2026-06-22,Monday,112
20260622,2066,戦国乙女5 業火を穿つ宿焔の双刃,6,1,5782,-2700,2026-06-22,22,0,0622,True,False,False,2F,2065-2076,2065,2076,2,11,12,medium,R,2,11,N,2F_R_N,84.4344517468004,11,22,0,96.13636363636364,0.0,997.2222222222222,77.77777777777777,0.0,50.0,576.1363636363636,107.6435323626642,0.4090909090909091,37.5,0.0,0.0,37.5,165.4281292510397,v9b_blend_05,2026-06-22,Monday,113
20260622,3293,マイジャグラーV,3,0,9306,1000,2026-06-22,22,0,0622,True,False,False,3F,3281-3294,3281,3294,13,2,14,medium,L,13,2,A,3F_L_A,103.5819184755355,2,22,0,174.4318181818182,0.0,573.0769230769231,28.846153846153847,0.0,0.0,-52.27272727272727,97.74178549089429,0.36363636363636365,15.909090909090908,100.0,0.0,15.909090909090908,165.2062034482428,v9b_blend_05,2026-06-22,Monday,114
20260622,2139,バイオハザード RE:3,9,0,239,-100,2026-06-22,22,0,0622,True,False,False,2F,2129-2142,2129,2142,11,4,14,medium,R,11,11,N,2F_R_N,86.05299860529986,11,22,0,96.13636363636364,0.0,997.2222222222222,77.77777777777777,0.0,50.0,523.8636363636364,103.49787410760797,0.42045454545454547,30.681818181818183,0.0,0.0,30.681818181818183,164.74631106922152,v9b_blend_05,2026-06-22,Monday,115
20260622,3343,ネオアイムジャグラーEX,3,0,814,0,2026-06-22,22,0,0622,True,False,False,3F,3341-3362,3341,3362,3,20,22,large,R,20,20,A,3F_R_A,100.0,20,22,0,330.6818181818182,0.0,750.0,483.3333333333333,0.0,0.0,330.6818181818182,98.5084928708747,0.45454545454545453,28.40909090909091,100.0,0.0,28.40909090909091,162.48863636363635,v9b_blend_05,2026-06-22,Monday,116
20260622,3231,東京喰種,1,0,1697,-1500,2026-06-22,22,0,0622,True,False,False,3F,3218-3233,3218,3233,14,3,16,large,L,14,3,N,3F_L_N,70.53624042427813,3,22,0,162.64204545454547,0.0,322.72727272727275,446.969696969697,8.333333333333334,0.0,-336.3636363636364,99.33299770256986,0.375,31.818181818181817,0.0,0.0,31.818181818181817,162.41122159090912,v9b_blend_05,2026-06-22,Monday,117
20260622,3262,真打 吉宗,2,0,2258,-2600,2026-06-22,22,0,0622,True,False,False,3F,3250-3264,3250,3264,13,3,15,large,L,13,3,N,3F_L_N,61.61795098907588,3,22,0,162.64204545454547,0.0,322.72727272727275,446.969696969697,-10.113636363636363,0.0,-85.22727272727273,97.31392796861965,0.3409090909090909,29.545454545454547,0.0,0.0,29.545454545454547,160.38536931818186,v9b_blend_05,2026-06-22,Monday,118
20260622,2008,ゴッドイーター リザレクション,8,0,963,-200,2026-06-22,22,0,0622,True,False,False,2F,2001-2010,2001,2010,8,3,10,small,L,8,8,N,2F_L_N,93.07718933887158,8,22,0,679.5454545454545,50.0,-115.0,-228.33333333333334,0.0,0.0,679.5454545454545,106.73911090910484,0.375,31.818181818181817,0.0,0.0,31.818181818181817,157.72270648065114,v9b_blend_05,2026-06-22,Monday,119
20260622,3290,マイジャグラーV,0,0,7509,0,2026-06-22,22,0,0622,True,False,False,3F,3281-3294,3281,3294,10,5,14,medium,L,10,5,A,3F_L_A,100.0,5,22,0,191.66666666666666,150.0,380.7692307692308,83.33333333333333,0.0,50.0,275.0,99.7162375936192,0.4772727272727273,29.545454545454547,100.0,0.0,29.545454545454547,157.06928651399124,v9b_blend_05,2026-06-22,Monday,120
20260622,3139,マイジャグラーV,9,0,1779,-500,2026-06-22,22,0,0622,True,False,False,3F,3131-3143,3131,3143,9,5,13,medium,L,9,5,A,3F_L_A,90.63144088439198,5,22,0,191.66666666666666,150.0,380.7692307692308,83.33333333333333,0.0,50.0,213.63636363636363,98.63600168054613,0.4659090909090909,29.545454545454547,100.0,0.0,29.545454545454547,157.06928651399124,v9b_blend_05,2026-06-22,Monday,121
20260622,3193,バーサスリヴァイズ,3,0,347,300,2026-06-22,22,0,0622,True,False,False,3F,3191-3208,3191,3208,3,16,18,large,L,16,3,N,3F_L_N,128.8184438040346,3,22,0,162.64204545454547,0.0,322.72727272727275,446.969696969697,-72.38636363636364,0.0,79.54545454545455,inf,0.4659090909090909,25.0,0.0,0.0,25.0,153.85923295454546,v9b_blend_05,2026-06-22,Monday,122
20260622,3172,ゴーゴージャグラー3,2,0,7026,1000,2026-06-22,22,0,0622,True,False,False,3F,3168-3180,3168,3180,5,9,13,medium,L,5,5,A,3F_L_A,104.74428313881772,5,22,0,191.66666666666666,150.0,380.7692307692308,83.33333333333333,0.0,0.0,128.4090909090909,97.33216859517675,0.3181818181818182,26.136363636363637,100.0,0.0,26.136363636363637,153.63788754201425,v9b_blend_05,2026-06-22,Monday,123
20260622,3163,ファンキージャグラー2,3,0,1104,-500,2026-06-22,22,0,0622,True,False,False,3F,3156-3167,3156,3167,8,5,12,medium,L,8,5,A,3F_L_A,84.90338164251207,5,22,0,191.66666666666666,150.0,380.7692307692308,83.33333333333333,0.0,0.0,125.0,97.49174564496171,0.4431818181818182,26.136363636363637,100.0,0.0,26.136363636363637,153.63788754201425,v9b_blend_05,2026-06-22,Monday,124
20260622,3148,ファンキージャグラー2,8,0,498,-200,2026-06-22,22,0,0622,True,False,False,3F,3144-3155,3144,3155,5,8,12,medium,L,5,5,A,3F_L_A,86.61311914323963,5,22,0,191.66666666666666,150.0,380.7692307692308,83.33333333333333,0.0,0.0,212.5,98.15652407356342,0.3977272727272727,23.863636363636363,100.0,0.0,23.863636363636363,153.4106148147415,v9b_blend_05,2026-06-22,Monday,125
20260622,3199,新ハナビ,9,1,5957,1300,2026-06-22,22,0,0622,True,False,False,3F,3191-3208,3191,3208,9,10,18,large,L,10,9,N,3F_L_N,107.27435510044205,9,22,0,279.54545454545456,100.0,0.0,358.3333333333333,94.64285714285714,50.0,279.54545454545456,99.05069423222427,0.4659090909090909,26.136363636363637,0.0,0.0,26.136363636363637,153.31290584415586,v9b_blend_05,2026-06-22,Monday,126
20260622,3121,マイジャグラーV,1,0,7619,600,2026-06-22,22,0,0622,True,False,False,3F,3117-3130,3117,3130,5,10,14,medium,L,5,5,A,3F_L_A,102.62501640635253,5,22,0,191.66666666666666,150.0,380.7692307692308,83.33333333333333,0.0,0.0,195.45454545454547,98.62241229171495,0.42045454545454547,19.318181818181817,100.0,0.0,19.318181818181817,152.95606936019607,v9b_blend_05,2026-06-22,Monday,127
20260622,3189,ゴーゴージャグラー3,9,0,3429,100,2026-06-22,22,0,0622,True,False,False,3F,3181-3190,3181,3190,9,2,10,small,L,9,2,A,3F_L_A,100.97210070963352,2,22,0,90.9090909090909,50.0,573.0769230769231,28.846153846153847,0.0,50.0,90.9090909090909,96.15930947027574,0.36363636363636365,22.727272727272727,100.0,0.0,22.727272727272727,152.74599164475154,v9b_blend_05,2026-06-22,Monday,128
20260622,2118,痛いのは嫌なので防御力に極振りしたいと思います。,8,0,2833,-1300,2026-06-22,22,0,0622,True,False,False,2F,2115-2128,2115,2128,4,11,14,medium,R,4,11,N,2F_R_N,84.70408283327451,11,22,0,96.13636363636364,0.0,997.2222222222222,77.77777777777777,0.0,0.0,220.45454545454547,100.5622338472206,0.42045454545454547,32.95454545454545,0.0,0.0,32.95454545454545,150.27788050448913,v9b_blend_05,2026-06-22,Monday,129
20260622,2063,戦国乙女5 業火を穿つ宿焔の双刃,3,0,5022,2200,2026-06-22,22,0,0622,True,False,False,2F,2053-2064,2053,2064,11,2,12,medium,R,11,11,N,2F_R_N,114.6024160361078,11,22,0,96.13636363636364,0.0,997.2222222222222,77.77777777777777,0.0,0.0,185.22727272727272,107.6238477924371,0.4090909090909091,30.681818181818183,0.0,0.0,30.681818181818183,150.05060777721638,v9b_blend_05,2026-06-22,Monday,130
20260622,2021,甲鉄城のカバネリ 海門(うなと)決戦,1,0,5040,700,2026-06-22,22,0,0622,True,False,False,2F,2011-2022,2011,2022,11,2,12,medium,R,11,11,N,2F_R_N,104.62962962962963,11,22,0,96.13636363636364,0.0,997.2222222222222,77.77777777777777,0.0,0.0,63.63636363636363,97.90742850800326,0.3409090909090909,27.27272727272727,0.0,0.0,27.27272727272727,149.70969868630732,v9b_blend_05,2026-06-22,Monday,131
20260622,2144,バイオハザード RE:3,4,1,2974,-900,2026-06-22,22,0,0622,True,False,False,2F,2143-2154,2143,2154,2,11,12,medium,R,2,11,N,2F_R_N,89.91257565568259,11,22,0,96.13636363636364,0.0,997.2222222222222,77.77777777777777,0.0,0.0,-386.3636363636364,95.66050760441557,0.375,27.27272727272727,0.0,0.0,27.27272727272727,149.70969868630732,v9b_blend_05,2026-06-22,Monday,132
20260622,2042,甲鉄城のカバネリ 海門(うなと)決戦,2,0,4315,5300,2026-06-22,22,0,0622,True,False,False,2F,2041-2052,2041,2052,2,11,12,medium,R,2,11,N,2F_R_N,140.94244882193897,11,22,0,96.13636363636364,0.0,997.2222222222222,77.77777777777777,0.0,0.0,38.63636363636363,95.0022486594073,0.3409090909090909,26.136363636363637,0.0,0.0,26.136363636363637,149.59606232267095,v9b_blend_05,2026-06-22,Monday,133
20260622,2112,モンスターハンターライズ,2,0,3913,-1700,2026-06-22,22,0,0622,True,False,False,2F,2102-2114,2102,2114,11,3,13,medium,R,11,11,N,2F_R_N,85.51835761138086,11,22,0,96.13636363636364,0.0,997.2222222222222,77.77777777777777,0.0,0.0,240.9090909090909,99.5078404518309,0.3522727272727273,26.136363636363637,0.0,0.0,26.136363636363637,149.59606232267095,v9b_blend_05,2026-06-22,Monday,134
20260622,2087,マギアレコード 魔法少女まどか☆マギカ外伝,7,0,5472,200,2026-06-22,22,0,0622,True,False,False,2F,2077-2088,2077,2088,11,2,12,medium,R,11,11,N,2F_R_N,101.21832358674463,11,22,0,96.13636363636364,0.0,997.2222222222222,77.77777777777777,0.0,0.0,-288.6363636363636,96.17058751920023,0.2840909090909091,23.863636363636363,0.0,0.0,23.863636363636363,149.3687895953982,v9b_blend_05,2026-06-22,Monday,135
20260622,2091,マギアレコード 魔法少女まどか☆マギカ外伝,1,0,4785,600,2026-06-22,22,0,0622,True,False,False,2F,2089-2101,2089,2101,3,11,13,medium,R,3,11,N,2F_R_N,104.17972831765935,11,22,0,96.13636363636364,0.0,997.2222222222222,77.77777777777777,0.0,0.0,-212.5,94.65937152034675,0.29545454545454547,22.727272727272727,0.0,0.0,22.727272727272727,149.25515323176185,v9b_blend_05,2026-06-22,Monday,136
20260622,2199,スマスロ炎炎ノ消防隊2,9,1,4390,-2800,2026-06-22,22,0,0622,True,False,False,2F,2196-2212,2196,2212,4,14,17,large,R,4,14,N,2F_R_N,78.73955960516325,14,22,0,327.14646464646466,50.0,509.09090909090907,-36.36363636363637,0.0,50.0,242.04545454545453,102.44593605566796,0.4659090909090909,42.04545454545455,0.0,0.0,42.04545454545455,147.89850946402893,v9b_blend_05,2026-06-22,Monday,137
20260622,2300,無職転生 ～異世界行ったら本気だす～,0,1,1237,-1200,2026-06-22,22,0,0622,True,False,False,2F,2298-2313,2298,2313,3,14,16,large,R,3,14,N,2F_R_N,67.66370250606305,14,22,0,327.14646464646466,50.0,509.09090909090907,-36.36363636363637,0.0,50.0,197.72727272727272,102.16827181897301,0.4318181818181818,36.36363636363637,0.0,0.0,36.36363636363637,147.3303276458471,v9b_blend_05,2026-06-22,Monday,138
20260622,2226,東京リベンジャーズ,6,0,3007,2500,2026-06-22,22,0,0622,True,False,False,2F,2213-2229,2213,2229,14,4,17,large,R,14,14,N,2F_R_N,127.71311384547168,14,22,0,327.14646464646466,50.0,509.09090909090907,-36.36363636363637,0.0,50.0,348.8636363636364,102.43481224685684,0.4090909090909091,32.95454545454545,0.0,0.0,32.95454545454545,146.98941855493803,v9b_blend_05,2026-06-22,Monday,139
20260622,2260,スマスロ北斗の拳,0,0,221,0,2026-06-22,22,0,0622,True,False,False,2F,2247-2263,2247,2263,14,4,17,large,R,14,14,N,2F_R_N,100.0,14,22,0,327.14646464646466,50.0,509.09090909090907,-36.36363636363637,0.0,50.0,405.6818181818182,102.66498368127763,0.45454545454545453,32.95454545454545,0.0,0.0,32.95454545454545,146.98941855493803,v9b_blend_05,2026-06-22,Monday,140
20260622,2035,甲鉄城のカバネリ 海門(うなと)決戦,5,0,3504,-100,2026-06-22,22,0,0622,True,False,False,2F,2032-2040,2032,2040,4,6,9,small,L,4,4,N,2F_L_N,99.04870624048706,4,22,0,277.43506493506493,150.0,-90.38461538461539,295.5128205128205,0.0,50.0,657.9545454545455,103.00617716072514,0.5,40.909090909090914,0.0,0.0,40.909090909090914,142.46241922992658,v9b_blend_05,2026-06-22,Monday,141
20260622,2175,スマスロ サンダーV,5,0,1063,-700,2026-06-22,22,0,0622,True,False,False,2F,2172-2178,2172,2178,4,4,7,small,L,4,4,N,2F_L_N,78.04954531201004,4,22,0,277.43506493506493,150.0,-90.38461538461539,295.5128205128205,0.0,50.0,50.0,96.68036172395577,0.4772727272727273,17.045454545454543,0.0,0.0,17.045454545454543,140.07605559356296,v9b_blend_05,2026-06-22,Monday,142
20260622,2106,モンスターハンターライズ,6,0,850,-800,2026-06-22,22,0,0622,True,False,False,2F,2102-2114,2102,2114,5,9,13,medium,L,5,5,N,2F_L_N,68.62745098039215,5,22,0,74.88636363636364,150.0,763.0434782608696,-190.2173913043478,0.0,50.0,680.6818181818181,104.12980264251856,0.45454545454545453,36.36363636363637,0.0,0.0,36.36363636363637,137.69528523253294,v9b_blend_05,2026-06-22,Monday,143
20260622,3185,ゴーゴージャグラー3,5,0,1411,100,2026-06-22,22,0,0622,True,False,False,3F,3181-3190,3181,3190,5,6,10,small,R,5,6,A,3F_R_A,102.36239073942829,6,22,0,165.9090909090909,150.0,400.0,-150.0,0.0,50.0,165.9090909090909,96.88118076356805,0.42045454545454547,22.727272727272727,100.0,0.0,22.727272727272727,136.76136363636365,v9b_blend_05,2026-06-22,Monday,144
20260622,2158,ディスクアップ ULTRAREMIX,8,0,6963,3300,2026-06-22,22,0,0622,True,False,False,2F,2155-2164,2155,2164,4,7,10,small,L,4,4,N,2F_L_N,115.79778830963664,4,22,0,277.43506493506493,150.0,-90.38461538461539,295.5128205128205,0.0,0.0,306.8181818181818,99.35122665482864,0.4431818181818182,38.63636363636363,0.0,0.0,38.63636363636363,136.30969556369618,v9b_blend_05,2026-06-22,Monday,145
20260622,2150,バイオハザード RE:3,0,0,1678,4700,2026-06-22,22,0,0622,True,False,False,2F,2143-2154,2143,2154,8,5,12,medium,L,8,5,N,2F_L_N,193.36511720301948,5,22,0,74.88636363636364,150.0,763.0434782608696,-190.2173913043478,0.0,50.0,-517.0454545454545,92.19436606696543,0.26136363636363635,21.59090909090909,0.0,0.0,21.59090909090909,136.21801250526022,v9b_blend_05,2026-06-22,Monday,146
20260622,2015,甲鉄城のカバネリ 海門(うなと)決戦,5,0,2676,-2900,2026-06-22,22,0,0622,True,False,False,2F,2011-2022,2011,2022,5,8,12,medium,L,5,5,N,2F_L_N,63.876432486297965,5,22,0,74.88636363636364,150.0,763.0434782608696,-190.2173913043478,0.0,50.0,-434.09090909090907,92.85368291291063,0.2727272727272727,21.59090909090909,0.0,0.0,21.59090909090909,136.21801250526022,v9b_blend_05,2026-06-22,Monday,147
20260622,2004,ゴッドイーター リザレクション,4,0,1315,-600,2026-06-22,22,0,0622,True,False,False,2F,2001-2010,2001,2010,4,7,10,small,L,4,4,N,2F_L_N,84.79087452471484,4,22,0,277.43506493506493,150.0,-90.38461538461539,295.5128205128205,0.0,0.0,553.4090909090909,106.7248511779908,0.38636363636363635,31.818181818181817,0.0,0.0,31.818181818181817,135.627877381878,v9b_blend_05,2026-06-22,Monday,148
20260622,2028,甲鉄城のカバネリ 海門(うなと)決戦,8,0,4575,-1900,2026-06-22,22,0,0622,True,False,False,2F,2023-2031,2023,2031,6,4,9,small,L,6,4,N,2F_L_N,86.15664845173042,4,22,0,277.43506493506493,150.0,-90.38461538461539,295.5128205128205,0.0,0.0,269.3181818181818,98.38576840247825,0.3522727272727273,28.40909090909091,0.0,0.0,28.40909090909091,135.2869682909689,v9b_blend_05,2026-06-22,Monday,149
20260622,2168,うみねこのなく頃に2,8,0,752,-600,2026-06-22,22,0,0622,True,False,False,2F,2165-2171,2165,2171,4,4,7,small,L,4,4,N,2F_L_N,73.40425531914893,4,22,0,277.43506493506493,150.0,-90.38461538461539,295.5128205128205,0.0,0.0,253.4090909090909,98.7598828700764,0.5227272727272727,22.727272727272727,0.0,0.0,22.727272727272727,134.7187864727871,v9b_blend_05,2026-06-22,Monday,150
20260622,2183,アレックス ブライト,3,0,4588,1600,2026-06-22,22,0,0622,True,False,False,2F,2179-2186,2179,2186,5,4,8,small,L,5,4,N,2F_L_N,111.62452775356002,4,22,0,277.43506493506493,150.0,-90.38461538461539,295.5128205128205,0.0,0.0,-148.86363636363637,94.42864819691367,0.3522727272727273,18.181818181818183,0.0,0.0,18.181818181818183,134.26424101824162,v9b_blend_05,2026-06-22,Monday,151
20260622,2267,北斗の拳 転生の章2,7,0,457,200,2026-06-22,22,0,0622,True,False,False,2F,2264-2280,2264,2280,4,14,17,large,R,4,14,N,2F_R_N,114.58789204959882,14,22,0,327.14646464646466,50.0,509.09090909090907,-36.36363636363637,0.0,0.0,482.95454545454544,103.9736123840226,0.375,34.090909090909086,0.0,0.0,34.090909090909086,132.40735162656924,v9b_blend_05,2026-06-22,Monday,152
20260622,2338,七つの魔剣が支配する,8,0,3443,-400,2026-06-22,22,0,0622,True,False,False,2F,2330-2351,2330,2351,9,14,22,large,R,14,14,N,2F_R_N,96.12740826798336,14,22,0,327.14646464646466,50.0,509.09090909090907,-36.36363636363637,0.0,0.0,313.6363636363636,104.71109648717635,0.42045454545454547,34.090909090909086,0.0,0.0,34.090909090909086,132.40735162656924,v9b_blend_05,2026-06-22,Monday,153
20260622,2048,甲鉄城のカバネリ 海門(うなと)決戦,8,0,3116,-2100,2026-06-22,22,0,0622,True,False,False,2F,2041-2052,2041,2052,8,5,12,medium,L,8,5,N,2F_L_N,77.53530166880617,5,22,0,74.88636363636364,150.0,763.0434782608696,-190.2173913043478,0.0,0.0,718.1818181818181,104.43681201364338,0.42045454545454547,40.909090909090914,0.0,0.0,40.909090909090914,132.22437974812073,v9b_blend_05,2026-06-22,Monday,154
20260622,2294,かぐや様は告らせたい,4,0,6232,-2300,2026-06-22,22,0,0622,True,False,False,2F,2281-2297,2281,2297,14,4,17,large,R,14,14,N,2F_R_N,87.69790329482242,14,22,0,327.14646464646466,50.0,509.09090909090907,-36.36363636363637,0.0,0.0,152.27272727272728,98.04392272176491,0.36363636363636365,30.681818181818183,0.0,0.0,30.681818181818183,132.06644253566014,v9b_blend_05,2026-06-22,Monday,155
20260622,2133,甲鉄城のカバネリ,3,1,1275,300,2026-06-22,22,0,0622,True,False,False,2F,2129-2142,2129,2142,5,10,14,medium,L,5,5,N,2F_L_N,107.84313725490196,5,22,0,74.88636363636364,150.0,763.0434782608696,-190.2173913043478,0.0,0.0,304.54545454545456,110.53366708685185,0.5,38.63636363636363,0.0,0.0,38.63636363636363,131.99710702084798,v9b_blend_05,2026-06-22,Monday,156
20260622,2233,新鬼武者3,3,1,912,-1200,2026-06-22,22,0,0622,True,False,False,2F,2230-2246,2230,2246,4,14,17,large,R,4,14,N,2F_R_N,56.14035087719298,14,22,0,327.14646464646466,50.0,509.09090909090907,-36.36363636363637,0.0,0.0,200.0,101.19831042981214,0.375,27.27272727272727,0.0,0.0,27.27272727272727,131.72553344475108,v9b_blend_05,2026-06-22,Monday,157
20260622,2327,ゾンビランドサガ,7,0,4734,-1400,2026-06-22,22,0,0622,True,False,False,2F,2314-2329,2314,2329,14,3,16,large,R,14,14,N,2F_R_N,90.1422334882411,14,22,0,327.14646464646466,50.0,509.09090909090907,-36.36363636363637,0.0,0.0,601.1363636363636,98.96528624018914,0.375,27.27272727272727,0.0,0.0,27.27272727272727,131.72553344475108,v9b_blend_05,2026-06-22,Monday,158
20260622,2057,戦国乙女5 業火を穿つ宿焔の双刃,7,0,7362,-7700,2026-06-22,22,0,0622,True,False,False,2F,2053-2064,2053,2064,5,8,12,medium,L,5,5,N,2F_L_N,65.13628542968397,5,22,0,74.88636363636364,150.0,763.0434782608696,-190.2173913043478,0.0,0.0,347.72727272727275,100.01573559393627,0.42045454545454547,32.95454545454545,0.0,0.0,32.95454545454545,131.42892520266616,v9b_blend_05,2026-06-22,Monday,159
20260622,2124,戦国乙女4 戦乱に閃く炯眼の軍師,4,0,5907,-1100,2026-06-22,22,0,0622,True,False,False,2F,2115-2128,2115,2128,10,5,14,medium,L,10,5,N,2F_L_N,93.79267535692117,5,22,0,74.88636363636364,150.0,763.0434782608696,-190.2173913043478,0.0,0.0,148.86363636363637,99.49845157478451,0.3522727272727273,28.40909090909091,0.0,0.0,28.40909090909091,130.97437974812073,v9b_blend_05,2026-06-22,Monday,160
20260622,2097,マギアレコード 魔法少女まどか☆マギカ外伝,7,0,3096,10100,2026-06-22,22,0,0622,True,False,False,2F,2089-2101,2089,2101,9,5,13,medium,L,9,5,N,2F_L_N,208.74246339362617,5,22,0,74.88636363636364,150.0,763.0434782608696,-190.2173913043478,0.0,0.0,-15.909090909090908,94.72254853316797,0.3409090909090909,25.0,0.0,0.0,25.0,130.63347065721163,v9b_blend_05,2026-06-22,Monday,161
20260622,2269,北斗の拳 転生の章2,9,0,1151,-200,2026-06-22,22,0,0622,True,False,False,2F,2264-2280,2264,2280,6,12,17,large,R,6,12,N,2F_R_N,94.20793512887344,12,22,0,103.4090909090909,150.0,481.57894736842104,93.42105263157895,0.0,50.0,192.04545454545453,101.33973796669753,0.45454545454545453,37.5,0.0,0.0,37.5,130.5886945868987,v9b_blend_05,2026-06-22,Monday,162
20260622,2081,マギアレコード 魔法少女まどか☆マギカ外伝,1,0,2287,-2100,2026-06-22,22,0,0622,True,False,False,2F,2077-2088,2077,2088,5,8,12,medium,L,5,5,N,2F_L_N,69.39221687800612,5,22,0,74.88636363636364,150.0,763.0434782608696,-190.2173913043478,0.0,0.0,-107.95454545454545,96.12533985051124,0.3068181818181818,23.863636363636363,0.0,0.0,23.863636363636363,130.51983429357526,v9b_blend_05,2026-06-22,Monday,163
20260622,2007,ゴッドイーター リザレクション,7,0,1564,300,2026-06-22,22,0,0622,True,False,False,2F,2001-2010,2001,2010,7,4,10,small,L,7,7,N,2F_L_N,106.39386189258313,7,22,0,353.40909090909093,100.0,-32.142857142857146,143.45238095238096,0.0,0.0,353.40909090909093,102.62906913130442,0.42045454545454547,30.681818181818183,0.0,0.0,30.681818181818183,130.47863387275515,v9b_blend_05,2026-06-22,Monday,164
20260622,2072,戦国乙女5 業火を穿つ宿焔の双刃,2,0,4643,2900,2026-06-22,22,0,0622,True,False,False,2F,2065-2076,2065,2076,8,5,12,medium,L,8,5,N,2F_L_N,120.81987220906024,5,22,0,74.88636363636364,150.0,763.0434782608696,-190.2173913043478,0.0,0.0,-376.1363636363636,94.78618757432088,0.3181818181818182,22.727272727272727,0.0,0.0,22.727272727272727,130.4061979299389,v9b_blend_05,2026-06-22,Monday,165
20260622,2235,モンキーターンV,5,0,3752,-600,2026-06-22,22,0,0622,True,False,False,2F,2230-2246,2230,2246,6,12,17,large,R,6,12,N,2F_R_N,94.66950959488273,12,22,0,103.4090909090909,150.0,481.57894736842104,93.42105263157895,0.0,50.0,609.0909090909091,99.66683866070221,0.4090909090909091,35.22727272727273,0.0,0.0,35.22727272727273,130.36142185962598,v9b_blend_05,2026-06-22,Monday,166
20260622,2325,バンドリ！,5,0,2174,-1600,2026-06-22,22,0,0622,True,False,False,2F,2314-2329,2314,2329,12,5,16,large,R,12,12,N,2F_R_N,75.46764796074824,12,22,0,103.4090909090909,150.0,481.57894736842104,93.42105263157895,0.0,50.0,-120.45454545454545,100.12629625859854,0.3522727272727273,31.818181818181817,0.0,0.0,31.818181818181817,130.02051276871688,v9b_blend_05,2026-06-22,Monday,167
20260622,3186,ゴーゴージャグラー3,6,0,5501,200,2026-06-22,22,0,0622,True,False,False,3F,3181-3190,3181,3190,6,5,10,small,L,6,5,A,3F_L_A,101.21190086650913,5,22,0,67.04545454545455,200.0,380.7692307692308,83.33333333333333,0.0,50.0,67.04545454545455,97.4365964834236,0.3977272727272727,20.454545454545457,100.0,0.0,20.454545454545457,129.8633071871755,v9b_blend_05,2026-06-22,Monday,168
20260622,2340,少女☆歌劇 レヴュースタァライト ‐The SLOT‐,0,0,8205,8800,2026-06-22,22,0,0622,True,False,False,2F,2330-2351,2330,2351,11,12,22,large,R,12,12,N,2F_R_N,135.75055860247815,12,22,0,103.4090909090909,150.0,481.57894736842104,93.42105263157895,0.0,50.0,-7.954545454545454,95.0161148864981,0.3181818181818182,23.863636363636363,0.0,0.0,23.863636363636363,129.22505822326232,v9b_blend_05,2026-06-22,Monday,169
20260622,3401,マジカルハロウィン8,1,0,3173,-1200,2026-06-22,22,0,0622,True,False,False,3F,3400-3401,3400,3401,2,1,2,small,L,2,1,N,3F_L_N,87.39363378506145,1,22,0,334.09090909090907,0.0,154.16666666666666,81.25,8.333333333333334,0.0,334.09090909090907,101.60563475060499,0.5681818181818182,34.090909090909086,0.0,0.0,34.090909090909086,126.43039772727272,v9b_blend_05,2026-06-22,Monday,170
20260622,3010,キングハナハナ-30,0,0,8123,-1800,2026-06-22,22,0,0622,True,False,False,3F,3001-3016,3001,3016,10,7,16,large,R,10,10,A,3F_R_A,92.61356641634863,10,22,0,195.6818181818182,150.0,-133.33333333333334,180.68965517241378,0.0,50.0,428.40909090909093,99.23833272995923,0.4318181818181818,35.22727272727273,100.0,0.0,35.22727272727273,117.69200626959247,v9b_blend_05,2026-06-22,Monday,171
20260622,3315,ミスタージャグラー,5,0,6594,-300,2026-06-22,22,0,0622,True,False,False,3F,3310-3324,3310,3324,6,10,15,large,R,6,10,A,3F_R_A,98.48346982104944,10,22,0,195.6818181818182,150.0,-133.33333333333334,180.68965517241378,0.0,50.0,272.72727272727275,99.44349492873548,0.5,30.681818181818183,100.0,0.0,30.681818181818183,117.23746081504702,v9b_blend_05,2026-06-22,Monday,172
20260622,3334,ネオアイムジャグラーEX,4,0,1582,-800,2026-06-22,22,0,0622,True,False,False,3F,3325-3340,3325,3340,10,7,16,large,R,10,10,A,3F_R_A,83.14369995785925,10,22,0,195.6818181818182,150.0,-133.33333333333334,180.68965517241378,0.0,0.0,38.63636363636363,97.29889389280805,0.36363636363636365,31.818181818181817,100.0,0.0,31.818181818181817,116.22609717868339,v9b_blend_05,2026-06-22,Monday,173
20260622,2258,スマスロ北斗の拳,8,0,1168,-600,2026-06-22,22,0,0622,True,False,False,2F,2247-2263,2247,2263,12,6,17,large,R,12,12,N,2F_R_N,82.87671232876713,12,22,0,103.4090909090909,150.0,481.57894736842104,93.42105263157895,0.0,0.0,771.5909090909091,108.69920298082684,0.4318181818181818,38.63636363636363,0.0,0.0,38.63636363636363,116.00662765852994,v9b_blend_05,2026-06-22,Monday,174
20260622,3304,ハッピージャグラーVIII,4,0,2816,-300,2026-06-22,22,0,0622,True,False,False,3F,3295-3309,3295,3309,10,6,15,large,R,10,10,A,3F_R_A,96.44886363636364,10,22,0,195.6818181818182,150.0,-133.33333333333334,180.68965517241378,0.0,0.0,145.45454545454547,97.15993287628326,0.4090909090909091,28.40909090909091,100.0,0.0,28.40909090909091,115.8851880877743,v9b_blend_05,2026-06-22,Monday,175
20260622,3009,キングハナハナ-30,9,0,6706,-1500,2026-06-22,22,0,0622,True,False,False,3F,3001-3016,3001,3016,9,8,16,large,R,9,9,A,3F_R_A,92.54399045630778,9,22,0,281.8181818181818,100.0,-100.0,264.13793103448273,0.0,50.0,414.77272727272725,98.98153756481142,0.4431818181818182,32.95454545454545,100.0,0.0,32.95454545454545,115.72703761755486,v9b_blend_05,2026-06-22,Monday,176
20260622,3006,キングハナハナ-30,6,0,5002,2900,2026-06-22,22,0,0622,True,False,False,3F,3001-3016,3001,3016,6,11,16,large,L,6,6,A,3F_L_A,119.3256030920965,6,22,0,284.280303030303,0.0,79.16666666666667,134.02777777777777,0.0,50.0,467.04545454545456,98.7000033332025,0.4772727272727273,36.36363636363637,100.0,0.0,36.36363636363637,115.53187056074765,v9b_blend_05,2026-06-22,Monday,177
20260622,3330,ネオアイムジャグラーEX,0,0,2163,-100,2026-06-22,22,0,0622,True,False,False,3F,3325-3340,3325,3340,6,11,16,large,L,6,6,A,3F_L_A,98.45893049776545,6,22,0,284.280303030303,0.0,79.16666666666667,134.02777777777777,0.0,50.0,261.3636363636364,97.81074979555162,0.48863636363636365,35.22727272727273,100.0,0.0,35.22727272727273,115.41823419711129,v9b_blend_05,2026-06-22,Monday,178
20260622,3274,マイジャグラーV,4,0,5795,400,2026-06-22,22,0,0622,True,False,False,3F,3265-3280,3265,3280,10,7,16,large,R,10,10,A,3F_R_A,102.30083405234399,10,22,0,195.6818181818182,150.0,-133.33333333333334,180.68965517241378,0.0,0.0,93.18181818181819,97.78566631772179,0.4318181818181818,22.727272727272727,100.0,0.0,22.727272727272727,115.31700626959247,v9b_blend_05,2026-06-22,Monday,179
20260622,3316,ジャグラーガールズ,6,0,1043,-600,2026-06-22,22,0,0622,True,False,False,3F,3310-3324,3310,3324,7,9,15,large,R,7,9,A,3F_R_A,80.82454458293384,9,22,0,281.8181818181818,100.0,-100.0,264.13793103448273,0.0,50.0,190.9090909090909,97.47063044746648,0.42045454545454547,28.40909090909091,100.0,0.0,28.40909090909091,115.2724921630094,v9b_blend_05,2026-06-22,Monday,180
20260622,2292,かぐや様は告らせたい,2,0,8064,-600,2026-06-22,22,0,0622,True,False,False,2F,2281-2297,2281,2297,12,6,17,large,R,12,12,N,2F_R_N,97.51984126984127,12,22,0,103.4090909090909,150.0,481.57894736842104,93.42105263157895,0.0,0.0,307.95454545454544,98.93375728605749,0.3522727272727273,29.545454545454547,0.0,0.0,29.545454545454547,115.09753674943903,v9b_blend_05,2026-06-22,Monday,181
20260622,2224,モンキーターンV,4,0,1399,-100,2026-06-22,22,0,0622,True,False,False,2F,2213-2229,2213,2229,12,6,17,large,R,12,12,N,2F_R_N,97.61734572313557,12,22,0,103.4090909090909,150.0,481.57894736842104,93.42105263157895,0.0,0.0,-645.4545454545455,102.63626498707664,0.3522727272727273,28.40909090909091,0.0,0.0,28.40909090909091,114.98390038580266,v9b_blend_05,2026-06-22,Monday,182
20260622,3270,マイジャグラーV,0,0,6907,1100,2026-06-22,22,0,0622,True,False,False,3F,3265-3280,3265,3280,6,11,16,large,L,6,6,A,3F_L_A,105.30862410115343,6,22,0,284.280303030303,0.0,79.16666666666667,134.02777777777777,0.0,50.0,361.3636363636364,98.64235204959299,0.4431818181818182,30.681818181818183,100.0,0.0,30.681818181818183,114.96368874256584,v9b_blend_05,2026-06-22,Monday,183
20260622,3333,ネオアイムジャグラーEX,3,1,5398,700,2026-06-22,22,0,0622,True,False,False,3F,3325-3340,3325,3340,9,8,16,large,R,9,9,A,3F_R_A,104.32258861306656,9,22,0,281.8181818181818,100.0,-100.0,264.13793103448273,0.0,0.0,467.04545454545456,97.60422634364645,0.5,36.36363636363637,100.0,0.0,36.36363636363637,114.94294670846395,v9b_blend_05,2026-06-22,Monday,184
20260622,2302,アズールレーン THE ANIMATION,2,0,1919,-200,2026-06-22,22,0,0622,True,False,False,2F,2298-2313,2298,2313,5,12,16,large,R,5,12,N,2F_R_N,96.52596838631231,12,22,0,103.4090909090909,150.0,481.57894736842104,93.42105263157895,0.0,0.0,210.22727272727272,98.08183168181614,0.36363636363636365,26.136363636363637,0.0,0.0,26.136363636363637,114.75662765852994,v9b_blend_05,2026-06-22,Monday,185
20260622,3300,ハッピージャグラーVIII,0,1,5725,-200,2026-06-22,22,0,0622,True,False,False,3F,3295-3309,3295,3309,6,10,15,large,L,6,6,A,3F_L_A,98.83551673944687,6,22,0,284.280303030303,0.0,79.16666666666667,134.02777777777777,0.0,50.0,351.1363636363636,97.59862691451663,0.45454545454545453,28.40909090909091,100.0,0.0,28.40909090909091,114.73641601529312,v9b_blend_05,2026-06-22,Monday,186
20260622,2201,スマスロ炎炎ノ消防隊2,1,0,4683,1100,2026-06-22,22,0,0622,True,False,False,2F,2196-2212,2196,2212,6,12,17,large,R,6,12,N,2F_R_N,107.82973877144282,12,22,0,103.4090909090909,150.0,481.57894736842104,93.42105263157895,0.0,0.0,-386.3636363636364,98.6209035059678,0.3522727272727273,25.0,0.0,0.0,25.0,114.64299129489356,v9b_blend_05,2026-06-22,Monday,187
20260622,3319,ジャグラーガールズ,9,0,1904,0,2026-06-22,22,0,0622,True,False,False,3F,3310-3324,3310,3324,10,6,15,large,L,10,6,A,3F_L_A,100.0,6,22,0,284.280303030303,0.0,79.16666666666667,134.02777777777777,0.0,50.0,220.45454545454547,98.02858771897972,0.3522727272727273,23.863636363636363,100.0,0.0,23.863636363636363,114.28187056074765,v9b_blend_05,2026-06-22,Monday,188
20260622,3303,ハッピージャグラーVIII,3,0,7959,3800,2026-06-22,22,0,0622,True,False,False,3F,3295-3309,3295,3309,9,7,15,large,R,9,9,A,3F_R_A,115.91489718138794,9,22,0,281.8181818181818,100.0,-100.0,264.13793103448273,0.0,0.0,170.45454545454547,97.00116118686064,0.38636363636363635,26.136363636363637,100.0,0.0,26.136363636363637,113.92021943573667,v9b_blend_05,2026-06-22,Monday,189
20260622,3273,マイジャグラーV,3,0,2039,-300,2026-06-22,22,0,0622,True,False,False,3F,3265-3280,3265,3280,9,8,16,large,R,9,9,A,3F_R_A,95.09563511525258,9,22,0,281.8181818181818,100.0,-100.0,264.13793103448273,0.0,0.0,165.9090909090909,98.6005088441673,0.4090909090909091,25.0,100.0,0.0,25.0,113.80658307210031,v9b_blend_05,2026-06-22,Monday,190
20260622,3040,ソードアート・オンラインII,0,0,8893,-800,2026-06-22,22,0,0622,True,False,False,3F,3031-3042,3031,3042,10,3,12,medium,R,10,10,N,3F_R_N,97.00138685857792,10,22,0,459.3625498007968,0.0,-410.0,118.4873949579832,0.0,50.0,496.59090909090907,105.18974745725495,0.42045454545454547,36.36363636363637,0.0,0.0,36.36363636363637,113.45267988397822,v9b_blend_05,2026-06-22,Monday,191
20260622,3350,ネオアイムジャグラーEX,0,0,1562,0,2026-06-22,22,0,0622,True,False,False,3F,3341-3362,3341,3362,10,13,22,large,R,13,13,A,3F_R_A,100.0,13,22,0,221.40151515151516,100.0,40.0,209.0909090909091,0.0,50.0,88.63636363636364,97.16010997077501,0.38636363636363635,27.27272727272727,100.0,0.0,27.27272727272727,113.16818181818184,v9b_blend_05,2026-06-22,Monday,192
20260622,3013,キングハナハナ-30,3,0,3174,-400,2026-06-22,22,0,0622,True,False,False,3F,3001-3016,3001,3016,13,4,16,large,R,13,13,A,3F_R_A,95.79920184835119,13,22,0,221.40151515151516,100.0,40.0,209.0909090909091,0.0,0.0,472.72727272727275,100.58766946910455,0.5,31.818181818181817,100.0,0.0,31.818181818181817,112.49772727272729,v9b_blend_05,2026-06-22,Monday,193
20260622,3307,ウルトラミラクルジャグラー,7,0,3846,1000,2026-06-22,22,0,0622,True,False,False,3F,3295-3309,3295,3309,13,3,15,large,R,13,13,A,3F_R_A,108.66701334720055,13,22,0,221.40151515151516,100.0,40.0,209.0909090909091,0.0,0.0,435.22727272727275,99.46049959875775,0.4659090909090909,28.40909090909091,100.0,0.0,28.40909090909091,112.1568181818182,v9b_blend_05,2026-06-22,Monday,194
20260622,3277,マイジャグラーV,7,1,6848,1500,2026-06-22,22,0,0622,True,False,False,3F,3265-3280,3265,3280,13,4,16,large,R,13,13,A,3F_R_A,107.30140186915888,13,22,0,221.40151515151516,100.0,40.0,209.0909090909091,0.0,0.0,205.6818181818182,98.52544478812446,0.42045454545454547,25.0,100.0,0.0,25.0,111.8159090909091,v9b_blend_05,2026-06-22,Monday,195
20260622,3357,ネオアイムジャグラーEX,7,0,5701,-1300,2026-06-22,22,0,0622,True,False,False,3F,3341-3362,3341,3362,17,6,22,large,L,6,6,A,3F_L_A,92.39899432848038,6,22,0,284.280303030303,0.0,79.16666666666667,134.02777777777777,0.0,0.0,44.31818181818182,97.34125921151191,0.4431818181818182,29.545454545454547,100.0,0.0,29.545454545454547,111.75956249786157,v9b_blend_05,2026-06-22,Monday,196
20260622,3312,ミスタージャグラー,2,0,1855,300,2026-06-22,22,0,0622,True,False,False,3F,3310-3324,3310,3324,3,13,15,large,R,3,13,A,3F_R_A,105.39083557951483,13,22,0,221.40151515151516,100.0,40.0,209.0909090909091,0.0,0.0,92.04545454545455,98.96284982474471,0.38636363636363635,22.727272727272727,100.0,0.0,22.727272727272727,111.58863636363637,v9b_blend_05,2026-06-22,Monday,197
20260622,3337,ネオアイムジャグラーEX,7,0,5395,900,2026-06-22,22,0,0622,True,False,False,3F,3325-3340,3325,3340,13,4,16,large,R,13,13,A,3F_R_A,105.56070435588506,13,22,0,221.40151515151516,100.0,40.0,209.0909090909091,0.0,0.0,34.09090909090909,95.62583454984001,0.3522727272727273,21.59090909090909,100.0,0.0,21.59090909090909,111.47500000000001,v9b_blend_05,2026-06-22,Monday,198
20260622,3107,からくりサーカス,7,0,65,-100,2026-06-22,22,0,0622,True,False,False,3F,3103-3116,3103,3116,5,10,14,medium,R,5,10,N,3F_R_N,48.717948717948715,10,22,0,459.3625498007968,0.0,-410.0,118.4873949579832,0.0,0.0,700.0,110.0259479002902,0.4431818181818182,36.36363636363637,0.0,0.0,36.36363636363637,111.20267988397822,v9b_blend_05,2026-06-22,Monday,199
20260622,3021,沖ドキ!DUO アンコール,1,0,1604,-700,2026-06-22,22,0,0622,True,False,False,3F,3017-3030,3017,3030,5,10,14,medium,R,5,10,N,3F_R_N,85.453034081463,10,22,0,459.3625498007968,0.0,-410.0,118.4873949579832,0.0,0.0,69.31818181818181,100.46870777873923,0.38636363636363635,31.818181818181817,0.0,0.0,31.818181818181817,110.74813442943277,v9b_blend_05,2026-06-22,Monday,200
20260622,3149,ファンキージャグラー2,9,0,4054,300,2026-06-22,22,0,0622,True,False,False,3F,3144-3155,3144,3155,6,7,12,medium,L,6,6,A,3F_L_A,102.46669955599408,6,22,0,186.5530303030303,200.0,79.16666666666667,134.02777777777777,0.0,50.0,387.5,99.7047319817203,0.5113636363636364,35.22727272727273,100.0,0.0,35.22727272727273,108.36986879649393,v9b_blend_05,2026-06-22,Monday,201
20260622,3289,マイジャグラーV,9,0,2562,-1200,2026-06-22,22,0,0622,True,False,False,3F,3281-3294,3281,3294,9,6,14,medium,L,9,6,A,3F_L_A,84.3871975019516,6,22,0,186.5530303030303,200.0,79.16666666666667,134.02777777777777,0.0,50.0,160.22727272727272,97.98976730736327,0.4431818181818182,28.40909090909091,100.0,0.0,28.40909090909091,107.68805061467576,v9b_blend_05,2026-06-22,Monday,202
20260622,3122,マイジャグラーV,2,1,9410,2400,2026-06-22,22,0,0622,True,False,False,3F,3117-3130,3117,3130,6,9,14,medium,L,6,6,A,3F_L_A,108.50159404888417,6,22,0,186.5530303030303,200.0,79.16666666666667,134.02777777777777,0.0,0.0,252.27272727272728,99.09290930186289,0.4090909090909091,31.818181818181817,100.0,0.0,31.818181818181817,104.93846982451694,v9b_blend_05,2026-06-22,Monday,203
20260622,3138,マイジャグラーV,8,0,7622,1400,2026-06-22,22,0,0622,True,False,False,3F,3131-3143,3131,3143,8,6,13,medium,L,8,6,A,3F_L_A,106.12262748185077,6,22,0,186.5530303030303,200.0,79.16666666666667,134.02777777777777,0.0,0.0,-30.681818181818183,97.18542365724221,0.3977272727272727,29.545454545454547,100.0,0.0,29.545454545454547,104.71119709724421,v9b_blend_05,2026-06-22,Monday,204
20260622,3173,ゴーゴージャグラー3,3,0,6430,-100,2026-06-22,22,0,0622,True,False,False,3F,3168-3180,3168,3180,6,8,13,medium,L,6,6,A,3F_L_A,99.48159668221876,6,22,0,186.5530303030303,200.0,79.16666666666667,134.02777777777777,0.0,0.0,250.0,97.45724671986233,0.42045454545454547,28.40909090909091,100.0,0.0,28.40909090909091,104.59756073360785,v9b_blend_05,2026-06-22,Monday,205
20260622,2155,ディスクアップ ULTRAREMIX,5,1,7996,-100,2026-06-22,22,0,0622,True,False,False,2F,2155-2164,2155,2164,1,10,10,small,L,1,1,N,2F_L_N,99.58312489578122,1,22,0,110.06493506493507,0.0,478.84615384615387,379.1666666666667,0.0,50.0,142.04545454545453,100.19120678392909,0.5227272727272727,34.090909090909086,0.0,0.0,34.090909090909086,104.28931237889094,v9b_blend_05,2026-06-22,Monday,206
20260622,3162,ファンキージャグラー2,2,0,5340,300,2026-06-22,22,0,0622,True,False,False,3F,3156-3167,3156,3167,7,6,12,medium,L,7,6,A,3F_L_A,101.87265917602997,6,22,0,186.5530303030303,200.0,79.16666666666667,134.02777777777777,0.0,0.0,100.0,96.51229503581143,0.36363636363636365,20.454545454545457,100.0,0.0,20.454545454545457,103.8021061881533,v9b_blend_05,2026-06-22,Monday,207
20260622,2186,アレックス ブライト,6,0,501,-600,2026-06-22,22,0,0622,True,False,False,2F,2179-2186,2179,2186,8,1,8,small,L,8,1,N,2F_L_N,60.079840319361274,1,22,0,110.06493506493507,0.0,478.84615384615387,379.1666666666667,0.0,50.0,-132.95454545454547,95.66650627149555,0.375,14.772727272727273,0.0,0.0,14.772727272727273,102.35749419707275,v9b_blend_05,2026-06-22,Monday,208
20260622,2296,かぐや様は告らせたい,6,0,6808,3800,2026-06-22,22,0,0622,True,False,False,2F,2281-2297,2281,2297,16,2,17,large,R,16,16,N,2F_R_N,118.60556208382296,16,22,0,127.65151515151516,0.0,450.0,62.96296296296296,0.0,50.0,621.5909090909091,106.52669023404486,0.38636363636363635,36.36363636363637,0.0,0.0,36.36363636363637,101.70785397800148,v9b_blend_05,2026-06-22,Monday,209
20260622,2135,バイオハザード RE:3,5,0,2037,1000,2026-06-22,22,0,0622,True,False,False,2F,2129-2142,2129,2142,7,8,14,medium,L,7,7,N,2F_L_N,116.3639338897071,7,22,0,131.5340909090909,150.0,-32.142857142857146,143.45238095238096,0.0,50.0,-157.95454545454547,97.67580027950711,0.3181818181818182,26.136363636363637,0.0,0.0,26.136363636363637,101.14638122030101,v9b_blend_05,2026-06-22,Monday,210
20260622,2265,北斗の拳 転生の章2,5,0,1013,-300,2026-06-22,22,0,0622,True,False,False,2F,2264-2280,2264,2280,2,16,17,large,R,2,16,N,2F_R_N,90.12833168805528,16,22,0,127.65151515151516,0.0,450.0,62.96296296296296,0.0,50.0,344.3181818181818,99.99683315680018,0.3522727272727273,29.545454545454547,0.0,0.0,29.545454545454547,101.02603579618332,v9b_blend_05,2026-06-22,Monday,211
20260622,2095,マギアレコード 魔法少女まどか☆マギカ外伝,5,0,2024,-700,2026-06-22,22,0,0622,True,False,False,2F,2089-2101,2089,2101,7,7,13,medium,L,7,7,N,2F_L_N,88.47167325428195,7,22,0,131.5340909090909,150.0,-32.142857142857146,143.45238095238096,0.0,50.0,364.77272727272725,97.64537926503071,0.3181818181818182,23.863636363636363,0.0,0.0,23.863636363636363,100.91910849302829,v9b_blend_05,2026-06-22,Monday,212
20260622,2329,ゾンビランドサガ,9,0,1991,-700,2026-06-22,22,0,0622,True,False,False,2F,2314-2329,2314,2329,16,1,16,large,R,16,16,N,2F_R_N,88.28059601540265,16,22,0,127.65151515151516,0.0,450.0,62.96296296296296,0.0,50.0,160.22727272727272,98.59640243738478,0.36363636363636365,28.40909090909091,0.0,0.0,28.40909090909091,100.91239943254695,v9b_blend_05,2026-06-22,Monday,213
20260622,2336,バジリスク～甲賀忍法帖～絆2 天膳 BLACK EDITION,6,0,2167,-1900,2026-06-22,22,0,0622,True,False,False,2F,2330-2351,2330,2351,7,16,22,large,R,16,16,N,2F_R_N,70.77372711890479,16,22,0,127.65151515151516,0.0,450.0,62.96296296296296,0.0,50.0,-79.54545454545455,97.48768399499478,0.3068181818181818,25.0,0.0,0.0,25.0,100.57149034163785,v9b_blend_05,2026-06-22,Monday,214
20260622,2076,戦国乙女5 業火を穿つ宿焔の双刃,6,0,3451,7000,2026-06-22,22,0,0622,True,False,False,2F,2065-2076,2065,2076,12,1,12,medium,L,12,1,N,2F_L_N,167.6132521974307,1,22,0,85.56818181818181,0.0,478.84615384615387,379.1666666666667,0.0,50.0,47.72727272727273,107.55985688560249,0.4318181818181818,36.36363636363637,0.0,0.0,36.36363636363637,98.67090902545644,v9b_blend_05,2026-06-22,Monday,215
20260622,2129,甲鉄城のカバネリ,9,0,819,-300,2026-06-22,22,0,0622,True,False,False,2F,2129-2142,2129,2142,1,14,14,medium,L,1,1,N,2F_L_N,87.78998778998779,1,22,0,85.56818181818181,0.0,478.84615384615387,379.1666666666667,0.0,50.0,285.22727272727275,100.85615021017797,0.4090909090909091,34.090909090909086,0.0,0.0,34.090909090909086,98.44363629818372,v9b_blend_05,2026-06-22,Monday,216
20260622,2305,アズールレーン THE ANIMATION,5,0,2416,-2200,2026-06-22,22,0,0622,True,False,False,2F,2298-2313,2298,2313,8,9,16,large,R,8,9,N,2F_R_N,69.6467991169978,9,22,0,372.72727272727275,100.0,-112.5,127.60416666666667,0.0,50.0,487.5,101.90671696182159,0.4431818181818182,38.63636363636363,0.0,0.0,38.63636363636363,98.31618337406235,v9b_blend_05,2026-06-22,Monday,217
20260622,2001,ゴッドイーター リザレクション,1,0,2040,-1100,2026-06-22,22,0,0622,True,False,False,2F,2001-2010,2001,2010,1,10,10,small,L,1,1,N,2F_L_N,82.02614379084967,1,22,0,110.06493506493507,0.0,478.84615384615387,379.1666666666667,0.0,0.0,220.45454545454547,100.01067894712469,0.42045454545454547,31.818181818181817,0.0,0.0,31.818181818181817,98.13658871266054,v9b_blend_05,2026-06-22,Monday,218
20260622,2031,攻殻機動隊,1,0,3099,-2700,2026-06-22,22,0,0622,True,False,False,2F,2023-2031,2023,2031,9,1,9,small,L,9,1,N,2F_L_N,70.95837366892546,1,22,0,110.06493506493507,0.0,478.84615384615387,379.1666666666667,0.0,0.0,314.77272727272725,98.41478235953659,0.3522727272727273,29.545454545454547,0.0,0.0,29.545454545454547,97.90931598538782,v9b_blend_05,2026-06-22,Monday,219
20260622,2171,うみねこのなく頃に2,1,0,1408,-1000,2026-06-22,22,0,0622,True,False,False,2F,2165-2171,2165,2171,7,1,7,small,L,7,1,N,2F_L_N,76.32575757575758,1,22,0,110.06493506493507,0.0,478.84615384615387,379.1666666666667,0.0,0.0,14.772727272727273,98.21425225111301,0.45454545454545453,27.27272727272727,0.0,0.0,27.27272727272727,97.68204325811507,v9b_blend_05,2026-06-22,Monday,220
20260622,2032,甲鉄城のカバネリ 海門(うなと)決戦,2,0,2884,-1800,2026-06-22,22,0,0622,True,False,False,2F,2032-2040,2032,2040,1,9,9,small,L,1,1,N,2F_L_N,79.19556171983356,1,22,0,110.06493506493507,0.0,478.84615384615387,379.1666666666667,0.0,0.0,63.63636363636363,96.40341223122913,0.375,26.136363636363637,0.0,0.0,26.136363636363637,97.56840689447873,v9b_blend_05,2026-06-22,Monday,221
20260622,2172,スマスロ サンダーV,2,0,3252,100,2026-06-22,22,0,0622,True,False,False,2F,2172-2178,2172,2178,1,7,7,small,L,1,1,N,2F_L_N,101.02501025010251,1,22,0,110.06493506493507,0.0,478.84615384615387,379.1666666666667,0.0,0.0,147.72727272727272,98.90985355037395,0.48863636363636365,23.863636363636363,0.0,0.0,23.863636363636363,97.34113416720598,v9b_blend_05,2026-06-22,Monday,222
20260622,3244,東京喰種,4,1,4794,800,2026-06-22,22,0,0622,True,False,False,3F,3234-3249,3234,3249,11,6,16,large,R,11,11,N,3F_R_N,105.56250869141984,11,22,0,140.0974025974026,200.0,235.0,-193.27731092436974,0.0,0.0,213.63636363636363,100.77307785407403,0.38636363636363635,35.22727272727273,0.0,0.0,35.22727272727273,97.16535523300229,v9b_blend_05,2026-06-22,Monday,223
20260622,3098,革命機ヴァルヴレイヴ2,8,0,2374,-1000,2026-06-22,22,0,0622,True,False,False,3F,3088-3102,3088,3102,11,5,15,large,R,11,11,N,3F_R_N,85.95900028081999,11,22,0,140.0974025974026,200.0,235.0,-193.27731092436974,0.0,0.0,256.8181818181818,99.71912895629875,0.3977272727272727,35.22727272727273,0.0,0.0,35.22727272727273,97.16535523300229,v9b_blend_05,2026-06-22,Monday,224
20260622,3077,ミリオンゴッド‐神々の軌跡‐,7,1,1859,-2000,2026-06-22,22,0,0622,True,False,False,3F,3073-3087,3073,3087,5,11,15,large,R,5,11,N,3F_R_N,64.13842567688721,11,22,0,140.0974025974026,200.0,235.0,-193.27731092436974,0.0,0.0,410.22727272727275,99.79696402707704,0.3977272727272727,34.090909090909086,0.0,0.0,34.090909090909086,97.05171886936593,v9b_blend_05,2026-06-22,Monday,225
20260622,3254,真打 吉宗,4,0,488,-200,2026-06-22,22,0,0622,True,False,False,3F,3250-3264,3250,3264,5,11,15,large,R,5,11,N,3F_R_N,86.33879781420765,11,22,0,140.0974025974026,200.0,235.0,-193.27731092436974,0.0,0.0,221.5909090909091,102.08949098052317,0.42045454545454547,31.818181818181817,0.0,0.0,31.818181818181817,96.82444614209321,v9b_blend_05,2026-06-22,Monday,226
20260622,3047,ビッグドリーム THE GOLDEN PUSHER,7,0,505,100,2026-06-22,22,0,0622,True,False,False,3F,3043-3057,3043,3057,5,11,15,large,R,5,11,N,3F_R_N,106.6006600660066,11,22,0,140.0974025974026,200.0,235.0,-193.27731092436974,0.0,0.0,439.77272727272725,101.405667214411,0.36363636363636365,30.681818181818183,0.0,0.0,30.681818181818183,96.71080977845683,v9b_blend_05,2026-06-22,Monday,227
20260622,3223,東京喰種,3,0,1866,-1700,2026-06-22,22,0,0622,True,False,False,3F,3218-3233,3218,3233,6,11,16,large,R,6,11,N,3F_R_N,69.63201143265452,11,22,0,140.0974025974026,200.0,235.0,-193.27731092436974,0.0,0.0,182.95454545454547,102.98107883998527,0.3977272727272727,30.681818181818183,0.0,0.0,30.681818181818183,96.71080977845683,v9b_blend_05,2026-06-22,Monday,228
20260622,3068,ミリオンゴッド‐神々の軌跡‐,8,0,5643,4500,2026-06-22,22,0,0622,True,False,False,3F,3058-3072,3058,3072,11,5,15,large,R,11,11,N,3F_R_N,126.58160552897395,11,22,0,140.0974025974026,200.0,235.0,-193.27731092436974,0.0,0.0,-744.3181818181819,94.06290130340604,0.3068181818181818,27.27272727272727,0.0,0.0,27.27272727272727,96.36990068754776,v9b_blend_05,2026-06-22,Monday,229
20260622,2108,モンスターハンターライズ,8,0,4345,5000,2026-06-22,22,0,0622,True,False,False,2F,2102-2114,2102,2114,7,7,13,medium,L,7,7,N,2F_L_N,138.35826620636746,7,22,0,131.5340909090909,150.0,-32.142857142857146,143.45238095238096,0.0,0.0,353.40909090909093,101.4754560346423,0.375,32.95454545454545,0.0,0.0,32.95454545454545,95.90274846316152,v9b_blend_05,2026-06-22,Monday,230
20260622,2122,痛いのは嫌なので防御力に極振りしたいと思います。,2,1,3616,200,2026-06-22,22,0,0622,True,False,False,2F,2115-2128,2115,2128,8,7,14,medium,L,8,7,N,2F_L_N,101.84365781710913,7,22,0,131.5340909090909,150.0,-32.142857142857146,143.45238095238096,0.0,0.0,-34.09090909090909,96.54502562174959,0.32954545454545453,25.0,0.0,0.0,25.0,95.10729391770697,v9b_blend_05,2026-06-22,Monday,231
20260622,2030,攻殻機動隊,0,0,1790,100,2026-06-22,22,0,0622,True,False,False,2F,2023-2031,2023,2031,8,2,9,small,L,8,2,N,2F_L_N,101.86219739292366,2,22,0,198.05194805194805,50.0,11.538461538461538,261.21794871794873,0.0,50.0,640.9090909090909,103.43873884755038,0.4318181818181818,37.5,0.0,0.0,37.5,93.7504052545572,v9b_blend_05,2026-06-22,Monday,232
20260622,2156,ディスクアップ ULTRAREMIX,6,0,2890,-1400,2026-06-22,22,0,0622,True,False,False,2F,2155-2164,2155,2164,2,9,10,small,L,2,2,N,2F_L_N,83.85236447520185,2,22,0,198.05194805194805,50.0,11.538461538461538,261.21794871794873,0.0,50.0,335.22727272727275,100.85567679194979,0.5227272727272727,32.95454545454545,0.0,0.0,32.95454545454545,93.29585980001173,v9b_blend_05,2026-06-22,Monday,233
20260622,2102,ソードアート・オンライン,2,0,5054,3800,2026-06-22,22,0,0622,True,False,False,2F,2102-2114,2102,2114,1,13,13,medium,L,1,1,N,2F_L_N,125.06265664160401,1,22,0,85.56818181818181,0.0,478.84615384615387,379.1666666666667,0.0,0.0,592.0454545454545,105.9794318274272,0.5227272727272727,40.909090909090914,0.0,0.0,40.909090909090914,93.20000354104423,v9b_blend_05,2026-06-22,Monday,234
20260622,2240,モンキーターンV,0,0,4097,-600,2026-06-22,22,0,0622,True,False,False,2F,2230-2246,2230,2246,11,7,17,large,L,11,7,N,2F_L_N,95.11837930192823,7,22,0,321.969696969697,0.0,-32.142857142857146,143.45238095238096,0.0,50.0,494.3181818181818,105.99719105791068,0.3977272727272727,35.22727272727273,0.0,0.0,35.22727272727273,93.07019393842162,v9b_blend_05,2026-06-22,Monday,235
20260622,2185,アレックス ブライト,5,0,625,-100,2026-06-22,22,0,0622,True,False,False,2F,2179-2186,2179,2186,7,2,8,small,L,7,2,N,2F_L_N,94.66666666666667,2,22,0,198.05194805194805,50.0,11.538461538461538,261.21794871794873,0.0,50.0,248.86363636363637,95.81701771048296,0.45454545454545453,28.40909090909091,0.0,0.0,28.40909090909091,92.84131434546629,v9b_blend_05,2026-06-22,Monday,236
20260622,2345,いざ！番長,5,0,784,-900,2026-06-22,22,0,0622,True,False,False,2F,2330-2351,2330,2351,16,7,22,large,L,7,7,N,2F_L_N,61.73469387755102,7,22,0,321.969696969697,0.0,-32.142857142857146,143.45238095238096,0.0,50.0,706.8181818181819,99.49493508884105,0.3977272727272727,31.818181818181817,0.0,0.0,31.818181818181817,92.72928484751253,v9b_blend_05,2026-06-22,Monday,237
20260622,2206,スマスロ炎炎ノ消防隊2,6,0,3679,-1300,2026-06-22,22,0,0622,True,False,False,2F,2196-2212,2196,2212,11,7,17,large,L,11,7,N,2F_L_N,88.22143698468787,7,22,0,321.969696969697,0.0,-32.142857142857146,143.45238095238096,0.0,50.0,-113.63636363636364,100.19909290496358,0.4090909090909091,30.681818181818183,0.0,0.0,30.681818181818183,92.61564848387616,v9b_blend_05,2026-06-22,Monday,238
20260622,2052,甲鉄城のカバネリ 海門(うなと)決戦,2,0,4585,-2400,2026-06-22,22,0,0622,True,False,False,2F,2041-2052,2041,2052,12,1,12,medium,L,12,1,N,2F_L_N,82.55179934569247,1,22,0,85.56818181818181,0.0,478.84615384615387,379.1666666666667,0.0,0.0,100.0,100.07237517866743,0.4090909090909091,32.95454545454545,0.0,0.0,32.95454545454545,92.40454899558966,v9b_blend_05,2026-06-22,Monday,239
20260622,2320,いざ！番長,0,0,1668,1000,2026-06-22,22,0,0622,True,False,False,2F,2314-2329,2314,2329,7,10,16,large,L,7,7,N,2F_L_N,119.98401278976817,7,22,0,321.969696969697,0.0,-32.142857142857146,143.45238095238096,0.0,50.0,64.77272727272727,97.01349663516946,0.3409090909090909,28.40909090909091,0.0,0.0,28.40909090909091,92.38837575660344,v9b_blend_05,2026-06-22,Monday,240
20260622,2219,モンキーターンV,9,0,3481,-3200,2026-06-22,22,0,0622,True,False,False,2F,2213-2229,2213,2229,7,11,17,large,L,7,7,N,2F_L_N,69.35746433017333,7,22,0,321.969696969697,0.0,-32.142857142857146,143.45238095238096,0.0,50.0,-93.18181818181819,99.77318657005225,0.375,28.40909090909091,0.0,0.0,28.40909090909091,92.38837575660344,v9b_blend_05,2026-06-22,Monday,241
20260622,2053,戦国乙女5 業火を穿つ宿焔の双刃,3,0,5743,0,2026-06-22,22,0,0622,True,False,False,2F,2053-2064,2053,2064,1,12,12,medium,L,1,1,N,2F_L_N,100.0,1,22,0,85.56818181818181,0.0,478.84615384615387,379.1666666666667,0.0,0.0,-262.5,100.1418312293752,0.3522727272727273,30.681818181818183,0.0,0.0,30.681818181818183,92.17727626831694,v9b_blend_05,2026-06-22,Monday,242
20260622,2170,うみねこのなく頃に2,0,0,5330,-200,2026-06-22,22,0,0622,True,False,False,2F,2165-2171,2165,2171,6,2,7,small,L,6,2,N,2F_L_N,98.74921826141339,2,22,0,198.05194805194805,50.0,11.538461538461538,261.21794871794873,0.0,50.0,-50.0,97.25307325897653,0.3522727272727273,21.59090909090909,0.0,0.0,21.59090909090909,92.1594961636481,v9b_blend_05,2026-06-22,Monday,243
20260622,2154,交響詩篇エウレカセブン HI-EVOLUTION ZERO TYPE‐ART,4,0,9291,2800,2026-06-22,22,0,0622,True,False,False,2F,2143-2154,2143,2154,12,1,12,medium,L,12,1,N,2F_L_N,110.04556380726869,1,22,0,85.56818181818181,0.0,478.84615384615387,379.1666666666667,0.0,0.0,304.54545454545456,97.37730938292201,0.4772727272727273,29.545454545454547,0.0,0.0,29.545454545454547,92.0636399046806,v9b_blend_05,2026-06-22,Monday,244
20260622,2011,甲鉄城のカバネリ 海門(うなと)決戦,1,1,3299,500,2026-06-22,22,0,0622,True,False,False,2F,2011-2022,2011,2022,1,12,12,medium,L,1,1,N,2F_L_N,105.0520359704961,1,22,0,85.56818181818181,0.0,478.84615384615387,379.1666666666667,0.0,0.0,173.86363636363637,97.07208128349377,0.375,28.40909090909091,0.0,0.0,28.40909090909091,91.95000354104423,v9b_blend_05,2026-06-22,Monday,245
20260622,2101,タクトオーパス デスティニー,1,0,2172,-1100,2026-06-22,22,0,0622,True,False,False,2F,2089-2101,2089,2101,13,1,13,medium,L,13,1,N,2F_L_N,83.11847759361571,1,22,0,85.56818181818181,0.0,478.84615384615387,379.1666666666667,0.0,0.0,211.36363636363637,99.18778004578398,0.3409090909090909,28.40909090909091,0.0,0.0,28.40909090909091,91.95000354104423,v9b_blend_05,2026-06-22,Monday,246
20260622,2128,戦国乙女4 戦乱に閃く炯眼の軍師,8,0,4042,1900,2026-06-22,22,0,0622,True,False,False,2F,2115-2128,2115,2128,14,1,14,medium,L,14,1,N,2F_L_N,115.6688108197262,1,22,0,85.56818181818181,0.0,478.84615384615387,379.1666666666667,0.0,0.0,-137.5,95.1382254586073,0.3181818181818182,27.27272727272727,0.0,0.0,27.27272727272727,91.83636717740785,v9b_blend_05,2026-06-22,Monday,247
20260622,2077,マギアレコード 魔法少女まどか☆マギカ外伝,7,1,1958,-2000,2026-06-22,22,0,0622,True,False,False,2F,2077-2088,2077,2088,1,12,12,medium,L,1,1,N,2F_L_N,65.95165134490976,1,22,0,85.56818181818181,0.0,478.84615384615387,379.1666666666667,0.0,0.0,-459.09090909090907,95.97684566631405,0.3181818181818182,22.727272727272727,0.0,0.0,22.727272727272727,91.38182172286241,v9b_blend_05,2026-06-22,Monday,248
20260622,3033,ソードアート・オンラインII,3,1,8389,-3400,2026-06-22,22,0,0622,True,False,False,3F,3031-3042,3031,3042,3,10,12,medium,L,3,3,N,3F_L_N,86.49024516231573,3,22,0,-117.8030303030303,50.0,322.72727272727275,446.969696969697,-72.38636363636364,0.0,234.0909090909091,107.47984539074072,0.38636363636363635,35.22727272727273,0.0,0.0,35.22727272727273,90.4934659090909,v9b_blend_05,2026-06-22,Monday,249
20260622,2059,戦国乙女5 業火を穿つ宿焔の双刃,9,0,5168,4200,2026-06-22,22,0,0622,True,False,False,2F,2053-2064,2053,2064,7,6,12,medium,R,7,7,N,2F_R_N,127.08978328173374,7,22,0,231.62878787878788,150.0,46.15384615384615,-36.53846153846154,0.0,50.0,63.63636363636363,99.49665151845944,0.42045454545454547,35.22727272727273,0.0,0.0,35.22727272727273,90.3387611480012,v9b_blend_05,2026-06-22,Monday,250
20260622,2070,戦国乙女5 業火を穿つ宿焔の双刃,0,0,6130,-2800,2026-06-22,22,0,0622,True,False,False,2F,2065-2076,2065,2076,6,7,12,medium,R,6,7,N,2F_R_N,84.77433387710713,7,22,0,231.62878787878788,150.0,46.15384615384615,-36.53846153846154,0.0,50.0,539.7727272727273,102.65141131819091,0.4090909090909091,35.22727272727273,0.0,0.0,35.22727272727273,90.3387611480012,v9b_blend_05,2026-06-22,Monday,251
20260622,2046,甲鉄城のカバネリ 海門(うなと)決戦,6,0,4968,-2400,2026-06-22,22,0,0622,True,False,False,2F,2041-2052,2041,2052,6,7,12,medium,R,6,7,N,2F_R_N,83.89694041867955,7,22,0,231.62878787878788,150.0,46.15384615384615,-36.53846153846154,0.0,50.0,378.40909090909093,98.98639222390447,0.3068181818181818,29.545454545454547,0.0,0.0,29.545454545454547,89.77057932981938,v9b_blend_05,2026-06-22,Monday,252
20260622,3028,スマスロ ハナビ,8,0,1218,400,2026-06-22,22,0,0622,True,False,False,3F,3017-3030,3017,3030,12,3,14,medium,L,12,3,N,3F_L_N,110.94690749863163,3,22,0,-117.8030303030303,50.0,322.72727272727275,446.969696969697,-75.56818181818181,0.0,-195.45454545454547,96.20618411418255,0.375,21.59090909090909,0.0,0.0,21.59090909090909,88.81960227272728,v9b_blend_05,2026-06-22,Monday,253
20260622,2049,甲鉄城のカバネリ 海門(うなと)決戦,9,0,3285,1100,2026-06-22,22,0,0622,True,False,False,2F,2041-2052,2041,2052,9,4,12,medium,L,9,4,N,2F_L_N,111.16184677828514,4,22,0,129.20454545454547,100.0,-90.38461538461539,295.5128205128205,0.0,50.0,353.40909090909093,99.90104850890793,0.38636363636363635,31.818181818181817,0.0,0.0,31.818181818181817,88.03796682483022,v9b_blend_05,2026-06-22,Monday,254
20260622,2080,マギアレコード 魔法少女まどか☆マギカ外伝,0,0,1900,-100,2026-06-22,22,0,0622,True,False,False,2F,2077-2088,2077,2088,4,9,12,medium,L,4,4,N,2F_L_N,98.24561403508771,4,22,0,129.20454545454547,100.0,-90.38461538461539,295.5128205128205,0.0,50.0,134.0909090909091,104.2986039527706,0.36363636363636365,29.545454545454547,0.0,0.0,29.545454545454547,87.81069409755747,v9b_blend_05,2026-06-22,Monday,255
20260622,2262,スマスロ北斗の拳,2,0,6524,2200,2026-06-22,22,0,0622,True,False,False,2F,2247-2263,2247,2263,16,2,17,large,R,16,16,N,2F_R_N,111.24054772123442,16,22,0,127.65151515151516,0.0,450.0,62.96296296296296,0.0,0.0,478.40909090909093,104.21244856303032,0.5681818181818182,43.18181818181818,0.0,0.0,43.18181818181818,87.69396886781455,v9b_blend_05,2026-06-22,Monday,256
20260622,2287,スーパーブラックジャック,7,0,5538,600,2026-06-22,22,0,0622,True,False,False,2F,2281-2297,2281,2297,7,11,17,large,L,7,7,N,2F_L_N,103.61141206211629,7,22,0,321.969696969697,0.0,-32.142857142857146,143.45238095238096,0.0,0.0,409.09090909090907,102.16405372314044,0.4318181818181818,39.77272727272727,0.0,0.0,39.77272727272727,87.59928845400938,v9b_blend_05,2026-06-22,Monday,257
20260622,2105,ソードアート・オンライン,5,0,5059,3500,2026-06-22,22,0,0622,True,False,False,2F,2102-2114,2102,2114,4,10,13,medium,L,4,4,N,2F_L_N,123.06121104302564,4,22,0,129.20454545454547,100.0,-90.38461538461539,295.5128205128205,0.0,50.0,53.40909090909091,99.40986050539246,0.32954545454545453,27.27272727272727,0.0,0.0,27.27272727272727,87.58342137028475,v9b_blend_05,2026-06-22,Monday,258
20260622,2125,戦国乙女4 戦乱に閃く炯眼の軍師,5,0,8707,9800,2026-06-22,22,0,0622,True,False,False,2F,2115-2128,2115,2128,11,4,14,medium,L,11,4,N,2F_L_N,137.51770606025804,4,22,0,129.20454545454547,100.0,-90.38461538461539,295.5128205128205,0.0,50.0,-125.0,96.57066124743005,0.4090909090909091,26.136363636363637,0.0,0.0,26.136363636363637,87.46978500664838,v9b_blend_05,2026-06-22,Monday,259
20260622,2056,戦国乙女5 業火を穿つ宿焔の双刃,6,0,6073,-1600,2026-06-22,22,0,0622,True,False,False,2F,2053-2064,2053,2064,4,9,12,medium,L,4,4,N,2F_L_N,91.21795927328613,4,22,0,129.20454545454547,100.0,-90.38461538461539,295.5128205128205,0.0,50.0,-131.8181818181818,102.47184667243378,0.375,26.136363636363637,0.0,0.0,26.136363636363637,87.46978500664838,v9b_blend_05,2026-06-22,Monday,260
20260622,2274,北斗の拳 転生の章2,4,0,1329,-700,2026-06-22,22,0,0622,True,False,False,2F,2264-2280,2264,2280,11,7,17,large,L,11,7,N,2F_L_N,82.44293955354904,7,22,0,321.969696969697,0.0,-32.142857142857146,143.45238095238096,0.0,0.0,1115.909090909091,106.69503227239566,0.4090909090909091,35.22727272727273,0.0,0.0,35.22727272727273,87.14474299946394,v9b_blend_05,2026-06-22,Monday,261
20260622,2307,スーパーリオエース2,7,0,1004,-400,2026-06-22,22,0,0622,True,False,False,2F,2298-2313,2298,2313,10,7,16,large,L,10,7,N,2F_L_N,86.71978751660026,7,22,0,321.969696969697,0.0,-32.142857142857146,143.45238095238096,0.0,0.0,493.1818181818182,103.55005021383744,0.4431818181818182,32.95454545454545,0.0,0.0,32.95454545454545,86.91747027219121,v9b_blend_05,2026-06-22,Monday,262
20260622,2033,甲鉄城のカバネリ 海門(うなと)決戦,3,1,4709,200,2026-06-22,22,0,0622,True,False,False,2F,2032-2040,2032,2040,2,8,9,small,L,2,2,N,2F_L_N,101.4157287463722,2,22,0,198.05194805194805,50.0,11.538461538461538,261.21794871794873,0.0,0.0,175.0,96.83027266500795,0.3181818181818182,27.27272727272727,0.0,0.0,27.27272727272727,86.80222704287223,v9b_blend_05,2026-06-22,Monday,263
20260622,2173,スマスロ サンダーV,3,0,1882,500,2026-06-22,22,0,0622,True,False,False,2F,2172-2178,2172,2178,2,6,7,small,L,2,2,N,2F_L_N,108.85582713425434,2,22,0,198.05194805194805,50.0,11.538461538461538,261.21794871794873,0.0,0.0,73.86363636363636,99.0038756735538,0.375,25.0,0.0,0.0,25.0,86.57495431559951,v9b_blend_05,2026-06-22,Monday,264
20260622,2002,ゴッドイーター リザレクション,2,0,1243,-1600,2026-06-22,22,0,0622,True,False,False,2F,2001-2010,2001,2010,2,9,10,small,L,2,2,N,2F_L_N,57.09305443818719,2,22,0,198.05194805194805,50.0,11.538461538461538,261.21794871794873,0.0,0.0,-37.5,95.79439207297368,0.3522727272727273,25.0,0.0,0.0,25.0,86.57495431559951,v9b_blend_05,2026-06-22,Monday,265
20260622,2197,スマスロ炎炎ノ消防隊2,7,0,6169,4100,2026-06-22,22,0,0622,True,False,False,2F,2196-2212,2196,2212,2,16,17,large,R,2,16,N,2F_R_N,122.1537796509429,16,22,0,127.65151515151516,0.0,450.0,62.96296296296296,0.0,0.0,-90.9090909090909,99.03925703691262,0.4090909090909091,30.681818181818183,0.0,0.0,30.681818181818183,86.44396886781455,v9b_blend_05,2026-06-22,Monday,266
20260622,2228,東京リベンジャーズ,8,0,5497,0,2026-06-22,22,0,0622,True,False,False,2F,2213-2229,2213,2229,16,2,17,large,R,16,16,N,2F_R_N,100.0,16,22,0,127.65151515151516,0.0,450.0,62.96296296296296,0.0,0.0,-286.3636363636364,97.91546189033585,0.3409090909090909,30.681818181818183,0.0,0.0,30.681818181818183,86.44396886781455,v9b_blend_05,2026-06-22,Monday,267
20260622,2231,新鬼武者3,1,0,2112,-1400,2026-06-22,22,0,0622,True,False,False,2F,2230-2246,2230,2246,2,16,17,large,R,2,16,N,2F_R_N,77.90404040404042,16,22,0,127.65151515151516,0.0,450.0,62.96296296296296,0.0,0.0,317.04545454545456,99.22320497097017,0.375,30.681818181818183,0.0,0.0,30.681818181818183,86.44396886781455,v9b_blend_05,2026-06-22,Monday,268
20260622,2298,無職転生 ～異世界行ったら本気だす～,8,0,2638,-2800,2026-06-22,22,0,0622,True,False,False,2F,2298-2313,2298,2313,1,16,16,large,R,1,16,N,2F_R_N,64.61966135961586,16,22,0,127.65151515151516,0.0,450.0,62.96296296296296,0.0,0.0,-315.90909090909093,92.06937183807808,0.29545454545454547,26.136363636363637,0.0,0.0,26.136363636363637,85.9894234132691,v9b_blend_05,2026-06-22,Monday,269
20260622,2253,北斗の拳 転生の章2,3,0,525,-300,2026-06-22,22,0,0622,True,False,False,2F,2247-2263,2247,2263,7,11,17,large,L,7,7,N,2F_L_N,80.95238095238095,7,22,0,321.969696969697,0.0,-32.142857142857146,143.45238095238096,0.0,0.0,-179.54545454545453,95.1361367136697,0.3181818181818182,21.59090909090909,0.0,0.0,21.59090909090909,85.78110663582757,v9b_blend_05,2026-06-22,Monday,270
20260622,3215,東京喰種,5,0,4226,1500,2026-06-22,22,0,0622,True,False,False,3F,3209-3217,3209,3217,7,3,9,small,R,7,7,N,3F_R_N,111.83151916706105,7,22,0,627.2727272727273,100.0,-450.0,-595.8333333333334,0.0,50.0,627.2727272727273,106.93934346334777,0.375,35.22727272727273,0.0,0.0,35.22727272727273,83.65340909090907,v9b_blend_05,2026-06-22,Monday,271
20260622,3187,ゴーゴージャグラー3,7,0,1397,-500,2026-06-22,22,0,0622,True,False,False,3F,3181-3190,3181,3190,7,4,10,small,L,7,4,A,3F_L_A,88.0696731090432,4,22,0,312.5,150.0,-15.384615384615385,-32.05128205128205,0.0,0.0,312.5,96.27044308106382,0.4318181818181818,30.681818181818183,100.0,0.0,30.681818181818183,83.60289108243794,v9b_blend_05,2026-06-22,Monday,272
20260622,2322,ガールズ&パンツァー 最終章,2,1,3298,100,2026-06-22,22,0,0622,True,False,False,2F,2314-2329,2314,2329,9,8,16,large,R,9,9,N,2F_R_N,101.01071356377602,9,22,0,372.72727272727275,100.0,-112.5,127.60416666666667,0.0,0.0,257.95454545454544,103.23531859633076,0.3522727272727273,32.95454545454545,0.0,0.0,32.95454545454545,83.05229826387539,v9b_blend_05,2026-06-22,Monday,273
20260622,2132,甲鉄城のカバネリ,2,0,1696,-1200,2026-06-22,22,0,0622,True,False,False,2F,2129-2142,2129,2142,4,11,14,medium,L,4,4,N,2F_L_N,76.41509433962264,4,22,0,129.20454545454547,100.0,-90.38461538461539,295.5128205128205,0.0,0.0,180.6818181818182,100.18824193898362,0.3977272727272727,35.22727272727273,0.0,0.0,35.22727272727273,82.4534249767816,v9b_blend_05,2026-06-22,Monday,274
20260622,2115,痛いのは嫌なので防御力に極振りしたいと思います。,5,0,1484,-400,2026-06-22,22,0,0622,True,False,False,2F,2115-2128,2115,2128,1,14,14,medium,R,1,14,N,2F_R_N,91.01527403414195,14,22,0,14.772727272727273,0.0,509.09090909090907,-36.36363636363637,0.0,50.0,512.5,101.93911916754342,0.4318181818181818,38.63636363636363,0.0,0.0,38.63636363636363,82.28543666679623,v9b_blend_05,2026-06-22,Monday,275
20260622,2014,甲鉄城のカバネリ 海門(うなと)決戦,4,0,3267,5000,2026-06-22,22,0,0622,True,False,False,2F,2011-2022,2011,2022,4,9,12,medium,L,4,4,N,2F_L_N,151.01520253035406,4,22,0,129.20454545454547,100.0,-90.38461538461539,295.5128205128205,0.0,0.0,96.5909090909091,95.3583572185575,0.4318181818181818,30.681818181818183,0.0,0.0,30.681818181818183,81.99887952223617,v9b_blend_05,2026-06-22,Monday,276
20260622,2151,交響詩篇エウレカセブン HI-EVOLUTION ZERO TYPE‐ART,1,0,6991,5500,2026-06-22,22,0,0622,True,False,False,2F,2143-2154,2143,2154,9,4,12,medium,L,9,4,N,2F_L_N,126.22419301006056,4,22,0,129.20454545454547,100.0,-90.38461538461539,295.5128205128205,0.0,0.0,370.45454545454544,97.4459309220139,0.375,29.545454545454547,0.0,0.0,29.545454545454547,81.88524315859979,v9b_blend_05,2026-06-22,Monday,277
20260622,2098,タクトオーパス デスティニー,8,0,3733,-600,2026-06-22,22,0,0622,True,False,False,2F,2089-2101,2089,2101,10,4,13,medium,L,10,4,N,2F_L_N,94.64237878381998,4,22,0,129.20454545454547,100.0,-90.38461538461539,295.5128205128205,0.0,0.0,309.09090909090907,99.99787986030248,0.32954545454545453,28.40909090909091,0.0,0.0,28.40909090909091,81.77160679496345,v9b_blend_05,2026-06-22,Monday,278
20260622,2073,戦国乙女5 業火を穿つ宿焔の双刃,3,0,5428,100,2026-06-22,22,0,0622,True,False,False,2F,2065-2076,2065,2076,9,4,12,medium,L,9,4,N,2F_L_N,100.61409972979611,4,22,0,129.20454545454547,100.0,-90.38461538461539,295.5128205128205,0.0,0.0,51.13636363636363,111.73900181103998,0.3409090909090909,27.27272727272727,0.0,0.0,27.27272727272727,81.65797043132707,v9b_blend_05,2026-06-22,Monday,279
20260622,3160,ファンキージャグラー2,0,0,2636,-500,2026-06-22,22,0,0622,True,False,False,3F,3156-3167,3156,3167,5,8,12,medium,R,5,8,A,3F_R_A,93.67728882144664,8,22,0,127.17190388170056,100.0,64.28571428571429,-62.35294117647059,0.0,50.0,160.22727272727272,97.49682375527054,0.4090909090909091,26.136363636363637,100.0,0.0,26.136363636363637,79.95646981864499,v9b_blend_05,2026-06-22,Monday,280
20260622,3175,ゴーゴージャグラー3,5,0,1384,-300,2026-06-22,22,0,0622,True,False,False,3F,3168-3180,3168,3180,8,6,13,medium,R,8,8,A,3F_R_A,92.77456647398844,8,22,0,127.17190388170056,100.0,64.28571428571429,-62.35294117647059,0.0,50.0,118.18181818181819,97.41614965984787,0.38636363636363635,23.863636363636363,100.0,0.0,23.863636363636363,79.72919709137227,v9b_blend_05,2026-06-22,Monday,281
20260622,2025,甲鉄城のカバネリ 海門(うなと)決戦,5,0,2563,-1700,2026-06-22,22,0,0622,True,False,False,2F,2023-2031,2023,2031,3,7,9,small,R,3,7,N,2F_R_N,77.89049291195214,7,22,0,220.7792207792208,100.0,46.15384615384615,-36.53846153846154,0.0,50.0,687.5,103.86429210004967,0.4772727272727273,38.63636363636363,0.0,0.0,38.63636363636363,79.68185718193735,v9b_blend_05,2026-06-22,Monday,282
20260622,3151,ファンキージャグラー2,1,0,3419,-400,2026-06-22,22,0,0622,True,False,False,3F,3144-3155,3144,3155,8,5,12,medium,R,8,8,A,3F_R_A,96.10022423710637,8,22,0,127.17190388170056,100.0,64.28571428571429,-62.35294117647059,0.0,0.0,235.22727272727272,97.67661705970885,0.4318181818181818,30.681818181818183,100.0,0.0,30.681818181818183,79.28601527319043,v9b_blend_05,2026-06-22,Monday,283
20260622,3136,マイジャグラーV,6,0,1947,-600,2026-06-22,22,0,0622,True,False,False,3F,3131-3143,3131,3143,6,8,13,medium,R,6,8,A,3F_R_A,89.72778633795583,8,22,0,127.17190388170056,100.0,64.28571428571429,-62.35294117647059,0.0,50.0,85.22727272727273,97.28230547012595,0.3977272727272727,18.181818181818183,100.0,0.0,18.181818181818183,79.16101527319043,v9b_blend_05,2026-06-22,Monday,284
20260622,3124,マイジャグラーV,4,0,8874,3100,2026-06-22,22,0,0622,True,False,False,3F,3117-3130,3117,3130,8,7,14,medium,R,8,8,A,3F_R_A,111.64450454511305,8,22,0,127.17190388170056,100.0,64.28571428571429,-62.35294117647059,0.0,0.0,207.95454545454547,97.87344528845334,0.4090909090909091,27.27272727272727,100.0,0.0,27.27272727272727,78.94510618228136,v9b_blend_05,2026-06-22,Monday,285
20260622,3287,マイジャグラーV,7,0,1314,-200,2026-06-22,22,0,0622,True,False,False,3F,3281-3294,3281,3294,7,8,14,medium,R,7,8,A,3F_R_A,94.92643328259767,8,22,0,127.17190388170056,100.0,64.28571428571429,-62.35294117647059,0.0,0.0,69.31818181818181,97.64060281837747,0.45454545454545453,26.136363636363637,100.0,0.0,26.136363636363637,78.83146981864499,v9b_blend_05,2026-06-22,Monday,286
20260622,2180,不二子BT,0,0,600,-700,2026-06-22,22,0,0622,True,False,False,2F,2179-2186,2179,2186,2,7,8,small,R,2,7,N,2F_R_N,61.111111111111114,7,22,0,220.7792207792208,100.0,46.15384615384615,-36.53846153846154,0.0,50.0,73.86363636363636,97.83797410121609,0.3977272727272727,27.27272727272727,0.0,0.0,27.27272727272727,78.54549354557372,v9b_blend_05,2026-06-22,Monday,287
20260622,2165,うみねこのなく頃に2,5,0,113,200,2026-06-22,22,0,0622,True,False,False,2F,2165-2171,2165,2171,1,7,7,small,R,1,7,N,2F_R_N,158.99705014749264,7,22,0,220.7792207792208,100.0,46.15384615384615,-36.53846153846154,0.0,50.0,75.0,99.31654106266143,0.5227272727272727,23.863636363636363,0.0,0.0,23.863636363636363,78.20458445466463,v9b_blend_05,2026-06-22,Monday,288
20260622,2286,スーパーブラックジャック,6,0,0,0,2026-06-22,22,0,0622,True,False,False,2F,2281-2297,2281,2297,6,12,17,large,L,6,6,N,2F_L_N,,6,22,0,83.58585858585859,0.0,282.5,334.1666666666667,0.0,50.0,403.40909090909093,100.68666579927208,0.3409090909090909,27.27272727272727,0.0,0.0,27.27272727272727,76.58012119439275,v9b_blend_05,2026-06-22,Monday,289
20260622,2319,いざ！番長,9,0,516,-400,2026-06-22,22,0,0622,True,False,False,2F,2314-2329,2314,2329,6,11,16,large,L,6,6,N,2F_L_N,74.16020671834626,6,22,0,83.58585858585859,0.0,282.5,334.1666666666667,0.0,50.0,82.95454545454545,97.01290111896759,0.375,27.27272727272727,0.0,0.0,27.27272727272727,76.58012119439275,v9b_blend_05,2026-06-22,Monday,290
20260622,2346,いざ！番長,6,0,2002,-600,2026-06-22,22,0,0622,True,False,False,2F,2330-2351,2330,2351,17,6,22,large,L,6,6,N,2F_L_N,90.00999000999002,6,22,0,83.58585858585859,0.0,282.5,334.1666666666667,0.0,50.0,40.90909090909091,99.47527608834561,0.3181818181818182,27.27272727272727,0.0,0.0,27.27272727272727,76.58012119439275,v9b_blend_05,2026-06-22,Monday,291
20260622,2275,北斗の拳 転生の章2,5,0,2874,-3200,2026-06-22,22,0,0622,True,False,False,2F,2264-2280,2264,2280,12,6,17,large,L,12,6,N,2F_L_N,62.88564138250986,6,22,0,83.58585858585859,0.0,282.5,334.1666666666667,0.0,50.0,-48.86363636363637,98.75997765055072,0.3181818181818182,23.863636363636363,0.0,0.0,23.863636363636363,76.23921210348365,v9b_blend_05,2026-06-22,Monday,292
20260622,2017,甲鉄城のカバネリ 海門(うなと)決戦,7,0,3473,-2200,2026-06-22,22,0,0622,True,False,False,2F,2011-2022,2011,2022,7,6,12,medium,R,7,7,N,2F_R_N,78.8847298205202,7,22,0,231.62878787878788,150.0,46.15384615384615,-36.53846153846154,0.0,0.0,834.0909090909091,105.0388912108592,0.4659090909090909,39.77272727272727,0.0,0.0,39.77272727272727,76.09760331054153,v9b_blend_05,2026-06-22,Monday,293
20260622,2148,バイオハザード RE:3,8,0,813,3000,2026-06-22,22,0,0622,True,False,False,2F,2143-2154,2143,2154,6,7,12,medium,R,6,7,N,2F_R_N,223.00123001230014,7,22,0,231.62878787878788,150.0,46.15384615384615,-36.53846153846154,0.0,0.0,64.77272727272727,96.20659951694711,0.3522727272727273,28.40909090909091,0.0,0.0,28.40909090909091,74.9612396741779,v9b_blend_05,2026-06-22,Monday,294
20260622,2083,マギアレコード 魔法少女まどか☆マギカ外伝,3,0,1293,-600,2026-06-22,22,0,0622,True,False,False,2F,2077-2088,2077,2088,7,6,12,medium,R,7,7,N,2F_R_N,84.5320959010054,7,22,0,231.62878787878788,150.0,46.15384615384615,-36.53846153846154,0.0,0.0,-490.90909090909093,98.65418844354612,0.375,21.59090909090909,0.0,0.0,21.59090909090909,74.27942149235972,v9b_blend_05,2026-06-22,Monday,295
20260622,3057,革命機ヴァルヴレイヴ,7,0,4182,-1400,2026-06-22,22,0,0622,True,False,False,3F,3043-3057,3043,3057,15,1,15,large,L,15,1,N,3F_L_N,88.84106488123706,1,22,0,56.96022727272727,0.0,154.16666666666666,81.25,195.45454545454547,0.0,345.45454545454544,100.84314990201892,0.4090909090909091,36.36363636363637,0.0,0.0,36.36363636363637,74.23366477272728,v9b_blend_05,2026-06-22,Monday,296
20260622,3087,ToLOVEるダークネス TRANCE ver.8.7,7,0,6332,1300,2026-06-22,22,0,0622,True,False,False,3F,3073-3087,3073,3087,15,1,15,large,L,15,1,N,3F_L_N,106.84354600968624,1,22,0,56.96022727272727,0.0,154.16666666666666,81.25,195.45454545454547,0.0,39.77272727272727,100.3502589180289,0.3977272727272727,32.95454545454545,0.0,0.0,32.95454545454545,73.89275568181819,v9b_blend_05,2026-06-22,Monday,297
20260622,3120,マイジャグラーV,0,0,7137,500,2026-06-22,22,0,0622,True,False,False,3F,3117-3130,3117,3130,4,11,14,medium,L,4,4,A,3F_L_A,102.33524823688758,4,22,0,275.5681818181818,100.0,-15.384615384615385,-32.05128205128205,0.0,50.0,346.59090909090907,99.1464604150288,0.4431818181818182,32.95454545454545,100.0,0.0,32.95454545454545,73.65576158177825,v9b_blend_05,2026-06-22,Monday,298
20260622,3140,マイジャグラーV,0,0,8573,-200,2026-06-22,22,0,0622,True,False,False,3F,3131-3143,3131,3143,10,4,13,medium,L,10,4,A,3F_L_A,99.22236478867762,4,22,0,275.5681818181818,100.0,-15.384615384615385,-32.05128205128205,0.0,50.0,318.1818181818182,98.75335836052345,0.4090909090909091,29.545454545454547,100.0,0.0,29.545454545454547,73.31485249086916,v9b_blend_05,2026-06-22,Monday,299
20260622,3355,ネオアイムジャグラーEX,5,1,3440,200,2026-06-22,22,0,0622,True,False,False,3F,3341-3362,3341,3362,15,8,22,large,L,8,8,A,3F_L_A,101.93798449612403,8,22,0,216.8560606060606,50.0,-108.33333333333333,180.55555555555554,0.0,50.0,217.04545454545453,98.81901335821667,0.4772727272727273,32.95454545454545,100.0,0.0,32.95454545454545,73.02252174031517,v9b_blend_05,2026-06-22,Monday,300
20260622,3125,マイジャグラーV,5,0,6868,100,2026-06-22,22,0,0622,True,False,False,3F,3117-3130,3117,3130,9,6,14,medium,R,9,9,A,3F_R_A,100.48534265191225,9,22,0,186.8761552680222,50.0,-100.0,264.13793103448273,0.0,50.0,194.3181818181818,99.2399310981603,0.48863636363636365,30.681818181818183,100.0,0.0,30.681818181818183,72.5352001112534,v9b_blend_05,2026-06-22,Monday,301
20260622,3159,ファンキージャグラー2,9,0,4548,400,2026-06-22,22,0,0622,True,False,False,3F,3156-3167,3156,3167,4,9,12,medium,R,4,9,A,3F_R_A,102.93169158604513,9,22,0,186.8761552680222,50.0,-100.0,264.13793103448273,0.0,50.0,290.90909090909093,97.75142027014141,0.4090909090909091,28.40909090909091,100.0,0.0,28.40909090909091,72.30792738398068,v9b_blend_05,2026-06-22,Monday,302
20260622,3135,マイジャグラーV,5,0,6787,2300,2026-06-22,22,0,0622,True,False,False,3F,3131-3143,3131,3143,5,9,13,medium,R,5,9,A,3F_R_A,111.29610529934679,9,22,0,186.8761552680222,50.0,-100.0,264.13793103448273,0.0,50.0,290.90909090909093,98.42715851242838,0.4090909090909091,23.863636363636363,100.0,0.0,23.863636363636363,71.85338192943522,v9b_blend_05,2026-06-22,Monday,303
20260622,3176,ゴーゴージャグラー3,6,0,1531,-400,2026-06-22,22,0,0622,True,False,False,3F,3168-3180,3168,3180,9,5,13,medium,R,9,9,A,3F_R_A,91.29109514478554,9,22,0,186.8761552680222,50.0,-100.0,264.13793103448273,0.0,50.0,143.1818181818182,97.46168084717459,0.42045454545454547,23.863636363636363,100.0,0.0,23.863636363636363,71.85338192943522,v9b_blend_05,2026-06-22,Monday,304
20260622,2252,北斗の拳 転生の章2,2,0,1298,2400,2026-06-22,22,0,0622,True,False,False,2F,2247-2263,2247,2263,6,12,17,large,L,6,6,N,2F_L_N,161.63328197226502,6,22,0,83.58585858585859,0.0,282.5,334.1666666666667,0.0,0.0,542.0454545454545,108.79434250050441,0.4090909090909091,36.36363636363637,0.0,0.0,36.36363636363637,71.56376116452597,v9b_blend_05,2026-06-22,Monday,305
20260622,3286,マイジャグラーV,6,0,8420,3200,2026-06-22,22,0,0622,True,False,False,3F,3281-3294,3281,3294,6,9,14,medium,R,6,9,A,3F_R_A,112.6682501979414,9,22,0,186.8761552680222,50.0,-100.0,264.13793103448273,0.0,50.0,61.36363636363637,97.43336815516376,0.36363636363636365,20.454545454545457,100.0,0.0,20.454545454545457,71.51247283852612,v9b_blend_05,2026-06-22,Monday,306
20260622,3207,グランベルム,7,0,2279,-2100,2026-06-22,22,0,0622,True,False,False,3F,3191-3208,3191,3208,17,2,18,large,L,2,17,N,3F_L_N,69.28477402369461,17,22,0,100.0,0.0,-550.0,800.0,195.45454545454547,0.0,100.0,99.15771827386725,0.42045454545454547,35.22727272727273,0.0,0.0,35.22727272727273,71.32954545454545,v9b_blend_05,2026-06-22,Monday,307
20260622,2241,モンキーターンV,1,0,1080,-1400,2026-06-22,22,0,0622,True,False,False,2F,2230-2246,2230,2246,12,6,17,large,L,12,6,N,2F_L_N,56.79012345679012,6,22,0,83.58585858585859,0.0,282.5,334.1666666666667,0.0,0.0,82.95454545454545,100.05365757055368,0.36363636363636365,30.681818181818183,0.0,0.0,30.681818181818183,70.99557934634416,v9b_blend_05,2026-06-22,Monday,308
20260622,2218,モンキーターンV,8,0,596,-700,2026-06-22,22,0,0622,True,False,False,2F,2213-2229,2213,2229,6,12,17,large,L,6,6,N,2F_L_N,60.85011185682326,6,22,0,83.58585858585859,0.0,282.5,334.1666666666667,0.0,0.0,269.3181818181818,104.61889573219315,0.4090909090909091,29.545454545454547,0.0,0.0,29.545454545454547,70.8819429827078,v9b_blend_05,2026-06-22,Monday,309
20260622,3288,マイジャグラーV,8,1,7357,2000,2026-06-22,22,0,0622,True,False,False,3F,3281-3294,3281,3294,8,7,14,medium,L,8,7,A,3F_L_A,109.06166462779213,7,22,0,169.58904109589042,150.0,30.0,44.62809917355372,0.0,0.0,228.4090909090909,98.29994691389379,0.45454545454545453,27.27272727272727,100.0,0.0,27.27272727272727,70.70477644516822,v9b_blend_05,2026-06-22,Monday,310
20260622,3114,革命機ヴァルヴレイヴ2,4,0,2356,400,2026-06-22,22,0,0622,True,False,False,3F,3103-3116,3103,3116,12,3,14,medium,L,12,3,N,3F_L_N,105.65930956423317,3,22,0,-117.8030303030303,50.0,322.72727272727275,446.969696969697,-262.6178010471204,0.0,-392.04545454545456,93.71442685076771,0.25,22.727272727272727,0.0,0.0,22.727272727272727,70.69590076154213,v9b_blend_05,2026-06-22,Monday,311
20260622,3356,ネオアイムジャグラーEX,6,0,1604,-200,2026-06-22,22,0,0622,True,False,False,3F,3341-3362,3341,3362,16,7,22,large,L,7,7,A,3F_L_A,95.84372402327514,7,22,0,209.28030303030303,0.0,30.0,44.62809917355372,0.0,50.0,48.86363636363637,95.19717746582768,0.3977272727272727,25.0,100.0,0.0,25.0,70.62513266902923,v9b_blend_05,2026-06-22,Monday,312
20260622,3152,ファンキージャグラー2,2,0,971,-700,2026-06-22,22,0,0622,True,False,False,3F,3144-3155,3144,3155,9,4,12,medium,R,9,9,A,3F_R_A,75.96979059388946,9,22,0,186.8761552680222,50.0,-100.0,264.13793103448273,0.0,0.0,65.9090909090909,97.23648385217057,0.29545454545454547,22.727272727272727,100.0,0.0,22.727272727272727,70.61474556579886,v9b_blend_05,2026-06-22,Monday,313
20260622,2308,スーパーリオエース2,8,0,3955,5500,2026-06-22,22,0,0622,True,False,False,2F,2298-2313,2298,2313,11,6,16,large,L,11,6,N,2F_L_N,146.35482511588705,6,22,0,83.58585858585859,0.0,282.5,334.1666666666667,0.0,0.0,-10.227272727272727,95.67449051063764,0.3409090909090909,26.136363636363637,0.0,0.0,26.136363636363637,70.5410338917987,v9b_blend_05,2026-06-22,Monday,314
20260622,3171,ゴーゴージャグラー3,1,0,7301,3000,2026-06-22,22,0,0622,True,False,False,3F,3168-3180,3168,3180,4,10,13,medium,L,4,4,A,3F_L_A,113.69675386933298,4,22,0,275.5681818181818,100.0,-15.384615384615385,-32.05128205128205,0.0,0.0,418.1818181818182,98.53789043657258,0.5,31.818181818181817,100.0,0.0,31.818181818181817,70.45163533707395,v9b_blend_05,2026-06-22,Monday,315
20260622,3137,マイジャグラーV,7,0,6085,1300,2026-06-22,22,0,0622,True,False,False,3F,3131-3143,3131,3143,7,7,13,medium,L,7,7,A,3F_L_A,107.12133662010407,7,22,0,169.58904109589042,150.0,30.0,44.62809917355372,0.0,0.0,179.54545454545453,97.82168551845253,0.4318181818181818,22.727272727272727,100.0,0.0,22.727272727272727,70.25023099062277,v9b_blend_05,2026-06-22,Monday,316
20260622,3123,マイジャグラーV,3,0,8874,1200,2026-06-22,22,0,0622,True,False,False,3F,3117-3130,3117,3130,7,8,14,medium,L,7,7,A,3F_L_A,104.50755014649538,7,22,0,169.58904109589042,150.0,30.0,44.62809917355372,0.0,0.0,97.72727272727273,97.81325403239548,0.45454545454545453,22.727272727272727,100.0,0.0,22.727272727272727,70.25023099062277,v9b_blend_05,2026-06-22,Monday,317
20260622,3147,ファンキージャグラー2,7,0,3068,-500,2026-06-22,22,0,0622,True,False,False,3F,3144-3155,3144,3155,4,9,12,medium,L,4,4,A,3F_L_A,94.56757931334202,4,22,0,275.5681818181818,100.0,-15.384615384615385,-32.05128205128205,0.0,0.0,234.0909090909091,97.64481481978554,0.45454545454545453,28.40909090909091,100.0,0.0,28.40909090909091,70.11072624616487,v9b_blend_05,2026-06-22,Monday,318
20260622,2207,スマスロ炎炎ノ消防隊2,7,0,2654,-2700,2026-06-22,22,0,0622,True,False,False,2F,2196-2212,2196,2212,12,6,17,large,L,12,6,N,2F_L_N,66.08892238131124,6,22,0,83.58585858585859,0.0,282.5,334.1666666666667,0.0,0.0,-610.2272727272727,95.94427869966752,0.29545454545454547,21.59090909090909,0.0,0.0,21.59090909090909,70.08648843725325,v9b_blend_05,2026-06-22,Monday,319
20260622,3174,ゴーゴージャグラー3,4,0,825,-400,2026-06-22,22,0,0622,True,False,False,3F,3168-3180,3168,3180,7,7,13,medium,L,7,7,A,3F_L_A,83.83838383838383,7,22,0,169.58904109589042,150.0,30.0,44.62809917355372,0.0,0.0,154.54545454545453,95.87587742809896,0.4090909090909091,20.454545454545457,100.0,0.0,20.454545454545457,70.02295826335005,v9b_blend_05,2026-06-22,Monday,320
20260622,3291,マイジャグラーV,1,0,1087,-700,2026-06-22,22,0,0622,True,False,False,3F,3281-3294,3281,3294,11,4,14,medium,L,11,4,A,3F_L_A,78.53419196565471,4,22,0,275.5681818181818,100.0,-15.384615384615385,-32.05128205128205,0.0,0.0,123.86363636363636,98.35539508783539,0.375,27.27272727272727,100.0,0.0,27.27272727272727,69.99708988252851,v9b_blend_05,2026-06-22,Monday,321
20260622,3008,キングハナハナ-30,8,0,3361,-1100,2026-06-22,22,0,0622,True,False,False,3F,3001-3016,3001,3016,8,9,16,large,L,8,8,A,3F_L_A,89.09054844788258,8,22,0,216.8560606060606,50.0,-108.33333333333333,180.55555555555554,0.0,0.0,337.5,98.21892877143046,0.4772727272727273,31.818181818181817,100.0,0.0,31.818181818181817,69.81839549561089,v9b_blend_05,2026-06-22,Monday,322
20260622,3317,ジャグラーガールズ,7,0,2615,-300,2026-06-22,22,0,0622,True,False,False,3F,3310-3324,3310,3324,8,8,15,large,L,8,8,A,3F_L_A,96.17590822179733,8,22,0,216.8560606060606,50.0,-108.33333333333333,180.55555555555554,0.0,0.0,262.5,97.53220993409367,0.3977272727272727,30.681818181818183,100.0,0.0,30.681818181818183,69.70475913197451,v9b_blend_05,2026-06-22,Monday,323
20260622,3332,ネオアイムジャグラーEX,2,0,2752,-700,2026-06-22,22,0,0622,True,False,False,3F,3325-3340,3325,3340,8,9,16,large,L,8,8,A,3F_L_A,91.52131782945736,8,22,0,216.8560606060606,50.0,-108.33333333333333,180.55555555555554,0.0,0.0,170.45454545454547,96.92831181515781,0.42045454545454547,29.545454545454547,100.0,0.0,29.545454545454547,69.59112276833815,v9b_blend_05,2026-06-22,Monday,324
20260622,3164,ファンキージャグラー2,4,0,2159,-300,2026-06-22,22,0,0622,True,False,False,3F,3156-3167,3156,3167,9,4,12,medium,L,9,4,A,3F_L_A,95.3682260305697,4,22,0,275.5681818181818,100.0,-15.384615384615385,-32.05128205128205,0.0,0.0,212.5,98.10693993259336,0.38636363636363635,22.727272727272727,100.0,0.0,22.727272727272727,69.54254442798305,v9b_blend_05,2026-06-22,Monday,325
20260622,3302,ハッピージャグラーVIII,2,0,6269,1600,2026-06-22,22,0,0622,True,False,False,3F,3295-3309,3295,3309,8,8,15,large,L,8,8,A,3F_L_A,108.5074706226405,8,22,0,216.8560606060606,50.0,-108.33333333333333,180.55555555555554,0.0,0.0,321.59090909090907,98.06475819671601,0.4090909090909091,28.40909090909091,100.0,0.0,28.40909090909091,69.47748640470179,v9b_blend_05,2026-06-22,Monday,326
20260622,3272,マイジャグラーV,2,0,4628,-1000,2026-06-22,22,0,0622,True,False,False,3F,3265-3280,3265,3280,8,9,16,large,L,8,8,A,3F_L_A,92.79746470757708,8,22,0,216.8560606060606,50.0,-108.33333333333333,180.55555555555554,0.0,0.0,-7.954545454545454,98.22803540433993,0.4090909090909091,23.863636363636363,100.0,0.0,23.863636363636363,69.02294095015634,v9b_blend_05,2026-06-22,Monday,327
20260622,2130,甲鉄城のカバネリ,0,0,708,200,2026-06-22,22,0,0622,True,False,False,2F,2129-2142,2129,2142,2,13,14,medium,L,2,2,N,2F_L_N,109.41619585687383,2,22,0,165.22727272727272,0.0,11.538461538461538,261.21794871794873,0.0,50.0,415.90909090909093,103.00721979461922,0.4659090909090909,42.04545454545455,0.0,0.0,42.04545454545455,68.22896049059726,v9b_blend_05,2026-06-22,Monday,328
20260622,3301,ハッピージャグラーVIII,1,0,2718,-700,2026-06-22,22,0,0622,True,False,False,3F,3295-3309,3295,3309,7,9,15,large,L,7,7,A,3F_L_A,91.41525631591857,7,22,0,209.28030303030303,0.0,30.0,44.62809917355372,0.0,0.0,462.5,97.9084066236337,0.45454545454545453,31.818181818181817,100.0,0.0,31.818181818181817,68.21646096977949,v9b_blend_05,2026-06-22,Monday,329
20260622,3331,ネオアイムジャグラーEX,1,0,1582,-1300,2026-06-22,22,0,0622,True,False,False,3F,3325-3340,3325,3340,7,10,16,large,L,7,7,A,3F_L_A,72.60851243152128,7,22,0,209.28030303030303,0.0,30.0,44.62809917355372,0.0,0.0,153.4090909090909,97.28555114792397,0.38636363636363635,29.545454545454547,100.0,0.0,29.545454545454547,67.98918824250676,v9b_blend_05,2026-06-22,Monday,330
20260622,2090,マギアレコード 魔法少女まどか☆マギカ外伝,0,0,850,-800,2026-06-22,22,0,0622,True,False,False,2F,2089-2101,2089,2101,2,12,13,medium,R,2,12,N,2F_R_N,68.62745098039215,12,22,0,-90.45454545454545,0.0,481.57894736842104,93.42105263157895,0.0,50.0,161.36363636363637,97.38946594767981,0.3409090909090909,30.681818181818183,0.0,0.0,30.681818181818183,67.87674892247333,v9b_blend_05,2026-06-22,Monday,331
20260622,3007,キングハナハナ-30,7,0,8485,2800,2026-06-22,22,0,0622,True,False,False,3F,3001-3016,3001,3016,7,10,16,large,L,7,7,A,3F_L_A,110.99980357493615,7,22,0,209.28030303030303,0.0,30.0,44.62809917355372,0.0,0.0,229.54545454545453,98.15294871607753,0.3977272727272727,28.40909090909091,100.0,0.0,28.40909090909091,67.8755518788704,v9b_blend_05,2026-06-22,Monday,332
20260622,3271,マイジャグラーV,1,0,1535,500,2026-06-22,22,0,0622,True,False,False,3F,3265-3280,3265,3280,7,10,16,large,L,7,7,A,3F_L_A,110.85776330076004,7,22,0,209.28030303030303,0.0,30.0,44.62809917355372,0.0,0.0,79.54545454545455,97.43174223393916,0.38636363636363635,28.40909090909091,100.0,0.0,28.40909090909091,67.8755518788704,v9b_blend_05,2026-06-22,Monday,333
20260622,3318,ジャグラーガールズ,8,0,7173,-700,2026-06-22,22,0,0622,True,False,False,3F,3310-3324,3310,3324,9,7,15,large,L,9,7,A,3F_L_A,96.74706073702309,7,22,0,209.28030303030303,0.0,30.0,44.62809917355372,0.0,0.0,281.8181818181818,98.01556597536933,0.4090909090909091,26.136363636363637,100.0,0.0,26.136363636363637,67.64827915159766,v9b_blend_05,2026-06-22,Monday,334
20260622,2075,戦国乙女5 業火を穿つ宿焔の双刃,5,0,4790,2600,2026-06-22,22,0,0622,True,False,False,2F,2065-2076,2065,2076,11,2,12,medium,L,11,2,N,2F_L_N,118.09324982602645,2,22,0,165.22727272727272,0.0,11.538461538461538,261.21794871794873,0.0,50.0,282.95454545454544,100.85933235891983,0.36363636363636365,32.95454545454545,0.0,0.0,32.95454545454545,67.31986958150635,v9b_blend_05,2026-06-22,Monday,335
20260622,2065,戦国乙女5 業火を穿つ宿焔の双刃,5,0,4952,-300,2026-06-22,22,0,0622,True,False,False,2F,2065-2076,2065,2076,1,12,12,medium,R,1,12,N,2F_R_N,97.98061389337641,12,22,0,-90.45454545454545,0.0,481.57894736842104,93.42105263157895,0.0,50.0,-452.27272727272725,96.50679693551274,0.3409090909090909,25.0,0.0,0.0,25.0,67.30856710429151,v9b_blend_05,2026-06-22,Monday,336
20260622,2140,バイオハザード RE:3,0,0,606,200,2026-06-22,22,0,0622,True,False,False,2F,2129-2142,2129,2142,12,3,14,medium,R,12,12,N,2F_R_N,111.00110011001101,12,22,0,-90.45454545454545,0.0,481.57894736842104,93.42105263157895,0.0,50.0,-294.3181818181818,91.87187661124153,0.32954545454545453,23.863636363636363,0.0,0.0,23.863636363636363,67.19493074065514,v9b_blend_05,2026-06-22,Monday,337
20260622,3349,ネオアイムジャグラーEX,9,0,7862,900,2026-06-22,22,0,0622,True,False,False,3F,3341-3362,3341,3362,9,14,22,large,R,14,14,A,3F_R_A,103.81582294581531,14,22,0,133.90151515151516,50.0,-18.75,222.68041237113403,0.0,50.0,119.31818181818181,97.8540936601261,0.4090909090909091,27.27272727272727,100.0,0.0,27.27272727272727,67.17297328959701,v9b_blend_05,2026-06-22,Monday,338
20260622,2100,タクトオーパス デスティニー,0,1,2786,-1100,2026-06-22,22,0,0622,True,False,False,2F,2089-2101,2089,2101,12,2,13,medium,L,12,2,N,2F_L_N,86.83895668820291,2,22,0,165.22727272727272,0.0,11.538461538461538,261.21794871794873,0.0,50.0,631.8181818181819,98.4428241450917,0.3522727272727273,30.681818181818183,0.0,0.0,30.681818181818183,67.09259685423362,v9b_blend_05,2026-06-22,Monday,339
20260622,2142,バイオハザード RE:3,2,0,3081,-3600,2026-06-22,22,0,0622,True,False,False,2F,2129-2142,2129,2142,14,1,14,medium,R,14,14,N,2F_R_N,61.051606621226874,14,22,0,14.772727272727273,0.0,509.09090909090907,-36.36363636363637,0.0,0.0,-482.95454545454544,94.83237763268222,0.3181818181818182,25.0,0.0,0.0,25.0,66.22609701115474,v9b_blend_05,2026-06-22,Monday,340
20260622,3311,ミスタージャグラー,1,1,7142,3300,2026-06-22,22,0,0622,True,False,False,3F,3310-3324,3310,3324,2,14,15,large,R,2,14,A,3F_R_A,115.40184822178661,14,22,0,133.90151515151516,50.0,-18.75,222.68041237113403,0.0,0.0,151.13636363636363,97.91722653060638,0.4318181818181818,25.0,100.0,0.0,25.0,65.82070056232428,v9b_blend_05,2026-06-22,Monday,341
20260622,3014,キングハナハナ-30,4,0,7938,1300,2026-06-22,22,0,0622,True,False,False,3F,3001-3016,3001,3016,14,3,16,large,R,14,14,A,3F_R_A,105.45897371294197,14,22,0,133.90151515151516,50.0,-18.75,222.68041237113403,0.0,0.0,173.86363636363637,98.64580038036117,0.4318181818181818,25.0,100.0,0.0,25.0,65.82070056232428,v9b_blend_05,2026-06-22,Monday,342
20260622,3150,ファンキージャグラー2,0,0,791,-500,2026-06-22,22,0,0622,True,False,False,3F,3144-3155,3144,3155,7,6,12,medium,R,7,7,A,3F_R_A,78.92962494732406,7,22,0,161.9318181818182,150.0,-566.6666666666666,94.44444444444444,0.0,50.0,118.18181818181819,96.92523357630702,0.42045454545454547,25.0,100.0,0.0,25.0,65.77272727272728,v9b_blend_05,2026-06-22,Monday,343
20260622,3308,ウルトラミラクルジャグラー,8,0,2190,-300,2026-06-22,22,0,0622,True,False,False,3F,3295-3309,3295,3309,14,2,15,large,R,14,14,A,3F_R_A,95.4337899543379,14,22,0,133.90151515151516,50.0,-18.75,222.68041237113403,0.0,0.0,180.6818181818182,96.9847753765669,0.38636363636363635,22.727272727272727,100.0,0.0,22.727272727272727,65.59342783505154,v9b_blend_05,2026-06-22,Monday,344
20260622,3278,マイジャグラーV,8,0,3759,-700,2026-06-22,22,0,0622,True,False,False,3F,3265-3280,3265,3280,14,3,16,large,R,14,14,A,3F_R_A,93.79267535692117,14,22,0,133.90151515151516,50.0,-18.75,222.68041237113403,0.0,0.0,169.3181818181818,99.30773212575401,0.4659090909090909,21.59090909090909,100.0,0.0,21.59090909090909,65.47979147141518,v9b_blend_05,2026-06-22,Monday,345
20260622,3178,ゴーゴージャグラー3,8,0,7630,1500,2026-06-22,22,0,0622,True,False,False,3F,3168-3180,3168,3180,11,3,13,medium,R,11,11,A,3F_R_A,106.55307994757537,11,22,0,82.99445471349352,0.0,327.27272727272725,268.42105263157896,0.0,0.0,178.4090909090909,97.22569823865733,0.48863636363636365,28.40909090909091,100.0,0.0,28.40909090909091,65.35287744651497,v9b_blend_05,2026-06-22,Monday,346
20260622,3284,マイジャグラーV,4,0,7615,-700,2026-06-22,22,0,0622,True,False,False,3F,3281-3294,3281,3294,4,11,14,medium,R,4,11,A,3F_R_A,96.93587218209674,11,22,0,82.99445471349352,0.0,327.27272727272725,268.42105263157896,0.0,0.0,286.3636363636364,98.50845250903875,0.4318181818181818,27.27272727272727,100.0,0.0,27.27272727272727,65.2392410828786,v9b_blend_05,2026-06-22,Monday,347
20260622,3338,ネオアイムジャグラーEX,8,0,5280,400,2026-06-22,22,0,0622,True,False,False,3F,3325-3340,3325,3340,14,3,16,large,R,14,14,A,3F_R_A,102.52525252525253,14,22,0,133.90151515151516,50.0,-18.75,222.68041237113403,0.0,0.0,9.090909090909092,96.4071005705157,0.3522727272727273,17.045454545454543,100.0,0.0,17.045454545454543,65.02524601686973,v9b_blend_05,2026-06-22,Monday,348
20260622,3154,ファンキージャグラー2,4,0,6555,3300,2026-06-22,22,0,0622,True,False,False,3F,3144-3155,3144,3155,11,2,12,medium,R,11,11,A,3F_R_A,116.7810831426392,11,22,0,82.99445471349352,0.0,327.27272727272725,268.42105263157896,0.0,0.0,87.5,97.44371744245994,0.4431818181818182,23.863636363636363,100.0,0.0,23.863636363636363,64.89833199196951,v9b_blend_05,2026-06-22,Monday,349
20260622,3157,ファンキージャグラー2,7,0,9035,-300,2026-06-22,22,0,0622,True,False,False,3F,3156-3167,3156,3167,2,11,12,medium,R,2,11,A,3F_R_A,98.89319313779745,11,22,0,82.99445471349352,0.0,327.27272727272725,268.42105263157896,0.0,0.0,75.0,96.29646062579137,0.3522727272727273,22.727272727272727,100.0,0.0,22.727272727272727,64.78469562833314,v9b_blend_05,2026-06-22,Monday,350
20260622,2038,甲鉄城のカバネリ 海門(うなと)決戦,8,0,2072,-1500,2026-06-22,22,0,0622,True,False,False,2F,2032-2040,2032,2040,7,3,9,small,R,7,7,N,2F_R_N,75.86872586872587,7,22,0,220.7792207792208,100.0,46.15384615384615,-36.53846153846154,0.0,0.0,580.6818181818181,102.80044212990138,0.4772727272727273,36.36363636363637,0.0,0.0,36.36363636363637,64.7588811626595,v9b_blend_05,2026-06-22,Monday,351
20260622,3161,ファンキージャグラー2,1,0,913,-1100,2026-06-22,22,0,0622,True,False,False,3F,3156-3167,3156,3167,6,7,12,medium,R,6,7,A,3F_R_A,59.83935742971887,7,22,0,161.9318181818182,150.0,-566.6666666666666,94.44444444444444,0.0,0.0,205.6818181818182,97.91732256852912,0.4090909090909091,25.0,100.0,0.0,25.0,64.64772727272728,v9b_blend_05,2026-06-22,Monday,352
20260622,3133,マイジャグラーV,3,1,5093,-600,2026-06-22,22,0,0622,True,False,False,3F,3131-3143,3131,3143,3,11,13,medium,R,3,11,A,3F_R_A,96.07304142941292,11,22,0,82.99445471349352,0.0,327.27272727272725,268.42105263157896,0.0,0.0,20.454545454545453,97.11438631743582,0.3522727272727273,20.454545454545457,100.0,0.0,20.454545454545457,64.55742290106042,v9b_blend_05,2026-06-22,Monday,353
20260622,2161,ディスクアップ ULTRAREMIX,1,0,1669,-400,2026-06-22,22,0,0622,True,False,False,2F,2155-2164,2155,2164,7,4,10,small,R,7,7,N,2F_R_N,92.01118434192132,7,22,0,220.7792207792208,100.0,46.15384615384615,-36.53846153846154,0.0,0.0,78.4090909090909,96.94590860458175,0.4659090909090909,34.090909090909086,0.0,0.0,34.090909090909086,64.53160843538677,v9b_blend_05,2026-06-22,Monday,354
20260622,3127,マイジャグラーV,7,0,8135,2400,2026-06-22,22,0,0622,True,False,False,3F,3117-3130,3117,3130,11,4,14,medium,R,11,11,A,3F_R_A,109.83405039950829,11,22,0,82.99445471349352,0.0,327.27272727272725,268.42105263157896,0.0,0.0,-136.36363636363637,97.40355811783762,0.3409090909090909,18.181818181818183,100.0,0.0,18.181818181818183,64.33015017378769,v9b_blend_05,2026-06-22,Monday,355
20260622,2193,化物語,3,0,394,-400,2026-06-22,22,0,0622,True,False,False,2F,2187-2195,2187,2195,7,3,9,small,R,7,7,N,2F_R_N,66.15905245346869,7,22,0,220.7792207792208,100.0,46.15384615384615,-36.53846153846154,0.0,0.0,120.45454545454545,99.86963070340836,0.3409090909090909,28.40909090909091,0.0,0.0,28.40909090909091,63.96342661720495,v9b_blend_05,2026-06-22,Monday,356
20260622,2178,A‐SLOT+ 異世界かるてっと,8,0,2090,-700,2026-06-22,22,0,0622,True,False,False,2F,2172-2178,2172,2178,7,1,7,small,R,7,7,N,2F_R_N,88.83572567783095,7,22,0,220.7792207792208,100.0,46.15384615384615,-36.53846153846154,0.0,0.0,-70.45454545454545,97.31664838065436,0.3977272727272727,18.181818181818183,0.0,0.0,18.181818181818183,62.94069934447768,v9b_blend_05,2026-06-22,Monday,357
20260622,2103,ソードアート・オンライン,3,0,5277,1900,2026-06-22,22,0,0622,True,False,False,2F,2102-2114,2102,2114,2,12,13,medium,L,2,2,N,2F_L_N,112.00176868170047,2,22,0,165.22727272727272,0.0,11.538461538461538,261.21794871794873,0.0,0.0,364.77272727272725,101.92588659083026,0.4431818181818182,36.36363636363637,0.0,0.0,36.36363636363637,61.735327733457765,v9b_blend_05,2026-06-22,Monday,358
20260622,2078,マギアレコード 魔法少女まどか☆マギカ外伝,8,0,4584,3700,2026-06-22,22,0,0622,True,False,False,2F,2077-2088,2077,2088,2,11,12,medium,L,2,2,N,2F_L_N,126.90517742873763,2,22,0,165.22727272727272,0.0,11.538461538461538,261.21794871794873,0.0,0.0,429.54545454545456,99.91330185971319,0.45454545454545453,35.22727272727273,0.0,0.0,35.22727272727273,61.62169136982139,v9b_blend_05,2026-06-22,Monday,359
20260622,3155,ファンキージャグラー2,5,1,9548,2400,2026-06-22,22,0,0622,True,False,False,3F,3144-3155,3144,3155,12,1,12,medium,R,12,12,A,3F_R_A,108.37871805613742,12,22,0,61.737523105360445,0.0,500.0,16.551724137931036,0.0,50.0,136.36363636363637,97.5983906837822,0.45454545454545453,30.681818181818183,100.0,0.0,30.681818181818183,61.42317735645704,v9b_blend_05,2026-06-22,Monday,360
20260622,2051,甲鉄城のカバネリ 海門(うなと)決戦,1,0,3286,-1200,2026-06-22,22,0,0622,True,False,False,2F,2041-2052,2041,2052,11,2,12,medium,L,11,2,N,2F_L_N,87.8271454656117,2,22,0,165.22727272727272,0.0,11.538461538461538,261.21794871794873,0.0,0.0,134.0909090909091,95.65309939756108,0.3181818181818182,26.136363636363637,0.0,0.0,26.136363636363637,60.712600460730485,v9b_blend_05,2026-06-22,Monday,361
20260622,3179,ゴーゴージャグラー3,9,0,1238,-500,2026-06-22,22,0,0622,True,False,False,3F,3168-3180,3168,3180,12,2,13,medium,R,12,12,A,3F_R_A,86.53742595584276,12,22,0,61.737523105360445,0.0,500.0,16.551724137931036,0.0,50.0,47.72727272727273,95.09362545273265,0.38636363636363635,22.727272727272727,100.0,0.0,22.727272727272727,60.62772281100249,v9b_blend_05,2026-06-22,Monday,362
20260622,3156,ファンキージャグラー2,6,0,2164,-600,2026-06-22,22,0,0622,True,False,False,3F,3156-3167,3156,3167,1,12,12,medium,R,1,12,A,3F_R_A,90.75785582255084,12,22,0,61.737523105360445,0.0,500.0,16.551724137931036,0.0,50.0,-65.9090909090909,97.41459588965459,0.4318181818181818,21.59090909090909,100.0,0.0,21.59090909090909,60.51408644736613,v9b_blend_05,2026-06-22,Monday,363
20260622,2054,戦国乙女5 業火を穿つ宿焔の双刃,4,0,4791,3800,2026-06-22,22,0,0622,True,False,False,2F,2053-2064,2053,2064,2,11,12,medium,L,2,2,N,2F_L_N,126.43846100327004,2,22,0,165.22727272727272,0.0,11.538461538461538,261.21794871794873,0.0,0.0,-138.63636363636363,96.794397228269,0.3068181818181818,23.863636363636363,0.0,0.0,23.863636363636363,60.485327733457765,v9b_blend_05,2026-06-22,Monday,364
20260622,2012,甲鉄城のカバネリ 海門(うなと)決戦,2,0,3390,-1100,2026-06-22,22,0,0622,True,False,False,2F,2011-2022,2011,2022,2,11,12,medium,L,2,2,N,2F_L_N,89.18387413962635,2,22,0,165.22727272727272,0.0,11.538461538461538,261.21794871794873,0.0,0.0,12.5,96.17887093554846,0.3068181818181818,23.863636363636363,0.0,0.0,23.863636363636363,60.485327733457765,v9b_blend_05,2026-06-22,Monday,365
20260622,2127,戦国乙女4 戦乱に閃く炯眼の軍師,7,0,4592,-100,2026-06-22,22,0,0622,True,False,False,2F,2115-2128,2115,2128,13,2,14,medium,L,13,2,N,2F_L_N,99.27409988385598,2,22,0,165.22727272727272,0.0,11.538461538461538,261.21794871794873,0.0,0.0,-405.6818181818182,92.43187327914869,0.3522727272727273,22.727272727272727,0.0,0.0,22.727272727272727,60.37169136982139,v9b_blend_05,2026-06-22,Monday,366
20260622,2153,交響詩篇エウレカセブン HI-EVOLUTION ZERO TYPE‐ART,3,0,7452,2400,2026-06-22,22,0,0622,True,False,False,2F,2143-2154,2143,2154,11,2,12,medium,L,11,2,N,2F_L_N,110.73537305421364,2,22,0,165.22727272727272,0.0,11.538461538461538,261.21794871794873,0.0,0.0,-75.0,94.21368635640664,0.3409090909090909,21.59090909090909,0.0,0.0,21.59090909090909,60.25805500618503,v9b_blend_05,2026-06-22,Monday,367
20260622,3283,マイジャグラーV,3,0,1006,-400,2026-06-22,22,0,0622,True,False,False,3F,3281-3294,3281,3294,3,12,14,medium,R,3,12,A,3F_R_A,86.74618952948973,12,22,0,61.737523105360445,0.0,500.0,16.551724137931036,0.0,0.0,197.72727272727272,98.17329761613664,0.4431818181818182,28.40909090909091,100.0,0.0,28.40909090909091,60.07090462918432,v9b_blend_05,2026-06-22,Monday,368
20260622,3128,マイジャグラーV,8,0,2103,-500,2026-06-22,22,0,0622,True,False,False,3F,3117-3130,3117,3130,12,3,14,medium,R,12,12,A,3F_R_A,92.07481375812333,12,22,0,61.737523105360445,0.0,500.0,16.551724137931036,0.0,0.0,111.36363636363636,97.65049801284204,0.4318181818181818,25.0,100.0,0.0,25.0,59.729995538275226,v9b_blend_05,2026-06-22,Monday,369
20260622,3132,マイジャグラーV,2,0,4508,500,2026-06-22,22,0,0622,True,False,False,3F,3131-3143,3131,3143,2,12,13,medium,R,2,12,A,3F_R_A,103.69713102632356,12,22,0,61.737523105360445,0.0,500.0,16.551724137931036,0.0,0.0,-3.409090909090909,97.81686126825178,0.4090909090909091,21.59090909090909,100.0,0.0,21.59090909090909,59.38908644736613,v9b_blend_05,2026-06-22,Monday,370
20260622,3184,ゴーゴージャグラー3,4,0,761,-500,2026-06-22,22,0,0622,True,False,False,3F,3181-3190,3181,3190,4,7,10,small,R,4,7,A,3F_R_A,78.09899255365747,7,22,0,263.6363636363636,100.0,-566.6666666666666,94.44444444444444,0.0,0.0,263.6363636363636,97.90210724268583,0.48863636363636365,29.545454545454547,100.0,0.0,29.545454545454547,57.53409090909091,v9b_blend_05,2026-06-22,Monday,371
20260622,3235,東京喰種,5,0,805,100,2026-06-22,22,0,0622,True,False,False,3F,3234-3249,3234,3249,2,15,16,large,L,2,2,N,3F_L_N,104.1407867494824,2,22,0,24.431818181818183,0.0,0.0,148.4848484848485,198.4090909090909,50.0,269.3181818181818,104.06343819242505,0.4659090909090909,44.31818181818182,0.0,0.0,44.31818181818182,56.04090909090909,v9b_blend_05,2026-06-22,Monday,372
20260622,3201,新ハナビ,1,0,1350,-1100,2026-06-22,22,0,0622,True,False,False,3F,3191-3208,3191,3208,11,8,18,large,L,8,11,N,3F_L_N,72.8395061728395,11,22,0,72.72727272727273,200.0,250.0,-250.0,8.333333333333334,0.0,72.72727272727273,97.04123815253904,0.3068181818181818,19.318181818181817,0.0,0.0,19.318181818181817,55.414772727272734,v9b_blend_05,2026-06-22,Monday,373
20260622,3191,ディスクアップ2,1,0,2527,-200,2026-06-22,22,0,0622,True,False,False,3F,3191-3208,3191,3208,1,18,18,large,L,18,1,N,3F_L_N,97.36182561667326,1,22,0,56.96022727272727,0.0,154.16666666666666,81.25,8.333333333333334,0.0,180.6818181818182,100.61996870724579,0.5,28.40909090909091,0.0,0.0,28.40909090909091,55.19389204545455,v9b_blend_05,2026-06-22,Monday,374
20260622,2088,マギアレコード 魔法少女まどか☆マギカ外伝,8,1,3833,-1800,2026-06-22,22,0,0622,True,False,False,2F,2077-2088,2077,2088,12,1,12,medium,R,12,12,N,2F_R_N,84.34646490999216,12,22,0,-90.45454545454545,0.0,481.57894736842104,93.42105263157895,0.0,0.0,231.8181818181818,100.46251712118875,0.4431818181818182,39.77272727272727,0.0,0.0,39.77272727272727,54.09013653955911,v9b_blend_05,2026-06-22,Monday,375
20260622,2022,甲鉄城のカバネリ 海門(うなと)決戦,2,1,4199,100,2026-06-22,22,0,0622,True,False,False,2F,2011-2022,2011,2022,12,1,12,medium,R,12,12,N,2F_R_N,100.79383980312772,12,22,0,-90.45454545454545,0.0,481.57894736842104,93.42105263157895,0.0,0.0,400.0,103.4940226804561,0.3977272727272727,34.090909090909086,0.0,0.0,34.090909090909086,53.521954721377284,v9b_blend_05,2026-06-22,Monday,376
20260622,3115,革命機ヴァルヴレイヴ2,5,0,1023,-1100,2026-06-22,22,0,0622,True,False,False,3F,3103-3116,3103,3116,13,2,14,medium,L,13,2,N,3F_L_N,64.15770609318996,2,22,0,21.59090909090909,0.0,0.0,148.4848484848485,198.4090909090909,50.0,-155.6818181818182,94.86640429193349,0.3181818181818182,25.0,0.0,0.0,25.0,53.38465909090909,v9b_blend_05,2026-06-22,Monday,377
20260622,2064,戦国乙女5 業火を穿つ宿焔の双刃,4,0,5320,-3100,2026-06-22,22,0,0622,True,False,False,2F,2053-2064,2053,2064,12,1,12,medium,R,12,12,N,2F_R_N,80.57644110275689,12,22,0,-90.45454545454545,0.0,481.57894736842104,93.42105263157895,0.0,0.0,77.27272727272727,101.05259787424347,0.3522727272727273,31.818181818181817,0.0,0.0,31.818181818181817,53.294681994104565,v9b_blend_05,2026-06-22,Monday,378
20260622,2041,甲鉄城のカバネリ 海門(うなと)決戦,1,0,2018,-700,2026-06-22,22,0,0622,True,False,False,2F,2041-2052,2041,2052,1,12,12,medium,R,1,12,N,2F_R_N,88.4373967624711,12,22,0,-90.45454545454545,0.0,481.57894736842104,93.42105263157895,0.0,0.0,-34.09090909090909,96.74848593305597,0.36363636363636365,28.40909090909091,0.0,0.0,28.40909090909091,52.95377290319547,v9b_blend_05,2026-06-22,Monday,379
20260622,2250,北斗の拳 転生の章2,0,0,1195,-100,2026-06-22,22,0,0622,True,False,False,2F,2247-2263,2247,2263,4,14,17,large,L,4,4,N,2F_L_N,97.21059972105998,4,22,0,130.42929292929293,0.0,-90.38461538461539,295.5128205128205,0.0,50.0,500.0,106.32875206562936,0.4431818181818182,38.63636363636363,0.0,0.0,38.63636363636363,52.72601388354826,v9b_blend_05,2026-06-22,Monday,380
20260622,2117,痛いのは嫌なので防御力に極振りしたいと思います。,7,0,4595,-700,2026-06-22,22,0,0622,True,False,False,2F,2115-2128,2115,2128,3,12,14,medium,R,3,12,N,2F_R_N,94.92201668480233,12,22,0,-90.45454545454545,0.0,481.57894736842104,93.42105263157895,0.0,0.0,-32.95454545454545,94.43527030350802,0.3068181818181818,25.0,0.0,0.0,25.0,52.61286381228638,v9b_blend_05,2026-06-22,Monday,381
20260622,2113,モンスターハンターライズ,3,0,869,-800,2026-06-22,22,0,0622,True,False,False,2F,2102-2114,2102,2114,12,2,13,medium,R,12,12,N,2F_R_N,69.31338703490603,12,22,0,-90.45454545454545,0.0,481.57894736842104,93.42105263157895,0.0,0.0,-493.1818181818182,97.86387198248002,0.36363636363636365,25.0,0.0,0.0,25.0,52.61286381228638,v9b_blend_05,2026-06-22,Monday,382
20260622,2143,バイオハザード RE:3,3,0,750,-700,2026-06-22,22,0,0622,True,False,False,2F,2143-2154,2143,2154,1,12,12,medium,R,1,12,N,2F_R_N,68.88888888888889,12,22,0,-90.45454545454545,0.0,481.57894736842104,93.42105263157895,0.0,0.0,-468.1818181818182,97.68164196989292,0.375,23.863636363636363,0.0,0.0,23.863636363636363,52.49922744865002,v9b_blend_05,2026-06-22,Monday,383
20260622,2169,うみねこのなく頃に2,9,0,2984,0,2026-06-22,22,0,0622,True,False,False,2F,2165-2171,2165,2171,5,3,7,small,L,5,3,N,2F_L_N,100.0,3,22,0,269.15584415584414,100.0,-761.5384615384615,158.97435897435898,0.0,50.0,345.45454545454544,100.19958824657239,0.5568181818181818,36.36363636363637,0.0,0.0,36.36363636363637,52.26898895231752,v9b_blend_05,2026-06-22,Monday,384
20260622,2209,スマスロ炎炎ノ消防隊2,9,0,7093,-1100,2026-06-22,22,0,0622,True,False,False,2F,2196-2212,2196,2212,14,4,17,large,L,14,4,N,2F_L_N,94.83058414399173,4,22,0,130.42929292929293,0.0,-90.38461538461539,295.5128205128205,0.0,50.0,-32.95454545454545,100.917742333829,0.4431818181818182,31.818181818181817,0.0,0.0,31.818181818181817,52.04419570173009,v9b_blend_05,2026-06-22,Monday,385
20260622,2216,モンキーターンV,6,0,2999,2800,2026-06-22,22,0,0622,True,False,False,2F,2213-2229,2213,2229,4,14,17,large,L,4,4,N,2F_L_N,131.12148493942425,4,22,0,130.42929292929293,0.0,-90.38461538461539,295.5128205128205,0.0,50.0,-559.0909090909091,96.40179511979527,0.3522727272727273,29.545454545454547,0.0,0.0,29.545454545454547,51.816922974457356,v9b_blend_05,2026-06-22,Monday,386
20260622,2029,攻殻機動隊,9,0,5097,-2400,2026-06-22,22,0,0622,True,False,False,2F,2023-2031,2023,2031,7,3,9,small,L,7,3,N,2F_L_N,84.30449283892486,3,22,0,269.15584415584414,100.0,-761.5384615384615,158.97435897435898,0.0,50.0,673.8636363636364,102.8575694176283,0.3977272727272727,31.818181818181817,0.0,0.0,31.818181818181817,51.81444349777207,v9b_blend_05,2026-06-22,Monday,387
20260622,2310,スーパーリオエース2,0,0,2640,-2600,2026-06-22,22,0,0622,True,False,False,2F,2298-2313,2298,2313,13,4,16,large,L,13,4,N,2F_L_N,67.17171717171718,4,22,0,130.42929292929293,0.0,-90.38461538461539,295.5128205128205,0.0,50.0,-534.0909090909091,94.74393615897489,0.2727272727272727,22.727272727272727,0.0,0.0,22.727272727272727,51.13510479263917,v9b_blend_05,2026-06-22,Monday,388
20260622,2120,痛いのは嫌なので防御力に極振りしたいと思います。,0,0,2480,-1200,2026-06-22,22,0,0622,True,False,False,2F,2115-2128,2115,2128,6,9,14,medium,R,6,9,N,2F_R_N,83.87096774193549,9,22,0,160.6818181818182,50.0,-112.5,127.60416666666667,0.0,50.0,519.3181818181819,100.77967812247725,0.3977272727272727,38.63636363636363,0.0,0.0,38.63636363636363,51.10311057682965,v9b_blend_05,2026-06-22,Monday,389
20260622,2110,モンスターハンターライズ,0,0,808,-800,2026-06-22,22,0,0622,True,False,False,2F,2102-2114,2102,2114,9,5,13,medium,R,9,9,N,2F_R_N,66.996699669967,9,22,0,160.6818181818182,50.0,-112.5,127.60416666666667,0.0,50.0,-7.954545454545454,98.86643361488309,0.4090909090909091,30.681818181818183,0.0,0.0,30.681818181818183,50.3076560313751,v9b_blend_05,2026-06-22,Monday,390
20260622,2146,バイオハザード RE:3,6,0,2570,6000,2026-06-22,22,0,0622,True,False,False,2F,2143-2154,2143,2154,4,9,12,medium,R,4,9,N,2F_R_N,177.82101167315173,9,22,0,160.6818181818182,50.0,-112.5,127.60416666666667,0.0,50.0,114.77272727272727,100.6937853563978,0.36363636363636365,29.545454545454547,0.0,0.0,29.545454545454547,50.19401966773874,v9b_blend_05,2026-06-22,Monday,391
20260622,2019,甲鉄城のカバネリ 海門(うなと)決戦,9,0,2525,-1800,2026-06-22,22,0,0622,True,False,False,2F,2011-2022,2011,2022,9,4,12,medium,R,9,9,N,2F_R_N,76.23762376237624,9,22,0,160.6818181818182,50.0,-112.5,127.60416666666667,0.0,50.0,309.09090909090907,96.69876032152979,0.32954545454545453,29.545454545454547,0.0,0.0,29.545454545454547,50.19401966773874,v9b_blend_05,2026-06-22,Monday,392
20260622,2085,マギアレコード 魔法少女まどか☆マギカ外伝,5,0,4192,6700,2026-06-22,22,0,0622,True,False,False,2F,2077-2088,2077,2088,9,4,12,medium,R,9,9,N,2F_R_N,153.2760814249364,9,22,0,160.6818181818182,50.0,-112.5,127.60416666666667,0.0,50.0,325.0,98.75156099539608,0.38636363636363635,27.27272727272727,0.0,0.0,27.27272727272727,49.96674694046601,v9b_blend_05,2026-06-22,Monday,393
20260622,3233,東京喰種,3,1,5672,-3300,2026-06-22,22,0,0622,True,False,False,3F,3218-3233,3218,3233,16,1,16,large,L,16,1,N,3F_L_N,80.60648801128349,1,22,0,56.96022727272727,0.0,154.16666666666666,81.25,-72.38636363636364,0.0,-37.5,101.65527278007002,0.375,35.22727272727273,0.0,0.0,35.22727272727273,48.005539772727275,v9b_blend_05,2026-06-22,Monday,394
20260622,3345,ネオアイムジャグラーEX,5,0,5418,2000,2026-06-22,22,0,0622,True,False,False,3F,3341-3362,3341,3362,5,18,22,large,R,18,18,A,3F_R_A,112.30466346745416,18,22,0,89.77272727272727,0.0,-150.0,608.3333333333334,0.0,50.0,89.77272727272727,97.30446098919184,0.4659090909090909,29.545454545454547,100.0,0.0,29.545454545454547,47.80113636363636,v9b_blend_05,2026-06-22,Monday,395
20260622,3058,ToLOVEるダークネス TRANCE ver.8.7,8,0,6002,5000,2026-06-22,22,0,0622,True,False,False,3F,3058-3072,3058,3072,1,15,15,large,L,1,1,N,3F_L_N,127.76852160390982,1,22,0,56.96022727272727,0.0,154.16666666666666,81.25,-75.56818181818181,0.0,706.8181818181819,108.76835981758813,0.42045454545454547,30.681818181818183,0.0,0.0,30.681818181818183,47.24076704545455,v9b_blend_05,2026-06-22,Monday,396
20260622,2164,ディスクアップ ULTRAREMIX,4,0,2295,-1600,2026-06-22,22,0,0622,True,False,False,2F,2155-2164,2155,2164,10,1,10,small,R,10,10,N,2F_R_N,76.76107480029049,10,22,0,463.6363636363636,0.0,-452.63157894736844,248.68421052631578,0.0,0.0,463.6363636363636,101.83894308642267,0.6022727272727273,31.818181818181817,0.0,0.0,31.818181818181817,46.94567963960388,v9b_blend_05,2026-06-22,Monday,397
20260622,3088,革命機ヴァルヴレイヴ2,8,1,1452,-900,2026-06-22,22,0,0622,True,False,False,3F,3088-3102,3088,3102,1,15,15,large,L,1,1,N,3F_L_N,79.33884297520662,1,22,0,56.96022727272727,0.0,154.16666666666666,81.25,-75.56818181818181,0.0,-118.18181818181819,96.56586840188766,0.3409090909090909,27.27272727272727,0.0,0.0,27.27272727272727,46.89985795454545,v9b_blend_05,2026-06-22,Monday,398
20260622,2243,モンキーターンV,3,0,2804,-200,2026-06-22,22,0,0622,True,False,False,2F,2230-2246,2230,2246,14,4,17,large,L,14,4,N,2F_L_N,97.62244412743699,4,22,0,130.42929292929293,0.0,-90.38461538461539,295.5128205128205,0.0,0.0,748.8636363636364,103.72815686484576,0.4431818181818182,35.22727272727273,0.0,0.0,35.22727272727273,46.45965385368149,v9b_blend_05,2026-06-22,Monday,399
20260622,2348,虚構推理,8,0,2875,-400,2026-06-22,22,0,0622,True,False,False,2F,2330-2351,2330,2351,19,4,22,large,L,4,4,N,2F_L_N,95.3623188405797,4,22,0,130.42929292929293,0.0,-90.38461538461539,295.5128205128205,0.0,0.0,164.77272727272728,100.06676294820295,0.38636363636363635,30.681818181818183,0.0,0.0,30.681818181818183,46.005108399136034,v9b_blend_05,2026-06-22,Monday,400
20260622,2157,ディスクアップ ULTRAREMIX,7,0,2112,0,2026-06-22,22,0,0622,True,False,False,2F,2155-2164,2155,2164,3,8,10,small,L,3,3,N,2F_L_N,100.0,3,22,0,269.15584415584414,100.0,-761.5384615384615,158.97435897435898,0.0,0.0,145.45454545454547,97.9146969840154,0.45454545454545453,32.95454545454545,0.0,0.0,32.95454545454545,46.00262892245075,v9b_blend_05,2026-06-22,Monday,401
20260622,2277,北斗の拳 転生の章2,7,1,1633,400,2026-06-22,22,0,0622,True,False,False,2F,2264-2280,2264,2280,14,4,17,large,L,14,4,N,2F_L_N,108.1649316186977,4,22,0,130.42929292929293,0.0,-90.38461538461539,295.5128205128205,0.0,0.0,635.2272727272727,101.76533495780254,0.4090909090909091,29.545454545454547,0.0,0.0,29.545454545454547,45.891472035499675,v9b_blend_05,2026-06-22,Monday,402
20260622,2284,スーパーブラックジャック,4,0,516,-400,2026-06-22,22,0,0622,True,False,False,2F,2281-2297,2281,2297,4,14,17,large,L,4,4,N,2F_L_N,74.16020671834626,4,22,0,130.42929292929293,0.0,-90.38461538461539,295.5128205128205,0.0,0.0,438.6363636363636,103.20511702813377,0.3977272727272727,29.545454545454547,0.0,0.0,29.545454545454547,45.891472035499675,v9b_blend_05,2026-06-22,Monday,403
20260622,2034,甲鉄城のカバネリ 海門(うなと)決戦,4,0,5402,-1700,2026-06-22,22,0,0622,True,False,False,2F,2032-2040,2032,2040,3,7,9,small,L,3,3,N,2F_L_N,89.5100580032087,3,22,0,269.15584415584414,100.0,-761.5384615384615,158.97435897435898,0.0,0.0,454.54545454545456,97.85550646361753,0.3522727272727273,31.818181818181817,0.0,0.0,31.818181818181817,45.88899255881439,v9b_blend_05,2026-06-22,Monday,404
20260622,2317,BIRDIE WING ‐Golf Girls' Story‐,7,0,938,-800,2026-06-22,22,0,0622,True,False,False,2F,2314-2329,2314,2329,4,13,16,large,L,4,4,N,2F_L_N,71.57071783937455,4,22,0,130.42929292929293,0.0,-90.38461538461539,295.5128205128205,0.0,0.0,-187.5,96.03060591473081,0.32954545454545453,25.0,0.0,0.0,25.0,45.43692658095422,v9b_blend_05,2026-06-22,Monday,405
20260622,2079,マギアレコード 魔法少女まどか☆マギカ外伝,9,0,6177,-4000,2026-06-22,22,0,0622,True,False,False,2F,2077-2088,2077,2088,3,10,12,medium,L,3,3,N,2F_L_N,78.41454859424748,3,22,0,314.8863636363636,50.0,-761.5384615384615,158.97435897435898,0.0,50.0,618.1818181818181,101.75797583212733,0.42045454545454547,39.77272727272727,0.0,0.0,39.77272727272727,45.37958479923564,v9b_blend_05,2026-06-22,Monday,406
20260622,2003,ゴッドイーター リザレクション,3,0,3073,-200,2026-06-22,22,0,0622,True,False,False,2F,2001-2010,2001,2010,3,8,10,small,L,3,3,N,2F_L_N,97.83056730664931,3,22,0,269.15584415584414,100.0,-761.5384615384615,158.97435897435898,0.0,0.0,210.22727272727272,95.41232156809104,0.3068181818181818,25.0,0.0,0.0,25.0,45.2071743769962,v9b_blend_05,2026-06-22,Monday,407
20260622,2050,甲鉄城のカバネリ 海門(うなと)決戦,0,0,2397,2400,2026-06-22,22,0,0622,True,False,False,2F,2041-2052,2041,2052,10,3,12,medium,L,10,3,N,2F_L_N,133.375052148519,3,22,0,314.8863636363636,50.0,-761.5384615384615,158.97435897435898,0.0,50.0,811.3636363636364,101.36984277363494,0.4318181818181818,37.5,0.0,0.0,37.5,45.1523120719629,v9b_blend_05,2026-06-22,Monday,408
20260622,2174,スマスロ サンダーV,4,0,3008,-100,2026-06-22,22,0,0622,True,False,False,2F,2172-2178,2172,2178,3,5,7,small,L,3,3,N,2F_L_N,98.8918439716312,3,22,0,269.15584415584414,100.0,-761.5384615384615,158.97435897435898,0.0,0.0,28.40909090909091,96.92910043379321,0.4772727272727273,23.863636363636363,0.0,0.0,23.863636363636363,45.09353801335984,v9b_blend_05,2026-06-22,Monday,409
20260622,2184,アレックス ブライト,4,0,1352,400,2026-06-22,22,0,0622,True,False,False,2F,2179-2186,2179,2186,6,3,8,small,L,6,3,N,2F_L_N,109.86193293885603,3,22,0,269.15584415584414,100.0,-761.5384615384615,158.97435897435898,0.0,0.0,26.136363636363637,95.95248856031198,0.3522727272727273,20.454545454545457,0.0,0.0,20.454545454545457,44.75262892245075,v9b_blend_05,2026-06-22,Monday,410
20260622,2055,戦国乙女5 業火を穿つ宿焔の双刃,5,1,6102,-1100,2026-06-22,22,0,0622,True,False,False,2F,2053-2064,2053,2064,3,10,12,medium,L,3,3,N,2F_L_N,93.99104118868131,3,22,0,314.8863636363636,50.0,-761.5384615384615,158.97435897435898,0.0,50.0,131.8181818181818,100.99609706155515,0.375,30.681818181818183,0.0,0.0,30.681818181818183,44.47049389014472,v9b_blend_05,2026-06-22,Monday,411
20260622,3089,革命機ヴァルヴレイヴ2,9,0,3705,6100,2026-06-22,22,0,0622,True,False,False,3F,3088-3102,3088,3102,2,14,15,large,L,2,2,N,3F_L_N,154.880791722897,2,22,0,24.431818181818183,0.0,0.0,148.4848484848485,94.64285714285714,50.0,162.5,101.84783825647786,0.375,28.40909090909091,0.0,0.0,28.40909090909091,44.33279220779221,v9b_blend_05,2026-06-22,Monday,412
20260622,3059,ToLOVEるダークネス TRANCE ver.8.7,9,0,6775,-2000,2026-06-22,22,0,0622,True,False,False,3F,3058-3072,3058,3072,2,14,15,large,L,2,2,N,3F_L_N,90.159901599016,2,22,0,24.431818181818183,0.0,0.0,148.4848484848485,94.64285714285714,50.0,-303.40909090909093,96.31053608472915,0.3068181818181818,23.863636363636363,0.0,0.0,23.863636363636363,43.87824675324675,v9b_blend_05,2026-06-22,Monday,413
20260622,2099,タクトオーパス デスティニー,9,1,895,-800,2026-06-22,22,0,0622,True,False,False,2F,2089-2101,2089,2101,11,3,13,medium,L,11,3,N,2F_L_N,70.2048417132216,3,22,0,314.8863636363636,50.0,-761.5384615384615,158.97435897435898,0.0,50.0,75.0,100.3407536189409,0.3522727272727273,23.863636363636363,0.0,0.0,23.863636363636363,43.788675708326544,v9b_blend_05,2026-06-22,Monday,414
20260622,2126,戦国乙女4 戦乱に閃く炯眼の軍師,6,0,2522,-800,2026-06-22,22,0,0622,True,False,False,2F,2115-2128,2115,2128,12,3,14,medium,L,12,3,N,2F_L_N,89.42638117895851,3,22,0,314.8863636363636,50.0,-761.5384615384615,158.97435897435898,0.0,50.0,196.5909090909091,95.52831123939706,0.29545454545454547,23.863636363636363,0.0,0.0,23.863636363636363,43.788675708326544,v9b_blend_05,2026-06-22,Monday,415
20260622,3339,ネオアイムジャグラーEX,9,0,917,-400,2026-06-22,22,0,0622,True,False,False,3F,3325-3340,3325,3340,15,2,16,large,R,15,15,A,3F_R_A,85.45983278807707,15,22,0,108.52272727272727,0.0,58.333333333333336,198.61111111111111,0.0,50.0,212.5,97.13788309324983,0.4659090909090909,34.090909090909086,100.0,0.0,34.090909090909086,42.72443181818182,v9b_blend_05,2026-06-22,Monday,416
20260622,3029,スマスロ ハナビ,9,0,355,100,2026-06-22,22,0,0622,True,False,False,3F,3017-3030,3017,3030,13,2,14,medium,L,13,2,N,3F_L_N,109.38967136150235,2,22,0,21.59090909090909,0.0,0.0,148.4848484848485,94.64285714285714,50.0,-82.95454545454545,96.05250140929216,0.29545454545454547,19.318181818181817,0.0,0.0,19.318181818181817,42.699269480519476,v9b_blend_05,2026-06-22,Monday,417
20260622,3309,ウルトラミラクルジャグラー,9,0,2246,-1100,2026-06-22,22,0,0622,True,False,False,3F,3295-3309,3295,3309,15,1,15,large,R,15,15,A,3F_R_A,83.67468091421787,15,22,0,108.52272727272727,0.0,58.333333333333336,198.61111111111111,0.0,50.0,137.5,97.4680625857279,0.42045454545454547,31.818181818181817,100.0,0.0,31.818181818181817,42.4971590909091,v9b_blend_05,2026-06-22,Monday,418
20260622,3015,キングハナハナ-30,5,0,4934,-1500,2026-06-22,22,0,0622,True,False,False,3F,3001-3016,3001,3016,15,2,16,large,R,15,15,A,3F_R_A,89.86623429266315,15,22,0,108.52272727272727,0.0,58.333333333333336,198.61111111111111,0.0,50.0,190.9090909090909,98.33564778121382,0.4431818181818182,30.681818181818183,100.0,0.0,30.681818181818183,42.38352272727273,v9b_blend_05,2026-06-22,Monday,419
20260622,2195,化物語,5,0,2704,-2100,2026-06-22,22,0,0622,True,False,False,2F,2187-2195,2187,2195,9,1,9,small,R,9,9,N,2F_R_N,74.11242603550295,9,22,0,163.0681818181818,0.0,-112.5,127.60416666666667,0.0,50.0,134.0909090909091,101.22481279853402,0.42045454545454547,34.090909090909086,0.0,0.0,34.090909090909086,42.03321959777877,v9b_blend_05,2026-06-22,Monday,420
20260622,3310,ミスタージャグラー,0,0,4947,100,2026-06-22,22,0,0622,True,False,False,3F,3310-3324,3310,3324,1,15,15,large,R,1,15,A,3F_R_A,100.67380904251735,15,22,0,108.52272727272727,0.0,58.333333333333336,198.61111111111111,0.0,50.0,-22.727272727272727,96.83065494968747,0.3409090909090909,26.136363636363637,100.0,0.0,26.136363636363637,41.92897727272727,v9b_blend_05,2026-06-22,Monday,421
20260622,3183,ゴーゴージャグラー3,3,0,2276,-1500,2026-06-22,22,0,0622,True,False,False,3F,3181-3190,3181,3190,3,8,10,small,R,3,8,A,3F_R_A,78.03163444639719,8,22,0,68.18181818181819,50.0,64.28571428571429,-62.35294117647059,0.0,0.0,68.18181818181819,96.1472394589391,0.36363636363636365,21.59090909090909,100.0,0.0,21.59090909090909,41.883708938120705,v9b_blend_05,2026-06-22,Monday,422
20260622,2040,甲鉄城のカバネリ 海門(うなと)決戦,0,0,3347,5700,2026-06-22,22,0,0622,True,False,False,2F,2032-2040,2032,2040,9,1,9,small,R,9,9,N,2F_R_N,156.76725425754407,9,22,0,163.0681818181818,0.0,-112.5,127.60416666666667,0.0,50.0,205.6818181818182,100.10357173891043,0.38636363636363635,30.681818181818183,0.0,0.0,30.681818181818183,41.69231050686968,v9b_blend_05,2026-06-22,Monday,423
20260622,3348,ネオアイムジャグラーEX,8,0,426,-100,2026-06-22,22,0,0622,True,False,False,3F,3341-3362,3341,3362,8,15,22,large,R,15,15,A,3F_R_A,92.17527386541471,15,22,0,108.52272727272727,0.0,58.333333333333336,198.61111111111111,0.0,0.0,215.9090909090909,98.001494212422,0.45454545454545453,31.818181818181817,100.0,0.0,31.818181818181817,41.3721590909091,v9b_blend_05,2026-06-22,Monday,424
20260622,3279,マイジャグラーV,9,0,1423,-700,2026-06-22,22,0,0622,True,False,False,3F,3265-3280,3265,3280,15,2,16,large,R,15,15,A,3F_R_A,83.60271726399625,15,22,0,108.52272727272727,0.0,58.333333333333336,198.61111111111111,0.0,50.0,-82.95454545454545,97.0923524747499,0.36363636363636365,19.318181818181817,100.0,0.0,19.318181818181817,41.2471590909091,v9b_blend_05,2026-06-22,Monday,425
20260622,2246,モンキーターンV,6,0,3882,1600,2026-06-22,22,0,0622,True,False,False,2F,2230-2246,2230,2246,17,1,17,large,L,17,1,N,2F_L_N,113.73862270307401,1,22,0,-159.59595959595958,0.0,478.84615384615387,379.1666666666667,0.0,50.0,-307.95454545454544,94.96605686502672,0.3522727272727273,31.818181818181817,0.0,0.0,31.818181818181817,39.712685843671125,v9b_blend_05,2026-06-22,Monday,426
20260622,2152,交響詩篇エウレカセブン HI-EVOLUTION ZERO TYPE‐ART,2,0,7663,4800,2026-06-22,22,0,0622,True,False,False,2F,2143-2154,2143,2154,10,3,12,medium,L,10,3,N,2F_L_N,120.87955108965159,3,22,0,314.8863636363636,50.0,-761.5384615384615,158.97435897435898,0.0,0.0,484.09090909090907,96.40991624745888,0.48863636363636365,38.63636363636363,0.0,0.0,38.63636363636363,39.34049749664158,v9b_blend_05,2026-06-22,Monday,427
20260622,2074,戦国乙女5 業火を穿つ宿焔の双刃,4,0,5726,600,2026-06-22,22,0,0622,True,False,False,2F,2065-2076,2065,2076,10,3,12,medium,L,10,3,N,2F_L_N,103.49283967865874,3,22,0,314.8863636363636,50.0,-761.5384615384615,158.97435897435898,0.0,0.0,711.3636363636364,104.71308567686157,0.4659090909090909,37.5,0.0,0.0,37.5,39.22686113300522,v9b_blend_05,2026-06-22,Monday,428
20260622,2280,北斗の拳 転生の章2,0,0,689,-100,2026-06-22,22,0,0622,True,False,False,2F,2264-2280,2264,2280,17,1,17,large,L,17,1,N,2F_L_N,95.16207063376875,1,22,0,-159.59595959595958,0.0,478.84615384615387,379.1666666666667,0.0,50.0,90.9090909090909,100.56556764423898,0.2727272727272727,25.0,0.0,0.0,25.0,39.03086766185294,v9b_blend_05,2026-06-22,Monday,429
20260622,2131,甲鉄城のカバネリ,1,0,603,300,2026-06-22,22,0,0622,True,False,False,2F,2129-2142,2129,2142,3,12,14,medium,L,3,3,N,2F_L_N,116.5837479270315,3,22,0,314.8863636363636,50.0,-761.5384615384615,158.97435897435898,0.0,0.0,26.136363636363637,101.61340775787903,0.42045454545454547,35.22727272727273,0.0,0.0,35.22727272727273,38.999588405732496,v9b_blend_05,2026-06-22,Monday,430
20260622,2104,ソードアート・オンライン,4,0,3249,12000,2026-06-22,22,0,0622,True,False,False,2F,2102-2114,2102,2114,3,11,13,medium,L,3,3,N,2F_L_N,223.11480455524776,3,22,0,314.8863636363636,50.0,-761.5384615384615,158.97435897435898,0.0,0.0,236.36363636363637,99.71581596953524,0.4090909090909091,34.090909090909086,0.0,0.0,34.090909090909086,38.88595204209613,v9b_blend_05,2026-06-22,Monday,431
20260622,2013,甲鉄城のカバネリ 海門(うなと)決戦,3,0,3712,3300,2026-06-22,22,0,0622,True,False,False,2F,2011-2022,2011,2022,3,10,12,medium,L,3,3,N,2F_L_N,129.63362068965517,3,22,0,314.8863636363636,50.0,-761.5384615384615,158.97435897435898,0.0,0.0,-142.04545454545453,92.30075172569597,0.2840909090909091,21.59090909090909,0.0,0.0,21.59090909090909,37.63595204209613,v9b_blend_05,2026-06-22,Monday,432
20260622,3056,革命機ヴァルヴレイヴ,6,0,2195,-2300,2026-06-22,22,0,0622,True,False,False,3F,3043-3057,3043,3057,14,2,15,large,L,14,2,N,3F_L_N,65.07213363705391,2,22,0,24.431818181818183,0.0,0.0,148.4848484848485,20.2020202020202,50.0,506.8181818181818,99.13511454229467,0.3409090909090909,26.136363636363637,0.0,0.0,26.136363636363637,36.84753787878788,v9b_blend_05,2026-06-22,Monday,433
20260622,3086,ToLOVEるダークネス TRANCE ver.8.7,6,0,3920,17200,2026-06-22,22,0,0622,True,False,False,3F,3073-3087,3073,3087,14,2,15,large,L,14,2,N,3F_L_N,246.25850340136054,2,22,0,24.431818181818183,0.0,0.0,148.4848484848485,20.2020202020202,50.0,-294.3181818181818,93.51120327675432,0.2840909090909091,20.454545454545457,0.0,0.0,20.454545454545457,36.27935606060606,v9b_blend_05,2026-06-22,Monday,434
20260622,2068,戦国乙女5 業火を穿つ宿焔の双刃,8,0,4828,10600,2026-06-22,22,0,0622,True,False,False,2F,2065-2076,2065,2076,4,9,12,medium,R,4,9,N,2F_R_N,173.1842032587683,9,22,0,160.6818181818182,50.0,-112.5,127.60416666666667,0.0,0.0,195.45454545454547,98.97439424168273,0.4318181818181818,36.36363636363637,0.0,0.0,36.36363636363637,36.18013455755179,v9b_blend_05,2026-06-22,Monday,435
20260622,2061,戦国乙女5 業火を穿つ宿焔の双刃,1,0,4793,1700,2026-06-22,22,0,0622,True,False,False,2F,2053-2064,2053,2064,9,4,12,medium,R,9,9,N,2F_R_N,111.82279713471036,9,22,0,160.6818181818182,50.0,-112.5,127.60416666666667,0.0,0.0,305.6818181818182,100.73275215267778,0.42045454545454547,36.36363636363637,0.0,0.0,36.36363636363637,36.18013455755179,v9b_blend_05,2026-06-22,Monday,436
20260622,3027,スマスロ ハナビ,7,0,4479,600,2026-06-22,22,0,0622,True,False,False,3F,3017-3030,3017,3030,11,4,14,medium,L,11,4,N,3F_L_N,104.46528242911364,4,22,0,31.818181818181817,100.0,127.27272727272727,-205.3030303030303,195.45454545454547,0.0,34.09090909090909,98.38173472467142,0.36363636363636365,22.727272727272727,0.0,0.0,22.727272727272727,35.4375,v9b_blend_05,2026-06-22,Monday,437
20260622,2044,甲鉄城のカバネリ 海門(うなと)決戦,4,1,2098,-2500,2026-06-22,22,0,0622,True,False,False,2F,2041-2052,2041,2052,4,9,12,medium,R,4,9,N,2F_R_N,60.27963139497935,9,22,0,160.6818181818182,50.0,-112.5,127.60416666666667,0.0,0.0,248.86363636363637,98.62998367954351,0.3409090909090909,28.40909090909091,0.0,0.0,28.40909090909091,35.38468001209724,v9b_blend_05,2026-06-22,Monday,438
20260622,2137,バイオハザード RE:3,7,0,300,-200,2026-06-22,22,0,0622,True,False,False,2F,2129-2142,2129,2142,9,6,14,medium,R,9,9,N,2F_R_N,77.77777777777779,9,22,0,160.6818181818182,50.0,-112.5,127.60416666666667,0.0,0.0,-197.72727272727272,103.58952848211324,0.375,25.0,0.0,0.0,25.0,35.04377092118815,v9b_blend_05,2026-06-22,Monday,439
20260622,2093,マギアレコード 魔法少女まどか☆マギカ外伝,3,0,6075,-2800,2026-06-22,22,0,0622,True,False,False,2F,2089-2101,2089,2101,5,9,13,medium,R,5,9,N,2F_R_N,84.63648834019205,9,22,0,160.6818181818182,50.0,-112.5,127.60416666666667,0.0,0.0,-205.6818181818182,92.64261471810056,0.26136363636363635,21.59090909090909,0.0,0.0,21.59090909090909,34.70286183027906,v9b_blend_05,2026-06-22,Monday,440
20260622,2281,スーパーブラックジャック,1,0,3893,1900,2026-06-22,22,0,0622,True,False,False,2F,2281-2297,2281,2297,1,17,17,large,L,1,1,N,2F_L_N,116.2685161400805,1,22,0,-159.59595959595958,0.0,478.84615384615387,379.1666666666667,0.0,0.0,298.8636363636364,99.70415336866445,0.4431818181818182,34.090909090909086,0.0,0.0,34.090909090909086,34.01450763198617,v9b_blend_05,2026-06-22,Monday,441
20260622,2213,モンキーターンV,3,0,3369,-400,2026-06-22,22,0,0622,True,False,False,2F,2213-2229,2213,2229,1,17,17,large,L,1,1,N,2F_L_N,96.04234688829524,1,22,0,-159.59595959595958,0.0,478.84615384615387,379.1666666666667,0.0,0.0,-314.77272727272725,98.22693251228038,0.3977272727272727,30.681818181818183,0.0,0.0,30.681818181818183,33.67359854107708,v9b_blend_05,2026-06-22,Monday,442
20260622,2247,北斗の拳 転生の章2,7,0,2889,16600,2026-06-22,22,0,0622,True,False,False,2F,2247-2263,2247,2263,1,17,17,large,L,1,1,N,2F_L_N,291.53109495788624,1,22,0,-159.59595959595958,0.0,478.84615384615387,379.1666666666667,0.0,0.0,244.3181818181818,100.47972414440197,0.36363636363636365,29.545454545454547,0.0,0.0,29.545454545454547,33.55996217744072,v9b_blend_05,2026-06-22,Monday,443
20260622,2314,BIRDIE WING ‐Golf Girls' Story‐,4,0,929,-600,2026-06-22,22,0,0622,True,False,False,2F,2314-2329,2314,2329,1,16,16,large,L,1,1,N,2F_L_N,78.47147470398278,1,22,0,-159.59595959595958,0.0,478.84615384615387,379.1666666666667,0.0,0.0,-307.95454545454544,99.06922679134478,0.3522727272727273,29.545454545454547,0.0,0.0,29.545454545454547,33.55996217744072,v9b_blend_05,2026-06-22,Monday,444
20260622,2351,虚構推理,1,0,5891,6700,2026-06-22,22,0,0622,True,False,False,2F,2330-2351,2330,2351,22,1,22,large,L,1,1,N,2F_L_N,137.9109375884117,1,22,0,-159.59595959595958,0.0,478.84615384615387,379.1666666666667,0.0,0.0,-263.6363636363636,95.05999360837009,0.36363636363636365,27.27272727272727,0.0,0.0,27.27272727272727,33.33268945016799,v9b_blend_05,2026-06-22,Monday,445
20260622,2313,スーパーリオエース2,3,0,2917,1000,2026-06-22,22,0,0622,True,False,False,2F,2298-2313,2298,2313,16,1,16,large,L,16,1,N,2F_L_N,111.42726545537653,1,22,0,-159.59595959595958,0.0,478.84615384615387,379.1666666666667,0.0,0.0,-388.6363636363636,95.45124944197583,0.36363636363636365,27.27272727272727,0.0,0.0,27.27272727272727,33.33268945016799,v9b_blend_05,2026-06-22,Monday,446
20260622,2212,スマスロ炎炎ノ消防隊2,2,0,6327,1700,2026-06-22,22,0,0622,True,False,False,2F,2196-2212,2196,2212,17,1,17,large,L,17,1,N,2F_L_N,108.95632474579844,1,22,0,-159.59595959595958,0.0,478.84615384615387,379.1666666666667,0.0,0.0,-487.5,97.4726145229576,0.42045454545454547,25.0,0.0,0.0,25.0,33.10541672289526,v9b_blend_05,2026-06-22,Monday,447
20260622,3165,ファンキージャグラー2,5,0,654,-300,2026-06-22,22,0,0622,True,False,False,3F,3156-3167,3156,3167,10,3,12,medium,L,10,3,A,3F_L_A,84.70948012232415,3,22,0,221.96969696969697,50.0,-342.3076923076923,200.0,0.0,50.0,270.45454545454544,98.00008215877664,0.4772727272727273,32.95454545454545,100.0,0.0,32.95454545454545,30.31319473983558,v9b_blend_05,2026-06-22,Monday,448
20260622,3264,真打 吉宗,4,0,4161,3000,2026-06-22,22,0,0622,True,False,False,3F,3250-3264,3250,3264,15,1,15,large,L,15,1,N,3F_L_N,124.03268445085315,1,22,0,56.96022727272727,0.0,154.16666666666666,81.25,-262.6178010471204,0.0,-64.77272727272727,99.51292367320569,0.4772727272727273,42.04545454545455,0.0,0.0,42.04545454545455,30.13979280699667,v9b_blend_05,2026-06-22,Monday,449
20260622,3203,戦国†恋姫,3,0,758,-400,2026-06-22,22,0,0622,True,False,False,3F,3191-3208,3191,3208,13,6,18,large,L,6,13,N,3F_L_N,82.4098504837291,13,22,0,198.86363636363637,100.0,150.0,-391.6666666666667,-72.38636363636364,0.0,198.86363636363637,100.34005684044796,0.45454545454545453,32.95454545454545,0.0,0.0,32.95454545454545,30.135511363636372,v9b_blend_05,2026-06-22,Monday,450
20260622,3146,ファンキージャグラー2,6,0,3279,-600,2026-06-22,22,0,0622,True,False,False,3F,3144-3155,3144,3155,3,10,12,medium,L,3,3,A,3F_L_A,93.90057944495273,3,22,0,221.96969696969697,50.0,-342.3076923076923,200.0,0.0,50.0,223.86363636363637,97.1594248754302,0.38636363636363635,30.681818181818183,100.0,0.0,30.681818181818183,30.085922012562854,v9b_blend_05,2026-06-22,Monday,451
20260622,3119,マイジャグラーV,9,0,4981,300,2026-06-22,22,0,0622,True,False,False,3F,3117-3130,3117,3130,3,12,14,medium,L,3,3,A,3F_L_A,102.00762899016263,3,22,0,221.96969696969697,50.0,-342.3076923076923,200.0,0.0,50.0,277.27272727272725,98.94056286881509,0.45454545454545453,29.545454545454547,100.0,0.0,29.545454545454547,29.97228564892649,v9b_blend_05,2026-06-22,Monday,452
20260622,3232,東京喰種,2,0,2509,-1200,2026-06-22,22,0,0622,True,False,False,3F,3218-3233,3218,3233,15,2,16,large,L,15,2,N,3F_L_N,84.05739338381825,2,22,0,24.431818181818183,0.0,0.0,148.4848484848485,-10.113636363636363,0.0,217.04545454545453,103.9413768658373,0.4772727272727273,35.22727272727273,0.0,0.0,35.22727272727273,29.925852272727276,v9b_blend_05,2026-06-22,Monday,453
20260622,3182,ゴーゴージャグラー3,2,0,1775,-1500,2026-06-22,22,0,0622,True,False,False,3F,3181-3190,3181,3190,2,9,10,small,R,2,9,A,3F_R_A,71.83098591549296,9,22,0,104.54545454545455,0.0,-100.0,264.13793103448273,0.0,0.0,104.54545454545455,97.28086207643993,0.3977272727272727,22.727272727272727,100.0,0.0,22.727272727272727,29.920219435736676,v9b_blend_05,2026-06-22,Monday,454
20260622,3192,ディスクアップ2,2,0,6270,1800,2026-06-22,22,0,0622,True,False,False,3F,3191-3208,3191,3208,2,17,18,large,L,17,2,N,3F_L_N,109.56937799043062,2,22,0,24.431818181818183,0.0,0.0,148.4848484848485,-10.113636363636363,0.0,222.72727272727272,100.63736769226561,0.5,32.95454545454545,0.0,0.0,32.95454545454545,29.69857954545455,v9b_blend_05,2026-06-22,Monday,455
20260622,3170,ゴーゴージャグラー3,0,0,5648,1400,2026-06-22,22,0,0622,True,False,False,3F,3168-3180,3168,3180,3,11,13,medium,L,3,3,A,3F_L_A,108.2625118035883,3,22,0,221.96969696969697,50.0,-342.3076923076923,200.0,0.0,50.0,203.4090909090909,98.20530595315148,0.3409090909090909,22.727272727272727,100.0,0.0,22.727272727272727,29.290467467108307,v9b_blend_05,2026-06-22,Monday,456
20260622,3126,マイジャグラーV,6,0,1511,-1100,2026-06-22,22,0,0622,True,False,False,3F,3117-3130,3117,3130,10,5,14,medium,R,10,10,A,3F_R_A,75.7335098168983,10,22,0,139.18669131238448,0.0,-133.33333333333334,180.68965517241378,0.0,50.0,77.27272727272727,97.65702569731579,0.4090909090909091,26.136363636363637,100.0,0.0,26.136363636363637,28.988792524003504,v9b_blend_05,2026-06-22,Monday,457
20260622,3032,ソードアート・オンラインII,2,0,8596,-3200,2026-06-22,22,0,0622,True,False,False,3F,3031-3042,3031,3042,2,11,12,medium,L,2,2,N,3F_L_N,87.59112765627424,2,22,0,21.59090909090909,0.0,0.0,148.4848484848485,-10.113636363636363,0.0,303.40909090909093,101.1624808446793,0.36363636363636365,31.818181818181817,0.0,0.0,31.818181818181817,28.860511363636366,v9b_blend_05,2026-06-22,Monday,458
20260622,3285,マイジャグラーV,5,0,946,-300,2026-06-22,22,0,0622,True,False,False,3F,3281-3294,3281,3294,5,10,14,medium,R,5,10,A,3F_R_A,89.4291754756871,10,22,0,139.18669131238448,0.0,-133.33333333333334,180.68965517241378,0.0,50.0,222.72727272727272,98.57120367628828,0.45454545454545453,22.727272727272727,100.0,0.0,22.727272727272727,28.64788343309441,v9b_blend_05,2026-06-22,Monday,459
20260622,3234,東京喰種,4,0,3820,2500,2026-06-22,22,0,0622,True,False,False,3F,3234-3249,3234,3249,1,16,16,large,L,1,1,N,3F_L_N,121.81500872600348,1,22,0,56.96022727272727,0.0,154.16666666666666,81.25,-262.6178010471204,0.0,-596.5909090909091,95.23760337434378,0.3522727272727273,25.0,0.0,0.0,25.0,28.435247352451217,v9b_blend_05,2026-06-22,Monday,460
20260622,3153,ファンキージャグラー2,3,0,7521,1200,2026-06-22,22,0,0622,True,False,False,3F,3144-3155,3144,3155,10,3,12,medium,R,10,10,A,3F_R_A,105.31844169658291,10,22,0,139.18669131238448,0.0,-133.33333333333334,180.68965517241378,0.0,0.0,117.04545454545455,97.40446347596784,0.38636363636363635,27.27272727272727,100.0,0.0,27.27272727272727,27.977428887639864,v9b_blend_05,2026-06-22,Monday,461
20260622,3177,ゴーゴージャグラー3,7,1,8481,2000,2026-06-22,22,0,0622,True,False,False,3F,3168-3180,3168,3180,10,4,13,medium,R,10,10,A,3F_R_A,107.86070824981331,10,22,0,139.18669131238448,0.0,-133.33333333333334,180.68965517241378,0.0,0.0,86.36363636363636,96.33542565772942,0.36363636363636365,26.136363636363637,100.0,0.0,26.136363636363637,27.863792524003504,v9b_blend_05,2026-06-22,Monday,462
20260622,3158,ファンキージャグラー2,8,0,5829,-400,2026-06-22,22,0,0622,True,False,False,3F,3156-3167,3156,3167,3,10,12,medium,R,3,10,A,3F_R_A,97.71258649282323,10,22,0,139.18669131238448,0.0,-133.33333333333334,180.68965517241378,0.0,0.0,214.77272727272728,97.64452387132532,0.4431818181818182,25.0,100.0,0.0,25.0,27.750156160367137,v9b_blend_05,2026-06-22,Monday,463
20260622,3134,マイジャグラーV,4,0,8827,700,2026-06-22,22,0,0622,True,False,False,3F,3131-3143,3131,3143,4,10,13,medium,R,4,10,A,3F_R_A,102.64340470526037,10,22,0,139.18669131238448,0.0,-133.33333333333334,180.68965517241378,0.0,0.0,181.8181818181818,98.36995869820856,0.4431818181818182,23.863636363636363,100.0,0.0,23.863636363636363,27.63651979673077,v9b_blend_05,2026-06-22,Monday,464
20260622,2163,ディスクアップ ULTRAREMIX,3,0,4291,2700,2026-06-22,22,0,0622,True,False,False,2F,2155-2164,2155,2164,9,2,10,small,R,9,9,N,2F_R_N,120.9741319039851,9,22,0,163.0681818181818,0.0,-112.5,127.60416666666667,0.0,0.0,345.45454545454544,98.69194039376221,0.5454545454545454,31.818181818181817,0.0,0.0,31.818181818181817,27.110243578500913,v9b_blend_05,2026-06-22,Monday,465
20260622,2023,甲鉄城のカバネリ 海門(うなと)決戦,3,0,4129,600,2026-06-22,22,0,0622,True,False,False,2F,2023-2031,2023,2031,1,9,9,small,R,1,9,N,2F_R_N,104.84378784209252,9,22,0,163.0681818181818,0.0,-112.5,127.60416666666667,0.0,0.0,-32.95454545454545,97.67072783455984,0.3977272727272727,30.681818181818183,0.0,0.0,30.681818181818183,26.99660721486455,v9b_blend_05,2026-06-22,Monday,466
20260622,3292,マイジャグラーV,2,0,2746,-300,2026-06-22,22,0,0622,True,False,False,3F,3281-3294,3281,3294,12,3,14,medium,L,12,3,A,3F_L_A,96.35833940276765,3,22,0,221.96969696969697,50.0,-342.3076923076923,200.0,0.0,0.0,250.0,98.65680065338424,0.4318181818181818,28.40909090909091,100.0,0.0,28.40909090909091,26.76815940422221,v9b_blend_05,2026-06-22,Monday,467
20260622,3141,マイジャグラーV,1,0,1239,-100,2026-06-22,22,0,0622,True,False,False,3F,3131-3143,3131,3143,11,3,13,medium,L,11,3,A,3F_L_A,97.30965832660749,3,22,0,221.96969696969697,50.0,-342.3076923076923,200.0,0.0,0.0,106.81818181818181,98.15221676852471,0.38636363636363635,22.727272727272727,100.0,0.0,22.727272727272727,26.19997758604039,v9b_blend_05,2026-06-22,Monday,468
20260622,3340,ネオアイムジャグラーEX,0,0,5994,1700,2026-06-22,22,0,0622,True,False,False,3F,3325-3340,3325,3340,16,1,16,large,R,16,16,A,3F_R_A,109.45389834278723,16,22,0,98.01136363636364,0.0,12.5,29.166666666666668,0.0,50.0,167.04545454545453,98.7999691763303,0.4659090909090909,34.090909090909086,100.0,0.0,34.090909090909086,25.269886363636363,v9b_blend_05,2026-06-22,Monday,469
20260622,3280,マイジャグラーV,0,0,5614,-1600,2026-06-22,22,0,0622,True,False,False,3F,3265-3280,3265,3280,16,1,16,large,R,16,16,A,3F_R_A,90.4999406246289,16,22,0,98.01136363636364,0.0,12.5,29.166666666666668,0.0,50.0,185.22727272727272,99.26905433693963,0.4659090909090909,30.681818181818183,100.0,0.0,30.681818181818183,24.928977272727277,v9b_blend_05,2026-06-22,Monday,470
20260622,2285,スーパーブラックジャック,5,0,1344,-900,2026-06-22,22,0,0622,True,False,False,2F,2281-2297,2281,2297,5,13,17,large,L,5,5,N,2F_L_N,77.67857142857143,5,22,0,-166.54040404040404,0.0,763.0434782608696,-190.2173913043478,0.0,50.0,160.22727272727272,97.45275360564074,0.3522727272727273,25.0,0.0,0.0,25.0,24.518045674156646,v9b_blend_05,2026-06-22,Monday,471
20260622,2276,北斗の拳 転生の章2,6,0,2191,900,2026-06-22,22,0,0622,True,False,False,2F,2264-2280,2264,2280,13,5,17,large,L,13,5,N,2F_L_N,113.69237790963031,5,22,0,-166.54040404040404,0.0,763.0434782608696,-190.2173913043478,0.0,50.0,130.6818181818182,103.08636904629451,0.29545454545454547,23.863636363636363,0.0,0.0,23.863636363636363,24.40440931052028,v9b_blend_05,2026-06-22,Monday,472
20260622,3016,キングハナハナ-30,6,0,6926,-300,2026-06-22,22,0,0622,True,False,False,3F,3001-3016,3001,3016,16,1,16,large,R,16,16,A,3F_R_A,98.55616517470402,16,22,0,98.01136363636364,0.0,12.5,29.166666666666668,0.0,50.0,-117.04545454545455,97.87786600682688,0.3522727272727273,20.454545454545457,100.0,0.0,20.454545454545457,23.906250000000004,v9b_blend_05,2026-06-22,Monday,473
20260622,2256,スマスロ北斗の拳,6,0,645,1300,2026-06-22,22,0,0622,True,False,False,2F,2247-2263,2247,2263,10,8,17,large,R,10,10,N,2F_R_N,167.18346253229976,10,22,0,98.01136363636364,150.0,-452.63157894736844,248.68421052631578,0.0,50.0,537.5,105.82931633690986,0.5,40.909090909090914,0.0,0.0,40.909090909090914,23.872646777852538,v9b_blend_05,2026-06-22,Monday,474
20260622,3263,真打 吉宗,3,0,2882,200,2026-06-22,22,0,0622,True,False,False,3F,3250-3264,3250,3264,14,2,15,large,L,14,2,N,3F_L_N,102.31320842007865,2,22,0,24.431818181818183,0.0,0.0,148.4848484848485,-72.38636363636364,0.0,-585.2272727272727,95.56030636626423,0.3522727272727273,32.95454545454545,0.0,0.0,32.95454545454545,23.626988636363635,v9b_blend_05,2026-06-22,Monday,475
20260622,2309,スーパーリオエース2,9,0,4671,4300,2026-06-22,22,0,0622,True,False,False,2F,2298-2313,2298,2313,12,5,16,large,L,12,5,N,2F_L_N,130.68579176478983,5,22,0,-166.54040404040404,0.0,763.0434782608696,-190.2173913043478,0.0,50.0,-523.8636363636364,90.80354584319174,0.2840909090909091,15.909090909090908,0.0,0.0,15.909090909090908,23.60895476506574,v9b_blend_05,2026-06-22,Monday,476
20260622,3347,ネオアイムジャグラーEX,7,0,7740,2300,2026-06-22,22,0,0622,True,False,False,3F,3341-3362,3341,3362,7,16,22,large,R,16,16,A,3F_R_A,109.9052540913006,16,22,0,98.01136363636364,0.0,12.5,29.166666666666668,0.0,0.0,156.8181818181818,97.40950743541966,0.3409090909090909,22.727272727272727,100.0,0.0,22.727272727272727,23.00852272727273,v9b_blend_05,2026-06-22,Monday,477
20260622,2290,かぐや様は告らせたい,0,0,4446,9400,2026-06-22,22,0,0622,True,False,False,2F,2281-2297,2281,2297,10,8,17,large,R,10,10,N,2F_R_N,170.4753336332284,10,22,0,98.01136363636364,150.0,-452.63157894736844,248.68421052631578,0.0,50.0,73.86363636363636,98.05711759234067,0.2727272727272727,23.863636363636363,0.0,0.0,23.863636363636363,22.168101323307077,v9b_blend_05,2026-06-22,Monday,478
20260622,2242,モンキーターンV,2,0,4461,2300,2026-06-22,22,0,0622,True,False,False,2F,2230-2246,2230,2246,13,5,17,large,L,13,5,N,2F_L_N,117.1859822162445,5,22,0,-166.54040404040404,0.0,763.0434782608696,-190.2173913043478,0.0,0.0,118.18181818181819,104.06297449912032,0.36363636363636365,30.681818181818183,0.0,0.0,30.681818181818183,19.160776553380785,v9b_blend_05,2026-06-22,Monday,479
20260622,2188,化物語,8,1,955,-1300,2026-06-22,22,0,0622,True,False,False,2F,2187-2195,2187,2195,2,8,9,small,R,2,2,N,2F_R_N,54.62478184991274,2,22,0,422.72727272727275,50.0,-900.0,633.3333333333334,0.0,0.0,422.72727272727275,105.23517650467221,0.3977272727272727,34.090909090909086,0.0,0.0,34.090909090909086,18.997862334330904,v9b_blend_05,2026-06-22,Monday,480
20260622,2217,モンキーターンV,7,0,3640,5200,2026-06-22,22,0,0622,True,False,False,2F,2213-2229,2213,2229,5,13,17,large,L,5,5,N,2F_L_N,147.61904761904762,5,22,0,-166.54040404040404,0.0,763.0434782608696,-190.2173913043478,0.0,0.0,-456.8181818181818,96.94583527036148,0.3409090909090909,28.40909090909091,0.0,0.0,28.40909090909091,18.93350382610806,v9b_blend_05,2026-06-22,Monday,481
20260622,3180,ゴーゴージャグラー3,0,0,6773,-1600,2026-06-22,22,0,0622,True,False,False,3F,3168-3180,3168,3180,13,1,13,medium,R,13,13,A,3F_R_A,92.12559673212264,13,22,0,-14.794520547945206,0.0,40.0,209.0909090909091,0.0,50.0,101.13636363636364,97.25085225592979,0.375,26.136363636363637,100.0,0.0,26.136363636363637,18.789259028642594,v9b_blend_05,2026-06-22,Monday,482
20260622,2318,BIRDIE WING ‐Golf Girls' Story‐,8,0,1481,0,2026-06-22,22,0,0622,True,False,False,2F,2314-2329,2314,2329,5,12,16,large,L,5,5,N,2F_L_N,100.0,5,22,0,-166.54040404040404,0.0,763.0434782608696,-190.2173913043478,0.0,0.0,-264.77272727272725,97.3467328287261,0.29545454545454547,26.136363636363637,0.0,0.0,26.136363636363637,18.70623109883533,v9b_blend_05,2026-06-22,Monday,483
20260622,2251,北斗の拳 転生の章2,1,0,828,-800,2026-06-22,22,0,0622,True,False,False,2F,2247-2263,2247,2263,5,13,17,large,L,5,5,N,2F_L_N,67.7938808373591,5,22,0,-166.54040404040404,0.0,763.0434782608696,-190.2173913043478,0.0,0.0,57.95454545454545,97.39202176241625,0.3068181818181818,26.136363636363637,0.0,0.0,26.136363636363637,18.70623109883533,v9b_blend_05,2026-06-22,Monday,484
20260622,2208,スマスロ炎炎ノ消防隊2,8,0,5530,4100,2026-06-22,22,0,0622,True,False,False,2F,2196-2212,2196,2212,13,5,17,large,L,13,5,N,2F_L_N,124.71368294153105,5,22,0,-166.54040404040404,0.0,763.0434782608696,-190.2173913043478,0.0,0.0,-245.45454545454547,98.89961993404995,0.32954545454545453,25.0,0.0,0.0,25.0,18.592594735198965,v9b_blend_05,2026-06-22,Monday,485
20260622,3188,ゴーゴージャグラー3,8,1,5872,500,2026-06-22,22,0,0622,True,False,False,3F,3181-3190,3181,3190,8,3,10,small,L,8,3,A,3F_L_A,102.83832879200727,3,22,0,172.72727272727272,100.0,-342.3076923076923,200.0,0.0,0.0,172.72727272727272,95.04441906106082,0.38636363636363635,25.0,100.0,0.0,25.0,18.5894341694882,v9b_blend_05,2026-06-22,Monday,486
20260622,3129,マイジャグラーV,9,0,7080,1500,2026-06-22,22,0,0622,True,False,False,3F,3117-3130,3117,3130,13,2,14,medium,R,13,13,A,3F_R_A,107.06214689265536,13,22,0,-14.794520547945206,0.0,40.0,209.0909090909091,0.0,50.0,-61.36363636363637,97.04705884745968,0.3977272727272727,22.727272727272727,100.0,0.0,22.727272727272727,18.4483499377335,v9b_blend_05,2026-06-22,Monday,487
20260622,2347,虚構推理,7,0,2628,-800,2026-06-22,22,0,0622,True,False,False,2F,2330-2351,2330,2351,18,5,22,large,L,5,5,N,2F_L_N,89.85286656519533,5,22,0,-166.54040404040404,0.0,763.0434782608696,-190.2173913043478,0.0,0.0,-475.0,95.08757300854036,0.2840909090909091,18.181818181818183,0.0,0.0,18.181818181818183,17.910776553380785,v9b_blend_05,2026-06-22,Monday,488
20260622,3131,マイジャグラーV,1,0,7410,800,2026-06-22,22,0,0622,True,False,False,3F,3131-3143,3131,3143,1,13,13,medium,R,1,13,A,3F_R_A,103.59874044084569,13,22,0,-14.794520547945206,0.0,40.0,209.0909090909091,0.0,0.0,-76.13636363636364,97.96912382680877,0.45454545454545453,19.318181818181817,100.0,0.0,19.318181818181817,16.982440846824407,v9b_blend_05,2026-06-22,Monday,489
20260622,3282,マイジャグラーV,2,0,4707,-400,2026-06-22,22,0,0622,True,False,False,3F,3281-3294,3281,3294,2,13,14,medium,R,2,13,A,3F_R_A,97.16733942355359,13,22,0,-14.794520547945206,0.0,40.0,209.0909090909091,0.0,0.0,-51.13636363636363,97.39428913146867,0.3522727272727273,19.318181818181817,100.0,0.0,19.318181818181817,16.982440846824407,v9b_blend_05,2026-06-22,Monday,490
20260622,3360,ネオアイムジャグラーEX,0,0,1061,-600,2026-06-22,22,0,0622,True,False,False,3F,3341-3362,3341,3362,20,3,22,large,L,3,3,A,3F_L_A,81.14985862393968,3,22,0,187.5,0.0,-342.3076923076923,200.0,0.0,50.0,29.545454545454547,96.00160571229249,0.3522727272727273,22.727272727272727,100.0,0.0,22.727272727272727,16.628509879617248,v9b_blend_05,2026-06-22,Monday,491
20260622,2205,スマスロ炎炎ノ消防隊2,5,0,5475,-100,2026-06-22,22,0,0622,True,False,False,2F,2196-2212,2196,2212,10,8,17,large,L,10,8,N,2F_L_N,99.39117199391173,8,22,0,62.62626262626262,50.0,-115.0,-228.33333333333334,0.0,50.0,-218.1818181818182,99.28773564018682,0.4318181818181818,32.95454545454545,0.0,0.0,32.95454545454545,16.545967767231332,v9b_blend_05,2026-06-22,Monday,492
20260622,2220,モンキーターンV,0,0,2412,-700,2026-06-22,22,0,0622,True,False,False,2F,2213-2229,2213,2229,8,10,17,large,L,8,8,N,2F_L_N,90.32614704256495,8,22,0,62.62626262626262,50.0,-115.0,-228.33333333333334,0.0,50.0,-351.1363636363636,98.1552967140743,0.375,29.545454545454547,0.0,0.0,29.545454545454547,16.205058676322242,v9b_blend_05,2026-06-22,Monday,493
20260622,2306,スーパーリオエース2,6,0,7002,-4600,2026-06-22,22,0,0622,True,False,False,2F,2298-2313,2298,2313,9,8,16,large,L,9,8,N,2F_L_N,78.10149481100638,8,22,0,62.62626262626262,50.0,-115.0,-228.33333333333334,0.0,50.0,-148.86363636363637,96.07169099508819,0.3977272727272727,28.40909090909091,0.0,0.0,28.40909090909091,16.09142231268588,v9b_blend_05,2026-06-22,Monday,494
20260622,2239,モンキーターンV,9,0,2874,-1700,2026-06-22,22,0,0622,True,False,False,2F,2230-2246,2230,2246,10,8,17,large,L,10,8,N,2F_L_N,80.28299698445836,8,22,0,62.62626262626262,50.0,-115.0,-228.33333333333334,0.0,50.0,80.68181818181819,96.75531741755448,0.3522727272727273,27.27272727272727,0.0,0.0,27.27272727272727,15.977785949049514,v9b_blend_05,2026-06-22,Monday,495
20260622,3359,ネオアイムジャグラーEX,9,0,697,-200,2026-06-22,22,0,0622,True,False,False,3F,3341-3362,3341,3362,19,4,22,large,L,4,4,A,3F_L_A,90.43519846963176,4,22,0,77.08333333333333,0.0,-15.384615384615385,-32.05128205128205,0.0,50.0,86.36363636363636,97.8679250840381,0.45454545454545453,26.136363636363637,100.0,0.0,26.136363636363637,15.926396477873608,v9b_blend_05,2026-06-22,Monday,496
20260622,3003,キングハナハナ-30,3,0,2738,-1300,2026-06-22,22,0,0622,True,False,False,3F,3001-3016,3001,3016,3,14,16,large,L,3,3,A,3F_L_A,84.17336255174092,3,22,0,187.5,0.0,-342.3076923076923,200.0,0.0,0.0,353.40909090909093,97.77521906690562,0.4772727272727273,35.22727272727273,100.0,0.0,35.22727272727273,14.78801999854933,v9b_blend_05,2026-06-22,Monday,497
20260622,3322,ジャグラーガールズ,2,1,8659,1900,2026-06-22,22,0,0622,True,False,False,3F,3310-3324,3310,3324,13,3,15,large,L,13,3,A,3F_L_A,107.3141625283905,3,22,0,187.5,0.0,-342.3076923076923,200.0,0.0,0.0,370.45454545454544,98.49990917011388,0.4772727272727273,31.818181818181817,100.0,0.0,31.818181818181817,14.447110907640237,v9b_blend_05,2026-06-22,Monday,498
20260622,3267,マイジャグラーV,7,0,7431,1500,2026-06-22,22,0,0622,True,False,False,3F,3265-3280,3265,3280,3,14,16,large,L,3,3,A,3F_L_A,106.728569506123,3,22,0,187.5,0.0,-342.3076923076923,200.0,0.0,0.0,75.0,97.49410587629781,0.4318181818181818,30.681818181818183,100.0,0.0,30.681818181818183,14.333474544003877,v9b_blend_05,2026-06-22,Monday,499
20260622,3327,ネオアイムジャグラーEX,7,0,5389,1600,2026-06-22,22,0,0622,True,False,False,3F,3325-3340,3325,3340,3,14,16,large,L,3,3,A,3F_L_A,109.89670316075957,3,22,0,187.5,0.0,-342.3076923076923,200.0,0.0,0.0,130.6818181818182,95.65700431415343,0.4318181818181818,28.40909090909091,100.0,0.0,28.40909090909091,14.10620181673115,v9b_blend_05,2026-06-22,Monday,500
20260622,3206,この素晴らしい世界に祝福を！,6,0,3267,-1400,2026-06-22,22,0,0622,True,False,False,3F,3191-3208,3191,3208,16,3,18,large,L,3,16,N,3F_L_N,85.71574329150087,16,22,0,26.136363636363637,0.0,-150.0,158.33333333333334,20.2020202020202,50.0,26.136363636363637,98.26813826649983,0.36363636363636365,26.136363636363637,0.0,0.0,26.136363636363637,13.935606060606062,v9b_blend_05,2026-06-22,Monday,501
20260622,3297,ハッピージャグラーVIII,7,0,2032,-600,2026-06-22,22,0,0622,True,False,False,3F,3295-3309,3295,3309,3,13,15,large,L,3,3,A,3F_L_A,90.15748031496062,3,22,0,187.5,0.0,-342.3076923076923,200.0,0.0,0.0,165.9090909090909,97.48131221017961,0.3409090909090909,19.318181818181817,100.0,0.0,19.318181818181817,13.197110907640237,v9b_blend_05,2026-06-22,Monday,502
20260622,3004,キングハナハナ-30,4,0,4557,700,2026-06-22,22,0,0622,True,False,False,3F,3001-3016,3001,3016,4,13,16,large,L,4,4,A,3F_L_A,105.12032770097287,4,22,0,77.08333333333333,0.0,-15.384615384615385,-32.05128205128205,0.0,0.0,289.77272727272725,98.73878141544579,0.3977272727272727,29.545454545454547,100.0,0.0,29.545454545454547,13.176815687714779,v9b_blend_05,2026-06-22,Monday,503
20260622,3321,ジャグラーガールズ,1,0,8671,3400,2026-06-22,22,0,0622,True,False,False,3F,3310-3324,3310,3324,12,4,15,large,L,12,4,A,3F_L_A,113.07038788298158,4,22,0,77.08333333333333,0.0,-15.384615384615385,-32.05128205128205,0.0,0.0,92.04545454545455,96.3640655106722,0.38636363636363635,25.0,100.0,0.0,25.0,12.722270233169326,v9b_blend_05,2026-06-22,Monday,504
20260622,3110,革命機ヴァルヴレイヴ2,0,0,2550,-100,2026-06-22,22,0,0622,True,False,False,3F,3103-3116,3103,3116,8,7,14,medium,L,8,7,N,3F_L_N,98.69281045751634,7,22,0,304.29447852760734,150.0,-515.0,-71.42857142857143,6.25,50.0,437.5,109.45872833821268,0.4090909090909091,32.95454545454545,0.0,0.0,32.95454545454545,12.596350141422977,v9b_blend_05,2026-06-22,Monday,505
20260622,3328,ネオアイムジャグラーEX,8,0,5264,1300,2026-06-22,22,0,0622,True,False,False,3F,3325-3340,3325,3340,4,13,16,large,L,4,4,A,3F_L_A,108.23201621073962,4,22,0,77.08333333333333,0.0,-15.384615384615385,-32.05128205128205,0.0,0.0,-20.454545454545453,96.62725587148493,0.375,22.727272727272727,100.0,0.0,22.727272727272727,12.494997505896599,v9b_blend_05,2026-06-22,Monday,506
20260622,3298,ハッピージャグラーVIII,8,0,9005,1300,2026-06-22,22,0,0622,True,False,False,3F,3295-3309,3295,3309,4,12,15,large,L,4,4,A,3F_L_A,104.8121414029243,4,22,0,77.08333333333333,0.0,-15.384615384615385,-32.05128205128205,0.0,0.0,76.13636363636364,96.56919452410276,0.3977272727272727,20.454545454545457,100.0,0.0,20.454545454545457,12.267724778623872,v9b_blend_05,2026-06-22,Monday,507
20260622,3268,マイジャグラーV,8,0,6561,3000,2026-06-22,22,0,0622,True,False,False,3F,3265-3280,3265,3280,4,13,16,large,L,4,4,A,3F_L_A,115.24157902758725,4,22,0,77.08333333333333,0.0,-15.384615384615385,-32.05128205128205,0.0,0.0,-61.36363636363637,97.53870076860099,0.3068181818181818,18.181818181818183,100.0,0.0,18.181818181818183,12.040452051351144,v9b_blend_05,2026-06-22,Monday,508
20260622,2279,北斗の拳 転生の章2,9,0,497,-200,2026-06-22,22,0,0622,True,False,False,2F,2264-2280,2264,2280,16,2,17,large,L,16,2,N,2F_L_N,86.58618376928237,2,22,0,-69.06565656565657,0.0,11.538461538461538,261.21794871794873,0.0,50.0,339.77272727272725,102.99796497017381,0.42045454545454547,34.090909090909086,0.0,0.0,34.090909090909086,11.524032601852635,v9b_blend_05,2026-06-22,Monday,509
20260622,2315,BIRDIE WING ‐Golf Girls' Story‐,5,0,2645,3900,2026-06-22,22,0,0622,True,False,False,2F,2314-2329,2314,2329,2,15,16,large,L,2,2,N,2F_L_N,149.14933837429112,2,22,0,-69.06565656565657,0.0,11.538461538461538,261.21794871794873,0.0,50.0,-48.86363636363637,100.62342503692985,0.3409090909090909,30.681818181818183,0.0,0.0,30.681818181818183,11.183123510943545,v9b_blend_05,2026-06-22,Monday,510
20260622,2245,モンキーターンV,5,0,3131,-1900,2026-06-22,22,0,0622,True,False,False,2F,2230-2246,2230,2246,16,2,17,large,L,16,2,N,2F_L_N,79.77217076546364,2,22,0,-69.06565656565657,0.0,11.538461538461538,261.21794871794873,0.0,50.0,-98.86363636363636,100.38214954362002,0.38636363636363635,29.545454545454547,0.0,0.0,29.545454545454547,11.069487147307182,v9b_blend_05,2026-06-22,Monday,511
20260622,2254,北斗の拳 転生の章2,4,0,327,400,2026-06-22,22,0,0622,True,False,False,2F,2247-2263,2247,2263,8,10,17,large,L,8,8,N,2F_L_N,140.77471967380225,8,22,0,62.62626262626262,50.0,-115.0,-228.33333333333334,0.0,0.0,634.0909090909091,109.83504671534673,0.4090909090909091,35.22727272727273,0.0,0.0,35.22727272727273,10.84778955554638,v9b_blend_05,2026-06-22,Monday,512
20260622,2350,虚構推理,0,0,3871,-1800,2026-06-22,22,0,0622,True,False,False,2F,2330-2351,2330,2351,21,2,22,large,L,2,2,N,2F_L_N,84.5001291655903,2,22,0,-69.06565656565657,0.0,11.538461538461538,261.21794871794873,0.0,50.0,-231.8181818181818,94.59899225482515,0.32954545454545453,27.27272727272727,0.0,0.0,27.27272727272727,10.842214420034455,v9b_blend_05,2026-06-22,Monday,513
20260622,3130,マイジャグラーV,0,0,6839,300,2026-06-22,22,0,0622,True,False,False,3F,3117-3130,3117,3130,14,1,14,medium,R,14,14,A,3F_R_A,101.46220207632695,14,22,0,-35.97883597883598,0.0,-18.75,222.68041237113403,0.0,50.0,18.181818181818183,98.70035094388764,0.4318181818181818,25.0,100.0,0.0,25.0,10.492237358861072,v9b_blend_05,2026-06-22,Monday,514
20260622,2344,いざ！番長,4,1,1975,-1200,2026-06-22,22,0,0622,True,False,False,2F,2330-2351,2330,2351,15,8,22,large,L,8,8,N,2F_L_N,79.74683544303798,8,22,0,62.62626262626262,50.0,-115.0,-228.33333333333334,0.0,0.0,236.36363636363637,102.49085823032124,0.3409090909090909,29.545454545454547,0.0,0.0,29.545454545454547,10.279607737364561,v9b_blend_05,2026-06-22,Monday,515
20260622,2342,少女☆歌劇 レヴュースタァライト ‐The SLOT‐,2,0,7270,3500,2026-06-22,22,0,0622,True,False,False,2F,2330-2351,2330,2351,13,10,22,large,L,10,10,N,2F_L_N,116.0476845483723,10,22,0,111.36363636363636,150.0,-325.0,-645.8333333333334,0.0,0.0,111.36363636363636,93.9189353239676,0.3522727272727273,20.454545454545457,0.0,0.0,20.454545454545457,10.20553126994453,v9b_blend_05,2026-06-22,Monday,516
20260622,2321,いざ！番長,1,0,2221,3000,2026-06-22,22,0,0622,True,False,False,2F,2314-2329,2314,2329,8,9,16,large,L,8,8,N,2F_L_N,145.024763619991,8,22,0,62.62626262626262,50.0,-115.0,-228.33333333333334,0.0,0.0,290.90909090909093,100.63333998608553,0.32954545454545453,28.40909090909091,0.0,0.0,28.40909090909091,10.165971373728198,v9b_blend_05,2026-06-22,Monday,517
20260622,2288,スーパーブラックジャック,8,1,1010,0,2026-06-22,22,0,0622,True,False,False,2F,2281-2297,2281,2297,8,10,17,large,L,8,8,N,2F_L_N,100.0,8,22,0,62.62626262626262,50.0,-115.0,-228.33333333333334,0.0,0.0,61.36363636363637,99.3611757581207,0.3181818181818182,28.40909090909091,0.0,0.0,28.40909090909091,10.165971373728198,v9b_blend_05,2026-06-22,Monday,518
20260622,3116,革命機ヴァルヴレイヴ2,6,0,2733,-2200,2026-06-22,22,0,0622,True,False,False,3F,3103-3116,3103,3116,14,1,14,medium,L,14,1,N,3F_L_N,73.16745944627394,1,22,0,-144.3181818181818,0.0,154.16666666666666,81.25,20.2020202020202,50.0,-394.3181818181818,96.39681998323267,0.32954545454545453,29.545454545454547,0.0,0.0,29.545454545454547,10.013731060606059,v9b_blend_05,2026-06-22,Monday,519
20260622,3113,革命機ヴァルヴレイヴ2,3,0,265,-100,2026-06-22,22,0,0622,True,False,False,3F,3103-3116,3103,3116,11,4,14,medium,L,11,4,N,3F_L_N,87.42138364779875,4,22,0,31.818181818181817,100.0,127.27272727272727,-205.3030303030303,-72.38636363636364,0.0,55.68181818181818,96.91966729749767,0.3522727272727273,28.40909090909091,0.0,0.0,28.40909090909091,9.891193181818178,v9b_blend_05,2026-06-22,Monday,520
20260622,2273,北斗の拳 転生の章2,3,0,1408,-900,2026-06-22,22,0,0622,True,False,False,2F,2264-2280,2264,2280,10,8,17,large,L,10,8,N,2F_L_N,78.69318181818183,8,22,0,62.62626262626262,50.0,-115.0,-228.33333333333334,0.0,0.0,-21.59090909090909,99.56234570496467,0.3068181818181818,23.863636363636363,0.0,0.0,23.863636363636363,9.71142591918274,v9b_blend_05,2026-06-22,Monday,521
20260622,3281,マイジャグラーV,1,0,4853,-1700,2026-06-22,22,0,0622,True,False,False,3F,3281-3294,3281,3294,1,14,14,medium,R,1,14,A,3F_R_A,88.32337385809464,14,22,0,-35.97883597883598,0.0,-18.75,222.68041237113403,0.0,0.0,-45.45454545454545,98.30929271919767,0.4318181818181818,26.136363636363637,100.0,0.0,26.136363636363637,9.480873722497435,v9b_blend_05,2026-06-22,Monday,522
20260622,2271,北斗の拳 転生の章2,1,0,945,700,2026-06-22,22,0,0622,True,False,False,2F,2264-2280,2264,2280,8,10,17,large,R,8,10,N,2F_R_N,124.69135802469135,10,22,0,98.01136363636364,150.0,-452.63157894736844,248.68421052631578,0.0,0.0,470.45454545454544,100.51294769654125,0.4431818181818182,35.22727272727273,0.0,0.0,35.22727272727273,8.608761667665586,v9b_blend_05,2026-06-22,Monday,523
20260622,2323,ガールズ&パンツァー 最終章,3,0,3550,-3000,2026-06-22,22,0,0622,True,False,False,2F,2314-2329,2314,2329,10,7,16,large,R,10,10,N,2F_R_N,71.83098591549296,10,22,0,98.01136363636364,150.0,-452.63157894736844,248.68421052631578,0.0,0.0,231.8181818181818,101.79586849150877,0.4318181818181818,35.22727272727273,0.0,0.0,35.22727272727273,8.608761667665586,v9b_blend_05,2026-06-22,Monday,524
20260622,2304,アズールレーン THE ANIMATION,4,0,1073,-700,2026-06-22,22,0,0622,True,False,False,2F,2298-2313,2298,2313,7,10,16,large,R,7,10,N,2F_R_N,78.25411618515066,10,22,0,98.01136363636364,150.0,-452.63157894736844,248.68421052631578,0.0,0.0,188.63636363636363,99.99869991374653,0.42045454545454547,32.95454545454545,0.0,0.0,32.95454545454545,8.38148894039286,v9b_blend_05,2026-06-22,Monday,525
20260622,2237,モンキーターンV,7,0,5585,100,2026-06-22,22,0,0622,True,False,False,2F,2230-2246,2230,2246,8,10,17,large,R,8,10,N,2F_R_N,100.59683676514473,10,22,0,98.01136363636364,150.0,-452.63157894736844,248.68421052631578,0.0,0.0,63.63636363636363,99.32630740399007,0.36363636363636365,30.681818181818183,0.0,0.0,30.681818181818183,8.154216213120133,v9b_blend_05,2026-06-22,Monday,526
20260622,2222,モンキーターンV,2,1,2119,500,2026-06-22,22,0,0622,True,False,False,2F,2213-2229,2213,2229,10,8,17,large,R,10,10,N,2F_R_N,107.86534528865816,10,22,0,98.01136363636364,150.0,-452.63157894736844,248.68421052631578,0.0,0.0,-194.3181818181818,99.20936802982233,0.3977272727272727,26.136363636363637,0.0,0.0,26.136363636363637,7.699670758574677,v9b_blend_05,2026-06-22,Monday,527
20260622,2203,スマスロ炎炎ノ消防隊2,3,0,5992,700,2026-06-22,22,0,0622,True,False,False,2F,2196-2212,2196,2212,8,10,17,large,R,8,10,N,2F_R_N,103.89408099688472,10,22,0,98.01136363636364,150.0,-452.63157894736844,248.68421052631578,0.0,0.0,-587.5,96.79252210904879,0.3181818181818182,25.0,0.0,0.0,25.0,7.586034394938313,v9b_blend_05,2026-06-22,Monday,528
20260622,3030,スマスロ ハナビ,0,0,2797,200,2026-06-22,22,0,0622,True,False,False,3F,3017-3030,3017,3030,14,1,14,medium,L,14,1,N,3F_L_N,102.38350613752831,1,22,0,-144.3181818181818,0.0,154.16666666666666,81.25,6.25,50.0,-343.1818181818182,94.70938006259483,0.3522727272727273,18.181818181818183,0.0,0.0,18.181818181818183,7.517045454545455,v9b_blend_05,2026-06-22,Monday,529
20260622,2248,北斗の拳 転生の章2,8,0,2325,800,2026-06-22,22,0,0622,True,False,False,2F,2247-2263,2247,2263,2,16,17,large,L,2,2,N,2F_L_N,111.4695340501792,2,22,0,-69.06565656565657,0.0,11.538461538461538,261.21794871794873,0.0,0.0,286.3636363636364,100.60417034728034,0.4318181818181818,36.36363636363637,0.0,0.0,36.36363636363637,5.825854390167682,v9b_blend_05,2026-06-22,Monday,530
20260622,2211,スマスロ炎炎ノ消防隊2,1,1,3197,-100,2026-06-22,22,0,0622,True,False,False,2F,2196-2212,2196,2212,16,2,17,large,L,16,2,N,2F_L_N,98.95735585444689,2,22,0,-69.06565656565657,0.0,11.538461538461538,261.21794871794873,0.0,0.0,-263.6363636363636,98.53358413809451,0.4090909090909091,28.40909090909091,0.0,0.0,28.40909090909091,5.030399844713138,v9b_blend_05,2026-06-22,Monday,531
20260622,2214,モンキーターンV,4,0,2827,3600,2026-06-22,22,0,0622,True,False,False,2F,2213-2229,2213,2229,2,16,17,large,L,2,2,N,2F_L_N,142.4478245489919,2,22,0,-69.06565656565657,0.0,11.538461538461538,261.21794871794873,0.0,0.0,-363.6363636363636,99.73712204109461,0.36363636363636365,27.27272727272727,0.0,0.0,27.27272727272727,4.916763481076773,v9b_blend_05,2026-06-22,Monday,532
20260622,2282,スーパーブラックジャック,2,0,1559,-1400,2026-06-22,22,0,0622,True,False,False,2F,2281-2297,2281,2297,2,16,17,large,L,2,2,N,2F_L_N,70.06628180457558,2,22,0,-69.06565656565657,0.0,11.538461538461538,261.21794871794873,0.0,0.0,-120.45454545454545,93.79221214846166,0.29545454545454547,25.0,0.0,0.0,25.0,4.689490753804046,v9b_blend_05,2026-06-22,Monday,533
20260622,2312,スーパーリオエース2,2,0,2121,-1100,2026-06-22,22,0,0622,True,False,False,2F,2298-2313,2298,2313,15,2,16,large,L,15,2,N,2F_L_N,82.71255696998271,2,22,0,-69.06565656565657,0.0,11.538461538461538,261.21794871794873,0.0,0.0,-120.45454545454545,96.4754961070098,0.29545454545454547,22.727272727272727,0.0,0.0,22.727272727272727,4.462218026531319,v9b_blend_05,2026-06-22,Monday,534
20260622,3031,ソードアート・オンラインII,1,0,8327,-3900,2026-06-22,22,0,0622,True,False,False,3F,3031-3042,3031,3042,1,12,12,medium,L,1,1,N,3F_L_N,84.38813498258678,1,22,0,-144.3181818181818,0.0,154.16666666666666,81.25,8.333333333333334,0.0,304.54545454545456,99.90618075469524,0.3068181818181818,29.545454545454547,0.0,0.0,29.545454545454547,3.98153409090909,v9b_blend_05,2026-06-22,Monday,535
20260622,3181,ゴーゴージャグラー3,1,0,4913,-2200,2026-06-22,22,0,0622,True,False,False,3F,3181-3190,3181,3190,1,10,10,small,R,1,10,A,3F_R_A,85.07361422077481,10,22,0,6.818181818181818,0.0,-133.33333333333334,180.68965517241378,0.0,0.0,6.818181818181818,97.23601438825814,0.3409090909090909,20.454545454545457,100.0,0.0,20.454545454545457,3.469278996865201,v9b_blend_05,2026-06-22,Monday,536
20260622,3034,ソードアート・オンラインII,4,0,8362,-4900,2026-06-22,22,0,0622,True,False,False,3F,3031-3042,3031,3042,4,9,12,medium,L,4,4,N,3F_L_N,80.46719285657339,4,22,0,31.818181818181817,100.0,127.27272727272727,-205.3030303030303,-262.6178010471204,0.0,5.681818181818182,102.06913994629275,0.3522727272727273,35.22727272727273,0.0,0.0,35.22727272727273,-7.974553783912425,v9b_blend_05,2026-06-22,Monday,537
20260622,2020,甲鉄城のカバネリ 海門(うなと)決戦,0,0,3180,1900,2026-06-22,22,0,0622,True,False,False,2F,2011-2022,2011,2022,10,3,12,medium,R,10,10,N,2F_R_N,119.916142557652,10,22,0,62.04545454545455,0.0,-452.63157894736844,248.68421052631578,0.0,50.0,603.4090909090909,102.64760365430983,0.3977272727272727,37.5,0.0,0.0,37.5,-10.076798886572824,v9b_blend_05,2026-06-22,Monday,538
20260622,2086,マギアレコード 魔法少女まどか☆マギカ外伝,6,0,3715,4900,2026-06-22,22,0,0622,True,False,False,2F,2077-2088,2077,2088,10,3,12,medium,R,10,10,N,2F_R_N,143.9659039928219,10,22,0,62.04545454545455,0.0,-452.63157894736844,248.68421052631578,0.0,50.0,-173.86363636363637,96.7468611879519,0.3522727272727273,29.545454545454547,0.0,0.0,29.545454545454547,-10.872253432027371,v9b_blend_05,2026-06-22,Monday,539
20260622,2119,痛いのは嫌なので防御力に極振りしたいと思います。,9,0,1255,-800,2026-06-22,22,0,0622,True,False,False,2F,2115-2128,2115,2128,5,10,14,medium,R,5,10,N,2F_R_N,78.75166002656042,10,22,0,62.04545454545455,0.0,-452.63157894736844,248.68421052631578,0.0,50.0,412.5,99.78664476349772,0.3522727272727273,25.0,0.0,0.0,25.0,-11.326798886572824,v9b_blend_05,2026-06-22,Monday,540
20260622,2145,バイオハザード RE:3,5,0,711,-900,2026-06-22,22,0,0622,True,False,False,2F,2143-2154,2143,2154,3,10,12,medium,R,3,10,N,2F_R_N,57.80590717299579,10,22,0,62.04545454545455,0.0,-452.63157894736844,248.68421052631578,0.0,50.0,42.04545454545455,100.62353402423987,0.36363636363636365,25.0,0.0,0.0,25.0,-11.326798886572824,v9b_blend_05,2026-06-22,Monday,541
20260622,3039,ソードアート・オンラインII,9,0,8218,-4700,2026-06-22,22,0,0622,True,False,False,3F,3031-3042,3031,3042,9,4,12,medium,R,9,9,N,3F_R_N,80.93615640464023,9,22,0,37.84860557768924,50.0,-340.90909090909093,174.8091603053435,0.0,50.0,209.0909090909091,103.62858177996974,0.3977272727272727,34.090909090909086,0.0,0.0,34.090909090909086,-11.72981080535596,v9b_blend_05,2026-06-22,Monday,542
20260622,3237,東京喰種,7,0,347,-300,2026-06-22,22,0,0622,True,False,False,3F,3234-3249,3234,3249,4,13,16,large,L,4,4,N,3F_L_N,71.18155619596543,4,22,0,-102.27272727272727,0.0,127.27272727272727,-205.3030303030303,195.45454545454547,0.0,263.6363636363636,101.05266000410273,0.4318181818181818,35.22727272727273,0.0,0.0,35.22727272727273,-11.755681818181817,v9b_blend_05,2026-06-22,Monday,543
20260622,2249,北斗の拳 転生の章2,9,0,917,-700,2026-06-22,22,0,0622,True,False,False,2F,2247-2263,2247,2263,3,15,17,large,L,3,3,N,2F_L_N,74.55470737913485,3,22,0,153.91414141414143,0.0,-761.5384615384615,158.97435897435898,0.0,50.0,398.8636363636364,104.47399889662492,0.3977272727272727,31.818181818181817,0.0,0.0,31.818181818181817,-11.971792013457407,v9b_blend_05,2026-06-22,Monday,544
20260622,2349,虚構推理,9,0,4486,-1500,2026-06-22,22,0,0622,True,False,False,2F,2330-2351,2330,2351,20,3,22,large,L,3,3,N,2F_L_N,88.85421310744539,3,22,0,153.91414141414143,0.0,-761.5384615384615,158.97435897435898,0.0,50.0,-55.68181818181818,96.84727218324642,0.42045454545454547,31.818181818181817,0.0,0.0,31.818181818181817,-11.971792013457407,v9b_blend_05,2026-06-22,Monday,545
20260622,2210,スマスロ炎炎ノ消防隊2,0,0,3158,-700,2026-06-22,22,0,0622,True,False,False,2F,2196-2212,2196,2212,15,3,17,large,L,15,3,N,2F_L_N,92.6113573991978,3,22,0,153.91414141414143,0.0,-761.5384615384615,158.97435897435898,0.0,50.0,-57.95454545454545,100.20535490132437,0.375,30.681818181818183,0.0,0.0,30.681818181818183,-12.08542837709377,v9b_blend_05,2026-06-22,Monday,546
20260622,2215,モンキーターンV,5,0,3403,1200,2026-06-22,22,0,0622,True,False,False,2F,2213-2229,2213,2229,3,15,17,large,L,3,3,N,2F_L_N,111.754334410814,3,22,0,153.91414141414143,0.0,-761.5384615384615,158.97435897435898,0.0,50.0,-86.36363636363636,98.85897697037808,0.4090909090909091,29.545454545454547,0.0,0.0,29.545454545454547,-12.199064740730133,v9b_blend_05,2026-06-22,Monday,547
20260622,2316,BIRDIE WING ‐Golf Girls' Story‐,6,0,751,-300,2026-06-22,22,0,0622,True,False,False,2F,2314-2329,2314,2329,3,14,16,large,L,3,3,N,2F_L_N,86.6844207723036,3,22,0,153.91414141414143,0.0,-761.5384615384615,158.97435897435898,0.0,50.0,-278.40909090909093,98.31665666636414,0.3068181818181818,22.727272727272727,0.0,0.0,22.727272727272727,-12.880882922548315,v9b_blend_05,2026-06-22,Monday,548
20260622,3022,沖ドキ!DUO アンコール,2,1,1108,-600,2026-06-22,22,0,0622,True,False,False,3F,3017-3030,3017,3030,6,9,14,medium,R,6,9,N,3F_R_N,81.94945848375451,9,22,0,37.84860557768924,50.0,-340.90909090909093,174.8091603053435,0.0,0.0,123.86363636363636,102.7645544330654,0.38636363636363635,31.818181818181817,0.0,0.0,31.818181818181817,-14.207083532628685,v9b_blend_05,2026-06-22,Monday,549
20260622,3108,からくりサーカス,8,0,1594,-800,2026-06-22,22,0,0622,True,False,False,3F,3103-3116,3103,3116,6,9,14,medium,R,6,9,N,3F_R_N,83.27059807611877,9,22,0,37.84860557768924,50.0,-340.90909090909093,174.8091603053435,0.0,0.0,-122.72727272727273,94.8260023347919,0.3522727272727273,30.681818181818183,0.0,0.0,30.681818181818183,-14.320719896265048,v9b_blend_05,2026-06-22,Monday,550
20260622,2176,A‐SLOT+ 異世界かるてっと,6,0,1701,-800,2026-06-22,22,0,0622,True,False,False,2F,2172-2178,2172,2178,5,3,7,small,R,5,5,N,2F_R_N,84.32294728591025,5,22,0,-39.48863636363637,200.0,-375.0,-210.41666666666666,0.0,50.0,57.95454545454545,96.83730797397644,0.42045454545454547,23.863636363636363,0.0,0.0,23.863636363636363,-14.83987730284894,v9b_blend_05,2026-06-22,Monday,551
20260622,2244,モンキーターンV,4,1,3949,10600,2026-06-22,22,0,0622,True,False,False,2F,2230-2246,2230,2246,15,3,17,large,L,15,3,N,2F_L_N,189.47412847134296,3,22,0,153.91414141414143,0.0,-761.5384615384615,158.97435897435898,0.0,0.0,487.5,102.0186598018035,0.42045454545454547,35.22727272727273,0.0,0.0,35.22727272727273,-17.556333861505998,v9b_blend_05,2026-06-22,Monday,552
20260622,2278,北斗の拳 転生の章2,8,0,1464,-700,2026-06-22,22,0,0622,True,False,False,2F,2264-2280,2264,2280,15,3,17,large,L,15,3,N,2F_L_N,84.06193078324226,3,22,0,153.91414141414143,0.0,-761.5384615384615,158.97435897435898,0.0,0.0,707.9545454545455,105.28698447718801,0.42045454545454547,32.95454545454545,0.0,0.0,32.95454545454545,-17.783606588778724,v9b_blend_05,2026-06-22,Monday,553
20260622,2283,スーパーブラックジャック,3,0,1202,-1500,2026-06-22,22,0,0622,True,False,False,2F,2281-2297,2281,2297,3,15,17,large,L,3,3,N,2F_L_N,58.402662229617306,3,22,0,153.91414141414143,0.0,-761.5384615384615,158.97435897435898,0.0,0.0,422.72727272727275,102.66558050212974,0.3977272727272727,30.681818181818183,0.0,0.0,30.681818181818183,-18.01087931605145,v9b_blend_05,2026-06-22,Monday,554
20260622,2311,スーパーリオエース2,1,1,2495,-2300,2026-06-22,22,0,0622,True,False,False,2F,2298-2313,2298,2313,14,3,16,large,L,14,3,N,2F_L_N,69.27187708750834,3,22,0,153.91414141414143,0.0,-761.5384615384615,158.97435897435898,0.0,0.0,-153.4090909090909,96.0918094838005,0.32954545454545453,23.863636363636363,0.0,0.0,23.863636363636363,-18.692697497869634,v9b_blend_05,2026-06-22,Monday,555
20260622,3024,沖ドキ!DUO アンコール,4,0,2501,-600,2026-06-22,22,0,0622,True,False,False,3F,3017-3030,3017,3030,8,7,14,medium,L,8,7,N,3F_L_N,92.00319872051179,7,22,0,304.29447852760734,150.0,-515.0,-71.42857142857143,-262.6178010471204,0.0,169.3181818181818,105.64572168708952,0.36363636363636365,28.40909090909091,0.0,0.0,28.40909090909091,-18.94780591521672,v9b_blend_05,2026-06-22,Monday,556
20260622,3341,ネオアイムジャグラーEX,1,0,4509,-400,2026-06-22,22,0,0622,True,False,False,3F,3341-3362,3341,3362,1,22,22,large,R,22,22,A,3F_R_A,97.04295113476749,22,22,0,-94.31818181818181,0.0,50.0,-200.0,0.0,0.0,-94.31818181818181,96.55847395031418,0.4090909090909091,21.59090909090909,100.0,0.0,21.59090909090909,-23.81818181818182,v9b_blend_05,2026-06-22,Monday,557
20260622,3230,東京喰種,0,0,5636,-4600,2026-06-22,22,0,0622,True,False,False,3F,3218-3233,3218,3233,13,4,16,large,L,13,4,N,3F_L_N,72.79394369529217,4,22,0,-102.27272727272727,0.0,127.27272727272727,-205.3030303030303,6.25,50.0,497.72727272727275,103.71872323376626,0.38636363636363635,36.36363636363637,0.0,0.0,36.36363636363637,-25.214488636363633,v9b_blend_05,2026-06-22,Monday,558
20260622,2067,戦国乙女5 業火を穿つ宿焔の双刃,7,0,3960,500,2026-06-22,22,0,0622,True,False,False,2F,2065-2076,2065,2076,3,10,12,medium,R,3,10,N,2F_R_N,104.20875420875421,10,22,0,62.04545454545455,0.0,-452.63157894736844,248.68421052631578,0.0,0.0,-48.86363636363637,101.15895236740629,0.38636363636363635,32.95454545454545,0.0,0.0,32.95454545454545,-25.227047633123405,v9b_blend_05,2026-06-22,Monday,559
20260622,2062,戦国乙女5 業火を穿つ宿焔の双刃,2,0,6191,-1700,2026-06-22,22,0,0622,True,False,False,2F,2053-2064,2053,2064,10,3,12,medium,R,10,10,N,2F_R_N,90.84692833683303,10,22,0,62.04545454545455,0.0,-452.63157894736844,248.68421052631578,0.0,0.0,-61.36363636363637,98.12338318148612,0.3977272727272727,31.818181818181817,0.0,0.0,31.818181818181817,-25.340683996759772,v9b_blend_05,2026-06-22,Monday,560
20260622,2111,モンスターハンターライズ,1,1,3874,1400,2026-06-22,22,0,0622,True,False,False,2F,2102-2114,2102,2114,10,4,13,medium,R,10,10,N,2F_R_N,112.04611942866975,10,22,0,62.04545454545455,0.0,-452.63157894736844,248.68421052631578,0.0,0.0,117.04545454545455,98.6864847307465,0.38636363636363635,30.681818181818183,0.0,0.0,30.681818181818183,-25.454320360396135,v9b_blend_05,2026-06-22,Monday,561
20260622,2138,バイオハザード RE:3,8,0,418,-300,2026-06-22,22,0,0622,True,False,False,2F,2129-2142,2129,2142,10,5,14,medium,R,10,10,N,2F_R_N,76.07655502392345,10,22,0,62.04545454545455,0.0,-452.63157894736844,248.68421052631578,0.0,0.0,-203.4090909090909,92.65021175748682,0.3409090909090909,28.40909090909091,0.0,0.0,28.40909090909091,-25.681593087668865,v9b_blend_05,2026-06-22,Monday,562
20260622,2043,甲鉄城のカバネリ 海門(うなと)決戦,3,0,6316,-4200,2026-06-22,22,0,0622,True,False,False,2F,2041-2052,2041,2052,3,10,12,medium,R,3,10,N,2F_R_N,77.83407219759341,10,22,0,62.04545454545455,0.0,-452.63157894736844,248.68421052631578,0.0,0.0,-90.9090909090909,95.67397756182322,0.3181818181818182,26.136363636363637,0.0,0.0,26.136363636363637,-25.908865814941592,v9b_blend_05,2026-06-22,Monday,563
20260622,2092,マギアレコード 魔法少女まどか☆マギカ外伝,2,0,1843,600,2026-06-22,22,0,0622,True,False,False,2F,2089-2101,2089,2101,4,10,13,medium,R,4,10,N,2F_R_N,110.85187194791102,10,22,0,62.04545454545455,0.0,-452.63157894736844,248.68421052631578,0.0,0.0,23.863636363636363,96.22226436966476,0.3522727272727273,25.0,0.0,0.0,25.0,-26.022502178577952,v9b_blend_05,2026-06-22,Monday,564
20260622,3104,からくりサーカス,4,0,767,-400,2026-06-22,22,0,0622,True,False,False,3F,3103-3116,3103,3116,2,13,14,medium,R,2,13,N,3F_R_N,82.61625380269449,13,22,0,184.04907975460122,0.0,266.6666666666667,-1080.3738317757009,0.0,0.0,230.6818181818182,102.88790459667501,0.42045454545454547,36.36363636363637,0.0,0.0,36.36363636363637,-27.956434941699523,v9b_blend_05,2026-06-22,Monday,565
20260622,3018,沖ドキ!DUO アンコール,8,0,1677,-900,2026-06-22,22,0,0622,True,False,False,3F,3017-3030,3017,3030,2,13,14,medium,R,2,13,N,3F_R_N,82.11091234347049,13,22,0,184.04907975460122,0.0,266.6666666666667,-1080.3738317757009,0.0,0.0,136.36363636363637,102.22514567122136,0.36363636363636365,29.545454545454547,0.0,0.0,29.545454545454547,-28.638253123517707,v9b_blend_05,2026-06-22,Monday,566
20260622,2191,化物語,1,0,2457,-1400,2026-06-22,22,0,0622,True,False,False,2F,2187-2195,2187,2195,5,5,9,small,R,5,5,N,2F_R_N,81.00664767331433,5,22,0,-39.48863636363637,200.0,-375.0,-210.41666666666666,0.0,0.0,3.409090909090909,102.90199651309955,0.32954545454545453,29.545454545454547,0.0,0.0,29.545454545454547,-28.96739877667225,v9b_blend_05,2026-06-22,Monday,567
20260622,3061,ミリオンゴッド‐神々の軌跡‐,1,0,535,-600,2026-06-22,22,0,0622,True,False,False,3F,3058-3072,3058,3072,4,12,15,large,L,4,4,N,3F_L_N,62.616822429906534,4,22,0,-102.27272727272727,0.0,127.27272727272727,-205.3030303030303,8.333333333333334,0.0,221.5909090909091,100.04751992634287,0.4431818181818182,38.63636363636363,0.0,0.0,38.63636363636363,-29.659090909090914,v9b_blend_05,2026-06-22,Monday,568
20260622,2182,SHAKE BONUS TRIGGER,2,0,3340,-1200,2026-06-22,22,0,0622,True,False,False,2F,2179-2186,2179,2186,4,5,8,small,R,4,5,N,2F_R_N,88.02395209580838,5,22,0,-39.48863636363637,200.0,-375.0,-210.41666666666666,0.0,0.0,-92.04545454545455,95.6490907043109,0.4090909090909091,21.59090909090909,0.0,0.0,21.59090909090909,-29.762853322126798,v9b_blend_05,2026-06-22,Monday,569
20260622,2167,うみねこのなく頃に2,7,0,5118,0,2026-06-22,22,0,0622,True,False,False,2F,2165-2171,2165,2171,3,5,7,small,R,3,5,N,2F_R_N,100.0,5,22,0,-39.48863636363637,200.0,-375.0,-210.41666666666666,0.0,0.0,-127.27272727272727,96.55995655135759,0.36363636363636365,19.318181818181817,0.0,0.0,19.318181818181817,-29.99012604939952,v9b_blend_05,2026-06-22,Monday,570
20260622,3261,真打 吉宗,1,0,3426,1300,2026-06-22,22,0,0622,True,False,False,3F,3250-3264,3250,3264,12,4,15,large,L,12,4,N,3F_L_N,112.64837517026658,4,22,0,-102.27272727272727,0.0,127.27272727272727,-205.3030303030303,8.333333333333334,0.0,-606.8181818181819,94.04719454929632,0.32954545454545453,23.863636363636363,0.0,0.0,23.863636363636363,-31.13636363636364,v9b_blend_05,2026-06-22,Monday,571
20260622,3091,革命機ヴァルヴレイヴ2,1,0,1071,-1600,2026-06-22,22,0,0622,True,False,False,3F,3088-3102,3088,3102,4,12,15,large,L,4,4,N,3F_L_N,50.20230314347961,4,22,0,-102.27272727272727,0.0,127.27272727272727,-205.3030303030303,8.333333333333334,0.0,-400.0,95.24561649361476,0.3522727272727273,22.727272727272727,0.0,0.0,22.727272727272727,-31.25,v9b_blend_05,2026-06-22,Monday,572
20260622,3346,ネオアイムジャグラーEX,6,0,819,-200,2026-06-22,22,0,0622,True,False,False,3F,3341-3362,3341,3362,6,17,22,large,R,17,17,A,3F_R_A,91.85999185999187,17,22,0,-167.04545454545453,0.0,-550.0,633.3333333333334,0.0,50.0,-167.04545454545453,96.13568684107095,0.32954545454545453,18.181818181818183,100.0,0.0,18.181818181818183,-33.87500000000001,v9b_blend_05,2026-06-22,Monday,573
20260622,3295,ハッピージャグラーVIII,5,0,8459,-800,2026-06-22,22,0,0622,True,False,False,3F,3295-3309,3295,3309,1,15,15,large,L,1,1,A,3F_L_A,96.84753911021792,1,22,0,-2.840909090909091,0.0,-280.7692307692308,95.51282051282051,0.0,50.0,70.45454545454545,97.0852186211394,0.36363636363636365,26.136363636363637,100.0,0.0,26.136363636363637,-35.26374494351645,v9b_blend_05,2026-06-22,Monday,574
20260622,3325,ネオアイムジャグラーEX,5,0,1815,-600,2026-06-22,22,0,0622,True,False,False,3F,3325-3340,3325,3340,1,16,16,large,L,1,1,A,3F_L_A,88.98071625344353,1,22,0,-2.840909090909091,0.0,-280.7692307692308,95.51282051282051,0.0,50.0,-38.63636363636363,97.71501993925745,0.4431818181818182,25.0,100.0,0.0,25.0,-35.37738130715282,v9b_blend_05,2026-06-22,Monday,575
20260622,3265,マイジャグラーV,5,0,4330,-1500,2026-06-22,22,0,0622,True,False,False,3F,3265-3280,3265,3280,1,16,16,large,L,1,1,A,3F_L_A,88.45265588914549,1,22,0,-2.840909090909091,0.0,-280.7692307692308,95.51282051282051,0.0,50.0,-102.27272727272727,97.89252520772222,0.375,21.59090909090909,100.0,0.0,21.59090909090909,-35.71829039806191,v9b_blend_05,2026-06-22,Monday,576
20260622,3001,キングハナハナ-30,1,0,4844,-900,2026-06-22,22,0,0622,True,False,False,3F,3001-3016,3001,3016,1,16,16,large,L,1,1,A,3F_L_A,93.80677126341867,1,22,0,-2.840909090909091,0.0,-280.7692307692308,95.51282051282051,0.0,0.0,3.409090909090909,97.88491657641292,0.4090909090909091,21.59090909090909,100.0,0.0,21.59090909090909,-38.808780279129834,v9b_blend_05,2026-06-22,Monday,577
20260622,3362,ネオアイムジャグラーEX,2,0,2863,-100,2026-06-22,22,0,0622,True,False,False,3F,3341-3362,3341,3362,22,1,22,large,L,1,1,A,3F_L_A,98.83572010711374,1,22,0,-2.840909090909091,0.0,-280.7692307692308,95.51282051282051,0.0,0.0,69.31818181818181,97.81383339982276,0.4431818181818182,20.454545454545457,100.0,0.0,20.454545454545457,-38.922416642766194,v9b_blend_05,2026-06-22,Monday,578
20260622,3324,ジャグラーガールズ,4,0,2808,-400,2026-06-22,22,0,0622,True,False,False,3F,3310-3324,3310,3324,15,1,15,large,L,15,1,A,3F_L_A,95.2516619183286,1,22,0,-2.840909090909091,0.0,-280.7692307692308,95.51282051282051,0.0,0.0,-19.318181818181817,95.96942612377251,0.32954545454545453,20.454545454545457,100.0,0.0,20.454545454545457,-38.922416642766194,v9b_blend_05,2026-06-22,Monday,579
20260622,3144,ファンキージャグラー2,4,1,7312,-700,2026-06-22,22,0,0622,True,False,False,3F,3144-3155,3144,3155,1,12,12,medium,L,1,1,A,3F_L_A,96.80889861415025,1,22,0,-20.265151515151516,0.0,-280.7692307692308,95.51282051282051,0.0,0.0,221.5909090909091,97.97809546920148,0.45454545454545453,28.40909090909091,100.0,0.0,28.40909090909091,-42.39388332645433,v9b_blend_05,2026-06-22,Monday,580
20260622,3168,ゴーゴージャグラー3,8,0,8152,100,2026-06-22,22,0,0622,True,False,False,3F,3168-3180,3168,3180,1,13,13,medium,L,1,1,A,3F_L_A,100.40889761203795,1,22,0,-20.265151515151516,0.0,-280.7692307692308,95.51282051282051,0.0,0.0,-27.272727272727273,96.91166225744024,0.3977272727272727,25.0,100.0,0.0,25.0,-42.73479241736342,v9b_blend_05,2026-06-22,Monday,581
20260622,3294,マイジャグラーV,4,0,4932,-400,2026-06-22,22,0,0622,True,False,False,3F,3281-3294,3281,3294,14,1,14,medium,L,14,1,A,3F_L_A,97.29656663963233,1,22,0,-20.265151515151516,0.0,-280.7692307692308,95.51282051282051,0.0,0.0,-129.54545454545453,97.5703156963506,0.3068181818181818,21.59090909090909,100.0,0.0,21.59090909090909,-43.075701508272516,v9b_blend_05,2026-06-22,Monday,582
20260622,3167,ファンキージャグラー2,7,0,2712,-100,2026-06-22,22,0,0622,True,False,False,3F,3156-3167,3156,3167,12,1,12,medium,L,12,1,A,3F_L_A,98.77089478859389,1,22,0,-20.265151515151516,0.0,-280.7692307692308,95.51282051282051,0.0,0.0,-46.59090909090909,95.20476756796515,0.3409090909090909,19.318181818181817,100.0,0.0,19.318181818181817,-43.30297423554524,v9b_blend_05,2026-06-22,Monday,583
20260622,3117,マイジャグラーV,7,0,7812,2500,2026-06-22,22,0,0622,True,False,False,3F,3117-3130,3117,3130,1,14,14,medium,L,1,1,A,3F_L_A,110.6673493770268,1,22,0,-20.265151515151516,0.0,-280.7692307692308,95.51282051282051,0.0,0.0,-56.81818181818182,98.18393385275812,0.3522727272727273,18.181818181818183,100.0,0.0,18.181818181818183,-43.4166105991816,v9b_blend_05,2026-06-22,Monday,584
20260622,3143,マイジャグラーV,3,0,6651,-900,2026-06-22,22,0,0622,True,False,False,3F,3131-3143,3131,3143,13,1,13,medium,L,13,1,A,3F_L_A,95.489400090212,1,22,0,-20.265151515151516,0.0,-280.7692307692308,95.51282051282051,0.0,0.0,-82.95454545454545,97.3401077018526,0.3068181818181818,18.181818181818183,100.0,0.0,18.181818181818183,-43.4166105991816,v9b_blend_05,2026-06-22,Monday,585
20260622,3066,ミリオンゴッド‐神々の軌跡‐,6,1,1878,-2000,2026-06-22,22,0,0622,True,False,False,3F,3058-3072,3058,3072,9,7,15,large,R,9,9,N,3F_R_N,64.50124245651402,9,22,0,-87.5,100.0,-340.90909090909093,174.8091603053435,0.0,50.0,385.22727272727275,101.51699436420164,0.4318181818181818,40.909090909090914,0.0,0.0,40.909090909090914,-49.423490631505906,v9b_blend_05,2026-06-22,Monday,586
20260622,3225,東京喰種,5,0,1112,100,2026-06-22,22,0,0622,True,False,False,3F,3218-3233,3218,3233,8,9,16,large,R,8,9,N,3F_R_N,102.99760191846524,9,22,0,-87.5,100.0,-340.90909090909093,174.8091603053435,0.0,50.0,577.2727272727273,103.79216836435639,0.42045454545454547,35.22727272727273,0.0,0.0,35.22727272727273,-49.99167244968773,v9b_blend_05,2026-06-22,Monday,587
20260622,3049,ビッグドリーム THE GOLDEN PUSHER,9,0,410,0,2026-06-22,22,0,0622,True,False,False,3F,3043-3057,3043,3057,7,9,15,large,R,7,9,N,3F_R_N,100.0,9,22,0,-87.5,100.0,-340.90909090909093,174.8091603053435,0.0,50.0,267.04545454545456,99.12332272935791,0.3977272727272727,32.95454545454545,0.0,0.0,32.95454545454545,-50.21894517696045,v9b_blend_05,2026-06-22,Monday,588
20260622,3096,革命機ヴァルヴレイヴ2,6,0,2308,-1900,2026-06-22,22,0,0622,True,False,False,3F,3088-3102,3088,3102,9,7,15,large,R,9,9,N,3F_R_N,72.55921432697863,9,22,0,-87.5,100.0,-340.90909090909093,174.8091603053435,0.0,50.0,-35.22727272727273,96.39174612506935,0.38636363636363635,30.681818181818183,0.0,0.0,30.681818181818183,-50.44621790423318,v9b_blend_05,2026-06-22,Monday,589
20260622,3256,真打 吉宗,6,0,1719,-500,2026-06-22,22,0,0622,True,False,False,3F,3250-3264,3250,3264,7,9,15,large,R,7,9,N,3F_R_N,90.30444056622066,9,22,0,-87.5,100.0,-340.90909090909093,174.8091603053435,0.0,50.0,-501.1363636363636,95.70431169016078,0.3409090909090909,26.136363636363637,0.0,0.0,26.136363636363637,-50.90076335877863,v9b_blend_05,2026-06-22,Monday,590
20260622,3079,ミリオンゴッド‐神々の軌跡‐,9,0,1970,-1200,2026-06-22,22,0,0622,True,False,False,3F,3073-3087,3073,3087,7,9,15,large,R,7,9,N,3F_R_N,79.69543147208121,9,22,0,-87.5,100.0,-340.90909090909093,174.8091603053435,0.0,50.0,-929.5454545454545,93.83862998346862,0.2727272727272727,25.0,0.0,0.0,25.0,-51.014399722415,v9b_blend_05,2026-06-22,Monday,591
20260622,3352,ネオアイムジャグラーEX,2,0,7111,1200,2026-06-22,22,0,0622,True,False,False,3F,3341-3362,3341,3362,12,11,22,large,L,11,11,A,3F_L_A,105.62508789199832,11,22,0,40.90909090909091,200.0,-400.0,0.0,0.0,0.0,40.90909090909091,95.76070058838833,0.38636363636363635,25.0,100.0,0.0,25.0,-51.50315095658731,v9b_blend_05,2026-06-22,Monday,592
20260622,2299,無職転生 ～異世界行ったら本気だす～,9,1,754,-600,2026-06-22,22,0,0622,True,False,False,2F,2298-2313,2298,2313,2,15,16,large,R,2,15,N,2F_R_N,73.47480106100795,15,22,0,-41.792929292929294,0.0,-227.77777777777777,-525.925925925926,0.0,50.0,46.59090909090909,97.19231247634812,0.4090909090909091,31.818181818181817,0.0,0.0,31.818181818181817,-53.56605872750593,v9b_blend_05,2026-06-22,Monday,593
20260622,2266,北斗の拳 転生の章2,6,1,2226,-700,2026-06-22,22,0,0622,True,False,False,2F,2264-2280,2264,2280,3,15,17,large,R,3,15,N,2F_R_N,89.51781970649894,15,22,0,-41.792929292929294,0.0,-227.77777777777777,-525.925925925926,0.0,50.0,556.8181818181819,104.76513566675906,0.4659090909090909,31.818181818181817,0.0,0.0,31.818181818181817,-53.56605872750593,v9b_blend_05,2026-06-22,Monday,594
20260622,3242,東京喰種,2,0,2102,-2600,2026-06-22,22,0,0622,True,False,False,3F,3234-3249,3234,3249,9,8,16,large,R,9,9,N,3F_R_N,58.769425943545826,9,22,0,-87.5,100.0,-340.90909090909093,174.8091603053435,0.0,0.0,-376.1363636363636,94.63811563890312,0.2840909090909091,20.454545454545457,0.0,0.0,20.454545454545457,-53.71894517696045,v9b_blend_05,2026-06-22,Monday,595
20260622,2295,かぐや様は告らせたい,5,0,6743,2400,2026-06-22,22,0,0622,True,False,False,2F,2281-2297,2281,2297,15,3,17,large,R,15,15,N,2F_R_N,111.86415542043602,15,22,0,-41.792929292929294,0.0,-227.77777777777777,-525.925925925926,0.0,50.0,-519.3181818181819,89.89848738000319,0.1590909090909091,12.5,0.0,0.0,12.5,-55.49787690932411,v9b_blend_05,2026-06-22,Monday,596
20260622,3054,革命機ヴァルヴレイヴ,4,0,4143,-3800,2026-06-22,22,0,0622,True,False,False,3F,3043-3057,3043,3057,12,4,15,large,L,12,4,N,3F_L_N,69.4263416204039,4,22,0,-102.27272727272727,0.0,127.27272727272727,-205.3030303030303,-262.6178010471204,0.0,-65.9090909090909,96.78713713671287,0.3181818181818182,29.545454545454547,0.0,0.0,29.545454545454547,-56.98591742027605,v9b_blend_05,2026-06-22,Monday,597
20260622,3194,バーサスリヴァイズ,4,0,6160,1600,2026-06-22,22,0,0622,True,False,False,3F,3191-3208,3191,3208,4,15,18,large,L,15,4,N,3F_L_N,108.65800865800865,4,22,0,-102.27272727272727,0.0,127.27272727272727,-205.3030303030303,-262.6178010471204,0.0,155.6818181818182,97.69981380577529,0.4090909090909091,22.727272727272727,0.0,0.0,22.727272727272727,-57.66773560209424,v9b_blend_05,2026-06-22,Monday,598
20260622,3084,ミリオンゴッド‐神々の軌跡‐,4,0,527,-500,2026-06-22,22,0,0622,True,False,False,3F,3073-3087,3073,3087,12,4,15,large,L,12,4,N,3F_L_N,68.37444655281467,4,22,0,-102.27272727272727,0.0,127.27272727272727,-205.3030303030303,-262.6178010471204,0.0,-884.0909090909091,90.87694671321506,0.2727272727272727,17.045454545454543,0.0,0.0,17.045454545454543,-58.23591742027605,v9b_blend_05,2026-06-22,Monday,599
20260622,3209,東京喰種,9,0,3182,2700,2026-06-22,22,0,0622,True,False,False,3F,3209-3217,3209,3217,1,9,9,small,R,1,1,N,3F_R_N,128.2840980515399,1,22,0,-522.7272727272727,0.0,900.0,-291.6666666666667,0.0,50.0,-522.7272727272727,93.35792444969188,0.3522727272727273,30.681818181818183,0.0,0.0,30.681818181818183,-60.23863636363639,v9b_blend_05,2026-06-22,Monday,600
20260622,2009,ゴッドイーター リザレクション,9,0,1050,-1100,2026-06-22,22,0,0622,True,False,False,2F,2001-2010,2001,2010,9,2,10,small,L,9,9,N,2F_L_N,65.07936507936508,9,22,0,162.5,0.0,-856.25,-462.5,0.0,50.0,162.5,98.8909918492955,0.38636363636363635,32.95454545454545,0.0,0.0,32.95454545454545,-60.28286435132053,v9b_blend_05,2026-06-22,Monday,601
20260622,2255,スマスロ北斗の拳,5,1,0,0,2026-06-22,22,0,0622,True,False,False,2F,2247-2263,2247,2263,9,9,17,large,L,9,9,N,2F_L_N,,9,22,0,2.435064935064935,100.0,-856.25,-462.5,0.0,50.0,372.72727272727275,103.34532189598985,0.42045454545454547,31.818181818181817,0.0,0.0,31.818181818181817,-62.30686635226899,v9b_blend_05,2026-06-22,Monday,602
20260622,2289,かぐや様は告らせたい,9,0,8381,-2100,2026-06-22,22,0,0622,True,False,False,2F,2281-2297,2281,2297,9,9,17,large,L,9,9,N,2F_L_N,91.64777472855268,9,22,0,2.435064935064935,100.0,-856.25,-462.5,0.0,50.0,-79.54545454545455,98.17893857709693,0.36363636363636365,28.40909090909091,0.0,0.0,28.40909090909091,-62.647775443178084,v9b_blend_05,2026-06-22,Monday,603
20260622,2204,スマスロ炎炎ノ消防隊2,4,0,5038,1700,2026-06-22,22,0,0622,True,False,False,2F,2196-2212,2196,2212,9,9,17,large,L,9,9,N,2F_L_N,111.24784967579728,9,22,0,2.435064935064935,100.0,-856.25,-462.5,0.0,0.0,220.45454545454547,103.23245285992654,0.4659090909090909,43.18181818181818,0.0,0.0,43.18181818181818,-67.09595365486304,v9b_blend_05,2026-06-22,Monday,604
20260622,2261,スマスロ北斗の拳,1,0,6004,600,2026-06-22,22,0,0622,True,False,False,2F,2247-2263,2247,2263,15,3,17,large,R,15,15,N,2F_R_N,103.33111259160559,15,22,0,-41.792929292929294,0.0,-227.77777777777777,-525.925925925926,0.0,0.0,351.1363636363636,100.63653036349584,0.4318181818181818,37.5,0.0,0.0,37.5,-67.69358020132924,v9b_blend_05,2026-06-22,Monday,605
20260622,2227,東京リベンジャーズ,7,0,3169,-400,2026-06-22,22,0,0622,True,False,False,2F,2213-2229,2213,2229,15,3,17,large,R,15,15,N,2F_R_N,95.79257389292101,15,22,0,-41.792929292929294,0.0,-227.77777777777777,-525.925925925926,0.0,0.0,-205.6818181818182,98.73432049158102,0.3977272727272727,34.090909090909086,0.0,0.0,34.090909090909086,-68.03448929223833,v9b_blend_05,2026-06-22,Monday,606
20260622,2221,モンキーターンV,1,0,524,-500,2026-06-22,22,0,0622,True,False,False,2F,2213-2229,2213,2229,9,9,17,large,L,9,9,N,2F_L_N,68.19338422391857,9,22,0,2.435064935064935,100.0,-856.25,-462.5,0.0,0.0,-479.54545454545456,96.8475357708408,0.3522727272727273,29.545454545454547,0.0,0.0,29.545454545454547,-68.4595900184994,v9b_blend_05,2026-06-22,Monday,607
20260622,2272,北斗の拳 転生の章2,2,0,5910,-1000,2026-06-22,22,0,0622,True,False,False,2F,2264-2280,2264,2280,9,9,17,large,L,9,9,N,2F_L_N,94.35984207557811,9,22,0,2.435064935064935,100.0,-856.25,-462.5,0.0,0.0,45.45454545454545,100.5293950677998,0.36363636363636365,29.545454545454547,0.0,0.0,29.545454545454547,-68.4595900184994,v9b_blend_05,2026-06-22,Monday,608
20260622,2343,少女☆歌劇 レヴュースタァライト ‐The SLOT‐,3,0,6973,1000,2026-06-22,22,0,0622,True,False,False,2F,2330-2351,2330,2351,14,9,22,large,L,9,9,N,2F_L_N,104.78034322864383,9,22,0,2.435064935064935,100.0,-856.25,-462.5,0.0,0.0,27.272727272727273,100.80941456312507,0.3977272727272727,27.27272727272727,0.0,0.0,27.27272727272727,-68.68686274577213,v9b_blend_05,2026-06-22,Monday,609
20260622,2238,モンキーターンV,8,0,0,0,2026-06-22,22,0,0622,True,False,False,2F,2230-2246,2230,2246,9,9,17,large,L,9,9,N,2F_L_N,,9,22,0,2.435064935064935,100.0,-856.25,-462.5,0.0,0.0,-89.77272727272727,94.93375192427843,0.2727272727272727,26.136363636363637,0.0,0.0,26.136363636363637,-68.80049910940849,v9b_blend_05,2026-06-22,Monday,610
20260622,2232,新鬼武者3,2,0,1818,-1100,2026-06-22,22,0,0622,True,False,False,2F,2230-2246,2230,2246,3,15,17,large,R,3,15,N,2F_R_N,79.83131646497984,15,22,0,-41.792929292929294,0.0,-227.77777777777777,-525.925925925926,0.0,0.0,37.5,97.62773013947307,0.3409090909090909,26.136363636363637,0.0,0.0,26.136363636363637,-68.82994383769288,v9b_blend_05,2026-06-22,Monday,611
20260622,2198,スマスロ炎炎ノ消防隊2,8,0,8149,-1800,2026-06-22,22,0,0622,True,False,False,2F,2196-2212,2196,2212,3,15,17,large,R,3,15,N,2F_R_N,92.63713339060007,15,22,0,-41.792929292929294,0.0,-227.77777777777777,-525.925925925926,0.0,0.0,-763.6363636363636,95.5116068310645,0.3409090909090909,26.136363636363637,0.0,0.0,26.136363636363637,-68.82994383769288,v9b_blend_05,2026-06-22,Monday,612
20260622,2337,七つの魔剣が支配する,7,0,424,-300,2026-06-22,22,0,0622,True,False,False,2F,2330-2351,2330,2351,8,15,22,large,R,15,15,N,2F_R_N,76.41509433962264,15,22,0,-41.792929292929294,0.0,-227.77777777777777,-525.925925925926,0.0,0.0,168.1818181818182,98.54048394136912,0.3409090909090909,25.0,0.0,0.0,25.0,-68.94358020132924,v9b_blend_05,2026-06-22,Monday,613
20260622,2328,ゾンビランドサガ,8,0,2582,-1000,2026-06-22,22,0,0622,True,False,False,2F,2314-2329,2314,2329,15,2,16,large,R,15,15,N,2F_R_N,87.09011102504518,15,22,0,-41.792929292929294,0.0,-227.77777777777777,-525.925925925926,0.0,0.0,-47.72727272727273,94.9270010155747,0.3068181818181818,25.0,0.0,0.0,25.0,-68.94358020132924,v9b_blend_05,2026-06-22,Monday,614
20260622,3217,東京喰種,7,0,3553,0,2026-06-22,22,0,0622,True,False,False,3F,3209-3217,3209,3217,9,1,9,small,R,9,9,N,3F_R_N,100.0,9,22,0,-97.72727272727273,0.0,-340.90909090909093,174.8091603053435,0.0,0.0,-97.72727272727273,101.84153593650342,0.32954545454545453,28.40909090909091,0.0,0.0,28.40909090909091,-70.10530881332409,v9b_blend_05,2026-06-22,Monday,615
20260622,3205,この素晴らしい世界に祝福を！,5,0,3108,1200,2026-06-22,22,0,0622,True,False,False,3F,3191-3208,3191,3208,15,4,18,large,L,4,15,N,3F_L_N,112.87001287001286,15,22,0,311.3636363636364,0.0,-1000.0,-91.66666666666667,198.4090909090909,50.0,311.3636363636364,97.86189283946283,0.4318181818181818,34.090909090909086,0.0,0.0,34.090909090909086,-71.03579545454545,v9b_blend_05,2026-06-22,Monday,616
20260622,3255,真打 吉宗,5,1,4744,500,2026-06-22,22,0,0622,True,False,False,3F,3250-3264,3250,3264,6,10,15,large,R,6,10,N,3F_R_N,103.513209668353,10,22,0,-120.29220779220779,150.0,-410.0,118.4873949579832,0.0,50.0,-397.72727272727275,93.69604989312569,0.3068181818181818,27.27272727272727,0.0,0.0,27.27272727272727,-75.88212375859435,v9b_blend_05,2026-06-22,Monday,617
20260622,3106,からくりサーカス,6,0,4065,-5300,2026-06-22,22,0,0622,True,False,False,3F,3103-3116,3103,3116,4,11,14,medium,R,4,11,N,3F_R_N,56.53956539565396,11,22,0,-273.30677290836655,0.0,235.0,-193.27731092436974,0.0,50.0,2.272727272727273,103.99188560115475,0.32954545454545453,29.545454545454547,0.0,0.0,29.545454545454547,-76.97832976725643,v9b_blend_05,2026-06-22,Monday,618
20260622,3243,東京喰種,3,0,3563,5100,2026-06-22,22,0,0622,True,False,False,3F,3234-3249,3234,3249,10,7,16,large,R,10,10,N,3F_R_N,147.71260174010666,10,22,0,-120.29220779220779,150.0,-410.0,118.4873949579832,0.0,0.0,67.04545454545455,103.13885688283663,0.4090909090909091,36.36363636363637,0.0,0.0,36.36363636363637,-77.22303284950344,v9b_blend_05,2026-06-22,Monday,619
20260622,3048,ビッグドリーム THE GOLDEN PUSHER,8,0,2453,2400,2026-06-22,22,0,0622,True,False,False,3F,3043-3057,3043,3057,6,10,15,large,R,6,10,N,3F_R_N,132.61312678353036,10,22,0,-120.29220779220779,150.0,-410.0,118.4873949579832,0.0,0.0,598.8636363636364,98.99447430293476,0.45454545454545453,36.36363636363637,0.0,0.0,36.36363636363637,-77.22303284950344,v9b_blend_05,2026-06-22,Monday,620
20260622,3020,沖ドキ!DUO アンコール,0,0,1657,-1400,2026-06-22,22,0,0622,True,False,False,3F,3017-3030,3017,3030,4,11,14,medium,R,4,11,N,3F_R_N,71.83665258499296,11,22,0,-273.30677290836655,0.0,235.0,-193.27731092436974,0.0,50.0,-484.09090909090907,98.93223104090633,0.375,26.136363636363637,0.0,0.0,26.136363636363637,-77.31923885816552,v9b_blend_05,2026-06-22,Monday,621
20260622,3097,革命機ヴァルヴレイヴ2,7,0,1061,-900,2026-06-22,22,0,0622,True,False,False,3F,3088-3102,3088,3102,10,6,15,large,R,10,10,N,3F_R_N,71.72478793590952,10,22,0,-120.29220779220779,150.0,-410.0,118.4873949579832,0.0,0.0,187.5,98.45527366000479,0.36363636363636365,32.95454545454545,0.0,0.0,32.95454545454545,-77.56394194041253,v9b_blend_05,2026-06-22,Monday,622
20260622,3078,ミリオンゴッド‐神々の軌跡‐,8,0,1264,-1100,2026-06-22,22,0,0622,True,False,False,3F,3073-3087,3073,3087,6,10,15,large,R,6,10,N,3F_R_N,70.9915611814346,10,22,0,-120.29220779220779,150.0,-410.0,118.4873949579832,0.0,0.0,17.045454545454547,99.70957489177216,0.36363636363636365,30.681818181818183,0.0,0.0,30.681818181818183,-77.79121466768527,v9b_blend_05,2026-06-22,Monday,623
20260622,3224,東京喰種,4,0,1408,-500,2026-06-22,22,0,0622,True,False,False,3F,3218-3233,3218,3233,7,10,16,large,R,7,10,N,3F_R_N,88.16287878787878,10,22,0,-120.29220779220779,150.0,-410.0,118.4873949579832,0.0,0.0,-567.0454545454545,93.94617572849033,0.32954545454545453,29.545454545454547,0.0,0.0,29.545454545454547,-77.90485103132163,v9b_blend_05,2026-06-22,Monday,624
20260622,3067,ミリオンゴッド‐神々の軌跡‐,7,0,1430,-1100,2026-06-22,22,0,0622,True,False,False,3F,3058-3072,3058,3072,10,6,15,large,R,10,10,N,3F_R_N,74.35897435897436,10,22,0,-120.29220779220779,150.0,-410.0,118.4873949579832,0.0,0.0,-747.7272727272727,95.61696523115432,0.29545454545454547,26.136363636363637,0.0,0.0,26.136363636363637,-78.24576012223072,v9b_blend_05,2026-06-22,Monday,625
20260622,3041,ソードアート・オンラインII,1,0,9471,-9000,2026-06-22,22,0,0622,True,False,False,3F,3031-3042,3031,3042,11,2,12,medium,R,11,11,N,3F_R_N,68.32435856826102,11,22,0,-273.30677290836655,0.0,235.0,-193.27731092436974,0.0,0.0,-298.8636363636364,99.61395197412607,0.3522727272727273,31.818181818181817,0.0,0.0,31.818181818181817,-79.00105703998369,v9b_blend_05,2026-06-22,Monday,626
20260622,3190,ゴーゴージャグラー3,0,0,6415,-100,2026-06-22,22,0,0622,True,False,False,3F,3181-3190,3181,3190,10,1,10,small,L,10,1,A,3F_L_A,99.48038451545857,1,22,0,-197.72727272727272,0.0,-280.7692307692308,95.51282051282051,0.0,50.0,-197.72727272727272,97.11561017435328,0.36363636363636365,13.636363636363635,100.0,0.0,13.636363636363635,-84.23833129990588,v9b_blend_05,2026-06-22,Monday,627
20260622,3105,からくりサーカス,5,0,1199,700,2026-06-22,22,0,0622,True,False,False,3F,3103-3116,3103,3116,3,12,14,medium,R,3,12,N,3F_R_N,119.46066166249652,12,22,0,43.02788844621514,0.0,-585.0,-140.3361344537815,0.0,50.0,818.1818181818181,104.93348401442823,0.38636363636363635,35.22727272727273,0.0,0.0,35.22727272727273,-102.98261103789578,v9b_blend_05,2026-06-22,Monday,628
20260622,3019,沖ドキ!DUO アンコール,9,0,852,-700,2026-06-22,22,0,0622,True,False,False,3F,3017-3030,3017,3030,3,12,14,medium,R,3,12,N,3F_R_N,72.6134585289515,12,22,0,43.02788844621514,0.0,-585.0,-140.3361344537815,0.0,50.0,189.77272727272728,110.53203882108534,0.38636363636363635,31.818181818181817,0.0,0.0,31.818181818181817,-103.32352012880486,v9b_blend_05,2026-06-22,Monday,629
20260622,3035,ソードアート・オンラインII,5,0,7204,-2000,2026-06-22,22,0,0622,True,False,False,3F,3031-3042,3031,3042,5,8,12,medium,L,5,5,N,3F_L_N,90.74588191745326,5,22,0,188.63636363636363,150.0,-895.4545454545455,-373.4848484848485,198.4090909090909,50.0,355.6818181818182,99.51782923029846,0.3522727272727273,35.22727272727273,0.0,0.0,35.22727272727273,-103.75170454545457,v9b_blend_05,2026-06-22,Monday,630
20260622,3042,ソードアート・オンラインII,2,0,7926,2500,2026-06-22,22,0,0622,True,False,False,3F,3031-3042,3031,3042,12,1,12,medium,R,12,12,N,3F_R_N,110.51392043065019,12,22,0,43.02788844621514,0.0,-585.0,-140.3361344537815,0.0,0.0,-929.5454545454545,95.77920146808815,0.3181818181818182,26.136363636363637,0.0,0.0,26.136363636363637,-106.14170194698669,v9b_blend_05,2026-06-22,Monday,631
20260622,3245,東京喰種,5,0,1991,-2100,2026-06-22,22,0,0622,True,False,False,3F,3234-3249,3234,3249,12,5,16,large,R,12,12,N,3F_R_N,64.84178804620794,12,22,0,-25.649350649350648,150.0,-585.0,-140.3361344537815,0.0,50.0,411.3636363636364,105.21897149410393,0.4090909090909091,38.63636363636363,0.0,0.0,38.63636363636363,-107.11550802139038,v9b_blend_05,2026-06-22,Monday,632
20260622,3099,革命機ヴァルヴレイヴ2,9,1,1150,-1300,2026-06-22,22,0,0622,True,False,False,3F,3088-3102,3088,3102,12,4,15,large,R,12,12,N,3F_R_N,62.31884057971014,12,22,0,-25.649350649350648,150.0,-585.0,-140.3361344537815,0.0,50.0,-80.68181818181819,96.5142047132818,0.36363636363636365,28.40909090909091,0.0,0.0,28.40909090909091,-108.13823529411765,v9b_blend_05,2026-06-22,Monday,633
20260622,3046,ビッグドリーム THE GOLDEN PUSHER,6,0,2035,-2500,2026-06-22,22,0,0622,True,False,False,3F,3043-3057,3043,3057,4,12,15,large,R,4,12,N,3F_R_N,59.04995904995906,12,22,0,-25.649350649350648,150.0,-585.0,-140.3361344537815,0.0,50.0,344.3181818181818,100.16926224638192,0.3522727272727273,28.40909090909091,0.0,0.0,28.40909090909091,-108.13823529411765,v9b_blend_05,2026-06-22,Monday,634
20260622,3069,ミリオンゴッド‐神々の軌跡‐,9,0,1105,-500,2026-06-22,22,0,0622,True,False,False,3F,3058-3072,3058,3072,12,4,15,large,R,12,12,N,3F_R_N,84.91704374057315,12,22,0,-25.649350649350648,150.0,-585.0,-140.3361344537815,0.0,50.0,-343.1818181818182,97.15578950147675,0.29545454545454547,26.136363636363637,0.0,0.0,26.136363636363637,-108.36550802139038,v9b_blend_05,2026-06-22,Monday,635
20260622,3076,ミリオンゴッド‐神々の軌跡‐,6,0,1344,300,2026-06-22,22,0,0622,True,False,False,3F,3073-3087,3073,3087,4,12,15,large,R,4,12,N,3F_R_N,107.44047619047619,12,22,0,-25.649350649350648,150.0,-585.0,-140.3361344537815,0.0,50.0,-628.4090909090909,95.78443999731363,0.3068181818181818,21.59090909090909,0.0,0.0,21.59090909090909,-108.82005347593584,v9b_blend_05,2026-06-22,Monday,636
20260622,3253,真打 吉宗,3,0,3973,-4100,2026-06-22,22,0,0622,True,False,False,3F,3250-3264,3250,3264,4,12,15,large,R,4,12,N,3F_R_N,65.60114103532175,12,22,0,-25.649350649350648,150.0,-585.0,-140.3361344537815,0.0,0.0,164.77272727272728,104.08973461946808,0.4090909090909091,35.22727272727273,0.0,0.0,35.22727272727273,-109.70641711229948,v9b_blend_05,2026-06-22,Monday,637
20260622,3222,東京喰種,2,1,5890,6100,2026-06-22,22,0,0622,True,False,False,3F,3218-3233,3218,3233,5,12,16,large,R,5,12,N,3F_R_N,134.5217883418223,12,22,0,-25.649350649350648,150.0,-585.0,-140.3361344537815,0.0,0.0,-47.72727272727273,98.72092424289143,0.3181818181818182,28.40909090909091,0.0,0.0,28.40909090909091,-110.38823529411765,v9b_blend_05,2026-06-22,Monday,638
20260622,2332,プリズムナナ,2,0,882,-800,2026-06-22,22,0,0622,True,False,False,2F,2330-2351,2330,2351,3,20,22,large,R,20,20,N,2F_R_N,69.76568405139834,20,22,0,-325.0,0.0,0.0,-933.3333333333334,0.0,0.0,-325.0,97.35929450248624,0.38636363636363635,30.681818181818183,0.0,0.0,30.681818181818183,-118.43181818181819,v9b_blend_05,2026-06-22,Monday,639
20260622,3026,スマスロ ハナビ,6,0,188,-200,2026-06-22,22,0,0622,True,False,False,3F,3017-3030,3017,3030,10,5,14,medium,L,10,5,N,3F_L_N,64.53900709219859,5,22,0,188.63636363636363,150.0,-895.4545454545455,-373.4848484848485,20.2020202020202,50.0,332.95454545454544,102.58170166941407,0.4090909090909091,25.0,0.0,0.0,25.0,-122.14962121212122,v9b_blend_05,2026-06-22,Monday,640
20260622,2335,バジリスク～甲賀忍法帖～絆2 天膳 BLACK EDITION,5,0,676,-800,2026-06-22,22,0,0622,True,False,False,2F,2330-2351,2330,2351,6,17,22,large,R,17,17,N,2F_R_N,60.552268244575934,17,22,0,19.48051948051948,0.0,-1207.142857142857,92.85714285714286,0.0,50.0,693.1818181818181,105.91941943811757,0.42045454545454547,38.63636363636363,0.0,0.0,38.63636363636363,-122.28692748038628,v9b_blend_05,2026-06-22,Monday,641
20260622,2230,新鬼武者3,0,0,1232,700,2026-06-22,22,0,0622,True,False,False,2F,2230-2246,2230,2246,1,17,17,large,R,1,17,N,2F_R_N,118.93939393939394,17,22,0,19.48051948051948,0.0,-1207.142857142857,92.85714285714286,0.0,50.0,276.1363636363636,102.77865789735016,0.3977272727272727,35.22727272727273,0.0,0.0,35.22727272727273,-122.62783657129536,v9b_blend_05,2026-06-22,Monday,642
20260622,2196,スマスロ炎炎ノ消防隊2,6,0,3007,-100,2026-06-22,22,0,0622,True,False,False,2F,2196-2212,2196,2212,1,17,17,large,R,1,17,N,2F_R_N,98.89147544618113,17,22,0,19.48051948051948,0.0,-1207.142857142857,92.85714285714286,0.0,50.0,-480.6818181818182,98.2936709393939,0.38636363636363635,27.27272727272727,0.0,0.0,27.27272727272727,-123.42329111674992,v9b_blend_05,2026-06-22,Monday,643
20260622,2229,東京リベンジャーズ,9,0,3910,-2300,2026-06-22,22,0,0622,True,False,False,2F,2213-2229,2213,2229,17,1,17,large,R,17,17,N,2F_R_N,80.3921568627451,17,22,0,19.48051948051948,0.0,-1207.142857142857,92.85714285714286,0.0,50.0,-527.2727272727273,97.6706003370377,0.3409090909090909,27.27272727272727,0.0,0.0,27.27272727272727,-123.42329111674992,v9b_blend_05,2026-06-22,Monday,644
20260622,3227,東京喰種,7,0,1738,-1900,2026-06-22,22,0,0622,True,False,False,3F,3218-3233,3218,3233,10,7,16,large,L,10,7,N,3F_L_N,63.5596471039509,7,22,0,-209.375,0.0,-515.0,-71.42857142857143,195.45454545454547,0.0,489.77272727272725,104.1674596615188,0.4318181818181818,37.5,0.0,0.0,37.5,-125.73737824675324,v9b_blend_05,2026-06-22,Monday,645
20260622,3197,新ハナビ,7,0,4686,-400,2026-06-22,22,0,0622,True,False,False,3F,3191-3208,3191,3208,7,12,18,large,L,12,7,N,3F_L_N,97.15464504196899,7,22,0,-209.375,0.0,-515.0,-71.42857142857143,195.45454545454547,0.0,240.9090909090909,98.51651217546477,0.45454545454545453,27.27272727272727,0.0,0.0,27.27272727272727,-126.7601055194805,v9b_blend_05,2026-06-22,Monday,646
20260622,3112,革命機ヴァルヴレイヴ2,2,0,5142,-2200,2026-06-22,22,0,0622,True,False,False,3F,3103-3116,3103,3116,10,5,14,medium,L,10,5,N,3F_L_N,85.7383638013743,5,22,0,188.63636363636363,150.0,-895.4545454545455,-373.4848484848485,-10.113636363636363,0.0,-122.72727272727273,95.86235529529243,0.26136363636363635,23.863636363636363,0.0,0.0,23.863636363636363,-130.0940340909091,v9b_blend_05,2026-06-22,Monday,647
20260622,3344,ネオアイムジャグラーEX,4,1,7125,1200,2026-06-22,22,0,0622,True,False,False,3F,3341-3362,3341,3362,4,19,22,large,R,19,19,A,3F_R_A,105.61403508771929,19,22,0,130.6818181818182,0.0,-1450.0,-383.3333333333333,0.0,0.0,130.6818181818182,96.23752992333549,0.3977272727272727,25.0,100.0,0.0,25.0,-130.35227272727272,v9b_blend_05,2026-06-22,Monday,648
20260622,2010,ゴッドイーター リザレクション,0,0,904,-1000,2026-06-22,22,0,0622,True,False,False,2F,2001-2010,2001,2010,10,1,10,small,L,10,10,N,2F_L_N,63.12684365781711,10,22,0,-286.3636363636364,0.0,-325.0,-645.8333333333334,0.0,50.0,-286.3636363636364,92.3678008811774,0.2727272727272727,21.59090909090909,0.0,0.0,21.59090909090909,-133.09434802184896,v9b_blend_05,2026-06-22,Monday,649
20260622,2263,スマスロ北斗の拳,3,0,3287,-1500,2026-06-22,22,0,0622,True,False,False,2F,2247-2263,2247,2263,17,1,17,large,R,17,17,N,2F_R_N,84.7885609978704,17,22,0,19.48051948051948,0.0,-1207.142857142857,92.85714285714286,0.0,0.0,380.6818181818182,105.30104602333284,0.4659090909090909,32.95454545454545,0.0,0.0,32.95454545454545,-137.55081259057323,v9b_blend_05,2026-06-22,Monday,650
20260622,2297,かぐや様は告らせたい,7,0,5252,-4700,2026-06-22,22,0,0622,True,False,False,2F,2281-2297,2281,2297,17,1,17,large,R,17,17,N,2F_R_N,70.17009393247017,17,22,0,19.48051948051948,0.0,-1207.142857142857,92.85714285714286,0.0,0.0,204.54545454545453,98.64313814892007,0.3181818181818182,25.0,0.0,0.0,25.0,-138.34626713602776,v9b_blend_05,2026-06-22,Monday,651
20260622,2264,北斗の拳 転生の章2,4,0,437,-400,2026-06-22,22,0,0622,True,False,False,2F,2264-2280,2264,2280,1,17,17,large,R,1,17,N,2F_R_N,69.48893974065598,17,22,0,19.48051948051948,0.0,-1207.142857142857,92.85714285714286,0.0,0.0,-410.22727272727275,96.01862514517002,0.2727272727272727,22.727272727272727,0.0,0.0,22.727272727272727,-138.57353986330048,v9b_blend_05,2026-06-22,Monday,652
20260622,3240,東京喰種,0,0,3872,5300,2026-06-22,22,0,0622,True,False,False,3F,3234-3249,3234,3249,7,10,16,large,L,7,7,N,3F_L_N,145.62672176308538,7,22,0,-209.375,0.0,-515.0,-71.42857142857143,6.25,50.0,-38.63636363636363,102.40181927286676,0.38636363636363635,30.681818181818183,0.0,0.0,30.681818181818183,-139.99163961038963,v9b_blend_05,2026-06-22,Monday,653
20260622,3204,この素晴らしい世界に祝福を！,4,0,0,0,2026-06-22,22,0,0622,True,False,False,3F,3191-3208,3191,3208,14,5,18,large,L,5,14,N,3F_L_N,,14,22,0,65.9090909090909,50.0,-950.0,91.66666666666667,-262.6178010471204,0.0,65.9090909090909,97.4757990936705,0.3409090909090909,29.545454545454547,0.0,0.0,29.545454545454547,-142.4063719657306,v9b_blend_05,2026-06-22,Monday,654
20260622,3081,ミリオンゴッド‐神々の軌跡‐,1,0,2852,-500,2026-06-22,22,0,0622,True,False,False,3F,3073-3087,3073,3087,9,7,15,large,L,9,7,N,3F_L_N,94.15614773258531,7,22,0,-209.375,0.0,-515.0,-71.42857142857143,8.333333333333334,0.0,-544.3181818181819,93.9386537157025,0.29545454545454547,25.0,0.0,0.0,25.0,-145.23169642857144,v9b_blend_05,2026-06-22,Monday,655
20260622,3051,シャーマンキング,1,0,5031,-400,2026-06-22,22,0,0622,True,False,False,3F,3043-3057,3043,3057,9,7,15,large,L,9,7,N,3F_L_N,97.34976479162526,7,22,0,-209.375,0.0,-515.0,-71.42857142857143,8.333333333333334,0.0,-89.77272727272727,94.45493415885322,0.3409090909090909,21.59090909090909,0.0,0.0,21.59090909090909,-145.57260551948053,v9b_blend_05,2026-06-22,Monday,656
20260622,3258,真打 吉宗,8,0,3821,-2600,2026-06-22,22,0,0622,True,False,False,3F,3250-3264,3250,3264,9,7,15,large,L,9,7,N,3F_L_N,77.31832853528745,7,22,0,-209.375,0.0,-515.0,-71.42857142857143,-75.56818181818181,0.0,-532.9545454545455,96.70503967228014,0.3522727272727273,31.818181818181817,0.0,0.0,31.818181818181817,-152.73027597402597,v9b_blend_05,2026-06-22,Monday,657
20260622,3095,革命機ヴァルヴレイヴ2,5,0,1763,-400,2026-06-22,22,0,0622,True,False,False,3F,3088-3102,3088,3102,8,8,15,large,L,8,8,N,3F_L_N,92.43713367366232,8,22,0,105.25568181818181,50.0,-1100.0,-281.25,198.4090909090909,50.0,515.9090909090909,99.19867932110152,0.3409090909090909,29.545454545454547,0.0,0.0,29.545454545454547,-160.43849431818182,v9b_blend_05,2026-06-22,Monday,658
20260622,3065,ミリオンゴッド‐神々の軌跡‐,5,0,5290,-2000,2026-06-22,22,0,0622,True,False,False,3F,3058-3072,3058,3072,8,8,15,large,L,8,8,N,3F_L_N,87.39760554505355,8,22,0,105.25568181818181,50.0,-1100.0,-281.25,198.4090909090909,50.0,-38.63636363636363,99.6290583503348,0.3068181818181818,27.27272727272727,0.0,0.0,27.27272727272727,-160.66576704545457,v9b_blend_05,2026-06-22,Monday,659
20260622,3257,真打 吉宗,7,0,1867,800,2026-06-22,22,0,0622,True,False,False,3F,3250-3264,3250,3264,8,8,15,large,L,8,8,N,3F_L_N,114.28316372076415,8,22,0,105.25568181818181,50.0,-1100.0,-281.25,195.45454545454547,0.0,50.0,102.83318849931766,0.45454545454545453,39.77272727272727,0.0,0.0,39.77272727272727,-164.57883522727275,v9b_blend_05,2026-06-22,Monday,660
20260622,3064,ミリオンゴッド‐神々の軌跡‐,4,0,1632,-1100,2026-06-22,22,0,0622,True,False,False,3F,3058-3072,3058,3072,7,9,15,large,L,7,7,N,3F_L_N,77.5326797385621,7,22,0,-209.375,0.0,-515.0,-71.42857142857143,-262.6178010471204,0.0,-675.0,93.00636767228754,0.2840909090909091,22.727272727272727,0.0,0.0,22.727272727272727,-171.8767047579384,v9b_blend_05,2026-06-22,Monday,661
20260622,3094,革命機ヴァルヴレイヴ2,4,0,2821,-400,2026-06-22,22,0,0622,True,False,False,3F,3088-3102,3088,3102,7,9,15,large,L,7,7,N,3F_L_N,95.27354366064044,7,22,0,-209.375,0.0,-515.0,-71.42857142857143,-262.6178010471204,0.0,-525.0,92.84262166727962,0.2727272727272727,21.59090909090909,0.0,0.0,21.59090909090909,-171.99034112157477,v9b_blend_05,2026-06-22,Monday,662
20260622,3226,東京喰種,6,0,4551,-2200,2026-06-22,22,0,0622,True,False,False,3F,3218-3233,3218,3233,9,8,16,large,L,9,8,N,3F_L_N,83.88632534973999,8,22,0,105.25568181818181,50.0,-1100.0,-281.25,20.2020202020202,50.0,357.95454545454544,102.0019614397441,0.45454545454545453,37.5,0.0,0.0,37.5,-177.01822916666669,v9b_blend_05,2026-06-22,Monday,663
20260622,3050,シャーマンキング,0,0,4709,5200,2026-06-22,22,0,0622,True,False,False,3F,3043-3057,3043,3057,8,8,15,large,L,8,8,N,3F_L_N,136.80894740567706,8,22,0,105.25568181818181,50.0,-1100.0,-281.25,6.25,50.0,-117.04545454545455,97.90862031363541,0.3068181818181818,23.863636363636363,0.0,0.0,23.863636363636363,-179.7421875,v9b_blend_05,2026-06-22,Monday,664
20260622,3080,ミリオンゴッド‐神々の軌跡‐,0,0,5529,3400,2026-06-22,22,0,0622,True,False,False,3F,3073-3087,3073,3087,8,8,15,large,L,8,8,N,3F_L_N,120.49798034605415,8,22,0,105.25568181818181,50.0,-1100.0,-281.25,6.25,50.0,-767.0454545454545,97.31878519485277,0.29545454545454547,23.863636363636363,0.0,0.0,23.863636363636363,-179.7421875,v9b_blend_05,2026-06-22,Monday,665
20260622,2331,プリズムナナ,1,0,306,300,2026-06-22,22,0,0622,True,False,False,2F,2330-2351,2330,2351,2,21,22,large,R,21,21,N,2F_R_N,132.6797385620915,21,22,0,-268.1818181818182,0.0,-800.0,-508.3333333333333,0.0,0.0,-268.1818181818182,97.84726249339711,0.36363636363636365,25.0,0.0,0.0,25.0,-179.90480829025614,v9b_blend_05,2026-06-22,Monday,666
20260622,3241,東京喰種,1,0,1724,-1500,2026-06-22,22,0,0622,True,False,False,3F,3234-3249,3234,3249,8,9,16,large,L,8,8,N,3F_L_N,70.99767981438515,8,22,0,105.25568181818181,50.0,-1100.0,-281.25,8.333333333333334,0.0,634.0909090909091,107.90620914085788,0.5113636363636364,44.31818181818182,0.0,0.0,44.31818181818182,-182.36860795454544,v9b_blend_05,2026-06-22,Monday,667
20260622,3198,新ハナビ,8,0,3016,-300,2026-06-22,22,0,0622,True,False,False,3F,3191-3208,3191,3208,8,11,18,large,L,11,8,N,3F_L_N,96.684350132626,8,22,0,105.25568181818181,50.0,-1100.0,-281.25,-75.56818181818181,0.0,206.8181818181818,98.91068601680944,0.45454545454545453,25.0,0.0,0.0,25.0,-192.48082386363637,v9b_blend_05,2026-06-22,Monday,668
20260622,3259,真打 吉宗,9,0,3396,2200,2026-06-22,22,0,0622,True,False,False,3F,3250-3264,3250,3264,10,6,15,large,L,10,6,N,3F_L_N,121.5940321947389,6,22,0,-23.011363636363637,0.0,-1431.8181818181818,107.57575757575758,94.64285714285714,50.0,538.6363636363636,104.7942351647454,0.4090909090909091,36.36363636363637,0.0,0.0,36.36363636363637,-209.04931006493507,v9b_blend_05,2026-06-22,Monday,669
20260622,3239,東京喰種,9,0,359,-400,2026-06-22,22,0,0622,True,False,False,3F,3234-3249,3234,3249,6,11,16,large,L,6,6,N,3F_L_N,62.85979572887651,6,22,0,-23.011363636363637,0.0,-1431.8181818181818,107.57575757575758,94.64285714285714,50.0,-179.54545454545453,96.68472091668129,0.3522727272727273,29.545454545454547,0.0,0.0,29.545454545454547,-209.73112824675323,v9b_blend_05,2026-06-22,Monday,670
20260622,3037,ソードアート・オンラインII,7,0,9039,-5800,2026-06-22,22,0,0622,True,False,False,3F,3031-3042,3031,3042,7,6,12,medium,R,7,7,N,3F_R_N,78.61120330420032,7,22,0,-200.0,150.0,-450.0,-595.8333333333334,0.0,0.0,-200.0,99.0553620633792,0.38636363636363635,32.95454545454545,0.0,0.0,32.95454545454545,-209.89204545454547,v9b_blend_05,2026-06-22,Monday,671
20260622,3195,新ハナビ,5,0,2091,-600,2026-06-22,22,0,0622,True,False,False,3F,3191-3208,3191,3208,5,14,18,large,L,14,5,N,3F_L_N,90.43519846963176,5,22,0,-151.5625,0.0,-895.4545454545455,-373.4848484848485,198.4090909090909,50.0,200.0,98.85188490139241,0.4772727272727273,32.95454545454545,0.0,0.0,32.95454545454545,-212.1046875,v9b_blend_05,2026-06-22,Monday,672
20260622,3196,新ハナビ,6,0,0,0,2026-06-22,22,0,0622,True,False,False,3F,3191-3208,3191,3208,6,13,18,large,L,13,6,N,3F_L_N,,6,22,0,-23.011363636363637,0.0,-1431.8181818181818,107.57575757575758,20.2020202020202,50.0,-27.272727272727273,97.12743864858562,0.2840909090909091,15.909090909090908,0.0,0.0,15.909090909090908,-218.35274621212122,v9b_blend_05,2026-06-22,Monday,673
20260622,3229,東京喰種,9,0,3870,200,2026-06-22,22,0,0622,True,False,False,3F,3218-3233,3218,3233,12,5,16,large,L,12,5,N,3F_L_N,101.72265288544358,5,22,0,-151.5625,0.0,-895.4545454545455,-373.4848484848485,94.64285714285714,50.0,247.72727272727272,100.78299436253279,0.4659090909090909,40.909090909090914,0.0,0.0,40.909090909090914,-221.42644074675326,v9b_blend_05,2026-06-22,Monday,674
20260622,3052,シャーマンキング,2,0,5222,-1900,2026-06-22,22,0,0622,True,False,False,3F,3043-3057,3043,3057,10,6,15,large,L,10,6,N,3F_L_N,87.87182433295034,6,22,0,-23.011363636363637,0.0,-1431.8181818181818,107.57575757575758,-10.113636363636363,0.0,372.72727272727275,99.94824558864138,0.375,34.090909090909086,0.0,0.0,34.090909090909086,-224.3653409090909,v9b_blend_05,2026-06-22,Monday,675
20260622,3082,ミリオンゴッド‐神々の軌跡‐,2,0,2537,2000,2026-06-22,22,0,0622,True,False,False,3F,3073-3087,3073,3087,10,6,15,large,L,10,6,N,3F_L_N,126.27775587964787,6,22,0,-23.011363636363637,0.0,-1431.8181818181818,107.57575757575758,-10.113636363636363,0.0,-548.8636363636364,93.47810651687861,0.26136363636363635,21.59090909090909,0.0,0.0,21.59090909090909,-225.6153409090909,v9b_blend_05,2026-06-22,Monday,676
20260622,3093,革命機ヴァルヴレイヴ2,3,0,1336,-300,2026-06-22,22,0,0622,True,False,False,3F,3088-3102,3088,3102,6,10,15,large,L,6,6,N,3F_L_N,92.51497005988024,6,22,0,-23.011363636363637,0.0,-1431.8181818181818,107.57575757575758,-72.38636363636364,0.0,62.5,101.39510316387833,0.3409090909090909,28.40909090909091,0.0,0.0,28.40909090909091,-231.0051136363636,v9b_blend_05,2026-06-22,Monday,677
20260622,3063,ミリオンゴッド‐神々の軌跡‐,3,0,4247,-4100,2026-06-22,22,0,0622,True,False,False,3F,3058-3072,3058,3072,6,10,15,large,L,6,6,N,3F_L_N,67.82042225884939,6,22,0,-23.011363636363637,0.0,-1431.8181818181818,107.57575757575758,-72.38636363636364,0.0,-192.04545454545453,98.05895733486153,0.3181818181818182,28.40909090909091,0.0,0.0,28.40909090909091,-231.0051136363636,v9b_blend_05,2026-06-22,Monday,678
20260622,3260,真打 吉宗,0,0,3919,-3800,2026-06-22,22,0,0622,True,False,False,3F,3250-3264,3250,3264,11,5,15,large,L,11,5,N,3F_L_N,67.67882963340989,5,22,0,-151.5625,0.0,-895.4545454545455,-373.4848484848485,6.25,50.0,47.72727272727273,98.20268984852387,0.375,30.681818181818183,0.0,0.0,30.681818181818183,-231.06747159090912,v9b_blend_05,2026-06-22,Monday,679
20260622,3228,東京喰種,8,0,2028,-2200,2026-06-22,22,0,0622,True,False,False,3F,3218-3233,3218,3233,11,6,16,large,L,11,6,N,3F_L_N,63.83957922419461,6,22,0,-23.011363636363637,0.0,-1431.8181818181818,107.57575757575758,-75.56818181818181,0.0,-210.22727272727272,98.14368759623767,0.36363636363636365,30.681818181818183,0.0,0.0,30.681818181818183,-231.0880681818182,v9b_blend_05,2026-06-22,Monday,680
20260622,2333,ドッチ,3,1,3229,2700,2026-06-22,22,0,0622,True,False,False,2F,2330-2351,2330,2351,4,19,22,large,R,19,19,N,2F_R_N,127.87240631774543,19,22,0,-19.318181818181817,0.0,-1450.0,-800.0,0.0,0.0,-19.318181818181817,99.80917167858314,0.375,31.818181818181817,0.0,0.0,31.818181818181817,-235.21844513972565,v9b_blend_05,2026-06-22,Monday,681
20260622,3092,革命機ヴァルヴレイヴ2,2,0,4948,-1500,2026-06-22,22,0,0622,True,False,False,3F,3088-3102,3088,3102,5,11,15,large,L,5,5,N,3F_L_N,89.8949070331447,5,22,0,-151.5625,0.0,-895.4545454545455,-373.4848484848485,-10.113636363636363,0.0,147.72727272727272,98.251712575077,0.38636363636363635,26.136363636363637,0.0,0.0,26.136363636363637,-237.9924715909091,v9b_blend_05,2026-06-22,Monday,682
20260622,3062,ミリオンゴッド‐神々の軌跡‐,2,0,2742,-2600,2026-06-22,22,0,0622,True,False,False,3F,3058-3072,3058,3072,5,11,15,large,L,5,5,N,3F_L_N,68.39290055920253,5,22,0,-151.5625,0.0,-895.4545454545455,-373.4848484848485,-10.113636363636363,0.0,-719.3181818181819,94.9008260014392,0.2840909090909091,23.863636363636363,0.0,0.0,23.863636363636363,-238.21974431818185,v9b_blend_05,2026-06-22,Monday,683
20260622,3053,シャーマンキング,3,0,5158,2000,2026-06-22,22,0,0622,True,False,False,3F,3043-3057,3043,3057,11,5,15,large,L,11,5,N,3F_L_N,112.92490629442938,5,22,0,-151.5625,0.0,-895.4545454545455,-373.4848484848485,-72.38636363636364,0.0,17.045454545454547,98.39913494135415,0.3977272727272727,29.545454545454547,0.0,0.0,29.545454545454547,-243.7231534090909,v9b_blend_05,2026-06-22,Monday,684
20260622,3083,ミリオンゴッド‐神々の軌跡‐,3,0,4588,1000,2026-06-22,22,0,0622,True,False,False,3F,3073-3087,3073,3087,11,5,15,large,L,11,5,N,3F_L_N,107.265329845975,5,22,0,-151.5625,0.0,-895.4545454545455,-373.4848484848485,-72.38636363636364,0.0,-556.8181818181819,93.31635327637268,0.29545454545454547,27.27272727272727,0.0,0.0,27.27272727272727,-243.95042613636366,v9b_blend_05,2026-06-22,Monday,685
20260622,3238,東京喰種,8,0,4729,200,2026-06-22,22,0,0622,True,False,False,3F,3234-3249,3234,3249,5,12,16,large,L,5,5,N,3F_L_N,101.40974131246917,5,22,0,-151.5625,0.0,-895.4545454545455,-373.4848484848485,-75.56818181818181,0.0,-596.5909090909091,92.85004306784138,0.29545454545454547,26.136363636363637,0.0,0.0,26.136363636363637,-244.37428977272725,v9b_blend_05,2026-06-22,Monday,686
20260622,3025,沖ドキ!DUO アンコール,5,0,462,100,2026-06-22,22,0,0622,True,False,False,3F,3017-3030,3017,3030,9,6,14,medium,L,9,6,N,3F_L_N,107.2150072150072,6,22,0,-332.95454545454544,200.0,-1431.8181818181818,107.57575757575758,198.4090909090909,50.0,-137.5,102.85298034645925,0.36363636363636365,32.95454545454545,0.0,0.0,32.95454545454545,-249.80852272727276,v9b_blend_05,2026-06-22,Monday,687
20260622,3246,東京喰種,6,0,5664,300,2026-06-22,22,0,0622,True,False,False,3F,3234-3249,3234,3249,13,4,16,large,R,13,13,N,3F_R_N,101.76553672316385,13,22,0,-483.1168831168831,100.0,266.6666666666667,-1080.3738317757009,0.0,50.0,-48.86363636363637,101.36997737187612,0.38636363636363635,34.090909090909086,0.0,0.0,34.090909090909086,-252.61345430270663,v9b_blend_05,2026-06-22,Monday,688
20260622,3045,ビッグドリーム THE GOLDEN PUSHER,5,0,2882,4300,2026-06-22,22,0,0622,True,False,False,3F,3043-3057,3043,3057,3,13,15,large,R,3,13,N,3F_R_N,149.73398103169094,13,22,0,-483.1168831168831,100.0,266.6666666666667,-1080.3738317757009,0.0,50.0,-122.72727272727273,97.05280923763651,0.29545454545454547,23.863636363636363,0.0,0.0,23.863636363636363,-253.6361815754339,v9b_blend_05,2026-06-22,Monday,689
20260622,3070,ミリオンゴッド‐神々の軌跡‐,0,0,2692,-1800,2026-06-22,22,0,0622,True,False,False,3F,3058-3072,3058,3072,13,3,15,large,R,13,13,N,3F_R_N,77.71173848439823,13,22,0,-483.1168831168831,100.0,266.6666666666667,-1080.3738317757009,0.0,50.0,-938.6363636363636,94.2110019767094,0.2840909090909091,23.863636363636363,0.0,0.0,23.863636363636363,-253.6361815754339,v9b_blend_05,2026-06-22,Monday,690
20260622,3100,革命機ヴァルヴレイヴ2,0,1,2436,-2300,2026-06-22,22,0,0622,True,False,False,3F,3088-3102,3088,3102,13,3,15,large,R,13,13,N,3F_R_N,68.52764094143404,13,22,0,-483.1168831168831,100.0,266.6666666666667,-1080.3738317757009,0.0,50.0,-122.72727272727273,94.65457439361172,0.29545454545454547,21.59090909090909,0.0,0.0,21.59090909090909,-253.86345430270663,v9b_blend_05,2026-06-22,Monday,691
20260622,3075,ミリオンゴッド‐神々の軌跡‐,5,0,3731,10200,2026-06-22,22,0,0622,True,False,False,3F,3073-3087,3073,3087,3,13,15,large,R,3,13,N,3F_R_N,191.12838381131064,13,22,0,-483.1168831168831,100.0,266.6666666666667,-1080.3738317757009,0.0,50.0,-1295.4545454545455,91.44901747778198,0.2727272727272727,19.318181818181817,0.0,0.0,19.318181818181817,-254.09072702997935,v9b_blend_05,2026-06-22,Monday,692
20260622,3221,東京喰種,1,0,2083,2900,2026-06-22,22,0,0622,True,False,False,3F,3218-3233,3218,3233,4,13,16,large,R,4,13,N,3F_R_N,146.4074251880301,13,22,0,-483.1168831168831,100.0,266.6666666666667,-1080.3738317757009,0.0,0.0,22.727272727272727,98.29635325800074,0.4090909090909091,31.818181818181817,0.0,0.0,31.818181818181817,-255.09072702997935,v9b_blend_05,2026-06-22,Monday,693
20260622,3252,真打 吉宗,2,0,3052,3300,2026-06-22,22,0,0622,True,False,False,3F,3250-3264,3250,3264,3,13,15,large,R,3,13,N,3F_R_N,136.04193971166447,13,22,0,-483.1168831168831,100.0,266.6666666666667,-1080.3738317757009,0.0,0.0,-876.1363636363636,93.92357546258872,0.3068181818181818,29.545454545454547,0.0,0.0,29.545454545454547,-255.31799975725207,v9b_blend_05,2026-06-22,Monday,694
20260622,3036,ソードアート・オンラインII,6,0,8116,6500,2026-06-22,22,0,0622,True,False,False,3F,3031-3042,3031,3042,6,7,12,medium,L,6,6,N,3F_L_N,126.69623788401512,6,22,0,-332.95454545454544,200.0,-1431.8181818181818,107.57575757575758,20.2020202020202,50.0,-1190.909090909091,92.80745866772335,0.3068181818181818,27.27272727272727,0.0,0.0,27.27272727272727,-267.751893939394,v9b_blend_05,2026-06-22,Monday,695
20260622,3111,革命機ヴァルヴレイヴ2,1,1,2213,-2800,2026-06-22,22,0,0622,True,False,False,3F,3103-3116,3103,3116,9,6,14,medium,L,9,6,N,3F_L_N,57.824973640608526,6,22,0,-332.95454545454544,200.0,-1431.8181818181818,107.57575757575758,8.333333333333334,0.0,329.54545454545456,98.27438568479444,0.36363636363636365,32.95454545454545,0.0,0.0,32.95454545454545,-273.21590909090907,v9b_blend_05,2026-06-22,Monday,696
20260622,3216,東京喰種,6,0,2185,-2500,2026-06-22,22,0,0622,True,False,False,3F,3209-3217,3209,3217,8,2,9,small,R,8,8,N,3F_R_N,61.86117467581999,8,22,0,134.0909090909091,50.0,-1537.5,-480.8510638297872,0.0,50.0,134.0909090909091,102.11263760967937,0.3977272727272727,35.22727272727273,0.0,0.0,35.22727272727273,-280.8694390715668,v9b_blend_05,2026-06-22,Monday,697
20260622,3213,東京喰種,3,0,5472,-5100,2026-06-22,22,0,0622,True,False,False,3F,3209-3217,3209,3217,5,5,9,small,R,5,5,N,3F_R_N,68.93274853801171,5,22,0,423.8636363636364,200.0,-2400.0,-533.3333333333334,0.0,0.0,423.8636363636364,107.88547738420193,0.4318181818181818,37.5,0.0,0.0,37.5,-320.6590909090909,v9b_blend_05,2026-06-22,Monday,698
20260622,3109,からくりサーカス,9,0,83,-100,2026-06-22,22,0,0622,True,False,False,3F,3103-3116,3103,3116,7,8,14,medium,R,7,8,N,3F_R_N,59.83935742971887,8,22,0,3.187250996015936,100.0,-1537.5,-480.8510638297872,0.0,50.0,-406.8181818181818,96.5022443815378,0.2840909090909091,22.727272727272727,0.0,0.0,22.727272727272727,-322.49475598572826,v9b_blend_05,2026-06-22,Monday,699
20260622,3038,ソードアート・オンラインII,8,0,9483,-7600,2026-06-22,22,0,0622,True,False,False,3F,3031-3042,3031,3042,8,5,12,medium,R,8,8,N,3F_R_N,73.28552848957784,8,22,0,3.187250996015936,100.0,-1537.5,-480.8510638297872,0.0,0.0,181.8181818181818,101.24489544154862,0.32954545454545453,27.27272727272727,0.0,0.0,27.27272727272727,-324.29021053118277,v9b_blend_05,2026-06-22,Monday,700
20260622,3023,沖ドキ!DUO アンコール,3,0,521,400,2026-06-22,22,0,0622,True,False,False,3F,3017-3030,3017,3030,7,8,14,medium,R,7,8,N,3F_R_N,125.59181062060141,8,22,0,3.187250996015936,100.0,-1537.5,-480.8510638297872,0.0,0.0,139.77272727272728,104.33916294484929,0.32954545454545453,26.136363636363637,0.0,0.0,26.136363636363637,-324.40384689481914,v9b_blend_05,2026-06-22,Monday,701
20260622,3249,東京喰種,9,0,4433,10000,2026-06-22,22,0,0622,True,False,False,3F,3234-3249,3234,3249,16,1,16,large,R,16,16,N,3F_R_N,175.19362358072036,16,22,0,-742.0454545454545,0.0,500.0,-1195.8333333333333,0.0,50.0,-835.2272727272727,93.84974474716755,0.3181818181818182,28.40909090909091,0.0,0.0,28.40909090909091,-333.4829545454545,v9b_blend_05,2026-06-22,Monday,702
20260622,3218,東京喰種,8,0,2360,-500,2026-06-22,22,0,0622,True,False,False,3F,3218-3233,3218,3233,1,16,16,large,R,1,16,N,3F_R_N,92.93785310734464,16,22,0,-742.0454545454545,0.0,500.0,-1195.8333333333333,0.0,0.0,-648.8636363636364,98.15191335398967,0.32954545454545453,26.136363636363637,0.0,0.0,26.136363636363637,-335.9602272727272,v9b_blend_05,2026-06-22,Monday,703
20260622,3219,東京喰種,9,0,2745,2000,2026-06-22,22,0,0622,True,False,False,3F,3218-3233,3218,3233,2,15,16,large,R,2,15,N,3F_R_N,124.28658166363084,15,22,0,-234.9025974025974,0.0,-1857.142857142857,266.6666666666667,0.0,50.0,106.81818181818181,101.22434198165978,0.3522727272727273,30.681818181818183,0.0,0.0,30.681818181818183,-377.5324675324676,v9b_blend_05,2026-06-22,Monday,704
20260622,3250,真打 吉宗,0,0,4502,1700,2026-06-22,22,0,0622,True,False,False,3F,3250-3264,3250,3264,1,15,15,large,R,1,15,N,3F_R_N,112.58699837109434,15,22,0,-234.9025974025974,0.0,-1857.142857142857,266.6666666666667,0.0,50.0,-713.6363636363636,94.1580824486516,0.36363636363636365,29.545454545454547,0.0,0.0,29.545454545454547,-377.64610389610397,v9b_blend_05,2026-06-22,Monday,705
20260622,3248,東京喰種,8,0,2855,1400,2026-06-22,22,0,0622,True,False,False,3F,3234-3249,3234,3249,15,2,16,large,R,15,15,N,3F_R_N,116.34559252772914,15,22,0,-234.9025974025974,0.0,-1857.142857142857,266.6666666666667,0.0,0.0,429.54545454545456,103.28697719260107,0.45454545454545453,37.5,0.0,0.0,37.5,-379.1006493506494,v9b_blend_05,2026-06-22,Monday,706
20260622,3073,ミリオンゴッド‐神々の軌跡‐,3,0,6245,1600,2026-06-22,22,0,0622,True,False,False,3F,3073-3087,3073,3087,1,15,15,large,R,1,15,N,3F_R_N,108.54016546570591,15,22,0,-234.9025974025974,0.0,-1857.142857142857,266.6666666666667,0.0,0.0,101.13636363636364,99.75768315702284,0.4090909090909091,30.681818181818183,0.0,0.0,30.681818181818183,-379.7824675324676,v9b_blend_05,2026-06-22,Monday,707
20260622,3043,ビッグドリーム THE GOLDEN PUSHER,3,0,697,-100,2026-06-22,22,0,0622,True,False,False,3F,3043-3057,3043,3057,1,15,15,large,R,1,15,N,3F_R_N,95.21759923481588,15,22,0,-234.9025974025974,0.0,-1857.142857142857,266.6666666666667,0.0,0.0,-482.95454545454544,94.46326728298882,0.3181818181818182,27.27272727272727,0.0,0.0,27.27272727272727,-380.12337662337666,v9b_blend_05,2026-06-22,Monday,708
20260622,3072,ミリオンゴッド‐神々の軌跡‐,2,0,5714,-2600,2026-06-22,22,0,0622,True,False,False,3F,3058-3072,3058,3072,15,1,15,large,R,15,15,N,3F_R_N,84.83257496208144,15,22,0,-234.9025974025974,0.0,-1857.142857142857,266.6666666666667,0.0,0.0,-421.59090909090907,97.53610311337047,0.36363636363636365,27.27272727272727,0.0,0.0,27.27272727272727,-380.12337662337666,v9b_blend_05,2026-06-22,Monday,709
20260622,3102,革命機ヴァルヴレイヴ2,2,0,6027,-700,2026-06-22,22,0,0622,True,False,False,3F,3088-3102,3088,3102,15,1,15,large,R,15,15,N,3F_R_N,96.12853271389857,15,22,0,-234.9025974025974,0.0,-1857.142857142857,266.6666666666667,0.0,0.0,-663.6363636363636,93.14118510157722,0.3181818181818182,22.727272727272727,0.0,0.0,22.727272727272727,-380.57792207792215,v9b_blend_05,2026-06-22,Monday,710
20260622,2334,ドッチ,4,0,2735,1400,2026-06-22,22,0,0622,True,False,False,2F,2330-2351,2330,2351,5,18,22,large,R,18,18,N,2F_R_N,117.06276660572821,18,22,0,-329.54545454545456,0.0,-2300.0,-1433.3333333333333,0.0,0.0,-329.54545454545456,97.75838677360784,0.375,29.545454545454547,0.0,0.0,29.545454545454547,-440.0949317890319,v9b_blend_05,2026-06-22,Monday,711
20260622,3210,東京喰種,0,0,2290,-1100,2026-06-22,22,0,0622,True,False,False,3F,3209-3217,3209,3217,2,8,9,small,R,2,2,N,3F_R_N,83.98835516739447,2,22,0,-275.5681818181818,50.0,-1500.0,-820.8333333333334,0.0,50.0,-700.0,94.39052557238868,0.3409090909090909,27.27272727272727,0.0,0.0,27.27272727272727,-468.28977272727275,v9b_blend_05,2026-06-22,Monday,712
20260622,3400,とある魔術の禁書目録,0,1,872,-500,2026-06-22,22,0,0622,True,False,False,3F,3400-3401,3400,3401,1,2,2,small,R,1,2,N,3F_R_N,80.8868501529052,2,22,0,-275.5681818181818,50.0,-1500.0,-820.8333333333334,0.0,50.0,148.86363636363637,96.67380882569259,0.36363636363636365,25.0,0.0,0.0,25.0,-468.5170454545455,v9b_blend_05,2026-06-22,Monday,713
20260622,3211,東京喰種,1,1,1254,-1300,2026-06-22,22,0,0622,True,False,False,3F,3209-3217,3209,3217,3,7,9,small,R,3,3,N,3F_R_N,65.44391281233386,3,22,0,610.2272727272727,100.0,-6000.0,-350.0,0.0,0.0,610.2272727272727,106.12434009783291,0.4431818181818182,39.77272727272727,0.0,0.0,39.77272727272727,-890.090909090909,v9b_blend_05,2026-06-22,Monday,714
