date,machine_number,machine_name,last_digit,is_zorome,games_normalized,diff_coins_normalized,date_dt,dd,dow,mmdd,is_event,is_month_end,is_0707,floor,section,section_min,section_max,rank_from_min,rank_from_max,section_size,section_size_group,lr,kakuban_old,kakuban_new,seg,segment,hist_payout_row,kakuban,dd_key,dow_key,c1,c2,c3,c4,c5,c6,hist_diff,hist_payout,hist_winrate,hist_hit_an,a_seg_hist_coverage,a_seg_fallback_count,hist_metric,composite,variant,test_date,dow_name,rank
20260622,3208,グランベルム,8,0,0,0,2026-06-22,22,0,0622,True,False,False,3F,3191-3208,3191,3208,18,1,18,large,L,1,18,N,3F_L_N,,18,22,0,300.0,0.0,1772.7272727272727,614.2857142857143,107.33381502890174,0.0,300.0,101.19553911001167,0.4797687861271676,33.23699421965318,0.0,0.0,33.23699421965318,518.1732016177465,v6a_hit_an,2026-06-22,Monday,1
20260622,3202,新ハナビ,2,0,0,0,2026-06-22,22,0,0622,True,False,False,3F,3191-3208,3191,3208,12,7,18,large,L,7,12,N,3F_L_N,,12,22,0,237.5722543352601,150.0,1145.4545454545455,236.73469387755102,204.3615344193379,0.0,237.5722543352601,99.02634879329536,0.4884393063583815,22.254335260115607,0.0,0.0,22.254335260115607,355.338715990863,v6a_hit_an,2026-06-22,Monday,2
20260622,3400,とある魔術の禁書目録,0,1,0,0,2026-06-22,22,0,0622,True,False,False,3F,3400-3401,3400,3401,1,2,2,small,R,1,2,N,3F_R_N,,2,22,0,473.4104046242775,50.0,390.90909090909093,673.469387755102,0.0,50.0,473.4104046242775,105.63780097741655,0.4393063583815029,34.39306358381503,0.0,0.0,34.39306358381503,344.14905573369657,v6a_hit_an,2026-06-22,Monday,3
20260622,2136,バイオハザード RE:3,6,0,0,0,2026-06-22,22,0,0622,True,False,False,2F,2129-2142,2129,2142,8,7,14,medium,R,8,8,N,2F_R_N,,8,22,0,308.1791907514451,100.0,862.987012987013,202.0408163265306,0.0,50.0,359.8265895953757,101.08984710983482,0.4624277456647399,37.861271676300575,0.0,0.0,37.861271676300575,313.0938083798943,v6a_hit_an,2026-06-22,Monday,4
20260622,2069,戦国乙女5 業火を穿つ宿焔の双刃,9,0,0,0,2026-06-22,22,0,0622,True,False,False,2F,2065-2076,2065,2076,5,8,12,medium,R,5,8,N,2F_R_N,,8,22,0,308.1791907514451,100.0,862.987012987013,202.0408163265306,0.0,50.0,358.95953757225436,100.75569194831712,0.41329479768786126,33.52601156069364,0.0,0.0,33.52601156069364,312.6602823683336,v6a_hit_an,2026-06-22,Monday,5
20260622,2060,戦国乙女5 業火を穿つ宿焔の双刃,0,0,0,0,2026-06-22,22,0,0622,True,False,False,2F,2053-2064,2053,2064,8,5,12,medium,R,8,8,N,2F_R_N,,8,22,0,308.1791907514451,100.0,862.987012987013,202.0408163265306,0.0,50.0,434.6820809248555,102.2047500476051,0.3872832369942196,32.369942196531795,0.0,0.0,32.369942196531795,312.5446754319174,v6a_hit_an,2026-06-22,Monday,6
20260622,2045,甲鉄城のカバネリ 海門(うなと)決戦,5,0,0,0,2026-06-22,22,0,0622,True,False,False,2F,2041-2052,2041,2052,5,8,12,medium,R,5,8,N,2F_R_N,,8,22,0,308.1791907514451,100.0,862.987012987013,202.0408163265306,0.0,50.0,206.64739884393063,99.58197074079577,0.37283236994219654,30.346820809248555,0.0,0.0,30.346820809248555,312.3423632931891,v6a_hit_an,2026-06-22,Monday,7
20260622,2109,モンスターハンターライズ,9,0,0,0,2026-06-22,22,0,0622,True,False,False,2F,2102-2114,2102,2114,8,6,13,medium,R,8,8,N,2F_R_N,,8,22,0,308.1791907514451,100.0,862.987012987013,202.0408163265306,0.0,50.0,419.36416184971097,102.67812103547078,0.3670520231213873,30.057803468208093,0.0,0.0,30.057803468208093,312.31346155908506,v6a_hit_an,2026-06-22,Monday,8
20260622,2018,甲鉄城のカバネリ 海門(うなと)決戦,8,0,0,0,2026-06-22,22,0,0622,True,False,False,2F,2011-2022,2011,2022,8,5,12,medium,R,8,8,N,2F_R_N,,8,22,0,308.1791907514451,100.0,862.987012987013,202.0408163265306,0.0,0.0,528.6127167630058,103.18635409383367,0.430635838150289,34.104046242774565,0.0,0.0,34.104046242774565,310.4680858365417,v6a_hit_an,2026-06-22,Monday,9
20260622,2147,バイオハザード RE:3,7,0,0,0,2026-06-22,22,0,0622,True,False,False,2F,2143-2154,2143,2154,5,8,12,medium,R,5,8,N,2F_R_N,,8,22,0,308.1791907514451,100.0,862.987012987013,202.0408163265306,0.0,0.0,308.95953757225436,100.00112186264194,0.3930635838150289,31.213872832369944,0.0,0.0,31.213872832369944,310.1790684955012,v6a_hit_an,2026-06-22,Monday,10
20260622,2084,マギアレコード 魔法少女まどか☆マギカ外伝,4,0,0,0,2026-06-22,22,0,0622,True,False,False,2F,2077-2088,2077,2088,8,5,12,medium,R,8,8,N,2F_R_N,,8,22,0,308.1791907514451,100.0,862.987012987013,202.0408163265306,0.0,0.0,126.30057803468208,100.14825290892135,0.3815028901734104,29.47976878612717,0.0,0.0,29.47976878612717,310.005658090877,v6a_hit_an,2026-06-22,Monday,11
20260622,2121,痛いのは嫌なので防御力に極振りしたいと思います。,1,0,0,0,2026-06-22,22,0,0622,True,False,False,2F,2115-2128,2115,2128,7,8,14,medium,R,7,8,N,2F_R_N,,8,22,0,308.1791907514451,100.0,862.987012987013,202.0408163265306,0.0,0.0,178.61271676300578,99.14547383891984,0.3670520231213873,28.32369942196532,0.0,0.0,28.32369942196532,309.89005115446076,v6a_hit_an,2026-06-22,Monday,12
20260622,2094,マギアレコード 魔法少女まどか☆マギカ外伝,4,0,0,0,2026-06-22,22,0,0622,True,False,False,2F,2089-2101,2089,2101,6,8,13,medium,R,6,8,N,2F_R_N,,8,22,0,308.1791907514451,100.0,862.987012987013,202.0408163265306,0.0,0.0,159.82658959537574,98.54987356469069,0.36416184971098264,27.74566473988439,0.0,0.0,27.74566473988439,309.8322476862527,v6a_hit_an,2026-06-22,Monday,13
20260622,2341,少女☆歌劇 レヴュースタァライト ‐The SLOT‐,1,0,0,0,2026-06-22,22,0,0622,True,False,False,2F,2330-2351,2330,2351,12,11,22,large,L,11,11,N,2F_L_N,,11,22,0,-18.497109826589597,200.0,1554.5454545454545,-89.79591836734694,0.0,0.0,-18.497109826589597,98.42489467090155,0.3352601156069364,28.034682080924856,0.0,0.0,28.034682080924856,290.84024150911023,v6a_hit_an,2026-06-22,Monday,14
20260622,2006,ゴッドイーター リザレクション,6,0,0,0,2026-06-22,22,0,0622,True,False,False,2F,2001-2010,2001,2010,6,5,10,small,L,6,6,N,2F_L_N,,6,22,0,498.6994219653179,150.0,225.1082251082251,330.22351797862,0.0,50.0,593.3526011560693,99.20800217876723,0.4046242774566474,30.924855491329478,0.0,0.0,30.924855491329478,290.22393290324163,v6a_hit_an,2026-06-22,Monday,15
20260622,2192,化物語,2,0,0,0,2026-06-22,22,0,0622,True,False,False,2F,2187-2195,2187,2195,6,4,9,small,L,6,6,N,2F_L_N,,6,22,0,498.6994219653179,150.0,225.1082251082251,330.22351797862,0.0,0.0,404.04624277456645,104.84017564181221,0.43352601156069365,32.369942196531795,0.0,0.0,32.369942196531795,288.11844157376186,v6a_hit_an,2026-06-22,Monday,16
20260622,2330,プリズムナナ,0,0,0,0,2026-06-22,22,0,0622,True,False,False,2F,2330-2351,2330,2351,1,22,22,large,R,22,22,N,2F_R_N,,22,22,0,233.52601156069363,0.0,954.5454545454545,191.83673469387756,0.0,50.0,233.52601156069363,101.51709225469423,0.3959537572254335,31.502890173410403,0.0,0.0,31.502890173410403,287.18579418104605,v6a_hit_an,2026-06-22,Monday,17
20260622,3201,新ハナビ,1,0,0,0,2026-06-22,22,0,0622,True,False,False,3F,3191-3208,3191,3208,11,8,18,large,L,8,11,N,3F_L_N,,11,22,0,297.97687861271675,200.0,409.09090909090907,512.2448979591836,144.59759893285906,0.0,297.97687861271675,99.27709479118961,0.4653179190751445,23.410404624277454,0.0,0.0,23.410404624277454,285.9090335758379,v6a_hit_an,2026-06-22,Monday,18
20260622,2194,化物語,4,0,0,0,2026-06-22,22,0,0622,True,False,False,2F,2187-2195,2187,2195,8,2,9,small,L,8,8,N,2F_L_N,,8,22,0,524.7109826589596,50.0,380.9917355371901,115.95547309833024,0.0,0.0,474.8554913294798,105.22795941594208,0.4393063583815029,36.41618497109826,0.0,0.0,36.41618497109826,283.52007351930416,v6a_hit_an,2026-06-22,Monday,19
20260622,2008,ゴッドイーター リザレクション,8,0,0,0,2026-06-22,22,0,0622,True,False,False,2F,2001-2010,2001,2010,8,3,10,small,L,8,8,N,2F_L_N,,8,22,0,524.7109826589596,50.0,380.9917355371901,115.95547309833024,0.0,0.0,574.5664739884393,99.37543578469172,0.3786127167630058,29.47976878612717,0.0,0.0,29.47976878612717,282.82643190080705,v6a_hit_an,2026-06-22,Monday,20
20260622,3200,新ハナビ,0,1,0,0,2026-06-22,22,0,0622,True,False,False,3F,3191-3208,3191,3208,10,9,18,large,L,9,10,N,3F_L_N,,10,22,0,313.0057803468208,150.0,672.7272727272727,118.36734693877551,77.61429322122964,50.0,313.0057803468208,99.0826667961548,0.47109826589595377,26.878612716763005,0.0,0.0,26.878612716763005,278.43308631913095,v6a_hit_an,2026-06-22,Monday,21
20260622,2226,東京リベンジャーズ,6,0,0,0,2026-06-22,22,0,0622,True,False,False,2F,2213-2229,2213,2229,14,4,17,large,R,14,14,N,2F_R_N,,14,22,0,333.2691072575466,50.0,647.9338842975206,211.87384044526902,0.0,50.0,479.76878612716763,105.40239942306073,0.4624277456647399,37.861271676300575,0.0,0.0,37.861271676300575,277.9940734140119,v6a_hit_an,2026-06-22,Monday,22
20260622,2199,スマスロ炎炎ノ消防隊2,9,1,0,0,2026-06-22,22,0,0622,True,False,False,2F,2196-2212,2196,2212,4,14,17,large,R,4,14,N,2F_R_N,,14,22,0,333.2691072575466,50.0,647.9338842975206,211.87384044526902,0.0,50.0,430.9248554913295,104.19952745753712,0.43352601156069365,37.283236994219656,0.0,0.0,37.283236994219656,277.9362699458038,v6a_hit_an,2026-06-22,Monday,23
20260622,2300,無職転生 ～異世界行ったら本気だす～,0,1,0,0,2026-06-22,22,0,0622,True,False,False,2F,2298-2313,2298,2313,3,14,16,large,R,3,14,N,2F_R_N,,14,22,0,333.2691072575466,50.0,647.9338842975206,211.87384044526902,0.0,50.0,462.1387283236994,104.06859744414182,0.4393063583815029,36.99421965317919,0.0,0.0,36.99421965317919,277.90736821169975,v6a_hit_an,2026-06-22,Monday,24
20260622,2260,スマスロ北斗の拳,0,0,0,0,2026-06-22,22,0,0622,True,False,False,2F,2247-2263,2247,2263,14,4,17,large,R,14,14,N,2F_R_N,,14,22,0,333.2691072575466,50.0,647.9338842975206,211.87384044526902,0.0,50.0,201.73410404624278,99.95944054067132,0.3670520231213873,28.901734104046245,0.0,0.0,28.901734104046245,277.0981196567864,v6a_hit_an,2026-06-22,Monday,25
20260622,2039,甲鉄城のカバネリ 海門(うなと)決戦,9,0,0,0,2026-06-22,22,0,0622,True,False,False,2F,2032-2040,2032,2040,8,2,9,small,R,8,8,N,2F_R_N,,8,22,0,225.65028901734104,50.0,862.987012987013,202.0408163265306,0.0,50.0,263.8728323699422,101.1346135603144,0.407514450867052,32.369942196531795,0.0,0.0,32.369942196531795,276.08427080763994,v6a_hit_an,2026-06-22,Monday,26
20260622,2233,新鬼武者3,3,1,0,0,2026-06-22,22,0,0622,True,False,False,2F,2230-2246,2230,2246,4,14,17,large,R,4,14,N,2F_R_N,,14,22,0,333.2691072575466,50.0,647.9338842975206,211.87384044526902,0.0,0.0,498.5549132947977,103.75973856427112,0.43641618497109824,34.39306358381503,0.0,0.0,34.39306358381503,275.3972526047633,v6a_hit_an,2026-06-22,Monday,27
20260622,2327,ゾンビランドサガ,7,0,0,0,2026-06-22,22,0,0622,True,False,False,2F,2314-2329,2314,2329,14,3,16,large,R,14,14,N,2F_R_N,,14,22,0,333.2691072575466,50.0,647.9338842975206,211.87384044526902,0.0,0.0,332.3699421965318,99.40421676166481,0.3959537572254335,32.947976878612714,0.0,0.0,32.947976878612714,275.2527439342431,v6a_hit_an,2026-06-22,Monday,28
20260622,2338,七つの魔剣が支配する,8,0,0,0,2026-06-22,22,0,0622,True,False,False,2F,2330-2351,2330,2351,9,14,22,large,R,14,14,N,2F_R_N,,14,22,0,333.2691072575466,50.0,647.9338842975206,211.87384044526902,0.0,0.0,323.6994219653179,100.52947347258434,0.3988439306358382,31.502890173410403,0.0,0.0,31.502890173410403,275.10823526372286,v6a_hit_an,2026-06-22,Monday,29
20260622,2179,不二子BT,9,0,0,0,2026-06-22,22,0,0622,True,False,False,2F,2179-2186,2179,2186,1,8,8,small,R,1,8,N,2F_R_N,,8,22,0,225.65028901734104,50.0,862.987012987013,202.0408163265306,0.0,50.0,89.59537572254335,97.87033180233445,0.4190751445086705,22.54335260115607,0.0,0.0,22.54335260115607,275.1016118481024,v6a_hit_an,2026-06-22,Monday,30
20260622,2294,かぐや様は告らせたい,4,0,0,0,2026-06-22,22,0,0622,True,False,False,2F,2281-2297,2281,2297,14,4,17,large,R,14,14,N,2F_R_N,,14,22,0,333.2691072575466,50.0,647.9338842975206,211.87384044526902,0.0,0.0,57.80346820809248,99.87330537689054,0.3236994219653179,27.74566473988439,0.0,0.0,27.74566473988439,274.73251272037027,v6a_hit_an,2026-06-22,Monday,31
20260622,2267,北斗の拳 転生の章2,7,0,0,0,2026-06-22,22,0,0622,True,False,False,2F,2264-2280,2264,2280,4,14,17,large,R,4,14,N,2F_R_N,,14,22,0,333.2691072575466,50.0,647.9338842975206,211.87384044526902,0.0,0.0,212.4277456647399,99.66789969216704,0.34104046242774566,26.878612716763005,0.0,0.0,26.878612716763005,274.6458075180581,v6a_hit_an,2026-06-22,Monday,32
20260622,2024,甲鉄城のカバネリ 海門(うなと)決戦,4,0,0,0,2026-06-22,22,0,0622,True,False,False,2F,2023-2031,2023,2031,2,8,9,small,R,2,8,N,2F_R_N,,8,22,0,225.65028901734104,50.0,862.987012987013,202.0408163265306,0.0,0.0,458.67052023121386,103.07317677277445,0.3583815028901734,31.213872832369944,0.0,0.0,31.213872832369944,273.7186638712237,v6a_hit_an,2026-06-22,Monday,33
20260622,2162,ディスクアップ ULTRAREMIX,2,0,0,0,2026-06-22,22,0,0622,True,False,False,2F,2155-2164,2155,2164,8,3,10,small,R,8,8,N,2F_R_N,,8,22,0,225.65028901734104,50.0,862.987012987013,202.0408163265306,0.0,0.0,90.46242774566474,98.7103191049347,0.4393063583815029,25.43352601156069,0.0,0.0,25.43352601156069,273.1406291891428,v6a_hit_an,2026-06-22,Monday,34
20260622,2160,ディスクアップ ULTRAREMIX,0,0,0,0,2026-06-22,22,0,0622,True,False,False,2F,2155-2164,2155,2164,6,5,10,small,R,6,6,N,2F_R_N,,6,22,0,267.22543352601156,150.0,520.0,303.265306122449,0.0,50.0,239.3063583815029,99.54448083413081,0.47398843930635837,30.924855491329478,0.0,0.0,30.924855491329478,256.3344579450277,v6a_hit_an,2026-06-22,Monday,35
20260622,2166,うみねこのなく頃に2,6,1,0,0,2026-06-22,22,0,0622,True,False,False,2F,2165-2171,2165,2171,2,6,7,small,R,2,6,N,2F_R_N,,6,22,0,267.22543352601156,150.0,520.0,303.265306122449,0.0,50.0,226.30057803468208,100.11626087927301,0.43641618497109824,24.85549132947977,0.0,0.0,24.85549132947977,255.72752152884271,v6a_hit_an,2026-06-22,Monday,36
20260622,2037,甲鉄城のカバネリ 海門(うなと)決戦,7,0,0,0,2026-06-22,22,0,0622,True,False,False,2F,2032-2040,2032,2040,6,4,9,small,R,6,6,N,2F_R_N,,6,22,0,267.22543352601156,150.0,520.0,303.265306122449,0.0,0.0,469.9421965317919,103.36613510359233,0.430635838150289,36.41618497109826,0.0,0.0,36.41618497109826,254.63359089300457,v6a_hit_an,2026-06-22,Monday,37
20260622,2177,A‐SLOT+ 異世界かるてっと,7,1,0,0,2026-06-22,22,0,0622,True,False,False,2F,2172-2178,2172,2178,6,2,7,small,R,6,6,N,2F_R_N,,6,22,0,267.22543352601156,150.0,520.0,303.265306122449,0.0,0.0,154.04624277456648,97.71836529244653,0.4479768786127168,27.74566473988439,0.0,0.0,27.74566473988439,253.7665388698832,v6a_hit_an,2026-06-22,Monday,38
20260622,2181,SHAKE BONUS TRIGGER,1,0,0,0,2026-06-22,22,0,0622,True,False,False,2F,2179-2186,2179,2186,3,6,8,small,R,3,6,N,2F_R_N,,6,22,0,267.22543352601156,150.0,520.0,303.265306122449,0.0,0.0,246.53179190751445,98.14462307190571,0.44508670520231214,23.98843930635838,0.0,0.0,23.98843930635838,253.3908163265306,v6a_hit_an,2026-06-22,Monday,39
20260622,2096,マギアレコード 魔法少女まどか☆マギカ外伝,6,0,0,0,2026-06-22,22,0,0622,True,False,False,2F,2089-2101,2089,2101,8,6,13,medium,L,8,6,N,2F_L_N,,6,22,0,364.53757225433526,200.0,225.1082251082251,330.22351797862,0.0,50.0,701.7341040462428,103.06132922296237,0.43352601156069365,36.99421965317919,0.0,0.0,36.99421965317919,249.28260342347284,v6a_hit_an,2026-06-22,Monday,40
20260622,2149,バイオハザード RE:3,9,0,0,0,2026-06-22,22,0,0622,True,False,False,2F,2143-2154,2143,2154,7,6,12,medium,L,7,6,N,2F_L_N,,6,22,0,364.53757225433526,200.0,225.1082251082251,330.22351797862,0.0,50.0,578.0346820809249,103.97556114036045,0.4479768786127168,36.41618497109826,0.0,0.0,36.41618497109826,249.22479995526473,v6a_hit_an,2026-06-22,Monday,41
20260622,2016,甲鉄城のカバネリ 海門(うなと)決戦,6,0,0,0,2026-06-22,22,0,0622,True,False,False,2F,2011-2022,2011,2022,6,7,12,medium,L,6,6,N,2F_L_N,,6,22,0,364.53757225433526,200.0,225.1082251082251,330.22351797862,0.0,50.0,505.78034682080926,102.86773815986369,0.3872832369942196,34.971098265895954,0.0,0.0,34.971098265895954,249.0802912847445,v6a_hit_an,2026-06-22,Monday,42
20260622,3150,ファンキージャグラー2,0,0,0,0,2026-06-22,22,0,0622,True,False,False,3F,3144-3155,3144,3155,7,6,12,medium,R,7,7,A,3F_R_A,,7,22,0,302.8901734104046,150.0,472.72727272727275,208.16326530612244,0.0,50.0,277.7456647398844,98.06958984933283,0.41040462427745666,28.901734104046245,100.0,0.0,28.901734104046245,247.62358574538595,v6a_hit_an,2026-06-22,Monday,43
20260622,2107,モンスターハンターライズ,7,0,0,0,2026-06-22,22,0,0622,True,False,False,2F,2102-2114,2102,2114,6,8,13,medium,L,6,6,N,2F_L_N,,6,22,0,364.53757225433526,200.0,225.1082251082251,330.22351797862,0.0,0.0,586.9942196531792,103.7352233204229,0.407514450867052,33.52601156069364,0.0,0.0,33.52601156069364,246.68578261422428,v6a_hit_an,2026-06-22,Monday,44
20260622,2047,甲鉄城のカバネリ 海門(うなと)決戦,7,0,0,0,2026-06-22,22,0,0622,True,False,False,2F,2041-2052,2041,2052,7,6,12,medium,L,7,6,N,2F_L_N,,6,22,0,364.53757225433526,200.0,225.1082251082251,330.22351797862,0.0,0.0,334.97109826589593,101.15040674856677,0.40173410404624277,32.080924855491325,0.0,0.0,32.080924855491325,246.54127394370406,v6a_hit_an,2026-06-22,Monday,45
20260622,3354,ネオアイムジャグラーEX,4,0,0,0,2026-06-22,22,0,0622,True,False,False,3F,3341-3362,3341,3362,14,9,22,large,L,9,9,A,3F_L_A,,9,22,0,158.95953757225433,100.0,1000.0,-51.02040816326531,0.0,0.0,158.95953757225433,97.44426651702027,0.4190751445086705,26.878612716763005,100.0,0.0,26.878612716763005,246.52553969564707,v6a_hit_an,2026-06-22,Monday,46
20260622,2082,マギアレコード 魔法少女まどか☆マギカ外伝,2,0,0,0,2026-06-22,22,0,0622,True,False,False,2F,2077-2088,2077,2088,6,7,12,medium,L,6,6,N,2F_L_N,,6,22,0,364.53757225433526,200.0,225.1082251082251,330.22351797862,0.0,0.0,276.0115606936416,100.64963792546787,0.42196531791907516,31.79190751445087,0.0,0.0,31.79190751445087,246.5123722096,v6a_hit_an,2026-06-22,Monday,47
20260622,2058,戦国乙女5 業火を穿つ宿焔の双刃,8,0,0,0,2026-06-22,22,0,0622,True,False,False,2F,2053-2064,2053,2064,6,7,12,medium,L,6,6,N,2F_L_N,,6,22,0,364.53757225433526,200.0,225.1082251082251,330.22351797862,0.0,0.0,297.97687861271675,100.89905912456139,0.3959537572254335,31.213872832369944,0.0,0.0,31.213872832369944,246.4545687413919,v6a_hit_an,2026-06-22,Monday,48
20260622,2071,戦国乙女5 業火を穿つ宿焔の双刃,1,0,0,0,2026-06-22,22,0,0622,True,False,False,2F,2065-2076,2065,2076,7,6,12,medium,L,7,6,N,2F_L_N,,6,22,0,364.53757225433526,200.0,225.1082251082251,330.22351797862,0.0,0.0,65.02890173410404,102.13962356177082,0.40173410404624277,29.76878612716763,0.0,0.0,29.76878612716763,246.31006007087169,v6a_hit_an,2026-06-22,Monday,49
20260622,2134,甲鉄城のカバネリ,4,0,0,0,2026-06-22,22,0,0622,True,False,False,2F,2129-2142,2129,2142,6,9,14,medium,L,6,6,N,2F_L_N,,6,22,0,364.53757225433526,200.0,225.1082251082251,330.22351797862,0.0,0.0,236.1271676300578,101.37251842219392,0.37572254335260113,29.47976878612717,0.0,0.0,29.47976878612717,246.28115833676762,v6a_hit_an,2026-06-22,Monday,50
20260622,2123,戦国乙女4 戦乱に閃く炯眼の軍師,3,0,0,0,2026-06-22,22,0,0622,True,False,False,2F,2115-2128,2115,2128,9,6,14,medium,L,9,6,N,2F_L_N,,6,22,0,364.53757225433526,200.0,225.1082251082251,330.22351797862,0.0,0.0,62.716763005780344,98.49521654004148,0.3439306358381503,26.589595375722542,0.0,0.0,26.589595375722542,245.99214099572717,v6a_hit_an,2026-06-22,Monday,51
20260622,3161,ファンキージャグラー2,1,0,0,0,2026-06-22,22,0,0622,True,False,False,3F,3156-3167,3156,3167,6,7,12,medium,R,6,7,A,3F_R_A,,7,22,0,302.8901734104046,150.0,472.72727272727275,208.16326530612244,0.0,0.0,328.0346820809249,98.63965264571107,0.4393063583815029,28.61271676300578,100.0,0.0,28.61271676300578,245.3446840112819,v6a_hit_an,2026-06-22,Monday,52
20260622,2336,バジリスク～甲賀忍法帖～絆2 天膳 BLACK EDITION,6,0,0,0,2026-06-22,22,0,0622,True,False,False,2F,2330-2351,2330,2351,7,16,22,large,R,16,16,N,2F_R_N,,16,22,0,241.90751445086704,0.0,607.070707070707,288.20861678004536,0.0,50.0,232.36994219653178,100.57386657883893,0.38439306358381503,32.080924855491325,0.0,0.0,32.080924855491325,240.72568822589466,v6a_hit_an,2026-06-22,Monday,53
20260622,2265,北斗の拳 転生の章2,5,0,0,0,2026-06-22,22,0,0622,True,False,False,2F,2264-2280,2264,2280,2,16,17,large,R,2,16,N,2F_R_N,,16,22,0,241.90751445086704,0.0,607.070707070707,288.20861678004536,0.0,50.0,404.04624277456645,102.17150964763896,0.3670520231213873,30.346820809248555,0.0,0.0,30.346820809248555,240.55227782127037,v6a_hit_an,2026-06-22,Monday,54
20260622,2296,かぐや様は告らせたい,6,0,0,0,2026-06-22,22,0,0622,True,False,False,2F,2281-2297,2281,2297,16,2,17,large,R,16,16,N,2F_R_N,,16,22,0,241.90751445086704,0.0,607.070707070707,288.20861678004536,0.0,50.0,152.3121387283237,99.45536148527626,0.33815028901734107,29.76878612716763,0.0,0.0,29.76878612716763,240.4944743530623,v6a_hit_an,2026-06-22,Monday,55
20260622,2329,ゾンビランドサガ,9,0,0,0,2026-06-22,22,0,0622,True,False,False,2F,2314-2329,2314,2329,16,1,16,large,R,16,16,N,2F_R_N,,16,22,0,241.90751445086704,0.0,607.070707070707,288.20861678004536,0.0,50.0,106.35838150289017,98.50942897768984,0.3583815028901734,27.74566473988439,0.0,0.0,27.74566473988439,240.29216221433396,v6a_hit_an,2026-06-22,Monday,56
20260622,2305,アズールレーン THE ANIMATION,5,0,0,0,2026-06-22,22,0,0622,True,False,False,2F,2298-2313,2298,2313,8,9,16,large,R,8,9,N,2F_R_N,,9,22,0,491.04046242774564,100.0,-63.03030303030303,407.3469387755102,0.0,50.0,626.3005780346821,104.800033642558,0.47109826589595377,40.17341040462428,0.0,0.0,40.17341040462428,240.1882897036902,v6a_hit_an,2026-06-22,Monday,57
20260622,2262,スマスロ北斗の拳,2,0,0,0,2026-06-22,22,0,0622,True,False,False,2F,2247-2263,2247,2263,16,2,17,large,R,16,16,N,2F_R_N,,16,22,0,241.90751445086704,0.0,607.070707070707,288.20861678004536,0.0,0.0,416.7630057803468,105.01366677469869,0.4393063583815029,35.54913294797688,0.0,0.0,35.54913294797688,238.8225090351432,v6a_hit_an,2026-06-22,Monday,58
20260622,2228,東京リベンジャーズ,8,0,0,0,2026-06-22,22,0,0622,True,False,False,2F,2213-2229,2213,2229,16,2,17,large,R,16,16,N,2F_R_N,,16,22,0,241.90751445086704,0.0,607.070707070707,288.20861678004536,0.0,0.0,346.8208092485549,102.6361987469123,0.43352601156069365,34.39306358381503,0.0,0.0,34.39306358381503,238.70690209872703,v6a_hit_an,2026-06-22,Monday,59
20260622,2231,新鬼武者3,1,0,0,0,2026-06-22,22,0,0622,True,False,False,2F,2230-2246,2230,2246,2,16,17,large,R,2,16,N,2F_R_N,,16,22,0,241.90751445086704,0.0,607.070707070707,288.20861678004536,0.0,0.0,361.84971098265896,102.0050181997642,0.40173410404624277,29.190751445086704,0.0,0.0,29.190751445086704,238.18667088485418,v6a_hit_an,2026-06-22,Monday,60
20260622,2298,無職転生 ～異世界行ったら本気だす～,8,0,0,0,2026-06-22,22,0,0622,True,False,False,2F,2298-2313,2298,2313,1,16,16,large,R,1,16,N,2F_R_N,,16,22,0,241.90751445086704,0.0,607.070707070707,288.20861678004536,0.0,0.0,182.08092485549133,98.77527153923575,0.37572254335260113,28.32369942196532,0.0,0.0,28.32369942196532,238.09996568254203,v6a_hit_an,2026-06-22,Monday,61
20260622,2197,スマスロ炎炎ノ消防隊2,7,0,0,0,2026-06-22,22,0,0622,True,False,False,2F,2196-2212,2196,2212,2,16,17,large,R,2,16,N,2F_R_N,,16,22,0,241.90751445086704,0.0,607.070707070707,288.20861678004536,0.0,0.0,-25.433526011560694,99.87536853514631,0.36416184971098264,28.034682080924856,0.0,0.0,28.034682080924856,238.071063948438,v6a_hit_an,2026-06-22,Monday,62
20260622,2322,ガールズ&パンツァー 最終章,2,1,0,0,2026-06-22,22,0,0622,True,False,False,2F,2314-2329,2314,2329,9,8,16,large,R,9,9,N,2F_R_N,,9,22,0,491.04046242774564,100.0,-63.03030303030303,407.3469387755102,0.0,0.0,355.78034682080926,102.68502206409148,0.42485549132947975,36.99421965317919,0.0,0.0,36.99421965317919,237.6203706285457,v6a_hit_an,2026-06-22,Monday,63
20260622,2115,痛いのは嫌なので防御力に極振りしたいと思います。,5,0,0,0,2026-06-22,22,0,0622,True,False,False,2F,2115-2128,2115,2128,1,14,14,medium,R,1,14,N,2F_R_N,,14,22,0,229.76878612716763,0.0,647.9338842975206,211.87384044526902,0.0,50.0,337.28323699421964,101.03166757056971,0.4161849710982659,32.65895953757225,0.0,0.0,32.65895953757225,233.4637265932026,v6a_hit_an,2026-06-22,Monday,64
20260622,2142,バイオハザード RE:3,2,0,0,0,2026-06-22,22,0,0622,True,False,False,2F,2129-2142,2129,2142,14,1,14,medium,R,14,14,N,2F_R_N,,14,22,0,229.76878612716763,0.0,647.9338842975206,211.87384044526902,0.0,0.0,122.25433526011561,99.00835276793408,0.3352601156069364,24.277456647398843,0.0,0.0,24.277456647398843,230.37557630418527,v6a_hit_an,2026-06-22,Monday,65
20260622,2225,東京リベンジャーズ,5,0,0,0,2026-06-22,22,0,0622,True,False,False,2F,2213-2229,2213,2229,13,5,17,large,R,13,13,N,2F_R_N,,13,22,0,338.4714193962749,100.0,266.43356643356645,294.81946624803766,0.0,50.0,436.9942196531792,103.4811498772263,0.476878612716763,36.127167630057805,0.0,0.0,36.127167630057805,228.97109764719178,v6a_hit_an,2026-06-22,Monday,66
20260622,2259,スマスロ北斗の拳,9,0,0,0,2026-06-22,22,0,0622,True,False,False,2F,2247-2263,2247,2263,13,5,17,large,R,13,13,N,2F_R_N,,13,22,0,338.4714193962749,100.0,266.43356643356645,294.81946624803766,0.0,50.0,632.0809248554913,104.25310687208271,0.44508670520231214,33.81502890173411,0.0,0.0,33.81502890173411,228.7398837743594,v6a_hit_an,2026-06-22,Monday,67
20260622,2200,スマスロ炎炎ノ消防隊2,0,1,0,0,2026-06-22,22,0,0622,True,False,False,2F,2196-2212,2196,2212,5,13,17,large,R,5,13,N,2F_R_N,,13,22,0,338.4714193962749,100.0,266.43356643356645,294.81946624803766,0.0,50.0,385.83815028901734,103.66576719826568,0.40173410404624277,33.23699421965318,0.0,0.0,33.23699421965318,228.68208030615133,v6a_hit_an,2026-06-22,Monday,68
20260622,2339,少女☆歌劇 レヴュースタァライト ‐The SLOT‐,9,0,0,0,2026-06-22,22,0,0622,True,False,False,2F,2330-2351,2330,2351,10,13,22,large,R,13,13,N,2F_R_N,,13,22,0,338.4714193962749,100.0,266.43356643356645,294.81946624803766,0.0,50.0,144.50867052023122,98.79505162800947,0.3786127167630058,29.47976878612717,0.0,0.0,29.47976878612717,228.3063577627987,v6a_hit_an,2026-06-22,Monday,69
20260622,2326,バンドリ！,6,0,0,0,2026-06-22,22,0,0622,True,False,False,2F,2314-2329,2314,2329,13,4,16,large,R,13,13,N,2F_R_N,,13,22,0,338.4714193962749,100.0,266.43356643356645,294.81946624803766,0.0,50.0,273.12138728323697,102.12328122164551,0.3439306358381503,28.32369942196532,0.0,0.0,28.32369942196532,228.19075082638253,v6a_hit_an,2026-06-22,Monday,70
20260622,2293,かぐや様は告らせたい,3,0,0,0,2026-06-22,22,0,0622,True,False,False,2F,2281-2297,2281,2297,13,5,17,large,R,13,13,N,2F_R_N,,13,22,0,338.4714193962749,100.0,266.43356643356645,294.81946624803766,0.0,0.0,441.32947976878614,104.26449666721281,0.4190751445086705,34.39306358381503,0.0,0.0,34.39306358381503,226.54768724256752,v6a_hit_an,2026-06-22,Monday,71
20260622,2234,新鬼武者3,4,0,0,0,2026-06-22,22,0,0622,True,False,False,2F,2230-2246,2230,2246,5,13,17,large,R,5,13,N,2F_R_N,,13,22,0,338.4714193962749,100.0,266.43356643356645,294.81946624803766,0.0,0.0,338.4393063583815,102.45993549241788,0.4393063583815029,33.23699421965318,0.0,0.0,33.23699421965318,226.43208030615133,v6a_hit_an,2026-06-22,Monday,72
20260622,2301,無職転生 ～異世界行ったら本気だす～,1,0,0,0,2026-06-22,22,0,0622,True,False,False,2F,2298-2313,2298,2313,4,13,16,large,R,4,13,N,2F_R_N,,13,22,0,338.4714193962749,100.0,266.43356643356645,294.81946624803766,0.0,0.0,259.53757225433526,99.31565204304835,0.3670520231213873,33.23699421965318,0.0,0.0,33.23699421965318,226.43208030615133,v6a_hit_an,2026-06-22,Monday,73
20260622,2268,北斗の拳 転生の章2,8,0,0,0,2026-06-22,22,0,0622,True,False,False,2F,2264-2280,2264,2280,5,13,17,large,R,5,13,N,2F_R_N,,13,22,0,338.4714193962749,100.0,266.43356643356645,294.81946624803766,0.0,0.0,134.39306358381504,100.97561535484942,0.3872832369942196,28.034682080924856,0.0,0.0,28.034682080924856,225.9118490922785,v6a_hit_an,2026-06-22,Monday,74
20260622,3010,キングハナハナ-30,0,0,0,0,2026-06-22,22,0,0622,True,False,False,3F,3001-3016,3001,3016,10,7,16,large,R,10,10,A,3F_R_A,,10,22,0,286.53179190751445,150.0,334.81481481481484,268.7188019966722,0.0,50.0,431.5028901734104,99.50005689975453,0.4595375722543353,34.68208092485549,100.0,0.0,34.68208092485549,225.6633581154082,v6a_hit_an,2026-06-22,Monday,75
20260622,3343,ネオアイムジャグラーEX,3,0,0,0,2026-06-22,22,0,0622,True,False,False,3F,3341-3362,3341,3362,3,20,22,large,R,20,20,A,3F_R_A,,20,22,0,243.0635838150289,0.0,509.09090909090907,322.44897959183675,0.0,0.0,243.0635838150289,98.25770213019126,0.44508670520231214,26.589595375722542,100.0,0.0,26.589595375722542,225.32882559224424,v6a_hit_an,2026-06-22,Monday,76
20260622,3315,ミスタージャグラー,5,0,0,0,2026-06-22,22,0,0622,True,False,False,3F,3310-3324,3310,3324,6,10,15,large,R,6,10,A,3F_R_A,,10,22,0,286.53179190751445,150.0,334.81481481481484,268.7188019966722,0.0,50.0,214.4508670520231,98.45634234399236,0.45375722543352603,28.901734104046245,100.0,0.0,28.901734104046245,225.08532343332726,v6a_hit_an,2026-06-22,Monday,77
20260622,3334,ネオアイムジャグラーEX,4,0,0,0,2026-06-22,22,0,0622,True,False,False,3F,3325-3340,3325,3340,10,7,16,large,R,10,10,A,3F_R_A,,10,22,0,286.53179190751445,150.0,334.81481481481484,268.7188019966722,0.0,0.0,208.09248554913296,98.1171962170264,0.430635838150289,30.924855491329478,100.0,0.0,30.924855491329478,223.0376355720556,v6a_hit_an,2026-06-22,Monday,78
20260622,3304,ハッピージャグラーVIII,4,0,0,0,2026-06-22,22,0,0622,True,False,False,3F,3295-3309,3295,3309,10,6,15,large,R,10,10,A,3F_R_A,,10,22,0,286.53179190751445,150.0,334.81481481481484,268.7188019966722,0.0,0.0,289.3063583815029,97.61707900353984,0.42485549132947975,29.190751445086704,100.0,0.0,29.190751445086704,222.8642251674313,v6a_hit_an,2026-06-22,Monday,79
20260622,3274,マイジャグラーV,4,0,0,0,2026-06-22,22,0,0622,True,False,False,3F,3265-3280,3265,3280,10,7,16,large,R,10,10,A,3F_R_A,,10,22,0,286.53179190751445,150.0,334.81481481481484,268.7188019966722,0.0,0.0,289.3063583815029,99.07721614501584,0.47398843930635837,28.034682080924856,100.0,0.0,28.034682080924856,222.74861823101512,v6a_hit_an,2026-06-22,Monday,80
20260622,2159,ディスクアップ ULTRAREMIX,9,0,0,0,2026-06-22,22,0,0622,True,False,False,2F,2155-2164,2155,2164,5,6,10,small,L,5,5,N,2F_L_N,,5,22,0,263.8728323699422,200.0,378.030303030303,165.22108843537416,0.0,50.0,299.4219653179191,100.02201431088876,0.4913294797687861,33.52601156069364,0.0,0.0,33.52601156069364,217.94712229347863,v6a_hit_an,2026-06-22,Monday,81
20260622,2036,甲鉄城のカバネリ 海門(うなと)決戦,6,0,0,0,2026-06-22,22,0,0622,True,False,False,2F,2032-2040,2032,2040,5,5,9,small,L,5,5,N,2F_L_N,,5,22,0,263.8728323699422,200.0,378.030303030303,165.22108843537416,0.0,50.0,142.77456647398844,98.4120920531064,0.3699421965317919,28.32369942196532,0.0,0.0,28.32369942196532,217.42689107960578,v6a_hit_an,2026-06-22,Monday,82
20260622,2005,ゴッドイーター リザレクション,5,0,0,0,2026-06-22,22,0,0622,True,False,False,2F,2001-2010,2001,2010,5,6,10,small,L,5,5,N,2F_L_N,,5,22,0,263.8728323699422,200.0,378.030303030303,165.22108843537416,0.0,50.0,410.11560693641616,96.93770446049204,0.3699421965317919,26.589595375722542,0.0,0.0,26.589595375722542,217.25348067498152,v6a_hit_an,2026-06-22,Monday,83
20260622,2027,甲鉄城のカバネリ 海門(うなと)決戦,7,0,0,0,2026-06-22,22,0,0622,True,False,False,2F,2023-2031,2023,2031,5,5,9,small,L,5,5,N,2F_L_N,,5,22,0,263.8728323699422,200.0,378.030303030303,165.22108843537416,0.0,0.0,509.53757225433526,102.7133422368704,0.4277456647398844,34.971098265895954,0.0,0.0,34.971098265895954,215.84163096399885,v6a_hit_an,2026-06-22,Monday,84
20260622,2191,化物語,1,0,0,0,2026-06-22,22,0,0622,True,False,False,2F,2187-2195,2187,2195,5,5,9,small,L,5,5,N,2F_L_N,,5,22,0,263.8728323699422,200.0,378.030303030303,165.22108843537416,0.0,0.0,-42.48554913294798,100.85245976581187,0.37572254335260113,31.213872832369944,0.0,0.0,31.213872832369944,215.46590842064626,v6a_hit_an,2026-06-22,Monday,85
20260622,3290,マイジャグラーV,0,0,0,0,2026-06-22,22,0,0622,True,False,False,3F,3281-3294,3281,3294,10,5,14,medium,L,10,5,A,3F_L_A,,5,22,0,301.78227360308284,150.0,312.5874125874126,171.585557299843,0.0,50.0,362.71676300578036,99.68957423633395,0.476878612716763,30.924855491329478,100.0,0.0,30.924855491329478,213.66388854745585,v6a_hit_an,2026-06-22,Monday,86
20260622,3184,ゴーゴージャグラー3,4,0,0,0,2026-06-22,22,0,0622,True,False,False,3F,3181-3190,3181,3190,4,7,10,small,R,4,7,A,3F_R_A,,7,22,0,233.8150289017341,100.0,472.72727272727275,208.16326530612244,0.0,0.0,233.8150289017341,97.4810535762091,0.430635838150289,27.167630057803464,100.0,0.0,27.167630057803464,213.58312331764026,v6a_hit_an,2026-06-22,Monday,87
20260622,3139,マイジャグラーV,9,0,0,0,2026-06-22,22,0,0622,True,False,False,3F,3131-3143,3131,3143,9,5,13,medium,L,9,5,A,3F_L_A,,5,22,0,301.78227360308284,150.0,312.5874125874126,171.585557299843,0.0,50.0,252.3121387283237,98.85458830541188,0.4421965317919075,27.45664739884393,100.0,0.0,27.45664739884393,213.3170677382073,v6a_hit_an,2026-06-22,Monday,88
20260622,2106,モンスターハンターライズ,6,0,0,0,2026-06-22,22,0,0622,True,False,False,2F,2102-2114,2102,2114,5,9,13,medium,L,5,5,N,2F_L_N,,5,22,0,266.53179190751445,150.0,378.030303030303,165.22108843537416,0.0,50.0,269.9421965317919,99.91002218209462,0.37572254335260113,30.057803468208093,0.0,0.0,30.057803468208093,211.8075269177561,v6a_hit_an,2026-06-22,Monday,89
20260622,2150,バイオハザード RE:3,0,0,0,0,2026-06-22,22,0,0622,True,False,False,2F,2143-2154,2143,2154,8,5,12,medium,L,8,5,N,2F_L_N,,5,22,0,266.53179190751445,150.0,378.030303030303,165.22108843537416,0.0,50.0,143.35260115606937,100.36826073902256,0.36416184971098264,30.057803468208093,0.0,0.0,30.057803468208093,211.8075269177561,v6a_hit_an,2026-06-22,Monday,90
20260622,2015,甲鉄城のカバネリ 海門(うなと)決戦,5,0,0,0,2026-06-22,22,0,0622,True,False,False,2F,2011-2022,2011,2022,5,8,12,medium,L,5,5,N,2F_L_N,,5,22,0,266.53179190751445,150.0,378.030303030303,165.22108843537416,0.0,50.0,22.832369942196532,98.63053507373274,0.36127167630057805,29.76878612716763,0.0,0.0,29.76878612716763,211.77862518365205,v6a_hit_an,2026-06-22,Monday,91
20260622,3163,ファンキージャグラー2,3,0,0,0,2026-06-22,22,0,0622,True,False,False,3F,3156-3167,3156,3167,8,5,12,medium,L,8,5,A,3F_L_A,,5,22,0,301.78227360308284,150.0,312.5874125874126,171.585557299843,0.0,0.0,372.2543352601156,98.60140462112231,0.4595375722543353,31.502890173410403,100.0,0.0,31.502890173410403,211.47169201566393,v6a_hit_an,2026-06-22,Monday,92
20260622,3148,ファンキージャグラー2,8,0,0,0,2026-06-22,22,0,0622,True,False,False,3F,3144-3155,3144,3155,5,8,12,medium,L,5,5,A,3F_L_A,,5,22,0,301.78227360308284,150.0,312.5874125874126,171.585557299843,0.0,0.0,350.0,98.30528977439081,0.43641618497109824,31.213872832369944,100.0,0.0,31.213872832369944,211.4427902815599,v6a_hit_an,2026-06-22,Monday,93
20260622,3172,ゴーゴージャグラー3,2,0,0,0,2026-06-22,22,0,0622,True,False,False,3F,3168-3180,3168,3180,5,9,13,medium,L,5,5,A,3F_L_A,,5,22,0,301.78227360308284,150.0,312.5874125874126,171.585557299843,0.0,0.0,211.84971098265896,97.62904238534962,0.3901734104046243,26.300578034682083,100.0,0.0,26.300578034682083,210.95146080179111,v6a_hit_an,2026-06-22,Monday,94
20260622,3121,マイジャグラーV,1,0,0,0,2026-06-22,22,0,0622,True,False,False,3F,3117-3130,3117,3130,5,10,14,medium,L,5,5,A,3F_L_A,,5,22,0,301.78227360308284,150.0,312.5874125874126,171.585557299843,0.0,0.0,261.5606936416185,98.97253465593937,0.4624277456647399,25.43352601156069,100.0,0.0,25.43352601156069,210.86475559947897,v6a_hit_an,2026-06-22,Monday,95
20260622,2133,甲鉄城のカバネリ,3,1,0,0,2026-06-22,22,0,0622,True,False,False,2F,2129-2142,2129,2142,5,10,14,medium,L,5,5,N,2F_L_N,,5,22,0,266.53179190751445,150.0,378.030303030303,165.22108843537416,0.0,0.0,434.1040462427746,104.47348492666771,0.48554913294797686,39.884393063583815,0.0,0.0,39.884393063583815,210.54018587729365,v6a_hit_an,2026-06-22,Monday,96
20260622,2048,甲鉄城のカバネリ 海門(うなと)決戦,8,0,0,0,2026-06-22,22,0,0622,True,False,False,2F,2041-2052,2041,2052,8,5,12,medium,L,8,5,N,2F_L_N,,5,22,0,266.53179190751445,150.0,378.030303030303,165.22108843537416,0.0,0.0,671.0982658959538,104.52922235913172,0.407514450867052,36.99421965317919,0.0,0.0,36.99421965317919,210.2511685362532,v6a_hit_an,2026-06-22,Monday,97
20260622,2057,戦国乙女5 業火を穿つ宿焔の双刃,7,0,0,0,2026-06-22,22,0,0622,True,False,False,2F,2053-2064,2053,2064,5,8,12,medium,L,5,5,N,2F_L_N,,5,22,0,266.53179190751445,150.0,378.030303030303,165.22108843537416,0.0,0.0,394.7976878612717,101.8045263972933,0.4161849710982659,31.213872832369944,0.0,0.0,31.213872832369944,209.67313385417228,v6a_hit_an,2026-06-22,Monday,98
20260622,2081,マギアレコード 魔法少女まどか☆マギカ外伝,1,0,0,0,2026-06-22,22,0,0622,True,False,False,2F,2077-2088,2077,2088,5,8,12,medium,L,5,5,N,2F_L_N,,5,22,0,266.53179190751445,150.0,378.030303030303,165.22108843537416,0.0,0.0,241.04046242774567,99.92159434917774,0.3815028901734104,30.63583815028902,0.0,0.0,30.63583815028902,209.61533038596417,v6a_hit_an,2026-06-22,Monday,99
20260622,2097,マギアレコード 魔法少女まどか☆マギカ外伝,7,0,0,0,2026-06-22,22,0,0622,True,False,False,2F,2089-2101,2089,2101,9,5,13,medium,L,9,5,N,2F_L_N,,5,22,0,266.53179190751445,150.0,378.030303030303,165.22108843537416,0.0,0.0,255.20231213872833,100.83512963309447,0.4046242774566474,30.346820809248555,0.0,0.0,30.346820809248555,209.58642865186013,v6a_hit_an,2026-06-22,Monday,100
20260622,2072,戦国乙女5 業火を穿つ宿焔の双刃,2,0,0,0,2026-06-22,22,0,0622,True,False,False,2F,2065-2076,2065,2076,8,5,12,medium,L,8,5,N,2F_L_N,,5,22,0,266.53179190751445,150.0,378.030303030303,165.22108843537416,0.0,0.0,47.10982658959538,99.44278324364308,0.3815028901734104,28.61271676300578,0.0,0.0,28.61271676300578,209.41301824723587,v6a_hit_an,2026-06-22,Monday,101
20260622,2124,戦国乙女4 戦乱に閃く炯眼の軍師,4,0,0,0,2026-06-22,22,0,0622,True,False,False,2F,2115-2128,2115,2128,10,5,14,medium,L,10,5,N,2F_L_N,,5,22,0,266.53179190751445,150.0,378.030303030303,165.22108843537416,0.0,0.0,185.83815028901734,98.60215280117743,0.37572254335260113,28.034682080924856,0.0,0.0,28.034682080924856,209.35521477902776,v6a_hit_an,2026-06-22,Monday,102
20260622,3335,ネオアイムジャグラーEX,5,0,0,0,2026-06-22,22,0,0622,True,False,False,3F,3325-3340,3325,3340,11,6,16,large,R,11,11,A,3F_R_A,,11,22,0,260.0,200.0,302.4193548387097,208.33333333333334,0.0,50.0,226.30057803468208,97.28873823054869,0.4277456647398844,29.47976878612717,100.0,0.0,29.47976878612717,208.35846074958047,v6a_hit_an,2026-06-22,Monday,103
20260622,3275,マイジャグラーV,5,0,0,0,2026-06-22,22,0,0622,True,False,False,3F,3265-3280,3265,3280,11,6,16,large,R,11,11,A,3F_R_A,,11,22,0,260.0,200.0,302.4193548387097,208.33333333333334,0.0,50.0,275.7225433526012,98.59586582044257,0.43641618497109824,25.14450867052023,100.0,0.0,25.14450867052023,207.9249347380198,v6a_hit_an,2026-06-22,Monday,104
20260622,3305,ウルトラミラクルジャグラー,5,0,0,0,2026-06-22,22,0,0622,True,False,False,3F,3295-3309,3295,3309,11,5,15,large,R,11,11,A,3F_R_A,,11,22,0,260.0,200.0,302.4193548387097,208.33333333333334,0.0,50.0,159.2485549132948,97.47273225440135,0.41329479768786126,23.410404624277454,100.0,0.0,23.410404624277454,207.7515243333955,v6a_hit_an,2026-06-22,Monday,105
20260622,3011,キングハナハナ-30,1,1,0,0,2026-06-22,22,0,0622,True,False,False,3F,3001-3016,3001,3016,11,6,16,large,R,11,11,A,3F_R_A,,11,22,0,260.0,200.0,302.4193548387097,208.33333333333334,0.0,0.0,351.4450867052023,98.82371651816129,0.4797687861271676,31.213872832369944,100.0,0.0,31.213872832369944,206.28187115420477,v6a_hit_an,2026-06-22,Monday,106
20260622,3314,ミスタージャグラー,4,0,0,0,2026-06-22,22,0,0622,True,False,False,3F,3310-3324,3310,3324,5,11,15,large,R,5,11,A,3F_R_A,,11,22,0,260.0,200.0,302.4193548387097,208.33333333333334,0.0,0.0,287.28323699421964,98.5077791571746,0.4479768786127168,26.878612716763005,100.0,0.0,26.878612716763005,205.84834514264406,v6a_hit_an,2026-06-22,Monday,107
20260622,2235,モンキーターンV,5,0,0,0,2026-06-22,22,0,0622,True,False,False,2F,2230-2246,2230,2246,6,12,17,large,R,6,12,N,2F_R_N,,12,22,0,284.1361592806679,150.0,232.05741626794259,207.9484425349087,0.0,50.0,504.6242774566474,103.10541078489318,0.4595375722543353,35.83815028901734,0.0,0.0,35.83815028901734,198.21620704038455,v6a_hit_an,2026-06-22,Monday,108
20260622,2269,北斗の拳 転生の章2,9,0,0,0,2026-06-22,22,0,0622,True,False,False,2F,2264-2280,2264,2280,6,12,17,large,R,6,12,N,2F_R_N,,12,22,0,284.1361592806679,150.0,232.05741626794259,207.9484425349087,0.0,50.0,260.11560693641616,101.51848218028238,0.3815028901734104,31.502890173410403,0.0,0.0,31.502890173410403,197.78268102882384,v6a_hit_an,2026-06-22,Monday,109
20260622,2325,バンドリ！,5,0,0,0,2026-06-22,22,0,0622,True,False,False,2F,2314-2329,2314,2329,12,5,16,large,R,12,12,N,2F_R_N,,12,22,0,284.1361592806679,150.0,232.05741626794259,207.9484425349087,0.0,50.0,239.59537572254337,103.56443375378981,0.36127167630057805,31.502890173410403,0.0,0.0,31.502890173410403,197.78268102882384,v6a_hit_an,2026-06-22,Monday,110
20260622,2340,少女☆歌劇 レヴュースタァライト ‐The SLOT‐,0,0,0,0,2026-06-22,22,0,0622,True,False,False,2F,2330-2351,2330,2351,11,12,22,large,R,12,12,N,2F_R_N,,12,22,0,284.1361592806679,150.0,232.05741626794259,207.9484425349087,0.0,50.0,440.7514450867052,102.65707549791794,0.3699421965317919,30.63583815028902,0.0,0.0,30.63583815028902,197.6959758265117,v6a_hit_an,2026-06-22,Monday,111
20260622,3211,東京喰種,1,1,0,0,2026-06-22,22,0,0622,True,False,False,3F,3209-3217,3209,3217,3,7,9,small,L,3,3,N,3F_L_N,,3,22,0,537.8612716763006,100.0,-305.3030303030303,249.14965986394557,144.59759893285906,0.0,537.8612716763006,106.33509554959748,0.4653179190751445,41.040462427745666,0.0,0.0,41.040462427745666,196.42165462530863,v6a_hit_an,2026-06-22,Monday,112
20260622,2258,スマスロ北斗の拳,8,0,0,0,2026-06-22,22,0,0622,True,False,False,2F,2247-2263,2247,2263,12,6,17,large,R,12,12,N,2F_R_N,,12,22,0,284.1361592806679,150.0,232.05741626794259,207.9484425349087,0.0,0.0,479.19075144508673,104.39923227025876,0.40173410404624277,34.68208092485549,0.0,0.0,34.68208092485549,195.85060010396836,v6a_hit_an,2026-06-22,Monday,113
20260622,2224,モンキーターンV,4,0,0,0,2026-06-22,22,0,0622,True,False,False,2F,2213-2229,2213,2229,12,6,17,large,R,12,12,N,2F_R_N,,12,22,0,284.1361592806679,150.0,232.05741626794259,207.9484425349087,0.0,0.0,263.0057803468208,104.5810038078211,0.4277456647398844,34.39306358381503,0.0,0.0,34.39306358381503,195.82169836986432,v6a_hit_an,2026-06-22,Monday,114
20260622,2292,かぐや様は告らせたい,2,0,0,0,2026-06-22,22,0,0622,True,False,False,2F,2281-2297,2281,2297,12,6,17,large,R,12,12,N,2F_R_N,,12,22,0,284.1361592806679,150.0,232.05741626794259,207.9484425349087,0.0,0.0,447.6878612716763,102.21178272721528,0.38439306358381503,31.502890173410403,0.0,0.0,31.502890173410403,195.53268102882384,v6a_hit_an,2026-06-22,Monday,115
20260622,2302,アズールレーン THE ANIMATION,2,0,0,0,2026-06-22,22,0,0622,True,False,False,2F,2298-2313,2298,2313,5,12,16,large,R,5,12,N,2F_R_N,,12,22,0,284.1361592806679,150.0,232.05741626794259,207.9484425349087,0.0,0.0,221.67630057803467,100.05312227457858,0.36416184971098264,28.61271676300578,0.0,0.0,28.61271676300578,195.2436636877834,v6a_hit_an,2026-06-22,Monday,116
20260622,2270,北斗の拳 転生の章2,0,0,0,0,2026-06-22,22,0,0622,True,False,False,2F,2264-2280,2264,2280,7,11,17,large,R,7,11,N,2F_R_N,,11,22,0,245.1950867052023,200.0,215.15151515151516,263.03854875283446,0.0,50.0,267.34104046242777,101.90931367367988,0.4046242774566474,33.81502890173411,0.0,0.0,33.81502890173411,195.13921091295163,v6a_hit_an,2026-06-22,Monday,117
20260622,2201,スマスロ炎炎ノ消防隊2,1,0,0,0,2026-06-22,22,0,0622,True,False,False,2F,2196-2212,2196,2212,6,12,17,large,R,6,12,N,2F_R_N,,12,22,0,284.1361592806679,150.0,232.05741626794259,207.9484425349087,0.0,0.0,-299.4219653179191,97.54518099406634,0.3439306358381503,24.85549132947977,0.0,0.0,24.85549132947977,194.86794114443077,v6a_hit_an,2026-06-22,Monday,118
20260622,2236,モンキーターンV,6,0,0,0,2026-06-22,22,0,0622,True,False,False,2F,2230-2246,2230,2246,7,11,17,large,R,7,11,N,2F_R_N,,11,22,0,245.1950867052023,200.0,215.15151515151516,263.03854875283446,0.0,50.0,233.8150289017341,100.7141097705462,0.4277456647398844,30.924855491329478,0.0,0.0,30.924855491329478,194.85019357191118,v6a_hit_an,2026-06-22,Monday,119
20260622,3204,この素晴らしい世界に祝福を！,4,0,0,0,2026-06-22,22,0,0622,True,False,False,3F,3191-3208,3191,3208,14,5,18,large,L,5,14,N,3F_L_N,,14,22,0,273.6994219653179,50.0,236.36363636363637,302.0408163265306,72.075843388328,0.0,273.6994219653179,99.72811426140989,0.45664739884393063,29.76878612716763,0.0,0.0,29.76878612716763,194.8230482222422,v6a_hit_an,2026-06-22,Monday,120
20260622,2164,ディスクアップ ULTRAREMIX,4,0,0,0,2026-06-22,22,0,0622,True,False,False,2F,2155-2164,2155,2164,10,1,10,small,R,10,10,N,2F_R_N,,10,22,0,325.7225433526012,0.0,243.54066985645932,224.91944146079484,0.0,0.0,325.7225433526012,101.5643503875363,0.5289017341040463,30.924855491329478,0.0,0.0,30.924855491329478,194.55404632743938,v6a_hit_an,2026-06-22,Monday,121
20260622,2324,ガールズ&パンツァー 最終章,4,0,0,0,2026-06-22,22,0,0622,True,False,False,2F,2314-2329,2314,2329,11,6,16,large,R,11,11,N,2F_R_N,,11,22,0,245.1950867052023,200.0,215.15151515151516,263.03854875283446,0.0,0.0,487.57225433526014,106.50243516558021,0.43352601156069365,37.861271676300575,0.0,0.0,37.861271676300575,193.2938351904083,v6a_hit_an,2026-06-22,Monday,122
20260622,2303,アズールレーン THE ANIMATION,3,0,0,0,2026-06-22,22,0,0622,True,False,False,2F,2298-2313,2298,2313,6,11,16,large,R,6,11,N,2F_R_N,,11,22,0,245.1950867052023,200.0,215.15151515151516,263.03854875283446,0.0,0.0,397.97687861271675,102.88067800568986,0.42196531791907516,34.39306358381503,0.0,0.0,34.39306358381503,192.94701438115973,v6a_hit_an,2026-06-22,Monday,123
20260622,2257,スマスロ北斗の拳,7,0,0,0,2026-06-22,22,0,0622,True,False,False,2F,2247-2263,2247,2263,11,7,17,large,R,11,11,N,2F_R_N,,11,22,0,245.1950867052023,200.0,215.15151515151516,263.03854875283446,0.0,0.0,413.0057803468208,104.44578593099452,0.4190751445086705,33.52601156069364,0.0,0.0,33.52601156069364,192.8603091788476,v6a_hit_an,2026-06-22,Monday,124
20260622,2223,モンキーターンV,3,0,0,0,2026-06-22,22,0,0622,True,False,False,2F,2213-2229,2213,2229,11,7,17,large,R,11,11,N,2F_R_N,,11,22,0,245.1950867052023,200.0,215.15151515151516,263.03854875283446,0.0,0.0,62.42774566473989,101.11187778002581,0.40173410404624277,30.924855491329478,0.0,0.0,30.924855491329478,192.60019357191118,v6a_hit_an,2026-06-22,Monday,125
20260622,2070,戦国乙女5 業火を穿つ宿焔の双刃,0,0,0,0,2026-06-22,22,0,0622,True,False,False,2F,2065-2076,2065,2076,6,7,12,medium,R,6,7,N,2F_R_N,,7,22,0,272.6396917148362,150.0,306.8181818181818,97.95918367346938,0.0,50.0,496.53179190751445,102.69018422842463,0.4190751445086705,34.971098265895954,0.0,0.0,34.971098265895954,192.59916136712175,v6a_hit_an,2026-06-22,Monday,126
20260622,2046,甲鉄城のカバネリ 海門(うなと)決戦,6,0,0,0,2026-06-22,22,0,0622,True,False,False,2F,2041-2052,2041,2052,6,7,12,medium,R,6,7,N,2F_R_N,,7,22,0,272.6396917148362,150.0,306.8181818181818,97.95918367346938,0.0,50.0,306.64739884393066,100.1470385178871,0.3872832369942196,32.947976878612714,0.0,0.0,32.947976878612714,192.39684922839342,v6a_hit_an,2026-06-22,Monday,127
20260622,2059,戦国乙女5 業火を穿つ宿焔の双刃,9,0,0,0,2026-06-22,22,0,0622,True,False,False,2F,2053-2064,2053,2064,7,6,12,medium,R,7,7,N,2F_R_N,,7,22,0,272.6396917148362,150.0,306.8181818181818,97.95918367346938,0.0,50.0,66.47398843930635,100.15207342656329,0.3930635838150289,31.79190751445087,0.0,0.0,31.79190751445087,192.28124229197724,v6a_hit_an,2026-06-22,Monday,128
20260622,2202,スマスロ炎炎ノ消防隊2,2,0,0,0,2026-06-22,22,0,0622,True,False,False,2F,2196-2212,2196,2212,7,11,17,large,R,7,11,N,2F_R_N,,11,22,0,245.1950867052023,200.0,215.15151515151516,263.03854875283446,0.0,0.0,-12.716763005780347,100.43101351951647,0.3468208092485549,27.45664739884393,0.0,0.0,27.45664739884393,192.25337276266262,v6a_hit_an,2026-06-22,Monday,129
20260622,2291,かぐや様は告らせたい,1,0,0,0,2026-06-22,22,0,0622,True,False,False,2F,2281-2297,2281,2297,11,7,17,large,R,11,11,N,2F_R_N,,11,22,0,245.1950867052023,200.0,215.15151515151516,263.03854875283446,0.0,0.0,112.13872832369943,98.57296848613346,0.3236994219653179,26.589595375722542,0.0,0.0,26.589595375722542,192.16666756035048,v6a_hit_an,2026-06-22,Monday,130
20260622,2256,スマスロ北斗の拳,6,0,0,0,2026-06-22,22,0,0622,True,False,False,2F,2247-2263,2247,2263,10,8,17,large,R,10,10,N,2F_R_N,,10,22,0,252.02312138728323,150.0,243.54066985645932,224.91944146079484,0.0,50.0,504.33526011560696,103.97205195679362,0.4190751445086705,35.26011560693642,0.0,0.0,35.26011560693642,190.95578043148558,v6a_hit_an,2026-06-22,Monday,131
20260622,2290,かぐや様は告らせたい,0,0,0,0,2026-06-22,22,0,0622,True,False,False,2F,2281-2297,2281,2297,10,8,17,large,R,10,10,N,2F_R_N,,10,22,0,252.02312138728323,150.0,243.54066985645932,224.91944146079484,0.0,50.0,317.91907514450867,101.42541731974771,0.34104046242774566,28.61271676300578,0.0,0.0,28.61271676300578,190.29104054709254,v6a_hit_an,2026-06-22,Monday,132
20260622,2148,バイオハザード RE:3,8,0,0,0,2026-06-22,22,0,0622,True,False,False,2F,2143-2154,2143,2154,6,7,12,medium,R,6,7,N,2F_R_N,,7,22,0,272.6396917148362,150.0,306.8181818181818,97.95918367346938,0.0,0.0,430.3468208092485,101.08353764277811,0.4046242774566474,33.23699421965318,0.0,0.0,33.23699421965318,190.1757509624975,v6a_hit_an,2026-06-22,Monday,133
20260622,2017,甲鉄城のカバネリ 海門(うなと)決戦,7,0,0,0,2026-06-22,22,0,0622,True,False,False,2F,2011-2022,2011,2022,7,6,12,medium,R,7,7,N,2F_R_N,,7,22,0,272.6396917148362,150.0,306.8181818181818,97.95918367346938,0.0,0.0,437.28323699421964,101.56828886949869,0.407514450867052,32.65895953757225,0.0,0.0,32.65895953757225,190.11794749428938,v6a_hit_an,2026-06-22,Monday,134
20260622,3336,ネオアイムジャグラーEX,6,0,0,0,2026-06-22,22,0,0622,True,False,False,3F,3325-3340,3325,3340,12,5,16,large,R,12,12,A,3F_R_A,,12,22,0,232.36994219653178,150.0,322.22222222222223,169.88352745424294,0.0,50.0,281.7919075144509,98.0724480265883,0.4595375722543353,29.47976878612717,100.0,0.0,29.47976878612717,190.03543227568696,v6a_hit_an,2026-06-22,Monday,135
20260622,3306,ウルトラミラクルジャグラー,6,0,0,0,2026-06-22,22,0,0622,True,False,False,3F,3295-3309,3295,3309,12,4,15,large,R,12,12,A,3F_R_A,,12,22,0,232.36994219653178,150.0,322.22222222222223,169.88352745424294,0.0,50.0,258.67052023121386,97.59503674226455,0.4046242774566474,26.011560693641616,100.0,0.0,26.011560693641616,189.6886114664384,v6a_hit_an,2026-06-22,Monday,136
20260622,2083,マギアレコード 魔法少女まどか☆マギカ外伝,3,0,0,0,2026-06-22,22,0,0622,True,False,False,2F,2077-2088,2077,2088,7,6,12,medium,R,7,7,N,2F_R_N,,7,22,0,272.6396917148362,150.0,306.8181818181818,97.95918367346938,0.0,0.0,-101.44508670520231,98.65423901428385,0.3815028901734104,27.74566473988439,0.0,0.0,27.74566473988439,189.6266180145206,v6a_hit_an,2026-06-22,Monday,137
20260622,3276,マイジャグラーV,6,0,0,0,2026-06-22,22,0,0622,True,False,False,3F,3265-3280,3265,3280,12,5,16,large,R,12,12,A,3F_R_A,,12,22,0,232.36994219653178,150.0,322.22222222222223,169.88352745424294,0.0,50.0,119.94219653179191,98.3821374011818,0.4508670520231214,23.699421965317917,100.0,0.0,23.699421965317917,189.45739759360603,v6a_hit_an,2026-06-22,Monday,138
20260622,2323,ガールズ&パンツァー 最終章,3,0,0,0,2026-06-22,22,0,0622,True,False,False,2F,2314-2329,2314,2329,10,7,16,large,R,10,10,N,2F_R_N,,10,22,0,252.02312138728323,150.0,243.54066985645932,224.91944146079484,0.0,0.0,304.04624277456645,102.30552598615728,0.4595375722543353,36.99421965317919,0.0,0.0,36.99421965317919,188.87919083610987,v6a_hit_an,2026-06-22,Monday,139
20260622,2222,モンキーターンV,2,1,0,0,2026-06-22,22,0,0622,True,False,False,2F,2213-2229,2213,2229,10,8,17,large,R,10,10,N,2F_R_N,,10,22,0,252.02312138728323,150.0,243.54066985645932,224.91944146079484,0.0,0.0,299.4219653179191,104.61700863222102,0.43352601156069365,36.127167630057805,0.0,0.0,36.127167630057805,188.79248563379772,v6a_hit_an,2026-06-22,Monday,140
20260622,2120,痛いのは嫌なので防御力に極振りしたいと思います。,0,0,0,0,2026-06-22,22,0,0622,True,False,False,2F,2115-2128,2115,2128,6,9,14,medium,R,6,9,N,2F_R_N,,9,22,0,367.3699421965318,50.0,-63.03030303030303,407.3469387755102,0.0,50.0,465.02890173410407,101.80687027760065,0.42485549132947975,37.861271676300575,0.0,0.0,37.861271676300575,188.68568854762083,v6a_hit_an,2026-06-22,Monday,141
20260622,2237,モンキーターンV,7,0,0,0,2026-06-22,22,0,0622,True,False,False,2F,2230-2246,2230,2246,8,10,17,large,R,8,10,N,2F_R_N,,10,22,0,252.02312138728323,150.0,243.54066985645932,224.91944146079484,0.0,0.0,563.0057803468208,104.74624898422364,0.4508670520231214,34.971098265895954,0.0,0.0,34.971098265895954,188.67687869738154,v6a_hit_an,2026-06-22,Monday,142
20260622,2304,アズールレーン THE ANIMATION,4,0,0,0,2026-06-22,22,0,0622,True,False,False,2F,2298-2313,2298,2313,7,10,16,large,R,7,10,N,2F_R_N,,10,22,0,252.02312138728323,150.0,243.54066985645932,224.91944146079484,0.0,0.0,213.0057803468208,100.15055599417269,0.41329479768786126,34.39306358381503,0.0,0.0,34.39306358381503,188.61907522917346,v6a_hit_an,2026-06-22,Monday,143
20260622,2271,北斗の拳 転生の章2,1,0,0,0,2026-06-22,22,0,0622,True,False,False,2F,2264-2280,2264,2280,8,10,17,large,R,8,10,N,2F_R_N,,10,22,0,252.02312138728323,150.0,243.54066985645932,224.91944146079484,0.0,0.0,488.728323699422,102.61407930606737,0.40173410404624277,34.104046242774565,0.0,0.0,34.104046242774565,188.5901734950694,v6a_hit_an,2026-06-22,Monday,144
20260622,2146,バイオハザード RE:3,6,0,0,0,2026-06-22,22,0,0622,True,False,False,2F,2143-2154,2143,2154,4,9,12,medium,R,4,9,N,2F_R_N,,9,22,0,367.3699421965318,50.0,-63.03030303030303,407.3469387755102,0.0,50.0,430.3468208092485,102.89430868445628,0.4277456647398844,36.127167630057805,0.0,0.0,36.127167630057805,188.51227814299654,v6a_hit_an,2026-06-22,Monday,145
20260622,2019,甲鉄城のカバネリ 海門(うなと)決戦,9,0,0,0,2026-06-22,22,0,0622,True,False,False,2F,2011-2022,2011,2022,9,4,12,medium,R,9,9,N,2F_R_N,,9,22,0,367.3699421965318,50.0,-63.03030303030303,407.3469387755102,0.0,50.0,493.0635838150289,102.68601655813283,0.40173410404624277,34.104046242774565,0.0,0.0,34.104046242774565,188.3099660042682,v6a_hit_an,2026-06-22,Monday,146
20260622,2110,モンスターハンターライズ,0,0,0,0,2026-06-22,22,0,0622,True,False,False,2F,2102-2114,2102,2114,9,5,13,medium,R,9,9,N,2F_R_N,,9,22,0,367.3699421965318,50.0,-63.03030303030303,407.3469387755102,0.0,50.0,331.7919075144509,100.96420467054025,0.42196531791907516,34.104046242774565,0.0,0.0,34.104046242774565,188.3099660042682,v6a_hit_an,2026-06-22,Monday,147
20260622,3012,キングハナハナ-30,2,0,0,0,2026-06-22,22,0,0622,True,False,False,3F,3001-3016,3001,3016,12,5,16,large,R,12,12,A,3F_R_A,,12,22,0,232.36994219653178,150.0,322.22222222222223,169.88352745424294,0.0,0.0,335.83815028901734,98.54918476921638,0.4595375722543353,33.23699421965318,100.0,0.0,33.23699421965318,188.16115481903958,v6a_hit_an,2026-06-22,Monday,148
20260622,2085,マギアレコード 魔法少女まどか☆マギカ外伝,5,0,0,0,2026-06-22,22,0,0622,True,False,False,2F,2077-2088,2077,2088,9,4,12,medium,R,9,9,N,2F_R_N,,9,22,0,367.3699421965318,50.0,-63.03030303030303,407.3469387755102,0.0,50.0,251.15606936416185,99.39355258431335,0.41040462427745666,30.924855491329478,0.0,0.0,30.924855491329478,187.99204692912372,v6a_hit_an,2026-06-22,Monday,149
20260622,3351,ネオアイムジャグラーEX,1,0,0,0,2026-06-22,22,0,0622,True,False,False,3F,3341-3362,3341,3362,11,12,22,large,R,12,12,A,3F_R_A,,12,22,0,232.36994219653178,150.0,322.22222222222223,169.88352745424294,0.0,0.0,207.51445086705203,97.03229511355613,0.407514450867052,29.76878612716763,100.0,0.0,29.76878612716763,187.81433400979103,v6a_hit_an,2026-06-22,Monday,150
20260622,2203,スマスロ炎炎ノ消防隊2,3,0,0,0,2026-06-22,22,0,0622,True,False,False,2F,2196-2212,2196,2212,8,10,17,large,R,8,10,N,2F_R_N,,10,22,0,252.02312138728323,150.0,243.54066985645932,224.91944146079484,0.0,0.0,-674.2774566473988,94.36259322061238,0.28901734104046245,23.98843930635838,0.0,0.0,23.98843930635838,187.5786128014278,v6a_hit_an,2026-06-22,Monday,151
20260622,3313,ミスタージャグラー,3,0,0,0,2026-06-22,22,0,0622,True,False,False,3F,3310-3324,3310,3324,4,12,15,large,R,4,12,A,3F_R_A,,12,22,0,232.36994219653178,150.0,322.22222222222223,169.88352745424294,0.0,0.0,190.46242774566474,98.0551764287913,0.43352601156069365,26.878612716763005,100.0,0.0,26.878612716763005,187.52531666875055,v6a_hit_an,2026-06-22,Monday,152
20260622,3206,この素晴らしい世界に祝福を！,6,0,0,0,2026-06-22,22,0,0622,True,False,False,3F,3191-3208,3191,3208,16,3,18,large,L,3,16,N,3F_L_N,,16,22,0,234.68208092485548,0.0,463.6363636363636,69.38775510204081,93.78612716763006,50.0,234.68208092485548,99.77411939164402,0.40173410404624277,24.85549132947977,0.0,0.0,24.85549132947977,186.26336638176028,v6a_hit_an,2026-06-22,Monday,153
20260622,2068,戦国乙女5 業火を穿つ宿焔の双刃,8,0,0,0,2026-06-22,22,0,0622,True,False,False,2F,2065-2076,2065,2076,4,9,12,medium,R,4,9,N,2F_R_N,,9,22,0,367.3699421965318,50.0,-63.03030303030303,407.3469387755102,0.0,0.0,342.77456647398844,101.01438890164954,0.407514450867052,34.39306358381503,0.0,0.0,34.39306358381503,186.08886773837227,v6a_hit_an,2026-06-22,Monday,154
20260622,2061,戦国乙女5 業火を穿つ宿焔の双刃,1,0,0,0,2026-06-22,22,0,0622,True,False,False,2F,2053-2064,2053,2064,9,4,12,medium,R,9,9,N,2F_R_N,,9,22,0,367.3699421965318,50.0,-63.03030303030303,407.3469387755102,0.0,0.0,386.9942196531792,102.33127201952733,0.4046242774566474,33.23699421965318,0.0,0.0,33.23699421965318,185.9732608019561,v6a_hit_an,2026-06-22,Monday,155
20260622,2137,バイオハザード RE:3,7,0,0,0,2026-06-22,22,0,0622,True,False,False,2F,2129-2142,2129,2142,9,6,14,medium,R,9,9,N,2F_R_N,,9,22,0,367.3699421965318,50.0,-63.03030303030303,407.3469387755102,0.0,0.0,369.0751445086705,103.14766268942002,0.4479768786127168,32.65895953757225,0.0,0.0,32.65895953757225,185.91545733374798,v6a_hit_an,2026-06-22,Monday,156
20260622,2093,マギアレコード 魔法少女まどか☆マギカ外伝,3,0,0,0,2026-06-22,22,0,0622,True,False,False,2F,2089-2101,2089,2101,5,9,13,medium,R,5,9,N,2F_R_N,,9,22,0,367.3699421965318,50.0,-63.03030303030303,407.3469387755102,0.0,0.0,372.5433526011561,100.38641700205697,0.3699421965317919,30.346820809248555,0.0,0.0,30.346820809248555,185.6842434609156,v6a_hit_an,2026-06-22,Monday,157
20260622,2044,甲鉄城のカバネリ 海門(うなと)決戦,4,1,0,0,2026-06-22,22,0,0622,True,False,False,2F,2041-2052,2041,2052,4,9,12,medium,R,4,9,N,2F_R_N,,9,22,0,367.3699421965318,50.0,-63.03030303030303,407.3469387755102,0.0,0.0,230.92485549132948,99.48973058711307,0.37572254335260113,29.47976878612717,0.0,0.0,29.47976878612717,185.59753825860346,v6a_hit_an,2026-06-22,Monday,158
20260622,3159,ファンキージャグラー2,9,0,0,0,2026-06-22,22,0,0622,True,False,False,3F,3156-3167,3156,3167,4,9,12,medium,R,4,9,A,3F_R_A,,9,22,0,292.7549607752653,50.0,190.37037037037038,224.2928452579035,0.0,50.0,343.9306358381503,97.93683696652556,0.4277456647398844,31.502890173410403,100.0,0.0,31.502890173410403,182.0882756729202,v6a_hit_an,2026-06-22,Monday,159
20260622,3125,マイジャグラーV,5,0,0,0,2026-06-22,22,0,0622,True,False,False,3F,3117-3130,3117,3130,9,6,14,medium,R,9,9,A,3F_R_A,,9,22,0,292.7549607752653,50.0,190.37037037037038,224.2928452579035,0.0,50.0,316.7630057803468,99.1221433630701,0.4595375722543353,29.190751445086704,100.0,0.0,29.190751445086704,181.85706180008782,v6a_hit_an,2026-06-22,Monday,160
20260622,3135,マイジャグラーV,5,0,0,0,2026-06-22,22,0,0622,True,False,False,3F,3131-3143,3131,3143,5,9,13,medium,R,5,9,A,3F_R_A,,9,22,0,292.7549607752653,50.0,190.37037037037038,224.2928452579035,0.0,50.0,420.80924855491327,99.628534318923,0.45664739884393063,28.61271676300578,100.0,0.0,28.61271676300578,181.79925833187974,v6a_hit_an,2026-06-22,Monday,161
20260622,3176,ゴーゴージャグラー3,6,0,0,0,2026-06-22,22,0,0622,True,False,False,3F,3168-3180,3168,3180,9,5,13,medium,R,9,9,A,3F_R_A,,9,22,0,292.7549607752653,50.0,190.37037037037038,224.2928452579035,0.0,50.0,188.43930635838151,97.68721291622933,0.44508670520231214,26.878612716763005,100.0,0.0,26.878612716763005,181.62584792725545,v6a_hit_an,2026-06-22,Monday,162
20260622,3286,マイジャグラーV,6,0,0,0,2026-06-22,22,0,0622,True,False,False,3F,3281-3294,3281,3294,6,9,14,medium,R,6,9,A,3F_R_A,,9,22,0,292.7549607752653,50.0,190.37037037037038,224.2928452579035,0.0,50.0,210.98265895953756,98.34942058919425,0.4421965317919075,26.589595375722542,100.0,0.0,26.589595375722542,181.5969461931514,v6a_hit_an,2026-06-22,Monday,163
20260622,3120,マイジャグラーV,0,0,0,0,2026-06-22,22,0,0622,True,False,False,3F,3117-3130,3117,3130,4,11,14,medium,L,4,4,A,3F_L_A,,4,22,0,278.27552986512524,100.0,216.08391608391608,174.8822605965463,0.0,50.0,305.4913294797688,98.75737972697436,0.47398843930635837,31.213872832369944,100.0,0.0,31.213872832369944,181.55478811032074,v6a_hit_an,2026-06-22,Monday,164
20260622,3140,マイジャグラーV,0,0,0,0,2026-06-22,22,0,0622,True,False,False,3F,3131-3143,3131,3143,10,4,13,medium,L,10,4,A,3F_L_A,,4,22,0,278.27552986512524,100.0,216.08391608391608,174.8822605965463,0.0,50.0,258.09248554913296,98.87194113275369,0.4393063583815029,28.034682080924856,100.0,0.0,28.034682080924856,181.23686903517623,v6a_hit_an,2026-06-22,Monday,165
20260622,2116,痛いのは嫌なので防御力に極振りしたいと思います。,6,0,0,0,2026-06-22,22,0,0622,True,False,False,2F,2115-2128,2115,2128,2,13,14,medium,R,2,13,N,2F_R_N,,13,22,0,239.7398843930636,0.0,266.43356643356645,294.81946624803766,0.0,50.0,384.97109826589593,100.8857622687477,0.40173410404624277,32.947976878612714,0.0,0.0,32.947976878612714,179.60982597089122,v6a_hit_an,2026-06-22,Monday,166
20260622,3152,ファンキージャグラー2,2,0,0,0,2026-06-22,22,0,0622,True,False,False,3F,3144-3155,3144,3155,9,4,12,medium,R,9,9,A,3F_R_A,,9,22,0,292.7549607752653,50.0,190.37037037037038,224.2928452579035,0.0,0.0,279.76878612716763,98.09201548859018,0.42485549132947975,28.901734104046245,100.0,0.0,28.901734104046245,179.57816006598378,v6a_hit_an,2026-06-22,Monday,167
20260622,3126,マイジャグラーV,6,0,0,0,2026-06-22,22,0,0622,True,False,False,3F,3117-3130,3117,3130,10,5,14,medium,R,10,10,A,3F_R_A,,10,22,0,216.56668204891554,0.0,334.81481481481484,268.7188019966722,0.0,50.0,201.4450867052023,98.35319781284383,0.44508670520231214,27.74566473988439,100.0,0.0,27.74566473988439,179.5322769478155,v6a_hit_an,2026-06-22,Monday,168
20260622,3285,マイジャグラーV,5,0,0,0,2026-06-22,22,0,0622,True,False,False,3F,3281-3294,3281,3294,5,10,14,medium,R,5,10,A,3F_R_A,,10,22,0,216.56668204891554,0.0,334.81481481481484,268.7188019966722,0.0,50.0,312.42774566473986,99.18060705109272,0.47109826589595377,27.74566473988439,100.0,0.0,27.74566473988439,179.5322769478155,v6a_hit_an,2026-06-22,Monday,169
20260622,3171,ゴーゴージャグラー3,1,0,0,0,2026-06-22,22,0,0622,True,False,False,3F,3168-3180,3168,3180,4,10,13,medium,L,4,4,A,3F_L_A,,4,22,0,278.27552986512524,100.0,216.08391608391608,174.8822605965463,0.0,0.0,331.7919075144509,98.67064613760915,0.4653179190751445,30.057803468208093,100.0,0.0,30.057803468208093,179.18918117390456,v6a_hit_an,2026-06-22,Monday,170
20260622,3147,ファンキージャグラー2,7,0,0,0,2026-06-22,22,0,0622,True,False,False,3F,3144-3155,3144,3155,4,9,12,medium,L,4,4,A,3F_L_A,,4,22,0,278.27552986512524,100.0,216.08391608391608,174.8822605965463,0.0,0.0,307.22543352601156,98.13028047665613,0.4393063583815029,29.76878612716763,100.0,0.0,29.76878612716763,179.16027943980052,v6a_hit_an,2026-06-22,Monday,171
20260622,3164,ファンキージャグラー2,4,0,0,0,2026-06-22,22,0,0622,True,False,False,3F,3156-3167,3156,3167,9,4,12,medium,L,9,4,A,3F_L_A,,4,22,0,278.27552986512524,100.0,216.08391608391608,174.8822605965463,0.0,0.0,269.6531791907515,98.53541536245129,0.43641618497109824,28.61271676300578,100.0,0.0,28.61271676300578,179.04467250338433,v6a_hit_an,2026-06-22,Monday,172
20260622,3291,マイジャグラーV,1,0,0,0,2026-06-22,22,0,0622,True,False,False,3F,3281-3294,3281,3294,11,4,14,medium,L,11,4,A,3F_L_A,,4,22,0,278.27552986512524,100.0,216.08391608391608,174.8822605965463,0.0,0.0,197.39884393063585,98.39926089703282,0.42485549132947975,27.74566473988439,100.0,0.0,27.74566473988439,178.9579673010722,v6a_hit_an,2026-06-22,Monday,173
20260622,2050,甲鉄城のカバネリ 海門(うなと)決戦,0,0,0,0,2026-06-22,22,0,0622,True,False,False,2F,2041-2052,2041,2052,10,3,12,medium,L,10,3,N,2F_L_N,,3,22,0,330.5780346820809,50.0,148.82154882154882,153.59032501889644,0.0,50.0,362.71676300578036,100.42455479067618,0.37572254335260113,33.23699421965318,0.0,0.0,33.23699421965318,178.85436457294426,v6a_hit_an,2026-06-22,Monday,174
20260622,2089,マギアレコード 魔法少女まどか☆マギカ外伝,9,0,0,0,2026-06-22,22,0,0622,True,False,False,2F,2089-2101,2089,2101,1,13,13,medium,R,1,13,N,2F_R_N,,13,22,0,239.7398843930636,0.0,266.43356643356645,294.81946624803766,0.0,50.0,-176.58959537572255,97.01363316286866,0.315028901734104,24.85549132947977,0.0,0.0,24.85549132947977,178.80057741597793,v6a_hit_an,2026-06-22,Monday,175
20260622,2099,タクトオーパス デスティニー,9,1,0,0,2026-06-22,22,0,0622,True,False,False,2F,2089-2101,2089,2101,11,3,13,medium,L,11,3,N,2F_L_N,,3,22,0,330.5780346820809,50.0,148.82154882154882,153.59032501889644,0.0,50.0,344.7976878612717,101.72527336914263,0.41329479768786126,31.79190751445087,0.0,0.0,31.79190751445087,178.709855902424,v6a_hit_an,2026-06-22,Monday,176
20260622,2079,マギアレコード 魔法少女まどか☆マギカ外伝,9,0,0,0,2026-06-22,22,0,0622,True,False,False,2F,2077-2088,2077,2088,3,10,12,medium,L,3,3,N,2F_L_N,,3,22,0,330.5780346820809,50.0,148.82154882154882,153.59032501889644,0.0,50.0,80.34682080924856,98.77472985814794,0.36127167630057805,29.76878612716763,0.0,0.0,29.76878612716763,178.5075437636957,v6a_hit_an,2026-06-22,Monday,177
20260622,2126,戦国乙女4 戦乱に閃く炯眼の軍師,6,0,0,0,2026-06-22,22,0,0622,True,False,False,2F,2115-2128,2115,2128,12,3,14,medium,L,12,3,N,2F_L_N,,3,22,0,330.5780346820809,50.0,148.82154882154882,153.59032501889644,0.0,50.0,433.8150289017341,99.6441225260432,0.3815028901734104,29.76878612716763,0.0,0.0,29.76878612716763,178.5075437636957,v6a_hit_an,2026-06-22,Monday,178
20260622,2055,戦国乙女5 業火を穿つ宿焔の双刃,5,1,0,0,2026-06-22,22,0,0622,True,False,False,2F,2053-2064,2053,2064,3,10,12,medium,L,3,3,N,2F_L_N,,3,22,0,330.5780346820809,50.0,148.82154882154882,153.59032501889644,0.0,50.0,9.53757225433526,99.18787559223429,0.3901734104046243,28.61271676300578,0.0,0.0,28.61271676300578,178.39193682727952,v6a_hit_an,2026-06-22,Monday,179
20260622,2030,攻殻機動隊,0,0,0,0,2026-06-22,22,0,0622,True,False,False,2F,2023-2031,2023,2031,8,2,9,small,L,8,2,N,2F_L_N,,2,22,0,331.6112716763006,50.0,133.67003367003366,165.1549508692366,0.0,50.0,563.8728323699422,102.77075716150156,0.40173410404624277,34.68208092485549,0.0,0.0,34.68208092485549,178.20479032390676,v6a_hit_an,2026-06-22,Monday,180
20260622,3146,ファンキージャグラー2,6,0,0,0,2026-06-22,22,0,0622,True,False,False,3F,3144-3155,3144,3155,3,10,12,medium,L,3,3,A,3F_L_A,,3,22,0,248.5549132947977,50.0,237.06293706293707,251.0204081632653,0.0,50.0,320.5202312138728,98.03172442333828,0.43641618497109824,29.47976878612717,100.0,0.0,29.47976878612717,177.9868294381094,v6a_hit_an,2026-06-22,Monday,181
20260622,2156,ディスクアップ ULTRAREMIX,6,0,0,0,2026-06-22,22,0,0622,True,False,False,2F,2155-2164,2155,2164,2,9,10,small,L,2,2,N,2F_L_N,,2,22,0,331.6112716763006,50.0,133.67003367003366,165.1549508692366,0.0,50.0,302.3121387283237,100.42214094068032,0.48554913294797686,31.502890173410403,0.0,0.0,31.502890173410403,177.88687124876225,v6a_hit_an,2026-06-22,Monday,182
20260622,3165,ファンキージャグラー2,5,0,0,0,2026-06-22,22,0,0622,True,False,False,3F,3156-3167,3156,3167,10,3,12,medium,L,10,3,A,3F_L_A,,3,22,0,248.5549132947977,50.0,237.06293706293707,251.0204081632653,0.0,50.0,250.28901734104045,97.6816195356568,0.42485549132947975,28.034682080924856,100.0,0.0,28.034682080924856,177.84232076758917,v6a_hit_an,2026-06-22,Monday,183
20260622,3119,マイジャグラーV,9,0,0,0,2026-06-22,22,0,0622,True,False,False,3F,3117-3130,3117,3130,3,12,14,medium,L,3,3,A,3F_L_A,,3,22,0,248.5549132947977,50.0,237.06293706293707,251.0204081632653,0.0,50.0,298.84393063583815,98.96209420274195,0.4624277456647399,27.167630057803464,100.0,0.0,27.167630057803464,177.75561556527703,v6a_hit_an,2026-06-22,Monday,184
20260622,2114,モンスターハンターライズ,4,0,0,0,2026-06-22,22,0,0622,True,False,False,2F,2102-2114,2102,2114,13,1,13,medium,R,13,13,N,2F_R_N,,13,22,0,239.7398843930636,0.0,266.43356643356645,294.81946624803766,0.0,0.0,451.4450867052023,103.41598183319081,0.4393063583815029,34.971098265895954,0.0,0.0,34.971098265895954,177.56213810961955,v6a_hit_an,2026-06-22,Monday,185
20260622,2131,甲鉄城のカバネリ,1,0,0,0,2026-06-22,22,0,0622,True,False,False,2F,2129-2142,2129,2142,3,12,14,medium,L,3,3,N,2F_L_N,,3,22,0,330.5780346820809,50.0,148.82154882154882,153.59032501889644,0.0,0.0,481.7919075144509,103.62929186406394,0.5,41.32947976878613,0.0,0.0,41.32947976878613,177.41361312785756,v6a_hit_an,2026-06-22,Monday,186
20260622,3170,ゴーゴージャグラー3,0,0,0,0,2026-06-22,22,0,0622,True,False,False,3F,3168-3180,3168,3180,3,11,13,medium,L,3,3,A,3F_L_A,,3,22,0,248.5549132947977,50.0,237.06293706293707,251.0204081632653,0.0,50.0,154.91329479768785,97.62803444747156,0.37283236994219654,23.699421965317917,100.0,0.0,23.699421965317917,177.40879475602847,v6a_hit_an,2026-06-22,Monday,187
20260622,2170,うみねこのなく頃に2,0,0,0,0,2026-06-22,22,0,0622,True,False,False,2F,2165-2171,2165,2171,6,2,7,small,L,6,2,N,2F_L_N,,2,22,0,331.6112716763006,50.0,133.67003367003366,165.1549508692366,0.0,50.0,32.08092485549133,97.98181146990474,0.407514450867052,25.14450867052023,0.0,0.0,25.14450867052023,177.25103309847324,v6a_hit_an,2026-06-22,Monday,188
20260622,3158,ファンキージャグラー2,8,0,0,0,2026-06-22,22,0,0622,True,False,False,3F,3156-3167,3156,3167,3,10,12,medium,R,3,10,A,3F_R_A,,10,22,0,216.56668204891554,0.0,334.81481481481484,268.7188019966722,0.0,0.0,281.21387283236993,98.25544111534127,0.4421965317919075,27.167630057803464,100.0,0.0,27.167630057803464,177.22447347960738,v6a_hit_an,2026-06-22,Monday,189
20260622,3153,ファンキージャグラー2,3,0,0,0,2026-06-22,22,0,0622,True,False,False,3F,3144-3155,3144,3155,10,3,12,medium,R,10,10,A,3F_R_A,,10,22,0,216.56668204891554,0.0,334.81481481481484,268.7188019966722,0.0,0.0,230.05780346820808,97.46334048485144,0.3930635838150289,26.300578034682083,100.0,0.0,26.300578034682083,177.13776827729527,v6a_hit_an,2026-06-22,Monday,190
20260622,2185,アレックス ブライト,5,0,0,0,2026-06-22,22,0,0622,True,False,False,2F,2179-2186,2179,2186,7,2,8,small,L,7,2,N,2F_L_N,,2,22,0,331.6112716763006,50.0,133.67003367003366,165.1549508692366,0.0,50.0,179.1907514450867,95.96940843620287,0.41040462427745666,23.699421965317917,0.0,0.0,23.699421965317917,177.106524427953,v6a_hit_an,2026-06-22,Monday,191
20260622,3134,マイジャグラーV,4,0,0,0,2026-06-22,22,0,0622,True,False,False,3F,3131-3143,3131,3143,4,10,13,medium,R,4,10,A,3F_R_A,,10,22,0,216.56668204891554,0.0,334.81481481481484,268.7188019966722,0.0,0.0,203.757225433526,98.61168846408245,0.43352601156069365,25.43352601156069,100.0,0.0,25.43352601156069,177.05106307498312,v6a_hit_an,2026-06-22,Monday,192
20260622,3177,ゴーゴージャグラー3,7,1,0,0,2026-06-22,22,0,0622,True,False,False,3F,3168-3180,3168,3180,10,4,13,medium,R,10,10,A,3F_R_A,,10,22,0,216.56668204891554,0.0,334.81481481481484,268.7188019966722,0.0,0.0,97.10982658959537,96.55838666210373,0.3815028901734104,24.277456647398843,100.0,0.0,24.277456647398843,176.93545613856693,v6a_hit_an,2026-06-22,Monday,193
20260622,3009,キングハナハナ-30,9,0,0,0,2026-06-22,22,0,0622,True,False,False,3F,3001-3016,3001,3016,9,8,16,large,R,9,9,A,3F_R_A,,9,22,0,259.88439306358384,100.0,190.37037037037038,224.2928452579035,0.0,50.0,276.0115606936416,98.40526989498456,0.4046242774566474,29.47976878612717,100.0,0.0,29.47976878612717,176.80255915798654,v6a_hit_an,2026-06-22,Monday,194
20260622,2141,バイオハザード RE:3,1,0,0,0,2026-06-22,22,0,0622,True,False,False,2F,2129-2142,2129,2142,13,2,14,medium,R,13,13,N,2F_R_N,,13,22,0,239.7398843930636,0.0,266.43356643356645,294.81946624803766,0.0,0.0,299.1329479768786,99.66665626149302,0.42196531791907516,27.167630057803464,0.0,0.0,27.167630057803464,176.7817912888103,v6a_hit_an,2026-06-22,Monday,195
20260622,2104,ソードアート・オンライン,4,0,0,0,2026-06-22,22,0,0622,True,False,False,2F,2102-2114,2102,2114,3,11,13,medium,L,3,3,N,2F_L_N,,3,22,0,330.5780346820809,50.0,148.82154882154882,153.59032501889644,0.0,0.0,600.2890173410404,103.09381082728612,0.41329479768786126,34.39306358381503,0.0,0.0,34.39306358381503,176.71997150936045,v6a_hit_an,2026-06-22,Monday,196
20260622,2074,戦国乙女5 業火を穿つ宿焔の双刃,4,0,0,0,2026-06-22,22,0,0622,True,False,False,2F,2065-2076,2065,2076,10,3,12,medium,L,10,3,N,2F_L_N,,3,22,0,330.5780346820809,50.0,148.82154882154882,153.59032501889644,0.0,0.0,339.88439306358384,101.8673143549621,0.43352601156069365,34.104046242774565,0.0,0.0,34.104046242774565,176.69106977525638,v6a_hit_an,2026-06-22,Monday,197
20260622,3316,ジャグラーガールズ,6,0,0,0,2026-06-22,22,0,0622,True,False,False,3F,3310-3324,3310,3324,7,9,15,large,R,7,9,A,3F_R_A,,9,22,0,259.88439306358384,100.0,190.37037037037038,224.2928452579035,0.0,50.0,226.30057803468208,98.14649973446468,0.407514450867052,28.034682080924856,100.0,0.0,28.034682080924856,176.6580504874663,v6a_hit_an,2026-06-22,Monday,198
20260622,2152,交響詩篇エウレカセブン HI-EVOLUTION ZERO TYPE‐ART,2,0,0,0,2026-06-22,22,0,0622,True,False,False,2F,2143-2154,2143,2154,10,3,12,medium,L,10,3,N,2F_L_N,,3,22,0,330.5780346820809,50.0,148.82154882154882,153.59032501889644,0.0,0.0,384.1040462427746,97.83124425762719,0.48265895953757226,32.369942196531795,0.0,0.0,32.369942196531795,176.51765937063212,v6a_hit_an,2026-06-22,Monday,199
20260622,2013,甲鉄城のカバネリ 海門(うなと)決戦,3,0,0,0,2026-06-22,22,0,0622,True,False,False,2F,2011-2022,2011,2022,3,10,12,medium,L,3,3,N,2F_L_N,,3,22,0,330.5780346820809,50.0,148.82154882154882,153.59032501889644,0.0,0.0,268.4971098265896,100.40233442213444,0.3815028901734104,31.502890173410403,0.0,0.0,31.502890173410403,176.43095416831997,v6a_hit_an,2026-06-22,Monday,200
20260622,2033,甲鉄城のカバネリ 海門(うなと)決戦,3,1,0,0,2026-06-22,22,0,0622,True,False,False,2F,2032-2040,2032,2040,2,8,9,small,L,2,2,N,2F_L_N,,2,22,0,331.6112716763006,50.0,133.67003367003366,165.1549508692366,0.0,0.0,378.0346820809249,102.30077558939499,0.3872832369942196,34.104046242774565,0.0,0.0,34.104046242774565,175.89698685569866,v6a_hit_an,2026-06-22,Monday,201
20260622,2188,化物語,8,1,0,0,2026-06-22,22,0,0622,True,False,False,2F,2187-2195,2187,2195,2,8,9,small,L,2,2,N,2F_L_N,,2,22,0,331.6112716763006,50.0,133.67003367003366,165.1549508692366,0.0,0.0,395.08670520231215,103.10161734404176,0.4161849710982659,33.81502890173411,0.0,0.0,33.81502890173411,175.86808512159462,v6a_hit_an,2026-06-22,Monday,202
20260622,3141,マイジャグラーV,1,0,0,0,2026-06-22,22,0,0622,True,False,False,3F,3131-3143,3131,3143,11,3,13,medium,L,11,3,A,3F_L_A,,3,22,0,248.5549132947977,50.0,237.06293706293707,251.0204081632653,0.0,0.0,234.10404624277456,98.7695376718671,0.4595375722543353,28.61271676300578,100.0,0.0,28.61271676300578,175.65012423579728,v6a_hit_an,2026-06-22,Monday,203
20260622,3292,マイジャグラーV,2,0,0,0,2026-06-22,22,0,0622,True,False,False,3F,3281-3294,3281,3294,12,3,14,medium,L,12,3,A,3F_L_A,,3,22,0,248.5549132947977,50.0,237.06293706293707,251.0204081632653,0.0,0.0,232.65895953757226,98.89797067623346,0.42485549132947975,26.589595375722542,100.0,0.0,26.589595375722542,175.44781209706895,v6a_hit_an,2026-06-22,Monday,204
20260622,2002,ゴッドイーター リザレクション,2,0,0,0,2026-06-22,22,0,0622,True,False,False,2F,2001-2010,2001,2010,2,9,10,small,L,2,2,N,2F_L_N,,2,22,0,331.6112716763006,50.0,133.67003367003366,165.1549508692366,0.0,0.0,427.7456647398844,97.44064175735771,0.3988439306358382,28.034682080924856,0.0,0.0,28.034682080924856,175.2900504395137,v6a_hit_an,2026-06-22,Monday,205
20260622,2173,スマスロ サンダーV,3,0,0,0,2026-06-22,22,0,0622,True,False,False,2F,2172-2178,2172,2178,2,6,7,small,L,2,2,N,2F_L_N,,2,22,0,331.6112716763006,50.0,133.67003367003366,165.1549508692366,0.0,0.0,374.5664739884393,100.7652476250994,0.4161849710982659,26.300578034682083,0.0,0.0,26.300578034682083,175.11664003488943,v6a_hit_an,2026-06-22,Monday,206
20260622,3186,ゴーゴージャグラー3,6,0,0,0,2026-06-22,22,0,0622,True,False,False,3F,3181-3190,3181,3190,6,5,10,small,L,6,5,A,3F_L_A,,5,22,0,176.878612716763,200.0,312.5874125874126,171.585557299843,0.0,50.0,176.878612716763,97.77818093319041,0.3959537572254335,26.300578034682083,100.0,0.0,26.300578034682083,174.98614288271597,v6a_hit_an,2026-06-22,Monday,207
20260622,3333,ネオアイムジャグラーEX,3,1,0,0,2026-06-22,22,0,0622,True,False,False,3F,3325-3340,3325,3340,9,8,16,large,R,9,9,A,3F_R_A,,9,22,0,259.88439306358384,100.0,190.37037037037038,224.2928452579035,0.0,0.0,314.4508670520231,97.57534038872583,0.47398843930635837,30.63583815028902,100.0,0.0,30.63583815028902,174.66816609440272,v6a_hit_an,2026-06-22,Monday,208
20260622,3269,マイジャグラーV,9,0,0,0,2026-06-22,22,0,0622,True,False,False,3F,3265-3280,3265,3280,5,12,16,large,L,5,5,A,3F_L_A,,5,22,0,248.5067437379576,0.0,312.5874125874126,171.585557299843,0.0,50.0,376.87861271676303,99.398042674613,0.4682080924855491,33.52601156069364,100.0,0.0,33.52601156069364,174.49481340294722,v6a_hit_an,2026-06-22,Monday,209
20260622,3303,ハッピージャグラーVIII,3,0,0,0,2026-06-22,22,0,0622,True,False,False,3F,3295-3309,3295,3309,9,7,15,large,R,9,9,A,3F_R_A,,9,22,0,259.88439306358384,100.0,190.37037037037038,224.2928452579035,0.0,0.0,251.15606936416185,97.08998838159219,0.41329479768786126,27.167630057803464,100.0,0.0,27.167630057803464,174.32134528515417,v6a_hit_an,2026-06-22,Monday,210
20260622,3273,マイジャグラーV,3,0,0,0,2026-06-22,22,0,0622,True,False,False,3F,3265-3280,3265,3280,9,8,16,large,R,9,9,A,3F_R_A,,9,22,0,259.88439306358384,100.0,190.37037037037038,224.2928452579035,0.0,0.0,231.5028901734104,98.76323306061583,0.4508670520231214,25.43352601156069,100.0,0.0,25.43352601156069,174.1479348805299,v6a_hit_an,2026-06-22,Monday,211
20260622,3005,キングハナハナ-30,5,0,0,0,2026-06-22,22,0,0622,True,False,False,3F,3001-3016,3001,3016,5,12,16,large,L,5,5,A,3F_L_A,,5,22,0,248.5067437379576,0.0,312.5874125874126,171.585557299843,0.0,50.0,301.73410404624275,97.62087043989905,0.43641618497109824,29.47976878612717,100.0,0.0,29.47976878612717,174.09018912549055,v6a_hit_an,2026-06-22,Monday,212
20260622,3320,ジャグラーガールズ,0,0,0,0,2026-06-22,22,0,0622,True,False,False,3F,3310-3324,3310,3324,11,5,15,large,L,11,5,A,3F_L_A,,5,22,0,248.5067437379576,0.0,312.5874125874126,171.585557299843,0.0,50.0,251.4450867052023,97.50207536270032,0.4277456647398844,29.190751445086704,100.0,0.0,29.190751445086704,174.06128739138651,v6a_hit_an,2026-06-22,Monday,213
20260622,3299,ハッピージャグラーVIII,9,1,0,0,2026-06-22,22,0,0622,True,False,False,3F,3295-3309,3295,3309,5,11,15,large,L,5,5,A,3F_L_A,,5,22,0,248.5067437379576,0.0,312.5874125874126,171.585557299843,0.0,50.0,294.5086705202312,97.70500339767854,0.4277456647398844,27.74566473988439,100.0,0.0,27.74566473988439,173.9167787208663,v6a_hit_an,2026-06-22,Monday,214
20260622,3329,ネオアイムジャグラーEX,9,0,0,0,2026-06-22,22,0,0622,True,False,False,3F,3325-3340,3325,3340,5,12,16,large,L,5,5,A,3F_L_A,,5,22,0,248.5067437379576,0.0,312.5874125874126,171.585557299843,0.0,50.0,160.6936416184971,97.30240922057797,0.430635838150289,25.43352601156069,100.0,0.0,25.43352601156069,173.68556484803392,v6a_hit_an,2026-06-22,Monday,215
20260622,3358,ネオアイムジャグラーEX,8,0,0,0,2026-06-22,22,0,0622,True,False,False,3F,3341-3362,3341,3362,18,5,22,large,L,5,5,A,3F_L_A,,5,22,0,248.5067437379576,0.0,312.5874125874126,171.585557299843,0.0,0.0,105.78034682080924,96.77446652732742,0.41329479768786126,25.14450867052023,100.0,0.0,25.14450867052023,171.40666311392988,v6a_hit_an,2026-06-22,Monday,216
20260622,3166,ファンキージャグラー2,6,1,0,0,2026-06-22,22,0,0622,True,False,False,3F,3156-3167,3156,3167,11,2,12,medium,L,11,2,A,3F_L_A,,2,22,0,207.32177263969172,0.0,371.3286713286713,184.45839874411303,0.0,50.0,299.71098265895955,98.04529689734811,0.407514450867052,27.45664739884393,100.0,0.0,27.45664739884393,171.37254755978952,v6a_hit_an,2026-06-22,Monday,217
20260622,3145,ファンキージャグラー2,5,0,0,0,2026-06-22,22,0,0622,True,False,False,3F,3144-3155,3144,3155,2,11,12,medium,L,2,2,A,3F_L_A,,2,22,0,207.32177263969172,0.0,371.3286713286713,184.45839874411303,0.0,50.0,247.97687861271677,97.35922724395797,0.4190751445086705,26.300578034682083,100.0,0.0,26.300578034682083,171.25694062337334,v6a_hit_an,2026-06-22,Monday,218
20260622,3169,ゴーゴージャグラー3,9,0,0,0,2026-06-22,22,0,0622,True,False,False,3F,3168-3180,3168,3180,2,12,13,medium,L,2,2,A,3F_L_A,,2,22,0,207.32177263969172,0.0,371.3286713286713,184.45839874411303,0.0,50.0,101.73410404624278,97.01124609088119,0.407514450867052,25.722543352601157,100.0,0.0,25.722543352601157,171.19913715516523,v6a_hit_an,2026-06-22,Monday,219
20260622,3326,ネオアイムジャグラーEX,6,0,0,0,2026-06-22,22,0,0622,True,False,False,3F,3325-3340,3325,3340,2,15,16,large,L,2,2,A,3F_L_A,,2,22,0,204.8651252408478,0.0,371.3286713286713,184.45839874411303,0.0,50.0,122.25433526011561,97.35948119641584,0.43352601156069365,28.901734104046245,100.0,0.0,28.901734104046245,170.63266316672593,v6a_hit_an,2026-06-22,Monday,220
20260622,3266,マイジャグラーV,6,1,0,0,2026-06-22,22,0,0622,True,False,False,3F,3265-3280,3265,3280,2,15,16,large,L,2,2,A,3F_L_A,,2,22,0,204.8651252408478,0.0,371.3286713286713,184.45839874411303,0.0,50.0,229.1907514450867,98.98704409976314,0.45375722543352603,25.722543352601157,100.0,0.0,25.722543352601157,170.31474409158142,v6a_hit_an,2026-06-22,Monday,221
20260622,3296,ハッピージャグラーVIII,6,0,0,0,2026-06-22,22,0,0622,True,False,False,3F,3295-3309,3295,3309,2,14,15,large,L,2,2,A,3F_L_A,,2,22,0,204.8651252408478,0.0,371.3286713286713,184.45839874411303,0.0,50.0,263.29479768786126,97.46437870060048,0.3988439306358382,25.722543352601157,100.0,0.0,25.722543352601157,170.31474409158142,v6a_hit_an,2026-06-22,Monday,222
20260622,3142,マイジャグラーV,2,0,0,0,2026-06-22,22,0,0622,True,False,False,3F,3131-3143,3131,3143,12,2,13,medium,L,12,2,A,3F_L_A,,2,22,0,207.32177263969172,0.0,371.3286713286713,184.45839874411303,0.0,0.0,226.30057803468208,98.68580360219813,0.4595375722543353,30.057803468208093,100.0,0.0,30.057803468208093,169.38266316672593,v6a_hit_an,2026-06-22,Monday,223
20260622,3118,マイジャグラーV,8,0,0,0,2026-06-22,22,0,0622,True,False,False,3F,3117-3130,3117,3130,2,13,14,medium,L,2,2,A,3F_L_A,,2,22,0,207.32177263969172,0.0,371.3286713286713,184.45839874411303,0.0,0.0,164.7398843930636,98.45285169165851,0.44508670520231214,26.878612716763005,100.0,0.0,26.878612716763005,169.06474409158142,v6a_hit_an,2026-06-22,Monday,224
20260622,3293,マイジャグラーV,3,0,0,0,2026-06-22,22,0,0622,True,False,False,3F,3281-3294,3281,3294,13,2,14,medium,L,13,2,A,3F_L_A,,2,22,0,207.32177263969172,0.0,371.3286713286713,184.45839874411303,0.0,0.0,203.46820809248555,98.80260276044099,0.4393063583815029,25.43352601156069,100.0,0.0,25.43352601156069,168.9202354210612,v6a_hit_an,2026-06-22,Monday,225
20260622,3002,キングハナハナ-30,2,0,0,0,2026-06-22,22,0,0622,True,False,False,3F,3001-3016,3001,3016,2,15,16,large,L,2,2,A,3F_L_A,,2,22,0,204.8651252408478,0.0,371.3286713286713,184.45839874411303,0.0,0.0,292.77456647398844,98.42513837893658,0.4508670520231214,31.502890173410403,100.0,0.0,31.502890173410403,168.64277877366234,v6a_hit_an,2026-06-22,Monday,226
20260622,2066,戦国乙女5 業火を穿つ宿焔の双刃,6,1,0,0,2026-06-22,22,0,0622,True,False,False,2F,2065-2076,2065,2076,2,11,12,medium,R,2,11,N,2F_R_N,,11,22,0,246.76300578034682,0.0,215.15151515151516,263.03854875283446,0.0,50.0,293.9306358381503,104.20204032907118,0.3959537572254335,32.65895953757225,0.0,0.0,32.65895953757225,168.58805484358746,v6a_hit_an,2026-06-22,Monday,227
20260622,3323,ジャグラーガールズ,3,0,0,0,2026-06-22,22,0,0622,True,False,False,3F,3310-3324,3310,3324,14,2,15,large,L,14,2,A,3F_L_A,,2,22,0,204.8651252408478,0.0,371.3286713286713,184.45839874411303,0.0,0.0,273.9884393063584,98.05081762077495,0.430635838150289,28.61271676300578,100.0,0.0,28.61271676300578,168.3537614326219,v6a_hit_an,2026-06-22,Monday,228
20260622,3175,ゴーゴージャグラー3,5,0,0,0,2026-06-22,22,0,0622,True,False,False,3F,3168-3180,3168,3180,8,6,13,medium,R,8,8,A,3F_R_A,,8,22,0,223.62713428703276,100.0,281.25,138.20224719101122,0.0,50.0,238.43930635838151,97.63599157944748,0.4161849710982659,27.74566473988439,100.0,0.0,27.74566473988439,168.31263818810675,v6a_hit_an,2026-06-22,Monday,229
20260622,2139,バイオハザード RE:3,9,0,0,0,2026-06-22,22,0,0622,True,False,False,2F,2129-2142,2129,2142,11,4,14,medium,R,11,11,N,2F_R_N,,11,22,0,246.76300578034682,0.0,215.15151515151516,263.03854875283446,0.0,50.0,314.16184971098266,99.26450779733646,0.42485549132947975,28.32369942196532,0.0,0.0,28.32369942196532,168.15452883202676,v6a_hit_an,2026-06-22,Monday,230
20260622,3160,ファンキージャグラー2,0,0,0,0,2026-06-22,22,0,0622,True,False,False,3F,3156-3167,3156,3167,5,8,12,medium,R,5,8,A,3F_R_A,,8,22,0,223.62713428703276,100.0,281.25,138.20224719101122,0.0,50.0,175.72254335260115,97.56573766088125,0.4161849710982659,25.722543352601157,100.0,0.0,25.722543352601157,168.11032604937841,v6a_hit_an,2026-06-22,Monday,231
20260622,3361,ネオアイムジャグラーEX,1,0,0,0,2026-06-22,22,0,0622,True,False,False,3F,3341-3362,3341,3362,21,2,22,large,L,2,2,A,3F_L_A,,2,22,0,204.8651252408478,0.0,371.3286713286713,184.45839874411303,0.0,0.0,47.6878612716763,97.00559777374107,0.3815028901734104,25.43352601156069,100.0,0.0,25.43352601156069,168.03584235747738,v6a_hit_an,2026-06-22,Monday,232
20260622,3136,マイジャグラーV,6,0,0,0,2026-06-22,22,0,0622,True,False,False,3F,3131-3143,3131,3143,6,8,13,medium,R,6,8,A,3F_R_A,,8,22,0,223.62713428703276,100.0,281.25,138.20224719101122,0.0,50.0,212.71676300578034,98.79773228426419,0.4393063583815029,24.277456647398843,100.0,0.0,24.277456647398843,167.9658173788582,v6a_hit_an,2026-06-22,Monday,233
20260622,2319,いざ！番長,9,0,0,0,2026-06-22,22,0,0622,True,False,False,2F,2314-2329,2314,2329,6,11,16,large,L,6,6,N,2F_L_N,,6,22,0,212.52408477842005,0.0,225.1082251082251,330.22351797862,0.0,50.0,128.32369942196533,98.37319271289981,0.3786127167630058,29.190751445086704,0.0,0.0,29.190751445086704,166.77740111133414,v6a_hit_an,2026-06-22,Monday,234
20260622,2286,スーパーブラックジャック,6,0,0,0,2026-06-22,22,0,0622,True,False,False,2F,2281-2297,2281,2297,6,12,17,large,L,6,6,N,2F_L_N,,6,22,0,212.52408477842005,0.0,225.1082251082251,330.22351797862,0.0,50.0,265.60693641618496,101.28368516612677,0.3554913294797688,28.32369942196532,0.0,0.0,28.32369942196532,166.690695909022,v6a_hit_an,2026-06-22,Monday,235
20260622,2275,北斗の拳 転生の章2,5,0,0,0,2026-06-22,22,0,0622,True,False,False,2F,2264-2280,2264,2280,12,6,17,large,L,12,6,N,2F_L_N,,6,22,0,212.52408477842005,0.0,225.1082251082251,330.22351797862,0.0,50.0,-62.42774566473989,97.72727934677033,0.3265895953757225,26.589595375722542,0.0,0.0,26.589595375722542,166.51728550439773,v6a_hit_an,2026-06-22,Monday,236
20260622,2118,痛いのは嫌なので防御力に極振りしたいと思います。,8,0,0,0,2026-06-22,22,0,0622,True,False,False,2F,2115-2128,2115,2128,4,11,14,medium,R,4,11,N,2F_R_N,,11,22,0,246.76300578034682,0.0,215.15151515151516,263.03854875283446,0.0,0.0,326.0115606936416,100.24106217230069,0.42485549132947975,34.104046242774565,0.0,0.0,34.104046242774565,166.48256351410768,v6a_hit_an,2026-06-22,Monday,237
20260622,2346,いざ！番長,6,0,0,0,2026-06-22,22,0,0622,True,False,False,2F,2330-2351,2330,2351,17,6,22,large,L,6,6,N,2F_L_N,,6,22,0,212.52408477842005,0.0,225.1082251082251,330.22351797862,0.0,50.0,180.05780346820808,98.28491056919462,0.3352601156069364,25.14450867052023,0.0,0.0,25.14450867052023,166.3727768338775,v6a_hit_an,2026-06-22,Monday,238
20260622,3151,ファンキージャグラー2,1,0,0,0,2026-06-22,22,0,0622,True,False,False,3F,3144-3155,3144,3155,8,5,12,medium,R,8,8,A,3F_R_A,,8,22,0,223.62713428703276,100.0,281.25,138.20224719101122,0.0,0.0,308.95953757225436,97.72708686319058,0.430635838150289,30.63583815028902,100.0,0.0,30.63583815028902,166.3516555291472,v6a_hit_an,2026-06-22,Monday,239
20260622,2112,モンスターハンターライズ,2,0,0,0,2026-06-22,22,0,0622,True,False,False,2F,2102-2114,2102,2114,11,3,13,medium,R,11,11,N,2F_R_N,,11,22,0,246.76300578034682,0.0,215.15151515151516,263.03854875283446,0.0,0.0,444.7976878612717,101.24219652184665,0.4046242774566474,31.502890173410403,0.0,0.0,31.502890173410403,166.22244790717127,v6a_hit_an,2026-06-22,Monday,240
20260622,2063,戦国乙女5 業火を穿つ宿焔の双刃,3,0,0,0,2026-06-22,22,0,0622,True,False,False,2F,2053-2064,2053,2064,11,2,12,medium,R,11,11,N,2F_R_N,,11,22,0,246.76300578034682,0.0,215.15151515151516,263.03854875283446,0.0,0.0,282.3699421965318,103.02388629874939,0.3872832369942196,31.213872832369944,0.0,0.0,31.213872832369944,166.19354617306723,v6a_hit_an,2026-06-22,Monday,241
20260622,2144,バイオハザード RE:3,4,1,0,0,2026-06-22,22,0,0622,True,False,False,2F,2143-2154,2143,2154,2,11,12,medium,R,2,11,N,2F_R_N,,11,22,0,246.76300578034682,0.0,215.15151515151516,263.03854875283446,0.0,0.0,59.2485549132948,98.00667193449232,0.3786127167630058,31.213872832369944,0.0,0.0,31.213872832369944,166.19354617306723,v6a_hit_an,2026-06-22,Monday,242
20260622,2021,甲鉄城のカバネリ 海門(うなと)決戦,1,0,0,0,2026-06-22,22,0,0622,True,False,False,2F,2011-2022,2011,2022,11,2,12,medium,R,11,11,N,2F_R_N,,11,22,0,246.76300578034682,0.0,215.15151515151516,263.03854875283446,0.0,0.0,281.21387283236993,99.68444166895301,0.36416184971098264,30.924855491329478,0.0,0.0,30.924855491329478,166.1646444389632,v6a_hit_an,2026-06-22,Monday,243
20260622,2091,マギアレコード 魔法少女まどか☆マギカ外伝,1,0,0,0,2026-06-22,22,0,0622,True,False,False,2F,2089-2101,2089,2101,3,11,13,medium,R,3,11,N,2F_R_N,,11,22,0,246.76300578034682,0.0,215.15151515151516,263.03854875283446,0.0,0.0,263.29479768786126,100.15140752650987,0.37283236994219654,30.346820809248555,0.0,0.0,30.346820809248555,166.1068409707551,v6a_hit_an,2026-06-22,Monday,244
20260622,3124,マイジャグラーV,4,0,0,0,2026-06-22,22,0,0622,True,False,False,3F,3117-3130,3117,3130,8,7,14,medium,R,8,8,A,3F_R_A,,8,22,0,223.62713428703276,100.0,281.25,138.20224719101122,0.0,0.0,244.79768786127167,98.50591293836129,0.43352601156069365,28.034682080924856,100.0,0.0,28.034682080924856,166.09153992221079,v6a_hit_an,2026-06-22,Monday,245
20260622,2087,マギアレコード 魔法少女まどか☆マギカ外伝,7,0,0,0,2026-06-22,22,0,0622,True,False,False,2F,2077-2088,2077,2088,11,2,12,medium,R,11,11,N,2F_R_N,,11,22,0,246.76300578034682,0.0,215.15151515151516,263.03854875283446,0.0,0.0,18.786127167630056,100.55823888839248,0.37572254335260113,29.190751445086704,0.0,0.0,29.190751445086704,165.9912340343389,v6a_hit_an,2026-06-22,Monday,246
20260622,3287,マイジャグラーV,7,0,0,0,2026-06-22,22,0,0622,True,False,False,3F,3281-3294,3281,3294,7,8,14,medium,R,7,8,A,3F_R_A,,8,22,0,223.62713428703276,100.0,281.25,138.20224719101122,0.0,0.0,215.02890173410404,98.30384441311045,0.4595375722543353,26.878612716763005,100.0,0.0,26.878612716763005,165.9759329857946,v6a_hit_an,2026-06-22,Monday,247
20260622,2042,甲鉄城のカバネリ 海門(うなと)決戦,2,0,0,0,2026-06-22,22,0,0622,True,False,False,2F,2041-2052,2041,2052,2,11,12,medium,R,2,11,N,2F_R_N,,11,22,0,246.76300578034682,0.0,215.15151515151516,263.03854875283446,0.0,0.0,183.8150289017341,99.73685481297386,0.36416184971098264,28.32369942196532,0.0,0.0,28.32369942196532,165.90452883202676,v6a_hit_an,2026-06-22,Monday,248
20260622,3360,ネオアイムジャグラーEX,0,0,0,0,2026-06-22,22,0,0622,True,False,False,3F,3341-3362,3341,3362,20,3,22,large,L,3,3,A,3F_L_A,,3,22,0,233.52601156069363,0.0,237.06293706293707,251.0204081632653,0.0,50.0,214.7398843930636,98.08938887259009,0.4277456647398844,28.61271676300578,100.0,0.0,28.61271676300578,165.7397196115198,v6a_hit_an,2026-06-22,Monday,249
20260622,3040,ソードアート・オンラインII,0,0,0,0,2026-06-22,22,0,0622,True,False,False,3F,3031-3042,3031,3042,10,3,12,medium,R,10,10,N,3F_R_N,,10,22,0,252.79831045406547,0.0,200.0,242.13836477987422,0.0,50.0,297.1098265895954,102.44683558001863,0.38439306358381503,33.81502890173411,0.0,0.0,33.81502890173411,165.32757389892,v6a_hit_an,2026-06-22,Monday,250
20260622,2252,北斗の拳 転生の章2,2,0,0,0,2026-06-22,22,0,0622,True,False,False,2F,2247-2263,2247,2263,6,12,17,large,L,6,6,N,2F_L_N,,6,22,0,212.52408477842005,0.0,225.1082251082251,330.22351797862,0.0,0.0,687.5722543352601,107.12526975699365,0.4190751445086705,36.99421965317919,0.0,0.0,36.99421965317919,165.3077479321434,v6a_hit_an,2026-06-22,Monday,251
20260622,3189,ゴーゴージャグラー3,9,0,0,0,2026-06-22,22,0,0622,True,False,False,3F,3181-3190,3181,3190,9,2,10,small,L,9,2,A,3F_L_A,,2,22,0,171.09826589595374,50.0,371.3286713286713,184.45839874411303,0.0,50.0,171.09826589595374,97.42623223297348,0.41329479768786126,27.74566473988439,100.0,0.0,27.74566473988439,165.1109868661479,v6a_hit_an,2026-06-22,Monday,252
20260622,2241,モンキーターンV,1,0,0,0,2026-06-22,22,0,0622,True,False,False,2F,2230-2246,2230,2246,12,6,17,large,L,12,6,N,2F_L_N,,6,22,0,212.52408477842005,0.0,225.1082251082251,330.22351797862,0.0,0.0,361.5606936416185,101.57560586469735,0.42485549132947975,34.68208092485549,0.0,0.0,34.68208092485549,165.07653405931103,v6a_hit_an,2026-06-22,Monday,253
20260622,2218,モンキーターンV,8,0,0,0,2026-06-22,22,0,0622,True,False,False,2F,2213-2229,2213,2229,6,12,17,large,L,6,6,N,2F_L_N,,6,22,0,212.52408477842005,0.0,225.1082251082251,330.22351797862,0.0,0.0,147.10982658959537,101.22937395406348,0.4046242774566474,32.65895953757225,0.0,0.0,32.65895953757225,164.8742219205827,v6a_hit_an,2026-06-22,Monday,254
20260622,2308,スーパーリオエース2,8,0,0,0,2026-06-22,22,0,0622,True,False,False,2F,2298-2313,2298,2313,11,6,16,large,L,11,6,N,2F_L_N,,6,22,0,212.52408477842005,0.0,225.1082251082251,330.22351797862,0.0,0.0,175.14450867052022,99.8039999268096,0.3872832369942196,30.346820809248555,0.0,0.0,30.346820809248555,164.64300804775033,v6a_hit_an,2026-06-22,Monday,255
20260622,2207,スマスロ炎炎ノ消防隊2,7,0,0,0,2026-06-22,22,0,0622,True,False,False,2F,2196-2212,2196,2212,12,6,17,large,L,12,6,N,2F_L_N,,6,22,0,212.52408477842005,0.0,225.1082251082251,330.22351797862,0.0,0.0,29.76878612716763,100.69532760836299,0.38439306358381503,29.76878612716763,0.0,0.0,29.76878612716763,164.58520457954225,v6a_hit_an,2026-06-22,Monday,256
20260622,3149,ファンキージャグラー2,9,0,0,0,2026-06-22,22,0,0622,True,False,False,3F,3144-3155,3144,3155,6,7,12,medium,L,6,6,A,3F_L_A,,6,22,0,267.05202312138726,200.0,77.27272727272727,164.28571428571428,0.0,50.0,325.7225433526012,98.61198789291306,0.4479768786127168,29.76878612716763,100.0,0.0,29.76878612716763,164.4532692740785,v6a_hit_an,2026-06-22,Monday,257
20260622,3289,マイジャグラーV,9,0,0,0,2026-06-22,22,0,0622,True,False,False,3F,3281-3294,3281,3294,9,6,14,medium,L,9,6,A,3F_L_A,,6,22,0,267.05202312138726,200.0,77.27272727272727,164.28571428571428,0.0,50.0,185.5491329479769,98.3815469462933,0.4479768786127168,28.32369942196532,100.0,0.0,28.32369942196532,164.30876060355826,v6a_hit_an,2026-06-22,Monday,258
20260622,3188,ゴーゴージャグラー3,8,1,0,0,2026-06-22,22,0,0622,True,False,False,3F,3181-3190,3181,3190,8,3,10,small,L,8,3,A,3F_L_A,,3,22,0,198.84393063583815,100.0,237.06293706293707,251.0204081632653,0.0,0.0,198.84393063583815,97.36550929239593,0.4190751445086705,26.300578034682083,100.0,0.0,26.300578034682083,164.27295660573944,v6a_hit_an,2026-06-22,Monday,259
20260622,3003,キングハナハナ-30,3,0,0,0,2026-06-22,22,0,0622,True,False,False,3F,3001-3016,3001,3016,3,14,16,large,L,3,3,A,3F_L_A,,3,22,0,233.52601156069363,0.0,237.06293706293707,251.0204081632653,0.0,0.0,284.1040462427746,98.07564049308428,0.45664739884393063,30.63583815028902,100.0,0.0,30.63583815028902,163.6920317502481,v6a_hit_an,2026-06-22,Monday,260
20260622,3322,ジャグラーガールズ,2,1,0,0,2026-06-22,22,0,0622,True,False,False,3F,3310-3324,3310,3324,13,3,15,large,L,13,3,A,3F_L_A,,3,22,0,233.52601156069363,0.0,237.06293706293707,251.0204081632653,0.0,0.0,316.7630057803468,98.16881690584732,0.4508670520231214,28.901734104046245,100.0,0.0,28.901734104046245,163.51862134562384,v6a_hit_an,2026-06-22,Monday,261
20260622,3267,マイジャグラーV,7,0,0,0,2026-06-22,22,0,0622,True,False,False,3F,3265-3280,3265,3280,3,14,16,large,L,3,3,A,3F_L_A,,3,22,0,233.52601156069363,0.0,237.06293706293707,251.0204081632653,0.0,0.0,142.19653179190752,98.28822616158996,0.4393063583815029,28.32369942196532,100.0,0.0,28.32369942196532,163.46081787741574,v6a_hit_an,2026-06-22,Monday,262
20260622,3327,ネオアイムジャグラーEX,7,0,0,0,2026-06-22,22,0,0622,True,False,False,3F,3325-3340,3325,3340,3,14,16,large,L,3,3,A,3F_L_A,,3,22,0,233.52601156069363,0.0,237.06293706293707,251.0204081632653,0.0,0.0,170.23121387283237,97.52113722502996,0.42485549132947975,27.45664739884393,100.0,0.0,27.45664739884393,163.37411267510362,v6a_hit_an,2026-06-22,Monday,263
20260622,3297,ハッピージャグラーVIII,7,0,0,0,2026-06-22,22,0,0622,True,False,False,3F,3295-3309,3295,3309,3,13,15,large,L,3,3,A,3F_L_A,,3,22,0,233.52601156069363,0.0,237.06293706293707,251.0204081632653,0.0,0.0,273.12138728323697,97.7025191691085,0.41040462427745666,26.011560693641616,100.0,0.0,26.011560693641616,163.22960400458336,v6a_hit_an,2026-06-22,Monday,264
20260622,3021,沖ドキ!DUO アンコール,1,0,0,0,2026-06-22,22,0,0622,True,False,False,3F,3017-3030,3017,3030,5,10,14,medium,R,5,10,N,3F_R_N,,10,22,0,252.79831045406547,0.0,200.0,242.13836477987422,0.0,0.0,87.86127167630057,101.19887213648057,0.4277456647398844,34.39306358381503,0.0,0.0,34.39306358381503,163.13537736712811,v6a_hit_an,2026-06-22,Monday,265
20260622,3107,からくりサーカス,7,0,0,0,2026-06-22,22,0,0622,True,False,False,3F,3103-3116,3103,3116,5,10,14,medium,R,5,10,N,3F_R_N,,10,22,0,252.79831045406547,0.0,200.0,242.13836477987422,0.0,0.0,337.28323699421964,107.73754472413218,0.3786127167630058,32.369942196531795,0.0,0.0,32.369942196531795,162.93306522839978,v6a_hit_an,2026-06-22,Monday,266
20260622,3122,マイジャグラーV,2,1,0,0,2026-06-22,22,0,0622,True,False,False,3F,3117-3130,3117,3130,6,9,14,medium,L,6,6,A,3F_L_A,,6,22,0,267.05202312138726,200.0,77.27272727272727,164.28571428571428,0.0,0.0,332.3699421965318,99.35504457702757,0.47109826589595377,32.369942196531795,100.0,0.0,32.369942196531795,162.46338488101492,v6a_hit_an,2026-06-22,Monday,267
20260622,2190,化物語,0,0,0,0,2026-06-22,22,0,0622,True,False,False,2F,2187-2195,2187,2195,4,6,9,small,L,4,4,N,2F_L_N,,4,22,0,293.13583815028903,150.0,83.5016835016835,115.49508692365835,0.0,50.0,440.1734104046243,104.04424318892193,0.45664739884393063,36.70520231213873,0.0,0.0,36.70520231213873,162.32156173031487,v6a_hit_an,2026-06-22,Monday,268
20260622,3138,マイジャグラーV,8,0,0,0,2026-06-22,22,0,0622,True,False,False,3F,3131-3143,3131,3143,8,6,13,medium,L,8,6,A,3F_L_A,,6,22,0,267.05202312138726,200.0,77.27272727272727,164.28571428571428,0.0,0.0,241.04046242774567,98.53738518338628,0.43641618497109824,28.901734104046245,100.0,0.0,28.901734104046245,162.11656407176636,v6a_hit_an,2026-06-22,Monday,269
20260622,2035,甲鉄城のカバネリ 海門(うなと)決戦,5,0,0,0,2026-06-22,22,0,0622,True,False,False,2F,2032-2040,2032,2040,4,6,9,small,L,4,4,N,2F_L_N,,4,22,0,293.13583815028903,150.0,83.5016835016835,115.49508692365835,0.0,50.0,271.0982658959538,102.00163656448264,0.4161849710982659,33.81502890173411,0.0,0.0,33.81502890173411,162.0325443892744,v6a_hit_an,2026-06-22,Monday,270
20260622,3173,ゴーゴージャグラー3,3,0,0,0,2026-06-22,22,0,0622,True,False,False,3F,3168-3180,3168,3180,6,8,13,medium,L,6,6,A,3F_L_A,,6,22,0,267.05202312138726,200.0,77.27272727272727,164.28571428571428,0.0,0.0,247.10982658959537,97.52842891706126,0.4393063583815029,27.74566473988439,100.0,0.0,27.74566473988439,162.00095713535018,v6a_hit_an,2026-06-22,Monday,271
20260622,3162,ファンキージャグラー2,2,0,0,0,2026-06-22,22,0,0622,True,False,False,3F,3156-3167,3156,3167,7,6,12,medium,L,7,6,A,3F_L_A,,6,22,0,267.05202312138726,200.0,77.27272727272727,164.28571428571428,0.0,0.0,270.5202312138728,97.49048923055803,0.38439306358381503,26.011560693641616,100.0,0.0,26.011560693641616,161.82754673072589,v6a_hit_an,2026-06-22,Monday,272
20260622,2276,北斗の拳 転生の章2,6,0,0,0,2026-06-22,22,0,0622,True,False,False,2F,2264-2280,2264,2280,13,5,17,large,L,13,5,N,2F_L_N,,5,22,0,182.40205523442518,0.0,378.030303030303,165.22108843537416,0.0,50.0,314.4508670520231,101.1258558564339,0.3699421965317919,31.502890173410403,0.0,0.0,31.502890173410403,161.41533038596415,v6a_hit_an,2026-06-22,Monday,273
20260622,2309,スーパーリオエース2,9,0,0,0,2026-06-22,22,0,0622,True,False,False,2F,2298-2313,2298,2313,12,5,16,large,L,12,5,N,2F_L_N,,5,22,0,182.40205523442518,0.0,378.030303030303,165.22108843537416,0.0,50.0,51.445086705202314,99.2750323892646,0.3786127167630058,30.63583815028902,0.0,0.0,30.63583815028902,161.328625183652,v6a_hit_an,2026-06-22,Monday,274
20260622,3187,ゴーゴージャグラー3,7,0,0,0,2026-06-22,22,0,0622,True,False,False,3F,3181-3190,3181,3190,7,4,10,small,L,7,4,A,3F_L_A,,4,22,0,210.11560693641619,150.0,216.08391608391608,174.8822605965463,0.0,0.0,210.11560693641619,96.79379139601598,0.4277456647398844,26.300578034682083,100.0,0.0,26.300578034682083,161.0258863762167,v6a_hit_an,2026-06-22,Monday,275
20260622,2285,スーパーブラックジャック,5,0,0,0,2026-06-22,22,0,0622,True,False,False,2F,2281-2297,2281,2297,5,13,17,large,L,5,5,N,2F_L_N,,5,22,0,182.40205523442518,0.0,378.030303030303,165.22108843537416,0.0,50.0,-7.22543352601156,98.00620637778574,0.3236994219653179,27.167630057803464,0.0,0.0,27.167630057803464,160.98180437440345,v6a_hit_an,2026-06-22,Monday,276
20260622,2175,スマスロ サンダーV,5,0,0,0,2026-06-22,22,0,0622,True,False,False,2F,2172-2178,2172,2178,4,4,7,small,L,4,4,N,2F_L_N,,4,22,0,293.13583815028903,150.0,83.5016835016835,115.49508692365835,0.0,50.0,90.17341040462428,96.95400667719991,0.4190751445086705,21.965317919075144,0.0,0.0,21.965317919075144,160.8475732910085,v6a_hit_an,2026-06-22,Monday,277
20260622,2217,モンキーターンV,7,0,0,0,2026-06-22,22,0,0622,True,False,False,2F,2213-2229,2213,2229,5,13,17,large,L,5,5,N,2F_L_N,,5,22,0,182.40205523442518,0.0,378.030303030303,165.22108843537416,0.0,0.0,627.456647398844,105.2809256121509,0.4624277456647399,38.72832369942196,0.0,0.0,38.72832369942196,159.8878737385653,v6a_hit_an,2026-06-22,Monday,278
20260622,2158,ディスクアップ ULTRAREMIX,8,0,0,0,2026-06-22,22,0,0622,True,False,False,2F,2155-2164,2155,2164,4,7,10,small,L,4,4,N,2F_L_N,,4,22,0,293.13583815028903,150.0,83.5016835016835,115.49508692365835,0.0,0.0,342.77456647398844,101.25300457883907,0.4797687861271676,32.369942196531795,0.0,0.0,32.369942196531795,159.63803571875417,v6a_hit_an,2026-06-22,Monday,279
20260622,2028,甲鉄城のカバネリ 海門(うなと)決戦,8,0,0,0,2026-06-22,22,0,0622,True,False,False,2F,2023-2031,2023,2031,6,4,9,small,L,6,4,N,2F_L_N,,4,22,0,293.13583815028903,150.0,83.5016835016835,115.49508692365835,0.0,0.0,254.91329479768785,100.66540875879976,0.3872832369942196,32.080924855491325,0.0,0.0,32.080924855491325,159.60913398465013,v6a_hit_an,2026-06-22,Monday,280
20260622,2242,モンキーターンV,2,0,0,0,2026-06-22,22,0,0622,True,False,False,2F,2230-2246,2230,2246,13,5,17,large,L,13,5,N,2F_L_N,,5,22,0,182.40205523442518,0.0,378.030303030303,165.22108843537416,0.0,0.0,311.271676300578,104.29562575132451,0.4421965317919075,34.104046242774565,0.0,0.0,34.104046242774565,159.42544599290056,v6a_hit_an,2026-06-22,Monday,281
20260622,2318,BIRDIE WING ‐Golf Girls' Story‐,8,0,0,0,2026-06-22,22,0,0622,True,False,False,2F,2314-2329,2314,2329,5,12,16,large,L,5,5,N,2F_L_N,,5,22,0,182.40205523442518,0.0,378.030303030303,165.22108843537416,0.0,0.0,349.4219653179191,101.44587122969413,0.3901734104046243,32.65895953757225,0.0,0.0,32.65895953757225,159.28093732238034,v6a_hit_an,2026-06-22,Monday,282
20260622,2004,ゴッドイーター リザレクション,4,0,0,0,2026-06-22,22,0,0622,True,False,False,2F,2001-2010,2001,2010,4,7,10,small,L,4,4,N,2F_L_N,,4,22,0,293.13583815028903,150.0,83.5016835016835,115.49508692365835,0.0,0.0,538.7283236994219,98.2319000613879,0.3699421965317919,27.167630057803464,0.0,0.0,27.167630057803464,159.11780450488132,v6a_hit_an,2026-06-22,Monday,283
20260622,2208,スマスロ炎炎ノ消防隊2,8,0,0,0,2026-06-22,22,0,0622,True,False,False,2F,2196-2212,2196,2212,13,5,17,large,L,13,5,N,2F_L_N,,5,22,0,182.40205523442518,0.0,378.030303030303,165.22108843537416,0.0,0.0,25.433526011560694,102.3140365575076,0.37283236994219654,30.057803468208093,0.0,0.0,30.057803468208093,159.02082171544393,v6a_hit_an,2026-06-22,Monday,284
20260622,2168,うみねこのなく頃に2,8,0,0,0,2026-06-22,22,0,0622,True,False,False,2F,2165-2171,2165,2171,4,4,7,small,L,4,4,N,2F_L_N,,4,22,0,293.13583815028903,150.0,83.5016835016835,115.49508692365835,0.0,0.0,263.29479768786126,99.30180611906881,0.47109826589595377,26.011560693641616,0.0,0.0,26.011560693641616,159.00219756846514,v6a_hit_an,2026-06-22,Monday,285
20260622,2183,アレックス ブライト,3,0,0,0,2026-06-22,22,0,0622,True,False,False,2F,2179-2186,2179,2186,5,4,8,small,L,5,4,N,2F_L_N,,4,22,0,293.13583815028903,150.0,83.5016835016835,115.49508692365835,0.0,0.0,143.9306358381503,96.03773246224337,0.407514450867052,23.98843930635838,0.0,0.0,23.98843930635838,158.79988542973683,v6a_hit_an,2026-06-22,Monday,286
20260622,2251,北斗の拳 転生の章2,1,0,0,0,2026-06-22,22,0,0622,True,False,False,2F,2247-2263,2247,2263,5,13,17,large,L,5,5,N,2F_L_N,,5,22,0,182.40205523442518,0.0,378.030303030303,165.22108843537416,0.0,0.0,-159.82658959537574,98.12434166079503,0.35260115606936415,27.45664739884393,0.0,0.0,27.45664739884393,158.76070610850752,v6a_hit_an,2026-06-22,Monday,287
20260622,2347,虚構推理,7,0,0,0,2026-06-22,22,0,0622,True,False,False,2F,2330-2351,2330,2351,18,5,22,large,L,5,5,N,2F_L_N,,5,22,0,182.40205523442518,0.0,378.030303030303,165.22108843537416,0.0,0.0,129.1907514450867,97.48332739308444,0.3815028901734104,26.011560693641616,0.0,0.0,26.011560693641616,158.61619743798727,v6a_hit_an,2026-06-22,Monday,288
20260622,3355,ネオアイムジャグラーEX,5,1,0,0,2026-06-22,22,0,0622,True,False,False,3F,3341-3362,3341,3362,15,8,22,large,L,8,8,A,3F_L_A,,8,22,0,258.14065510597305,50.0,142.42424242424244,197.9591836734694,0.0,50.0,206.35838150289018,97.74495525933042,0.4421965317919075,28.901734104046245,100.0,0.0,28.901734104046245,157.18166268083695,v6a_hit_an,2026-06-22,Monday,289
20260622,3284,マイジャグラーV,4,0,0,0,2026-06-22,22,0,0622,True,False,False,3F,3281-3294,3281,3294,4,11,14,medium,R,4,11,A,3F_R_A,,11,22,0,194.64697738809414,0.0,302.4193548387097,208.33333333333334,0.0,0.0,343.35260115606934,98.93615072975112,0.4508670520231214,26.878612716763005,100.0,0.0,26.878612716763005,155.32125700235795,v6a_hit_an,2026-06-22,Monday,290
20260622,3154,ファンキージャグラー2,4,0,0,0,2026-06-22,22,0,0622,True,False,False,3F,3144-3155,3144,3155,11,2,12,medium,R,11,11,A,3F_R_A,,11,22,0,194.64697738809414,0.0,302.4193548387097,208.33333333333334,0.0,0.0,248.84393063583815,98.19692649495985,0.43352601156069365,26.300578034682083,100.0,0.0,26.300578034682083,155.26345353414987,v6a_hit_an,2026-06-22,Monday,291
20260622,3127,マイジャグラーV,7,0,0,0,2026-06-22,22,0,0622,True,False,False,3F,3117-3130,3117,3130,11,4,14,medium,R,11,11,A,3F_R_A,,11,22,0,194.64697738809414,0.0,302.4193548387097,208.33333333333334,0.0,0.0,186.1271676300578,98.6579504490409,0.42485549132947975,26.011560693641616,100.0,0.0,26.011560693641616,155.2345518000458,v6a_hit_an,2026-06-22,Monday,292
20260622,3178,ゴーゴージャグラー3,8,0,0,0,2026-06-22,22,0,0622,True,False,False,3F,3168-3180,3168,3180,11,3,13,medium,R,11,11,A,3F_R_A,,11,22,0,194.64697738809414,0.0,302.4193548387097,208.33333333333334,0.0,0.0,144.79768786127167,97.15073976041327,0.42196531791907516,25.722543352601157,100.0,0.0,25.722543352601157,155.20565006594177,v6a_hit_an,2026-06-22,Monday,293
20260622,3302,ハッピージャグラーVIII,2,0,0,0,2026-06-22,22,0,0622,True,False,False,3F,3295-3309,3295,3309,8,8,15,large,L,8,8,A,3F_L_A,,8,22,0,258.14065510597305,50.0,142.42424242424244,197.9591836734694,0.0,0.0,291.6184971098266,97.61415092918118,0.42485549132947975,30.63583815028902,100.0,0.0,30.63583815028902,155.1050730854612,v6a_hit_an,2026-06-22,Monday,294
20260622,3157,ファンキージャグラー2,7,0,0,0,2026-06-22,22,0,0622,True,False,False,3F,3156-3167,3156,3167,2,11,12,medium,R,2,11,A,3F_R_A,,11,22,0,194.64697738809414,0.0,302.4193548387097,208.33333333333334,0.0,0.0,184.39306358381504,97.69493666814918,0.3699421965317919,24.566473988439306,100.0,0.0,24.566473988439306,155.09004312952558,v6a_hit_an,2026-06-22,Monday,295
20260622,3008,キングハナハナ-30,8,0,0,0,2026-06-22,22,0,0622,True,False,False,3F,3001-3016,3001,3016,8,9,16,large,L,8,8,A,3F_L_A,,8,22,0,258.14065510597305,50.0,142.42424242424244,197.9591836734694,0.0,0.0,319.9421965317919,98.43134036361197,0.4653179190751445,29.76878612716763,100.0,0.0,29.76878612716763,155.0183678831491,v6a_hit_an,2026-06-22,Monday,296
20260622,3133,マイジャグラーV,3,1,0,0,2026-06-22,22,0,0622,True,False,False,3F,3131-3143,3131,3143,3,11,13,medium,R,3,11,A,3F_R_A,,11,22,0,194.64697738809414,0.0,302.4193548387097,208.33333333333334,0.0,0.0,136.41618497109826,98.25691546338977,0.4190751445086705,23.121387283236995,100.0,0.0,23.121387283236995,154.94553445900536,v6a_hit_an,2026-06-22,Monday,297
20260622,3272,マイジャグラーV,2,0,0,0,2026-06-22,22,0,0622,True,False,False,3F,3265-3280,3265,3280,8,9,16,large,L,8,8,A,3F_L_A,,8,22,0,258.14065510597305,50.0,142.42424242424244,197.9591836734694,0.0,0.0,237.28323699421966,99.02229971571204,0.4277456647398844,28.901734104046245,100.0,0.0,28.901734104046245,154.93166268083695,v6a_hit_an,2026-06-22,Monday,298
20260622,3332,ネオアイムジャグラーEX,2,0,0,0,2026-06-22,22,0,0622,True,False,False,3F,3325-3340,3325,3340,8,9,16,large,L,8,8,A,3F_L_A,,8,22,0,258.14065510597305,50.0,142.42424242424244,197.9591836734694,0.0,0.0,209.53757225433526,97.58884632791388,0.43352601156069365,28.901734104046245,100.0,0.0,28.901734104046245,154.93166268083695,v6a_hit_an,2026-06-22,Monday,299
20260622,3317,ジャグラーガールズ,7,0,0,0,2026-06-22,22,0,0622,True,False,False,3F,3310-3324,3310,3324,8,8,15,large,L,8,8,A,3F_L_A,,8,22,0,258.14065510597305,50.0,142.42424242424244,197.9591836734694,0.0,0.0,284.1040462427746,97.68467061895699,0.40173410404624277,27.45664739884393,100.0,0.0,27.45664739884393,154.78715401031673,v6a_hit_an,2026-06-22,Monday,300
20260622,2299,無職転生 ～異世界行ったら本気だす～,9,1,0,0,2026-06-22,22,0,0622,True,False,False,2F,2298-2313,2298,2313,2,15,16,large,R,2,15,N,2F_R_N,,15,22,0,260.5009633911368,0.0,142.42424242424244,213.37868480725623,0.0,50.0,406.0693641618497,102.33257381934621,0.4277456647398844,33.23699421965318,0.0,0.0,33.23699421965318,153.79653232811782,v6a_hit_an,2026-06-22,Monday,301
20260622,2266,北斗の拳 転生の章2,6,1,0,0,2026-06-22,22,0,0622,True,False,False,2F,2264-2280,2264,2280,3,15,17,large,R,3,15,N,2F_R_N,,15,22,0,260.5009633911368,0.0,142.42424242424244,213.37868480725623,0.0,50.0,498.84393063583815,103.85217048017664,0.4161849710982659,32.369942196531795,0.0,0.0,32.369942196531795,153.70982712580567,v6a_hit_an,2026-06-22,Monday,302
20260622,3352,ネオアイムジャグラーEX,2,0,0,0,2026-06-22,22,0,0622,True,False,False,3F,3341-3362,3341,3362,12,11,22,large,L,11,11,A,3F_L_A,,11,22,0,134.97109826589596,200.0,309.09090909090907,146.9387755102041,0.0,0.0,134.97109826589596,97.28073628346706,0.4479768786127168,26.011560693641616,100.0,0.0,26.011560693641616,153.66384977532786,v6a_hit_an,2026-06-22,Monday,303
20260622,2295,かぐや様は告らせたい,5,0,0,0,2026-06-22,22,0,0622,True,False,False,2F,2281-2297,2281,2297,15,3,17,large,R,15,15,N,2F_R_N,,15,22,0,260.5009633911368,0.0,142.42424242424244,213.37868480725623,0.0,50.0,131.5028901734104,98.10987101537356,0.3468208092485549,28.61271676300578,0.0,0.0,28.61271676300578,153.33410458245308,v6a_hit_an,2026-06-22,Monday,304
20260622,2029,攻殻機動隊,9,0,0,0,2026-06-22,22,0,0622,True,False,False,2F,2023-2031,2023,2031,7,3,9,small,L,7,3,N,2F_L_N,,3,22,0,236.41618497109826,100.0,148.82154882154882,153.59032501889644,0.0,50.0,464.73988439306356,101.88462394158995,0.40173410404624277,32.947976878612714,0.0,0.0,32.947976878612714,151.67719694288647,v6a_hit_an,2026-06-22,Monday,305
20260622,2169,うみねこのなく頃に2,9,0,0,0,2026-06-22,22,0,0622,True,False,False,2F,2165-2171,2165,2171,5,3,7,small,L,5,3,N,2F_L_N,,3,22,0,236.41618497109826,100.0,148.82154882154882,153.59032501889644,0.0,50.0,410.98265895953756,100.76835683010594,0.5057803468208093,31.502890173410403,0.0,0.0,31.502890173410403,151.53268827236624,v6a_hit_an,2026-06-22,Monday,306
20260622,2189,化物語,9,0,0,0,2026-06-22,22,0,0622,True,False,False,2F,2187-2195,2187,2195,3,7,9,small,L,3,3,N,2F_L_N,,3,22,0,236.41618497109826,100.0,148.82154882154882,153.59032501889644,0.0,50.0,128.03468208092485,99.68167045903667,0.38439306358381503,30.346820809248555,0.0,0.0,30.346820809248555,151.41708133595006,v6a_hit_an,2026-06-22,Monday,307
20260622,2232,新鬼武者3,2,0,0,0,2026-06-22,22,0,0622,True,False,False,2F,2230-2246,2230,2246,3,15,17,large,R,3,15,N,2F_R_N,,15,22,0,260.5009633911368,0.0,142.42424242424244,213.37868480725623,0.0,0.0,301.73410404624275,101.04976878390394,0.3872832369942196,31.213872832369944,0.0,0.0,31.213872832369944,151.3442201893895,v6a_hit_an,2026-06-22,Monday,308
20260622,2261,スマスロ北斗の拳,1,0,0,0,2026-06-22,22,0,0622,True,False,False,2F,2247-2263,2247,2263,15,3,17,large,R,15,15,N,2F_R_N,,15,22,0,260.5009633911368,0.0,142.42424242424244,213.37868480725623,0.0,0.0,289.3063583815029,101.96756149847303,0.3901734104046243,31.213872832369944,0.0,0.0,31.213872832369944,151.3442201893895,v6a_hit_an,2026-06-22,Monday,309
20260622,2337,七つの魔剣が支配する,7,0,0,0,2026-06-22,22,0,0622,True,False,False,2F,2330-2351,2330,2351,8,15,22,large,R,15,15,N,2F_R_N,,15,22,0,260.5009633911368,0.0,142.42424242424244,213.37868480725623,0.0,0.0,472.2543352601156,101.17522740585247,0.41040462427745666,30.63583815028902,0.0,0.0,30.63583815028902,151.28641672118138,v6a_hit_an,2026-06-22,Monday,310
20260622,2227,東京リベンジャーズ,7,0,0,0,2026-06-22,22,0,0622,True,False,False,2F,2213-2229,2213,2229,15,3,17,large,R,15,15,N,2F_R_N,,15,22,0,260.5009633911368,0.0,142.42424242424244,213.37868480725623,0.0,0.0,132.65895953757226,100.76795434603659,0.37283236994219654,30.346820809248555,0.0,0.0,30.346820809248555,151.25751498707734,v6a_hit_an,2026-06-22,Monday,311
20260622,2198,スマスロ炎炎ノ消防隊2,8,0,0,0,2026-06-22,22,0,0622,True,False,False,2F,2196-2212,2196,2212,3,15,17,large,R,3,15,N,2F_R_N,,15,22,0,260.5009633911368,0.0,142.42424242424244,213.37868480725623,0.0,0.0,-173.98843930635837,98.56455528157448,0.3699421965317919,29.190751445086704,0.0,0.0,29.190751445086704,151.14190805066116,v6a_hit_an,2026-06-22,Monday,312
20260622,2020,甲鉄城のカバネリ 海門(うなと)決戦,0,0,0,0,2026-06-22,22,0,0622,True,False,False,2F,2011-2022,2011,2022,10,3,12,medium,R,10,10,N,2F_R_N,,10,22,0,198.23699421965318,0.0,243.54066985645932,224.91944146079484,0.0,50.0,443.35260115606934,103.02440557637149,0.3901734104046243,33.23699421965318,0.0,0.0,33.23699421965318,151.14046251241047,v6a_hit_an,2026-06-22,Monday,313
20260622,2328,ゾンビランドサガ,8,0,0,0,2026-06-22,22,0,0622,True,False,False,2F,2314-2329,2314,2329,15,2,16,large,R,15,15,N,2F_R_N,,15,22,0,260.5009633911368,0.0,142.42424242424244,213.37868480725623,0.0,0.0,286.1271676300578,99.74660825268634,0.3815028901734104,28.901734104046245,0.0,0.0,28.901734104046245,151.11300631655712,v6a_hit_an,2026-06-22,Monday,314
20260622,2145,バイオハザード RE:3,5,0,0,0,2026-06-22,22,0,0622,True,False,False,2F,2143-2154,2143,2154,3,10,12,medium,R,3,10,N,2F_R_N,,10,22,0,198.23699421965318,0.0,243.54066985645932,224.91944146079484,0.0,50.0,221.38728323699422,100.65075239466009,0.3901734104046243,30.346820809248555,0.0,0.0,30.346820809248555,150.85144517137,v6a_hit_an,2026-06-22,Monday,315
20260622,2086,マギアレコード 魔法少女まどか☆マギカ外伝,6,0,0,0,2026-06-22,22,0,0622,True,False,False,2F,2077-2088,2077,2088,10,3,12,medium,R,10,10,N,2F_R_N,,10,22,0,198.23699421965318,0.0,243.54066985645932,224.91944146079484,0.0,50.0,8.670520231213873,97.7469494332267,0.3583815028901734,29.47976878612717,0.0,0.0,29.47976878612717,150.76473996905784,v6a_hit_an,2026-06-22,Monday,316
20260622,2119,痛いのは嫌なので防御力に極振りしたいと思います。,9,0,0,0,2026-06-22,22,0,0622,True,False,False,2F,2115-2128,2115,2128,5,10,14,medium,R,5,10,N,2F_R_N,,10,22,0,198.23699421965318,0.0,243.54066985645932,224.91944146079484,0.0,50.0,48.84393063583815,96.92137835360458,0.32947976878612717,24.566473988439306,0.0,0.0,24.566473988439306,150.27341048928906,v6a_hit_an,2026-06-22,Monday,317
20260622,2157,ディスクアップ ULTRAREMIX,7,0,0,0,2026-06-22,22,0,0622,True,False,False,2F,2155-2164,2155,2164,3,8,10,small,L,3,3,N,2F_L_N,,3,22,0,236.41618497109826,100.0,148.82154882154882,153.59032501889644,0.0,0.0,429.19075144508673,102.25184236738892,0.5057803468208093,34.68208092485549,0.0,0.0,34.68208092485549,149.60060734751076,v6a_hit_an,2026-06-22,Monday,318
20260622,2034,甲鉄城のカバネリ 海門(うなと)決戦,4,0,0,0,2026-06-22,22,0,0622,True,False,False,2F,2032-2040,2032,2040,3,7,9,small,L,3,3,N,2F_L_N,,3,22,0,236.41618497109826,100.0,148.82154882154882,153.59032501889644,0.0,0.0,271.67630057803467,99.47887749234503,0.33815028901734107,29.76878612716763,0.0,0.0,29.76878612716763,149.10927786774198,v6a_hit_an,2026-06-22,Monday,319
20260622,2111,モンスターハンターライズ,1,1,0,0,2026-06-22,22,0,0622,True,False,False,2F,2102-2114,2102,2114,10,4,13,medium,R,10,10,N,2F_R_N,,10,22,0,198.23699421965318,0.0,243.54066985645932,224.91944146079484,0.0,0.0,254.04624277456648,100.42836176412398,0.3901734104046243,33.23699421965318,0.0,0.0,33.23699421965318,148.89046251241047,v6a_hit_an,2026-06-22,Monday,320
20260622,2025,甲鉄城のカバネリ 海門(うなと)決戦,5,0,0,0,2026-06-22,22,0,0622,True,False,False,2F,2023-2031,2023,2031,3,7,9,small,R,3,7,N,2F_R_N,,7,22,0,170.4238921001927,100.0,306.8181818181818,97.95918367346938,0.0,50.0,270.80924855491327,100.75493214182853,0.4190751445086705,32.65895953757225,0.0,0.0,32.65895953757225,148.8202596330177,v6a_hit_an,2026-06-22,Monday,321
20260622,2092,マギアレコード 魔法少女まどか☆マギカ外伝,2,0,0,0,2026-06-22,22,0,0622,True,False,False,2F,2089-2101,2089,2101,4,10,13,medium,R,4,10,N,2F_R_N,,10,22,0,198.23699421965318,0.0,243.54066985645932,224.91944146079484,0.0,0.0,327.1676300578035,99.8265878722221,0.41329479768786126,32.080924855491325,0.0,0.0,32.080924855491325,148.77485557599428,v6a_hit_an,2026-06-22,Monday,322
20260622,2043,甲鉄城のカバネリ 海門(うなと)決戦,3,0,0,0,2026-06-22,22,0,0622,True,False,False,2F,2041-2052,2041,2052,3,10,12,medium,R,3,10,N,2F_R_N,,10,22,0,198.23699421965318,0.0,243.54066985645932,224.91944146079484,0.0,0.0,231.21387283236993,99.5237646314324,0.36127167630057805,31.213872832369944,0.0,0.0,31.213872832369944,148.68815037368213,v6a_hit_an,2026-06-22,Monday,323
20260622,2062,戦国乙女5 業火を穿つ宿焔の双刃,2,0,0,0,2026-06-22,22,0,0622,True,False,False,2F,2053-2064,2053,2064,10,3,12,medium,R,10,10,N,2F_R_N,,10,22,0,198.23699421965318,0.0,243.54066985645932,224.91944146079484,0.0,0.0,227.7456647398844,100.75489002669165,0.3901734104046243,31.213872832369944,0.0,0.0,31.213872832369944,148.68815037368213,v6a_hit_an,2026-06-22,Monday,324
20260622,2067,戦国乙女5 業火を穿つ宿焔の双刃,7,0,0,0,2026-06-22,22,0,0622,True,False,False,2F,2065-2076,2065,2076,3,10,12,medium,R,3,10,N,2F_R_N,,10,22,0,198.23699421965318,0.0,243.54066985645932,224.91944146079484,0.0,0.0,15.31791907514451,99.69413484002683,0.3670520231213873,30.63583815028902,0.0,0.0,30.63583815028902,148.63034690547403,v6a_hit_an,2026-06-22,Monday,325
20260622,2174,スマスロ サンダーV,4,0,0,0,2026-06-22,22,0,0622,True,False,False,2F,2172-2178,2172,2178,3,5,7,small,L,3,3,N,2F_L_N,,3,22,0,236.41618497109826,100.0,148.82154882154882,153.59032501889644,0.0,0.0,-31.502890173410403,96.27242709208299,0.430635838150289,24.85549132947977,0.0,0.0,24.85549132947977,148.61794838797317,v6a_hit_an,2026-06-22,Monday,326
20260622,2138,バイオハザード RE:3,8,0,0,0,2026-06-22,22,0,0622,True,False,False,2F,2129-2142,2129,2142,10,5,14,medium,R,10,10,N,2F_R_N,,10,22,0,198.23699421965318,0.0,243.54066985645932,224.91944146079484,0.0,0.0,204.6242774566474,98.6818169570796,0.3959537572254335,29.76878612716763,0.0,0.0,29.76878612716763,148.5436417031619,v6a_hit_an,2026-06-22,Monday,327
20260622,2184,アレックス ブライト,4,0,0,0,2026-06-22,22,0,0622,True,False,False,2F,2179-2186,2179,2186,6,3,8,small,L,6,3,N,2F_L_N,,3,22,0,236.41618497109826,100.0,148.82154882154882,153.59032501889644,0.0,0.0,149.42196531791907,96.36020017071348,0.3901734104046243,23.699421965317917,0.0,0.0,23.699421965317917,148.502341451557,v6a_hit_an,2026-06-22,Monday,328
20260622,2003,ゴッドイーター リザレクション,3,0,0,0,2026-06-22,22,0,0622,True,False,False,2F,2001-2010,2001,2010,3,8,10,small,L,3,3,N,2F_L_N,,3,22,0,236.41618497109826,100.0,148.82154882154882,153.59032501889644,0.0,0.0,68.78612716763006,95.58167882027416,0.33815028901734107,22.832369942196532,0.0,0.0,22.832369942196532,148.41563624924487,v6a_hit_an,2026-06-22,Monday,329
20260622,3174,ゴーゴージャグラー3,4,0,0,0,2026-06-22,22,0,0622,True,False,False,3F,3168-3180,3168,3180,7,7,13,medium,L,7,7,A,3F_L_A,,7,22,0,237.22033898305085,150.0,148.67256637168143,97.01789264413519,0.0,0.0,242.19653179190752,97.02406728262345,0.4508670520231214,28.901734104046245,100.0,0.0,28.901734104046245,148.39797289816383,v6a_hit_an,2026-06-22,Monday,330
20260622,3288,マイジャグラーV,8,1,0,0,2026-06-22,22,0,0622,True,False,False,3F,3281-3294,3281,3294,8,7,14,medium,L,8,7,A,3F_L_A,,7,22,0,237.22033898305085,150.0,148.67256637168143,97.01789264413519,0.0,0.0,289.01734104046244,98.91849004383575,0.48265895953757226,28.901734104046245,100.0,0.0,28.901734104046245,148.39797289816383,v6a_hit_an,2026-06-22,Monday,331
20260622,3123,マイジャグラーV,3,0,0,0,2026-06-22,22,0,0622,True,False,False,3F,3117-3130,3117,3130,7,8,14,medium,L,7,7,A,3F_L_A,,7,22,0,237.22033898305085,150.0,148.67256637168143,97.01789264413519,0.0,0.0,271.0982658959538,98.8569344376556,0.4682080924855491,28.034682080924856,100.0,0.0,28.034682080924856,148.31126769585168,v6a_hit_an,2026-06-22,Monday,332
20260622,3349,ネオアイムジャグラーEX,9,0,0,0,2026-06-22,22,0,0622,True,False,False,3F,3341-3362,3341,3362,9,14,22,large,R,14,14,A,3F_R_A,,14,22,0,249.75915221579962,50.0,96.7032967032967,212.8395061728395,0.0,50.0,249.42196531791907,97.88864920970485,0.430635838150289,30.63583815028902,100.0,0.0,30.63583815028902,148.1168053526435,v6a_hit_an,2026-06-22,Monday,333
20260622,2180,不二子BT,0,0,0,0,2026-06-22,22,0,0622,True,False,False,2F,2179-2186,2179,2186,2,7,8,small,R,2,7,N,2F_R_N,,7,22,0,170.4238921001927,100.0,306.8181818181818,97.95918367346938,0.0,50.0,99.71098265895954,97.47139238005377,0.3930635838150289,25.43352601156069,0.0,0.0,25.43352601156069,148.09771628041656,v6a_hit_an,2026-06-22,Monday,334
20260622,3137,マイジャグラーV,7,0,0,0,2026-06-22,22,0,0622,True,False,False,3F,3131-3143,3131,3143,7,7,13,medium,L,7,7,A,3F_L_A,,7,22,0,237.22033898305085,150.0,148.67256637168143,97.01789264413519,0.0,0.0,226.01156069364163,98.61272006523669,0.4277456647398844,25.722543352601157,100.0,0.0,25.722543352601157,148.0800538230193,v6a_hit_an,2026-06-22,Monday,335
20260622,2165,うみねこのなく頃に2,5,0,0,0,2026-06-22,22,0,0622,True,False,False,2F,2165-2171,2165,2171,1,7,7,small,R,1,7,N,2F_R_N,,7,22,0,170.4238921001927,100.0,306.8181818181818,97.95918367346938,0.0,50.0,2.023121387283237,98.44060370145095,0.4595375722543353,23.410404624277454,0.0,0.0,23.410404624277454,147.89540414168823,v6a_hit_an,2026-06-22,Monday,336
20260622,3032,ソードアート・オンラインII,2,0,0,0,2026-06-22,22,0,0622,True,False,False,3F,3031-3042,3031,3042,2,11,12,medium,L,2,2,N,3F_L_N,,2,22,0,309.6339113680154,0.0,112.87878787878788,21.598639455782312,204.3615344193379,0.0,727.7456647398844,104.27356796101294,0.37572254335260113,31.79190751445087,0.0,0.0,31.79190751445087,147.0776660375133,v6a_hit_an,2026-06-22,Monday,337
20260622,2038,甲鉄城のカバネリ 海門(うなと)決戦,8,0,0,0,2026-06-22,22,0,0622,True,False,False,2F,2032-2040,2032,2040,7,3,9,small,R,7,7,N,2F_R_N,,7,22,0,170.4238921001927,100.0,306.8181818181818,97.95918367346938,0.0,0.0,393.0635838150289,101.72543954723949,0.3959537572254335,32.369942196531795,0.0,0.0,32.369942196531795,146.54135789891367,v6a_hit_an,2026-06-22,Monday,338
20260622,2161,ディスクアップ ULTRAREMIX,1,0,0,0,2026-06-22,22,0,0622,True,False,False,2F,2155-2164,2155,2164,7,4,10,small,R,7,7,N,2F_R_N,,7,22,0,170.4238921001927,100.0,306.8181818181818,97.95918367346938,0.0,0.0,246.53179190751445,99.84659663048782,0.47109826589595377,30.346820809248555,0.0,0.0,30.346820809248555,146.33904576018534,v6a_hit_an,2026-06-22,Monday,339
20260622,3353,ネオアイムジャグラーEX,3,0,0,0,2026-06-22,22,0,0622,True,False,False,3F,3341-3362,3341,3362,13,10,22,large,L,10,10,A,3F_L_A,,10,22,0,157.51445086705203,150.0,327.27272727272725,55.10204081632653,0.0,0.0,157.51445086705203,97.02144318190216,0.4277456647398844,26.878612716763005,100.0,0.0,26.878612716763005,145.99093000311,v6a_hit_an,2026-06-22,Monday,340
20260622,3350,ネオアイムジャグラーEX,0,0,0,0,2026-06-22,22,0,0622,True,False,False,3F,3341-3362,3341,3362,10,13,22,large,R,13,13,A,3F_R_A,,13,22,0,225.91522157996147,100.0,162.83185840707964,122.66401590457257,0.0,50.0,229.1907514450867,98.06470074506502,0.4508670520231214,30.057803468208093,100.0,0.0,30.057803468208093,145.95463677599858,v6a_hit_an,2026-06-22,Monday,341
20260622,3311,ミスタージャグラー,1,1,0,0,2026-06-22,22,0,0622,True,False,False,3F,3310-3324,3310,3324,2,14,15,large,R,2,14,A,3F_R_A,,14,22,0,249.75915221579962,50.0,96.7032967032967,212.8395061728395,0.0,0.0,245.66473988439307,98.56651571459346,0.4508670520231214,30.924855491329478,100.0,0.0,30.924855491329478,145.89570708674756,v6a_hit_an,2026-06-22,Monday,342
20260622,3308,ウルトラミラクルジャグラー,8,0,0,0,2026-06-22,22,0,0622,True,False,False,3F,3295-3309,3295,3309,14,2,15,large,R,14,14,A,3F_R_A,,14,22,0,249.75915221579962,50.0,96.7032967032967,212.8395061728395,0.0,0.0,316.47398843930637,98.34962323012375,0.4595375722543353,28.901734104046245,100.0,0.0,28.901734104046245,145.69339494801923,v6a_hit_an,2026-06-22,Monday,343
20260622,3338,ネオアイムジャグラーEX,8,0,0,0,2026-06-22,22,0,0622,True,False,False,3F,3325-3340,3325,3340,14,3,16,large,R,14,14,A,3F_R_A,,14,22,0,249.75915221579962,50.0,96.7032967032967,212.8395061728395,0.0,0.0,169.364161849711,97.68349071653589,0.4277456647398844,28.32369942196532,100.0,0.0,28.32369942196532,145.63559147981113,v6a_hit_an,2026-06-22,Monday,344
20260622,3278,マイジャグラーV,8,0,0,0,2026-06-22,22,0,0622,True,False,False,3F,3265-3280,3265,3280,14,3,16,large,R,14,14,A,3F_R_A,,14,22,0,249.75915221579962,50.0,96.7032967032967,212.8395061728395,0.0,0.0,272.2543352601156,99.13061060962394,0.48265895953757226,27.45664739884393,100.0,0.0,27.45664739884393,145.548886277499,v6a_hit_an,2026-06-22,Monday,345
20260622,3014,キングハナハナ-30,4,0,0,0,2026-06-22,22,0,0622,True,False,False,3F,3001-3016,3001,3016,14,3,16,large,R,14,14,A,3F_R_A,,14,22,0,249.75915221579962,50.0,96.7032967032967,212.8395061728395,0.0,0.0,245.3757225433526,98.29072386468107,0.4161849710982659,26.878612716763005,100.0,0.0,26.878612716763005,145.4910828092909,v6a_hit_an,2026-06-22,Monday,346
20260622,2178,A‐SLOT+ 異世界かるてっと,8,0,0,0,2026-06-22,22,0,0622,True,False,False,2F,2172-2178,2172,2178,7,1,7,small,R,7,7,N,2F_R_N,,7,22,0,170.4238921001927,100.0,306.8181818181818,97.95918367346938,0.0,0.0,10.404624277456648,97.5494077956668,0.4190751445086705,20.520231213872833,0.0,0.0,20.520231213872833,145.35638680064778,v6a_hit_an,2026-06-22,Monday,347
20260622,3115,革命機ヴァルヴレイヴ2,5,0,0,0,2026-06-22,22,0,0622,True,False,False,3F,3103-3116,3103,3116,13,2,14,medium,L,13,2,N,3F_L_N,,2,22,0,309.6339113680154,0.0,112.87878787878788,21.598639455782312,88.91224382553862,50.0,115.60693641618496,99.7189188930742,0.36127167630057805,28.61271676300578,0.0,0.0,28.61271676300578,143.8145288856478,v6a_hit_an,2026-06-22,Monday,348
20260622,3029,スマスロ ハナビ,9,0,0,0,2026-06-22,22,0,0622,True,False,False,3F,3017-3030,3017,3030,13,2,14,medium,L,13,2,N,3F_L_N,,2,22,0,309.6339113680154,0.0,112.87878787878788,21.598639455782312,80.1300578034682,50.0,85.54913294797687,107.62042189672985,0.3872832369942196,31.79190751445087,0.0,0.0,31.79190751445087,143.73724958979915,v6a_hit_an,2026-06-22,Monday,349
20260622,3307,ウルトラミラクルジャグラー,7,0,0,0,2026-06-22,22,0,0622,True,False,False,3F,3295-3309,3295,3309,13,3,15,large,R,13,13,A,3F_R_A,,13,22,0,225.91522157996147,100.0,162.83185840707964,122.66401590457257,0.0,0.0,314.73988439306356,98.43831650538111,0.45375722543352603,30.346820809248555,100.0,0.0,30.346820809248555,143.73353851010262,v6a_hit_an,2026-06-22,Monday,350
20260622,3356,ネオアイムジャグラーEX,6,0,0,0,2026-06-22,22,0,0622,True,False,False,3F,3341-3362,3341,3362,16,7,22,large,L,7,7,A,3F_L_A,,7,22,0,274.71098265895955,0.0,148.67256637168143,97.01789264413519,0.0,50.0,115.02890173410404,96.5440331339461,0.4190751445086705,27.167630057803464,100.0,0.0,27.167630057803464,143.72119421686668,v6a_hit_an,2026-06-22,Monday,351
20260622,3013,キングハナハナ-30,3,0,0,0,2026-06-22,22,0,0622,True,False,False,3F,3001-3016,3001,3016,13,4,16,large,R,13,13,A,3F_R_A,,13,22,0,225.91522157996147,100.0,162.83185840707964,122.66401590457257,0.0,0.0,285.5491329479769,98.70106545368598,0.4393063583815029,29.76878612716763,100.0,0.0,29.76878612716763,143.67573504189454,v6a_hit_an,2026-06-22,Monday,352
20260622,3337,ネオアイムジャグラーEX,7,0,0,0,2026-06-22,22,0,0622,True,False,False,3F,3325-3340,3325,3340,13,4,16,large,R,13,13,A,3F_R_A,,13,22,0,225.91522157996147,100.0,162.83185840707964,122.66401590457257,0.0,0.0,163.58381502890174,97.41393572783426,0.4190751445086705,28.034682080924856,100.0,0.0,28.034682080924856,143.50232463727025,v6a_hit_an,2026-06-22,Monday,353
20260622,3312,ミスタージャグラー,2,0,0,0,2026-06-22,22,0,0622,True,False,False,3F,3310-3324,3310,3324,3,13,15,large,R,3,13,A,3F_R_A,,13,22,0,225.91522157996147,100.0,162.83185840707964,122.66401590457257,0.0,0.0,155.78034682080926,98.38851317799477,0.3959537572254335,26.300578034682083,100.0,0.0,26.300578034682083,143.32891423264599,v6a_hit_an,2026-06-22,Monday,354
20260622,3277,マイジャグラーV,7,1,0,0,2026-06-22,22,0,0622,True,False,False,3F,3265-3280,3265,3280,13,4,16,large,R,13,13,A,3F_R_A,,13,22,0,225.91522157996147,100.0,162.83185840707964,122.66401590457257,0.0,0.0,206.64739884393063,98.4918417463107,0.43352601156069365,26.011560693641616,100.0,0.0,26.011560693641616,143.30001249854192,v6a_hit_an,2026-06-22,Monday,355
20260622,3301,ハッピージャグラーVIII,1,0,0,0,2026-06-22,22,0,0622,True,False,False,3F,3295-3309,3295,3309,7,9,15,large,L,7,7,A,3F_L_A,,7,22,0,274.71098265895955,0.0,148.67256637168143,97.01789264413519,0.0,0.0,472.8323699421965,98.80441943220056,0.4682080924855491,32.369942196531795,100.0,0.0,32.369942196531795,141.99142543073953,v6a_hit_an,2026-06-22,Monday,356
20260622,3007,キングハナハナ-30,7,0,0,0,2026-06-22,22,0,0622,True,False,False,3F,3001-3016,3001,3016,7,10,16,large,L,7,7,A,3F_L_A,,7,22,0,274.71098265895955,0.0,148.67256637168143,97.01789264413519,0.0,0.0,298.84393063583815,98.30006539305394,0.43641618497109824,31.502890173410403,100.0,0.0,31.502890173410403,141.90472022842738,v6a_hit_an,2026-06-22,Monday,357
20260622,3331,ネオアイムジャグラーEX,1,0,0,0,2026-06-22,22,0,0622,True,False,False,3F,3325-3340,3325,3340,7,10,16,large,L,7,7,A,3F_L_A,,7,22,0,274.71098265895955,0.0,148.67256637168143,97.01789264413519,0.0,0.0,275.4335260115607,97.75808647901732,0.4508670520231214,31.213872832369944,100.0,0.0,31.213872832369944,141.87581849432334,v6a_hit_an,2026-06-22,Monday,358
20260622,3318,ジャグラーガールズ,8,0,0,0,2026-06-22,22,0,0622,True,False,False,3F,3310-3324,3310,3324,9,7,15,large,L,9,7,A,3F_L_A,,7,22,0,274.71098265895955,0.0,148.67256637168143,97.01789264413519,0.0,0.0,296.242774566474,98.17887194817636,0.4508670520231214,28.61271676300578,100.0,0.0,28.61271676300578,141.61570288738693,v6a_hit_an,2026-06-22,Monday,359
20260622,3359,ネオアイムジャグラーEX,9,0,0,0,2026-06-22,22,0,0622,True,False,False,3F,3341-3362,3341,3362,19,4,22,large,L,4,4,A,3F_L_A,,4,22,0,205.58766859344894,0.0,216.08391608391608,174.8822605965463,0.0,50.0,125.14450867052022,97.45329232654032,0.40173410404624277,25.43352601156069,100.0,0.0,25.43352601156069,141.30912337043634,v6a_hit_an,2026-06-22,Monday,360
20260622,3271,マイジャグラーV,1,0,0,0,2026-06-22,22,0,0622,True,False,False,3F,3265-3280,3265,3280,7,10,16,large,L,7,7,A,3F_L_A,,7,22,0,274.71098265895955,0.0,148.67256637168143,97.01789264413519,0.0,0.0,189.88439306358381,98.38287671475241,0.43641618497109824,25.14450867052023,100.0,0.0,25.14450867052023,141.26888207813838,v6a_hit_an,2026-06-22,Monday,361
20260622,3004,キングハナハナ-30,4,0,0,0,2026-06-22,22,0,0622,True,False,False,3F,3001-3016,3001,3016,4,13,16,large,L,4,4,A,3F_L_A,,4,22,0,205.58766859344894,0.0,216.08391608391608,174.8822605965463,0.0,0.0,322.2543352601156,98.71174850171313,0.4393063583815029,31.79190751445087,100.0,0.0,31.79190751445087,139.69496152072534,v6a_hit_an,2026-06-22,Monday,362
20260622,3298,ハッピージャグラーVIII,8,0,0,0,2026-06-22,22,0,0622,True,False,False,3F,3295-3309,3295,3309,4,12,15,large,L,4,4,A,3F_L_A,,4,22,0,205.58766859344894,0.0,216.08391608391608,174.8822605965463,0.0,0.0,300.8670520231214,97.91582723430216,0.43641618497109824,30.346820809248555,100.0,0.0,30.346820809248555,139.55045285020512,v6a_hit_an,2026-06-22,Monday,363
20260622,3328,ネオアイムジャグラーEX,8,0,0,0,2026-06-22,22,0,0622,True,False,False,3F,3325-3340,3325,3340,4,13,16,large,L,4,4,A,3F_L_A,,4,22,0,205.58766859344894,0.0,216.08391608391608,174.8822605965463,0.0,0.0,182.65895953757226,97.45626723959657,0.43641618497109824,27.167630057803464,100.0,0.0,27.167630057803464,139.2325337750606,v6a_hit_an,2026-06-22,Monday,364
20260622,3039,ソードアート・オンラインII,9,0,0,0,2026-06-22,22,0,0622,True,False,False,3F,3031-3042,3031,3042,9,4,12,medium,R,9,9,N,3F_R_N,,9,22,0,234.42449841605068,50.0,191.58878504672896,60.79664570230608,0.0,50.0,106.35838150289017,101.24386994868006,0.3959537572254335,31.213872832369944,0.0,0.0,31.213872832369944,139.2077351912378,v6a_hit_an,2026-06-22,Monday,365
20260622,3268,マイジャグラーV,8,0,0,0,2026-06-22,22,0,0622,True,False,False,3F,3265-3280,3265,3280,4,13,16,large,L,4,4,A,3F_L_A,,4,22,0,205.58766859344894,0.0,216.08391608391608,174.8822605965463,0.0,0.0,120.52023121387283,98.45717951258122,0.3988439306358382,25.14450867052023,100.0,0.0,25.14450867052023,139.0302216363323,v6a_hit_an,2026-06-22,Monday,366
20260622,3321,ジャグラーガールズ,1,0,0,0,2026-06-22,22,0,0622,True,False,False,3F,3310-3324,3310,3324,12,4,15,large,L,12,4,A,3F_L_A,,4,22,0,205.58766859344894,0.0,216.08391608391608,174.8822605965463,0.0,0.0,182.08092485549133,97.27198873885945,0.3930635838150289,25.14450867052023,100.0,0.0,25.14450867052023,139.0302216363323,v6a_hit_an,2026-06-22,Monday,367
20260622,2205,スマスロ炎炎ノ消防隊2,5,0,0,0,2026-06-22,22,0,0622,True,False,False,2F,2196-2212,2196,2212,10,8,17,large,L,10,8,N,2F_L_N,,8,22,0,118.20809248554913,50.0,380.9917355371901,115.95547309833024,0.0,50.0,-28.90173410404624,100.70775115406046,0.3786127167630058,31.79190751445087,0.0,0.0,31.79190751445087,138.9666053112116,v6a_hit_an,2026-06-22,Monday,368
20260622,2239,モンキーターンV,9,0,0,0,2026-06-22,22,0,0622,True,False,False,2F,2230-2246,2230,2246,10,8,17,large,L,10,8,N,2F_L_N,,8,22,0,118.20809248554913,50.0,380.9917355371901,115.95547309833024,0.0,50.0,234.68208092485548,100.9291918026113,0.40173410404624277,31.79190751445087,0.0,0.0,31.79190751445087,138.9666053112116,v6a_hit_an,2026-06-22,Monday,369
20260622,2306,スーパーリオエース2,6,0,0,0,2026-06-22,22,0,0622,True,False,False,2F,2298-2313,2298,2313,9,8,16,large,L,9,8,N,2F_L_N,,8,22,0,118.20809248554913,50.0,380.9917355371901,115.95547309833024,0.0,50.0,-26.01156069364162,98.42136351689813,0.38439306358381503,31.79190751445087,0.0,0.0,31.79190751445087,138.9666053112116,v6a_hit_an,2026-06-22,Monday,370
20260622,2220,モンキーターンV,0,0,0,0,2026-06-22,22,0,0622,True,False,False,2F,2213-2229,2213,2229,8,10,17,large,L,8,8,N,2F_L_N,,8,22,0,118.20809248554913,50.0,380.9917355371901,115.95547309833024,0.0,50.0,-43.35260115606936,100.15422310220971,0.407514450867052,30.346820809248555,0.0,0.0,30.346820809248555,138.82209664069137,v6a_hit_an,2026-06-22,Monday,371
20260622,3108,からくりサーカス,8,0,0,0,2026-06-22,22,0,0622,True,False,False,3F,3103-3116,3103,3116,6,9,14,medium,R,6,9,N,3F_R_N,,9,22,0,234.42449841605068,50.0,191.58878504672896,60.79664570230608,0.0,0.0,573.6994219653179,106.07901024645275,0.4046242774566474,36.127167630057805,0.0,0.0,36.127167630057805,137.44906467100657,v6a_hit_an,2026-06-22,Monday,372
20260622,3022,沖ドキ!DUO アンコール,2,1,0,0,2026-06-22,22,0,0622,True,False,False,3F,3017-3030,3017,3030,6,9,14,medium,R,6,9,N,3F_R_N,,9,22,0,234.42449841605068,50.0,191.58878504672896,60.79664570230608,0.0,0.0,34.39306358381503,104.26071562288539,0.40173410404624277,32.947976878612714,0.0,0.0,32.947976878612714,137.13114559586205,v6a_hit_an,2026-06-22,Monday,373
20260622,3179,ゴーゴージャグラー3,9,0,0,0,2026-06-22,22,0,0622,True,False,False,3F,3168-3180,3168,3180,12,2,13,medium,R,12,12,A,3F_R_A,,12,22,0,142.08583294877712,0.0,322.22222222222223,169.88352745424294,0.0,50.0,153.17919075144508,97.39013093843445,0.430635838150289,26.878612716763005,100.0,0.0,26.878612716763005,137.02303733955887,v6a_hit_an,2026-06-22,Monday,374
20260622,3155,ファンキージャグラー2,5,1,0,0,2026-06-22,22,0,0622,True,False,False,3F,3144-3155,3144,3155,12,1,12,medium,R,12,12,A,3F_R_A,,12,22,0,142.08583294877712,0.0,322.22222222222223,169.88352745424294,0.0,50.0,119.65317919075144,98.04567132277393,0.4508670520231214,26.300578034682083,100.0,0.0,26.300578034682083,136.9652338713508,v6a_hit_an,2026-06-22,Monday,375
20260622,3156,ファンキージャグラー2,6,0,0,0,2026-06-22,22,0,0622,True,False,False,3F,3156-3167,3156,3167,1,12,12,medium,R,1,12,A,3F_R_A,,12,22,0,142.08583294877712,0.0,322.22222222222223,169.88352745424294,0.0,50.0,102.3121387283237,98.13716784000727,0.4161849710982659,23.699421965317917,100.0,0.0,23.699421965317917,136.70511826441435,v6a_hit_an,2026-06-22,Monday,376
20260622,2321,いざ！番長,1,0,0,0,2026-06-22,22,0,0622,True,False,False,2F,2314-2329,2314,2329,8,9,16,large,L,8,8,N,2F_L_N,,8,22,0,118.20809248554913,50.0,380.9917355371901,115.95547309833024,0.0,0.0,302.8901734104046,100.73597067760083,0.3930635838150289,31.502890173410403,0.0,0.0,31.502890173410403,136.68770357710756,v6a_hit_an,2026-06-22,Monday,377
20260622,2288,スーパーブラックジャック,8,1,0,0,2026-06-22,22,0,0622,True,False,False,2F,2281-2297,2281,2297,8,10,17,large,L,8,8,N,2F_L_N,,8,22,0,118.20809248554913,50.0,380.9917355371901,115.95547309833024,0.0,0.0,195.95375722543352,102.54257658722167,0.36127167630057805,31.213872832369944,0.0,0.0,31.213872832369944,136.65880184300352,v6a_hit_an,2026-06-22,Monday,378
20260622,2273,北斗の拳 転生の章2,3,0,0,0,2026-06-22,22,0,0622,True,False,False,2F,2264-2280,2264,2280,10,8,17,large,L,10,8,N,2F_L_N,,8,22,0,118.20809248554913,50.0,380.9917355371901,115.95547309833024,0.0,0.0,29.76878612716763,100.32648671988407,0.3583815028901734,29.47976878612717,0.0,0.0,29.47976878612717,136.48539143837922,v6a_hit_an,2026-06-22,Monday,379
20260622,2254,北斗の拳 転生の章2,4,0,0,0,2026-06-22,22,0,0622,True,False,False,2F,2247-2263,2247,2263,8,10,17,large,L,8,8,N,2F_L_N,,8,22,0,118.20809248554913,50.0,380.9917355371901,115.95547309833024,0.0,0.0,124.27745664739885,101.81513530240194,0.3439306358381503,28.034682080924856,0.0,0.0,28.034682080924856,136.340882767859,v6a_hit_an,2026-06-22,Monday,380
20260622,3342,ネオアイムジャグラーEX,2,0,0,0,2026-06-22,22,0,0622,True,False,False,3F,3341-3362,3341,3362,2,21,22,large,R,21,21,A,3F_R_A,,21,22,0,235.2601156069364,0.0,245.45454545454547,34.69387755102041,0.0,0.0,235.2601156069364,97.30354104884916,0.4277456647398844,27.74566473988439,100.0,0.0,27.74566473988439,136.3336997436915,v6a_hit_an,2026-06-22,Monday,381
20260622,2344,いざ！番長,4,1,0,0,2026-06-22,22,0,0622,True,False,False,2F,2330-2351,2330,2351,15,8,22,large,L,8,8,N,2F_L_N,,8,22,0,118.20809248554913,50.0,380.9917355371901,115.95547309833024,0.0,0.0,274.5664739884393,100.49768926970451,0.36127167630057805,26.011560693641616,0.0,0.0,26.011560693641616,136.13857062913067,v6a_hit_an,2026-06-22,Monday,382
20260622,3330,ネオアイムジャグラーEX,0,0,0,0,2026-06-22,22,0,0622,True,False,False,3F,3325-3340,3325,3340,6,11,16,large,L,6,6,A,3F_L_A,,6,22,0,261.80154142581887,0.0,77.27272727272727,164.28571428571428,0.0,50.0,237.5722543352601,98.05507277063671,0.4277456647398844,32.947976878612714,100.0,0.0,32.947976878612714,135.8810149388184,v6a_hit_an,2026-06-22,Monday,383
20260622,3006,キングハナハナ-30,6,0,0,0,2026-06-22,22,0,0622,True,False,False,3F,3001-3016,3001,3016,6,11,16,large,L,6,6,A,3F_L_A,,6,22,0,261.80154142581887,0.0,77.27272727272727,164.28571428571428,0.0,50.0,395.08670520231215,98.13332848567788,0.47398843930635837,31.79190751445087,100.0,0.0,31.79190751445087,135.7654080024022,v6a_hit_an,2026-06-22,Monday,384
20260622,3270,マイジャグラーV,0,0,0,0,2026-06-22,22,0,0622,True,False,False,3F,3265-3280,3265,3280,6,11,16,large,L,6,6,A,3F_L_A,,6,22,0,261.80154142581887,0.0,77.27272727272727,164.28571428571428,0.0,50.0,340.46242774566474,99.12739065066782,0.47109826589595377,30.346820809248555,100.0,0.0,30.346820809248555,135.620899331882,v6a_hit_an,2026-06-22,Monday,385
20260622,3319,ジャグラーガールズ,9,0,0,0,2026-06-22,22,0,0622,True,False,False,3F,3310-3324,3310,3324,10,6,15,large,L,10,6,A,3F_L_A,,6,22,0,261.80154142581887,0.0,77.27272727272727,164.28571428571428,0.0,50.0,241.04046242774567,97.39080670540545,0.3872832369942196,27.45664739884393,100.0,0.0,27.45664739884393,135.33188199084154,v6a_hit_an,2026-06-22,Monday,386
20260622,3300,ハッピージャグラーVIII,0,1,0,0,2026-06-22,22,0,0622,True,False,False,3F,3295-3309,3295,3309,6,10,15,large,L,6,6,A,3F_L_A,,6,22,0,261.80154142581887,0.0,77.27272727272727,164.28571428571428,0.0,50.0,264.73988439306356,97.31412056532521,0.4421965317919075,26.589595375722542,100.0,0.0,26.589595375722542,135.2451767885294,v6a_hit_an,2026-06-22,Monday,387
20260622,3283,マイジャグラーV,3,0,0,0,2026-06-22,22,0,0622,True,False,False,3F,3281-3294,3281,3294,3,12,14,medium,R,3,12,A,3F_R_A,,12,22,0,142.08583294877712,0.0,322.22222222222223,169.88352745424294,0.0,0.0,239.01734104046244,98.92866428800592,0.47109826589595377,28.32369942196532,100.0,0.0,28.32369942196532,134.9175460100791,v6a_hit_an,2026-06-22,Monday,388
20260622,3128,マイジャグラーV,8,0,0,0,2026-06-22,22,0,0622,True,False,False,3F,3117-3130,3117,3130,12,3,14,medium,R,12,12,A,3F_R_A,,12,22,0,142.08583294877712,0.0,322.22222222222223,169.88352745424294,0.0,0.0,207.51445086705203,98.66291665329382,0.4277456647398844,24.566473988439306,100.0,0.0,24.566473988439306,134.5418234667265,v6a_hit_an,2026-06-22,Monday,389
20260622,3132,マイジャグラーV,2,0,0,0,2026-06-22,22,0,0622,True,False,False,3F,3131-3143,3131,3143,2,12,13,medium,R,2,12,A,3F_R_A,,12,22,0,142.08583294877712,0.0,322.22222222222223,169.88352745424294,0.0,0.0,109.53757225433526,98.73291086638483,0.42196531791907516,23.699421965317917,100.0,0.0,23.699421965317917,134.45511826441435,v6a_hit_an,2026-06-22,Monday,390
20260622,3357,ネオアイムジャグラーEX,7,0,0,0,2026-06-22,22,0,0622,True,False,False,3F,3341-3362,3341,3362,17,6,22,large,L,6,6,A,3F_L_A,,6,22,0,261.80154142581887,0.0,77.27272727272727,164.28571428571428,0.0,0.0,91.90751445086705,96.7971528362177,0.40173410404624277,25.722543352601157,100.0,0.0,25.722543352601157,132.90847158621725,v6a_hit_an,2026-06-22,Monday,391
20260622,3183,ゴーゴージャグラー3,3,0,0,0,2026-06-22,22,0,0622,True,False,False,3F,3181-3190,3181,3190,3,8,10,small,R,3,8,A,3F_R_A,,8,22,0,148.5549132947977,50.0,281.25,138.20224719101122,0.0,0.0,148.5549132947977,97.49341208060301,0.4046242774566474,26.300578034682083,100.0,0.0,26.300578034682083,132.1421299603819,v6a_hit_an,2026-06-22,Monday,392
20260622,3205,この素晴らしい世界に祝福を！,5,0,0,0,2026-06-22,22,0,0622,True,False,False,3F,3191-3208,3191,3208,15,4,18,large,L,4,15,N,3F_L_N,,15,22,0,243.9306358381503,0.0,163.63636363636363,34.69387755102041,88.91224382553862,50.0,243.9306358381503,99.64429088290572,0.47398843930635837,27.167630057803464,0.0,0.0,27.167630057803464,130.9210618035969,v6a_hit_an,2026-06-22,Monday,393
20260622,3181,ゴーゴージャグラー3,1,0,0,0,2026-06-22,22,0,0622,True,False,False,3F,3181-3190,3181,3190,1,10,10,small,R,1,10,A,3F_R_A,,10,22,0,87.86127167630057,0.0,334.81481481481484,268.7188019966722,0.0,0.0,87.86127167630057,97.68473414101001,0.3901734104046243,23.98843930635838,100.0,0.0,23.98843930635838,130.5726066703215,v6a_hit_an,2026-06-22,Monday,394
20260622,2130,甲鉄城のカバネリ,0,0,0,0,2026-06-22,22,0,0622,True,False,False,2F,2129-2142,2129,2142,2,13,14,medium,L,2,2,N,2F_L_N,,2,22,0,207.9479768786127,0.0,133.67003367003366,165.1549508692366,0.0,50.0,279.4797687861272,101.05539151148704,0.4653179190751445,35.83815028901734,0.0,0.0,35.83815028901734,127.05161113315532,v6a_hit_an,2026-06-22,Monday,395
20260622,3185,ゴーゴージャグラー3,5,0,0,0,2026-06-22,22,0,0622,True,False,False,3F,3181-3190,3181,3190,5,6,10,small,R,5,6,A,3F_R_A,,6,22,0,301.73410404624275,150.0,-254.54545454545453,285.7142857142857,0.0,50.0,301.73410404624275,97.87156643804897,0.44508670520231214,28.32369942196532,100.0,0.0,28.32369942196532,126.7098941520907,v6a_hit_an,2026-06-22,Monday,396
20260622,2100,タクトオーパス デスティニー,0,1,0,0,2026-06-22,22,0,0622,True,False,False,2F,2089-2101,2089,2101,12,2,13,medium,L,12,2,N,2F_L_N,,2,22,0,207.9479768786127,0.0,133.67003367003366,165.1549508692366,0.0,50.0,245.3757225433526,98.90586234431811,0.36416184971098264,29.47976878612717,0.0,0.0,29.47976878612717,126.4157729828663,v6a_hit_an,2026-06-22,Monday,397
20260622,2075,戦国乙女5 業火を穿つ宿焔の双刃,5,0,0,0,2026-06-22,22,0,0622,True,False,False,2F,2065-2076,2065,2076,11,2,12,medium,L,11,2,N,2F_L_N,,2,22,0,207.9479768786127,0.0,133.67003367003366,165.1549508692366,0.0,50.0,72.83236994219654,98.79571365935229,0.3872832369942196,27.167630057803464,0.0,0.0,27.167630057803464,126.18455911003393,v6a_hit_an,2026-06-22,Monday,398
20260622,2078,マギアレコード 魔法少女まどか☆マギカ外伝,8,0,0,0,2026-06-22,22,0,0622,True,False,False,2F,2077-2088,2077,2088,2,11,12,medium,L,2,2,N,2F_L_N,,2,22,0,207.9479768786127,0.0,133.67003367003366,165.1549508692366,0.0,0.0,318.4971098265896,100.39571746332788,0.4393063583815029,33.52601156069364,0.0,0.0,33.52601156069364,124.57039726032295,v6a_hit_an,2026-06-22,Monday,399
20260622,2103,ソードアート・オンライン,3,0,0,0,2026-06-22,22,0,0622,True,False,False,2F,2102-2114,2102,2114,2,12,13,medium,L,2,2,N,2F_L_N,,2,22,0,207.9479768786127,0.0,133.67003367003366,165.1549508692366,0.0,0.0,258.95953757225436,99.16396853316259,0.40173410404624277,32.947976878612714,0.0,0.0,32.947976878612714,124.51259379211486,v6a_hit_an,2026-06-22,Monday,400
20260622,2012,甲鉄城のカバネリ 海門(うなと)決戦,2,0,0,0,2026-06-22,22,0,0622,True,False,False,2F,2011-2022,2011,2022,2,11,12,medium,L,2,2,N,2F_L_N,,2,22,0,207.9479768786127,0.0,133.67003367003366,165.1549508692366,0.0,0.0,258.67052023121386,100.60296920168449,0.3583815028901734,32.080924855491325,0.0,0.0,32.080924855491325,124.42588858980271,v6a_hit_an,2026-06-22,Monday,401
20260622,2051,甲鉄城のカバネリ 海門(うなと)決戦,1,0,0,0,2026-06-22,22,0,0622,True,False,False,2F,2041-2052,2041,2052,11,2,12,medium,L,11,2,N,2F_L_N,,2,22,0,207.9479768786127,0.0,133.67003367003366,165.1549508692366,0.0,0.0,196.242774566474,99.95067314018289,0.3670520231213873,28.034682080924856,0.0,0.0,28.034682080924856,124.02126431234606,v6a_hit_an,2026-06-22,Monday,402
20260622,2127,戦国乙女4 戦乱に閃く炯眼の軍師,7,0,0,0,2026-06-22,22,0,0622,True,False,False,2F,2115-2128,2115,2128,13,2,14,medium,L,13,2,N,2F_L_N,,2,22,0,207.9479768786127,0.0,133.67003367003366,165.1549508692366,0.0,0.0,236.70520231213874,98.44739105358387,0.37283236994219654,26.878612716763005,0.0,0.0,26.878612716763005,123.90565737592988,v6a_hit_an,2026-06-22,Monday,403
20260622,2153,交響詩篇エウレカセブン HI-EVOLUTION ZERO TYPE‐ART,3,0,0,0,2026-06-22,22,0,0622,True,False,False,2F,2143-2154,2143,2154,11,2,12,medium,L,11,2,N,2F_L_N,,2,22,0,207.9479768786127,0.0,133.67003367003366,165.1549508692366,0.0,0.0,258.67052023121386,98.05389626942856,0.45664739884393063,26.878612716763005,0.0,0.0,26.878612716763005,123.90565737592988,v6a_hit_an,2026-06-22,Monday,404
20260622,2054,戦国乙女5 業火を穿つ宿焔の双刃,4,0,0,0,2026-06-22,22,0,0622,True,False,False,2F,2053-2064,2053,2064,2,11,12,medium,L,2,2,N,2F_L_N,,2,22,0,207.9479768786127,0.0,133.67003367003366,165.1549508692366,0.0,0.0,-45.95375722543353,97.68886846199385,0.3265895953757225,26.300578034682083,0.0,0.0,26.300578034682083,123.84785390772178,v6a_hit_an,2026-06-22,Monday,405
20260622,2195,化物語,5,0,0,0,2026-06-22,22,0,0622,True,False,False,2F,2187-2195,2187,2195,9,1,9,small,L,9,9,N,2F_L_N,,9,22,0,308.52601156069363,0.0,-31.31313131313131,84.35374149659864,0.0,50.0,87.86127167630057,101.2480879342268,0.41040462427745666,33.81502890173411,0.0,0.0,33.81502890173411,122.4522585177003,v6a_hit_an,2026-06-22,Monday,406
20260622,2009,ゴッドイーター リザレクション,9,0,0,0,2026-06-22,22,0,0622,True,False,False,2F,2001-2010,2001,2010,9,2,10,small,L,9,9,N,2F_L_N,,9,22,0,308.52601156069363,0.0,-31.31313131313131,84.35374149659864,0.0,50.0,529.1907514450867,99.17810119218291,0.3901734104046243,30.924855491329478,0.0,0.0,30.924855491329478,122.16324117665984,v6a_hit_an,2026-06-22,Monday,407
20260622,3245,東京喰種,5,0,0,0,2026-06-22,22,0,0622,True,False,False,3F,3234-3249,3234,3249,12,5,16,large,R,12,12,N,3F_R_N,,12,22,0,47.6878612716763,150.0,314.95327102803736,160.37735849056602,0.0,50.0,60.982658959537574,102.40736488320071,0.42485549132947975,36.41618497109826,0.0,0.0,36.41618497109826,121.65178073618644,v6a_hit_an,2026-06-22,Monday,408
20260622,3099,革命機ヴァルヴレイヴ2,9,1,0,0,2026-06-22,22,0,0622,True,False,False,3F,3088-3102,3088,3102,12,4,15,large,R,12,12,N,3F_R_N,,12,22,0,47.6878612716763,150.0,314.95327102803736,160.37735849056602,0.0,50.0,153.757225433526,100.40097027019287,0.3815028901734104,32.65895953757225,0.0,0.0,32.65895953757225,121.27605819283383,v6a_hit_an,2026-06-22,Monday,409
20260622,3212,東京喰種,2,0,0,0,2026-06-22,22,0,0622,True,False,False,3F,3209-3217,3209,3217,4,6,9,small,L,4,4,N,3F_L_N,,4,22,0,40.7514450867052,150.0,442.42424242424244,-46.08843537414966,204.3615344193379,0.0,40.7514450867052,101.3934173777005,0.42196531791907516,36.41618497109826,0.0,0.0,36.41618497109826,121.17283263804734,v6a_hit_an,2026-06-22,Monday,410
20260622,3076,ミリオンゴッド‐神々の軌跡‐,6,0,0,0,2026-06-22,22,0,0622,True,False,False,3F,3073-3087,3073,3087,4,12,15,large,R,4,12,N,3F_R_N,,12,22,0,47.6878612716763,150.0,314.95327102803736,160.37735849056602,0.0,50.0,-108.38150289017341,97.02051007249895,0.36127167630057805,28.61271676300578,0.0,0.0,28.61271676300578,120.87143391537718,v6a_hit_an,2026-06-22,Monday,411
20260622,3182,ゴーゴージャグラー3,2,0,0,0,2026-06-22,22,0,0622,True,False,False,3F,3181-3190,3181,3190,2,9,10,small,R,2,9,A,3F_R_A,,9,22,0,149.13294797687863,0.0,190.37037037037038,224.2928452579035,0.0,0.0,149.13294797687863,97.51103177268095,0.430635838150289,25.722543352601157,100.0,0.0,25.722543352601157,120.80631638342005,v6a_hit_an,2026-06-22,Monday,412
20260622,3046,ビッグドリーム THE GOLDEN PUSHER,6,0,0,0,2026-06-22,22,0,0622,True,False,False,3F,3043-3057,3043,3057,4,12,15,large,R,4,12,N,3F_R_N,,12,22,0,47.6878612716763,150.0,314.95327102803736,160.37735849056602,0.0,50.0,175.4335260115607,99.56418830721866,0.36127167630057805,27.45664739884393,0.0,0.0,27.45664739884393,120.755826978961,v6a_hit_an,2026-06-22,Monday,413
20260622,3069,ミリオンゴッド‐神々の軌跡‐,9,0,0,0,2026-06-22,22,0,0622,True,False,False,3F,3058-3072,3058,3072,12,4,15,large,R,12,12,N,3F_R_N,,12,22,0,47.6878612716763,150.0,314.95327102803736,160.37735849056602,0.0,50.0,-76.878612716763,97.75404979391735,0.3554913294797688,26.300578034682083,0.0,0.0,26.300578034682083,120.64022004254481,v6a_hit_an,2026-06-22,Monday,414
20260622,3222,東京喰種,2,1,0,0,2026-06-22,22,0,0622,True,False,False,3F,3218-3233,3218,3233,5,12,16,large,R,5,12,N,3F_R_N,,12,22,0,47.6878612716763,150.0,314.95327102803736,160.37735849056602,0.0,0.0,-2.601156069364162,102.2027512780556,0.3959537572254335,33.52601156069364,0.0,0.0,33.52601156069364,119.11276339514598,v6a_hit_an,2026-06-22,Monday,415
20260622,3253,真打 吉宗,3,0,0,0,2026-06-22,22,0,0622,True,False,False,3F,3250-3264,3250,3264,4,12,15,large,R,4,12,N,3F_R_N,,12,22,0,47.6878612716763,150.0,314.95327102803736,160.37735849056602,0.0,0.0,131.5028901734104,101.887841665105,0.3901734104046243,32.080924855491325,0.0,0.0,32.080924855491325,118.96825472462574,v6a_hit_an,2026-06-22,Monday,416
20260622,2155,ディスクアップ ULTRAREMIX,5,1,0,0,2026-06-22,22,0,0622,True,False,False,2F,2155-2164,2155,2164,1,10,10,small,L,1,1,N,2F_L_N,,1,22,0,200.0,0.0,92.5925925925926,172.7891156462585,0.0,50.0,313.5838150289017,101.43945264648029,0.5173410404624278,32.080924855491325,0.0,0.0,32.080924855491325,117.4512897644607,v6a_hit_an,2026-06-22,Monday,417
20260622,2186,アレックス ブライト,6,0,0,0,2026-06-22,22,0,0622,True,False,False,2F,2179-2186,2179,2186,8,1,8,small,L,8,1,N,2F_L_N,,1,22,0,200.0,0.0,92.5925925925926,172.7891156462585,0.0,50.0,-68.78612716763006,95.69939604884944,0.3352601156069364,15.895953757225435,0.0,0.0,15.895953757225435,115.8327926546341,v6a_hit_an,2026-06-22,Monday,418
20260622,2187,化物語,7,0,0,0,2026-06-22,22,0,0622,True,False,False,2F,2187-2195,2187,2195,1,9,9,small,L,1,1,N,2F_L_N,,1,22,0,200.0,0.0,92.5925925925926,172.7891156462585,0.0,0.0,184.10404624277456,103.47446204187146,0.44508670520231214,35.26011560693642,0.0,0.0,35.26011560693642,115.51920883960521,v6a_hit_an,2026-06-22,Monday,419
20260622,3255,真打 吉宗,5,1,0,0,2026-06-22,22,0,0622,True,False,False,3F,3250-3264,3250,3264,6,10,15,large,R,6,10,N,3F_R_N,,10,22,0,56.52353426919901,150.0,200.0,242.13836477987422,0.0,50.0,437.28323699421964,101.59173531189569,0.430635838150289,36.127167630057805,0.0,0.0,36.127167630057805,115.14986834520045,v6a_hit_an,2026-06-22,Monday,420
20260622,2031,攻殻機動隊,1,0,0,0,2026-06-22,22,0,0622,True,False,False,2F,2023-2031,2023,2031,9,1,9,small,L,9,1,N,2F_L_N,,1,22,0,200.0,0.0,92.5925925925926,172.7891156462585,0.0,0.0,249.13294797687863,100.81474177592332,0.41329479768786126,31.502890173410403,0.0,0.0,31.502890173410403,115.1434862962526,v6a_hit_an,2026-06-22,Monday,421
20260622,2032,甲鉄城のカバネリ 海門(うなと)決戦,2,0,0,0,2026-06-22,22,0,0622,True,False,False,2F,2032-2040,2032,2040,1,9,9,small,L,1,1,N,2F_L_N,,1,22,0,200.0,0.0,92.5925925925926,172.7891156462585,0.0,0.0,294.5086705202312,101.38977987004071,0.3815028901734104,31.213872832369944,0.0,0.0,31.213872832369944,115.11458456214856,v6a_hit_an,2026-06-22,Monday,422
20260622,2171,うみねこのなく頃に2,1,0,0,0,2026-06-22,22,0,0622,True,False,False,2F,2165-2171,2165,2171,7,1,7,small,L,7,1,N,2F_L_N,,1,22,0,200.0,0.0,92.5925925925926,172.7891156462585,0.0,0.0,272.2543352601156,100.07957105210731,0.49710982658959535,31.213872832369944,0.0,0.0,31.213872832369944,115.11458456214856,v6a_hit_an,2026-06-22,Monday,423
20260622,2001,ゴッドイーター リザレクション,1,0,0,0,2026-06-22,22,0,0622,True,False,False,2F,2001-2010,2001,2010,1,10,10,small,L,1,1,N,2F_L_N,,1,22,0,200.0,0.0,92.5925925925926,172.7891156462585,0.0,0.0,311.84971098265896,99.07698566089006,0.41329479768786126,29.76878612716763,0.0,0.0,29.76878612716763,114.97007589162833,v6a_hit_an,2026-06-22,Monday,424
20260622,3034,ソードアート・オンラインII,4,0,0,0,2026-06-22,22,0,0622,True,False,False,3F,3031-3042,3031,3042,4,9,12,medium,L,4,4,N,3F_L_N,,4,22,0,57.80346820809248,100.0,442.42424242424244,-46.08843537414966,72.075843388328,0.0,175.14450867052022,102.09335804995621,0.3583815028901734,33.23699421965318,0.0,0.0,33.23699421965318,114.29078579020681,v6a_hit_an,2026-06-22,Monday,425
20260622,2172,スマスロ サンダーV,2,0,0,0,2026-06-22,22,0,0622,True,False,False,2F,2172-2178,2172,2178,1,7,7,small,L,1,1,N,2F_L_N,,1,22,0,200.0,0.0,92.5925925925926,172.7891156462585,0.0,0.0,43.35260115606936,97.0338317997146,0.407514450867052,22.254335260115607,0.0,0.0,22.254335260115607,114.21863080492312,v6a_hit_an,2026-06-22,Monday,426
20260622,2193,化物語,3,0,0,0,2026-06-22,22,0,0622,True,False,False,2F,2187-2195,2187,2195,7,3,9,small,L,7,7,N,2F_L_N,,7,22,0,309.6820809248555,100.0,-162.42424242424244,103.94557823129252,0.0,0.0,256.9364161849711,102.73479483221878,0.407514450867052,31.79190751445087,0.0,0.0,31.79190751445087,112.96102930925392,v6a_hit_an,2026-06-22,Monday,427
20260622,3027,スマスロ ハナビ,7,0,0,0,2026-06-22,22,0,0622,True,False,False,3F,3017-3030,3017,3030,11,4,14,medium,L,11,4,N,3F_L_N,,4,22,0,57.80346820809248,100.0,442.42424242424244,-46.08843537414966,33.78291586384072,0.0,82.08092485549133,103.26761514150307,0.4277456647398844,36.70520231213873,0.0,0.0,36.70520231213873,112.91442486085344,v6a_hit_an,2026-06-22,Monday,428
20260622,3048,ビッグドリーム THE GOLDEN PUSHER,8,0,0,0,2026-06-22,22,0,0622,True,False,False,3F,3043-3057,3043,3057,6,10,15,large,R,6,10,N,3F_R_N,,10,22,0,56.52353426919901,150.0,200.0,242.13836477987422,0.0,0.0,343.35260115606934,100.71573348087692,0.4393063583815029,34.68208092485549,0.0,0.0,34.68208092485549,112.75535967468022,v6a_hit_an,2026-06-22,Monday,429
20260622,3224,東京喰種,4,0,0,0,2026-06-22,22,0,0622,True,False,False,3F,3218-3233,3218,3233,7,10,16,large,R,7,10,N,3F_R_N,,10,22,0,56.52353426919901,150.0,200.0,242.13836477987422,0.0,0.0,-137.28323699421966,99.36114990290457,0.3901734104046243,34.68208092485549,0.0,0.0,34.68208092485549,112.75535967468022,v6a_hit_an,2026-06-22,Monday,430
20260622,3243,東京喰種,3,0,0,0,2026-06-22,22,0,0622,True,False,False,3F,3234-3249,3234,3249,10,7,16,large,R,10,10,N,3F_R_N,,10,22,0,56.52353426919901,150.0,200.0,242.13836477987422,0.0,0.0,-34.104046242774565,102.51122412264013,0.4190751445086705,34.68208092485549,0.0,0.0,34.68208092485549,112.75535967468022,v6a_hit_an,2026-06-22,Monday,431
20260622,2007,ゴッドイーター リザレクション,7,0,0,0,2026-06-22,22,0,0622,True,False,False,2F,2001-2010,2001,2010,7,4,10,small,L,7,7,N,2F_L_N,,7,22,0,309.6820809248555,100.0,-162.42424242424244,103.94557823129252,0.0,0.0,362.42774566473986,98.87728218616131,0.36127167630057805,28.32369942196532,0.0,0.0,28.32369942196532,112.61420850000536,v6a_hit_an,2026-06-22,Monday,432
20260622,3078,ミリオンゴッド‐神々の軌跡‐,8,0,0,0,2026-06-22,22,0,0622,True,False,False,3F,3073-3087,3073,3087,6,10,15,large,R,6,10,N,3F_R_N,,10,22,0,56.52353426919901,150.0,200.0,242.13836477987422,0.0,0.0,212.1387283236994,99.59264667871395,0.38439306358381503,30.346820809248555,0.0,0.0,30.346820809248555,112.32183366311952,v6a_hit_an,2026-06-22,Monday,433
20260622,3067,ミリオンゴッド‐神々の軌跡‐,7,0,0,0,2026-06-22,22,0,0622,True,False,False,3F,3058-3072,3058,3072,10,6,15,large,R,10,10,N,3F_R_N,,10,22,0,56.52353426919901,150.0,200.0,242.13836477987422,0.0,0.0,-232.36994219653178,97.04749661910182,0.3554913294797688,28.32369942196532,0.0,0.0,28.32369942196532,112.1195215243912,v6a_hit_an,2026-06-22,Monday,434
20260622,3097,革命機ヴァルヴレイヴ2,7,0,0,0,2026-06-22,22,0,0622,True,False,False,3F,3088-3102,3088,3102,10,6,15,large,R,10,10,N,3F_R_N,,10,22,0,56.52353426919901,150.0,200.0,242.13836477987422,0.0,0.0,-193.35260115606937,96.17764474963157,0.3092485549132948,28.034682080924856,0.0,0.0,28.034682080924856,112.09061979028715,v6a_hit_an,2026-06-22,Monday,435
20260622,3113,革命機ヴァルヴレイヴ2,3,0,0,0,2026-06-22,22,0,0622,True,False,False,3F,3103-3116,3103,3116,11,4,14,medium,L,11,4,N,3F_L_N,,4,22,0,57.80346820809248,100.0,442.42424242424244,-46.08843537414966,-9.3011035207567,0.0,-83.81502890173411,98.36500629781582,0.35260115606936415,30.346820809248555,0.0,0.0,30.346820809248555,110.33980583825755,v6a_hit_an,2026-06-22,Monday,436
20260622,3215,東京喰種,5,0,0,0,2026-06-22,22,0,0622,True,False,False,3F,3209-3217,3209,3217,7,3,9,small,L,7,7,N,3F_L_N,,7,22,0,185.2601156069364,100.0,-114.40677966101696,293.15589353612165,88.91224382553862,50.0,185.2601156069364,103.3729674729489,0.41329479768786126,35.26011560693642,0.0,0.0,35.26011560693642,108.95352943973337,v6a_hit_an,2026-06-22,Monday,437
20260622,2342,少女☆歌劇 レヴュースタァライト ‐The SLOT‐,2,0,0,0,2026-06-22,22,0,0622,True,False,False,2F,2330-2351,2330,2351,13,10,22,large,L,10,10,N,2F_L_N,,10,22,0,166.76300578034682,150.0,504.54545454545456,-484.6938775510204,0.0,0.0,166.76300578034682,98.51313079166734,0.36127167630057805,25.722543352601157,0.0,0.0,25.722543352601157,108.24144476497904,v6a_hit_an,2026-06-22,Monday,438
20260622,2332,プリズムナナ,2,0,0,0,2026-06-22,22,0,0622,True,False,False,2F,2330-2351,2330,2351,3,20,22,large,R,20,20,N,2F_R_N,,20,22,0,106.35838150289017,0.0,781.8181818181819,-548.9795918367347,0.0,0.0,106.35838150289017,102.2802510909282,0.3959537572254335,30.346820809248555,0.0,0.0,30.346820809248555,107.93872725127888,v6a_hit_an,2026-06-22,Monday,439
20260622,2049,甲鉄城のカバネリ 海門(うなと)決戦,9,0,0,0,2026-06-22,22,0,0622,True,False,False,2F,2041-2052,2041,2052,9,4,12,medium,L,9,4,N,2F_L_N,,4,22,0,150.31791907514452,100.0,83.5016835016835,115.49508692365835,0.0,50.0,471.3872832369942,103.02005339448667,0.41329479768786126,34.971098265895954,0.0,0.0,34.971098265895954,103.98370045863854,v6a_hit_an,2026-06-22,Monday,440
20260622,2056,戦国乙女5 業火を穿つ宿焔の双刃,6,0,0,0,2026-06-22,22,0,0622,True,False,False,2F,2053-2064,2053,2064,4,9,12,medium,L,4,4,N,2F_L_N,,4,22,0,150.31791907514452,100.0,83.5016835016835,115.49508692365835,0.0,50.0,47.6878612716763,100.68193587364293,0.3872832369942196,29.190751445086704,0.0,0.0,29.190751445086704,103.40566577655761,v6a_hit_an,2026-06-22,Monday,441
20260622,2080,マギアレコード 魔法少女まどか☆マギカ外伝,0,0,0,0,2026-06-22,22,0,0622,True,False,False,2F,2077-2088,2077,2088,4,9,12,medium,L,4,4,N,2F_L_N,,4,22,0,150.31791907514452,100.0,83.5016835016835,115.49508692365835,0.0,50.0,76.58959537572254,101.33312264189682,0.36416184971098264,28.901734104046245,0.0,0.0,28.901734104046245,103.37676404245357,v6a_hit_an,2026-06-22,Monday,442
20260622,2105,ソードアート・オンライン,5,0,0,0,2026-06-22,22,0,0622,True,False,False,2F,2102-2114,2102,2114,4,10,13,medium,L,4,4,N,2F_L_N,,4,22,0,150.31791907514452,100.0,83.5016835016835,115.49508692365835,0.0,50.0,4.046242774566474,98.21720703878262,0.3468208092485549,28.901734104046245,0.0,0.0,28.901734104046245,103.37676404245357,v6a_hit_an,2026-06-22,Monday,443
20260622,2125,戦国乙女4 戦乱に閃く炯眼の軍師,5,0,0,0,2026-06-22,22,0,0622,True,False,False,2F,2115-2128,2115,2128,11,4,14,medium,L,11,4,N,2F_L_N,,4,22,0,150.31791907514452,100.0,83.5016835016835,115.49508692365835,0.0,50.0,61.5606936416185,96.77402289367491,0.3554913294797688,26.300578034682083,0.0,0.0,26.300578034682083,103.11664843551715,v6a_hit_an,2026-06-22,Monday,444
20260622,3341,ネオアイムジャグラーEX,1,0,0,0,2026-06-22,22,0,0622,True,False,False,3F,3341-3362,3341,3362,1,22,22,large,R,22,22,A,3F_R_A,,22,22,0,34.971098265895954,0.0,472.72727272727275,20.408163265306122,0.0,0.0,34.971098265895954,97.85320306879522,0.4161849710982659,24.277456647398843,100.0,0.0,24.277456647398843,102.86335217218787,v6a_hit_an,2026-06-22,Monday,445
20260622,2135,バイオハザード RE:3,5,0,0,0,2026-06-22,22,0,0622,True,False,False,2F,2129-2142,2129,2142,7,8,14,medium,L,7,7,N,2F_L_N,,7,22,0,257.0086705202312,150.0,-162.42424242424244,103.94557823129252,0.0,50.0,81.5028901734104,99.39885769664218,0.4190751445086705,30.346820809248555,0.0,0.0,30.346820809248555,102.85409289306892,v6a_hit_an,2026-06-22,Monday,446
20260622,2095,マギアレコード 魔法少女まどか☆マギカ外伝,5,0,0,0,2026-06-22,22,0,0622,True,False,False,2F,2089-2101,2089,2101,7,7,13,medium,L,7,7,N,2F_L_N,,7,22,0,257.0086705202312,150.0,-162.42424242424244,103.94557823129252,0.0,50.0,383.8150289017341,100.10932114418502,0.3872832369942196,27.45664739884393,0.0,0.0,27.45664739884393,102.56507555202846,v6a_hit_an,2026-06-22,Monday,447
20260622,2132,甲鉄城のカバネリ,2,0,0,0,2026-06-22,22,0,0622,True,False,False,2F,2129-2142,2129,2142,4,11,14,medium,L,4,4,N,2F_L_N,,4,22,0,150.31791907514452,100.0,83.5016835016835,115.49508692365835,0.0,0.0,457.22543352601156,101.64374199405255,0.476878612716763,41.61849710982659,0.0,0.0,41.61849710982659,102.39844034303161,v6a_hit_an,2026-06-22,Monday,448
20260622,2215,モンキーターンV,5,0,0,0,2026-06-22,22,0,0622,True,False,False,2F,2213-2229,2213,2229,3,15,17,large,L,3,3,N,2F_L_N,,3,22,0,136.3519588953115,0.0,148.82154882154882,153.59032501889644,0.0,50.0,102.60115606936417,101.7589177416608,0.430635838150289,33.23699421965318,0.0,0.0,33.23699421965318,102.18297728970727,v6a_hit_an,2026-06-22,Monday,449
20260622,2349,虚構推理,9,0,0,0,2026-06-22,22,0,0622,True,False,False,2F,2330-2351,2330,2351,20,3,22,large,L,3,3,N,2F_L_N,,3,22,0,136.3519588953115,0.0,148.82154882154882,153.59032501889644,0.0,50.0,423.4104046242775,98.45435400866721,0.4479768786127168,32.369942196531795,0.0,0.0,32.369942196531795,102.09627208739514,v6a_hit_an,2026-06-22,Monday,450
20260622,2210,スマスロ炎炎ノ消防隊2,0,0,0,0,2026-06-22,22,0,0622,True,False,False,2F,2196-2212,2196,2212,15,3,17,large,L,15,3,N,2F_L_N,,3,22,0,136.3519588953115,0.0,148.82154882154882,153.59032501889644,0.0,50.0,-4.335260115606936,100.50997636656258,0.3786127167630058,30.346820809248555,0.0,0.0,30.346820809248555,101.8939599486668,v6a_hit_an,2026-06-22,Monday,451
20260622,2316,BIRDIE WING ‐Golf Girls' Story‐,6,0,0,0,2026-06-22,22,0,0622,True,False,False,2F,2314-2329,2314,2329,3,14,16,large,L,3,3,N,2F_L_N,,3,22,0,136.3519588953115,0.0,148.82154882154882,153.59032501889644,0.0,50.0,69.07514450867052,98.8344561704321,0.3670520231213873,28.034682080924856,0.0,0.0,28.034682080924856,101.66274607583443,v6a_hit_an,2026-06-22,Monday,452
20260622,2249,北斗の拳 転生の章2,9,0,0,0,2026-06-22,22,0,0622,True,False,False,2F,2247-2263,2247,2263,3,15,17,large,L,3,3,N,2F_L_N,,3,22,0,136.3519588953115,0.0,148.82154882154882,153.59032501889644,0.0,50.0,7.803468208092486,99.42874597322803,0.34104046242774566,27.167630057803464,0.0,0.0,27.167630057803464,101.5760408735223,v6a_hit_an,2026-06-22,Monday,453
20260622,2014,甲鉄城のカバネリ 海門(うなと)決戦,4,0,0,0,2026-06-22,22,0,0622,True,False,False,2F,2011-2022,2011,2022,4,9,12,medium,L,4,4,N,2F_L_N,,4,22,0,150.31791907514452,100.0,83.5016835016835,115.49508692365835,0.0,0.0,147.97687861271677,98.60294747463533,0.40173410404624277,32.947976878612714,0.0,0.0,32.947976878612714,101.53138831991022,v6a_hit_an,2026-06-22,Monday,454
20260622,3225,東京喰種,5,0,0,0,2026-06-22,22,0,0622,True,False,False,3F,3218-3233,3218,3233,8,9,16,large,R,8,9,N,3F_R_N,,9,22,0,108.62923203963666,100.0,191.58878504672896,60.79664570230608,0.0,50.0,302.3121387283237,103.86330602489708,0.4508670520231214,36.70520231213873,0.0,0.0,36.70520231213873,101.22057224370562,v6a_hit_an,2026-06-22,Monday,455
20260622,2098,タクトオーパス デスティニー,8,0,0,0,2026-06-22,22,0,0622,True,False,False,2F,2089-2101,2089,2101,10,4,13,medium,L,10,4,N,2F_L_N,,4,22,0,150.31791907514452,100.0,83.5016835016835,115.49508692365835,0.0,0.0,232.9479768786127,99.654303860689,0.37283236994219654,29.190751445086704,0.0,0.0,29.190751445086704,101.15566577655761,v6a_hit_an,2026-06-22,Monday,456
20260622,3066,ミリオンゴッド‐神々の軌跡‐,6,1,0,0,2026-06-22,22,0,0622,True,False,False,3F,3058-3072,3058,3072,9,7,15,large,R,9,9,N,3F_R_N,,9,22,0,108.62923203963666,100.0,191.58878504672896,60.79664570230608,0.0,50.0,341.32947976878614,101.04988380838368,0.4046242774566474,35.26011560693642,0.0,0.0,35.26011560693642,101.0760635731854,v6a_hit_an,2026-06-22,Monday,457
20260622,3049,ビッグドリーム THE GOLDEN PUSHER,9,0,0,0,2026-06-22,22,0,0622,True,False,False,3F,3043-3057,3043,3057,7,9,15,large,R,7,9,N,3F_R_N,,9,22,0,108.62923203963666,100.0,191.58878504672896,60.79664570230608,0.0,50.0,173.121387283237,98.45838132840191,0.3988439306358382,34.39306358381503,0.0,0.0,34.39306358381503,100.98935837087325,v6a_hit_an,2026-06-22,Monday,458
20260622,2151,交響詩篇エウレカセブン HI-EVOLUTION ZERO TYPE‐ART,1,0,0,0,2026-06-22,22,0,0622,True,False,False,2F,2143-2154,2143,2154,9,4,12,medium,L,9,4,N,2F_L_N,,4,22,0,150.31791907514452,100.0,83.5016835016835,115.49508692365835,0.0,0.0,242.48554913294797,98.22250401865445,0.430635838150289,26.878612716763005,0.0,0.0,26.878612716763005,100.92445190372524,v6a_hit_an,2026-06-22,Monday,459
20260622,2073,戦国乙女5 業火を穿つ宿焔の双刃,3,0,0,0,2026-06-22,22,0,0622,True,False,False,2F,2065-2076,2065,2076,9,4,12,medium,L,9,4,N,2F_L_N,,4,22,0,150.31791907514452,100.0,83.5016835016835,115.49508692365835,0.0,0.0,-238.72832369942196,100.42165397629384,0.35260115606936415,25.14450867052023,0.0,0.0,25.14450867052023,100.75104149910096,v6a_hit_an,2026-06-22,Monday,460
20260622,2108,モンスターハンターライズ,8,0,0,0,2026-06-22,22,0,0622,True,False,False,2F,2102-2114,2102,2114,7,7,13,medium,L,7,7,N,2F_L_N,,7,22,0,257.0086705202312,150.0,-162.42424242424244,103.94557823129252,0.0,0.0,295.66473988439304,99.96268273669884,0.38439306358381503,31.502890173410403,0.0,0.0,31.502890173410403,100.71969982948511,v6a_hit_an,2026-06-22,Monday,461
20260622,2122,痛いのは嫌なので防御力に極振りしたいと思います。,2,1,0,0,2026-06-22,22,0,0622,True,False,False,2F,2115-2128,2115,2128,8,7,14,medium,L,8,7,N,2F_L_N,,7,22,0,257.0086705202312,150.0,-162.42424242424244,103.94557823129252,0.0,0.0,267.05202312138726,99.71181314684584,0.4046242774566474,30.924855491329478,0.0,0.0,30.924855491329478,100.66189636127702,v6a_hit_an,2026-06-22,Monday,462
20260622,3079,ミリオンゴッド‐神々の軌跡‐,9,0,0,0,2026-06-22,22,0,0622,True,False,False,3F,3073-3087,3073,3087,7,9,15,large,R,7,9,N,3F_R_N,,9,22,0,108.62923203963666,100.0,191.58878504672896,60.79664570230608,0.0,50.0,240.17341040462426,98.83263674725627,0.36416184971098264,30.057803468208093,0.0,0.0,30.057803468208093,100.55583235931256,v6a_hit_an,2026-06-22,Monday,463
20260622,3096,革命機ヴァルヴレイヴ2,6,0,0,0,2026-06-22,22,0,0622,True,False,False,3F,3088-3102,3088,3102,9,7,15,large,R,9,9,N,3F_R_N,,9,22,0,108.62923203963666,100.0,191.58878504672896,60.79664570230608,0.0,50.0,92.48554913294798,98.37777515017966,0.3786127167630058,30.057803468208093,0.0,0.0,30.057803468208093,100.55583235931256,v6a_hit_an,2026-06-22,Monday,464
20260622,3256,真打 吉宗,6,0,0,0,2026-06-22,22,0,0622,True,False,False,3F,3250-3264,3250,3264,7,9,15,large,R,7,9,N,3F_R_N,,9,22,0,108.62923203963666,100.0,191.58878504672896,60.79664570230608,0.0,50.0,2.8901734104046244,98.38778208961041,0.37283236994219654,30.057803468208093,0.0,0.0,30.057803468208093,100.55583235931256,v6a_hit_an,2026-06-22,Monday,465
20260622,3061,ミリオンゴッド‐神々の軌跡‐,1,0,0,0,2026-06-22,22,0,0622,True,False,False,3F,3058-3072,3058,3072,4,12,15,large,L,4,4,N,3F_L_N,,4,22,0,47.97687861271676,0.0,442.42424242424244,-46.08843537414966,144.59759893285906,0.0,37.57225433526011,98.6662613436044,0.3786127167630058,31.79190751445087,0.0,0.0,31.79190751445087,100.37218386485523,v6a_hit_an,2026-06-22,Monday,466
20260622,3091,革命機ヴァルヴレイヴ2,1,0,0,0,2026-06-22,22,0,0622,True,False,False,3F,3088-3102,3088,3102,4,12,15,large,L,4,4,N,3F_L_N,,4,22,0,47.97687861271676,0.0,442.42424242424244,-46.08843537414966,144.59759893285906,0.0,307.8034682080925,101.27262278456033,0.4046242774566474,29.47976878612717,0.0,0.0,29.47976878612717,100.14096999202286,v6a_hit_an,2026-06-22,Monday,467
20260622,2244,モンキーターンV,4,1,0,0,2026-06-22,22,0,0622,True,False,False,2F,2230-2246,2230,2246,15,3,17,large,L,15,3,N,2F_L_N,,3,22,0,136.3519588953115,0.0,148.82154882154882,153.59032501889644,0.0,0.0,370.5202312138728,104.61731234800044,0.43641618497109824,34.68208092485549,0.0,0.0,34.68208092485549,100.0774859602275,v6a_hit_an,2026-06-22,Monday,468
20260622,3261,真打 吉宗,1,0,0,0,2026-06-22,22,0,0622,True,False,False,3F,3250-3264,3250,3264,12,4,15,large,L,12,4,N,3F_L_N,,4,22,0,47.97687861271676,0.0,442.42424242424244,-46.08843537414966,144.59759893285906,0.0,-108.95953757225433,97.67443804528563,0.34104046242774566,28.034682080924856,0.0,0.0,28.034682080924856,99.99646132150262,v6a_hit_an,2026-06-22,Monday,469
20260622,3230,東京喰種,0,0,0,0,2026-06-22,22,0,0622,True,False,False,3F,3218-3233,3218,3233,13,4,16,large,L,13,4,N,3F_L_N,,4,22,0,47.97687861271676,0.0,442.42424242424244,-46.08843537414966,77.61429322122964,50.0,64.45086705202313,101.48556274163687,0.4046242774566474,35.26011560693642,0.0,0.0,35.26011560693642,99.95475591708045,v6a_hit_an,2026-06-22,Monday,470
20260622,2311,スーパーリオエース2,1,1,0,0,2026-06-22,22,0,0622,True,False,False,2F,2298-2313,2298,2313,14,3,16,large,L,14,3,N,2F_L_N,,3,22,0,136.3519588953115,0.0,148.82154882154882,153.59032501889644,0.0,0.0,20.520231213872833,98.04921647020349,0.3554913294797688,28.901734104046245,0.0,0.0,28.901734104046245,99.49945127814658,v6a_hit_an,2026-06-22,Monday,471
20260622,2278,北斗の拳 転生の章2,8,0,0,0,2026-06-22,22,0,0622,True,False,False,2F,2264-2280,2264,2280,15,3,17,large,L,15,3,N,2F_L_N,,3,22,0,136.3519588953115,0.0,148.82154882154882,153.59032501889644,0.0,0.0,319.6531791907515,102.2298059334572,0.36127167630057805,28.32369942196532,0.0,0.0,28.32369942196532,99.44164780993849,v6a_hit_an,2026-06-22,Monday,472
20260622,2283,スーパーブラックジャック,3,0,0,0,2026-06-22,22,0,0622,True,False,False,2F,2281-2297,2281,2297,3,15,17,large,L,3,3,N,2F_L_N,,3,22,0,136.3519588953115,0.0,148.82154882154882,153.59032501889644,0.0,0.0,-82.08092485549133,97.6108827384874,0.34104046242774566,25.43352601156069,0.0,0.0,25.43352601156069,99.15263046889802,v6a_hit_an,2026-06-22,Monday,473
20260622,2216,モンキーターンV,6,0,0,0,2026-06-22,22,0,0622,True,False,False,2F,2213-2229,2213,2229,4,14,17,large,L,4,4,N,2F_L_N,,4,22,0,172.8965960179833,0.0,83.5016835016835,115.49508692365835,0.0,50.0,332.08092485549133,103.84387703934189,0.48554913294797686,39.884393063583815,0.0,0.0,39.884393063583815,99.10335363782929,v6a_hit_an,2026-06-22,Monday,474
20260622,2250,北斗の拳 転生の章2,0,0,0,0,2026-06-22,22,0,0622,True,False,False,2F,2247-2263,2247,2263,4,14,17,large,L,4,4,N,2F_L_N,,4,22,0,172.8965960179833,0.0,83.5016835016835,115.49508692365835,0.0,50.0,208.09248554913296,101.90359336366039,0.4046242774566474,31.502890173410403,0.0,0.0,31.502890173410403,98.26520334881194,v6a_hit_an,2026-06-22,Monday,475
20260622,3242,東京喰種,2,0,0,0,2026-06-22,22,0,0622,True,False,False,3F,3234-3249,3234,3249,9,8,16,large,R,9,9,N,3F_R_N,,9,22,0,108.62923203963666,100.0,191.58878504672896,60.79664570230608,0.0,0.0,-391.90751445086704,96.8536724049163,0.36127167630057805,28.901734104046245,0.0,0.0,28.901734104046245,98.19022542289638,v6a_hit_an,2026-06-22,Monday,476
20260622,2310,スーパーリオエース2,0,0,0,0,2026-06-22,22,0,0622,True,False,False,2F,2298-2313,2298,2313,13,4,16,large,L,13,4,N,2F_L_N,,4,22,0,172.8965960179833,0.0,83.5016835016835,115.49508692365835,0.0,50.0,-83.81502890173411,98.28416001664291,0.35260115606936415,30.057803468208093,0.0,0.0,30.057803468208093,98.12069467829171,v6a_hit_an,2026-06-22,Monday,477
20260622,2209,スマスロ炎炎ノ消防隊2,9,0,0,0,2026-06-22,22,0,0622,True,False,False,2F,2196-2212,2196,2212,14,4,17,large,L,14,4,N,2F_L_N,,4,22,0,172.8965960179833,0.0,83.5016835016835,115.49508692365835,0.0,50.0,-177.45664739884393,99.03862832538496,0.37283236994219654,29.190751445086704,0.0,0.0,29.190751445086704,98.03398947597957,v6a_hit_an,2026-06-22,Monday,478
20260622,3105,からくりサーカス,5,0,0,0,2026-06-22,22,0,0622,True,False,False,3F,3103-3116,3103,3116,3,12,14,medium,R,3,12,N,3F_R_N,,12,22,0,35.90285110876452,0.0,314.95327102803736,160.37735849056602,0.0,50.0,365.02890173410407,102.01733280157359,0.37572254335260113,33.81502890173411,0.0,0.0,33.81502890173411,96.89906147060178,v6a_hit_an,2026-06-22,Monday,479
20260622,3054,革命機ヴァルヴレイヴ,4,0,0,0,2026-06-22,22,0,0622,True,False,False,3F,3043-3057,3043,3057,12,4,15,large,L,12,4,N,3F_L_N,,4,22,0,47.97687861271676,0.0,442.42424242424244,-46.08843537414966,72.075843388328,0.0,162.4277456647399,98.47267240105066,0.37572254335260113,29.190751445086704,0.0,0.0,29.190751445086704,96.8485892584149,v6a_hit_an,2026-06-22,Monday,480
20260622,3019,沖ドキ!DUO アンコール,9,0,0,0,2026-06-22,22,0,0622,True,False,False,3F,3017-3030,3017,3030,3,12,14,medium,R,3,12,N,3F_R_N,,12,22,0,35.90285110876452,0.0,314.95327102803736,160.37735849056602,0.0,50.0,38.4393063583815,103.8577674447066,0.3901734104046243,32.65895953757225,0.0,0.0,32.65895953757225,96.7834545341856,v6a_hit_an,2026-06-22,Monday,481
20260622,2243,モンキーターンV,3,0,0,0,2026-06-22,22,0,0622,True,False,False,2F,2230-2246,2230,2246,14,4,17,large,L,14,4,N,2F_L_N,,4,22,0,172.8965960179833,0.0,83.5016835016835,115.49508692365835,0.0,0.0,669.9421965317919,104.92526933471474,0.5,38.4393063583815,0.0,0.0,38.4393063583815,96.70884496730905,v6a_hit_an,2026-06-22,Monday,482
20260622,3084,ミリオンゴッド‐神々の軌跡‐,4,0,0,0,2026-06-22,22,0,0622,True,False,False,3F,3073-3087,3073,3087,12,4,15,large,L,12,4,N,3F_L_N,,4,22,0,47.97687861271676,0.0,442.42424242424244,-46.08843537414966,72.075843388328,0.0,-66.18497109826589,97.63896823191375,0.34971098265895956,26.878612716763005,0.0,0.0,26.878612716763005,96.61737538558253,v6a_hit_an,2026-06-22,Monday,483
20260622,3194,バーサスリヴァイズ,4,0,0,0,2026-06-22,22,0,0622,True,False,False,3F,3191-3208,3191,3208,4,15,18,large,L,15,4,N,3F_L_N,,4,22,0,47.97687861271676,0.0,442.42424242424244,-46.08843537414966,72.075843388328,0.0,217.63005780346822,98.57773313054669,0.47398843930635837,24.85549132947977,0.0,0.0,24.85549132947977,96.41506324685422,v6a_hit_an,2026-06-22,Monday,484
20260622,2284,スーパーブラックジャック,4,0,0,0,2026-06-22,22,0,0622,True,False,False,2F,2281-2297,2281,2297,4,14,17,large,L,4,4,N,2F_L_N,,4,22,0,172.8965960179833,0.0,83.5016835016835,115.49508692365835,0.0,0.0,284.39306358381504,101.22154631144333,0.3670520231213873,29.47976878612717,0.0,0.0,29.47976878612717,95.81289121008362,v6a_hit_an,2026-06-22,Monday,485
20260622,2317,BIRDIE WING ‐Golf Girls' Story‐,7,0,0,0,2026-06-22,22,0,0622,True,False,False,2F,2314-2329,2314,2329,4,13,16,large,L,4,4,N,2F_L_N,,4,22,0,172.8965960179833,0.0,83.5016835016835,115.49508692365835,0.0,0.0,92.48554913294798,98.32319584911366,0.34104046242774566,28.32369942196532,0.0,0.0,28.32369942196532,95.69728427366744,v6a_hit_an,2026-06-22,Monday,486
20260622,3237,東京喰種,7,0,0,0,2026-06-22,22,0,0622,True,False,False,3F,3234-3249,3234,3249,4,13,16,large,L,4,4,N,3F_L_N,,4,22,0,47.97687861271676,0.0,442.42424242424244,-46.08843537414966,33.78291586384072,0.0,-230.92485549132948,99.69740988662218,0.3901734104046243,34.39306358381503,0.0,0.0,34.39306358381503,95.64563873368581,v6a_hit_an,2026-06-22,Monday,487
20260622,2277,北斗の拳 転生の章2,7,1,0,0,2026-06-22,22,0,0622,True,False,False,2F,2264-2280,2264,2280,14,4,17,large,L,14,4,N,2F_L_N,,4,22,0,172.8965960179833,0.0,83.5016835016835,115.49508692365835,0.0,0.0,109.2485549132948,99.13362212522424,0.3439306358381503,26.589595375722542,0.0,0.0,26.589595375722542,95.52387386904316,v6a_hit_an,2026-06-22,Monday,488
20260622,2348,虚構推理,8,0,0,0,2026-06-22,22,0,0622,True,False,False,2F,2330-2351,2330,2351,19,4,22,large,L,4,4,N,2F_L_N,,4,22,0,172.8965960179833,0.0,83.5016835016835,115.49508692365835,0.0,0.0,121.09826589595376,96.85254174735057,0.36127167630057805,24.85549132947977,0.0,0.0,24.85549132947977,95.35046346441888,v6a_hit_an,2026-06-22,Monday,489
20260622,3345,ネオアイムジャグラーEX,5,0,0,0,2026-06-22,22,0,0622,True,False,False,3F,3341-3362,3341,3362,5,18,22,large,R,18,18,A,3F_R_A,,18,22,0,90.7514450867052,0.0,54.54545454545455,348.9795918367347,0.0,50.0,90.7514450867052,97.43130550712351,0.40173410404624277,25.14450867052023,100.0,0.0,25.14450867052023,94.36539781440689,v6a_hit_an,2026-06-22,Monday,490
20260622,3042,ソードアート・オンラインII,2,0,0,0,2026-06-22,22,0,0622,True,False,False,3F,3031-3042,3031,3042,12,1,12,medium,R,12,12,N,3F_R_N,,12,22,0,35.90285110876452,0.0,314.95327102803736,160.37735849056602,0.0,0.0,-346.53179190751445,98.83061070092303,0.34971098265895956,28.901734104046245,0.0,0.0,28.901734104046245,94.157731990833,v6a_hit_an,2026-06-22,Monday,491
20260622,2315,BIRDIE WING ‐Golf Girls' Story‐,5,0,0,0,2026-06-22,22,0,0622,True,False,False,2F,2314-2329,2314,2329,2,15,16,large,L,2,2,N,2F_L_N,,2,22,0,116.98779704560052,0.0,133.67003367003366,165.1549508692366,0.0,50.0,123.121387283237,98.92811549794781,0.36416184971098264,31.502890173410403,0.0,0.0,31.502890173410403,93.87242038171021,v6a_hit_an,2026-06-22,Monday,492
20260622,2245,モンキーターンV,5,0,0,0,2026-06-22,22,0,0622,True,False,False,2F,2230-2246,2230,2246,16,2,17,large,L,16,2,N,2F_L_N,,2,22,0,116.98779704560052,0.0,133.67003367003366,165.1549508692366,0.0,50.0,51.15606936416185,100.13207312114412,0.3930635838150289,30.057803468208093,0.0,0.0,30.057803468208093,93.72791171118999,v6a_hit_an,2026-06-22,Monday,493
20260622,2279,北斗の拳 転生の章2,9,0,0,0,2026-06-22,22,0,0622,True,False,False,2F,2264-2280,2264,2280,16,2,17,large,L,16,2,N,2F_L_N,,2,22,0,116.98779704560052,0.0,133.67003367003366,165.1549508692366,0.0,50.0,216.76300578034682,100.23215662076437,0.3786127167630058,29.76878612716763,0.0,0.0,29.76878612716763,93.69900997708594,v6a_hit_an,2026-06-22,Monday,494
20260622,2350,虚構推理,0,0,0,0,2026-06-22,22,0,0622,True,False,False,2F,2330-2351,2330,2351,21,2,22,large,L,2,2,N,2F_L_N,,2,22,0,116.98779704560052,0.0,133.67003367003366,165.1549508692366,0.0,50.0,235.83815028901734,96.53941428547402,0.42485549132947975,28.901734104046245,0.0,0.0,28.901734104046245,93.6123047747738,v6a_hit_an,2026-06-22,Monday,495
20260622,2214,モンキーターンV,4,0,0,0,2026-06-22,22,0,0622,True,False,False,2F,2213-2229,2213,2229,2,16,17,large,L,2,2,N,2F_L_N,,2,22,0,116.98779704560052,0.0,133.67003367003366,165.1549508692366,0.0,0.0,360.11560693641616,103.238514434576,0.45664739884393063,34.39306358381503,0.0,0.0,34.39306358381503,91.91143772275068,v6a_hit_an,2026-06-22,Monday,496
20260622,2312,スーパーリオエース2,2,0,0,0,2026-06-22,22,0,0622,True,False,False,2F,2298-2313,2298,2313,15,2,16,large,L,15,2,N,2F_L_N,,2,22,0,116.98779704560052,0.0,133.67003367003366,165.1549508692366,0.0,0.0,94.79768786127168,100.22823947649336,0.3786127167630058,31.502890173410403,0.0,0.0,31.502890173410403,91.62242038171021,v6a_hit_an,2026-06-22,Monday,497
20260622,2211,スマスロ炎炎ノ消防隊2,1,1,0,0,2026-06-22,22,0,0622,True,False,False,2F,2196-2212,2196,2212,16,2,17,large,L,16,2,N,2F_L_N,,2,22,0,116.98779704560052,0.0,133.67003367003366,165.1549508692366,0.0,0.0,-122.54335260115607,100.10004278651644,0.3988439306358382,31.213872832369944,0.0,0.0,31.213872832369944,91.59351864760617,v6a_hit_an,2026-06-22,Monday,498
20260622,2248,北斗の拳 転生の章2,8,0,0,0,2026-06-22,22,0,0622,True,False,False,2F,2247-2263,2247,2263,2,16,17,large,L,2,2,N,2F_L_N,,2,22,0,116.98779704560052,0.0,133.67003367003366,165.1549508692366,0.0,0.0,128.61271676300578,99.90548464080035,0.3815028901734104,31.213872832369944,0.0,0.0,31.213872832369944,91.59351864760617,v6a_hit_an,2026-06-22,Monday,499
20260622,2282,スーパーブラックジャック,2,0,0,0,2026-06-22,22,0,0622,True,False,False,2F,2281-2297,2281,2297,2,16,17,large,L,2,2,N,2F_L_N,,2,22,0,116.98779704560052,0.0,133.67003367003366,165.1549508692366,0.0,0.0,-34.971098265895954,96.96536773760467,0.3352601156069364,26.878612716763005,0.0,0.0,26.878612716763005,91.15999263604547,v6a_hit_an,2026-06-22,Monday,500
20260622,3220,東京喰種,0,0,0,0,2026-06-22,22,0,0622,True,False,False,3F,3218-3233,3218,3233,3,14,16,large,R,3,14,N,3F_R_N,,14,22,0,-117.42361684558216,50.0,579.1666666666666,104.67289719626169,0.0,50.0,210.6936416184971,104.64921480415052,0.40173410404624277,36.70520231213873,0.0,0.0,36.70520231213873,88.77885928829961,v6a_hit_an,2026-06-22,Monday,501
20260622,3247,東京喰種,7,0,0,0,2026-06-22,22,0,0622,True,False,False,3F,3234-3249,3234,3249,14,3,16,large,R,14,14,N,3F_R_N,,14,22,0,-117.42361684558216,50.0,579.1666666666666,104.67289719626169,0.0,0.0,-301.4450867052023,99.77387345652109,0.3901734104046243,33.52601156069364,0.0,0.0,33.52601156069364,86.21094021315511,v6a_hit_an,2026-06-22,Monday,502
20260622,3251,真打 吉宗,1,0,0,0,2026-06-22,22,0,0622,True,False,False,3F,3250-3264,3250,3264,2,14,15,large,R,2,14,N,3F_R_N,,14,22,0,-117.42361684558216,50.0,579.1666666666666,104.67289719626169,0.0,0.0,-213.8728323699422,99.76941502251593,0.38439306358381503,33.52601156069364,0.0,0.0,33.52601156069364,86.21094021315511,v6a_hit_an,2026-06-22,Monday,503
20260622,3101,革命機ヴァルヴレイヴ2,1,0,0,0,2026-06-22,22,0,0622,True,False,False,3F,3088-3102,3088,3102,14,2,15,large,R,14,14,N,3F_R_N,,14,22,0,-117.42361684558216,50.0,579.1666666666666,104.67289719626169,0.0,0.0,171.09826589595374,98.20220103585153,0.3554913294797688,30.63583815028902,0.0,0.0,30.63583815028902,85.92192287211465,v6a_hit_an,2026-06-22,Monday,504
20260622,3044,ビッグドリーム THE GOLDEN PUSHER,4,1,0,0,2026-06-22,22,0,0622,True,False,False,3F,3043-3057,3043,3057,2,14,15,large,R,2,14,N,3F_R_N,,14,22,0,-117.42361684558216,50.0,579.1666666666666,104.67289719626169,0.0,0.0,-107.80346820809248,97.88653716869507,0.3554913294797688,28.034682080924856,0.0,0.0,28.034682080924856,85.66180726517823,v6a_hit_an,2026-06-22,Monday,505
20260622,3071,ミリオンゴッド‐神々の軌跡‐,1,0,0,0,2026-06-22,22,0,0622,True,False,False,3F,3058-3072,3058,3072,14,2,15,large,R,14,14,N,3F_R_N,,14,22,0,-117.42361684558216,50.0,579.1666666666666,104.67289719626169,0.0,0.0,-275.4335260115607,96.80821852589547,0.3554913294797688,27.74566473988439,0.0,0.0,27.74566473988439,85.63290553107419,v6a_hit_an,2026-06-22,Monday,506
20260622,3074,ミリオンゴッド‐神々の軌跡‐,4,0,0,0,2026-06-22,22,0,0622,True,False,False,3F,3073-3087,3073,3087,2,14,15,large,R,2,14,N,3F_R_N,,14,22,0,-117.42361684558216,50.0,579.1666666666666,104.67289719626169,0.0,0.0,-305.2023121387283,95.78345954930734,0.34104046242774566,26.878612716763005,0.0,0.0,26.878612716763005,85.54620032876204,v6a_hit_an,2026-06-22,Monday,507
20260622,3082,ミリオンゴッド‐神々の軌跡‐,2,0,0,0,2026-06-22,22,0,0622,True,False,False,3F,3073-3087,3073,3087,10,6,15,large,L,10,6,N,3F_L_N,,6,22,0,140.46242774566474,0.0,7.575757575757576,155.2721088435374,204.3615344193379,0.0,-12.138728323699421,98.13092259508494,0.36416184971098264,30.63583815028902,0.0,0.0,30.63583815028902,85.15169790985233,v6a_hit_an,2026-06-22,Monday,508
20260622,3052,シャーマンキング,2,0,0,0,2026-06-22,22,0,0622,True,False,False,3F,3043-3057,3043,3057,10,6,15,large,L,10,6,N,3F_L_N,,6,22,0,140.46242774566474,0.0,7.575757575757576,155.2721088435374,204.3615344193379,0.0,295.66473988439304,99.23454752461907,0.34971098265895956,29.76878612716763,0.0,0.0,29.76878612716763,85.06499270754018,v6a_hit_an,2026-06-22,Monday,509
20260622,3259,真打 吉宗,9,0,0,0,2026-06-22,22,0,0622,True,False,False,3F,3250-3264,3250,3264,10,6,15,large,L,10,6,N,3F_L_N,,6,22,0,140.46242774566474,0.0,7.575757575757576,155.2721088435374,80.1300578034682,50.0,530.635838150289,103.75404446608471,0.430635838150289,36.70520231213873,0.0,0.0,36.70520231213873,82.41821787832316,v6a_hit_an,2026-06-22,Monday,510
20260622,2090,マギアレコード 魔法少女まどか☆マギカ外伝,0,0,0,0,2026-06-22,22,0,0622,True,False,False,2F,2089-2101,2089,2101,2,12,13,medium,R,2,12,N,2F_R_N,,12,22,0,19.710982658959537,0.0,232.05741626794259,207.9484425349087,0.0,50.0,273.12138728323697,100.12177024862774,0.38439306358381503,31.502890173410403,0.0,0.0,31.502890173410403,82.33961744500883,v6a_hit_an,2026-06-22,Monday,511
20260622,3239,東京喰種,9,0,0,0,2026-06-22,22,0,0622,True,False,False,3F,3234-3249,3234,3249,6,11,16,large,L,6,6,N,3F_L_N,,6,22,0,140.46242774566474,0.0,7.575757575757576,155.2721088435374,80.1300578034682,50.0,7.514450867052023,100.36223131189412,0.4161849710982659,35.26011560693642,0.0,0.0,35.26011560693642,82.27370920780294,v6a_hit_an,2026-06-22,Monday,512
20260622,2129,甲鉄城のカバネリ,9,0,0,0,2026-06-22,22,0,0622,True,False,False,2F,2129-2142,2129,2142,1,14,14,medium,L,1,1,N,2F_L_N,,1,22,0,101.44508670520231,0.0,92.5925925925926,172.7891156462585,0.0,50.0,338.4393063583815,101.47818842301828,0.45664739884393063,34.971098265895954,0.0,0.0,34.971098265895954,82.26053831937399,v6a_hit_an,2026-06-22,Monday,513
20260622,2065,戦国乙女5 業火を穿つ宿焔の双刃,5,0,0,0,2026-06-22,22,0,0622,True,False,False,2F,2065-2076,2065,2076,1,12,12,medium,R,1,12,N,2F_R_N,,12,22,0,19.710982658959537,0.0,232.05741626794259,207.9484425349087,0.0,50.0,-109.82658959537572,99.4807630101704,0.37283236994219654,29.76878612716763,0.0,0.0,29.76878612716763,82.16620704038455,v6a_hit_an,2026-06-22,Monday,514
20260622,3129,マイジャグラーV,9,0,0,0,2026-06-22,22,0,0622,True,False,False,3F,3117-3130,3117,3130,13,2,14,medium,R,13,13,A,3F_R_A,,13,22,0,86.57627118644068,0.0,162.83185840707964,122.66401590457257,0.0,50.0,171.67630057803467,98.35530463390651,0.430635838150289,27.167630057803464,100.0,0.0,27.167630057803464,82.00359729329062,v6a_hit_an,2026-06-22,Monday,515
20260622,3196,新ハナビ,6,0,0,0,2026-06-22,22,0,0622,True,False,False,3F,3191-3208,3191,3208,6,13,18,large,L,13,6,N,3F_L_N,,6,22,0,140.46242774566474,0.0,7.575757575757576,155.2721088435374,93.78612716763006,50.0,257.22543352601156,98.65596756559871,0.43641618497109824,25.722543352601157,0.0,0.0,25.722543352601157,81.93447510375668,v6a_hit_an,2026-06-22,Monday,516
20260622,2140,バイオハザード RE:3,0,0,0,0,2026-06-22,22,0,0622,True,False,False,2F,2129-2142,2129,2142,12,3,14,medium,R,12,12,N,2F_R_N,,12,22,0,19.710982658959537,0.0,232.05741626794259,207.9484425349087,0.0,50.0,229.1907514450867,98.42119994798561,0.3988439306358382,26.878612716763005,0.0,0.0,26.878612716763005,81.87718969934409,v6a_hit_an,2026-06-22,Monday,517
20260622,2076,戦国乙女5 業火を穿つ宿焔の双刃,6,0,0,0,2026-06-22,22,0,0622,True,False,False,2F,2065-2076,2065,2076,12,1,12,medium,L,12,1,N,2F_L_N,,1,22,0,101.44508670520231,0.0,92.5925925925926,172.7891156462585,0.0,50.0,-192.48554913294797,99.96134692512034,0.3786127167630058,28.901734104046245,0.0,0.0,28.901734104046245,81.65360190318903,v6a_hit_an,2026-06-22,Monday,518
20260622,3180,ゴーゴージャグラー3,0,0,0,0,2026-06-22,22,0,0622,True,False,False,3F,3168-3180,3168,3180,13,1,13,medium,R,13,13,A,3F_R_A,,13,22,0,86.57627118644068,0.0,162.83185840707964,122.66401590457257,0.0,50.0,77.45664739884393,98.00491777359267,0.4046242774566474,23.410404624277454,100.0,0.0,23.410404624277454,81.62787474993802,v6a_hit_an,2026-06-22,Monday,519
20260622,3228,東京喰種,8,0,0,0,2026-06-22,22,0,0622,True,False,False,3F,3218-3233,3218,3233,11,6,16,large,L,11,6,N,3F_L_N,,6,22,0,140.46242774566474,0.0,7.575757575757576,155.2721088435374,107.33381502890174,0.0,54.04624277456647,101.21782052371213,0.41329479768786126,34.104046242774565,0.0,0.0,34.104046242774565,81.13227134653127,v6a_hit_an,2026-06-22,Monday,520
20260622,2113,モンスターハンターライズ,3,0,0,0,2026-06-22,22,0,0622,True,False,False,2F,2102-2114,2102,2114,12,2,13,medium,R,12,12,N,2F_R_N,,12,22,0,19.710982658959537,0.0,232.05741626794259,207.9484425349087,0.0,0.0,-1.7341040462427746,98.41233093387059,0.3930635838150289,30.346820809248555,0.0,0.0,30.346820809248555,79.97401050859264,v6a_hit_an,2026-06-22,Monday,521
20260622,2088,マギアレコード 魔法少女まどか☆マギカ外伝,8,1,0,0,2026-06-22,22,0,0622,True,False,False,2F,2077-2088,2077,2088,12,1,12,medium,R,12,12,N,2F_R_N,,12,22,0,19.710982658959537,0.0,232.05741626794259,207.9484425349087,0.0,0.0,-157.80346820809248,97.66897288478481,0.35260115606936415,30.057803468208093,0.0,0.0,30.057803468208093,79.9451087744886,v6a_hit_an,2026-06-22,Monday,522
20260622,2102,ソードアート・オンライン,2,0,0,0,2026-06-22,22,0,0622,True,False,False,2F,2102-2114,2102,2114,1,13,13,medium,L,1,1,N,2F_L_N,,1,22,0,101.44508670520231,0.0,92.5925925925926,172.7891156462585,0.0,0.0,591.0404624277456,104.10103630974119,0.43641618497109824,34.104046242774565,0.0,0.0,34.104046242774565,79.92383311706186,v6a_hit_an,2026-06-22,Monday,523
20260622,2022,甲鉄城のカバネリ 海門(うなと)決戦,2,1,0,0,2026-06-22,22,0,0622,True,False,False,2F,2011-2022,2011,2022,12,1,12,medium,R,12,12,N,2F_R_N,,12,22,0,19.710982658959537,0.0,232.05741626794259,207.9484425349087,0.0,0.0,81.79190751445087,100.89068706232209,0.36416184971098264,29.47976878612717,0.0,0.0,29.47976878612717,79.88730530628051,v6a_hit_an,2026-06-22,Monday,524
20260622,2117,痛いのは嫌なので防御力に極振りしたいと思います。,7,0,0,0,2026-06-22,22,0,0622,True,False,False,2F,2115-2128,2115,2128,3,12,14,medium,R,3,12,N,2F_R_N,,12,22,0,19.710982658959537,0.0,232.05741626794259,207.9484425349087,0.0,0.0,136.1271676300578,97.71494468722592,0.3352601156069364,28.61271676300578,0.0,0.0,28.61271676300578,79.80060010396836,v6a_hit_an,2026-06-22,Monday,525
20260622,2143,バイオハザード RE:3,3,0,0,0,2026-06-22,22,0,0622,True,False,False,2F,2143-2154,2143,2154,1,12,12,medium,R,1,12,N,2F_R_N,,12,22,0,19.710982658959537,0.0,232.05741626794259,207.9484425349087,0.0,0.0,-74.85549132947978,98.30848204893363,0.3468208092485549,26.878612716763005,0.0,0.0,26.878612716763005,79.62718969934409,v6a_hit_an,2026-06-22,Monday,526
20260622,2064,戦国乙女5 業火を穿つ宿焔の双刃,4,0,0,0,2026-06-22,22,0,0622,True,False,False,2F,2053-2064,2053,2064,12,1,12,medium,R,12,12,N,2F_R_N,,12,22,0,19.710982658959537,0.0,232.05741626794259,207.9484425349087,0.0,0.0,-88.72832369942196,99.19853853568573,0.33815028901734107,26.589595375722542,0.0,0.0,26.589595375722542,79.59828796524005,v6a_hit_an,2026-06-22,Monday,527
20260622,2011,甲鉄城のカバネリ 海門(うなと)決戦,1,1,0,0,2026-06-22,22,0,0622,True,False,False,2F,2011-2022,2011,2022,1,12,12,medium,L,1,1,N,2F_L_N,,1,22,0,101.44508670520231,0.0,92.5925925925926,172.7891156462585,0.0,0.0,239.3063583815029,100.17146255700891,0.3901734104046243,30.63583815028902,0.0,0.0,30.63583815028902,79.5770123078133,v6a_hit_an,2026-06-22,Monday,528
20260622,3015,キングハナハナ-30,5,0,0,0,2026-06-22,22,0,0622,True,False,False,3F,3001-3016,3001,3016,15,2,16,large,R,15,15,A,3F_R_A,,15,22,0,123.89210019267823,0.0,80.3030303030303,111.56462585034014,0.0,50.0,190.17341040462426,98.32929924214008,0.43352601156069365,31.79190751445087,100.0,0.0,31.79190751445087,79.54611676515063,v6a_hit_an,2026-06-22,Monday,529
20260622,2041,甲鉄城のカバネリ 海門(うなと)決戦,1,0,0,0,2026-06-22,22,0,0622,True,False,False,2F,2041-2052,2041,2052,1,12,12,medium,R,1,12,N,2F_R_N,,12,22,0,19.710982658959537,0.0,232.05741626794259,207.9484425349087,0.0,0.0,-90.17341040462428,97.80071899417653,0.3236994219653179,26.011560693641616,0.0,0.0,26.011560693641616,79.54048449703195,v6a_hit_an,2026-06-22,Monday,530
20260622,2077,マギアレコード 魔法少女まどか☆マギカ外伝,7,1,0,0,2026-06-22,22,0,0622,True,False,False,2F,2077-2088,2077,2088,1,12,12,medium,L,1,1,N,2F_L_N,,1,22,0,101.44508670520231,0.0,92.5925925925926,172.7891156462585,0.0,0.0,-102.3121387283237,97.96714439210511,0.3815028901734104,30.057803468208093,0.0,0.0,30.057803468208093,79.51920883960521,v6a_hit_an,2026-06-22,Monday,531
20260622,2052,甲鉄城のカバネリ 海門(うなと)決戦,2,0,0,0,2026-06-22,22,0,0622,True,False,False,2F,2041-2052,2041,2052,12,1,12,medium,L,12,1,N,2F_L_N,,1,22,0,101.44508670520231,0.0,92.5925925925926,172.7891156462585,0.0,0.0,163.0057803468208,100.78028550729036,0.3699421965317919,28.901734104046245,0.0,0.0,28.901734104046245,79.40360190318903,v6a_hit_an,2026-06-22,Monday,532
20260622,2128,戦国乙女4 戦乱に閃く炯眼の軍師,8,0,0,0,2026-06-22,22,0,0622,True,False,False,2F,2115-2128,2115,2128,14,1,14,medium,L,14,1,N,2F_L_N,,1,22,0,101.44508670520231,0.0,92.5925925925926,172.7891156462585,0.0,0.0,-44.50867052023121,97.58965609620229,0.33236994219653176,28.32369942196532,0.0,0.0,28.32369942196532,79.34579843498094,v6a_hit_an,2026-06-22,Monday,533
20260622,2053,戦国乙女5 業火を穿つ宿焔の双刃,3,0,0,0,2026-06-22,22,0,0622,True,False,False,2F,2053-2064,2053,2064,1,12,12,medium,L,1,1,N,2F_L_N,,1,22,0,101.44508670520231,0.0,92.5925925925926,172.7891156462585,0.0,0.0,-266.1849710982659,97.58389006281807,0.3554913294797688,28.034682080924856,0.0,0.0,28.034682080924856,79.31689670087688,v6a_hit_an,2026-06-22,Monday,534
20260622,3131,マイジャグラーV,1,0,0,0,2026-06-22,22,0,0622,True,False,False,3F,3131-3143,3131,3143,1,13,13,medium,R,1,13,A,3F_R_A,,13,22,0,86.57627118644068,0.0,162.83185840707964,122.66401590457257,0.0,0.0,43.641618497109825,98.60435539964497,0.43352601156069365,22.54335260115607,100.0,0.0,22.54335260115607,79.29116954762588,v6a_hit_an,2026-06-22,Monday,535
20260622,2101,タクトオーパス デスティニー,1,0,0,0,2026-06-22,22,0,0622,True,False,False,2F,2089-2101,2089,2101,13,1,13,medium,L,13,1,N,2F_L_N,,1,22,0,101.44508670520231,0.0,92.5925925925926,172.7891156462585,0.0,0.0,73.121387283237,99.634831242175,0.36416184971098264,26.878612716763005,0.0,0.0,26.878612716763005,79.2012897644607,v6a_hit_an,2026-06-22,Monday,536
20260622,3282,マイジャグラーV,2,0,0,0,2026-06-22,22,0,0622,True,False,False,3F,3281-3294,3281,3294,2,13,14,medium,R,2,13,A,3F_R_A,,13,22,0,86.57627118644068,0.0,162.83185840707964,122.66401590457257,0.0,0.0,43.35260115606936,97.95976745562554,0.42196531791907516,21.38728323699422,100.0,0.0,21.38728323699422,79.1755626112097,v6a_hit_an,2026-06-22,Monday,537
20260622,2154,交響詩篇エウレカセブン HI-EVOLUTION ZERO TYPE‐ART,4,0,0,0,2026-06-22,22,0,0622,True,False,False,2F,2143-2154,2143,2154,12,1,12,medium,L,12,1,N,2F_L_N,,1,22,0,101.44508670520231,0.0,92.5925925925926,172.7891156462585,0.0,0.0,215.02890173410404,98.72124660212654,0.4624277456647399,26.300578034682083,0.0,0.0,26.300578034682083,79.1434862962526,v6a_hit_an,2026-06-22,Monday,538
20260622,3310,ミスタージャグラー,0,0,0,0,2026-06-22,22,0,0622,True,False,False,3F,3310-3324,3310,3324,1,15,15,large,R,1,15,A,3F_R_A,,15,22,0,123.89210019267823,0.0,80.3030303030303,111.56462585034014,0.0,50.0,124.56647398843931,98.41513957111563,0.4190751445086705,27.74566473988439,100.0,0.0,27.74566473988439,79.14149248769398,v6a_hit_an,2026-06-22,Monday,539
20260622,3339,ネオアイムジャグラーEX,9,0,0,0,2026-06-22,22,0,0622,True,False,False,3F,3325-3340,3325,3340,15,2,16,large,R,15,15,A,3F_R_A,,15,22,0,123.89210019267823,0.0,80.3030303030303,111.56462585034014,0.0,50.0,154.6242774566474,97.52873561273329,0.430635838150289,27.167630057803464,100.0,0.0,27.167630057803464,79.08368901948589,v6a_hit_an,2026-06-22,Monday,540
20260622,2255,スマスロ北斗の拳,5,1,0,0,2026-06-22,22,0,0622,True,False,False,2F,2247-2263,2247,2263,9,9,17,large,L,9,9,N,2F_L_N,,9,22,0,150.61932287365812,100.0,-31.31313131313131,84.35374149659864,0.0,50.0,500.8670520231214,104.23721184319962,0.4046242774566474,32.65895953757225,0.0,0.0,32.65895953757225,78.99024365395132,v6a_hit_an,2026-06-22,Monday,541
20260622,2289,かぐや様は告らせたい,9,0,0,0,2026-06-22,22,0,0622,True,False,False,2F,2281-2297,2281,2297,9,9,17,large,L,9,9,N,2F_L_N,,9,22,0,150.61932287365812,100.0,-31.31313131313131,84.35374149659864,0.0,50.0,239.01734104046244,101.00752143905477,0.37283236994219654,31.79190751445087,0.0,0.0,31.79190751445087,78.90353845163919,v6a_hit_an,2026-06-22,Monday,542
20260622,3309,ウルトラミラクルジャグラー,9,0,0,0,2026-06-22,22,0,0622,True,False,False,3F,3295-3309,3295,3309,15,1,15,large,R,15,15,A,3F_R_A,,15,22,0,123.89210019267823,0.0,80.3030303030303,111.56462585034014,0.0,50.0,25.722543352601157,97.3512286855314,0.3959537572254335,24.277456647398843,100.0,0.0,24.277456647398843,78.79467167844543,v6a_hit_an,2026-06-22,Monday,543
20260622,3110,革命機ヴァルヴレイヴ2,0,0,0,0,2026-06-22,22,0,0622,True,False,False,3F,3103-3116,3103,3116,8,7,14,medium,L,8,7,N,3F_L_N,,7,22,0,85.19134775374376,150.0,-114.40677966101696,293.15589353612165,77.61429322122964,50.0,229.76878612716763,102.51446024979161,0.3699421965317919,30.924855491329478,0.0,0.0,30.924855491329478,78.7368392238294,v6a_hit_an,2026-06-22,Monday,544
20260622,3279,マイジャグラーV,9,0,0,0,2026-06-22,22,0,0622,True,False,False,3F,3265-3280,3265,3280,15,2,16,large,R,15,15,A,3F_R_A,,15,22,0,123.89210019267823,0.0,80.3030303030303,111.56462585034014,0.0,50.0,83.52601156069365,98.481019289141,0.4393063583815029,22.54335260115607,100.0,0.0,22.54335260115607,78.62126127382115,v6a_hit_an,2026-06-22,Monday,545
20260622,3348,ネオアイムジャグラーEX,8,0,0,0,2026-06-22,22,0,0622,True,False,False,3F,3341-3362,3341,3362,8,15,22,large,R,15,15,A,3F_R_A,,15,22,0,123.89210019267823,0.0,80.3030303030303,111.56462585034014,0.0,0.0,164.7398843930636,97.85001647830934,0.4161849710982659,28.61271676300578,100.0,0.0,28.61271676300578,76.97819769000611,v6a_hit_an,2026-06-22,Monday,546
20260622,2221,モンキーターンV,1,0,0,0,2026-06-22,22,0,0622,True,False,False,2F,2213-2229,2213,2229,9,9,17,large,L,9,9,N,2F_L_N,,9,22,0,150.61932287365812,100.0,-31.31313131313131,84.35374149659864,0.0,0.0,65.02890173410404,102.44931969925186,0.4479768786127168,34.39306358381503,0.0,0.0,34.39306358381503,76.9136540585756,v6a_hit_an,2026-06-22,Monday,547
20260622,3244,東京喰種,4,1,0,0,2026-06-22,22,0,0622,True,False,False,3F,3234-3249,3234,3249,11,6,16,large,R,11,11,N,3F_R_N,,11,22,0,146.7795210569777,200.0,-79.4392523364486,56.81341719077568,0.0,0.0,234.10404624277456,104.33146494508411,0.41329479768786126,36.70520231213873,0.0,0.0,36.70520231213873,76.88189371191982,v6a_hit_an,2026-06-22,Monday,548
20260622,3223,東京喰種,3,0,0,0,2026-06-22,22,0,0622,True,False,False,3F,3218-3233,3218,3233,6,11,16,large,R,6,11,N,3F_R_N,,11,22,0,146.7795210569777,200.0,-79.4392523364486,56.81341719077568,0.0,0.0,43.35260115606936,101.56541462396524,0.42196531791907516,36.127167630057805,0.0,0.0,36.127167630057805,76.82409024371172,v6a_hit_an,2026-06-22,Monday,549
20260622,2204,スマスロ炎炎ノ消防隊2,4,0,0,0,2026-06-22,22,0,0622,True,False,False,2F,2196-2212,2196,2212,9,9,17,large,L,9,9,N,2F_L_N,,9,22,0,150.61932287365812,100.0,-31.31313131313131,84.35374149659864,0.0,0.0,-91.04046242774567,100.91894688863316,0.3699421965317919,32.080924855491325,0.0,0.0,32.080924855491325,76.68244018574323,v6a_hit_an,2026-06-22,Monday,550
20260622,3254,真打 吉宗,4,0,0,0,2026-06-22,22,0,0622,True,False,False,3F,3250-3264,3250,3264,5,11,15,large,R,5,11,N,3F_R_N,,11,22,0,146.7795210569777,200.0,-79.4392523364486,56.81341719077568,0.0,0.0,223.121387283237,101.37776076724847,0.41040462427745666,34.39306358381503,0.0,0.0,34.39306358381503,76.65067983908745,v6a_hit_an,2026-06-22,Monday,551
20260622,2040,甲鉄城のカバネリ 海門(うなと)決戦,0,0,0,0,2026-06-22,22,0,0622,True,False,False,2F,2032-2040,2032,2040,9,1,9,small,R,9,9,N,2F_R_N,,9,22,0,77.26396917148362,0.0,-63.03030303030303,407.3469387755102,0.0,50.0,83.23699421965318,99.34288817248728,0.3786127167630058,27.45664739884393,0.0,0.0,27.45664739884393,76.45707583085782,v6a_hit_an,2026-06-22,Monday,552
20260622,3077,ミリオンゴッド‐神々の軌跡‐,7,1,0,0,2026-06-22,22,0,0622,True,False,False,3F,3073-3087,3073,3087,5,11,15,large,R,5,11,N,3F_R_N,,11,22,0,146.7795210569777,200.0,-79.4392523364486,56.81341719077568,0.0,0.0,252.3121387283237,99.57464287884602,0.40173410404624277,31.79190751445087,0.0,0.0,31.79190751445087,76.39056423215104,v6a_hit_an,2026-06-22,Monday,553
20260622,3098,革命機ヴァルヴレイヴ2,8,0,0,0,2026-06-22,22,0,0622,True,False,False,3F,3088-3102,3088,3102,11,5,15,large,R,11,11,N,3F_R_N,,11,22,0,146.7795210569777,200.0,-79.4392523364486,56.81341719077568,0.0,0.0,308.09248554913296,101.4865241683797,0.40173410404624277,31.79190751445087,0.0,0.0,31.79190751445087,76.39056423215104,v6a_hit_an,2026-06-22,Monday,554
20260622,2238,モンキーターンV,8,0,0,0,2026-06-22,22,0,0622,True,False,False,2F,2230-2246,2230,2246,9,9,17,large,L,9,9,N,2F_L_N,,9,22,0,150.61932287365812,100.0,-31.31313131313131,84.35374149659864,0.0,0.0,38.15028901734104,99.99774210316758,0.3583815028901734,28.901734104046245,0.0,0.0,28.901734104046245,76.36452111059873,v6a_hit_an,2026-06-22,Monday,555
20260622,3047,ビッグドリーム THE GOLDEN PUSHER,7,0,0,0,2026-06-22,22,0,0622,True,False,False,3F,3043-3057,3043,3057,5,11,15,large,R,5,11,N,3F_R_N,,11,22,0,146.7795210569777,200.0,-79.4392523364486,56.81341719077568,0.0,0.0,-53.75722543352601,99.21439821679681,0.3670520231213873,31.213872832369944,0.0,0.0,31.213872832369944,76.33276076394294,v6a_hit_an,2026-06-22,Monday,556
20260622,3068,ミリオンゴッド‐神々の軌跡‐,8,0,0,0,2026-06-22,22,0,0622,True,False,False,3F,3058-3072,3058,3072,11,5,15,large,R,11,11,N,3F_R_N,,11,22,0,146.7795210569777,200.0,-79.4392523364486,56.81341719077568,0.0,0.0,20.23121387283237,97.7544198984899,0.3583815028901734,30.057803468208093,0.0,0.0,30.057803468208093,76.21715382752676,v6a_hit_an,2026-06-22,Monday,557
20260622,2343,少女☆歌劇 レヴュースタァライト ‐The SLOT‐,3,0,0,0,2026-06-22,22,0,0622,True,False,False,2F,2330-2351,2330,2351,14,9,22,large,L,9,9,N,2F_L_N,,9,22,0,150.61932287365812,100.0,-31.31313131313131,84.35374149659864,0.0,0.0,202.60115606936415,101.55241855528091,0.3439306358381503,27.167630057803464,0.0,0.0,27.167630057803464,76.19111070597445,v6a_hit_an,2026-06-22,Monday,558
20260622,3024,沖ドキ!DUO アンコール,4,0,0,0,2026-06-22,22,0,0622,True,False,False,3F,3017-3030,3017,3030,8,7,14,medium,L,8,7,N,3F_L_N,,7,22,0,85.19134775374376,150.0,-114.40677966101696,293.15589353612165,72.075843388328,0.0,-98.84393063583815,103.20926730775503,0.40173410404624277,29.76878612716763,0.0,0.0,29.76878612716763,76.12200204493264,v6a_hit_an,2026-06-22,Monday,559
20260622,2272,北斗の拳 転生の章2,2,0,0,0,2026-06-22,22,0,0622,True,False,False,2F,2264-2280,2264,2280,9,9,17,large,L,9,9,N,2F_L_N,,9,22,0,150.61932287365812,100.0,-31.31313131313131,84.35374149659864,0.0,0.0,99.71098265895954,100.8560703515851,0.32947976878612717,26.011560693641616,0.0,0.0,26.011560693641616,76.07550376955827,v6a_hit_an,2026-06-22,Monday,560
20260622,3093,革命機ヴァルヴレイヴ2,3,0,0,0,2026-06-22,22,0,0622,True,False,False,3F,3088-3102,3088,3102,6,10,15,large,L,6,6,N,3F_L_N,,6,22,0,140.46242774566474,0.0,7.575757575757576,155.2721088435374,-9.3011035207567,0.0,148.84393063583815,99.79395916997862,0.36416184971098264,30.057803468208093,0.0,0.0,30.057803468208093,75.47907573433999,v6a_hit_an,2026-06-22,Monday,561
20260622,3063,ミリオンゴッド‐神々の軌跡‐,3,0,0,0,2026-06-22,22,0,0622,True,False,False,3F,3058-3072,3058,3072,6,10,15,large,L,6,6,N,3F_L_N,,6,22,0,140.46242774566474,0.0,7.575757575757576,155.2721088435374,-9.3011035207567,0.0,-158.09248554913296,98.12401759799454,0.3468208092485549,26.589595375722542,0.0,0.0,26.589595375722542,75.13225492509143,v6a_hit_an,2026-06-22,Monday,562
20260622,3213,東京喰種,3,0,0,0,2026-06-22,22,0,0622,True,False,False,3F,3209-3217,3209,3217,5,5,9,small,L,5,5,N,3F_L_N,,5,22,0,112.42774566473989,200.0,94.6969696969697,-92.68707482993197,-9.3011035207567,0.0,112.42774566473989,102.9700791028466,0.3872832369942196,33.52601156069364,0.0,0.0,33.52601156069364,74.94073938035541,v6a_hit_an,2026-06-22,Monday,563
20260622,2163,ディスクアップ ULTRAREMIX,3,0,0,0,2026-06-22,22,0,0622,True,False,False,2F,2155-2164,2155,2164,9,2,10,small,R,9,9,N,2F_R_N,,9,22,0,77.26396917148362,0.0,-63.03030303030303,407.3469387755102,0.0,0.0,207.80346820809248,99.20423974846472,0.4797687861271676,28.901734104046245,0.0,0.0,28.901734104046245,74.35158450137806,v6a_hit_an,2026-06-22,Monday,564
20260622,2023,甲鉄城のカバネリ 海門(うなと)決戦,3,0,0,0,2026-06-22,22,0,0622,True,False,False,2F,2023-2031,2023,2031,1,9,9,small,R,1,9,N,2F_R_N,,9,22,0,77.26396917148362,0.0,-63.03030303030303,407.3469387755102,0.0,0.0,-59.2485549132948,98.77962595737108,0.3930635838150289,27.45664739884393,0.0,0.0,27.45664739884393,74.20707583085782,v6a_hit_an,2026-06-22,Monday,565
20260622,2219,モンキーターンV,9,0,0,0,2026-06-22,22,0,0622,True,False,False,2F,2213-2229,2213,2229,7,11,17,large,L,7,7,N,2F_L_N,,7,22,0,221.77263969171483,0.0,-162.42424242424244,103.94557823129252,0.0,50.0,304.91329479768785,103.29054172145926,0.4421965317919075,35.26011560693642,0.0,0.0,35.26011560693642,70.41045127457184,v6a_hit_an,2026-06-22,Monday,566
20260622,2240,モンキーターンV,0,0,0,0,2026-06-22,22,0,0622,True,False,False,2F,2230-2246,2230,2246,11,7,17,large,L,11,7,N,2F_L_N,,7,22,0,221.77263969171483,0.0,-162.42424242424244,103.94557823129252,0.0,50.0,302.02312138728325,102.86104873846293,0.4046242774566474,33.52601156069364,0.0,0.0,33.52601156069364,70.23704086994756,v6a_hit_an,2026-06-22,Monday,567
20260622,2320,いざ！番長,0,0,0,0,2026-06-22,22,0,0622,True,False,False,2F,2314-2329,2314,2329,7,10,16,large,L,7,7,N,2F_L_N,,7,22,0,221.77263969171483,0.0,-162.42424242424244,103.94557823129252,0.0,50.0,296.8208092485549,100.30964664134058,0.33815028901734107,29.190751445086704,0.0,0.0,29.190751445086704,69.80351485838686,v6a_hit_an,2026-06-22,Monday,568
20260622,2345,いざ！番長,5,0,0,0,2026-06-22,22,0,0622,True,False,False,2F,2330-2351,2330,2351,16,7,22,large,L,7,7,N,2F_L_N,,7,22,0,221.77263969171483,0.0,-162.42424242424244,103.94557823129252,0.0,50.0,302.8901734104046,97.65699771555708,0.3468208092485549,26.589595375722542,0.0,0.0,26.589595375722542,69.54339925145045,v6a_hit_an,2026-06-22,Monday,569
20260622,2206,スマスロ炎炎ノ消防隊2,6,0,0,0,2026-06-22,22,0,0622,True,False,False,2F,2196-2212,2196,2212,11,7,17,large,L,11,7,N,2F_L_N,,7,22,0,221.77263969171483,0.0,-162.42424242424244,103.94557823129252,0.0,50.0,-119.36416184971098,100.04105316886847,0.3699421965317919,25.43352601156069,0.0,0.0,25.43352601156069,69.42779231503427,v6a_hit_an,2026-06-22,Monday,570
20260622,3199,新ハナビ,9,1,0,0,2026-06-22,22,0,0622,True,False,False,3F,3191-3208,3191,3208,9,10,18,large,L,10,9,N,3F_L_N,,9,22,0,224.27745664739885,100.0,-277.27272727272725,123.46938775510205,80.1300578034682,50.0,224.27745664739885,98.66451232419764,0.44508670520231214,23.699421965317917,0.0,0.0,23.699421965317917,69.22495562859932,v6a_hit_an,2026-06-22,Monday,571
20260622,2307,スーパーリオエース2,7,0,0,0,2026-06-22,22,0,0622,True,False,False,2F,2298-2313,2298,2313,10,7,16,large,L,10,7,N,2F_L_N,,7,22,0,221.77263969171483,0.0,-162.42424242424244,103.94557823129252,0.0,0.0,314.16184971098266,102.56306125566978,0.407514450867052,33.52601156069364,0.0,0.0,33.52601156069364,67.98704086994756,v6a_hit_an,2026-06-22,Monday,572
20260622,2274,北斗の拳 転生の章2,4,0,0,0,2026-06-22,22,0,0622,True,False,False,2F,2264-2280,2264,2280,11,7,17,large,L,11,7,N,2F_L_N,,7,22,0,221.77263969171483,0.0,-162.42424242424244,103.94557823129252,0.0,0.0,420.23121387283237,103.16090731598577,0.37572254335260113,31.213872832369944,0.0,0.0,31.213872832369944,67.7558269971152,v6a_hit_an,2026-06-22,Monday,573
20260622,2287,スーパーブラックジャック,7,0,0,0,2026-06-22,22,0,0622,True,False,False,2F,2281-2297,2281,2297,7,11,17,large,L,7,7,N,2F_L_N,,7,22,0,221.77263969171483,0.0,-162.42424242424244,103.94557823129252,0.0,0.0,56.06936416184971,98.66006042307117,0.35260115606936415,30.057803468208093,0.0,0.0,30.057803468208093,67.64022006069901,v6a_hit_an,2026-06-22,Monday,574
20260622,2253,北斗の拳 転生の章2,3,0,0,0,2026-06-22,22,0,0622,True,False,False,2F,2247-2263,2247,2263,7,11,17,large,L,7,7,N,2F_L_N,,7,22,0,221.77263969171483,0.0,-162.42424242424244,103.94557823129252,0.0,0.0,118.20809248554913,101.1706493520018,0.35260115606936415,26.878612716763005,0.0,0.0,26.878612716763005,67.32230098555449,v6a_hit_an,2026-06-22,Monday,575
20260622,2229,東京リベンジャーズ,9,0,0,0,2026-06-22,22,0,0622,True,False,False,2F,2213-2229,2213,2229,17,1,17,large,R,17,17,N,2F_R_N,,17,22,0,103.2204789430223,0.0,140.25974025974025,-9.329446064139942,0.0,50.0,228.61271676300578,103.32317470493129,0.4508670520231214,36.127167630057805,0.0,0.0,36.127167630057805,67.00936721058815,v6a_hit_an,2026-06-22,Monday,576
20260622,3130,マイジャグラーV,0,0,0,0,2026-06-22,22,0,0622,True,False,False,3F,3117-3130,3117,3130,14,1,14,medium,R,14,14,A,3F_R_A,,14,22,0,43.55044699872286,0.0,96.7032967032967,212.8395061728395,0.0,50.0,112.71676300578035,99.09605494552605,0.44508670520231214,26.011560693641616,100.0,0.0,26.011560693641616,66.66924372883115,v6a_hit_an,2026-06-22,Monday,577
20260622,2335,バジリスク～甲賀忍法帖～絆2 天膳 BLACK EDITION,5,0,0,0,2026-06-22,22,0,0622,True,False,False,2F,2330-2351,2330,2351,6,17,22,large,R,17,17,N,2F_R_N,,17,22,0,103.2204789430223,0.0,140.25974025974025,-9.329446064139942,0.0,50.0,168.78612716763007,100.37765908049904,0.38439306358381503,31.502890173410403,0.0,0.0,31.502890173410403,66.54693946492341,v6a_hit_an,2026-06-22,Monday,578
20260622,2196,スマスロ炎炎ノ消防隊2,6,0,0,0,2026-06-22,22,0,0622,True,False,False,2F,2196-2212,2196,2212,1,17,17,large,R,1,17,N,2F_R_N,,17,22,0,103.2204789430223,0.0,140.25974025974025,-9.329446064139942,0.0,50.0,-43.93063583815029,101.27831652704022,0.37572254335260113,30.346820809248555,0.0,0.0,30.346820809248555,66.43133252850723,v6a_hit_an,2026-06-22,Monday,579
20260622,2230,新鬼武者3,0,0,0,0,2026-06-22,22,0,0622,True,False,False,2F,2230-2246,2230,2246,1,17,17,large,R,1,17,N,2F_R_N,,17,22,0,103.2204789430223,0.0,140.25974025974025,-9.329446064139942,0.0,50.0,59.2485549132948,100.87921643157534,0.3699421965317919,29.47976878612717,0.0,0.0,29.47976878612717,66.3446273261951,v6a_hit_an,2026-06-22,Monday,580
20260622,3103,からくりサーカス,3,0,0,0,2026-06-22,22,0,0622,True,False,False,3F,3103-3116,3103,3116,1,14,14,medium,R,1,14,N,3F_R_N,,14,22,0,-155.40765391014975,0.0,579.1666666666666,104.67289719626169,0.0,0.0,-128.32369942196533,99.99622654258455,0.36416184971098264,30.924855491329478,0.0,0.0,30.924855491329478,65.52657126297436,v6a_hit_an,2026-06-22,Monday,581
20260622,3017,沖ドキ!DUO アンコール,7,0,0,0,2026-06-22,22,0,0622,True,False,False,3F,3017-3030,3017,3030,1,14,14,medium,R,1,14,N,3F_R_N,,14,22,0,-155.40765391014975,0.0,579.1666666666666,104.67289719626169,0.0,0.0,-191.90751445086704,100.59565467385795,0.4046242774566474,29.47976878612717,0.0,0.0,29.47976878612717,65.38206259245413,v6a_hit_an,2026-06-22,Monday,582
20260622,3112,革命機ヴァルヴレイヴ2,2,0,0,0,2026-06-22,22,0,0622,True,False,False,3F,3103-3116,3103,3116,10,5,14,medium,L,10,5,N,3F_L_N,,5,22,0,77.26396917148362,150.0,94.6969696969697,-92.68707482993197,204.3615344193379,0.0,110.40462427745665,101.73505472625648,0.34971098265895956,31.213872832369944,0.0,0.0,31.213872832369944,64.91538467725505,v6a_hit_an,2026-06-22,Monday,583
20260622,3281,マイジャグラーV,1,0,0,0,2026-06-22,22,0,0622,True,False,False,3F,3281-3294,3281,3294,1,14,14,medium,R,1,14,A,3F_R_A,,14,22,0,43.55044699872286,0.0,96.7032967032967,212.8395061728395,0.0,0.0,36.127167630057805,98.7008302749122,0.43641618497109824,25.43352601156069,100.0,0.0,25.43352601156069,64.36144026062304,v6a_hit_an,2026-06-22,Monday,584
20260622,2263,スマスロ北斗の拳,3,0,0,0,2026-06-22,22,0,0622,True,False,False,2F,2247-2263,2247,2263,17,1,17,large,R,17,17,N,2F_R_N,,17,22,0,103.2204789430223,0.0,140.25974025974025,-9.329446064139942,0.0,0.0,371.0982658959538,104.41077438989564,0.407514450867052,31.502890173410403,0.0,0.0,31.502890173410403,64.29693946492341,v6a_hit_an,2026-06-22,Monday,585
20260622,2264,北斗の拳 転生の章2,4,0,0,0,2026-06-22,22,0,0622,True,False,False,2F,2264-2280,2264,2280,1,17,17,large,R,1,17,N,2F_R_N,,17,22,0,103.2204789430223,0.0,140.25974025974025,-9.329446064139942,0.0,0.0,-65.89595375722543,99.66861045711552,0.3439306358381503,27.167630057803464,0.0,0.0,27.167630057803464,63.86341345336272,v6a_hit_an,2026-06-22,Monday,586
20260622,2297,かぐや様は告らせたい,7,0,0,0,2026-06-22,22,0,0622,True,False,False,2F,2281-2297,2281,2297,17,1,17,large,R,17,17,N,2F_R_N,,17,22,0,103.2204789430223,0.0,140.25974025974025,-9.329446064139942,0.0,0.0,4.624277456647399,98.76692676881106,0.33815028901734107,26.011560693641616,0.0,0.0,26.011560693641616,63.74780651694654,v6a_hit_an,2026-06-22,Monday,587
20260622,3035,ソードアート・オンラインII,5,0,0,0,2026-06-22,22,0,0622,True,False,False,3F,3031-3042,3031,3042,5,8,12,medium,L,5,5,N,3F_L_N,,5,22,0,77.26396917148362,150.0,94.6969696969697,-92.68707482993197,88.91224382553862,50.0,242.19653179190752,100.05944024443856,0.3786127167630058,32.080924855491325,0.0,0.0,32.080924855491325,62.0568718028462,v6a_hit_an,2026-06-22,Monday,588
20260622,3026,スマスロ ハナビ,6,0,0,0,2026-06-22,22,0,0622,True,False,False,3F,3017-3030,3017,3030,10,5,14,medium,L,10,5,N,3F_L_N,,5,22,0,77.26396917148362,150.0,94.6969696969697,-92.68707482993197,93.78612716763006,50.0,-120.8092485549133,101.83636992918244,0.3872832369942196,29.190751445086704,0.0,0.0,29.190751445086704,61.98717921219985,v6a_hit_an,2026-06-22,Monday,589
20260622,3232,東京喰種,2,0,0,0,2026-06-22,22,0,0622,True,False,False,3F,3218-3233,3218,3233,15,2,16,large,L,15,2,N,3F_L_N,,2,22,0,69.54479768786128,0.0,112.87878787878788,21.598639455782312,204.3615344193379,0.0,-50.28901734104046,102.38110373041062,0.4190751445086705,34.68208092485549,0.0,0.0,34.68208092485549,60.93460245369825,v6a_hit_an,2026-06-22,Monday,590
20260622,3192,ディスクアップ2,2,0,0,0,2026-06-22,22,0,0622,True,False,False,3F,3191-3208,3191,3208,2,17,18,large,L,17,2,N,3F_L_N,,2,22,0,69.54479768786128,0.0,112.87878787878788,21.598639455782312,204.3615344193379,0.0,222.83236994219652,99.28163859526568,0.4624277456647399,30.346820809248555,0.0,0.0,30.346820809248555,60.50107644213755,v6a_hit_an,2026-06-22,Monday,591
20260622,3051,シャーマンキング,1,0,0,0,2026-06-22,22,0,0622,True,False,False,3F,3043-3057,3043,3057,9,7,15,large,L,9,7,N,3F_L_N,,7,22,0,87.96965317919076,0.0,-114.40677966101696,293.15589353612165,144.59759893285906,0.0,186.1271676300578,96.89495720109656,0.3583815028901734,28.61271676300578,0.0,0.0,28.61271676300578,60.02006406118127,v6a_hit_an,2026-06-22,Monday,592
20260622,3081,ミリオンゴッド‐神々の軌跡‐,1,0,0,0,2026-06-22,22,0,0622,True,False,False,3F,3073-3087,3073,3087,9,7,15,large,L,9,7,N,3F_L_N,,7,22,0,87.96965317919076,0.0,-114.40677966101696,293.15589353612165,144.59759893285906,0.0,-73.41040462427746,96.21345878696265,0.3439306358381503,27.45664739884393,0.0,0.0,27.45664739884393,59.90445712476509,v6a_hit_an,2026-06-22,Monday,593
20260622,3240,東京喰種,0,0,0,0,2026-06-22,22,0,0622,True,False,False,3F,3234-3249,3234,3249,7,10,16,large,L,7,7,N,3F_L_N,,7,22,0,87.96965317919076,0.0,-114.40677966101696,293.15589353612165,77.61429322122964,50.0,-34.39306358381503,102.54924408795162,0.3988439306358382,34.104046242774565,0.0,0.0,34.104046242774565,59.804948252134835,v6a_hit_an,2026-06-22,Monday,594
20260622,3203,戦国†恋姫,3,0,0,0,2026-06-22,22,0,0622,True,False,False,3F,3191-3208,3191,3208,13,6,18,large,L,6,13,N,3F_L_N,,13,22,0,206.9364161849711,100.0,-227.27272727272728,75.51020408163265,-9.3011035207567,0.0,206.9364161849711,99.06493846420773,0.45375722543352603,25.43352601156069,0.0,0.0,25.43352601156069,59.40669941124111,v6a_hit_an,2026-06-22,Monday,595
20260622,3258,真打 吉宗,8,0,0,0,2026-06-22,22,0,0622,True,False,False,3F,3250-3264,3250,3264,9,7,15,large,L,9,7,N,3F_L_N,,7,22,0,87.96965317919076,0.0,-114.40677966101696,293.15589353612165,107.33381502890174,0.0,238.15028901734104,101.0606010065218,0.4046242774566474,34.39306358381503,0.0,0.0,34.39306358381503,58.92122846758412,v6a_hit_an,2026-06-22,Monday,596
20260622,3235,東京喰種,5,0,0,0,2026-06-22,22,0,0622,True,False,False,3F,3234-3249,3234,3249,2,15,16,large,L,2,2,N,3F_L_N,,2,22,0,69.54479768786128,0.0,112.87878787878788,21.598639455782312,88.91224382553862,50.0,15.028901734104046,102.9131045404394,0.430635838150289,39.30635838150289,0.0,0.0,39.30635838150289,58.451812122642025,v6a_hit_an,2026-06-22,Monday,597
20260622,3086,ToLOVEるダークネス TRANCE ver.8.7,6,0,0,0,2026-06-22,22,0,0622,True,False,False,3F,3073-3087,3073,3087,14,2,15,large,L,14,2,N,3F_L_N,,2,22,0,69.54479768786128,0.0,112.87878787878788,21.598639455782312,93.78612716763006,50.0,93.0635838150289,98.62622177752048,0.3670520231213873,28.32369942196532,0.0,0.0,28.32369942196532,57.57287097708239,v6a_hit_an,2026-06-22,Monday,598
20260622,3094,革命機ヴァルヴレイヴ2,4,0,0,0,2026-06-22,22,0,0622,True,False,False,3F,3088-3102,3088,3102,7,9,15,large,L,7,7,N,3F_L_N,,7,22,0,87.96965317919076,0.0,-114.40677966101696,293.15589353612165,72.075843388328,0.0,536.9942196531792,102.69528924880049,0.3930635838150289,35.54913294797688,0.0,0.0,35.54913294797688,57.45022668017449,v6a_hit_an,2026-06-22,Monday,599
20260622,3056,革命機ヴァルヴレイヴ,6,0,0,0,2026-06-22,22,0,0622,True,False,False,3F,3043-3057,3043,3057,14,2,15,large,L,14,2,N,3F_L_N,,2,22,0,69.54479768786128,0.0,112.87878787878788,21.598639455782312,93.78612716763006,50.0,287.57225433526014,98.39079108796861,0.33236994219653176,26.878612716763005,0.0,0.0,26.878612716763005,57.42836230656215,v6a_hit_an,2026-06-22,Monday,600
20260622,3059,ToLOVEるダークネス TRANCE ver.8.7,9,0,0,0,2026-06-22,22,0,0622,True,False,False,3F,3058-3072,3058,3072,2,14,15,large,L,2,2,N,3F_L_N,,2,22,0,69.54479768786128,0.0,112.87878787878788,21.598639455782312,80.1300578034682,50.0,101.44508670520231,97.94387921402726,0.37283236994219654,29.190751445086704,0.0,0.0,29.190751445086704,57.045053058007234,v6a_hit_an,2026-06-22,Monday,601
20260622,3089,革命機ヴァルヴレイヴ2,9,0,0,0,2026-06-22,22,0,0622,True,False,False,3F,3088-3102,3088,3102,2,14,15,large,L,2,2,N,3F_L_N,,2,22,0,69.54479768786128,0.0,112.87878787878788,21.598639455782312,80.1300578034682,50.0,96.53179190751445,99.09184270348307,0.3699421965317919,29.190751445086704,0.0,0.0,29.190751445086704,57.045053058007234,v6a_hit_an,2026-06-22,Monday,602
20260622,3064,ミリオンゴッド‐神々の軌跡‐,4,0,0,0,2026-06-22,22,0,0622,True,False,False,3F,3058-3072,3058,3072,7,9,15,large,L,7,7,N,3F_L_N,,7,22,0,87.96965317919076,0.0,-114.40677966101696,293.15589353612165,72.075843388328,0.0,-298.5549132947977,95.63010593739482,0.31213872832369943,23.98843930635838,0.0,0.0,23.98843930635838,56.294157316012644,v6a_hit_an,2026-06-22,Monday,603
20260622,3227,東京喰種,7,0,0,0,2026-06-22,22,0,0622,True,False,False,3F,3218-3233,3218,3233,10,7,16,large,L,10,7,N,3F_L_N,,7,22,0,87.96965317919076,0.0,-114.40677966101696,293.15589353612165,33.78291586384072,0.0,-68.20809248554913,100.4516637429305,0.42485549132947975,36.41618497109826,0.0,0.0,36.41618497109826,55.8137501438847,v6a_hit_an,2026-06-22,Monday,604
20260622,3241,東京喰種,1,0,0,0,2026-06-22,22,0,0622,True,False,False,3F,3234-3249,3234,3249,8,9,16,large,L,8,8,N,3F_L_N,,8,22,0,96.49566473988439,50.0,12.121212121212121,12.698412698412698,144.59759893285906,0.0,-54.6242774566474,101.28790528179064,0.4393063583815029,38.15028901734104,0.0,0.0,38.15028901734104,55.70646405617504,v6a_hit_an,2026-06-22,Monday,605
20260622,3226,東京喰種,6,0,0,0,2026-06-22,22,0,0622,True,False,False,3F,3218-3233,3218,3233,9,8,16,large,L,9,8,N,3F_L_N,,8,22,0,96.49566473988439,50.0,12.121212121212121,12.698412698412698,93.78612716763006,50.0,138.15028901734104,102.6763060859587,0.4508670520231214,37.861271676300575,0.0,0.0,37.861271676300575,55.64104609263568,v6a_hit_an,2026-06-22,Monday,606
20260622,2331,プリズムナナ,1,0,0,0,2026-06-22,22,0,0622,True,False,False,2F,2330-2351,2330,2351,2,21,22,large,R,21,21,N,2F_R_N,,21,22,0,216.76300578034682,0.0,-154.54545454545453,10.204081632653061,0.0,0.0,216.76300578034682,100.49806660943278,0.4046242774566474,30.057803468208093,0.0,0.0,30.057803468208093,54.599831629972016,v6a_hit_an,2026-06-22,Monday,607
20260622,3065,ミリオンゴッド‐神々の軌跡‐,5,0,0,0,2026-06-22,22,0,0622,True,False,False,3F,3058-3072,3058,3072,8,8,15,large,L,8,8,N,3F_L_N,,8,22,0,96.49566473988439,50.0,12.121212121212121,12.698412698412698,88.91224382553862,50.0,-3.468208092485549,98.53985389003373,0.36127167630057805,28.61271676300578,0.0,0.0,28.61271676300578,54.49686585091209,v6a_hit_an,2026-06-22,Monday,608
20260622,3197,新ハナビ,7,0,0,0,2026-06-22,22,0,0622,True,False,False,3F,3191-3208,3191,3208,7,12,18,large,L,12,7,N,3F_L_N,,7,22,0,87.96965317919076,0.0,-114.40677966101696,293.15589353612165,33.78291586384072,0.0,217.0520231213873,99.36397584573766,0.4682080924855491,23.121387283236995,0.0,0.0,23.121387283236995,54.484270375098575,v6a_hit_an,2026-06-22,Monday,609
20260622,3095,革命機ヴァルヴレイヴ2,5,0,0,0,2026-06-22,22,0,0622,True,False,False,3F,3088-3102,3088,3102,8,8,15,large,L,8,8,N,3F_L_N,,8,22,0,96.49566473988439,50.0,12.121212121212121,12.698412698412698,88.91224382553862,50.0,-3.468208092485549,97.16062351755862,0.3208092485549133,28.034682080924856,0.0,0.0,28.034682080924856,54.439062382703995,v6a_hit_an,2026-06-22,Monday,610
20260622,3050,シャーマンキング,0,0,0,0,2026-06-22,22,0,0622,True,False,False,3F,3043-3057,3043,3057,8,8,15,large,L,8,8,N,3F_L_N,,8,22,0,96.49566473988439,50.0,12.121212121212121,12.698412698412698,77.61429322122964,50.0,49.13294797687861,99.76184995075342,0.36127167630057805,30.057803468208093,0.0,0.0,30.057803468208093,54.132966744238416,v6a_hit_an,2026-06-22,Monday,611
20260622,3080,ミリオンゴッド‐神々の軌跡‐,0,0,0,0,2026-06-22,22,0,0622,True,False,False,3F,3073-3087,3073,3087,8,8,15,large,L,8,8,N,3F_L_N,,8,22,0,96.49566473988439,50.0,12.121212121212121,12.698412698412698,77.61429322122964,50.0,24.277456647398843,98.5063639019376,0.3670520231213873,28.901734104046245,0.0,0.0,28.901734104046245,54.01735980782223,v6a_hit_an,2026-06-22,Monday,612
20260622,3198,新ハナビ,8,0,0,0,2026-06-22,22,0,0622,True,False,False,3F,3191-3208,3191,3208,8,11,18,large,L,11,8,N,3F_L_N,,8,22,0,96.49566473988439,50.0,12.121212121212121,12.698412698412698,107.33381502890174,0.0,349.4219653179191,100.000693946584,0.5289017341040463,25.722543352601157,0.0,0.0,25.722543352601157,52.78681921402297,v6a_hit_an,2026-06-22,Monday,613
20260622,3263,真打 吉宗,3,0,0,0,2026-06-22,22,0,0622,True,False,False,3F,3250-3264,3250,3264,14,2,15,large,L,14,2,N,3F_L_N,,2,22,0,69.54479768786128,0.0,112.87878787878788,21.598639455782312,-9.3011035207567,0.0,-209.82658959537574,97.40614886852468,0.3468208092485549,29.76878612716763,0.0,0.0,29.76878612716763,50.82845426662521,v6a_hit_an,2026-06-22,Monday,614
20260622,3062,ミリオンゴッド‐神々の軌跡‐,2,0,0,0,2026-06-22,22,0,0622,True,False,False,3F,3058-3072,3058,3072,5,11,15,large,L,5,5,N,3F_L_N,,5,22,0,93.85838150289017,0.0,94.6969696969697,-92.68707482993197,204.3615344193379,0.0,111.27167630057804,97.97988163071267,0.36416184971098264,30.057803468208093,0.0,0.0,30.057803468208093,50.52376618014521,v6a_hit_an,2026-06-22,Monday,615
20260622,3257,真打 吉宗,7,0,0,0,2026-06-22,22,0,0622,True,False,False,3F,3250-3264,3250,3264,8,8,15,large,L,8,8,N,3F_L_N,,8,22,0,96.49566473988439,50.0,12.121212121212121,12.698412698412698,33.78291586384072,0.0,272.5433526011561,102.32784455971914,0.4421965317919075,36.127167630057805,0.0,0.0,36.127167630057805,50.51749117934089,v6a_hit_an,2026-06-22,Monday,616
20260622,3092,革命機ヴァルヴレイヴ2,2,0,0,0,2026-06-22,22,0,0622,True,False,False,3F,3088-3102,3088,3102,5,11,15,large,L,5,5,N,3F_L_N,,5,22,0,93.85838150289017,0.0,94.6969696969697,-92.68707482993197,204.3615344193379,0.0,17.052023121387283,98.46208829422285,0.3786127167630058,28.61271676300578,0.0,0.0,28.61271676300578,50.37925750962498,v6a_hit_an,2026-06-22,Monday,617
20260622,3340,ネオアイムジャグラーEX,0,0,0,0,2026-06-22,22,0,0622,True,False,False,3F,3325-3340,3325,3340,16,1,16,large,R,16,16,A,3F_R_A,,16,22,0,105.5635838150289,0.0,-9.090909090909092,54.59183673469388,0.0,50.0,119.36416184971098,98.49039032639536,0.4277456647398844,28.61271676300578,100.0,0.0,28.61271676300578,48.847696172531016,v6a_hit_an,2026-06-22,Monday,618
20260622,3016,キングハナハナ-30,6,0,0,0,2026-06-22,22,0,0622,True,False,False,3F,3001-3016,3001,3016,16,1,16,large,R,16,16,A,3F_R_A,,16,22,0,105.5635838150289,0.0,-9.090909090909092,54.59183673469388,0.0,50.0,150.57803468208093,98.15663727065301,0.40173410404624277,26.878612716763005,100.0,0.0,26.878612716763005,48.67428576790674,v6a_hit_an,2026-06-22,Monday,619
20260622,3280,マイジャグラーV,0,0,0,0,2026-06-22,22,0,0622,True,False,False,3F,3265-3280,3265,3280,16,1,16,large,R,16,16,A,3F_R_A,,16,22,0,105.5635838150289,0.0,-9.090909090909092,54.59183673469388,0.0,50.0,28.034682080924856,98.45123480615396,0.43352601156069365,22.832369942196532,100.0,0.0,22.832369942196532,48.2696614904501,v6a_hit_an,2026-06-22,Monday,620
20260622,3229,東京喰種,9,0,0,0,2026-06-22,22,0,0622,True,False,False,3F,3218-3233,3218,3233,12,5,16,large,L,12,5,N,3F_L_N,,5,22,0,93.85838150289017,0.0,94.6969696969697,-92.68707482993197,80.1300578034682,50.0,68.4971098265896,100.37113815523665,0.4190751445086705,36.99421965317919,0.0,0.0,36.99421965317919,47.87699135092818,v6a_hit_an,2026-06-22,Monday,621
20260622,3260,真打 吉宗,0,0,0,0,2026-06-22,22,0,0622,True,False,False,3F,3250-3264,3250,3264,11,5,15,large,L,11,5,N,3F_L_N,,5,22,0,93.85838150289017,0.0,94.6969696969697,-92.68707482993197,77.61429322122964,50.0,519.364161849711,102.42029856832733,0.41329479768786126,35.83815028901734,0.0,0.0,35.83815028901734,47.64817500831126,v6a_hit_an,2026-06-22,Monday,622
20260622,3214,東京喰種,4,0,0,0,2026-06-22,22,0,0622,True,False,False,3F,3209-3217,3209,3217,6,4,9,small,L,6,6,N,3F_L_N,,6,22,0,-5.202312138728324,150.0,7.575757575757576,155.2721088435374,72.075843388328,0.0,-5.202312138728324,101.3291464902236,0.4190751445086705,34.39306358381503,0.0,0.0,34.39306358381503,47.38525799842798,v6a_hit_an,2026-06-22,Monday,623
20260622,3195,新ハナビ,5,0,0,0,2026-06-22,22,0,0622,True,False,False,3F,3191-3208,3191,3208,5,14,18,large,L,14,5,N,3F_L_N,,5,22,0,93.85838150289017,0.0,94.6969696969697,-92.68707482993197,88.91224382553862,50.0,172.54335260115607,98.67613247930258,0.4508670520231214,23.98843930635838,0.0,0.0,23.98843930635838,46.971611687239275,v6a_hit_an,2026-06-22,Monday,624
20260622,3238,東京喰種,8,0,0,0,2026-06-22,22,0,0622,True,False,False,3F,3234-3249,3234,3249,5,12,16,large,L,5,5,N,3F_L_N,,5,22,0,93.85838150289017,0.0,94.6969696969697,-92.68707482993197,107.33381502890174,0.0,-205.20231213872833,99.46139346810202,0.3786127167630058,32.65895953757225,0.0,0.0,32.65895953757225,46.417634414511994,v6a_hit_an,2026-06-22,Monday,625
20260622,3347,ネオアイムジャグラーEX,7,0,0,0,2026-06-22,22,0,0622,True,False,False,3F,3341-3362,3341,3362,7,16,22,large,R,16,16,A,3F_R_A,,16,22,0,105.5635838150289,0.0,-9.090909090909092,54.59183673469388,0.0,0.0,124.27745664739885,97.22226322619515,0.3930635838150289,25.722543352601157,100.0,0.0,25.722543352601157,46.30867883149055,v6a_hit_an,2026-06-22,Monday,626
20260622,2246,モンキーターンV,6,0,0,0,2026-06-22,22,0,0622,True,False,False,2F,2230-2246,2230,2246,17,1,17,large,L,17,1,N,2F_L_N,,1,22,0,1.2845215157353886,0.0,92.5925925925926,172.7891156462585,0.0,50.0,-18.208092485549134,99.75243402000557,0.4190751445086705,31.502890173410403,0.0,0.0,31.502890173410403,45.855914041917345,v6a_hit_an,2026-06-22,Monday,627
20260622,3262,真打 吉宗,2,0,0,0,2026-06-22,22,0,0622,True,False,False,3F,3250-3264,3250,3264,13,3,15,large,L,13,3,N,3F_L_N,,3,22,0,150.6864161849711,0.0,-305.3030303030303,249.14965986394557,204.3615344193379,0.0,547.1098265895954,103.69624135735636,0.4046242774566474,34.971098265895954,0.0,0.0,34.971098265895954,45.62114732913659,v6a_hit_an,2026-06-22,Monday,628
20260622,2280,北斗の拳 転生の章2,0,0,0,0,2026-06-22,22,0,0622,True,False,False,2F,2264-2280,2264,2280,17,1,17,large,L,17,1,N,2F_L_N,,1,22,0,1.2845215157353886,0.0,92.5925925925926,172.7891156462585,0.0,50.0,19.942196531791907,99.83967286775182,0.3439306358381503,28.901734104046245,0.0,0.0,28.901734104046245,45.595798434980935,v6a_hit_an,2026-06-22,Monday,629
20260622,2213,モンキーターンV,3,0,0,0,2026-06-22,22,0,0622,True,False,False,2F,2213-2229,2213,2229,1,17,17,large,L,1,1,N,2F_L_N,,1,22,0,1.2845215157353886,0.0,92.5925925925926,172.7891156462585,0.0,0.0,103.17919075144509,102.50047783569273,0.43641618497109824,35.26011560693642,0.0,0.0,35.26011560693642,43.981636585269946,v6a_hit_an,2026-06-22,Monday,630
20260622,2313,スーパーリオエース2,3,0,0,0,2026-06-22,22,0,0622,True,False,False,2F,2298-2313,2298,2313,16,1,16,large,L,16,1,N,2F_L_N,,1,22,0,1.2845215157353886,0.0,92.5925925925926,172.7891156462585,0.0,0.0,198.5549132947977,102.21575103440962,0.430635838150289,34.971098265895954,0.0,0.0,34.971098265895954,43.9527348511659,v6a_hit_an,2026-06-22,Monday,631
20260622,2247,北斗の拳 転生の章2,7,0,0,0,2026-06-22,22,0,0622,True,False,False,2F,2247-2263,2247,2263,1,17,17,large,L,1,1,N,2F_L_N,,1,22,0,1.2845215157353886,0.0,92.5925925925926,172.7891156462585,0.0,0.0,259.2485549132948,101.87397067107457,0.41040462427745666,33.52601156069364,0.0,0.0,33.52601156069364,43.80822618064567,v6a_hit_an,2026-06-22,Monday,632
20260622,2314,BIRDIE WING ‐Golf Girls' Story‐,4,0,0,0,2026-06-22,22,0,0622,True,False,False,2F,2314-2329,2314,2329,1,16,16,large,L,1,1,N,2F_L_N,,1,22,0,1.2845215157353886,0.0,92.5925925925926,172.7891156462585,0.0,0.0,-34.971098265895954,98.88866012041474,0.37283236994219654,30.63583815028902,0.0,0.0,30.63583815028902,43.519208839605206,v6a_hit_an,2026-06-22,Monday,633
20260622,3111,革命機ヴァルヴレイヴ2,1,1,0,0,2026-06-22,22,0,0622,True,False,False,3F,3103-3116,3103,3116,9,6,14,medium,L,9,6,N,3F_L_N,,6,22,0,-43.54527938342967,200.0,7.575757575757576,155.2721088435374,144.59759893285906,0.0,127.74566473988439,102.58819146737837,0.3670520231213873,33.52601156069364,0.0,0.0,33.52601156069364,43.508563587527256,v6a_hit_an,2026-06-22,Monday,634
20260622,2281,スーパーブラックジャック,1,0,0,0,2026-06-22,22,0,0622,True,False,False,2F,2281-2297,2281,2297,1,17,17,large,L,1,1,N,2F_L_N,,1,22,0,1.2845215157353886,0.0,92.5925925925926,172.7891156462585,0.0,0.0,82.94797687861272,99.25468890523477,0.36416184971098264,30.346820809248555,0.0,0.0,30.346820809248555,43.49030710550116,v6a_hit_an,2026-06-22,Monday,635
20260622,3236,東京喰種,6,0,0,0,2026-06-22,22,0,0622,True,False,False,3F,3234-3249,3234,3249,3,14,16,large,L,3,3,N,3F_L_N,,3,22,0,150.6864161849711,0.0,-305.3030303030303,249.14965986394557,93.78612716763006,50.0,309.53757225433526,105.5169018430072,0.4508670520231214,40.46242774566474,0.0,0.0,40.46242774566474,43.44438695078662,v6a_hit_an,2026-06-22,Monday,636
20260622,3025,沖ドキ!DUO アンコール,5,0,0,0,2026-06-22,22,0,0622,True,False,False,3F,3017-3030,3017,3030,9,6,14,medium,L,9,6,N,3F_L_N,,6,22,0,-43.54527938342967,200.0,7.575757575757576,155.2721088435374,88.91224382553862,50.0,-81.5028901734104,106.21971672605423,0.40173410404624277,34.971098265895954,0.0,0.0,34.971098265895954,43.397231278218065,v6a_hit_an,2026-06-22,Monday,637
20260622,2351,虚構推理,1,0,0,0,2026-06-22,22,0,0622,True,False,False,2F,2330-2351,2330,2351,22,1,22,large,L,1,1,N,2F_L_N,,1,22,0,1.2845215157353886,0.0,92.5925925925926,172.7891156462585,0.0,0.0,54.91329479768786,96.95520379015028,0.3872832369942196,26.589595375722542,0.0,0.0,26.589595375722542,43.114584562148565,v6a_hit_an,2026-06-22,Monday,638
20260622,3036,ソードアート・オンラインII,6,0,0,0,2026-06-22,22,0,0622,True,False,False,3F,3031-3042,3031,3042,6,7,12,medium,L,6,6,N,3F_L_N,,6,22,0,-43.54527938342967,200.0,7.575757575757576,155.2721088435374,93.78612716763006,50.0,-176.878612716763,101.01707871360217,0.33236994219653176,29.47976878612717,0.0,0.0,29.47976878612717,43.06742308063531,v6a_hit_an,2026-06-22,Monday,639
20260622,2212,スマスロ炎炎ノ消防隊2,2,0,0,0,2026-06-22,22,0,0622,True,False,False,2F,2196-2212,2196,2212,17,1,17,large,L,17,1,N,2F_L_N,,1,22,0,1.2845215157353886,0.0,92.5925925925926,172.7891156462585,0.0,0.0,-654.0462427745665,97.3269568787778,0.3352601156069364,24.566473988439306,0.0,0.0,24.566473988439306,42.912272423420234,v6a_hit_an,2026-06-22,Monday,640
20260622,3231,東京喰種,1,0,0,0,2026-06-22,22,0,0622,True,False,False,3F,3218-3233,3218,3233,14,3,16,large,L,14,3,N,3F_L_N,,3,22,0,150.6864161849711,0.0,-305.3030303030303,249.14965986394557,144.59759893285906,0.0,-3.179190751445087,101.15761398685609,0.3959537572254335,34.39306358381503,0.0,0.0,34.39306358381503,42.87396676403696,v6a_hit_an,2026-06-22,Monday,641
20260622,3055,革命機ヴァルヴレイヴ,5,1,0,0,2026-06-22,22,0,0622,True,False,False,3F,3043-3057,3043,3057,13,3,15,large,L,13,3,N,3F_L_N,,3,22,0,150.6864161849711,0.0,-305.3030303030303,249.14965986394557,88.91224382553862,50.0,383.8150289017341,104.53311012886898,0.3815028901734104,31.79190751445087,0.0,0.0,31.79190751445087,42.35801017727112,v6a_hit_an,2026-06-22,Monday,642
20260622,3085,ToLOVEるダークネス TRANCE ver.8.7,5,0,0,0,2026-06-22,22,0,0622,True,False,False,3F,3073-3087,3073,3087,13,3,15,large,L,13,3,N,3F_L_N,,3,22,0,150.6864161849711,0.0,-305.3030303030303,249.14965986394557,88.91224382553862,50.0,-291.90751445086704,95.83359454009462,0.34104046242774566,26.878612716763005,0.0,0.0,26.878612716763005,41.86668069750233,v6a_hit_an,2026-06-22,Monday,643
20260622,3060,ミリオンゴッド‐神々の軌跡‐,0,0,0,0,2026-06-22,22,0,0622,True,False,False,3F,3058-3072,3058,3072,3,13,15,large,L,3,3,N,3F_L_N,,3,22,0,150.6864161849711,0.0,-305.3030303030303,249.14965986394557,77.61429322122964,50.0,-51.445086705202314,99.06891979069299,0.34971098265895956,28.32369942196532,0.0,0.0,28.32369942196532,41.50278159082866,v6a_hit_an,2026-06-22,Monday,644
20260622,3090,革命機ヴァルヴレイヴ2,0,0,0,0,2026-06-22,22,0,0622,True,False,False,3F,3088-3102,3088,3102,3,13,15,large,L,3,3,N,3F_L_N,,3,22,0,150.6864161849711,0.0,-305.3030303030303,249.14965986394557,77.61429322122964,50.0,108.09248554913295,97.28966079773498,0.34971098265895956,26.300578034682083,0.0,0.0,26.300578034682083,41.300469452100344,v6a_hit_an,2026-06-22,Monday,645
20260622,3053,シャーマンキング,3,0,0,0,2026-06-22,22,0,0622,True,False,False,3F,3043-3057,3043,3057,11,5,15,large,L,11,5,N,3F_L_N,,5,22,0,93.85838150289017,0.0,94.6969696969697,-92.68707482993197,-9.3011035207567,0.0,180.635838150289,98.26596393005649,0.3930635838150289,31.79190751445087,0.0,0.0,31.79190751445087,41.08235787746523,v6a_hit_an,2026-06-22,Monday,646
20260622,3083,ミリオンゴッド‐神々の軌跡‐,3,0,0,0,2026-06-22,22,0,0622,True,False,False,3F,3073-3087,3073,3087,11,5,15,large,L,11,5,N,3F_L_N,,5,22,0,93.85838150289017,0.0,94.6969696969697,-92.68707482993197,-9.3011035207567,0.0,-113.29479768786128,95.80778333935302,0.3352601156069364,26.300578034682083,0.0,0.0,26.300578034682083,40.533224929488355,v6a_hit_an,2026-06-22,Monday,647
20260622,3193,バーサスリヴァイズ,3,0,0,0,2026-06-22,22,0,0622,True,False,False,3F,3191-3208,3191,3208,3,16,18,large,L,16,3,N,3F_L_N,,3,22,0,150.6864161849711,0.0,-305.3030303030303,249.14965986394557,-9.3011035207567,0.0,203.46820809248555,inf,0.47398843930635837,25.722543352601157,0.0,0.0,25.722543352601157,35.08147313050286,v6a_hit_an,2026-06-22,Monday,648
20260622,2176,A‐SLOT+ 異世界かるてっと,6,0,0,0,2026-06-22,22,0,0622,True,False,False,2F,2172-2178,2172,2178,5,3,7,small,R,5,5,N,2F_R_N,,5,22,0,97.59152215799615,200.0,-221.21212121212122,17.006802721088434,0.0,50.0,90.17341040462428,97.61160806569362,0.4277456647398844,24.277456647398843,0.0,0.0,24.277456647398843,29.288430190783618,v6a_hit_an,2026-06-22,Monday,649
20260622,2167,うみねこのなく頃に2,7,0,0,0,2026-06-22,22,0,0622,True,False,False,2F,2165-2171,2165,2171,3,5,7,small,R,3,5,N,2F_R_N,,5,22,0,97.59152215799615,200.0,-221.21212121212122,17.006802721088434,0.0,0.0,126.58959537572254,98.15501957157122,0.4046242774566474,23.410404624277454,0.0,0.0,23.410404624277454,26.95172498847148,v6a_hit_an,2026-06-22,Monday,650
20260622,2182,SHAKE BONUS TRIGGER,2,0,0,0,2026-06-22,22,0,0622,True,False,False,2F,2179-2186,2179,2186,4,5,8,small,R,4,5,N,2F_R_N,,5,22,0,97.59152215799615,200.0,-221.21212121212122,17.006802721088434,0.0,0.0,76.01156069364161,97.37236892345128,0.43352601156069365,23.410404624277454,0.0,0.0,23.410404624277454,26.95172498847148,v6a_hit_an,2026-06-22,Monday,651
20260622,2333,ドッチ,3,1,0,0,2026-06-22,22,0,0622,True,False,False,2F,2330-2351,2330,2351,4,19,22,large,R,19,19,N,2F_R_N,,19,22,0,26.878612716763005,0.0,609.0909090909091,-722.4489795918367,0.0,0.0,26.878612716763005,98.98107908476634,0.3699421965317919,28.32369942196532,0.0,0.0,28.32369942196532,24.6144219116969,v6a_hit_an,2026-06-22,Monday,652
20260622,3144,ファンキージャグラー2,4,1,0,0,2026-06-22,22,0,0622,True,False,False,3F,3144-3155,3144,3155,1,12,12,medium,L,1,1,A,3F_L_A,,1,22,0,86.80154142581888,0.0,-151.04895104895104,45.368916797488225,0.0,0.0,240.46242774566474,97.92684895668371,0.4421965317919075,27.74566473988439,100.0,0.0,27.74566473988439,12.959113966132962,v6a_hit_an,2026-06-22,Monday,653
20260622,3117,マイジャグラーV,7,0,0,0,2026-06-22,22,0,0622,True,False,False,3F,3117-3130,3117,3130,1,14,14,medium,L,1,1,A,3F_L_A,,1,22,0,86.80154142581888,0.0,-151.04895104895104,45.368916797488225,0.0,0.0,96.82080924855491,98.82999430443535,0.4277456647398844,26.878612716763005,100.0,0.0,26.878612716763005,12.872408763820824,v6a_hit_an,2026-06-22,Monday,654
20260622,3143,マイジャグラーV,3,0,0,0,2026-06-22,22,0,0622,True,False,False,3F,3131-3143,3131,3143,13,1,13,medium,L,13,1,A,3F_L_A,,1,22,0,86.80154142581888,0.0,-151.04895104895104,45.368916797488225,0.0,0.0,139.01734104046244,98.99215805275595,0.41329479768786126,24.85549132947977,100.0,0.0,24.85549132947977,12.6700966250925,v6a_hit_an,2026-06-22,Monday,655
20260622,3294,マイジャグラーV,4,0,0,0,2026-06-22,22,0,0622,True,False,False,3F,3281-3294,3281,3294,14,1,14,medium,L,14,1,A,3F_L_A,,1,22,0,86.80154142581888,0.0,-151.04895104895104,45.368916797488225,0.0,0.0,-8.670520231213873,98.28085974252473,0.3901734104046243,24.566473988439306,100.0,0.0,24.566473988439306,12.641194890988453,v6a_hit_an,2026-06-22,Monday,656
20260622,3167,ファンキージャグラー2,7,0,0,0,2026-06-22,22,0,0622,True,False,False,3F,3156-3167,3156,3167,12,1,12,medium,L,12,1,A,3F_L_A,,1,22,0,86.80154142581888,0.0,-151.04895104895104,45.368916797488225,0.0,0.0,111.27167630057804,96.956117695527,0.3815028901734104,22.832369942196532,100.0,0.0,22.832369942196532,12.467784486364176,v6a_hit_an,2026-06-22,Monday,657
20260622,3168,ゴーゴージャグラー3,8,0,0,0,2026-06-22,22,0,0622,True,False,False,3F,3168-3180,3168,3180,1,13,13,medium,L,1,1,A,3F_L_A,,1,22,0,86.80154142581888,0.0,-151.04895104895104,45.368916797488225,0.0,0.0,-58.092485549132945,97.10674013271307,0.3670520231213873,21.67630057803468,100.0,0.0,21.67630057803468,12.35217754994799,v6a_hit_an,2026-06-22,Monday,658
20260622,3325,ネオアイムジャグラーEX,5,0,0,0,2026-06-22,22,0,0622,True,False,False,3F,3325-3340,3325,3340,1,16,16,large,L,1,1,A,3F_L_A,,1,22,0,62.37957610789981,0.0,-151.04895104895104,45.368916797488225,0.0,50.0,56.358381502890175,98.13618780503818,0.407514450867052,26.589595375722542,100.0,0.0,26.589595375722542,6.301599515265908,v6a_hit_an,2026-06-22,Monday,659
20260622,3265,マイジャグラーV,5,0,0,0,2026-06-22,22,0,0622,True,False,False,3F,3265-3280,3265,3280,1,16,16,large,L,1,1,A,3F_L_A,,1,22,0,62.37957610789981,0.0,-151.04895104895104,45.368916797488225,0.0,50.0,7.22543352601156,98.48371961655401,0.41329479768786126,23.699421965317917,100.0,0.0,23.699421965317917,6.012582174225445,v6a_hit_an,2026-06-22,Monday,660
20260622,3295,ハッピージャグラーVIII,5,0,0,0,2026-06-22,22,0,0622,True,False,False,3F,3295-3309,3295,3309,1,15,15,large,L,1,1,A,3F_L_A,,1,22,0,62.37957610789981,0.0,-151.04895104895104,45.368916797488225,0.0,50.0,76.878612716763,97.62011158754004,0.41329479768786126,23.410404624277454,100.0,0.0,23.410404624277454,5.9836804401213985,v6a_hit_an,2026-06-22,Monday,661
20260622,3216,東京喰種,6,0,0,0,2026-06-22,22,0,0622,True,False,False,3F,3209-3217,3209,3217,8,2,9,small,L,8,8,N,3F_L_N,,8,22,0,-45.08670520231214,50.0,12.121212121212121,12.698412698412698,93.78612716763006,50.0,-45.08670520231214,101.26171781788408,0.3930635838150289,33.23699421965318,0.0,0.0,33.23699421965318,4.208965167780196,v6a_hit_an,2026-06-22,Monday,662
20260622,3001,キングハナハナ-30,1,0,0,0,2026-06-22,22,0,0622,True,False,False,3F,3001-3016,3001,3016,1,16,16,large,L,1,1,A,3F_L_A,,1,22,0,62.37957610789981,0.0,-151.04895104895104,45.368916797488225,0.0,0.0,117.34104046242774,98.30576121383265,0.4479768786127168,25.43352601156069,100.0,0.0,25.43352601156069,3.9359925788497225,v6a_hit_an,2026-06-22,Monday,663
20260622,3362,ネオアイムジャグラーEX,2,0,0,0,2026-06-22,22,0,0622,True,False,False,3F,3341-3362,3341,3362,22,1,22,large,L,1,1,A,3F_L_A,,1,22,0,62.37957610789981,0.0,-151.04895104895104,45.368916797488225,0.0,0.0,84.10404624277457,98.27301619888915,0.4190751445086705,23.98843930635838,100.0,0.0,23.98843930635838,3.791483908329491,v6a_hit_an,2026-06-22,Monday,664
20260622,3324,ジャグラーガールズ,4,0,0,0,2026-06-22,22,0,0622,True,False,False,3F,3310-3324,3310,3324,15,1,15,large,L,15,1,A,3F_L_A,,1,22,0,62.37957610789981,0.0,-151.04895104895104,45.368916797488225,0.0,0.0,32.369942196531795,96.74112581759114,0.3786127167630058,22.832369942196532,100.0,0.0,22.832369942196532,3.675876971913307,v6a_hit_an,2026-06-22,Monday,665
20260622,3109,からくりサーカス,9,0,0,0,2026-06-22,22,0,0622,True,False,False,3F,3103-3116,3103,3116,7,8,14,medium,R,7,8,N,3F_R_N,,8,22,0,193.03062302006336,100.0,-653.3333333333334,216.4179104477612,0.0,50.0,386.4161849710983,104.18024996836296,0.38439306358381503,33.81502890173411,0.0,0.0,33.81502890173411,0.23894508784397273,v6a_hit_an,2026-06-22,Monday,666
20260622,3038,ソードアート・オンラインII,8,0,0,0,2026-06-22,22,0,0622,True,False,False,3F,3031-3042,3031,3042,8,5,12,medium,R,8,8,N,3F_R_N,,8,22,0,193.03062302006336,100.0,-653.3333333333334,216.4179104477612,0.0,0.0,283.2369942196532,101.02883036470519,0.3439306358381503,29.76878612716763,0.0,0.0,29.76878612716763,-2.4156791896126752,v6a_hit_an,2026-06-22,Monday,667
20260622,3023,沖ドキ!DUO アンコール,3,0,0,0,2026-06-22,22,0,0622,True,False,False,3F,3017-3030,3017,3030,7,8,14,medium,R,7,8,N,3F_R_N,,8,22,0,193.03062302006336,100.0,-653.3333333333334,216.4179104477612,0.0,0.0,-136.41618497109826,101.04144385824019,0.3699421965317919,26.878612716763005,0.0,0.0,26.878612716763005,-2.7046965306531376,v6a_hit_an,2026-06-22,Monday,668
20260622,3344,ネオアイムジャグラーEX,4,1,0,0,2026-06-22,22,0,0622,True,False,False,3F,3341-3362,3341,3362,4,19,22,large,R,19,19,A,3F_R_A,,19,22,0,252.89017341040463,0.0,-518.1818181818181,-116.3265306122449,0.0,0.0,252.89017341040463,98.43649691856439,0.47398843930635837,31.79190751445087,100.0,0.0,31.79190751445087,-14.75715572618957,v6a_hit_an,2026-06-22,Monday,669
20260622,3028,スマスロ ハナビ,8,0,0,0,2026-06-22,22,0,0622,True,False,False,3F,3017-3030,3017,3030,12,3,14,medium,L,12,3,N,3F_L_N,,3,22,0,-24.66281310211946,50.0,-305.3030303030303,249.14965986394557,107.33381502890174,0.0,-144.21965317919074,102.92079525594374,0.3786127167630058,31.79190751445087,0.0,0.0,31.79190751445087,-15.438741661930145,v6a_hit_an,2026-06-22,Monday,670
20260622,3114,革命機ヴァルヴレイヴ2,4,0,0,0,2026-06-22,22,0,0622,True,False,False,3F,3103-3116,3103,3116,12,3,14,medium,L,12,3,N,3F_L_N,,3,22,0,-24.66281310211946,50.0,-305.3030303030303,249.14965986394557,72.075843388328,0.0,15.31791907514451,99.1063287527666,0.36416184971098264,31.79190751445087,0.0,0.0,31.79190751445087,-17.025350385755964,v6a_hit_an,2026-06-22,Monday,671
20260622,2010,ゴッドイーター リザレクション,0,0,0,0,2026-06-22,22,0,0622,True,False,False,2F,2001-2010,2001,2010,10,1,10,small,L,10,10,N,2F_L_N,,10,22,0,-134.97109826589596,0.0,504.54545454545456,-484.6938775510204,0.0,50.0,-134.97109826589596,94.2408285462028,0.32947976878612717,23.410404624277454,0.0,0.0,23.410404624277454,-18.614046564500725,v6a_hit_an,2026-06-22,Monday,672
20260622,3106,からくりサーカス,6,0,0,0,2026-06-22,22,0,0622,True,False,False,3F,3103-3116,3103,3116,4,11,14,medium,R,4,11,N,3F_R_N,,11,22,0,-53.537486800422386,0.0,-79.4392523364486,56.81341719077568,0.0,50.0,359.8265895953757,107.57228595669963,0.36416184971098264,33.52601156069364,0.0,0.0,33.52601156069364,-20.30014819188873,v6a_hit_an,2026-06-22,Monday,673
20260622,3020,沖ドキ!DUO アンコール,0,0,0,0,2026-06-22,22,0,0622,True,False,False,3F,3017-3030,3017,3030,4,11,14,medium,R,4,11,N,3F_R_N,,11,22,0,-53.537486800422386,0.0,-79.4392523364486,56.81341719077568,0.0,50.0,-391.32947976878614,97.92216087153332,0.3583815028901734,26.011560693641616,0.0,0.0,26.011560693641616,-21.051593278593934,v6a_hit_an,2026-06-22,Monday,674
20260622,3033,ソードアート・オンラインII,3,1,0,0,2026-06-22,22,0,0622,True,False,False,3F,3031-3042,3031,3042,3,10,12,medium,L,3,3,N,3F_L_N,,3,22,0,-24.66281310211946,50.0,-305.3030303030303,249.14965986394557,-9.3011035207567,0.0,54.91329479768786,100.8457605824977,0.3208092485549133,28.034682080924856,0.0,0.0,28.034682080924856,-21.06303554001738,v6a_hit_an,2026-06-22,Monday,675
20260622,3041,ソードアート・オンラインII,1,0,0,0,2026-06-22,22,0,0622,True,False,False,3F,3031-3042,3031,3042,11,2,12,medium,R,11,11,N,3F_R_N,,11,22,0,-53.537486800422386,0.0,-79.4392523364486,56.81341719077568,0.0,0.0,-139.88439306358381,99.05930625709806,0.32947976878612717,28.034682080924856,0.0,0.0,28.034682080924856,-23.09928113986561,v6a_hit_an,2026-06-22,Monday,676
20260622,3190,ゴーゴージャグラー3,0,0,0,0,2026-06-22,22,0,0622,True,False,False,3F,3181-3190,3181,3190,10,1,10,small,L,10,1,A,3F_L_A,,1,22,0,-23.98843930635838,0.0,-151.04895104895104,45.368916797488225,0.0,50.0,-23.98843930635838,97.43595730641225,0.37572254335260113,22.832369942196532,100.0,0.0,22.832369942196532,-25.166608577219645,v6a_hit_an,2026-06-22,Monday,677
20260622,3210,東京喰種,0,0,0,0,2026-06-22,22,0,0622,True,False,False,3F,3209-3217,3209,3217,2,8,9,small,L,2,2,N,3F_L_N,,2,22,0,-183.52601156069363,50.0,112.87878787878788,21.598639455782312,77.61429322122964,50.0,-183.52601156069363,100.14294187575288,0.4046242774566474,33.81502890173411,0.0,0.0,33.81502890173411,-26.961219932008536,v6a_hit_an,2026-06-22,Monday,678
20260622,3037,ソードアート・オンラインII,7,0,0,0,2026-06-22,22,0,0622,True,False,False,3F,3031-3042,3031,3042,7,6,12,medium,R,7,7,N,3F_R_N,,7,22,0,279.4797687861272,150.0,-700.0,-238.77551020408163,0.0,0.0,279.4797687861272,101.80850235445708,0.3815028901734104,33.23699421965318,0.0,0.0,33.23699421965318,-34.04827769257991,v6a_hit_an,2026-06-22,Monday,679
20260622,3346,ネオアイムジャグラーEX,6,0,0,0,2026-06-22,22,0,0622,True,False,False,3F,3341-3362,3341,3362,6,17,22,large,R,17,17,A,3F_R_A,,17,22,0,115.89595375722543,0.0,-681.8181818181819,306.1224489795918,0.0,50.0,115.89595375722543,97.70793552782378,0.41329479768786126,27.167630057803464,100.0,0.0,27.167630057803464,-34.71143575664633,v6a_hit_an,2026-06-22,Monday,680
20260622,3207,グランベルム,7,0,0,0,2026-06-22,22,0,0622,True,False,False,3F,3191-3208,3191,3208,17,2,18,large,L,2,17,N,3F_L_N,,17,22,0,213.8728323699422,0.0,-890.9090909090909,171.42857142857142,33.78291586384072,0.0,213.8728323699422,99.60827582333941,0.43641618497109824,29.47976878612717,0.0,0.0,29.47976878612717,-55.75835147511448,v6a_hit_an,2026-06-22,Monday,681
20260622,3217,東京喰種,7,0,0,0,2026-06-22,22,0,0622,True,False,False,3F,3209-3217,3209,3217,9,1,9,small,L,9,9,N,3F_L_N,,9,22,0,-104.6242774566474,0.0,-277.27272727272725,123.46938775510205,33.78291586384072,0.0,-104.6242774566474,102.29030475271855,0.3959537572254335,32.65895953757225,0.0,0.0,32.65895953757225,-66.11933627891514,v6a_hit_an,2026-06-22,Monday,682
20260622,3249,東京喰種,9,0,0,0,2026-06-22,22,0,0622,True,False,False,3F,3234-3249,3234,3249,16,1,16,large,R,16,16,N,3F_R_N,,16,22,0,-385.26011560693644,0.0,209.0909090909091,159.18367346938774,0.0,50.0,-554.335260115607,97.62408454097618,0.3786127167630058,30.63583815028902,0.0,0.0,30.63583815028902,-74.25389824873724,v6a_hit_an,2026-06-22,Monday,683
20260622,3218,東京喰種,8,0,0,0,2026-06-22,22,0,0622,True,False,False,3F,3218-3233,3218,3233,1,16,16,large,R,1,16,N,3F_R_N,,16,22,0,-385.26011560693644,0.0,209.0909090909091,159.18367346938774,0.0,0.0,-216.1849710982659,101.30614962565544,0.41040462427745666,34.971098265895954,0.0,0.0,34.971098265895954,-76.07037223717656,v6a_hit_an,2026-06-22,Monday,684
20260622,3191,ディスクアップ2,1,0,0,0,2026-06-22,22,0,0622,True,False,False,3F,3191-3208,3191,3208,1,18,18,large,L,18,1,N,3F_L_N,,1,22,0,-6.611271676300578,0.0,-482.5174825174825,-36.57770800627944,144.59759893285906,0.0,286.4161849710983,100.4653739416326,0.523121387283237,31.213872832369944,0.0,0.0,31.213872832369944,-84.54291600224714,v6a_hit_an,2026-06-22,Monday,685
20260622,3058,ToLOVEるダークネス TRANCE ver.8.7,8,0,0,0,2026-06-22,22,0,0622,True,False,False,3F,3058-3072,3058,3072,1,15,15,large,L,1,1,N,3F_L_N,,1,22,0,-6.611271676300578,0.0,-482.5174825174825,-36.57770800627944,107.33381502890174,0.0,326.3005780346821,101.88587690174849,0.3988439306358382,30.346820809248555,0.0,0.0,30.346820809248555,-86.30649148023736,v6a_hit_an,2026-06-22,Monday,686
20260622,3088,革命機ヴァルヴレイヴ2,8,1,0,0,2026-06-22,22,0,0622,True,False,False,3F,3088-3102,3088,3102,1,15,15,large,L,1,1,N,3F_L_N,,1,22,0,-6.611271676300578,0.0,-482.5174825174825,-36.57770800627944,107.33381502890174,0.0,-59.82658959537572,99.03711021453759,0.36127167630057805,28.034682080924856,0.0,0.0,28.034682080924856,-86.53770535306973,v6a_hit_an,2026-06-22,Monday,687
20260622,3264,真打 吉宗,4,0,0,0,2026-06-22,22,0,0622,True,False,False,3F,3250-3264,3250,3264,15,1,15,large,L,15,1,N,3F_L_N,,1,22,0,-6.611271676300578,0.0,-482.5174825174825,-36.57770800627944,72.075843388328,0.0,352.60115606936415,103.09612994157543,0.4393063583815029,36.99421965317919,0.0,0.0,36.99421965317919,-87.22836031967012,v6a_hit_an,2026-06-22,Monday,688
20260622,3234,東京喰種,4,0,0,0,2026-06-22,22,0,0622,True,False,False,3F,3234-3249,3234,3249,1,16,16,large,L,1,1,N,3F_L_N,,1,22,0,-6.611271676300578,0.0,-482.5174825174825,-36.57770800627944,72.075843388328,0.0,-436.1271676300578,98.59099882800164,0.41040462427745666,32.65895953757225,0.0,0.0,32.65895953757225,-87.66188633123082,v6a_hit_an,2026-06-22,Monday,689
20260622,3057,革命機ヴァルヴレイヴ,7,0,0,0,2026-06-22,22,0,0622,True,False,False,3F,3043-3057,3043,3057,15,1,15,large,L,15,1,N,3F_L_N,,1,22,0,-6.611271676300578,0.0,-482.5174825174825,-36.57770800627944,33.78291586384072,0.0,63.58381502890173,100.07633091723068,0.37283236994219654,31.213872832369944,0.0,0.0,31.213872832369944,-89.52957674035295,v6a_hit_an,2026-06-22,Monday,690
20260622,3087,ToLOVEるダークネス TRANCE ver.8.7,7,0,0,0,2026-06-22,22,0,0622,True,False,False,3F,3073-3087,3073,3087,15,1,15,large,L,15,1,N,3F_L_N,,1,22,0,-6.611271676300578,0.0,-482.5174825174825,-36.57770800627944,33.78291586384072,0.0,-141.32947976878611,97.88084448402378,0.3439306358381503,28.61271676300578,0.0,0.0,28.61271676300578,-89.78969234728937,v6a_hit_an,2026-06-22,Monday,691
20260622,3233,東京喰種,3,1,0,0,2026-06-22,22,0,0622,True,False,False,3F,3218-3233,3218,3233,16,1,16,large,L,16,1,N,3F_L_N,,1,22,0,-6.611271676300578,0.0,-482.5174825174825,-36.57770800627944,-9.3011035207567,0.0,-444.5086705202312,99.40866450656063,0.37283236994219654,31.79190751445087,0.0,0.0,31.79190751445087,-91.41055414445175,v6a_hit_an,2026-06-22,Monday,692
20260622,3401,マジカルハロウィン8,1,0,0,0,2026-06-22,22,0,0622,True,False,False,3F,3400-3401,3400,3401,2,1,2,small,L,2,1,N,3F_L_N,,1,22,0,-56.50289017341041,0.0,-482.5174825174825,-36.57770800627944,144.59759893285906,0.0,360.40462427745666,100.76971389719051,0.5404624277456648,32.080924855491325,0.0,0.0,32.080924855491325,-102.41719345889453,v6a_hit_an,2026-06-22,Monday,693
20260622,3209,東京喰種,9,0,0,0,2026-06-22,22,0,0622,True,False,False,3F,3209-3217,3209,3217,1,9,9,small,L,1,1,N,3F_L_N,,1,22,0,-56.50289017341041,0.0,-482.5174825174825,-36.57770800627944,80.1300578034682,50.0,-473.4104046242775,97.36561631994974,0.3815028901734104,33.52601156069364,0.0,0.0,33.52601156069364,-102.92372413919689,v6a_hit_an,2026-06-22,Monday,694
20260622,3104,からくりサーカス,4,0,0,0,2026-06-22,22,0,0622,True,False,False,3F,3103-3116,3103,3116,2,13,14,medium,R,2,13,N,3F_R_N,,13,22,0,33.77703826955075,0.0,-260.4166666666667,-545.0934579439253,0.0,0.0,81.79190751445087,101.20363055016234,0.3786127167630058,33.23699421965318,0.0,0.0,33.23699421965318,-104.97918362342634,v6a_hit_an,2026-06-22,Monday,695
20260622,3018,沖ドキ!DUO アンコール,8,0,0,0,2026-06-22,22,0,0622,True,False,False,3F,3017-3030,3017,3030,2,13,14,medium,R,2,13,N,3F_R_N,,13,22,0,33.77703826955075,0.0,-260.4166666666667,-545.0934579439253,0.0,0.0,9.826589595375722,102.73149150168605,0.40173410404624277,29.76878612716763,0.0,0.0,29.76878612716763,-105.32600443267489,v6a_hit_an,2026-06-22,Monday,696
20260622,3031,ソードアート・オンラインII,1,0,0,0,2026-06-22,22,0,0622,True,False,False,3F,3031-3042,3031,3042,1,12,12,medium,L,1,1,N,3F_L_N,,1,22,0,-82.17726396917148,0.0,-482.5174825174825,-36.57770800627944,144.59759893285906,0.0,-21.965317919075144,99.80580646972828,0.3439306358381503,29.76878612716763,0.0,0.0,29.76878612716763,-111.89118189820091,v6a_hit_an,2026-06-22,Monday,697
20260622,3116,革命機ヴァルヴレイヴ2,6,0,0,0,2026-06-22,22,0,0622,True,False,False,3F,3103-3116,3103,3116,14,1,14,medium,L,14,1,N,3F_L_N,,1,22,0,-82.17726396917148,0.0,-482.5174825174825,-36.57770800627944,93.78612716763006,50.0,-39.59537572254335,99.4722668075919,0.35260115606936415,29.47976878612717,0.0,0.0,29.47976878612717,-111.95659986174024,v6a_hit_an,2026-06-22,Monday,698
20260622,3030,スマスロ ハナビ,0,0,0,0,2026-06-22,22,0,0622,True,False,False,3F,3017-3030,3017,3030,14,1,14,medium,L,14,1,N,3F_L_N,,1,22,0,-82.17726396917148,0.0,-482.5174825174825,-36.57770800627944,77.61429322122964,50.0,-184.97109826589596,102.96237481795737,0.40173410404624277,30.924855491329478,0.0,0.0,30.924855491329478,-112.53982371880805,v6a_hit_an,2026-06-22,Monday,699
20260622,2334,ドッチ,4,0,0,0,2026-06-22,22,0,0622,True,False,False,2F,2330-2351,2330,2351,5,18,22,large,R,18,18,N,2F_R_N,,18,22,0,-8.38150289017341,0.0,-727.2727272727273,-102.04081632653062,0.0,0.0,-8.38150289017341,98.94332844243763,0.37572254335260113,28.61271676300578,0.0,0.0,28.61271676300578,-144.84067047733438,v6a_hit_an,2026-06-22,Monday,700
20260622,3246,東京喰種,6,0,0,0,2026-06-22,22,0,0622,True,False,False,3F,3234-3249,3234,3249,13,4,16,large,R,13,13,N,3F_R_N,,13,22,0,-230.92485549132948,100.0,-260.4166666666667,-545.0934579439253,0.0,50.0,-481.21387283236993,98.03089450720191,0.3872832369942196,31.79190751445087,0.0,0.0,31.79190751445087,-184.66637404786346,v6a_hit_an,2026-06-22,Monday,701
20260622,3100,革命機ヴァルヴレイヴ2,0,1,0,0,2026-06-22,22,0,0622,True,False,False,3F,3088-3102,3088,3102,13,3,15,large,R,13,13,N,3F_R_N,,13,22,0,-230.92485549132948,100.0,-260.4166666666667,-545.0934579439253,0.0,50.0,13.583815028901734,98.0248361029152,0.34104046242774566,28.901734104046245,0.0,0.0,28.901734104046245,-184.9553913889039,v6a_hit_an,2026-06-22,Monday,702
20260622,3045,ビッグドリーム THE GOLDEN PUSHER,5,0,0,0,2026-06-22,22,0,0622,True,False,False,3F,3043-3057,3043,3057,3,13,15,large,R,3,13,N,3F_R_N,,13,22,0,-230.92485549132948,100.0,-260.4166666666667,-545.0934579439253,0.0,50.0,-63.29479768786127,98.22520223667624,0.34971098265895956,28.32369942196532,0.0,0.0,28.32369942196532,-185.013194857112,v6a_hit_an,2026-06-22,Monday,703
20260622,3070,ミリオンゴッド‐神々の軌跡‐,0,0,0,0,2026-06-22,22,0,0622,True,False,False,3F,3058-3072,3058,3072,13,3,15,large,R,13,13,N,3F_R_N,,13,22,0,-230.92485549132948,100.0,-260.4166666666667,-545.0934579439253,0.0,50.0,-259.2485549132948,97.68205271132753,0.33236994219653176,27.74566473988439,0.0,0.0,27.74566473988439,-185.0709983253201,v6a_hit_an,2026-06-22,Monday,704
20260622,3075,ミリオンゴッド‐神々の軌跡‐,5,0,0,0,2026-06-22,22,0,0622,True,False,False,3F,3073-3087,3073,3087,3,13,15,large,R,3,13,N,3F_R_N,,13,22,0,-230.92485549132948,100.0,-260.4166666666667,-545.0934579439253,0.0,50.0,-576.5895953757225,94.90724123180058,0.3179190751445087,25.43352601156069,0.0,0.0,25.43352601156069,-185.30221219815246,v6a_hit_an,2026-06-22,Monday,705
20260622,3252,真打 吉宗,2,0,0,0,2026-06-22,22,0,0622,True,False,False,3F,3250-3264,3250,3264,3,13,15,large,R,3,13,N,3F_R_N,,13,22,0,-230.92485549132948,100.0,-260.4166666666667,-545.0934579439253,0.0,0.0,43.35260115606936,100.5411232746152,0.3988439306358382,34.39306358381503,0.0,0.0,34.39306358381503,-186.65625844092702,v6a_hit_an,2026-06-22,Monday,706
20260622,3221,東京喰種,1,0,0,0,2026-06-22,22,0,0622,True,False,False,3F,3218-3233,3218,3233,4,13,16,large,R,4,13,N,3F_R_N,,13,22,0,-230.92485549132948,100.0,-260.4166666666667,-545.0934579439253,0.0,0.0,-293.0635838150289,98.5783550759391,0.40173410404624277,33.81502890173411,0.0,0.0,33.81502890173411,-186.71406190913513,v6a_hit_an,2026-06-22,Monday,707
20260622,3219,東京喰種,9,0,0,0,2026-06-22,22,0,0622,True,False,False,3F,3218-3233,3218,3233,2,15,16,large,R,2,15,N,3F_R_N,,15,22,0,-270.56151940545004,0.0,-671.4285714285714,20.11661807580175,0.0,50.0,-62.42774566473989,102.01780000413507,0.40173410404624277,33.52601156069364,0.0,0.0,33.52601156069364,-209.9409452468023,v6a_hit_an,2026-06-22,Monday,708
20260622,3250,真打 吉宗,0,0,0,0,2026-06-22,22,0,0622,True,False,False,3F,3250-3264,3250,3264,1,15,15,large,R,1,15,N,3F_R_N,,15,22,0,-270.56151940545004,0.0,-671.4285714285714,20.11661807580175,0.0,50.0,-442.77456647398844,96.75720216867539,0.3583815028901734,28.901734104046245,0.0,0.0,28.901734104046245,-210.40337299246704,v6a_hit_an,2026-06-22,Monday,709
20260622,3248,東京喰種,8,0,0,0,2026-06-22,22,0,0622,True,False,False,3F,3234-3249,3234,3249,15,2,16,large,R,15,15,N,3F_R_N,,15,22,0,-270.56151940545004,0.0,-671.4285714285714,20.11661807580175,0.0,0.0,11.84971098265896,102.50381757694228,0.43641618497109824,38.4393063583815,0.0,0.0,38.4393063583815,-211.69961576703352,v6a_hit_an,2026-06-22,Monday,710
20260622,3043,ビッグドリーム THE GOLDEN PUSHER,3,0,0,0,2026-06-22,22,0,0622,True,False,False,3F,3043-3057,3043,3057,1,15,15,large,R,1,15,N,3F_R_N,,15,22,0,-270.56151940545004,0.0,-671.4285714285714,20.11661807580175,0.0,0.0,-310.98265895953756,97.15643065454762,0.3583815028901734,29.47976878612717,0.0,0.0,29.47976878612717,-212.59556952425896,v6a_hit_an,2026-06-22,Monday,711
20260622,3073,ミリオンゴッド‐神々の軌跡‐,3,0,0,0,2026-06-22,22,0,0622,True,False,False,3F,3073-3087,3073,3087,1,15,15,large,R,1,15,N,3F_R_N,,15,22,0,-270.56151940545004,0.0,-671.4285714285714,20.11661807580175,0.0,0.0,-348.26589595375725,97.02124554813824,0.3699421965317919,29.190751445086704,0.0,0.0,29.190751445086704,-212.624471258363,v6a_hit_an,2026-06-22,Monday,712
20260622,3102,革命機ヴァルヴレイヴ2,2,0,0,0,2026-06-22,22,0,0622,True,False,False,3F,3088-3102,3088,3102,15,1,15,large,R,15,15,N,3F_R_N,,15,22,0,-270.56151940545004,0.0,-671.4285714285714,20.11661807580175,0.0,0.0,-337.57225433526014,96.31389524293107,0.36416184971098264,26.878612716763005,0.0,0.0,26.878612716763005,-212.85568513119537,v6a_hit_an,2026-06-22,Monday,713
20260622,3072,ミリオンゴッド‐神々の軌跡‐,2,0,0,0,2026-06-22,22,0,0622,True,False,False,3F,3058-3072,3058,3072,15,1,15,large,R,15,15,N,3F_R_N,,15,22,0,-270.56151940545004,0.0,-671.4285714285714,20.11661807580175,0.0,0.0,-403.757225433526,96.6738578967251,0.34104046242774566,24.566473988439306,0.0,0.0,24.566473988439306,-213.08689900402774,v6a_hit_an,2026-06-22,Monday,714
