date,segment,n_machines,segment_avg_payout,history_days,eligible_for_gate,rolling_q60,gate_positive_q60,rolling_q70,gate_positive_q70,rolling_q80,gate_positive_q80,gate_positive,primary_gate_quantile,is_event,dow,dd
20250707,2F_L_N,180,124.27284982220742,0,False,,False,,False,,False,False,0.7,True,Mon,7
20250707,2F_R_N,168,120.26727852106671,0,False,,False,,False,,False,False,0.7,True,Mon,7
20250707,3F_L_A,96,108.61218788659475,0,False,,False,,False,,False,False,0.7,True,Mon,7
20250707,3F_L_N,90,121.07087195680097,0,False,,False,,False,,False,False,0.7,True,Mon,7
20250707,3F_R_A,92,109.6654446732808,0,False,,False,,False,,False,False,0.7,True,Mon,7
20250707,3F_R_N,85,126.37218008541434,0,False,,False,,False,,False,False,0.7,True,Mon,7
20250708,2F_L_N,180,112.63959067170148,1,False,,False,,False,,False,False,0.7,False,Tue,8
20250708,2F_R_N,168,106.66286141456534,1,False,,False,,False,,False,False,0.7,False,Tue,8
20250708,3F_L_A,96,100.87611223216057,1,False,,False,,False,,False,False,0.7,False,Tue,8
20250708,3F_L_N,91,104.97015854421501,1,False,,False,,False,,False,False,0.7,False,Tue,8
20250708,3F_R_A,92,102.16317026450683,1,False,,False,,False,,False,False,0.7,False,Tue,8
20250708,3F_R_N,85,105.51394089235124,1,False,,False,,False,,False,False,0.7,False,Tue,8
20250709,2F_L_N,180,111.23728353925699,2,False,,False,,False,,False,False,0.7,False,Wed,9
20250709,2F_R_N,168,112.45641063296004,2,False,,False,,False,,False,False,0.7,False,Wed,9
20250709,3F_L_A,96,103.76000147789732,2,False,,False,,False,,False,False,0.7,False,Wed,9
20250709,3F_L_N,91,109.44528007380418,2,False,,False,,False,,False,False,0.7,False,Wed,9
20250709,3F_R_A,92,105.23820976851039,2,False,,False,,False,,False,False,0.7,False,Wed,9
20250709,3F_R_N,85,107.10090511434151,2,False,,False,,False,,False,False,0.7,False,Wed,9
20250710,2F_L_N,180,109.90596713352578,3,False,,False,,False,,False,False,0.7,False,Thu,10
20250710,2F_R_N,168,104.80178128170577,3,False,,False,,False,,False,False,0.7,False,Thu,10
20250710,3F_L_A,96,100.03278837163428,3,False,,False,,False,,False,False,0.7,False,Thu,10
20250710,3F_L_N,91,112.64186755084539,3,False,,False,,False,,False,False,0.7,False,Thu,10
20250710,3F_R_A,92,102.30422473581483,3,False,,False,,False,,False,False,0.7,False,Thu,10
20250710,3F_R_N,85,107.32872652558957,3,False,,False,,False,,False,False,0.7,False,Thu,10
20250711,2F_L_N,180,107.63640317930926,4,False,,False,,False,,False,False,0.7,True,Fri,11
20250711,2F_R_N,168,110.4399796617248,4,False,,False,,False,,False,False,0.7,True,Fri,11
20250711,3F_L_A,96,99.8811140345775,4,False,,False,,False,,False,False,0.7,True,Fri,11
20250711,3F_L_N,91,104.01153189470482,4,False,,False,,False,,False,False,0.7,True,Fri,11
20250711,3F_R_A,92,102.61128957130187,4,False,,False,,False,,False,False,0.7,True,Fri,11
20250711,3F_R_N,85,101.62546801622811,4,False,,False,,False,,False,False,0.7,True,Fri,11
20250712,2F_L_N,180,114.19021553515087,5,False,,False,,False,,False,False,0.7,False,Sat,12
20250712,2F_R_N,168,113.61813939267574,5,False,,False,,False,,False,False,0.7,False,Sat,12
20250712,3F_L_A,96,100.02787292182778,5,False,,False,,False,,False,False,0.7,False,Sat,12
20250712,3F_L_N,91,100.95863792168515,5,False,,False,,False,,False,False,0.7,False,Sat,12
20250712,3F_R_A,92,101.55029342835151,5,False,,False,,False,,False,False,0.7,False,Sat,12
20250712,3F_R_N,85,106.20038278467916,5,False,,False,,False,,False,False,0.7,False,Sat,12
20250713,2F_L_N,180,103.01681680237567,6,False,,False,,False,,False,False,0.7,False,Sun,13
20250713,2F_R_N,167,104.781560149585,6,False,,False,,False,,False,False,0.7,False,Sun,13
20250713,3F_L_A,96,99.64932324736655,6,False,,False,,False,,False,False,0.7,False,Sun,13
20250713,3F_L_N,91,111.352607956475,6,False,,False,,False,,False,False,0.7,False,Sun,13
20250713,3F_R_A,92,97.49048403344497,6,False,,False,,False,,False,False,0.7,False,Sun,13
20250713,3F_R_N,85,107.04288274290965,6,False,,False,,False,,False,False,0.7,False,Sun,13
20250714,2F_L_N,180,110.3579401625058,7,False,,False,,False,,False,False,0.7,False,Mon,14
20250714,2F_R_N,168,101.79486728076888,7,False,,False,,False,,False,False,0.7,False,Mon,14
20250714,3F_L_A,96,103.2848853764428,7,False,,False,,False,,False,False,0.7,False,Mon,14
20250714,3F_L_N,91,104.59301741891511,7,False,,False,,False,,False,False,0.7,False,Mon,14
20250714,3F_R_A,92,98.58795694697946,7,False,,False,,False,,False,False,0.7,False,Mon,14
20250714,3F_R_N,83,108.4193472280237,7,False,,False,,False,,False,False,0.7,False,Mon,14
20250715,2F_L_N,180,103.2021646652265,8,False,,False,,False,,False,False,0.7,False,Tue,15
20250715,2F_R_N,168,102.40538476491297,8,False,,False,,False,,False,False,0.7,False,Tue,15
20250715,3F_L_A,96,101.12933415689922,8,False,,False,,False,,False,False,0.7,False,Tue,15
20250715,3F_L_N,91,107.16116390594782,8,False,,False,,False,,False,False,0.7,False,Tue,15
20250715,3F_R_A,92,101.4885307430961,8,False,,False,,False,,False,False,0.7,False,Tue,15
20250715,3F_R_N,85,99.4091467705102,8,False,,False,,False,,False,False,0.7,False,Tue,15
20250716,2F_L_N,180,99.22314609278375,9,False,,False,,False,,False,False,0.7,False,Wed,16
20250716,2F_R_N,168,103.43800146135656,9,False,,False,,False,,False,False,0.7,False,Wed,16
20250716,3F_L_A,96,98.60795562398273,9,False,,False,,False,,False,False,0.7,False,Wed,16
20250716,3F_L_N,91,104.89860897095409,9,False,,False,,False,,False,False,0.7,False,Wed,16
20250716,3F_R_A,92,98.1783201625946,9,False,,False,,False,,False,False,0.7,False,Wed,16
20250716,3F_R_N,83,101.15822560405049,9,False,,False,,False,,False,False,0.7,False,Wed,16
20250717,2F_L_N,179,107.62269005081814,10,False,,False,,False,,False,False,0.7,True,Thu,17
20250717,2F_R_N,168,102.94549539602228,10,False,,False,,False,,False,False,0.7,True,Thu,17
20250717,3F_L_A,96,102.31419131883844,10,False,,False,,False,,False,False,0.7,True,Thu,17
20250717,3F_L_N,91,103.84048902049433,10,False,,False,,False,,False,False,0.7,True,Thu,17
20250717,3F_R_A,92,102.11489446493437,10,False,,False,,False,,False,False,0.7,True,Thu,17
20250717,3F_R_N,85,99.29893555156475,10,False,,False,,False,,False,False,0.7,True,Thu,17
20250718,2F_L_N,179,104.14441791844176,11,False,,False,,False,,False,False,0.7,False,Fri,18
20250718,2F_R_N,168,102.73119138574945,11,False,,False,,False,,False,False,0.7,False,Fri,18
20250718,3F_L_A,95,97.46114792744123,11,False,,False,,False,,False,False,0.7,False,Fri,18
20250718,3F_L_N,89,98.21506356879301,11,False,,False,,False,,False,False,0.7,False,Fri,18
20250718,3F_R_A,91,98.33060828642778,11,False,,False,,False,,False,False,0.7,False,Fri,18
20250718,3F_R_N,83,98.5160576211386,11,False,,False,,False,,False,False,0.7,False,Fri,18
20250719,2F_L_N,179,105.65034972547399,12,False,,False,,False,,False,False,0.7,False,Sat,19
20250719,2F_R_N,167,105.23493462940395,12,False,,False,,False,,False,False,0.7,False,Sat,19
20250719,3F_L_A,96,99.80254911062673,12,False,,False,,False,,False,False,0.7,False,Sat,19
20250719,3F_L_N,91,99.57688219600858,12,False,,False,,False,,False,False,0.7,False,Sat,19
20250719,3F_R_A,92,99.33598348636397,12,False,,False,,False,,False,False,0.7,False,Sat,19
20250719,3F_R_N,85,97.72002690125014,12,False,,False,,False,,False,False,0.7,False,Sat,19
20250720,2F_L_N,179,102.99892809553917,13,False,,False,,False,,False,False,0.7,False,Sun,20
20250720,2F_R_N,167,106.80431193464152,13,False,,False,,False,,False,False,0.7,False,Sun,20
20250720,3F_L_A,96,102.22537555739247,13,False,,False,,False,,False,False,0.7,False,Sun,20
20250720,3F_L_N,91,100.18633628618664,13,False,,False,,False,,False,False,0.7,False,Sun,20
20250720,3F_R_A,92,102.25552440589732,13,False,,False,,False,,False,False,0.7,False,Sun,20
20250720,3F_R_N,85,104.68087885415972,13,False,,False,,False,,False,False,0.7,False,Sun,20
20250721,2F_L_N,179,103.5570160687513,14,False,,False,,False,,False,False,0.7,True,Mon,21
20250721,2F_R_N,167,103.80272552728124,14,False,,False,,False,,False,False,0.7,True,Mon,21
20250721,3F_L_A,96,102.70544613548641,14,False,,False,,False,,False,False,0.7,True,Mon,21
20250721,3F_L_N,91,102.37012047867422,14,False,,False,,False,,False,False,0.7,True,Mon,21
20250721,3F_R_A,92,104.12930132694069,14,False,,False,,False,,False,False,0.7,True,Mon,21
20250721,3F_R_N,85,101.76792975617408,14,False,,False,,False,,False,False,0.7,True,Mon,21
20250722,2F_L_N,179,105.49823162573867,15,False,,False,,False,,False,False,0.7,True,Tue,22
20250722,2F_R_N,167,102.57552705470115,15,False,,False,,False,,False,False,0.7,True,Tue,22
20250722,3F_L_A,96,99.76991417122507,15,False,,False,,False,,False,False,0.7,True,Tue,22
20250722,3F_L_N,90,104.54508053086397,15,False,,False,,False,,False,False,0.7,True,Tue,22
20250722,3F_R_A,92,99.38307500211735,15,False,,False,,False,,False,False,0.7,True,Tue,22
20250722,3F_R_N,83,96.46778196986483,15,False,,False,,False,,False,False,0.7,True,Tue,22
20250723,2F_L_N,179,99.71115283770376,16,False,,False,,False,,False,False,0.7,False,Wed,23
20250723,2F_R_N,167,100.86960270393331,16,False,,False,,False,,False,False,0.7,False,Wed,23
20250723,3F_L_A,96,97.65676687984956,16,False,,False,,False,,False,False,0.7,False,Wed,23
20250723,3F_L_N,90,104.18491494416497,16,False,,False,,False,,False,False,0.7,False,Wed,23
20250723,3F_R_A,92,99.03693551152791,16,False,,False,,False,,False,False,0.7,False,Wed,23
20250723,3F_R_N,83,100.95234454341471,16,False,,False,,False,,False,False,0.7,False,Wed,23
20250724,2F_L_N,178,103.02913574968808,17,False,,False,,False,,False,False,0.7,False,Thu,24
20250724,2F_R_N,167,101.81061733131064,17,False,,False,,False,,False,False,0.7,False,Thu,24
20250724,3F_L_A,96,99.92361025937869,17,False,,False,,False,,False,False,0.7,False,Thu,24
20250724,3F_L_N,91,102.5575222100096,17,False,,False,,False,,False,False,0.7,False,Thu,24
20250724,3F_R_A,92,98.76985617399163,17,False,,False,,False,,False,False,0.7,False,Thu,24
20250724,3F_R_N,84,100.94997394671702,17,False,,False,,False,,False,False,0.7,False,Thu,24
20250725,2F_L_N,178,101.08019956533016,18,False,,False,,False,,False,False,0.7,False,Fri,25
20250725,2F_R_N,167,99.50377262020291,18,False,,False,,False,,False,False,0.7,False,Fri,25
20250725,3F_L_A,96,99.5611579707939,18,False,,False,,False,,False,False,0.7,False,Fri,25
20250725,3F_L_N,89,106.2422098607365,18,False,,False,,False,,False,False,0.7,False,Fri,25
20250725,3F_R_A,92,96.89258269574837,18,False,,False,,False,,False,False,0.7,False,Fri,25
20250725,3F_R_N,84,101.13396630003284,18,False,,False,,False,,False,False,0.7,False,Fri,25
20250726,2F_L_N,178,108.88641756223342,19,False,,False,,False,,False,False,0.7,False,Sat,26
20250726,2F_R_N,167,104.48278974918405,19,False,,False,,False,,False,False,0.7,False,Sat,26
20250726,3F_L_A,96,99.58153218155678,19,False,,False,,False,,False,False,0.7,False,Sat,26
20250726,3F_L_N,91,99.80595763976764,19,False,,False,,False,,False,False,0.7,False,Sat,26
20250726,3F_R_A,92,99.37093324721911,19,False,,False,,False,,False,False,0.7,False,Sat,26
20250726,3F_R_N,85,102.57447154507328,19,False,,False,,False,,False,False,0.7,False,Sat,26
20250727,2F_L_N,178,105.7621024379591,20,False,,False,,False,,False,False,0.7,True,Sun,27
20250727,2F_R_N,167,103.44611109794813,20,False,,False,,False,,False,False,0.7,True,Sun,27
20250727,3F_L_A,96,101.48663233522551,20,False,,False,,False,,False,False,0.7,True,Sun,27
20250727,3F_L_N,91,106.59761805293816,20,False,,False,,False,,False,False,0.7,True,Sun,27
20250727,3F_R_A,92,101.97734660572199,20,False,,False,,False,,False,False,0.7,True,Sun,27
20250727,3F_R_N,85,103.51319719187906,20,False,,False,,False,,False,False,0.7,True,Sun,27
20250728,2F_L_N,178,101.22896966125457,21,False,,False,,False,,False,False,0.7,False,Mon,28
20250728,2F_R_N,167,100.74950283738907,21,False,,False,,False,,False,False,0.7,False,Mon,28
20250728,3F_L_A,96,97.71361915188372,21,False,,False,,False,,False,False,0.7,False,Mon,28
20250728,3F_L_N,90,101.21709449282245,21,False,,False,,False,,False,False,0.7,False,Mon,28
20250728,3F_R_A,92,98.57408594697178,21,False,,False,,False,,False,False,0.7,False,Mon,28
20250728,3F_R_N,83,101.83447347873896,21,False,,False,,False,,False,False,0.7,False,Mon,28
20250729,2F_L_N,178,102.92058803351671,22,False,,False,,False,,False,False,0.7,False,Tue,29
20250729,2F_R_N,167,101.31867036581377,22,False,,False,,False,,False,False,0.7,False,Tue,29
20250729,3F_L_A,96,97.55980740004789,22,False,,False,,False,,False,False,0.7,False,Tue,29
20250729,3F_L_N,91,99.81213351372384,22,False,,False,,False,,False,False,0.7,False,Tue,29
20250729,3F_R_A,92,98.86588447477206,22,False,,False,,False,,False,False,0.7,False,Tue,29
20250729,3F_R_N,85,101.68652037251648,22,False,,False,,False,,False,False,0.7,False,Tue,29
20250730,2F_L_N,178,99.53808621141195,23,False,,False,,False,,False,False,0.7,False,Wed,30
20250730,2F_R_N,167,100.55617247888667,23,False,,False,,False,,False,False,0.7,False,Wed,30
20250730,3F_L_A,96,102.11293785812366,23,False,,False,,False,,False,False,0.7,False,Wed,30
20250730,3F_L_N,91,101.76622925130167,23,False,,False,,False,,False,False,0.7,False,Wed,30
20250730,3F_R_A,92,102.2403913976875,23,False,,False,,False,,False,False,0.7,False,Wed,30
20250730,3F_R_N,85,98.33986460459778,23,False,,False,,False,,False,False,0.7,False,Wed,30
20250731,2F_L_N,178,106.37720819973093,24,False,,False,,False,,False,False,0.7,True,Thu,31
20250731,2F_R_N,167,104.35121068849189,24,False,,False,,False,,False,False,0.7,True,Thu,31
20250731,3F_L_A,96,99.32720099699243,24,False,,False,,False,,False,False,0.7,True,Thu,31
20250731,3F_L_N,91,104.71327311736674,24,False,,False,,False,,False,False,0.7,True,Thu,31
20250731,3F_R_A,92,99.2586729683961,24,False,,False,,False,,False,False,0.7,True,Thu,31
20250731,3F_R_N,85,103.15401895001428,24,False,,False,,False,,False,False,0.7,True,Thu,31
20250801,2F_L_N,178,103.648610882388,25,False,,False,,False,,False,False,0.7,True,Fri,1
20250801,2F_R_N,167,107.31489482770151,25,False,,False,,False,,False,False,0.7,True,Fri,1
20250801,3F_L_A,96,98.87962631982687,25,False,,False,,False,,False,False,0.7,True,Fri,1
20250801,3F_L_N,91,100.29736196347089,25,False,,False,,False,,False,False,0.7,True,Fri,1
20250801,3F_R_A,92,101.57262417845374,25,False,,False,,False,,False,False,0.7,True,Fri,1
20250801,3F_R_N,85,100.20964011820445,25,False,,False,,False,,False,False,0.7,True,Fri,1
20250802,2F_L_N,178,103.0049127686523,26,False,,False,,False,,False,False,0.7,False,Sat,2
20250802,2F_R_N,167,106.09340839889778,26,False,,False,,False,,False,False,0.7,False,Sat,2
20250802,3F_L_A,96,100.45154165174348,26,False,,False,,False,,False,False,0.7,False,Sat,2
20250802,3F_L_N,91,104.33025619196667,26,False,,False,,False,,False,False,0.7,False,Sat,2
20250802,3F_R_A,92,101.18041165521674,26,False,,False,,False,,False,False,0.7,False,Sat,2
20250802,3F_R_N,85,104.8794523843633,26,False,,False,,False,,False,False,0.7,False,Sat,2
20250803,2F_L_N,178,107.40116468590726,27,False,,False,,False,,False,False,0.7,False,Sun,3
20250803,2F_R_N,167,103.90765425781457,27,False,,False,,False,,False,False,0.7,False,Sun,3
20250803,3F_L_A,96,101.06779509261138,27,False,,False,,False,,False,False,0.7,False,Sun,3
20250803,3F_L_N,91,100.97058739834145,27,False,,False,,False,,False,False,0.7,False,Sun,3
20250803,3F_R_A,92,101.1245655776084,27,False,,False,,False,,False,False,0.7,False,Sun,3
20250803,3F_R_N,85,97.98561421339421,27,False,,False,,False,,False,False,0.7,False,Sun,3
20250804,2F_L_N,180,102.02276135815563,28,False,,False,,False,,False,False,0.7,False,Mon,4
20250804,2F_R_N,168,105.30033578754278,28,False,,False,,False,,False,False,0.7,False,Mon,4
20250804,3F_L_A,95,97.8520142193936,28,False,,False,,False,,False,False,0.7,False,Mon,4
20250804,3F_L_N,88,103.08148002538957,28,False,,False,,False,,False,False,0.7,False,Mon,4
20250804,3F_R_A,92,98.26317985536943,28,False,,False,,False,,False,False,0.7,False,Mon,4
20250804,3F_R_N,82,92.67655013075024,28,False,,False,,False,,False,False,0.7,False,Mon,4
20250805,2F_L_N,180,105.47954632005369,29,False,,False,,False,,False,False,0.7,False,Tue,5
20250805,2F_R_N,168,105.25089558222642,29,False,,False,,False,,False,False,0.7,False,Tue,5
20250805,3F_L_A,96,100.01396700623941,29,False,,False,,False,,False,False,0.7,False,Tue,5
20250805,3F_L_N,89,98.29153700804999,29,False,,False,,False,,False,False,0.7,False,Tue,5
20250805,3F_R_A,92,98.22393088727202,29,False,,False,,False,,False,False,0.7,False,Tue,5
20250805,3F_R_N,83,96.34367368110092,29,False,,False,,False,,False,False,0.7,False,Tue,5
20250806,2F_L_N,180,100.30168730349598,30,False,,False,,False,,False,False,0.7,False,Wed,6
20250806,2F_R_N,168,100.77824262841945,30,False,,False,,False,,False,False,0.7,False,Wed,6
20250806,3F_L_A,96,98.07039022852432,30,False,,False,,False,,False,False,0.7,False,Wed,6
20250806,3F_L_N,89,99.98091752066746,30,False,,False,,False,,False,False,0.7,False,Wed,6
20250806,3F_R_A,92,98.73499310559725,30,False,,False,,False,,False,False,0.7,False,Wed,6
20250806,3F_R_N,82,104.23429913871847,30,False,,False,,False,,False,False,0.7,False,Wed,6
20250807,2F_L_N,180,105.45483419604145,31,False,,False,,False,,False,False,0.7,True,Thu,7
20250807,2F_R_N,168,101.45044297484083,31,False,,False,,False,,False,False,0.7,True,Thu,7
20250807,3F_L_A,96,100.43413415349501,31,False,,False,,False,,False,False,0.7,True,Thu,7
20250807,3F_L_N,91,102.90843982665525,31,False,,False,,False,,False,False,0.7,True,Thu,7
20250807,3F_R_A,92,99.9550235986285,31,False,,False,,False,,False,False,0.7,True,Thu,7
20250807,3F_R_N,85,103.9807508485531,31,False,,False,,False,,False,False,0.7,True,Thu,7
20250808,2F_L_N,180,101.59059648956746,32,False,,False,,False,,False,False,0.7,False,Fri,8
20250808,2F_R_N,168,101.25078867343457,32,False,,False,,False,,False,False,0.7,False,Fri,8
20250808,3F_L_A,96,97.68150994902517,32,False,,False,,False,,False,False,0.7,False,Fri,8
20250808,3F_L_N,91,105.1614544605267,32,False,,False,,False,,False,False,0.7,False,Fri,8
20250808,3F_R_A,92,98.97233985513978,32,False,,False,,False,,False,False,0.7,False,Fri,8
20250808,3F_R_N,85,105.73927815936977,32,False,,False,,False,,False,False,0.7,False,Fri,8
20250809,2F_L_N,180,99.0132356218581,33,False,,False,,False,,False,False,0.7,False,Sat,9
20250809,2F_R_N,168,101.04032567400355,33,False,,False,,False,,False,False,0.7,False,Sat,9
20250809,3F_L_A,96,100.65090631462779,33,False,,False,,False,,False,False,0.7,False,Sat,9
20250809,3F_L_N,91,110.95475687901106,33,False,,False,,False,,False,False,0.7,False,Sat,9
20250809,3F_R_A,92,100.62244158194966,33,False,,False,,False,,False,False,0.7,False,Sat,9
20250809,3F_R_N,85,101.82291465894377,33,False,,False,,False,,False,False,0.7,False,Sat,9
20250810,2F_L_N,180,101.31399373250747,34,False,,False,,False,,False,False,0.7,False,Sun,10
20250810,2F_R_N,168,102.09851346104261,34,False,,False,,False,,False,False,0.7,False,Sun,10
20250810,3F_L_A,96,100.05998401840547,34,False,,False,,False,,False,False,0.7,False,Sun,10
20250810,3F_L_N,91,96.4997239926083,34,False,,False,,False,,False,False,0.7,False,Sun,10
20250810,3F_R_A,92,101.62835350541437,34,False,,False,,False,,False,False,0.7,False,Sun,10
20250810,3F_R_N,85,98.71732165642531,34,False,,False,,False,,False,False,0.7,False,Sun,10
20250811,2F_L_N,180,103.04162406409122,35,False,,False,,False,,False,False,0.7,True,Mon,11
20250811,2F_R_N,168,107.2697378306522,35,False,,False,,False,,False,False,0.7,True,Mon,11
20250811,3F_L_A,96,100.5227102391275,35,False,,False,,False,,False,False,0.7,True,Mon,11
20250811,3F_L_N,91,102.777066525123,35,False,,False,,False,,False,False,0.7,True,Mon,11
20250811,3F_R_A,92,99.76455683229061,35,False,,False,,False,,False,False,0.7,True,Mon,11
20250811,3F_R_N,85,98.65069280451065,35,False,,False,,False,,False,False,0.7,True,Mon,11
20250812,2F_L_N,181,101.65685308229796,36,False,,False,,False,,False,False,0.7,False,Tue,12
20250812,2F_R_N,168,99.6200850251428,36,False,,False,,False,,False,False,0.7,False,Tue,12
20250812,3F_L_A,96,97.8287846772728,36,False,,False,,False,,False,False,0.7,False,Tue,12
20250812,3F_L_N,91,107.63054526417477,36,False,,False,,False,,False,False,0.7,False,Tue,12
20250812,3F_R_A,92,99.67530611148652,36,False,,False,,False,,False,False,0.7,False,Tue,12
20250812,3F_R_N,85,99.92018240554532,36,False,,False,,False,,False,False,0.7,False,Tue,12
20250813,2F_L_N,181,98.53132487240116,37,False,,False,,False,,False,False,0.7,False,Wed,13
20250813,2F_R_N,168,107.33241393221124,37,False,,False,,False,,False,False,0.7,False,Wed,13
20250813,3F_L_A,96,100.99532666059855,37,False,,False,,False,,False,False,0.7,False,Wed,13
20250813,3F_L_N,91,97.14341541530553,37,False,,False,,False,,False,False,0.7,False,Wed,13
20250813,3F_R_A,92,99.70265582107454,37,False,,False,,False,,False,False,0.7,False,Wed,13
20250813,3F_R_N,85,102.04654802519532,37,False,,False,,False,,False,False,0.7,False,Wed,13
20250814,2F_L_N,181,98.74159395982312,38,False,,False,,False,,False,False,0.7,False,Thu,14
20250814,2F_R_N,168,103.19025588046952,38,False,,False,,False,,False,False,0.7,False,Thu,14
20250814,3F_L_A,96,101.48166879691365,38,False,,False,,False,,False,False,0.7,False,Thu,14
20250814,3F_L_N,91,98.55368758078359,38,False,,False,,False,,False,False,0.7,False,Thu,14
20250814,3F_R_A,92,100.2499654535537,38,False,,False,,False,,False,False,0.7,False,Thu,14
20250814,3F_R_N,85,98.0822042335257,38,False,,False,,False,,False,False,0.7,False,Thu,14
20250815,2F_L_N,181,104.60376568151143,39,False,,False,,False,,False,False,0.7,False,Fri,15
20250815,2F_R_N,168,97.98795088952795,39,False,,False,,False,,False,False,0.7,False,Fri,15
20250815,3F_L_A,96,100.10369610736215,39,False,,False,,False,,False,False,0.7,False,Fri,15
20250815,3F_L_N,91,98.3401576030273,39,False,,False,,False,,False,False,0.7,False,Fri,15
20250815,3F_R_A,92,100.8708117981903,39,False,,False,,False,,False,False,0.7,False,Fri,15
20250815,3F_R_N,85,98.42595896970137,39,False,,False,,False,,False,False,0.7,False,Fri,15
20250816,2F_L_N,181,105.76512642729837,40,False,,False,,False,,False,False,0.7,False,Sat,16
20250816,2F_R_N,167,103.56476738758705,40,False,,False,,False,,False,False,0.7,False,Sat,16
20250816,3F_L_A,96,100.00934873371666,40,False,,False,,False,,False,False,0.7,False,Sat,16
20250816,3F_L_N,91,100.74119306526994,40,False,,False,,False,,False,False,0.7,False,Sat,16
20250816,3F_R_A,92,99.34648914547991,40,False,,False,,False,,False,False,0.7,False,Sat,16
20250816,3F_R_N,85,102.88043996681864,40,False,,False,,False,,False,False,0.7,False,Sat,16
20250817,2F_L_N,181,105.12811457812627,41,False,,False,,False,,False,False,0.7,True,Sun,17
20250817,2F_R_N,167,100.07856610974967,41,False,,False,,False,,False,False,0.7,True,Sun,17
20250817,3F_L_A,96,99.78527546639906,41,False,,False,,False,,False,False,0.7,True,Sun,17
20250817,3F_L_N,91,100.50865734944853,41,False,,False,,False,,False,False,0.7,True,Sun,17
20250817,3F_R_A,92,101.55861628554153,41,False,,False,,False,,False,False,0.7,True,Sun,17
20250817,3F_R_N,85,99.23216828044902,41,False,,False,,False,,False,False,0.7,True,Sun,17
20250818,2F_L_N,180,101.6129759018037,42,False,,False,,False,,False,False,0.7,False,Mon,18
20250818,2F_R_N,168,102.56546735202015,42,False,,False,,False,,False,False,0.7,False,Mon,18
20250818,3F_L_A,96,101.48701472804991,42,False,,False,,False,,False,False,0.7,False,Mon,18
20250818,3F_L_N,90,100.17520125030133,42,False,,False,,False,,False,False,0.7,False,Mon,18
20250818,3F_R_A,92,99.98046980530884,42,False,,False,,False,,False,False,0.7,False,Mon,18
20250818,3F_R_N,85,95.37859500973288,42,False,,False,,False,,False,False,0.7,False,Mon,18
20250819,2F_L_N,180,98.43848693143818,43,False,,False,,False,,False,False,0.7,False,Tue,19
20250819,2F_R_N,168,101.50517500335813,43,False,,False,,False,,False,False,0.7,False,Tue,19
20250819,3F_L_A,96,100.20469830490303,43,False,,False,,False,,False,False,0.7,False,Tue,19
20250819,3F_L_N,91,100.13409094819626,43,False,,False,,False,,False,False,0.7,False,Tue,19
20250819,3F_R_A,92,98.0477431726112,43,False,,False,,False,,False,False,0.7,False,Tue,19
20250819,3F_R_N,85,99.2985661091773,43,False,,False,,False,,False,False,0.7,False,Tue,19
20250820,2F_L_N,179,97.98302365342447,44,False,,False,,False,,False,False,0.7,False,Wed,20
20250820,2F_R_N,168,99.90058598824531,44,False,,False,,False,,False,False,0.7,False,Wed,20
20250820,3F_L_A,96,99.04202047712202,44,False,,False,,False,,False,False,0.7,False,Wed,20
20250820,3F_L_N,90,100.53984984146129,44,False,,False,,False,,False,False,0.7,False,Wed,20
20250820,3F_R_A,92,97.89131188114501,44,False,,False,,False,,False,False,0.7,False,Wed,20
20250820,3F_R_N,85,99.00317422414112,44,False,,False,,False,,False,False,0.7,False,Wed,20
20250821,2F_L_N,180,102.56724447335766,45,False,,False,,False,,False,False,0.7,True,Thu,21
20250821,2F_R_N,168,98.3852742230341,45,False,,False,,False,,False,False,0.7,True,Thu,21
20250821,3F_L_A,96,99.70378567918301,45,False,,False,,False,,False,False,0.7,True,Thu,21
20250821,3F_L_N,90,95.4176121421288,45,False,,False,,False,,False,False,0.7,True,Thu,21
20250821,3F_R_A,92,97.46557483666922,45,False,,False,,False,,False,False,0.7,True,Thu,21
20250821,3F_R_N,85,100.04416130965771,45,False,,False,,False,,False,False,0.7,True,Thu,21
20250822,2F_L_N,180,108.5869118799376,46,False,,False,,False,,False,False,0.7,True,Fri,22
20250822,2F_R_N,168,103.96512849701111,46,False,,False,,False,,False,False,0.7,True,Fri,22
20250822,3F_L_A,96,99.86162665762241,46,False,,False,,False,,False,False,0.7,True,Fri,22
20250822,3F_L_N,91,100.91351225658867,46,False,,False,,False,,False,False,0.7,True,Fri,22
20250822,3F_R_A,92,97.86564462196863,46,False,,False,,False,,False,False,0.7,True,Fri,22
20250822,3F_R_N,85,96.2977721451162,46,False,,False,,False,,False,False,0.7,True,Fri,22
20250823,2F_L_N,180,99.38925285612856,47,False,,False,,False,,False,False,0.7,False,Sat,23
20250823,2F_R_N,168,101.60742028892255,47,False,,False,,False,,False,False,0.7,False,Sat,23
20250823,3F_L_A,96,101.14587513308713,47,False,,False,,False,,False,False,0.7,False,Sat,23
20250823,3F_L_N,91,100.05512356413095,47,False,,False,,False,,False,False,0.7,False,Sat,23
20250823,3F_R_A,92,101.81252150131606,47,False,,False,,False,,False,False,0.7,False,Sat,23
20250823,3F_R_N,85,106.40933373120028,47,False,,False,,False,,False,False,0.7,False,Sat,23
20250824,2F_L_N,180,103.48610924591796,48,False,,False,,False,,False,False,0.7,False,Sun,24
20250824,2F_R_N,168,105.23252512916017,48,False,,False,,False,,False,False,0.7,False,Sun,24
20250824,3F_L_A,96,101.00573775982048,48,False,,False,,False,,False,False,0.7,False,Sun,24
20250824,3F_L_N,91,96.92510706805602,48,False,,False,,False,,False,False,0.7,False,Sun,24
20250824,3F_R_A,92,101.43501856713938,48,False,,False,,False,,False,False,0.7,False,Sun,24
20250824,3F_R_N,85,98.72844983554366,48,False,,False,,False,,False,False,0.7,False,Sun,24
20250825,2F_L_N,180,102.24030484935271,49,False,,False,,False,,False,False,0.7,False,Mon,25
20250825,2F_R_N,168,103.52080940585219,49,False,,False,,False,,False,False,0.7,False,Mon,25
20250825,3F_L_A,96,100.47543049626661,49,False,,False,,False,,False,False,0.7,False,Mon,25
20250825,3F_L_N,90,105.4115508550756,49,False,,False,,False,,False,False,0.7,False,Mon,25
20250825,3F_R_A,92,98.94697965272847,49,False,,False,,False,,False,False,0.7,False,Mon,25
20250825,3F_R_N,85,102.61655949279441,49,False,,False,,False,,False,False,0.7,False,Mon,25
20250826,2F_L_N,180,99.7709538578391,50,False,,False,,False,,False,False,0.7,False,Tue,26
20250826,2F_R_N,168,101.74187081373722,50,False,,False,,False,,False,False,0.7,False,Tue,26
20250826,3F_L_A,96,101.70147844833309,50,False,,False,,False,,False,False,0.7,False,Tue,26
20250826,3F_L_N,91,97.94211175527037,50,False,,False,,False,,False,False,0.7,False,Tue,26
20250826,3F_R_A,92,97.8625137913145,50,False,,False,,False,,False,False,0.7,False,Tue,26
20250826,3F_R_N,85,100.34553447738074,50,False,,False,,False,,False,False,0.7,False,Tue,26
20250827,2F_L_N,180,105.24088723244395,51,False,,False,,False,,False,False,0.7,True,Wed,27
20250827,2F_R_N,168,101.19286552632275,51,False,,False,,False,,False,False,0.7,True,Wed,27
20250827,3F_L_A,96,102.06290288927924,51,False,,False,,False,,False,False,0.7,True,Wed,27
20250827,3F_L_N,91,102.88886315085712,51,False,,False,,False,,False,False,0.7,True,Wed,27
20250827,3F_R_A,92,102.58600652467486,51,False,,False,,False,,False,False,0.7,True,Wed,27
20250827,3F_R_N,85,95.10225802036405,51,False,,False,,False,,False,False,0.7,True,Wed,27
20250828,2F_L_N,180,97.48423651056189,52,False,,False,,False,,False,False,0.7,False,Thu,28
20250828,2F_R_N,165,101.44871437488136,52,False,,False,,False,,False,False,0.7,False,Thu,28
20250828,3F_L_A,96,98.91899001756325,52,False,,False,,False,,False,False,0.7,False,Thu,28
20250828,3F_L_N,88,103.17128969435089,52,False,,False,,False,,False,False,0.7,False,Thu,28
20250828,3F_R_A,92,97.94619410510198,52,False,,False,,False,,False,False,0.7,False,Thu,28
20250828,3F_R_N,80,95.61807566559904,52,False,,False,,False,,False,False,0.7,False,Thu,28
20250829,2F_L_N,180,101.16660770896483,53,False,,False,,False,,False,False,0.7,False,Fri,29
20250829,2F_R_N,167,98.96828909606627,53,False,,False,,False,,False,False,0.7,False,Fri,29
20250829,3F_L_A,96,99.35951041976541,53,False,,False,,False,,False,False,0.7,False,Fri,29
20250829,3F_L_N,90,97.18106455968638,53,False,,False,,False,,False,False,0.7,False,Fri,29
20250829,3F_R_A,92,98.91075707256701,53,False,,False,,False,,False,False,0.7,False,Fri,29
20250829,3F_R_N,85,97.96037842383377,53,False,,False,,False,,False,False,0.7,False,Fri,29
20250830,2F_L_N,180,108.69952767554949,54,False,,False,,False,,False,False,0.7,False,Sat,30
20250830,2F_R_N,167,106.85520442885806,54,False,,False,,False,,False,False,0.7,False,Sat,30
20250830,3F_L_A,96,101.38408172145449,54,False,,False,,False,,False,False,0.7,False,Sat,30
20250830,3F_L_N,91,106.4878466508342,54,False,,False,,False,,False,False,0.7,False,Sat,30
20250830,3F_R_A,92,101.1680879048621,54,False,,False,,False,,False,False,0.7,False,Sat,30
20250830,3F_R_N,85,100.05760948451473,54,False,,False,,False,,False,False,0.7,False,Sat,30
20250831,2F_L_N,180,100.11292007465553,55,False,,False,,False,,False,False,0.7,True,Sun,31
20250831,2F_R_N,167,100.42990975263375,55,False,,False,,False,,False,False,0.7,True,Sun,31
20250831,3F_L_A,96,104.79995303669897,55,False,,False,,False,,False,False,0.7,True,Sun,31
20250831,3F_L_N,91,100.76157462782011,55,False,,False,,False,,False,False,0.7,True,Sun,31
20250831,3F_R_A,92,104.30259793105712,55,False,,False,,False,,False,False,0.7,True,Sun,31
20250831,3F_R_N,85,106.62465146418671,55,False,,False,,False,,False,False,0.7,True,Sun,31
20250901,2F_L_N,180,94.65927948136999,56,False,,False,,False,,False,False,0.7,True,Mon,1
20250901,2F_R_N,167,99.40948305603513,56,False,,False,,False,,False,False,0.7,True,Mon,1
20250901,3F_L_A,96,98.5267282303583,56,False,,False,,False,,False,False,0.7,True,Mon,1
20250901,3F_L_N,91,98.11407083422706,56,False,,False,,False,,False,False,0.7,True,Mon,1
20250901,3F_R_A,92,97.80005070997765,56,False,,False,,False,,False,False,0.7,True,Mon,1
20250901,3F_R_N,85,97.18498658171075,56,False,,False,,False,,False,False,0.7,True,Mon,1
20250902,2F_L_N,179,96.64481276213587,57,False,,False,,False,,False,False,0.7,False,Tue,2
20250902,2F_R_N,167,101.84099299477886,57,False,,False,,False,,False,False,0.7,False,Tue,2
20250902,3F_L_A,96,101.08855804064656,57,False,,False,,False,,False,False,0.7,False,Tue,2
20250902,3F_L_N,91,98.38957571368603,57,False,,False,,False,,False,False,0.7,False,Tue,2
20250902,3F_R_A,92,99.15602307313756,57,False,,False,,False,,False,False,0.7,False,Tue,2
20250902,3F_R_N,85,100.55715705384148,57,False,,False,,False,,False,False,0.7,False,Tue,2
20250903,2F_L_N,179,104.98634687139793,58,False,,False,,False,,False,False,0.7,False,Wed,3
20250903,2F_R_N,167,102.09795562847718,58,False,,False,,False,,False,False,0.7,False,Wed,3
20250903,3F_L_A,96,98.08461911103409,58,False,,False,,False,,False,False,0.7,False,Wed,3
20250903,3F_L_N,91,101.65163137532161,58,False,,False,,False,,False,False,0.7,False,Wed,3
20250903,3F_R_A,92,97.60066375191937,58,False,,False,,False,,False,False,0.7,False,Wed,3
20250903,3F_R_N,84,100.04708939850646,58,False,,False,,False,,False,False,0.7,False,Wed,3
20250904,2F_L_N,178,101.65757370633523,59,False,,False,,False,,False,False,0.7,False,Thu,4
20250904,2F_R_N,167,103.5780761745344,59,False,,False,,False,,False,False,0.7,False,Thu,4
20250904,3F_L_A,96,98.5988626039646,59,False,,False,,False,,False,False,0.7,False,Thu,4
20250904,3F_L_N,87,99.75135789872849,59,False,,False,,False,,False,False,0.7,False,Thu,4
20250904,3F_R_A,92,98.65434200843526,59,False,,False,,False,,False,False,0.7,False,Thu,4
20250904,3F_R_N,82,105.50579839211221,59,False,,False,,False,,False,False,0.7,False,Thu,4
20250905,2F_L_N,178,97.35634427884318,60,False,,False,,False,,False,False,0.7,False,Fri,5
20250905,2F_R_N,164,99.07615732596734,60,False,,False,,False,,False,False,0.7,False,Fri,5
20250905,3F_L_A,96,97.86109583799993,60,False,,False,,False,,False,False,0.7,False,Fri,5
20250905,3F_L_N,89,96.41496701445313,60,False,,False,,False,,False,False,0.7,False,Fri,5
20250905,3F_R_A,92,98.91071492896026,60,False,,False,,False,,False,False,0.7,False,Fri,5
20250905,3F_R_N,84,106.70199751255855,60,False,,False,,False,,False,False,0.7,False,Fri,5
20250906,2F_L_N,179,111.37703191979129,61,False,,False,,False,,False,False,0.7,False,Sat,6
20250906,2F_R_N,166,109.03070360266828,61,False,,False,,False,,False,False,0.7,False,Sat,6
20250906,3F_L_A,96,99.78012951179643,61,False,,False,,False,,False,False,0.7,False,Sat,6
20250906,3F_L_N,91,98.99489845215798,61,False,,False,,False,,False,False,0.7,False,Sat,6
20250906,3F_R_A,92,100.53756564251147,61,False,,False,,False,,False,False,0.7,False,Sat,6
20250906,3F_R_N,85,99.78480370024293,61,False,,False,,False,,False,False,0.7,False,Sat,6
20250907,2F_L_N,179,99.57725460089407,62,False,,False,,False,,False,False,0.7,True,Sun,7
20250907,2F_R_N,166,103.44154141858198,62,False,,False,,False,,False,False,0.7,True,Sun,7
20250907,3F_L_A,96,99.84471371642057,62,False,,False,,False,,False,False,0.7,True,Sun,7
20250907,3F_L_N,91,99.62188389573804,62,False,,False,,False,,False,False,0.7,True,Sun,7
20250907,3F_R_A,92,100.67503667499179,62,False,,False,,False,,False,False,0.7,True,Sun,7
20250907,3F_R_N,85,102.97740748972231,62,False,,False,,False,,False,False,0.7,True,Sun,7
20250908,2F_L_N,178,101.48924516232042,63,False,,False,,False,,False,False,0.7,False,Mon,8
20250908,2F_R_N,166,98.0721124510348,63,False,,False,,False,,False,False,0.7,False,Mon,8
20250908,3F_L_A,96,100.26139372925964,63,False,,False,,False,,False,False,0.7,False,Mon,8
20250908,3F_L_N,86,107.72918237559423,63,False,,False,,False,,False,False,0.7,False,Mon,8
20250908,3F_R_A,92,99.32191550200434,63,False,,False,,False,,False,False,0.7,False,Mon,8
20250908,3F_R_N,81,105.42052938182267,63,False,,False,,False,,False,False,0.7,False,Mon,8
20250909,2F_L_N,180,95.00212358019495,64,False,,False,,False,,False,False,0.7,False,Tue,9
20250909,2F_R_N,167,97.73468087262557,64,False,,False,,False,,False,False,0.7,False,Tue,9
20250909,3F_L_A,96,102.63892319117282,64,False,,False,,False,,False,False,0.7,False,Tue,9
20250909,3F_L_N,91,94.58531999943206,64,False,,False,,False,,False,False,0.7,False,Tue,9
20250909,3F_R_A,92,99.84040983986768,64,False,,False,,False,,False,False,0.7,False,Tue,9
20250909,3F_R_N,85,104.44774478194275,64,False,,False,,False,,False,False,0.7,False,Tue,9
20250910,2F_L_N,179,102.41142239520846,65,False,,False,,False,,False,False,0.7,False,Wed,10
20250910,2F_R_N,166,97.98638791377678,65,False,,False,,False,,False,False,0.7,False,Wed,10
20250910,3F_L_A,96,98.9330033912221,65,False,,False,,False,,False,False,0.7,False,Wed,10
20250910,3F_L_N,88,95.92685960512519,65,False,,False,,False,,False,False,0.7,False,Wed,10
20250910,3F_R_A,92,97.75115179113295,65,False,,False,,False,,False,False,0.7,False,Wed,10
20250910,3F_R_N,81,98.64719299782914,65,False,,False,,False,,False,False,0.7,False,Wed,10
20250911,2F_L_N,179,99.97459551550747,66,False,,False,,False,,False,False,0.7,True,Thu,11
20250911,2F_R_N,167,100.43456056210618,66,False,,False,,False,,False,False,0.7,True,Thu,11
20250911,3F_L_A,96,99.7454685543773,66,False,,False,,False,,False,False,0.7,True,Thu,11
20250911,3F_L_N,90,100.88088247452752,66,False,,False,,False,,False,False,0.7,True,Thu,11
20250911,3F_R_A,92,98.49423431590166,66,False,,False,,False,,False,False,0.7,True,Thu,11
20250911,3F_R_N,83,93.90467669583876,66,False,,False,,False,,False,False,0.7,True,Thu,11
20250912,2F_L_N,180,97.53852439187273,67,False,,False,,False,,False,False,0.7,False,Fri,12
20250912,2F_R_N,167,99.70400281233428,67,False,,False,,False,,False,False,0.7,False,Fri,12
20250912,3F_L_A,96,98.04861135445695,67,False,,False,,False,,False,False,0.7,False,Fri,12
20250912,3F_L_N,91,100.72258469264185,67,False,,False,,False,,False,False,0.7,False,Fri,12
20250912,3F_R_A,92,97.26470215030598,67,False,,False,,False,,False,False,0.7,False,Fri,12
20250912,3F_R_N,84,91.15263557622242,67,False,,False,,False,,False,False,0.7,False,Fri,12
20250913,2F_L_N,180,105.771113316115,68,False,,False,,False,,False,False,0.7,False,Sat,13
20250913,2F_R_N,167,106.37909182774767,68,False,,False,,False,,False,False,0.7,False,Sat,13
20250913,3F_L_A,96,100.76177811765314,68,False,,False,,False,,False,False,0.7,False,Sat,13
20250913,3F_L_N,91,102.19965704319455,68,False,,False,,False,,False,False,0.7,False,Sat,13
20250913,3F_R_A,92,98.96376289122448,68,False,,False,,False,,False,False,0.7,False,Sat,13
20250913,3F_R_N,85,98.64948652244227,68,False,,False,,False,,False,False,0.7,False,Sat,13
20250914,2F_L_N,180,101.65014077230708,69,False,,False,,False,,False,False,0.7,False,Sun,14
20250914,2F_R_N,167,103.72384071273684,69,False,,False,,False,,False,False,0.7,False,Sun,14
20250914,3F_L_A,96,102.16571526723726,69,False,,False,,False,,False,False,0.7,False,Sun,14
20250914,3F_L_N,91,98.0311936768987,69,False,,False,,False,,False,False,0.7,False,Sun,14
20250914,3F_R_A,92,100.63700629134964,69,False,,False,,False,,False,False,0.7,False,Sun,14
20250914,3F_R_N,85,101.6054330116919,69,False,,False,,False,,False,False,0.7,False,Sun,14
20250915,2F_L_N,180,103.12271219991273,70,False,,False,,False,,False,False,0.7,False,Mon,15
20250915,2F_R_N,167,100.10074267949786,70,False,,False,,False,,False,False,0.7,False,Mon,15
20250915,3F_L_A,96,100.03452847488965,70,False,,False,,False,,False,False,0.7,False,Mon,15
20250915,3F_L_N,91,100.98155254986585,70,False,,False,,False,,False,False,0.7,False,Mon,15
20250915,3F_R_A,92,99.90536350224285,70,False,,False,,False,,False,False,0.7,False,Mon,15
20250915,3F_R_N,85,104.10205965313735,70,False,,False,,False,,False,False,0.7,False,Mon,15
20250916,2F_L_N,179,96.977133568905,71,False,,False,,False,,False,False,0.7,False,Tue,16
20250916,2F_R_N,164,105.56779640541201,71,False,,False,,False,,False,False,0.7,False,Tue,16
20250916,3F_L_A,95,98.93068163475135,71,False,,False,,False,,False,False,0.7,False,Tue,16
20250916,3F_L_N,89,95.58554974718744,71,False,,False,,False,,False,False,0.7,False,Tue,16
20250916,3F_R_A,91,98.38046623017499,71,False,,False,,False,,False,False,0.7,False,Tue,16
20250916,3F_R_N,83,91.89244413625616,71,False,,False,,False,,False,False,0.7,False,Tue,16
20250917,2F_L_N,180,102.62079138665554,72,False,,False,,False,,False,False,0.7,True,Wed,17
20250917,2F_R_N,166,102.62726636664596,72,False,,False,,False,,False,False,0.7,True,Wed,17
20250917,3F_L_A,96,99.14613255653835,72,False,,False,,False,,False,False,0.7,True,Wed,17
20250917,3F_L_N,91,98.625370695933,72,False,,False,,False,,False,False,0.7,True,Wed,17
20250917,3F_R_A,92,98.75814689868928,72,False,,False,,False,,False,False,0.7,True,Wed,17
20250917,3F_R_N,85,106.80739368462085,72,False,,False,,False,,False,False,0.7,True,Wed,17
20250918,2F_L_N,174,95.99619664565701,73,False,,False,,False,,False,False,0.7,False,Thu,18
20250918,2F_R_N,165,98.69257636747477,73,False,,False,,False,,False,False,0.7,False,Thu,18
20250918,3F_L_A,96,97.98289976676391,73,False,,False,,False,,False,False,0.7,False,Thu,18
20250918,3F_L_N,85,100.9799512857031,73,False,,False,,False,,False,False,0.7,False,Thu,18
20250918,3F_R_A,92,96.23535676697708,73,False,,False,,False,,False,False,0.7,False,Thu,18
20250918,3F_R_N,75,100.60412546845612,73,False,,False,,False,,False,False,0.7,False,Thu,18
20250919,2F_L_N,180,98.92547741824019,74,False,,False,,False,,False,False,0.7,False,Fri,19
20250919,2F_R_N,166,94.52823318003948,74,False,,False,,False,,False,False,0.7,False,Fri,19
20250919,3F_L_A,96,98.8117681552513,74,False,,False,,False,,False,False,0.7,False,Fri,19
20250919,3F_L_N,84,102.86460466809389,74,False,,False,,False,,False,False,0.7,False,Fri,19
20250919,3F_R_A,92,97.59202332001682,74,False,,False,,False,,False,False,0.7,False,Fri,19
20250919,3F_R_N,80,91.57475012413582,74,False,,False,,False,,False,False,0.7,False,Fri,19
20250920,2F_L_N,180,102.41679911548535,75,False,,False,,False,,False,False,0.7,False,Sat,20
20250920,2F_R_N,166,102.42464011958248,75,False,,False,,False,,False,False,0.7,False,Sat,20
20250920,3F_L_A,96,99.95490819011657,75,False,,False,,False,,False,False,0.7,False,Sat,20
20250920,3F_L_N,91,101.86096426878997,75,False,,False,,False,,False,False,0.7,False,Sat,20
20250920,3F_R_A,92,100.9267064978579,75,False,,False,,False,,False,False,0.7,False,Sat,20
20250920,3F_R_N,85,98.30676877523072,75,False,,False,,False,,False,False,0.7,False,Sat,20
20250921,2F_L_N,180,105.75010179657377,76,False,,False,,False,,False,False,0.7,True,Sun,21
20250921,2F_R_N,166,104.15677763836219,76,False,,False,,False,,False,False,0.7,True,Sun,21
20250921,3F_L_A,96,99.50381733947859,76,False,,False,,False,,False,False,0.7,True,Sun,21
20250921,3F_L_N,91,105.34764542210985,76,False,,False,,False,,False,False,0.7,True,Sun,21
20250921,3F_R_A,92,98.57531668494899,76,False,,False,,False,,False,False,0.7,True,Sun,21
20250921,3F_R_N,85,104.37062188601472,76,False,,False,,False,,False,False,0.7,True,Sun,21
20250922,2F_L_N,181,99.96030801074086,77,False,,False,,False,,False,False,0.7,True,Mon,22
20250922,2F_R_N,168,100.5866761074144,77,False,,False,,False,,False,False,0.7,True,Mon,22
20250922,3F_L_A,96,97.8497611778517,77,False,,False,,False,,False,False,0.7,True,Mon,22
20250922,3F_L_N,90,106.36987406440738,77,False,,False,,False,,False,False,0.7,True,Mon,22
20250922,3F_R_A,92,98.25723660807991,77,False,,False,,False,,False,False,0.7,True,Mon,22
20250922,3F_R_N,85,99.2134013361641,77,False,,False,,False,,False,False,0.7,True,Mon,22
20250923,2F_L_N,181,99.10532983617833,78,False,,False,,False,,False,False,0.7,False,Tue,23
20250923,2F_R_N,168,103.25892126062789,78,False,,False,,False,,False,False,0.7,False,Tue,23
20250923,3F_L_A,96,100.14163651574579,78,False,,False,,False,,False,False,0.7,False,Tue,23
20250923,3F_L_N,91,99.90333030692362,78,False,,False,,False,,False,False,0.7,False,Tue,23
20250923,3F_R_A,92,99.69930644313783,78,False,,False,,False,,False,False,0.7,False,Tue,23
20250923,3F_R_N,85,102.35834048749774,78,False,,False,,False,,False,False,0.7,False,Tue,23
20250924,2F_L_N,181,98.63460630511548,79,False,,False,,False,,False,False,0.7,False,Wed,24
20250924,2F_R_N,168,98.61481337240387,79,False,,False,,False,,False,False,0.7,False,Wed,24
20250924,3F_L_A,96,98.10092671489656,79,False,,False,,False,,False,False,0.7,False,Wed,24
20250924,3F_L_N,89,101.23868431219054,79,False,,False,,False,,False,False,0.7,False,Wed,24
20250924,3F_R_A,92,97.80777889665255,79,False,,False,,False,,False,False,0.7,False,Wed,24
20250924,3F_R_N,83,101.61628958577239,79,False,,False,,False,,False,False,0.7,False,Wed,24
20250925,2F_L_N,180,97.45971726120473,80,False,,False,,False,,False,False,0.7,False,Thu,25
20250925,2F_R_N,166,98.33926530283568,80,False,,False,,False,,False,False,0.7,False,Thu,25
20250925,3F_L_A,96,96.65459083199465,80,False,,False,,False,,False,False,0.7,False,Thu,25
20250925,3F_L_N,85,101.04680937142625,80,False,,False,,False,,False,False,0.7,False,Thu,25
20250925,3F_R_A,92,96.83698604717736,80,False,,False,,False,,False,False,0.7,False,Thu,25
20250925,3F_R_N,78,104.41541575810973,80,False,,False,,False,,False,False,0.7,False,Thu,25
20250926,2F_L_N,178,96.12859252073198,81,False,,False,,False,,False,False,0.7,False,Fri,26
20250926,2F_R_N,168,105.00002783936077,81,False,,False,,False,,False,False,0.7,False,Fri,26
20250926,3F_L_A,96,96.88431180834316,81,False,,False,,False,,False,False,0.7,False,Fri,26
20250926,3F_L_N,89,98.83362424243582,81,False,,False,,False,,False,False,0.7,False,Fri,26
20250926,3F_R_A,92,98.61125071938388,81,False,,False,,False,,False,False,0.7,False,Fri,26
20250926,3F_R_N,84,95.68851075671638,81,False,,False,,False,,False,False,0.7,False,Fri,26
20250927,2F_L_N,181,101.67366458795125,82,False,,False,,False,,False,False,0.7,True,Sat,27
20250927,2F_R_N,168,100.83358082877574,82,False,,False,,False,,False,False,0.7,True,Sat,27
20250927,3F_L_A,96,99.90956052127966,82,False,,False,,False,,False,False,0.7,True,Sat,27
20250927,3F_L_N,91,110.048016222204,82,False,,False,,False,,False,False,0.7,True,Sat,27
20250927,3F_R_A,92,100.780589926861,82,False,,False,,False,,False,False,0.7,True,Sat,27
20250927,3F_R_N,85,101.28863187547626,82,False,,False,,False,,False,False,0.7,True,Sat,27
20250928,2F_L_N,181,100.49503083264442,83,False,,False,,False,,False,False,0.7,False,Sun,28
20250928,2F_R_N,168,98.49963700185079,83,False,,False,,False,,False,False,0.7,False,Sun,28
20250928,3F_L_A,96,98.5351307244772,83,False,,False,,False,,False,False,0.7,False,Sun,28
20250928,3F_L_N,91,119.59144782127511,83,False,,False,,False,,False,False,0.7,False,Sun,28
20250928,3F_R_A,92,98.37085340916298,83,False,,False,,False,,False,False,0.7,False,Sun,28
20250928,3F_R_N,85,101.00027655941655,83,False,,False,,False,,False,False,0.7,False,Sun,28
20250929,2F_L_N,179,96.39757665613689,84,False,,False,,False,,False,False,0.7,False,Mon,29
20250929,2F_R_N,168,100.29844253925054,84,False,,False,,False,,False,False,0.7,False,Mon,29
20250929,3F_L_A,96,96.1289972069953,84,False,,False,,False,,False,False,0.7,False,Mon,29
20250929,3F_L_N,86,101.7477155543193,84,False,,False,,False,,False,False,0.7,False,Mon,29
20250929,3F_R_A,92,97.91101006019451,84,False,,False,,False,,False,False,0.7,False,Mon,29
20250929,3F_R_N,75,100.85314285051982,84,False,,False,,False,,False,False,0.7,False,Mon,29
20250930,2F_L_N,181,106.83763392513623,85,False,,False,,False,,False,False,0.7,True,Tue,30
20250930,2F_R_N,168,99.67799434093517,85,False,,False,,False,,False,False,0.7,True,Tue,30
20250930,3F_L_A,96,99.80906041586015,85,False,,False,,False,,False,False,0.7,True,Tue,30
20250930,3F_L_N,87,106.36033552306897,85,False,,False,,False,,False,False,0.7,True,Tue,30
20250930,3F_R_A,92,99.70793423125063,85,False,,False,,False,,False,False,0.7,True,Tue,30
20250930,3F_R_N,84,101.93985048814672,85,False,,False,,False,,False,False,0.7,True,Tue,30
20251001,2F_L_N,181,107.60127643368237,86,False,,False,,False,,False,False,0.7,True,Wed,1
20251001,2F_R_N,168,108.40744907029668,86,False,,False,,False,,False,False,0.7,True,Wed,1
20251001,3F_L_A,96,98.26551136323259,86,False,,False,,False,,False,False,0.7,True,Wed,1
20251001,3F_L_N,89,99.57053626399964,86,False,,False,,False,,False,False,0.7,True,Wed,1
20251001,3F_R_A,92,97.09116123027323,86,False,,False,,False,,False,False,0.7,True,Wed,1
20251001,3F_R_N,82,95.32489688019928,86,False,,False,,False,,False,False,0.7,True,Wed,1
20251002,2F_L_N,180,100.2463571011209,87,False,,False,,False,,False,False,0.7,False,Thu,2
20251002,2F_R_N,166,98.56544118319496,87,False,,False,,False,,False,False,0.7,False,Thu,2
20251002,3F_L_A,96,97.89461213802883,87,False,,False,,False,,False,False,0.7,False,Thu,2
20251002,3F_L_N,86,97.03747269226244,87,False,,False,,False,,False,False,0.7,False,Thu,2
20251002,3F_R_A,91,95.83442458972696,87,False,,False,,False,,False,False,0.7,False,Thu,2
20251002,3F_R_N,80,95.92739939462817,87,False,,False,,False,,False,False,0.7,False,Thu,2
20251003,2F_L_N,181,102.9121763514231,88,False,,False,,False,,False,False,0.7,False,Fri,3
20251003,2F_R_N,165,101.97187135796592,88,False,,False,,False,,False,False,0.7,False,Fri,3
20251003,3F_L_A,96,98.83628926754086,88,False,,False,,False,,False,False,0.7,False,Fri,3
20251003,3F_L_N,85,98.57907254792698,88,False,,False,,False,,False,False,0.7,False,Fri,3
20251003,3F_R_A,92,97.33368156840994,88,False,,False,,False,,False,False,0.7,False,Fri,3
20251003,3F_R_N,81,99.40563144339254,88,False,,False,,False,,False,False,0.7,False,Fri,3
20251004,2F_L_N,181,106.12801137183415,89,False,,False,,False,,False,False,0.7,False,Sat,4
20251004,2F_R_N,168,103.87626011204122,89,False,,False,,False,,False,False,0.7,False,Sat,4
20251004,3F_L_A,96,99.98722748175898,89,False,,False,,False,,False,False,0.7,False,Sat,4
20251004,3F_L_N,90,104.15572433866635,89,False,,False,,False,,False,False,0.7,False,Sat,4
20251004,3F_R_A,92,98.37763171013336,89,False,,False,,False,,False,False,0.7,False,Sat,4
20251004,3F_R_N,85,94.49233166899019,89,False,,False,,False,,False,False,0.7,False,Sat,4
20251005,2F_L_N,181,101.4960757422106,90,True,103.03413107544934,False,105.02887718341643,False,105.7663238050617,False,False,0.7,False,Sun,5
20251005,2F_R_N,168,104.9541341333083,90,True,103.33055334091935,True,103.88567835577322,True,105.23300702920892,False,True,0.7,False,Sun,5
20251005,3F_L_A,96,98.65832419476277,90,True,100.02983910175038,False,100.45870830510042,False,101.09671326389709,False,False,0.7,False,Sun,5
20251005,3F_L_N,90,105.57277880532976,90,True,102.26784241738642,True,103.89180188275748,True,105.00841772747735,True,True,0.7,False,Sun,5
20251005,3F_R_A,92,100.01834311462294,90,True,99.70476718514497,True,100.62681099476966,False,101.44572100233073,False,False,0.7,False,Sun,5
20251005,3F_R_N,85,98.11473118751779,90,True,101.61996095795467,False,102.58709792938961,False,104.37958066043372,False,False,0.7,False,Sun,5
20251006,2F_L_N,180,100.55210387314995,91,True,103.02174438130064,False,104.71854003847739,False,105.76270723582695,False,False,0.7,False,Mon,6
20251006,2F_R_N,167,97.87582904424129,91,True,103.33055334091935,False,103.88567835577322,False,105.04652729732065,False,False,0.7,False,Mon,6
20251006,3F_L_A,93,95.43651949629118,91,True,100.01952937247476,False,100.43935640296955,False,101.07194768221841,False,False,0.7,False,Mon,6
20251006,3F_L_N,82,97.72799889027623,91,True,102.26784241738642,False,103.89180188275748,False,105.00841772747735,False,False,0.7,False,Mon,6
20251006,3F_R_A,91,96.58398288742782,91,True,99.70476718514497,False,100.56302842434292,False,101.23133303760127,False,False,0.7,False,Mon,6
20251006,3F_R_N,80,102.35985747911234,91,True,101.60977564132409,True,102.4231798047704,False,104.26156368817772,False,False,0.7,False,Mon,6
20251007,2F_L_N,181,101.68481047552308,92,True,103.00967438214165,False,104.28222224736267,False,105.75250192485083,False,False,0.7,True,Tue,7
20251007,2F_R_N,169,99.38230111541793,92,True,103.21772203253286,False,103.82478590270924,False,104.96331287451879,False,False,0.7,True,Tue,7
20251007,3F_L_A,96,98.20184968018096,92,True,100.01119604272576,False,100.31321585653025,False,101.07194768221841,False,False,0.7,True,Tue,7
20251007,3F_L_N,90,105.3771629086404,92,True,101.99644137855181,True,103.37204949219392,True,104.95117806886861,True,True,0.7,True,Tue,7
20251007,3F_R_A,92,99.06845024450473,92,True,99.70064619431251,False,100.33624551024103,False,101.17055265493303,False,False,0.7,True,Tue,7
20251007,3F_R_N,85,102.41356822763996,92,True,101.60977564132409,True,102.35879558498212,True,104.12850755025357,False,True,0.7,True,Tue,7
20251008,2F_L_N,180,99.24714769979758,93,True,103.00132196478442,False,103.79735299320413,False,105.67030013969395,False,False,0.7,False,Wed,8
20251008,2F_R_N,168,101.40640829844432,93,True,103.04339958980118,False,103.74750615710016,False,104.83225185202627,False,False,0.7,False,Wed,8
20251008,3F_L_A,96,96.61122910050513,93,True,99.99607598254205,False,100.22170693221001,False,101.01814922637865,False,False,0.7,False,Wed,8
20251008,3F_L_N,84,104.44862083261731,93,True,101.99644137855181,True,103.37204949219392,True,104.95117806886861,False,True,0.7,False,Wed,8
20251008,3F_R_A,92,99.49817177043374,93,True,99.68490624414704,False,100.08782981630216,False,101.13327004305914,False,False,0.7,False,Wed,8
20251008,3F_R_N,85,97.14917259302236,93,True,101.60977564132409,False,102.35879558498212,False,104.00501260946994,False,False,0.7,False,Wed,8
20251009,2F_L_N,175,98.4322338496045,94,True,102.95192405832569,False,103.58449451284231,False,105.52865524568573,False,False,0.7,False,Thu,9
20251009,2F_R_N,165,101.74057087790021,94,True,102.81691298985858,False,103.62180553599514,False,104.81607494632966,False,False,0.7,False,Thu,9
20251009,3F_L_A,94,97.78959489408824,94,True,99.96783590677353,False,100.22170693221001,False,101.01814922637865,False,False,0.7,False,Thu,9
20251009,3F_L_N,72,96.97671387692186,94,True,101.99644137855181,False,103.37204949219392,False,104.7503402880842,False,False,0.7,False,Thu,9
20251009,3F_R_A,91,96.42183666741084,94,True,99.56902550685486,False,99.99183179810306,False,100.96627831380799,False,False,0.7,False,Thu,9
20251009,3F_R_N,67,103.08502609502186,94,True,101.41535232996252,True,102.14008576388605,True,103.60670792321386,False,True,0.7,False,Thu,9
20251010,2F_L_N,181,99.54707577452695,95,True,102.91554102426055,False,103.50738129276796,False,105.48328338119069,False,False,0.7,False,Fri,10
20251010,2F_R_N,169,94.09617113740092,95,True,102.66883637428735,False,103.56876002367126,False,104.54254382926425,False,False,0.7,False,Fri,10
20251010,3F_L_A,96,98.02790528426375,95,True,99.96783590677353,False,100.22170693221001,False,101.01814922637865,False,False,0.7,False,Fri,10
20251010,3F_L_N,88,106.68326036887862,95,True,101.80412325829698,True,103.10842292607796,True,104.7503402880842,True,True,0.7,False,Fri,10
20251010,3F_R_A,91,97.92600952545959,95,True,99.42911370944391,False,99.9626574606326,False,100.88199073812382,False,False,0.7,False,Fri,10
20251010,3F_R_N,84,103.71827858139453,95,True,101.41535232996252,True,102.35879558498212,True,103.60670792321386,True,True,0.7,False,Fri,10
20251011,2F_L_N,181,95.17539071753288,96,True,102.73734537256256,False,103.28734803943394,False,105.4597766208439,False,False,0.7,True,Sat,11
20251011,2F_R_N,169,98.01166531740698,96,True,102.59622277947908,False,103.53399680037265,False,104.37752650063032,False,False,0.7,True,Sat,11
20251011,3F_L_A,96,96.87085600245616,96,True,99.93612943167385,False,100.22170693221001,False,101.01814922637865,False,False,0.7,True,Sat,11
20251011,3F_L_N,90,107.86681014826259,96,True,101.99644137855181,True,103.37204949219392,True,104.95117806886861,True,True,0.7,True,Sat,11
20251011,3F_R_A,92,96.21652051414995,96,True,99.37578994917841,False,99.92026153115854,False,100.79863430112685,False,False,0.7,True,Sat,11
20251011,3F_R_N,85,101.44787964922774,96,True,101.41535232996252,True,102.35879558498212,False,103.55421346978216,False,False,0.7,True,Sat,11
20251013,2F_L_N,181,103.29924726516565,97,True,102.58866323867682,True,103.28734803943394,True,105.4597766208439,False,True,0.7,False,Mon,13
20251013,2F_R_N,169,102.57349428745857,97,True,102.56949123309255,True,103.46852059031934,False,104.19566424838813,False,False,0.7,False,Mon,13
20251013,3F_L_A,96,100.09023562094808,97,True,99.93612943167385,True,100.22170693221001,False,101.01814922637865,False,False,0.7,False,Mon,13
20251013,3F_L_N,90,102.05153988791193,97,True,101.99644137855181,True,103.37204949219392,False,104.95117806886861,False,False,0.7,False,Mon,13
20251013,3F_R_A,92,98.68700318486314,97,True,99.37578994917841,False,99.92026153115854,False,100.79863430112685,False,False,0.7,False,Mon,13
20251013,3F_R_N,84,105.54548256815815,97,True,101.35233098497685,True,102.14008576388605,True,103.22585459838723,True,True,0.7,False,Mon,13
20251014,2F_L_N,178,98.8963876770291,98,True,102.58866323867682,False,103.23128944520825,False,105.28367662516345,False,False,0.7,False,Tue,14
20251014,2F_R_N,168,98.09004633857703,98,True,102.5743073943556,False,103.46852059031934,False,104.19566424838813,False,False,0.7,False,Tue,14
20251014,3F_L_A,96,98.4107370777154,98,True,99.93612943167385,False,100.16055505249297,False,100.99740888044293,False,False,0.7,False,Tue,14
20251014,3F_L_N,86,106.96614793298956,98,True,101.93719451643875,True,103.10842292607796,True,104.95117806886861,True,True,0.7,False,Tue,14
20251014,3F_R_A,92,94.93346279601907,98,True,99.37578994917841,False,99.92026153115854,False,100.79863430112685,False,False,0.7,False,Tue,14
20251014,3F_R_N,76,103.83792132333518,98,True,101.35233098497685,True,102.14008576388605,True,103.22585459838723,True,True,0.7,False,Tue,14
20251015,2F_L_N,179,100.58624913615304,99,True,102.47697725863428,False,103.1756727194886,False,105.28367662516345,False,False,0.7,False,Wed,15
20251015,2F_R_N,169,100.61481312172253,99,True,102.5743073943556,False,103.46852059031934,False,104.19566424838813,False,False,0.7,False,Wed,15
20251015,3F_L_A,96,96.82133952891631,99,True,99.91518041651928,False,100.11507822987724,False,100.80848782624221,False,False,0.7,False,Wed,15
20251015,3F_L_N,90,95.33353031674663,99,True,101.93719451643875,False,103.10842292607796,False,104.95117806886861,False,False,0.7,False,Wed,15
20251015,3F_R_A,92,96.15337440547772,99,True,99.3562667861756,False,99.85989593858022,False,100.69614732536563,False,False,0.7,False,Wed,15
20251015,3F_R_N,84,96.04576379668151,99,True,101.5109009942134,False,102.35879558498212,False,103.55421346978216,False,False,0.7,False,Wed,15
20251016,2F_L_N,176,100.61537691084949,100,True,102.47697725863428,False,103.1756727194886,False,105.28367662516345,False,False,0.7,False,Thu,16
20251016,2F_R_N,167,100.64716176226868,100,True,102.56867812619552,False,103.46852059031934,False,104.19566424838813,False,False,0.7,False,Thu,16
20251016,3F_L_A,95,96.09286776999052,100,True,99.91518041651928,False,100.11507822987724,False,100.80848782624221,False,False,0.7,False,Thu,16
20251016,3F_L_N,80,99.98554071470797,100,True,101.80412325829698,False,102.96035188627555,False,104.80290938599873,False,False,0.7,False,Thu,16
20251016,3F_R_A,92,96.56795736791572,100,True,99.3562667861756,False,99.85989593858022,False,100.69614732536563,False,False,0.7,False,Thu,16
20251016,3F_R_N,80,97.12593582681728,100,True,101.5109009942134,False,102.35879558498212,False,103.55421346978216,False,False,0.7,False,Thu,16
20251017,2F_L_N,180,97.9064604633496,101,True,102.41357308331922,False,103.06595050483767,False,105.1506691089898,False,False,0.7,True,Fri,17
20251017,2F_R_N,169,100.85460958676927,101,True,102.48097101255755,False,103.46852059031934,False,104.19566424838813,False,False,0.7,True,Fri,17
20251017,3F_L_A,96,97.30475044871764,101,True,99.88080020308531,False,100.0942737668723,False,100.67308067523285,False,False,0.7,True,Fri,17
20251017,3F_L_N,90,101.74660992055468,101,True,101.75512103311225,False,102.89473615359655,False,104.80290938599873,False,False,0.7,True,Fri,17
20251017,3F_R_A,92,98.11476313125254,101,True,99.34018575001035,False,99.78731273456373,False,100.64461236807807,False,False,0.7,True,Fri,17
20251017,3F_R_N,85,102.88904026088971,101,True,101.5109009942134,True,102.35879558498212,True,103.55421346978216,False,True,0.7,True,Fri,17
20251018,2F_L_N,181,98.83760437198734,102,True,102.30875186769501,False,103.03288224400902,False,105.1506691089898,False,False,0.7,False,Sat,18
20251018,2F_R_N,169,105.3229960066727,102,True,102.22896412445856,True,103.46852059031934,True,104.19566424838813,True,True,0.7,False,Sat,18
20251018,3F_L_A,96,97.48323991347291,102,True,99.88080020308531,False,100.0942737668723,False,100.67308067523285,False,False,0.7,False,Sat,18
20251018,3F_L_N,90,99.24868663322945,102,True,101.75512103311225,False,102.89473615359655,False,104.80290938599873,False,False,0.7,False,Sat,18
20251018,3F_R_A,92,98.46262986225459,102,True,99.34018575001035,False,99.78731273456373,False,100.64461236807807,False,False,0.7,False,Sat,18
20251018,3F_R_N,84,93.3474756273594,102,True,101.60977564132409,False,102.37597070367062,False,103.55421346978216,False,False,0.7,False,Sat,18
20251019,2F_L_N,181,98.59825931126844,103,True,102.10977875463446,False,103.01217966296304,False,105.0147004127436,False,False,0.7,False,Sun,19
20251019,2F_R_N,169,97.92733430477362,103,True,102.22896412445856,False,103.46852059031934,False,104.19566424838813,False,False,0.7,False,Sun,19
20251019,3F_L_A,96,97.99238358698818,103,True,99.88080020308531,False,100.0942737668723,False,100.67308067523285,False,False,0.7,False,Sun,19
20251019,3F_L_N,90,104.9449182727981,103,True,101.75512103311225,True,102.89473615359655,True,104.80290938599873,True,True,0.7,False,Sun,19
20251019,3F_R_A,92,99.33457045059322,103,True,99.33174495939457,True,99.78731273456373,False,100.64461236807807,False,False,0.7,False,Sun,19
20251019,3F_R_N,85,100.36593648837622,103,True,101.60977564132409,False,102.37597070367062,False,103.55421346978216,False,False,0.7,False,Sun,19
20251020,2F_L_N,181,96.85347941316276,104,True,101.8199908285761,False,103.01217966296304,False,105.0147004127436,False,False,0.7,False,Mon,20
20251020,2F_R_N,168,99.89188867392338,104,True,102.09817876150335,False,103.44291232239182,False,104.00345832528133,False,False,0.7,False,Mon,20
20251020,3F_L_A,96,97.07505757865327,104,True,99.85147889290131,False,100.06905949916825,False,100.54834945422756,False,False,0.7,False,Mon,20
20251020,3F_L_N,80,96.81829625400096,104,True,101.80412325829698,False,102.96035188627555,False,104.98822551034382,False,False,0.7,False,Mon,20
20251020,3F_R_A,92,94.65720838788548,104,True,99.3269774814399,False,99.72492101156263,False,100.62535452382966,False,False,0.7,False,Mon,20
20251020,3F_R_N,75,97.52297901030268,104,True,101.5109009942134,False,102.35879558498212,False,103.22585459838723,False,False,0.7,False,Mon,20
20251021,2F_L_N,179,99.80979786706936,105,True,101.67812294297998,False,102.94588545405739,False,105.0147004127436,False,False,0.7,True,Tue,21
20251021,2F_R_N,168,100.70178556404397,105,True,102.02230506617043,False,103.31370730801412,False,104.00345832528133,False,False,0.7,True,Tue,21
20251021,3F_L_A,96,96.83067438287772,105,True,99.82332173608431,False,100.0421651379444,False,100.48488644483879,False,False,0.7,True,Tue,21
20251021,3F_L_N,83,103.15537355393333,105,True,101.75512103311225,True,102.96035188627555,True,104.98822551034382,False,True,0.7,True,Tue,21
20251021,3F_R_A,92,96.46241291966263,105,True,99.28396998183939,False,99.70423934412737,False,100.5545408303991,False,False,0.7,True,Tue,21
20251021,3F_R_N,73,103.57406093685768,105,True,101.35233098497685,True,102.35879558498212,True,103.22585459838723,True,True,0.7,True,Tue,21
20251022,2F_L_N,180,99.23800730670844,106,True,101.66401005898163,False,102.91469985605119,False,104.68028191948873,False,False,0.7,True,Wed,22
20251022,2F_R_N,168,101.04141521239964,106,True,101.89334434005369,False,103.31370730801412,False,104.00345832528133,False,False,0.7,True,Wed,22
20251022,3F_L_A,96,97.9710157166703,106,True,99.82332173608431,False,100.0421651379444,False,100.48488644483879,False,False,0.7,True,Wed,22
20251022,3F_L_N,89,97.11740551139528,106,True,101.75512103311225,False,102.96035188627555,False,104.98822551034382,False,False,0.7,True,Wed,22
20251022,3F_R_A,92,99.24988995197869,106,True,99.19708303124098,True,99.70423934412737,False,100.5545408303991,False,False,0.7,True,Wed,22
20251022,3F_R_N,84,96.5556916467393,106,True,101.5109009942134,False,102.37597070367062,False,103.52536994087478,False,False,0.7,True,Wed,22
20251023,2F_L_N,177,99.50289640880449,107,True,101.66401005898163,False,102.91469985605119,False,104.68028191948873,False,False,0.7,False,Thu,23
20251023,2F_R_N,164,98.48553926124985,107,True,101.89334434005369,False,103.31370730801412,False,104.00345832528133,False,False,0.7,False,Thu,23
20251023,3F_L_A,95,97.34642336322972,107,True,99.82332173608431,False,100.0421651379444,False,100.48488644483879,False,False,0.7,False,Thu,23
20251023,3F_L_N,83,94.09532847004847,107,True,101.74705217406053,False,102.89473615359655,False,104.98822551034382,False,False,0.7,False,Thu,23
20251023,3F_R_A,90,95.21531908266145,107,True,99.25340315854565,False,99.70423934412737,False,100.5545408303991,False,False,0.7,False,Thu,23
20251023,3F_R_N,76,109.75629900138483,107,True,101.5109009942134,True,102.37597070367062,True,103.52536994087478,True,True,0.7,False,Thu,23
20251024,2F_L_N,180,94.67967994855682,108,True,101.65714133191287,False,102.70820687608581,False,104.68028191948873,False,False,0.7,False,Fri,24
20251024,2F_R_N,167,99.43701657197543,108,True,101.89334434005369,False,103.31370730801412,False,104.00345832528133,False,False,0.7,False,Fri,24
20251024,3F_L_A,95,96.11643078634563,108,True,99.79478944618349,False,100.0421651379444,False,100.48488644483879,False,False,0.7,False,Fri,24
20251024,3F_L_N,86,101.38051765242189,108,True,101.68962279341484,False,102.89473615359655,False,104.98822551034382,False,False,0.7,False,Fri,24
20251024,3F_R_A,91,97.04570390938923,108,True,99.25340315854565,False,99.70423934412737,False,100.5545408303991,False,False,0.7,False,Fri,24
20251024,3F_R_N,77,101.24692069018192,108,True,101.60977564132409,False,102.46183922286995,False,103.60290446576505,False,False,0.7,False,Fri,24
20251025,2F_L_N,181,101.49057931490218,109,True,101.65714133191287,False,102.70820687608581,False,104.68028191948873,False,False,0.7,False,Sat,25
20251025,2F_R_N,168,99.97881555299608,109,True,101.89334434005369,False,103.31370730801412,False,104.00345832528133,False,False,0.7,False,Sat,25
20251025,3F_L_A,96,99.35414491885679,109,True,99.79478944618349,False,100.0421651379444,False,100.48488644483879,False,False,0.7,False,Sat,25
20251025,3F_L_N,91,96.20738974968843,109,True,101.48896314158178,False,102.87188221292286,False,104.75960214845301,False,False,0.7,False,Sat,25
20251025,3F_R_A,92,98.65550716411411,109,True,99.25340315854565,False,99.70423934412737,False,100.5545408303991,False,False,0.7,False,Sat,25
20251025,3F_R_N,85,94.16578839250549,109,True,101.60977564132409,False,102.46183922286995,False,103.60290446576505,False,False,0.7,False,Sat,25
20251026,2F_L_N,181,98.04620415887418,110,True,101.65282569630344,False,102.58330854734703,False,103.83964184221269,False,False,0.7,False,Sun,26
20251026,2F_R_N,168,101.49086516015905,110,True,101.78151968615387,False,103.21085549451703,False,103.91914910565387,False,False,0.7,False,Sun,26
20251026,3F_L_A,96,95.70827885040488,110,True,99.79478944618349,False,100.0421651379444,False,100.48488644483879,False,False,0.7,False,Sun,26
20251026,3F_L_N,91,99.70179896582334,110,True,101.48896314158178,False,102.87188221292286,False,104.75960214845301,False,False,0.7,False,Sun,26
20251026,3F_R_A,92,97.4211541147927,110,True,99.19356982467401,False,99.70423934412737,False,100.5545408303991,False,False,0.7,False,Sun,26
20251026,3F_R_N,85,99.83365126949045,110,True,101.5109009942134,False,102.37597070367062,False,103.60290446576505,False,False,0.7,False,Sun,26
20251027,2F_L_N,181,105.87645991254706,111,True,101.62784185000505,True,102.46193272284704,True,103.51860957321196,True,True,0.7,True,Mon,27
20251027,2F_R_N,168,105.2296520622912,111,True,101.74109085223502,True,102.79616322079302,True,103.91914910565387,True,True,0.7,True,Mon,27
20251027,3F_L_A,96,98.81146828997674,111,True,99.78218789363748,False,100.02013544683449,False,100.45631942064811,False,False,0.7,True,Mon,27
20251027,3F_L_N,91,97.24126464764397,111,True,101.29541764828308,False,102.80332796801427,False,104.50155128956719,False,False,0.7,True,Mon,27
20251027,3F_R_A,92,98.54193831467279,111,True,99.10347937595786,False,99.70031125651884,False,100.30748549134525,False,False,0.7,True,Mon,27
20251027,3F_R_N,85,102.70219009005945,111,True,101.35233098497685,True,102.35879558498212,True,103.60290446576505,False,True,0.7,True,Mon,27
20251028,2F_L_N,179,95.9907214041392,112,True,101.65282569630344,False,102.58330854734703,False,103.83964184221269,False,False,0.7,False,Tue,28
20251028,2F_R_N,165,100.80975425591525,112,True,101.78151968615387,False,103.21085549451703,False,104.00345832528133,False,False,0.7,False,Tue,28
20251028,3F_L_A,96,98.08364173418205,112,True,99.78218789363748,False,100.02013544683449,False,100.45631942064811,False,False,0.7,False,Tue,28
20251028,3F_L_N,89,99.32890636310121,112,True,101.29541764828308,False,102.80332796801427,False,104.50155128956719,False,False,0.7,False,Tue,28
20251028,3F_R_A,91,97.44331009290131,112,True,99.10347937595786,False,99.70031125651884,False,100.30748549134525,False,False,0.7,False,Tue,28
20251028,3F_R_N,80,98.8737446132689,112,True,101.35233098497685,False,102.37597070367062,False,103.60290446576505,False,False,0.7,False,Tue,28
20251029,2F_L_N,179,107.11805414626824,113,True,101.62784185000505,True,102.46193272284704,True,103.83964184221269,True,True,0.7,False,Wed,29
20251029,2F_R_N,168,95.6700994644179,113,True,101.78151968615387,False,103.21085549451703,False,104.00345832528133,False,False,0.7,False,Wed,29
20251029,3F_L_A,95,99.72141965827771,113,True,99.78218789363748,False,100.02013544683449,False,100.45631942064811,False,False,0.7,False,Wed,29
20251029,3F_L_N,85,96.98625740187398,113,True,101.29541764828308,False,102.80332796801427,False,104.50155128956719,False,False,0.7,False,Wed,29
20251029,3F_R_A,91,97.73272622209574,113,True,99.10347937595786,False,99.70031125651884,False,100.30748549134525,False,False,0.7,False,Wed,29
20251029,3F_R_N,82,102.01093590285994,113,True,101.26360516429966,True,102.37597070367062,False,103.60290446576505,False,False,0.7,False,Wed,29
20251030,2F_L_N,180,104.07426947896765,114,True,101.65282569630344,True,102.58330854734703,True,104.68028191948873,False,True,0.7,False,Thu,30
20251030,2F_R_N,168,106.9329741210552,114,True,101.78151968615387,True,103.21085549451703,True,104.00345832528133,True,True,0.7,False,Thu,30
20251030,3F_L_A,96,99.33061632361829,114,True,99.75933293734495,False,100.01073421547349,False,100.4376156531447,False,False,0.7,False,Thu,30
20251030,3F_L_N,91,100.51968492047715,114,True,101.12355934773197,False,102.80332796801427,False,104.50155128956719,False,False,0.7,False,Thu,30
20251030,3F_R_A,92,99.79305574800811,114,True,99.01078401088576,True,99.68250621098191,True,100.06466758240909,False,True,0.7,False,Thu,30
20251030,3F_R_N,84,102.59101127778919,114,True,101.35233098497685,True,102.37597070367062,True,103.60290446576505,False,True,0.7,False,Thu,30
20251031,2F_L_N,173,93.92139506991506,115,True,101.65282569630344,False,102.58330854734703,False,104.18016871947641,False,False,0.7,True,Fri,31
20251031,2F_R_N,164,92.41051823331858,115,True,101.78151968615387,False,103.21085549451703,False,104.00345832528133,False,False,0.7,True,Fri,31
20251031,3F_L_A,93,96.19591343213284,115,True,99.75933293734495,False,100.01073421547349,False,100.4376156531447,False,False,0.7,True,Fri,31
20251031,3F_L_N,91,106.1281229756519,115,True,101.00765527849,True,102.37287988777308,True,104.3539291200968,True,True,0.7,True,Fri,31
20251031,3F_R_A,91,95.5672485748935,115,True,99.01078401088576,False,99.70031125651884,False,100.06466758240909,False,False,0.7,True,Fri,31
20251031,3F_R_N,84,101.48822680446604,115,True,101.35233098497685,True,102.37597070367062,False,103.60290446576505,False,False,0.7,True,Fri,31
20251101,2F_L_N,181,103.32605411390804,116,True,101.62784185000505,True,102.46193272284704,True,104.18016871947641,False,True,0.7,True,Sat,1
20251101,2F_R_N,168,102.0187249880033,116,True,101.74109085223502,True,102.79616322079302,False,103.91914910565387,False,False,0.7,True,Sat,1
20251101,3F_L_A,96,99.8898557979257,116,True,99.75933293734495,True,100.01073421547349,False,100.4376156531447,False,False,0.7,True,Sat,1
20251101,3F_L_N,91,97.54338248838258,116,True,101.12355934773197,False,102.80332796801427,False,104.54788032065346,False,False,0.7,True,Sat,1
20251101,3F_R_A,92,98.60128730201833,116,True,98.9671936767906,False,99.68250621098191,False,99.98804446717166,False,False,0.7,True,Sat,1
20251101,3F_R_N,85,103.92313784520805,116,True,101.46401851132306,True,102.37597070367062,True,103.60290446576505,True,True,0.7,True,Sat,1
20251102,2F_L_N,181,100.29019313961811,117,True,101.62784185000505,False,102.46193272284704,False,104.18016871947641,False,False,0.7,False,Sun,2
20251102,2F_R_N,168,102.01192184667636,117,True,101.74109085223502,True,102.58962591121478,False,103.88253894119589,False,False,0.7,False,Sun,2
20251102,3F_L_A,96,101.36941578265468,117,True,99.75933293734495,True,99.99386385734628,True,100.29594181410671,True,True,0.7,False,Sun,2
20251102,3F_L_N,91,99.88335871859806,117,True,101.00765527849,False,102.37287988777308,False,104.54788032065346,False,False,0.7,False,Sun,2
20251102,3F_R_A,92,101.46866932880988,117,True,98.95369294812687,True,99.55131207274958,True,99.96011283996457,True,True,0.7,False,Sun,2
20251102,3F_R_N,85,94.2202212657051,117,True,101.46401851132306,False,102.37597070367062,False,103.60290446576505,False,False,0.7,False,Sun,2
20251103,2F_L_N,181,100.1062752936552,118,True,101.59954825446195,False,102.41303541129153,False,103.6037412925279,False,False,0.7,False,Mon,3
20251103,2F_R_N,168,103.89245060168858,118,True,101.74109085223502,True,102.56787543265168,True,103.75432459259773,True,True,0.7,False,Mon,3
20251103,3F_L_A,96,96.40920937224088,118,True,99.75933293734495,False,99.99386385734628,False,100.29594181410671,False,False,0.7,False,Mon,3
20251103,3F_L_N,91,105.64937394205411,118,True,101.00765527849,True,102.37287988777308,True,104.54788032065346,True,True,0.7,False,Mon,3
20251103,3F_R_A,92,97.82813770168625,118,True,98.95369294812687,False,99.55131207274958,False,99.96011283996457,False,False,0.7,False,Mon,3
20251103,3F_R_N,85,99.66044741427497,118,True,101.46401851132306,False,102.37597070367062,False,103.60290446576505,False,False,0.7,False,Mon,3
20251104,2F_L_N,174,100.92537856769133,119,True,101.53388404115334,False,102.41303541129153,False,103.6037412925279,False,False,0.7,False,Tue,4
20251104,2F_R_N,166,99.39488323111864,119,True,101.74109085223502,False,102.56787543265168,False,103.75432459259773,False,False,0.7,False,Tue,4
20251104,3F_L_A,95,96.09465697849197,119,True,99.75933293734495,False,99.99386385734628,False,100.29594181410671,False,False,0.7,False,Tue,4
20251104,3F_L_N,84,102.70586768601355,119,True,101.00765527849,True,102.37287988777308,True,104.98822551034382,False,True,0.7,False,Tue,4
20251104,3F_R_A,92,97.9921046308784,119,True,98.95369294812687,False,99.55131207274958,False,99.96011283996457,False,False,0.7,False,Tue,4
20251104,3F_R_N,83,92.29014624549015,119,True,101.46401851132306,False,102.37597070367062,False,103.60290446576505,False,False,0.7,False,Tue,4
20251105,2F_L_N,177,99.51992884446804,120,True,101.49277788582555,False,102.29164011310944,False,103.35806514031003,False,False,0.7,False,Wed,5
20251105,2F_R_N,159,98.05312562984834,120,True,101.66068052451362,False,102.46688828931377,False,103.6072290821749,False,False,0.7,False,Wed,5
20251105,3F_L_A,95,95.34004070153814,120,True,99.73103921671755,False,99.96460397760929,False,100.29594181410671,False,False,0.7,False,Wed,5
20251105,3F_L_N,86,106.53610412543054,120,True,101.12355934773197,True,102.72722733774638,True,104.98822551034382,True,True,0.7,False,Wed,5
20251105,3F_R_A,92,97.54056795624061,120,True,98.95369294812687,False,99.55131207274958,False,99.96011283996457,False,False,0.7,False,Wed,5
20251105,3F_R_N,84,100.15109721555048,120,True,101.46401851132306,False,102.37597070367062,False,103.60290446576505,False,False,0.7,False,Wed,5
20251106,2F_L_N,171,94.64099047255233,121,True,101.49277788582555,False,102.29164011310944,False,103.35806514031003,False,False,0.7,False,Thu,6
20251106,2F_R_N,162,95.54196338542944,121,True,101.66068052451362,False,102.46688828931377,False,103.6072290821749,False,False,0.7,False,Thu,6
20251106,3F_L_A,91,96.0200214712714,121,True,99.73103921671755,False,99.96460397760929,False,100.29594181410671,False,False,0.7,False,Thu,6
20251106,3F_L_N,85,100.38999704045214,121,True,101.29541764828308,False,102.80332796801427,False,105.19869265284333,False,False,0.7,False,Thu,6
20251106,3F_R_A,87,93.00895668850809,121,True,98.95369294812687,False,99.55131207274958,False,99.96011283996457,False,False,0.7,False,Thu,6
20251106,3F_R_N,79,100.63113544142315,121,True,101.35233098497685,False,102.35879558498212,False,103.18283306338903,False,False,0.7,False,Thu,6
20251107,2F_L_N,180,103.98510255173274,122,True,101.48977882335312,True,101.85145878767197,True,103.30460863491413,True,True,0.7,True,Fri,7
20251107,2F_R_N,168,101.60506570409082,122,True,101.66068052451362,False,102.46688828931377,False,103.6072290821749,False,False,0.7,True,Fri,7
20251107,3F_L_A,96,97.23294024543968,122,True,99.7108392708209,False,99.92316482193073,False,100.21603738977436,False,False,0.7,True,Fri,7
20251107,3F_L_N,90,98.2849529036495,122,True,101.12355934773197,False,102.72722733774638,False,105.19869265284333,False,False,0.7,True,Fri,7
20251107,3F_R_A,92,97.90699216917517,122,True,98.9252461046316,False,99.39199393296606,False,99.92038476285605,False,False,0.7,True,Fri,7
20251107,3F_R_N,85,100.84771680571401,122,True,101.26360516429966,False,102.14008576388605,False,102.99893121078222,False,False,0.7,True,Fri,7
20251108,2F_L_N,180,100.51034644057592,123,True,101.48977882335312,False,102.29164011310944,False,103.35806514031003,False,False,0.7,False,Sat,8
20251108,2F_R_N,168,98.63842322757249,123,True,101.66068052451362,False,102.46688828931377,False,103.6072290821749,False,False,0.7,False,Sat,8
20251108,3F_L_A,96,98.42116486267315,123,True,99.7108392708209,False,99.92316482193073,False,100.21603738977436,False,False,0.7,False,Sat,8
20251108,3F_L_N,90,97.28404857589604,123,True,101.00765527849,False,102.35152023604024,False,105.02546370266046,False,False,0.7,False,Sat,8
20251108,3F_R_A,92,99.72779577643826,123,True,98.91073178640296,True,99.39199393296606,True,99.92038476285605,False,True,0.7,False,Sat,8
20251108,3F_R_N,85,97.43742903780706,123,True,101.09893421172269,False,102.02161953956056,False,102.90671370665623,False,False,0.7,False,Sat,8
20251109,2F_L_N,180,100.67511366033322,124,True,101.48977882335312,False,102.29164011310944,False,103.35806514031003,False,False,0.7,False,Sun,9
20251109,2F_R_N,168,98.6278831838469,124,True,101.66068052451362,False,102.46688828931377,False,103.6072290821749,False,False,0.7,False,Sun,9
20251109,3F_L_A,95,97.79814414401251,124,True,99.58380467536035,False,99.8957672149319,False,100.15424887357723,False,False,0.7,False,Sun,9
20251109,3F_L_N,90,100.72894759680229,124,True,100.9805917913682,False,102.09597503449672,False,104.54788032065346,False,False,0.7,False,Sun,9
20251109,3F_R_A,92,96.84807732296214,124,True,98.91073178640296,False,99.39199393296606,False,99.85340057234271,False,False,0.7,False,Sun,9
20251109,3F_R_N,85,100.48790288988604,124,True,100.91199633407851,False,102.02161953956056,False,102.90671370665623,False,False,0.7,False,Sun,9
20251110,2F_L_N,169,103.54866349819758,125,True,101.48977882335312,True,102.29164011310944,True,103.35806514031003,True,True,0.7,False,Mon,10
20251110,2F_R_N,165,108.26557505568154,125,True,101.60600753802352,True,102.46688828931377,True,103.6072290821749,True,True,0.7,False,Mon,10
20251110,3F_L_A,95,96.7648392829328,125,True,99.41723318765068,False,99.87009539971339,False,100.15424887357723,False,False,0.7,False,Mon,10
20251110,3F_L_N,89,93.45812028480633,125,True,100.9805917913682,False,102.09597503449672,False,104.54788032065346,False,False,0.7,False,Mon,10
20251110,3F_R_A,90,94.81951028349116,125,True,98.81917411079768,False,99.33814605905923,False,99.80252656638002,False,False,0.7,False,Mon,10
20251110,3F_R_N,85,92.02758418179394,125,True,100.91199633407851,False,102.02161953956056,False,102.90671370665623,False,False,0.7,False,Mon,10
20251111,2F_L_N,180,100.4715480784097,126,True,101.48977882335312,False,102.29164011310944,False,103.49862009637388,False,False,0.7,True,Tue,11
20251111,2F_R_N,168,101.56515692163794,126,True,101.60600753802352,False,102.46688828931377,False,103.6072290821749,False,False,0.7,True,Tue,11
20251111,3F_L_A,96,99.83652833951214,126,True,99.35629111922024,True,99.84978759878112,False,100.11128418903888,False,False,0.7,True,Tue,11
20251111,3F_L_N,90,105.1553025773367,126,True,100.94008786823444,True,101.91813695452656,True,104.54788032065346,True,True,0.7,True,Tue,11
20251111,3F_R_A,92,100.25473068643637,126,True,98.7154606703936,True,99.32571198658101,True,99.80252656638002,True,True,0.7,True,Tue,11
20251111,3F_R_N,85,106.28772607555703,126,True,100.91199633407851,True,102.02161953956056,True,102.90671370665623,True,True,0.7,True,Tue,11
20251112,2F_L_N,174,101.21065313257422,127,True,101.29566269030707,False,102.29164011310944,False,103.49862009637388,False,False,0.7,False,Wed,12
20251112,2F_R_N,162,98.6986037276148,127,True,101.60600753802352,False,102.46688828931377,False,103.6072290821749,False,False,0.7,False,Wed,12
20251112,3F_L_A,94,97.72236903313234,127,True,99.41723318765068,False,99.84978759878112,False,100.11128418903888,False,False,0.7,False,Wed,12
20251112,3F_L_N,89,100.33144386763477,127,True,100.94008786823444,False,101.91813695452656,False,104.54788032065346,False,False,0.7,False,Wed,12
20251112,3F_R_A,88,94.70672321426194,127,True,98.7154606703936,False,99.32571198658101,False,99.85340057234271,False,False,0.7,False,Wed,12
20251112,3F_R_N,83,106.88700313106379,127,True,101.09893421172269,True,102.14008576388605,True,102.99893121078222,True,True,0.7,False,Wed,12
20251113,2F_L_N,175,96.02540881441251,128,True,101.3220899444727,False,102.29164011310944,False,103.49862009637388,False,False,0.7,False,Thu,13
20251113,2F_R_N,155,103.25024128532796,128,True,101.5811204346191,True,102.19596097580877,True,103.56742914497653,False,True,0.7,False,Thu,13
20251113,3F_L_A,91,94.35675514778626,128,True,99.35629111922024,False,99.83898395258467,False,100.0929277182309,False,False,0.7,False,Thu,13
20251113,3F_L_N,83,103.30655845512685,128,True,100.94008786823444,True,101.91813695452656,True,104.54788032065346,False,True,0.7,False,Thu,13
20251113,3F_R_A,89,96.82973664248651,128,True,98.66810557241372,False,99.27149761698638,False,99.85340057234271,False,False,0.7,False,Thu,13
20251113,3F_R_N,84,100.28582297407972,128,True,101.09893421172269,False,102.35879558498212,False,103.18283306338903,False,False,0.7,False,Thu,13
20251114,2F_L_N,178,96.91632041823942,129,True,101.3220899444727,False,102.29164011310944,False,103.49862009637388,False,False,0.7,False,Fri,14
20251114,2F_R_N,166,95.84546253989028,129,True,101.5811204346191,False,102.19596097580877,False,103.56742914497653,False,False,0.7,False,Fri,14
20251114,3F_L_A,93,96.45353802733324,129,True,99.34002776171369,False,99.81730079295575,False,100.04566990410135,False,False,0.7,False,Fri,14
20251114,3F_L_N,90,99.61785250267963,129,True,100.9805917913682,False,102.09597503449672,False,104.54788032065346,False,False,0.7,False,Fri,14
20251114,3F_R_A,89,98.6762776402903,129,True,98.6548080707068,True,99.1841831367899,False,99.80252656638002,False,False,0.7,False,Fri,14
20251114,3F_R_N,85,91.77826566450652,129,True,101.09893421172269,False,102.35879558498212,False,103.18283306338903,False,False,0.7,False,Fri,14
20251115,2F_L_N,180,97.85719271901999,130,True,101.18422587840858,False,101.85145878767197,False,103.35806514031003,False,False,0.7,False,Sat,15
20251115,2F_R_N,168,102.86185188479757,130,True,101.5811204346191,True,102.19596097580877,True,103.56742914497653,False,True,0.7,False,Sat,15
20251115,3F_L_A,96,99.09514564941297,130,True,99.21992606337032,False,99.79241095123739,False,100.01438468195126,False,False,0.7,False,Sat,15
20251115,3F_L_N,90,96.57237304305276,130,True,100.9805917913682,False,102.09597503449672,False,104.54788032065346,False,False,0.7,False,Sat,15
20251115,3F_R_A,92,99.24641900717998,130,True,98.6548080707068,True,99.09472209309457,True,99.74084777075223,False,True,0.7,False,Sat,15
20251115,3F_R_N,85,104.43801376082997,130,True,101.09893421172269,True,102.35879558498212,True,103.18283306338903,True,True,0.7,False,Sat,15
20251116,2F_L_N,180,101.43455855495161,131,True,101.02187022420073,True,101.67700835422279,False,103.30460863491413,False,False,0.7,False,Sun,16
20251116,2F_R_N,167,98.00527063957809,131,True,101.5811204346191,False,102.19596097580877,False,103.53226275958863,False,False,0.7,False,Sun,16
20251116,3F_L_A,96,98.25229400369288,131,True,99.11554041226312,False,99.78167329817722,False,99.99668768038511,False,False,0.7,False,Sun,16
20251116,3F_L_N,90,101.13104720690268,131,True,100.9805917913682,True,102.09597503449672,False,104.54788032065346,False,False,0.7,False,Sun,16
20251116,3F_R_A,92,99.59867806450995,131,True,98.6548080707068,True,99.09472209309457,True,99.74084777075223,False,True,0.7,False,Sun,16
20251116,3F_R_N,84,100.72144338471173,131,True,101.09893421172269,False,102.35879558498212,False,103.60290446576505,False,False,0.7,False,Sun,16
20251117,2F_L_N,180,102.27993038544862,132,True,101.02187022420073,True,101.66240097082003,True,103.15801921296331,False,True,0.7,True,Mon,17
20251117,2F_R_N,166,99.52622754290165,132,True,101.5811204346191,False,102.19596097580877,False,103.53226275958863,False,False,0.7,True,Mon,17
20251117,3F_L_A,96,100.03469872614978,132,True,99.0632705460384,True,99.75586684160304,True,99.99668768038511,True,True,0.7,True,Mon,17
20251117,3F_L_N,90,99.36739947446307,132,True,101.00765527849,False,102.09597503449672,False,104.54788032065346,False,False,0.7,True,Mon,17
20251117,3F_R_A,92,98.02919774582055,132,True,98.6548080707068,False,99.09472209309457,False,99.71190654028815,False,False,0.7,True,Mon,17
20251117,3F_R_N,84,103.11141828164062,132,True,101.09893421172269,True,102.35879558498212,True,103.60290446576505,False,True,0.7,True,Mon,17
20251118,2F_L_N,175,93.86351225632939,133,True,101.02187022420073,False,101.67700835422279,False,103.15801921296331,False,False,0.7,False,Tue,18
20251118,2F_R_N,159,99.94956719727325,133,True,101.52916777067006,False,102.04249418014547,False,103.53226275958863,False,False,0.7,False,Tue,18
20251118,3F_L_A,95,95.55426597205953,133,True,99.0632705460384,False,99.75586684160304,False,99.99668768038511,False,False,0.7,False,Tue,18
20251118,3F_L_N,90,102.24927983490775,133,True,101.00765527849,True,102.09597503449672,True,104.54788032065346,False,True,0.7,False,Tue,18
20251118,3F_R_A,88,96.17792672256115,133,True,98.62848723500443,False,98.99516909720855,False,99.70103200076039,False,False,0.7,False,Tue,18
20251118,3F_R_N,82,102.63069320335711,133,True,101.26360516429966,True,102.37597070367062,True,103.60290446576505,False,True,0.7,False,Tue,18
20251119,2F_L_N,179,101.15076413027032,134,True,101.02187022420073,True,101.67700835422279,False,103.15801921296331,False,False,0.7,False,Wed,19
20251119,2F_R_N,161,99.71684901585638,134,True,101.5205818647506,False,102.04249418014547,False,103.53226275958863,False,False,0.7,False,Wed,19
20251119,3F_L_A,95,95.68125774383805,134,True,98.97661022558206,False,99.72863432710759,False,99.96137204844506,False,False,0.7,False,Wed,19
20251119,3F_L_N,89,95.83580566400987,134,True,101.08050450561682,False,102.2145438807085,False,104.54788032065346,False,False,0.7,False,Wed,19
20251119,3F_R_A,92,96.41627568500124,134,True,98.62848723500443,False,98.99516909720855,False,99.70103200076039,False,False,0.7,False,Wed,19
20251119,3F_R_N,83,104.33758012951711,134,True,101.35233098497685,True,102.46680114268473,True,103.60290446576505,True,True,0.7,False,Wed,19
20251120,2F_L_N,172,102.48473233114385,135,True,101.15710156174812,True,101.67700835422279,True,103.15801921296331,False,True,0.7,False,Thu,20
20251120,2F_R_N,156,95.97024050199374,135,True,101.5205818647506,False,102.04249418014547,False,103.53226275958863,False,False,0.7,False,Thu,20
20251120,3F_L_A,91,95.57214434170768,135,True,98.93161033733965,False,99.72863432710759,False,99.96137204844506,False,False,0.7,False,Thu,20
20251120,3F_L_N,85,94.52297115803421,135,True,101.08050450561682,False,102.2145438807085,False,104.54788032065346,False,False,0.7,False,Thu,20
20251120,3F_R_A,90,94.181051321191,135,True,98.62848723500443,False,98.99516909720855,False,99.70103200076039,False,False,0.7,False,Thu,20
20251120,3F_R_N,79,103.67572786468881,135,True,101.46401851132306,True,102.59867574229075,True,103.74220712978266,False,True,0.7,False,Thu,20
20251121,2F_L_N,178,96.30257411901482,136,True,101.15710156174812,False,101.67700835422279,False,103.15801921296331,False,False,0.7,True,Fri,21
20251121,2F_R_N,161,101.00594483173916,136,True,101.5205818647506,False,102.04249418014547,False,103.53226275958863,False,False,0.7,True,Fri,21
20251121,3F_L_A,95,96.86169682970416,136,True,98.92366666443849,False,99.72863432710759,False,99.96137204844506,False,False,0.7,True,Fri,21
20251121,3F_L_N,87,108.59882200488725,136,True,101.08050450561682,True,102.2145438807085,True,104.54788032065346,True,True,0.7,True,Fri,21
20251121,3F_R_A,92,98.36957469137187,136,True,98.62848723500443,False,98.99516909720855,False,99.70103200076039,False,False,0.7,True,Fri,21
20251121,3F_R_N,84,100.04867089490476,136,True,101.53510928735638,False,102.62079960596321,False,103.74220712978266,False,False,0.7,True,Fri,21
20251122,2F_L_N,179,97.43979116665203,137,True,101.01553279272292,False,101.66240097082003,False,102.95428352112103,False,False,0.7,True,Sat,22
20251122,2F_R_N,163,97.93562838357302,137,True,101.46557468899243,False,102.01396278907444,False,103.45739501603602,False,False,0.7,True,Sat,22
20251122,3F_L_A,96,96.8391754274416,137,True,98.86936956754981,False,99.56909803511833,False,99.96137204844506,False,False,0.7,True,Sat,22
20251122,3F_L_N,90,95.65587376888026,137,True,101.17410204901782,False,102.3862561902395,False,104.98699513370582,False,False,0.7,True,Sat,22
20251122,3F_R_A,92,99.00971667197805,137,True,98.62848723500443,True,98.99516909720855,True,99.70103200076039,False,True,0.7,True,Sat,22
20251122,3F_R_N,84,98.03397179952171,137,True,101.53510928735638,False,102.62079960596321,False,103.74220712978266,False,False,0.7,True,Sat,22
20251123,2F_L_N,179,102.67457269174866,138,True,101.01553279272292,True,101.66240097082003,True,102.95428352112103,False,True,0.7,False,Sun,23
20251123,2F_R_N,163,100.83542296420966,138,True,101.42333072901914,False,102.01396278907444,False,103.45739501603602,False,False,0.7,False,Sun,23
20251123,3F_L_A,96,98.01199567228412,138,True,98.82157660016712,False,99.40280249567937,False,99.91863005504705,False,False,0.7,False,Sun,23
20251123,3F_L_N,90,96.11894100362177,138,True,101.17410204901782,False,102.3862561902395,False,104.98699513370582,False,False,0.7,False,Sun,23
20251123,3F_R_A,92,97.33460454646855,138,True,98.62848723500443,False,98.97754902545054,False,99.61880374023553,False,False,0.7,False,Sun,23
20251123,3F_R_N,84,100.9395911643667,138,True,101.46401851132306,False,102.59867574229075,False,103.68423800802995,False,False,0.7,False,Sun,23
20251124,2F_L_N,179,99.07401487455212,139,True,101.01553279272292,False,101.66240097082003,False,102.72209342368355,False,False,0.7,False,Mon,24
20251124,2F_R_N,163,100.97871823392491,139,True,101.27828263517138,False,101.98388650457905,False,103.2954452922187,False,False,0.7,False,Mon,24
20251124,3F_L_A,96,98.50841687868449,139,True,98.81158823608656,False,99.35575456912937,False,99.89379674259649,False,False,0.7,False,Mon,24
20251124,3F_L_N,89,102.95382370798642,139,True,101.17410204901782,True,102.3862561902395,True,104.98699513370582,False,True,0.7,False,Mon,24
20251124,3F_R_A,92,98.05901260138943,139,True,98.60527266896455,False,98.95201462427727,False,99.51827302924899,False,False,0.7,False,Mon,24
20251124,3F_R_N,82,105.82204198259339,139,True,101.46401851132306,True,102.59867574229075,True,103.68423800802995,True,True,0.7,False,Mon,24
20251125,2F_L_N,176,98.58890080634977,140,True,100.77521962327647,False,101.65237065251553,False,102.72209342368355,False,False,0.7,False,Tue,25
20251125,2F_R_N,156,104.44098342320522,140,True,101.10199533796889,True,101.88025650373498,True,103.25197728038795,True,True,0.7,False,Tue,25
20251125,3F_L_A,95,97.9819719297057,140,True,98.71958183284836,False,99.33767490218983,False,99.85374213272159,False,False,0.7,False,Tue,25
20251125,3F_L_N,90,96.8690953072447,140,True,101.17410204901782,False,102.3862561902395,False,104.54788032065346,False,False,0.7,False,Tue,25
20251125,3F_R_A,89,97.61526760697056,140,True,98.58570493177673,False,98.92665881816424,False,99.51827302924899,False,False,0.7,False,Tue,25
20251125,3F_R_N,82,101.75060244938673,140,True,101.46401851132306,True,102.60291585545957,False,103.74220712978266,False,False,0.7,False,Tue,25
20251126,2F_L_N,174,97.3574845279951,141,True,100.77521962327647,False,101.65237065251553,False,102.72209342368355,False,False,0.7,False,Wed,26
20251126,2F_R_N,161,98.39807334148797,141,True,101.10199533796889,False,101.98388650457905,False,103.2954452922187,False,False,0.7,False,Wed,26
20251126,3F_L_A,96,98.84586801004495,141,True,98.62264724028387,True,99.20147768666233,False,99.83816541489382,False,False,0.7,False,Wed,26
20251126,3F_L_N,90,100.41127374709207,141,True,101.17410204901782,False,102.3862561902395,False,104.54788032065346,False,False,0.7,False,Wed,26
20251126,3F_R_A,90,94.97142567049812,141,True,98.58570493177673,False,98.92665881816424,False,99.51827302924899,False,False,0.7,False,Wed,26
20251126,3F_R_N,82,107.19508099588498,141,True,101.53510928735638,True,102.60291585545957,True,103.74220712978266,True,True,0.7,False,Wed,26
20251127,2F_L_N,179,106.99790149989119,142,True,100.63927161064298,True,101.54229525123955,True,102.63154764767417,True,True,0.7,True,Thu,27
20251127,2F_R_N,163,103.86032309692015,142,True,101.02013298400335,True,101.98388650457905,True,103.2954452922187,True,True,0.7,True,Thu,27
20251127,3F_L_A,96,97.805061704137,142,True,98.62264724028387,False,99.11044172155059,False,99.81455400059055,False,False,0.7,True,Thu,27
20251127,3F_L_N,90,104.74411908247087,142,True,101.08050450561682,True,102.2145438807085,True,104.54788032065346,True,True,0.7,True,Thu,27
20251127,3F_R_A,91,96.18097400289373,142,True,98.55528966278327,False,98.91072757204229,False,99.36729071456132,False,False,0.7,True,Thu,27
20251127,3F_R_N,82,96.15229847278529,142,True,101.60977564132409,False,102.65214226936781,False,103.85496462770975,False,False,0.7,True,Thu,27
20251128,2F_L_N,175,102.3346193711461,143,True,100.77521962327647,True,101.65237065251553,True,102.72209342368355,False,True,0.7,False,Fri,28
20251128,2F_R_N,156,94.7100719243209,143,True,101.02013298400335,False,102.01396278907444,False,103.46884836977246,False,False,0.7,False,Fri,28
20251128,3F_L_A,96,96.1344097139736,143,True,98.56062347627216,False,99.11044172155059,False,99.81455400059055,False,False,0.7,False,Fri,28
20251128,3F_L_N,90,112.54818237715206,143,True,101.08050450561682,True,102.2145438807085,True,104.78427892053632,True,True,0.7,False,Fri,28
20251128,3F_R_A,90,95.75722837130157,143,True,98.55528966278327,False,98.91072757204229,False,99.36729071456132,False,False,0.7,False,Fri,28
20251128,3F_R_N,80,101.29398210703886,143,True,101.60977564132409,False,102.65214226936781,False,103.85496462770975,False,False,0.7,False,Fri,28
20251129,2F_L_N,179,103.33775853460102,144,True,100.77521962327647,True,101.66240097082003,True,102.72209342368355,True,True,0.7,False,Sat,29
20251129,2F_R_N,163,108.32479701820021,144,True,101.02013298400335,True,102.01396278907444,True,103.46884836977246,True,True,0.7,False,Sat,29
20251129,3F_L_A,96,97.19783446962653,144,True,98.53008922800586,False,98.98164606867937,False,99.81455400059055,False,False,0.7,False,Sat,29
20251129,3F_L_N,90,101.31600562594465,144,True,101.17410204901782,True,102.3862561902395,False,104.98699513370582,False,False,0.7,False,Sat,29
20251129,3F_R_A,91,98.37753680103148,144,True,98.51331591541012,False,98.80391730777058,False,99.36729071456132,False,False,0.7,False,Sat,29
20251129,3F_R_N,82,101.69607692330754,144,True,101.60977564132409,True,102.65214226936781,False,103.85496462770975,False,False,0.7,False,Sat,29
20251130,2F_L_N,179,104.15778086133977,145,True,100.77521962327647,True,101.66240097082003,True,102.72209342368355,True,True,0.7,True,Sun,30
20251130,2F_R_N,163,102.57566199122448,145,True,101.02013298400335,True,102.01396278907444,True,103.46884836977246,False,True,0.7,True,Sun,30
20251130,3F_L_A,96,98.16775032984735,145,True,98.51574141935401,False,98.93137816169258,False,99.78591569260918,False,False,0.7,True,Sun,30
20251130,3F_L_N,90,96.16277373745193,145,True,101.17410204901782,False,102.2145438807085,False,104.78427892053632,False,False,0.7,True,Sun,30
20251130,3F_R_A,91,99.08264921009985,145,True,98.47527164371341,True,98.70834629901098,True,99.32444649172211,False,True,0.7,True,Sun,30
20251130,3F_R_N,83,102.98102245191,145,True,101.64820452078645,True,102.65214226936781,True,103.85496462770975,False,True,0.7,True,Sun,30
20251201,2F_L_N,178,98.11221132497789,146,True,101.01553279272292,False,101.67700835422279,False,102.95428352112103,False,False,0.7,True,Mon,1
20251201,2F_R_N,162,97.99350863495187,146,True,101.18741244681752,False,102.04249418014547,False,103.46884836977246,False,False,0.7,True,Mon,1
20251201,3F_L_A,96,98.41418547028236,146,True,98.45606566907769,False,98.87131209745687,False,99.75240074586112,False,False,0.7,True,Mon,1
20251201,3F_L_N,90,103.23093218178892,146,True,101.17410204901782,True,102.2145438807085,True,104.78427892053632,False,True,0.7,True,Mon,1
20251201,3F_R_A,91,97.69495801625405,146,True,98.47527164371341,False,98.70834629901098,False,99.26429506198382,False,False,0.7,True,Mon,1
20251201,3F_R_N,82,102.14726371176975,146,True,101.64820452078645,True,102.65214226936781,False,103.74220712978266,False,False,0.7,True,Mon,1
20251202,2F_L_N,176,102.15586638397264,147,True,101.01553279272292,True,101.67700835422279,True,102.95428352112103,False,True,0.7,False,Tue,2
20251202,2F_R_N,162,98.37290518147518,147,True,101.18741244681752,False,102.04249418014547,False,103.46884836977246,False,False,0.7,False,Tue,2
20251202,3F_L_A,95,98.28313784259214,147,True,98.41697722723868,False,98.87131209745687,False,99.75240074586112,False,False,0.7,False,Tue,2
20251202,3F_L_N,90,98.42801805542373,147,True,101.2696128376922,False,102.3862561902395,False,104.78427892053632,False,False,0.7,False,Tue,2
20251202,3F_R_A,89,98.22087343218408,147,True,98.47527164371341,False,98.70834629901098,False,99.26429506198382,False,False,0.7,False,Tue,2
20251202,3F_R_N,82,99.3974243210876,147,True,101.71788713373923,False,102.65214226936781,False,103.74220712978266,False,False,0.7,False,Tue,2
20251203,2F_L_N,178,105.35730321757985,148,True,101.17471973119189,True,101.82612724805794,True,102.95428352112103,True,True,0.7,False,Wed,3
20251203,2F_R_N,161,102.02956067129726,148,True,101.02013298400335,True,102.04249418014547,False,103.46884836977246,False,False,0.7,False,Wed,3
20251203,3F_L_A,95,97.7718604464131,148,True,98.41211643474219,False,98.83916289029209,False,99.72622943749762,False,False,0.7,False,Wed,3
20251203,3F_L_N,90,100.57516730034594,148,True,101.2696128376922,False,102.3862561902395,False,104.78427892053632,False,False,0.7,False,Wed,3
20251203,3F_R_A,91,98.61335618802416,148,True,98.41333168300683,True,98.67949530366215,False,99.26429506198382,False,False,0.7,False,Wed,3
20251203,3F_R_N,83,100.41452336001147,148,True,101.71788713373923,False,102.65214226936781,False,103.74220712978266,False,False,0.7,False,Wed,3
20251204,2F_L_N,176,98.07331583506449,149,True,101.17471973119189,False,101.82612724805794,False,102.95428352112103,False,False,0.7,False,Thu,4
20251204,2F_R_N,160,97.35186843516504,149,True,101.02013298400335,False,102.02197569299149,False,103.46884836977246,False,False,0.7,False,Thu,4
20251204,3F_L_A,96,98.36370800596166,149,True,98.41211643474219,False,98.83916289029209,False,99.72622943749762,False,False,0.7,False,Thu,4
20251204,3F_L_N,89,99.90906670232371,149,True,101.17410204901782,False,102.3862561902395,False,104.78427892053632,False,False,0.7,False,Thu,4
20251204,3F_R_A,87,98.35422819100211,149,True,98.47527164371341,False,98.67949530366215,False,99.26429506198382,False,False,0.7,False,Thu,4
20251204,3F_R_N,81,101.80064967841176,149,True,101.71788713373923,True,102.65214226936781,False,103.74220712978266,False,False,0.7,False,Thu,4
20251205,2F_L_N,173,98.60987610952822,150,True,101.01553279272292,False,101.82612724805794,False,102.95428352112103,False,False,0.7,False,Fri,5
20251205,2F_R_N,161,95.29280683116245,150,True,100.98960887305061,False,102.01396278907444,False,103.2954452922187,False,False,0.7,False,Fri,5
20251205,3F_L_A,96,98.38098062896479,150,True,98.38251963466315,False,98.83916289029209,False,99.72622943749762,False,False,0.7,False,Fri,5
20251205,3F_L_N,88,95.46757790942897,150,True,101.17410204901782,False,102.3862561902395,False,104.78427892053632,False,False,0.7,False,Fri,5
20251205,3F_R_A,90,94.49891940580996,150,True,98.41333168300683,False,98.67949530366215,False,99.26429506198382,False,False,0.7,False,Fri,5
20251205,3F_R_N,80,98.73209309682244,150,True,101.71788713373923,False,102.60291585545957,False,103.68423800802995,False,False,0.7,False,Fri,5
20251206,2F_L_N,178,103.0174970931337,151,True,101.01553279272292,True,101.82612724805794,True,102.95428352112103,True,True,0.7,False,Sat,6
20251206,2F_R_N,163,103.41894686669619,151,True,100.98960887305061,True,102.01396278907444,True,103.2954452922187,True,True,0.7,False,Sat,6
20251206,3F_L_A,96,98.05019167537237,151,True,98.39288320846504,False,98.83916289029209,False,99.72622943749762,False,False,0.7,False,Sat,6
20251206,3F_L_N,89,103.80211895420562,151,True,101.17410204901782,True,102.3862561902395,True,104.78427892053632,False,True,0.7,False,Sat,6
20251206,3F_R_A,91,98.76887898738633,151,True,98.37876551815,True,98.66173830696697,True,99.26429506198382,False,True,0.7,False,Sat,6
20251206,3F_R_N,83,107.83382868832645,151,True,101.64820452078645,True,102.46680114268473,True,103.59439432242391,True,True,0.7,False,Sat,6
20251207,2F_L_N,178,105.02990935473,152,True,101.01553279272292,True,101.82612724805794,True,102.93324049976522,True,True,0.7,True,Sun,7
20251207,2F_R_N,163,101.43853306776,152,True,100.98960887305061,True,102.01396278907444,False,103.29092638184154,False,False,0.7,True,Sun,7
20251207,3F_L_A,96,99.68459131008434,152,True,98.37061705516291,True,98.81912448893817,True,99.5473378032384,True,True,0.7,True,Sun,7
20251207,3F_L_N,89,105.01355794273778,152,True,101.2696128376922,True,102.75348878063765,True,104.78427892053632,True,True,0.7,True,Sun,7
20251207,3F_R_A,91,99.50222249169357,152,True,98.37876551815,True,98.66173830696697,True,99.24711319613972,True,True,0.7,True,Sun,7
20251207,3F_R_N,83,102.38912170594138,152,True,101.71788713373923,True,102.60291585545957,False,103.68423800802995,False,False,0.7,True,Sun,7
20251208,2F_L_N,166,104.87390979665967,153,True,101.17471973119189,True,102.19308558441543,True,103.0385401144895,True,True,0.7,False,Mon,8
20251208,2F_R_N,148,104.07554011325927,153,True,100.98960887305061,True,101.98388650457905,True,103.25197728038795,True,True,0.7,False,Mon,8
20251208,3F_L_A,90,98.50482993167601,153,True,98.37061705516291,True,98.81912448893817,False,99.53997213359973,False,False,0.7,False,Mon,8
20251208,3F_L_N,88,101.86171287472526,153,True,101.34181043653555,True,102.89137038006164,False,104.95864620678604,False,False,0.7,False,Mon,8
20251208,3F_R_A,86,94.41539363592778,153,True,98.37876551815,False,98.66173830696697,False,99.24711319613972,False,False,0.7,False,Mon,8
20251208,3F_R_N,77,91.74670576357457,153,True,101.71788713373923,False,102.46680114268473,False,103.68423800802995,False,False,0.7,False,Mon,8
20251209,2F_L_N,174,97.92766987679266,154,True,101.17471973119189,False,102.29633708115787,False,103.15801921296331,False,False,0.7,False,Tue,9
20251209,2F_R_N,164,97.35196491764749,154,True,101.02013298400335,False,102.01396278907444,False,103.29092638184154,False,False,0.7,False,Tue,9
20251209,3F_L_A,96,97.33593803281599,154,True,98.37061705516291,False,98.81155824955911,False,99.38407940298114,False,False,0.7,False,Tue,9
20251209,3F_L_N,90,95.90444770720563,154,True,101.34181043653555,False,102.75348878063765,False,104.78427892053632,False,False,0.7,False,Tue,9
20251209,3F_R_A,90,95.15985861185042,154,True,98.37757476467223,False,98.62600148085114,False,99.11540316951587,False,False,0.7,False,Tue,9
20251209,3F_R_N,80,110.23376007177744,154,True,101.64820452078645,True,102.39645566245095,True,103.59439432242391,True,True,0.7,False,Tue,9
20251210,2F_L_N,179,96.95041000880444,155,True,101.17471973119189,False,102.29633708115787,False,103.15801921296331,False,False,0.7,False,Wed,10
20251210,2F_R_N,167,98.25458041989152,155,True,101.02013298400335,False,102.01396278907444,False,103.29092638184154,False,False,0.7,False,Wed,10
20251210,3F_L_A,93,97.81672915029833,155,True,98.31536590793995,False,98.70426742332697,False,99.335322042666,False,False,0.7,False,Wed,10
20251210,3F_L_N,90,96.01781834346326,155,True,101.34181043653555,False,102.75348878063765,False,104.78427892053632,False,False,0.7,False,Wed,10
20251210,3F_R_A,91,96.30878816881942,155,True,98.37352676591038,False,98.61188235997597,False,99.07129003762375,False,False,0.7,False,Wed,10
20251210,3F_R_N,85,98.51556105484316,155,True,101.64820452078645,False,102.39645566245095,False,103.59439432242391,False,False,0.7,False,Wed,10
20251211,2F_L_N,178,99.36067635885692,156,True,101.01553279272292,False,102.19308558441543,False,103.15801921296331,False,False,0.7,True,Thu,11
20251211,2F_R_N,167,96.31611677641868,156,True,101.02013298400335,False,102.01396278907444,False,103.29092638184154,False,False,0.7,True,Thu,11
20251211,3F_L_A,96,97.63906479338726,156,True,98.27256195497641,False,98.57208876556287,False,99.335322042666,False,False,0.7,True,Thu,11
20251211,3F_L_N,91,99.7236734249711,156,True,101.34181043653555,False,102.75348878063765,False,104.78427892053632,False,False,0.7,True,Thu,11
20251211,3F_R_A,91,97.83810560173929,156,True,98.37352676591038,False,98.61188235997597,False,99.07129003762375,False,False,0.7,True,Thu,11
20251211,3F_R_N,85,96.76166580332985,156,True,101.64820452078645,False,102.39645566245095,False,103.59439432242391,False,False,0.7,True,Thu,11
20251212,2F_L_N,180,101.9602385463378,157,True,101.01553279272292,True,102.19308558441543,False,103.15801921296331,False,False,0.7,False,Fri,12
20251212,2F_R_N,167,100.50073808163783,157,True,101.02013298400335,False,102.01396278907444,False,103.29092638184154,False,False,0.7,False,Fri,12
20251212,3F_L_A,96,98.29039960958227,157,True,98.25758094750877,True,98.5164310324223,False,99.18302930995434,False,False,0.7,False,Fri,12
20251212,3F_L_N,91,99.15859091800456,157,True,101.34181043653555,False,102.75348878063765,False,104.78427892053632,False,False,0.7,False,Fri,12
20251212,3F_R_A,91,97.30557399827048,157,True,98.37008617848831,False,98.61188235997597,False,99.07129003762375,False,False,0.7,False,Fri,12
20251212,3F_R_N,85,107.07968317772999,157,True,101.64820452078645,True,102.39645566245095,True,103.59439432242391,True,True,0.7,False,Fri,12
20251213,2F_L_N,180,98.43446580398574,158,True,101.17471973119189,False,102.19308558441543,False,103.15801921296331,False,False,0.7,False,Sat,13
20251213,2F_R_N,168,100.20126164274929,158,True,101.02013298400335,False,102.01396278907444,False,103.29092638184154,False,False,0.7,False,Sat,13
20251213,3F_L_A,96,99.43407013746986,158,True,98.27256195497641,True,98.5164310324223,True,99.18302930995434,True,True,0.7,False,Sat,13
20251213,3F_L_N,91,98.2162492164166,158,True,101.34181043653555,False,102.75348878063765,False,104.78427892053632,False,False,0.7,False,Sat,13
20251213,3F_R_A,91,98.36767070933176,158,True,98.37008617848831,False,98.61188235997597,False,99.07129003762375,False,False,0.7,False,Sat,13
20251213,3F_R_N,85,100.68712196689282,158,True,101.71788713373923,False,102.46680114268473,False,103.68423800802995,False,False,0.7,False,Sat,13
20251214,2F_L_N,179,100.43432462025783,159,True,101.01553279272292,False,102.01892689762825,False,103.0385401144895,False,False,0.7,False,Sun,14
20251214,2F_R_N,168,99.30116758184116,159,True,100.98960887305061,False,101.98388650457905,False,103.25197728038795,False,False,0.7,False,Sun,14
20251214,3F_L_A,96,97.45010853704606,159,True,98.27256195497641,False,98.5164310324223,False,99.18302930995434,False,False,0.7,False,Sun,14
20251214,3F_L_N,90,99.54600007000386,159,True,101.2696128376922,False,102.75348878063765,False,104.78427892053632,False,False,0.7,False,Sun,14
20251214,3F_R_A,91,97.20915518106233,159,True,98.36843230214781,False,98.60427632722799,False,99.07129003762375,False,False,0.7,False,Sun,14
20251214,3F_R_N,85,100.8285274039839,159,True,101.71788713373923,False,102.46680114268473,False,103.68423800802995,False,False,0.7,False,Sun,14
20251215,2F_L_N,174,98.15304066024754,160,True,100.77521962327647,False,102.01892689762825,False,103.0385401144895,False,False,0.7,False,Mon,15
20251215,2F_R_N,163,100.11325378166144,160,True,100.90425304563152,False,101.80996102191992,False,102.93952976490365,False,False,0.7,False,Mon,15
20251215,3F_L_A,96,97.00090302688483,160,True,98.25758094750877,False,98.50590601577855,False,99.10534303083804,False,False,0.7,False,Mon,15
20251215,3F_L_N,91,99.5079960839542,160,True,101.2696128376922,False,102.75348878063765,False,104.78427892053632,False,False,0.7,False,Mon,15
20251215,3F_R_A,89,96.50137001933469,160,True,98.35960519833397,False,98.5831078700698,False,99.02146338648339,False,False,0.7,False,Mon,15
20251215,3F_R_N,83,102.3128899362612,160,True,101.71788713373923,True,102.46680114268473,False,103.68423800802995,False,False,0.7,False,Mon,15
20251216,2F_L_N,175,100.25309666334363,161,True,100.63927161064298,False,101.7674388967675,False,102.93324049976522,False,False,0.7,False,Tue,16
20251216,2F_R_N,163,100.41678624018002,161,True,100.90425304563152,False,101.80996102191992,False,102.93952976490365,False,False,0.7,False,Tue,16
20251216,3F_L_A,92,98.21283303766793,161,True,98.22202740958572,False,98.44626438337401,False,98.96357443768368,False,False,0.7,False,Tue,16
20251216,3F_L_N,88,101.84190489900878,161,True,101.2696128376922,True,102.75348878063765,False,104.78427892053632,False,False,0.7,False,Tue,16
20251216,3F_R_A,87,96.55617429313125,161,True,98.2960332412488,False,98.55195182575565,False,98.81704652430467,False,False,0.7,False,Tue,16
20251216,3F_R_N,85,100.92456178904442,161,True,101.71788713373923,False,102.39645566245095,False,103.59439432242391,False,False,0.7,False,Tue,16
20251217,2F_L_N,179,102.6432464881905,162,True,100.63927161064298,True,101.7674388967675,True,102.93324049976522,False,True,0.7,True,Wed,17
20251217,2F_R_N,167,99.78507228607515,162,True,100.8430976132335,False,101.64571725623364,False,102.67418347027628,False,False,0.7,True,Wed,17
20251217,3F_L_A,96,98.48577843646005,162,True,98.20624302317574,True,98.4162792879996,True,98.89572353791856,False,True,0.7,True,Wed,17
20251217,3F_L_N,91,100.5458509012284,162,True,101.34181043653555,False,102.75348878063765,False,104.78427892053632,False,False,0.7,True,Wed,17
20251217,3F_R_A,90,98.63357508076889,162,True,98.2354187025424,True,98.55195182575565,True,98.81704652430467,False,True,0.7,True,Wed,17
20251217,3F_R_N,85,104.05995855874569,162,True,101.71788713373923,True,102.39645566245095,True,103.59439432242391,True,True,0.7,True,Wed,17
20251218,2F_L_N,173,103.62240064200716,163,True,100.63927161064298,True,101.7674388967675,True,102.93324049976522,True,True,0.7,False,Thu,18
20251218,2F_R_N,146,100.10326540440687,163,True,100.8343176829493,False,101.5771295563738,False,102.6328999699391,False,False,0.7,False,Thu,18
20251218,3F_L_A,90,96.07449480025869,163,True,98.20624302317574,False,98.4162792879996,False,98.83820501604168,False,False,0.7,False,Thu,18
20251218,3F_L_N,89,98.7041030557652,163,True,101.34181043653555,False,102.75348878063765,False,104.78427892053632,False,False,0.7,False,Thu,18
20251218,3F_R_A,84,96.61465652642481,163,True,98.2354187025424,False,98.55195182575565,False,98.81704652430467,False,False,0.7,False,Thu,18
20251218,3F_R_N,82,101.4305915963705,163,True,101.71788713373923,False,102.39645566245095,False,103.59439432242391,False,False,0.7,False,Thu,18
20251219,2F_L_N,174,97.43340677354189,164,True,100.77521962327647,False,102.01892689762825,False,103.07384712754009,False,False,0.7,False,Fri,19
20251219,2F_R_N,156,97.1818454121523,164,True,100.8343176829493,False,101.5771295563738,False,102.6328999699391,False,False,0.7,False,Fri,19
20251219,3F_L_A,93,95.32122418041426,164,True,98.20624302317574,False,98.4162792879996,False,98.83820501604168,False,False,0.7,False,Fri,19
20251219,3F_L_N,91,96.47804079437898,164,True,101.34181043653555,False,102.75348878063765,False,104.78427892053632,False,False,0.7,False,Fri,19
20251219,3F_R_A,88,98.02370753303495,164,True,98.2354187025424,False,98.55195182575565,False,98.81704652430467,False,False,0.7,False,Fri,19
20251219,3F_R_N,84,96.74715578544632,164,True,101.71788713373923,False,102.39645566245095,False,103.59439432242391,False,False,0.7,False,Fri,19
20251220,2F_L_N,179,100.70917044503587,165,True,100.77521962327647,False,102.01892689762825,False,103.07384712754009,False,False,0.7,False,Sat,20
20251220,2F_R_N,167,96.4002610247547,165,True,100.8343176829493,False,101.5771295563738,False,102.6328999699391,False,False,0.7,False,Sat,20
20251220,3F_L_A,96,96.5853815015701,165,True,98.1813900699808,False,98.41177159548549,False,98.83820501604168,False,False,0.7,False,Sat,20
20251220,3F_L_N,91,99.90422482344347,165,True,101.2696128376922,False,102.3862561902395,False,104.78427892053632,False,False,0.7,False,Sat,20
20251220,3F_R_A,91,98.0508907364508,165,True,98.2354187025424,False,98.55195182575565,False,98.81704652430467,False,False,0.7,False,Sat,20
20251220,3F_R_N,85,100.0740115869615,165,True,101.71788713373923,False,102.39645566245095,False,103.59439432242391,False,False,0.7,False,Sat,20
20251221,2F_L_N,179,97.54889655307672,166,True,100.68873637421429,False,101.7674388967675,False,103.07384712754009,False,False,0.7,True,Sun,21
20251221,2F_R_N,167,96.73572233351216,166,True,100.81928488505945,False,101.51315268860272,False,102.6328999699391,False,False,0.7,True,Sun,21
20251221,3F_L_A,96,97.00959883482773,166,True,98.12765616087688,False,98.38990756358997,False,98.81643248548957,False,False,0.7,True,Sun,21
20251221,3F_L_N,91,101.82236268378921,166,True,101.17410204901782,True,102.3862561902395,False,104.78427892053632,False,False,0.7,True,Sun,21
20251221,3F_R_A,91,97.76678725637785,166,True,98.15720725162515,False,98.48642239798005,False,98.70337834536778,False,False,0.7,True,Sun,21
20251221,3F_R_N,85,95.14814054263884,166,True,101.71788713373923,False,102.39645566245095,False,103.59439432242391,False,False,0.7,True,Sun,21
20251222,2F_L_N,180,97.91021836825833,167,True,100.63927161064298,False,101.67700835422279,False,102.93324049976522,False,False,0.7,True,Mon,22
20251222,2F_R_N,165,98.56787246899994,167,True,100.74497304079249,False,101.45423269547972,False,102.57392782821175,False,False,0.7,True,Mon,22
20251222,3F_L_A,94,99.16743497102406,167,True,98.09055572646785,True,98.36888979286259,True,98.68895301380556,True,True,0.7,True,Mon,22
20251222,3F_L_N,91,97.77775058111695,167,True,101.17410204901782,False,102.11086187201067,False,104.50772048258803,False,False,0.7,True,Mon,22
20251222,3F_R_A,92,95.8859737794638,167,True,98.08131281333468,False,98.40313115576973,False,98.70337834536778,False,False,0.7,True,Mon,22
20251222,3F_R_N,85,100.61263626358883,167,True,101.64820452078645,False,102.36863674716105,False,103.20394681268404,False,False,0.7,True,Mon,22
20251223,2F_L_N,175,96.94502437677977,168,True,100.63927161064298,False,101.67700835422279,False,102.93324049976522,False,False,0.7,False,Tue,23
20251223,2F_R_N,159,95.50766445618306,168,True,100.74497304079249,False,101.45423269547972,False,102.57392782821175,False,False,0.7,False,Tue,23
20251223,3F_L_A,93,95.09806976353418,168,True,98.12765616087688,False,98.38990756358997,False,98.81643248548957,False,False,0.7,False,Tue,23
20251223,3F_L_N,90,96.14142710410434,168,True,101.08050450561682,False,101.91866097868126,False,104.21430363745654,False,False,0.7,False,Tue,23
20251223,3F_R_A,87,96.56982582752195,168,True,98.05413948242625,False,98.40313115576973,False,98.70337834536778,False,False,0.7,False,Tue,23
20251223,3F_R_N,84,101.00504673498322,168,True,101.64820452078645,False,102.36863674716105,False,103.20394681268404,False,False,0.7,False,Tue,23
20251224,2F_L_N,178,94.81307933446965,169,True,100.63927161064298,False,101.67700835422279,False,102.93324049976522,False,False,0.7,False,Wed,24
20251224,2F_R_N,159,103.51188191034554,169,True,100.6690112829788,True,101.41604572923903,True,102.13834739452953,True,True,0.7,False,Wed,24
20251224,3F_L_A,87,95.73068778290136,169,True,98.09055572646785,False,98.36888979286259,False,98.68895301380556,False,False,0.7,False,Wed,24
20251224,3F_L_N,91,105.18922219632698,169,True,101.08050450561682,True,101.91866097868126,True,104.21430363745654,True,True,0.7,False,Wed,24
20251224,3F_R_A,89,96.09834687194821,169,True,98.03787494207265,False,98.37756527376204,False,98.67842274920487,False,False,0.7,False,Wed,24
20251224,3F_R_N,84,96.78074976570758,169,True,101.53945191698858,False,102.36863674716105,False,103.20394681268404,False,False,0.7,False,Wed,24
20251225,2F_L_N,174,95.97201390242502,170,True,100.63927161064298,False,101.67700835422279,False,102.93324049976522,False,False,0.7,False,Thu,25
20251225,2F_R_N,159,97.79455117071093,170,True,100.74497304079249,False,101.45423269547972,False,102.57392782821175,False,False,0.7,False,Thu,25
20251225,3F_L_A,92,99.68111944368437,170,True,98.06357169889624,True,98.36888979286259,True,98.68895301380556,True,True,0.7,False,Thu,25
20251225,3F_L_N,91,106.04351331454103,170,True,101.08050450561682,True,102.11086187201067,True,104.50772048258803,True,True,0.7,False,Thu,25
20251225,3F_R_A,91,97.11985156725476,170,True,98.03787494207265,False,98.37756527376204,False,98.67842274920487,False,False,0.7,False,Thu,25
20251225,3F_R_N,82,96.55594190012452,170,True,101.46401851132306,False,102.36863674716105,False,103.20394681268404,False,False,0.7,False,Thu,25
20251226,2F_L_N,180,97.56624478133539,171,True,100.63927161064298,False,101.67700835422279,False,102.93324049976522,False,False,0.7,False,Fri,26
20251226,2F_R_N,167,99.28503440905514,171,True,100.74497304079249,False,101.45423269547972,False,102.57392782821175,False,False,0.7,False,Fri,26
20251226,3F_L_A,92,97.39526131953944,171,True,98.11728517244818,False,98.38990756358997,False,98.81643248548957,False,False,0.7,False,Fri,26
20251226,3F_L_N,91,98.3532867214951,171,True,101.20503057451947,False,102.3862561902395,False,104.78427892053632,False,False,0.7,False,Fri,26
20251226,3F_R_A,90,94.96528831710019,171,True,98.03787494207265,False,98.37756527376204,False,98.67842274920487,False,False,0.7,False,Fri,26
20251226,3F_R_N,85,97.93494834512303,171,True,101.4375068175134,False,102.32698019911653,False,103.09030453234561,False,False,0.7,False,Fri,26
20251227,2F_L_N,180,106.52267470933319,172,True,100.63927161064298,True,101.67700835422279,True,102.93324049976522,True,True,0.7,True,Sat,27
20251227,2F_R_N,167,106.38195776387853,172,True,100.6690112829788,True,101.41604572923903,True,102.13834739452953,True,True,0.7,True,Sat,27
20251227,3F_L_A,96,99.19058693504506,172,True,98.11728517244818,True,98.38990756358997,True,98.81643248548957,True,True,0.7,True,Sat,27
20251227,3F_L_N,91,101.43160572628335,172,True,101.20503057451947,True,102.3862561902395,False,104.78427892053632,False,False,0.7,True,Sat,27
20251227,3F_R_A,92,99.36231142971884,172,True,98.02590361814919,True,98.37285842672352,True,98.67842274920487,True,True,0.7,True,Sat,27
20251227,3F_R_N,85,95.55004004953327,172,True,101.4375068175134,False,102.32698019911653,False,103.09030453234561,False,False,0.7,True,Sat,27
20251228,2F_L_N,180,100.75716957787121,173,True,100.63927161064298,True,101.7674388967675,False,103.07384712754009,False,False,0.7,False,Sun,28
20251228,2F_R_N,167,101.72804257892764,173,True,100.6690112829788,True,101.45423269547972,True,102.57392782821175,False,True,0.7,False,Sun,28
20251228,3F_L_A,96,98.2692877504255,173,True,98.11728517244818,True,98.38990756358997,False,98.81643248548957,False,False,0.7,False,Sun,28
20251228,3F_L_N,91,102.41222459841595,173,True,101.20503057451947,True,102.11086187201067,True,104.50772048258803,False,True,0.7,False,Sun,28
20251228,3F_R_A,92,98.13004699133106,173,True,98.02590361814919,True,98.37285842672352,False,98.67842274920487,False,False,0.7,False,Sun,28
20251228,3F_R_N,85,101.9434186409715,173,True,101.4375068175134,True,102.32698019911653,False,103.09030453234561,False,False,0.7,False,Sun,28
20251229,2F_L_N,180,94.80834280514468,174,True,100.68873637421429,False,101.7674388967675,False,103.07384712754009,False,False,0.7,False,Mon,29
20251229,2F_R_N,167,99.07272797406301,174,True,100.74497304079249,False,101.51315268860272,False,102.57392782821175,False,False,0.7,False,Mon,29
20251229,3F_L_A,96,98.80604679726952,174,True,98.11728517244818,True,98.36888979286259,True,98.81643248548957,False,True,0.7,False,Mon,29
20251229,3F_L_N,91,97.67597608328212,174,True,101.20503057451947,False,102.11086187201067,False,104.21430363745654,False,False,0.7,False,Mon,29
20251229,3F_R_A,92,98.25773399379189,174,True,98.02590361814919,True,98.37196332426976,False,98.67842274920487,False,False,0.7,False,Mon,29
20251229,3F_R_N,85,100.15567441653852,174,True,101.46401851132306,False,102.32698019911653,False,103.09030453234561,False,False,0.7,False,Mon,29
20251230,2F_L_N,180,100.2509104545576,175,True,100.68873637421429,False,101.7674388967675,False,103.07384712754009,False,False,0.7,False,Tue,30
20251230,2F_R_N,167,101.84966427688423,175,True,100.74497304079249,True,101.51315268860272,True,102.57392782821175,False,True,0.7,False,Tue,30
20251230,3F_L_A,96,99.01357040233302,175,True,98.1813900699808,True,98.38990756358997,True,98.81643248548957,True,True,0.7,False,Tue,30
20251230,3F_L_N,91,106.25760682634645,175,True,100.88978744084244,True,102.11086187201067,True,104.21430363745654,True,True,0.7,False,Tue,30
20251230,3F_R_A,92,97.27329037599954,175,True,98.03787494207265,False,98.37196332426976,False,98.67842274920487,False,False,0.7,False,Tue,30
20251230,3F_R_N,85,102.981439266874,175,True,101.46401851132306,True,102.32698019911653,True,103.09030453234561,False,True,0.7,False,Tue,30
20251231,2F_L_N,180,97.8513788695816,176,True,100.63927161064298,False,101.55269616220434,False,102.93324049976522,False,False,0.7,True,Wed,31
20251231,2F_R_N,167,98.98419006826744,176,True,100.82002173923301,False,101.5771295563738,False,102.57392782821175,False,False,0.7,True,Wed,31
20251231,3F_L_A,96,101.52152045454551,176,True,98.1813900699808,True,98.38990756358997,True,98.81643248548957,True,True,0.7,True,Wed,31
20251231,3F_L_N,91,99.97937517295642,176,True,100.88978744084244,False,102.11086187201067,False,104.21430363745654,False,False,0.7,True,Wed,31
20251231,3F_R_A,92,100.66784272075111,176,True,98.02590361814919,True,98.3682419039438,True,98.65966125934935,True,True,0.7,True,Wed,31
20251231,3F_R_N,84,94.88394500244124,176,True,101.46401851132306,False,102.36863674716105,False,103.09030453234561,False,False,0.7,True,Wed,31
20260101,2F_L_N,180,96.27144488824203,177,True,100.59790024603163,False,101.4922282430947,False,102.72209342368355,False,False,0.7,True,Thu,1
20260101,2F_R_N,167,96.9897312809383,177,True,100.74497304079249,False,101.51315268860272,False,102.13834739452953,False,False,0.7,True,Thu,1
20260101,3F_L_A,96,108.61040025622043,177,True,98.1813900699808,True,98.41177159548549,True,98.83820501604168,True,True,0.7,True,Thu,1
20260101,3F_L_N,91,97.1228627016928,177,True,100.88978744084244,False,102.11086187201067,False,104.21430363745654,False,False,0.7,True,Thu,1
20260101,3F_R_A,92,109.87132465277188,177,True,98.03787494207265,True,98.37196332426976,True,98.67842274920487,True,True,0.7,True,Thu,1
20260101,3F_R_N,85,97.18064368346204,177,True,101.46401851132306,False,102.36863674716105,False,103.09030453234561,False,False,0.7,True,Thu,1
20260102,2F_L_N,180,102.21368846799885,178,True,100.59790024603163,True,101.4922282430947,True,102.72209342368355,False,True,0.7,False,Fri,2
20260102,2F_R_N,167,102.84420547472016,178,True,100.74497304079249,True,101.51315268860272,True,102.13834739452953,True,True,0.7,False,Fri,2
20260102,3F_L_A,96,97.83451316451367,178,True,98.20624302317574,False,98.4162792879996,False,98.87940848850256,False,False,0.7,False,Fri,2
20260102,3F_L_N,91,94.97698730217888,178,True,100.88978744084244,False,102.11086187201067,False,104.21430363745654,False,False,0.7,False,Fri,2
20260102,3F_R_A,92,99.19384667160642,178,True,98.05413948242625,True,98.37756527376204,True,98.70337834536778,True,True,0.7,False,Fri,2
20260102,3F_R_N,85,98.04905192625019,178,True,101.46401851132306,False,102.36863674716105,False,103.09030453234561,False,False,0.7,False,Fri,2
20260103,2F_L_N,180,103.34141769661605,179,True,100.59790024603163,True,101.4922282430947,True,102.64951172890213,True,True,0.7,False,Sat,3
20260103,2F_R_N,167,100.76921855404807,179,True,100.74497304079249,True,101.51315268860272,False,102.57392782821175,False,False,0.7,False,Sat,3
20260103,3F_L_A,96,96.90472486025398,179,True,98.1813900699808,False,98.41177159548549,False,98.87940848850256,False,False,0.7,False,Sat,3
20260103,3F_L_N,91,99.45229327486109,179,True,100.88978744084244,False,102.11086187201067,False,104.21430363745654,False,False,0.7,False,Sat,3
20260103,3F_R_A,92,97.84306525435258,179,True,98.08131281333468,False,98.40313115576973,False,98.81704652430467,False,False,0.7,False,Sat,3
20260103,3F_R_N,85,97.52282531329851,179,True,101.46401851132306,False,102.36863674716105,False,103.09030453234561,False,False,0.7,False,Sat,3
20260104,2F_L_N,179,97.96134584976843,180,True,100.59790024603163,False,101.4922282430947,False,102.64951172890213,False,False,0.7,False,Sun,4
20260104,2F_R_N,167,98.42955835193536,180,True,100.72875876004561,False,101.45423269547972,False,102.13834739452953,False,False,0.7,False,Sun,4
20260104,3F_L_A,96,94.76917545061066,180,True,98.11728517244818,False,98.38990756358997,False,98.81834823399039,False,False,0.7,False,Sun,4
20260104,3F_L_N,90,95.20342161011482,180,True,100.63667941892848,False,101.91866097868126,False,103.93141932988796,False,False,0.7,False,Sun,4
20260104,3F_R_A,92,94.39171790992829,180,True,98.05413948242625,False,98.40306471939842,False,98.81704652430467,False,False,0.7,False,Sun,4
20260104,3F_R_N,85,97.44473721227278,180,True,101.46401851132306,False,102.36863674716105,False,103.09030453234561,False,False,0.7,False,Sun,4
20260105,2F_L_N,180,106.26192585201815,181,True,100.56576197835119,True,101.45136478293678,True,102.64951172890213,True,True,0.7,False,Mon,5
20260105,2F_R_N,169,100.99914559471061,181,True,100.6690112829788,True,101.41604572923903,False,102.0208921246621,False,False,0.7,False,Mon,5
20260105,3F_L_A,103,97.47491265457268,181,True,98.06357169889624,False,98.36888979286259,False,98.81834823399039,False,False,0.7,False,Mon,5
20260105,3F_L_N,84,107.90855105682438,181,True,100.55757746087542,True,101.84784729172372,True,103.4056705549426,True,True,0.7,False,Mon,5
20260105,3F_R_A,92,97.14078516485972,181,True,98.03787494207265,False,98.37196332426976,False,98.70337834536778,False,False,0.7,False,Mon,5
20260105,3F_R_N,84,106.4900074347164,181,True,101.46401851132306,True,102.36863674716105,True,103.09030453234561,True,True,0.7,False,Mon,5
20260106,2F_L_N,177,100.68479896543147,182,True,100.59790024603163,True,101.54884866308845,False,102.74315757202567,False,False,0.7,False,Tue,6
20260106,2F_R_N,166,98.54807581834702,182,True,100.72875876004561,False,101.41604572923903,False,102.0208921246621,False,False,0.7,False,Tue,6
20260106,3F_L_A,99,97.54121291962632,182,True,98.06357169889624,False,98.36888979286259,False,98.81834823399039,False,False,0.7,False,Tue,6
20260106,3F_L_N,82,99.643757775689,182,True,100.63667941892848,False,101.91866097868126,False,103.93141932988796,False,False,0.7,False,Tue,6
20260106,3F_R_A,91,96.50985981441012,182,True,98.03787494207265,False,98.37196332426976,False,98.70337834536778,False,False,0.7,False,Tue,6
20260106,3F_R_N,82,105.82841549330269,182,True,101.46401851132306,True,102.39645566245095,True,103.20394681268404,True,True,0.7,False,Tue,6
20260107,2F_L_N,180,101.776988490414,183,True,100.59790024603163,True,101.45136478293678,True,102.74315757202567,False,True,0.7,True,Wed,7
20260107,2F_R_N,169,104.3434477623319,183,True,100.72875876004561,True,101.41604572923903,True,102.0208921246621,True,True,0.7,True,Wed,7
20260107,3F_L_A,103,98.24057439606077,183,True,98.0368198407072,True,98.36888979286259,False,98.81834823399039,False,False,0.7,True,Wed,7
20260107,3F_L_N,84,105.57905503272438,183,True,100.55757746087542,True,101.84784729172372,True,103.4056705549426,True,True,0.7,True,Wed,7
20260107,3F_R_A,93,98.05143082030227,183,True,98.02590361814919,True,98.3682419039438,False,98.67842274920487,False,False,0.7,True,Wed,7
20260107,3F_R_N,84,103.50374804349674,183,True,101.46401851132306,True,102.44968857749572,True,103.59439432242391,False,True,0.7,True,Wed,7
20260108,2F_L_N,177,101.76444435341371,184,True,100.63927161064298,True,101.57650206755572,True,102.74315757202567,False,True,0.7,False,Thu,8
20260108,2F_R_N,160,101.66317960912417,184,True,100.72875876004561,True,101.45423269547972,True,102.13834739452953,False,True,0.7,False,Thu,8
20260108,3F_L_A,101,97.86018931791202,184,True,98.06357169889624,False,98.36888979286259,False,98.81834823399039,False,False,0.7,False,Thu,8
20260108,3F_L_N,82,89.27932777517563,184,True,100.55757746087542,False,101.84784729172372,False,103.4056705549426,False,False,0.7,False,Thu,8
20260108,3F_R_A,88,95.72569318688274,184,True,98.02590361814919,False,98.358260946501,False,98.65966125934935,False,False,0.7,False,Thu,8
20260108,3F_R_N,81,98.2670145738006,184,True,101.57136685200264,False,102.60291585545957,False,103.59439432242391,False,False,0.7,False,Thu,8
20260109,2F_L_N,178,97.15534107424453,185,True,100.67898778237252,False,101.7682075945138,False,102.74315757202567,False,False,0.7,False,Fri,9
20260109,2F_R_N,161,95.57137631075834,185,True,100.72875876004561,False,101.45423269547972,False,102.13834739452953,False,False,0.7,False,Fri,9
20260109,3F_L_A,101,95.99085298635026,185,True,98.06357169889624,False,98.36888979286259,False,98.81834823399039,False,False,0.7,False,Fri,9
20260109,3F_L_N,83,106.47917004389788,185,True,100.55757746087542,True,101.84784729172372,True,103.4056705549426,True,True,0.7,False,Fri,9
20260109,3F_R_A,92,96.18984574741945,185,True,98.02590361814919,False,98.358260946501,False,98.65966125934935,False,False,0.7,False,Fri,9
20260109,3F_R_N,82,98.92442878178218,185,True,101.46401851132306,False,102.44968857749572,False,103.59439432242391,False,False,0.7,False,Fri,9
20260110,2F_L_N,180,101.2902266049301,186,True,100.67898778237252,True,101.7682075945138,False,102.74315757202567,False,False,0.7,False,Sat,10
20260110,2F_R_N,168,102.61609437158064,186,True,100.72875876004561,True,101.45423269547972,True,102.13834739452953,True,True,0.7,False,Sat,10
20260110,3F_L_A,103,97.09319450050054,186,True,98.06357169889624,False,98.36888979286259,False,98.81834823399039,False,False,0.7,False,Sat,10
20260110,3F_L_N,84,98.27958693601448,186,True,100.55757746087542,False,101.84784729172372,False,103.4056705549426,False,False,0.7,False,Sat,10
20260110,3F_R_A,93,97.86427984260396,186,True,98.02590361814919,False,98.358260946501,False,98.65966125934935,False,False,0.7,False,Sat,10
20260110,3F_R_N,84,100.04884441762297,186,True,101.4375068175134,False,102.33575946716525,False,103.51781062216892,False,False,0.7,False,Sat,10
20260111,2F_L_N,180,103.6694543537728,187,True,100.69454755727322,True,101.7682075945138,True,102.74315757202567,True,True,0.7,True,Sun,11
20260111,2F_R_N,168,107.92102494531098,187,True,100.78543283479495,True,101.51315268860272,True,102.57392782821175,True,True,0.7,True,Sun,11
20260111,3F_L_A,103,99.35382733553915,187,True,98.06357169889624,True,98.36888979286259,True,98.81834823399039,True,True,0.7,True,Sun,11
20260111,3F_L_N,84,99.33136280516088,187,True,100.53015131277765,False,101.82822534835508,False,103.2460574364565,False,False,0.7,True,Sun,11
20260111,3F_R_A,93,98.61993676036212,187,True,98.02590361814919,True,98.358260946501,True,98.65966125934935,False,True,0.7,True,Sun,11
20260111,3F_R_N,84,96.94452055910831,187,True,101.34862590277152,False,102.33575946716525,False,103.51781062216892,False,False,0.7,True,Sun,11
20260112,2F_L_N,180,99.16117843480524,188,True,100.69454755727322,False,101.7682075945138,False,102.74315757202567,False,False,0.7,False,Mon,12
20260112,2F_R_N,168,99.73313720824837,188,True,100.78543283479495,False,101.51315268860272,False,102.5837484672957,False,False,0.7,False,Mon,12
20260112,3F_L_A,103,95.64456673567051,188,True,98.06357169889624,False,98.36888979286259,False,98.81834823399039,False,False,0.7,False,Mon,12
20260112,3F_L_N,84,95.84848494413708,188,True,100.4546382164461,False,101.76933574952504,False,103.2460574364565,False,False,0.7,False,Mon,12
20260112,3F_R_A,93,98.23978158600757,188,True,98.02590361814919,True,98.358260946501,False,98.63796149743794,False,False,0.7,False,Mon,12
20260112,3F_R_N,84,99.93510817067681,188,True,101.2657452569247,False,102.19695157911718,False,103.18988423401184,False,False,0.7,False,Mon,12
20260113,2F_L_N,180,96.4280276051115,189,True,100.69454755727322,False,101.7682075945138,False,102.74315757202567,False,False,0.7,False,Tue,13
20260113,2F_R_N,167,99.54034451916236,189,True,100.78543283479495,False,101.51315268860272,False,102.5837484672957,False,False,0.7,False,Tue,13
20260113,3F_L_A,102,96.17833677957118,189,True,98.02727407351942,False,98.31239212849609,False,98.81834823399039,False,False,0.7,False,Tue,13
20260113,3F_L_N,83,95.8093181329143,189,True,100.39850772310811,False,101.52610698456475,False,103.17048527950445,False,False,0.7,False,Tue,13
20260113,3F_R_A,91,95.6409035713373,189,True,98.03787494207265,False,98.358260946501,False,98.63796149743794,False,False,0.7,False,Tue,13
20260113,3F_R_N,81,93.57723810111136,189,True,101.1017963170627,False,102.05183424553289,False,103.00743506982732,False,False,0.7,False,Tue,13
20260114,2F_L_N,178,102.94973820425167,190,True,100.69454755727322,True,101.7682075945138,True,102.74315757202567,True,True,0.7,False,Wed,14
20260114,2F_R_N,166,96.99333071641152,190,True,100.78543283479495,False,101.51315268860272,False,102.5837484672957,False,False,0.7,False,Wed,14
20260114,3F_L_A,97,96.51015166118802,190,True,98.02727407351942,False,98.31239212849609,False,98.81834823399039,False,False,0.7,False,Wed,14
20260114,3F_L_N,84,103.41870805649657,190,True,100.39850772310811,True,101.52610698456475,True,103.17048527950445,True,True,0.7,False,Wed,14
20260114,3F_R_A,91,98.08246584410145,190,True,98.03787494207265,True,98.358260946501,False,98.63796149743794,False,False,0.7,False,Wed,14
20260114,3F_R_N,84,99.3355551508416,190,True,101.1017963170627,False,102.05183424553289,False,103.00743506982732,False,False,0.7,False,Wed,14
20260115,2F_L_N,178,96.15165680872786,191,True,100.72837009817,False,101.83196350719113,False,102.96328998202807,False,False,0.7,False,Thu,15
20260115,2F_R_N,165,105.70112823691481,191,True,100.78543283479495,True,101.51315268860272,True,102.5837484672957,True,True,0.7,False,Thu,15
20260115,3F_L_A,101,97.67913610468634,191,True,98.02727407351942,False,98.31239212849609,False,98.81834823399039,False,False,0.7,False,Thu,15
20260115,3F_L_N,76,105.87525685501251,191,True,100.4546382164461,True,101.76933574952504,True,103.2460574364565,True,True,0.7,False,Thu,15
20260115,3F_R_A,91,96.31760392378098,191,True,98.05110676999139,False,98.358260946501,False,98.63796149743794,False,False,0.7,False,Thu,15
20260115,3F_R_N,77,109.08279155556885,191,True,101.1017963170627,True,102.05183424553289,True,103.00743506982732,True,True,0.7,False,Thu,15
20260116,2F_L_N,180,103.05969173647424,192,True,100.72837009817,True,101.83196350719113,True,102.96328998202807,True,True,0.7,False,Fri,16
20260116,2F_R_N,168,106.56955364901073,192,True,100.78543283479495,True,101.5771295563738,True,102.66171659220855,True,True,0.7,False,Fri,16
20260116,3F_L_A,103,100.44620547007735,192,True,98.02727407351942,True,98.31239212849609,True,98.81834823399039,True,True,0.7,False,Fri,16
20260116,3F_L_N,84,99.45761149295843,192,True,100.4546382164461,False,101.82822534835508,False,103.3289883754008,False,False,0.7,False,Fri,16
20260116,3F_R_A,93,99.82751297745935,192,True,98.03787494207265,True,98.358260946501,True,98.63796149743794,True,True,0.7,False,Fri,16
20260116,3F_R_N,84,110.84081158918545,192,True,101.1017963170627,True,102.05183424553289,True,103.18988423401184,True,True,0.7,False,Fri,16
20260117,2F_L_N,180,103.90657271474099,193,True,100.82445317379926,True,102.01892689762825,True,103.02593602180181,True,True,0.7,True,Sat,17
20260117,2F_R_N,168,102.34105029435386,193,True,100.78543283479495,True,101.5771295563738,True,102.66171659220855,False,True,0.7,True,Sat,17
20260117,3F_L_A,103,101.5084580584635,193,True,98.06357169889624,True,98.36888979286259,True,98.87940848850256,True,True,0.7,True,Sat,17
20260117,3F_L_N,84,91.89403240498851,193,True,100.4546382164461,False,101.82822534835508,False,103.3289883754008,False,False,0.7,True,Sat,17
20260117,3F_R_A,93,99.52555544145332,193,True,98.03787494207265,True,98.358260946501,True,98.65966125934935,True,True,0.7,True,Sat,17
20260117,3F_R_N,84,103.40134463127251,193,True,101.2657452569247,True,102.19695157911718,True,103.51781062216892,False,True,0.7,True,Sat,17
20260118,2F_L_N,180,96.55847334764218,194,True,101.01553279272292,False,102.1732130091805,False,103.112964211961,False,False,0.7,False,Sun,18
20260118,2F_R_N,168,101.42461383979918,194,True,100.82002173923301,True,101.62249987560082,False,102.66171659220855,False,False,0.7,False,Sun,18
20260118,3F_L_A,103,97.88729690666058,194,True,98.11728517244818,False,98.39094208136007,False,99.02988545174901,False,False,0.7,False,Sun,18
20260118,3F_L_N,84,99.48835447110625,194,True,100.39850772310811,False,101.54883281353511,False,103.2460574364565,False,False,0.7,False,Sun,18
20260118,3F_R_A,93,97.97332865195557,194,True,98.03787494207265,False,98.358260946501,False,98.65966125934935,False,False,0.7,False,Sun,18
20260118,3F_R_N,84,98.59593872768684,194,True,101.34862590277152,False,102.33575946716525,False,103.51781062216892,False,False,0.7,False,Sun,18
20260119,2F_L_N,175,95.32945445737364,195,True,101.01553279272292,False,102.1732130091805,False,103.112964211961,False,False,0.7,False,Mon,19
20260119,2F_R_N,163,97.94547753108044,195,True,100.89274107209576,False,101.62249987560082,False,102.66171659220855,False,False,0.7,False,Mon,19
20260119,3F_L_A,102,97.38636798723063,195,True,98.11728517244818,False,98.39094208136007,False,99.02988545174901,False,False,0.7,False,Mon,19
20260119,3F_L_N,82,98.61713914671385,195,True,100.39850772310811,False,101.54883281353511,False,103.2460574364565,False,False,0.7,False,Mon,19
20260119,3F_R_A,91,97.41305524369832,195,True,98.03787494207265,False,98.358260946501,False,98.65966125934935,False,False,0.7,False,Mon,19
20260119,3F_R_N,82,102.53450825459969,195,True,101.34862590277152,True,102.33575946716525,True,103.51781062216892,False,True,0.7,False,Mon,19
20260120,2F_L_N,179,102.08105787159157,196,True,101.01553279272292,True,102.1732130091805,False,103.112964211961,False,False,0.7,False,Tue,20
20260120,2F_R_N,164,100.69071734591446,196,True,100.89274107209576,False,101.62249987560082,False,102.66171659220855,False,False,0.7,False,Tue,20
20260120,3F_L_A,103,96.18777651111562,196,True,98.11728517244818,False,98.39094208136007,False,99.02988545174901,False,False,0.7,False,Tue,20
20260120,3F_L_N,83,101.76356273071154,196,True,100.35486513676172,True,101.39584407458032,True,103.2460574364565,False,True,0.7,False,Tue,20
20260120,3F_R_A,92,96.25747316441654,196,True,98.03787494207265,False,98.358260946501,False,98.65966125934935,False,False,0.7,False,Tue,20
20260120,3F_R_N,82,104.78850065285698,196,True,101.34862590277152,True,102.33575946716525,True,103.42182531371735,True,True,0.7,False,Tue,20
20260121,2F_L_N,180,100.73089847614281,197,True,101.17471973119189,False,102.1732130091805,False,103.112964211961,False,False,0.7,True,Wed,21
20260121,2F_R_N,169,106.06532719904128,197,True,100.82002173923301,True,101.62249987560082,True,102.66171659220855,True,True,0.7,True,Wed,21
20260121,3F_L_A,103,96.86335113675678,197,True,98.11728517244818,False,98.39094208136007,False,99.02988545174901,False,False,0.7,True,Wed,21
20260121,3F_L_N,84,98.86859903571005,197,True,100.39850772310811,False,101.5311928276118,False,103.2460574364565,False,False,0.7,True,Wed,21
20260121,3F_R_A,90,97.40916350580838,197,True,98.02590361814919,False,98.28668225295495,False,98.63796149743794,False,False,0.7,True,Wed,21
20260121,3F_R_N,84,96.00255697010452,197,True,101.45364567960871,False,102.43273767053887,False,103.53814400773516,False,False,0.7,True,Wed,21
20260122,2F_L_N,180,99.89012438860759,198,True,101.17471973119189,False,102.1732130091805,False,103.112964211961,False,False,0.7,True,Thu,22
20260122,2F_R_N,167,96.40392151612275,198,True,100.89274107209576,False,101.68263850006521,False,102.84773475673563,False,False,0.7,True,Thu,22
20260122,3F_L_A,102,97.66802269601675,198,True,98.11728517244818,False,98.39094208136007,False,99.02988545174901,False,False,0.7,True,Thu,22
20260122,3F_L_N,84,111.02458430130358,198,True,100.39850772310811,True,101.5311928276118,True,103.2460574364565,True,True,0.7,True,Thu,22
20260122,3F_R_A,91,99.06819123346587,198,True,98.02590361814919,True,98.28668225295495,True,98.63796149743794,True,True,0.7,True,Thu,22
20260122,3F_R_N,83,101.79296205981433,198,True,101.34862590277152,True,102.33575946716525,False,103.42182531371735,False,False,0.7,True,Thu,22
20260123,2F_L_N,178,97.71473210625385,199,True,101.17471973119189,False,102.1732130091805,False,103.112964211961,False,False,0.7,False,Fri,23
20260123,2F_R_N,169,101.76035204159307,199,True,100.89274107209576,True,101.68263850006521,True,102.84773475673563,False,True,0.7,False,Fri,23
20260123,3F_L_A,98,94.42824525210388,199,True,98.11728517244818,False,98.39094208136007,False,99.02988545174901,False,False,0.7,False,Fri,23
20260123,3F_L_N,80,92.72586037746082,199,True,100.39850772310811,False,101.78120271663484,False,103.3289883754008,False,False,0.7,False,Fri,23
20260123,3F_R_A,91,96.83259894301344,199,True,98.03787494207265,False,98.358260946501,False,98.65966125934935,False,False,0.7,False,Fri,23
20260123,3F_R_N,81,96.85508039661657,199,True,101.45364567960871,False,102.33575946716525,False,103.42182531371735,False,False,0.7,False,Fri,23
20260124,2F_L_N,180,100.83045786507353,200,True,101.01553279272292,False,102.1732130091805,False,103.112964211961,False,False,0.7,False,Sat,24
20260124,2F_R_N,168,101.60957936153868,200,True,100.9868891782392,True,101.73773541772727,False,102.84773475673563,False,False,0.7,False,Sat,24
20260124,3F_L_A,103,99.04212489833327,200,True,98.06357169889624,True,98.36888979286259,True,98.87940848850256,True,True,0.7,False,Sat,24
20260124,3F_L_N,84,101.49084440563138,200,True,100.39850772310811,True,101.78120271663484,False,103.3289883754008,False,False,0.7,False,Sat,24
20260124,3F_R_A,93,99.44842458051603,200,True,98.02590361814919,True,98.28668225295495,True,98.64211559267318,True,True,0.7,False,Sat,24
20260124,3F_R_N,84,102.13254193755058,200,True,101.45364567960871,True,102.33575946716525,False,103.42182531371735,False,False,0.7,False,Sat,24
20260125,2F_L_N,180,100.37055944633995,201,True,101.01553279272292,False,102.1732130091805,False,103.112964211961,False,False,0.7,False,Sun,25
20260125,2F_R_N,168,95.97375748072012,201,True,100.9868891782392,False,101.73773541772727,False,102.84773475673563,False,False,0.7,False,Sun,25
20260125,3F_L_A,103,98.18226823280376,201,True,98.11728517244818,True,98.39094208136007,False,99.01928130153307,False,False,0.7,False,Sun,25
20260125,3F_L_N,84,101.83453976831785,201,True,100.4546382164461,True,101.78120271663484,True,103.3289883754008,False,True,0.7,False,Sun,25
20260125,3F_R_A,93,98.51438732907175,201,True,98.03787494207265,True,98.358260946501,True,98.69479790970951,False,True,0.7,False,Sun,25
20260125,3F_R_N,84,111.52967711615409,201,True,101.57136685200264,True,102.33575946716525,True,103.42182531371735,True,True,0.7,False,Sun,25
20260126,2F_L_N,177,99.7505217431617,202,True,100.86842614612064,False,102.10350042530588,False,103.02593602180181,False,False,0.7,False,Mon,26
20260126,2F_R_N,163,98.0621794502365,202,True,100.89274107209576,False,101.68263850006521,False,102.66171659220855,False,False,0.7,False,Mon,26
20260126,3F_L_A,98,97.91430175921882,202,True,98.11728517244818,False,98.36888979286259,False,99.01928130153307,False,False,0.7,False,Mon,26
20260126,3F_L_N,77,110.08510401004622,202,True,100.53015131277765,True,101.8260158091478,True,103.3289883754008,True,True,0.7,False,Mon,26
20260126,3F_R_A,90,95.9938884886285,202,True,98.03787494207265,False,98.358260946501,False,98.69479790970951,False,False,0.7,False,Mon,26
20260126,3F_R_N,78,104.93412560531154,202,True,101.57136685200264,True,102.33575946716525,True,103.53814400773516,True,True,0.7,False,Mon,26
20260127,2F_L_N,180,99.67379162944765,203,True,100.86842614612064,False,102.10350042530588,False,103.02593602180181,False,False,0.7,True,Tue,27
20260127,2F_R_N,168,102.36389463774111,203,True,100.89274107209576,True,101.68263850006521,True,102.66171659220855,False,True,0.7,True,Tue,27
20260127,3F_L_A,103,101.01990720278079,203,True,98.09721513716237,True,98.36888979286259,True,99.01928130153307,True,True,0.7,True,Tue,27
20260127,3F_L_N,84,105.54827320922243,203,True,100.55757746087542,True,101.83674930752512,True,103.49539023603838,True,True,0.7,True,Tue,27
20260127,3F_R_A,93,100.87894544444198,203,True,98.03787494207265,True,98.358260946501,True,98.69479790970951,True,True,0.7,True,Tue,27
20260127,3F_R_N,84,104.49711543541109,203,True,101.71788713373923,True,102.43273767053887,True,103.72520986079266,True,True,0.7,True,Tue,27
20260128,2F_L_N,177,100.20042444379847,204,True,100.78648489275214,False,101.99648434391393,False,102.96328998202807,False,False,0.7,False,Wed,28
20260128,2F_R_N,168,98.27860429426127,204,True,100.9868891782392,False,101.73773541772727,False,102.66171659220855,False,False,0.7,False,Wed,28
20260128,3F_L_A,103,96.0025159241391,204,True,98.09721513716237,False,98.36888979286259,False,99.01928130153307,False,False,0.7,False,Wed,28
20260128,3F_L_N,84,97.21152853257651,204,True,100.63667941892848,False,101.84784729172372,False,103.99051897985868,False,False,0.7,False,Wed,28
20260128,3F_R_A,93,96.98881120752169,204,True,98.05110676999139,False,98.3682419039438,False,98.81704652430467,False,False,0.7,False,Wed,28
20260128,3F_R_N,84,96.06307434329581,204,True,101.71788713373923,False,102.55145916155654,False,103.95050198791557,False,False,0.7,False,Wed,28
20260129,2F_L_N,179,98.77109288984578,205,True,100.74140691683417,False,101.83196350719113,False,102.72960579424927,False,False,0.7,False,Thu,29
20260129,2F_R_N,168,92.04005617658024,205,True,100.89274107209576,False,101.68263850006521,False,102.5837484672957,False,False,0.7,False,Thu,29
20260129,3F_L_A,101,96.22605266633546,205,True,98.02727407351942,False,98.31239212849609,False,98.87940848850256,False,False,0.7,False,Thu,29
20260129,3F_L_N,83,102.32021770242028,205,True,100.63667941892848,True,101.84784729172372,True,103.99051897985868,False,True,0.7,False,Thu,29
20260129,3F_R_A,91,97.29163205385319,205,True,98.03787494207265,False,98.358260946501,False,98.69479790970951,False,False,0.7,False,Thu,29
20260129,3F_R_N,83,95.49539033428555,205,True,101.57136685200264,False,102.43273767053887,False,103.95050198791557,False,False,0.7,False,Thu,29
20260130,2F_L_N,180,100.48897173117683,206,True,100.74140691683417,False,101.83196350719113,False,102.72960579424927,False,False,0.7,False,Fri,30
20260130,2F_R_N,168,101.44328594161118,206,True,100.89274107209576,True,101.68263850006521,False,102.5837484672957,False,False,0.7,False,Fri,30
20260130,3F_L_A,103,97.7048065289614,206,True,98.02727407351942,False,98.31239212849609,False,98.87940848850256,False,False,0.7,False,Fri,30
20260130,3F_L_N,84,101.1644406160675,206,True,100.63667941892848,True,101.84784729172372,False,103.49539023603838,False,False,0.7,False,Fri,30
20260130,3F_R_A,93,98.63605752669807,206,True,98.03787494207265,True,98.358260946501,True,98.69479790970951,False,True,0.7,False,Fri,30
20260130,3F_R_N,84,98.52692331823359,206,True,101.53678572714531,False,102.43273767053887,False,103.95050198791557,False,False,0.7,False,Fri,30
20260131,2F_L_N,180,96.00743657786508,207,True,100.71786165747865,False,101.7682075945138,False,102.64951172890213,False,False,0.7,True,Sat,31
20260131,2F_R_N,168,101.09102556445465,207,True,100.89274107209576,True,101.62565943581433,False,102.5837484672957,False,False,0.7,True,Sat,31
20260131,3F_L_A,103,96.60828585654286,207,True,97.99398142673707,False,98.28531637268918,False,98.8140110398246,False,False,0.7,True,Sat,31
20260131,3F_L_N,84,94.11204435796351,207,True,100.88978744084244,False,101.84784729172372,False,103.49539023603838,False,False,0.7,True,Sat,31
20260131,3F_R_A,93,99.84454794835969,207,True,98.03787494207265,True,98.358260946501,True,98.69479790970951,True,True,0.7,True,Sat,31
20260131,3F_R_N,84,95.99024705904165,207,True,101.34862590277152,False,102.33575946716525,False,103.75257400350019,False,False,0.7,True,Sat,31
20260201,2F_L_N,180,107.52805891641206,208,True,100.71786165747865,True,101.7682075945138,True,102.64951172890213,True,True,0.7,True,Sun,1
20260201,2F_R_N,168,96.58944055340484,208,True,100.89274107209576,False,101.60641980132517,False,102.5837484672957,False,False,0.7,True,Sun,1
20260201,3F_L_A,103,99.26609434406497,208,True,97.94136982741357,True,98.27344277807549,True,98.5679428624015,True,True,0.7,True,Sun,1
20260201,3F_L_N,84,100.02940885975812,208,True,100.88978744084244,False,101.84784729172372,False,103.49539023603838,False,False,0.7,True,Sun,1
20260201,3F_R_A,93,99.44749646509612,208,True,98.03787494207265,True,98.358260946501,True,98.69479790970951,True,True,0.7,True,Sun,1
20260201,3F_R_N,84,95.26340136522465,208,True,101.34862590277152,False,102.33575946716525,False,103.75257400350019,False,False,0.7,True,Sun,1
20260202,2F_L_N,180,100.57511159525387,209,True,100.74140691683417,False,101.83196350719113,False,102.72960579424927,False,False,0.7,False,Mon,2
20260202,2F_R_N,168,98.21313138672704,209,True,100.79570031811271,False,101.5771295563738,False,102.40624810843778,False,False,0.7,False,Mon,2
20260202,3F_L_A,103,97.63396564701915,209,True,97.99398142673707,False,98.28531637268918,False,98.8140110398246,False,False,0.7,False,Mon,2
20260202,3F_L_N,84,105.94593546461134,209,True,100.63667941892848,True,101.83674930752512,True,103.3289883754008,True,True,0.7,False,Mon,2
20260202,3F_R_A,93,97.47012665051693,209,True,98.05110676999139,False,98.3682419039438,False,98.81704652430467,False,False,0.7,False,Mon,2
20260202,3F_R_N,82,96.85468434494753,209,True,101.34862590277152,False,102.33575946716525,False,103.75257400350019,False,False,0.7,False,Mon,2
20260203,2F_L_N,179,102.31828185924759,210,True,100.71786165747865,True,101.83196350719113,True,102.72960579424927,False,True,0.7,False,Tue,3
20260203,2F_R_N,165,95.53212425256503,210,True,100.79570031811271,False,101.5771295563738,False,102.40624810843778,False,False,0.7,False,Tue,3
20260203,3F_L_A,102,93.96132594056823,210,True,97.99398142673707,False,98.28531637268918,False,98.8140110398246,False,False,0.7,False,Tue,3
20260203,3F_L_N,82,94.2047569314967,210,True,100.63667941892848,False,101.83674930752512,False,103.49539023603838,False,False,0.7,False,Tue,3
20260203,3F_R_A,92,93.95007255164218,210,True,98.05110676999139,False,98.3682419039438,False,98.81704652430467,False,False,0.7,False,Tue,3
20260203,3F_R_N,81,94.09367008377247,210,True,101.34862590277152,False,102.33575946716525,False,103.75257400350019,False,False,0.7,False,Tue,3
20260204,2F_L_N,177,96.02093907448382,211,True,100.74140691683417,False,101.99648434391393,False,102.72960579424927,False,False,0.7,False,Wed,4
20260204,2F_R_N,164,97.9083640463469,211,True,100.79570031811271,False,101.5771295563738,False,102.40624810843778,False,False,0.7,False,Wed,4
20260204,3F_L_A,101,96.7011501008807,211,True,97.99398142673707,False,98.28531637268918,False,98.8140110398246,False,False,0.7,False,Wed,4
20260204,3F_L_N,83,96.08299761059251,211,True,100.55757746087542,False,101.8260158091478,False,103.3289883754008,False,False,0.7,False,Wed,4
20260204,3F_R_A,93,95.02729601977728,211,True,98.05110676999139,False,98.3682419039438,False,98.81704652430467,False,False,0.7,False,Wed,4
20260204,3F_R_N,84,105.09684141464992,211,True,101.34862590277152,True,102.33575946716525,True,103.75257400350019,True,True,0.7,False,Wed,4
20260205,2F_L_N,176,99.48983528825742,212,True,100.74140691683417,False,101.99648434391393,False,102.72960579424927,False,False,0.7,False,Thu,5
20260205,2F_R_N,165,96.27036186460383,212,True,100.79570031811271,False,101.5771295563738,False,102.40624810843778,False,False,0.7,False,Thu,5
20260205,3F_L_A,101,96.26644729259252,212,True,97.99398142673707,False,98.28531637268918,False,98.8140110398246,False,False,0.7,False,Thu,5
20260205,3F_L_N,80,103.99857664149707,212,True,100.55757746087542,True,101.8260158091478,True,103.3289883754008,True,True,0.7,False,Thu,5
20260205,3F_R_A,93,95.10240314975019,212,True,98.05110676999139,False,98.3682419039438,False,98.81704652430467,False,False,0.7,False,Thu,5
20260205,3F_R_N,80,98.69656814273308,212,True,101.53678572714531,False,102.43273767053887,False,104.11548287289997,False,False,0.7,False,Thu,5
20260206,2F_L_N,178,98.51722554257736,213,True,100.71786165747865,False,101.83196350719113,False,102.64951172890213,False,False,0.7,False,Fri,6
20260206,2F_R_N,168,99.04470176694761,213,True,100.7221178291679,False,101.4798472356192,False,102.40624810843778,False,False,0.7,False,Fri,6
20260206,3F_L_A,102,96.31946106665413,213,True,97.99398142673707,False,98.28531637268918,False,98.8140110398246,False,False,0.7,False,Fri,6
20260206,3F_L_N,79,100.321730819556,213,True,100.63667941892848,False,101.83674930752512,False,103.49539023603838,False,False,0.7,False,Fri,6
20260206,3F_R_A,89,94.67295559935182,213,True,98.05110676999139,False,98.3682419039438,False,98.81704652430467,False,False,0.7,False,Fri,6
20260206,3F_R_N,80,96.21372166034455,213,True,101.53678572714531,False,102.43273767053887,False,104.11548287289997,False,False,0.7,False,Fri,6
20260207,2F_L_N,181,104.89448832815228,214,True,100.71786165747865,True,101.83196350719113,True,102.64951172890213,True,True,0.7,True,Sat,7
20260207,2F_R_N,169,103.18397040481477,214,True,100.7221178291679,True,101.4798472356192,True,102.40624810843778,True,True,0.7,True,Sat,7
20260207,3F_L_A,103,99.01574560788939,214,True,97.94136982741357,True,98.27344277807549,True,98.8140110398246,True,True,0.7,True,Sat,7
20260207,3F_L_N,84,98.40229897331444,214,True,100.63667941892848,False,101.83674930752512,False,103.49539023603838,False,False,0.7,True,Sat,7
20260207,3F_R_A,93,100.73085668239743,214,True,98.03787494207265,True,98.358260946501,True,98.69479790970951,True,True,0.7,True,Sat,7
20260207,3F_R_N,84,103.24902233073082,214,True,101.53678572714531,True,102.43273767053887,True,104.11548287289997,False,True,0.7,True,Sat,7
20260208,2F_L_N,181,102.6600937238352,215,True,100.74140691683417,True,101.99648434391393,True,102.72960579424927,False,True,0.7,False,Sun,8
20260208,2F_R_N,169,99.66452753492547,215,True,100.79570031811271,False,101.57848365360816,False,102.5837484672957,False,False,0.7,False,Sun,8
20260208,3F_L_A,103,98.12953826529038,215,True,97.99398142673707,True,98.28531637268918,False,98.87940848850256,False,False,0.7,False,Sun,8
20260208,3F_L_N,83,95.5862893491928,215,True,100.55757746087542,False,101.83674930752512,False,103.49539023603838,False,False,0.7,False,Sun,8
20260208,3F_R_A,93,100.2671085878691,215,True,98.05110676999139,True,98.3682419039438,True,98.81704652430467,True,True,0.7,False,Sun,8
20260208,3F_R_N,82,101.83070952672895,215,True,101.71788713373923,True,102.56336373922692,False,104.11548287289997,False,False,0.7,False,Sun,8
20260209,2F_L_N,176,101.93003447241749,216,True,100.74140691683417,True,101.99648434391393,False,102.6629895174179,False,False,0.7,False,Mon,9
20260209,2F_R_N,165,97.65036921571145,216,True,100.7221178291679,False,101.4798472356192,False,102.40624810843778,False,False,0.7,False,Mon,9
20260209,3F_L_A,100,94.96796510317317,216,True,98.02727407351942,False,98.28531637268918,False,98.87940848850256,False,False,0.7,False,Mon,9
20260209,3F_L_N,77,100.39810070470975,216,True,100.55757746087542,False,101.83674930752512,False,103.49539023603838,False,False,0.7,False,Mon,9
20260209,3F_R_A,92,96.72921649658156,216,True,98.05446353273713,False,98.37196332426976,False,99.02141158427561,False,False,0.7,False,Mon,9
20260209,3F_R_N,76,101.67274133502909,216,True,101.76754629355777,False,102.56336373922692,False,104.11548287289997,False,False,0.7,False,Mon,9
20260210,2F_L_N,179,100.84231275502466,217,True,100.78648489275214,True,101.99648434391393,False,102.6629895174179,False,False,0.7,False,Tue,10
20260210,2F_R_N,168,101.93819123915736,217,True,100.57672978734848,True,101.43995892991536,True,102.40624810843778,False,True,0.7,False,Tue,10
20260210,3F_L_A,103,97.11029474558838,217,True,97.99398142673707,False,98.27344277807549,False,98.8140110398246,False,False,0.7,False,Tue,10
20260210,3F_L_N,80,96.64830624457466,217,True,100.4651046087466,False,101.8260158091478,False,103.3289883754008,False,False,0.7,False,Tue,10
20260210,3F_R_A,93,97.88681522140787,217,True,98.05110676999139,False,98.3682419039438,False,98.81704652430467,False,False,0.7,False,Tue,10
20260210,3F_R_N,80,104.008418338199,217,True,101.71788713373923,True,102.43273767053887,True,103.75257400350019,True,True,0.7,False,Tue,10
20260211,2F_L_N,181,99.20703716671119,218,True,100.78648489275214,False,101.99648434391393,False,102.6629895174179,False,False,0.7,True,Wed,11
20260211,2F_R_N,169,104.72636460283701,218,True,100.7221178291679,True,101.49317396758943,True,102.40624810843778,True,True,0.7,True,Wed,11
20260211,3F_L_A,103,96.7435643543011,218,True,97.99398142673707,False,98.27344277807549,False,98.8140110398246,False,False,0.7,True,Wed,11
20260211,3F_L_N,84,101.08566119382951,218,True,100.4651046087466,True,101.8260158091478,False,103.3289883754008,False,False,0.7,True,Wed,11
20260211,3F_R_A,93,98.07542273843282,218,True,98.05110676999139,True,98.3682419039438,False,98.81704652430467,False,False,0.7,True,Wed,11
20260211,3F_R_N,83,98.26572917736367,218,True,101.71788713373923,False,102.43273767053887,False,103.74226595939085,False,False,0.7,True,Wed,11
20260212,2F_L_N,177,98.22007788436714,219,True,100.78648489275214,False,101.99648434391393,False,102.6629895174179,False,False,0.7,False,Thu,12
20260212,2F_R_N,169,97.15420059529077,219,True,100.7221178291679,False,101.49317396758943,False,102.40624810843778,False,False,0.7,False,Thu,12
20260212,3F_L_A,102,94.8642994582784,219,True,97.99398142673707,False,98.27344277807549,False,98.8140110398246,False,False,0.7,False,Thu,12
20260212,3F_L_N,81,104.81745067075931,219,True,100.4651046087466,True,101.78120271663484,True,103.26848735673045,True,True,0.7,False,Thu,12
20260212,3F_R_A,90,95.10726656166716,219,True,98.05446353273713,False,98.3682419039438,False,98.81704652430467,False,False,0.7,False,Thu,12
20260212,3F_R_N,80,107.3477516364466,219,True,101.71788713373923,True,102.43273767053887,True,103.74226595939085,True,True,0.7,False,Thu,12
20260213,2F_L_N,181,98.29191588927046,220,True,100.78648489275214,False,101.99648434391393,False,102.6629895174179,False,False,0.7,False,Fri,13
20260213,2F_R_N,168,100.27346533715448,220,True,100.7221178291679,False,101.49317396758943,False,102.40624810843778,False,False,0.7,False,Fri,13
20260213,3F_L_A,103,94.21062585083308,220,True,97.99398142673707,False,98.27344277807549,False,98.8140110398246,False,False,0.7,False,Fri,13
20260213,3F_L_N,78,92.6227129741778,220,True,100.55757746087542,False,101.8260158091478,False,103.49539023603838,False,False,0.7,False,Fri,13
20260213,3F_R_A,93,97.23425596781395,220,True,98.05110676999139,False,98.358260946501,False,98.81704652430467,False,False,0.7,False,Fri,13
20260213,3F_R_N,79,103.53561408804148,220,True,101.76754629355777,True,102.56336373922692,True,104.01872638230833,False,True,0.7,False,Fri,13
20260214,2F_L_N,181,97.34290572146807,221,True,100.78648489275214,False,101.99648434391393,False,102.6629895174179,False,False,0.7,False,Sat,14
20260214,2F_R_N,169,99.90087750439605,221,True,100.57672978734848,False,101.43995892991536,False,102.34561916303132,False,False,0.7,False,Sat,14
20260214,3F_L_A,103,99.51496378134847,221,True,97.94136982741357,True,98.25739212771266,True,98.5679428624015,True,True,0.7,False,Sat,14
20260214,3F_L_N,84,100.6005955555369,221,True,100.55757746087542,True,101.8260158091478,False,103.49539023603838,False,False,0.7,False,Sat,14
20260214,3F_R_A,93,100.48792886183801,221,True,98.03787494207265,True,98.28668225295495,True,98.66262181883572,True,True,0.7,False,Sat,14
20260214,3F_R_N,84,101.18477643506304,221,True,101.76754629355777,False,102.56336373922692,False,103.74226595939085,False,False,0.7,False,Sat,14
20260215,2F_L_N,181,98.43297084183635,222,True,100.74140691683417,False,101.99648434391393,False,102.6629895174179,False,False,0.7,False,Sun,15
20260215,2F_R_N,169,98.33673160955665,222,True,100.57672978734848,False,101.43995892991536,False,102.34561916303132,False,False,0.7,False,Sun,15
20260215,3F_L_A,103,98.41795891220858,222,True,97.94136982741357,True,98.27344277807549,True,98.8140110398246,False,True,0.7,False,Sun,15
20260215,3F_L_N,84,96.91155960490705,222,True,100.55757746087542,False,101.8260158091478,False,103.49539023603838,False,False,0.7,False,Sun,15
20260215,3F_R_A,93,96.47393944362408,222,True,98.03787494207265,False,98.28668225295495,False,98.66262181883572,False,False,0.7,False,Sun,15
20260215,3F_R_N,84,100.37990266843987,222,True,101.76754629355777,False,102.56336373922692,False,103.74226595939085,False,False,0.7,False,Sun,15
20260216,2F_L_N,173,99.65414012942821,223,True,100.71786165747865,False,101.93909569459359,False,102.6629895174179,False,False,0.7,False,Mon,16
20260216,2F_R_N,165,96.50021474571105,223,True,100.57672978734848,False,101.43995892991536,False,102.34561916303132,False,False,0.7,False,Mon,16
20260216,3F_L_A,100,97.34958970787686,223,True,97.94136982741357,False,98.27344277807549,False,98.5679428624015,False,False,0.7,False,Mon,16
20260216,3F_L_N,76,98.53421124006658,223,True,100.55757746087542,False,101.8260158091478,False,103.49539023603838,False,False,0.7,False,Mon,16
20260216,3F_R_A,90,95.21767826104563,223,True,98.0345808144013,False,98.28668225295495,False,98.66262181883572,False,False,0.7,False,Mon,16
20260216,3F_R_N,77,97.1739468440177,223,True,101.71788713373923,False,102.43273767053887,False,103.74226595939085,False,False,0.7,False,Mon,16
20260217,2F_L_N,181,98.12981320155468,224,True,100.71786165747865,False,101.93909569459359,False,102.6629895174179,False,False,0.7,True,Tue,17
20260217,2F_R_N,169,99.67324399114767,224,True,100.57672978734848,False,101.43995892991536,False,102.34561916303132,False,False,0.7,True,Tue,17
20260217,3F_L_A,103,98.1360270623331,224,True,97.94136982741357,True,98.27344277807549,False,98.5679428624015,False,False,0.7,True,Tue,17
20260217,3F_L_N,83,101.58933907302107,224,True,100.4651046087466,True,101.78120271663484,False,103.49539023603838,False,False,0.7,True,Tue,17
20260217,3F_R_A,92,97.4525225934091,224,True,98.0345808144013,False,98.28668225295495,False,98.66262181883572,False,False,0.7,True,Tue,17
20260217,3F_R_N,83,97.52386172533214,224,True,101.68207557034047,False,102.33575946716525,False,103.74226595939085,False,False,0.7,True,Tue,17
20260218,2F_L_N,177,100.75356804247834,225,True,100.69454755727322,True,101.93909569459359,False,102.6629895174179,False,False,0.7,False,Wed,18
20260218,2F_R_N,165,99.6241743514959,225,True,100.57672978734848,False,101.43995892991536,False,102.34561916303132,False,False,0.7,False,Wed,18
20260218,3F_L_A,103,95.00250131322188,225,True,97.99398142673707,False,98.27344277807549,False,98.5679428624015,False,False,0.7,False,Wed,18
20260218,3F_L_N,82,93.70359219488665,225,True,100.55757746087542,False,101.78120271663484,False,103.49539023603838,False,False,0.7,False,Wed,18
20260218,3F_R_A,90,97.21353825903441,225,True,98.0345808144013,False,98.28668225295495,False,98.66262181883572,False,False,0.7,False,Wed,18
20260218,3F_R_N,78,99.11450184799828,225,True,101.52745149183394,False,102.19695157911718,False,103.56363684337094,False,False,0.7,False,Wed,18
20260219,2F_L_N,178,102.6809097893852,226,True,100.69454755727322,True,101.82290228501505,True,102.6629895174179,True,True,0.7,False,Thu,19
20260219,2F_R_N,166,97.48984046987513,226,True,100.57672978734848,False,101.43995892991536,False,102.34561916303132,False,False,0.7,False,Thu,19
20260219,3F_L_A,102,95.93924423401825,226,True,97.99398142673707,False,98.27344277807549,False,98.5679428624015,False,False,0.7,False,Thu,19
20260219,3F_L_N,83,101.30157775667834,226,True,100.55757746087542,True,101.78120271663484,False,103.49539023603838,False,False,0.7,False,Thu,19
20260219,3F_R_A,89,96.3281006883206,226,True,98.0345808144013,False,98.28668225295495,False,98.66262181883572,False,False,0.7,False,Thu,19
20260219,3F_R_N,78,107.50777268074322,226,True,101.34862590277152,True,102.13695846981634,True,103.5101212524057,True,True,0.7,False,Thu,19
20260220,2F_L_N,179,95.09212844529398,227,True,100.71786165747865,False,101.93909569459359,False,102.67584011127597,False,False,0.7,False,Fri,20
20260220,2F_R_N,168,97.11592344889074,227,True,100.45036697676315,False,101.43995892991536,False,102.34561916303132,False,False,0.7,False,Fri,20
20260220,3F_L_A,103,94.45269129410269,227,True,97.99398142673707,False,98.27344277807549,False,98.5679428624015,False,False,0.7,False,Fri,20
20260220,3F_L_N,80,105.42666894953518,227,True,100.55757746087542,True,101.6416061703282,True,103.26848735673045,True,True,0.7,False,Fri,20
20260220,3F_R_A,89,91.80647705782675,227,True,97.99348020438732,False,98.24516730834286,False,98.66262181883572,False,False,0.7,False,Fri,20
20260220,3F_R_N,83,94.51595046298911,227,True,101.52745149183394,False,102.19695157911718,False,103.63017493807298,False,False,0.7,False,Fri,20
20260221,2F_L_N,181,98.9329418852661,228,True,100.71786165747865,False,101.93909569459359,False,102.67584011127597,False,False,0.7,True,Sat,21
20260221,2F_R_N,169,96.67270952084873,228,True,100.45036697676315,False,101.43995892991536,False,102.34561916303132,False,False,0.7,True,Sat,21
20260221,3F_L_A,103,97.47599711631091,228,True,97.99398142673707,False,98.27344277807549,False,98.5679428624015,False,False,0.7,True,Sat,21
20260221,3F_L_N,83,97.52312742085927,228,True,100.58533860242233,False,101.78120271663484,False,103.49539023603838,False,False,0.7,True,Sat,21
20260221,3F_R_A,92,96.69984266174656,228,True,97.92142059362695,False,98.22654587833112,False,98.63407156995473,False,False,0.7,True,Sat,21
20260221,3F_R_N,83,95.30846828322528,228,True,101.52745149183394,False,102.19695157911718,False,103.63017493807298,False,False,0.7,True,Sat,21
20260222,2F_L_N,181,102.36174056879544,229,True,100.69454755727322,True,101.82290228501505,True,102.66425693694521,False,True,0.7,True,Sun,22
20260222,2F_R_N,169,105.7746269405145,229,True,100.33079369836469,True,101.43995892991536,True,102.34561916303132,True,True,0.7,True,Sun,22
20260222,3F_L_A,103,100.70864570399752,229,True,97.94136982741357,True,98.27344277807549,True,98.5679428624015,True,True,0.7,True,Sun,22
20260222,3F_L_N,84,109.71636798443143,229,True,100.58533860242233,True,101.78120271663484,True,103.49539023603838,True,True,0.7,True,Sun,22
20260222,3F_R_A,92,101.24924376982551,229,True,97.92142059362695,True,98.22654587833112,True,98.63407156995473,True,True,0.7,True,Sun,22
20260222,3F_R_N,83,106.8874769829881,229,True,101.52745149183394,True,102.19695157911718,True,103.63017493807298,True,True,0.7,True,Sun,22
20260223,2F_L_N,181,94.94533653771025,230,True,100.71786165747865,False,101.93909569459359,False,102.66425693694521,False,False,0.7,False,Mon,23
20260223,2F_R_N,169,97.45603686238732,230,True,100.33079369836469,False,101.49317396758943,False,102.40624810843778,False,False,0.7,False,Mon,23
20260223,3F_L_A,103,96.76207775285263,230,True,97.94136982741357,False,98.27344277807549,False,98.8140110398246,False,False,0.7,False,Mon,23
20260223,3F_L_N,84,95.88237197000608,230,True,100.58533860242233,False,101.78120271663484,False,103.84141049166391,False,False,0.7,False,Mon,23
20260223,3F_R_A,92,97.99642881751575,230,True,97.92142059362695,True,98.24516730834286,False,98.66262181883572,False,False,0.7,False,Mon,23
20260223,3F_R_N,82,95.38230599473897,230,True,101.52745149183394,False,102.19695157911718,False,103.63017493807298,False,False,0.7,False,Mon,23
20260224,2F_L_N,180,100.42070151487793,231,True,100.71786165747865,False,101.93909569459359,False,102.66425693694521,False,False,0.7,False,Tue,24
20260224,2F_R_N,168,92.89220684451472,231,True,100.23014312051136,False,101.43995892991536,False,102.34561916303132,False,False,0.7,False,Tue,24
20260224,3F_L_A,99,97.56668049725417,231,True,97.89809884768387,False,98.27344277807549,False,98.8140110398246,False,False,0.7,False,Tue,24
20260224,3F_L_N,83,97.91762517920544,231,True,100.58533860242233,False,101.78120271663484,False,103.84141049166391,False,False,0.7,False,Tue,24
20260224,3F_R_A,92,97.56209743867507,231,True,97.98256871817964,False,98.24516730834286,False,98.66262181883572,False,False,0.7,False,Tue,24
20260224,3F_R_N,76,99.31823604559098,231,True,101.34862590277152,False,102.19695157911718,False,103.63017493807298,False,False,0.7,False,Tue,24
20260225,2F_L_N,178,96.98980110350526,232,True,100.71786165747865,False,101.93909569459359,False,102.66425693694521,False,False,0.7,False,Wed,25
20260225,2F_R_N,165,95.66701332555974,232,True,100.23014312051136,False,101.43995892991536,False,102.34561916303132,False,False,0.7,False,Wed,25
20260225,3F_L_A,102,96.18108869720227,232,True,97.87103235341144,False,98.24918840237018,False,98.56507330479471,False,False,0.7,False,Wed,25
20260225,3F_L_N,83,100.84495407984339,232,True,100.58533860242233,True,101.78120271663484,False,103.84141049166391,False,False,0.7,False,Wed,25
20260225,3F_R_A,92,96.31566983316755,232,True,97.98256871817964,False,98.24516730834286,False,98.66262181883572,False,False,0.7,False,Wed,25
20260225,3F_R_N,78,98.89290372638173,232,True,101.22845870385336,False,102.13695846981634,False,103.5101212524057,False,False,0.7,False,Wed,25
20260226,2F_L_N,174,101.99956368040637,233,True,100.69454755727322,True,101.82290228501505,True,102.64661593531945,False,True,0.7,False,Thu,26
20260226,2F_R_N,166,97.84547637438023,233,True,100.14845692609659,False,101.42878960818743,False,102.09185859590858,False,False,0.7,False,Thu,26
20260226,3F_L_A,102,96.59318226130459,233,True,97.87103235341144,False,98.24918840237018,False,98.56507330479471,False,False,0.7,False,Thu,26
20260226,3F_L_N,83,95.81958942103644,233,True,100.58533860242233,False,101.6416061703282,False,103.49539023603838,False,False,0.7,False,Thu,26
20260226,3F_R_A,92,97.88332976952876,233,True,97.98256871817964,False,98.24516730834286,False,98.66262181883572,False,False,0.7,False,Thu,26
20260226,3F_R_N,79,95.00143804283711,233,True,101.22845870385336,False,102.13695846981634,False,103.5101212524057,False,False,0.7,False,Thu,26
20260227,2F_L_N,180,102.97581969290175,234,True,100.69454755727322,True,101.82290228501505,True,102.64661593531945,True,True,0.7,True,Fri,27
20260227,2F_R_N,169,98.08876425125604,234,True,100.14845692609659,False,101.42878960818743,False,102.09185859590858,False,False,0.7,True,Fri,27
20260227,3F_L_A,103,98.94070792045457,234,True,97.87103235341144,True,98.24918840237018,True,98.56507330479471,True,True,0.7,True,Fri,27
20260227,3F_L_N,84,91.9405543285132,234,True,100.55757746087542,False,101.52039280584829,False,103.26848735673045,False,False,0.7,True,Fri,27
20260227,3F_R_A,92,99.43373555488056,234,True,97.98256871817964,True,98.24516730834286,True,98.66262181883572,True,True,0.7,True,Fri,27
20260227,3F_R_N,83,96.22600998281301,234,True,101.07693861501515,False,102.13695846981634,False,103.5101212524057,False,False,0.7,True,Fri,27
20260228,2F_L_N,180,104.52437723400246,235,True,100.69454755727322,True,101.82290228501505,True,102.64661593531945,True,True,0.7,True,Sat,28
20260228,2F_R_N,169,102.6759802006522,235,True,100.1072607553087,True,101.19110204705801,True,101.95646512558534,True,True,0.7,True,Sat,28
20260228,3F_L_A,103,103.4026537084402,235,True,97.89809884768387,True,98.27344277807549,True,98.83297902190652,True,True,0.7,True,Sat,28
20260228,3F_L_N,84,100.3762030387819,235,True,100.4572007833172,False,101.52039280584829,False,103.26848735673045,False,False,0.7,True,Sat,28
20260228,3F_R_A,92,102.63191072778757,235,True,97.98256871817964,True,98.24516730834286,True,98.82874143660224,True,True,0.7,True,Sat,28
20260228,3F_R_N,82,104.28935944131369,235,True,100.95675576741993,True,102.13695846981634,True,103.5101212524057,True,True,0.7,True,Sat,28
20260301,2F_L_N,180,100.80238353357196,236,True,100.69454755727322,True,101.82290228501505,False,102.64661593531945,False,False,0.7,True,Sun,1
20260301,2F_R_N,169,100.16461556920665,236,True,100.1072607553087,True,101.19110204705801,False,101.95646512558534,False,False,0.7,True,Sun,1
20260301,3F_L_A,103,103.69772508389907,236,True,97.89809884768387,True,98.28531637268918,True,98.95528041683026,True,True,0.7,True,Sun,1
20260301,3F_L_N,84,98.95547329439337,236,True,100.4572007833172,False,101.52039280584829,False,103.26848735673045,False,False,0.7,True,Sun,1
20260301,3F_R_A,92,102.3255759173548,236,True,97.98256871817964,True,98.24516730834286,True,98.82874143660224,True,True,0.7,True,Sun,1
20260301,3F_R_N,83,96.27683254949393,236,True,100.95675576741993,False,102.13695846981634,False,103.63017493807298,False,False,0.7,True,Sun,1
20260302,2F_L_N,180,97.15398411174354,237,True,100.71786165747865,False,101.82290228501505,False,102.64661593531945,False,False,0.7,False,Mon,2
20260302,2F_R_N,167,98.923904849689,237,True,100.13379849667952,False,101.19110204705801,False,101.95646512558534,False,False,0.7,False,Mon,2
20260302,3F_L_A,99,93.92444776136476,237,True,97.89809884768387,False,98.28531637268918,False,99.01400544344429,False,False,0.7,False,Mon,2
20260302,3F_L_N,84,107.32419676833322,237,True,100.38496210515304,True,101.44937733008776,True,102.61352129003207,True,True,0.7,False,Mon,2
20260302,3F_R_A,92,95.80255473104519,237,True,98.00734030372342,False,98.28668225295495,False,99.09332232109398,False,False,0.7,False,Mon,2
20260302,3F_R_N,78,103.39647741582333,237,True,100.8669411580081,True,102.00015562994523,True,103.63017493807298,False,True,0.7,False,Mon,2
20260303,2F_L_N,181,100.3476938431826,238,True,100.69454755727322,False,101.7682075945138,False,102.64661593531945,False,False,0.7,False,Tue,3
20260303,2F_R_N,169,103.16277639253609,238,True,100.13379849667952,True,101.19110204705801,True,101.95646512558534,True,True,0.7,False,Tue,3
20260303,3F_L_A,103,97.25298610857945,238,True,97.87103235341144,False,98.27562130817253,False,99.01400544344429,False,False,0.7,False,Tue,3
20260303,3F_L_N,84,97.69414697076436,238,True,100.4572007833172,False,101.52039280584829,False,103.49539023603838,False,False,0.7,False,Tue,3
20260303,3F_R_A,93,98.71903855764076,238,True,97.98256871817964,True,98.28668225295495,True,99.09332232109398,False,True,0.7,False,Tue,3
20260303,3F_R_N,82,100.74892414108947,238,True,100.95675576741993,False,102.18664633716376,False,103.63017493807298,False,False,0.7,False,Tue,3
20260304,2F_L_N,177,98.90543595075903,239,True,100.61898654332491,False,101.43249192947518,False,102.41804175267445,False,False,0.7,False,Wed,4
20260304,2F_R_N,163,97.42553985185548,239,True,100.13379849667952,False,101.19110204705801,False,102.01876305019667,False,False,0.7,False,Wed,4
20260304,3F_L_A,98,99.08261127131881,239,True,97.87103235341144,True,98.27562130817253,True,99.01400544344429,True,True,0.7,False,Wed,4
20260304,3F_L_N,84,96.15501874427837,239,True,100.38496210515304,False,101.52039280584829,False,103.49539023603838,False,False,0.7,False,Wed,4
20260304,3F_R_A,90,96.08334604960473,239,True,97.98256871817964,False,98.28668225295495,False,99.09332232109398,False,False,0.7,False,Wed,4
20260304,3F_R_N,82,103.87885506852031,239,True,100.95675576741993,True,102.18664633716376,True,103.63017493807298,True,True,0.7,False,Wed,4
20260305,2F_L_N,171,98.37992789834064,240,True,100.61898654332491,False,101.43249192947518,False,102.41804175267445,False,False,0.7,False,Thu,5
20260305,2F_R_N,162,99.17144563373063,240,True,100.13379849667952,False,101.19110204705801,False,102.01876305019667,False,False,0.7,False,Thu,5
20260305,3F_L_A,102,95.78654443382575,240,True,97.87103235341144,False,98.27562130817253,False,99.02102146597817,False,False,0.7,False,Thu,5
20260305,3F_L_N,81,95.68887257412347,240,True,100.38496210515304,False,101.52039280584829,False,103.49539023603838,False,False,0.7,False,Thu,5
20260305,3F_R_A,92,95.288757400892,240,True,97.92142059362695,False,98.24516730834286,False,99.09332232109398,False,False,0.7,False,Thu,5
20260305,3F_R_N,74,92.84328265539126,240,True,100.95675576741993,False,102.33575946716525,False,103.90476772245604,False,False,0.7,False,Thu,5
20260306,2F_L_N,176,101.29142632612735,241,True,100.61898654332491,True,101.43249192947518,False,102.41804175267445,False,False,0.7,False,Fri,6
20260306,2F_R_N,161,101.15849628307318,241,True,100.13379849667952,True,101.19110204705801,False,102.01876305019667,False,False,0.7,False,Fri,6
20260306,3F_L_A,103,97.35176963217098,241,True,97.844783625873,False,98.24918840237018,False,99.02102146597817,False,False,0.7,False,Fri,6
20260306,3F_L_N,76,93.61928637888373,241,True,100.38496210515304,False,101.52039280584829,False,103.49539023603838,False,False,0.7,False,Fri,6
20260306,3F_R_A,91,95.8264722400759,241,True,97.92142059362695,False,98.24516730834286,False,99.09332232109398,False,False,0.7,False,Fri,6
20260306,3F_R_N,78,93.282724395017,241,True,100.95675576741993,False,102.33575946716525,False,103.90476772245604,False,False,0.7,False,Fri,6
20260307,2F_L_N,181,99.35518127764372,242,True,100.61898654332491,False,101.29058652128927,False,102.32697360115716,False,False,0.7,True,Sat,7
20260307,2F_R_N,169,100.09042819289581,242,True,100.13379849667952,False,101.11126678004021,False,101.86736966933886,False,False,0.7,True,Sat,7
20260307,3F_L_A,103,100.37664201893439,242,True,97.82384275598446,True,98.24918840237018,True,99.02102146597817,True,True,0.7,True,Sat,7
20260307,3F_L_N,84,102.98496936216965,242,True,100.34351970724636,True,101.44937733008776,True,102.61352129003207,True,True,0.7,True,Sat,7
20260307,3F_R_A,93,100.38300164131708,242,True,97.8847239502804,True,98.162967369734,True,99.09332232109398,True,True,0.7,True,Sat,7
20260307,3F_R_N,82,98.09840752582227,242,True,100.8669411580081,False,102.18664633716376,False,103.60426228413725,False,False,0.7,True,Sat,7
20260308,2F_L_N,181,98.47157195487442,243,True,100.52342767680764,False,100.97668690999629,False,102.23460714624859,False,False,0.7,False,Sun,8
20260308,2F_R_N,169,102.98537176898878,243,True,100.1072607553087,True,101.02670958563382,True,101.86736966933886,True,True,0.7,False,Sun,8
20260308,3F_L_A,103,98.04646153329938,243,True,97.82384275598446,True,98.24918840237018,False,99.02102146597817,False,False,0.7,False,Sun,8
20260308,3F_L_N,84,104.88427456869857,243,True,100.34351970724636,True,101.44937733008776,True,102.52677355116668,True,True,0.7,False,Sun,8
20260308,3F_R_A,93,96.70344237856106,243,True,97.8847239502804,False,98.162967369734,False,99.09332232109398,False,False,0.7,False,Sun,8
20260308,3F_R_N,82,98.34226437272483,243,True,100.78076544624724,False,102.00015562994523,False,103.60426228413725,False,False,0.7,False,Sun,8
20260309,2F_L_N,171,97.09086535657835,244,True,100.45618346462543,False,100.83401433205887,False,102.10758399087302,False,False,0.7,False,Mon,9
20260309,2F_R_N,161,98.05518659193797,244,True,100.1072607553087,False,101.02670958563382,False,101.86736966933886,False,False,0.7,False,Mon,9
20260309,3F_L_A,92,97.10334463361673,244,True,97.82384275598446,False,98.22115544518579,False,99.02102146597817,False,False,0.7,False,Mon,9
20260309,3F_L_N,81,95.35477415427741,244,True,100.34351970724636,False,101.44937733008776,False,103.07171710103503,False,False,0.7,False,Mon,9
20260309,3F_R_A,90,95.88120511015279,244,True,97.8847239502804,False,98.162967369734,False,99.09332232109398,False,False,0.7,False,Mon,9
20260309,3F_R_N,79,100.63415413426479,244,True,100.78076544624724,False,102.00015562994523,False,103.60426228413725,False,False,0.7,False,Mon,9
20260310,2F_L_N,176,98.38333407490133,245,True,100.45618346462543,False,100.83401433205887,False,102.10758399087302,False,False,0.7,False,Tue,10
20260310,2F_R_N,160,102.97979752008996,245,True,100.1072607553087,True,101.02670958563382,True,101.86736966933886,True,True,0.7,False,Tue,10
20260310,3F_L_A,102,94.10832681034849,245,True,97.82384275598446,False,98.22115544518579,False,99.02102146597817,False,False,0.7,False,Tue,10
20260310,3F_L_N,79,91.03212127053524,245,True,100.34351970724636,False,101.44937733008776,False,103.07171710103503,False,False,0.7,False,Tue,10
20260310,3F_R_A,91,95.8022933398016,245,True,97.8847239502804,False,98.162967369734,False,99.09332232109398,False,False,0.7,False,Tue,10
20260310,3F_R_N,79,96.92460998600974,245,True,100.71184283657148,False,101.86452226100171,False,103.5101212524057,False,False,0.7,False,Tue,10
20260311,2F_L_N,181,103.65287613029592,246,True,100.45618346462543,True,100.83401433205887,True,102.10758399087302,True,True,0.7,True,Wed,11
20260311,2F_R_N,169,98.31546479843705,246,True,100.13379849667952,False,101.11126678004021,False,102.01876305019667,False,False,0.7,True,Wed,11
20260311,3F_L_A,102,97.38296923610199,246,True,97.7566891831823,False,98.22115544518579,False,99.02102146597817,False,False,0.7,True,Wed,11
20260311,3F_L_N,84,103.15394419045704,246,True,100.34351970724636,True,101.44937733008776,True,103.07171710103503,True,True,0.7,True,Wed,11
20260311,3F_R_A,93,98.31779111871354,246,True,97.8847239502804,True,98.162967369734,True,99.09332232109398,False,True,0.7,True,Wed,11
20260311,3F_R_N,82,105.60282773971646,246,True,100.71184283657148,True,101.86452226100171,True,103.5101212524057,True,True,0.7,True,Wed,11
20260312,2F_L_N,175,98.8285673835944,247,True,100.52342767680764,False,100.97668690999629,False,102.23460714624859,False,False,0.7,False,Thu,12
20260312,2F_R_N,163,98.32841416549107,247,True,100.13379849667952,False,101.11126678004021,False,102.01876305019667,False,False,0.7,False,Thu,12
20260312,3F_L_A,102,96.26655572501247,247,True,97.7566891831823,False,98.22115544518579,False,99.02102146597817,False,False,0.7,False,Thu,12
20260312,3F_L_N,77,96.94264260835119,247,True,100.38496210515304,False,101.52039280584829,False,103.20689696366495,False,False,0.7,False,Thu,12
20260312,3F_R_A,91,97.06574080756782,247,True,97.92142059362695,False,98.24516730834286,False,99.09332232109398,False,False,0.7,False,Thu,12
20260312,3F_R_N,81,96.41103515112142,247,True,100.78076544624724,False,102.00015562994523,False,103.60426228413725,False,False,0.7,False,Thu,12
20260313,2F_L_N,178,94.32217060490429,248,True,100.45618346462543,False,100.83401433205887,False,102.23460714624859,False,False,0.7,False,Fri,13
20260313,2F_R_N,167,101.40215715699749,248,True,100.1072607553087,True,101.11126678004021,True,102.01876305019667,False,True,0.7,False,Fri,13
20260313,3F_L_A,102,95.4894952431959,248,True,97.68940427439637,False,98.19143767426301,False,99.02102146597817,False,False,0.7,False,Fri,13
20260313,3F_L_N,81,95.72656699714932,248,True,100.38496210515304,False,101.52039280584829,False,103.20689696366495,False,False,0.7,False,Fri,13
20260313,3F_R_A,92,96.91026587502729,248,True,97.92142059362695,False,98.24516730834286,False,99.09332232109398,False,False,0.7,False,Fri,13
20260313,3F_R_N,79,94.47178523862917,248,True,100.71184283657148,False,101.86452226100171,False,103.5101212524057,False,False,0.7,False,Fri,13
20260314,2F_L_N,181,101.07359721816019,249,True,100.45618346462543,True,100.83401433205887,True,102.23460714624859,False,True,0.7,False,Sat,14
20260314,2F_R_N,169,104.41445769635195,249,True,100.1072607553087,True,101.23159454525047,True,102.01876305019667,True,True,0.7,False,Sat,14
20260314,3F_L_A,103,97.89288183033219,249,True,97.67246805948459,True,98.1498994134743,False,99.01400544344429,False,False,0.7,False,Sat,14
20260314,3F_L_N,84,106.49502308256412,249,True,100.38496210515304,True,101.52039280584829,True,103.20689696366495,True,True,0.7,False,Sat,14
20260314,3F_R_A,93,98.19999614366735,249,True,97.8847239502804,True,98.162967369734,True,99.09332232109398,False,True,0.7,False,Sat,14
20260314,3F_R_N,82,105.32155758260895,249,True,100.68006213699466,True,101.86452226100171,True,103.5101212524057,True,True,0.7,False,Sat,14
20260315,2F_L_N,181,96.70108516749698,250,True,100.52342767680764,False,100.91169809396533,False,102.23460714624859,False,False,0.7,False,Sun,15
20260315,2F_R_N,169,101.86405248505442,250,True,100.13379849667952,True,101.40889416183799,True,102.34561916303132,False,True,0.7,False,Sun,15
20260315,3F_L_A,103,97.69852937185865,250,True,97.68940427439637,True,98.1498994134743,False,99.01400544344429,False,False,0.7,False,Sun,15
20260315,3F_L_N,84,105.22285883624056,250,True,100.4572007833172,True,101.6416061703282,True,103.53468177349667,True,True,0.7,False,Sun,15
20260315,3F_R_A,93,95.72308949893632,250,True,97.92142059362695,False,98.21193177636941,False,99.09332232109398,False,False,0.7,False,Sun,15
20260315,3F_R_N,82,105.65054151776462,250,True,100.68006213699466,True,102.00015562994523,True,103.60426228413725,True,True,0.7,False,Sun,15
20260316,2F_L_N,168,107.16000605606716,251,True,100.52342767680764,True,100.91169809396533,True,102.23460714624859,True,True,0.7,False,Mon,16
20260316,2F_R_N,160,100.93857833467574,251,True,100.20815547638578,True,101.43021547034277,False,102.34561916303132,False,False,0.7,False,Mon,16
20260316,3F_L_A,99,97.08253336462789,251,True,97.70104023469975,False,98.1498994134743,False,99.01400544344429,False,False,0.7,False,Mon,16
20260316,3F_L_N,77,95.3878438829599,251,True,100.56774876295181,False,101.78120271663484,False,104.16235144734952,False,False,0.7,False,Mon,16
20260316,3F_R_A,87,95.76630305151279,251,True,97.92142059362695,False,98.21193177636941,False,99.09332232109398,False,False,0.7,False,Mon,16
20260316,3F_R_N,79,97.10365353144925,251,True,100.68006213699466,False,102.00015562994523,False,103.90476772245604,False,False,0.7,False,Mon,16
20260317,2F_L_N,181,100.28540501063107,252,True,100.61898654332491,False,101.13858603419116,False,102.32697360115716,False,False,0.7,True,Tue,17
20260317,2F_R_N,169,98.60703684728857,252,True,100.20815547638578,False,101.43021547034277,False,102.34561916303132,False,False,0.7,True,Tue,17
20260317,3F_L_A,103,98.40737009605233,252,True,97.68689341155526,True,98.1314849044032,True,99.01400544344429,False,True,0.7,True,Tue,17
20260317,3F_L_N,84,96.06145240228864,252,True,100.4572007833172,False,101.6416061703282,False,104.16235144734952,False,False,0.7,True,Tue,17
20260317,3F_R_A,93,97.94800063055226,252,True,97.92142059362695,True,98.21193177636941,False,99.09332232109398,False,False,0.7,True,Tue,17
20260317,3F_R_N,84,105.92344276851274,252,True,100.62124341185921,True,102.00015562994523,True,103.90476772245604,True,True,0.7,True,Tue,17
20260318,2F_L_N,173,95.4467860614878,253,True,100.52342767680764,False,100.91169809396533,False,102.23460714624859,False,False,0.7,False,Wed,18
20260318,2F_R_N,165,95.71150322625009,253,True,100.20815547638578,False,101.43021547034277,False,102.34561916303132,False,False,0.7,False,Wed,18
20260318,3F_L_A,100,97.03149601898886,253,True,97.68689341155526,False,98.1314849044032,False,99.01400544344429,False,False,0.7,False,Wed,18
20260318,3F_L_N,80,96.33960878720582,253,True,100.38496210515304,False,101.6416061703282,False,104.16235144734952,False,False,0.7,False,Wed,18
20260318,3F_R_A,92,95.37022769919653,253,True,97.91128938506563,False,98.15103173703194,False,99.09332232109398,False,False,0.7,False,Wed,18
20260318,3F_R_N,80,102.93723355000846,253,True,100.62124341185921,True,102.00015562994523,True,103.90476772245604,False,True,0.7,False,Wed,18
20260319,2F_L_N,177,98.5962575428459,254,True,100.44800960139749,False,100.83401433205887,False,102.10758399087302,False,False,0.7,False,Thu,19
20260319,2F_R_N,163,97.38369415983979,254,True,100.20815547638578,False,101.43021547034277,False,102.34561916303132,False,False,0.7,False,Thu,19
20260319,3F_L_A,97,95.69021522413064,254,True,97.68689341155526,False,98.1314849044032,False,99.01400544344429,False,False,0.7,False,Thu,19
20260319,3F_L_N,80,95.84281677843659,254,True,100.38496210515304,False,101.6416061703282,False,104.16235144734952,False,False,0.7,False,Thu,19
20260319,3F_R_A,88,94.93625812958179,254,True,97.91128938506563,False,98.15103173703194,False,99.09332232109398,False,False,0.7,False,Thu,19
20260319,3F_R_N,77,96.51073382327912,254,True,100.62124341185921,False,102.25313183266532,False,103.90476772245604,False,False,0.7,False,Thu,19
20260320,2F_L_N,181,98.01023604931751,255,True,100.44800960139749,False,100.83401433205887,False,102.10758399087302,False,False,0.7,False,Fri,20
20260320,2F_R_N,168,101.2798978089097,255,True,100.20815547638578,True,101.43021547034277,False,102.34561916303132,False,False,0.7,False,Fri,20
20260320,3F_L_A,103,97.34834634452164,255,True,97.68689341155526,False,98.1314849044032,False,99.01400544344429,False,False,0.7,False,Fri,20
20260320,3F_L_N,84,96.0517475778632,255,True,100.38496210515304,False,101.6416061703282,False,104.16235144734952,False,False,0.7,False,Fri,20
20260320,3F_R_A,93,99.51027404087068,255,True,97.8847239502804,True,98.15103173703194,True,99.09332232109398,True,True,0.7,False,Fri,20
20260320,3F_R_N,84,94.9116022394078,255,True,100.62124341185921,False,102.25313183266532,False,103.90476772245604,False,False,0.7,False,Fri,20
20260321,2F_L_N,181,100.73232338264414,256,True,100.39061627375514,True,100.83401433205887,False,102.10758399087302,False,False,0.7,True,Sat,21
20260321,2F_R_N,168,101.49617751190664,256,True,100.44036614065847,True,101.43021547034277,True,102.34561916303132,False,True,0.7,True,Sat,21
20260321,3F_L_A,103,100.03181901752474,256,True,97.68689341155526,True,98.1314849044032,True,99.01400544344429,True,True,0.7,True,Sat,21
20260321,3F_L_N,84,97.1026618400116,256,True,100.38496210515304,False,101.6416061703282,False,104.16235144734952,False,False,0.7,True,Sat,21
20260321,3F_R_A,93,99.1215111675023,256,True,97.8847239502804,True,98.21193177636941,True,99.2275396232289,False,True,0.7,True,Sat,21
20260321,3F_R_N,84,104.73292852186329,256,True,100.62124341185921,True,102.25313183266532,True,103.90476772245604,True,True,0.7,True,Sat,21
20260322,2F_L_N,181,99.29408786541963,257,True,100.44800960139749,False,100.83401433205887,False,102.10758399087302,False,False,0.7,True,Sun,22
20260322,2F_R_N,168,95.58599677704686,257,True,100.7221178291679,False,101.45915341269982,False,102.34561916303132,False,False,0.7,True,Sun,22
20260322,3F_L_A,103,100.09880428398492,257,True,97.70104023469975,True,98.1498994134743,True,99.02102146597817,True,True,0.7,True,Sun,22
20260322,3F_L_N,84,96.75206047162413,257,True,100.34351970724636,False,101.52039280584829,False,104.16235144734952,False,False,0.7,True,Sun,22
20260322,3F_R_A,93,99.02719215381309,257,True,97.91128938506563,True,98.24516730834286,True,99.2275396232289,False,True,0.7,True,Sun,22
20260322,3F_R_N,84,96.02262237936024,257,True,100.68006213699466,False,102.65532584322231,False,104.06460655882194,False,False,0.7,True,Sun,22
20260323,2F_L_N,168,99.5310542160921,258,True,100.44800960139749,False,100.83401433205887,False,102.10758399087302,False,False,0.7,False,Mon,23
20260323,2F_R_N,153,97.64694632079154,258,True,100.7221178291679,False,101.45915341269982,False,102.34561916303132,False,False,0.7,False,Mon,23
20260323,3F_L_A,101,92.54679383408894,258,True,97.70104023469975,False,98.1498994134743,False,99.02102146597817,False,False,0.7,False,Mon,23
20260323,3F_L_N,78,106.15487440700257,258,True,100.34351970724636,True,101.52039280584829,True,104.16235144734952,True,True,0.7,False,Mon,23
20260323,3F_R_A,89,98.35143433650293,258,True,97.95813183911358,True,98.27575113126838,True,99.2275396232289,False,True,0.7,False,Mon,23
20260323,3F_R_N,80,99.83286068061877,258,True,100.68006213699466,False,102.65532584322231,False,104.06460655882194,False,False,0.7,False,Mon,23
20260324,2F_L_N,171,98.051292377962,259,True,100.44800960139749,False,100.83401433205887,False,102.10758399087302,False,False,0.7,False,Tue,24
20260324,2F_R_N,158,102.90571902365652,259,True,100.7221178291679,True,101.45915341269982,True,102.34561916303132,True,True,0.7,False,Tue,24
20260324,3F_L_A,102,96.52768246669095,259,True,97.70104023469975,False,98.1498994134743,False,99.02102146597817,False,False,0.7,False,Tue,24
20260324,3F_L_N,81,91.46255353598966,259,True,100.38496210515304,False,101.6416061703282,False,104.83081545034716,False,False,0.7,False,Tue,24
20260324,3F_R_A,93,95.67725528061979,259,True,97.98256871817964,False,98.32788408405035,False,99.2275396232289,False,False,0.7,False,Tue,24
20260324,3F_R_N,81,95.82091064092015,259,True,100.48160325476984,False,102.65532584322231,False,104.06460655882194,False,False,0.7,False,Tue,24
20260325,2F_L_N,180,97.59596261877844,260,True,100.44800960139749,False,100.83401433205887,False,102.10758399087302,False,False,0.7,False,Wed,25
20260325,2F_R_N,165,96.71544053598092,260,True,100.7221178291679,False,101.45915341269982,False,102.34561916303132,False,False,0.7,False,Wed,25
20260325,3F_L_A,103,94.80524172700504,260,True,97.70104023469975,False,98.1498994134743,False,99.02102146597817,False,False,0.7,False,Wed,25
20260325,3F_L_N,83,96.58712536244775,260,True,100.34351970724636,False,101.52039280584829,False,104.16235144734952,False,False,0.7,False,Wed,25
20260325,3F_R_A,92,95.9543703805016,260,True,97.98256871817964,False,98.32788408405035,False,99.2275396232289,False,False,0.7,False,Wed,25
20260325,3F_R_N,83,101.76952918421892,260,True,100.48160325476984,True,102.65532584322231,False,104.06460655882194,False,False,0.7,False,Wed,25
20260326,2F_L_N,175,100.7316533831039,261,True,100.44800960139749,True,100.83401433205887,False,102.10758399087302,False,False,0.7,False,Thu,26
20260326,2F_R_N,158,97.71218346723911,261,True,100.7221178291679,False,101.45915341269982,False,102.34561916303132,False,False,0.7,False,Thu,26
20260326,3F_L_A,98,95.7800974911393,261,True,97.68689341155526,False,98.1314849044032,False,99.01400544344429,False,False,0.7,False,Thu,26
20260326,3F_L_N,78,98.81254897900435,261,True,100.14633764367727,False,101.44937733008776,False,103.53468177349667,False,False,0.7,False,Thu,26
20260326,3F_R_A,91,95.33180610954052,261,True,97.98256871817964,False,98.32788408405035,False,99.2275396232289,False,False,0.7,False,Thu,26
20260326,3F_R_N,77,94.00907252525477,261,True,100.68006213699466,False,102.65532584322231,False,104.06460655882194,False,False,0.7,False,Thu,26
20260327,2F_L_N,181,100.13895891217494,262,True,100.52342767680764,False,100.83401433205887,False,102.10758399087302,False,False,0.7,True,Fri,27
20260327,2F_R_N,168,103.35820121914156,262,True,100.7221178291679,True,101.45915341269982,True,102.34561916303132,True,True,0.7,True,Fri,27
20260327,3F_L_A,103,100.31007826196742,262,True,97.68689341155526,True,98.1314849044032,True,99.01400544344429,True,True,0.7,True,Fri,27
20260327,3F_L_N,84,96.07846617979219,262,True,100.14633764367727,False,101.44937733008776,False,103.53468177349667,False,False,0.7,True,Fri,27
20260327,3F_R_A,93,99.98830746654056,262,True,97.98256871817964,True,98.32788408405035,True,99.2275396232289,True,True,0.7,True,Fri,27
20260327,3F_R_N,83,96.87547131898823,262,True,100.68006213699466,False,102.65532584322231,False,104.06460655882194,False,False,0.7,True,Fri,27
20260328,2F_L_N,181,100.2892851809339,263,True,100.44800960139749,False,100.81080583302243,False,102.0158625186434,False,False,0.7,False,Sat,28
20260328,2F_R_N,168,107.45078241609596,263,True,100.7221178291679,True,101.45915341269982,True,102.34561916303132,True,True,0.7,False,Sat,28
20260328,3F_L_A,103,99.53245749406994,263,True,97.68689341155526,True,98.1314849044032,True,99.01400544344429,True,True,0.7,False,Sat,28
20260328,3F_L_N,84,104.63286651335949,263,True,99.99938864767711,True,101.35835775136425,True,103.53468177349667,True,True,0.7,False,Sat,28
20260328,3F_R_A,93,98.40258877087285,263,True,97.98256871817964,True,98.32788408405035,True,99.24182444826126,False,True,0.7,False,Sat,28
20260328,3F_R_N,84,103.78058548663772,263,True,100.68006213699466,True,102.65532584322231,True,104.06460655882194,False,True,0.7,False,Sat,28
20260329,2F_L_N,181,96.91755568727856,264,True,100.39061627375514,False,100.81080583302243,False,102.0158625186434,False,False,0.7,False,Sun,29
20260329,2F_R_N,168,98.29670308176827,264,True,100.7221178291679,False,101.45915341269982,False,102.41433458450902,False,False,0.7,False,Sun,29
20260329,3F_L_A,103,97.8168188930223,264,True,97.68689341155526,True,98.1314849044032,False,99.02102146597817,False,False,0.7,False,Sun,29
20260329,3F_L_N,84,96.39972072741767,264,True,99.99938864767711,False,101.35835775136425,False,104.12543461586955,False,False,0.7,False,Sun,29
20260329,3F_R_A,93,97.29165454031163,264,True,97.98256871817964,False,98.36678066681391,False,99.24182444826126,False,False,0.7,False,Sun,29
20260329,3F_R_N,84,98.0928353577148,264,True,100.68006213699466,False,102.95049526506813,False,104.06460655882194,False,False,0.7,False,Sun,29
20260330,2F_L_N,181,100.10149485863994,265,True,100.39061627375514,False,100.81080583302243,False,102.0158625186434,False,False,0.7,False,Mon,30
20260330,2F_R_N,167,101.38921349059218,265,True,100.7221178291679,True,101.45915341269982,False,102.41433458450902,False,False,0.7,False,Mon,30
20260330,3F_L_A,103,100.6163526385575,265,True,97.68689341155526,True,98.07138455289667,True,99.02102146597817,True,True,0.7,False,Mon,30
20260330,3F_L_N,84,92.88134932443124,265,True,99.99938864767711,False,101.35835775136425,False,104.12543461586955,False,False,0.7,False,Mon,30
20260330,3F_R_A,93,102.42270785104817,265,True,97.95813183911358,True,98.36678066681391,True,99.24182444826126,True,True,0.7,False,Mon,30
20260330,3F_R_N,84,98.74377359649809,265,True,100.68006213699466,False,102.95049526506813,False,104.06460655882194,False,False,0.7,False,Mon,30
20260331,2F_L_N,181,99.46123246724454,266,True,100.39061627375514,False,100.81080583302243,False,102.0158625186434,False,False,0.7,True,Tue,31
20260331,2F_R_N,168,97.98402408558096,266,True,100.7221178291679,False,101.43021547034277,False,102.41433458450902,False,False,0.7,True,Tue,31
20260331,3F_L_A,103,97.50273264814454,266,True,97.68689341155526,False,98.07138455289667,False,99.05022217293038,False,False,0.7,True,Tue,31
20260331,3F_L_N,84,100.62997306741582,266,True,99.77800473459597,True,101.20558175825074,False,103.53468177349667,False,False,0.7,True,Tue,31
20260331,3F_R_A,93,96.30703544996146,266,True,97.98256871817964,False,98.43612833833252,False,99.43648773692367,False,False,0.7,True,Tue,31
20260331,3F_R_N,83,102.9089107580846,266,True,100.48160325476984,True,102.65532584322231,True,104.06460655882194,False,True,0.7,True,Tue,31
20260401,2F_L_N,178,101.0648098213821,267,True,100.39061627375514,True,100.81080583302243,True,102.0158625186434,False,True,0.7,True,Wed,1
20260401,2F_R_N,168,98.25474382564951,267,True,100.7221178291679,False,101.43021547034277,False,102.41433458450902,False,False,0.7,True,Wed,1
20260401,3F_L_A,103,99.90989552032316,267,True,97.67246805948459,True,97.95394969144299,True,99.02102146597817,True,True,0.7,True,Wed,1
20260401,3F_L_N,78,103.8607533609756,267,True,99.79801820931665,True,101.20558175825074,True,103.53468177349667,True,True,0.7,True,Wed,1
20260401,3F_R_A,93,100.68760008203319,267,True,97.95813183911358,True,98.36678066681391,True,99.24182444826126,True,True,0.7,True,Wed,1
20260401,3F_R_N,83,98.51427216786429,267,True,100.68006213699466,False,102.91740759566176,False,104.06460655882194,False,False,0.7,True,Wed,1
20260402,2F_L_N,170,101.19327239230996,268,True,100.44800960139749,True,100.83401433205887,True,102.0158625186434,False,True,0.7,False,Thu,2
20260402,2F_R_N,155,101.90795280566975,268,True,100.7221178291679,True,101.43021547034277,True,102.41433458450902,False,True,0.7,False,Thu,2
20260402,3F_L_A,100,96.60442602197476,268,True,97.67246805948459,False,97.95394969144299,False,99.02102146597817,False,False,0.7,False,Thu,2
20260402,3F_L_N,82,106.99337920636953,268,True,100.14633764367727,True,101.35835775136425,True,103.88831801707988,True,True,0.7,False,Thu,2
20260402,3F_R_A,91,97.17306369452534,268,True,97.95813183911358,False,98.36678066681391,False,99.24182444826126,False,False,0.7,False,Thu,2
20260402,3F_R_N,79,96.77119837479405,268,True,100.68006213699466,False,102.91740759566176,False,104.06460655882194,False,False,0.7,False,Thu,2
20260403,2F_L_N,177,98.97578052639534,269,True,100.44800960139749,False,100.83401433205887,False,101.94394031401526,False,False,0.7,False,Fri,3
20260403,2F_R_N,163,97.17745275475878,269,True,100.7221178291679,False,101.43021547034277,False,102.34561916303132,False,False,0.7,False,Fri,3
20260403,3F_L_A,103,97.50132456345627,269,True,97.64758846661819,False,97.95394969144299,False,99.02102146597817,False,False,0.7,False,Fri,3
20260403,3F_L_N,77,106.2048736404893,269,True,100.34351970724636,True,101.52039280584829,True,104.12543461586955,True,True,0.7,False,Fri,3
20260403,3F_R_A,93,96.80517332094516,269,True,97.91128938506563,False,98.32788408405035,False,99.18395604497796,False,False,0.7,False,Fri,3
20260403,3F_R_N,79,103.88004098335855,269,True,100.68006213699466,True,102.91740759566176,True,104.06460655882194,False,True,0.7,False,Fri,3
20260404,2F_L_N,181,104.56619418610623,270,True,100.39061627375514,True,100.81080583302243,True,101.8075976868147,True,True,0.7,False,Sat,4
20260404,2F_R_N,168,105.57838666787913,270,True,100.44036614065847,True,101.43021547034277,True,102.34561916303132,True,True,0.7,False,Sat,4
20260404,3F_L_A,103,100.85660880527276,270,True,97.64758846661819,True,97.95394969144299,True,99.02102146597817,True,True,0.7,False,Sat,4
20260404,3F_L_N,84,98.27670394386203,270,True,100.38496210515304,False,101.6416061703282,False,104.66978334483946,False,False,0.7,False,Sat,4
20260404,3F_R_A,93,100.5603429107837,270,True,97.91128938506563,True,98.32788408405035,True,99.18395604497796,True,True,0.7,False,Sat,4
20260404,3F_R_N,83,100.33292756641147,270,True,100.92326505867891,False,103.03077018422516,False,104.06460655882194,False,False,0.7,False,Sat,4
20260405,2F_L_N,180,101.68384763509738,271,True,100.44800960139749,True,100.83401433205887,True,101.94394031401526,False,True,0.7,False,Sun,5
20260405,2F_R_N,168,97.19740029490274,271,True,100.78986174141897,False,101.45915341269982,False,102.41433458450902,False,False,0.7,False,Sun,5
20260405,3F_L_A,103,97.3052908753897,271,True,97.67246805948459,False,98.07138455289667,False,99.05022217293038,False,False,0.7,False,Sun,5
20260405,3F_L_N,84,98.1816107885938,271,True,100.38496210515304,False,101.6416061703282,False,104.66978334483946,False,False,0.7,False,Sun,5
20260405,3F_R_A,93,98.90829634528988,271,True,97.95813183911358,True,98.36678066681391,True,99.43648773692367,False,True,0.7,False,Sun,5
20260405,3F_R_N,83,99.59383350219088,271,True,100.92326505867891,False,103.03077018422516,False,104.06460655882194,False,False,0.7,False,Sun,5
20260406,2F_L_N,174,98.78342695804332,272,True,100.44800960139749,False,100.83401433205887,False,101.8075976868147,False,False,0.7,False,Mon,6
20260406,2F_R_N,161,97.86788344901794,272,True,100.44036614065847,False,101.45915341269982,False,102.41433458450902,False,False,0.7,False,Mon,6
20260406,3F_L_A,94,94.5567220303305,272,True,97.67246805948459,False,98.07138455289667,False,99.05022217293038,False,False,0.7,False,Mon,6
20260406,3F_L_N,86,102.09918767425025,272,True,100.34351970724636,True,101.52039280584829,True,104.12543461586955,False,True,0.7,False,Mon,6
20260406,3F_R_A,92,95.81072834182976,272,True,97.98256871817964,False,98.43612833833252,False,99.43648773692367,False,False,0.7,False,Mon,6
20260406,3F_R_N,81,95.09222058587551,272,True,100.68006213699466,False,102.91740759566176,False,103.90571645432664,False,False,0.7,False,Mon,6
20260407,2F_L_N,181,99.42968140065511,273,True,100.39061627375514,False,100.83401433205887,False,101.8075976868147,False,False,0.7,True,Tue,7
20260407,2F_R_N,168,97.57865986083767,273,True,100.44036614065847,False,101.45915341269982,False,102.41433458450902,False,False,0.7,True,Tue,7
20260407,3F_L_A,96,100.4322516617617,273,True,97.67246805948459,True,98.07138455289667,True,99.05022217293038,True,True,0.7,True,Tue,7
20260407,3F_L_N,91,101.36465796761843,273,True,100.38496210515304,True,101.6416061703282,False,104.12543461586955,False,False,0.7,True,Tue,7
20260407,3F_R_A,92,97.67543227275519,273,True,97.98256871817964,False,98.43612833833252,False,99.43648773692367,False,False,0.7,True,Tue,7
20260407,3F_R_N,84,105.77265343168662,273,True,100.48160325476984,True,102.64682900564516,True,103.87909225148796,True,True,0.7,True,Tue,7
20260408,2F_L_N,176,100.20618771420412,274,True,100.35684008444554,False,100.81080583302243,False,101.79756237721446,False,False,0.7,False,Wed,8
20260408,2F_R_N,165,99.89575039666794,274,True,100.20815547638578,False,101.43021547034277,False,102.34561916303132,False,False,0.7,False,Wed,8
20260408,3F_L_A,94,95.78493949623719,274,True,97.67246805948459,False,98.07138455289667,False,99.11930788586804,False,False,0.7,False,Wed,8
20260408,3F_L_N,85,102.43591117784291,274,True,100.38496210515304,True,101.52039280584829,True,103.88831801707988,False,True,0.7,False,Wed,8
20260408,3F_R_A,92,98.91662496727646,274,True,97.95813183911358,True,98.43612833833252,True,99.43648773692367,False,True,0.7,False,Wed,8
20260408,3F_R_N,78,98.67691296736436,274,True,100.48160325476984,False,102.64682900564516,False,103.90571645432664,False,False,0.7,False,Wed,8
20260409,2F_L_N,168,92.8734149167484,275,True,100.31264864583338,False,100.76821268980642,False,101.7330850025614,False,False,0.7,False,Thu,9
20260409,2F_R_N,152,98.06426891666408,275,True,100.12010314342015,False,101.40889416183799,False,102.34561916303132,False,False,0.7,False,Thu,9
20260409,3F_L_A,93,95.84213742306818,275,True,97.64758846661819,False,98.07138455289667,False,99.11930788586804,False,False,0.7,False,Thu,9
20260409,3F_L_N,85,103.00003051983964,275,True,100.47909864504061,True,101.6416061703282,True,103.88831801707988,False,True,0.7,False,Thu,9
20260409,3F_R_A,91,97.64106354850152,275,True,97.98256871817964,False,98.54605215845886,False,99.43648773692367,False,False,0.7,False,Thu,9
20260409,3F_R_N,75,91.8638283930877,275,True,100.48160325476984,False,102.64682900564516,False,103.90571645432664,False,False,0.7,False,Thu,9
20260410,2F_L_N,174,98.76241504337005,276,True,100.31264864583338,False,100.76821268980642,False,101.7330850025614,False,False,0.7,False,Fri,10
20260410,2F_R_N,158,99.37224579531298,276,True,100.12010314342015,False,101.40889416183799,False,102.34561916303132,False,False,0.7,False,Fri,10
20260410,3F_L_A,96,95.76791472185279,276,True,97.64758846661819,False,98.07138455289667,False,99.11930788586804,False,False,0.7,False,Fri,10
20260410,3F_L_N,89,97.65705571270715,276,True,100.47909864504061,False,101.6416061703282,False,103.50711711739237,False,False,0.7,False,Fri,10
20260410,3F_R_A,89,97.16483272567497,276,True,97.98256871817964,False,98.54605215845886,False,99.43648773692367,False,False,0.7,False,Fri,10
20260410,3F_R_N,81,93.26565882762364,276,True,100.48160325476984,False,102.64682900564516,False,103.90571645432664,False,False,0.7,False,Fri,10
20260411,2F_L_N,181,108.53663935955247,277,True,100.2869570787522,True,100.7386967805944,True,101.7330850025614,True,True,0.7,True,Sat,11
20260411,2F_R_N,168,99.87250053582136,277,True,99.97669777979596,False,101.39309659051378,False,102.01876305019667,False,False,0.7,True,Sat,11
20260411,3F_L_A,96,100.42672051855057,277,True,97.64758846661819,True,98.07138455289667,True,99.11930788586804,True,True,0.7,True,Sat,11
20260411,3F_L_N,91,100.26403719650152,277,True,100.47909864504061,False,101.6416061703282,False,103.50711711739237,False,False,0.7,True,Sat,11
20260411,3F_R_A,92,99.40517322313575,277,True,97.98256871817964,True,98.54605215845886,True,99.43648773692367,False,True,0.7,True,Sat,11
20260411,3F_R_N,84,101.86614343780214,277,True,100.48160325476984,True,102.64682900564516,False,103.90571645432664,False,False,0.7,True,Sat,11
20260412,2F_L_N,181,102.76310287658436,278,True,100.2869570787522,True,100.7386967805944,True,101.7330850025614,True,True,0.7,False,Sun,12
20260412,2F_R_N,168,99.95159804280208,278,True,99.89780123975918,True,101.31269251341445,False,101.91400049236728,False,False,0.7,False,Sun,12
20260412,3F_L_A,96,97.04422550653408,278,True,97.64758846661819,False,98.07138455289667,False,99.11930788586804,False,False,0.7,False,Sun,12
20260412,3F_L_N,90,100.34298710391937,278,True,100.47909864504061,False,101.6416061703282,False,103.50711711739237,False,False,0.7,False,Sun,12
20260412,3F_R_A,92,97.25166099242735,278,True,97.98256871817964,False,98.55088838835965,False,99.43648773692367,False,False,0.7,False,Sun,12
20260412,3F_R_N,84,105.55298729487374,278,True,100.68006213699466,True,102.64682900564516,True,103.90571645432664,True,True,0.7,False,Sun,12
20260413,2F_L_N,175,97.43047349183908,279,True,100.31264864583338,False,100.76821268980642,False,101.94394031401526,False,False,0.7,False,Mon,13
20260413,2F_R_N,162,101.92712771365557,279,True,99.92116571975846,True,101.31269251341445,True,101.91400049236728,True,True,0.7,False,Mon,13
20260413,3F_L_A,92,93.74686486489534,279,True,97.64758846661819,False,98.07138455289667,False,99.11930788586804,False,False,0.7,False,Mon,13
20260413,3F_L_N,88,94.31135245379772,279,True,100.47909864504061,False,101.6416061703282,False,103.50711711739237,False,False,0.7,False,Mon,13
20260413,3F_R_A,92,93.81388214350514,279,True,97.95813183911358,False,98.55088838835965,False,99.43648773692367,False,False,0.7,False,Mon,13
20260413,3F_R_N,77,98.33755863469011,279,True,100.92326505867891,False,102.91740759566176,False,104.06460655882194,False,False,0.7,False,Mon,13
20260414,2F_L_N,176,102.44320192357844,280,True,100.31264864583338,True,100.76821268980642,True,101.94394031401526,True,True,0.7,False,Tue,14
20260414,2F_R_N,160,96.4426762752932,280,True,100.00713010283957,False,101.39309659051378,False,101.92934041875593,False,False,0.7,False,Tue,14
20260414,3F_L_A,94,97.51780988322776,280,True,97.64758846661819,False,98.07138455289667,False,99.11930788586804,False,False,0.7,False,Tue,14
20260414,3F_L_N,88,96.62398671085931,280,True,100.47909864504061,False,101.6416061703282,False,103.50711711739237,False,False,0.7,False,Tue,14
20260414,3F_R_A,90,97.68924955025479,280,True,97.95813183911358,False,98.55088838835965,False,99.43648773692367,False,False,0.7,False,Tue,14
20260414,3F_R_N,80,88.3404858633572,280,True,100.92326505867891,False,102.91740759566176,False,104.06460655882194,False,False,0.7,False,Tue,14
20260415,2F_L_N,177,99.81617706560516,281,True,100.31264864583338,False,100.76821268980642,False,101.94394031401526,False,False,0.7,False,Wed,15
20260415,2F_R_N,160,100.0063987638365,281,True,100.00713010283957,False,101.39309659051378,False,101.92934041875593,False,False,0.7,False,Wed,15
20260415,3F_L_A,96,96.45703356396932,281,True,97.64758846661819,False,98.07138455289667,False,99.11930788586804,False,False,0.7,False,Wed,15
20260415,3F_L_N,89,94.83359636814176,281,True,100.38496210515304,False,101.52039280584829,False,103.29530602456076,False,False,0.7,False,Wed,15
20260415,3F_R_A,90,96.89698409597095,281,True,97.91128938506563,False,98.55088838835965,False,99.43648773692367,False,False,0.7,False,Wed,15
20260415,3F_R_N,82,98.87215064179883,281,True,100.92326505867891,False,102.91740759566176,False,104.06460655882194,False,False,0.7,False,Wed,15
20260416,2F_L_N,175,94.25157185500868,282,True,100.31264864583338,False,100.76821268980642,False,101.94394031401526,False,False,0.7,False,Thu,16
20260416,2F_R_N,159,96.79076519108804,282,True,99.97351833121584,False,101.31269251341445,False,101.91178778726692,False,False,0.7,False,Thu,16
20260416,3F_L_A,96,98.05342621484856,282,True,97.59359455716016,True,98.07138455289667,False,99.11930788586804,False,False,0.7,False,Thu,16
20260416,3F_L_N,87,96.70275039199565,282,True,100.35627347786438,False,101.40251389902231,False,103.03081325396312,False,False,0.7,False,Thu,16
20260416,3F_R_A,92,96.3854938961095,282,True,97.91128938506563,False,98.55088838835965,False,99.43648773692367,False,False,0.7,False,Thu,16
20260416,3F_R_N,80,96.70057237294371,282,True,100.68006213699466,False,102.64682900564516,False,103.90571645432664,False,False,0.7,False,Thu,16
20260417,2F_L_N,181,98.02468395469896,283,True,100.2869570787522,False,100.7386967805944,False,101.7330850025614,False,False,0.7,True,Fri,17
20260417,2F_R_N,168,96.91512069820048,283,True,99.92116571975846,False,101.19491674082413,False,101.87283254917749,False,False,0.7,True,Fri,17
20260417,3F_L_A,96,101.05238978354446,283,True,97.59359455716016,True,98.04855093776413,True,99.05022217293038,True,True,0.7,True,Fri,17
20260417,3F_L_N,91,95.93858874448706,283,True,100.35627347786438,False,101.40251389902231,False,103.03081325396312,False,False,0.7,True,Fri,17
20260417,3F_R_A,92,100.33446126315059,283,True,97.8847239502804,True,98.43612833833252,True,99.41088568948472,True,True,0.7,True,Fri,17
20260417,3F_R_N,84,95.37664623896747,283,True,100.48160325476984,False,102.25313183266532,False,103.87909225148796,False,False,0.7,True,Fri,17
20260418,2F_L_N,181,100.90942606687814,284,True,100.2378746327749,True,100.73185438296598,True,101.36991058792135,False,True,0.7,False,Sat,18
20260418,2F_R_N,168,98.61604761511087,284,True,99.89780123975918,False,101.11126678004021,False,101.78109213028533,False,False,0.7,False,Sat,18
20260418,3F_L_A,96,99.66640262841054,284,True,97.59359455716016,True,98.04855093776413,True,99.05022217293038,True,True,0.7,False,Sat,18
20260418,3F_L_N,91,104.29649499012493,284,True,100.35627347786438,True,101.40251389902231,True,103.03081325396312,True,True,0.7,False,Sat,18
20260418,3F_R_A,92,96.95729780189603,284,True,97.8847239502804,False,98.43612833833252,False,99.41088568948472,False,False,0.7,False,Sat,18
20260418,3F_R_N,84,100.93344547890179,284,True,100.35171760722282,True,101.94606298772668,False,103.87909225148796,False,False,0.7,False,Sat,18
20260419,2F_L_N,181,99.95306534778331,285,True,100.2869570787522,False,100.7386967805944,False,101.36991058792135,False,False,0.7,False,Sun,19
20260419,2F_R_N,168,96.79496877752861,285,True,99.88180048016,False,100.98431250360942,False,101.78109213028533,False,False,0.7,False,Sun,19
20260419,3F_L_A,96,96.22070739174184,285,True,97.59359455716016,False,98.0762598299811,False,99.11930788586804,False,False,0.7,False,Sun,19
20260419,3F_L_N,91,103.84495446385924,285,True,100.38496210515304,True,101.52039280584829,True,103.29530602456076,True,True,0.7,False,Sun,19
20260419,3F_R_A,92,99.45930177184763,285,True,97.76688163796437,True,98.43612833833252,True,99.41088568948472,True,True,0.7,False,Sun,19
20260419,3F_R_N,84,98.71752380345576,285,True,100.48160325476984,False,101.94606298772668,False,103.87909225148796,False,False,0.7,False,Sun,19
20260420,2F_L_N,170,99.58742892346645,286,True,100.2869570787522,False,100.7386967805944,False,101.36991058792135,False,False,0.7,False,Mon,20
20260420,2F_R_N,161,100.82055634646811,286,True,99.88180048016,True,100.98431250360942,False,101.78109213028533,False,False,0.7,False,Mon,20
20260420,3F_L_A,96,97.32641905750704,286,True,97.59359455716016,False,98.0762598299811,False,99.11930788586804,False,False,0.7,False,Mon,20
20260420,3F_L_N,88,93.21298768469825,286,True,100.47909864504061,False,101.6416061703282,False,103.84811424328251,False,False,0.7,False,Mon,20
20260420,3F_R_A,89,94.36155300178254,286,True,97.8847239502804,False,98.55088838835965,False,99.43648773692367,False,False,0.7,False,Mon,20
20260420,3F_R_N,82,107.10680771441662,286,True,100.35171760722282,True,101.84133970005091,True,103.87909225148796,True,True,0.7,False,Mon,20
20260421,2F_L_N,178,95.75465329459662,287,True,100.2378746327749,False,100.73185438296598,False,101.21290317907344,False,False,0.7,True,Tue,21
20260421,2F_R_N,165,100.56199082958908,287,True,99.88180048016,True,100.98431250360942,False,101.78109213028533,False,False,0.7,True,Tue,21
20260421,3F_L_A,96,97.62473143169586,287,True,97.59359455716016,True,98.0762598299811,False,99.11930788586804,False,False,0.7,True,Tue,21
20260421,3F_L_N,89,102.71313439286756,287,True,100.38496210515304,True,101.52039280584829,True,103.84811424328251,False,True,0.7,True,Tue,21
20260421,3F_R_A,92,98.43008200498153,287,True,97.8847239502804,True,98.55088838835965,False,99.43648773692367,False,False,0.7,True,Tue,21
20260421,3F_R_N,85,92.21092520885102,287,True,100.35171760722282,False,101.84133970005091,False,103.87909225148796,False,False,0.7,True,Tue,21
20260422,2F_L_N,180,99.93916587285429,288,True,100.20272975196073,False,100.73185438296598,False,101.21290317907344,False,False,0.7,True,Wed,22
20260422,2F_R_N,167,99.7644849222607,288,True,99.88180048016,False,100.8559629429304,False,101.63973389754956,False,False,0.7,True,Wed,22
20260422,3F_L_A,96,98.14001748905714,288,True,97.62842511782517,True,98.0762598299811,True,99.11930788586804,False,True,0.7,True,Wed,22
20260422,3F_L_N,90,98.39282911199267,288,True,100.47909864504061,False,101.6628992816101,False,103.84811424328251,False,False,0.7,True,Wed,22
20260422,3F_R_A,92,96.89166835072778,288,True,97.91128938506563,False,98.55088838835965,False,99.43648773692367,False,False,0.7,True,Wed,22
20260422,3F_R_N,85,92.81824317839924,288,True,100.35171760722282,False,101.84133970005091,False,103.87909225148796,False,False,0.7,True,Wed,22
20260423,2F_L_N,162,92.60014158928837,289,True,100.20272975196073,False,100.73185438296598,False,101.21290317907344,False,False,0.7,False,Thu,23
20260423,2F_R_N,155,97.5524754043819,289,True,99.88180048016,False,100.8559629429304,False,101.63973389754956,False,False,0.7,False,Thu,23
20260423,3F_L_A,91,95.32887573798358,289,True,97.62842511782517,False,98.1314849044032,False,99.11930788586804,False,False,0.7,False,Thu,23
20260423,3F_L_N,82,86.96740143625875,289,True,100.38496210515304,False,101.52039280584829,False,103.29214624513749,False,False,0.7,False,Thu,23
20260423,3F_R_A,88,93.53552208362201,289,True,97.8847239502804,False,98.4553736022086,False,99.43648773692367,False,False,0.7,False,Thu,23
20260423,3F_R_N,81,95.49849186527271,289,True,100.03288743493584,False,101.84133970005091,False,103.87909225148796,False,False,0.7,False,Thu,23
20260424,2F_L_N,176,95.02199416706999,290,True,100.20272975196073,False,100.73185438296598,False,101.21290317907344,False,False,0.7,False,Fri,24
20260424,2F_R_N,160,96.38543641559515,290,True,99.80769116768496,False,100.63956048465279,False,101.51885788183304,False,False,0.7,False,Fri,24
20260424,3F_L_A,95,98.91986487993319,290,True,97.62842511782517,True,98.1314849044032,True,99.11930788586804,False,True,0.7,False,Fri,24
20260424,3F_L_N,91,102.04036722504232,290,True,100.38496210515304,True,101.52039280584829,True,103.29214624513749,False,True,0.7,False,Fri,24
20260424,3F_R_A,92,96.21525874300782,290,True,97.8847239502804,False,98.4553736022086,False,99.43648773692367,False,False,0.7,False,Fri,24
20260424,3F_R_N,84,96.79574574390269,290,True,100.03288743493584,False,101.84133970005091,False,103.87909225148796,False,False,0.7,False,Fri,24
20260425,2F_L_N,181,103.79878787979968,291,True,100.16354512482435,True,100.62207413160888,True,101.21290317907344,True,True,0.7,False,Sat,25
20260425,2F_R_N,169,97.0893869762243,291,True,99.70974036359289,False,100.36002298488485,False,101.45386425567027,False,False,0.7,False,Sat,25
20260425,3F_L_A,96,97.35724788307347,291,True,97.62842511782517,False,98.1314849044032,False,99.11930788586804,False,False,0.7,False,Sat,25
20260425,3F_L_N,91,105.1558988182141,291,True,100.38496210515304,True,101.6628992816101,True,103.29214624513749,True,True,0.7,False,Sat,25
20260425,3F_R_A,92,96.75155789368722,291,True,97.76688163796437,False,98.41083674110546,False,99.41088568948472,False,False,0.7,False,Sat,25
20260425,3F_R_N,85,102.4027941819924,291,True,99.68944437356203,True,101.78788328697193,True,103.87909225148796,False,True,0.7,False,Sat,25
20260426,2F_L_N,181,101.42496071593071,292,True,100.16354512482435,True,100.73185438296598,True,101.36991058792135,True,True,0.7,False,Sun,26
20260426,2F_R_N,169,97.8985964795902,292,True,99.70974036359289,False,100.36002298488485,False,101.45386425567027,False,False,0.7,False,Sun,26
20260426,3F_L_A,96,98.16320277795585,292,True,97.58990087103085,True,98.0762598299811,True,99.11930788586804,False,True,0.7,False,Sun,26
20260426,3F_L_N,91,100.85145352938953,292,True,100.38496210515304,True,101.72464751862744,False,103.84811424328251,False,False,0.7,False,Sun,26
20260426,3F_R_A,92,99.47141731575383,292,True,97.68095918375502,True,98.36678066681391,True,99.41088568948472,True,True,0.7,False,Sun,26
20260426,3F_R_N,85,111.29411510731455,292,True,99.68944437356203,True,101.78788328697193,True,103.80023940301423,True,True,0.7,False,Sun,26
20260427,2F_L_N,181,99.56136357628905,293,True,100.20272975196073,False,100.7386967805944,False,101.47673809976405,False,False,0.7,True,Mon,27
20260427,2F_R_N,169,101.6738676170294,293,True,99.70974036359289,True,100.36002298488485,True,101.45386425567027,True,True,0.7,True,Mon,27
20260427,3F_L_A,96,97.57469308485543,293,True,97.58990087103085,False,98.1314849044032,False,99.11930788586804,False,False,0.7,True,Mon,27
20260427,3F_L_N,91,98.78327402898202,293,True,100.38496210515304,False,101.43206229923922,False,103.29214624513749,False,False,0.7,True,Mon,27
20260427,3F_R_A,92,97.55238336900173,293,True,97.76688163796437,False,98.41083674110546,False,99.43648773692367,False,False,0.7,True,Mon,27
20260427,3F_R_N,85,111.23481891247705,293,True,99.68944437356203,True,101.78788328697193,True,103.80023940301423,True,True,0.7,True,Mon,27
20260428,2F_L_N,178,102.39727525452425,294,True,100.20272975196073,True,100.7386967805944,True,101.47673809976405,True,True,0.7,False,Tue,28
20260428,2F_R_N,163,98.38381978497141,294,True,99.70974036359289,False,100.36002298488485,False,101.45386425567027,False,False,0.7,False,Tue,28
20260428,3F_L_A,96,97.95436541356595,294,True,97.56988553229468,True,98.0762598299811,False,99.02911874057527,False,False,0.7,False,Tue,28
20260428,3F_L_N,90,97.68647363806151,294,True,100.35627347786438,False,101.32050181996037,False,103.03081325396312,False,False,0.7,False,Tue,28
20260428,3F_R_A,91,97.21552268518404,294,True,97.68095918375502,False,98.36678066681391,False,99.41088568948472,False,False,0.7,False,Tue,28
20260428,3F_R_N,83,93.79419925540115,294,True,99.68944437356203,False,101.78788328697193,False,103.80023940301423,False,False,0.7,False,Tue,28
20260429,2F_L_N,181,99.72340906124566,295,True,100.2378746327749,False,100.76821268980642,False,101.7330850025614,False,False,0.7,False,Wed,29
20260429,2F_R_N,169,99.64320548692334,295,True,99.70974036359289,False,100.36002298488485,False,101.45386425567027,False,False,0.7,False,Wed,29
20260429,3F_L_A,96,98.69634505554079,295,True,97.5947084235916,True,98.0762598299811,True,99.02911874057527,False,True,0.7,False,Wed,29
20260429,3F_L_N,91,99.17926397653984,295,True,100.35627347786438,False,101.32050181996037,False,103.03081325396312,False,False,0.7,False,Wed,29
20260429,3F_R_A,92,97.59074857827,295,True,97.68095918375502,False,98.36678066681391,False,99.41088568948472,False,False,0.7,False,Wed,29
20260429,3F_R_N,84,95.90052315883902,295,True,99.68944437356203,False,101.78788328697193,False,103.80023940301423,False,False,0.7,False,Wed,29
20260430,2F_L_N,181,99.6585651577314,296,True,100.2378746327749,False,100.76821268980642,False,101.7330850025614,False,False,0.7,True,Thu,30
20260430,2F_R_N,168,102.39059515779603,296,True,99.70974036359289,True,100.36002298488485,True,101.45386425567027,True,True,0.7,True,Thu,30
20260430,3F_L_A,96,101.43026511687958,296,True,97.62842511782517,True,98.1314849044032,True,99.02911874057527,True,True,0.7,True,Thu,30
20260430,3F_L_N,91,99.6559077063738,296,True,100.33023333330135,False,101.20558175825074,False,103.03081325396312,False,False,0.7,True,Thu,30
20260430,3F_R_A,92,99.63697581011078,296,True,97.68095918375502,True,98.36678066681391,True,99.41088568948472,True,True,0.7,True,Thu,30
20260430,3F_R_N,84,101.30174461412294,296,True,99.68944437356203,True,101.78788328697193,False,103.80023940301423,False,False,0.7,True,Thu,30
20260501,2F_L_N,181,103.20837866919352,297,True,100.16585043298662,True,100.76821268980642,True,101.7330850025614,True,True,0.7,True,Fri,1
20260501,2F_R_N,168,99.28130002151082,297,True,99.70974036359289,False,100.36002298488485,False,101.53171553293119,False,False,0.7,True,Fri,1
20260501,3F_L_A,96,98.85045477588847,297,True,97.62842511782517,True,98.13722419035031,True,99.11930788586804,False,True,0.7,True,Fri,1
20260501,3F_L_N,91,105.3361021169728,297,True,100.2871146457233,True,101.15043616268416,True,103.03081325396312,True,True,0.7,True,Fri,1
20260501,3F_R_A,92,98.39338573390847,297,True,97.68095918375502,True,98.36678066681391,True,99.43648773692367,False,True,0.7,True,Fri,1
20260501,3F_R_N,83,100.33448266129824,297,True,100.03288743493584,True,101.78788328697193,False,103.80023940301423,False,False,0.7,True,Fri,1
20260502,2F_L_N,180,105.11922886875445,298,True,100.2378746327749,True,100.81436230000777,True,101.94394031401526,True,True,0.7,False,Sat,2
20260502,2F_R_N,168,101.07269190115572,298,True,99.66801411741434,True,100.197270499591,True,101.53171553293119,False,True,0.7,False,Sat,2
20260502,3F_L_A,96,100.33079030716509,298,True,97.65979113695495,True,98.14697307572675,True,99.11930788586804,True,True,0.7,False,Sat,2
20260502,3F_L_N,91,106.8490075920677,298,True,100.33023333330135,True,101.32050181996037,True,103.29214624513749,True,True,0.7,False,Sat,2
20260502,3F_R_A,92,99.28912811818114,298,True,97.68095918375502,True,98.3640197557246,True,99.41088568948472,False,True,0.7,False,Sat,2
20260502,3F_R_N,83,95.95389974811981,298,True,100.33354960436618,False,101.78788328697193,False,103.80023940301423,False,False,0.7,False,Sat,2
20260503,2F_L_N,180,97.93368367126989,299,True,100.2378746327749,False,100.81436230000777,False,101.94394031401526,False,False,0.7,False,Sun,3
20260503,2F_R_N,168,97.83730197861455,299,True,99.70974036359289,False,100.36002298488485,False,101.53171553293119,False,False,0.7,False,Sun,3
20260503,3F_L_A,96,98.42275804725266,299,True,97.65979113695495,True,98.14697307572675,True,99.16908177332475,False,True,0.7,False,Sun,3
20260503,3F_L_N,91,94.8650510012374,299,True,100.35627347786438,False,101.43206229923922,False,103.84811424328251,False,False,0.7,False,Sun,3
20260503,3F_R_A,92,98.05208050136387,299,True,97.68095918375502,True,98.3640197557246,False,99.31233713917206,False,False,0.7,False,Sun,3
20260503,3F_R_N,83,94.59088793881837,299,True,100.33354960436618,False,101.78788328697193,False,103.80023940301423,False,False,0.7,False,Sun,3
20260504,2F_L_N,180,94.0782269520048,300,True,100.16585043298662,False,100.81436230000777,False,101.94394031401526,False,False,0.7,False,Mon,4
20260504,2F_R_N,167,96.99964749866821,300,True,99.70974036359289,False,100.36002298488485,False,101.53171553293119,False,False,0.7,False,Mon,4
20260504,3F_L_A,96,98.15110507525132,300,True,97.74584518032411,True,98.23645297338479,False,99.16908177332475,False,False,0.7,False,Mon,4
20260504,3F_L_N,91,92.01951067182925,300,True,100.33023333330135,False,101.32050181996037,False,103.29214624513749,False,False,0.7,False,Mon,4
20260504,3F_R_A,92,96.69211841375822,300,True,97.76688163796437,False,98.3640197557246,False,99.31233713917206,False,False,0.7,False,Mon,4
20260504,3F_R_N,83,93.64093947829575,300,True,100.33354960436618,False,101.78788328697193,False,103.80023940301423,False,False,0.7,False,Mon,4
20260505,2F_L_N,180,101.99085582726738,301,True,100.11648048005394,True,100.76821268980642,True,101.7330850025614,True,True,0.7,False,Tue,5
20260505,2F_R_N,167,108.61949896411559,301,True,99.70974036359289,True,100.36002298488485,True,101.53171553293119,True,True,0.7,False,Tue,5
20260505,3F_L_A,96,100.8054968262331,301,True,97.84724406794625,True,98.23645297338479,True,99.16908177332475,True,True,0.7,False,Tue,5
20260505,3F_L_N,91,96.23779537860541,301,True,100.33023333330135,False,101.32050181996037,False,103.29214624513749,False,False,0.7,False,Tue,5
20260505,3F_R_A,92,101.50682988147005,301,True,97.76688163796437,True,98.3640197557246,True,99.31233713917206,True,True,0.7,False,Tue,5
20260505,3F_R_N,83,108.23817297695408,301,True,100.33354960436618,True,101.78788328697193,True,103.80023940301423,True,True,0.7,False,Tue,5
20260506,2F_L_N,180,96.43605105575156,302,True,100.16585043298662,False,100.81436230000777,False,101.94219874338746,False,False,0.7,False,Wed,6
20260506,2F_R_N,167,96.93957211058463,302,True,99.80769116768496,False,100.63956048465279,False,101.7119045906344,False,False,0.7,False,Wed,6
20260506,3F_L_A,96,95.80084672247341,302,True,97.91747526362569,False,98.4105467408992,False,99.51846252389277,False,False,0.7,False,Wed,6
20260506,3F_L_N,91,98.0872081372223,302,True,100.33023333330135,False,101.32050181996037,False,103.29214624513749,False,False,0.7,False,Wed,6
20260506,3F_R_A,92,95.83498808661953,302,True,97.8847239502804,False,98.39614664499778,False,99.41088568948472,False,False,0.7,False,Wed,6
20260506,3F_R_N,83,108.90349947328166,302,True,100.33354960436618,True,101.78788328697193,True,103.80023940301423,True,True,0.7,False,Wed,6
20260507,2F_L_N,180,96.8389888635748,303,True,100.16585043298662,False,100.81436230000777,False,101.94219874338746,False,False,0.7,True,Thu,7
20260507,2F_R_N,167,101.47913926310524,303,True,99.80769116768496,True,100.63956048465279,True,101.7119045906344,False,True,0.7,True,Thu,7
20260507,3F_L_A,96,99.94707171132187,303,True,97.91747526362569,True,98.4105467408992,True,99.51846252389277,True,True,0.7,True,Thu,7
20260507,3F_L_N,91,101.91397233335624,303,True,100.2871146457233,True,101.15043616268416,True,103.03081325396312,False,True,0.7,True,Thu,7
20260507,3F_R_A,92,99.80303323144093,303,True,97.8847239502804,True,98.39614664499778,True,99.41088568948472,True,True,0.7,True,Thu,7
20260507,3F_R_N,83,105.49825788953608,303,True,100.3526506641549,True,101.84133970005091,True,103.87909225148796,True,True,0.7,True,Thu,7
20260508,2F_L_N,180,97.02871218657857,304,True,100.16585043298662,False,100.81436230000777,False,101.94219874338746,False,False,0.7,False,Fri,8
20260508,2F_R_N,167,101.26890282772925,304,True,99.88180048016,True,100.8559629429304,True,101.7119045906344,False,True,0.7,False,Fri,8
20260508,3F_L_A,96,96.32028761789606,304,True,97.99120386145933,False,98.4193986527218,False,99.55924652093806,False,False,0.7,False,Fri,8
20260508,3F_L_N,89,103.227647491462,304,True,100.29561715946866,True,101.32050181996037,True,103.03081325396312,True,True,0.7,False,Fri,8
20260508,3F_R_A,89,94.9040546734297,304,True,97.91128938506563,False,98.41083674110546,False,99.43884879827397,False,False,0.7,False,Fri,8
20260508,3F_R_N,82,97.52067894370892,304,True,100.48160325476984,False,102.02713866105921,False,103.90571645432664,False,False,0.7,False,Fri,8
20260509,2F_L_N,180,102.34289961523169,305,True,100.11648048005394,True,100.76821268980642,True,101.7330850025614,True,True,0.7,False,Sat,9
20260509,2F_R_N,167,97.50294560885152,305,True,99.88180048016,False,100.8559629429304,False,101.53171553293119,False,False,0.7,False,Sat,9
20260509,3F_L_A,96,99.70448760790619,305,True,97.91747526362569,True,98.4105467408992,True,99.55924652093806,True,True,0.7,False,Sat,9
20260509,3F_L_N,91,97.83736303646867,305,True,100.35627347786438,False,101.43206229923922,False,103.16868485065802,False,False,0.7,False,Sat,9
20260509,3F_R_A,92,99.94972307683085,305,True,97.8847239502804,True,98.39614664499778,True,99.41088568948472,True,True,0.7,False,Sat,9
20260509,3F_R_N,83,102.27662131695216,305,True,100.3526506641549,True,101.84133970005091,True,103.90571645432664,False,True,0.7,False,Sat,9
20260510,2F_L_N,180,100.48214417943511,306,True,100.11648048005394,True,100.76821268980642,False,101.7330850025614,False,False,0.7,False,Sun,10
20260510,2F_R_N,167,98.79194403984738,306,True,99.88180048016,False,100.8559629429304,False,101.53171553293119,False,False,0.7,False,Sun,10
20260510,3F_L_A,96,98.79643955562591,306,True,97.91747526362569,True,98.4193986527218,True,99.67401962430966,False,True,0.7,False,Sun,10
20260510,3F_L_N,91,100.09455927995302,306,True,100.35627347786438,False,101.43206229923922,False,103.16868485065802,False,False,0.7,False,Sun,10
20260510,3F_R_A,92,98.5177054760071,306,True,97.8847239502804,True,98.39614664499778,True,99.41088568948472,False,True,0.7,False,Sun,10
20260510,3F_R_N,83,104.40221589226653,306,True,100.3526506641549,True,101.98928680154714,True,103.90571645432664,True,True,0.7,False,Sun,10
20260511,2F_L_N,180,98.95757657772715,307,True,100.11648048005394,False,100.7386967805944,False,101.47673809976405,False,False,0.7,True,Mon,11
20260511,2F_R_N,168,94.73052566813831,307,True,99.88180048016,False,100.8559629429304,False,101.53171553293119,False,False,0.7,True,Mon,11
20260511,3F_L_A,96,97.04588301856161,307,True,97.99120386145933,False,98.5048341497391,False,99.67401962430966,False,False,0.7,True,Mon,11
20260511,3F_L_N,90,99.08452848922394,307,True,100.29561715946866,False,101.43206229923922,False,103.16868485065802,False,False,0.7,True,Mon,11
20260511,3F_R_A,92,95.99229821841598,307,True,97.91128938506563,False,98.41083674110546,False,99.41088568948472,False,False,0.7,True,Mon,11
20260511,3F_R_N,82,100.32192042187766,307,True,100.3526506641549,False,102.31447317646423,False,104.06460655882194,False,False,0.7,True,Mon,11
20260512,2F_L_N,176,99.20068381438341,308,True,100.01243715212595,False,100.73185438296598,False,101.47673809976405,False,False,0.7,False,Tue,12
20260512,2F_R_N,167,95.21811235357049,308,True,99.80769116768496,False,100.63956048465279,False,101.48254691286552,False,False,0.7,False,Tue,12
20260512,3F_L_A,96,95.72306311128717,308,True,97.99120386145933,False,98.5048341497391,False,99.67401962430966,False,False,0.7,False,Tue,12
20260512,3F_L_N,89,99.32481940389445,308,True,100.29561715946866,False,101.43206229923922,False,103.16868485065802,False,False,0.7,False,Tue,12
20260512,3F_R_A,92,98.6640697170088,308,True,97.90919811393816,True,98.41083674110546,True,99.41088568948472,False,True,0.7,False,Tue,12
20260512,3F_R_N,81,100.14057422039389,308,True,100.33354960436618,False,101.98928680154714,False,103.96190467494958,False,False,0.7,False,Tue,12
20260513,2F_L_N,176,97.65513271555766,309,True,100.01243715212595,False,100.73185438296598,False,101.47673809976405,False,False,0.7,False,Wed,13
20260513,2F_R_N,165,95.53509979887325,309,True,99.70974036359289,False,100.36002298488485,False,101.41755357821904,False,False,0.7,False,Wed,13
20260513,3F_L_A,96,97.12459804614288,309,True,97.99120386145933,False,98.5048341497391,False,99.67401962430966,False,False,0.7,False,Wed,13
20260513,3F_L_N,91,90.43524393643294,309,True,100.16235044657242,False,101.43206229923922,False,103.16868485065802,False,False,0.7,False,Wed,13
20260513,3F_R_A,92,96.73209156432281,309,True,97.90919811393816,False,98.4563690462892,False,99.41088568948472,False,False,0.7,False,Wed,13
20260513,3F_R_N,82,101.13018301255022,309,True,100.33354960436618,True,101.98928680154714,False,103.96190467494958,False,False,0.7,False,Wed,13
20260514,2F_L_N,164,98.55565683718774,310,True,100.01243715212595,False,100.73185438296598,False,101.47673809976405,False,False,0.7,False,Thu,14
20260514,2F_R_N,157,104.92351533904841,310,True,99.70974036359289,True,100.36002298488485,True,101.41755357821904,True,True,0.7,False,Thu,14
20260514,3F_L_A,90,95.96105315701031,310,True,97.99120386145933,False,98.5048341497391,False,99.67401962430966,False,False,0.7,False,Thu,14
20260514,3F_L_N,83,115.7434751237102,310,True,99.83136833580548,True,101.32050181996037,True,103.03081325396312,True,True,0.7,False,Thu,14
20260514,3F_R_A,90,96.0092423405047,310,True,97.90919811393816,False,98.4563690462892,False,99.41088568948472,False,False,0.7,False,Thu,14
20260514,3F_R_N,78,84.53412531977521,310,True,100.33354960436618,False,101.79851346029389,False,103.87909225148796,False,False,0.7,False,Thu,14
20260515,2F_L_N,174,97.31893524431446,311,True,100.01243715212595,False,100.73185438296598,False,101.47673809976405,False,False,0.7,False,Fri,15
20260515,2F_R_N,160,96.94935928170919,311,True,99.70974036359289,False,100.63956048465279,False,101.48254691286552,False,False,0.7,False,Fri,15
20260515,3F_L_A,96,95.42209969119567,311,True,97.99120386145933,False,98.5048341497391,False,99.67401962430966,False,False,0.7,False,Fri,15
20260515,3F_L_N,87,107.89699676115383,311,True,100.16235044657242,True,101.43206229923922,True,103.16868485065802,True,True,0.7,False,Fri,15
20260515,3F_R_A,87,98.0777562639992,311,True,97.90919811393816,True,98.4563690462892,False,99.41088568948472,False,False,0.7,False,Fri,15
20260515,3F_R_N,84,92.42189589667834,311,True,100.32632327969118,False,101.44207998515174,False,103.87909225148796,False,False,0.7,False,Fri,15
20260516,2F_L_N,180,104.0009978631631,312,True,100.01243715212595,True,100.73185438296598,True,101.47673809976405,True,True,0.7,False,Sat,16
20260516,2F_R_N,169,101.15301530105943,312,True,99.65522088861307,True,100.63956048465279,True,101.48254691286552,False,True,0.7,False,Sat,16
20260516,3F_L_A,96,99.5631750226687,312,True,97.91747526362569,True,98.4193986527218,True,99.67401962430966,False,True,0.7,False,Sat,16
20260516,3F_L_N,91,99.03330467028698,312,True,100.16235044657242,False,101.68672905112162,False,103.35110888594144,False,False,0.7,False,Sat,16
20260516,3F_R_A,92,100.18013788103801,312,True,97.90919811393816,True,98.41083674110546,True,99.31233713917206,True,True,0.7,False,Sat,16
20260516,3F_R_N,84,101.31478588725878,312,True,100.2131127009874,True,101.44207998515174,False,103.87909225148796,False,False,0.7,False,Sat,16
20260517,2F_L_N,181,104.58127663500206,313,True,100.11648048005394,True,100.7386967805944,True,101.74524927353139,True,True,0.7,True,Sun,17
20260517,2F_R_N,169,102.6537238658144,313,True,99.70974036359289,True,100.8559629429304,True,101.48254691286552,True,True,0.7,True,Sun,17
20260517,3F_L_A,96,100.25310856830795,313,True,97.91747526362569,True,98.5048341497391,True,99.67401962430966,True,True,0.7,True,Sun,17
20260517,3F_L_N,91,100.35840358209508,313,True,100.16235044657242,True,101.68672905112162,False,103.35110888594144,False,False,0.7,True,Sun,17
20260517,3F_R_A,92,101.57868301409044,313,True,97.96737190533766,True,98.4563690462892,True,99.41088568948472,True,True,0.7,True,Sun,17
20260517,3F_R_N,84,101.85631193157997,313,True,100.2131127009874,True,101.45120887634683,True,103.87909225148796,False,True,0.7,True,Sun,17
20260518,2F_L_N,171,98.00383398814384,314,True,100.16585043298662,False,100.76821268980642,False,101.99259739789518,False,False,0.7,False,Mon,18
20260518,2F_R_N,158,99.7779832591159,314,True,99.80769116768496,False,100.97881240461973,False,101.53171553293119,False,False,0.7,False,Mon,18
20260518,3F_L_A,95,96.33265993739663,314,True,97.99120386145933,False,98.72637340556632,False,99.74556919038959,False,False,0.7,False,Mon,18
20260518,3F_L_N,84,90.58765266835573,314,True,100.29561715946866,False,101.68672905112162,False,103.35110888594144,False,False,0.7,False,Mon,18
20260518,3F_R_A,88,96.11381376684027,314,True,98.018689491055,False,98.5616147483076,False,99.43884879827397,False,False,0.7,False,Mon,18
20260518,3F_R_N,80,99.65131345718632,314,True,100.32632327969118,False,101.79556400842723,False,103.87909225148796,False,False,0.7,False,Mon,18
20260519,2F_L_N,178,100.19247235497018,315,True,100.16585043298662,True,100.76821268980642,False,101.99259739789518,False,False,0.7,False,Tue,19
20260519,2F_R_N,164,97.90862480573729,315,True,99.81579016979808,False,100.97881240461973,False,101.53171553293119,False,False,0.7,False,Tue,19
20260519,3F_L_A,96,95.12971457141823,315,True,97.91747526362569,False,98.72637340556632,False,99.74556919038959,False,False,0.7,False,Tue,19
20260519,3F_L_N,86,96.62854299765591,315,True,100.16235044657242,False,101.52945227733977,False,103.35110888594144,False,False,0.7,False,Tue,19
20260519,3F_R_A,92,97.44217158983635,315,True,98.018689491055,False,98.5616147483076,False,99.43884879827397,False,False,0.7,False,Tue,19
20260519,3F_R_N,82,99.8841551164603,315,True,100.32632327969118,False,101.79556400842723,False,103.87909225148796,False,False,0.7,False,Tue,19
20260520,2F_L_N,171,99.30440339765832,316,True,100.16036428929304,False,100.75334142792248,False,101.99259739789518,False,False,0.7,False,Wed,20
20260520,2F_R_N,162,99.93141807673362,316,True,99.81579016979808,True,100.97881240461973,False,101.53171553293119,False,False,0.7,False,Wed,20
20260520,3F_L_A,93,97.20543220548109,316,True,97.91747526362569,False,98.72637340556632,False,99.74556919038959,False,False,0.7,False,Wed,20
20260520,3F_L_N,88,99.61403403495792,316,True,100.16235044657242,False,101.52945227733977,False,103.35110888594144,False,False,0.7,False,Wed,20
20260520,3F_R_A,91,97.73254060304615,316,True,98.018689491055,False,98.5616147483076,False,99.43884879827397,False,False,0.7,False,Wed,20
20260520,3F_R_N,84,93.38495316126296,316,True,100.32632327969118,False,101.79556400842723,False,103.87909225148796,False,False,0.7,False,Wed,20
20260521,2F_L_N,175,98.5897997328451,317,True,100.11648048005394,False,100.73185438296598,False,101.74524927353139,False,False,0.7,True,Thu,21
20260521,2F_R_N,162,101.09741548545455,317,True,99.88180048016,True,100.97881240461973,True,101.53171553293119,False,True,0.7,True,Thu,21
20260521,3F_L_A,96,99.56325441249005,317,True,97.91747526362569,True,98.72637340556632,True,99.74556919038959,False,True,0.7,True,Thu,21
20260521,3F_L_N,91,102.75630262846715,317,True,99.83136833580548,True,101.52945227733977,True,103.35110888594144,False,True,0.7,True,Thu,21
20260521,3F_R_A,92,97.87687821231263,317,True,98.018689491055,False,98.5616147483076,False,99.43884879827397,False,False,0.7,True,Thu,21
20260521,3F_R_N,85,95.32135796729483,317,True,100.2131127009874,False,101.45120887634683,False,103.80023940301423,False,False,0.7,True,Thu,21
20260522,2F_L_N,181,98.02646467120003,318,True,100.11648048005394,False,100.73185438296598,False,101.74524927353139,False,False,0.7,True,Fri,22
20260522,2F_R_N,169,102.47213994895363,318,True,99.9100174686942,True,101.08010897644537,True,101.53171553293119,True,True,0.7,True,Fri,22
20260522,3F_L_A,96,98.92325489141331,318,True,97.99120386145933,True,98.81264412170468,True,99.74556919038959,False,True,0.7,True,Fri,22
20260522,3F_L_N,91,97.41612054629572,318,True,99.83136833580548,False,101.52945227733977,False,103.16868485065802,False,False,0.7,True,Fri,22
20260522,3F_R_A,92,98.5497387628297,318,True,98.018689491055,True,98.5616147483076,False,99.43884879827397,False,False,0.7,True,Fri,22
20260522,3F_R_N,85,101.15606787776258,318,True,100.2131127009874,True,101.45120887634683,False,103.80023940301423,False,False,0.7,True,Fri,22
20260523,2F_L_N,181,97.52498373473554,319,True,100.11648048005394,False,100.73185438296598,False,101.74524927353139,False,False,0.7,False,Sat,23
20260523,2F_R_N,169,99.59937699821093,319,True,99.939490063161,False,101.114095430136,False,101.7119045906344,False,False,0.7,False,Sat,23
20260523,3F_L_A,96,98.53421772364722,319,True,98.04924740591905,True,98.87127780710188,False,99.74556919038959,False,False,0.7,False,Sat,23
20260523,3F_L_N,91,100.32511126499386,319,True,99.83136833580548,True,101.52945227733977,False,103.16868485065802,False,False,0.7,False,Sat,23
20260523,3F_R_A,92,98.79757362725407,319,True,98.06235080641801,True,98.58403804908343,True,99.43884879827397,False,True,0.7,False,Sat,23
20260523,3F_R_N,85,100.02687387890215,319,True,100.32632327969118,False,101.45120887634683,False,103.80023940301423,False,False,0.7,False,Sat,23
20260524,2F_L_N,181,106.27366128172008,320,True,100.01243715212595,True,100.55699694053575,True,101.47673809976405,True,True,0.7,False,Sun,24
20260524,2F_R_N,169,101.76366351573643,320,True,99.9100174686942,True,101.08010897644537,True,101.53171553293119,True,True,0.7,False,Sun,24
20260524,3F_L_A,96,99.13099533838125,320,True,98.04924740591905,True,98.81264412170468,True,99.67401962430966,False,True,0.7,False,Sun,24
20260524,3F_L_N,91,104.10893431887041,320,True,99.83136833580548,True,101.0054148608582,True,103.03081325396312,True,True,0.7,False,Sun,24
20260524,3F_R_A,92,98.57534837384753,320,True,98.06235080641801,True,98.58403804908343,False,99.41088568948472,False,False,0.7,False,Sun,24
20260524,3F_R_N,85,97.19765875672944,320,True,100.2131127009874,False,101.30565699606369,False,103.47329902998621,False,False,0.7,False,Sun,24
20260525,2F_L_N,172,99.54773524754259,321,True,100.11648048005394,False,100.73185438296598,False,101.74524927353139,False,False,0.7,False,Mon,25
20260525,2F_R_N,162,98.38496940310993,321,True,99.939490063161,False,101.114095430136,False,101.69182679677081,False,False,0.7,False,Mon,25
20260525,3F_L_A,96,96.50091865960222,321,True,98.088062724532,False,98.87127780710188,False,99.67401962430966,False,False,0.7,False,Mon,25
20260525,3F_L_N,90,101.3687851310792,321,True,100.16235044657242,True,101.52945227733977,False,103.16868485065802,False,False,0.7,False,Mon,25
20260525,3F_R_A,91,97.67495840556009,321,True,98.12665221586646,False,98.60196477679591,False,99.41088568948472,False,False,0.7,False,Mon,25
20260525,3F_R_N,81,98.87702213042134,321,True,100.2131127009874,False,101.30565699606369,False,103.47329902998621,False,False,0.7,False,Mon,25
20260526,2F_L_N,175,100.88841403689129,322,True,100.01243715212595,True,100.73185438296598,True,101.74524927353139,False,True,0.7,False,Tue,26
20260526,2F_R_N,161,94.91912148681925,322,True,99.939490063161,False,101.114095430136,False,101.69182679677081,False,False,0.7,False,Tue,26
20260526,3F_L_A,94,97.40816354267366,322,True,98.088062724532,False,98.87127780710188,False,99.67401962430966,False,False,0.7,False,Tue,26
20260526,3F_L_N,83,98.80754573689813,322,True,100.28846682389846,False,101.53234129176232,False,103.16868485065802,False,False,0.7,False,Tue,26
20260526,3F_R_A,92,95.6881983439749,322,True,98.12665221586646,False,98.60196477679591,False,99.41088568948472,False,False,0.7,False,Tue,26
20260526,3F_R_N,78,102.70760593715701,322,True,100.2131127009874,True,101.30565699606369,True,103.47329902998621,False,True,0.7,False,Tue,26
20260527,2F_L_N,181,99.60848423454392,323,True,100.11648048005394,False,100.75334142792248,False,101.74524927353139,False,False,0.7,True,Wed,27
20260527,2F_R_N,169,96.5100584117861,323,True,99.939490063161,False,101.114095430136,False,101.69182679677081,False,False,0.7,True,Wed,27
20260527,3F_L_A,96,99.4632224675416,323,True,98.088062724532,True,98.87127780710188,True,99.67401962430966,False,True,0.7,True,Wed,27
20260527,3F_L_N,91,102.686546255206,323,True,100.16235044657242,True,101.53234129176232,True,103.16868485065802,False,True,0.7,True,Wed,27
20260527,3F_R_A,92,97.59272721817257,323,True,98.12665221586646,False,98.60196477679591,False,99.41088568948472,False,False,0.7,True,Wed,27
20260527,3F_R_N,85,100.80819602028849,323,True,100.32632327969118,True,101.45120887634683,False,103.47329902998621,False,False,0.7,True,Wed,27
20260528,2F_L_N,168,96.21071045431513,324,True,100.01243715212595,False,100.73185438296598,False,101.47673809976405,False,False,0.7,False,Thu,28
20260528,2F_R_N,158,92.0592090582242,324,True,99.939490063161,False,101.114095430136,False,101.69182679677081,False,False,0.7,False,Thu,28
20260528,3F_L_A,96,92.80289275381575,324,True,98.14445252353481,False,98.92088188337722,False,99.67401962430966,False,False,0.7,False,Thu,28
20260528,3F_L_N,88,98.17942961637473,324,True,100.28846682389846,False,101.95189080086206,False,103.16868485065802,False,False,0.7,False,Thu,28
20260528,3F_R_A,91,96.64889259577433,324,True,98.12665221586646,False,98.60196477679591,False,99.41088568948472,False,False,0.7,False,Thu,28
20260528,3F_R_N,84,102.32674175910341,324,True,100.33354960436618,True,101.45120887634683,True,103.47329902998621,False,True,0.7,False,Thu,28
20260529,2F_L_N,176,96.91479399731189,325,True,99.9447256628259,False,100.55699694053575,False,101.31813320408803,False,False,0.7,False,Fri,29
20260529,2F_R_N,164,94.19462638144537,325,True,99.939490063161,False,101.114095430136,False,101.69182679677081,False,False,0.7,False,Fri,29
20260529,3F_L_A,96,97.00745523357028,325,True,98.088062724532,False,98.87127780710188,False,99.67401962430966,False,False,0.7,False,Fri,29
20260529,3F_L_N,82,96.00703240379913,325,True,100.28846682389846,False,101.95189080086206,False,103.16868485065802,False,False,0.7,False,Fri,29
20260529,3F_R_A,91,97.65199668507896,325,True,98.06235080641801,False,98.55742164613505,False,99.31233713917206,False,False,0.7,False,Fri,29
20260529,3F_R_N,81,94.90221126630395,325,True,100.45435125048486,False,101.79556400842723,False,103.47329902998621,False,False,0.7,False,Fri,29
20260530,2F_L_N,181,105.05353842632064,326,True,99.86537258850481,True,100.38802894405835,True,101.21290317907344,True,True,0.7,False,Sat,30
20260530,2F_R_N,169,100.80333179645346,326,True,99.9100174686942,True,101.08010897644537,False,101.53171553293119,False,False,0.7,False,Sat,30
20260530,3F_L_A,96,104.27163790042812,326,True,98.04924740591905,True,98.81264412170468,True,99.58388405567415,True,True,0.7,False,Sat,30
20260530,3F_L_N,91,104.18687992365969,326,True,100.16235044657242,True,101.95189080086206,True,103.16868485065802,True,True,0.7,False,Sat,30
20260530,3F_R_A,92,103.92182882888916,326,True,97.98963257887691,True,98.52731546205388,True,99.15503455763807,True,True,0.7,False,Sat,30
20260530,3F_R_N,85,101.51223794342927,326,True,100.33354960436618,True,101.45120887634683,True,103.02908232317144,False,True,0.7,False,Sat,30
20260601,2F_L_N,179,98.05888499312557,327,True,99.86537258850481,False,100.38802894405835,False,101.31813320408803,False,False,0.7,True,Mon,1
20260601,2F_R_N,169,99.15761317207644,327,True,99.9100174686942,False,101.08010897644537,False,101.53171553293119,False,False,0.7,True,Mon,1
20260601,3F_L_A,96,98.77315762520237,327,True,98.04924740591905,True,98.81264412170468,False,99.58388405567415,False,False,0.7,True,Mon,1
20260601,3F_L_N,91,97.95562217298055,327,True,100.28846682389846,False,102.05801335980469,False,103.35110888594144,False,False,0.7,True,Mon,1
20260601,3F_R_A,92,99.35213164420895,327,True,97.98963257887691,True,98.52731546205388,True,99.15503455763807,True,True,0.7,True,Mon,1
20260601,3F_R_N,85,101.20931398429872,327,True,100.45435125048486,True,101.58942531566616,False,103.02908232317144,False,False,0.7,True,Mon,1
20260602,2F_L_N,178,95.79579595514714,328,True,99.86537258850481,False,100.38802894405835,False,101.31813320408803,False,False,0.7,False,Tue,2
20260602,2F_R_N,166,99.57513596886922,328,True,99.9100174686942,False,101.08010897644537,False,101.53171553293119,False,False,0.7,False,Tue,2
20260602,3F_L_A,94,95.57004204629791,328,True,98.088062724532,False,98.81264412170468,False,99.58388405567415,False,False,0.7,False,Tue,2
20260602,3F_L_N,90,99.17266478542817,328,True,100.16235044657242,False,101.95189080086206,False,103.16868485065802,False,False,0.7,False,Tue,2
20260602,3F_R_A,90,95.78702286468109,328,True,98.06235080641801,False,98.55742164613505,False,99.3017288233867,False,False,0.7,False,Tue,2
20260602,3F_R_N,83,89.33400676026983,328,True,100.45435125048486,False,101.37402150410992,False,102.91457531646937,False,False,0.7,False,Tue,2
20260603,2F_L_N,176,98.1981947642762,329,True,99.76051626298946,False,100.34714288048427,False,101.31813320408803,False,False,0.7,False,Wed,3
20260603,2F_R_N,162,97.12533819670986,329,True,99.88180048016,False,100.97881240461973,False,101.48254691286552,False,False,0.7,False,Wed,3
20260603,3F_L_A,96,94.63554721574566,329,True,98.088062724532,False,98.81264412170468,False,99.58388405567415,False,False,0.7,False,Wed,3
20260603,3F_L_N,88,102.42261847575537,329,True,100.16235044657242,True,101.95189080086206,True,103.16868485065802,False,True,0.7,False,Wed,3
20260603,3F_R_A,90,97.15762061059833,329,True,97.98963257887691,False,98.52731546205388,False,99.3017288233867,False,False,0.7,False,Wed,3
20260603,3F_R_N,84,99.75310968866197,329,True,100.33354960436618,False,101.37402150410992,False,102.91457531646937,False,False,0.7,False,Wed,3
20260604,2F_L_N,177,98.0485508802498,330,True,99.76051626298946,False,100.34714288048427,False,101.31813320408803,False,False,0.7,False,Thu,4
20260604,2F_R_N,162,104.47130858420103,330,True,99.88180048016,True,100.97881240461973,True,101.48254691286552,True,True,0.7,False,Thu,4
20260604,3F_L_A,94,93.879048331609,330,True,98.04924740591905,False,98.78014220432944,False,99.58388405567415,False,False,0.7,False,Thu,4
20260604,3F_L_N,86,105.10301270910236,330,True,100.28846682389846,True,102.05801335980469,True,103.16868485065802,True,True,0.7,False,Thu,4
20260604,3F_R_A,91,96.53272009269156,330,True,97.98963257887691,False,98.52731546205388,False,99.3017288233867,False,False,0.7,False,Thu,4
20260604,3F_R_N,84,97.26059628462635,330,True,100.32632327969118,False,101.30565699606369,False,102.74786690134253,False,False,0.7,False,Thu,4
20260605,2F_L_N,173,96.01288983004177,331,True,99.76051626298946,False,100.34714288048427,False,101.31813320408803,False,False,0.7,False,Fri,5
20260605,2F_R_N,164,100.85780500066076,331,True,99.9100174686942,True,101.08010897644537,False,101.53171553293119,False,False,0.7,False,Fri,5
20260605,3F_L_A,96,96.46760829184448,331,True,98.04924740591905,False,98.78014220432944,False,99.58388405567415,False,False,0.7,False,Fri,5
20260605,3F_L_N,90,98.41343017307453,331,True,100.33226160056407,False,102.19621691470178,False,103.35110888594144,False,False,0.7,False,Fri,5
20260605,3F_R_A,92,97.312367169676,331,True,97.98963257887691,False,98.52731546205388,False,99.3017288233867,False,False,0.7,False,Fri,5
20260605,3F_R_N,83,91.46979094547066,331,True,100.32632327969118,False,101.30565699606369,False,102.74786690134253,False,False,0.7,False,Fri,5
20260606,2F_L_N,181,98.19563148953817,332,True,99.6845027191371,False,100.28656906172192,False,101.23961005703411,False,False,0.7,False,Sat,6
20260606,2F_R_N,169,101.10790517193307,332,True,99.9100174686942,True,100.97881240461973,True,101.53171553293119,False,True,0.7,False,Sat,6
20260606,3F_L_A,96,100.63488603763021,332,True,98.04924740591905,True,98.78014220432944,True,99.58388405567415,True,True,0.7,False,Sat,6
20260606,3F_L_N,91,102.23177286004186,332,True,100.33226160056407,True,102.19621691470178,True,103.35110888594144,False,True,0.7,False,Sat,6
20260606,3F_R_A,92,101.00698195189298,332,True,97.98963257887691,True,98.52731546205388,True,99.3017288233867,True,True,0.7,False,Sat,6
20260606,3F_R_N,85,101.20208474870513,332,True,100.32632327969118,True,101.30565699606369,False,102.74786690134253,False,False,0.7,False,Sat,6
20260607,2F_L_N,181,102.42684920320924,333,True,99.6845027191371,True,100.28656906172192,True,101.23961005703411,True,True,0.7,True,Sun,7
20260607,2F_R_N,169,108.1276797020009,333,True,99.9100174686942,True,101.08010897644537,True,101.53171553293119,True,True,0.7,True,Sun,7
20260607,3F_L_A,96,98.6115333423046,333,True,98.04924740591905,True,98.78014220432944,False,99.58388405567415,False,False,0.7,True,Sun,7
20260607,3F_L_N,91,102.03420487071776,333,True,100.33226160056407,True,102.13896322998772,False,103.35110888594144,False,False,0.7,True,Sun,7
20260607,3F_R_A,92,100.11072322840654,333,True,97.98963257887691,True,98.52731546205388,True,99.3017288233867,True,True,0.7,True,Sun,7
20260607,3F_R_N,85,97.6816445270778,333,True,100.33354960436618,False,101.30565699606369,False,102.74786690134253,False,False,0.7,True,Sun,7
20260608,2F_L_N,174,102.8185467263981,334,True,99.76051626298946,True,100.34714288048427,True,101.47673809976405,True,True,0.7,False,Mon,8
20260608,2F_R_N,165,95.6197443704579,334,True,99.9100174686942,False,101.08010897644537,False,101.53171553293119,False,False,0.7,False,Mon,8
20260608,3F_L_A,93,96.85298682778215,334,True,98.088062724532,False,98.78014220432944,False,99.58388405567415,False,False,0.7,False,Mon,8
20260608,3F_L_N,88,101.71058993684966,334,True,100.33226160056407,True,102.05801335980469,False,103.16868485065802,False,False,0.7,False,Mon,8
20260608,3F_R_A,90,96.83948599533774,334,True,98.06235080641801,False,98.55742164613505,False,99.36273995999431,False,False,0.7,False,Mon,8
20260608,3F_R_N,84,93.03123225395682,334,True,100.33354960436618,False,101.30565699606369,False,102.74786690134253,False,False,0.7,False,Mon,8
20260609,2F_L_N,172,99.36025046509656,335,True,99.86537258850481,False,100.55699694053575,False,101.74524927353139,False,False,0.7,False,Tue,9
20260609,2F_R_N,163,99.43101249008048,335,True,99.9100174686942,False,101.08010897644537,False,101.53171553293119,False,False,0.7,False,Tue,9
20260609,3F_L_A,93,97.51676932738006,335,True,98.088062724532,False,98.78014220432944,False,99.58388405567415,False,False,0.7,False,Tue,9
20260609,3F_L_N,89,95.4317383020175,335,True,100.34915369518966,False,102.05801335980469,False,103.16868485065802,False,False,0.7,False,Tue,9
20260609,3F_R_A,92,97.52381248244909,335,True,98.06235080641801,False,98.55742164613505,False,99.36273995999431,False,False,0.7,False,Tue,9
20260609,3F_R_N,84,96.656786433784,335,True,100.32632327969118,False,101.30565699606369,False,102.74786690134253,False,False,0.7,False,Tue,9
20260610,2F_L_N,178,95.40476500369593,336,True,99.86537258850481,False,100.55699694053575,False,101.74524927353139,False,False,0.7,False,Wed,10
20260610,2F_R_N,163,107.28613815788334,336,True,99.88180048016,True,100.97881240461973,True,101.48254691286552,True,True,0.7,False,Wed,10
20260610,3F_L_A,96,96.84836008316661,336,True,98.088062724532,False,98.78014220432944,False,99.58388405567415,False,False,0.7,False,Wed,10
20260610,3F_L_N,88,100.17300156685263,336,True,100.34915369518966,False,102.05801335980469,False,103.16868485065802,False,False,0.7,False,Wed,10
20260610,3F_R_A,91,97.8032887392256,336,True,98.06235080641801,False,98.55742164613505,False,99.36273995999431,False,False,0.7,False,Wed,10
20260610,3F_R_N,83,95.311782227268,336,True,100.32632327969118,False,101.30565699606369,False,102.74786690134253,False,False,0.7,False,Wed,10
20260611,2F_L_N,175,101.64953002168251,337,True,99.76051626298946,True,100.34714288048427,True,101.47673809976405,True,True,0.7,True,Thu,11
20260611,2F_R_N,166,98.98971855902573,337,True,99.9100174686942,False,101.08010897644537,False,101.53171553293119,False,False,0.7,True,Thu,11
20260611,3F_L_A,96,97.89456796767705,337,True,98.088062724532,False,98.78014220432944,False,99.58388405567415,False,False,0.7,True,Thu,11
20260611,3F_L_N,89,97.73097319050952,337,True,100.33226160056407,False,102.03605357701512,False,103.04555391416412,False,False,0.7,True,Thu,11
20260611,3F_R_A,91,97.82658508959159,337,True,97.98963257887691,False,98.55742164613505,False,99.36273995999431,False,False,0.7,True,Thu,11
20260611,3F_R_N,84,103.203838972278,337,True,100.2131127009874,True,101.23704317324598,True,102.46375653302533,True,True,0.7,True,Thu,11
20260613,2F_L_N,181,99.30344763251723,338,True,99.86537258850481,False,100.55699694053575,False,101.65639354436549,False,False,0.7,False,Sat,13
20260613,2F_R_N,169,98.96085479567758,338,True,99.9100174686942,False,101.08010897644537,False,101.53171553293119,False,False,0.7,False,Sat,13
20260613,3F_L_A,96,100.73928161326485,338,True,98.088062724532,True,98.78014220432944,True,99.58388405567415,True,True,0.7,False,Sat,13
20260613,3F_L_N,90,100.30423756433188,338,True,100.33226160056407,False,102.03605357701512,False,103.04555391416412,False,False,0.7,False,Sat,13
20260613,3F_R_A,92,98.92267658617348,338,True,97.98963257887691,True,98.55742164613505,True,99.36273995999431,False,True,0.7,False,Sat,13
20260613,3F_R_N,84,99.2644054084337,338,True,100.32632327969118,False,101.30565699606369,False,102.74786690134253,False,False,0.7,False,Sat,13
20260614,2F_L_N,180,100.27941087654821,339,True,99.86537258850481,True,100.55699694053575,False,101.65639354436549,False,False,0.7,False,Sun,14
20260614,2F_R_N,169,97.31525176443506,339,True,99.88180048016,False,100.97881240461973,False,101.53171553293119,False,False,0.7,False,Sun,14
20260614,3F_L_A,96,97.64555878766339,339,True,98.14445252353481,False,98.81264412170468,False,99.67401962430966,False,False,0.7,False,Sun,14
20260614,3F_L_N,89,98.28625894815521,339,True,100.33226160056407,False,102.03605357701512,False,103.04555391416412,False,False,0.7,False,Sun,14
20260614,3F_R_A,92,96.66005585661377,339,True,98.06235080641801,False,98.60196477679591,False,99.36273995999431,False,False,0.7,False,Sun,14
20260614,3F_R_N,84,98.30715533419041,339,True,100.32632327969118,False,101.30565699606369,False,102.74786690134253,False,False,0.7,False,Sun,14
20260615,2F_L_N,173,96.21302040595361,340,True,99.86537258850481,False,100.34714288048427,False,101.65639354436549,False,False,0.7,False,Mon,15
20260615,2F_R_N,167,102.29604198710877,340,True,99.81579016979808,True,100.88203700086525,True,101.48254691286552,True,True,0.7,False,Mon,15
20260615,3F_L_A,96,97.91291965833058,340,True,98.14445252353481,False,98.81264412170468,False,99.67401962430966,False,False,0.7,False,Mon,15
20260615,3F_L_N,88,95.13468684980518,340,True,100.31258704459668,False,101.9500420945647,False,102.80504820674165,False,False,0.7,False,Mon,15
20260615,3F_R_A,92,95.87345842492188,340,True,97.98963257887691,False,98.60196477679591,False,99.36273995999431,False,False,0.7,False,Mon,15
20260615,3F_R_N,82,98.79760628239472,340,True,100.2131127009874,False,101.23704317324598,False,102.46375653302533,False,False,0.7,False,Mon,15
20260616,2F_L_N,163,100.26491993794261,341,True,99.86537258850481,True,100.34714288048427,False,101.65639354436549,False,False,0.7,False,Tue,16
20260616,2F_R_N,160,101.74584298510965,341,True,99.81579016979808,True,100.88203700086525,True,101.48254691286552,True,True,0.7,False,Tue,16
20260616,3F_L_A,94,93.88054173218227,341,True,98.14445252353481,False,98.81264412170468,False,99.67401962430966,False,False,0.7,False,Tue,16
20260616,3F_L_N,87,100.22023362276134,341,True,100.28011734363366,False,101.77160465580164,False,102.72176803998748,False,False,0.7,False,Tue,16
20260616,3F_R_A,91,97.51406684374331,341,True,97.98963257887691,False,98.60196477679591,False,99.36273995999431,False,False,0.7,False,Tue,16
20260616,3F_R_N,80,94.91854482954061,341,True,100.07235401549885,False,101.2042535193832,False,102.3419522436812,False,False,0.7,False,Tue,16
20260617,2F_L_N,180,102.55558709148566,342,True,99.86537258850481,True,100.28656906172192,True,101.46987457708107,True,True,0.7,True,Wed,17
20260617,2F_R_N,169,101.87879312952653,342,True,99.81579016979808,True,100.92227107080924,True,101.53171553293119,True,True,0.7,True,Wed,17
20260617,3F_L_A,96,98.53729267629967,342,True,98.14445252353481,True,98.81264412170468,False,99.67401962430966,False,False,0.7,True,Wed,17
20260617,3F_L_N,89,100.46119328058715,342,True,100.28011734363366,True,101.77160465580164,False,102.72176803998748,False,False,0.7,True,Wed,17
20260617,3F_R_A,92,98.81306391275005,342,True,97.98963257887691,True,98.60196477679591,True,99.36273995999431,False,True,0.7,True,Wed,17
20260617,3F_R_N,84,101.99624890498427,342,True,100.07235401549885,True,101.2042535193832,True,102.3419522436812,False,True,0.7,True,Wed,17
20260618,2F_L_N,167,94.68094425211038,343,True,99.86537258850481,False,100.34714288048427,False,101.65639354436549,False,False,0.7,False,Thu,18
20260618,2F_R_N,159,97.27572404121538,343,True,99.88180048016,False,101.08010897644537,False,101.68826269064544,False,False,0.7,False,Thu,18
20260618,3F_L_A,94,93.28226595980615,343,True,98.14445252353481,False,98.81264412170468,False,99.67401962430966,False,False,0.7,False,Thu,18
20260618,3F_L_N,86,99.25732480760074,343,True,100.31258704459668,False,101.77160465580164,False,102.72176803998748,False,False,0.7,False,Thu,18
20260618,3F_R_A,89,95.04573332450543,343,True,98.06235080641801,False,98.70412089008238,False,99.36273995999431,False,False,0.7,False,Thu,18
20260618,3F_R_N,80,102.93019609912832,343,True,100.07235401549885,True,101.2042535193832,True,102.28664540538242,True,True,0.7,False,Thu,18
20260619,2F_L_N,172,100.13693353701365,344,True,99.86537258850481,True,100.34714288048427,False,101.65639354436549,False,False,0.7,False,Fri,19
20260619,2F_R_N,165,96.91527906741075,344,True,99.88180048016,False,101.08010897644537,False,101.68826269064544,False,False,0.7,False,Fri,19
20260619,3F_L_A,96,97.96416127072416,344,True,98.14445252353481,False,98.81264412170468,False,99.67401962430966,False,False,0.7,False,Fri,19
20260619,3F_L_N,80,93.14025490349249,344,True,100.31258704459668,False,101.77160465580164,False,102.72176803998748,False,False,0.7,False,Fri,19
20260619,3F_R_A,92,96.35137470260769,344,True,98.06235080641801,False,98.70412089008238,False,99.36273995999431,False,False,0.7,False,Fri,19
20260619,3F_R_N,83,103.70211547065777,344,True,100.07235401549885,True,101.2042535193832,True,102.28664540538242,True,True,0.7,False,Fri,19
20260620,2F_L_N,180,100.21008112286587,345,True,99.9447256628259,True,100.34714288048427,False,101.65639354436549,False,False,0.7,False,Sat,20
20260620,2F_R_N,169,97.70232874298306,345,True,99.88180048016,False,101.08010897644537,False,101.68826269064544,False,False,0.7,False,Sat,20
20260620,3F_L_A,96,99.06649560365139,345,True,98.14445252353481,True,98.81264412170468,True,99.67401962430966,False,True,0.7,False,Sat,20
20260620,3F_L_N,90,100.15881357842707,345,True,100.31258704459668,False,101.77160465580164,False,102.72176803998748,False,False,0.7,False,Sat,20
20260620,3F_R_A,92,98.11095935303345,345,True,98.06235080641801,True,98.70412089008238,False,99.36273995999431,False,False,0.7,False,Sat,20
20260620,3F_R_N,84,98.20257029032278,345,True,100.2131127009874,False,101.23704317324598,False,102.3419522436812,False,False,0.7,False,Sat,20
