date,month,weekday,expert,model,window,lambda,top1_tail,top1_pred,top1_actual_raw_diff,top1_prob_positive,top1_final_score,top2_tail,top2_pred,top2_actual_raw_diff,top2_prob_positive,top2_final_score,pred_span_top12,hit_at_2,hit_at_3,pred_span_quartile,rolling_median,zscore,is_anomaly,anomaly_direction,is_hit_rate_miss_day,difficulty_failure,actual_top1_tail,actual_top2_tail,actual_top3_tail,actual_top1_diff,actual_top2_diff,actual_top3_diff,loss_scenario,loss_value,chosen_tail,top1_match,top2_match,top3_match,rescue_source
2026-01-01,2026-01,Thursday,2F_N,xgb_ranker_ndcg,full_2025,1.0,8,0.0617384803203397,12600.0,0.5,0.0617384803203397,7,0.0167214494658725,4700.0,0.5,0.0167214494658725,0.0450170308544671,1.0,1.0,Q2,144.0,1.4631213452771414,0,normal,1,miss_day,8,0,7,12600.0,8400.0,4700.0,hit1,0.0,8,1,0,0,rank1
2026-01-01,2026-01,Thursday,3F_A,xgb_ranker_ndcg,full_2025,0.75,9,0.9970424037819025,42300.0,0.5,0.9970424037819025,1,0.996933632776626,39400.0,0.5,0.996933632776626,0.0001087710052765,0.0,1.0,Q1,144.0,1.4631213452771414,0,normal,1,miss_day,8,7,3,52000.0,48200.0,47500.0,critical_miss,9700.0,9,0,0,0,none
2026-01-01,2026-01,Thursday,3F_N,xgb_ranker_ndcg,recent_60d,0.75,6,0.3162789570946022,10200.0,0.5,0.3162789570946022,7,0.0053898027933548,5700.0,0.5,0.0053898027933548,0.3108891543012473,1.0,1.0,Q3,144.0,1.4631213452771414,0,normal,1,miss_day,6,7,2,10200.0,5700.0,2100.0,hit1,0.0,6,1,1,0,rank1
2026-01-02,2026-01,Friday,2F_N,xgb_ranker_ndcg,full_2025,1.0,9,0.9971341866174896,35300.0,0.5,0.9971341866174896,6,0.9970753893980376,33900.0,0.5,0.9970753893980376,5.879721945201144e-05,1.0,1.0,Q1,160.5,0.12866665735372773,0,normal,0,hit_day,9,3,6,35300.0,33900.0,33900.0,hit1,0.0,9,1,0,0,rank1
2026-01-02,2026-01,Friday,3F_A,xgb_ranker_ndcg,full_2025,0.75,4,0.9590912164495042,16400.0,0.5,0.9590912164495042,7,0.0510668947265078,4700.0,0.5,0.0510668947265078,0.9080243217229964,1.0,1.0,Q4,160.5,0.12866665735372773,0,normal,0,hit_day,4,0,7,16400.0,4900.0,4700.0,hit1,0.0,4,1,0,0,rank1
2026-01-02,2026-01,Friday,3F_N,xgb_ranker_ndcg,recent_60d,0.75,5,0.6462636552519957,15200.0,0.5,0.6462636552519957,3,0.0062104970655911,300.0,0.5,0.0062104970655911,0.6400531581864046,1.0,1.0,Q4,160.5,0.12866665735372773,0,normal,0,hit_day,5,6,3,15200.0,2000.0,300.0,hit1,0.0,5,1,0,0,rank1
2026-01-03,2026-01,Saturday,2F_N,xgb_ranker_ndcg,full_2025,1.0,0,0.9922054148297098,38800.0,0.5,0.9922054148297098,7,0.8339871815626765,28200.0,0.5,0.8339871815626765,0.1582182332670333,1.0,1.0,Q3,144.0,-0.6196853987633989,0,normal,0,hit_day,0,7,4,38800.0,28200.0,27200.0,hit1,0.0,0,1,1,0,rank1
2026-01-03,2026-01,Saturday,3F_A,xgb_ranker_ndcg,full_2025,0.75,5,0.0053989515002625,500.0,0.5,0.0053989515002625,2,0.0045112914569351,-3400.0,0.5,0.0045112914569351,0.0008876600433274,1.0,1.0,Q1,144.0,-0.6196853987633989,0,normal,0,hit_day,4,5,6,900.0,500.0,-400.0,hit1,400.0,5,1,0,0,rank1
2026-01-03,2026-01,Saturday,3F_N,xgb_ranker_ndcg,recent_60d,1.25,2,0.8758060923688709,13000.0,0.5,0.8758060923688709,9,0.3288050091870577,7000.0,0.5,0.3288050091870577,0.5470010831818132,1.0,1.0,Q4,144.0,-0.6196853987633989,0,normal,0,hit_day,2,9,8,13000.0,7000.0,3300.0,hit1,0.0,2,1,1,0,rank1
2026-01-04,2026-01,Sunday,2F_N,xgb_ranker_ndcg,full_2025,1.0,8,0.9855433453253728,33700.0,0.5,0.9855433453253728,7,0.1229293121428142,13400.0,0.5,0.1229293121428142,0.8626140331825585,1.0,1.0,Q4,137.5,-2.282742734186793,1,low_anomaly,1,miss_day,8,7,3,33700.0,13400.0,5700.0,hit1,0.0,8,1,1,0,rank1
2026-01-04,2026-01,Sunday,3F_A,xgb_ranker_ndcg,full_2025,0.75,0,0.0008778240742937,-3200.0,0.5,0.0008778240742937,7,0.0007829618822968,-3400.0,0.5,0.0007829618822968,9.486219199686646e-05,0.0,0.0,Q1,137.5,-2.282742734186793,1,low_anomaly,1,miss_day,4,6,0,1600.0,-700.0,-3200.0,critical_miss,4800.0,0,0,0,0,none
2026-01-04,2026-01,Sunday,3F_N,xgb_ranker_ndcg,recent_60d,0.75,9,0.5179956631050615,16300.0,0.5,0.5179956631050615,0,0.0108913240155383,1600.0,0.5,0.0108913240155383,0.5071043390895231,1.0,1.0,Q4,137.5,-2.282742734186793,1,low_anomaly,1,miss_day,9,0,1,16300.0,1600.0,-200.0,hit1,0.0,9,1,1,0,rank1
2026-01-05,2026-01,Monday,2F_N,xgb_ranker_ndcg,full_2025,1.0,1,0.995061981884612,48500.0,0.5,0.995061981884612,9,0.9919198408713208,39700.0,0.5,0.9919198408713208,0.0031421410132911,1.0,1.0,Q1,137.5,1.8916976825315492,1,high_anomaly,0,hit_day,1,9,0,48500.0,39700.0,25800.0,hit1,0.0,1,1,1,0,rank1
2026-01-05,2026-01,Monday,3F_A,xgb_ranker_ndcg,full_2025,0.75,6,0.9937707485160074,13000.0,0.5,0.9937707485160074,4,0.4992371439100945,8700.0,0.5,0.4992371439100945,0.4945336046059129,1.0,1.0,Q4,137.5,1.8916976825315492,1,high_anomaly,0,hit_day,6,4,1,13000.0,8700.0,5100.0,hit1,0.0,6,1,1,0,rank1
2026-01-05,2026-01,Monday,3F_N,xgb_ranker_ndcg,full_2025,1.0,1,0.9968980699573144,26800.0,0.5,0.9968980699573144,5,0.9926682038425524,22300.0,0.5,0.9926682038425524,0.0042298661147621,1.0,1.0,Q1,137.5,1.8916976825315492,1,high_anomaly,0,hit_day,1,6,5,26800.0,25400.0,22300.0,hit1,0.0,1,1,0,0,rank1
2026-01-06,2026-01,Tuesday,2F_N,xgb_ranker_ndcg,full_2025,1.0,6,0.9993665359776754,38300.0,0.5,0.9993665359776754,2,0.9978579435606824,44400.0,0.5,0.9978579435606824,0.001508592416993,1.0,1.0,Q1,144.0,0.49532808618907526,0,normal,0,hit_day,2,6,7,44400.0,38300.0,27100.0,hit1,6100.0,6,1,1,0,rank1
2026-01-06,2026-01,Tuesday,3F_A,xgb_ranker_ndcg,full_2025,0.75,9,0.7577799958777287,9200.0,0.5,0.7577799958777287,5,0.6952637956807027,6300.0,0.5,0.6952637956807027,0.0625162001970259,1.0,1.0,Q2,144.0,0.49532808618907526,0,normal,0,hit_day,9,5,2,9200.0,6300.0,5000.0,hit1,0.0,9,1,1,0,rank1
2026-01-06,2026-01,Tuesday,3F_N,xgb_ranker_ndcg,full_2025,1.0,3,0.9921920685033908,20300.0,0.5,0.9921920685033908,1,0.9727879095787378,17300.0,0.5,0.9727879095787378,0.0194041589246528,1.0,1.0,Q2,144.0,0.49532808618907526,0,normal,0,hit_day,3,1,2,20300.0,17300.0,15300.0,hit1,0.0,3,1,1,0,rank1
2026-01-07,2026-01,Wednesday,2F_N,xgb_ranker_ndcg,full_2025,0.75,4,0.9244593264399382,32300.0,0.5,0.9244593264399382,0,0.8438929196619377,39400.0,0.5,0.8438929196619377,0.0805664067780005,1.0,1.0,Q2,160.5,1.114012351764974,0,normal,0,hit_day,0,5,4,39400.0,35900.0,32300.0,miss1_hit2,0.0,0,0,1,0,rank2
2026-01-07,2026-01,Wednesday,3F_A,xgb_ranker_ndcg,full_2025,0.75,7,0.9453332062207622,11200.0,0.5,0.9453332062207622,0,0.1072834538636672,8500.0,0.5,0.1072834538636672,0.838049752357095,1.0,1.0,Q4,160.5,1.114012351764974,0,normal,0,hit_day,7,3,0,11200.0,9000.0,8500.0,hit1,0.0,7,1,0,0,rank1
2026-01-07,2026-01,Wednesday,3F_N,xgb_ranker_ndcg,full_2025,0.75,7,0.994856176480939,22100.0,0.5,0.994856176480939,3,0.9891796580334218,21600.0,0.5,0.9891796580334218,0.0056765184475172,1.0,1.0,Q1,160.5,1.114012351764974,0,normal,0,hit_day,7,3,0,22100.0,21600.0,20600.0,hit1,0.0,7,1,1,0,rank1
2026-01-08,2026-01,Thursday,2F_N,xgb_ranker_ndcg,full_2025,1.0,1,0.9986804319132664,54400.0,0.5,0.9986804319132664,5,0.9945841792323288,30700.0,0.5,0.9945841792323288,0.0040962526809377,1.0,1.0,Q1,160.5,-0.1450688381597167,0,normal,0,hit_day,1,5,7,54400.0,30700.0,22000.0,hit1,0.0,1,1,1,0,rank1
2026-01-08,2026-01,Thursday,3F_A,xgb_ranker_ndcg,full_2025,0.75,6,0.9775235942873444,9800.0,0.5,0.9775235942873444,9,0.782755397435142,9500.0,0.5,0.782755397435142,0.1947681968522024,1.0,1.0,Q3,160.5,-0.1450688381597167,0,normal,0,hit_day,6,9,2,9800.0,9500.0,6600.0,hit1,0.0,6,1,1,0,rank1
2026-01-08,2026-01,Thursday,3F_N,xgb_ranker_ndcg,full_2025,1.0,0,0.8047172471613623,9900.0,0.5,0.8047172471613623,8,0.060741754976657,5400.0,0.5,0.060741754976657,0.7439754921847053,1.0,1.0,Q4,160.5,-0.1450688381597167,0,normal,0,hit_day,0,8,1,9900.0,5400.0,2400.0,hit1,0.0,0,1,1,0,rank1
2026-01-09,2026-01,Friday,2F_N,xgb_ranker_ndcg,full_2025,1.0,4,0.2635365071402716,10900.0,0.5,0.2635365071402716,6,0.16302363846518,12000.0,0.5,0.16302363846518,0.1005128686750915,1.0,1.0,Q3,144.0,-0.39190587870800436,0,normal,0,hit_day,2,6,4,13600.0,12000.0,10900.0,miss1_hit2,1600.0,6,0,1,0,rank2
2026-01-09,2026-01,Friday,3F_A,xgb_ranker_ndcg,full_2025,0.75,3,0.9178841187281448,10700.0,0.5,0.9178841187281448,0,0.2232332626053823,5100.0,0.5,0.2232332626053823,0.6946508561227623,1.0,1.0,Q4,144.0,-0.39190587870800436,0,normal,0,hit_day,3,0,9,10700.0,5100.0,2900.0,hit1,0.0,3,1,1,0,rank1
2026-01-09,2026-01,Friday,3F_N,xgb_ranker_ndcg,recent_60d,0.75,2,0.9975437132264322,35600.0,0.5,0.9975437132264322,6,0.8856807768767987,9500.0,0.5,0.8856807768767987,0.1118629363496335,1.0,1.0,Q3,144.0,-0.39190587870800436,0,normal,0,hit_day,2,1,6,35600.0,11600.0,9500.0,hit1,0.0,2,1,0,0,rank1
2026-01-10,2026-01,Saturday,2F_N,xgb_ranker_ndcg,recent_60d,1.25,6,0.9951707916054732,54500.0,0.5,0.9951707916054732,2,0.8913408768761336,22300.0,0.5,0.8913408768761336,0.1038299147293395,1.0,1.0,Q3,160.5,0.511101799948491,0,normal,0,hit_day,6,3,2,54500.0,28400.0,22300.0,hit1,0.0,6,1,0,0,rank1
2026-01-10,2026-01,Saturday,3F_A,xgb_ranker_ndcg,full_2025,0.75,2,0.7799452322311298,11600.0,0.5,0.7799452322311298,1,0.7748474925539067,9900.0,0.5,0.7748474925539067,0.005097739677223,1.0,1.0,Q1,160.5,0.511101799948491,0,normal,0,hit_day,2,1,0,11600.0,9900.0,7500.0,hit1,0.0,2,1,1,0,rank1
2026-01-10,2026-01,Saturday,3F_N,xgb_ranker_ndcg,full_2025,1.0,2,0.9976540123347184,35200.0,0.5,0.9976540123347184,4,0.6030500166541135,10300.0,0.5,0.6030500166541135,0.3946039956806049,1.0,1.0,Q3,160.5,0.511101799948491,0,normal,0,hit_day,2,4,3,35200.0,10300.0,7500.0,hit1,0.0,2,1,1,0,rank1
2026-01-11,2026-01,Sunday,2F_N,xgb_ranker_ndcg,recent_60d,1.0,1,0.9919416112082384,39900.0,0.5,0.9919416112082384,6,0.991847098985108,40200.0,0.5,0.991847098985108,9.451222313028308e-05,1.0,1.0,Q1,166.5,-0.039879540233992275,0,normal,0,hit_day,3,6,1,61200.0,40200.0,39900.0,miss1_hit2,21000.0,6,0,1,0,rank2
2026-01-11,2026-01,Sunday,3F_A,xgb_ranker_ndcg,full_2025,0.75,4,0.9982134618825192,27300.0,0.5,0.9982134618825192,7,0.4018791456581806,9400.0,0.5,0.4018791456581806,0.5963343162243386,1.0,1.0,Q4,166.5,-0.039879540233992275,0,normal,0,hit_day,4,7,1,27300.0,9400.0,9200.0,hit1,0.0,4,1,1,0,rank1
2026-01-11,2026-01,Sunday,3F_N,xgb_ranker_ndcg,full_2025,1.0,2,0.0012018684220236,-21500.0,0.5,0.0012018684220236,5,0.001081228971535,-1700.0,0.5,0.001081228971535,0.0001206394504886,1.0,1.0,Q1,166.5,-0.039879540233992275,0,normal,0,hit_day,6,5,4,-300.0,-1700.0,-5600.0,miss1_hit2,1400.0,5,0,1,0,rank2
2026-01-12,2026-01,Monday,2F_N,xgb_ranker_ndcg,recent_60d,0.75,2,0.9593914249477308,34900.0,0.5,0.9593914249477308,3,0.1262342828646237,12100.0,0.5,0.1262342828646237,0.8331571420831069,1.0,1.0,Q4,166.5,-1.1977139647714377,0,normal,0,hit_day,2,3,0,34900.0,12100.0,9300.0,hit1,0.0,2,1,1,0,rank1
2026-01-12,2026-01,Monday,3F_A,xgb_ranker_ndcg,full_2025,0.75,1,0.3270236838249555,8500.0,0.5,0.3270236838249555,6,0.2715897686878001,5600.0,0.5,0.2715897686878001,0.0554339151371554,1.0,1.0,Q2,166.5,-1.1977139647714377,0,normal,0,hit_day,1,6,0,8500.0,5600.0,4700.0,hit1,0.0,1,1,1,0,rank1
2026-01-12,2026-01,Monday,3F_N,xgb_ranker_ndcg,full_2025,1.0,5,0.0523370033149315,8100.0,0.5,0.0523370033149315,4,0.0085235727995528,5800.0,0.5,0.0085235727995528,0.0438134305153787,1.0,1.0,Q2,166.5,-1.1977139647714377,0,normal,0,hit_day,5,4,9,8100.0,5800.0,-300.0,hit1,0.0,5,1,1,0,rank1
2026-01-13,2026-01,Tuesday,2F_N,xgb_ranker_ndcg,recent_60d,1.0,0,0.9171940036509656,28000.0,0.5,0.9171940036509656,3,0.5421961808724336,17400.0,0.5,0.5421961808724336,0.374997822778532,1.0,1.0,Q3,150.0,-1.7764517316235837,1,low_anomaly,0,hit_day,0,3,5,28000.0,17400.0,-400.0,hit1,0.0,0,1,1,0,rank1
2026-01-13,2026-01,Tuesday,3F_A,xgb_ranker_ndcg,recent_60d,0.75,1,0.506172428184571,6500.0,0.5,0.506172428184571,7,0.4625665117376478,4500.0,0.5,0.4625665117376478,0.0436059164469231,1.0,1.0,Q2,150.0,-1.7764517316235837,1,low_anomaly,0,hit_day,1,5,2,6500.0,5700.0,4600.0,hit1,0.0,1,1,0,0,rank1
2026-01-13,2026-01,Tuesday,3F_N,xgb_ranker_ndcg,full_2025,1.0,9,0.8989069789520259,16600.0,0.5,0.8989069789520259,5,0.1974672960153092,7700.0,0.5,0.1974672960153092,0.7014396829367167,1.0,1.0,Q4,150.0,-1.7764517316235837,1,low_anomaly,0,hit_day,9,5,7,16600.0,7700.0,1900.0,hit1,0.0,9,1,1,0,rank1
2026-01-14,2026-01,Wednesday,2F_N,xgb_ranker_ndcg,full_2025,0.75,5,0.9953399626132328,38300.0,0.5,0.9953399626132328,1,0.9941361962242824,41300.0,0.5,0.9941361962242824,0.0012037663889505,1.0,1.0,Q1,150.0,0.23429723868982233,0,normal,0,hit_day,1,5,0,41300.0,38300.0,29100.0,hit1,3000.0,5,1,1,0,rank1
2026-01-14,2026-01,Wednesday,3F_A,xgb_ranker_ndcg,full_2025,0.75,5,0.9932766733384648,11900.0,0.5,0.9932766733384648,7,0.9251558337581076,6900.0,0.5,0.9251558337581076,0.0681208395803572,1.0,1.0,Q2,150.0,0.23429723868982233,0,normal,0,hit_day,5,6,9,11900.0,7700.0,7300.0,hit1,0.0,5,1,0,0,rank1
2026-01-14,2026-01,Wednesday,3F_N,xgb_ranker_ndcg,full_2025,0.75,6,0.9920752428751524,17800.0,0.5,0.9920752428751524,2,0.8223139308124359,11900.0,0.5,0.8223139308124359,0.1697613120627163,1.0,1.0,Q3,150.0,0.23429723868982233,0,normal,0,hit_day,6,2,3,17800.0,11900.0,8600.0,hit1,0.0,6,1,1,0,rank1
2026-01-15,2026-01,Thursday,2F_N,xgb_ranker_ndcg,recent_60d,0.75,7,0.408375962723968,13100.0,0.5,0.408375962723968,9,0.2764501218886995,14200.0,0.5,0.2764501218886995,0.1319258408352685,1.0,1.0,Q3,150.0,0.09380824539869312,0,normal,0,hit_day,9,7,4,14200.0,13100.0,13000.0,hit1,1100.0,7,1,1,0,rank1
2026-01-15,2026-01,Thursday,3F_A,xgb_ranker_ndcg,recent_60d,0.75,4,0.98954895353214,9300.0,0.5,0.98954895353214,7,0.9630906879879104,9300.0,0.5,0.9630906879879104,0.0264582655442293,1.0,1.0,Q2,150.0,0.09380824539869312,0,normal,0,hit_day,4,7,0,9300.0,9300.0,8200.0,hit1,0.0,4,1,1,0,rank1
2026-01-15,2026-01,Thursday,3F_N,xgb_ranker_ndcg,full_2025,1.0,2,0.999280111742502,32000.0,0.5,0.999280111742502,7,0.9983085109291714,31800.0,0.5,0.9983085109291714,0.0009716008133306,1.0,1.0,Q1,150.0,0.09380824539869312,0,normal,0,hit_day,2,7,4,32000.0,31800.0,24000.0,hit1,0.0,2,1,1,0,rank1
2026-01-16,2026-01,Friday,2F_N,xgb_ranker_ndcg,recent_60d,0.75,2,0.9955997429725748,45600.0,0.5,0.9955997429725748,1,0.6308422586674532,18000.0,0.5,0.6308422586674532,0.3647574843051216,1.0,1.0,Q3,163.0,1.5173277622137509,1,high_anomaly,0,hit_day,2,4,8,45600.0,19800.0,18200.0,hit1,0.0,2,1,0,0,rank1
2026-01-16,2026-01,Friday,3F_A,xgb_ranker_ndcg,recent_60d,0.75,7,0.9966979183379416,15500.0,0.5,0.9966979183379416,3,0.9931335400981696,16200.0,0.5,0.9931335400981696,0.003564378239772,1.0,1.0,Q1,163.0,1.5173277622137509,1,high_anomaly,0,hit_day,8,3,7,20400.0,16200.0,15500.0,miss1_hit2,4200.0,3,0,1,0,rank2
2026-01-16,2026-01,Friday,3F_N,xgb_ranker_ndcg,recent_60d,0.75,3,0.9973825218913032,29700.0,0.5,0.9973825218913032,5,0.9964404368012764,39600.0,0.5,0.9964404368012764,0.0009420850900269,1.0,1.0,Q1,163.0,1.5173277622137509,1,high_anomaly,0,hit_day,5,3,8,39600.0,29700.0,15600.0,hit1,9900.0,3,1,1,0,rank1
2026-01-17,2026-01,Saturday,2F_N,xgb_ranker_ndcg,full_2025,1.0,9,0.9935443444330412,40500.0,0.5,0.9935443444330412,7,0.8263866984669129,27900.0,0.5,0.8263866984669129,0.1671576459661281,1.0,1.0,Q3,163.0,-0.27933935745451005,0,normal,0,hit_day,9,8,7,40500.0,29400.0,27900.0,hit1,0.0,9,1,0,0,rank1
2026-01-17,2026-01,Saturday,3F_A,xgb_ranker_ndcg,full_2025,0.75,6,0.949989827145326,15900.0,0.5,0.949989827145326,1,0.8593396927130976,15800.0,0.5,0.8593396927130976,0.0906501344322284,1.0,1.0,Q2,163.0,-0.27933935745451005,0,normal,0,hit_day,6,1,9,15900.0,15800.0,12800.0,hit1,0.0,6,1,1,0,rank1
2026-01-17,2026-01,Saturday,3F_N,xgb_ranker_ndcg,recent_60d,0.75,4,0.891533194004492,15300.0,0.5,0.891533194004492,5,0.1911221268082204,7600.0,0.5,0.1911221268082204,0.7004110671962716,1.0,1.0,Q4,163.0,-0.27933935745451005,0,normal,0,hit_day,4,5,2,15300.0,7600.0,2700.0,hit1,0.0,4,1,1,0,rank1
2026-01-18,2026-01,Sunday,2F_N,xgb_ranker_ndcg,full_2025,1.0,0,0.9194543338506348,27500.0,0.5,0.9194543338506348,3,0.624135192983415,19700.0,0.5,0.624135192983415,0.2953191408672198,1.0,1.0,Q3,163.0,-1.0485661900994268,0,normal,0,hit_day,0,3,7,27500.0,19700.0,17900.0,hit1,0.0,0,1,1,0,rank1
2026-01-18,2026-01,Sunday,3F_A,xgb_ranker_ndcg,recent_60d,1.0,7,0.8132926088081804,6800.0,0.5,0.8132926088081804,3,0.7780083454204066,8000.0,0.5,0.7780083454204066,0.0352842633877737,1.0,1.0,Q2,163.0,-1.0485661900994268,0,normal,0,hit_day,3,7,2,8000.0,6800.0,3800.0,hit1,1200.0,7,1,1,0,rank1
2026-01-18,2026-01,Sunday,3F_N,xgb_ranker_ndcg,recent_60d,0.75,0,0.9872079635106848,35700.0,0.5,0.9872079635106848,9,0.8599756137294402,9100.0,0.5,0.8599756137294402,0.1272323497812445,1.0,1.0,Q3,163.0,-1.0485661900994268,0,normal,0,hit_day,0,8,9,35700.0,13300.0,9100.0,hit1,0.0,0,1,0,0,rank1
2026-01-19,2026-01,Monday,2F_N,xgb_ranker_ndcg,full_2025,1.0,1,0.3852279912634756,13400.0,0.5,0.3852279912634756,5,0.0167554309143136,10600.0,0.5,0.0167554309143136,0.368472560349162,1.0,1.0,Q3,163.0,-0.8978860802260901,0,normal,0,hit_day,1,5,2,13400.0,10600.0,9000.0,hit1,0.0,1,1,1,0,rank1
2026-01-19,2026-01,Monday,3F_A,xgb_ranker_ndcg,recent_60d,1.0,9,0.967679686849241,8600.0,0.5,0.967679686849241,3,0.2338220025271644,4700.0,0.5,0.2338220025271644,0.7338576843220765,1.0,1.0,Q4,163.0,-0.8978860802260901,0,normal,0,hit_day,9,3,8,8600.0,4700.0,4300.0,hit1,0.0,9,1,1,0,rank1
2026-01-19,2026-01,Monday,3F_N,xgb_ranker_ndcg,recent_60d,0.75,5,0.998040440684394,16600.0,0.5,0.998040440684394,2,0.9972805398090014,24500.0,0.5,0.9972805398090014,0.0007599008753924,1.0,1.0,Q1,163.0,-0.8978860802260901,0,normal,0,hit_day,2,5,1,24500.0,16600.0,12000.0,hit1,7900.0,5,1,1,0,rank1
2026-01-20,2026-01,Tuesday,2F_N,xgb_ranker_ndcg,full_2025,1.0,3,0.9833846084120692,28400.0,0.5,0.9833846084120692,1,0.9106527699188314,24400.0,0.5,0.9106527699188314,0.0727318384932379,1.0,1.0,Q2,169.5,0.4404430134973731,0,normal,0,hit_day,3,1,8,28400.0,24400.0,17000.0,hit1,0.0,3,1,1,0,rank1
2026-01-20,2026-01,Tuesday,3F_A,xgb_ranker_ndcg,full_2025,0.75,5,0.8481023816288581,8500.0,0.5,0.8481023816288581,2,0.5524026866177137,7400.0,0.5,0.5524026866177137,0.2956996950111443,1.0,1.0,Q3,169.5,0.4404430134973731,0,normal,0,hit_day,5,2,3,8500.0,7400.0,4600.0,hit1,0.0,5,1,1,0,rank1
2026-01-20,2026-01,Tuesday,3F_N,xgb_ranker_ndcg,recent_60d,1.0,9,0.9968056271513516,22500.0,0.5,0.9968056271513516,6,0.9932008811592374,28400.0,0.5,0.9932008811592374,0.0036047459921141,1.0,1.0,Q1,169.5,0.4404430134973731,0,normal,0,hit_day,6,9,3,28400.0,22500.0,17700.0,hit1,5900.0,9,1,1,0,rank1
2026-01-21,2026-01,Wednesday,2F_N,xgb_ranker_ndcg,full_2025,0.75,3,0.9866753224803276,33300.0,0.5,0.9866753224803276,4,0.9162627228673582,40800.0,0.5,0.9162627228673582,0.0704125996129694,1.0,1.0,Q2,169.5,0.8666313857923647,0,normal,0,hit_day,4,3,2,40800.0,33300.0,30500.0,hit1,7500.0,3,1,1,0,rank1
2026-01-21,2026-01,Wednesday,3F_A,xgb_ranker_ndcg,full_2025,0.75,9,0.9874709530577944,13200.0,0.5,0.9874709530577944,0,0.8598111838172392,6200.0,0.5,0.8598111838172392,0.1276597692405551,1.0,1.0,Q3,169.5,0.8666313857923647,0,normal,0,hit_day,9,8,0,13200.0,6500.0,6200.0,hit1,0.0,9,1,0,0,rank1
2026-01-21,2026-01,Wednesday,3F_N,xgb_ranker_ndcg,full_2025,0.75,0,0.9943939603254504,25700.0,0.5,0.9943939603254504,5,0.3439471531234001,9300.0,0.5,0.3439471531234001,0.6504468072020504,1.0,1.0,Q4,169.5,0.8666313857923647,0,normal,0,hit_day,0,5,9,25700.0,9300.0,6700.0,hit1,0.0,0,1,1,0,rank1
2026-01-22,2026-01,Thursday,2F_N,xgb_ranker_ndcg,full_2025,1.0,5,0.9448888174066888,21700.0,0.5,0.9448888174066888,6,0.8827009203632321,22100.0,0.5,0.8827009203632321,0.0621878970434567,1.0,1.0,Q2,176.5,0.2273256717508132,0,normal,0,hit_day,6,5,2,22100.0,21700.0,10200.0,hit1,400.0,5,1,1,0,rank1
2026-01-22,2026-01,Thursday,3F_A,xgb_ranker_ndcg,full_2025,0.75,6,0.7620548262887421,7800.0,0.5,0.7620548262887421,4,0.3086027882500758,7800.0,0.5,0.3086027882500758,0.4534520380386663,1.0,1.0,Q4,176.5,0.2273256717508132,0,normal,0,hit_day,4,6,7,7800.0,7800.0,6600.0,hit1,0.0,6,1,1,0,rank1
2026-01-22,2026-01,Thursday,3F_N,xgb_ranker_ndcg,recent_60d,0.75,3,0.9976564217237744,39000.0,0.5,0.9976564217237744,0,0.9965562697912252,28100.0,0.5,0.9965562697912252,0.0011001519325491,1.0,1.0,Q1,176.5,0.2273256717508132,0,normal,0,hit_day,3,0,1,39000.0,28100.0,25200.0,hit1,0.0,3,1,1,0,rank1
2026-01-23,2026-01,Friday,2F_N,xgb_ranker_ndcg,full_2025,1.0,4,0.975492335188852,22300.0,0.5,0.975492335188852,2,0.7284120236185182,19200.0,0.5,0.7284120236185182,0.2470803115703339,1.0,1.0,Q3,176.5,-0.9877134487745847,0,normal,0,hit_day,4,2,9,22300.0,19200.0,10200.0,hit1,0.0,4,1,1,0,rank1
2026-01-23,2026-01,Friday,3F_A,xgb_ranker_ndcg,full_2025,0.75,5,0.9264565593031532,7500.0,0.5,0.9264565593031532,0,0.254407222738664,6300.0,0.5,0.254407222738664,0.6720493365644892,1.0,1.0,Q4,176.5,-0.9877134487745847,0,normal,0,hit_day,5,0,4,7500.0,6300.0,5400.0,hit1,0.0,5,1,1,0,rank1
2026-01-23,2026-01,Friday,3F_N,xgb_ranker_ndcg,recent_60d,0.75,0,0.8836013118967795,9400.0,0.5,0.8836013118967795,5,0.6897068483741763,10400.0,0.5,0.6897068483741763,0.1938944635226032,1.0,1.0,Q3,176.5,-0.9877134487745847,0,normal,0,hit_day,5,0,6,10400.0,9400.0,6200.0,hit1,1000.0,0,1,1,0,rank1
2026-01-24,2026-01,Saturday,2F_N,xgb_ranker_ndcg,full_2025,1.0,7,0.9159524507732696,31800.0,0.5,0.9159524507732696,6,0.87123142763076,32000.0,0.5,0.87123142763076,0.0447210231425095,1.0,1.0,Q2,176.5,0.18904907360623355,0,normal,0,hit_day,6,7,0,32000.0,31800.0,15300.0,hit1,200.0,7,1,1,0,rank1
2026-01-24,2026-01,Saturday,3F_A,xgb_ranker_ndcg,full_2025,0.75,0,0.985824062460778,17500.0,0.5,0.985824062460778,1,0.9808530246119184,16300.0,0.5,0.9808530246119184,0.0049710378488596,1.0,1.0,Q1,176.5,0.18904907360623355,0,normal,0,hit_day,0,1,5,17500.0,16300.0,13500.0,hit1,0.0,0,1,1,0,rank1
2026-01-24,2026-01,Saturday,3F_N,xgb_ranker_ndcg,recent_60d,0.75,4,0.969925092845078,22700.0,0.5,0.969925092845078,6,0.938702197250646,24800.0,0.5,0.938702197250646,0.031222895594432,1.0,1.0,Q2,176.5,0.18904907360623355,0,normal,0,hit_day,6,4,2,24800.0,22700.0,15200.0,hit1,2100.0,4,1,1,0,rank1
2026-01-25,2026-01,Sunday,2F_N,xgb_ranker_ndcg,full_2025,1.0,5,0.9039823753390276,23200.0,0.5,0.9039823753390276,6,0.2012970078863599,15300.0,0.5,0.2012970078863599,0.7026853674526676,1.0,1.0,Q4,169.5,-0.38116190113832843,0,normal,0,hit_day,5,6,7,23200.0,15300.0,12600.0,hit1,0.0,5,1,1,0,rank1
2026-01-25,2026-01,Sunday,3F_A,xgb_ranker_ndcg,full_2025,0.75,3,0.6315309763570336,9600.0,0.5,0.6315309763570336,5,0.5605927907195544,8400.0,0.5,0.5605927907195544,0.0709381856374792,1.0,1.0,Q2,169.5,-0.38116190113832843,0,normal,0,hit_day,3,5,9,9600.0,8400.0,7700.0,hit1,0.0,3,1,1,0,rank1
2026-01-25,2026-01,Sunday,3F_N,xgb_ranker_ndcg,recent_60d,0.75,4,0.9940201235481426,34200.0,0.5,0.9940201235481426,5,0.9878486522308332,19900.0,0.5,0.9878486522308332,0.0061714713173095,1.0,1.0,Q1,169.5,-0.38116190113832843,0,normal,0,hit_day,4,8,5,34200.0,21500.0,19900.0,hit1,0.0,4,1,0,0,rank1
2026-01-26,2026-01,Monday,2F_N,xgb_ranker_ndcg,full_2025,1.0,5,0.9992960007247412,28200.0,0.5,0.9992960007247412,7,0.9253145915525728,19700.0,0.5,0.9253145915525728,0.0739814091721685,1.0,1.0,Q2,175.5,0.015724170520958647,0,normal,0,hit_day,5,7,8,28200.0,19700.0,16600.0,hit1,0.0,5,1,1,0,rank1
2026-01-26,2026-01,Monday,3F_A,xgb_ranker_ndcg,full_2025,0.75,5,0.9638585950902664,8900.0,0.5,0.9638585950902664,3,0.8334067872813624,7900.0,0.5,0.8334067872813624,0.130451807808904,1.0,1.0,Q3,175.5,0.015724170520958647,0,normal,0,hit_day,5,3,2,8900.0,7900.0,5500.0,hit1,0.0,5,1,1,0,rank1
2026-01-26,2026-01,Monday,3F_N,xgb_ranker_ndcg,recent_60d,0.75,8,0.997153328576744,41200.0,0.5,0.997153328576744,0,0.9694069712884128,18000.0,0.5,0.9694069712884128,0.0277463572883311,1.0,1.0,Q2,175.5,0.015724170520958647,0,normal,0,hit_day,8,0,4,41200.0,18000.0,12200.0,hit1,0.0,8,1,1,0,rank1
2026-01-27,2026-01,Tuesday,2F_N,xgb_ranker_ndcg,recent_60d,1.25,8,0.9267760023970126,29600.0,0.5,0.9267760023970126,7,0.4514554813080431,13600.0,0.5,0.4514554813080431,0.4753205210889695,1.0,1.0,Q4,179.0,0.9488888980581913,0,normal,0,hit_day,8,7,2,29600.0,13600.0,12300.0,hit1,0.0,8,1,1,0,rank1
2026-01-27,2026-01,Tuesday,3F_A,xgb_ranker_ndcg,full_2025,0.75,7,0.9970020032741088,27800.0,0.5,0.9970020032741088,1,0.968046409710312,17100.0,0.5,0.968046409710312,0.0289555935637968,1.0,1.0,Q2,179.0,0.9488888980581913,0,normal,0,hit_day,7,1,0,27800.0,17100.0,12100.0,hit1,0.0,7,1,1,0,rank1
2026-01-27,2026-01,Tuesday,3F_N,xgb_ranker_ndcg,recent_60d,0.75,6,0.99752045630012,31400.0,0.5,0.99752045630012,3,0.9967534840688176,37900.0,0.5,0.9967534840688176,0.0007669722313025,1.0,1.0,Q1,179.0,0.9488888980581913,0,normal,0,hit_day,3,6,7,37900.0,31400.0,24800.0,hit1,6500.0,6,1,1,0,rank1
2026-01-28,2026-01,Wednesday,2F_N,xgb_ranker_ndcg,full_2025,0.75,1,0.9530126984584598,45600.0,0.5,0.9530126984584598,2,0.0054082362008505,3000.0,0.5,0.0054082362008505,0.9476044622576092,1.0,1.0,Q4,172.0,-1.212638040688185,0,normal,0,hit_day,1,9,5,45600.0,15300.0,15000.0,hit1,0.0,1,1,0,0,rank1
2026-01-28,2026-01,Wednesday,3F_A,xgb_ranker_ndcg,full_2025,0.75,6,0.9829855418938048,19400.0,0.5,0.9829855418938048,7,0.0267840006412832,4700.0,0.5,0.0267840006412832,0.9562015412525214,1.0,1.0,Q4,172.0,-1.212638040688185,0,normal,0,hit_day,6,7,8,19400.0,4700.0,4100.0,hit1,0.0,6,1,1,0,rank1
2026-01-28,2026-01,Wednesday,3F_N,xgb_ranker_ndcg,full_2025,0.75,5,0.9001580997765272,13400.0,0.5,0.9001580997765272,4,0.0052817247060616,-26400.0,0.5,0.0052817247060616,0.8948763750704655,1.0,1.0,Q4,172.0,-1.212638040688185,0,normal,0,hit_day,5,2,3,13400.0,4200.0,2500.0,hit1,0.0,5,1,0,0,rank1
2026-01-29,2026-01,Thursday,2F_N,xgb_ranker_ndcg,full_2025,1.0,6,0.7618982053135553,23900.0,0.5,0.7618982053135553,9,0.0085346132374888,8900.0,0.5,0.0085346132374888,0.7533635920760665,1.0,1.0,Q4,163.0,-1.042480559659666,0,normal,0,hit_day,6,9,4,23900.0,8900.0,-1700.0,hit1,0.0,6,1,1,0,rank1
2026-01-29,2026-01,Thursday,3F_A,xgb_ranker_ndcg,full_2025,0.75,0,0.9793229573421872,10200.0,0.5,0.9793229573421872,1,0.8113163084637351,8500.0,0.5,0.8113163084637351,0.168006648878452,1.0,1.0,Q3,163.0,-1.042480559659666,0,normal,0,hit_day,0,1,8,10200.0,8500.0,6800.0,hit1,0.0,0,1,1,0,rank1
2026-01-29,2026-01,Thursday,3F_N,xgb_ranker_ndcg,recent_60d,1.25,0,0.9793146807731528,19300.0,0.5,0.9793146807731528,4,0.8073990712720638,7700.0,0.5,0.8073990712720638,0.171915609501089,1.0,1.0,Q3,163.0,-1.042480559659666,0,normal,0,hit_day,0,2,4,19300.0,8800.0,7700.0,hit1,0.0,0,1,0,0,rank1
2026-01-30,2026-01,Friday,2F_N,xgb_ranker_ndcg,full_2025,1.0,6,0.9993565416465306,43800.0,0.5,0.9993565416465306,3,0.9756186907311653,40700.0,0.5,0.9756186907311653,0.0237378509153655,1.0,1.0,Q2,163.0,0.3893769742163311,0,normal,0,hit_day,6,3,7,43800.0,40700.0,25300.0,hit1,0.0,6,1,1,0,rank1
2026-01-30,2026-01,Friday,3F_A,xgb_ranker_ndcg,full_2025,0.75,9,0.973056816037956,17000.0,0.5,0.973056816037956,1,0.8040812890843413,11100.0,0.5,0.8040812890843413,0.1689755269536148,1.0,1.0,Q3,163.0,0.3893769742163311,0,normal,0,hit_day,9,1,5,17000.0,11100.0,6100.0,hit1,0.0,9,1,1,0,rank1
2026-01-30,2026-01,Friday,3F_N,xgb_ranker_ndcg,recent_60d,0.75,3,0.989451118651128,23300.0,0.5,0.989451118651128,8,0.73286420771752,10500.0,0.5,0.73286420771752,0.2565869109336079,1.0,1.0,Q3,163.0,0.3893769742163311,0,normal,0,hit_day,3,8,9,23300.0,10500.0,10200.0,hit1,0.0,3,1,1,0,rank1
2026-01-31,2026-01,Saturday,2F_N,xgb_ranker_ndcg,full_2025,1.0,7,0.4262127889323226,24800.0,0.5,0.4262127889323226,1,0.0011308106968926,-3400.0,0.5,0.0011308106968926,0.4250819782354299,1.0,1.0,Q4,163.0,-2.6788118651726456,1,low_anomaly,0,hit_day,7,9,3,24800.0,-2700.0,-2800.0,hit1,0.0,7,1,0,0,rank1
2026-01-31,2026-01,Saturday,3F_A,xgb_ranker_ndcg,full_2025,0.75,4,0.0629569794552432,6300.0,0.5,0.0629569794552432,9,0.0591925629744815,5200.0,0.5,0.0591925629744815,0.0037644164807617,1.0,1.0,Q1,163.0,-2.6788118651726456,1,low_anomaly,0,hit_day,1,4,9,7300.0,6300.0,5200.0,hit1,1000.0,4,1,0,0,rank1
2026-01-31,2026-01,Saturday,3F_N,xgb_ranker_ndcg,recent_60d,0.75,0,0.0381027825265269,2100.0,0.5,0.0381027825265269,8,0.0020928672036569,-5100.0,0.5,0.0020928672036569,0.0360099153228699,1.0,1.0,Q2,163.0,-2.6788118651726456,1,low_anomaly,0,hit_day,0,8,5,2100.0,-5100.0,-8400.0,hit1,0.0,0,1,1,0,rank1
2026-02-01,2026-02,Sunday,2F_N,xgb_ranker_ndcg,full_2025,1.0,7,0.9942015542638716,38200.0,0.5,0.9942015542638716,6,0.5877578903896181,21300.0,0.5,0.5877578903896181,0.4064436638742534,1.0,1.0,Q3,163.0,-0.6622266588647253,0,normal,0,hit_day,7,6,9,38200.0,21300.0,12300.0,hit1,0.0,7,1,1,0,rank1
2026-02-01,2026-02,Sunday,3F_A,xgb_ranker_ndcg,full_2025,0.75,4,0.4368587019632179,9800.0,0.5,0.4368587019632179,3,0.3783350152433392,7700.0,0.5,0.3783350152433392,0.0585236867198786,1.0,1.0,Q2,163.0,-0.6622266588647253,0,normal,0,hit_day,4,0,3,9800.0,8500.0,7700.0,hit1,0.0,4,1,0,0,rank1
2026-02-01,2026-02,Sunday,3F_N,xgb_ranker_ndcg,recent_60d,1.25,4,0.9143272767577652,16600.0,0.5,0.9143272767577652,6,0.519417735507066,11100.0,0.5,0.519417735507066,0.3949095412506992,1.0,1.0,Q3,163.0,-0.6622266588647253,0,normal,0,hit_day,4,6,0,16600.0,11100.0,1000.0,hit1,0.0,4,1,1,0,rank1
2026-02-02,2026-02,Monday,2F_N,xgb_ranker_ndcg,recent_60d,1.25,7,0.9856669379609594,66400.0,0.5,0.9856669379609594,5,0.9016916704847012,21000.0,0.5,0.9016916704847012,0.083975267476258,1.0,1.0,Q2,148.0,-0.2731039307428898,0,normal,0,hit_day,7,5,1,66400.0,21000.0,20300.0,hit1,0.0,7,1,1,0,rank1
2026-02-02,2026-02,Monday,3F_A,xgb_ranker_ndcg,full_2025,0.75,2,0.781620087484935,12000.0,0.5,0.781620087484935,5,0.5065457997104316,8900.0,0.5,0.5065457997104316,0.2750742877745035,1.0,1.0,Q3,148.0,-0.2731039307428898,0,normal,0,hit_day,2,5,3,12000.0,8900.0,5300.0,hit1,0.0,2,1,1,0,rank1
2026-02-02,2026-02,Monday,3F_N,xgb_ranker_ndcg,full_2025,1.0,0,0.5681514987313391,13500.0,0.5,0.5681514987313391,7,0.4885881723230857,9700.0,0.5,0.4885881723230857,0.0795633264082533,1.0,1.0,Q2,148.0,-0.2731039307428898,0,normal,0,hit_day,0,7,4,13500.0,9700.0,5300.0,hit1,0.0,0,1,1,0,rank1
2026-02-03,2026-02,Tuesday,2F_N,xgb_ranker_ndcg,recent_60d,0.75,4,0.7841219195327112,25100.0,0.5,0.7841219195327112,9,0.5152223773780858,16400.0,0.5,0.5152223773780858,0.2688995421546253,1.0,1.0,Q3,125.5,-1.0103213542603233,0,normal,0,hit_day,4,9,3,25100.0,16400.0,10500.0,hit1,0.0,4,1,1,0,rank1
2026-02-03,2026-02,Tuesday,3F_A,xgb_ranker_ndcg,full_2025,0.75,0,0.0148253794283807,4400.0,0.5,0.0148253794283807,1,0.0036889200371418,3900.0,0.5,0.0036889200371418,0.0111364593912388,1.0,1.0,Q1,125.5,-1.0103213542603233,0,normal,0,hit_day,0,1,8,4400.0,3900.0,2800.0,hit1,0.0,0,1,1,0,rank1
2026-02-03,2026-02,Tuesday,3F_N,xgb_ranker_ndcg,full_2025,1.0,9,0.9913162308265864,21800.0,0.5,0.9913162308265864,1,0.0088575510286675,800.0,0.5,0.0088575510286675,0.9824586797979188,1.0,1.0,Q4,125.5,-1.0103213542603233,0,normal,0,hit_day,9,1,0,21800.0,800.0,-500.0,hit1,0.0,9,1,1,0,rank1
2026-02-04,2026-02,Wednesday,2F_N,xgb_ranker_ndcg,full_2025,0.75,9,0.9945997732102442,34800.0,0.5,0.9945997732102442,8,0.5453140082750766,29000.0,0.5,0.5453140082750766,0.4492857649351676,1.0,1.0,Q4,110.5,-0.19497286285670334,0,normal,0,hit_day,9,8,1,34800.0,29000.0,11300.0,hit1,0.0,9,1,1,0,rank1
2026-02-04,2026-02,Wednesday,3F_A,xgb_ranker_ndcg,full_2025,0.75,0,0.9928149080875418,21000.0,0.5,0.9928149080875418,4,0.9898196808181968,20100.0,0.5,0.9898196808181968,0.0029952272693449,1.0,1.0,Q1,110.5,-0.19497286285670334,0,normal,0,hit_day,0,4,9,21000.0,20100.0,3300.0,hit1,0.0,0,1,1,0,rank1
2026-02-04,2026-02,Wednesday,3F_N,xgb_ranker_ndcg,full_2025,0.75,9,0.981734280913772,17700.0,0.5,0.981734280913772,3,0.9418357093740092,12700.0,0.5,0.9418357093740092,0.0398985715397628,1.0,1.0,Q2,110.5,-0.19497286285670334,0,normal,0,hit_day,9,8,3,17700.0,14400.0,12700.0,hit1,0.0,9,1,0,0,rank1
2026-02-05,2026-02,Thursday,2F_N,xgb_ranker_ndcg,full_2025,1.0,1,0.822823967816007,22100.0,0.5,0.822823967816007,4,0.0357969438800152,8900.0,0.5,0.0357969438800152,0.7870270239359918,1.0,1.0,Q4,110.5,0.067154455587515,0,normal,0,hit_day,1,4,9,22100.0,8900.0,5300.0,hit1,0.0,1,1,1,0,rank1
2026-02-05,2026-02,Thursday,3F_A,xgb_ranker_ndcg,full_2025,0.75,2,0.9967334263906654,17700.0,0.5,0.9967334263906654,1,0.6815769061799465,7600.0,0.5,0.6815769061799465,0.3151565202107189,1.0,1.0,Q3,110.5,0.067154455587515,0,normal,0,hit_day,2,1,8,17700.0,7600.0,4100.0,hit1,0.0,2,1,1,0,rank1
2026-02-05,2026-02,Thursday,3F_N,xgb_ranker_ndcg,full_2025,1.0,8,0.9943862063972744,21000.0,0.5,0.9943862063972744,7,0.9830610364517098,19900.0,0.5,0.9830610364517098,0.0113251699455645,1.0,1.0,Q1,110.5,0.067154455587515,0,normal,0,hit_day,8,7,2,21000.0,19900.0,17700.0,hit1,0.0,8,1,1,0,rank1
2026-02-06,2026-02,Friday,2F_N,xgb_ranker_ndcg,full_2025,1.0,1,0.999324845014554,37200.0,0.5,0.999324845014554,5,0.9613815098125638,26400.0,0.5,0.9613815098125638,0.0379433352019902,1.0,1.0,Q2,110.5,-0.4812832147715498,0,normal,0,hit_day,1,5,0,37200.0,26400.0,5300.0,hit1,0.0,1,1,1,0,rank1
2026-02-06,2026-02,Friday,3F_A,xgb_ranker_ndcg,full_2025,0.75,5,0.655286269257856,6500.0,0.5,0.655286269257856,8,0.1048718519388925,4300.0,0.5,0.1048718519388925,0.5504144173189636,1.0,1.0,Q4,110.5,-0.4812832147715498,0,normal,0,hit_day,5,8,6,6500.0,4300.0,2900.0,hit1,0.0,5,1,1,0,rank1
2026-02-06,2026-02,Friday,3F_N,xgb_ranker_ndcg,full_2025,1.0,2,0.9491505197003492,16700.0,0.5,0.9491505197003492,0,0.6000112194605742,10800.0,0.5,0.6000112194605742,0.3491393002397749,1.0,1.0,Q3,110.5,-0.4812832147715498,0,normal,0,hit_day,2,0,8,16700.0,10800.0,8600.0,hit1,0.0,2,1,1,0,rank1
2026-02-07,2026-02,Saturday,2F_N,xgb_ranker_ndcg,recent_60d,0.75,6,0.9923901127601994,56900.0,0.5,0.9923901127601994,4,0.7310031325023352,30900.0,0.5,0.7310031325023352,0.2613869802578642,1.0,1.0,Q3,110.5,0.6572059925144582,0,normal,0,hit_day,6,4,8,56900.0,30900.0,20800.0,hit1,0.0,6,1,1,0,rank1
2026-02-07,2026-02,Saturday,3F_A,xgb_ranker_ndcg,full_2025,0.75,8,0.9342680562105852,12800.0,0.5,0.9342680562105852,2,0.9322160214781848,15200.0,0.5,0.9322160214781848,0.0020520347324005,1.0,1.0,Q1,110.5,0.6572059925144582,0,normal,0,hit_day,2,8,1,15200.0,12800.0,5900.0,hit1,2400.0,8,1,1,0,rank1
2026-02-07,2026-02,Saturday,3F_N,xgb_ranker_ndcg,full_2025,1.0,7,0.9977797062064402,28000.0,0.5,0.9977797062064402,1,0.9882368667414232,28700.0,0.5,0.9882368667414232,0.0095428394650168,1.0,1.0,Q1,110.5,0.6572059925144582,0,normal,0,hit_day,1,7,4,28700.0,28000.0,23500.0,hit1,700.0,7,1,1,0,rank1
2026-02-08,2026-02,Sunday,2F_N,xgb_ranker_ndcg,recent_60d,1.0,0,0.9960266169420816,34300.0,0.5,0.9960266169420816,2,0.9736330143404972,49300.0,0.5,0.9736330143404972,0.0223936026015842,1.0,1.0,Q2,110.5,0.6403926092071283,0,normal,0,hit_day,2,0,6,49300.0,34300.0,26700.0,hit1,15000.0,0,1,1,0,rank1
2026-02-08,2026-02,Sunday,3F_A,xgb_ranker_ndcg,recent_60d,1.25,4,0.980022159297304,14200.0,0.5,0.980022159297304,1,0.9739021636192848,12300.0,0.5,0.9739021636192848,0.0061199956780191,1.0,1.0,Q1,110.5,0.6403926092071283,0,normal,0,hit_day,4,1,7,14200.0,12300.0,11300.0,hit1,0.0,4,1,1,0,rank1
2026-02-08,2026-02,Sunday,3F_N,xgb_ranker_ndcg,recent_60d,1.25,6,0.6288301639638033,18500.0,0.5,0.6288301639638033,1,0.3896512679644723,7800.0,0.5,0.3896512679644723,0.2391788959993309,1.0,1.0,Q3,110.5,0.6403926092071283,0,normal,0,hit_day,6,7,8,18500.0,12700.0,9200.0,hit1,0.0,6,1,0,0,rank1
2026-02-09,2026-02,Monday,2F_N,xgb_ranker_ndcg,recent_60d,0.75,9,0.9790398888806358,45400.0,0.5,0.9790398888806358,8,0.8683167369704653,24800.0,0.5,0.8683167369704653,0.1107231519101704,1.0,1.0,Q3,118.0,0.20681188246974375,0,normal,0,hit_day,9,8,5,45400.0,24800.0,19600.0,hit1,0.0,9,1,1,0,rank1
2026-02-09,2026-02,Monday,3F_A,xgb_ranker_ndcg,full_2025,0.75,6,0.9054348393643809,7300.0,0.5,0.9054348393643809,7,0.8782389393789741,8100.0,0.5,0.8782389393789741,0.0271958999854067,1.0,1.0,Q2,118.0,0.20681188246974375,0,normal,0,hit_day,7,6,1,8100.0,7300.0,5000.0,hit1,800.0,6,1,1,0,rank1
2026-02-09,2026-02,Monday,3F_N,xgb_ranker_ndcg,recent_60d,1.0,8,0.9971316810486056,27000.0,0.5,0.9971316810486056,4,0.9064755640160796,13300.0,0.5,0.9064755640160796,0.0906561170325259,1.0,1.0,Q2,118.0,0.20681188246974375,0,normal,0,hit_day,8,4,2,27000.0,13300.0,11900.0,hit1,0.0,8,1,1,0,rank1
2026-02-10,2026-02,Tuesday,2F_N,xgb_ranker_ndcg,recent_60d,0.75,7,0.9946871043958548,37500.0,0.5,0.9946871043958548,8,0.986629040543813,45000.0,0.5,0.986629040543813,0.0080580638520417,1.0,1.0,Q1,135.5,1.18300288978789,0,normal,0,hit_day,8,7,9,45000.0,37500.0,33800.0,hit1,7500.0,7,1,1,0,rank1
2026-02-10,2026-02,Tuesday,3F_A,xgb_ranker_ndcg,full_2025,0.75,6,0.8776144453163462,9400.0,0.5,0.8776144453163462,5,0.4617342729821777,6600.0,0.5,0.4617342729821777,0.4158801723341685,1.0,1.0,Q4,135.5,1.18300288978789,0,normal,0,hit_day,6,5,2,9400.0,6600.0,5000.0,hit1,0.0,6,1,1,0,rank1
2026-02-10,2026-02,Tuesday,3F_N,xgb_ranker_ndcg,full_2025,1.0,6,0.9940444159913896,25600.0,0.5,0.9940444159913896,9,0.9934179777156515,21300.0,0.5,0.9934179777156515,0.000626438275738,1.0,1.0,Q1,135.5,1.18300288978789,0,normal,0,hit_day,6,9,1,25600.0,21300.0,10600.0,hit1,0.0,6,1,1,0,rank1
2026-02-11,2026-02,Wednesday,2F_N,xgb_ranker_ndcg,full_2025,0.75,1,0.1621202617647088,27700.0,0.5,0.1621202617647088,9,0.003794062763481,3000.0,0.5,0.003794062763481,0.1583261990012277,1.0,1.0,Q3,118.0,-0.47230317821393075,0,normal,0,hit_day,1,4,7,27700.0,9500.0,7800.0,hit1,0.0,1,1,0,0,rank1
2026-02-11,2026-02,Wednesday,3F_A,xgb_ranker_ndcg,full_2025,0.75,2,0.0532463365141949,9200.0,0.5,0.0532463365141949,7,0.035400560104294,5400.0,0.5,0.035400560104294,0.0178457764099008,1.0,1.0,Q1,118.0,-0.47230317821393075,0,normal,0,hit_day,2,7,9,9200.0,5400.0,2000.0,hit1,0.0,2,1,1,0,rank1
2026-02-11,2026-02,Wednesday,3F_N,xgb_ranker_ndcg,full_2025,0.75,1,0.9891485015172938,39300.0,0.5,0.9891485015172938,8,0.9833473879054028,22800.0,0.5,0.9833473879054028,0.0058011136118911,1.0,1.0,Q1,118.0,-0.47230317821393075,0,normal,0,hit_day,1,8,0,39300.0,22800.0,9700.0,hit1,0.0,1,1,1,0,rank1
2026-02-12,2026-02,Thursday,2F_N,xgb_ranker_ndcg,recent_60d,0.75,4,0.9651576903536884,26900.0,0.5,0.9651576903536884,9,0.9117879626124404,14800.0,0.5,0.9117879626124404,0.0533697277412478,1.0,1.0,Q2,118.0,0.6679618363020176,0,normal,0,hit_day,4,0,2,26900.0,26400.0,18900.0,hit1,0.0,4,1,0,0,rank1
2026-02-12,2026-02,Thursday,3F_A,xgb_ranker_ndcg,full_2025,0.75,1,0.9974593433312064,20300.0,0.5,0.9974593433312064,0,0.97903651276449,10600.0,0.5,0.97903651276449,0.0184228305667165,1.0,1.0,Q1,118.0,0.6679618363020176,0,normal,0,hit_day,1,0,2,20300.0,10600.0,6300.0,hit1,0.0,1,1,1,0,rank1
2026-02-12,2026-02,Thursday,3F_N,xgb_ranker_ndcg,recent_60d,0.75,1,0.9924219698301744,18200.0,0.5,0.9924219698301744,6,0.9767466412203988,23600.0,0.5,0.9767466412203988,0.0156753286097756,1.0,1.0,Q1,118.0,0.6679618363020176,0,normal,0,hit_day,6,1,2,23600.0,18200.0,6600.0,hit1,5400.0,1,1,1,0,rank1
2026-02-13,2026-02,Friday,2F_N,xgb_ranker_ndcg,recent_60d,0.75,7,0.7812499174529524,15700.0,0.5,0.7812499174529524,8,0.7561004011992665,22900.0,0.5,0.7561004011992665,0.0251495162536858,1.0,1.0,Q2,110.5,-0.2912521962436345,0,normal,0,hit_day,8,4,7,22900.0,17600.0,15700.0,miss1_hit2,0.0,8,0,1,0,rank2
2026-02-13,2026-02,Friday,3F_A,xgb_ranker_ndcg,recent_60d,1.25,4,0.9543571677627956,7700.0,0.5,0.9543571677627956,5,0.5780598526893037,5900.0,0.5,0.5780598526893037,0.3762973150734918,1.0,1.0,Q3,110.5,-0.2912521962436345,0,normal,0,hit_day,4,1,5,7700.0,6700.0,5900.0,hit1,0.0,4,1,0,0,rank1
2026-02-13,2026-02,Friday,3F_N,xgb_ranker_ndcg,recent_60d,0.75,2,0.275202277061254,11600.0,0.5,0.275202277061254,3,0.2219423894921554,11500.0,0.5,0.2219423894921554,0.0532598875690986,1.0,1.0,Q2,110.5,-0.2912521962436345,0,normal,0,hit_day,2,3,5,11600.0,11500.0,200.0,hit1,0.0,2,1,1,0,rank1
2026-02-14,2026-02,Saturday,2F_N,xgb_ranker_ndcg,recent_60d,0.75,6,0.8615857701156288,26600.0,0.5,0.8615857701156288,9,0.0146076991522252,-9300.0,0.5,0.0146076991522252,0.8469780709634035,1.0,1.0,Q4,113.5,0.15454644802229311,0,normal,0,hit_day,6,7,5,26600.0,9900.0,1900.0,hit1,0.0,6,1,0,0,rank1
2026-02-14,2026-02,Saturday,3F_A,xgb_ranker_ndcg,full_2025,0.75,6,0.9784323392523288,20200.0,0.5,0.9784323392523288,5,0.9442198200785008,14500.0,0.5,0.9442198200785008,0.0342125191738279,1.0,1.0,Q2,113.5,0.15454644802229311,0,normal,0,hit_day,6,2,5,20200.0,15100.0,14500.0,hit1,0.0,6,1,0,0,rank1
2026-02-14,2026-02,Saturday,3F_N,xgb_ranker_ndcg,full_2025,1.0,6,0.3782897213316462,6100.0,0.5,0.3782897213316462,7,0.3300118698609129,9300.0,0.5,0.3300118698609129,0.0482778514707333,1.0,1.0,Q2,113.5,0.15454644802229311,0,normal,0,hit_day,7,0,5,9300.0,6500.0,6500.0,miss1_hit2,0.0,7,0,1,0,rank2
2026-02-15,2026-02,Sunday,2F_N,xgb_ranker_ndcg,full_2025,1.0,2,0.0133510582935332,8400.0,0.5,0.0133510582935332,6,0.003625946706281,9900.0,0.5,0.003625946706281,0.0097251115872521,1.0,1.0,Q1,113.5,-1.0191695041179247,0,normal,0,hit_day,6,2,5,9900.0,8400.0,1300.0,hit1,1500.0,2,1,1,0,rank1
2026-02-15,2026-02,Sunday,3F_A,xgb_ranker_ndcg,full_2025,0.75,8,0.9579539883353232,13000.0,0.5,0.9579539883353232,5,0.9316496970104662,14000.0,0.5,0.9316496970104662,0.026304291324857,1.0,1.0,Q2,113.5,-1.0191695041179247,0,normal,0,hit_day,5,8,0,14000.0,13000.0,9900.0,hit1,1000.0,8,1,1,0,rank1
2026-02-15,2026-02,Sunday,3F_N,xgb_ranker_ndcg,recent_60d,0.75,9,0.7858003246459652,18100.0,0.5,0.7858003246459652,4,0.1762257804969398,5200.0,0.5,0.1762257804969398,0.6095745441490252,1.0,1.0,Q4,113.5,-1.0191695041179247,0,normal,0,hit_day,9,4,8,18100.0,5200.0,3300.0,hit1,0.0,9,1,1,0,rank1
2026-02-16,2026-02,Monday,2F_N,xgb_ranker_ndcg,recent_60d,0.75,8,0.7745972670763756,13600.0,0.5,0.7745972670763756,2,0.6064018410265762,19400.0,0.5,0.6064018410265762,0.1681954260497993,1.0,1.0,Q3,113.5,-0.5988569548476822,0,normal,0,hit_day,2,8,0,19400.0,13600.0,8800.0,hit1,5800.0,8,1,1,0,rank1
2026-02-16,2026-02,Monday,3F_A,xgb_ranker_ndcg,full_2025,0.75,4,0.8449441134123347,7600.0,0.5,0.8449441134123347,1,0.8101339843780725,6800.0,0.5,0.8101339843780725,0.0348101290342621,1.0,1.0,Q2,113.5,-0.5988569548476822,0,normal,0,hit_day,4,8,1,7600.0,7300.0,6800.0,hit1,0.0,4,1,0,0,rank1
2026-02-16,2026-02,Monday,3F_N,xgb_ranker_ndcg,full_2025,1.0,0,0.9870253457940038,19300.0,0.5,0.9870253457940038,8,0.0040459267734803,1700.0,0.5,0.0040459267734803,0.9829794190205234,1.0,1.0,Q4,113.5,-0.5988569548476822,0,normal,0,hit_day,0,8,4,19300.0,1700.0,1500.0,hit1,0.0,0,1,1,0,rank1
2026-02-17,2026-02,Tuesday,2F_N,xgb_ranker_ndcg,full_2025,1.0,2,0.9588834567026546,32400.0,0.5,0.9588834567026546,0,0.5140540673964988,17900.0,0.5,0.5140540673964988,0.4448293893061558,1.0,1.0,Q4,105.0,-0.4575655670757609,0,normal,0,hit_day,2,0,9,32400.0,17900.0,12500.0,hit1,0.0,2,1,1,0,rank1
2026-02-17,2026-02,Tuesday,3F_A,xgb_ranker_ndcg,recent_60d,1.25,3,0.7213360179535843,8100.0,0.5,0.7213360179535843,5,0.4265873779702993,7000.0,0.5,0.4265873779702993,0.2947486399832849,1.0,1.0,Q3,105.0,-0.4575655670757609,0,normal,0,hit_day,1,3,5,8600.0,8100.0,7000.0,hit1,500.0,3,1,0,0,rank1
2026-02-17,2026-02,Tuesday,3F_N,xgb_ranker_ndcg,full_2025,1.0,0,0.8488487621699752,19100.0,0.5,0.8488487621699752,4,0.6687385301313927,13600.0,0.5,0.6687385301313927,0.1801102320385824,1.0,1.0,Q3,105.0,-0.4575655670757609,0,normal,0,hit_day,0,1,4,19100.0,13900.0,13600.0,hit1,0.0,0,1,0,0,rank1
2026-02-18,2026-02,Wednesday,2F_N,xgb_ranker_ndcg,full_2025,0.75,8,0.9830265489943828,71500.0,0.5,0.9830265489943828,0,0.2588956550200001,24200.0,0.5,0.2588956550200001,0.7241308939743827,1.0,1.0,Q4,105.0,0.053256815647889845,0,normal,0,hit_day,8,0,3,71500.0,24200.0,18500.0,hit1,0.0,8,1,1,0,rank1
2026-02-18,2026-02,Wednesday,3F_A,xgb_ranker_ndcg,full_2025,0.75,8,0.9934258052401448,26400.0,0.5,0.9934258052401448,0,0.9788885590881004,13600.0,0.5,0.9788885590881004,0.0145372461520444,1.0,1.0,Q1,105.0,0.053256815647889845,0,normal,0,hit_day,8,0,5,26400.0,13600.0,3400.0,hit1,0.0,8,1,1,0,rank1
2026-02-18,2026-02,Wednesday,3F_N,xgb_ranker_ndcg,full_2025,0.75,7,0.70837872910757,9100.0,0.5,0.70837872910757,8,0.6086070025522395,14300.0,0.5,0.6086070025522395,0.0997717265553305,1.0,1.0,Q3,105.0,0.053256815647889845,0,normal,0,hit_day,8,0,7,14300.0,12100.0,9100.0,miss1_hit2,0.0,8,0,1,0,rank2
2026-02-19,2026-02,Thursday,2F_N,xgb_ranker_ndcg,full_2025,1.0,8,0.9985955155027596,21900.0,0.5,0.9985955155027596,5,0.9167477724245184,22000.0,0.5,0.9167477724245184,0.0818477430782412,1.0,1.0,Q2,105.0,0.91796223610758,0,normal,0,hit_day,1,5,8,23200.0,22000.0,21900.0,miss1_hit2,1200.0,5,0,1,0,rank2
2026-02-19,2026-02,Thursday,3F_A,xgb_ranker_ndcg,recent_60d,1.0,2,0.9953142406407314,7600.0,0.5,0.9953142406407314,4,0.9763526152424268,10900.0,0.5,0.9763526152424268,0.0189616253983044,1.0,1.0,Q2,105.0,0.91796223610758,0,normal,0,hit_day,4,3,2,10900.0,7900.0,7600.0,miss1_hit2,0.0,4,0,1,0,rank2
2026-02-19,2026-02,Thursday,3F_N,xgb_ranker_ndcg,full_2025,1.0,4,0.9397308153049412,15900.0,0.5,0.9397308153049412,5,0.9130925370750326,18500.0,0.5,0.9130925370750326,0.0266382782299087,1.0,1.0,Q2,105.0,0.91796223610758,0,normal,0,hit_day,5,4,2,18500.0,15900.0,14500.0,hit1,2600.0,4,1,1,0,rank1
2026-02-20,2026-02,Friday,2F_N,xgb_ranker_ndcg,full_2025,1.0,4,0.5502325072407813,21400.0,0.5,0.5502325072407813,9,0.3531834326440029,14800.0,0.5,0.3531834326440029,0.1970490745967784,1.0,1.0,Q3,105.0,-0.8173276178994662,0,normal,0,hit_day,4,9,6,21400.0,14800.0,7900.0,hit1,0.0,4,1,1,0,rank1
2026-02-20,2026-02,Friday,3F_A,xgb_ranker_ndcg,recent_60d,1.0,7,0.5066426152697042,4600.0,0.5,0.5066426152697042,1,0.0062249727833067,3000.0,0.5,0.0062249727833067,0.5004176424863975,1.0,1.0,Q4,105.0,-0.8173276178994662,0,normal,0,hit_day,7,1,6,4600.0,3000.0,900.0,hit1,0.0,7,1,1,0,rank1
2026-02-20,2026-02,Friday,3F_N,xgb_ranker_ndcg,full_2025,1.0,5,0.9555633849135629,18500.0,0.5,0.9555633849135629,4,0.9186565491885208,15700.0,0.5,0.9186565491885208,0.0369068357250419,1.0,1.0,Q2,105.0,-0.8173276178994662,0,normal,0,hit_day,5,4,7,18500.0,15700.0,11000.0,hit1,0.0,5,1,1,0,rank1
2026-02-21,2026-02,Saturday,2F_N,xgb_ranker_ndcg,full_2025,1.0,0,0.5389863012869438,24000.0,0.5,0.5389863012869438,1,0.1090512574797152,13900.0,0.5,0.1090512574797152,0.4299350438072285,1.0,1.0,Q4,92.0,-2.0108387339189595,1,low_anomaly,0,hit_day,0,1,3,24000.0,13900.0,6900.0,hit1,0.0,0,1,1,0,rank1
2026-02-21,2026-02,Saturday,3F_A,xgb_ranker_ndcg,recent_60d,1.0,9,0.5133972791037938,7500.0,0.5,0.5133972791037938,7,0.0537958447821051,7000.0,0.5,0.0537958447821051,0.4596014343216886,1.0,1.0,Q4,92.0,-2.0108387339189595,1,low_anomaly,0,hit_day,9,7,6,7500.0,7000.0,3400.0,hit1,0.0,9,1,1,0,rank1
2026-02-21,2026-02,Saturday,3F_N,xgb_ranker_ndcg,full_2025,1.0,8,0.1638353590639794,9200.0,0.5,0.1638353590639794,6,0.0858270195640515,5100.0,0.5,0.0858270195640515,0.0780083394999279,1.0,1.0,Q2,92.0,-2.0108387339189595,1,low_anomaly,0,hit_day,8,6,0,9200.0,5100.0,4800.0,hit1,0.0,8,1,1,0,rank1
2026-02-22,2026-02,Sunday,2F_N,xgb_ranker_ndcg,full_2025,1.0,6,0.9991548689605472,52400.0,0.5,0.9991548689605472,3,0.995750593496535,42900.0,0.5,0.995750593496535,0.0034042754640121,1.0,1.0,Q1,92.0,3.1684137649578146,1,high_anomaly,0,hit_day,6,7,3,52400.0,49200.0,42900.0,hit1,0.0,6,1,0,0,rank1
2026-02-22,2026-02,Sunday,3F_A,xgb_ranker_ndcg,full_2025,0.75,5,0.9972886619999576,22100.0,0.5,0.9972886619999576,3,0.9233241989545672,13800.0,0.5,0.9233241989545672,0.0739644630453904,1.0,1.0,Q2,92.0,3.1684137649578146,1,high_anomaly,0,hit_day,5,3,4,22100.0,13800.0,12100.0,hit1,0.0,5,1,1,0,rank1
2026-02-22,2026-02,Sunday,3F_N,xgb_ranker_ndcg,full_2025,1.0,7,0.9904774378729392,40600.0,0.5,0.9904774378729392,5,0.9883233617542364,35100.0,0.5,0.9883233617542364,0.0021540761187026,1.0,1.0,Q1,92.0,3.1684137649578146,1,high_anomaly,0,hit_day,7,5,3,40600.0,35100.0,29600.0,hit1,0.0,7,1,1,0,rank1
2026-02-23,2026-02,Monday,2F_N,xgb_ranker_ndcg,full_2025,1.0,1,0.0249017325874805,7500.0,0.5,0.0249017325874805,9,0.0045218117290348,9700.0,0.5,0.0045218117290348,0.0203799208584457,1.0,1.0,Q2,75.0,-1.3888856429984056,0,normal,0,hit_day,9,1,8,9700.0,7500.0,400.0,hit1,2200.0,1,1,1,0,rank1
2026-02-23,2026-02,Monday,3F_A,xgb_ranker_ndcg,recent_60d,1.25,4,0.970494987641025,11700.0,0.5,0.970494987641025,9,0.9634291048541932,10800.0,0.5,0.9634291048541932,0.0070658827868317,1.0,1.0,Q1,75.0,-1.3888856429984056,0,normal,0,hit_day,4,9,2,11700.0,10800.0,2700.0,hit1,0.0,4,1,1,0,rank1
2026-02-23,2026-02,Monday,3F_N,xgb_ranker_ndcg,full_2025,1.0,5,0.1923663868866316,8800.0,0.5,0.1923663868866316,8,0.0149005741441757,6400.0,0.5,0.0149005741441757,0.1774658127424559,1.0,1.0,Q3,75.0,-1.3888856429984056,0,normal,0,hit_day,5,8,1,8800.0,6400.0,-1800.0,hit1,0.0,5,1,1,0,rank1
2026-02-24,2026-02,Tuesday,2F_N,xgb_ranker_ndcg,full_2025,1.0,8,0.8937752183221482,19100.0,0.5,0.8937752183221482,6,0.5911958974296248,16300.0,0.5,0.5911958974296248,0.3025793208925235,1.0,1.0,Q3,75.0,0.044720979667295456,0,normal,0,hit_day,8,6,3,19100.0,16300.0,11300.0,hit1,0.0,8,1,1,0,rank1
2026-02-24,2026-02,Tuesday,3F_A,xgb_ranker_ndcg,recent_60d,0.75,8,0.9880410316971572,13800.0,0.5,0.9880410316971572,1,0.9862976461912696,7800.0,0.5,0.9862976461912696,0.0017433855058874,1.0,1.0,Q1,75.0,0.044720979667295456,0,normal,0,hit_day,8,1,9,13800.0,7800.0,7300.0,hit1,0.0,8,1,1,0,rank1
2026-02-24,2026-02,Tuesday,3F_N,xgb_ranker_ndcg,full_2025,1.0,2,0.9958365324212444,27400.0,0.5,0.9958365324212444,7,0.9399289673095552,17900.0,0.5,0.9399289673095552,0.0559075651116891,1.0,1.0,Q2,75.0,0.044720979667295456,0,normal,0,hit_day,2,7,6,27400.0,17900.0,11300.0,hit1,0.0,2,1,1,0,rank1
2026-02-25,2026-02,Wednesday,2F_N,xgb_ranker_ndcg,full_2025,0.75,4,0.9845064583078872,54400.0,0.5,0.9845064583078872,0,0.7781819839643027,30000.0,0.5,0.7781819839643027,0.2063244743435843,1.0,1.0,Q3,75.0,-0.2361117053273322,0,normal,0,hit_day,4,0,5,54400.0,30000.0,25500.0,hit1,0.0,4,1,1,0,rank1
2026-02-25,2026-02,Wednesday,3F_A,xgb_ranker_ndcg,full_2025,0.75,4,0.9916944549771268,24000.0,0.5,0.9916944549771268,7,0.0249172697142539,1000.0,0.5,0.0249172697142539,0.9667771852628728,1.0,1.0,Q4,75.0,-0.2361117053273322,0,normal,0,hit_day,4,0,3,24000.0,5300.0,1300.0,hit1,0.0,4,1,0,0,rank1
2026-02-25,2026-02,Wednesday,3F_N,xgb_ranker_ndcg,full_2025,0.75,0,0.9951443270540586,31200.0,0.5,0.9951443270540586,6,0.7040590560194175,13300.0,0.5,0.7040590560194175,0.2910852710346411,1.0,1.0,Q3,75.0,-0.2361117053273322,0,normal,0,hit_day,0,6,4,31200.0,13300.0,11100.0,hit1,0.0,0,1,1,0,rank1
2026-02-26,2026-02,Thursday,2F_N,xgb_ranker_ndcg,full_2025,1.0,2,0.9966301797352298,40200.0,0.5,0.9966301797352298,4,0.97910430480179,27100.0,0.5,0.97910430480179,0.0175258749334398,1.0,1.0,Q1,80.5,0.0028246164927936005,0,normal,0,hit_day,2,4,6,40200.0,27100.0,14900.0,hit1,0.0,2,1,1,0,rank1
2026-02-26,2026-02,Thursday,3F_A,xgb_ranker_ndcg,full_2025,0.75,2,0.9010621292904312,11100.0,0.5,0.9010621292904312,8,0.7192965027197505,5400.0,0.5,0.7192965027197505,0.1817656265706806,1.0,1.0,Q3,80.5,0.0028246164927936005,0,normal,0,hit_day,2,8,0,11100.0,5400.0,2800.0,hit1,0.0,2,1,1,0,rank1
2026-02-26,2026-02,Thursday,3F_N,xgb_ranker_ndcg,full_2025,1.0,2,0.850365108629401,14300.0,0.5,0.850365108629401,5,0.0063854401095082,1300.0,0.5,0.0063854401095082,0.8439796685198927,1.0,1.0,Q4,80.5,0.0028246164927936005,0,normal,0,hit_day,2,5,3,14300.0,1300.0,-2000.0,hit1,0.0,2,1,1,0,rank1
2026-02-27,2026-02,Friday,2F_N,xgb_ranker_ndcg,full_2025,1.0,4,0.9982635501622228,42500.0,0.5,0.9982635501622228,9,0.9848228938279044,39500.0,0.5,0.9848228938279044,0.0134406563343183,1.0,1.0,Q1,75.0,-0.46092690409439663,0,normal,0,hit_day,4,9,8,42500.0,39500.0,18400.0,hit1,0.0,4,1,1,0,rank1
2026-02-27,2026-02,Friday,3F_A,xgb_ranker_ndcg,full_2025,0.75,2,0.9179935452640198,11300.0,0.5,0.9179935452640198,5,0.9097173801002072,11600.0,0.5,0.9097173801002072,0.0082761651638125,1.0,1.0,Q1,75.0,-0.46092690409439663,0,normal,0,hit_day,5,2,6,11600.0,11300.0,6300.0,hit1,300.0,2,1,1,0,rank1
2026-02-27,2026-02,Friday,3F_N,xgb_ranker_ndcg,full_2025,1.0,1,0.9753716650094904,24500.0,0.5,0.9753716650094904,6,0.0162477326550607,1700.0,0.5,0.0162477326550607,0.9591239323544296,1.0,1.0,Q4,75.0,-0.46092690409439663,0,normal,0,hit_day,1,6,7,24500.0,1700.0,-3300.0,hit1,0.0,1,1,1,0,rank1
2026-02-28,2026-02,Saturday,2F_N,xgb_ranker_ndcg,full_2025,1.0,9,0.9973016713747676,49700.0,0.5,0.9973016713747676,7,0.9333022368250014,36800.0,0.5,0.9333022368250014,0.0639994345497663,1.0,1.0,Q2,80.5,2.4836507310488405,1,high_anomaly,0,hit_day,9,7,6,49700.0,36800.0,26100.0,hit1,0.0,9,1,1,0,rank1
2026-02-28,2026-02,Saturday,3F_A,xgb_ranker_ndcg,full_2025,0.75,3,0.9969572203290262,24500.0,0.5,0.9969572203290262,2,0.99657922776904,26200.0,0.5,0.99657922776904,0.0003779925599862,1.0,1.0,Q1,80.5,2.4836507310488405,1,high_anomaly,0,hit_day,2,3,9,26200.0,24500.0,24100.0,hit1,1700.0,3,1,1,0,rank1
2026-02-28,2026-02,Saturday,3F_N,xgb_ranker_ndcg,full_2025,1.0,5,0.9974942673849052,28100.0,0.5,0.9974942673849052,4,0.9932077556878338,27100.0,0.5,0.9932077556878338,0.0042865116970712,1.0,1.0,Q1,80.5,2.4836507310488405,1,high_anomaly,0,hit_day,5,4,7,28100.0,27100.0,19600.0,hit1,0.0,5,1,1,0,rank1
2026-03-01,2026-03,Sunday,2F_N,xgb_ranker_ndcg,full_2025,1.0,8,0.7587355352835238,26000.0,0.5,0.7587355352835238,3,0.0519584470743603,13500.0,0.5,0.0519584470743603,0.7067770882091634,1.0,1.0,Q4,82.0,1.0865178636792017,0,normal,0,hit_day,8,3,0,26000.0,13500.0,13300.0,hit1,0.0,8,1,1,0,rank1
2026-03-01,2026-03,Sunday,3F_A,xgb_ranker_ndcg,full_2025,0.75,5,0.9960090374632484,27700.0,0.5,0.9960090374632484,9,0.987493203998652,30100.0,0.5,0.987493203998652,0.0085158334645965,1.0,1.0,Q1,82.0,1.0865178636792017,0,normal,0,hit_day,9,5,6,30100.0,27700.0,22900.0,hit1,2400.0,5,1,1,0,rank1
2026-03-01,2026-03,Sunday,3F_N,xgb_ranker_ndcg,full_2025,1.0,1,0.984891056606277,24700.0,0.5,0.984891056606277,4,0.2172543735704082,7600.0,0.5,0.2172543735704082,0.7676366830358687,1.0,1.0,Q4,82.0,1.0865178636792017,0,normal,0,hit_day,1,3,4,24700.0,8100.0,7600.0,hit1,0.0,1,1,0,0,rank1
2026-03-02,2026-03,Monday,2F_N,xgb_ranker_ndcg,full_2025,1.0,8,0.7977770448241461,16000.0,0.5,0.7977770448241461,6,0.0069024095430654,6800.0,0.5,0.0069024095430654,0.7908746352810807,1.0,1.0,Q4,82.0,0.08443243960441638,0,normal,0,hit_day,8,6,7,16000.0,6800.0,5000.0,hit1,0.0,8,1,1,0,rank1
2026-03-02,2026-03,Monday,3F_A,xgb_ranker_ndcg,full_2025,0.75,2,0.916490095120031,10100.0,0.5,0.916490095120031,6,0.8086130914388168,10200.0,0.5,0.8086130914388168,0.1078770036812142,1.0,1.0,Q3,82.0,0.08443243960441638,0,normal,0,hit_day,6,2,7,10200.0,10100.0,8700.0,hit1,100.0,2,1,1,0,rank1
2026-03-02,2026-03,Monday,3F_N,xgb_ranker_ndcg,recent_60d,1.25,4,0.9966537600150644,20800.0,0.5,0.9966537600150644,8,0.9712726989091424,41800.0,0.5,0.9712726989091424,0.025381061105922,1.0,1.0,Q2,82.0,0.08443243960441638,0,normal,0,hit_day,8,4,2,41800.0,20800.0,14900.0,hit1,21000.0,4,1,1,0,rank1
2026-03-03,2026-03,Tuesday,2F_N,xgb_ranker_ndcg,full_2025,1.0,6,0.8823182184043362,27300.0,0.5,0.8823182184043362,3,0.8625697079428818,31000.0,0.5,0.8625697079428818,0.0197485104614544,1.0,1.0,Q2,90.0,1.0269463014603437,0,normal,0,hit_day,3,6,8,31000.0,27300.0,24200.0,hit1,3700.0,6,1,1,0,rank1
2026-03-03,2026-03,Tuesday,3F_A,xgb_ranker_ndcg,full_2025,0.75,7,0.9377663375812538,10300.0,0.5,0.9377663375812538,5,0.5326956846530323,7700.0,0.5,0.5326956846530323,0.4050706529282215,1.0,1.0,Q3,90.0,1.0269463014603437,0,normal,0,hit_day,7,0,5,10300.0,8000.0,7700.0,hit1,0.0,7,1,0,0,rank1
2026-03-03,2026-03,Tuesday,3F_N,xgb_ranker_ndcg,recent_60d,1.0,6,0.8072857246985373,16200.0,0.5,0.8072857246985373,3,0.5478593867909118,16000.0,0.5,0.5478593867909118,0.2594263379076255,1.0,1.0,Q3,90.0,1.0269463014603437,0,normal,0,hit_day,6,3,9,16200.0,16000.0,10400.0,hit1,0.0,6,1,1,0,rank1
2026-03-04,2026-03,Wednesday,2F_N,xgb_ranker_ndcg,full_2025,0.75,4,0.0037940807863844,4500.0,0.5,0.0037940807863844,8,0.0037262021835205,-9900.0,0.5,0.0037262021835205,6.787860286399609e-05,0.0,0.0,Q1,101.5,0.025419740911978208,0,normal,1,miss_day,1,2,4,15100.0,11400.0,4500.0,critical_miss,10600.0,4,0,0,0,none
2026-03-04,2026-03,Wednesday,3F_A,xgb_ranker_ndcg,full_2025,0.75,1,0.9933777725754078,40100.0,0.5,0.9933777725754078,6,0.9856860908997912,18100.0,0.5,0.9856860908997912,0.0076916816756167,1.0,1.0,Q1,101.5,0.025419740911978208,0,normal,1,miss_day,1,6,9,40100.0,18100.0,8100.0,hit1,0.0,1,1,1,0,rank1
2026-03-04,2026-03,Wednesday,3F_N,xgb_ranker_ndcg,full_2025,0.75,3,0.6237580888278682,10000.0,0.5,0.6237580888278682,5,0.6130985403123745,8200.0,0.5,0.6130985403123745,0.0106595485154936,1.0,1.0,Q1,101.5,0.025419740911978208,0,normal,1,miss_day,4,3,5,15400.0,10000.0,8200.0,hit1,5400.0,3,1,0,0,rank1
2026-03-05,2026-03,Thursday,2F_N,xgb_ranker_ndcg,full_2025,1.0,2,0.9829637162906676,23000.0,0.5,0.9829637162906676,6,0.979744533490338,21000.0,0.5,0.979744533490338,0.0032191828003297,1.0,1.0,Q1,92.5,-0.025395433993308254,0,normal,0,hit_day,2,6,0,23000.0,21000.0,17600.0,hit1,0.0,2,1,1,0,rank1
2026-03-05,2026-03,Thursday,3F_A,xgb_ranker_ndcg,full_2025,0.75,2,0.9207274694083172,9000.0,0.5,0.9207274694083172,4,0.5343979792602612,5100.0,0.5,0.5343979792602612,0.3863294901480559,1.0,1.0,Q3,92.5,-0.025395433993308254,0,normal,0,hit_day,2,4,8,9000.0,5100.0,4200.0,hit1,0.0,2,1,1,0,rank1
2026-03-05,2026-03,Thursday,3F_N,xgb_ranker_ndcg,recent_60d,0.75,0,0.6334341932274076,11100.0,0.5,0.6334341932274076,2,0.0425100708561069,700.0,0.5,0.0425100708561069,0.5909241223713007,1.0,1.0,Q4,92.5,-0.025395433993308254,0,normal,0,hit_day,0,1,2,11100.0,6600.0,700.0,hit1,0.0,0,1,0,0,rank1
2026-03-06,2026-03,Friday,2F_N,xgb_ranker_ndcg,full_2025,1.0,4,0.996988333886314,29800.0,0.5,0.996988333886314,9,0.9869580635110196,27700.0,0.5,0.9869580635110196,0.0100302703752945,1.0,1.0,Q1,92.5,-0.2402125494296721,0,normal,0,hit_day,4,9,2,29800.0,27700.0,26400.0,hit1,0.0,4,1,1,0,rank1
2026-03-06,2026-03,Friday,3F_A,xgb_ranker_ndcg,full_2025,0.75,8,0.9149531756180144,10300.0,0.5,0.9149531756180144,4,0.910161407356609,9200.0,0.5,0.910161407356609,0.0047917682614053,1.0,1.0,Q1,92.5,-0.2402125494296721,0,normal,0,hit_day,8,4,0,10300.0,9200.0,2000.0,hit1,0.0,8,1,1,0,rank1
2026-03-06,2026-03,Friday,3F_N,xgb_ranker_ndcg,full_2025,1.0,5,0.7238686183557891,12100.0,0.5,0.7238686183557891,1,0.0164320999355132,1100.0,0.5,0.0164320999355132,0.7074365184202759,1.0,1.0,Q4,92.5,-0.2402125494296721,0,normal,0,hit_day,5,1,2,12100.0,1100.0,-800.0,hit1,0.0,5,1,1,0,rank1
2026-03-07,2026-03,Saturday,2F_N,xgb_ranker_ndcg,full_2025,1.0,8,0.0300620991175507,12000.0,0.5,0.0300620991175507,0,0.0044876454042934,10000.0,0.5,0.0044876454042934,0.0255744537132573,1.0,1.0,Q2,85.5,-1.0601745963311917,0,normal,0,hit_day,8,0,6,12000.0,10000.0,3500.0,hit1,0.0,8,1,1,0,rank1
2026-03-07,2026-03,Saturday,3F_A,xgb_ranker_ndcg,full_2025,0.75,2,0.6779349905352,18000.0,0.5,0.6779349905352,3,0.5054504598214654,11200.0,0.5,0.5054504598214654,0.1724845307137346,1.0,1.0,Q3,85.5,-1.0601745963311917,0,normal,0,hit_day,2,9,3,18000.0,11300.0,11200.0,hit1,0.0,2,1,0,0,rank1
2026-03-07,2026-03,Saturday,3F_N,xgb_ranker_ndcg,full_2025,1.0,2,0.5523924440438491,10700.0,0.5,0.5523924440438491,3,0.4186332967979876,10900.0,0.5,0.4186332967979876,0.1337591472458615,1.0,1.0,Q3,85.5,-1.0601745963311917,0,normal,0,hit_day,3,2,6,10900.0,10700.0,4700.0,hit1,200.0,2,1,1,0,rank1
2026-03-08,2026-03,Sunday,2F_N,xgb_ranker_ndcg,full_2025,1.0,5,0.5445833485460115,26100.0,0.5,0.5445833485460115,2,0.0306638442716346,5800.0,0.5,0.0306638442716346,0.5139195042743768,1.0,1.0,Q4,85.5,0.14669353510683758,0,normal,0,hit_day,5,8,4,26100.0,8900.0,8300.0,hit1,0.0,5,1,0,0,rank1
2026-03-08,2026-03,Sunday,3F_A,xgb_ranker_ndcg,full_2025,0.75,0,0.2868761950805289,9800.0,0.5,0.2868761950805289,5,0.0665853537285074,5200.0,0.5,0.0665853537285074,0.2202908413520215,1.0,1.0,Q3,85.5,0.14669353510683758,0,normal,0,hit_day,0,1,5,9800.0,7200.0,5200.0,hit1,0.0,0,1,0,0,rank1
2026-03-08,2026-03,Sunday,3F_N,xgb_ranker_ndcg,full_2025,1.0,5,0.9981180111571496,70500.0,0.5,0.9981180111571496,8,0.981389728094019,23200.0,0.5,0.981389728094019,0.0167282830631304,1.0,1.0,Q1,85.5,0.14669353510683758,0,normal,0,hit_day,5,8,9,70500.0,23200.0,4900.0,hit1,0.0,5,1,1,0,rank1
2026-03-09,2026-03,Monday,2F_N,xgb_ranker_ndcg,full_2025,1.0,4,0.9666040880084292,24000.0,0.5,0.9666040880084292,6,0.2329112196841916,12300.0,0.5,0.2329112196841916,0.7336928683242375,1.0,1.0,Q4,82.0,-0.619033503593436,0,normal,0,hit_day,4,6,7,24000.0,12300.0,2600.0,hit1,0.0,4,1,1,0,rank1
2026-03-09,2026-03,Monday,3F_A,xgb_ranker_ndcg,full_2025,0.75,9,0.0058172122436057,2300.0,0.5,0.0058172122436057,2,0.0013253619293634,2500.0,0.5,0.0013253619293634,0.0044918503142422,1.0,1.0,Q1,82.0,-0.619033503593436,0,normal,0,hit_day,2,9,4,2500.0,2300.0,1200.0,hit1,200.0,9,1,1,0,rank1
2026-03-09,2026-03,Monday,3F_N,xgb_ranker_ndcg,recent_60d,1.25,7,0.2757305503041448,5700.0,0.5,0.2757305503041448,9,0.2519640597565647,5800.0,0.5,0.2519640597565647,0.0237664905475801,1.0,1.0,Q2,82.0,-0.619033503593436,0,normal,0,hit_day,9,7,4,5800.0,5700.0,2600.0,hit1,100.0,7,1,1,0,rank1
2026-03-10,2026-03,Tuesday,2F_N,xgb_ranker_ndcg,full_2025,1.0,3,0.966152518676922,28000.0,0.5,0.966152518676922,7,0.950453883438553,24700.0,0.5,0.950453883438553,0.0156986352383688,1.0,1.0,Q1,75.5,-0.7286503457104487,0,normal,0,hit_day,3,7,2,28000.0,24700.0,17800.0,hit1,0.0,3,1,1,0,rank1
2026-03-10,2026-03,Tuesday,3F_A,xgb_ranker_ndcg,full_2025,0.75,2,0.2986694261719196,5400.0,0.5,0.2986694261719196,6,0.0046847409348815,-4700.0,0.5,0.0046847409348815,0.2939846852370381,1.0,1.0,Q3,75.5,-0.7286503457104487,0,normal,0,hit_day,2,1,0,5400.0,800.0,-600.0,hit1,0.0,2,1,0,0,rank1
2026-03-10,2026-03,Tuesday,3F_N,xgb_ranker_ndcg,recent_60d,0.75,1,0.5304642806906791,11900.0,0.5,0.5304642806906791,9,0.3732986827682558,9200.0,0.5,0.3732986827682558,0.1571655979224233,1.0,1.0,Q3,75.5,-0.7286503457104487,0,normal,0,hit_day,1,9,4,11900.0,9200.0,3500.0,hit1,0.0,1,1,1,0,rank1
2026-03-11,2026-03,Wednesday,2F_N,xgb_ranker_ndcg,full_2025,0.75,9,0.5319306528696089,30600.0,0.5,0.5319306528696089,0,0.0035612650419516,4500.0,0.5,0.0035612650419516,0.5283693878276573,1.0,1.0,Q4,82.0,0.7268627332081582,0,normal,0,hit_day,9,2,3,30600.0,12800.0,9000.0,hit1,0.0,9,1,0,0,rank1
2026-03-11,2026-03,Wednesday,3F_A,xgb_ranker_ndcg,full_2025,0.75,4,0.9869594505750844,11900.0,0.5,0.9869594505750844,2,0.8707327016843767,11500.0,0.5,0.8707327016843767,0.1162267488907076,1.0,1.0,Q3,82.0,0.7268627332081582,0,normal,0,hit_day,4,2,3,11900.0,11500.0,5000.0,hit1,0.0,4,1,1,0,rank1
2026-03-11,2026-03,Wednesday,3F_N,xgb_ranker_ndcg,full_2025,0.75,0,0.9945675023022358,28200.0,0.5,0.9945675023022358,8,0.9916774513065592,36400.0,0.5,0.9916774513065592,0.0028900509956765,1.0,1.0,Q1,82.0,0.7268627332081582,0,normal,0,hit_day,8,0,4,36400.0,28200.0,21000.0,hit1,8200.0,0,1,1,0,rank1
2026-03-12,2026-03,Thursday,2F_N,xgb_ranker_ndcg,full_2025,1.0,4,0.9987763134761696,34300.0,0.5,0.9987763134761696,6,0.9984387592429832,35600.0,0.5,0.9984387592429832,0.0003375542331862,1.0,1.0,Q1,75.5,-0.180169611673556,0,normal,0,hit_day,6,4,9,35600.0,34300.0,18700.0,hit1,1300.0,4,1,1,0,rank1
2026-03-12,2026-03,Thursday,3F_A,xgb_ranker_ndcg,full_2025,0.75,7,0.8417672404786173,6700.0,0.5,0.8417672404786173,9,0.0700212740083235,3700.0,0.5,0.0700212740083235,0.7717459664702937,1.0,1.0,Q4,75.5,-0.180169611673556,0,normal,0,hit_day,7,9,2,6700.0,3700.0,3400.0,hit1,0.0,7,1,1,0,rank1
2026-03-12,2026-03,Thursday,3F_N,xgb_ranker_ndcg,recent_60d,0.75,3,0.484875514971726,11200.0,0.5,0.484875514971726,8,0.1612754699363059,4400.0,0.5,0.1612754699363059,0.32360004503542,1.0,1.0,Q3,75.5,-0.180169611673556,0,normal,0,hit_day,3,8,2,11200.0,4400.0,-700.0,hit1,0.0,3,1,1,0,rank1
2026-03-13,2026-03,Friday,2F_N,xgb_ranker_ndcg,full_2025,1.0,0,0.94379925144571,26900.0,0.5,0.94379925144571,2,0.0317634468315487,8500.0,0.5,0.0317634468315487,0.9120358046141612,1.0,1.0,Q4,65.5,-0.49795475460608246,0,normal,0,hit_day,0,2,6,26900.0,8500.0,7000.0,hit1,0.0,0,1,1,0,rank1
2026-03-13,2026-03,Friday,3F_A,xgb_ranker_ndcg,full_2025,0.75,7,0.7573547733371423,6900.0,0.5,0.7573547733371423,3,0.6091876712911237,7600.0,0.5,0.6091876712911237,0.1481671020460185,1.0,1.0,Q3,65.5,-0.49795475460608246,0,normal,0,hit_day,3,7,1,7600.0,6900.0,6000.0,hit1,700.0,7,1,1,0,rank1
2026-03-13,2026-03,Friday,3F_N,xgb_ranker_ndcg,recent_60d,0.75,8,0.9963142962015976,20700.0,0.5,0.9963142962015976,3,0.602137107785648,9100.0,0.5,0.602137107785648,0.3941771884159495,1.0,1.0,Q3,65.5,-0.49795475460608246,0,normal,0,hit_day,8,3,4,20700.0,9100.0,-100.0,hit1,0.0,8,1,1,0,rank1
2026-03-14,2026-03,Saturday,2F_N,xgb_ranker_ndcg,full_2025,1.0,4,0.7327792950974441,27800.0,0.5,0.7327792950974441,3,0.6761027314786348,25500.0,0.5,0.6761027314786348,0.0566765636188093,1.0,1.0,Q2,65.5,1.271891847464975,0,normal,0,hit_day,4,3,2,27800.0,25500.0,24900.0,hit1,0.0,4,1,1,0,rank1
2026-03-14,2026-03,Saturday,3F_A,xgb_ranker_ndcg,full_2025,0.75,6,0.9140730537708296,12000.0,0.5,0.9140730537708296,8,0.0053866978927091,600.0,0.5,0.0053866978927091,0.9086863558781204,1.0,1.0,Q4,65.5,1.271891847464975,0,normal,0,hit_day,6,7,2,12000.0,3000.0,1900.0,hit1,0.0,6,1,0,0,rank1
2026-03-14,2026-03,Saturday,3F_N,xgb_ranker_ndcg,full_2025,1.0,2,0.9848695914471896,46000.0,0.5,0.9848695914471896,8,0.957576882298257,20600.0,0.5,0.957576882298257,0.0272927091489326,1.0,1.0,Q2,65.5,1.271891847464975,0,normal,0,hit_day,2,8,1,46000.0,20600.0,15300.0,hit1,0.0,2,1,1,0,rank1
2026-03-15,2026-03,Sunday,2F_N,xgb_ranker_ndcg,full_2025,1.0,5,0.0394336239311762,12100.0,0.5,0.0394336239311762,0,0.0345632331622445,12700.0,0.5,0.0345632331622445,0.0048703907689316,1.0,1.0,Q1,82.0,0.06510733662120678,0,normal,0,hit_day,0,5,3,12700.0,12100.0,8100.0,hit1,600.0,5,1,1,0,rank1
2026-03-15,2026-03,Sunday,3F_A,xgb_ranker_ndcg,full_2025,0.75,6,0.3327356475158798,7600.0,0.5,0.3327356475158798,0,0.2800393119812996,8800.0,0.5,0.2800393119812996,0.0526963355345801,1.0,1.0,Q2,82.0,0.06510733662120678,0,normal,0,hit_day,0,6,9,8800.0,7600.0,1900.0,hit1,1200.0,6,1,1,0,rank1
2026-03-15,2026-03,Sunday,3F_N,xgb_ranker_ndcg,full_2025,1.0,0,0.9982896821417924,45100.0,0.5,0.9982896821417924,8,0.9966914399884969,28200.0,0.5,0.9966914399884969,0.0015982421532956,1.0,1.0,Q1,82.0,0.06510733662120678,0,normal,0,hit_day,0,8,2,45100.0,28200.0,11600.0,hit1,0.0,0,1,1,0,rank1
2026-03-16,2026-03,Monday,2F_N,xgb_ranker_ndcg,full_2025,1.0,4,0.9989676386550476,36400.0,0.5,0.9989676386550476,9,0.9966824004132387,29400.0,0.5,0.9966824004132387,0.0022852382418089,1.0,1.0,Q1,85.5,0.9687251166393569,0,normal,0,hit_day,4,7,9,36400.0,30200.0,29400.0,hit1,0.0,4,1,0,0,rank1
2026-03-16,2026-03,Monday,3F_A,xgb_ranker_ndcg,full_2025,0.75,7,0.9949581010076668,9800.0,0.5,0.9949581010076668,5,0.9122202498369626,9300.0,0.5,0.9122202498369626,0.082737851170704,1.0,1.0,Q2,85.5,0.9687251166393569,0,normal,0,hit_day,7,5,2,9800.0,9300.0,3600.0,hit1,0.0,7,1,1,0,rank1
2026-03-16,2026-03,Monday,3F_N,xgb_ranker_ndcg,recent_60d,1.0,0,0.9829317302973202,12900.0,0.5,0.9829317302973202,1,0.9350839843614552,9300.0,0.5,0.9350839843614552,0.0478477459358648,1.0,1.0,Q2,85.5,0.9687251166393569,0,normal,0,hit_day,0,2,1,12900.0,10800.0,9300.0,hit1,0.0,0,1,0,0,rank1
2026-03-17,2026-03,Tuesday,2F_N,xgb_ranker_ndcg,full_2025,1.0,6,0.7936256904821124,29800.0,0.5,0.7936256904821124,7,0.7411606302966177,30600.0,0.5,0.7411606302966177,0.0524650601854946,1.0,1.0,Q2,91.0,0.47238444285387526,0,normal,0,hit_day,7,6,8,30600.0,29800.0,13400.0,hit1,800.0,6,1,1,0,rank1
2026-03-17,2026-03,Tuesday,3F_A,xgb_ranker_ndcg,full_2025,0.75,5,0.992782456656948,26300.0,0.5,0.992782456656948,3,0.4185318487092037,7100.0,0.5,0.4185318487092037,0.5742506079477444,1.0,1.0,Q4,91.0,0.47238444285387526,0,normal,0,hit_day,5,3,0,26300.0,7100.0,4400.0,hit1,0.0,5,1,1,0,rank1
2026-03-17,2026-03,Tuesday,3F_N,xgb_ranker_ndcg,recent_60d,0.75,2,0.9980813552566424,29900.0,0.5,0.9980813552566424,4,0.7137963824582547,14800.0,0.5,0.7137963824582547,0.2842849727983878,1.0,1.0,Q3,91.0,0.47238444285387526,0,normal,0,hit_day,2,4,8,29900.0,14800.0,12800.0,hit1,0.0,2,1,1,0,rank1
2026-03-18,2026-03,Wednesday,2F_N,xgb_ranker_ndcg,full_2025,0.75,1,0.0686698941735727,24700.0,0.5,0.0686698941735727,0,0.0038766649861881,-1200.0,0.5,0.0038766649861881,0.0647932291873845,1.0,1.0,Q2,85.5,-0.6603658794233277,0,normal,0,hit_day,1,8,0,24700.0,6200.0,-1200.0,hit1,0.0,1,1,0,0,rank1
2026-03-18,2026-03,Wednesday,3F_A,xgb_ranker_ndcg,full_2025,0.75,1,0.988588812235124,14300.0,0.5,0.988588812235124,8,0.9805950112442868,11900.0,0.5,0.9805950112442868,0.007993800990837,1.0,1.0,Q1,85.5,-0.6603658794233277,0,normal,0,hit_day,1,8,4,14300.0,11900.0,1000.0,hit1,0.0,1,1,1,0,rank1
2026-03-18,2026-03,Wednesday,3F_N,xgb_ranker_ndcg,full_2025,0.75,0,0.9887765674460972,21400.0,0.5,0.9887765674460972,2,0.0730410712787173,5500.0,0.5,0.0730410712787173,0.91573549616738,1.0,1.0,Q4,85.5,-0.6603658794233277,0,normal,0,hit_day,0,1,2,21400.0,5700.0,5500.0,hit1,0.0,0,1,0,0,rank1
2026-03-19,2026-03,Thursday,2F_N,xgb_ranker_ndcg,recent_60d,1.25,9,0.991266017285502,20500.0,0.5,0.991266017285502,4,0.7302453847896583,16400.0,0.5,0.7302453847896583,0.2610206324958438,1.0,1.0,Q3,82.0,-0.12277800353421779,0,normal,0,hit_day,9,7,4,20500.0,18500.0,16400.0,hit1,0.0,9,1,0,0,rank1
2026-03-19,2026-03,Thursday,3F_A,xgb_ranker_ndcg,full_2025,0.75,2,0.981194029056223,11500.0,0.5,0.981194029056223,4,0.8833458751215324,7600.0,0.5,0.8833458751215324,0.0978481539346906,1.0,1.0,Q2,82.0,-0.12277800353421779,0,normal,0,hit_day,2,9,4,11500.0,9600.0,7600.0,hit1,0.0,2,1,0,0,rank1
2026-03-19,2026-03,Thursday,3F_N,xgb_ranker_ndcg,recent_60d,1.25,4,0.996920345152287,16400.0,0.5,0.996920345152287,9,0.8134457547502644,12700.0,0.5,0.8134457547502644,0.1834745904020226,1.0,1.0,Q3,82.0,-0.12277800353421779,0,normal,0,hit_day,4,9,7,16400.0,12700.0,2300.0,hit1,0.0,4,1,1,0,rank1
2026-03-20,2026-03,Friday,2F_N,xgb_ranker_ndcg,full_2025,1.0,5,0.9986330075527752,41400.0,0.5,0.9986330075527752,2,0.2404995608862611,15200.0,0.5,0.2404995608862611,0.7581334466665139,1.0,1.0,Q4,82.0,-0.40079126870478854,0,normal,0,hit_day,5,0,2,41400.0,16400.0,15200.0,hit1,0.0,5,1,0,0,rank1
2026-03-20,2026-03,Friday,3F_A,xgb_ranker_ndcg,full_2025,0.75,2,0.9571665561474042,13100.0,0.5,0.9571665561474042,7,0.9103151036416632,12400.0,0.5,0.9103151036416632,0.0468514525057409,1.0,1.0,Q2,82.0,-0.40079126870478854,0,normal,0,hit_day,2,7,8,13100.0,12400.0,9500.0,hit1,0.0,2,1,1,0,rank1
2026-03-20,2026-03,Friday,3F_N,xgb_ranker_ndcg,recent_60d,0.75,7,0.8621407655800183,13600.0,0.5,0.8621407655800183,8,0.1997491866625508,5000.0,0.5,0.1997491866625508,0.6623915789174675,1.0,1.0,Q4,82.0,-0.40079126870478854,0,normal,0,hit_day,7,8,4,13600.0,5000.0,400.0,hit1,0.0,7,1,1,0,rank1
2026-03-21,2026-03,Saturday,2F_N,xgb_ranker_ndcg,full_2025,1.0,6,0.9966984361849218,40200.0,0.5,0.9966984361849218,0,0.800223047968853,24300.0,0.5,0.800223047968853,0.1964753882160688,1.0,1.0,Q3,85.5,0.7895227316006167,0,normal,0,hit_day,6,0,3,40200.0,24300.0,19400.0,hit1,0.0,6,1,1,0,rank1
2026-03-21,2026-03,Saturday,3F_A,xgb_ranker_ndcg,full_2025,0.75,6,0.9389333877379826,15600.0,0.5,0.9389333877379826,2,0.6616471297786516,11900.0,0.5,0.6616471297786516,0.277286257959331,1.0,1.0,Q3,85.5,0.7895227316006167,0,normal,0,hit_day,6,2,8,15600.0,11900.0,8300.0,hit1,0.0,6,1,1,0,rank1
2026-03-21,2026-03,Saturday,3F_N,xgb_ranker_ndcg,full_2025,1.0,2,0.9968745260259584,33000.0,0.5,0.9968745260259584,8,0.787138001563898,15700.0,0.5,0.787138001563898,0.2097365244620604,1.0,1.0,Q3,85.5,0.7895227316006167,0,normal,0,hit_day,2,8,1,33000.0,15700.0,14200.0,hit1,0.0,2,1,1,0,rank1
2026-03-22,2026-03,Sunday,2F_N,xgb_ranker_ndcg,full_2025,1.0,9,0.0345076897778858,11500.0,0.5,0.0345076897778858,0,0.0063943075377949,3400.0,0.5,0.0063943075377949,0.0281133822400908,1.0,1.0,Q2,82.0,-1.568705989279432,1,low_anomaly,0,hit_day,9,0,8,11500.0,3400.0,-200.0,hit1,0.0,9,1,1,0,rank1
2026-03-22,2026-03,Sunday,3F_A,xgb_ranker_ndcg,full_2025,0.75,8,0.774389855319092,12300.0,0.5,0.774389855319092,4,0.2510385505837411,7700.0,0.5,0.2510385505837411,0.5233513047353509,1.0,1.0,Q4,82.0,-1.568705989279432,1,low_anomaly,0,hit_day,8,6,4,12300.0,8200.0,7700.0,hit1,0.0,8,1,0,0,rank1
2026-03-22,2026-03,Sunday,3F_N,xgb_ranker_ndcg,full_2025,1.0,5,0.7432760041195654,18000.0,0.5,0.7432760041195654,0,0.1196791581145023,8100.0,0.5,0.1196791581145023,0.623596846005063,1.0,1.0,Q4,82.0,-1.568705989279432,1,low_anomaly,0,hit_day,5,0,2,18000.0,8100.0,1100.0,hit1,0.0,5,1,1,0,rank1
2026-03-23,2026-03,Monday,2F_N,xgb_ranker_ndcg,full_2025,1.0,1,0.9549098040215704,24300.0,0.5,0.9549098040215704,3,0.0988854686861446,10400.0,0.5,0.0988854686861446,0.8560243353354258,1.0,1.0,Q4,85.5,0.2960448915953288,0,normal,0,hit_day,1,3,6,24300.0,10400.0,8700.0,hit1,0.0,1,1,1,0,rank1
2026-03-23,2026-03,Monday,3F_A,xgb_ranker_ndcg,recent_60d,0.75,4,0.1071356690106775,4400.0,0.5,0.1071356690106775,0,0.0144729960961806,3000.0,0.5,0.0144729960961806,0.0926626729144968,1.0,1.0,Q2,85.5,0.2960448915953288,0,normal,0,hit_day,4,0,3,4400.0,3000.0,2100.0,hit1,0.0,4,1,1,0,rank1
2026-03-23,2026-03,Monday,3F_N,xgb_ranker_ndcg,full_2025,1.0,8,0.9980977920696568,34400.0,0.5,0.9980977920696568,1,0.7501474515086596,14000.0,0.5,0.7501474515086596,0.247950340560997,1.0,1.0,Q3,85.5,0.2960448915953288,0,normal,0,hit_day,8,1,4,34400.0,14000.0,12700.0,hit1,0.0,8,1,1,0,rank1
2026-03-24,2026-03,Tuesday,2F_N,xgb_ranker_ndcg,full_2025,1.0,9,0.9980694120623216,29200.0,0.5,0.9980694120623216,3,0.9531669427777862,23900.0,0.5,0.9531669427777862,0.0449024692845353,1.0,1.0,Q2,91.0,0.04180573112123125,0,normal,0,hit_day,9,3,7,29200.0,23900.0,19500.0,hit1,0.0,9,1,1,0,rank1
2026-03-24,2026-03,Tuesday,3F_A,xgb_ranker_ndcg,full_2025,0.75,0,0.84775260063839,9100.0,0.5,0.84775260063839,9,0.0126587024085047,3400.0,0.5,0.0126587024085047,0.8350938982298852,1.0,1.0,Q4,91.0,0.04180573112123125,0,normal,0,hit_day,0,9,5,9100.0,3400.0,2100.0,hit1,0.0,0,1,1,0,rank1
2026-03-24,2026-03,Tuesday,3F_N,xgb_ranker_ndcg,recent_60d,1.0,8,0.9966034619900694,20400.0,0.5,0.9966034619900694,2,0.0061196453512198,-3900.0,0.5,0.0061196453512198,0.9904838166388495,1.0,1.0,Q4,91.0,0.04180573112123125,0,normal,0,hit_day,8,7,2,20400.0,-1900.0,-3900.0,hit1,0.0,8,1,0,0,rank1
2026-03-25,2026-03,Wednesday,2F_N,xgb_ranker_ndcg,full_2025,0.75,7,0.0179241507934701,17300.0,0.5,0.0179241507934701,1,0.0034963506303325,-43900.0,0.5,0.0034963506303325,0.0144278001631375,1.0,1.0,Q1,91.0,-0.562543727225247,0,normal,0,hit_day,7,5,2,17300.0,10700.0,9000.0,hit1,0.0,7,1,0,0,rank1
2026-03-25,2026-03,Wednesday,3F_A,xgb_ranker_ndcg,full_2025,0.75,3,0.993548215244477,11800.0,0.5,0.993548215244477,8,0.9748505768650416,8700.0,0.5,0.9748505768650416,0.0186976383794352,1.0,1.0,Q2,91.0,-0.562543727225247,0,normal,0,hit_day,3,7,8,11800.0,9500.0,8700.0,hit1,0.0,3,1,0,0,rank1
2026-03-25,2026-03,Wednesday,3F_N,xgb_ranker_ndcg,full_2025,0.75,5,0.7757967669971183,10900.0,0.5,0.7757967669971183,7,0.7397842257768573,13300.0,0.5,0.7397842257768573,0.0360125412202609,1.0,1.0,Q2,91.0,-0.562543727225247,0,normal,0,hit_day,7,5,4,13300.0,10900.0,9100.0,hit1,2400.0,5,1,1,0,rank1
2026-03-26,2026-03,Thursday,2F_N,xgb_ranker_ndcg,full_2025,1.0,8,0.995787829522848,28700.0,0.5,0.995787829522848,9,0.8074048364426443,18300.0,0.5,0.8074048364426443,0.1883829930802038,1.0,1.0,Q3,91.0,-0.26348095952554434,0,normal,0,hit_day,8,9,0,28700.0,18300.0,11000.0,hit1,0.0,8,1,1,0,rank1
2026-03-26,2026-03,Thursday,3F_A,xgb_ranker_ndcg,full_2025,0.75,1,0.9299028619070572,9400.0,0.5,0.9299028619070572,9,0.0253599709609297,3100.0,0.5,0.0253599709609297,0.9045428909461272,1.0,1.0,Q4,91.0,-0.26348095952554434,0,normal,0,hit_day,1,9,0,9400.0,3100.0,1000.0,hit1,0.0,1,1,1,0,rank1
2026-03-26,2026-03,Thursday,3F_N,xgb_ranker_ndcg,recent_60d,0.75,7,0.9768969004025536,11200.0,0.5,0.9768969004025536,2,0.939701776734378,10300.0,0.5,0.939701776734378,0.0371951236681756,1.0,1.0,Q2,91.0,-0.26348095952554434,0,normal,0,hit_day,7,2,6,11200.0,10300.0,4800.0,hit1,0.0,7,1,1,0,rank1
2026-03-27,2026-03,Friday,2F_N,xgb_ranker_ndcg,full_2025,1.0,1,0.2288685220004986,19200.0,0.5,0.2288685220004986,7,0.1160998611621624,10900.0,0.5,0.1160998611621624,0.1127686608383361,1.0,1.0,Q3,91.0,-0.14697455042995666,0,normal,0,hit_day,1,0,6,19200.0,12600.0,11500.0,hit1,0.0,1,1,0,0,rank1
2026-03-27,2026-03,Friday,3F_A,xgb_ranker_ndcg,full_2025,0.75,1,0.9885323221169152,21200.0,0.5,0.9885323221169152,7,0.9420352577703288,15700.0,0.5,0.9420352577703288,0.0464970643465865,1.0,1.0,Q2,91.0,-0.14697455042995666,0,normal,0,hit_day,1,7,0,21200.0,15700.0,13700.0,hit1,0.0,1,1,1,0,rank1
2026-03-27,2026-03,Friday,3F_N,xgb_ranker_ndcg,recent_60d,0.75,1,0.9803242160453172,18900.0,0.5,0.9803242160453172,3,0.6212002317331572,12200.0,0.5,0.6212002317331572,0.3591239843121601,1.0,1.0,Q3,91.0,-0.14697455042995666,0,normal,0,hit_day,1,3,4,18900.0,12200.0,7700.0,hit1,0.0,1,1,1,0,rank1
2026-03-28,2026-03,Saturday,2F_N,xgb_ranker_ndcg,full_2025,1.0,0,0.9994462843055144,64100.0,0.5,0.9994462843055144,8,0.5497855372094304,21900.0,0.5,0.5497855372094304,0.4496607470960839,1.0,1.0,Q4,91.0,1.774133804251471,1,high_anomaly,0,hit_day,0,2,8,64100.0,25000.0,21900.0,hit1,0.0,0,1,0,0,rank1
2026-03-28,2026-03,Saturday,3F_A,xgb_ranker_ndcg,full_2025,0.75,5,0.9589705146929646,17100.0,0.5,0.9589705146929646,6,0.887556846529424,15100.0,0.5,0.887556846529424,0.0714136681635405,1.0,1.0,Q2,91.0,1.774133804251471,1,high_anomaly,0,hit_day,5,6,4,17100.0,15100.0,10800.0,hit1,0.0,5,1,1,0,rank1
2026-03-28,2026-03,Saturday,3F_N,xgb_ranker_ndcg,recent_60d,0.75,1,0.9977699642462544,32100.0,0.5,0.9977699642462544,7,0.969007627191307,20800.0,0.5,0.969007627191307,0.0287623370549474,1.0,1.0,Q2,91.0,1.774133804251471,1,high_anomaly,0,hit_day,1,7,6,32100.0,20800.0,17000.0,hit1,0.0,1,1,1,0,rank1
2026-03-29,2026-03,Sunday,2F_N,xgb_ranker_ndcg,full_2025,1.0,1,0.9775773187956088,32500.0,0.5,0.9775773187956088,0,0.9496744610821344,29700.0,0.5,0.9496744610821344,0.0279028577134745,1.0,1.0,Q2,79.0,-1.437482700060934,0,normal,0,hit_day,1,0,7,32500.0,29700.0,-1300.0,hit1,0.0,1,1,1,0,rank1
2026-03-29,2026-03,Sunday,3F_A,xgb_ranker_ndcg,full_2025,0.75,0,0.2321507552095675,6300.0,0.5,0.2321507552095675,8,0.023814978192628,5700.0,0.5,0.023814978192628,0.2083357770169395,1.0,1.0,Q3,79.0,-1.437482700060934,0,normal,0,hit_day,0,8,3,6300.0,5700.0,2900.0,hit1,0.0,0,1,1,0,rank1
2026-03-29,2026-03,Sunday,3F_N,xgb_ranker_ndcg,recent_60d,1.0,6,0.8525874474433572,19500.0,0.5,0.8525874474433572,4,0.7941867687317418,17700.0,0.5,0.7941867687317418,0.0584006787116154,1.0,1.0,Q2,79.0,-1.437482700060934,0,normal,0,hit_day,6,4,3,19500.0,17700.0,-800.0,hit1,0.0,6,1,1,0,rank1
2026-03-30,2026-03,Monday,2F_N,xgb_ranker_ndcg,full_2025,1.0,7,0.9876108430123652,37600.0,0.5,0.9876108430123652,5,0.9172958024444678,24900.0,0.5,0.9172958024444678,0.0703150405678972,1.0,1.0,Q2,79.0,1.4527352867888843,0,normal,0,hit_day,7,5,3,37600.0,24900.0,17600.0,hit1,0.0,7,1,1,0,rank1
2026-03-30,2026-03,Monday,3F_A,xgb_ranker_ndcg,full_2025,0.75,5,0.9749082229675556,15200.0,0.5,0.9749082229675556,3,0.952004413555034,22700.0,0.5,0.952004413555034,0.0229038094125216,1.0,1.0,Q2,79.0,1.4527352867888843,0,normal,0,hit_day,3,7,4,22700.0,16500.0,15600.0,miss1_hit2,0.0,3,0,1,0,rank2
2026-03-30,2026-03,Monday,3F_N,xgb_ranker_ndcg,recent_60d,0.75,7,0.9956741352341136,27500.0,0.5,0.9956741352341136,2,0.9944261992634544,25900.0,0.5,0.9944261992634544,0.0012479359706591,1.0,1.0,Q1,79.0,1.4527352867888843,0,normal,0,hit_day,7,2,4,27500.0,25900.0,5900.0,hit1,0.0,7,1,1,0,rank1
2026-03-31,2026-03,Tuesday,2F_N,xgb_ranker_ndcg,full_2025,1.0,5,0.0950755150555415,13400.0,0.5,0.0950755150555415,2,0.0073180417429333,3700.0,0.5,0.0073180417429333,0.0877574733126082,1.0,1.0,Q2,64.5,-0.17178777594809957,0,normal,0,hit_day,5,7,6,13400.0,7000.0,3800.0,hit1,0.0,5,1,0,0,rank1
2026-03-31,2026-03,Tuesday,3F_A,xgb_ranker_ndcg,full_2025,0.75,4,0.5491520185318784,8900.0,0.5,0.5491520185318784,0,0.1929082298819792,7500.0,0.5,0.1929082298819792,0.3562437886498992,1.0,1.0,Q3,64.5,-0.17178777594809957,0,normal,0,hit_day,4,0,8,8900.0,7500.0,5400.0,hit1,0.0,4,1,1,0,rank1
2026-03-31,2026-03,Tuesday,3F_N,xgb_ranker_ndcg,recent_60d,1.25,8,0.9972640300135988,38900.0,0.5,0.9972640300135988,5,0.6085764833208235,12500.0,0.5,0.6085764833208235,0.3886875466927753,1.0,1.0,Q3,64.5,-0.17178777594809957,0,normal,0,hit_day,8,3,5,38900.0,13600.0,12500.0,hit1,0.0,8,1,0,0,rank1
2026-04-01,2026-04,Wednesday,2F_N,xgb_ranker_ndcg,full_2025,0.75,2,0.7131700294403718,21300.0,0.5,0.7131700294403718,1,0.00404095904128,-900.0,0.5,0.00404095904128,0.7091290703990918,1.0,1.0,Q4,64.5,1.471732744760172,0,normal,0,hit_day,2,7,8,21300.0,14100.0,14100.0,hit1,0.0,2,1,0,0,rank1
2026-04-01,2026-04,Wednesday,3F_A,xgb_ranker_ndcg,full_2025,0.75,2,0.9926686931584332,20500.0,0.5,0.9926686931584332,3,0.9922219849529136,16100.0,0.5,0.9922219849529136,0.0004467082055198,1.0,1.0,Q1,64.5,1.471732744760172,0,normal,0,hit_day,2,0,3,20500.0,18400.0,16100.0,hit1,0.0,2,1,0,0,rank1
2026-04-01,2026-04,Wednesday,3F_N,xgb_ranker_ndcg,full_2025,0.75,7,0.9895949711215842,33600.0,0.5,0.9895949711215842,8,0.932440363410904,21000.0,0.5,0.932440363410904,0.0571546077106802,1.0,1.0,Q2,64.5,1.471732744760172,0,normal,0,hit_day,7,8,1,33600.0,21000.0,12200.0,hit1,0.0,7,1,1,0,rank1
2026-04-02,2026-04,Thursday,2F_N,xgb_ranker_ndcg,recent_60d,1.0,2,0.9930698501454148,45600.0,0.5,0.9930698501454148,7,0.9604782660281408,25300.0,0.5,0.9604782660281408,0.0325915841172738,1.0,1.0,Q2,64.5,1.1566315993424223,0,normal,0,hit_day,2,0,7,45600.0,26200.0,25300.0,hit1,0.0,2,1,0,0,rank1
2026-04-02,2026-04,Thursday,3F_A,xgb_ranker_ndcg,full_2025,0.75,4,0.9659806334052484,10600.0,0.5,0.9659806334052484,8,0.442563649775719,5300.0,0.5,0.442563649775719,0.5234169836295295,1.0,1.0,Q4,64.5,1.1566315993424223,0,normal,0,hit_day,4,3,8,10600.0,5300.0,5300.0,hit1,0.0,4,1,0,0,rank1
2026-04-02,2026-04,Thursday,3F_N,xgb_ranker_ndcg,recent_60d,1.0,1,0.9963208513950488,15000.0,0.5,0.9963208513950488,3,0.9954894815394728,13500.0,0.5,0.9954894815394728,0.0008313698555757,1.0,1.0,Q1,64.5,1.1566315993424223,0,normal,0,hit_day,5,1,3,23100.0,15000.0,13500.0,hit1,8100.0,1,1,0,0,rank1
2026-04-03,2026-04,Friday,2F_N,xgb_ranker_ndcg,recent_60d,1.0,6,0.1462141113236845,15400.0,0.5,0.1462141113236845,4,0.1168541347474842,13200.0,0.5,0.1168541347474842,0.0293599765762002,1.0,1.0,Q2,82.0,0.29600467185056945,0,normal,0,hit_day,6,4,9,15400.0,13200.0,5300.0,hit1,0.0,6,1,1,0,rank1
2026-04-03,2026-04,Friday,3F_A,xgb_ranker_ndcg,full_2025,0.75,2,0.9693685959659488,12400.0,0.5,0.9693685959659488,8,0.912666984862497,10000.0,0.5,0.912666984862497,0.0567016111034519,1.0,1.0,Q2,82.0,0.29600467185056945,0,normal,0,hit_day,2,4,8,12400.0,10400.0,10000.0,hit1,0.0,2,1,0,0,rank1
2026-04-03,2026-04,Friday,3F_N,xgb_ranker_ndcg,recent_60d,1.25,2,0.99552369466381,18100.0,0.5,0.99552369466381,3,0.9911743368297292,16600.0,0.5,0.9911743368297292,0.0043493578340807,1.0,1.0,Q1,82.0,0.29600467185056945,0,normal,0,hit_day,2,3,5,18100.0,16600.0,10800.0,hit1,0.0,2,1,1,0,rank1
2026-04-04,2026-04,Saturday,2F_N,xgb_ranker_ndcg,recent_60d,1.25,6,0.997709793307515,31500.0,0.5,0.997709793307515,8,0.9828138701756184,51300.0,0.5,0.9828138701756184,0.0148959231318966,1.0,1.0,Q1,95.5,1.813054568762395,1,high_anomaly,0,hit_day,8,0,6,51300.0,50300.0,31500.0,miss1_hit2,0.0,8,0,1,0,rank2
2026-04-04,2026-04,Saturday,3F_A,xgb_ranker_ndcg,full_2025,0.75,3,0.9979542507154594,22500.0,0.5,0.9979542507154594,4,0.7668331449946946,14900.0,0.5,0.7668331449946946,0.2311211057207648,1.0,1.0,Q3,95.5,1.813054568762395,1,high_anomaly,0,hit_day,3,4,2,22500.0,14900.0,10500.0,hit1,0.0,3,1,1,0,rank1
2026-04-04,2026-04,Saturday,3F_N,xgb_ranker_ndcg,recent_60d,1.0,0,0.884031509217584,18300.0,0.5,0.884031509217584,9,0.6056230625558021,15100.0,0.5,0.6056230625558021,0.2784084466617819,1.0,1.0,Q3,95.5,1.813054568762395,1,high_anomaly,0,hit_day,0,9,3,18300.0,15100.0,400.0,hit1,0.0,0,1,1,0,rank1
2026-04-05,2026-04,Sunday,2F_N,xgb_ranker_ndcg,recent_60d,1.25,9,0.9968978296000666,33500.0,0.5,0.9968978296000666,1,0.9438809535580024,30800.0,0.5,0.9438809535580024,0.0530168760420642,1.0,1.0,Q2,82.0,-0.37174255027115866,0,normal,0,hit_day,9,1,5,33500.0,30800.0,6200.0,hit1,0.0,9,1,1,0,rank1
2026-04-05,2026-04,Sunday,3F_A,xgb_ranker_ndcg,full_2025,0.75,0,0.937041881260245,13000.0,0.5,0.937041881260245,6,0.7996627018262588,11700.0,0.5,0.7996627018262588,0.1373791794339862,1.0,1.0,Q3,82.0,-0.37174255027115866,0,normal,0,hit_day,0,6,2,13000.0,11700.0,4200.0,hit1,0.0,0,1,1,0,rank1
2026-04-05,2026-04,Sunday,3F_N,xgb_ranker_ndcg,recent_60d,0.75,7,0.9770655595989952,17700.0,0.5,0.9770655595989952,6,0.6274455174311683,11400.0,0.5,0.6274455174311683,0.349620042167827,1.0,1.0,Q3,82.0,-0.37174255027115866,0,normal,0,hit_day,7,6,8,17700.0,11400.0,2500.0,hit1,0.0,7,1,1,0,rank1
2026-04-06,2026-04,Monday,2F_N,xgb_ranker_ndcg,recent_60d,0.75,5,0.974659115212948,19900.0,0.5,0.974659115212948,4,0.8494625518256119,15900.0,0.5,0.8494625518256119,0.1251965633873359,1.0,1.0,Q3,83.0,-0.08330517348086003,0,normal,0,hit_day,5,4,8,19900.0,15900.0,12900.0,hit1,0.0,5,1,1,0,rank1
2026-04-06,2026-04,Monday,3F_A,xgb_ranker_ndcg,full_2025,0.75,4,0.1498601192643636,5600.0,0.5,0.1498601192643636,3,0.0331464629697808,4100.0,0.5,0.0331464629697808,0.1167136562945828,1.0,1.0,Q3,83.0,-0.08330517348086003,0,normal,0,hit_day,4,3,0,5600.0,4100.0,3700.0,hit1,0.0,4,1,1,0,rank1
2026-04-06,2026-04,Monday,3F_N,xgb_ranker_ndcg,recent_60d,1.0,3,0.99692851354209,21000.0,0.5,0.99692851354209,6,0.9966954001344992,15600.0,0.5,0.9966954001344992,0.000233113407591,1.0,1.0,Q1,83.0,-0.08330517348086003,0,normal,0,hit_day,3,6,0,21000.0,15600.0,9700.0,hit1,0.0,3,1,1,0,rank1
2026-04-07,2026-04,Tuesday,2F_N,xgb_ranker_ndcg,full_2025,1.0,9,0.4468524406679607,17800.0,0.5,0.4468524406679607,7,0.3177479458325259,16100.0,0.5,0.3177479458325259,0.1291044948354348,1.0,1.0,Q3,95.5,0.6567411298546758,0,normal,0,hit_day,9,7,8,17800.0,16100.0,14200.0,hit1,0.0,9,1,1,0,rank1
2026-04-07,2026-04,Tuesday,3F_A,xgb_ranker_ndcg,full_2025,0.75,1,0.9081863360575164,13000.0,0.5,0.9081863360575164,3,0.6463202966291375,9600.0,0.5,0.6463202966291375,0.2618660394283789,1.0,1.0,Q3,95.5,0.6567411298546758,0,normal,0,hit_day,4,1,3,14300.0,13000.0,9600.0,hit1,1300.0,1,1,0,0,rank1
2026-04-07,2026-04,Tuesday,3F_N,xgb_ranker_ndcg,recent_60d,0.75,7,0.9980854462664246,33900.0,0.5,0.9980854462664246,3,0.9855363528254146,23800.0,0.5,0.9855363528254146,0.0125490934410099,1.0,1.0,Q1,95.5,0.6567411298546758,0,normal,0,hit_day,7,3,4,33900.0,23800.0,14800.0,hit1,0.0,7,1,1,0,rank1
2026-04-08,2026-04,Wednesday,2F_N,xgb_ranker_ndcg,full_2025,0.75,7,0.9513447868651622,49600.0,0.5,0.9513447868651622,2,0.8046125435061308,22800.0,0.5,0.8046125435061308,0.1467322433590314,1.0,1.0,Q3,95.5,0.8830703256160332,0,normal,0,hit_day,7,2,1,49600.0,22800.0,13000.0,hit1,0.0,7,1,1,0,rank1
2026-04-08,2026-04,Wednesday,3F_A,xgb_ranker_ndcg,full_2025,0.75,2,0.9945021441460022,16000.0,0.5,0.9945021441460022,7,0.9920355113212354,20500.0,0.5,0.9920355113212354,0.0024666328247668,1.0,1.0,Q1,95.5,0.8830703256160332,0,normal,0,hit_day,7,2,4,20500.0,16000.0,6800.0,hit1,4500.0,2,1,1,0,rank1
2026-04-08,2026-04,Wednesday,3F_N,xgb_ranker_ndcg,full_2025,0.75,7,0.8362768521483839,45600.0,0.5,0.8362768521483839,0,0.7787010637123795,11200.0,0.5,0.7787010637123795,0.0575757884360044,1.0,1.0,Q2,95.5,0.8830703256160332,0,normal,0,hit_day,7,8,5,45600.0,14000.0,11600.0,hit1,0.0,7,1,0,0,rank1
2026-04-09,2026-04,Thursday,2F_N,xgb_ranker_ndcg,full_2025,1.0,8,0.9489129290190672,18700.0,0.5,0.9489129290190672,1,0.0357776186503236,3500.0,0.5,0.0357776186503236,0.9131353103687434,1.0,1.0,Q4,95.5,-0.6229284916319066,0,normal,0,hit_day,8,9,1,18700.0,8300.0,3500.0,hit1,0.0,8,1,0,0,rank1
2026-04-09,2026-04,Thursday,3F_A,xgb_ranker_ndcg,full_2025,0.75,9,0.5176262893290196,6700.0,0.5,0.5176262893290196,7,0.5047059653201972,6300.0,0.5,0.5047059653201972,0.0129203240088223,1.0,1.0,Q1,95.5,-0.6229284916319066,0,normal,0,hit_day,9,7,5,6700.0,6300.0,5500.0,hit1,0.0,9,1,1,0,rank1
2026-04-09,2026-04,Thursday,3F_N,xgb_ranker_ndcg,full_2025,1.0,9,0.998101839064938,33900.0,0.5,0.998101839064938,1,0.9610459100337372,20800.0,0.5,0.9610459100337372,0.0370559290312005,1.0,1.0,Q2,95.5,-0.6229284916319066,0,normal,0,hit_day,9,1,8,33900.0,20800.0,4900.0,hit1,0.0,9,1,1,0,rank1
2026-04-10,2026-04,Friday,2F_N,xgb_ranker_ndcg,full_2025,1.0,2,0.9964168775830222,36900.0,0.5,0.9964168775830222,9,0.8222126392744588,20200.0,0.5,0.8222126392744588,0.1742042383085634,1.0,1.0,Q3,95.5,-0.15409524483685347,0,normal,0,hit_day,2,9,6,36900.0,20200.0,16900.0,hit1,0.0,2,1,1,0,rank1
2026-04-10,2026-04,Friday,3F_A,xgb_ranker_ndcg,full_2025,0.75,6,0.6310733708465657,5100.0,0.5,0.6310733708465657,5,0.5503693351792128,7000.0,0.5,0.5503693351792128,0.0807040356673528,1.0,1.0,Q2,95.5,-0.15409524483685347,0,normal,0,hit_day,5,1,6,7000.0,5500.0,5100.0,miss1_hit2,0.0,5,0,1,0,rank2
2026-04-10,2026-04,Friday,3F_N,xgb_ranker_ndcg,recent_60d,0.75,8,0.9979607384975238,33300.0,0.5,0.9979607384975238,6,0.2164141965968562,1500.0,0.5,0.2164141965968562,0.7815465419006675,1.0,1.0,Q4,95.5,-0.15409524483685347,0,normal,0,hit_day,8,0,6,33300.0,4500.0,1500.0,hit1,0.0,8,1,0,0,rank1
2026-04-11,2026-04,Saturday,2F_N,xgb_ranker_ndcg,full_2025,1.0,6,0.9432917525735932,35200.0,0.5,0.9432917525735932,1,0.8345268785241755,32100.0,0.5,0.8345268785241755,0.1087648740494175,1.0,1.0,Q3,95.5,1.3888752819300605,0,normal,0,hit_day,6,1,9,35200.0,32100.0,23000.0,hit1,0.0,6,1,1,0,rank1
2026-04-11,2026-04,Saturday,3F_A,xgb_ranker_ndcg,full_2025,0.75,5,0.9828894476038228,18600.0,0.5,0.9828894476038228,0,0.9298905369205164,15800.0,0.5,0.9298905369205164,0.0529989106833065,1.0,1.0,Q2,95.5,1.3888752819300605,0,normal,0,hit_day,5,0,9,18600.0,15800.0,6000.0,hit1,0.0,5,1,1,0,rank1
2026-04-11,2026-04,Saturday,3F_N,xgb_ranker_ndcg,full_2025,1.0,9,0.8345589107428469,18300.0,0.5,0.8345589107428469,2,0.4723789990665837,11900.0,0.5,0.4723789990665837,0.3621799116762632,1.0,1.0,Q3,95.5,1.3888752819300605,0,normal,0,hit_day,9,2,5,18300.0,11900.0,11500.0,hit1,0.0,9,1,1,0,rank1
2026-04-12,2026-04,Sunday,2F_N,xgb_ranker_ndcg,full_2025,1.0,8,0.9899312663546788,34400.0,0.5,0.9899312663546788,6,0.9846045897576724,34700.0,0.5,0.9846045897576724,0.0053266765970063,1.0,1.0,Q1,109.0,0.5900035095204137,0,normal,0,hit_day,6,8,5,34700.0,34400.0,26700.0,hit1,300.0,8,1,1,0,rank1
2026-04-12,2026-04,Sunday,3F_A,xgb_ranker_ndcg,recent_60d,1.25,1,0.3874610433417816,8000.0,0.5,0.3874610433417816,6,0.0405004999835115,3800.0,0.5,0.0405004999835115,0.3469605433582701,1.0,1.0,Q3,109.0,0.5900035095204137,0,normal,0,hit_day,1,6,7,8000.0,3800.0,3500.0,hit1,0.0,1,1,1,0,rank1
2026-04-12,2026-04,Sunday,3F_N,xgb_ranker_ndcg,recent_60d,1.0,5,0.9974367749196988,30800.0,0.5,0.9974367749196988,0,0.9836301616794528,20500.0,0.5,0.9836301616794528,0.013806613240246,1.0,1.0,Q1,109.0,0.5900035095204137,0,normal,0,hit_day,5,0,6,30800.0,20500.0,10400.0,hit1,0.0,5,1,1,0,rank1
2026-04-13,2026-04,Monday,2F_N,xgb_ranker_ndcg,recent_60d,1.0,0,0.9937956213857768,26200.0,0.5,0.9937956213857768,9,0.9922006709163672,24000.0,0.5,0.9922006709163672,0.0015949504694093,1.0,1.0,Q1,86.5,-0.814386573032941,0,normal,0,hit_day,0,9,1,26200.0,24000.0,22100.0,hit1,0.0,0,1,1,0,rank1
2026-04-13,2026-04,Monday,3F_A,xgb_ranker_ndcg,recent_60d,1.25,6,0.6369835900202145,7500.0,0.5,0.6369835900202145,4,0.0124156381546147,-6500.0,0.5,0.0124156381546147,0.6245679518655998,1.0,1.0,Q4,86.5,-0.814386573032941,0,normal,0,hit_day,6,0,3,7500.0,1100.0,-1600.0,hit1,0.0,6,1,0,0,rank1
2026-04-13,2026-04,Monday,3F_N,xgb_ranker_ndcg,recent_60d,0.75,6,0.9770405750476276,11600.0,0.5,0.9770405750476276,9,0.4393539718726132,6200.0,0.5,0.4393539718726132,0.5376866031750145,1.0,1.0,Q4,86.5,-0.814386573032941,0,normal,0,hit_day,6,5,9,11600.0,8100.0,6200.0,hit1,0.0,6,1,0,0,rank1
2026-04-14,2026-04,Tuesday,2F_N,xgb_ranker_ndcg,recent_60d,0.75,8,0.9928416420149436,34200.0,0.5,0.9928416420149436,5,0.9649452350717256,26100.0,0.5,0.9649452350717256,0.027896406943218,1.0,1.0,Q2,86.5,0.14928879580137544,0,normal,0,hit_day,8,5,3,34200.0,26100.0,17800.0,hit1,0.0,8,1,1,0,rank1
2026-04-14,2026-04,Tuesday,3F_A,xgb_ranker_ndcg,full_2025,0.75,1,0.9727734024090796,11100.0,0.5,0.9727734024090796,2,0.9038125686228432,7500.0,0.5,0.9038125686228432,0.0689608337862364,1.0,1.0,Q2,86.5,0.14928879580137544,0,normal,0,hit_day,1,2,4,11100.0,7500.0,7400.0,hit1,0.0,1,1,1,0,rank1
2026-04-14,2026-04,Tuesday,3F_N,xgb_ranker_ndcg,full_2025,1.0,5,0.3979438947156789,11900.0,0.5,0.3979438947156789,7,0.0102968938348484,300.0,0.5,0.0102968938348484,0.3876470008808305,1.0,1.0,Q3,86.5,0.14928879580137544,0,normal,0,hit_day,5,7,0,11900.0,300.0,-200.0,hit1,0.0,5,1,1,0,rank1
2026-04-15,2026-04,Wednesday,2F_N,xgb_ranker_ndcg,full_2025,0.75,9,0.992987172010338,37100.0,0.5,0.992987172010338,6,0.9893145022460186,35900.0,0.5,0.9893145022460186,0.0036726697643195,1.0,1.0,Q1,86.5,-0.15312105287690336,0,normal,0,hit_day,9,5,6,37100.0,36100.0,35900.0,hit1,0.0,9,1,0,0,rank1
2026-04-15,2026-04,Wednesday,3F_A,xgb_ranker_ndcg,full_2025,0.75,0,0.9954852102106664,26700.0,0.5,0.9954852102106664,5,0.8996569314087218,10500.0,0.5,0.8996569314087218,0.0958282788019445,1.0,1.0,Q2,86.5,-0.15312105287690336,0,normal,0,hit_day,0,5,3,26700.0,10500.0,-1100.0,hit1,0.0,0,1,1,0,rank1
2026-04-15,2026-04,Wednesday,3F_N,xgb_ranker_ndcg,full_2025,0.75,7,0.9456881456358563,22200.0,0.5,0.9456881456358563,9,0.8468666231498937,10400.0,0.5,0.8468666231498937,0.0988215224859627,1.0,1.0,Q3,86.5,-0.15312105287690336,0,normal,0,hit_day,7,9,6,22200.0,10400.0,6400.0,hit1,0.0,7,1,1,0,rank1
2026-04-16,2026-04,Thursday,2F_N,xgb_ranker_ndcg,full_2025,1.0,7,0.9947038959357672,31400.0,0.5,0.9947038959357672,0,0.0028525151910447,1800.0,0.5,0.0028525151910447,0.9918513807447226,1.0,1.0,Q4,86.5,-0.8421874348635298,0,normal,0,hit_day,7,0,5,31400.0,1800.0,-900.0,hit1,0.0,7,1,1,0,rank1
2026-04-16,2026-04,Thursday,3F_A,xgb_ranker_ndcg,full_2025,0.75,4,0.9908767811756054,10800.0,0.5,0.9908767811756054,1,0.9568122721804412,10400.0,0.5,0.9568122721804412,0.0340645089951643,1.0,1.0,Q2,86.5,-0.8421874348635298,0,normal,0,hit_day,4,1,2,10800.0,10400.0,9200.0,hit1,0.0,4,1,1,0,rank1
2026-04-16,2026-04,Thursday,3F_N,xgb_ranker_ndcg,full_2025,1.0,0,0.93596120984592,15900.0,0.5,0.93596120984592,8,0.2881058890079376,7500.0,0.5,0.2881058890079376,0.6478553208379825,1.0,1.0,Q4,86.5,-0.8421874348635298,0,normal,0,hit_day,0,8,6,15900.0,7500.0,4100.0,hit1,0.0,0,1,1,0,rank1
2026-04-17,2026-04,Friday,2F_N,xgb_ranker_ndcg,full_2025,1.0,4,0.0288888003987269,13300.0,0.5,0.0288888003987269,1,0.028862278338028,10100.0,0.5,0.028862278338028,2.652206069890875e-05,1.0,1.0,Q1,86.5,-1.1515045281120533,0,normal,0,hit_day,4,1,9,13300.0,10100.0,5100.0,hit1,0.0,4,1,1,0,rank1
2026-04-17,2026-04,Friday,3F_A,xgb_ranker_ndcg,full_2025,0.75,5,0.960875942160528,13300.0,0.5,0.960875942160528,1,0.9519596746189176,16800.0,0.5,0.9519596746189176,0.0089162675416102,1.0,1.0,Q1,86.5,-1.1515045281120533,0,normal,0,hit_day,1,5,9,16800.0,13300.0,11900.0,hit1,3500.0,5,1,1,0,rank1
2026-04-17,2026-04,Friday,3F_N,xgb_ranker_ndcg,full_2025,1.0,1,0.6441911983368016,14200.0,0.5,0.6441911983368016,0,0.2076985687551263,8400.0,0.5,0.2076985687551263,0.4364926295816752,1.0,1.0,Q4,86.5,-1.1515045281120533,0,normal,0,hit_day,1,0,7,14200.0,8400.0,4200.0,hit1,0.0,1,1,1,0,rank1
2026-04-18,2026-04,Saturday,2F_N,xgb_ranker_ndcg,full_2025,1.0,4,0.9985448906418876,44100.0,0.5,0.9985448906418876,2,0.3560279279788458,18200.0,0.5,0.3560279279788458,0.6425169626630416,1.0,1.0,Q4,86.5,0.6259440497735475,0,normal,0,hit_day,4,2,7,44100.0,18200.0,18000.0,hit1,0.0,4,1,1,0,rank1
2026-04-18,2026-04,Saturday,3F_A,xgb_ranker_ndcg,full_2025,0.75,2,0.927715167568391,13600.0,0.5,0.927715167568391,3,0.5295341116819101,5600.0,0.5,0.5295341116819101,0.3981810558864809,1.0,1.0,Q3,86.5,0.6259440497735475,0,normal,0,hit_day,2,0,3,13600.0,5700.0,5600.0,hit1,0.0,2,1,0,0,rank1
2026-04-18,2026-04,Saturday,3F_N,xgb_ranker_ndcg,full_2025,1.0,0,0.9205954983643304,18400.0,0.5,0.9205954983643304,4,0.8157946850775629,16300.0,0.5,0.8157946850775629,0.1048008132867676,1.0,1.0,Q3,86.5,0.6259440497735475,0,normal,0,hit_day,0,4,5,18400.0,16300.0,13000.0,hit1,0.0,0,1,1,0,rank1
2026-04-19,2026-04,Sunday,2F_N,xgb_ranker_ndcg,recent_60d,0.75,8,0.9962619312774748,39200.0,0.5,0.9962619312774748,2,0.4964327856329701,12400.0,0.5,0.4964327856329701,0.4998291456445046,1.0,1.0,Q4,86.5,-0.4185484695300253,0,normal,0,hit_day,8,2,3,39200.0,12400.0,2400.0,hit1,0.0,8,1,1,0,rank1
2026-04-19,2026-04,Sunday,3F_A,xgb_ranker_ndcg,full_2025,0.75,3,0.8970166107145672,12000.0,0.5,0.8970166107145672,0,0.5497293518434498,8800.0,0.5,0.5497293518434498,0.3472872588711173,1.0,1.0,Q3,86.5,-0.4185484695300253,0,normal,0,hit_day,3,0,8,12000.0,8800.0,7300.0,hit1,0.0,3,1,1,0,rank1
2026-04-19,2026-04,Sunday,3F_N,xgb_ranker_ndcg,full_2025,1.0,1,0.9920932807982594,26800.0,0.5,0.9920932807982594,3,0.903047190804319,23900.0,0.5,0.903047190804319,0.0890460899939403,1.0,1.0,Q2,86.5,-0.4185484695300253,0,normal,0,hit_day,1,3,5,26800.0,23900.0,7800.0,hit1,0.0,1,1,1,0,rank1
2026-04-20,2026-04,Monday,2F_N,xgb_ranker_ndcg,full_2025,1.0,1,0.909361636038492,21900.0,0.5,0.909361636038492,9,0.6283321207224342,15800.0,0.5,0.6283321207224342,0.2810295153160578,1.0,1.0,Q3,74.0,-0.04396552008086611,0,normal,0,hit_day,1,9,3,21900.0,15800.0,5500.0,hit1,0.0,1,1,1,0,rank1
2026-04-20,2026-04,Monday,3F_A,xgb_ranker_ndcg,full_2025,0.75,1,0.9277710906268056,12800.0,0.5,0.9277710906268056,0,0.6557053727236594,7200.0,0.5,0.6557053727236594,0.2720657179031462,1.0,1.0,Q3,74.0,-0.04396552008086611,0,normal,0,hit_day,1,0,9,12800.0,7200.0,2000.0,hit1,0.0,1,1,1,0,rank1
2026-04-20,2026-04,Monday,3F_N,xgb_ranker_ndcg,full_2025,1.0,7,0.99245993445574,32400.0,0.5,0.99245993445574,5,0.0170103434511193,1900.0,0.5,0.0170103434511193,0.9754495910046208,1.0,1.0,Q4,74.0,-0.04396552008086611,0,normal,0,hit_day,7,2,6,32400.0,5500.0,5200.0,hit1,0.0,7,1,0,0,rank1
2026-04-21,2026-04,Tuesday,2F_N,xgb_ranker_ndcg,full_2025,1.0,0,0.996404511950372,42100.0,0.5,0.996404511950372,9,0.1001240042292339,13200.0,0.5,0.1001240042292339,0.896280507721138,1.0,1.0,Q4,74.0,0.11425264286306329,0,normal,0,hit_day,0,9,6,42100.0,13200.0,5900.0,hit1,0.0,0,1,1,0,rank1
2026-04-21,2026-04,Tuesday,3F_A,xgb_ranker_ndcg,full_2025,0.75,9,0.9709230041155066,12100.0,0.5,0.9709230041155066,3,0.9488176197888868,11400.0,0.5,0.9488176197888868,0.0221053843266197,1.0,1.0,Q2,74.0,0.11425264286306329,0,normal,0,hit_day,9,3,0,12100.0,11400.0,7400.0,hit1,0.0,9,1,1,0,rank1
2026-04-21,2026-04,Tuesday,3F_N,xgb_ranker_ndcg,full_2025,1.0,2,0.989959714811274,22600.0,0.5,0.989959714811274,3,0.6755872761904388,14700.0,0.5,0.6755872761904388,0.3143724386208352,1.0,1.0,Q3,74.0,0.11425264286306329,0,normal,0,hit_day,2,3,8,22600.0,14700.0,9200.0,hit1,0.0,2,1,1,0,rank1
2026-04-22,2026-04,Wednesday,2F_N,xgb_ranker_ndcg,full_2025,0.75,6,0.975569961480458,49600.0,0.5,0.975569961480458,2,0.5295791007153219,19700.0,0.5,0.5295791007153219,0.445990860765136,1.0,1.0,Q4,74.0,-0.23937109676893717,0,normal,0,hit_day,6,2,8,49600.0,19700.0,18800.0,hit1,0.0,6,1,1,0,rank1
2026-04-22,2026-04,Wednesday,3F_A,xgb_ranker_ndcg,full_2025,0.75,7,0.077324405492426,4300.0,0.5,0.077324405492426,3,0.0609289470579081,6100.0,0.5,0.0609289470579081,0.0163954584345179,1.0,1.0,Q1,74.0,-0.23937109676893717,0,normal,0,hit_day,8,3,7,6300.0,6100.0,4300.0,miss1_hit2,200.0,3,0,1,0,rank2
2026-04-22,2026-04,Wednesday,3F_N,xgb_ranker_ndcg,full_2025,0.75,1,0.9898331642322454,17500.0,0.5,0.9898331642322454,4,0.2189049951855602,8200.0,0.5,0.2189049951855602,0.7709281690466852,1.0,1.0,Q4,74.0,-0.23937109676893717,0,normal,0,hit_day,1,4,6,17500.0,8200.0,7400.0,hit1,0.0,1,1,1,0,rank1
2026-04-23,2026-04,Thursday,2F_N,xgb_ranker_ndcg,full_2025,1.0,9,0.998224828191459,37500.0,0.5,0.998224828191459,6,0.9938482295453676,29100.0,0.5,0.9938482295453676,0.0043765986460914,1.0,1.0,Q1,74.0,-1.7041469666291595,1,low_anomaly,0,hit_day,9,6,5,37500.0,29100.0,-100.0,hit1,0.0,9,1,1,0,rank1
2026-04-23,2026-04,Thursday,3F_A,xgb_ranker_ndcg,full_2025,0.75,3,0.7869667765080522,6500.0,0.5,0.7869667765080522,4,0.5399407721987726,4700.0,0.5,0.5399407721987726,0.2470260043092796,1.0,1.0,Q3,74.0,-1.7041469666291595,1,low_anomaly,0,hit_day,3,4,7,6500.0,4700.0,2500.0,hit1,0.0,3,1,1,0,rank1
2026-04-23,2026-04,Thursday,3F_N,xgb_ranker_ndcg,full_2025,1.0,9,0.0137045192498536,1400.0,0.5,0.0137045192498536,5,0.0010021161290039,-7000.0,0.5,0.0010021161290039,0.0127024031208496,1.0,1.0,Q1,74.0,-1.7041469666291595,1,low_anomaly,0,hit_day,9,7,8,1400.0,-2100.0,-4800.0,hit1,0.0,9,1,0,0,rank1
2026-04-24,2026-04,Friday,2F_N,xgb_ranker_ndcg,recent_60d,1.0,8,0.3504915553472095,14900.0,0.5,0.3504915553472095,0,0.2218581854975342,15100.0,0.5,0.2218581854975342,0.1286333698496753,1.0,1.0,Q3,74.0,-0.7606543336461212,0,normal,0,hit_day,0,8,6,15100.0,14900.0,8400.0,hit1,200.0,8,1,1,0,rank1
2026-04-24,2026-04,Friday,3F_A,xgb_ranker_ndcg,full_2025,0.75,2,0.9511731127719558,9400.0,0.5,0.9511731127719558,1,0.6638954983590531,8800.0,0.5,0.6638954983590531,0.2872776144129026,1.0,1.0,Q3,74.0,-0.7606543336461212,0,normal,0,hit_day,2,1,7,9400.0,8800.0,6300.0,hit1,0.0,2,1,1,0,rank1
2026-04-24,2026-04,Friday,3F_N,xgb_ranker_ndcg,full_2025,1.0,9,0.9945964504173396,27100.0,0.5,0.9945964504173396,5,0.9832848998149014,22500.0,0.5,0.9832848998149014,0.0113115506024381,1.0,1.0,Q1,74.0,-0.7606543336461212,0,normal,0,hit_day,9,5,0,27100.0,22500.0,2400.0,hit1,0.0,9,1,1,0,rank1
2026-04-25,2026-04,Saturday,2F_N,xgb_ranker_ndcg,recent_60d,0.75,8,0.97764618426451,29400.0,0.5,0.97764618426451,9,0.3829388099209587,17700.0,0.5,0.3829388099209587,0.5947073743435514,1.0,1.0,Q4,70.5,-0.17571931487646203,0,normal,0,hit_day,8,4,9,29400.0,21800.0,17700.0,hit1,0.0,8,1,0,0,rank1
2026-04-25,2026-04,Saturday,3F_A,xgb_ranker_ndcg,full_2025,0.75,2,0.9477987235623866,16600.0,0.5,0.9477987235623866,3,0.0418194562242782,5200.0,0.5,0.0418194562242782,0.9059792673381084,1.0,1.0,Q4,70.5,-0.17571931487646203,0,normal,0,hit_day,2,3,9,16600.0,5200.0,-2100.0,hit1,0.0,2,1,1,0,rank1
2026-04-25,2026-04,Saturday,3F_N,xgb_ranker_ndcg,recent_60d,0.75,5,0.9650055817192064,26700.0,0.5,0.9650055817192064,0,0.9566841225454812,21800.0,0.5,0.9566841225454812,0.0083214591737251,1.0,1.0,Q1,70.5,-0.17571931487646203,0,normal,0,hit_day,5,0,9,26700.0,21800.0,14000.0,hit1,0.0,5,1,1,0,rank1
2026-04-26,2026-04,Sunday,2F_N,xgb_ranker_ndcg,recent_60d,0.75,1,0.5024558408601625,23700.0,0.5,0.5024558408601625,5,0.4902258162839857,23000.0,0.5,0.4902258162839857,0.0122300245761767,1.0,1.0,Q1,74.0,1.6480957411858461,1,high_anomaly,0,hit_day,1,5,7,23700.0,23000.0,6900.0,hit1,0.0,1,1,1,0,rank1
2026-04-26,2026-04,Sunday,3F_A,xgb_ranker_ndcg,full_2025,0.75,7,0.9714883045950948,16900.0,0.5,0.9714883045950948,5,0.4266338302656298,8400.0,0.5,0.4266338302656298,0.5448544743294652,1.0,1.0,Q4,74.0,1.6480957411858461,1,high_anomaly,0,hit_day,7,5,8,16900.0,8400.0,7300.0,hit1,0.0,7,1,1,0,rank1
2026-04-26,2026-04,Sunday,3F_N,xgb_ranker_ndcg,full_2025,1.0,1,0.9969341764410944,49200.0,0.5,0.9969341764410944,7,0.9958743450730776,39500.0,0.5,0.9958743450730776,0.0010598313680166,1.0,1.0,Q1,74.0,1.6480957411858461,1,high_anomaly,0,hit_day,1,7,6,49200.0,39500.0,23200.0,hit1,0.0,1,1,1,0,rank1
2026-04-27,2026-04,Monday,2F_N,xgb_ranker_ndcg,recent_60d,0.75,4,0.9446010061690034,22300.0,0.5,0.9446010061690034,5,0.7194678090941612,12700.0,0.5,0.7194678090941612,0.2251331970748422,1.0,1.0,Q3,74.0,0.8653436702602229,0,normal,0,hit_day,4,6,7,22300.0,19300.0,13000.0,hit1,0.0,4,1,0,0,rank1
2026-04-27,2026-04,Monday,3F_A,xgb_ranker_ndcg,full_2025,0.75,7,0.7120765586429558,12000.0,0.5,0.7120765586429558,9,0.6850562716019754,8800.0,0.5,0.6850562716019754,0.0270202870409804,1.0,1.0,Q2,74.0,0.8653436702602229,0,normal,0,hit_day,7,9,0,12000.0,8800.0,2600.0,hit1,0.0,7,1,1,0,rank1
2026-04-27,2026-04,Monday,3F_N,xgb_ranker_ndcg,recent_60d,0.75,5,0.9976925871801722,31500.0,0.5,0.9976925871801722,8,0.7880971958417103,13400.0,0.5,0.7880971958417103,0.2095953913384618,1.0,1.0,Q3,74.0,0.8653436702602229,0,normal,0,hit_day,5,8,4,31500.0,13400.0,12100.0,hit1,0.0,5,1,1,0,rank1
2026-04-28,2026-04,Tuesday,2F_N,xgb_ranker_ndcg,recent_60d,1.25,5,0.9968600802274282,33000.0,0.5,0.9968600802274282,4,0.9931651101075124,30200.0,0.5,0.9931651101075124,0.0036949701199157,1.0,1.0,Q1,76.5,0.004526325280510238,0,normal,0,hit_day,5,4,6,33000.0,30200.0,10900.0,hit1,0.0,5,1,1,0,rank1
2026-04-28,2026-04,Tuesday,3F_A,xgb_ranker_ndcg,full_2025,0.75,8,0.9839389785282658,20100.0,0.5,0.9839389785282658,1,0.9290800129653856,8000.0,0.5,0.9290800129653856,0.0548589655628802,1.0,1.0,Q2,76.5,0.004526325280510238,0,normal,0,hit_day,8,1,3,20100.0,8000.0,3200.0,hit1,0.0,8,1,1,0,rank1
2026-04-28,2026-04,Tuesday,3F_N,xgb_ranker_ndcg,recent_60d,0.75,3,0.9920779191216942,16900.0,0.5,0.9920779191216942,7,0.0353446145656721,5100.0,0.5,0.0353446145656721,0.956733304556022,1.0,1.0,Q4,76.5,0.004526325280510238,0,normal,0,hit_day,3,7,2,16900.0,5100.0,-3900.0,hit1,0.0,3,1,1,0,rank1
2026-04-29,2026-04,Wednesday,2F_N,xgb_ranker_ndcg,full_2025,0.75,4,0.8600054548863997,28200.0,0.5,0.8600054548863997,9,0.8435262967371706,34100.0,0.5,0.8435262967371706,0.016479158149229,1.0,1.0,Q1,74.0,-1.3983618843849053,0,normal,0,hit_day,9,4,1,34100.0,28200.0,16600.0,hit1,5900.0,4,1,1,0,rank1
2026-04-29,2026-04,Wednesday,3F_A,xgb_ranker_ndcg,full_2025,0.75,9,0.7907284405654301,13500.0,0.5,0.7907284405654301,2,0.0540045878363685,6500.0,0.5,0.0540045878363685,0.7367238527290616,1.0,1.0,Q4,74.0,-1.3983618843849053,0,normal,0,hit_day,9,2,6,13500.0,6500.0,4800.0,hit1,0.0,9,1,1,0,rank1
2026-04-29,2026-04,Wednesday,3F_N,xgb_ranker_ndcg,full_2025,0.75,4,0.99327621477258,22500.0,0.5,0.99327621477258,2,0.0062214045168722,-19400.0,0.5,0.0062214045168722,0.9870548102557076,1.0,1.0,Q4,74.0,-1.3983618843849053,0,normal,0,hit_day,4,6,5,22500.0,2400.0,-1000.0,hit1,0.0,4,1,0,0,rank1
2026-04-30,2026-04,Thursday,2F_N,xgb_ranker_ndcg,recent_60d,1.0,3,0.9952174660965768,52700.0,0.5,0.9952174660965768,2,0.9948106219210724,50500.0,0.5,0.9948106219210724,0.0004068441755044,1.0,1.0,Q1,74.0,1.441109711789411,0,normal,0,hit_day,3,2,6,52700.0,50500.0,16700.0,hit1,0.0,3,1,1,0,rank1
2026-04-30,2026-04,Thursday,3F_A,xgb_ranker_ndcg,recent_60d,0.75,1,0.983541923787866,20500.0,0.5,0.983541923787866,8,0.9220101725448928,12800.0,0.5,0.9220101725448928,0.0615317512429732,1.0,1.0,Q2,74.0,1.441109711789411,0,normal,0,hit_day,1,9,8,20500.0,14600.0,12800.0,hit1,0.0,1,1,0,0,rank1
2026-04-30,2026-04,Thursday,3F_N,xgb_ranker_ndcg,recent_60d,0.75,2,0.9959552374538956,21600.0,0.5,0.9959552374538956,4,0.9948666560497152,36800.0,0.5,0.9948666560497152,0.0010885814041804,1.0,1.0,Q1,74.0,1.441109711789411,0,normal,0,hit_day,4,2,5,36800.0,21600.0,12900.0,hit1,15200.0,2,1,1,0,rank1
2026-05-01,2026-05,Friday,2F_N,xgb_ranker_ndcg,recent_60d,1.0,7,0.9934113114233228,55100.0,0.5,0.9934113114233228,9,0.982974804100588,26700.0,0.5,0.982974804100588,0.0104365073227346,1.0,1.0,Q1,74.0,1.7856313013639145,1,high_anomaly,0,hit_day,7,6,9,55100.0,29200.0,26700.0,hit1,0.0,7,1,0,0,rank1
2026-05-01,2026-05,Friday,3F_A,xgb_ranker_ndcg,recent_60d,0.75,3,0.9872483121340396,10800.0,0.5,0.9872483121340396,2,0.4902256207809843,7100.0,0.5,0.4902256207809843,0.4970226913530551,1.0,1.0,Q4,74.0,1.7856313013639145,1,high_anomaly,0,hit_day,3,4,2,10800.0,7600.0,7100.0,hit1,0.0,3,1,0,0,rank1
2026-05-01,2026-05,Friday,3F_N,xgb_ranker_ndcg,recent_60d,0.75,9,0.9978044012500636,37400.0,0.5,0.9978044012500636,3,0.988624078000417,18900.0,0.5,0.988624078000417,0.0091803232496466,1.0,1.0,Q1,74.0,1.7856313013639145,1,high_anomaly,0,hit_day,9,3,5,37400.0,18900.0,11400.0,hit1,0.0,9,1,1,0,rank1
2026-05-02,2026-05,Saturday,2F_N,xgb_ranker_ndcg,recent_60d,0.75,5,0.997123437374214,36400.0,0.5,0.997123437374214,2,0.9965425340771348,31200.0,0.5,0.9965425340771348,0.0005809032970792,1.0,1.0,Q1,74.0,2.555733725468887,1,high_anomaly,0,hit_day,5,2,0,36400.0,31200.0,30000.0,hit1,0.0,5,1,1,0,rank1
2026-05-02,2026-05,Saturday,3F_A,xgb_ranker_ndcg,recent_60d,1.0,8,0.9755918968407998,10700.0,0.5,0.9755918968407998,7,0.93465729591073,10900.0,0.5,0.93465729591073,0.0409346009300698,1.0,1.0,Q2,74.0,2.555733725468887,1,high_anomaly,0,hit_day,5,7,8,10900.0,10900.0,10700.0,miss1_hit2,0.0,7,0,1,0,rank2
2026-05-02,2026-05,Saturday,3F_N,xgb_ranker_ndcg,recent_60d,1.0,6,0.9952181083457456,25900.0,0.5,0.9952181083457456,8,0.9914776843791012,16200.0,0.5,0.9914776843791012,0.0037404239666444,1.0,1.0,Q1,74.0,2.555733725468887,1,high_anomaly,0,hit_day,6,3,8,25900.0,18200.0,16200.0,hit1,0.0,6,1,0,0,rank1
2026-05-03,2026-05,Sunday,2F_N,xgb_ranker_ndcg,recent_60d,0.75,0,0.7006202968735867,22300.0,0.5,0.7006202968735867,7,0.0046497663644135,1400.0,0.5,0.0046497663644135,0.6959705305091732,1.0,1.0,Q4,74.0,-1.9236586686754915,1,low_anomaly,0,hit_day,0,3,5,22300.0,3100.0,2100.0,hit1,0.0,0,1,0,0,rank1
2026-05-03,2026-05,Sunday,3F_A,xgb_ranker_ndcg,recent_60d,0.75,9,0.908791005891592,10000.0,0.5,0.908791005891592,5,0.8950917058051999,9900.0,0.5,0.8950917058051999,0.013699300086392,1.0,1.0,Q1,74.0,-1.9236586686754915,1,low_anomaly,0,hit_day,9,5,3,10000.0,9900.0,7000.0,hit1,0.0,9,1,1,0,rank1
2026-05-03,2026-05,Sunday,3F_N,xgb_ranker_ndcg,full_2025,1.0,6,0.8396738283113575,15100.0,0.5,0.8396738283113575,4,0.0009244815857893,-17200.0,0.5,0.0009244815857893,0.8387493467255682,1.0,1.0,Q4,74.0,-1.9236586686754915,1,low_anomaly,0,hit_day,6,0,5,15100.0,-6200.0,-7300.0,hit1,0.0,6,1,0,0,rank1
2026-05-04,2026-05,Monday,2F_N,xgb_ranker_ndcg,recent_60d,0.75,1,0.7418353642167157,12500.0,0.5,0.7418353642167157,6,0.2343138543089903,10100.0,0.5,0.2343138543089903,0.5075215099077254,1.0,1.0,Q4,72.5,-2.350577143761117,1,low_anomaly,0,hit_day,1,6,0,12500.0,10100.0,1400.0,hit1,0.0,1,1,1,0,rank1
2026-05-04,2026-05,Monday,3F_A,xgb_ranker_ndcg,recent_60d,0.75,0,0.8387830066093038,6000.0,0.5,0.8387830066093038,8,0.0319408268092789,4000.0,0.5,0.0319408268092789,0.8068421798000249,1.0,1.0,Q4,72.5,-2.350577143761117,1,low_anomaly,0,hit_day,0,8,7,6000.0,4000.0,3700.0,hit1,0.0,0,1,1,0,rank1
2026-05-04,2026-05,Monday,3F_N,xgb_ranker_ndcg,recent_60d,0.75,6,0.0121297022254953,-1700.0,0.5,0.0121297022254953,5,0.0026616049706578,-18200.0,0.5,0.0026616049706578,0.0094680972548375,1.0,1.0,Q1,72.5,-2.350577143761117,1,low_anomaly,0,hit_day,6,4,3,-1700.0,-3900.0,-4600.0,hit1,0.0,6,1,0,0,rank1
2026-05-05,2026-05,Tuesday,2F_N,xgb_ranker_ndcg,recent_60d,1.25,3,0.9961091398330992,32400.0,0.5,0.9961091398330992,8,0.99575603771499,67500.0,0.5,0.99575603771499,0.0003531021181093,1.0,1.0,Q1,72.5,2.035965292600166,1,high_anomaly,0,hit_day,8,3,2,67500.0,32400.0,28800.0,hit1,35100.0,3,1,1,0,rank1
2026-05-05,2026-05,Tuesday,3F_A,xgb_ranker_ndcg,full_2025,0.75,1,0.925280692298135,16400.0,0.5,0.925280692298135,9,0.805046613783864,13000.0,0.5,0.805046613783864,0.120234078514271,1.0,1.0,Q3,72.5,2.035965292600166,1,high_anomaly,0,hit_day,1,8,9,16400.0,14800.0,13000.0,hit1,0.0,1,1,0,0,rank1
2026-05-05,2026-05,Tuesday,3F_N,xgb_ranker_ndcg,full_2025,1.0,2,0.9904056207166004,28500.0,0.5,0.9904056207166004,4,0.9585844920861628,21000.0,0.5,0.9585844920861628,0.0318211286304375,1.0,1.0,Q2,72.5,2.035965292600166,1,high_anomaly,0,hit_day,2,4,9,28500.0,21000.0,15700.0,hit1,0.0,2,1,1,0,rank1
2026-05-06,2026-05,Wednesday,2F_N,xgb_ranker_ndcg,full_2025,0.75,6,0.8836890941279355,28100.0,0.5,0.8836890941279355,7,0.0054434297461631,-4700.0,0.5,0.0054434297461631,0.8782456643817724,1.0,1.0,Q4,68.5,-1.169984493028076,0,normal,0,hit_day,6,3,2,28100.0,8300.0,-1200.0,hit1,0.0,6,1,0,0,rank1
2026-05-06,2026-05,Wednesday,3F_A,xgb_ranker_ndcg,full_2025,0.75,6,0.0873976672685256,8100.0,0.5,0.0873976672685256,7,0.0073821705395671,-6800.0,0.5,0.0073821705395671,0.0800154967289584,1.0,1.0,Q2,68.5,-1.169984493028076,0,normal,0,hit_day,6,0,1,8100.0,3600.0,-1500.0,hit1,0.0,6,1,0,0,rank1
2026-05-06,2026-05,Wednesday,3F_N,xgb_ranker_ndcg,full_2025,0.75,5,0.9957617828925492,19300.0,0.5,0.9957617828925492,4,0.9689571011488648,20900.0,0.5,0.9689571011488648,0.0268046817436845,1.0,1.0,Q2,68.5,-1.169984493028076,0,normal,0,hit_day,4,5,1,20900.0,19300.0,10300.0,hit1,1600.0,5,1,1,0,rank1
2026-05-07,2026-05,Thursday,2F_N,xgb_ranker_ndcg,recent_60d,1.25,4,0.9800428417456666,25800.0,0.5,0.9800428417456666,5,0.9752935107636456,29100.0,0.5,0.9752935107636456,0.0047493309820209,1.0,1.0,Q1,72.5,0.35760298365184245,0,normal,0,hit_day,5,4,6,29100.0,25800.0,6300.0,hit1,3300.0,4,1,1,0,rank1
2026-05-07,2026-05,Thursday,3F_A,xgb_ranker_ndcg,full_2025,0.75,5,0.8715239357857597,11600.0,0.5,0.8715239357857597,0,0.8253381442508477,11300.0,0.5,0.8253381442508477,0.0461857915349119,1.0,1.0,Q2,72.5,0.35760298365184245,0,normal,0,hit_day,5,0,8,11600.0,11300.0,7200.0,hit1,0.0,5,1,1,0,rank1
2026-05-07,2026-05,Thursday,3F_N,xgb_ranker_ndcg,recent_60d,0.75,2,0.9910953856486606,25200.0,0.5,0.9910953856486606,1,0.4560654908221696,11100.0,0.5,0.4560654908221696,0.5350298948264911,1.0,1.0,Q4,72.5,0.35760298365184245,0,normal,0,hit_day,2,6,1,25200.0,13000.0,11100.0,hit1,0.0,2,1,0,0,rank1
2026-05-08,2026-05,Friday,2F_N,xgb_ranker_ndcg,recent_60d,0.75,2,0.9807214482233468,24700.0,0.5,0.9807214482233468,4,0.9490687118345984,40300.0,0.5,0.9490687118345984,0.0316527363887483,1.0,1.0,Q2,73.0,0.4145983939440653,0,normal,0,hit_day,4,2,1,40300.0,24700.0,15500.0,hit1,15600.0,2,1,1,0,rank1
2026-05-08,2026-05,Friday,3F_A,xgb_ranker_ndcg,full_2025,0.75,2,0.3970137211492353,6600.0,0.5,0.3970137211492353,6,0.0053921729145915,3900.0,0.5,0.0053921729145915,0.3916215482346438,1.0,1.0,Q3,73.0,0.4145983939440653,0,normal,0,hit_day,2,6,4,6600.0,3900.0,3300.0,hit1,0.0,2,1,1,0,rank1
2026-05-08,2026-05,Friday,3F_N,xgb_ranker_ndcg,recent_60d,0.75,1,0.9977541913073856,21200.0,0.5,0.9977541913073856,6,0.5060972645407151,8800.0,0.5,0.5060972645407151,0.4916569267666704,1.0,1.0,Q4,73.0,0.4145983939440653,0,normal,0,hit_day,1,5,6,21200.0,10000.0,8800.0,hit1,0.0,1,1,0,0,rank1
2026-05-09,2026-05,Saturday,2F_N,xgb_ranker_ndcg,full_2025,1.0,4,0.8410075535440458,22300.0,0.5,0.8410075535440458,3,0.7398201151703065,19200.0,0.5,0.7398201151703065,0.1011874383737392,1.0,1.0,Q3,68.5,-0.015642832401662237,0,normal,0,hit_day,4,3,9,22300.0,19200.0,19000.0,hit1,0.0,4,1,1,0,rank1
2026-05-09,2026-05,Saturday,3F_A,xgb_ranker_ndcg,full_2025,0.75,0,0.9503215918088652,12600.0,0.5,0.9503215918088652,1,0.8325603591625442,10600.0,0.5,0.8325603591625442,0.1177612326463211,1.0,1.0,Q3,68.5,-0.015642832401662237,0,normal,0,hit_day,0,1,9,12600.0,10600.0,10400.0,hit1,0.0,0,1,1,0,rank1
2026-05-09,2026-05,Saturday,3F_N,xgb_ranker_ndcg,recent_60d,0.75,0,0.9961188929333732,28700.0,0.5,0.9961188929333732,2,0.57532330167754,8300.0,0.5,0.57532330167754,0.4207955912558332,1.0,1.0,Q4,68.5,-0.015642832401662237,0,normal,0,hit_day,0,2,4,28700.0,8300.0,7300.0,hit1,0.0,0,1,1,0,rank1
2026-05-10,2026-05,Sunday,2F_N,xgb_ranker_ndcg,recent_60d,1.0,0,0.9973987948673888,39900.0,0.5,0.9973987948673888,9,0.9966358025175152,32000.0,0.5,0.9966358025175152,0.0007629923498737,1.0,1.0,Q1,68.5,0.6548651735295764,0,normal,0,hit_day,0,9,6,39900.0,32000.0,15500.0,hit1,0.0,0,1,1,0,rank1
2026-05-10,2026-05,Sunday,3F_A,xgb_ranker_ndcg,full_2025,0.75,9,0.9122558484745495,13300.0,0.5,0.9122558484745495,3,0.3195029145324039,7700.0,0.5,0.3195029145324039,0.5927529339421456,1.0,1.0,Q4,68.5,0.6548651735295764,0,normal,0,hit_day,9,3,6,13300.0,7700.0,6900.0,hit1,0.0,9,1,1,0,rank1
2026-05-10,2026-05,Sunday,3F_N,xgb_ranker_ndcg,full_2025,1.0,9,0.9973556836890248,49700.0,0.5,0.9973556836890248,6,0.9775013624872424,26400.0,0.5,0.9775013624872424,0.0198543212017826,1.0,1.0,Q2,68.5,0.6548651735295764,0,normal,0,hit_day,9,6,5,49700.0,26400.0,18700.0,hit1,0.0,9,1,1,0,rank1
2026-05-11,2026-05,Monday,2F_N,xgb_ranker_ndcg,recent_60d,0.75,4,0.8988582853495859,19900.0,0.5,0.8988582853495859,7,0.0320405808673145,7400.0,0.5,0.0320405808673145,0.8668177044822714,1.0,1.0,Q4,68.5,-0.6958572132450753,0,normal,0,hit_day,4,7,5,19900.0,7400.0,5900.0,hit1,0.0,4,1,1,0,rank1
2026-05-11,2026-05,Monday,3F_A,xgb_ranker_ndcg,full_2025,0.75,9,0.8360640832482098,7900.0,0.5,0.8360640832482098,4,0.5611319897110276,7700.0,0.5,0.5611319897110276,0.2749320935371822,1.0,1.0,Q3,68.5,-0.6958572132450753,0,normal,0,hit_day,9,4,5,7900.0,7700.0,4800.0,hit1,0.0,9,1,1,0,rank1
2026-05-11,2026-05,Monday,3F_N,xgb_ranker_ndcg,recent_60d,0.75,8,0.9965317577090111,17400.0,0.5,0.9965317577090111,6,0.2244011465709343,8400.0,0.5,0.2244011465709343,0.7721306111380768,1.0,1.0,Q4,68.5,-0.6958572132450753,0,normal,0,hit_day,8,6,5,17400.0,8400.0,8000.0,hit1,0.0,8,1,1,0,rank1
2026-05-12,2026-05,Tuesday,2F_N,xgb_ranker_ndcg,full_2025,1.0,6,0.863102131325039,18100.0,0.5,0.863102131325039,5,0.8545345334588982,17800.0,0.5,0.8545345334588982,0.0085675978661408,1.0,1.0,Q1,68.5,0.25893032526677506,0,normal,0,hit_day,6,9,5,18100.0,17900.0,17800.0,hit1,0.0,6,1,0,0,rank1
2026-05-12,2026-05,Tuesday,3F_A,xgb_ranker_ndcg,full_2025,0.75,5,0.927318023500019,10000.0,0.5,0.927318023500019,6,0.8118116653149974,7200.0,0.5,0.8118116653149974,0.1155063581850216,1.0,1.0,Q3,68.5,0.25893032526677506,0,normal,0,hit_day,5,6,9,10000.0,7200.0,4600.0,hit1,0.0,5,1,1,0,rank1
2026-05-12,2026-05,Tuesday,3F_N,xgb_ranker_ndcg,recent_60d,0.75,6,0.9977607560731264,16600.0,0.5,0.9977607560731264,7,0.9417640945449882,15500.0,0.5,0.9417640945449882,0.0559966615281382,1.0,1.0,Q2,68.5,0.25893032526677506,0,normal,0,hit_day,6,7,3,16600.0,15500.0,10300.0,hit1,0.0,6,1,1,0,rank1
2026-05-13,2026-05,Wednesday,2F_N,xgb_ranker_ndcg,full_2025,0.75,5,0.9829660238420518,27800.0,0.5,0.9829660238420518,6,0.5041531333127417,15900.0,0.5,0.5041531333127417,0.4788128905293101,1.0,1.0,Q4,67.5,-0.32681721359416216,0,normal,0,hit_day,5,6,8,27800.0,15900.0,11800.0,hit1,0.0,5,1,1,0,rank1
2026-05-13,2026-05,Wednesday,3F_A,xgb_ranker_ndcg,full_2025,0.75,5,0.9528233883599618,27300.0,0.5,0.9528233883599618,0,0.2165547468830536,7000.0,0.5,0.2165547468830536,0.7362686414769082,1.0,1.0,Q4,67.5,-0.32681721359416216,0,normal,0,hit_day,5,0,4,27300.0,7000.0,3200.0,hit1,0.0,5,1,1,0,rank1
2026-05-13,2026-05,Wednesday,3F_N,xgb_ranker_ndcg,full_2025,0.75,1,0.9824508848970168,16600.0,0.5,0.9824508848970168,2,0.4027412425952731,10100.0,0.5,0.4027412425952731,0.5797096423017436,1.0,1.0,Q4,67.5,-0.32681721359416216,0,normal,0,hit_day,1,2,7,16600.0,10100.0,6700.0,hit1,0.0,1,1,1,0,rank1
2026-05-14,2026-05,Thursday,2F_N,xgb_ranker_ndcg,recent_60d,1.0,9,0.9976357100158688,37800.0,0.5,0.9976357100158688,1,0.9203028044286156,11400.0,0.5,0.9203028044286156,0.0773329055872532,1.0,1.0,Q2,73.0,0.37472612652203036,0,normal,0,hit_day,9,1,4,37800.0,11400.0,11100.0,hit1,0.0,9,1,1,0,rank1
2026-05-14,2026-05,Thursday,3F_A,xgb_ranker_ndcg,full_2025,0.75,6,0.983768676209498,8100.0,0.5,0.983768676209498,3,0.9123045392470254,6900.0,0.5,0.9123045392470254,0.0714641369624727,1.0,1.0,Q2,73.0,0.37472612652203036,0,normal,0,hit_day,6,3,1,8100.0,6900.0,2200.0,hit1,0.0,6,1,1,0,rank1
2026-05-14,2026-05,Thursday,3F_N,xgb_ranker_ndcg,recent_60d,0.75,1,0.9971653806544648,17100.0,0.5,0.9971653806544648,5,0.9969795660394362,19300.0,0.5,0.9969795660394362,0.0001858146150287,1.0,1.0,Q1,73.0,0.37472612652203036,0,normal,0,hit_day,5,1,3,19300.0,17100.0,6800.0,hit1,2200.0,1,1,1,0,rank1
2026-05-15,2026-05,Friday,2F_N,xgb_ranker_ndcg,full_2025,1.0,6,0.9985207398177508,34500.0,0.5,0.9985207398177508,4,0.6300365200125995,17000.0,0.5,0.6300365200125995,0.3684842198051512,1.0,1.0,Q3,73.0,-0.5721327383318368,0,normal,0,hit_day,6,4,9,34500.0,17000.0,10000.0,hit1,0.0,6,1,1,0,rank1
2026-05-15,2026-05,Friday,3F_A,xgb_ranker_ndcg,full_2025,0.75,1,0.9253982985052768,7700.0,0.5,0.9253982985052768,9,0.9018139704149852,8600.0,0.5,0.9018139704149852,0.0235843280902914,1.0,1.0,Q2,73.0,-0.5721327383318368,0,normal,0,hit_day,9,1,4,8600.0,7700.0,6800.0,hit1,900.0,1,1,1,0,rank1
2026-05-15,2026-05,Friday,3F_N,xgb_ranker_ndcg,recent_60d,1.0,4,0.1640404800626098,9600.0,0.5,0.1640404800626098,9,0.1418498952962978,5600.0,0.5,0.1418498952962978,0.0221905847663119,1.0,1.0,Q2,73.0,-0.5721327383318368,0,normal,0,hit_day,4,3,9,9600.0,9500.0,5600.0,hit1,0.0,4,1,0,0,rank1
2026-05-16,2026-05,Saturday,2F_N,xgb_ranker_ndcg,full_2025,1.0,7,0.7576425360328949,28000.0,0.5,0.7576425360328949,6,0.7417113298181455,23800.0,0.5,0.7417113298181455,0.0159312062147494,1.0,1.0,Q1,73.0,1.0774916794503604,0,normal,0,hit_day,7,6,2,28000.0,23800.0,20200.0,hit1,0.0,7,1,1,0,rank1
2026-05-16,2026-05,Saturday,3F_A,xgb_ranker_ndcg,full_2025,0.75,0,0.9970163981467436,21800.0,0.5,0.9970163981467436,8,0.9500967707581311,12600.0,0.5,0.9500967707581311,0.0469196273886123,1.0,1.0,Q2,73.0,1.0774916794503604,0,normal,0,hit_day,0,8,2,21800.0,12600.0,8800.0,hit1,0.0,0,1,1,0,rank1
2026-05-16,2026-05,Saturday,3F_N,xgb_ranker_ndcg,recent_60d,0.75,5,0.7248100874295146,13400.0,0.5,0.7248100874295146,3,0.2208014817774074,12800.0,0.5,0.2208014817774074,0.5040086056521071,1.0,1.0,Q4,73.0,1.0774916794503604,0,normal,0,hit_day,2,5,3,14700.0,13400.0,12800.0,hit1,1300.0,5,1,0,0,rank1
2026-05-17,2026-05,Sunday,2F_N,xgb_ranker_ndcg,full_2025,1.0,2,0.997075314310916,47000.0,0.5,0.997075314310916,0,0.9032370846565876,33600.0,0.5,0.9032370846565876,0.0938382296543283,1.0,1.0,Q2,82.0,1.6600081526396038,1,high_anomaly,0,hit_day,2,0,1,47000.0,33600.0,26400.0,hit1,0.0,2,1,1,0,rank1
2026-05-17,2026-05,Sunday,3F_A,xgb_ranker_ndcg,full_2025,0.75,9,0.9829887954229256,20300.0,0.5,0.9829887954229256,1,0.6777533399004322,11000.0,0.5,0.6777533399004322,0.3052354555224935,1.0,1.0,Q3,82.0,1.6600081526396038,1,high_anomaly,0,hit_day,9,1,3,20300.0,11000.0,10100.0,hit1,0.0,9,1,1,0,rank1
2026-05-17,2026-05,Sunday,3F_N,xgb_ranker_ndcg,recent_60d,1.0,1,0.3314975480051781,11900.0,0.5,0.3314975480051781,5,0.183659117625995,12500.0,0.5,0.183659117625995,0.1478384303791831,1.0,1.0,Q3,82.0,1.6600081526396038,1,high_anomaly,0,hit_day,5,1,2,12500.0,11900.0,10300.0,hit1,600.0,1,1,1,0,rank1
2026-05-18,2026-05,Monday,2F_N,xgb_ranker_ndcg,recent_60d,0.75,3,0.9969024918690446,41400.0,0.5,0.9969024918690446,6,0.0845021970477716,8500.0,0.5,0.0845021970477716,0.9124002948212728,1.0,1.0,Q4,82.0,-0.052984657037252955,0,normal,0,hit_day,3,6,8,41400.0,8500.0,8300.0,hit1,0.0,3,1,1,0,rank1
2026-05-18,2026-05,Monday,3F_A,xgb_ranker_ndcg,full_2025,0.75,0,0.7387432345952464,8400.0,0.5,0.7387432345952464,3,0.6775255759690774,5500.0,0.5,0.6775255759690774,0.061217658626169,1.0,1.0,Q2,82.0,-0.052984657037252955,0,normal,0,hit_day,0,9,3,8400.0,7800.0,5500.0,hit1,0.0,0,1,0,0,rank1
2026-05-18,2026-05,Monday,3F_N,xgb_ranker_ndcg,recent_60d,1.0,7,0.9980069498121056,22900.0,0.5,0.9980069498121056,5,0.6509567954685455,7000.0,0.5,0.6509567954685455,0.3470501543435602,1.0,1.0,Q3,82.0,-0.052984657037252955,0,normal,0,hit_day,7,5,3,22900.0,7000.0,1800.0,hit1,0.0,7,1,1,0,rank1
2026-05-19,2026-05,Tuesday,2F_N,xgb_ranker_ndcg,full_2025,1.0,0,0.9976837633714276,38800.0,0.5,0.9976837633714276,3,0.9703046730427626,23400.0,0.5,0.9703046730427626,0.027379090328665,1.0,1.0,Q2,93.5,0.5647827536301053,0,normal,0,hit_day,0,3,5,38800.0,23400.0,21800.0,hit1,0.0,0,1,1,0,rank1
2026-05-19,2026-05,Tuesday,3F_A,xgb_ranker_ndcg,full_2025,0.75,9,0.9565167541613888,10800.0,0.5,0.9565167541613888,3,0.9548989006927068,9500.0,0.5,0.9548989006927068,0.001617853468682,1.0,1.0,Q1,93.5,0.5647827536301053,0,normal,0,hit_day,9,3,1,10800.0,9500.0,2800.0,hit1,0.0,9,1,1,0,rank1
2026-05-19,2026-05,Tuesday,3F_N,xgb_ranker_ndcg,full_2025,1.0,0,0.9933730782512816,23500.0,0.5,0.9933730782512816,5,0.391256611926248,12800.0,0.5,0.391256611926248,0.6021164663250337,1.0,1.0,Q4,93.5,0.5647827536301053,0,normal,0,hit_day,0,5,2,23500.0,12800.0,12400.0,hit1,0.0,0,1,1,0,rank1
2026-05-20,2026-05,Wednesday,2F_N,xgb_ranker_ndcg,full_2025,0.75,9,0.9935234064434876,66800.0,0.5,0.9935234064434876,8,0.2678523916588163,16900.0,0.5,0.2678523916588163,0.7256710147846711,1.0,1.0,Q4,120.5,0.2659447369285672,0,normal,0,hit_day,9,8,4,66800.0,16900.0,13000.0,hit1,0.0,9,1,1,0,rank1
2026-05-20,2026-05,Wednesday,3F_A,xgb_ranker_ndcg,full_2025,0.75,4,0.9914599863891034,25700.0,0.5,0.9914599863891034,2,0.0172559694433633,3600.0,0.5,0.0172559694433633,0.97420401694574,1.0,1.0,Q4,120.5,0.2659447369285672,0,normal,0,hit_day,4,3,2,25700.0,4000.0,3600.0,hit1,0.0,4,1,0,0,rank1
2026-05-20,2026-05,Wednesday,3F_N,xgb_ranker_ndcg,full_2025,0.75,3,0.9925066133608332,17400.0,0.5,0.9925066133608332,9,0.9913122564919716,42500.0,0.5,0.9913122564919716,0.0011943568688618,1.0,1.0,Q1,120.5,0.2659447369285672,0,normal,0,hit_day,9,3,1,42500.0,17400.0,7800.0,hit1,25100.0,3,1,1,0,rank1
2026-05-21,2026-05,Thursday,2F_N,xgb_ranker_ndcg,full_2025,1.0,7,0.9916450037448225,35800.0,0.5,0.9916450037448225,5,0.4742608627838168,16500.0,0.5,0.4742608627838168,0.5173841409610055,1.0,1.0,Q4,132.0,0.6770697005228594,0,normal,1,miss_day,7,6,5,35800.0,17700.0,16500.0,hit1,0.0,7,1,0,0,rank1
2026-05-21,2026-05,Thursday,3F_A,xgb_ranker_ndcg,recent_60d,1.25,1,0.9947638862213756,10400.0,0.5,0.9947638862213756,8,0.9925224453786106,10200.0,0.5,0.9925224453786106,0.002241440842765,0.0,1.0,Q1,132.0,0.6770697005228594,0,normal,1,miss_day,9,5,1,14000.0,10600.0,10400.0,critical_miss,3600.0,1,0,0,0,none
2026-05-21,2026-05,Thursday,3F_N,xgb_ranker_ndcg,full_2025,1.0,3,0.9940434307075268,22400.0,0.5,0.9940434307075268,1,0.972470756618252,24100.0,0.5,0.972470756618252,0.0215726740892746,1.0,1.0,Q2,132.0,0.6770697005228594,0,normal,1,miss_day,1,3,0,24100.0,22400.0,18200.0,hit1,1700.0,3,1,1,0,rank1
2026-05-22,2026-05,Friday,2F_N,xgb_ranker_ndcg,full_2025,1.0,6,0.9216286198740692,30300.0,0.5,0.9216286198740692,2,0.5446994345587144,28600.0,0.5,0.5446994345587144,0.3769291853153548,1.0,1.0,Q3,132.0,-0.2909726585717039,0,normal,0,hit_day,6,2,7,30300.0,28600.0,15500.0,hit1,0.0,6,1,1,0,rank1
2026-05-22,2026-05,Friday,3F_A,xgb_ranker_ndcg,full_2025,0.75,5,0.8248798554962149,9600.0,0.5,0.8248798554962149,9,0.3199267155901211,9600.0,0.5,0.3199267155901211,0.5049531399060938,1.0,1.0,Q4,132.0,-0.2909726585717039,0,normal,0,hit_day,5,9,1,9600.0,9600.0,6900.0,hit1,0.0,5,1,1,0,rank1
2026-05-22,2026-05,Friday,3F_N,xgb_ranker_ndcg,full_2025,1.0,6,0.8941383581709431,18900.0,0.5,0.8941383581709431,9,0.1142003635239966,7900.0,0.5,0.1142003635239966,0.7799379946469465,1.0,1.0,Q4,132.0,-0.2909726585717039,0,normal,0,hit_day,6,9,3,18900.0,7900.0,-700.0,hit1,0.0,6,1,1,0,rank1
2026-05-23,2026-05,Saturday,2F_N,xgb_ranker_ndcg,full_2025,1.0,1,0.0209350808627714,12300.0,0.5,0.0209350808627714,8,0.0109959671495979,5100.0,0.5,0.0109959671495979,0.0099391137131735,1.0,1.0,Q1,132.0,-1.301368144455515,0,normal,0,hit_day,1,6,8,12300.0,11800.0,5100.0,hit1,0.0,1,1,0,0,rank1
2026-05-23,2026-05,Saturday,3F_A,xgb_ranker_ndcg,full_2025,0.75,6,0.9817053999734076,15000.0,0.5,0.9817053999734076,1,0.0426037969485674,6400.0,0.5,0.0426037969485674,0.93910160302484,1.0,1.0,Q4,132.0,-1.301368144455515,0,normal,0,hit_day,6,1,0,15000.0,6400.0,6200.0,hit1,0.0,6,1,1,0,rank1
2026-05-23,2026-05,Saturday,3F_N,xgb_ranker_ndcg,full_2025,1.0,1,0.997002122994442,41600.0,0.5,0.997002122994442,0,0.2596379189824139,7000.0,0.5,0.2596379189824139,0.737364204012028,1.0,1.0,Q4,132.0,-1.301368144455515,0,normal,0,hit_day,1,0,8,41600.0,7000.0,6900.0,hit1,0.0,1,1,1,0,rank1
2026-05-24,2026-05,Sunday,2F_N,xgb_ranker_ndcg,recent_60d,0.75,0,0.0107463749668171,0.0,0.5,0.0107463749668171,9,0.004923456668012,0.0,0.5,0.004923456668012,0.005822918298805,1.0,1.0,Q1,132.0,1.2352169325877989,0,normal,0,hit_day,8,6,2,44500.0,30000.0,29000.0,critical_miss,45700.0,0,0,0,0,none
2026-05-24,2026-05,Sunday,3F_A,xgb_ranker_ndcg,recent_60d,1.0,7,0.0053850247954619,0.0,0.5,0.0053850247954619,3,0.0028425434229044,0.0,0.5,0.0028425434229044,0.0025424813725575,1.0,1.0,Q1,132.0,1.2352169325877989,0,normal,0,hit_day,9,0,2,13200.0,5600.0,4800.0,critical_miss,9800.0,7,0,0,0,none
2026-05-24,2026-05,Sunday,3F_N,xgb_ranker_ndcg,full_2025,1.0,3,0.001261618981754,0.0,0.5,0.001261618981754,8,0.0007679965016021,0.0,0.5,0.0007679965016021,0.0004936224801518,1.0,1.0,Q1,132.0,1.2352169325877989,0,normal,0,hit_day,4,2,8,19800.0,16300.0,13300.0,critical_miss,6500.0,3,0,0,0,none
