dd,category,value,win_rate,hit104_rate,avg_diff,n_records,n_machines,n_dates
1,machine_tail,0,34.89473684210526,0.0,-35.17611336032389,494,26,19
1,machine_tail,1,34.89473684210526,0.0,-161.25925925925927,513,27,19
1,machine_tail,2,34.89473684210526,0.0,-160.27095516569202,513,27,19
1,machine_tail,3,34.89473684210526,0.0,98.53801169590643,513,27,19
1,machine_tail,4,34.89473684210526,0.0,-221.16959064327486,513,27,19
1,machine_tail,5,34.89473684210526,0.0,-205.99436090225564,532,28,19
1,machine_tail,6,34.89473684210526,0.0,47.572874493927124,494,26,19
1,machine_tail,7,34.89473684210526,0.0,-57.70445344129555,494,26,19
1,machine_tail,8,34.89473684210526,0.0,-36.60121457489878,494,26,19
1,machine_tail,9,34.89473684210526,0.0,-80.12753036437248,494,26,19
1,machine_type,その他,34.81389830508475,0.0,-146.89898305084745,2950,182,19
1,machine_type,ジャグラー,34.92814371257485,0.0,-13.323952095808384,1670,92,19
1,machine_type,ハナハナ,35.4375,0.0,-98.375,16,3,6
1,machine_type,化物語,35.63414634146341,0.0,-494.8536585365854,41,7,7
1,machine_type,北斗,35.275862068965516,0.0,159.08753315649867,377,34,19
1,rank_from_max,1,34.89473684210526,0.0,-278.7046783625731,342,18,19
1,rank_from_max,10,34.89473684210526,0.0,-81.89473684210526,323,17,19
1,rank_from_max,11,34.89473684210526,0.0,-114.74613003095975,323,17,19
1,rank_from_max,12,34.89473684210526,0.0,43.411483253588514,209,11,19
1,rank_from_max,13,34.89473684210526,0.0,-252.7511961722488,209,11,19
1,rank_from_max,14,34.89473684210526,0.0,-180.98564593301435,209,11,19
1,rank_from_max,15,34.89473684210526,0.0,-30.014354066985646,209,11,19
1,rank_from_max,16,34.89473684210526,0.0,-417.50717703349284,209,11,19
1,rank_from_max,17,34.89473684210526,0.0,-28.436842105263157,190,10,19
1,rank_from_max,18,34.89473684210526,0.0,93.47368421052632,19,1,19
1,rank_from_max,19,34.89473684210526,0.0,-1224.842105263158,19,1,19
1,rank_from_max,2,34.89473684210526,0.0,-159.35672514619884,342,18,19
1,rank_from_max,20,34.89473684210526,0.0,7.578947368421052,19,1,19
1,rank_from_max,21,34.89473684210526,0.0,-540.8421052631579,19,1,19
1,rank_from_max,22,34.89473684210526,0.0,465.63157894736844,19,1,19
1,rank_from_max,3,34.89473684210526,0.0,-62.78947368421053,342,18,19
1,rank_from_max,4,34.89473684210526,0.0,13.292397660818713,342,18,19
1,rank_from_max,5,34.89473684210526,0.0,179.9298245614035,342,18,19
1,rank_from_max,6,34.89473684210526,0.0,-74.16666666666667,342,18,19
1,rank_from_max,7,34.89473684210526,0.0,46.57017543859649,342,18,19
1,rank_from_max,8,34.89473684210526,0.0,-58.66959064327485,342,18,19
1,rank_from_max,9,34.89473684210526,0.0,-46.69298245614035,342,18,19
1,rank_from_min,1,34.89473684210526,0.0,-102.99707602339181,342,18,19
1,rank_from_min,10,34.89473684210526,0.0,-40.309597523219814,323,17,19
1,rank_from_min,11,34.89473684210526,0.0,-135.1888544891641,323,17,19
1,rank_from_min,12,34.89473684210526,0.0,-183.2200956937799,209,11,19
1,rank_from_min,13,34.89473684210526,0.0,230.5358851674641,209,11,19
1,rank_from_min,14,34.89473684210526,0.0,29.16267942583732,209,11,19
1,rank_from_min,15,34.89473684210526,0.0,-382.10526315789474,209,11,19
1,rank_from_min,16,34.89473684210526,0.0,59.56459330143541,209,11,19
1,rank_from_min,17,34.89473684210526,0.0,-184.07368421052632,190,10,19
1,rank_from_min,18,34.89473684210526,0.0,800.2631578947369,19,1,19
1,rank_from_min,19,34.89473684210526,0.0,-698.6315789473684,19,1,19
1,rank_from_min,2,34.89473684210526,0.0,-239.66374269005848,342,18,19
1,rank_from_min,20,34.89473684210526,0.0,282.89473684210526,19,1,19
1,rank_from_min,21,34.89473684210526,0.0,-459.1578947368421,19,1,19
1,rank_from_min,22,34.89473684210526,0.0,-1002.8421052631579,19,1,19
1,rank_from_min,3,34.89473684210526,0.0,-108.37426900584795,342,18,19
1,rank_from_min,4,34.89473684210526,0.0,-145.07309941520467,342,18,19
1,rank_from_min,5,34.89473684210526,0.0,-54.12573099415204,342,18,19
1,rank_from_min,6,34.89473684210526,0.0,96.80994152046783,342,18,19
1,rank_from_min,7,34.89473684210526,0.0,-71.59941520467837,342,18,19
1,rank_from_min,8,34.89473684210526,0.0,3.8625730994152048,342,18,19
1,rank_from_min,9,34.89473684210526,0.0,-121.32748538011695,342,18,19
1,section,501-522,34.89473684210526,0.0,-212.08373205741626,418,22,19
1,section,523-539,34.89473684210526,0.0,-144.63467492260062,323,17,19
1,section,540-556,34.89473684210526,0.0,-73.94736842105263,323,17,19
1,section,557-573,34.89473684210526,0.0,19.814241486068113,323,17,19
1,section,574-590,34.89473684210526,0.0,-245.1733746130031,323,17,19
1,section,591-607,34.89473684210526,0.0,70.92879256965944,323,17,19
1,section,608-623,34.89473684210526,0.0,-175.12828947368422,304,16,19
1,section,624-640,34.89473684210526,0.0,-176.62229102167183,323,17,19
1,section,641-657,34.89473684210526,0.0,-17.476780185758514,323,17,19
1,section,658-674,34.89473684210526,0.0,40.06811145510836,323,17,19
1,section,675-691,34.89473684210526,0.0,-114.37151702786377,323,17,19
1,section,692-700,34.89473684210526,0.0,-158.6549707602339,171,9,19
1,section,701-711,34.89473684210526,0.0,-137.85645933014354,209,11,19
1,section,712-722,34.89473684210526,0.0,41.55980861244019,209,11,19
1,section,723-733,34.89473684210526,0.0,80.26794258373205,209,11,19
1,section,734-744,34.89473684210526,0.0,-75.80382775119617,209,11,19
1,section,745-755,34.89473684210526,0.0,-90.42105263157895,209,11,19
1,section,805-815,34.89473684210526,0.0,-15.320574162679426,209,11,19
2,machine_tail,0,36.21052631578947,0.0,-146.83198380566802,494,26,19
2,machine_tail,1,36.21052631578947,0.0,19.90253411306043,513,27,19
2,machine_tail,2,36.21052631578947,0.0,40.978557504873294,513,27,19
2,machine_tail,3,36.21052631578947,0.0,-28.500974658869396,513,27,19
2,machine_tail,4,36.21052631578947,0.0,-86.98245614035088,513,27,19
2,machine_tail,5,36.21052631578947,0.0,-29.81954887218045,532,28,19
2,machine_tail,6,36.21052631578947,0.0,-39.45748987854251,494,26,19
2,machine_tail,7,36.21052631578947,0.0,78.56072874493927,494,26,19
2,machine_tail,8,36.21052631578947,0.0,-155.82388663967612,494,26,19
2,machine_tail,9,36.21052631578947,0.0,-188.22874493927125,494,26,19
2,machine_type,その他,36.23214890016921,0.0,-161.1502538071066,2955,182,19
2,machine_type,ジャグラー,36.2243551289742,0.0,26.91721655668866,1667,92,19
2,machine_type,ハナハナ,34.4375,0.0,-449.5625,16,3,6
2,machine_type,化物語,35.146341463414636,0.0,150.9268292682927,41,7,7
2,machine_type,北斗,36.17066666666667,0.0,440.74133333333333,375,34,19
2,rank_from_max,1,36.21052631578947,0.0,-138.78362573099415,342,18,19
2,rank_from_max,10,36.21052631578947,0.0,57.9969040247678,323,17,19
2,rank_from_max,11,36.21052631578947,0.0,16.41486068111455,323,17,19
2,rank_from_max,12,36.21052631578947,0.0,-139.4354066985646,209,11,19
2,rank_from_max,13,36.21052631578947,0.0,-17.11004784688995,209,11,19
2,rank_from_max,14,36.21052631578947,0.0,49.344497607655505,209,11,19
2,rank_from_max,15,36.21052631578947,0.0,-194.79425837320574,209,11,19
2,rank_from_max,16,36.21052631578947,0.0,-189.61722488038276,209,11,19
2,rank_from_max,17,36.21052631578947,0.0,-148.82105263157894,190,10,19
2,rank_from_max,18,36.21052631578947,0.0,80.78947368421052,19,1,19
2,rank_from_max,19,36.21052631578947,0.0,143.42105263157896,19,1,19
2,rank_from_max,2,36.21052631578947,0.0,-2.409356725146199,342,18,19
2,rank_from_max,20,36.21052631578947,0.0,-356.2105263157895,19,1,19
2,rank_from_max,21,36.21052631578947,0.0,-772.2631578947369,19,1,19
2,rank_from_max,22,36.21052631578947,0.0,-424.0,19,1,19
2,rank_from_max,3,36.21052631578947,0.0,5.8011695906432745,342,18,19
2,rank_from_max,4,36.21052631578947,0.0,-225.27777777777777,342,18,19
2,rank_from_max,5,36.21052631578947,0.0,-40.6812865497076,342,18,19
2,rank_from_max,6,36.21052631578947,0.0,-15.473684210526315,342,18,19
2,rank_from_max,7,36.21052631578947,0.0,71.61695906432749,342,18,19
2,rank_from_max,8,36.21052631578947,0.0,-63.026315789473685,342,18,19
2,rank_from_max,9,36.21052631578947,0.0,13.994152046783626,342,18,19
2,rank_from_min,1,36.21052631578947,0.0,-262.2690058479532,342,18,19
2,rank_from_min,10,36.21052631578947,0.0,-8.145510835913313,323,17,19
2,rank_from_min,11,36.21052631578947,0.0,24.653250773993808,323,17,19
2,rank_from_min,12,36.21052631578947,0.0,20.789473684210527,209,11,19
2,rank_from_min,13,36.21052631578947,0.0,19.311004784688997,209,11,19
2,rank_from_min,14,36.21052631578947,0.0,-244.11483253588517,209,11,19
2,rank_from_min,15,36.21052631578947,0.0,100.68899521531101,209,11,19
2,rank_from_min,16,36.21052631578947,0.0,-148.6267942583732,209,11,19
2,rank_from_min,17,36.21052631578947,0.0,-94.0421052631579,190,10,19
2,rank_from_min,18,36.21052631578947,0.0,-1196.1052631578948,19,1,19
2,rank_from_min,19,36.21052631578947,0.0,-765.9473684210526,19,1,19
2,rank_from_min,2,36.21052631578947,0.0,-153.85087719298247,342,18,19
2,rank_from_min,20,36.21052631578947,0.0,-227.47368421052633,19,1,19
2,rank_from_min,21,36.21052631578947,0.0,1079.1052631578948,19,1,19
2,rank_from_min,22,36.21052631578947,0.0,-958.421052631579,19,1,19
2,rank_from_min,3,36.21052631578947,0.0,-136.9795321637427,342,18,19
2,rank_from_min,4,36.21052631578947,0.0,179.34795321637426,342,18,19
2,rank_from_min,5,36.21052631578947,0.0,-33.546783625730995,342,18,19
2,rank_from_min,6,36.21052631578947,0.0,-21.15497076023392,342,18,19
2,rank_from_min,7,36.21052631578947,0.0,-75.96783625730994,342,18,19
2,rank_from_min,8,36.21052631578947,0.0,169.97076023391813,342,18,19
2,rank_from_min,9,36.21052631578947,0.0,-140.85087719298247,342,18,19
2,section,501-522,36.21052631578947,0.0,-272.49043062200957,418,22,19
2,section,523-539,36.21052631578947,0.0,82.984520123839,323,17,19
2,section,540-556,36.21052631578947,0.0,76.18885448916409,323,17,19
2,section,557-573,36.21052631578947,0.0,289.3405572755418,323,17,19
2,section,574-590,36.21052631578947,0.0,-70.04024767801857,323,17,19
2,section,591-607,36.21052631578947,0.0,-218.38390092879257,323,17,19
2,section,608-623,36.21052631578947,0.0,-18.151315789473685,304,16,19
2,section,624-640,36.21052631578947,0.0,-425.29411764705884,323,17,19
2,section,641-657,36.21052631578947,0.0,-12.126934984520124,323,17,19
2,section,658-674,36.21052631578947,0.0,3.210526315789474,323,17,19
2,section,675-691,36.21052631578947,0.0,45.69969040247678,323,17,19
2,section,692-700,36.21052631578947,0.0,-372.8362573099415,171,9,19
2,section,701-711,36.21052631578947,0.0,-200.9043062200957,209,11,19
2,section,712-722,36.21052631578947,0.0,-6.952153110047847,209,11,19
2,section,723-733,36.21052631578947,0.0,252.73205741626793,209,11,19
2,section,734-744,36.21052631578947,0.0,-114.97129186602871,209,11,19
2,section,745-755,36.21052631578947,0.0,-48.19138755980861,209,11,19
2,section,805-815,36.21052631578947,0.0,69.95693779904306,209,11,19
3,machine_tail,0,37.63157894736842,0.0,-147.27327935222672,494,26,19
3,machine_tail,1,37.63157894736842,0.0,26.191033138401558,513,27,19
3,machine_tail,2,37.63157894736842,0.0,-18.142300194931774,513,27,19
3,machine_tail,3,37.63157894736842,0.0,20.28849902534113,513,27,19
3,machine_tail,4,37.63157894736842,0.0,-153.83235867446393,513,27,19
3,machine_tail,5,37.63157894736842,0.0,45.74812030075188,532,28,19
3,machine_tail,6,37.63157894736842,0.0,-24.60323886639676,494,26,19
3,machine_tail,7,37.63157894736842,0.0,115.57287449392713,494,26,19
3,machine_tail,8,37.63157894736842,0.0,-12.868421052631579,494,26,19
3,machine_tail,9,37.63157894736842,0.0,-4.589068825910931,494,26,19
3,machine_type,その他,37.58138747884941,0.0,-77.56243654822335,2955,182,19
3,machine_type,ジャグラー,37.630473905218956,0.0,70.89562087582483,1667,92,19
3,machine_type,ハナハナ,38.625,0.0,-459.125,16,3,6
3,machine_type,化物語,38.073170731707314,0.0,-48.707317073170735,41,7,7
3,machine_type,北斗,37.94133333333333,0.0,117.008,375,34,19
3,rank_from_max,1,37.63157894736842,0.0,87.37134502923976,342,18,19
3,rank_from_max,10,37.63157894736842,0.0,4.188854489164087,323,17,19
3,rank_from_max,11,37.63157894736842,0.0,-134.41176470588235,323,17,19
3,rank_from_max,12,37.63157894736842,0.0,80.2488038277512,209,11,19
3,rank_from_max,13,37.63157894736842,0.0,153.80861244019138,209,11,19
3,rank_from_max,14,37.63157894736842,0.0,-61.66028708133971,209,11,19
3,rank_from_max,15,37.63157894736842,0.0,-63.933014354066984,209,11,19
3,rank_from_max,16,37.63157894736842,0.0,-93.59808612440192,209,11,19
3,rank_from_max,17,37.63157894736842,0.0,-37.4,190,10,19
3,rank_from_max,18,37.63157894736842,0.0,554.1578947368421,19,1,19
3,rank_from_max,19,37.63157894736842,0.0,127.89473684210526,19,1,19
3,rank_from_max,2,37.63157894736842,0.0,-5.567251461988304,342,18,19
3,rank_from_max,20,37.63157894736842,0.0,846.1052631578947,19,1,19
3,rank_from_max,21,37.63157894736842,0.0,-475.1578947368421,19,1,19
3,rank_from_max,22,37.63157894736842,0.0,397.4736842105263,19,1,19
3,rank_from_max,3,37.63157894736842,0.0,-89.23099415204679,342,18,19
3,rank_from_max,4,37.63157894736842,0.0,-23.494152046783626,342,18,19
3,rank_from_max,5,37.63157894736842,0.0,40.3187134502924,342,18,19
3,rank_from_max,6,37.63157894736842,0.0,33.046783625730995,342,18,19
3,rank_from_max,7,37.63157894736842,0.0,-311.58187134502924,342,18,19
3,rank_from_max,8,37.63157894736842,0.0,51.32163742690059,342,18,19
3,rank_from_max,9,37.63157894736842,0.0,48.292397660818715,342,18,19
3,rank_from_min,1,37.63157894736842,0.0,-37.32163742690059,342,18,19
3,rank_from_min,10,37.63157894736842,0.0,208.1547987616099,323,17,19
3,rank_from_min,11,37.63157894736842,0.0,-317.21671826625385,323,17,19
3,rank_from_min,12,37.63157894736842,0.0,10.287081339712918,209,11,19
3,rank_from_min,13,37.63157894736842,0.0,-154.93301435406698,209,11,19
3,rank_from_min,14,37.63157894736842,0.0,-65.12918660287082,209,11,19
3,rank_from_min,15,37.63157894736842,0.0,-45.83253588516747,209,11,19
3,rank_from_min,16,37.63157894736842,0.0,-77.34928229665071,209,11,19
3,rank_from_min,17,37.63157894736842,0.0,218.58947368421053,190,10,19
3,rank_from_min,18,37.63157894736842,0.0,1157.0526315789473,19,1,19
3,rank_from_min,19,37.63157894736842,0.0,826.3157894736842,19,1,19
3,rank_from_min,2,37.63157894736842,0.0,-29.026315789473685,342,18,19
3,rank_from_min,20,37.63157894736842,0.0,-841.3684210526316,19,1,19
3,rank_from_min,21,37.63157894736842,0.0,-67.57894736842105,19,1,19
3,rank_from_min,22,37.63157894736842,0.0,484.6842105263158,19,1,19
3,rank_from_min,3,37.63157894736842,0.0,47.45906432748538,342,18,19
3,rank_from_min,4,37.63157894736842,0.0,-116.71052631578948,342,18,19
3,rank_from_min,5,37.63157894736842,0.0,40.599415204678365,342,18,19
3,rank_from_min,6,37.63157894736842,0.0,112.28947368421052,342,18,19
3,rank_from_min,7,37.63157894736842,0.0,-153.50877192982455,342,18,19
3,rank_from_min,8,37.63157894736842,0.0,-24.859649122807017,342,18,19
3,rank_from_min,9,37.63157894736842,0.0,35.87719298245614,342,18,19
3,section,501-522,37.63157894736842,0.0,55.485645933014354,418,22,19
3,section,523-539,37.63157894736842,0.0,-235.65944272445822,323,17,19
3,section,540-556,37.63157894736842,0.0,1.0,323,17,19
3,section,557-573,37.63157894736842,0.0,94.3560371517028,323,17,19
3,section,574-590,37.63157894736842,0.0,-111.07430340557275,323,17,19
3,section,591-607,37.63157894736842,0.0,-79.6780185758514,323,17,19
3,section,608-623,37.63157894736842,0.0,-114.0625,304,16,19
3,section,624-640,37.63157894736842,0.0,34.85448916408669,323,17,19
3,section,641-657,37.63157894736842,0.0,114.96904024767802,323,17,19
3,section,658-674,37.63157894736842,0.0,96.13312693498452,323,17,19
3,section,675-691,37.63157894736842,0.0,18.956656346749227,323,17,19
3,section,692-700,37.63157894736842,0.0,-190.2280701754386,171,9,19
3,section,701-711,37.63157894736842,0.0,-164.1578947368421,209,11,19
3,section,712-722,37.63157894736842,0.0,134.30143540669857,209,11,19
3,section,723-733,37.63157894736842,0.0,110.74162679425838,209,11,19
3,section,734-744,37.63157894736842,0.0,-18.741626794258373,209,11,19
3,section,745-755,37.63157894736842,0.0,-132.12918660287082,209,11,19
3,section,805-815,37.63157894736842,0.0,16.85645933014354,209,11,19
4,machine_tail,0,45.21052631578947,0.0,318.3481781376518,494,26,19
4,machine_tail,1,45.21052631578947,0.0,168.19493177387915,513,27,19
4,machine_tail,2,45.21052631578947,0.0,440.04873294346976,513,27,19
4,machine_tail,3,45.21052631578947,0.0,144.16374269005848,513,27,19
4,machine_tail,4,45.21052631578947,0.0,410.27875243664715,513,27,19
4,machine_tail,5,45.21052631578947,0.0,267.9323308270677,532,28,19
4,machine_tail,6,45.21052631578947,0.0,89.81174089068826,494,26,19
4,machine_tail,7,45.21052631578947,0.0,363.87044534412956,494,26,19
4,machine_tail,8,45.21052631578947,0.0,234.99797570850203,494,26,19
4,machine_tail,9,45.21052631578947,0.0,190.2672064777328,494,26,19
4,machine_type,その他,45.23248730964467,0.0,233.51776649746193,2955,182,19
4,machine_type,ジャグラー,45.235152969406116,0.0,224.0737852429514,1667,92,19
4,machine_type,ハナハナ,43.0625,0.0,-859.9375,16,3,6
4,machine_type,化物語,42.8780487804878,0.0,333.0243902439024,41,7,7
4,machine_type,北斗,45.27466666666667,0.0,711.976,375,34,19
4,rank_from_max,1,45.21052631578947,0.0,96.96198830409357,342,18,19
4,rank_from_max,10,45.21052631578947,0.0,141.625386996904,323,17,19
4,rank_from_max,11,45.21052631578947,0.0,392.94736842105266,323,17,19
4,rank_from_max,12,45.21052631578947,0.0,400.7511961722488,209,11,19
4,rank_from_max,13,45.21052631578947,0.0,322.4066985645933,209,11,19
4,rank_from_max,14,45.21052631578947,0.0,583.9617224880383,209,11,19
4,rank_from_max,15,45.21052631578947,0.0,315.9043062200957,209,11,19
4,rank_from_max,16,45.21052631578947,0.0,78.69377990430623,209,11,19
4,rank_from_max,17,45.21052631578947,0.0,328.5263157894737,190,10,19
4,rank_from_max,18,45.21052631578947,0.0,411.3157894736842,19,1,19
4,rank_from_max,19,45.21052631578947,0.0,-497.2631578947368,19,1,19
4,rank_from_max,2,45.21052631578947,0.0,258.10233918128654,342,18,19
4,rank_from_max,20,45.21052631578947,0.0,-896.421052631579,19,1,19
4,rank_from_max,21,45.21052631578947,0.0,1820.9473684210527,19,1,19
4,rank_from_max,22,45.21052631578947,0.0,-189.3684210526316,19,1,19
4,rank_from_max,3,45.21052631578947,0.0,241.48245614035088,342,18,19
4,rank_from_max,4,45.21052631578947,0.0,582.1988304093567,342,18,19
4,rank_from_max,5,45.21052631578947,0.0,19.818713450292396,342,18,19
4,rank_from_max,6,45.21052631578947,0.0,239.6081871345029,342,18,19
4,rank_from_max,7,45.21052631578947,0.0,67.6842105263158,342,18,19
4,rank_from_max,8,45.21052631578947,0.0,415.90058479532166,342,18,19
4,rank_from_max,9,45.21052631578947,0.0,205.08771929824562,342,18,19
4,rank_from_min,1,45.21052631578947,0.0,230.40350877192984,342,18,19
4,rank_from_min,10,45.21052631578947,0.0,325.625386996904,323,17,19
4,rank_from_min,11,45.21052631578947,0.0,193.8390092879257,323,17,19
4,rank_from_min,12,45.21052631578947,0.0,546.5645933014354,209,11,19
4,rank_from_min,13,45.21052631578947,0.0,131.27272727272728,209,11,19
4,rank_from_min,14,45.21052631578947,0.0,576.133971291866,209,11,19
4,rank_from_min,15,45.21052631578947,0.0,352.58851674641147,209,11,19
4,rank_from_min,16,45.21052631578947,0.0,65.74162679425838,209,11,19
4,rank_from_min,17,45.21052631578947,0.0,201.94736842105263,190,10,19
4,rank_from_min,18,45.21052631578947,0.0,-380.7368421052632,19,1,19
4,rank_from_min,19,45.21052631578947,0.0,1527.3684210526317,19,1,19
4,rank_from_min,2,45.21052631578947,0.0,227.30701754385964,342,18,19
4,rank_from_min,20,45.21052631578947,0.0,682.6842105263158,19,1,19
4,rank_from_min,21,45.21052631578947,0.0,1262.8947368421052,19,1,19
4,rank_from_min,22,45.21052631578947,0.0,-38.421052631578945,19,1,19
4,rank_from_min,3,45.21052631578947,0.0,109.59941520467837,342,18,19
4,rank_from_min,4,45.21052631578947,0.0,340.20175438596493,342,18,19
4,rank_from_min,5,45.21052631578947,0.0,254.00292397660817,342,18,19
4,rank_from_min,6,45.21052631578947,0.0,372.43859649122805,342,18,19
4,rank_from_min,7,45.21052631578947,0.0,168.7953216374269,342,18,19
4,rank_from_min,8,45.21052631578947,0.0,228.54970760233917,342,18,19
4,rank_from_min,9,45.21052631578947,0.0,164.52631578947367,342,18,19
4,section,501-522,45.21052631578947,0.0,268.9976076555024,418,22,19
4,section,523-539,45.21052631578947,0.0,131.92569659442725,323,17,19
4,section,540-556,45.21052631578947,0.0,574.1424148606811,323,17,19
4,section,557-573,45.21052631578947,0.0,261.1795665634675,323,17,19
4,section,574-590,45.21052631578947,0.0,861.2476780185758,323,17,19
4,section,591-607,45.21052631578947,0.0,906.0804953560372,323,17,19
4,section,608-623,45.21052631578947,0.0,144.10526315789474,304,16,19
4,section,624-640,45.21052631578947,0.0,-238.30959752321982,323,17,19
4,section,641-657,45.21052631578947,0.0,169.6996904024768,323,17,19
4,section,658-674,45.21052631578947,0.0,324.80495356037153,323,17,19
4,section,675-691,45.21052631578947,0.0,184.56656346749227,323,17,19
4,section,692-700,45.21052631578947,0.0,-21.88888888888889,171,9,19
4,section,701-711,45.21052631578947,0.0,-109.63157894736842,209,11,19
4,section,712-722,45.21052631578947,0.0,270.05263157894734,209,11,19
4,section,723-733,45.21052631578947,0.0,252.14354066985646,209,11,19
4,section,734-744,45.21052631578947,0.0,214.2822966507177,209,11,19
4,section,745-755,45.21052631578947,0.0,0.7033492822966507,209,11,19
4,section,805-815,45.21052631578947,0.0,101.26315789473684,209,11,19
5,machine_tail,0,37.63157894736842,0.0,-73.15182186234817,494,26,19
5,machine_tail,1,37.63157894736842,0.0,62.69005847953216,513,27,19
5,machine_tail,2,37.63157894736842,0.0,25.08382066276803,513,27,19
5,machine_tail,3,37.63157894736842,0.0,64.57894736842105,513,27,19
5,machine_tail,4,37.63157894736842,0.0,79.48148148148148,513,27,19
5,machine_tail,5,37.63157894736842,0.0,-80.65977443609023,532,28,19
5,machine_tail,6,37.63157894736842,0.0,85.05263157894737,494,26,19
5,machine_tail,7,37.63157894736842,0.0,87.75101214574899,494,26,19
5,machine_tail,8,37.63157894736842,0.0,-51.987854251012145,494,26,19
5,machine_tail,9,37.63157894736842,0.0,80.60121457489879,494,26,19
5,machine_type,その他,37.62555366269165,0.0,-50.875638841567294,2935,182,19
5,machine_type,ジャグラー,37.625674865026994,0.0,118.73845230953809,1667,92,19
5,machine_type,ハナハナ,38.10526315789474,0.0,-330.3157894736842,19,3,7
5,machine_type,化物語,38.19512195121951,0.0,-635.6829268292682,41,7,7
5,machine_type,北斗,37.619897959183675,0.0,314.0433673469388,392,34,19
5,rank_from_max,1,37.63157894736842,0.0,33.00292397660819,342,18,19
5,rank_from_max,10,37.63157894736842,0.0,257.75541795665634,323,17,19
5,rank_from_max,11,37.63157894736842,0.0,207.1733746130031,323,17,19
5,rank_from_max,12,37.63157894736842,0.0,174.66507177033492,209,11,19
5,rank_from_max,13,37.63157894736842,0.0,-46.59808612440192,209,11,19
5,rank_from_max,14,37.63157894736842,0.0,49.71291866028708,209,11,19
5,rank_from_max,15,37.63157894736842,0.0,23.85645933014354,209,11,19
5,rank_from_max,16,37.63157894736842,0.0,67.22488038277513,209,11,19
5,rank_from_max,17,37.63157894736842,0.0,205.24736842105264,190,10,19
5,rank_from_max,18,37.63157894736842,0.0,-676.1578947368421,19,1,19
5,rank_from_max,19,37.63157894736842,0.0,645.5263157894736,19,1,19
5,rank_from_max,2,37.63157894736842,0.0,-125.99707602339181,342,18,19
5,rank_from_max,20,37.63157894736842,0.0,417.4736842105263,19,1,19
5,rank_from_max,21,37.63157894736842,0.0,320.05263157894734,19,1,19
5,rank_from_max,22,37.63157894736842,0.0,-65.6842105263158,19,1,19
5,rank_from_max,3,37.63157894736842,0.0,-0.9152046783625731,342,18,19
5,rank_from_max,4,37.63157894736842,0.0,139.96198830409358,342,18,19
5,rank_from_max,5,37.63157894736842,0.0,-215.04093567251462,342,18,19
5,rank_from_max,6,37.63157894736842,0.0,-25.728070175438596,342,18,19
5,rank_from_max,7,37.63157894736842,0.0,-132.66959064327486,342,18,19
5,rank_from_max,8,37.63157894736842,0.0,-25.263157894736842,342,18,19
5,rank_from_max,9,37.63157894736842,0.0,7.149122807017544,342,18,19
5,rank_from_min,1,37.63157894736842,0.0,123.08479532163743,342,18,19
5,rank_from_min,10,37.63157894736842,0.0,-31.984520123839008,323,17,19
5,rank_from_min,11,37.63157894736842,0.0,73.13003095975232,323,17,19
5,rank_from_min,12,37.63157894736842,0.0,98.35885167464114,209,11,19
5,rank_from_min,13,37.63157894736842,0.0,-265.5693779904306,209,11,19
5,rank_from_min,14,37.63157894736842,0.0,317.6267942583732,209,11,19
5,rank_from_min,15,37.63157894736842,0.0,-86.16746411483254,209,11,19
5,rank_from_min,16,37.63157894736842,0.0,15.909090909090908,209,11,19
5,rank_from_min,17,37.63157894736842,0.0,-131.7578947368421,190,10,19
5,rank_from_min,18,37.63157894736842,0.0,-567.2105263157895,19,1,19
5,rank_from_min,19,37.63157894736842,0.0,165.6315789473684,19,1,19
5,rank_from_min,2,37.63157894736842,0.0,30.394736842105264,342,18,19
5,rank_from_min,20,37.63157894736842,0.0,306.42105263157896,19,1,19
5,rank_from_min,21,37.63157894736842,0.0,-493.7894736842105,19,1,19
5,rank_from_min,22,37.63157894736842,0.0,207.47368421052633,19,1,19
5,rank_from_min,3,37.63157894736842,0.0,61.3187134502924,342,18,19
5,rank_from_min,4,37.63157894736842,0.0,85.01461988304094,342,18,19
5,rank_from_min,5,37.63157894736842,0.0,-71.36549707602339,342,18,19
5,rank_from_min,6,37.63157894736842,0.0,-51.75438596491228,342,18,19
5,rank_from_min,7,37.63157894736842,0.0,187.81286549707602,342,18,19
5,rank_from_min,8,37.63157894736842,0.0,107.3859649122807,342,18,19
5,rank_from_min,9,37.63157894736842,0.0,-57.792397660818715,342,18,19
5,section,501-522,37.63157894736842,0.0,204.3803827751196,418,22,19
5,section,523-539,37.63157894736842,0.0,-220.19504643962847,323,17,19
5,section,540-556,37.63157894736842,0.0,290.3993808049536,323,17,19
5,section,557-573,37.63157894736842,0.0,47.749226006191954,323,17,19
5,section,574-590,37.63157894736842,0.0,-117.17956656346749,323,17,19
5,section,591-607,37.63157894736842,0.0,-167.656346749226,323,17,19
5,section,608-623,37.63157894736842,0.0,-59.391447368421055,304,16,19
5,section,624-640,37.63157894736842,0.0,140.60061919504645,323,17,19
5,section,641-657,37.63157894736842,0.0,-7.752321981424148,323,17,19
5,section,658-674,37.63157894736842,0.0,274.73065015479875,323,17,19
5,section,675-691,37.63157894736842,0.0,-12.371517027863778,323,17,19
5,section,692-700,37.63157894736842,0.0,-100.80701754385964,171,9,19
5,section,701-711,37.63157894736842,0.0,-112.55023923444976,209,11,19
5,section,712-722,37.63157894736842,0.0,405.5980861244019,209,11,19
5,section,723-733,37.63157894736842,0.0,-17.818181818181817,209,11,19
5,section,734-744,37.63157894736842,0.0,92.66028708133972,209,11,19
5,section,745-755,37.63157894736842,0.0,-260.5933014354067,209,11,19
5,section,805-815,37.63157894736842,0.0,-33.15311004784689,209,11,19
6,machine_tail,0,35.578947368421055,0.0,61.6336032388664,494,26,19
6,machine_tail,1,35.578947368421055,0.0,-88.0448343079922,513,27,19
6,machine_tail,2,35.578947368421055,0.0,-39.87719298245614,513,27,19
6,machine_tail,3,35.578947368421055,0.0,15.319688109161794,513,27,19
6,machine_tail,4,35.578947368421055,0.0,-2.783625730994152,513,27,19
6,machine_tail,5,35.578947368421055,0.0,-204.33270676691728,532,28,19
6,machine_tail,6,35.578947368421055,0.0,148.48178137651823,494,26,19
6,machine_tail,7,35.578947368421055,0.0,-97.94534412955466,494,26,19
6,machine_tail,8,35.578947368421055,0.0,-28.18421052631579,494,26,19
6,machine_tail,9,35.578947368421055,0.0,-224.96356275303643,494,26,19
6,machine_type,その他,35.57443915703603,0.0,-80.72467709041469,2942,182,19
6,machine_type,ジャグラー,35.557288542291545,0.0,-8.266946610677865,1667,92,19
6,machine_type,ハナハナ,36.63157894736842,0.0,-430.7894736842105,19,3,7
6,machine_type,化物語,36.86046511627907,0.0,-402.1860465116279,43,7,7
6,machine_type,北斗,35.51174934725849,0.0,102.37859007832898,383,34,19
6,rank_from_max,1,35.578947368421055,0.0,-46.824561403508774,342,18,19
6,rank_from_max,10,35.578947368421055,0.0,-113.82352941176471,323,17,19
6,rank_from_max,11,35.578947368421055,0.0,84.39318885448917,323,17,19
6,rank_from_max,12,35.578947368421055,0.0,-14.08133971291866,209,11,19
6,rank_from_max,13,35.578947368421055,0.0,128.5311004784689,209,11,19
6,rank_from_max,14,35.578947368421055,0.0,-113.77990430622009,209,11,19
6,rank_from_max,15,35.578947368421055,0.0,-87.80861244019138,209,11,19
6,rank_from_max,16,35.578947368421055,0.0,-2.6076555023923444,209,11,19
6,rank_from_max,17,35.578947368421055,0.0,249.03157894736842,190,10,19
6,rank_from_max,18,35.578947368421055,0.0,493.7894736842105,19,1,19
6,rank_from_max,19,35.578947368421055,0.0,857.5263157894736,19,1,19
6,rank_from_max,2,35.578947368421055,0.0,18.435672514619885,342,18,19
6,rank_from_max,20,35.578947368421055,0.0,521.0526315789474,19,1,19
6,rank_from_max,21,35.578947368421055,0.0,-236.10526315789474,19,1,19
6,rank_from_max,22,35.578947368421055,0.0,-464.7368421052632,19,1,19
6,rank_from_max,3,35.578947368421055,0.0,-114.09649122807018,342,18,19
6,rank_from_max,4,35.578947368421055,0.0,6.345029239766082,342,18,19
6,rank_from_max,5,35.578947368421055,0.0,-174.00292397660817,342,18,19
6,rank_from_max,6,35.578947368421055,0.0,-175.78362573099415,342,18,19
6,rank_from_max,7,35.578947368421055,0.0,-151.04093567251462,342,18,19
6,rank_from_max,8,35.578947368421055,0.0,-106.82748538011695,342,18,19
6,rank_from_max,9,35.578947368421055,0.0,-71.56432748538012,342,18,19
6,rank_from_min,1,35.578947368421055,0.0,-73.81871345029239,342,18,19
6,rank_from_min,10,35.578947368421055,0.0,-118.06501547987617,323,17,19
6,rank_from_min,11,35.578947368421055,0.0,-202.86687306501548,323,17,19
6,rank_from_min,12,35.578947368421055,0.0,-403.67464114832535,209,11,19
6,rank_from_min,13,35.578947368421055,0.0,-113.68899521531101,209,11,19
6,rank_from_min,14,35.578947368421055,0.0,0.8325358851674641,209,11,19
6,rank_from_min,15,35.578947368421055,0.0,-56.41626794258373,209,11,19
6,rank_from_min,16,35.578947368421055,0.0,64.7464114832536,209,11,19
6,rank_from_min,17,35.578947368421055,0.0,71.89473684210526,190,10,19
6,rank_from_min,18,35.578947368421055,0.0,-46.21052631578947,19,1,19
6,rank_from_min,19,35.578947368421055,0.0,-202.31578947368422,19,1,19
6,rank_from_min,2,35.578947368421055,0.0,26.23391812865497,342,18,19
6,rank_from_min,20,35.578947368421055,0.0,-804.7368421052631,19,1,19
6,rank_from_min,21,35.578947368421055,0.0,723.3157894736842,19,1,19
6,rank_from_min,22,35.578947368421055,0.0,1514.5263157894738,19,1,19
6,rank_from_min,3,35.578947368421055,0.0,-73.1140350877193,342,18,19
6,rank_from_min,4,35.578947368421055,0.0,105.84795321637426,342,18,19
6,rank_from_min,5,35.578947368421055,0.0,15.17251461988304,342,18,19
6,rank_from_min,6,35.578947368421055,0.0,101.80994152046783,342,18,19
6,rank_from_min,7,35.578947368421055,0.0,-5.7105263157894735,342,18,19
6,rank_from_min,8,35.578947368421055,0.0,-59.83625730994152,342,18,19
6,rank_from_min,9,35.578947368421055,0.0,-223.23099415204678,342,18,19
6,section,501-522,35.578947368421055,0.0,105.78947368421052,418,22,19
6,section,523-539,35.578947368421055,0.0,-192.61300309597524,323,17,19
6,section,540-556,35.578947368421055,0.0,-192.97213622291022,323,17,19
6,section,557-573,35.578947368421055,0.0,23.597523219814242,323,17,19
6,section,574-590,35.578947368421055,0.0,48.43343653250774,323,17,19
6,section,591-607,35.578947368421055,0.0,105.35913312693498,323,17,19
6,section,608-623,35.578947368421055,0.0,-325.1743421052632,304,16,19
6,section,624-640,35.578947368421055,0.0,-18.95046439628483,323,17,19
6,section,641-657,35.578947368421055,0.0,94.6687306501548,323,17,19
6,section,658-674,35.578947368421055,0.0,-21.006191950464395,323,17,19
6,section,675-691,35.578947368421055,0.0,60.077399380804955,323,17,19
6,section,692-700,35.578947368421055,0.0,-80.25730994152046,171,9,19
6,section,701-711,35.578947368421055,0.0,-257.9665071770335,209,11,19
6,section,712-722,35.578947368421055,0.0,6.813397129186603,209,11,19
6,section,723-733,35.578947368421055,0.0,-97.99521531100478,209,11,19
6,section,734-744,35.578947368421055,0.0,-202.57416267942583,209,11,19
6,section,745-755,35.578947368421055,0.0,-173.72727272727272,209,11,19
6,section,805-815,35.578947368421055,0.0,60.311004784689,209,11,19
7,machine_tail,0,42.31578947368421,0.0,122.40283400809717,494,26,19
7,machine_tail,1,42.31578947368421,0.0,393.76413255360626,513,27,19
7,machine_tail,2,42.31578947368421,0.0,148.04093567251462,513,27,19
7,machine_tail,3,42.31578947368421,0.0,210.59259259259258,513,27,19
7,machine_tail,4,42.31578947368421,0.0,329.99025341130607,513,27,19
7,machine_tail,5,42.31578947368421,0.0,201.9436090225564,532,28,19
7,machine_tail,6,42.31578947368421,0.0,5.382591093117409,494,26,19
7,machine_tail,7,42.31578947368421,0.0,367.9736842105263,494,26,19
7,machine_tail,8,42.31578947368421,0.0,230.38056680161944,494,26,19
7,machine_tail,9,42.31578947368421,0.0,67.80566801619433,494,26,19
7,machine_type,その他,42.3550577053632,0.0,207.49422946367957,2946,182,19
7,machine_type,ジャグラー,42.3033033033033,0.0,130.27507507507508,1665,92,19
7,machine_type,ハナハナ,42.05263157894737,0.0,159.31578947368422,19,3,7
7,machine_type,化物語,42.27906976744186,0.0,976.4883720930233,43,7,7
7,machine_type,北斗,42.08398950131234,0.0,476.9186351706037,381,34,19
7,rank_from_max,1,42.31578947368421,0.0,209.28654970760235,342,18,19
7,rank_from_max,10,42.31578947368421,0.0,415.8297213622291,323,17,19
7,rank_from_max,11,42.31578947368421,0.0,109.38080495356037,323,17,19
7,rank_from_max,12,42.31578947368421,0.0,-225.79904306220095,209,11,19
7,rank_from_max,13,42.31578947368421,0.0,637.2822966507177,209,11,19
7,rank_from_max,14,42.31578947368421,0.0,486.5406698564593,209,11,19
7,rank_from_max,15,42.31578947368421,0.0,78.77033492822966,209,11,19
7,rank_from_max,16,42.31578947368421,0.0,231.38277511961724,209,11,19
7,rank_from_max,17,42.31578947368421,0.0,151.53684210526316,190,10,19
7,rank_from_max,18,42.31578947368421,0.0,1051.157894736842,19,1,19
7,rank_from_max,19,42.31578947368421,0.0,1842.7368421052631,19,1,19
7,rank_from_max,2,42.31578947368421,0.0,341.01461988304095,342,18,19
7,rank_from_max,20,42.31578947368421,0.0,-347.05263157894734,19,1,19
7,rank_from_max,21,42.31578947368421,0.0,768.3684210526316,19,1,19
7,rank_from_max,22,42.31578947368421,0.0,37.473684210526315,19,1,19
7,rank_from_max,3,42.31578947368421,0.0,-3.845029239766082,342,18,19
7,rank_from_max,4,42.31578947368421,0.0,-13.374269005847953,342,18,19
7,rank_from_max,5,42.31578947368421,0.0,166.99707602339183,342,18,19
7,rank_from_max,6,42.31578947368421,0.0,150.0672514619883,342,18,19
7,rank_from_max,7,42.31578947368421,0.0,243.9093567251462,342,18,19
7,rank_from_max,8,42.31578947368421,0.0,144.18421052631578,342,18,19
7,rank_from_max,9,42.31578947368421,0.0,341.4766081871345,342,18,19
7,rank_from_min,1,42.31578947368421,0.0,231.83040935672514,342,18,19
7,rank_from_min,10,42.31578947368421,0.0,198.78328173374612,323,17,19
7,rank_from_min,11,42.31578947368421,0.0,318.35603715170276,323,17,19
7,rank_from_min,12,42.31578947368421,0.0,356.6124401913876,209,11,19
7,rank_from_min,13,42.31578947368421,0.0,207.0956937799043,209,11,19
7,rank_from_min,14,42.31578947368421,0.0,218.5693779904306,209,11,19
7,rank_from_min,15,42.31578947368421,0.0,72.21052631578948,209,11,19
7,rank_from_min,16,42.31578947368421,0.0,181.4976076555024,209,11,19
7,rank_from_min,17,42.31578947368421,0.0,278.3263157894737,190,10,19
7,rank_from_min,18,42.31578947368421,0.0,-283.2105263157895,19,1,19
7,rank_from_min,19,42.31578947368421,0.0,-1505.157894736842,19,1,19
7,rank_from_min,2,42.31578947368421,0.0,98.04385964912281,342,18,19
7,rank_from_min,20,42.31578947368421,0.0,297.7368421052632,19,1,19
7,rank_from_min,21,42.31578947368421,0.0,1808.7894736842106,19,1,19
7,rank_from_min,22,42.31578947368421,0.0,-217.31578947368422,19,1,19
7,rank_from_min,3,42.31578947368421,0.0,-95.69883040935673,342,18,19
7,rank_from_min,4,42.31578947368421,0.0,588.1052631578947,342,18,19
7,rank_from_min,5,42.31578947368421,0.0,415.85087719298247,342,18,19
7,rank_from_min,6,42.31578947368421,0.0,-206.90350877192984,342,18,19
7,rank_from_min,7,42.31578947368421,0.0,245.58479532163742,342,18,19
7,rank_from_min,8,42.31578947368421,0.0,232.4298245614035,342,18,19
7,rank_from_min,9,42.31578947368421,0.0,293.5438596491228,342,18,19
7,section,501-522,42.31578947368421,0.0,425.11722488038276,418,22,19
7,section,523-539,42.31578947368421,0.0,85.6687306501548,323,17,19
7,section,540-556,42.31578947368421,0.0,414.0092879256966,323,17,19
7,section,557-573,42.31578947368421,0.0,314.8513931888545,323,17,19
7,section,574-590,42.31578947368421,0.0,457.1547987616099,323,17,19
7,section,591-607,42.31578947368421,0.0,263.8328173374613,323,17,19
7,section,608-623,42.31578947368421,0.0,84.92763157894737,304,16,19
7,section,624-640,42.31578947368421,0.0,222.40557275541795,323,17,19
7,section,641-657,42.31578947368421,0.0,136.56037151702787,323,17,19
7,section,658-674,42.31578947368421,0.0,191.8204334365325,323,17,19
7,section,675-691,42.31578947368421,0.0,75.95356037151703,323,17,19
7,section,692-700,42.31578947368421,0.0,27.087719298245613,171,9,19
7,section,701-711,42.31578947368421,0.0,143.3732057416268,209,11,19
7,section,712-722,42.31578947368421,0.0,-94.80861244019138,209,11,19
7,section,723-733,42.31578947368421,0.0,272.377990430622,209,11,19
7,section,734-744,42.31578947368421,0.0,250.92344497607655,209,11,19
7,section,745-755,42.31578947368421,0.0,78.26794258373205,209,11,19
7,section,805-815,42.31578947368421,0.0,59.67464114832536,209,11,19
8,machine_tail,0,36.333333333333336,0.0,1.3440170940170941,468,26,18
8,machine_tail,1,36.333333333333336,0.0,118.87654320987654,486,27,18
8,machine_tail,2,36.333333333333336,0.0,96.72633744855968,486,27,18
8,machine_tail,3,36.333333333333336,0.0,77.59053497942386,486,27,18
8,machine_tail,4,36.333333333333336,0.0,-65.5082304526749,486,27,18
8,machine_tail,5,36.333333333333336,0.0,35.273809523809526,504,28,18
8,machine_tail,6,36.333333333333336,0.0,52.25854700854701,468,26,18
8,machine_tail,7,36.333333333333336,0.0,-151.92521367521368,468,26,18
8,machine_tail,8,36.333333333333336,0.0,-92.34615384615384,468,26,18
8,machine_tail,9,36.333333333333336,0.0,-144.93589743589743,468,26,18
8,machine_type,その他,36.35791366906475,0.0,-27.75179856115108,2780,182,18
8,machine_type,ジャグラー,36.31246046805819,0.0,-10.7438330170778,1581,92,18
8,machine_type,ハナハナ,37.0,0.0,-86.0,17,3,6
8,machine_type,化物語,36.73170731707317,0.0,824.2439024390244,41,7,7
8,machine_type,北斗,36.16260162601626,0.0,89.90243902439025,369,34,18
8,rank_from_max,1,36.333333333333336,0.0,-71.80246913580247,324,18,18
8,rank_from_max,10,36.333333333333336,0.0,217.18627450980392,306,17,18
8,rank_from_max,11,36.333333333333336,0.0,23.094771241830067,306,17,18
8,rank_from_max,12,36.333333333333336,0.0,-31.232323232323232,198,11,18
8,rank_from_max,13,36.333333333333336,0.0,-217.24747474747474,198,11,18
8,rank_from_max,14,36.333333333333336,0.0,-78.55050505050505,198,11,18
8,rank_from_max,15,36.333333333333336,0.0,-96.67676767676768,198,11,18
8,rank_from_max,16,36.333333333333336,0.0,-195.27272727272728,198,11,18
8,rank_from_max,17,36.333333333333336,0.0,-55.3,180,10,18
8,rank_from_max,18,36.333333333333336,0.0,-306.3333333333333,18,1,18
8,rank_from_max,19,36.333333333333336,0.0,-462.8333333333333,18,1,18
8,rank_from_max,2,36.333333333333336,0.0,22.537037037037038,324,18,18
8,rank_from_max,20,36.333333333333336,0.0,-1295.0555555555557,18,1,18
8,rank_from_max,21,36.333333333333336,0.0,269.44444444444446,18,1,18
8,rank_from_max,22,36.333333333333336,0.0,363.6111111111111,18,1,18
8,rank_from_max,3,36.333333333333336,0.0,51.91358024691358,324,18,18
8,rank_from_max,4,36.333333333333336,0.0,17.765432098765434,324,18,18
8,rank_from_max,5,36.333333333333336,0.0,112.1574074074074,324,18,18
8,rank_from_max,6,36.333333333333336,0.0,-93.3179012345679,324,18,18
8,rank_from_max,7,36.333333333333336,0.0,-46.57716049382716,324,18,18
8,rank_from_max,8,36.333333333333336,0.0,68.17283950617283,324,18,18
8,rank_from_max,9,36.333333333333336,0.0,112.35185185185185,324,18,18
8,rank_from_min,1,36.333333333333336,0.0,-2.5,324,18,18
8,rank_from_min,10,36.333333333333336,0.0,112.93137254901961,306,17,18
8,rank_from_min,11,36.333333333333336,0.0,-136.7549019607843,306,17,18
8,rank_from_min,12,36.333333333333336,0.0,-68.63131313131314,198,11,18
8,rank_from_min,13,36.333333333333336,0.0,293.3484848484849,198,11,18
8,rank_from_min,14,36.333333333333336,0.0,-56.76262626262626,198,11,18
8,rank_from_min,15,36.333333333333336,0.0,-24.36868686868687,198,11,18
8,rank_from_min,16,36.333333333333336,0.0,108.84343434343434,198,11,18
8,rank_from_min,17,36.333333333333336,0.0,-108.13333333333334,180,10,18
8,rank_from_min,18,36.333333333333336,0.0,-26.0,18,1,18
8,rank_from_min,19,36.333333333333336,0.0,-172.16666666666666,18,1,18
8,rank_from_min,2,36.333333333333336,0.0,-28.108024691358025,324,18,18
8,rank_from_min,20,36.333333333333336,0.0,-271.3888888888889,18,1,18
8,rank_from_min,21,36.333333333333336,0.0,-1014.0555555555555,18,1,18
8,rank_from_min,22,36.333333333333336,0.0,498.5,18,1,18
8,rank_from_min,3,36.333333333333336,0.0,-141.09259259259258,324,18,18
8,rank_from_min,4,36.333333333333336,0.0,-55.0,324,18,18
8,rank_from_min,5,36.333333333333336,0.0,-146.37962962962962,324,18,18
8,rank_from_min,6,36.333333333333336,0.0,15.675925925925926,324,18,18
8,rank_from_min,7,36.333333333333336,0.0,-19.459876543209877,324,18,18
8,rank_from_min,8,36.333333333333336,0.0,180.75617283950618,324,18,18
8,rank_from_min,9,36.333333333333336,0.0,90.78395061728395,324,18,18
8,section,501-522,36.333333333333336,0.0,-234.5530303030303,396,22,18
8,section,523-539,36.333333333333336,0.0,-252.52941176470588,306,17,18
8,section,540-556,36.333333333333336,0.0,438.781045751634,306,17,18
8,section,557-573,36.333333333333336,0.0,100.02941176470588,306,17,18
8,section,574-590,36.333333333333336,0.0,-112.2483660130719,306,17,18
8,section,591-607,36.333333333333336,0.0,63.254901960784316,306,17,18
8,section,608-623,36.333333333333336,0.0,99.53819444444444,288,16,18
8,section,624-640,36.333333333333336,0.0,-68.58496732026144,306,17,18
8,section,641-657,36.333333333333336,0.0,18.133986928104576,306,17,18
8,section,658-674,36.333333333333336,0.0,30.980392156862745,306,17,18
8,section,675-691,36.333333333333336,0.0,-121.57516339869281,306,17,18
8,section,692-700,36.333333333333336,0.0,-39.76543209876543,162,9,18
8,section,701-711,36.333333333333336,0.0,39.5959595959596,198,11,18
8,section,712-722,36.333333333333336,0.0,40.95454545454545,198,11,18
8,section,723-733,36.333333333333336,0.0,-54.89393939393939,198,11,18
8,section,734-744,36.333333333333336,0.0,28.82323232323232,198,11,18
8,section,745-755,36.333333333333336,0.0,-34.64646464646464,198,11,18
8,section,805-815,36.333333333333336,0.0,43.69191919191919,198,11,18
9,machine_tail,0,36.526315789473685,0.0,-184.19230769230768,494,26,19
9,machine_tail,1,36.526315789473685,0.0,13.325536062378168,513,27,19
9,machine_tail,2,36.526315789473685,0.0,31.50877192982456,513,27,19
9,machine_tail,3,36.526315789473685,0.0,45.04873294346979,513,27,19
9,machine_tail,4,36.526315789473685,0.0,53.46393762183236,513,27,19
9,machine_tail,5,36.526315789473685,0.0,11.13345864661654,532,28,19
9,machine_tail,6,36.526315789473685,0.0,192.30161943319837,494,26,19
9,machine_tail,7,36.526315789473685,0.0,-185.47773279352228,494,26,19
9,machine_tail,8,36.526315789473685,0.0,-11.777327935222672,494,26,19
9,machine_tail,9,36.526315789473685,0.0,60.30364372469636,494,26,19
9,machine_type,その他,36.47080787508486,0.0,-9.257976917854718,2946,182,19
9,machine_type,ジャグラー,36.51291291291291,0.0,-12.211411411411412,1665,92,19
9,machine_type,ハナハナ,37.73684210526316,0.0,-373.94736842105266,19,3,7
9,machine_type,化物語,36.895833333333336,0.0,-395.9583333333333,48,7,8
9,machine_type,北斗,36.912234042553195,0.0,238.1090425531915,376,34,19
9,rank_from_max,1,36.526315789473685,0.0,104.76315789473684,342,18,19
9,rank_from_max,10,36.526315789473685,0.0,-32.529411764705884,323,17,19
9,rank_from_max,11,36.526315789473685,0.0,-29.123839009287927,323,17,19
9,rank_from_max,12,36.526315789473685,0.0,291.0382775119617,209,11,19
9,rank_from_max,13,36.526315789473685,0.0,192.33014354066987,209,11,19
9,rank_from_max,14,36.526315789473685,0.0,-118.77511961722487,209,11,19
9,rank_from_max,15,36.526315789473685,0.0,78.50239234449761,209,11,19
9,rank_from_max,16,36.526315789473685,0.0,174.4306220095694,209,11,19
9,rank_from_max,17,36.526315789473685,0.0,125.16842105263157,190,10,19
9,rank_from_max,18,36.526315789473685,0.0,-58.578947368421055,19,1,19
9,rank_from_max,19,36.526315789473685,0.0,-794.3684210526316,19,1,19
9,rank_from_max,2,36.526315789473685,0.0,34.92397660818713,342,18,19
9,rank_from_max,20,36.526315789473685,0.0,234.31578947368422,19,1,19
9,rank_from_max,21,36.526315789473685,0.0,-504.8421052631579,19,1,19
9,rank_from_max,22,36.526315789473685,0.0,-1271.3684210526317,19,1,19
9,rank_from_max,3,36.526315789473685,0.0,12.812865497076023,342,18,19
9,rank_from_max,4,36.526315789473685,0.0,-39.207602339181285,342,18,19
9,rank_from_max,5,36.526315789473685,0.0,-135.23391812865498,342,18,19
9,rank_from_max,6,36.526315789473685,0.0,-65.86549707602339,342,18,19
9,rank_from_max,7,36.526315789473685,0.0,33.538011695906434,342,18,19
9,rank_from_max,8,36.526315789473685,0.0,-117.37134502923976,342,18,19
9,rank_from_max,9,36.526315789473685,0.0,-37.76608187134503,342,18,19
9,rank_from_min,1,36.526315789473685,0.0,-250.0672514619883,342,18,19
9,rank_from_min,10,36.526315789473685,0.0,-128.62229102167183,323,17,19
9,rank_from_min,11,36.526315789473685,0.0,104.015479876161,323,17,19
9,rank_from_min,12,36.526315789473685,0.0,-51.899521531100476,209,11,19
9,rank_from_min,13,36.526315789473685,0.0,-167.96172248803828,209,11,19
9,rank_from_min,14,36.526315789473685,0.0,35.31578947368421,209,11,19
9,rank_from_min,15,36.526315789473685,0.0,62.78947368421053,209,11,19
9,rank_from_min,16,36.526315789473685,0.0,154.11483253588517,209,11,19
9,rank_from_min,17,36.526315789473685,0.0,27.42105263157895,190,10,19
9,rank_from_min,18,36.526315789473685,0.0,-26.526315789473685,19,1,19
9,rank_from_min,19,36.526315789473685,0.0,473.94736842105266,19,1,19
9,rank_from_min,2,36.526315789473685,0.0,54.44736842105263,342,18,19
9,rank_from_min,20,36.526315789473685,0.0,-301.5263157894737,19,1,19
9,rank_from_min,21,36.526315789473685,0.0,-515.3684210526316,19,1,19
9,rank_from_min,22,36.526315789473685,0.0,-67.94736842105263,19,1,19
9,rank_from_min,3,36.526315789473685,0.0,-90.83625730994152,342,18,19
9,rank_from_min,4,36.526315789473685,0.0,-82.8391812865497,342,18,19
9,rank_from_min,5,36.526315789473685,0.0,146.91228070175438,342,18,19
9,rank_from_min,6,36.526315789473685,0.0,159.0204678362573,342,18,19
9,rank_from_min,7,36.526315789473685,0.0,42.77777777777778,342,18,19
9,rank_from_min,8,36.526315789473685,0.0,99.5906432748538,342,18,19
9,rank_from_min,9,36.526315789473685,0.0,-20.239766081871345,342,18,19
9,section,501-522,36.526315789473685,0.0,6.842105263157895,418,22,19
9,section,523-539,36.526315789473685,0.0,-1.0464396284829722,323,17,19
9,section,540-556,36.526315789473685,0.0,148.61609907120743,323,17,19
9,section,557-573,36.526315789473685,0.0,103.39938080495357,323,17,19
9,section,574-590,36.526315789473685,0.0,354.59442724458205,323,17,19
9,section,591-607,36.526315789473685,0.0,-136.77089783281733,323,17,19
9,section,608-623,36.526315789473685,0.0,5.207236842105263,304,16,19
9,section,624-640,36.526315789473685,0.0,-166.80804953560371,323,17,19
9,section,641-657,36.526315789473685,0.0,70.22600619195046,323,17,19
9,section,658-674,36.526315789473685,0.0,-11.801857585139318,323,17,19
9,section,675-691,36.526315789473685,0.0,-8.108359133126935,323,17,19
9,section,692-700,36.526315789473685,0.0,-244.94736842105263,171,9,19
9,section,701-711,36.526315789473685,0.0,-105.26315789473684,209,11,19
9,section,712-722,36.526315789473685,0.0,-114.08612440191388,209,11,19
9,section,723-733,36.526315789473685,0.0,-43.889952153110045,209,11,19
9,section,734-744,36.526315789473685,0.0,43.110047846889955,209,11,19
9,section,745-755,36.526315789473685,0.0,-47.74162679425837,209,11,19
9,section,805-815,36.526315789473685,0.0,-21.784688995215312,209,11,19
10,machine_tail,0,36.611111111111114,0.0,69.3974358974359,468,26,18
10,machine_tail,1,36.611111111111114,0.0,-12.526748971193415,486,27,18
10,machine_tail,2,36.611111111111114,0.0,-159.58230452674897,486,27,18
10,machine_tail,3,36.611111111111114,0.0,132.60493827160494,486,27,18
10,machine_tail,4,36.611111111111114,0.0,23.940329218106996,486,27,18
10,machine_tail,5,36.611111111111114,0.0,-88.11507936507937,504,28,18
10,machine_tail,6,36.611111111111114,0.0,-93.12393162393163,468,26,18
10,machine_tail,7,36.611111111111114,0.0,-55.284188034188034,468,26,18
10,machine_tail,8,36.611111111111114,0.0,-33.14316239316239,468,26,18
10,machine_tail,9,36.611111111111114,0.0,-97.26495726495726,468,26,18
10,machine_type,その他,36.66282835552357,0.0,-136.82295789852466,2779,182,18
10,machine_type,ジャグラー,36.61441213653603,0.0,84.6409608091024,1582,92,18
10,machine_type,ハナハナ,35.294117647058826,0.0,-303.2352941176471,17,3,6
10,machine_type,化物語,34.8780487804878,0.0,-268.3414634146341,41,7,7
10,machine_type,北斗,36.46070460704607,0.0,304.8888888888889,369,34,18
10,rank_from_max,1,36.611111111111114,0.0,-133.58333333333334,324,18,18
10,rank_from_max,10,36.611111111111114,0.0,-48.08169934640523,306,17,18
10,rank_from_max,11,36.611111111111114,0.0,174.8856209150327,306,17,18
10,rank_from_max,12,36.611111111111114,0.0,144.68686868686868,198,11,18
10,rank_from_max,13,36.611111111111114,0.0,-75.20202020202021,198,11,18
10,rank_from_max,14,36.611111111111114,0.0,39.57070707070707,198,11,18
10,rank_from_max,15,36.611111111111114,0.0,30.333333333333332,198,11,18
10,rank_from_max,16,36.611111111111114,0.0,-95.35353535353535,198,11,18
10,rank_from_max,17,36.611111111111114,0.0,-160.23888888888888,180,10,18
10,rank_from_max,18,36.611111111111114,0.0,-1074.888888888889,18,1,18
10,rank_from_max,19,36.611111111111114,0.0,481.22222222222223,18,1,18
10,rank_from_max,2,36.611111111111114,0.0,-182.7716049382716,324,18,18
10,rank_from_max,20,36.611111111111114,0.0,1261.7222222222222,18,1,18
10,rank_from_max,21,36.611111111111114,0.0,-1142.0,18,1,18
10,rank_from_max,22,36.611111111111114,0.0,157.5,18,1,18
10,rank_from_max,3,36.611111111111114,0.0,4.62037037037037,324,18,18
10,rank_from_max,4,36.611111111111114,0.0,192.95679012345678,324,18,18
10,rank_from_max,5,36.611111111111114,0.0,-143.40740740740742,324,18,18
10,rank_from_max,6,36.611111111111114,0.0,2.7839506172839505,324,18,18
10,rank_from_max,7,36.611111111111114,0.0,-138.9783950617284,324,18,18
10,rank_from_max,8,36.611111111111114,0.0,-14.567901234567902,324,18,18
10,rank_from_max,9,36.611111111111114,0.0,-90.02777777777777,324,18,18
10,rank_from_min,1,36.611111111111114,0.0,-128.48456790123456,324,18,18
10,rank_from_min,10,36.611111111111114,0.0,-44.1437908496732,306,17,18
10,rank_from_min,11,36.611111111111114,0.0,-133.20261437908496,306,17,18
10,rank_from_min,12,36.611111111111114,0.0,124.63131313131314,198,11,18
10,rank_from_min,13,36.611111111111114,0.0,-263.5353535353535,198,11,18
10,rank_from_min,14,36.611111111111114,0.0,229.44949494949495,198,11,18
10,rank_from_min,15,36.611111111111114,0.0,71.76262626262626,198,11,18
10,rank_from_min,16,36.611111111111114,0.0,-280.6060606060606,198,11,18
10,rank_from_min,17,36.611111111111114,0.0,-125.17777777777778,180,10,18
10,rank_from_min,18,36.611111111111114,0.0,797.8333333333334,18,1,18
10,rank_from_min,19,36.611111111111114,0.0,-492.1666666666667,18,1,18
10,rank_from_min,2,36.611111111111114,0.0,-150.39814814814815,324,18,18
10,rank_from_min,20,36.611111111111114,0.0,-345.22222222222223,18,1,18
10,rank_from_min,21,36.611111111111114,0.0,-26.11111111111111,18,1,18
10,rank_from_min,22,36.611111111111114,0.0,-99.83333333333333,18,1,18
10,rank_from_min,3,36.611111111111114,0.0,73.92283950617283,324,18,18
10,rank_from_min,4,36.611111111111114,0.0,43.70061728395062,324,18,18
10,rank_from_min,5,36.611111111111114,0.0,-76.75,324,18,18
10,rank_from_min,6,36.611111111111114,0.0,113.12037037037037,324,18,18
10,rank_from_min,7,36.611111111111114,0.0,-65.03395061728395,324,18,18
10,rank_from_min,8,36.611111111111114,0.0,150.3641975308642,324,18,18
10,rank_from_min,9,36.611111111111114,0.0,-104.82407407407408,324,18,18
10,section,501-522,36.611111111111114,0.0,-130.0429292929293,396,22,18
10,section,523-539,36.611111111111114,0.0,-414.9934640522876,306,17,18
10,section,540-556,36.611111111111114,0.0,318.1503267973856,306,17,18
10,section,557-573,36.611111111111114,0.0,192.67320261437908,306,17,18
10,section,574-590,36.611111111111114,0.0,-97.93137254901961,306,17,18
10,section,591-607,36.611111111111114,0.0,109.18954248366013,306,17,18
10,section,608-623,36.611111111111114,0.0,-123.61111111111111,288,16,18
10,section,624-640,36.611111111111114,0.0,-233.09150326797385,306,17,18
10,section,641-657,36.611111111111114,0.0,116.79411764705883,306,17,18
10,section,658-674,36.611111111111114,0.0,100.01633986928104,306,17,18
10,section,675-691,36.611111111111114,0.0,-18.73202614379085,306,17,18
10,section,692-700,36.611111111111114,0.0,-346.5061728395062,162,9,18
10,section,701-711,36.611111111111114,0.0,-327.0808080808081,198,11,18
10,section,712-722,36.611111111111114,0.0,168.40404040404042,198,11,18
10,section,723-733,36.611111111111114,0.0,67.21717171717172,198,11,18
10,section,734-744,36.611111111111114,0.0,73.31313131313131,198,11,18
10,section,745-755,36.611111111111114,0.0,-100.34343434343434,198,11,18
10,section,805-815,36.611111111111114,0.0,-26.994949494949495,198,11,18
11,machine_tail,0,39.333333333333336,0.0,104.43376068376068,468,26,18
11,machine_tail,1,39.333333333333336,0.0,-24.79423868312757,486,27,18
11,machine_tail,2,39.333333333333336,0.0,179.38477366255145,486,27,18
11,machine_tail,3,39.333333333333336,0.0,20.520576131687243,486,27,18
11,machine_tail,4,39.333333333333336,0.0,154.15637860082305,486,27,18
11,machine_tail,5,39.333333333333336,0.0,142.01984126984127,504,28,18
11,machine_tail,6,39.333333333333336,0.0,64.6068376068376,468,26,18
11,machine_tail,7,39.333333333333336,0.0,45.11965811965812,468,26,18
11,machine_tail,8,39.333333333333336,0.0,87.14529914529915,468,26,18
11,machine_tail,9,39.333333333333336,0.0,46.1559829059829,468,26,18
11,machine_type,その他,39.34076204169662,0.0,75.59202012940331,2782,182,18
11,machine_type,ジャグラー,39.3527180783818,0.0,101.61378002528446,1582,92,18
11,machine_type,ハナハナ,37.94117647058823,0.0,-49.470588235294116,17,3,6
11,machine_type,化物語,36.97560975609756,0.0,-190.85365853658536,41,7,7
11,machine_type,北斗,39.521857923497265,0.0,86.9672131147541,366,31,18
11,rank_from_max,1,39.333333333333336,0.0,-250.44753086419752,324,18,18
11,rank_from_max,10,39.333333333333336,0.0,-139.7941176470588,306,17,18
11,rank_from_max,11,39.333333333333336,0.0,-0.3137254901960784,306,17,18
11,rank_from_max,12,39.333333333333336,0.0,204.5151515151515,198,11,18
11,rank_from_max,13,39.333333333333336,0.0,-8.6010101010101,198,11,18
11,rank_from_max,14,39.333333333333336,0.0,365.56060606060606,198,11,18
11,rank_from_max,15,39.333333333333336,0.0,-49.74747474747475,198,11,18
11,rank_from_max,16,39.333333333333336,0.0,137.21212121212122,198,11,18
11,rank_from_max,17,39.333333333333336,0.0,308.52777777777777,180,10,18
11,rank_from_max,18,39.333333333333336,0.0,647.3888888888889,18,1,18
11,rank_from_max,19,39.333333333333336,0.0,611.9444444444445,18,1,18
11,rank_from_max,2,39.333333333333336,0.0,112.88888888888889,324,18,18
11,rank_from_max,20,39.333333333333336,0.0,1669.111111111111,18,1,18
11,rank_from_max,21,39.333333333333336,0.0,-476.44444444444446,18,1,18
11,rank_from_max,22,39.333333333333336,0.0,-145.83333333333334,18,1,18
11,rank_from_max,3,39.333333333333336,0.0,201.62654320987653,324,18,18
11,rank_from_max,4,39.333333333333336,0.0,4.79320987654321,324,18,18
11,rank_from_max,5,39.333333333333336,0.0,47.141975308641975,324,18,18
11,rank_from_max,6,39.333333333333336,0.0,82.31172839506173,324,18,18
11,rank_from_max,7,39.333333333333336,0.0,130.66358024691357,324,18,18
11,rank_from_max,8,39.333333333333336,0.0,175.65432098765433,324,18,18
11,rank_from_max,9,39.333333333333336,0.0,148.30246913580248,324,18,18
11,rank_from_min,1,39.333333333333336,0.0,240.59876543209876,324,18,18
11,rank_from_min,10,39.333333333333336,0.0,131.70915032679738,306,17,18
11,rank_from_min,11,39.333333333333336,0.0,-84.73202614379085,306,17,18
11,rank_from_min,12,39.333333333333336,0.0,232.7929292929293,198,11,18
11,rank_from_min,13,39.333333333333336,0.0,-80.01010101010101,198,11,18
11,rank_from_min,14,39.333333333333336,0.0,-27.69191919191919,198,11,18
11,rank_from_min,15,39.333333333333336,0.0,236.84343434343435,198,11,18
11,rank_from_min,16,39.333333333333336,0.0,363.33838383838383,198,11,18
11,rank_from_min,17,39.333333333333336,0.0,-222.5222222222222,180,10,18
11,rank_from_min,18,39.333333333333336,0.0,-12.0,18,1,18
11,rank_from_min,19,39.333333333333336,0.0,660.7777777777778,18,1,18
11,rank_from_min,2,39.333333333333336,0.0,95.30246913580247,324,18,18
11,rank_from_min,20,39.333333333333336,0.0,848.4444444444445,18,1,18
11,rank_from_min,21,39.333333333333336,0.0,-194.22222222222223,18,1,18
11,rank_from_min,22,39.333333333333336,0.0,-204.94444444444446,18,1,18
11,rank_from_min,3,39.333333333333336,0.0,100.96604938271605,324,18,18
11,rank_from_min,4,39.333333333333336,0.0,269.9753086419753,324,18,18
11,rank_from_min,5,39.333333333333336,0.0,72.29629629629629,324,18,18
11,rank_from_min,6,39.333333333333336,0.0,125.4074074074074,324,18,18
11,rank_from_min,7,39.333333333333336,0.0,-69.10802469135803,324,18,18
11,rank_from_min,8,39.333333333333336,0.0,-196.69753086419752,324,18,18
11,rank_from_min,9,39.333333333333336,0.0,153.0,324,18,18
11,section,501-522,39.333333333333336,0.0,189.92929292929293,396,22,18
11,section,523-539,39.333333333333336,0.0,-66.03921568627452,306,17,18
11,section,540-556,39.333333333333336,0.0,-44.66339869281046,306,17,18
11,section,557-573,39.333333333333336,0.0,169.4346405228758,306,17,18
11,section,574-590,39.333333333333336,0.0,161.33986928104576,306,17,18
11,section,591-607,39.333333333333336,0.0,384.69607843137254,306,17,18
11,section,608-623,39.333333333333336,0.0,-150.68402777777777,288,16,18
11,section,624-640,39.333333333333336,0.0,82.45424836601308,306,17,18
11,section,641-657,39.333333333333336,0.0,200.23202614379085,306,17,18
11,section,658-674,39.333333333333336,0.0,115.63725490196079,306,17,18
11,section,675-691,39.333333333333336,0.0,71.65032679738562,306,17,18
11,section,692-700,39.333333333333336,0.0,-76.89506172839506,162,9,18
11,section,701-711,39.333333333333336,0.0,21.494949494949495,198,11,18
11,section,712-722,39.333333333333336,0.0,-103.24747474747475,198,11,18
11,section,723-733,39.333333333333336,0.0,164.06565656565655,198,11,18
11,section,734-744,39.333333333333336,0.0,91.95454545454545,198,11,18
11,section,745-755,39.333333333333336,0.0,-146.6969696969697,198,11,18
11,section,805-815,39.333333333333336,0.0,204.67676767676767,198,11,18
12,machine_tail,0,36.11764705882353,0.0,-75.21493212669684,442,26,17
12,machine_tail,1,36.11764705882353,0.0,28.949891067538125,459,27,17
12,machine_tail,2,36.11764705882353,0.0,-54.74727668845316,459,27,17
12,machine_tail,3,36.11764705882353,0.0,-136.28976034858388,459,27,17
12,machine_tail,4,36.11764705882353,0.0,58.03703703703704,459,27,17
12,machine_tail,5,36.11764705882353,0.0,-124.84453781512605,476,28,17
12,machine_tail,6,36.11764705882353,0.0,-58.042986425339365,442,26,17
12,machine_tail,7,36.11764705882353,0.0,30.03846153846154,442,26,17
12,machine_tail,8,36.11764705882353,0.0,-20.823529411764707,442,26,17
12,machine_tail,9,36.11764705882353,0.0,-4.17420814479638,442,26,17
12,machine_type,その他,36.064479206409764,0.0,-59.7577260587562,2621,182,17
12,machine_type,ジャグラー,36.13217623497997,0.0,-35.50267022696929,1498,92,17
12,machine_type,ハナハナ,36.8,0.0,-22.933333333333334,15,3,5
12,machine_type,化物語,36.3235294117647,0.0,-607.7647058823529,34,7,6
12,machine_type,北斗,36.40112994350282,0.0,189.1497175141243,354,31,17
12,rank_from_max,1,36.11764705882353,0.0,-183.859477124183,306,18,17
12,rank_from_max,10,36.11764705882353,0.0,-37.90657439446367,289,17,17
12,rank_from_max,11,36.11764705882353,0.0,-26.709342560553633,289,17,17
12,rank_from_max,12,36.11764705882353,0.0,-126.83957219251337,187,11,17
12,rank_from_max,13,36.11764705882353,0.0,333.58288770053474,187,11,17
12,rank_from_max,14,36.11764705882353,0.0,159.89839572192514,187,11,17
12,rank_from_max,15,36.11764705882353,0.0,-180.1283422459893,187,11,17
12,rank_from_max,16,36.11764705882353,0.0,171.36363636363637,187,11,17
12,rank_from_max,17,36.11764705882353,0.0,138.74117647058824,170,10,17
12,rank_from_max,18,36.11764705882353,0.0,-458.4117647058824,17,1,17
12,rank_from_max,19,36.11764705882353,0.0,-451.52941176470586,17,1,17
12,rank_from_max,2,36.11764705882353,0.0,42.64052287581699,306,18,17
12,rank_from_max,20,36.11764705882353,0.0,-1048.8235294117646,17,1,17
12,rank_from_max,21,36.11764705882353,0.0,-484.52941176470586,17,1,17
12,rank_from_max,22,36.11764705882353,0.0,-933.2352941176471,17,1,17
12,rank_from_max,3,36.11764705882353,0.0,-119.19607843137256,306,18,17
12,rank_from_max,4,36.11764705882353,0.0,-46.56535947712418,306,18,17
12,rank_from_max,5,36.11764705882353,0.0,-36.64705882352941,306,18,17
12,rank_from_max,6,36.11764705882353,0.0,-178.4607843137255,306,18,17
12,rank_from_max,7,36.11764705882353,0.0,-33.38235294117647,306,18,17
12,rank_from_max,8,36.11764705882353,0.0,-92.16013071895425,306,18,17
12,rank_from_max,9,36.11764705882353,0.0,64.98039215686275,306,18,17
12,rank_from_min,1,36.11764705882353,0.0,63.8202614379085,306,18,17
12,rank_from_min,10,36.11764705882353,0.0,-25.67820069204152,289,17,17
12,rank_from_min,11,36.11764705882353,0.0,-80.06228373702422,289,17,17
12,rank_from_min,12,36.11764705882353,0.0,-238.49732620320856,187,11,17
12,rank_from_min,13,36.11764705882353,0.0,-59.05882352941177,187,11,17
12,rank_from_min,14,36.11764705882353,0.0,-113.28342245989305,187,11,17
12,rank_from_min,15,36.11764705882353,0.0,-30.219251336898395,187,11,17
12,rank_from_min,16,36.11764705882353,0.0,6.0,187,11,17
12,rank_from_min,17,36.11764705882353,0.0,-218.49411764705883,170,10,17
12,rank_from_min,18,36.11764705882353,0.0,-705.8823529411765,17,1,17
12,rank_from_min,19,36.11764705882353,0.0,1238.2941176470588,17,1,17
12,rank_from_min,2,36.11764705882353,0.0,86.44117647058823,306,18,17
12,rank_from_min,20,36.11764705882353,0.0,-597.5294117647059,17,1,17
12,rank_from_min,21,36.11764705882353,0.0,39.64705882352941,17,1,17
12,rank_from_min,22,36.11764705882353,0.0,-347.7647058823529,17,1,17
12,rank_from_min,3,36.11764705882353,0.0,-212.4346405228758,306,18,17
12,rank_from_min,4,36.11764705882353,0.0,32.35294117647059,306,18,17
12,rank_from_min,5,36.11764705882353,0.0,46.69607843137255,306,18,17
12,rank_from_min,6,36.11764705882353,0.0,-66.52287581699346,306,18,17
12,rank_from_min,7,36.11764705882353,0.0,76.2516339869281,306,18,17
12,rank_from_min,8,36.11764705882353,0.0,-63.990196078431374,306,18,17
12,rank_from_min,9,36.11764705882353,0.0,9.761437908496733,306,18,17
12,section,501-522,36.11764705882353,0.0,-252.79679144385025,374,22,17
12,section,523-539,36.11764705882353,0.0,112.37024221453287,289,17,17
12,section,540-556,36.11764705882353,0.0,204.06228373702422,289,17,17
12,section,557-573,36.11764705882353,0.0,189.86851211072664,289,17,17
12,section,574-590,36.11764705882353,0.0,-38.90657439446367,289,17,17
12,section,591-607,36.11764705882353,0.0,-55.294117647058826,289,17,17
12,section,608-623,36.11764705882353,0.0,135.83455882352942,272,16,17
12,section,624-640,36.11764705882353,0.0,-392.3667820069204,289,17,17
12,section,641-657,36.11764705882353,0.0,-51.173010380622834,289,17,17
12,section,658-674,36.11764705882353,0.0,25.356401384083046,289,17,17
12,section,675-691,36.11764705882353,0.0,-39.588235294117645,289,17,17
12,section,692-700,36.11764705882353,0.0,134.26797385620915,153,9,17
12,section,701-711,36.11764705882353,0.0,-373.40106951871655,187,11,17
12,section,712-722,36.11764705882353,0.0,-91.2620320855615,187,11,17
12,section,723-733,36.11764705882353,0.0,-39.6096256684492,187,11,17
12,section,734-744,36.11764705882353,0.0,-22.919786096256683,187,11,17
12,section,745-755,36.11764705882353,0.0,117.63101604278074,187,11,17
12,section,805-815,36.11764705882353,0.0,-197.93582887700535,187,11,17
13,machine_tail,0,36.22222222222222,0.0,-134.741452991453,468,26,18
13,machine_tail,1,36.22222222222222,0.0,-28.59259259259259,486,27,18
13,machine_tail,2,36.22222222222222,0.0,-105.21604938271605,486,27,18
13,machine_tail,3,36.22222222222222,0.0,-68.21810699588477,486,27,18
13,machine_tail,4,36.22222222222222,0.0,-84.52057613168725,486,27,18
13,machine_tail,5,36.22222222222222,0.0,-30.732142857142858,504,28,18
13,machine_tail,6,36.22222222222222,0.0,-210.86324786324786,468,26,18
13,machine_tail,7,36.22222222222222,0.0,-152.7542735042735,468,26,18
13,machine_tail,8,36.22222222222222,0.0,-1.643162393162393,468,26,18
13,machine_tail,9,36.22222222222222,0.0,-50.386752136752136,468,26,18
13,machine_type,その他,36.24946081955428,0.0,-156.8727534148095,2782,182,18
13,machine_type,ジャグラー,36.22250316055626,0.0,26.350821744627055,1582,92,18
13,machine_type,ハナハナ,34.94117647058823,0.0,17.294117647058822,17,3,6
13,machine_type,化物語,35.707317073170735,0.0,-192.17073170731706,41,7,7
13,machine_type,北斗,36.131147540983605,0.0,-27.363387978142075,366,31,18
13,rank_from_max,1,36.22222222222222,0.0,4.216049382716049,324,18,18
13,rank_from_max,10,36.22222222222222,0.0,-95.87908496732027,306,17,18
13,rank_from_max,11,36.22222222222222,0.0,-291.98366013071893,306,17,18
13,rank_from_max,12,36.22222222222222,0.0,-153.74242424242425,198,11,18
13,rank_from_max,13,36.22222222222222,0.0,64.64646464646465,198,11,18
13,rank_from_max,14,36.22222222222222,0.0,-344.23737373737373,198,11,18
13,rank_from_max,15,36.22222222222222,0.0,-98.52020202020202,198,11,18
13,rank_from_max,16,36.22222222222222,0.0,141.06565656565655,198,11,18
13,rank_from_max,17,36.22222222222222,0.0,-384.68333333333334,180,10,18
13,rank_from_max,18,36.22222222222222,0.0,260.3888888888889,18,1,18
13,rank_from_max,19,36.22222222222222,0.0,-358.6666666666667,18,1,18
13,rank_from_max,2,36.22222222222222,0.0,9.141975308641975,324,18,18
13,rank_from_max,20,36.22222222222222,0.0,2473.0555555555557,18,1,18
13,rank_from_max,21,36.22222222222222,0.0,1306.6666666666667,18,1,18
13,rank_from_max,22,36.22222222222222,0.0,-139.55555555555554,18,1,18
13,rank_from_max,3,36.22222222222222,0.0,-25.145061728395063,324,18,18
13,rank_from_max,4,36.22222222222222,0.0,-103.13271604938272,324,18,18
13,rank_from_max,5,36.22222222222222,0.0,-167.14197530864197,324,18,18
13,rank_from_max,6,36.22222222222222,0.0,-121.54629629629629,324,18,18
13,rank_from_max,7,36.22222222222222,0.0,-112.58024691358025,324,18,18
13,rank_from_max,8,36.22222222222222,0.0,-29.537037037037038,324,18,18
13,rank_from_max,9,36.22222222222222,0.0,-104.83641975308642,324,18,18
13,rank_from_min,1,36.22222222222222,0.0,-134.4814814814815,324,18,18
13,rank_from_min,10,36.22222222222222,0.0,-96.07516339869281,306,17,18
13,rank_from_min,11,36.22222222222222,0.0,-105.48366013071896,306,17,18
13,rank_from_min,12,36.22222222222222,0.0,-196.05555555555554,198,11,18
13,rank_from_min,13,36.22222222222222,0.0,-212.83333333333334,198,11,18
13,rank_from_min,14,36.22222222222222,0.0,-138.93434343434345,198,11,18
13,rank_from_min,15,36.22222222222222,0.0,-153.71212121212122,198,11,18
13,rank_from_min,16,36.22222222222222,0.0,114.14646464646465,198,11,18
13,rank_from_min,17,36.22222222222222,0.0,256.3,180,10,18
13,rank_from_min,18,36.22222222222222,0.0,573.8888888888889,18,1,18
13,rank_from_min,19,36.22222222222222,0.0,238.94444444444446,18,1,18
13,rank_from_min,2,36.22222222222222,0.0,76.45679012345678,324,18,18
13,rank_from_min,20,36.22222222222222,0.0,-121.38888888888889,18,1,18
13,rank_from_min,21,36.22222222222222,0.0,339.6111111111111,18,1,18
13,rank_from_min,22,36.22222222222222,0.0,-1286.4444444444443,18,1,18
13,rank_from_min,3,36.22222222222222,0.0,-44.80555555555556,324,18,18
13,rank_from_min,4,36.22222222222222,0.0,-172.5030864197531,324,18,18
13,rank_from_min,5,36.22222222222222,0.0,78.45061728395062,324,18,18
13,rank_from_min,6,36.22222222222222,0.0,-237.39197530864197,324,18,18
13,rank_from_min,7,36.22222222222222,0.0,-132.60185185185185,324,18,18
13,rank_from_min,8,36.22222222222222,0.0,-143.0679012345679,324,18,18
13,rank_from_min,9,36.22222222222222,0.0,-141.5679012345679,324,18,18
13,section,501-522,36.22222222222222,0.0,86.52272727272727,396,22,18
13,section,523-539,36.22222222222222,0.0,-145.59150326797385,306,17,18
13,section,540-556,36.22222222222222,0.0,-88.43790849673202,306,17,18
13,section,557-573,36.22222222222222,0.0,-120.8921568627451,306,17,18
13,section,574-590,36.22222222222222,0.0,-97.54575163398692,306,17,18
13,section,591-607,36.22222222222222,0.0,-165.47712418300654,306,17,18
13,section,608-623,36.22222222222222,0.0,-176.1875,288,16,18
13,section,624-640,36.22222222222222,0.0,-526.7058823529412,306,17,18
13,section,641-657,36.22222222222222,0.0,-37.55555555555556,306,17,18
13,section,658-674,36.22222222222222,0.0,86.11437908496733,306,17,18
13,section,675-691,36.22222222222222,0.0,74.76797385620915,306,17,18
13,section,692-700,36.22222222222222,0.0,-146.60493827160494,162,9,18
13,section,701-711,36.22222222222222,0.0,-175.25757575757575,198,11,18
13,section,712-722,36.22222222222222,0.0,122.91919191919192,198,11,18
13,section,723-733,36.22222222222222,0.0,-5.095959595959596,198,11,18
13,section,734-744,36.22222222222222,0.0,-43.51010101010101,198,11,18
13,section,745-755,36.22222222222222,0.0,-66.93939393939394,198,11,18
13,section,805-815,36.22222222222222,0.0,-133.02020202020202,198,11,18
14,machine_tail,0,44.72222222222222,0.0,90.73717948717949,468,26,18
14,machine_tail,1,44.72222222222222,0.0,419.9485596707819,486,27,18
14,machine_tail,2,44.72222222222222,0.0,308.54526748971193,486,27,18
14,machine_tail,3,44.72222222222222,0.0,190.83744855967078,486,27,18
14,machine_tail,4,44.72222222222222,0.0,415.98148148148147,486,27,18
14,machine_tail,5,44.72222222222222,0.0,153.08134920634922,504,28,18
14,machine_tail,6,44.72222222222222,0.0,180.01923076923077,468,26,18
14,machine_tail,7,44.72222222222222,0.0,56.71153846153846,468,26,18
14,machine_tail,8,44.72222222222222,0.0,186.07905982905982,468,26,18
14,machine_tail,9,44.72222222222222,0.0,303.0747863247863,468,26,18
14,machine_type,その他,44.684778697373154,0.0,185.15293270960777,2779,182,18
14,machine_type,ジャグラー,44.71888818698673,0.0,204.52116234996842,1583,92,18
14,machine_type,ハナハナ,45.411764705882355,0.0,-594.9411764705883,17,3,6
14,machine_type,化物語,45.4390243902439,0.0,557.0,41,7,7
14,machine_type,北斗,44.90760869565217,0.0,699.1141304347826,368,31,18
14,rank_from_max,1,44.72222222222222,0.0,-42.592592592592595,324,18,18
14,rank_from_max,10,44.72222222222222,0.0,257.1503267973856,306,17,18
14,rank_from_max,11,44.72222222222222,0.0,528.2026143790849,306,17,18
14,rank_from_max,12,44.72222222222222,0.0,285.40909090909093,198,11,18
14,rank_from_max,13,44.72222222222222,0.0,422.74747474747477,198,11,18
14,rank_from_max,14,44.72222222222222,0.0,-155.22222222222223,198,11,18
14,rank_from_max,15,44.72222222222222,0.0,375.8989898989899,198,11,18
14,rank_from_max,16,44.72222222222222,0.0,349.0353535353535,198,11,18
14,rank_from_max,17,44.72222222222222,0.0,430.3666666666667,180,10,18
14,rank_from_max,18,44.72222222222222,0.0,-1364.611111111111,18,1,18
14,rank_from_max,19,44.72222222222222,0.0,690.8333333333334,18,1,18
14,rank_from_max,2,44.72222222222222,0.0,309.33024691358025,324,18,18
14,rank_from_max,20,44.72222222222222,0.0,-263.6666666666667,18,1,18
14,rank_from_max,21,44.72222222222222,0.0,69.22222222222223,18,1,18
14,rank_from_max,22,44.72222222222222,0.0,2068.222222222222,18,1,18
14,rank_from_max,3,44.72222222222222,0.0,-118.39506172839506,324,18,18
14,rank_from_max,4,44.72222222222222,0.0,254.55864197530863,324,18,18
14,rank_from_max,5,44.72222222222222,0.0,136.9969135802469,324,18,18
14,rank_from_max,6,44.72222222222222,0.0,354.88271604938274,324,18,18
14,rank_from_max,7,44.72222222222222,0.0,300.51851851851853,324,18,18
14,rank_from_max,8,44.72222222222222,0.0,318.48148148148147,324,18,18
14,rank_from_max,9,44.72222222222222,0.0,78.47839506172839,324,18,18
14,rank_from_min,1,44.72222222222222,0.0,427.21604938271605,324,18,18
14,rank_from_min,10,44.72222222222222,0.0,431.20588235294116,306,17,18
14,rank_from_min,11,44.72222222222222,0.0,368.56535947712416,306,17,18
14,rank_from_min,12,44.72222222222222,0.0,773.2272727272727,198,11,18
14,rank_from_min,13,44.72222222222222,0.0,-112.31313131313131,198,11,18
14,rank_from_min,14,44.72222222222222,0.0,178.96464646464648,198,11,18
14,rank_from_min,15,44.72222222222222,0.0,-57.91919191919192,198,11,18
14,rank_from_min,16,44.72222222222222,0.0,171.63131313131314,198,11,18
14,rank_from_min,17,44.72222222222222,0.0,-46.361111111111114,180,10,18
14,rank_from_min,18,44.72222222222222,0.0,1168.111111111111,18,1,18
14,rank_from_min,19,44.72222222222222,0.0,741.3333333333334,18,1,18
14,rank_from_min,2,44.72222222222222,0.0,237.8858024691358,324,18,18
14,rank_from_min,20,44.72222222222222,0.0,-253.16666666666666,18,1,18
14,rank_from_min,21,44.72222222222222,0.0,639.5555555555555,18,1,18
14,rank_from_min,22,44.72222222222222,0.0,-1382.0555555555557,18,1,18
14,rank_from_min,3,44.72222222222222,0.0,359.5216049382716,324,18,18
14,rank_from_min,4,44.72222222222222,0.0,81.9753086419753,324,18,18
14,rank_from_min,5,44.72222222222222,0.0,301.84567901234567,324,18,18
14,rank_from_min,6,44.72222222222222,0.0,280.7191358024691,324,18,18
14,rank_from_min,7,44.72222222222222,0.0,75.41975308641975,324,18,18
14,rank_from_min,8,44.72222222222222,0.0,389.73148148148147,324,18,18
14,rank_from_min,9,44.72222222222222,0.0,-96.75308641975309,324,18,18
14,section,501-522,44.72222222222222,0.0,146.68939393939394,396,22,18
14,section,523-539,44.72222222222222,0.0,108.32679738562092,306,17,18
14,section,540-556,44.72222222222222,0.0,313.640522875817,306,17,18
14,section,557-573,44.72222222222222,0.0,489.76797385620915,306,17,18
14,section,574-590,44.72222222222222,0.0,705.7647058823529,306,17,18
14,section,591-607,44.72222222222222,0.0,342.83986928104576,306,17,18
14,section,608-623,44.72222222222222,0.0,77.12152777777777,288,16,18
14,section,624-640,44.72222222222222,0.0,181.54575163398692,306,17,18
14,section,641-657,44.72222222222222,0.0,42.09477124183007,306,17,18
14,section,658-674,44.72222222222222,0.0,259.42483660130716,306,17,18
14,section,675-691,44.72222222222222,0.0,138.57843137254903,306,17,18
14,section,692-700,44.72222222222222,0.0,15.61111111111111,162,9,18
14,section,701-711,44.72222222222222,0.0,174.3989898989899,198,11,18
14,section,712-722,44.72222222222222,0.0,328.75757575757575,198,11,18
14,section,723-733,44.72222222222222,0.0,334.22727272727275,198,11,18
14,section,734-744,44.72222222222222,0.0,186.36868686868686,198,11,18
14,section,745-755,44.72222222222222,0.0,-3.914141414141414,198,11,18
14,section,805-815,44.72222222222222,0.0,168.93939393939394,198,11,18
15,machine_tail,0,36.833333333333336,0.0,-88.33333333333333,468,26,18
15,machine_tail,1,36.833333333333336,0.0,10.890946502057613,486,27,18
15,machine_tail,2,36.833333333333336,0.0,-98.38271604938272,486,27,18
15,machine_tail,3,36.833333333333336,0.0,4.691358024691358,486,27,18
15,machine_tail,4,36.833333333333336,0.0,15.843621399176955,486,27,18
15,machine_tail,5,36.833333333333336,0.0,-108.78968253968254,504,28,18
15,machine_tail,6,36.833333333333336,0.0,-61.88247863247863,468,26,18
15,machine_tail,7,36.833333333333336,0.0,-5.196581196581197,468,26,18
15,machine_tail,8,36.833333333333336,0.0,-137.43803418803418,468,26,18
15,machine_tail,9,36.833333333333336,0.0,-49.294871794871796,468,26,18
15,machine_type,その他,36.850305865419216,0.0,-120.84346887369557,2779,182,18
15,machine_type,ジャグラー,36.85154769425142,0.0,33.972204674668355,1583,92,18
15,machine_type,ハナハナ,35.05882352941177,0.0,20.764705882352942,17,3,6
15,machine_type,化物語,35.80487804878049,0.0,-788.2926829268292,41,7,7
15,machine_type,北斗,36.82336956521739,0.0,180.7554347826087,368,31,18
15,rank_from_max,1,36.833333333333336,0.0,-80.65432098765432,324,18,18
15,rank_from_max,10,36.833333333333336,0.0,-28.33986928104575,306,17,18
15,rank_from_max,11,36.833333333333336,0.0,120.32352941176471,306,17,18
15,rank_from_max,12,36.833333333333336,0.0,-166.3030303030303,198,11,18
15,rank_from_max,13,36.833333333333336,0.0,148.35858585858585,198,11,18
15,rank_from_max,14,36.833333333333336,0.0,-66.83838383838383,198,11,18
15,rank_from_max,15,36.833333333333336,0.0,128.7171717171717,198,11,18
15,rank_from_max,16,36.833333333333336,0.0,185.34848484848484,198,11,18
15,rank_from_max,17,36.833333333333336,0.0,-115.63333333333334,180,10,18
15,rank_from_max,18,36.833333333333336,0.0,66.27777777777777,18,1,18
15,rank_from_max,19,36.833333333333336,0.0,11.11111111111111,18,1,18
15,rank_from_max,2,36.833333333333336,0.0,-178.91975308641975,324,18,18
15,rank_from_max,20,36.833333333333336,0.0,674.0,18,1,18
15,rank_from_max,21,36.833333333333336,0.0,-766.6111111111111,18,1,18
15,rank_from_max,22,36.833333333333336,0.0,310.72222222222223,18,1,18
15,rank_from_max,3,36.833333333333336,0.0,-22.432098765432098,324,18,18
15,rank_from_max,4,36.833333333333336,0.0,-152.1172839506173,324,18,18
15,rank_from_max,5,36.833333333333336,0.0,-34.23148148148148,324,18,18
15,rank_from_max,6,36.833333333333336,0.0,-90.28703703703704,324,18,18
15,rank_from_max,7,36.833333333333336,0.0,-93.67592592592592,324,18,18
15,rank_from_max,8,36.833333333333336,0.0,-119.49691358024691,324,18,18
15,rank_from_max,9,36.833333333333336,0.0,-171.22530864197532,324,18,18
15,rank_from_min,1,36.833333333333336,0.0,2.9753086419753085,324,18,18
15,rank_from_min,10,36.833333333333336,0.0,-143.00980392156862,306,17,18
15,rank_from_min,11,36.833333333333336,0.0,-5.6568627450980395,306,17,18
15,rank_from_min,12,36.833333333333336,0.0,-136.33333333333334,198,11,18
15,rank_from_min,13,36.833333333333336,0.0,-106.43434343434343,198,11,18
15,rank_from_min,14,36.833333333333336,0.0,-34.696969696969695,198,11,18
15,rank_from_min,15,36.833333333333336,0.0,33.87373737373738,198,11,18
15,rank_from_min,16,36.833333333333336,0.0,-286.30808080808083,198,11,18
15,rank_from_min,17,36.833333333333336,0.0,-65.82222222222222,180,10,18
15,rank_from_min,18,36.833333333333336,0.0,-183.44444444444446,18,1,18
15,rank_from_min,19,36.833333333333336,0.0,-582.3333333333334,18,1,18
15,rank_from_min,2,36.833333333333336,0.0,145.51234567901236,324,18,18
15,rank_from_min,20,36.833333333333336,0.0,-162.88888888888889,18,1,18
15,rank_from_min,21,36.833333333333336,0.0,-448.27777777777777,18,1,18
15,rank_from_min,22,36.833333333333336,0.0,-1188.3333333333333,18,1,18
15,rank_from_min,3,36.833333333333336,0.0,68.47839506172839,324,18,18
15,rank_from_min,4,36.833333333333336,0.0,26.86111111111111,324,18,18
15,rank_from_min,5,36.833333333333336,0.0,33.916666666666664,324,18,18
15,rank_from_min,6,36.833333333333336,0.0,-140.55864197530863,324,18,18
15,rank_from_min,7,36.833333333333336,0.0,24.820987654320987,324,18,18
15,rank_from_min,8,36.833333333333336,0.0,-175.1820987654321,324,18,18
15,rank_from_min,9,36.833333333333336,0.0,-107.37962962962963,324,18,18
15,section,501-522,36.833333333333336,0.0,-318.520202020202,396,22,18
15,section,523-539,36.833333333333336,0.0,-196.26797385620915,306,17,18
15,section,540-556,36.833333333333336,0.0,173.37908496732027,306,17,18
15,section,557-573,36.833333333333336,0.0,131.12745098039215,306,17,18
15,section,574-590,36.833333333333336,0.0,-69.55555555555556,306,17,18
15,section,591-607,36.833333333333336,0.0,-45.23856209150327,306,17,18
15,section,608-623,36.833333333333336,0.0,-63.06944444444444,288,16,18
15,section,624-640,36.833333333333336,0.0,-228.13725490196077,306,17,18
15,section,641-657,36.833333333333336,0.0,97.35620915032679,306,17,18
15,section,658-674,36.833333333333336,0.0,16.035947712418302,306,17,18
15,section,675-691,36.833333333333336,0.0,0.27124183006535946,306,17,18
15,section,692-700,36.833333333333336,0.0,-139.3395061728395,162,9,18
15,section,701-711,36.833333333333336,0.0,-240.63636363636363,198,11,18
15,section,712-722,36.833333333333336,0.0,-36.06060606060606,198,11,18
15,section,723-733,36.833333333333336,0.0,-26.393939393939394,198,11,18
15,section,734-744,36.833333333333336,0.0,150.87373737373738,198,11,18
15,section,745-755,36.833333333333336,0.0,18.171717171717173,198,11,18
15,section,805-815,36.833333333333336,0.0,-86.1010101010101,198,11,18
16,machine_tail,0,36.55555555555556,0.0,18.365384615384617,468,26,18
16,machine_tail,1,36.55555555555556,0.0,-131.559670781893,486,27,18
16,machine_tail,2,36.55555555555556,0.0,-82.43415637860082,486,27,18
16,machine_tail,3,36.55555555555556,0.0,-48.56995884773662,486,27,18
16,machine_tail,4,36.55555555555556,0.0,106.7551440329218,486,27,18
16,machine_tail,5,36.55555555555556,0.0,24.797619047619047,504,28,18
16,machine_tail,6,36.55555555555556,0.0,-126.16666666666667,468,26,18
16,machine_tail,7,36.55555555555556,0.0,-40.97435897435897,468,26,18
16,machine_tail,8,36.55555555555556,0.0,-90.06410256410257,468,26,18
16,machine_tail,9,36.55555555555556,0.0,47.90811965811966,468,26,18
16,machine_type,その他,36.617488305145734,0.0,-53.14177761784815,2779,182,18
16,machine_type,ジャグラー,36.53030303030303,0.0,46.878787878787875,1584,92,18
16,machine_type,ハナハナ,37.0,0.0,-327.3529411764706,17,3,6
16,machine_type,化物語,36.97560975609756,0.0,-102.82926829268293,41,7,7
16,machine_type,北斗,36.12806539509537,0.0,-189.0326975476839,367,31,18
16,rank_from_max,1,36.55555555555556,0.0,114.5925925925926,324,18,18
16,rank_from_max,10,36.55555555555556,0.0,-82.43137254901961,306,17,18
16,rank_from_max,11,36.55555555555556,0.0,29.218954248366014,306,17,18
16,rank_from_max,12,36.55555555555556,0.0,-147.3939393939394,198,11,18
16,rank_from_max,13,36.55555555555556,0.0,-97.61616161616162,198,11,18
16,rank_from_max,14,36.55555555555556,0.0,-18.0,198,11,18
16,rank_from_max,15,36.55555555555556,0.0,-311.550505050505,198,11,18
16,rank_from_max,16,36.55555555555556,0.0,-97.54040404040404,198,11,18
16,rank_from_max,17,36.55555555555556,0.0,33.02777777777778,180,10,18
16,rank_from_max,18,36.55555555555556,0.0,1357.7777777777778,18,1,18
16,rank_from_max,19,36.55555555555556,0.0,-361.8888888888889,18,1,18
16,rank_from_max,2,36.55555555555556,0.0,114.43827160493827,324,18,18
16,rank_from_max,20,36.55555555555556,0.0,-767.8888888888889,18,1,18
16,rank_from_max,21,36.55555555555556,0.0,-803.9444444444445,18,1,18
16,rank_from_max,22,36.55555555555556,0.0,-891.7777777777778,18,1,18
16,rank_from_max,3,36.55555555555556,0.0,-100.66666666666667,324,18,18
16,rank_from_max,4,36.55555555555556,0.0,152.8858024691358,324,18,18
16,rank_from_max,5,36.55555555555556,0.0,-161.7716049382716,324,18,18
16,rank_from_max,6,36.55555555555556,0.0,36.47839506172839,324,18,18
16,rank_from_max,7,36.55555555555556,0.0,32.398148148148145,324,18,18
16,rank_from_max,8,36.55555555555556,0.0,-129.7685185185185,324,18,18
16,rank_from_max,9,36.55555555555556,0.0,-5.339506172839506,324,18,18
16,rank_from_min,1,36.55555555555556,0.0,-78.69135802469135,324,18,18
16,rank_from_min,10,36.55555555555556,0.0,-66.42156862745098,306,17,18
16,rank_from_min,11,36.55555555555556,0.0,23.552287581699346,306,17,18
16,rank_from_min,12,36.55555555555556,0.0,137.81313131313132,198,11,18
16,rank_from_min,13,36.55555555555556,0.0,64.31313131313131,198,11,18
16,rank_from_min,14,36.55555555555556,0.0,326.9141414141414,198,11,18
16,rank_from_min,15,36.55555555555556,0.0,-170.0151515151515,198,11,18
16,rank_from_min,16,36.55555555555556,0.0,-8.242424242424242,198,11,18
16,rank_from_min,17,36.55555555555556,0.0,41.50555555555555,180,10,18
16,rank_from_min,18,36.55555555555556,0.0,-429.77777777777777,18,1,18
16,rank_from_min,19,36.55555555555556,0.0,81.16666666666667,18,1,18
16,rank_from_min,2,36.55555555555556,0.0,-146.5030864197531,324,18,18
16,rank_from_min,20,36.55555555555556,0.0,301.1666666666667,18,1,18
16,rank_from_min,21,36.55555555555556,0.0,287.72222222222223,18,1,18
16,rank_from_min,22,36.55555555555556,0.0,301.6666666666667,18,1,18
16,rank_from_min,3,36.55555555555556,0.0,-213.8641975308642,324,18,18
16,rank_from_min,4,36.55555555555556,0.0,-5.466049382716049,324,18,18
16,rank_from_min,5,36.55555555555556,0.0,60.58024691358025,324,18,18
16,rank_from_min,6,36.55555555555556,0.0,-12.419753086419753,324,18,18
16,rank_from_min,7,36.55555555555556,0.0,-32.66975308641975,324,18,18
16,rank_from_min,8,36.55555555555556,0.0,-207.2469135802469,324,18,18
16,rank_from_min,9,36.55555555555556,0.0,-61.69444444444444,324,18,18
16,section,501-522,36.55555555555556,0.0,-6.237373737373737,396,22,18
16,section,523-539,36.55555555555556,0.0,-296.5718954248366,306,17,18
16,section,540-556,36.55555555555556,0.0,-254.26143790849673,306,17,18
16,section,557-573,36.55555555555556,0.0,-67.0,306,17,18
16,section,574-590,36.55555555555556,0.0,-42.532679738562095,306,17,18
16,section,591-607,36.55555555555556,0.0,110.54901960784314,306,17,18
16,section,608-623,36.55555555555556,0.0,173.47222222222223,288,16,18
16,section,624-640,36.55555555555556,0.0,-214.33986928104576,306,17,18
16,section,641-657,36.55555555555556,0.0,77.54248366013071,306,17,18
16,section,658-674,36.55555555555556,0.0,22.202614379084967,306,17,18
16,section,675-691,36.55555555555556,0.0,29.0718954248366,306,17,18
16,section,692-700,36.55555555555556,0.0,-14.549382716049383,162,9,18
16,section,701-711,36.55555555555556,0.0,-270.85858585858585,198,11,18
16,section,712-722,36.55555555555556,0.0,91.01010101010101,198,11,18
16,section,723-733,36.55555555555556,0.0,49.101010101010104,198,11,18
16,section,734-744,36.55555555555556,0.0,64.3080808080808,198,11,18
16,section,745-755,36.55555555555556,0.0,-32.48989898989899,198,11,18
16,section,805-815,36.55555555555556,0.0,82.26262626262626,198,11,18
17,machine_tail,0,41.44444444444444,0.0,23.200854700854702,468,26,18
17,machine_tail,1,41.44444444444444,0.0,219.1275720164609,486,27,18
17,machine_tail,2,41.44444444444444,0.0,185.81687242798353,486,27,18
17,machine_tail,3,41.44444444444444,0.0,119.48559670781893,486,27,18
17,machine_tail,4,41.44444444444444,0.0,117.42798353909465,486,27,18
17,machine_tail,5,41.44444444444444,0.0,142.13095238095238,504,28,18
17,machine_tail,6,41.44444444444444,0.0,280.1923076923077,468,26,18
17,machine_tail,7,41.44444444444444,0.0,274.95299145299145,468,26,18
17,machine_tail,8,41.44444444444444,0.0,66.61965811965813,468,26,18
17,machine_tail,9,41.44444444444444,0.0,282.4209401709402,468,26,18
17,machine_type,その他,41.468513853904284,0.0,156.3936667866139,2779,182,18
17,machine_type,ジャグラー,41.451388888888886,0.0,160.4280303030303,1584,92,18
17,machine_type,ハナハナ,40.88235294117647,0.0,-26.470588235294116,17,3,6
17,machine_type,化物語,41.31707317073171,0.0,27.048780487804876,41,7,7
17,machine_type,北斗,41.2724795640327,0.0,349.31607629427793,367,31,18
17,rank_from_max,1,41.44444444444444,0.0,187.47530864197532,324,18,18
17,rank_from_max,10,41.44444444444444,0.0,160.11111111111111,306,17,18
17,rank_from_max,11,41.44444444444444,0.0,-27.30392156862745,306,17,18
17,rank_from_max,12,41.44444444444444,0.0,242.44444444444446,198,11,18
17,rank_from_max,13,41.44444444444444,0.0,-96.14646464646465,198,11,18
17,rank_from_max,14,41.44444444444444,0.0,-20.454545454545453,198,11,18
17,rank_from_max,15,41.44444444444444,0.0,434.9646464646465,198,11,18
17,rank_from_max,16,41.44444444444444,0.0,138.64141414141415,198,11,18
17,rank_from_max,17,41.44444444444444,0.0,-116.58333333333333,180,10,18
17,rank_from_max,18,41.44444444444444,0.0,490.44444444444446,18,1,18
17,rank_from_max,19,41.44444444444444,0.0,1768.7222222222222,18,1,18
17,rank_from_max,2,41.44444444444444,0.0,305.25308641975306,324,18,18
17,rank_from_max,20,41.44444444444444,0.0,324.5,18,1,18
17,rank_from_max,21,41.44444444444444,0.0,2781.0555555555557,18,1,18
17,rank_from_max,22,41.44444444444444,0.0,1334.7222222222222,18,1,18
17,rank_from_max,3,41.44444444444444,0.0,275.51234567901236,324,18,18
17,rank_from_max,4,41.44444444444444,0.0,33.598765432098766,324,18,18
17,rank_from_max,5,41.44444444444444,0.0,169.41358024691357,324,18,18
17,rank_from_max,6,41.44444444444444,0.0,189.15123456790124,324,18,18
17,rank_from_max,7,41.44444444444444,0.0,388.212962962963,324,18,18
17,rank_from_max,8,41.44444444444444,0.0,57.41358024691358,324,18,18
17,rank_from_max,9,41.44444444444444,0.0,57.114197530864196,324,18,18
17,rank_from_min,1,41.44444444444444,0.0,25.074074074074073,324,18,18
17,rank_from_min,10,41.44444444444444,0.0,84.52614379084967,306,17,18
17,rank_from_min,11,41.44444444444444,0.0,301.7124183006536,306,17,18
17,rank_from_min,12,41.44444444444444,0.0,144.3080808080808,198,11,18
17,rank_from_min,13,41.44444444444444,0.0,171.63636363636363,198,11,18
17,rank_from_min,14,41.44444444444444,0.0,27.742424242424242,198,11,18
17,rank_from_min,15,41.44444444444444,0.0,522.7575757575758,198,11,18
17,rank_from_min,16,41.44444444444444,0.0,460.5151515151515,198,11,18
17,rank_from_min,17,41.44444444444444,0.0,390.9222222222222,180,10,18
17,rank_from_min,18,41.44444444444444,0.0,840.3333333333334,18,1,18
17,rank_from_min,19,41.44444444444444,0.0,421.05555555555554,18,1,18
17,rank_from_min,2,41.44444444444444,0.0,322.7098765432099,324,18,18
17,rank_from_min,20,41.44444444444444,0.0,1497.888888888889,18,1,18
17,rank_from_min,21,41.44444444444444,0.0,-630.0,18,1,18
17,rank_from_min,22,41.44444444444444,0.0,99.33333333333333,18,1,18
17,rank_from_min,3,41.44444444444444,0.0,204.7962962962963,324,18,18
17,rank_from_min,4,41.44444444444444,0.0,133.39506172839506,324,18,18
17,rank_from_min,5,41.44444444444444,0.0,4.916666666666667,324,18,18
17,rank_from_min,6,41.44444444444444,0.0,125.9074074074074,324,18,18
17,rank_from_min,7,41.44444444444444,0.0,78.01543209876543,324,18,18
17,rank_from_min,8,41.44444444444444,0.0,34.151234567901234,324,18,18
17,rank_from_min,9,41.44444444444444,0.0,77.78086419753086,324,18,18
17,section,501-522,41.44444444444444,0.0,724.6262626262626,396,22,18
17,section,523-539,41.44444444444444,0.0,113.07843137254902,306,17,18
17,section,540-556,41.44444444444444,0.0,320.1143790849673,306,17,18
17,section,557-573,41.44444444444444,0.0,134.26143790849673,306,17,18
17,section,574-590,41.44444444444444,0.0,-56.3202614379085,306,17,18
17,section,591-607,41.44444444444444,0.0,355.2483660130719,306,17,18
17,section,608-623,41.44444444444444,0.0,104.24305555555556,288,16,18
17,section,624-640,41.44444444444444,0.0,-138.1045751633987,306,17,18
17,section,641-657,41.44444444444444,0.0,201.29738562091504,306,17,18
17,section,658-674,41.44444444444444,0.0,118.58496732026144,306,17,18
17,section,675-691,41.44444444444444,0.0,185.37254901960785,306,17,18
17,section,692-700,41.44444444444444,0.0,109.79629629629629,162,9,18
17,section,701-711,41.44444444444444,0.0,-49.343434343434346,198,11,18
17,section,712-722,41.44444444444444,0.0,59.833333333333336,198,11,18
17,section,723-733,41.44444444444444,0.0,172.85858585858585,198,11,18
17,section,734-744,41.44444444444444,0.0,243.82323232323233,198,11,18
17,section,745-755,41.44444444444444,0.0,73.04040404040404,198,11,18
17,section,805-815,41.44444444444444,0.0,31.96969696969697,198,11,18
18,machine_tail,0,35.111111111111114,0.0,109.46581196581197,468,26,18
18,machine_tail,1,35.111111111111114,0.0,-132.1255144032922,486,27,18
18,machine_tail,2,35.111111111111114,0.0,-69.71399176954732,486,27,18
18,machine_tail,3,35.111111111111114,0.0,-12.487654320987655,486,27,18
18,machine_tail,4,35.111111111111114,0.0,-31.969135802469136,486,27,18
18,machine_tail,5,35.111111111111114,0.0,-34.33730158730159,504,28,18
18,machine_tail,6,35.111111111111114,0.0,-51.61538461538461,468,26,18
18,machine_tail,7,35.111111111111114,0.0,-110.14102564102564,468,26,18
18,machine_tail,8,35.111111111111114,0.0,-25.927350427350426,468,26,18
18,machine_tail,9,35.111111111111114,0.0,-146.02350427350427,468,26,18
18,machine_type,その他,35.10507376754228,0.0,-65.38287153652394,2779,182,18
18,machine_type,ジャグラー,35.12310606060606,0.0,-16.765151515151516,1584,92,18
18,machine_type,ハナハナ,34.05882352941177,0.0,-531.1764705882352,17,3,6
18,machine_type,化物語,33.5609756097561,0.0,-1096.3170731707316,41,7,7
18,machine_type,北斗,35.32697547683924,0.0,55.26702997275204,367,31,18
18,rank_from_max,1,35.111111111111114,0.0,-106.5679012345679,324,18,18
18,rank_from_max,10,35.111111111111114,0.0,-102.45098039215686,306,17,18
18,rank_from_max,11,35.111111111111114,0.0,15.81045751633987,306,17,18
18,rank_from_max,12,35.111111111111114,0.0,168.24242424242425,198,11,18
18,rank_from_max,13,35.111111111111114,0.0,-393.510101010101,198,11,18
18,rank_from_max,14,35.111111111111114,0.0,-124.12121212121212,198,11,18
18,rank_from_max,15,35.111111111111114,0.0,-189.35353535353536,198,11,18
18,rank_from_max,16,35.111111111111114,0.0,-126.42929292929293,198,11,18
18,rank_from_max,17,35.111111111111114,0.0,-74.91666666666667,180,10,18
18,rank_from_max,18,35.111111111111114,0.0,1789.9444444444443,18,1,18
18,rank_from_max,19,35.111111111111114,0.0,497.8333333333333,18,1,18
18,rank_from_max,2,35.111111111111114,0.0,72.13888888888889,324,18,18
18,rank_from_max,20,35.111111111111114,0.0,719.7777777777778,18,1,18
18,rank_from_max,21,35.111111111111114,0.0,-216.0,18,1,18
18,rank_from_max,22,35.111111111111114,0.0,-217.27777777777777,18,1,18
18,rank_from_max,3,35.111111111111114,0.0,2.0925925925925926,324,18,18
18,rank_from_max,4,35.111111111111114,0.0,-108.78395061728395,324,18,18
18,rank_from_max,5,35.111111111111114,0.0,2.996913580246914,324,18,18
18,rank_from_max,6,35.111111111111114,0.0,-135.43827160493828,324,18,18
18,rank_from_max,7,35.111111111111114,0.0,-121.24691358024691,324,18,18
18,rank_from_max,8,35.111111111111114,0.0,-24.20679012345679,324,18,18
18,rank_from_max,9,35.111111111111114,0.0,59.17901234567901,324,18,18
18,rank_from_min,1,35.111111111111114,0.0,-167.75925925925927,324,18,18
18,rank_from_min,10,35.111111111111114,0.0,109.92156862745098,306,17,18
18,rank_from_min,11,35.111111111111114,0.0,-31.99019607843137,306,17,18
18,rank_from_min,12,35.111111111111114,0.0,33.994949494949495,198,11,18
18,rank_from_min,13,35.111111111111114,0.0,-101.56060606060606,198,11,18
18,rank_from_min,14,35.111111111111114,0.0,129.2929292929293,198,11,18
18,rank_from_min,15,35.111111111111114,0.0,-11.44949494949495,198,11,18
18,rank_from_min,16,35.111111111111114,0.0,31.252525252525253,198,11,18
18,rank_from_min,17,35.111111111111114,0.0,-198.76666666666668,180,10,18
18,rank_from_min,18,35.111111111111114,0.0,1404.5555555555557,18,1,18
18,rank_from_min,19,35.111111111111114,0.0,-758.6666666666666,18,1,18
18,rank_from_min,2,35.111111111111114,0.0,-147.45987654320987,324,18,18
18,rank_from_min,20,35.111111111111114,0.0,-239.5,18,1,18
18,rank_from_min,21,35.111111111111114,0.0,34.333333333333336,18,1,18
18,rank_from_min,22,35.111111111111114,0.0,210.22222222222223,18,1,18
18,rank_from_min,3,35.111111111111114,0.0,-120.45987654320987,324,18,18
18,rank_from_min,4,35.111111111111114,0.0,-99.5,324,18,18
18,rank_from_min,5,35.111111111111114,0.0,-261.8796296296296,324,18,18
18,rank_from_min,6,35.111111111111114,0.0,41.861111111111114,324,18,18
18,rank_from_min,7,35.111111111111114,0.0,29.296296296296298,324,18,18
18,rank_from_min,8,35.111111111111114,0.0,-139.34567901234567,324,18,18
18,rank_from_min,9,35.111111111111114,0.0,69.32098765432099,324,18,18
18,section,501-522,35.111111111111114,0.0,104.68434343434343,396,22,18
18,section,523-539,35.111111111111114,0.0,3.3758169934640523,306,17,18
18,section,540-556,35.111111111111114,0.0,-78.36601307189542,306,17,18
18,section,557-573,35.111111111111114,0.0,2.816993464052288,306,17,18
18,section,574-590,35.111111111111114,0.0,149.83006535947712,306,17,18
18,section,591-607,35.111111111111114,0.0,-107.99019607843137,306,17,18
18,section,608-623,35.111111111111114,0.0,-308.375,288,16,18
18,section,624-640,35.111111111111114,0.0,-103.87908496732027,306,17,18
18,section,641-657,35.111111111111114,0.0,32.73529411764706,306,17,18
18,section,658-674,35.111111111111114,0.0,-17.333333333333332,306,17,18
18,section,675-691,35.111111111111114,0.0,62.90522875816993,306,17,18
18,section,692-700,35.111111111111114,0.0,-349.2962962962963,162,9,18
18,section,701-711,35.111111111111114,0.0,-150.7828282828283,198,11,18
18,section,712-722,35.111111111111114,0.0,-166.77777777777777,198,11,18
18,section,723-733,35.111111111111114,0.0,-15.873737373737374,198,11,18
18,section,734-744,35.111111111111114,0.0,-139.3181818181818,198,11,18
18,section,745-755,35.111111111111114,0.0,-123.06565656565657,198,11,18
18,section,805-815,35.111111111111114,0.0,-14.792929292929292,198,11,18
19,machine_tail,0,36.388888888888886,0.0,-183.26923076923077,468,26,18
19,machine_tail,1,36.388888888888886,0.0,-4.191358024691358,486,27,18
19,machine_tail,2,36.388888888888886,0.0,214.4423868312757,486,27,18
19,machine_tail,3,36.388888888888886,0.0,-74.53909465020575,486,27,18
19,machine_tail,4,36.388888888888886,0.0,164.0781893004115,486,27,18
19,machine_tail,5,36.388888888888886,0.0,10.84920634920635,504,28,18
19,machine_tail,6,36.388888888888886,0.0,-198.3482905982906,468,26,18
19,machine_tail,7,36.388888888888886,0.0,-5.920940170940171,468,26,18
19,machine_tail,8,36.388888888888886,0.0,-28.123931623931625,468,26,18
19,machine_tail,9,36.388888888888886,0.0,-15.226495726495726,468,26,18
19,machine_type,その他,36.41237855343649,0.0,-51.097157250809644,2779,182,18
19,machine_type,ジャグラー,36.36805555555556,0.0,34.37058080808081,1584,92,18
19,machine_type,ハナハナ,36.23529411764706,0.0,-88.76470588235294,17,3,6
19,machine_type,化物語,35.63414634146341,0.0,-96.58536585365853,41,7,7
19,machine_type,北斗,36.392370572207085,0.0,115.8991825613079,367,31,18
19,rank_from_max,1,36.388888888888886,0.0,-136.9351851851852,324,18,18
19,rank_from_max,10,36.388888888888886,0.0,88.83660130718954,306,17,18
19,rank_from_max,11,36.388888888888886,0.0,-77.97385620915033,306,17,18
19,rank_from_max,12,36.388888888888886,0.0,127.18181818181819,198,11,18
19,rank_from_max,13,36.388888888888886,0.0,-65.75252525252525,198,11,18
19,rank_from_max,14,36.388888888888886,0.0,-76.96464646464646,198,11,18
19,rank_from_max,15,36.388888888888886,0.0,-208.77777777777777,198,11,18
19,rank_from_max,16,36.388888888888886,0.0,191.11111111111111,198,11,18
19,rank_from_max,17,36.388888888888886,0.0,168.45555555555555,180,10,18
19,rank_from_max,18,36.388888888888886,0.0,611.0555555555555,18,1,18
19,rank_from_max,19,36.388888888888886,0.0,898.7777777777778,18,1,18
19,rank_from_max,2,36.388888888888886,0.0,-102.14506172839506,324,18,18
19,rank_from_max,20,36.388888888888886,0.0,584.1111111111111,18,1,18
19,rank_from_max,21,36.388888888888886,0.0,500.72222222222223,18,1,18
19,rank_from_max,22,36.388888888888886,0.0,465.0,18,1,18
19,rank_from_max,3,36.388888888888886,0.0,76.10493827160494,324,18,18
19,rank_from_max,4,36.388888888888886,0.0,-72.37654320987654,324,18,18
19,rank_from_max,5,36.388888888888886,0.0,-60.632716049382715,324,18,18
19,rank_from_max,6,36.388888888888886,0.0,-166.56172839506172,324,18,18
19,rank_from_max,7,36.388888888888886,0.0,-67.03703703703704,324,18,18
19,rank_from_max,8,36.388888888888886,0.0,-21.574074074074073,324,18,18
19,rank_from_max,9,36.388888888888886,0.0,141.78703703703704,324,18,18
19,rank_from_min,1,36.388888888888886,0.0,143.9351851851852,324,18,18
19,rank_from_min,10,36.388888888888886,0.0,-62.30718954248366,306,17,18
19,rank_from_min,11,36.388888888888886,0.0,-4.519607843137255,306,17,18
19,rank_from_min,12,36.388888888888886,0.0,-158.57070707070707,198,11,18
19,rank_from_min,13,36.388888888888886,0.0,194.47979797979798,198,11,18
19,rank_from_min,14,36.388888888888886,0.0,-78.66161616161617,198,11,18
19,rank_from_min,15,36.388888888888886,0.0,219.489898989899,198,11,18
19,rank_from_min,16,36.388888888888886,0.0,-223.71212121212122,198,11,18
19,rank_from_min,17,36.388888888888886,0.0,-303.1,180,10,18
19,rank_from_min,18,36.388888888888886,0.0,-327.05555555555554,18,1,18
19,rank_from_min,19,36.388888888888886,0.0,-232.77777777777777,18,1,18
19,rank_from_min,2,36.388888888888886,0.0,11.756172839506172,324,18,18
19,rank_from_min,20,36.388888888888886,0.0,-664.7222222222222,18,1,18
19,rank_from_min,21,36.388888888888886,0.0,45.111111111111114,18,1,18
19,rank_from_min,22,36.388888888888886,0.0,-353.94444444444446,18,1,18
19,rank_from_min,3,36.388888888888886,0.0,-44.48456790123457,324,18,18
19,rank_from_min,4,36.388888888888886,0.0,15.530864197530864,324,18,18
19,rank_from_min,5,36.388888888888886,0.0,50.19753086419753,324,18,18
19,rank_from_min,6,36.388888888888886,0.0,-126.21604938271605,324,18,18
19,rank_from_min,7,36.388888888888886,0.0,-58.45987654320987,324,18,18
19,rank_from_min,8,36.388888888888886,0.0,-34.05555555555556,324,18,18
19,rank_from_min,9,36.388888888888886,0.0,231.36111111111111,324,18,18
19,section,501-522,36.388888888888886,0.0,110.76515151515152,396,22,18
19,section,523-539,36.388888888888886,0.0,19.66013071895425,306,17,18
19,section,540-556,36.388888888888886,0.0,-72.18627450980392,306,17,18
19,section,557-573,36.388888888888886,0.0,4.875816993464053,306,17,18
19,section,574-590,36.388888888888886,0.0,132.03267973856208,306,17,18
19,section,591-607,36.388888888888886,0.0,-63.669934640522875,306,17,18
19,section,608-623,36.388888888888886,0.0,-70.78125,288,16,18
19,section,624-640,36.388888888888886,0.0,-216.3856209150327,306,17,18
19,section,641-657,36.388888888888886,0.0,8.676470588235293,306,17,18
19,section,658-674,36.388888888888886,0.0,94.62745098039215,306,17,18
19,section,675-691,36.388888888888886,0.0,-2.176470588235294,306,17,18
19,section,692-700,36.388888888888886,0.0,-183.15432098765433,162,9,18
19,section,701-711,36.388888888888886,0.0,-281.4040404040404,198,11,18
19,section,712-722,36.388888888888886,0.0,-77.97474747474747,198,11,18
19,section,723-733,36.388888888888886,0.0,148.83333333333334,198,11,18
19,section,734-744,36.388888888888886,0.0,43.68181818181818,198,11,18
19,section,745-755,36.388888888888886,0.0,21.828282828282827,198,11,18
19,section,805-815,36.388888888888886,0.0,67.42929292929293,198,11,18
20,machine_tail,0,35.388888888888886,0.0,121.12606837606837,468,26,18
20,machine_tail,1,35.388888888888886,0.0,-37.10082304526749,486,27,18
20,machine_tail,2,35.388888888888886,0.0,-4.907407407407407,486,27,18
20,machine_tail,3,35.388888888888886,0.0,-47.27160493827161,486,27,18
20,machine_tail,4,35.388888888888886,0.0,-212.15226337448559,486,27,18
20,machine_tail,5,35.388888888888886,0.0,-88.55555555555556,504,28,18
20,machine_tail,6,35.388888888888886,0.0,-32.9508547008547,468,26,18
20,machine_tail,7,35.388888888888886,0.0,-23.876068376068375,468,26,18
20,machine_tail,8,35.388888888888886,0.0,-110.66239316239316,468,26,18
20,machine_tail,9,35.388888888888886,0.0,-214.84615384615384,468,26,18
20,machine_type,その他,35.399712952996055,0.0,-101.90563329745245,2787,182,18
20,machine_type,ジャグラー,35.394686907020876,0.0,-39.39911448450348,1581,92,18
20,machine_type,ハナハナ,34.94117647058823,0.0,-562.5294117647059,17,3,6
20,machine_type,化物語,35.829268292682926,0.0,-117.41463414634147,41,7,7
20,machine_type,北斗,35.251381215469614,0.0,130.67403314917127,362,34,18
20,rank_from_max,1,35.388888888888886,0.0,-53.39506172839506,324,18,18
20,rank_from_max,10,35.388888888888886,0.0,-33.911764705882355,306,17,18
20,rank_from_max,11,35.388888888888886,0.0,-37.75816993464052,306,17,18
20,rank_from_max,12,35.388888888888886,0.0,37.156565656565654,198,11,18
20,rank_from_max,13,35.388888888888886,0.0,76.72222222222223,198,11,18
20,rank_from_max,14,35.388888888888886,0.0,107.05555555555556,198,11,18
20,rank_from_max,15,35.388888888888886,0.0,-219.36868686868686,198,11,18
20,rank_from_max,16,35.388888888888886,0.0,38.601010101010104,198,11,18
20,rank_from_max,17,35.388888888888886,0.0,-23.572222222222223,180,10,18
20,rank_from_max,18,35.388888888888886,0.0,2.2222222222222223,18,1,18
20,rank_from_max,19,35.388888888888886,0.0,-1319.3333333333333,18,1,18
20,rank_from_max,2,35.388888888888886,0.0,-61.77160493827161,324,18,18
20,rank_from_max,20,35.388888888888886,0.0,643.1666666666666,18,1,18
20,rank_from_max,21,35.388888888888886,0.0,-1005.5,18,1,18
20,rank_from_max,22,35.388888888888886,0.0,103.61111111111111,18,1,18
20,rank_from_max,3,35.388888888888886,0.0,-19.46604938271605,324,18,18
20,rank_from_max,4,35.388888888888886,0.0,-125.69753086419753,324,18,18
20,rank_from_max,5,35.388888888888886,0.0,-113.50617283950618,324,18,18
20,rank_from_max,6,35.388888888888886,0.0,-288.74074074074076,324,18,18
20,rank_from_max,7,35.388888888888886,0.0,-155.78086419753086,324,18,18
20,rank_from_max,8,35.388888888888886,0.0,111.54012345679013,324,18,18
20,rank_from_max,9,35.388888888888886,0.0,-116.60185185185185,324,18,18
20,rank_from_min,1,35.388888888888886,0.0,-64.71604938271605,324,18,18
20,rank_from_min,10,35.388888888888886,0.0,-13.483660130718954,306,17,18
20,rank_from_min,11,35.388888888888886,0.0,-189.13071895424838,306,17,18
20,rank_from_min,12,35.388888888888886,0.0,-286.92424242424244,198,11,18
20,rank_from_min,13,35.388888888888886,0.0,-267.5,198,11,18
20,rank_from_min,14,35.388888888888886,0.0,-236.09595959595958,198,11,18
20,rank_from_min,15,35.388888888888886,0.0,16.565656565656564,198,11,18
20,rank_from_min,16,35.388888888888886,0.0,-38.85353535353536,198,11,18
20,rank_from_min,17,35.388888888888886,0.0,-52.09444444444444,180,10,18
20,rank_from_min,18,35.388888888888886,0.0,652.1111111111111,18,1,18
20,rank_from_min,19,35.388888888888886,0.0,376.27777777777777,18,1,18
20,rank_from_min,2,35.388888888888886,0.0,-40.75617283950617,324,18,18
20,rank_from_min,20,35.388888888888886,0.0,67.38888888888889,18,1,18
20,rank_from_min,21,35.388888888888886,0.0,-439.05555555555554,18,1,18
20,rank_from_min,22,35.388888888888886,0.0,114.44444444444444,18,1,18
20,rank_from_min,3,35.388888888888886,0.0,-51.57716049382716,324,18,18
20,rank_from_min,4,35.388888888888886,0.0,78.28395061728395,324,18,18
20,rank_from_min,5,35.388888888888886,0.0,36.03703703703704,324,18,18
20,rank_from_min,6,35.388888888888886,0.0,-29.287037037037038,324,18,18
20,rank_from_min,7,35.388888888888886,0.0,16.790123456790123,324,18,18
20,rank_from_min,8,35.388888888888886,0.0,-90.19753086419753,324,18,18
20,rank_from_min,9,35.388888888888886,0.0,-147.60802469135803,324,18,18
20,section,501-522,35.388888888888886,0.0,-53.50252525252525,396,22,18
20,section,523-539,35.388888888888886,0.0,-293.2908496732026,306,17,18
20,section,540-556,35.388888888888886,0.0,104.76143790849673,306,17,18
20,section,557-573,35.388888888888886,0.0,-165.19607843137254,306,17,18
20,section,574-590,35.388888888888886,0.0,-64.22222222222223,306,17,18
20,section,591-607,35.388888888888886,0.0,-89.1797385620915,306,17,18
20,section,608-623,35.388888888888886,0.0,101.55555555555556,288,16,18
20,section,624-640,35.388888888888886,0.0,-218.66013071895424,306,17,18
20,section,641-657,35.388888888888886,0.0,-72.90522875816994,306,17,18
20,section,658-674,35.388888888888886,0.0,13.15359477124183,306,17,18
20,section,675-691,35.388888888888886,0.0,-114.40522875816994,306,17,18
20,section,692-700,35.388888888888886,0.0,30.012345679012345,162,9,18
20,section,701-711,35.388888888888886,0.0,-24.156565656565657,198,11,18
20,section,712-722,35.388888888888886,0.0,2.292929292929293,198,11,18
20,section,723-733,35.388888888888886,0.0,41.207070707070706,198,11,18
20,section,734-744,35.388888888888886,0.0,-107.22727272727273,198,11,18
20,section,745-755,35.388888888888886,0.0,-81.02525252525253,198,11,18
20,section,805-815,35.388888888888886,0.0,-88.23232323232324,198,11,18
21,machine_tail,0,36.27777777777778,0.0,-47.44871794871795,468,26,18
21,machine_tail,1,36.27777777777778,0.0,-17.55761316872428,486,27,18
21,machine_tail,2,36.27777777777778,0.0,-9.026748971193415,486,27,18
21,machine_tail,3,36.27777777777778,0.0,-32.76337448559671,486,27,18
21,machine_tail,4,36.27777777777778,0.0,-83.57818930041152,486,27,18
21,machine_tail,5,36.27777777777778,0.0,-89.2063492063492,504,28,18
21,machine_tail,6,36.27777777777778,0.0,-61.6559829059829,468,26,18
21,machine_tail,7,36.27777777777778,0.0,-193.07692307692307,468,26,18
21,machine_tail,8,36.27777777777778,0.0,-64.67521367521367,468,26,18
21,machine_tail,9,36.27777777777778,0.0,-60.085470085470085,468,26,18
21,machine_type,その他,36.292726621282696,0.0,-128.88427087065568,2791,182,18
21,machine_type,ジャグラー,36.31246046805819,0.0,58.48893105629349,1581,92,18
21,machine_type,ハナハナ,34.294117647058826,0.0,-467.11764705882354,17,3,6
21,machine_type,化物語,34.65853658536585,0.0,-348.9024390243902,41,7,7
21,machine_type,北斗,36.287709497206706,0.0,-69.10614525139665,358,34,18
21,rank_from_max,1,36.27777777777778,0.0,-409.2932098765432,324,18,18
21,rank_from_max,10,36.27777777777778,0.0,91.69607843137256,306,17,18
21,rank_from_max,11,36.27777777777778,0.0,159.74183006535947,306,17,18
21,rank_from_max,12,36.27777777777778,0.0,-250.68686868686868,198,11,18
21,rank_from_max,13,36.27777777777778,0.0,-179.16666666666666,198,11,18
21,rank_from_max,14,36.27777777777778,0.0,94.68181818181819,198,11,18
21,rank_from_max,15,36.27777777777778,0.0,124.5909090909091,198,11,18
21,rank_from_max,16,36.27777777777778,0.0,96.98484848484848,198,11,18
21,rank_from_max,17,36.27777777777778,0.0,-135.06666666666666,180,10,18
21,rank_from_max,18,36.27777777777778,0.0,-527.5555555555555,18,1,18
21,rank_from_max,19,36.27777777777778,0.0,113.38888888888889,18,1,18
21,rank_from_max,2,36.27777777777778,0.0,-147.65740740740742,324,18,18
21,rank_from_max,20,36.27777777777778,0.0,124.5,18,1,18
21,rank_from_max,21,36.27777777777778,0.0,570.0555555555555,18,1,18
21,rank_from_max,22,36.27777777777778,0.0,416.3333333333333,18,1,18
21,rank_from_max,3,36.27777777777778,0.0,17.978395061728396,324,18,18
21,rank_from_max,4,36.27777777777778,0.0,43.27777777777778,324,18,18
21,rank_from_max,5,36.27777777777778,0.0,-65.51851851851852,324,18,18
21,rank_from_max,6,36.27777777777778,0.0,86.04938271604938,324,18,18
21,rank_from_max,7,36.27777777777778,0.0,-114.52777777777777,324,18,18
21,rank_from_max,8,36.27777777777778,0.0,-221.53395061728395,324,18,18
21,rank_from_max,9,36.27777777777778,0.0,-290.3425925925926,324,18,18
21,rank_from_min,1,36.27777777777778,0.0,-20.72530864197531,324,18,18
21,rank_from_min,10,36.27777777777778,0.0,-94.38562091503267,306,17,18
21,rank_from_min,11,36.27777777777778,0.0,-238.02941176470588,306,17,18
21,rank_from_min,12,36.27777777777778,0.0,116.23737373737374,198,11,18
21,rank_from_min,13,36.27777777777778,0.0,-107.68181818181819,198,11,18
21,rank_from_min,14,36.27777777777778,0.0,-22.262626262626263,198,11,18
21,rank_from_min,15,36.27777777777778,0.0,-69.38888888888889,198,11,18
21,rank_from_min,16,36.27777777777778,0.0,-167.63636363636363,198,11,18
21,rank_from_min,17,36.27777777777778,0.0,-378.64444444444445,180,10,18
21,rank_from_min,18,36.27777777777778,0.0,259.1111111111111,18,1,18
21,rank_from_min,19,36.27777777777778,0.0,110.66666666666667,18,1,18
21,rank_from_min,2,36.27777777777778,0.0,150.16666666666666,324,18,18
21,rank_from_min,20,36.27777777777778,0.0,-587.1111111111111,18,1,18
21,rank_from_min,21,36.27777777777778,0.0,-450.1111111111111,18,1,18
21,rank_from_min,22,36.27777777777778,0.0,-775.2222222222222,18,1,18
21,rank_from_min,3,36.27777777777778,0.0,-18.015432098765434,324,18,18
21,rank_from_min,4,36.27777777777778,0.0,14.895061728395062,324,18,18
21,rank_from_min,5,36.27777777777778,0.0,-249.3827160493827,324,18,18
21,rank_from_min,6,36.27777777777778,0.0,-86.47222222222223,324,18,18
21,rank_from_min,7,36.27777777777778,0.0,56.26851851851852,324,18,18
21,rank_from_min,8,36.27777777777778,0.0,55.75617283950617,324,18,18
21,rank_from_min,9,36.27777777777778,0.0,-114.6604938271605,324,18,18
21,section,501-522,36.27777777777778,0.0,7.696969696969697,396,22,18
21,section,523-539,36.27777777777778,0.0,-379.01307189542484,306,17,18
21,section,540-556,36.27777777777778,0.0,-190.02941176470588,306,17,18
21,section,557-573,36.27777777777778,0.0,-48.81699346405229,306,17,18
21,section,574-590,36.27777777777778,0.0,-61.15686274509804,306,17,18
21,section,591-607,36.27777777777778,0.0,-73.4640522875817,306,17,18
21,section,608-623,36.27777777777778,0.0,-128.52430555555554,288,16,18
21,section,624-640,36.27777777777778,0.0,-203.52287581699346,306,17,18
21,section,641-657,36.27777777777778,0.0,53.48692810457516,306,17,18
21,section,658-674,36.27777777777778,0.0,100.02614379084967,306,17,18
21,section,675-691,36.27777777777778,0.0,-19.754901960784313,306,17,18
21,section,692-700,36.27777777777778,0.0,-251.6604938271605,162,9,18
21,section,701-711,36.27777777777778,0.0,-285.55555555555554,198,11,18
21,section,712-722,36.27777777777778,0.0,100.37878787878788,198,11,18
21,section,723-733,36.27777777777778,0.0,184.33333333333334,198,11,18
21,section,734-744,36.27777777777778,0.0,-93.36363636363636,198,11,18
21,section,745-755,36.27777777777778,0.0,69.08585858585859,198,11,18
21,section,805-815,36.27777777777778,0.0,86.29292929292929,198,11,18
22,machine_tail,0,35.5,0.0,-206.9508547008547,468,26,18
22,machine_tail,1,35.5,0.0,-71.23868312757202,486,27,18
22,machine_tail,2,35.5,0.0,-8.703703703703704,486,27,18
22,machine_tail,3,35.5,0.0,-45.66460905349794,486,27,18
22,machine_tail,4,35.5,0.0,-25.843621399176953,486,27,18
22,machine_tail,5,35.5,0.0,-70.75198412698413,504,28,18
22,machine_tail,6,35.5,0.0,-47.99786324786325,468,26,18
22,machine_tail,7,35.5,0.0,-193.27136752136752,468,26,18
22,machine_tail,8,35.5,0.0,-97.32051282051282,468,26,18
22,machine_tail,9,35.5,0.0,-107.09401709401709,468,26,18
22,machine_type,その他,35.49588256355174,0.0,-139.77730039384176,2793,182,18
22,machine_type,ジャグラー,35.507906388361796,0.0,-33.66982922201139,1581,92,18
22,machine_type,ハナハナ,35.529411764705884,0.0,-310.8235294117647,17,3,6
22,machine_type,化物語,35.5609756097561,0.0,613.3170731707318,41,7,7
22,machine_type,北斗,35.48876404494382,0.0,25.480337078651687,356,34,18
22,rank_from_max,1,35.5,0.0,-279.9166666666667,324,18,18
22,rank_from_max,10,35.5,0.0,-139.97058823529412,306,17,18
22,rank_from_max,11,35.5,0.0,-129.34640522875816,306,17,18
22,rank_from_max,12,35.5,0.0,-0.41919191919191917,198,11,18
22,rank_from_max,13,35.5,0.0,72.03535353535354,198,11,18
22,rank_from_max,14,35.5,0.0,-325.7979797979798,198,11,18
22,rank_from_max,15,35.5,0.0,121.22222222222223,198,11,18
22,rank_from_max,16,35.5,0.0,-112.47979797979798,198,11,18
22,rank_from_max,17,35.5,0.0,196.64444444444445,180,10,18
22,rank_from_max,18,35.5,0.0,-126.72222222222223,18,1,18
22,rank_from_max,19,35.5,0.0,554.1666666666666,18,1,18
22,rank_from_max,2,35.5,0.0,-180.8641975308642,324,18,18
22,rank_from_max,20,35.5,0.0,289.5,18,1,18
22,rank_from_max,21,35.5,0.0,623.7777777777778,18,1,18
22,rank_from_max,22,35.5,0.0,1135.7777777777778,18,1,18
22,rank_from_max,3,35.5,0.0,-26.74074074074074,324,18,18
22,rank_from_max,4,35.5,0.0,-45.75925925925926,324,18,18
22,rank_from_max,5,35.5,0.0,-21.73148148148148,324,18,18
22,rank_from_max,6,35.5,0.0,-191.63888888888889,324,18,18
22,rank_from_max,7,35.5,0.0,-61.108024691358025,324,18,18
22,rank_from_max,8,35.5,0.0,-148.42283950617283,324,18,18
22,rank_from_max,9,35.5,0.0,-166.2314814814815,324,18,18
22,rank_from_min,1,35.5,0.0,153.33333333333334,324,18,18
22,rank_from_min,10,35.5,0.0,-104.3202614379085,306,17,18
22,rank_from_min,11,35.5,0.0,-17.287581699346404,306,17,18
22,rank_from_min,12,35.5,0.0,-181.53030303030303,198,11,18
22,rank_from_min,13,35.5,0.0,22.095959595959595,198,11,18
22,rank_from_min,14,35.5,0.0,79.53030303030303,198,11,18
22,rank_from_min,15,35.5,0.0,-164.66666666666666,198,11,18
22,rank_from_min,16,35.5,0.0,-173.4949494949495,198,11,18
22,rank_from_min,17,35.5,0.0,-422.6388888888889,180,10,18
22,rank_from_min,18,35.5,0.0,-688.3333333333334,18,1,18
22,rank_from_min,19,35.5,0.0,-49.111111111111114,18,1,18
22,rank_from_min,2,35.5,0.0,-4.265432098765432,324,18,18
22,rank_from_min,20,35.5,0.0,-158.27777777777777,18,1,18
22,rank_from_min,21,35.5,0.0,-344.1666666666667,18,1,18
22,rank_from_min,22,35.5,0.0,-1101.0555555555557,18,1,18
22,rank_from_min,3,35.5,0.0,-37.65432098765432,324,18,18
22,rank_from_min,4,35.5,0.0,-164.34876543209876,324,18,18
22,rank_from_min,5,35.5,0.0,-12.290123456790123,324,18,18
22,rank_from_min,6,35.5,0.0,-123.18827160493827,324,18,18
22,rank_from_min,7,35.5,0.0,-136.88888888888889,324,18,18
22,rank_from_min,8,35.5,0.0,-111.69444444444444,324,18,18
22,rank_from_min,9,35.5,0.0,-107.74382716049382,324,18,18
22,section,501-522,35.5,0.0,9.484848484848484,396,22,18
22,section,523-539,35.5,0.0,-458.281045751634,306,17,18
22,section,540-556,35.5,0.0,-67.29411764705883,306,17,18
22,section,557-573,35.5,0.0,-65.81045751633987,306,17,18
22,section,574-590,35.5,0.0,-59.9640522875817,306,17,18
22,section,591-607,35.5,0.0,-37.45424836601307,306,17,18
22,section,608-623,35.5,0.0,-3.1875,288,16,18
22,section,624-640,35.5,0.0,-324.5686274509804,306,17,18
22,section,641-657,35.5,0.0,36.071895424836605,306,17,18
22,section,658-674,35.5,0.0,-61.75816993464052,306,17,18
22,section,675-691,35.5,0.0,-42.754901960784316,306,17,18
22,section,692-700,35.5,0.0,-233.54320987654322,162,9,18
22,section,701-711,35.5,0.0,-231.6010101010101,198,11,18
22,section,712-722,35.5,0.0,-101.05555555555556,198,11,18
22,section,723-733,35.5,0.0,7.707070707070707,198,11,18
22,section,734-744,35.5,0.0,-6.308080808080808,198,11,18
22,section,745-755,35.5,0.0,68.81313131313131,198,11,18
22,section,805-815,35.5,0.0,16.656565656565657,198,11,18
23,machine_tail,0,34.5,0.0,-27.677350427350426,468,26,18
23,machine_tail,1,34.5,0.0,-200.42592592592592,486,27,18
23,machine_tail,2,34.5,0.0,-103.75720164609054,486,27,18
23,machine_tail,3,34.5,0.0,-68.49588477366255,486,27,18
23,machine_tail,4,34.5,0.0,-25.502057613168724,486,27,18
23,machine_tail,5,34.5,0.0,-52.75595238095238,504,28,18
23,machine_tail,6,34.5,0.0,-119.63034188034187,468,26,18
23,machine_tail,7,34.5,0.0,-84.69444444444444,468,26,18
23,machine_tail,8,34.5,0.0,-61.24786324786325,468,26,18
23,machine_tail,9,34.5,0.0,-53.83119658119658,468,26,18
23,machine_type,その他,34.50733977801647,0.0,-99.36985320443966,2793,182,18
23,machine_type,ジャグラー,34.50347881087919,0.0,-55.748260594560406,1581,92,18
23,machine_type,ハナハナ,33.529411764705884,0.0,-491.11764705882354,17,3,6
23,machine_type,化物語,34.170731707317074,0.0,132.46341463414635,41,7,7
23,machine_type,北斗,34.51123595505618,0.0,-39.16573033707865,356,34,18
23,rank_from_max,1,34.5,0.0,-271.83024691358025,324,18,18
23,rank_from_max,10,34.5,0.0,98.58496732026144,306,17,18
23,rank_from_max,11,34.5,0.0,-220.12418300653596,306,17,18
23,rank_from_max,12,34.5,0.0,-125.71212121212122,198,11,18
23,rank_from_max,13,34.5,0.0,-252.45454545454547,198,11,18
23,rank_from_max,14,34.5,0.0,-67.92424242424242,198,11,18
23,rank_from_max,15,34.5,0.0,65.92929292929293,198,11,18
23,rank_from_max,16,34.5,0.0,101.16161616161617,198,11,18
23,rank_from_max,17,34.5,0.0,-163.79444444444445,180,10,18
23,rank_from_max,18,34.5,0.0,-74.61111111111111,18,1,18
23,rank_from_max,19,34.5,0.0,-263.6666666666667,18,1,18
23,rank_from_max,2,34.5,0.0,-91.07098765432099,324,18,18
23,rank_from_max,20,34.5,0.0,-225.5,18,1,18
23,rank_from_max,21,34.5,0.0,-605.5,18,1,18
23,rank_from_max,22,34.5,0.0,370.1666666666667,18,1,18
23,rank_from_max,3,34.5,0.0,-37.39506172839506,324,18,18
23,rank_from_max,4,34.5,0.0,-130.80555555555554,324,18,18
23,rank_from_max,5,34.5,0.0,-8.688271604938272,324,18,18
23,rank_from_max,6,34.5,0.0,-14.478395061728396,324,18,18
23,rank_from_max,7,34.5,0.0,19.496913580246915,324,18,18
23,rank_from_max,8,34.5,0.0,-28.84259259259259,324,18,18
23,rank_from_max,9,34.5,0.0,-196.3827160493827,324,18,18
23,rank_from_min,1,34.5,0.0,-268.17283950617286,324,18,18
23,rank_from_min,10,34.5,0.0,-24.61111111111111,306,17,18
23,rank_from_min,11,34.5,0.0,-87.86928104575163,306,17,18
23,rank_from_min,12,34.5,0.0,-63.7020202020202,198,11,18
23,rank_from_min,13,34.5,0.0,82.11111111111111,198,11,18
23,rank_from_min,14,34.5,0.0,-67.01010101010101,198,11,18
23,rank_from_min,15,34.5,0.0,-83.70202020202021,198,11,18
23,rank_from_min,16,34.5,0.0,-106.6969696969697,198,11,18
23,rank_from_min,17,34.5,0.0,-234.4111111111111,180,10,18
23,rank_from_min,18,34.5,0.0,-320.6111111111111,18,1,18
23,rank_from_min,19,34.5,0.0,-369.1111111111111,18,1,18
23,rank_from_min,2,34.5,0.0,46.06172839506173,324,18,18
23,rank_from_min,20,34.5,0.0,69.66666666666667,18,1,18
23,rank_from_min,21,34.5,0.0,-306.3333333333333,18,1,18
23,rank_from_min,22,34.5,0.0,127.05555555555556,18,1,18
23,rank_from_min,3,34.5,0.0,71.65123456790124,324,18,18
23,rank_from_min,4,34.5,0.0,-100.37037037037037,324,18,18
23,rank_from_min,5,34.5,0.0,-182.47222222222223,324,18,18
23,rank_from_min,6,34.5,0.0,-1.0987654320987654,324,18,18
23,rank_from_min,7,34.5,0.0,-74.42901234567901,324,18,18
23,rank_from_min,8,34.5,0.0,-113.49382716049382,324,18,18
23,rank_from_min,9,34.5,0.0,-131.429012345679,324,18,18
23,section,501-522,34.5,0.0,-80.13888888888889,396,22,18
23,section,523-539,34.5,0.0,-217.55555555555554,306,17,18
23,section,540-556,34.5,0.0,41.931372549019606,306,17,18
23,section,557-573,34.5,0.0,-91.76470588235294,306,17,18
23,section,574-590,34.5,0.0,162.5,306,17,18
23,section,591-607,34.5,0.0,-62.88562091503268,306,17,18
23,section,608-623,34.5,0.0,-189.99652777777777,288,16,18
23,section,624-640,34.5,0.0,-261.2647058823529,306,17,18
23,section,641-657,34.5,0.0,92.11764705882354,306,17,18
23,section,658-674,34.5,0.0,-100.640522875817,306,17,18
23,section,675-691,34.5,0.0,-127.19934640522875,306,17,18
23,section,692-700,34.5,0.0,-247.44444444444446,162,9,18
23,section,701-711,34.5,0.0,-44.67171717171717,198,11,18
23,section,712-722,34.5,0.0,-83.03030303030303,198,11,18
23,section,723-733,34.5,0.0,-93.6969696969697,198,11,18
23,section,734-744,34.5,0.0,-66.76767676767676,198,11,18
23,section,745-755,34.5,0.0,-232.46464646464648,198,11,18
23,section,805-815,34.5,0.0,100.52020202020202,198,11,18
24,machine_tail,0,43.27777777777778,0.0,190.89102564102564,468,26,18
24,machine_tail,1,43.27777777777778,0.0,255.9917695473251,486,27,18
24,machine_tail,2,43.27777777777778,0.0,203.3559670781893,486,27,18
24,machine_tail,3,43.27777777777778,0.0,294.7489711934156,486,27,18
24,machine_tail,4,43.27777777777778,0.0,317.8847736625514,486,27,18
24,machine_tail,5,43.27777777777778,0.0,79.59126984126983,504,28,18
24,machine_tail,6,43.27777777777778,0.0,79.83547008547009,468,26,18
24,machine_tail,7,43.27777777777778,0.0,283.3119658119658,468,26,18
24,machine_tail,8,43.27777777777778,0.0,364.5726495726496,468,26,18
24,machine_tail,9,43.27777777777778,0.0,91.51068376068376,468,26,18
24,machine_type,その他,43.33190118152524,0.0,194.9251700680272,2793,182,18
24,machine_type,ジャグラー,43.30740037950664,0.0,185.46236559139786,1581,92,18
24,machine_type,ハナハナ,40.23529411764706,0.0,-497.7647058823529,17,3,6
24,machine_type,化物語,40.34146341463415,0.0,-339.8780487804878,41,7,7
24,machine_type,北斗,43.20505617977528,0.0,614.0140449438202,356,34,18
24,rank_from_max,1,43.27777777777778,0.0,317.96604938271605,324,18,18
24,rank_from_max,10,43.27777777777778,0.0,296.27450980392155,306,17,18
24,rank_from_max,11,43.27777777777778,0.0,20.258169934640524,306,17,18
24,rank_from_max,12,43.27777777777778,0.0,264.32828282828285,198,11,18
24,rank_from_max,13,43.27777777777778,0.0,460.6111111111111,198,11,18
24,rank_from_max,14,43.27777777777778,0.0,173.0151515151515,198,11,18
24,rank_from_max,15,43.27777777777778,0.0,163.13131313131314,198,11,18
24,rank_from_max,16,43.27777777777778,0.0,170.489898989899,198,11,18
24,rank_from_max,17,43.27777777777778,0.0,313.5777777777778,180,10,18
24,rank_from_max,18,43.27777777777778,0.0,-221.33333333333334,18,1,18
24,rank_from_max,19,43.27777777777778,0.0,833.3333333333334,18,1,18
24,rank_from_max,2,43.27777777777778,0.0,9.978395061728396,324,18,18
24,rank_from_max,20,43.27777777777778,0.0,251.77777777777777,18,1,18
24,rank_from_max,21,43.27777777777778,0.0,1322.7222222222222,18,1,18
24,rank_from_max,22,43.27777777777778,0.0,428.72222222222223,18,1,18
24,rank_from_max,3,43.27777777777778,0.0,250.05246913580248,324,18,18
24,rank_from_max,4,43.27777777777778,0.0,370.4475308641975,324,18,18
24,rank_from_max,5,43.27777777777778,0.0,211.4506172839506,324,18,18
24,rank_from_max,6,43.27777777777778,0.0,180.74382716049382,324,18,18
24,rank_from_max,7,43.27777777777778,0.0,196.48765432098764,324,18,18
24,rank_from_max,8,43.27777777777778,0.0,183.66975308641975,324,18,18
24,rank_from_max,9,43.27777777777778,0.0,98.97222222222223,324,18,18
24,rank_from_min,1,43.27777777777778,0.0,315.2746913580247,324,18,18
24,rank_from_min,10,43.27777777777778,0.0,343.97058823529414,306,17,18
24,rank_from_min,11,43.27777777777778,0.0,171.96732026143792,306,17,18
24,rank_from_min,12,43.27777777777778,0.0,272.6060606060606,198,11,18
24,rank_from_min,13,43.27777777777778,0.0,164.12626262626262,198,11,18
24,rank_from_min,14,43.27777777777778,0.0,561.1818181818181,198,11,18
24,rank_from_min,15,43.27777777777778,0.0,97.95454545454545,198,11,18
24,rank_from_min,16,43.27777777777778,0.0,145.22222222222223,198,11,18
24,rank_from_min,17,43.27777777777778,0.0,420.85,180,10,18
24,rank_from_min,18,43.27777777777778,0.0,424.72222222222223,18,1,18
24,rank_from_min,19,43.27777777777778,0.0,278.8333333333333,18,1,18
24,rank_from_min,2,43.27777777777778,0.0,153.7716049382716,324,18,18
24,rank_from_min,20,43.27777777777778,0.0,1084.2222222222222,18,1,18
24,rank_from_min,21,43.27777777777778,0.0,-24.11111111111111,18,1,18
24,rank_from_min,22,43.27777777777778,0.0,747.5,18,1,18
24,rank_from_min,3,43.27777777777778,0.0,48.888888888888886,324,18,18
24,rank_from_min,4,43.27777777777778,0.0,309.75,324,18,18
24,rank_from_min,5,43.27777777777778,0.0,130.80555555555554,324,18,18
24,rank_from_min,6,43.27777777777778,0.0,192.60802469135803,324,18,18
24,rank_from_min,7,43.27777777777778,0.0,118.83024691358025,324,18,18
24,rank_from_min,8,43.27777777777778,0.0,218.98456790123456,324,18,18
24,rank_from_min,9,43.27777777777778,0.0,82.89814814814815,324,18,18
24,section,501-522,43.27777777777778,0.0,418.87373737373736,396,22,18
24,section,523-539,43.27777777777778,0.0,-29.00326797385621,306,17,18
24,section,540-556,43.27777777777778,0.0,435.33986928104576,306,17,18
24,section,557-573,43.27777777777778,0.0,488.9281045751634,306,17,18
24,section,574-590,43.27777777777778,0.0,295.937908496732,306,17,18
24,section,591-607,43.27777777777778,0.0,560.2908496732026,306,17,18
24,section,608-623,43.27777777777778,0.0,118.5625,288,16,18
24,section,624-640,43.27777777777778,0.0,15.202614379084967,306,17,18
24,section,641-657,43.27777777777778,0.0,81.58496732026144,306,17,18
24,section,658-674,43.27777777777778,0.0,240.5718954248366,306,17,18
24,section,675-691,43.27777777777778,0.0,132.0686274509804,306,17,18
24,section,692-700,43.27777777777778,0.0,-18.09259259259259,162,9,18
24,section,701-711,43.27777777777778,0.0,-127.72222222222223,198,11,18
24,section,712-722,43.27777777777778,0.0,-184.92929292929293,198,11,18
24,section,723-733,43.27777777777778,0.0,401.3838383838384,198,11,18
24,section,734-744,43.27777777777778,0.0,499.5050505050505,198,11,18
24,section,745-755,43.27777777777778,0.0,97.88888888888889,198,11,18
24,section,805-815,43.27777777777778,0.0,107.52525252525253,198,11,18
25,machine_tail,0,35.833333333333336,0.0,-145.17735042735043,468,26,18
25,machine_tail,1,35.833333333333336,0.0,-54.440329218106996,486,27,18
25,machine_tail,2,35.833333333333336,0.0,-50.99794238683128,486,27,18
25,machine_tail,3,35.833333333333336,0.0,-85.0082304526749,486,27,18
25,machine_tail,4,35.833333333333336,0.0,-83.83539094650206,486,27,18
25,machine_tail,5,35.833333333333336,0.0,-105.10317460317461,504,28,18
25,machine_tail,6,35.833333333333336,0.0,15.521367521367521,468,26,18
25,machine_tail,7,35.833333333333336,0.0,-216.97435897435898,468,26,18
25,machine_tail,8,35.833333333333336,0.0,-129.6688034188034,468,26,18
25,machine_tail,9,35.833333333333336,0.0,-40.5940170940171,468,26,18
25,machine_type,その他,35.8715103793844,0.0,-162.41338582677164,2794,182,18
25,machine_type,ジャグラー,35.84819734345351,0.0,23.263757115749527,1581,92,18
25,machine_type,ハナハナ,34.3125,0.0,-186.0,16,3,6
25,machine_type,化物語,34.46341463414634,0.0,26.634146341463413,41,7,7
25,machine_type,北斗,35.693820224719104,0.0,-26.10112359550562,356,34,18
25,rank_from_max,1,35.833333333333336,0.0,169.47530864197532,324,18,18
25,rank_from_max,10,35.833333333333336,0.0,-29.22875816993464,306,17,18
25,rank_from_max,11,35.833333333333336,0.0,-86.62745098039215,306,17,18
25,rank_from_max,12,35.833333333333336,0.0,78.3030303030303,198,11,18
25,rank_from_max,13,35.833333333333336,0.0,-76.16161616161617,198,11,18
25,rank_from_max,14,35.833333333333336,0.0,-138.6969696969697,198,11,18
25,rank_from_max,15,35.833333333333336,0.0,-312.050505050505,198,11,18
25,rank_from_max,16,35.833333333333336,0.0,-66.05555555555556,198,11,18
25,rank_from_max,17,35.833333333333336,0.0,-236.51111111111112,180,10,18
25,rank_from_max,18,35.833333333333336,0.0,855.6666666666666,18,1,18
25,rank_from_max,19,35.833333333333336,0.0,-219.44444444444446,18,1,18
25,rank_from_max,2,35.833333333333336,0.0,-78.28703703703704,324,18,18
25,rank_from_max,20,35.833333333333336,0.0,-426.3888888888889,18,1,18
25,rank_from_max,21,35.833333333333336,0.0,200.66666666666666,18,1,18
25,rank_from_max,22,35.833333333333336,0.0,-468.3333333333333,18,1,18
25,rank_from_max,3,35.833333333333336,0.0,-116.20679012345678,324,18,18
25,rank_from_max,4,35.833333333333336,0.0,-184.38888888888889,324,18,18
25,rank_from_max,5,35.833333333333336,0.0,-69.54012345679013,324,18,18
25,rank_from_max,6,35.833333333333336,0.0,-110.67592592592592,324,18,18
25,rank_from_max,7,35.833333333333336,0.0,8.027777777777779,324,18,18
25,rank_from_max,8,35.833333333333336,0.0,-252.04012345679013,324,18,18
25,rank_from_max,9,35.833333333333336,0.0,-129.36111111111111,324,18,18
25,rank_from_min,1,35.833333333333336,0.0,-217.89506172839506,324,18,18
25,rank_from_min,10,35.833333333333336,0.0,-218.3954248366013,306,17,18
25,rank_from_min,11,35.833333333333336,0.0,-142.5261437908497,306,17,18
25,rank_from_min,12,35.833333333333336,0.0,-98.91919191919192,198,11,18
25,rank_from_min,13,35.833333333333336,0.0,-81.33333333333333,198,11,18
25,rank_from_min,14,35.833333333333336,0.0,-248.43434343434345,198,11,18
25,rank_from_min,15,35.833333333333336,0.0,-138.38888888888889,198,11,18
25,rank_from_min,16,35.833333333333336,0.0,142.14141414141415,198,11,18
25,rank_from_min,17,35.833333333333336,0.0,288.06666666666666,180,10,18
25,rank_from_min,18,35.833333333333336,0.0,-711.7777777777778,18,1,18
25,rank_from_min,19,35.833333333333336,0.0,-574.3333333333334,18,1,18
25,rank_from_min,2,35.833333333333336,0.0,-41.19444444444444,324,18,18
25,rank_from_min,20,35.833333333333336,0.0,-125.5,18,1,18
25,rank_from_min,21,35.833333333333336,0.0,-133.33333333333334,18,1,18
25,rank_from_min,22,35.833333333333336,0.0,-81.38888888888889,18,1,18
25,rank_from_min,3,35.833333333333336,0.0,-47.94135802469136,324,18,18
25,rank_from_min,4,35.833333333333336,0.0,-114.33641975308642,324,18,18
25,rank_from_min,5,35.833333333333336,0.0,-27.45679012345679,324,18,18
25,rank_from_min,6,35.833333333333336,0.0,-3.6728395061728394,324,18,18
25,rank_from_min,7,35.833333333333336,0.0,-16.54320987654321,324,18,18
25,rank_from_min,8,35.833333333333336,0.0,-154.08333333333334,324,18,18
25,rank_from_min,9,35.833333333333336,0.0,-167.5493827160494,324,18,18
25,section,501-522,35.833333333333336,0.0,-128.17171717171718,396,22,18
25,section,523-539,35.833333333333336,0.0,-490.4542483660131,306,17,18
25,section,540-556,35.833333333333336,0.0,-128.66013071895424,306,17,18
25,section,557-573,35.833333333333336,0.0,154.18300653594773,306,17,18
25,section,574-590,35.833333333333336,0.0,-281.92483660130716,306,17,18
25,section,591-607,35.833333333333336,0.0,-18.104575163398692,306,17,18
25,section,608-623,35.833333333333336,0.0,-116.17013888888889,288,16,18
25,section,624-640,35.833333333333336,0.0,-246.11764705882354,306,17,18
25,section,641-657,35.833333333333336,0.0,62.91503267973856,306,17,18
25,section,658-674,35.833333333333336,0.0,54.3562091503268,306,17,18
25,section,675-691,35.833333333333336,0.0,-41.411764705882355,306,17,18
25,section,692-700,35.833333333333336,0.0,-38.43827160493827,162,9,18
25,section,701-711,35.833333333333336,0.0,-201.08585858585857,198,11,18
25,section,712-722,35.833333333333336,0.0,-55.207070707070706,198,11,18
25,section,723-733,35.833333333333336,0.0,35.666666666666664,198,11,18
25,section,734-744,35.833333333333336,0.0,62.515151515151516,198,11,18
25,section,745-755,35.833333333333336,0.0,-19.025252525252526,198,11,18
25,section,805-815,35.833333333333336,0.0,-83.27777777777777,198,11,18
26,machine_tail,0,36.166666666666664,0.0,-109.40811965811966,468,26,18
26,machine_tail,1,36.166666666666664,0.0,-204.04526748971193,486,27,18
26,machine_tail,2,36.166666666666664,0.0,167.83539094650206,486,27,18
26,machine_tail,3,36.166666666666664,0.0,56.5679012345679,486,27,18
26,machine_tail,4,36.166666666666664,0.0,-23.537037037037038,486,27,18
26,machine_tail,5,36.166666666666664,0.0,-133.82142857142858,504,28,18
26,machine_tail,6,36.166666666666664,0.0,37.36752136752137,468,26,18
26,machine_tail,7,36.166666666666664,0.0,0.038461538461538464,468,26,18
26,machine_tail,8,36.166666666666664,0.0,110.3568376068376,468,26,18
26,machine_tail,9,36.166666666666664,0.0,-81.4423076923077,468,26,18
26,machine_type,その他,36.21809081158384,0.0,-43.310690025026815,2797,182,18
26,machine_type,ジャグラー,36.14168247944339,0.0,14.13472485768501,1581,92,18
26,machine_type,ハナハナ,35.0625,0.0,-98.8125,16,3,6
26,machine_type,化物語,35.75609756097561,0.0,17.024390243902438,41,7,7
26,machine_type,北斗,35.96883852691218,0.0,29.80169971671388,353,34,18
26,rank_from_max,1,36.166666666666664,0.0,90.0,324,18,18
26,rank_from_max,10,36.166666666666664,0.0,-39.87581699346405,306,17,18
26,rank_from_max,11,36.166666666666664,0.0,-88.33986928104575,306,17,18
26,rank_from_max,12,36.166666666666664,0.0,66.38383838383838,198,11,18
26,rank_from_max,13,36.166666666666664,0.0,-233.86363636363637,198,11,18
26,rank_from_max,14,36.166666666666664,0.0,221.65656565656565,198,11,18
26,rank_from_max,15,36.166666666666664,0.0,-66.47474747474747,198,11,18
26,rank_from_max,16,36.166666666666664,0.0,-50.63131313131313,198,11,18
26,rank_from_max,17,36.166666666666664,0.0,-151.61666666666667,180,10,18
26,rank_from_max,18,36.166666666666664,0.0,-778.0,18,1,18
26,rank_from_max,19,36.166666666666664,0.0,166.72222222222223,18,1,18
26,rank_from_max,2,36.166666666666664,0.0,-15.87037037037037,324,18,18
26,rank_from_max,20,36.166666666666664,0.0,788.0,18,1,18
26,rank_from_max,21,36.166666666666664,0.0,-792.1666666666666,18,1,18
26,rank_from_max,22,36.166666666666664,0.0,-1015.2777777777778,18,1,18
26,rank_from_max,3,36.166666666666664,0.0,-88.20061728395062,324,18,18
26,rank_from_max,4,36.166666666666664,0.0,-179.26543209876544,324,18,18
26,rank_from_max,5,36.166666666666664,0.0,-10.580246913580247,324,18,18
26,rank_from_max,6,36.166666666666664,0.0,-78.54938271604938,324,18,18
26,rank_from_max,7,36.166666666666664,0.0,136.9814814814815,324,18,18
26,rank_from_max,8,36.166666666666664,0.0,98.65432098765432,324,18,18
26,rank_from_max,9,36.166666666666664,0.0,106.03395061728395,324,18,18
26,rank_from_min,1,36.166666666666664,0.0,-211.66666666666666,324,18,18
26,rank_from_min,10,36.166666666666664,0.0,106.4640522875817,306,17,18
26,rank_from_min,11,36.166666666666664,0.0,96.06209150326798,306,17,18
26,rank_from_min,12,36.166666666666664,0.0,-207.27777777777777,198,11,18
26,rank_from_min,13,36.166666666666664,0.0,67.26767676767676,198,11,18
26,rank_from_min,14,36.166666666666664,0.0,-368.3838383838384,198,11,18
26,rank_from_min,15,36.166666666666664,0.0,-33.26262626262626,198,11,18
26,rank_from_min,16,36.166666666666664,0.0,-87.98989898989899,198,11,18
26,rank_from_min,17,36.166666666666664,0.0,240.9777777777778,180,10,18
26,rank_from_min,18,36.166666666666664,0.0,-509.44444444444446,18,1,18
26,rank_from_min,19,36.166666666666664,0.0,-702.2222222222222,18,1,18
26,rank_from_min,2,36.166666666666664,0.0,-186.85185185185185,324,18,18
26,rank_from_min,20,36.166666666666664,0.0,33.611111111111114,18,1,18
26,rank_from_min,21,36.166666666666664,0.0,-186.55555555555554,18,1,18
26,rank_from_min,22,36.166666666666664,0.0,592.6111111111111,18,1,18
26,rank_from_min,3,36.166666666666664,0.0,5.648148148148148,324,18,18
26,rank_from_min,4,36.166666666666664,0.0,174.6141975308642,324,18,18
26,rank_from_min,5,36.166666666666664,0.0,-186.63888888888889,324,18,18
26,rank_from_min,6,36.166666666666664,0.0,52.092592592592595,324,18,18
26,rank_from_min,7,36.166666666666664,0.0,-10.003086419753087,324,18,18
26,rank_from_min,8,36.166666666666664,0.0,106.60493827160494,324,18,18
26,rank_from_min,9,36.166666666666664,0.0,83.54938271604938,324,18,18
26,section,501-522,36.166666666666664,0.0,-109.34848484848484,396,22,18
26,section,523-539,36.166666666666664,0.0,77.66339869281046,306,17,18
26,section,540-556,36.166666666666664,0.0,-1.2189542483660132,306,17,18
26,section,557-573,36.166666666666664,0.0,-59.068627450980394,306,17,18
26,section,574-590,36.166666666666664,0.0,-167.98692810457516,306,17,18
26,section,591-607,36.166666666666664,0.0,60.052287581699346,306,17,18
26,section,608-623,36.166666666666664,0.0,-119.84027777777777,288,16,18
26,section,624-640,36.166666666666664,0.0,81.98039215686275,306,17,18
26,section,641-657,36.166666666666664,0.0,10.333333333333334,306,17,18
26,section,658-674,36.166666666666664,0.0,48.689542483660134,306,17,18
26,section,675-691,36.166666666666664,0.0,30.477124183006534,306,17,18
26,section,692-700,36.166666666666664,0.0,-218.35185185185185,162,9,18
26,section,701-711,36.166666666666664,0.0,4.9393939393939394,198,11,18
26,section,712-722,36.166666666666664,0.0,95.1010101010101,198,11,18
26,section,723-733,36.166666666666664,0.0,-45.97979797979798,198,11,18
26,section,734-744,36.166666666666664,0.0,-115.44444444444444,198,11,18
26,section,745-755,36.166666666666664,0.0,12.671717171717171,198,11,18
26,section,805-815,36.166666666666664,0.0,45.03030303030303,198,11,18
27,machine_tail,0,41.44444444444444,0.0,273.21367521367523,468,26,18
27,machine_tail,1,41.44444444444444,0.0,152.56995884773661,486,27,18
27,machine_tail,2,41.44444444444444,0.0,113.64814814814815,486,27,18
27,machine_tail,3,41.44444444444444,0.0,7.670781893004115,486,27,18
27,machine_tail,4,41.44444444444444,0.0,218.10288065843622,486,27,18
27,machine_tail,5,41.44444444444444,0.0,174.70634920634922,504,28,18
27,machine_tail,6,41.44444444444444,0.0,272.482905982906,468,26,18
27,machine_tail,7,41.44444444444444,0.0,129.11111111111111,468,26,18
27,machine_tail,8,41.44444444444444,0.0,211.64529914529913,468,26,18
27,machine_tail,9,41.44444444444444,0.0,197.4188034188034,468,26,18
27,machine_type,その他,41.49803360743654,0.0,194.23632463353593,2797,182,18
27,machine_type,ジャグラー,41.44908285895003,0.0,140.2662871600253,1581,92,18
27,machine_type,ハナハナ,40.0625,0.0,-191.6875,16,3,6
27,machine_type,化物語,40.853658536585364,0.0,-79.8048780487805,41,7,7
27,machine_type,北斗,41.13031161473088,0.0,214.4787535410765,353,34,18
27,rank_from_max,1,41.44444444444444,0.0,253.42592592592592,324,18,18
27,rank_from_max,10,41.44444444444444,0.0,138.61111111111111,306,17,18
27,rank_from_max,11,41.44444444444444,0.0,173.91503267973857,306,17,18
27,rank_from_max,12,41.44444444444444,0.0,393.6010101010101,198,11,18
27,rank_from_max,13,41.44444444444444,0.0,560.0,198,11,18
27,rank_from_max,14,41.44444444444444,0.0,407.020202020202,198,11,18
27,rank_from_max,15,41.44444444444444,0.0,-126.81313131313131,198,11,18
27,rank_from_max,16,41.44444444444444,0.0,136.76767676767676,198,11,18
27,rank_from_max,17,41.44444444444444,0.0,283.65,180,10,18
27,rank_from_max,18,41.44444444444444,0.0,292.3888888888889,18,1,18
27,rank_from_max,19,41.44444444444444,0.0,1293.611111111111,18,1,18
27,rank_from_max,2,41.44444444444444,0.0,255.1327160493827,324,18,18
27,rank_from_max,20,41.44444444444444,0.0,211.94444444444446,18,1,18
27,rank_from_max,21,41.44444444444444,0.0,417.94444444444446,18,1,18
27,rank_from_max,22,41.44444444444444,0.0,-1006.3333333333334,18,1,18
27,rank_from_max,3,41.44444444444444,0.0,105.5246913580247,324,18,18
27,rank_from_max,4,41.44444444444444,0.0,86.37037037037037,324,18,18
27,rank_from_max,5,41.44444444444444,0.0,136.2716049382716,324,18,18
27,rank_from_max,6,41.44444444444444,0.0,-42.092592592592595,324,18,18
27,rank_from_max,7,41.44444444444444,0.0,24.996913580246915,324,18,18
27,rank_from_max,8,41.44444444444444,0.0,-16.820987654320987,324,18,18
27,rank_from_max,9,41.44444444444444,0.0,415.01851851851853,324,18,18
27,rank_from_min,1,41.44444444444444,0.0,45.72222222222222,324,18,18
27,rank_from_min,10,41.44444444444444,0.0,-1.1143790849673203,306,17,18
27,rank_from_min,11,41.44444444444444,0.0,-53.8562091503268,306,17,18
27,rank_from_min,12,41.44444444444444,0.0,162.72222222222223,198,11,18
27,rank_from_min,13,41.44444444444444,0.0,301.44444444444446,198,11,18
27,rank_from_min,14,41.44444444444444,0.0,311.74747474747477,198,11,18
27,rank_from_min,15,41.44444444444444,0.0,2.1161616161616164,198,11,18
27,rank_from_min,16,41.44444444444444,0.0,360.5151515151515,198,11,18
27,rank_from_min,17,41.44444444444444,0.0,400.75,180,10,18
27,rank_from_min,18,41.44444444444444,0.0,581.0,18,1,18
27,rank_from_min,19,41.44444444444444,0.0,877.7222222222222,18,1,18
27,rank_from_min,2,41.44444444444444,0.0,142.65740740740742,324,18,18
27,rank_from_min,20,41.44444444444444,0.0,1616.1666666666667,18,1,18
27,rank_from_min,21,41.44444444444444,0.0,942.2222222222222,18,1,18
27,rank_from_min,22,41.44444444444444,0.0,-222.38888888888889,18,1,18
27,rank_from_min,3,41.44444444444444,0.0,64.83641975308642,324,18,18
27,rank_from_min,4,41.44444444444444,0.0,304.3641975308642,324,18,18
27,rank_from_min,5,41.44444444444444,0.0,291.5061728395062,324,18,18
27,rank_from_min,6,41.44444444444444,0.0,243.3672839506173,324,18,18
27,rank_from_min,7,41.44444444444444,0.0,-30.626543209876544,324,18,18
27,rank_from_min,8,41.44444444444444,0.0,7.533950617283951,324,18,18
27,rank_from_min,9,41.44444444444444,0.0,428.6666666666667,324,18,18
27,section,501-522,41.44444444444444,0.0,558.4848484848485,396,22,18
27,section,523-539,41.44444444444444,0.0,-128.140522875817,306,17,18
27,section,540-556,41.44444444444444,0.0,372.41503267973854,306,17,18
27,section,557-573,41.44444444444444,0.0,97.11764705882354,306,17,18
27,section,574-590,41.44444444444444,0.0,461.73202614379085,306,17,18
27,section,591-607,41.44444444444444,0.0,464.7091503267974,306,17,18
27,section,608-623,41.44444444444444,0.0,180.73611111111111,288,16,18
27,section,624-640,41.44444444444444,0.0,-69.7843137254902,306,17,18
27,section,641-657,41.44444444444444,0.0,206.49346405228758,306,17,18
27,section,658-674,41.44444444444444,0.0,112.86274509803921,306,17,18
27,section,675-691,41.44444444444444,0.0,177.80718954248366,306,17,18
27,section,692-700,41.44444444444444,0.0,-256.0432098765432,162,9,18
27,section,701-711,41.44444444444444,0.0,-18.303030303030305,198,11,18
27,section,712-722,41.44444444444444,0.0,-31.883838383838384,198,11,18
27,section,723-733,41.44444444444444,0.0,47.10606060606061,198,11,18
27,section,734-744,41.44444444444444,0.0,140.32828282828282,198,11,18
27,section,745-755,41.44444444444444,0.0,124.5909090909091,198,11,18
27,section,805-815,41.44444444444444,0.0,162.12121212121212,198,11,18
28,machine_tail,0,36.0,0.0,-66.28846153846153,468,26,18
28,machine_tail,1,36.0,0.0,-71.27160493827161,486,27,18
28,machine_tail,2,36.0,0.0,5.7366255144032925,486,27,18
28,machine_tail,3,36.0,0.0,-162.60288065843622,486,27,18
28,machine_tail,4,36.0,0.0,152.73251028806584,486,27,18
28,machine_tail,5,36.0,0.0,-61.49404761904762,504,28,18
28,machine_tail,6,36.0,0.0,-30.504273504273506,468,26,18
28,machine_tail,7,36.0,0.0,24.08974358974359,468,26,18
28,machine_tail,8,36.0,0.0,-203.72435897435898,468,26,18
28,machine_tail,9,36.0,0.0,6.331196581196581,468,26,18
28,machine_type,その他,35.96031462281015,0.0,-69.63103324991062,2797,182,18
28,machine_type,ジャグラー,35.97596457938014,0.0,-16.162555344718534,1581,92,18
28,machine_type,ハナハナ,37.625,0.0,-316.3125,16,3,6
28,machine_type,化物語,36.63414634146341,0.0,-501.390243902439,41,7,7
28,machine_type,北斗,36.274787535410766,0.0,146.9801699716714,353,34,18
28,rank_from_max,1,36.0,0.0,1.5925925925925926,324,18,18
28,rank_from_max,10,36.0,0.0,-123.60130718954248,306,17,18
28,rank_from_max,11,36.0,0.0,-100.22549019607843,306,17,18
28,rank_from_max,12,36.0,0.0,-10.555555555555555,198,11,18
28,rank_from_max,13,36.0,0.0,-92.63636363636364,198,11,18
28,rank_from_max,14,36.0,0.0,111.58585858585859,198,11,18
28,rank_from_max,15,36.0,0.0,-16.227272727272727,198,11,18
28,rank_from_max,16,36.0,0.0,-100.37373737373737,198,11,18
28,rank_from_max,17,36.0,0.0,-110.25555555555556,180,10,18
28,rank_from_max,18,36.0,0.0,-428.6111111111111,18,1,18
28,rank_from_max,19,36.0,0.0,814.5,18,1,18
28,rank_from_max,2,36.0,0.0,-80.04320987654322,324,18,18
28,rank_from_max,20,36.0,0.0,-609.3888888888889,18,1,18
28,rank_from_max,21,36.0,0.0,-758.5,18,1,18
28,rank_from_max,22,36.0,0.0,323.44444444444446,18,1,18
28,rank_from_max,3,36.0,0.0,-169.90740740740742,324,18,18
28,rank_from_max,4,36.0,0.0,-64.5,324,18,18
28,rank_from_max,5,36.0,0.0,83.98765432098766,324,18,18
28,rank_from_max,6,36.0,0.0,3.9660493827160495,324,18,18
28,rank_from_max,7,36.0,0.0,26.271604938271604,324,18,18
28,rank_from_max,8,36.0,0.0,124.88271604938272,324,18,18
28,rank_from_max,9,36.0,0.0,-149.7962962962963,324,18,18
28,rank_from_min,1,36.0,0.0,-105.20061728395062,324,18,18
28,rank_from_min,10,36.0,0.0,194.7549019607843,306,17,18
28,rank_from_min,11,36.0,0.0,-61.25816993464052,306,17,18
28,rank_from_min,12,36.0,0.0,35.56060606060606,198,11,18
28,rank_from_min,13,36.0,0.0,116.63636363636364,198,11,18
28,rank_from_min,14,36.0,0.0,-53.47979797979798,198,11,18
28,rank_from_min,15,36.0,0.0,-113.76767676767676,198,11,18
28,rank_from_min,16,36.0,0.0,-76.34343434343434,198,11,18
28,rank_from_min,17,36.0,0.0,73.45,180,10,18
28,rank_from_min,18,36.0,0.0,-333.5,18,1,18
28,rank_from_min,19,36.0,0.0,237.5,18,1,18
28,rank_from_min,2,36.0,0.0,-106.19753086419753,324,18,18
28,rank_from_min,20,36.0,0.0,-257.3888888888889,18,1,18
28,rank_from_min,21,36.0,0.0,-680.0555555555555,18,1,18
28,rank_from_min,22,36.0,0.0,518.9444444444445,18,1,18
28,rank_from_min,3,36.0,0.0,-2.2777777777777777,324,18,18
28,rank_from_min,4,36.0,0.0,97.9320987654321,324,18,18
28,rank_from_min,5,36.0,0.0,-80.5,324,18,18
28,rank_from_min,6,36.0,0.0,-111.96604938271605,324,18,18
28,rank_from_min,7,36.0,0.0,-116.90123456790124,324,18,18
28,rank_from_min,8,36.0,0.0,-88.90432098765432,324,18,18
28,rank_from_min,9,36.0,0.0,-167.3395061728395,324,18,18
28,section,501-522,36.0,0.0,-24.71969696969697,396,22,18
28,section,523-539,36.0,0.0,-206.02941176470588,306,17,18
28,section,540-556,36.0,0.0,-26.215686274509803,306,17,18
28,section,557-573,36.0,0.0,100.39542483660131,306,17,18
28,section,574-590,36.0,0.0,-0.6666666666666666,306,17,18
28,section,591-607,36.0,0.0,129.13398692810458,306,17,18
28,section,608-623,36.0,0.0,-35.958333333333336,288,16,18
28,section,624-640,36.0,0.0,-297.98366013071893,306,17,18
28,section,641-657,36.0,0.0,60.25816993464052,306,17,18
28,section,658-674,36.0,0.0,26.741830065359476,306,17,18
28,section,675-691,36.0,0.0,-93.67320261437908,306,17,18
28,section,692-700,36.0,0.0,-69.20987654320987,162,9,18
28,section,701-711,36.0,0.0,-226.34848484848484,198,11,18
28,section,712-722,36.0,0.0,-1.1616161616161615,198,11,18
28,section,723-733,36.0,0.0,-149.82828282828282,198,11,18
28,section,734-744,36.0,0.0,21.848484848484848,198,11,18
28,section,745-755,36.0,0.0,-3.909090909090909,198,11,18
28,section,805-815,36.0,0.0,13.803030303030303,198,11,18
29,machine_tail,0,33.5625,0.0,-108.32211538461539,416,26,16
29,machine_tail,1,33.5625,0.0,-118.78703703703704,432,27,16
29,machine_tail,2,33.5625,0.0,-166.46527777777777,432,27,16
29,machine_tail,3,33.5625,0.0,-110.25,432,27,16
29,machine_tail,4,33.5625,0.0,-7.430555555555555,432,27,16
29,machine_tail,5,33.5625,0.0,-216.56919642857142,448,28,16
29,machine_tail,6,33.5625,0.0,-132.78605769230768,416,26,16
29,machine_tail,7,33.5625,0.0,53.62740384615385,416,26,16
29,machine_tail,8,33.5625,0.0,-257.2620192307692,416,26,16
29,machine_tail,9,33.5625,0.0,-124.7235576923077,416,26,16
29,machine_type,その他,33.576,0.0,-205.2656,2500,182,16
29,machine_type,ジャグラー,33.558007117437725,0.0,-66.31672597864768,1405,92,16
29,machine_type,ハナハナ,32.76923076923077,0.0,-34.30769230769231,13,3,5
29,machine_type,化物語,33.166666666666664,0.0,-119.69444444444444,36,7,6
29,machine_type,北斗,33.55298013245033,0.0,341.41059602649005,302,34,16
29,rank_from_max,1,33.5625,0.0,-219.83680555555554,288,18,16
29,rank_from_max,10,33.5625,0.0,-67.8345588235294,272,17,16
29,rank_from_max,11,33.5625,0.0,-302.5257352941176,272,17,16
29,rank_from_max,12,33.5625,0.0,-124.2215909090909,176,11,16
29,rank_from_max,13,33.5625,0.0,21.28409090909091,176,11,16
29,rank_from_max,14,33.5625,0.0,-16.704545454545453,176,11,16
29,rank_from_max,15,33.5625,0.0,-91.63636363636364,176,11,16
29,rank_from_max,16,33.5625,0.0,7.659090909090909,176,11,16
29,rank_from_max,17,33.5625,0.0,-103.1875,160,10,16
29,rank_from_max,18,33.5625,0.0,65.125,16,1,16
29,rank_from_max,19,33.5625,0.0,267.375,16,1,16
29,rank_from_max,2,33.5625,0.0,-89.52083333333333,288,18,16
29,rank_from_max,20,33.5625,0.0,-892.0625,16,1,16
29,rank_from_max,21,33.5625,0.0,-676.0625,16,1,16
29,rank_from_max,22,33.5625,0.0,-335.5625,16,1,16
29,rank_from_max,3,33.5625,0.0,-251.60763888888889,288,18,16
29,rank_from_max,4,33.5625,0.0,-114.00347222222223,288,18,16
29,rank_from_max,5,33.5625,0.0,-62.30902777777778,288,18,16
29,rank_from_max,6,33.5625,0.0,-260.8125,288,18,16
29,rank_from_max,7,33.5625,0.0,-33.90277777777778,288,18,16
29,rank_from_max,8,33.5625,0.0,55.71527777777778,288,18,16
29,rank_from_max,9,33.5625,0.0,-168.73611111111111,288,18,16
29,rank_from_min,1,33.5625,0.0,-216.53472222222223,288,18,16
29,rank_from_min,10,33.5625,0.0,195.62867647058823,272,17,16
29,rank_from_min,11,33.5625,0.0,-29.25,272,17,16
29,rank_from_min,12,33.5625,0.0,-316.2443181818182,176,11,16
29,rank_from_min,13,33.5625,0.0,-94.89204545454545,176,11,16
29,rank_from_min,14,33.5625,0.0,-79.08522727272727,176,11,16
29,rank_from_min,15,33.5625,0.0,-224.57386363636363,176,11,16
29,rank_from_min,16,33.5625,0.0,-288.96022727272725,176,11,16
29,rank_from_min,17,33.5625,0.0,-188.01875,160,10,16
29,rank_from_min,18,33.5625,0.0,-205.8125,16,1,16
29,rank_from_min,19,33.5625,0.0,-52.9375,16,1,16
29,rank_from_min,2,33.5625,0.0,31.22222222222222,288,18,16
29,rank_from_min,20,33.5625,0.0,-20.9375,16,1,16
29,rank_from_min,21,33.5625,0.0,469.9375,16,1,16
29,rank_from_min,22,33.5625,0.0,-502.5,16,1,16
29,rank_from_min,3,33.5625,0.0,-62.80555555555556,288,18,16
29,rank_from_min,4,33.5625,0.0,-121.20833333333333,288,18,16
29,rank_from_min,5,33.5625,0.0,-72.48958333333333,288,18,16
29,rank_from_min,6,33.5625,0.0,-29.37847222222222,288,18,16
29,rank_from_min,7,33.5625,0.0,-231.47916666666666,288,18,16
29,rank_from_min,8,33.5625,0.0,-184.80208333333334,288,18,16
29,rank_from_min,9,33.5625,0.0,-298.2986111111111,288,18,16
29,section,501-522,33.5625,0.0,-122.79545454545455,352,22,16
29,section,523-539,33.5625,0.0,-200.80514705882354,272,17,16
29,section,540-556,33.5625,0.0,-3.6066176470588234,272,17,16
29,section,557-573,33.5625,0.0,106.61397058823529,272,17,16
29,section,574-590,33.5625,0.0,-333.2647058823529,272,17,16
29,section,591-607,33.5625,0.0,95.20220588235294,272,17,16
29,section,608-623,33.5625,0.0,-435.54296875,256,16,16
29,section,624-640,33.5625,0.0,-340.12132352941177,272,17,16
29,section,641-657,33.5625,0.0,-129.39705882352942,272,17,16
29,section,658-674,33.5625,0.0,-26.790441176470587,272,17,16
29,section,675-691,33.5625,0.0,-59.52205882352941,272,17,16
29,section,692-700,33.5625,0.0,-392.7083333333333,144,9,16
29,section,701-711,33.5625,0.0,-17.28409090909091,176,11,16
29,section,712-722,33.5625,0.0,54.46022727272727,176,11,16
29,section,723-733,33.5625,0.0,-136.0681818181818,176,11,16
29,section,734-744,33.5625,0.0,-75.70454545454545,176,11,16
29,section,745-755,33.5625,0.0,-200.8181818181818,176,11,16
29,section,805-815,33.5625,0.0,67.60227272727273,176,11,16
30,machine_tail,0,40.2,0.0,-54.276923076923076,390,26,15
30,machine_tail,1,40.2,0.0,174.2074074074074,405,27,15
30,machine_tail,2,40.2,0.0,330.5407407407407,405,27,15
30,machine_tail,3,40.2,0.0,114.73827160493828,405,27,15
30,machine_tail,4,40.2,0.0,247.3037037037037,405,27,15
30,machine_tail,5,40.2,0.0,32.50476190476191,420,28,15
30,machine_tail,6,40.2,0.0,177.06666666666666,390,26,15
30,machine_tail,7,40.2,0.0,158.15641025641025,390,26,15
30,machine_tail,8,40.2,0.0,145.8,390,26,15
30,machine_tail,9,40.2,0.0,38.17948717948718,390,26,15
30,machine_type,その他,40.22056313993174,0.0,95.68088737201366,2344,182,15
30,machine_type,ジャグラー,40.19682059046177,0.0,86.49205147615443,1321,92,15
30,machine_type,ハナハナ,39.63636363636363,0.0,-330.6363636363636,11,3,4
30,machine_type,化物語,38.37931034482759,0.0,192.48275862068965,29,7,5
30,machine_type,北斗,40.252631578947366,0.0,721.2140350877193,285,34,15
30,rank_from_max,1,40.2,0.0,113.28888888888889,270,18,15
30,rank_from_max,10,40.2,0.0,150.71372549019608,255,17,15
30,rank_from_max,11,40.2,0.0,-97.10980392156863,255,17,15
30,rank_from_max,12,40.2,0.0,299.169696969697,165,11,15
30,rank_from_max,13,40.2,0.0,413.72121212121215,165,11,15
30,rank_from_max,14,40.2,0.0,51.84848484848485,165,11,15
30,rank_from_max,15,40.2,0.0,60.915151515151514,165,11,15
30,rank_from_max,16,40.2,0.0,296.5151515151515,165,11,15
30,rank_from_max,17,40.2,0.0,224.36,150,10,15
30,rank_from_max,18,40.2,0.0,46.06666666666667,15,1,15
30,rank_from_max,19,40.2,0.0,1396.6666666666667,15,1,15
30,rank_from_max,2,40.2,0.0,52.24444444444445,270,18,15
30,rank_from_max,20,40.2,0.0,157.86666666666667,15,1,15
30,rank_from_max,21,40.2,0.0,1411.4,15,1,15
30,rank_from_max,22,40.2,0.0,555.5333333333333,15,1,15
30,rank_from_max,3,40.2,0.0,365.9111111111111,270,18,15
30,rank_from_max,4,40.2,0.0,-50.25185185185185,270,18,15
30,rank_from_max,5,40.2,0.0,224.8925925925926,270,18,15
30,rank_from_max,6,40.2,0.0,158.16296296296295,270,18,15
30,rank_from_max,7,40.2,0.0,209.07777777777778,270,18,15
30,rank_from_max,8,40.2,0.0,-28.07037037037037,270,18,15
30,rank_from_max,9,40.2,0.0,-82.18518518518519,270,18,15
30,rank_from_min,1,40.2,0.0,129.54074074074074,270,18,15
30,rank_from_min,10,40.2,0.0,153.31372549019608,255,17,15
30,rank_from_min,11,40.2,0.0,330.8235294117647,255,17,15
30,rank_from_min,12,40.2,0.0,459.3878787878788,165,11,15
30,rank_from_min,13,40.2,0.0,273.06666666666666,165,11,15
30,rank_from_min,14,40.2,0.0,54.484848484848484,165,11,15
30,rank_from_min,15,40.2,0.0,272.8363636363636,165,11,15
30,rank_from_min,16,40.2,0.0,101.21818181818182,165,11,15
30,rank_from_min,17,40.2,0.0,-51.18,150,10,15
30,rank_from_min,18,40.2,0.0,-765.4666666666667,15,1,15
30,rank_from_min,19,40.2,0.0,-746.3333333333334,15,1,15
30,rank_from_min,2,40.2,0.0,163.1259259259259,270,18,15
30,rank_from_min,20,40.2,0.0,-201.26666666666668,15,1,15
30,rank_from_min,21,40.2,0.0,-64.8,15,1,15
30,rank_from_min,22,40.2,0.0,674.3333333333334,15,1,15
30,rank_from_min,3,40.2,0.0,155.5037037037037,270,18,15
30,rank_from_min,4,40.2,0.0,1.8185185185185184,270,18,15
30,rank_from_min,5,40.2,0.0,202.8074074074074,270,18,15
30,rank_from_min,6,40.2,0.0,103.34074074074074,270,18,15
30,rank_from_min,7,40.2,0.0,33.474074074074075,270,18,15
30,rank_from_min,8,40.2,0.0,6.733333333333333,270,18,15
30,rank_from_min,9,40.2,0.0,148.96666666666667,270,18,15
30,section,501-522,40.2,0.0,393.73030303030305,330,22,15
30,section,523-539,40.2,0.0,-198.85098039215686,255,17,15
30,section,540-556,40.2,0.0,571.7686274509804,255,17,15
30,section,557-573,40.2,0.0,392.46666666666664,255,17,15
30,section,574-590,40.2,0.0,216.34117647058824,255,17,15
30,section,591-607,40.2,0.0,309.28627450980395,255,17,15
30,section,608-623,40.2,0.0,84.34583333333333,240,16,15
30,section,624-640,40.2,0.0,-236.89019607843136,255,17,15
30,section,641-657,40.2,0.0,29.15686274509804,255,17,15
30,section,658-674,40.2,0.0,128.69411764705882,255,17,15
30,section,675-691,40.2,0.0,-22.95294117647059,255,17,15
30,section,692-700,40.2,0.0,-10.992592592592592,135,9,15
30,section,701-711,40.2,0.0,-37.96969696969697,165,11,15
30,section,712-722,40.2,0.0,156.27272727272728,165,11,15
30,section,723-733,40.2,0.0,-54.83030303030303,165,11,15
30,section,734-744,40.2,0.0,362.91515151515154,165,11,15
30,section,745-755,40.2,0.0,-25.69090909090909,165,11,15
30,section,805-815,40.2,0.0,169.8060606060606,165,11,15
31,machine_tail,0,36.888888888888886,0.0,142.2136752136752,234,26,9
31,machine_tail,1,36.888888888888886,0.0,-117.440329218107,243,27,9
31,machine_tail,2,36.888888888888886,0.0,-105.8395061728395,243,27,9
31,machine_tail,3,36.888888888888886,0.0,-58.39917695473251,243,27,9
31,machine_tail,4,36.888888888888886,0.0,-38.68312757201646,243,27,9
31,machine_tail,5,36.888888888888886,0.0,-145.17460317460316,252,28,9
31,machine_tail,6,36.888888888888886,0.0,4.7094017094017095,234,26,9
31,machine_tail,7,36.888888888888886,0.0,21.581196581196583,234,26,9
31,machine_tail,8,36.888888888888886,0.0,-347.6923076923077,234,26,9
31,machine_tail,9,36.888888888888886,0.0,93.0982905982906,234,26,9
31,machine_type,その他,36.867910983488876,0.0,-123.8664752333094,1393,174,9
31,machine_type,ジャグラー,36.887076537013805,0.0,28.134253450439147,797,92,9
31,machine_type,ハナハナ,37.5,0.0,-604.0,6,3,2
31,machine_type,化物語,36.666666666666664,0.0,-338.6666666666667,15,5,3
31,machine_type,北斗,37.05464480874317,0.0,132.5136612021858,183,31,9
31,rank_from_max,1,36.888888888888886,0.0,208.9506172839506,162,18,9
31,rank_from_max,10,36.888888888888886,0.0,-220.05882352941177,153,17,9
31,rank_from_max,11,36.888888888888886,0.0,-56.26143790849673,153,17,9
31,rank_from_max,12,36.888888888888886,0.0,-308.92929292929296,99,11,9
31,rank_from_max,13,36.888888888888886,0.0,-240.97979797979798,99,11,9
31,rank_from_max,14,36.888888888888886,0.0,-209.2929292929293,99,11,9
31,rank_from_max,15,36.888888888888886,0.0,12.343434343434344,99,11,9
31,rank_from_max,16,36.888888888888886,0.0,-188.36363636363637,99,11,9
31,rank_from_max,17,36.888888888888886,0.0,-24.288888888888888,90,10,9
31,rank_from_max,18,36.888888888888886,0.0,270.8888888888889,9,1,9
31,rank_from_max,19,36.888888888888886,0.0,390.77777777777777,9,1,9
31,rank_from_max,2,36.888888888888886,0.0,71.40123456790124,162,18,9
31,rank_from_max,20,36.888888888888886,0.0,-541.1111111111111,9,1,9
31,rank_from_max,21,36.888888888888886,0.0,10.444444444444445,9,1,9
31,rank_from_max,22,36.888888888888886,0.0,-731.4444444444445,9,1,9
31,rank_from_max,3,36.888888888888886,0.0,141.87037037037038,162,18,9
31,rank_from_max,4,36.888888888888886,0.0,357.9382716049383,162,18,9
31,rank_from_max,5,36.888888888888886,0.0,77.62345679012346,162,18,9
31,rank_from_max,6,36.888888888888886,0.0,-173.4506172839506,162,18,9
31,rank_from_max,7,36.888888888888886,0.0,-187.78395061728395,162,18,9
31,rank_from_max,8,36.888888888888886,0.0,-300.5679012345679,162,18,9
31,rank_from_max,9,36.888888888888886,0.0,-147.35802469135803,162,18,9
31,rank_from_min,1,36.888888888888886,0.0,-36.45061728395062,162,18,9
31,rank_from_min,10,36.888888888888886,0.0,-108.73856209150327,153,17,9
31,rank_from_min,11,36.888888888888886,0.0,-201.01960784313727,153,17,9
31,rank_from_min,12,36.888888888888886,0.0,-261.7979797979798,99,11,9
31,rank_from_min,13,36.888888888888886,0.0,15.252525252525253,99,11,9
31,rank_from_min,14,36.888888888888886,0.0,481.0808080808081,99,11,9
31,rank_from_min,15,36.888888888888886,0.0,94.33333333333333,99,11,9
31,rank_from_min,16,36.888888888888886,0.0,-51.03030303030303,99,11,9
31,rank_from_min,17,36.888888888888886,0.0,358.3333333333333,90,10,9
31,rank_from_min,18,36.888888888888886,0.0,257.1111111111111,9,1,9
31,rank_from_min,19,36.888888888888886,0.0,-251.44444444444446,9,1,9
31,rank_from_min,2,36.888888888888886,0.0,-106.11728395061728,162,18,9
31,rank_from_min,20,36.888888888888886,0.0,1588.6666666666667,9,1,9
31,rank_from_min,21,36.888888888888886,0.0,696.6666666666666,9,1,9
31,rank_from_min,22,36.888888888888886,0.0,-481.55555555555554,9,1,9
31,rank_from_min,3,36.888888888888886,0.0,-3.04320987654321,162,18,9
31,rank_from_min,4,36.888888888888886,0.0,-172.19753086419752,162,18,9
31,rank_from_min,5,36.888888888888886,0.0,-247.2037037037037,162,18,9
31,rank_from_min,6,36.888888888888886,0.0,-153.4320987654321,162,18,9
31,rank_from_min,7,36.888888888888886,0.0,-15.716049382716049,162,18,9
31,rank_from_min,8,36.888888888888886,0.0,-222.97530864197532,162,18,9
31,rank_from_min,9,36.888888888888886,0.0,-50.425925925925924,162,18,9
31,section,501-522,36.888888888888886,0.0,-192.6919191919192,198,22,9
31,section,523-539,36.888888888888886,0.0,-195.88888888888889,153,17,9
31,section,540-556,36.888888888888886,0.0,-120.18300653594771,153,17,9
31,section,557-573,36.888888888888886,0.0,103.77124183006536,153,17,9
31,section,574-590,36.888888888888886,0.0,-600.4183006535948,153,17,9
31,section,591-607,36.888888888888886,0.0,-97.70588235294117,153,17,9
31,section,608-623,36.888888888888886,0.0,114.52777777777777,144,16,9
31,section,624-640,36.888888888888886,0.0,20.65359477124183,153,17,9
31,section,641-657,36.888888888888886,0.0,123.92156862745098,153,17,9
31,section,658-674,36.888888888888886,0.0,116.3529411764706,153,17,9
31,section,675-691,36.888888888888886,0.0,5.607843137254902,153,17,9
31,section,692-700,36.888888888888886,0.0,-301.34567901234567,81,9,9
31,section,701-711,36.888888888888886,0.0,255.07070707070707,99,11,9
31,section,712-722,36.888888888888886,0.0,-19.555555555555557,99,11,9
31,section,723-733,36.888888888888886,0.0,-56.93939393939394,99,11,9
31,section,734-744,36.888888888888886,0.0,-104.33333333333333,99,11,9
31,section,745-755,36.888888888888886,0.0,-108.43434343434343,99,11,9
31,section,805-815,36.888888888888886,0.0,135.2828282828283,99,11,9
