dd,category,value,win_rate,hit104_rate,avg_diff,n_records,n_machines,n_dates
1,machine_tail,0,42.29317851959362,0.0,257.47460087082726,689,40,19
1,machine_tail,1,42.30167597765363,0.0,494.83240223463685,716,42,19
1,machine_tail,2,42.29237288135593,0.0,231.21468926553672,708,41,19
1,machine_tail,3,42.29237288135593,0.0,187.57062146892656,708,41,19
1,machine_tail,4,42.29317851959362,0.0,83.59941944847606,689,40,19
1,machine_tail,5,42.29317851959362,0.0,126.99564586357039,689,40,19
1,machine_tail,6,42.30383480825959,0.0,166.81415929203538,678,39,19
1,machine_tail,7,42.30383480825959,0.0,367.2566371681416,678,39,19
1,machine_tail,8,42.30383480825959,0.0,185.84070796460176,678,39,19
1,machine_tail,9,42.29317851959362,0.0,116.69085631349782,689,40,19
1,machine_type,その他,42.33499643620812,0.0,144.68995010691376,4209,293,19
1,machine_type,ジャグラー,42.33972741039879,0.0,251.9939424533064,1981,123,19
1,machine_type,ハナハナ,42.14529914529915,0.0,27.35042735042735,234,20,19
1,machine_type,化物語,39.92307692307692,0.0,103.84615384615384,26,6,7
1,machine_type,北斗,41.985169491525426,0.0,899.3644067796611,472,33,19
1,rank_from_max,1.0,42.26315789473684,0.0,78.0701754385965,570,31,19
1,rank_from_max,10.0,42.26315789473684,0.0,248.8421052631579,475,26,19
1,rank_from_max,11.0,42.24552429667519,0.0,187.4680306905371,391,21,19
1,rank_from_max,12.0,42.231818181818184,0.0,255.45454545454547,220,12,19
1,rank_from_max,13.0,42.22885572139303,0.0,487.06467661691545,201,11,19
1,rank_from_max,14.0,42.21527777777778,0.0,250.69444444444446,144,8,19
1,rank_from_max,15.0,42.208,0.0,160.0,125,7,19
1,rank_from_max,16.0,42.198113207547166,0.0,658.4905660377359,106,6,19
1,rank_from_max,17.0,42.198113207547166,0.0,192.45283018867926,106,6,19
1,rank_from_max,18.0,42.26315789473684,0.0,-143.859649122807,57,3,19
1,rank_from_max,19.0,42.26315789473684,0.0,396.49122807017545,57,3,19
1,rank_from_max,2.0,42.26315789473684,0.0,215.43859649122808,570,31,19
1,rank_from_max,20.0,42.26315789473684,0.0,503.50877192982455,57,3,19
1,rank_from_max,3.0,42.26315789473684,0.0,11.75438596491228,570,31,19
1,rank_from_max,4.0,42.26315789473684,0.0,116.51542649727767,551,30,19
1,rank_from_max,5.0,42.26315789473684,0.0,326.11336032388664,494,27,19
1,rank_from_max,6.0,42.26315789473684,0.0,95.78947368421052,475,26,19
1,rank_from_max,7.0,42.26315789473684,0.0,142.52631578947367,475,26,19
1,rank_from_max,8.0,42.26315789473684,0.0,315.7894736842105,475,26,19
1,rank_from_max,9.0,42.26315789473684,0.0,354.3157894736842,475,26,19
1,rank_from_min,1.0,42.26315789473684,0.0,268.2456140350877,570,31,19
1,rank_from_min,10.0,42.26315789473684,0.0,342.94736842105266,475,26,19
1,rank_from_min,11.0,42.24552429667519,0.0,75.1918158567775,391,21,19
1,rank_from_min,12.0,42.231818181818184,0.0,164.0909090909091,220,12,19
1,rank_from_min,13.0,42.22885572139303,0.0,242.7860696517413,201,11,19
1,rank_from_min,14.0,42.21527777777778,0.0,-169.44444444444446,144,8,19
1,rank_from_min,15.0,42.208,0.0,-2.4,125,7,19
1,rank_from_min,16.0,42.198113207547166,0.0,539.622641509434,106,6,19
1,rank_from_min,17.0,42.198113207547166,0.0,242.45283018867926,106,6,19
1,rank_from_min,18.0,42.26315789473684,0.0,768.421052631579,57,3,19
1,rank_from_min,19.0,42.26315789473684,0.0,-156.140350877193,57,3,19
1,rank_from_min,2.0,42.26315789473684,0.0,221.2280701754386,570,31,19
1,rank_from_min,20.0,42.26315789473684,0.0,124.56140350877193,57,3,19
1,rank_from_min,3.0,42.26315789473684,0.0,241.2280701754386,570,31,19
1,rank_from_min,4.0,42.26315789473684,0.0,150.45372050816698,551,30,19
1,rank_from_min,5.0,42.26315789473684,0.0,247.3684210526316,494,27,19
1,rank_from_min,6.0,42.26315789473684,0.0,225.05263157894737,475,26,19
1,rank_from_min,7.0,42.26315789473684,0.0,350.10526315789474,475,26,19
1,rank_from_min,8.0,42.26315789473684,0.0,82.73684210526316,475,26,19
1,rank_from_min,9.0,42.26315789473684,0.0,114.3157894736842,475,26,19
1,section,1631-1633,42.26315789473684,0.0,-19.29824561403509,57,3,19
1,section,2001-2020,42.26315789473684,0.0,274.2105263157895,380,20,19
1,section,2021-2031,42.26315789473684,0.0,477.99043062200957,209,11,19
1,section,2032-2042,42.26315789473684,0.0,-78.94736842105263,209,11,19
1,section,2043-2059,42.26315789473684,0.0,322.2910216718266,323,17,19
1,section,2060-2076,42.26315789473684,0.0,617.3374613003095,323,17,19
1,section,2077-2087,42.26315789473684,0.0,-156.45933014354068,209,11,19
1,section,2088-2098,42.26315789473684,0.0,-436.3636363636364,209,11,19
1,section,2099-2109,42.26315789473684,0.0,878.4688995215311,209,11,19
1,section,2110-2120,42.26315789473684,0.0,-21.05263157894737,209,11,19
1,section,2121-2131,42.26315789473684,0.0,199.52153110047846,209,11,19
1,section,2132-2142,42.26315789473684,0.0,213.8755980861244,209,11,19
1,section,2143-2146,42.26315789473684,0.0,678.9473684210526,76,4,19
1,section,2147-2150,42.26315789473684,0.0,165.78947368421052,76,4,19
1,section,2151-2161,42.26315789473684,0.0,211.48325358851676,209,11,19
1,section,2162-2166,42.26315789473684,0.0,-172.6315789473684,95,5,19
1,section,2167-2176,42.26315789473684,0.0,91.57894736842105,190,10,19
1,section,2177-2186,42.26315789473684,0.0,267.89473684210526,190,10,19
1,section,2187-2190,42.26315789473684,0.0,-146.05263157894737,76,4,19
1,section,2191-2202,42.26315789473684,0.0,466.2280701754386,228,12,19
1,section,2203-2212,42.26315789473684,0.0,532.6315789473684,190,10,19
1,section,2213-2222,42.26315789473684,0.0,213.1578947368421,190,10,19
1,section,2223-2235,42.26315789473684,0.0,336.8421052631579,247,13,19
1,section,2236-2255,42.26315789473684,0.0,257.36842105263156,380,20,19
1,section,2256-2268,42.26315789473684,0.0,-21.45748987854251,247,13,19
1,section,2269-2281,42.26315789473684,0.0,-4.8582995951417,247,13,19
1,section,2282-2301,42.26315789473684,0.0,202.3684210526316,380,20,19
1,section,2302-2316,42.26315789473684,0.0,179.2982456140351,285,15,19
1,section,2317-2330,42.26315789473684,0.0,105.26315789473684,266,14,19
1,section,2331-2340,43.125,0.0,-388.75,80,10,8
1,section,2399-2415,41.63636363636363,0.0,200.53475935828877,187,17,11
2,machine_tail,0,37.05805515239477,0.0,-12.191582002902758,689,40,19
2,machine_tail,1,37.04469273743017,0.0,48.74301675977654,716,42,19
2,machine_tail,2,37.059322033898304,0.0,-85.73446327683615,708,41,19
2,machine_tail,3,37.059322033898304,0.0,-18.361581920903955,708,41,19
2,machine_tail,4,37.05805515239477,0.0,136.86502177068215,689,40,19
2,machine_tail,5,37.05805515239477,0.0,202.46734397677793,689,40,19
2,machine_tail,6,37.041297935103245,0.0,-27.5811209439528,678,39,19
2,machine_tail,7,37.041297935103245,0.0,63.86430678466077,678,39,19
2,machine_tail,8,37.041297935103245,0.0,-22.56637168141593,678,39,19
2,machine_tail,9,37.05805515239477,0.0,97.677793904209,689,40,19
2,machine_type,その他,37.08736942070276,0.0,37.535612535612536,4212,293,19
2,machine_type,ジャグラー,36.98485613326603,0.0,38.869257950530034,1981,123,19
2,machine_type,ハナハナ,37.29059829059829,0.0,-98.71794871794872,234,20,19
2,machine_type,化物語,36.96153846153846,0.0,911.5384615384615,26,6,7
2,machine_type,北斗,36.90405117270789,0.0,58.63539445628998,469,33,19
2,rank_from_max,1.0,37.10526315789474,0.0,-265.96491228070175,570,31,19
2,rank_from_max,10.0,37.10526315789474,0.0,239.78947368421052,475,26,19
2,rank_from_max,11.0,37.13299232736573,0.0,-62.915601023017906,391,21,19
2,rank_from_max,12.0,37.154545454545456,0.0,-84.0909090909091,220,12,19
2,rank_from_max,13.0,37.159203980099505,0.0,-75.62189054726367,201,11,19
2,rank_from_max,14.0,37.18055555555556,0.0,43.75,144,8,19
2,rank_from_max,15.0,37.192,0.0,-1.6,125,7,19
2,rank_from_max,16.0,37.20754716981132,0.0,64.15094339622641,106,6,19
2,rank_from_max,17.0,37.20754716981132,0.0,-73.58490566037736,106,6,19
2,rank_from_max,18.0,37.10526315789474,0.0,-405.2631578947368,57,3,19
2,rank_from_max,19.0,37.10526315789474,0.0,245.6140350877193,57,3,19
2,rank_from_max,2.0,37.10526315789474,0.0,272.63157894736844,570,31,19
2,rank_from_max,20.0,37.10526315789474,0.0,-443.859649122807,57,3,19
2,rank_from_max,3.0,37.10526315789474,0.0,-17.719298245614034,570,31,19
2,rank_from_max,4.0,37.10526315789474,0.0,-50.99818511796733,551,30,19
2,rank_from_max,5.0,37.10526315789474,0.0,34.21052631578947,494,27,19
2,rank_from_max,6.0,37.10526315789474,0.0,133.47368421052633,475,26,19
2,rank_from_max,7.0,37.10526315789474,0.0,119.15789473684211,475,26,19
2,rank_from_max,8.0,37.10526315789474,0.0,325.6842105263158,475,26,19
2,rank_from_max,9.0,37.10526315789474,0.0,26.736842105263158,475,26,19
2,rank_from_min,1.0,37.10526315789474,0.0,-248.0701754385965,570,31,19
2,rank_from_min,10.0,37.10526315789474,0.0,149.26315789473685,475,26,19
2,rank_from_min,11.0,37.13299232736573,0.0,-114.57800511508951,391,21,19
2,rank_from_min,12.0,37.154545454545456,0.0,-110.0,220,12,19
2,rank_from_min,13.0,37.159203980099505,0.0,-196.01990049751242,201,11,19
2,rank_from_min,14.0,37.18055555555556,0.0,163.88888888888889,144,8,19
2,rank_from_min,15.0,37.192,0.0,16.8,125,7,19
2,rank_from_min,16.0,37.20754716981132,0.0,-21.69811320754717,106,6,19
2,rank_from_min,17.0,37.20754716981132,0.0,-230.18867924528303,106,6,19
2,rank_from_min,18.0,37.10526315789474,0.0,-273.6842105263158,57,3,19
2,rank_from_min,19.0,37.10526315789474,0.0,229.82456140350877,57,3,19
2,rank_from_min,2.0,37.10526315789474,0.0,103.33333333333333,570,31,19
2,rank_from_min,20.0,37.10526315789474,0.0,71.9298245614035,57,3,19
2,rank_from_min,3.0,37.10526315789474,0.0,-23.333333333333332,570,31,19
2,rank_from_min,4.0,37.10526315789474,0.0,220.14519056261344,551,30,19
2,rank_from_min,5.0,37.10526315789474,0.0,265.38461538461536,494,27,19
2,rank_from_min,6.0,37.10526315789474,0.0,-38.526315789473685,475,26,19
2,rank_from_min,7.0,37.10526315789474,0.0,52.421052631578945,475,26,19
2,rank_from_min,8.0,37.10526315789474,0.0,193.68421052631578,475,26,19
2,rank_from_min,9.0,37.10526315789474,0.0,164.0,475,26,19
2,section,1631-1633,37.10526315789474,0.0,240.35087719298247,57,3,19
2,section,2001-2020,37.10526315789474,0.0,18.157894736842106,380,20,19
2,section,2021-2031,37.10526315789474,0.0,107.17703349282297,209,11,19
2,section,2032-2042,37.10526315789474,0.0,148.80382775119617,209,11,19
2,section,2043-2059,37.10526315789474,0.0,-101.23839009287926,323,17,19
2,section,2060-2076,37.10526315789474,0.0,-13.93188854489164,323,17,19
2,section,2077-2087,37.10526315789474,0.0,228.22966507177034,209,11,19
2,section,2088-2098,37.10526315789474,0.0,65.55023923444976,209,11,19
2,section,2099-2109,37.10526315789474,0.0,361.24401913875596,209,11,19
2,section,2110-2120,37.10526315789474,0.0,311.48325358851673,209,11,19
2,section,2121-2131,37.10526315789474,0.0,-132.05741626794259,209,11,19
2,section,2132-2142,37.10526315789474,0.0,56.45933014354067,209,11,19
2,section,2143-2146,37.10526315789474,0.0,-559.2105263157895,76,4,19
2,section,2147-2150,37.10526315789474,0.0,-282.89473684210526,76,4,19
2,section,2151-2161,37.10526315789474,0.0,147.3684210526316,209,11,19
2,section,2162-2166,37.10526315789474,0.0,596.8421052631579,95,5,19
2,section,2167-2176,37.10526315789474,0.0,164.73684210526315,190,10,19
2,section,2177-2186,37.10526315789474,0.0,1.5789473684210527,190,10,19
2,section,2187-2190,37.10526315789474,0.0,-252.6315789473684,76,4,19
2,section,2191-2202,37.10526315789474,0.0,177.19298245614036,228,12,19
2,section,2203-2212,37.10526315789474,0.0,84.73684210526316,190,10,19
2,section,2213-2222,37.10526315789474,0.0,-395.7894736842105,190,10,19
2,section,2223-2235,37.10526315789474,0.0,61.94331983805668,247,13,19
2,section,2236-2255,37.10526315789474,0.0,-48.94736842105263,380,20,19
2,section,2256-2268,37.10526315789474,0.0,52.22672064777328,247,13,19
2,section,2269-2281,37.10526315789474,0.0,-379.7570850202429,247,13,19
2,section,2282-2301,37.10526315789474,0.0,70.26315789473684,380,20,19
2,section,2302-2316,37.10526315789474,0.0,27.719298245614034,285,15,19
2,section,2317-2330,37.10526315789474,0.0,121.42857142857143,266,14,19
2,section,2331-2340,35.75,0.0,118.75,80,10,8
2,section,2399-2415,38.09090909090909,0.0,340.6417112299465,187,17,11
3,machine_tail,0,38.00580551523948,0.0,10.740203193033382,689,40,19
3,machine_tail,1,38.022346368715084,0.0,-43.15642458100559,716,42,19
3,machine_tail,2,38.00423728813559,0.0,-90.81920903954803,708,41,19
3,machine_tail,3,38.00423728813559,0.0,10.310734463276836,708,41,19
3,machine_tail,4,38.00580551523948,0.0,100.72568940493468,689,40,19
3,machine_tail,5,38.00580551523948,0.0,177.79390420899855,689,40,19
3,machine_tail,6,38.02654867256637,0.0,-79.20353982300885,678,39,19
3,machine_tail,7,38.02654867256637,0.0,45.87020648967552,678,39,19
3,machine_tail,8,38.02654867256637,0.0,-41.88790560471976,678,39,19
3,machine_tail,9,38.00580551523948,0.0,29.317851959361395,689,40,19
3,machine_type,その他,38.00759734093067,0.0,-23.14814814814815,4212,293,19
3,machine_type,ジャグラー,38.096415951539626,0.0,60.82786471479051,1981,123,19
3,machine_type,ハナハナ,37.717948717948715,0.0,10.683760683760683,234,20,19
3,machine_type,化物語,35.07692307692308,0.0,-330.7692307692308,26,6,7
3,machine_type,北斗,38.02345415778252,0.0,135.82089552238807,469,33,19
3,rank_from_max,1.0,37.94736842105263,0.0,-106.14035087719299,570,31,19
3,rank_from_max,10.0,37.94736842105263,0.0,19.57894736842105,475,26,19
3,rank_from_max,11.0,37.91304347826087,0.0,-200.76726342710998,391,21,19
3,rank_from_max,12.0,37.88636363636363,0.0,285.90909090909093,220,12,19
3,rank_from_max,13.0,37.88059701492537,0.0,49.25373134328358,201,11,19
3,rank_from_max,14.0,37.854166666666664,0.0,251.38888888888889,144,8,19
3,rank_from_max,15.0,37.84,0.0,-12.0,125,7,19
3,rank_from_max,16.0,37.820754716981135,0.0,152.83018867924528,106,6,19
3,rank_from_max,17.0,37.820754716981135,0.0,-114.15094339622641,106,6,19
3,rank_from_max,18.0,37.94736842105263,0.0,328.0701754385965,57,3,19
3,rank_from_max,19.0,37.94736842105263,0.0,270.17543859649123,57,3,19
3,rank_from_max,2.0,37.94736842105263,0.0,-9.298245614035087,570,31,19
3,rank_from_max,20.0,37.94736842105263,0.0,189.47368421052633,57,3,19
3,rank_from_max,3.0,37.94736842105263,0.0,70.35087719298245,570,31,19
3,rank_from_max,4.0,37.94736842105263,0.0,-157.1687840290381,551,30,19
3,rank_from_max,5.0,37.94736842105263,0.0,-9.919028340080972,494,27,19
3,rank_from_max,6.0,37.94736842105263,0.0,-65.89473684210526,475,26,19
3,rank_from_max,7.0,37.94736842105263,0.0,123.78947368421052,475,26,19
3,rank_from_max,8.0,37.94736842105263,0.0,-76.0,475,26,19
3,rank_from_max,9.0,37.94736842105263,0.0,122.3157894736842,475,26,19
3,rank_from_min,1.0,37.94736842105263,0.0,-82.80701754385964,570,31,19
3,rank_from_min,10.0,37.94736842105263,0.0,48.421052631578945,475,26,19
3,rank_from_min,11.0,37.91304347826087,0.0,-34.0153452685422,391,21,19
3,rank_from_min,12.0,37.88636363636363,0.0,-222.27272727272728,220,12,19
3,rank_from_min,13.0,37.88059701492537,0.0,-38.308457711442784,201,11,19
3,rank_from_min,14.0,37.854166666666664,0.0,11.805555555555555,144,8,19
3,rank_from_min,15.0,37.84,0.0,336.0,125,7,19
3,rank_from_min,16.0,37.820754716981135,0.0,317.92452830188677,106,6,19
3,rank_from_min,17.0,37.820754716981135,0.0,-33.9622641509434,106,6,19
3,rank_from_min,18.0,37.94736842105263,0.0,-235.08771929824562,57,3,19
3,rank_from_min,19.0,37.94736842105263,0.0,-26.31578947368421,57,3,19
3,rank_from_min,2.0,37.94736842105263,0.0,140.87719298245614,570,31,19
3,rank_from_min,20.0,37.94736842105263,0.0,-57.89473684210526,57,3,19
3,rank_from_min,3.0,37.94736842105263,0.0,78.7719298245614,570,31,19
3,rank_from_min,4.0,37.94736842105263,0.0,-61.34301270417423,551,30,19
3,rank_from_min,5.0,37.94736842105263,0.0,-30.5668016194332,494,27,19
3,rank_from_min,6.0,37.94736842105263,0.0,-201.47368421052633,475,26,19
3,rank_from_min,7.0,37.94736842105263,0.0,84.84210526315789,475,26,19
3,rank_from_min,8.0,37.94736842105263,0.0,-87.15789473684211,475,26,19
3,rank_from_min,9.0,37.94736842105263,0.0,165.47368421052633,475,26,19
3,section,1631-1633,37.94736842105263,0.0,245.6140350877193,57,3,19
3,section,2001-2020,37.94736842105263,0.0,356.05263157894734,380,20,19
3,section,2021-2031,37.94736842105263,0.0,185.16746411483254,209,11,19
3,section,2032-2042,37.94736842105263,0.0,-26.794258373205743,209,11,19
3,section,2043-2059,37.94736842105263,0.0,-151.70278637770897,323,17,19
3,section,2060-2076,37.94736842105263,0.0,157.58513931888544,323,17,19
3,section,2077-2087,37.94736842105263,0.0,-153.11004784688996,209,11,19
3,section,2088-2098,37.94736842105263,0.0,-30.14354066985646,209,11,19
3,section,2099-2109,37.94736842105263,0.0,-119.61722488038278,209,11,19
3,section,2110-2120,37.94736842105263,0.0,-433.9712918660287,209,11,19
3,section,2121-2131,37.94736842105263,0.0,-30.62200956937799,209,11,19
3,section,2132-2142,37.94736842105263,0.0,269.85645933014354,209,11,19
3,section,2143-2146,37.94736842105263,0.0,-496.05263157894734,76,4,19
3,section,2147-2150,37.94736842105263,0.0,-459.2105263157895,76,4,19
3,section,2151-2161,37.94736842105263,0.0,109.0909090909091,209,11,19
3,section,2162-2166,37.94736842105263,0.0,235.78947368421052,95,5,19
3,section,2167-2176,37.94736842105263,0.0,196.8421052631579,190,10,19
3,section,2177-2186,37.94736842105263,0.0,143.68421052631578,190,10,19
3,section,2187-2190,37.94736842105263,0.0,3.9473684210526314,76,4,19
3,section,2191-2202,37.94736842105263,0.0,-25.43859649122807,228,12,19
3,section,2203-2212,37.94736842105263,0.0,327.89473684210526,190,10,19
3,section,2213-2222,37.94736842105263,0.0,-438.94736842105266,190,10,19
3,section,2223-2235,37.94736842105263,0.0,59.10931174089069,247,13,19
3,section,2236-2255,37.94736842105263,0.0,64.21052631578948,380,20,19
3,section,2256-2268,37.94736842105263,0.0,-306.8825910931174,247,13,19
3,section,2269-2281,37.94736842105263,0.0,-473.6842105263158,247,13,19
3,section,2282-2301,37.94736842105263,0.0,26.842105263157894,380,20,19
3,section,2302-2316,37.94736842105263,0.0,54.73684210526316,285,15,19
3,section,2317-2330,37.94736842105263,0.0,155.6390977443609,266,14,19
3,section,2331-2340,39.625,0.0,-70.0,80,10,8
3,section,2399-2415,36.72727272727273,0.0,111.22994652406418,187,17,11
4,machine_tail,0,37.14368650217707,0.0,-94.92017416545718,689,40,19
4,machine_tail,1,37.13966480446928,0.0,-8.938547486033519,716,42,19
4,machine_tail,2,37.144067796610166,0.0,15.3954802259887,708,41,19
4,machine_tail,3,37.144067796610166,0.0,118.78531073446328,708,41,19
4,machine_tail,4,37.14368650217707,0.0,39.7677793904209,689,40,19
4,machine_tail,5,37.14368650217707,0.0,79.39042089985486,689,40,19
4,machine_tail,6,37.13864306784661,0.0,48.82005899705015,678,39,19
4,machine_tail,7,37.13864306784661,0.0,17.99410029498525,678,39,19
4,machine_tail,8,37.13864306784661,0.0,170.79646017699116,678,39,19
4,machine_tail,9,37.14368650217707,0.0,70.97242380261248,689,40,19
4,machine_type,その他,37.14268755935423,0.0,32.71604938271605,4212,293,19
4,machine_type,ジャグラー,37.121655729429584,0.0,84.85613326602726,1981,123,19
4,machine_type,ハナハナ,37.21367521367522,0.0,111.96581196581197,234,20,19
4,machine_type,化物語,36.23076923076923,0.0,-169.23076923076923,26,6,7
4,machine_type,北斗,37.23454157782516,0.0,-26.439232409381663,469,33,19
4,rank_from_max,1.0,37.1578947368421,0.0,-19.12280701754386,570,31,19
4,rank_from_max,10.0,37.1578947368421,0.0,65.6842105263158,475,26,19
4,rank_from_max,11.0,37.16624040920716,0.0,262.4040920716113,391,21,19
4,rank_from_max,12.0,37.17272727272727,0.0,77.27272727272727,220,12,19
4,rank_from_max,13.0,37.17412935323383,0.0,194.02985074626866,201,11,19
4,rank_from_max,14.0,37.18055555555556,0.0,-40.97222222222222,144,8,19
4,rank_from_max,15.0,37.184,0.0,168.8,125,7,19
4,rank_from_max,16.0,37.18867924528302,0.0,-71.69811320754717,106,6,19
4,rank_from_max,17.0,37.18867924528302,0.0,5.660377358490566,106,6,19
4,rank_from_max,18.0,37.1578947368421,0.0,35.08771929824562,57,3,19
4,rank_from_max,19.0,37.1578947368421,0.0,338.5964912280702,57,3,19
4,rank_from_max,2.0,37.1578947368421,0.0,25.263157894736842,570,31,19
4,rank_from_max,20.0,37.1578947368421,0.0,-373.6842105263158,57,3,19
4,rank_from_max,3.0,37.1578947368421,0.0,45.26315789473684,570,31,19
4,rank_from_max,4.0,37.1578947368421,0.0,6.533575317604356,551,30,19
4,rank_from_max,5.0,37.1578947368421,0.0,-100.60728744939271,494,27,19
4,rank_from_max,6.0,37.1578947368421,0.0,116.42105263157895,475,26,19
4,rank_from_max,7.0,37.1578947368421,0.0,-3.3684210526315788,475,26,19
4,rank_from_max,8.0,37.1578947368421,0.0,17.68421052631579,475,26,19
4,rank_from_max,9.0,37.1578947368421,0.0,61.05263157894737,475,26,19
4,rank_from_min,1.0,37.1578947368421,0.0,20.0,570,31,19
4,rank_from_min,10.0,37.1578947368421,0.0,39.1578947368421,475,26,19
4,rank_from_min,11.0,37.16624040920716,0.0,21.994884910485933,391,21,19
4,rank_from_min,12.0,37.17272727272727,0.0,38.63636363636363,220,12,19
4,rank_from_min,13.0,37.17412935323383,0.0,125.87064676616916,201,11,19
4,rank_from_min,14.0,37.18055555555556,0.0,-140.27777777777777,144,8,19
4,rank_from_min,15.0,37.184,0.0,18.4,125,7,19
4,rank_from_min,16.0,37.18867924528302,0.0,95.28301886792453,106,6,19
4,rank_from_min,17.0,37.18867924528302,0.0,-307.54716981132077,106,6,19
4,rank_from_min,18.0,37.1578947368421,0.0,271.9298245614035,57,3,19
4,rank_from_min,19.0,37.1578947368421,0.0,-294.7368421052632,57,3,19
4,rank_from_min,2.0,37.1578947368421,0.0,54.73684210526316,570,31,19
4,rank_from_min,20.0,37.1578947368421,0.0,-543.859649122807,57,3,19
4,rank_from_min,3.0,37.1578947368421,0.0,212.4561403508772,570,31,19
4,rank_from_min,4.0,37.1578947368421,0.0,-77.49546279491832,551,30,19
4,rank_from_min,5.0,37.1578947368421,0.0,-100.20242914979757,494,27,19
4,rank_from_min,6.0,37.1578947368421,0.0,388.42105263157896,475,26,19
4,rank_from_min,7.0,37.1578947368421,0.0,66.94736842105263,475,26,19
4,rank_from_min,8.0,37.1578947368421,0.0,74.94736842105263,475,26,19
4,rank_from_min,9.0,37.1578947368421,0.0,-82.94736842105263,475,26,19
4,section,1631-1633,37.1578947368421,0.0,185.96491228070175,57,3,19
4,section,2001-2020,37.1578947368421,0.0,-5.2631578947368425,380,20,19
4,section,2021-2031,37.1578947368421,0.0,-34.92822966507177,209,11,19
4,section,2032-2042,37.1578947368421,0.0,310.5263157894737,209,11,19
4,section,2043-2059,37.1578947368421,0.0,-45.5108359133127,323,17,19
4,section,2060-2076,37.1578947368421,0.0,-88.54489164086688,323,17,19
4,section,2077-2087,37.1578947368421,0.0,99.52153110047847,209,11,19
4,section,2088-2098,37.1578947368421,0.0,166.0287081339713,209,11,19
4,section,2099-2109,37.1578947368421,0.0,49.760765550239235,209,11,19
4,section,2110-2120,37.1578947368421,0.0,-26.31578947368421,209,11,19
4,section,2121-2131,37.1578947368421,0.0,98.56459330143541,209,11,19
4,section,2132-2142,37.1578947368421,0.0,100.0,209,11,19
4,section,2143-2146,37.1578947368421,0.0,-119.73684210526316,76,4,19
4,section,2147-2150,37.1578947368421,0.0,-77.63157894736842,76,4,19
4,section,2151-2161,37.1578947368421,0.0,132.05741626794259,209,11,19
4,section,2162-2166,37.1578947368421,0.0,-134.73684210526315,95,5,19
4,section,2167-2176,37.1578947368421,0.0,205.78947368421052,190,10,19
4,section,2177-2186,37.1578947368421,0.0,17.894736842105264,190,10,19
4,section,2187-2190,37.1578947368421,0.0,77.63157894736842,76,4,19
4,section,2191-2202,37.1578947368421,0.0,229.82456140350877,228,12,19
4,section,2203-2212,37.1578947368421,0.0,266.3157894736842,190,10,19
4,section,2213-2222,37.1578947368421,0.0,-69.47368421052632,190,10,19
4,section,2223-2235,37.1578947368421,0.0,50.607287449392715,247,13,19
4,section,2236-2255,37.1578947368421,0.0,-25.789473684210527,380,20,19
4,section,2256-2268,37.1578947368421,0.0,-53.84615384615385,247,13,19
4,section,2269-2281,37.1578947368421,0.0,-230.36437246963564,247,13,19
4,section,2282-2301,37.1578947368421,0.0,62.36842105263158,380,20,19
4,section,2302-2316,37.1578947368421,0.0,195.78947368421052,285,15,19
4,section,2317-2330,37.1578947368421,0.0,-120.67669172932331,266,14,19
4,section,2331-2340,36.75,0.0,-210.0,80,10,8
4,section,2399-2415,37.45454545454545,0.0,248.1283422459893,187,17,11
5,machine_tail,0,37.034833091436866,0.0,-169.66618287373004,689,40,19
5,machine_tail,1,37.04469273743017,0.0,-76.67597765363128,716,42,19
5,machine_tail,2,37.03389830508475,0.0,-2.1186440677966103,708,41,19
5,machine_tail,3,37.03389830508475,0.0,-6.073446327683616,708,41,19
5,machine_tail,4,37.034833091436866,0.0,36.42960812772134,689,40,19
5,machine_tail,5,37.034833091436866,0.0,-18.867924528301888,689,40,19
5,machine_tail,6,37.04719764011799,0.0,113.1268436578171,678,39,19
5,machine_tail,7,37.04719764011799,0.0,41.740412979351035,678,39,19
5,machine_tail,8,37.04719764011799,0.0,258.1120943952802,678,39,19
5,machine_tail,9,37.034833091436866,0.0,107.40203193033382,689,40,19
5,machine_type,その他,37.03276353276353,0.0,-11.419753086419753,4212,293,19
5,machine_type,ジャグラー,37.08884401817264,0.0,91.46895507319536,1981,123,19
5,machine_type,ハナハナ,36.863247863247864,0.0,276.9230769230769,234,20,19
5,machine_type,化物語,35.69230769230769,0.0,-184.6153846153846,26,6,7
5,machine_type,北斗,37.05117270788912,0.0,-9.808102345415778,469,33,19
5,rank_from_max,1.0,37.0,0.0,-7.543859649122807,570,31,19
5,rank_from_max,10.0,37.0,0.0,40.21052631578947,475,26,19
5,rank_from_max,11.0,36.97953964194373,0.0,-152.17391304347825,391,21,19
5,rank_from_max,12.0,36.96363636363636,0.0,152.72727272727272,220,12,19
5,rank_from_max,13.0,36.960199004975124,0.0,28.35820895522388,201,11,19
5,rank_from_max,14.0,36.94444444444444,0.0,245.83333333333334,144,8,19
5,rank_from_max,15.0,36.936,0.0,-183.2,125,7,19
5,rank_from_max,16.0,36.924528301886795,0.0,39.62264150943396,106,6,19
5,rank_from_max,17.0,36.924528301886795,0.0,-53.77358490566038,106,6,19
5,rank_from_max,18.0,37.0,0.0,-249.12280701754386,57,3,19
5,rank_from_max,19.0,37.0,0.0,-164.91228070175438,57,3,19
5,rank_from_max,2.0,37.0,0.0,-10.701754385964913,570,31,19
5,rank_from_max,20.0,37.0,0.0,-285.96491228070175,57,3,19
5,rank_from_max,3.0,37.0,0.0,207.3684210526316,570,31,19
5,rank_from_max,4.0,37.0,0.0,25.045372050816695,551,30,19
5,rank_from_max,5.0,37.0,0.0,-28.13765182186235,494,27,19
5,rank_from_max,6.0,37.0,0.0,38.10526315789474,475,26,19
5,rank_from_max,7.0,37.0,0.0,66.10526315789474,475,26,19
5,rank_from_max,8.0,37.0,0.0,35.578947368421055,475,26,19
5,rank_from_max,9.0,37.0,0.0,-3.1578947368421053,475,26,19
5,rank_from_min,1.0,37.0,0.0,-64.21052631578948,570,31,19
5,rank_from_min,10.0,37.0,0.0,-98.52631578947368,475,26,19
5,rank_from_min,11.0,36.97953964194373,0.0,128.9002557544757,391,21,19
5,rank_from_min,12.0,36.96363636363636,0.0,140.0,220,12,19
5,rank_from_min,13.0,36.960199004975124,0.0,-133.33333333333334,201,11,19
5,rank_from_min,14.0,36.94444444444444,0.0,-67.36111111111111,144,8,19
5,rank_from_min,15.0,36.936,0.0,48.0,125,7,19
5,rank_from_min,16.0,36.924528301886795,0.0,648.1132075471698,106,6,19
5,rank_from_min,17.0,36.924528301886795,0.0,-223.58490566037736,106,6,19
5,rank_from_min,18.0,37.0,0.0,271.9298245614035,57,3,19
5,rank_from_min,19.0,37.0,0.0,631.578947368421,57,3,19
5,rank_from_min,2.0,37.0,0.0,-58.59649122807018,570,31,19
5,rank_from_min,20.0,37.0,0.0,-131.57894736842104,57,3,19
5,rank_from_min,3.0,37.0,0.0,-58.771929824561404,570,31,19
5,rank_from_min,4.0,37.0,0.0,96.00725952813067,551,30,19
5,rank_from_min,5.0,37.0,0.0,114.77732793522267,494,27,19
5,rank_from_min,6.0,37.0,0.0,105.05263157894737,475,26,19
5,rank_from_min,7.0,37.0,0.0,59.1578947368421,475,26,19
5,rank_from_min,8.0,37.0,0.0,-123.78947368421052,475,26,19
5,rank_from_min,9.0,37.0,0.0,51.36842105263158,475,26,19
5,section,1631-1633,37.0,0.0,-17.54385964912281,57,3,19
5,section,2001-2020,37.0,0.0,32.89473684210526,380,20,19
5,section,2021-2031,37.0,0.0,92.3444976076555,209,11,19
5,section,2032-2042,37.0,0.0,-268.8995215311005,209,11,19
5,section,2043-2059,37.0,0.0,-31.269349845201237,323,17,19
5,section,2060-2076,37.0,0.0,-82.97213622291022,323,17,19
5,section,2077-2087,37.0,0.0,-177.99043062200957,209,11,19
5,section,2088-2098,37.0,0.0,-399.52153110047846,209,11,19
5,section,2099-2109,37.0,0.0,101.91387559808612,209,11,19
5,section,2110-2120,37.0,0.0,117.70334928229666,209,11,19
5,section,2121-2131,37.0,0.0,129.66507177033492,209,11,19
5,section,2132-2142,37.0,0.0,-92.3444976076555,209,11,19
5,section,2143-2146,37.0,0.0,-251.31578947368422,76,4,19
5,section,2147-2150,37.0,0.0,214.47368421052633,76,4,19
5,section,2151-2161,37.0,0.0,11.483253588516746,209,11,19
5,section,2162-2166,37.0,0.0,-109.47368421052632,95,5,19
5,section,2167-2176,37.0,0.0,15.263157894736842,190,10,19
5,section,2177-2186,37.0,0.0,77.36842105263158,190,10,19
5,section,2187-2190,37.0,0.0,31.57894736842105,76,4,19
5,section,2191-2202,37.0,0.0,256.57894736842104,228,12,19
5,section,2203-2212,37.0,0.0,272.63157894736844,190,10,19
5,section,2213-2222,37.0,0.0,330.0,190,10,19
5,section,2223-2235,37.0,0.0,134.0080971659919,247,13,19
5,section,2236-2255,37.0,0.0,25.0,380,20,19
5,section,2256-2268,37.0,0.0,-149.79757085020242,247,13,19
5,section,2269-2281,37.0,0.0,-267.6113360323887,247,13,19
5,section,2282-2301,37.0,0.0,57.63157894736842,380,20,19
5,section,2302-2316,37.0,0.0,117.89473684210526,285,15,19
5,section,2317-2330,37.0,0.0,198.1203007518797,266,14,19
5,section,2331-2340,38.0,0.0,56.25,80,10,8
5,section,2399-2415,36.27272727272727,0.0,200.53475935828877,187,17,11
6,machine_tail,0,36.36865021770682,0.0,95.355587808418,689,40,19
6,machine_tail,1,36.36871508379888,0.0,25.558659217877096,716,42,19
6,machine_tail,2,36.36864406779661,0.0,24.858757062146893,708,41,19
6,machine_tail,3,36.36864406779661,0.0,-53.389830508474574,708,41,19
6,machine_tail,4,36.36865021770682,0.0,55.00725689404935,689,40,19
6,machine_tail,5,36.36865021770682,0.0,18.722786647314948,689,40,19
6,machine_tail,6,36.36873156342183,0.0,216.3716814159292,678,39,19
6,machine_tail,7,36.36873156342183,0.0,-60.176991150442475,678,39,19
6,machine_tail,8,36.36873156342183,0.0,-6.784660766961652,678,39,19
6,machine_tail,9,36.36865021770682,0.0,139.33236574746007,689,40,19
6,machine_type,その他,36.399667537402046,0.0,5.69935882213251,4211,293,19
6,machine_type,ジャグラー,36.36900555275113,0.0,103.48308934881373,1981,123,19
6,machine_type,ハナハナ,36.36752136752137,0.0,112.3931623931624,234,20,19
6,machine_type,化物語,34.142857142857146,0.0,89.28571428571429,28,8,7
6,machine_type,北斗,36.22222222222222,0.0,115.5982905982906,468,30,19
6,rank_from_max,1.0,36.36842105263158,0.0,134.03508771929825,570,31,19
6,rank_from_max,10.0,36.36842105263158,0.0,6.947368421052632,475,26,19
6,rank_from_max,11.0,36.368286445012785,0.0,164.7058823529412,391,21,19
6,rank_from_max,12.0,36.36818181818182,0.0,264.54545454545456,220,12,19
6,rank_from_max,13.0,36.3681592039801,0.0,-29.35323383084577,201,11,19
6,rank_from_max,14.0,36.36805555555556,0.0,246.52777777777777,144,8,19
6,rank_from_max,15.0,36.368,0.0,356.8,125,7,19
6,rank_from_max,16.0,36.367924528301884,0.0,-28.30188679245283,106,6,19
6,rank_from_max,17.0,36.367924528301884,0.0,-113.20754716981132,106,6,19
6,rank_from_max,18.0,36.36842105263158,0.0,282.4561403508772,57,3,19
6,rank_from_max,19.0,36.36842105263158,0.0,-26.31578947368421,57,3,19
6,rank_from_max,2.0,36.36842105263158,0.0,-69.47368421052632,570,31,19
6,rank_from_max,20.0,36.36842105263158,0.0,-64.91228070175438,57,3,19
6,rank_from_max,3.0,36.36842105263158,0.0,90.87719298245614,570,31,19
6,rank_from_max,4.0,36.36842105263158,0.0,-76.95099818511797,551,30,19
6,rank_from_max,5.0,36.36842105263158,0.0,147.57085020242914,494,27,19
6,rank_from_max,6.0,36.36842105263158,0.0,23.36842105263158,475,26,19
6,rank_from_max,7.0,36.36842105263158,0.0,54.10526315789474,475,26,19
6,rank_from_max,8.0,36.36842105263158,0.0,34.526315789473685,475,26,19
6,rank_from_max,9.0,36.36842105263158,0.0,-157.26315789473685,475,26,19
6,rank_from_min,1.0,36.36842105263158,0.0,-156.140350877193,570,31,19
6,rank_from_min,10.0,36.36842105263158,0.0,83.78947368421052,475,26,19
6,rank_from_min,11.0,36.368286445012785,0.0,57.80051150895141,391,21,19
6,rank_from_min,12.0,36.36818181818182,0.0,-134.0909090909091,220,12,19
6,rank_from_min,13.0,36.3681592039801,0.0,119.40298507462687,201,11,19
6,rank_from_min,14.0,36.36805555555556,0.0,44.44444444444444,144,8,19
6,rank_from_min,15.0,36.368,0.0,-88.0,125,7,19
6,rank_from_min,16.0,36.367924528301884,0.0,-92.45283018867924,106,6,19
6,rank_from_min,17.0,36.367924528301884,0.0,445.2830188679245,106,6,19
6,rank_from_min,18.0,36.36842105263158,0.0,208.7719298245614,57,3,19
6,rank_from_min,19.0,36.36842105263158,0.0,-487.719298245614,57,3,19
6,rank_from_min,2.0,36.36842105263158,0.0,72.80701754385964,570,31,19
6,rank_from_min,20.0,36.36842105263158,0.0,-454.3859649122807,57,3,19
6,rank_from_min,3.0,36.36842105263158,0.0,-18.07017543859649,570,31,19
6,rank_from_min,4.0,36.36842105263158,0.0,57.3502722323049,551,30,19
6,rank_from_min,5.0,36.36842105263158,0.0,102.63157894736842,494,27,19
6,rank_from_min,6.0,36.36842105263158,0.0,225.26315789473685,475,26,19
6,rank_from_min,7.0,36.36842105263158,0.0,94.73684210526316,475,26,19
6,rank_from_min,8.0,36.36842105263158,0.0,6.526315789473684,475,26,19
6,rank_from_min,9.0,36.36842105263158,0.0,139.1578947368421,475,26,19
6,section,1631-1633,36.36842105263158,0.0,17.54385964912281,57,3,19
6,section,2001-2020,36.36842105263158,0.0,87.89473684210526,380,20,19
6,section,2021-2031,36.36842105263158,0.0,91.86602870813397,209,11,19
6,section,2032-2042,36.36842105263158,0.0,382.29665071770336,209,11,19
6,section,2043-2059,36.36842105263158,0.0,-105.88235294117646,323,17,19
6,section,2060-2076,36.36842105263158,0.0,179.56656346749227,323,17,19
6,section,2077-2087,36.36842105263158,0.0,-24.401913875598087,209,11,19
6,section,2088-2098,36.36842105263158,0.0,-229.1866028708134,209,11,19
6,section,2099-2109,36.36842105263158,0.0,66.02870813397129,209,11,19
6,section,2110-2120,36.36842105263158,0.0,269.85645933014354,209,11,19
6,section,2121-2131,36.36842105263158,0.0,43.0622009569378,209,11,19
6,section,2132-2142,36.36842105263158,0.0,-11.483253588516746,209,11,19
6,section,2143-2146,36.36842105263158,0.0,-238.1578947368421,76,4,19
6,section,2147-2150,36.36842105263158,0.0,-155.26315789473685,76,4,19
6,section,2151-2161,36.36842105263158,0.0,111.48325358851675,209,11,19
6,section,2162-2166,36.36842105263158,0.0,168.42105263157896,95,5,19
6,section,2167-2176,36.36842105263158,0.0,-204.21052631578948,190,10,19
6,section,2177-2186,36.36842105263158,0.0,102.10526315789474,190,10,19
6,section,2187-2190,36.36842105263158,0.0,44.73684210526316,76,4,19
6,section,2191-2202,36.36842105263158,0.0,379.3859649122807,228,12,19
6,section,2203-2212,36.36842105263158,0.0,158.94736842105263,190,10,19
6,section,2213-2222,36.36842105263158,0.0,135.78947368421052,190,10,19
6,section,2223-2235,36.36842105263158,0.0,60.32388663967611,247,13,19
6,section,2236-2255,36.36842105263158,0.0,124.73684210526316,380,20,19
6,section,2256-2268,36.36842105263158,0.0,-160.32388663967612,247,13,19
6,section,2269-2281,36.36842105263158,0.0,-206.07287449392712,247,13,19
6,section,2282-2301,36.36842105263158,0.0,64.73684210526316,380,20,19
6,section,2302-2316,36.36842105263158,0.0,22.45614035087719,285,15,19
6,section,2317-2330,36.36842105263158,0.0,-27.44360902255639,266,14,19
6,section,2331-2340,36.375,0.0,-526.25,80,10,8
6,section,2399-2415,36.36363636363637,0.0,124.06417112299465,187,17,11
7,machine_tail,0,44.690856313497825,0.0,41.65457184325109,689,40,19
7,machine_tail,1,44.6927374301676,0.0,182.9608938547486,716,42,19
7,machine_tail,2,44.690677966101696,0.0,256.77966101694915,708,41,19
7,machine_tail,3,44.690677966101696,0.0,366.52542372881356,708,41,19
7,machine_tail,4,44.690856313497825,0.0,343.68650217706823,689,40,19
7,machine_tail,5,44.690856313497825,0.0,151.23367198838898,689,40,19
7,machine_tail,6,44.693215339233035,0.0,213.86430678466076,678,39,19
7,machine_tail,7,44.693215339233035,0.0,445.7227138643068,678,39,19
7,machine_tail,8,44.693215339233035,0.0,192.47787610619469,678,39,19
7,machine_tail,9,44.690856313497825,0.0,77.35849056603773,689,40,19
7,machine_type,その他,44.72643077653764,0.0,233.86369033483734,4211,293,19
7,machine_type,ジャグラー,44.70116102978294,0.0,244.01817264008076,1981,123,19
7,machine_type,ハナハナ,44.65811965811966,0.0,190.5982905982906,234,20,19
7,machine_type,化物語,44.67857142857143,0.0,392.85714285714283,28,8,7
7,machine_type,北斗,44.35683760683761,0.0,105.12820512820512,468,30,19
7,rank_from_max,1.0,44.68421052631579,0.0,89.64912280701755,570,31,19
7,rank_from_max,10.0,44.68421052631579,0.0,233.05263157894737,475,26,19
7,rank_from_max,11.0,44.68030690537084,0.0,238.61892583120203,391,21,19
7,rank_from_max,12.0,44.67727272727273,0.0,196.36363636363637,220,12,19
7,rank_from_max,13.0,44.67661691542288,0.0,205.97014925373134,201,11,19
7,rank_from_max,14.0,44.673611111111114,0.0,478.47222222222223,144,8,19
7,rank_from_max,15.0,44.672,0.0,169.6,125,7,19
7,rank_from_max,16.0,44.66981132075472,0.0,-103.77358490566037,106,6,19
7,rank_from_max,17.0,44.66981132075472,0.0,105.66037735849056,106,6,19
7,rank_from_max,18.0,44.68421052631579,0.0,445.6140350877193,57,3,19
7,rank_from_max,19.0,44.68421052631579,0.0,475.43859649122805,57,3,19
7,rank_from_max,2.0,44.68421052631579,0.0,352.9824561403509,570,31,19
7,rank_from_max,20.0,44.68421052631579,0.0,-115.78947368421052,57,3,19
7,rank_from_max,3.0,44.68421052631579,0.0,351.57894736842104,570,31,19
7,rank_from_max,4.0,44.68421052631579,0.0,222.68602540834846,551,30,19
7,rank_from_max,5.0,44.68421052631579,0.0,-9.31174089068826,494,27,19
7,rank_from_max,6.0,44.68421052631579,0.0,420.42105263157896,475,26,19
7,rank_from_max,7.0,44.68421052631579,0.0,348.8421052631579,475,26,19
7,rank_from_max,8.0,44.68421052631579,0.0,215.3684210526316,475,26,19
7,rank_from_max,9.0,44.68421052631579,0.0,188.0,475,26,19
7,rank_from_min,1.0,44.68421052631579,0.0,283.3333333333333,570,31,19
7,rank_from_min,10.0,44.68421052631579,0.0,301.6842105263158,475,26,19
7,rank_from_min,11.0,44.68030690537084,0.0,221.22762148337597,391,21,19
7,rank_from_min,12.0,44.67727272727273,0.0,149.0909090909091,220,12,19
7,rank_from_min,13.0,44.67661691542288,0.0,-112.43781094527363,201,11,19
7,rank_from_min,14.0,44.673611111111114,0.0,688.1944444444445,144,8,19
7,rank_from_min,15.0,44.672,0.0,93.6,125,7,19
7,rank_from_min,16.0,44.66981132075472,0.0,119.81132075471699,106,6,19
7,rank_from_min,17.0,44.66981132075472,0.0,19.81132075471698,106,6,19
7,rank_from_min,18.0,44.68421052631579,0.0,296.49122807017545,57,3,19
7,rank_from_min,19.0,44.68421052631579,0.0,105.26315789473684,57,3,19
7,rank_from_min,2.0,44.68421052631579,0.0,60.70175438596491,570,31,19
7,rank_from_min,20.0,44.68421052631579,0.0,278.94736842105266,57,3,19
7,rank_from_min,3.0,44.68421052631579,0.0,224.91228070175438,570,31,19
7,rank_from_min,4.0,44.68421052631579,0.0,206.17059891107078,551,30,19
7,rank_from_min,5.0,44.68421052631579,0.0,366.80161943319837,494,27,19
7,rank_from_min,6.0,44.68421052631579,0.0,275.36842105263156,475,26,19
7,rank_from_min,7.0,44.68421052631579,0.0,289.4736842105263,475,26,19
7,rank_from_min,8.0,44.68421052631579,0.0,163.78947368421052,475,26,19
7,rank_from_min,9.0,44.68421052631579,0.0,385.2631578947368,475,26,19
7,section,1631-1633,44.68421052631579,0.0,191.2280701754386,57,3,19
7,section,2001-2020,44.68421052631579,0.0,447.63157894736844,380,20,19
7,section,2021-2031,44.68421052631579,0.0,205.74162679425837,209,11,19
7,section,2032-2042,44.68421052631579,0.0,258.85167464114835,209,11,19
7,section,2043-2059,44.68421052631579,0.0,459.44272445820434,323,17,19
7,section,2060-2076,44.68421052631579,0.0,23.529411764705884,323,17,19
7,section,2077-2087,44.68421052631579,0.0,93.77990430622009,209,11,19
7,section,2088-2098,44.68421052631579,0.0,98.56459330143541,209,11,19
7,section,2099-2109,44.68421052631579,0.0,59.33014354066986,209,11,19
7,section,2110-2120,44.68421052631579,0.0,-134.44976076555025,209,11,19
7,section,2121-2131,44.68421052631579,0.0,167.4641148325359,209,11,19
7,section,2132-2142,44.68421052631579,0.0,373.6842105263158,209,11,19
7,section,2143-2146,44.68421052631579,0.0,661.8421052631579,76,4,19
7,section,2147-2150,44.68421052631579,0.0,627.6315789473684,76,4,19
7,section,2151-2161,44.68421052631579,0.0,385.64593301435406,209,11,19
7,section,2162-2166,44.68421052631579,0.0,80.0,95,5,19
7,section,2167-2176,44.68421052631579,0.0,360.0,190,10,19
7,section,2177-2186,44.68421052631579,0.0,988.9473684210526,190,10,19
7,section,2187-2190,44.68421052631579,0.0,102.63157894736842,76,4,19
7,section,2191-2202,44.68421052631579,0.0,103.94736842105263,228,12,19
7,section,2203-2212,44.68421052631579,0.0,778.9473684210526,190,10,19
7,section,2213-2222,44.68421052631579,0.0,65.26315789473684,190,10,19
7,section,2223-2235,44.68421052631579,0.0,223.07692307692307,247,13,19
7,section,2236-2255,44.68421052631579,0.0,255.26315789473685,380,20,19
7,section,2256-2268,44.68421052631579,0.0,346.96356275303646,247,13,19
7,section,2269-2281,44.68421052631579,0.0,-307.6923076923077,247,13,19
7,section,2282-2301,44.68421052631579,0.0,206.8421052631579,380,20,19
7,section,2302-2316,44.68421052631579,0.0,136.8421052631579,285,15,19
7,section,2317-2330,44.68421052631579,0.0,352.25563909774434,266,14,19
7,section,2331-2340,44.875,0.0,-45.0,80,10,8
7,section,2399-2415,44.54545454545455,0.0,-122.99465240641712,187,17,11
8,machine_tail,0,36.36085626911315,0.0,220.9480122324159,654,40,18
8,machine_tail,1,36.4,0.0,-52.94117647058823,680,42,18
8,machine_tail,2,36.357142857142854,0.0,87.35119047619048,672,41,18
8,machine_tail,3,36.357142857142854,0.0,80.05952380952381,672,41,18
8,machine_tail,4,36.36085626911315,0.0,107.03363914373088,654,40,18
8,machine_tail,5,36.36085626911315,0.0,-101.68195718654434,654,40,18
8,machine_tail,6,36.409937888198755,0.0,-104.03726708074534,644,39,18
8,machine_tail,7,36.409937888198755,0.0,-4.968944099378882,644,39,18
8,machine_tail,8,36.409937888198755,0.0,174.8447204968944,644,39,18
8,machine_tail,9,36.36085626911315,0.0,93.88379204892966,654,40,18
8,machine_type,その他,36.376126126126124,0.0,61.86186186186186,3996,293,18
8,machine_type,ジャグラー,36.57476139978791,0.0,73.966065747614,1886,123,18
8,machine_type,ハナハナ,35.67272727272727,0.0,72.27272727272727,220,20,18
8,machine_type,化物語,31.73076923076923,0.0,-1100.0,26,11,7
8,machine_type,北斗,36.189189189189186,0.0,-102.92792792792793,444,30,18
8,rank_from_max,1.0,36.22222222222222,0.0,-85.92592592592592,540,31,18
8,rank_from_max,10.0,36.22222222222222,0.0,39.55555555555556,450,26,18
8,rank_from_max,11.0,36.14054054054054,0.0,-149.1891891891892,370,21,18
8,rank_from_max,12.0,36.07692307692308,0.0,-124.51923076923077,208,12,18
8,rank_from_max,13.0,36.06315789473684,0.0,-2.6315789473684212,190,11,18
8,rank_from_max,14.0,36.0,0.0,344.8529411764706,136,8,18
8,rank_from_max,15.0,35.96610169491525,0.0,73.72881355932203,118,7,18
8,rank_from_max,16.0,35.92,0.0,-493.0,100,6,18
8,rank_from_max,17.0,35.92,0.0,105.0,100,6,18
8,rank_from_max,18.0,36.22222222222222,0.0,409.25925925925924,54,3,18
8,rank_from_max,19.0,36.22222222222222,0.0,516.6666666666666,54,3,18
8,rank_from_max,2.0,36.22222222222222,0.0,75.37037037037037,540,31,18
8,rank_from_max,20.0,36.22222222222222,0.0,411.1111111111111,54,3,18
8,rank_from_max,3.0,36.22222222222222,0.0,72.22222222222223,540,31,18
8,rank_from_max,4.0,36.22222222222222,0.0,56.89655172413793,522,30,18
8,rank_from_max,5.0,36.22222222222222,0.0,-76.06837606837607,468,27,18
8,rank_from_max,6.0,36.22222222222222,0.0,91.11111111111111,450,26,18
8,rank_from_max,7.0,36.22222222222222,0.0,143.33333333333334,450,26,18
8,rank_from_max,8.0,36.22222222222222,0.0,102.0,450,26,18
8,rank_from_max,9.0,36.22222222222222,0.0,241.77777777777777,450,26,18
8,rank_from_min,1.0,36.22222222222222,0.0,-67.22222222222223,540,31,18
8,rank_from_min,10.0,36.22222222222222,0.0,-87.55555555555556,450,26,18
8,rank_from_min,11.0,36.14054054054054,0.0,208.9189189189189,370,21,18
8,rank_from_min,12.0,36.07692307692308,0.0,125.96153846153847,208,12,18
8,rank_from_min,13.0,36.06315789473684,0.0,10.526315789473685,190,11,18
8,rank_from_min,14.0,36.0,0.0,216.1764705882353,136,8,18
8,rank_from_min,15.0,35.96610169491525,0.0,253.38983050847457,118,7,18
8,rank_from_min,16.0,35.92,0.0,-32.0,100,6,18
8,rank_from_min,17.0,35.92,0.0,37.0,100,6,18
8,rank_from_min,18.0,36.22222222222222,0.0,-133.33333333333334,54,3,18
8,rank_from_min,19.0,36.22222222222222,0.0,-120.37037037037037,54,3,18
8,rank_from_min,2.0,36.22222222222222,0.0,111.85185185185185,540,31,18
8,rank_from_min,20.0,36.22222222222222,0.0,-101.85185185185185,54,3,18
8,rank_from_min,3.0,36.22222222222222,0.0,50.18518518518518,540,31,18
8,rank_from_min,4.0,36.22222222222222,0.0,245.59386973180077,522,30,18
8,rank_from_min,5.0,36.22222222222222,0.0,111.32478632478633,468,27,18
8,rank_from_min,6.0,36.22222222222222,0.0,167.77777777777777,450,26,18
8,rank_from_min,7.0,36.22222222222222,0.0,-76.0,450,26,18
8,rank_from_min,8.0,36.22222222222222,0.0,-100.88888888888889,450,26,18
8,rank_from_min,9.0,36.22222222222222,0.0,-47.333333333333336,450,26,18
8,section,1631-1633,36.22222222222222,0.0,-172.22222222222223,54,3,18
8,section,2001-2020,36.22222222222222,0.0,86.38888888888889,360,20,18
8,section,2021-2031,36.22222222222222,0.0,415.65656565656565,198,11,18
8,section,2032-2042,36.22222222222222,0.0,125.25252525252525,198,11,18
8,section,2043-2059,36.22222222222222,0.0,-41.1764705882353,306,17,18
8,section,2060-2076,36.22222222222222,0.0,35.294117647058826,306,17,18
8,section,2077-2087,36.22222222222222,0.0,236.86868686868686,198,11,18
8,section,2088-2098,36.22222222222222,0.0,315.1515151515151,198,11,18
8,section,2099-2109,36.22222222222222,0.0,-259.5959595959596,198,11,18
8,section,2110-2120,36.22222222222222,0.0,-117.17171717171718,198,11,18
8,section,2121-2131,36.22222222222222,0.0,-47.474747474747474,198,11,18
8,section,2132-2142,36.22222222222222,0.0,30.80808080808081,198,11,18
8,section,2143-2146,36.22222222222222,0.0,-179.16666666666666,72,4,18
8,section,2147-2150,36.22222222222222,0.0,-177.77777777777777,72,4,18
8,section,2151-2161,36.22222222222222,0.0,8.585858585858587,198,11,18
8,section,2162-2166,36.22222222222222,0.0,-42.22222222222222,90,5,18
8,section,2167-2176,36.22222222222222,0.0,90.55555555555556,180,10,18
8,section,2177-2186,36.22222222222222,0.0,276.1111111111111,180,10,18
8,section,2187-2190,36.22222222222222,0.0,115.27777777777777,72,4,18
8,section,2191-2202,36.22222222222222,0.0,50.46296296296296,216,12,18
8,section,2203-2212,36.22222222222222,0.0,121.11111111111111,180,10,18
8,section,2213-2222,36.22222222222222,0.0,130.55555555555554,180,10,18
8,section,2223-2235,36.22222222222222,0.0,11.11111111111111,234,13,18
8,section,2236-2255,36.22222222222222,0.0,33.05555555555556,360,20,18
8,section,2256-2268,36.22222222222222,0.0,-58.547008547008545,234,13,18
8,section,2269-2281,36.22222222222222,0.0,-280.7692307692308,234,13,18
8,section,2282-2301,36.22222222222222,0.0,114.44444444444444,360,20,18
8,section,2302-2316,36.22222222222222,0.0,211.11111111111111,270,15,18
8,section,2317-2330,36.22222222222222,0.0,168.25396825396825,252,14,18
8,section,2331-2340,40.0,0.0,-296.25,80,10,8
8,section,2399-2415,33.2,0.0,-2.3529411764705883,170,17,10
9,machine_tail,0,39.44121915820029,0.0,-67.77939042089986,689,40,19
9,machine_tail,1,39.49162011173184,0.0,151.39664804469274,716,42,19
9,machine_tail,2,39.436440677966104,0.0,240.1129943502825,708,41,19
9,machine_tail,3,39.436440677966104,0.0,378.8135593220339,708,41,19
9,machine_tail,4,39.44121915820029,0.0,335.1233671988389,689,40,19
9,machine_tail,5,39.44121915820029,0.0,42.23512336719884,689,40,19
9,machine_tail,6,39.50442477876106,0.0,184.66076696165192,678,39,19
9,machine_tail,7,39.50442477876106,0.0,177.72861356932154,678,39,19
9,machine_tail,8,39.50442477876106,0.0,-23.746312684365783,678,39,19
9,machine_tail,9,39.44121915820029,0.0,-3.7735849056603774,689,40,19
9,machine_type,その他,39.425011865211204,0.0,91.95538680588514,4214,293,19
9,machine_type,ジャグラー,39.71731448763251,0.0,183.74558303886926,1981,123,19
9,machine_type,ハナハナ,38.56410256410256,0.0,182.9059829059829,234,20,19
9,machine_type,化物語,35.03333333333333,0.0,556.6666666666666,30,11,8
9,machine_type,北斗,39.47732181425486,0.0,379.91360691144706,463,30,19
9,rank_from_max,1.0,39.26315789473684,0.0,-82.63157894736842,570,31,19
9,rank_from_max,10.0,39.26315789473684,0.0,81.05263157894737,475,26,19
9,rank_from_max,11.0,39.15856777493606,0.0,134.7826086956522,391,21,19
9,rank_from_max,12.0,39.07727272727273,0.0,170.9090909090909,220,12,19
9,rank_from_max,13.0,39.059701492537314,0.0,217.91044776119404,201,11,19
9,rank_from_max,14.0,38.979166666666664,0.0,81.94444444444444,144,8,19
9,rank_from_max,15.0,38.936,0.0,-36.0,125,7,19
9,rank_from_max,16.0,38.87735849056604,0.0,146.22641509433961,106,6,19
9,rank_from_max,17.0,38.87735849056604,0.0,325.47169811320754,106,6,19
9,rank_from_max,18.0,39.26315789473684,0.0,-22.80701754385965,57,3,19
9,rank_from_max,19.0,39.26315789473684,0.0,-243.859649122807,57,3,19
9,rank_from_max,2.0,39.26315789473684,0.0,78.94736842105263,570,31,19
9,rank_from_max,20.0,39.26315789473684,0.0,233.33333333333334,57,3,19
9,rank_from_max,3.0,39.26315789473684,0.0,193.1578947368421,570,31,19
9,rank_from_max,4.0,39.26315789473684,0.0,361.524500907441,551,30,19
9,rank_from_max,5.0,39.26315789473684,0.0,205.06072874493927,494,27,19
9,rank_from_max,6.0,39.26315789473684,0.0,168.6315789473684,475,26,19
9,rank_from_max,7.0,39.26315789473684,0.0,125.26315789473684,475,26,19
9,rank_from_max,8.0,39.26315789473684,0.0,43.78947368421053,475,26,19
9,rank_from_max,9.0,39.26315789473684,0.0,232.42105263157896,475,26,19
9,rank_from_min,1.0,39.26315789473684,0.0,146.49122807017545,570,31,19
9,rank_from_min,10.0,39.26315789473684,0.0,-26.526315789473685,475,26,19
9,rank_from_min,11.0,39.15856777493606,0.0,-231.9693094629156,391,21,19
9,rank_from_min,12.0,39.07727272727273,0.0,-14.090909090909092,220,12,19
9,rank_from_min,13.0,39.059701492537314,0.0,-32.33830845771144,201,11,19
9,rank_from_min,14.0,38.979166666666664,0.0,399.30555555555554,144,8,19
9,rank_from_min,15.0,38.936,0.0,286.4,125,7,19
9,rank_from_min,16.0,38.87735849056604,0.0,488.6792452830189,106,6,19
9,rank_from_min,17.0,38.87735849056604,0.0,61.320754716981135,106,6,19
9,rank_from_min,18.0,39.26315789473684,0.0,-349.12280701754383,57,3,19
9,rank_from_min,19.0,39.26315789473684,0.0,161.40350877192984,57,3,19
9,rank_from_min,2.0,39.26315789473684,0.0,25.614035087719298,570,31,19
9,rank_from_min,20.0,39.26315789473684,0.0,264.9122807017544,57,3,19
9,rank_from_min,3.0,39.26315789473684,0.0,65.08771929824562,570,31,19
9,rank_from_min,4.0,39.26315789473684,0.0,167.8765880217786,551,30,19
9,rank_from_min,5.0,39.26315789473684,0.0,190.2834008097166,494,27,19
9,rank_from_min,6.0,39.26315789473684,0.0,322.7368421052632,475,26,19
9,rank_from_min,7.0,39.26315789473684,0.0,257.05263157894734,475,26,19
9,rank_from_min,8.0,39.26315789473684,0.0,273.05263157894734,475,26,19
9,rank_from_min,9.0,39.26315789473684,0.0,289.2631578947368,475,26,19
9,section,1631-1633,39.26315789473684,0.0,40.35087719298246,57,3,19
9,section,2001-2020,39.26315789473684,0.0,145.52631578947367,380,20,19
9,section,2021-2031,39.26315789473684,0.0,184.688995215311,209,11,19
9,section,2032-2042,39.26315789473684,0.0,148.80382775119617,209,11,19
9,section,2043-2059,39.26315789473684,0.0,169.969040247678,323,17,19
9,section,2060-2076,39.26315789473684,0.0,279.8761609907121,323,17,19
9,section,2077-2087,39.26315789473684,0.0,13.397129186602871,209,11,19
9,section,2088-2098,39.26315789473684,0.0,77.51196172248804,209,11,19
9,section,2099-2109,39.26315789473684,0.0,222.48803827751198,209,11,19
9,section,2110-2120,39.26315789473684,0.0,-138.755980861244,209,11,19
9,section,2121-2131,39.26315789473684,0.0,57.89473684210526,209,11,19
9,section,2132-2142,39.26315789473684,0.0,127.7511961722488,209,11,19
9,section,2143-2146,39.26315789473684,0.0,751.3157894736842,76,4,19
9,section,2147-2150,39.26315789473684,0.0,-102.63157894736842,76,4,19
9,section,2151-2161,39.26315789473684,0.0,220.57416267942583,209,11,19
9,section,2162-2166,39.26315789473684,0.0,348.42105263157896,95,5,19
9,section,2167-2176,39.26315789473684,0.0,93.15789473684211,190,10,19
9,section,2177-2186,39.26315789473684,0.0,278.94736842105266,190,10,19
9,section,2187-2190,39.26315789473684,0.0,175.0,76,4,19
9,section,2191-2202,39.26315789473684,0.0,350.0,228,12,19
9,section,2203-2212,39.26315789473684,0.0,666.3157894736842,190,10,19
9,section,2213-2222,39.26315789473684,0.0,-122.10526315789474,190,10,19
9,section,2223-2235,39.26315789473684,0.0,199.59514170040487,247,13,19
9,section,2236-2255,39.26315789473684,0.0,30.263157894736842,380,20,19
9,section,2256-2268,39.26315789473684,0.0,-408.09716599190284,247,13,19
9,section,2269-2281,39.26315789473684,0.0,-298.3805668016194,247,13,19
9,section,2282-2301,39.26315789473684,0.0,147.6315789473684,380,20,19
9,section,2302-2316,39.26315789473684,0.0,255.43859649122808,285,15,19
9,section,2317-2330,39.26315789473684,0.0,319.9248120300752,266,14,19
9,section,2331-2340,44.375,0.0,-186.25,80,10,8
9,section,2399-2415,35.54545454545455,0.0,418.7165775401069,187,17,11
10,machine_tail,0,39.28011611030479,0.0,156.3134978229318,689,40,19
10,machine_tail,1,39.32960893854749,0.0,-47.06703910614525,716,42,19
10,machine_tail,2,39.27542372881356,0.0,200.14124293785312,708,41,19
10,machine_tail,3,39.27542372881356,0.0,150.0,708,41,19
10,machine_tail,4,39.28011611030479,0.0,58.92597968069666,689,40,19
10,machine_tail,5,39.28011611030479,0.0,218.28737300435412,689,40,19
10,machine_tail,6,39.342182890855455,0.0,29.49852507374631,678,39,19
10,machine_tail,7,39.342182890855455,0.0,146.75516224188792,678,39,19
10,machine_tail,8,39.342182890855455,0.0,180.53097345132744,678,39,19
10,machine_tail,9,39.28011611030479,0.0,10.88534107402032,689,40,19
10,machine_type,その他,39.26364499288087,0.0,113.88229710488847,4214,293,19
10,machine_type,ジャグラー,39.551236749116605,0.0,27.00656234225139,1981,123,19
10,machine_type,ハナハナ,38.41880341880342,0.0,64.1025641025641,234,20,19
10,machine_type,化物語,34.46666666666667,0.0,-410.0,30,11,8
10,machine_type,北斗,39.35205183585313,0.0,488.55291576673864,463,30,19
10,rank_from_max,1.0,39.10526315789474,0.0,-3.1578947368421053,570,31,19
10,rank_from_max,10.0,39.10526315789474,0.0,74.73684210526316,475,26,19
10,rank_from_max,11.0,39.00255754475703,0.0,151.66240409207163,391,21,19
10,rank_from_max,12.0,38.92272727272727,0.0,131.36363636363637,220,12,19
10,rank_from_max,13.0,38.90547263681592,0.0,-117.41293532338308,201,11,19
10,rank_from_max,14.0,38.826388888888886,0.0,325.0,144,8,19
10,rank_from_max,15.0,38.784,0.0,-25.6,125,7,19
10,rank_from_max,16.0,38.72641509433962,0.0,474.52830188679246,106,6,19
10,rank_from_max,17.0,38.72641509433962,0.0,397.1698113207547,106,6,19
10,rank_from_max,18.0,39.10526315789474,0.0,-412.280701754386,57,3,19
10,rank_from_max,19.0,39.10526315789474,0.0,249.12280701754386,57,3,19
10,rank_from_max,2.0,39.10526315789474,0.0,131.2280701754386,570,31,19
10,rank_from_max,20.0,39.10526315789474,0.0,10.526315789473685,57,3,19
10,rank_from_max,3.0,39.10526315789474,0.0,14.736842105263158,570,31,19
10,rank_from_max,4.0,39.10526315789474,0.0,49.364791288566245,551,30,19
10,rank_from_max,5.0,39.10526315789474,0.0,242.71255060728745,494,27,19
10,rank_from_max,6.0,39.10526315789474,0.0,193.05263157894737,475,26,19
10,rank_from_max,7.0,39.10526315789474,0.0,84.84210526315789,475,26,19
10,rank_from_max,8.0,39.10526315789474,0.0,227.57894736842104,475,26,19
10,rank_from_max,9.0,39.10526315789474,0.0,40.421052631578945,475,26,19
10,rank_from_min,1.0,39.10526315789474,0.0,71.57894736842105,570,31,19
10,rank_from_min,10.0,39.10526315789474,0.0,119.57894736842105,475,26,19
10,rank_from_min,11.0,39.00255754475703,0.0,-9.718670076726342,391,21,19
10,rank_from_min,12.0,38.92272727272727,0.0,-48.18181818181818,220,12,19
10,rank_from_min,13.0,38.90547263681592,0.0,289.0547263681592,201,11,19
10,rank_from_min,14.0,38.826388888888886,0.0,-9.027777777777779,144,8,19
10,rank_from_min,15.0,38.784,0.0,-307.2,125,7,19
10,rank_from_min,16.0,38.72641509433962,0.0,173.58490566037736,106,6,19
10,rank_from_min,17.0,38.72641509433962,0.0,-330.188679245283,106,6,19
10,rank_from_min,18.0,39.10526315789474,0.0,424.56140350877195,57,3,19
10,rank_from_min,19.0,39.10526315789474,0.0,-42.10526315789474,57,3,19
10,rank_from_min,2.0,39.10526315789474,0.0,192.28070175438597,570,31,19
10,rank_from_min,20.0,39.10526315789474,0.0,440.35087719298247,57,3,19
10,rank_from_min,3.0,39.10526315789474,0.0,-99.64912280701755,570,31,19
10,rank_from_min,4.0,39.10526315789474,0.0,220.32667876588022,551,30,19
10,rank_from_min,5.0,39.10526315789474,0.0,51.417004048582996,494,27,19
10,rank_from_min,6.0,39.10526315789474,0.0,387.1578947368421,475,26,19
10,rank_from_min,7.0,39.10526315789474,0.0,205.26315789473685,475,26,19
10,rank_from_min,8.0,39.10526315789474,0.0,40.21052631578947,475,26,19
10,rank_from_min,9.0,39.10526315789474,0.0,175.1578947368421,475,26,19
10,section,1631-1633,39.10526315789474,0.0,-163.1578947368421,57,3,19
10,section,2001-2020,39.10526315789474,0.0,-36.8421052631579,380,20,19
10,section,2021-2031,39.10526315789474,0.0,-275.11961722488036,209,11,19
10,section,2032-2042,39.10526315789474,0.0,22.966507177033492,209,11,19
10,section,2043-2059,39.10526315789474,0.0,351.702786377709,323,17,19
10,section,2060-2076,39.10526315789474,0.0,339.6284829721362,323,17,19
10,section,2077-2087,39.10526315789474,0.0,895.6937799043062,209,11,19
10,section,2088-2098,39.10526315789474,0.0,666.9856459330143,209,11,19
10,section,2099-2109,39.10526315789474,0.0,301.4354066985646,209,11,19
10,section,2110-2120,39.10526315789474,0.0,544.976076555024,209,11,19
10,section,2121-2131,39.10526315789474,0.0,-98.08612440191388,209,11,19
10,section,2132-2142,39.10526315789474,0.0,160.28708133971293,209,11,19
10,section,2143-2146,39.10526315789474,0.0,-223.68421052631578,76,4,19
10,section,2147-2150,39.10526315789474,0.0,-88.15789473684211,76,4,19
10,section,2151-2161,39.10526315789474,0.0,86.60287081339713,209,11,19
10,section,2162-2166,39.10526315789474,0.0,-305.2631578947368,95,5,19
10,section,2167-2176,39.10526315789474,0.0,144.21052631578948,190,10,19
10,section,2177-2186,39.10526315789474,0.0,-61.05263157894737,190,10,19
10,section,2187-2190,39.10526315789474,0.0,-64.47368421052632,76,4,19
10,section,2191-2202,39.10526315789474,0.0,65.35087719298245,228,12,19
10,section,2203-2212,39.10526315789474,0.0,286.8421052631579,190,10,19
10,section,2213-2222,39.10526315789474,0.0,189.47368421052633,190,10,19
10,section,2223-2235,39.10526315789474,0.0,-41.29554655870445,247,13,19
10,section,2236-2255,39.10526315789474,0.0,108.15789473684211,380,20,19
10,section,2256-2268,39.10526315789474,0.0,204.8582995951417,247,13,19
10,section,2269-2281,39.10526315789474,0.0,-309.7165991902834,247,13,19
10,section,2282-2301,39.10526315789474,0.0,-23.94736842105263,380,20,19
10,section,2302-2316,39.10526315789474,0.0,-61.05263157894737,285,15,19
10,section,2317-2330,39.10526315789474,0.0,54.88721804511278,266,14,19
10,section,2331-2340,44.125,0.0,-220.0,80,10,8
10,section,2399-2415,35.45454545454545,0.0,-31.016042780748663,187,17,11
11,machine_tail,0,42.41509433962264,0.0,224.2380261248186,689,40,19
11,machine_tail,1,42.41340782122905,0.0,493.5754189944134,716,42,19
11,machine_tail,2,42.41525423728814,0.0,82.62711864406779,708,41,19
11,machine_tail,3,42.41525423728814,0.0,359.180790960452,708,41,19
11,machine_tail,4,42.41509433962264,0.0,317.41654571843253,689,40,19
11,machine_tail,5,42.41509433962264,0.0,227.72133526850507,689,40,19
11,machine_tail,6,42.41297935103245,0.0,157.9646017699115,678,39,19
11,machine_tail,7,42.41297935103245,0.0,34.21828908554572,678,39,19
11,machine_tail,8,42.41297935103245,0.0,232.7433628318584,678,39,19
11,machine_tail,9,42.41509433962264,0.0,97.09724238026125,689,40,19
11,machine_type,その他,42.37873754152824,0.0,202.7764594209777,4214,293,19
11,machine_type,ジャグラー,42.40585562847047,0.0,110.4997476022211,1981,123,19
11,machine_type,ハナハナ,42.44444444444444,0.0,263.6752136752137,234,20,19
11,machine_type,化物語,42.2,0.0,-243.33333333333334,30,11,8
11,machine_type,北斗,42.77321814254859,0.0,914.6868250539957,463,30,19
11,rank_from_max,1.0,42.421052631578945,0.0,22.280701754385966,570,31,19
11,rank_from_max,10.0,42.421052631578945,0.0,337.05263157894734,475,26,19
11,rank_from_max,11.0,42.42455242966752,0.0,296.9309462915601,391,21,19
11,rank_from_max,12.0,42.42727272727273,0.0,180.0,220,12,19
11,rank_from_max,13.0,42.42786069651741,0.0,265.67164179104475,201,11,19
11,rank_from_max,14.0,42.43055555555556,0.0,-234.72222222222223,144,8,19
11,rank_from_max,15.0,42.432,0.0,358.4,125,7,19
11,rank_from_max,16.0,42.43396226415094,0.0,562.2641509433962,106,6,19
11,rank_from_max,17.0,42.43396226415094,0.0,682.0754716981132,106,6,19
11,rank_from_max,18.0,42.421052631578945,0.0,250.87719298245614,57,3,19
11,rank_from_max,19.0,42.421052631578945,0.0,340.35087719298247,57,3,19
11,rank_from_max,2.0,42.421052631578945,0.0,162.4561403508772,570,31,19
11,rank_from_max,20.0,42.421052631578945,0.0,254.3859649122807,57,3,19
11,rank_from_max,3.0,42.421052631578945,0.0,249.82456140350877,570,31,19
11,rank_from_max,4.0,42.421052631578945,0.0,211.6152450090744,551,30,19
11,rank_from_max,5.0,42.421052631578945,0.0,368.42105263157896,494,27,19
11,rank_from_max,6.0,42.421052631578945,0.0,171.78947368421052,475,26,19
11,rank_from_max,7.0,42.421052631578945,0.0,225.68421052631578,475,26,19
11,rank_from_max,8.0,42.421052631578945,0.0,169.26315789473685,475,26,19
11,rank_from_max,9.0,42.421052631578945,0.0,240.42105263157896,475,26,19
11,rank_from_min,1.0,42.421052631578945,0.0,274.7368421052632,570,31,19
11,rank_from_min,10.0,42.421052631578945,0.0,120.42105263157895,475,26,19
11,rank_from_min,11.0,42.42455242966752,0.0,409.9744245524297,391,21,19
11,rank_from_min,12.0,42.42727272727273,0.0,184.0909090909091,220,12,19
11,rank_from_min,13.0,42.42786069651741,0.0,112.93532338308458,201,11,19
11,rank_from_min,14.0,42.43055555555556,0.0,143.05555555555554,144,8,19
11,rank_from_min,15.0,42.432,0.0,-10.4,125,7,19
11,rank_from_min,16.0,42.43396226415094,0.0,265.0943396226415,106,6,19
11,rank_from_min,17.0,42.43396226415094,0.0,-71.69811320754717,106,6,19
11,rank_from_min,18.0,42.421052631578945,0.0,368.42105263157896,57,3,19
11,rank_from_min,19.0,42.421052631578945,0.0,405.2631578947368,57,3,19
11,rank_from_min,2.0,42.421052631578945,0.0,259.12280701754383,570,31,19
11,rank_from_min,20.0,42.421052631578945,0.0,782.4561403508771,57,3,19
11,rank_from_min,3.0,42.421052631578945,0.0,252.98245614035088,570,31,19
11,rank_from_min,4.0,42.421052631578945,0.0,2.722323049001815,551,30,19
11,rank_from_min,5.0,42.421052631578945,0.0,252.0242914979757,494,27,19
11,rank_from_min,6.0,42.421052631578945,0.0,245.05263157894737,475,26,19
11,rank_from_min,7.0,42.421052631578945,0.0,159.57894736842104,475,26,19
11,rank_from_min,8.0,42.421052631578945,0.0,386.3157894736842,475,26,19
11,rank_from_min,9.0,42.421052631578945,0.0,274.94736842105266,475,26,19
11,section,1631-1633,42.421052631578945,0.0,296.49122807017545,57,3,19
11,section,2001-2020,42.421052631578945,0.0,515.2631578947369,380,20,19
11,section,2021-2031,42.421052631578945,0.0,454.066985645933,209,11,19
11,section,2032-2042,42.421052631578945,0.0,515.311004784689,209,11,19
11,section,2043-2059,42.421052631578945,0.0,222.91021671826624,323,17,19
11,section,2060-2076,42.421052631578945,0.0,732.1981424148606,323,17,19
11,section,2077-2087,42.421052631578945,0.0,306.2200956937799,209,11,19
11,section,2088-2098,42.421052631578945,0.0,174.64114832535884,209,11,19
11,section,2099-2109,42.421052631578945,0.0,776.555023923445,209,11,19
11,section,2110-2120,42.421052631578945,0.0,-412.91866028708137,209,11,19
11,section,2121-2131,42.421052631578945,0.0,392.3444976076555,209,11,19
11,section,2132-2142,42.421052631578945,0.0,202.87081339712918,209,11,19
11,section,2143-2146,42.421052631578945,0.0,42.10526315789474,76,4,19
11,section,2147-2150,42.421052631578945,0.0,34.21052631578947,76,4,19
11,section,2151-2161,42.421052631578945,0.0,175.1196172248804,209,11,19
11,section,2162-2166,42.421052631578945,0.0,18.94736842105263,95,5,19
11,section,2167-2176,42.421052631578945,0.0,295.2631578947368,190,10,19
11,section,2177-2186,42.421052631578945,0.0,103.15789473684211,190,10,19
11,section,2187-2190,42.421052631578945,0.0,-48.68421052631579,76,4,19
11,section,2191-2202,42.421052631578945,0.0,-4.824561403508772,228,12,19
11,section,2203-2212,42.421052631578945,0.0,73.6842105263158,190,10,19
11,section,2213-2222,42.421052631578945,0.0,433.1578947368421,190,10,19
11,section,2223-2235,42.421052631578945,0.0,-29.149797570850204,247,13,19
11,section,2236-2255,42.421052631578945,0.0,235.78947368421052,380,20,19
11,section,2256-2268,42.421052631578945,0.0,-35.62753036437247,247,13,19
11,section,2269-2281,42.421052631578945,0.0,-88.66396761133603,247,13,19
11,section,2282-2301,42.421052631578945,0.0,48.94736842105263,380,20,19
11,section,2302-2316,42.421052631578945,0.0,234.73684210526315,285,15,19
11,section,2317-2330,42.421052631578945,0.0,130.45112781954887,266,14,19
11,section,2331-2340,42.25,0.0,-243.75,80,10,8
11,section,2399-2415,42.54545454545455,0.0,542.7807486631016,187,17,11
12,machine_tail,0,34.47172859450727,0.0,-100.96930533117933,619,40,17
12,machine_tail,1,34.47204968944099,0.0,-169.09937888198758,644,42,17
12,machine_tail,2,34.471698113207545,0.0,-192.45283018867926,636,41,17
12,machine_tail,3,34.471698113207545,0.0,-15.723270440251572,636,41,17
12,machine_tail,4,34.47172859450727,0.0,-77.38287560581583,619,40,17
12,machine_tail,5,34.47172859450727,0.0,-140.06462035541196,619,40,17
12,machine_tail,6,34.472131147540985,0.0,-97.54098360655738,610,39,17
12,machine_tail,7,34.472131147540985,0.0,-135.40983606557376,610,39,17
12,machine_tail,8,34.472131147540985,0.0,-24.59016393442623,610,39,17
12,machine_tail,9,34.47172859450727,0.0,59.45072697899838,619,40,17
12,machine_type,その他,34.45946659625033,0.0,-121.86427251122261,3787,293,17
12,machine_type,ジャグラー,34.47347850362926,0.0,8.76605248464545,1791,123,17
12,machine_type,ハナハナ,34.46601941747573,0.0,52.9126213592233,206,20,17
12,machine_type,化物語,35.13636363636363,0.0,204.54545454545453,22,11,6
12,machine_type,北斗,34.54567307692308,0.0,-308.41346153846155,416,30,17
12,rank_from_max,1.0,34.470588235294116,0.0,-250.7843137254902,510,31,17
12,rank_from_max,10.0,34.470588235294116,0.0,-49.1764705882353,425,26,17
12,rank_from_max,11.0,34.46991404011462,0.0,-121.48997134670488,349,21,17
12,rank_from_max,12.0,34.46938775510204,0.0,-372.44897959183675,196,12,17
12,rank_from_max,13.0,34.46927374301676,0.0,37.43016759776536,179,11,17
12,rank_from_max,14.0,34.46875,0.0,-91.40625,128,8,17
12,rank_from_max,15.0,34.468468468468465,0.0,-83.78378378378379,111,7,17
12,rank_from_max,16.0,34.46808510638298,0.0,-208.51063829787233,94,6,17
12,rank_from_max,17.0,34.46808510638298,0.0,55.319148936170215,94,6,17
12,rank_from_max,18.0,34.470588235294116,0.0,376.47058823529414,51,3,17
12,rank_from_max,19.0,34.470588235294116,0.0,-490.19607843137254,51,3,17
12,rank_from_max,2.0,34.470588235294116,0.0,-135.09803921568627,510,31,17
12,rank_from_max,20.0,34.470588235294116,0.0,-139.2156862745098,51,3,17
12,rank_from_max,3.0,34.470588235294116,0.0,75.49019607843137,510,31,17
12,rank_from_max,4.0,34.470588235294116,0.0,-13.387423935091277,493,30,17
12,rank_from_max,5.0,34.470588235294116,0.0,-156.5610859728507,442,27,17
12,rank_from_max,6.0,34.470588235294116,0.0,-136.47058823529412,425,26,17
12,rank_from_max,7.0,34.470588235294116,0.0,-100.23529411764706,425,26,17
12,rank_from_max,8.0,34.470588235294116,0.0,54.588235294117645,425,26,17
12,rank_from_max,9.0,34.470588235294116,0.0,-215.2941176470588,425,26,17
12,rank_from_min,1.0,34.470588235294116,0.0,-238.8235294117647,510,31,17
12,rank_from_min,10.0,34.470588235294116,0.0,-35.76470588235294,425,26,17
12,rank_from_min,11.0,34.46991404011462,0.0,-32.9512893982808,349,21,17
12,rank_from_min,12.0,34.46938775510204,0.0,-256.6326530612245,196,12,17
12,rank_from_min,13.0,34.46927374301676,0.0,62.56983240223464,179,11,17
12,rank_from_min,14.0,34.46875,0.0,36.71875,128,8,17
12,rank_from_min,15.0,34.468468468468465,0.0,455.85585585585585,111,7,17
12,rank_from_min,16.0,34.46808510638298,0.0,-136.17021276595744,94,6,17
12,rank_from_min,17.0,34.46808510638298,0.0,-164.89361702127658,94,6,17
12,rank_from_min,18.0,34.470588235294116,0.0,-92.15686274509804,51,3,17
12,rank_from_min,19.0,34.470588235294116,0.0,-558.8235294117648,51,3,17
12,rank_from_min,2.0,34.470588235294116,0.0,-180.7843137254902,510,31,17
12,rank_from_min,20.0,34.470588235294116,0.0,70.58823529411765,51,3,17
12,rank_from_min,3.0,34.470588235294116,0.0,-84.70588235294117,510,31,17
12,rank_from_min,4.0,34.470588235294116,0.0,-59.22920892494929,493,30,17
12,rank_from_min,5.0,34.470588235294116,0.0,-137.33031674208144,442,27,17
12,rank_from_min,6.0,34.470588235294116,0.0,-48.0,425,26,17
12,rank_from_min,7.0,34.470588235294116,0.0,-186.11764705882354,425,26,17
12,rank_from_min,8.0,34.470588235294116,0.0,-102.82352941176471,425,26,17
12,rank_from_min,9.0,34.470588235294116,0.0,-52.23529411764706,425,26,17
12,section,1631-1633,34.470588235294116,0.0,154.90196078431373,51,3,17
12,section,2001-2020,34.470588235294116,0.0,-71.76470588235294,340,20,17
12,section,2021-2031,34.470588235294116,0.0,-69.5187165775401,187,11,17
12,section,2032-2042,34.470588235294116,0.0,-31.016042780748663,187,11,17
12,section,2043-2059,34.470588235294116,0.0,115.91695501730104,289,17,17
12,section,2060-2076,34.470588235294116,0.0,-254.32525951557093,289,17,17
12,section,2077-2087,34.470588235294116,0.0,-166.3101604278075,187,11,17
12,section,2088-2098,34.470588235294116,0.0,-368.44919786096256,187,11,17
12,section,2099-2109,34.470588235294116,0.0,-185.5614973262032,187,11,17
12,section,2110-2120,34.470588235294116,0.0,-388.2352941176471,187,11,17
12,section,2121-2131,34.470588235294116,0.0,-189.83957219251337,187,11,17
12,section,2132-2142,34.470588235294116,0.0,112.29946524064171,187,11,17
12,section,2143-2146,34.470588235294116,0.0,-273.52941176470586,68,4,17
12,section,2147-2150,34.470588235294116,0.0,-16.176470588235293,68,4,17
12,section,2151-2161,34.470588235294116,0.0,-68.44919786096257,187,11,17
12,section,2162-2166,34.470588235294116,0.0,-368.2352941176471,85,5,17
12,section,2167-2176,34.470588235294116,0.0,-14.117647058823529,170,10,17
12,section,2177-2186,34.470588235294116,0.0,145.88235294117646,170,10,17
12,section,2187-2190,34.470588235294116,0.0,2.9411764705882355,68,4,17
12,section,2191-2202,34.470588235294116,0.0,51.470588235294116,204,12,17
12,section,2203-2212,34.470588235294116,0.0,-248.23529411764707,170,10,17
12,section,2213-2222,34.470588235294116,0.0,-667.6470588235294,170,10,17
12,section,2223-2235,34.470588235294116,0.0,-61.53846153846154,221,13,17
12,section,2236-2255,34.470588235294116,0.0,55.88235294117647,340,20,17
12,section,2256-2268,34.470588235294116,0.0,-185.06787330316743,221,13,17
12,section,2269-2281,34.470588235294116,0.0,-391.4027149321267,221,13,17
12,section,2282-2301,34.470588235294116,0.0,33.8235294117647,340,20,17
12,section,2302-2316,34.470588235294116,0.0,-17.647058823529413,255,15,17
12,section,2317-2330,34.470588235294116,0.0,34.03361344537815,238,14,17
12,section,2331-2340,34.5,0.0,208.75,80,10,8
12,section,2399-2415,34.44444444444444,0.0,-47.05882352941177,153,17,9
13,machine_tail,0,38.36850152905199,0.0,-81.65137614678899,654,40,18
13,machine_tail,1,38.39411764705882,0.0,86.47058823529412,680,42,18
13,machine_tail,2,38.36607142857143,0.0,-20.386904761904763,672,41,18
13,machine_tail,3,38.36607142857143,0.0,153.125,672,41,18
13,machine_tail,4,38.36850152905199,0.0,120.48929663608563,654,40,18
13,machine_tail,5,38.36850152905199,0.0,164.83180428134557,654,40,18
13,machine_tail,6,38.400621118012424,0.0,88.9751552795031,644,39,18
13,machine_tail,7,38.400621118012424,0.0,27.48447204968944,644,39,18
13,machine_tail,8,38.400621118012424,0.0,45.65217391304348,644,39,18
13,machine_tail,9,38.36850152905199,0.0,41.74311926605505,654,40,18
13,machine_type,その他,38.38813813813814,0.0,36.011011011011014,3996,293,18
13,machine_type,ジャグラー,38.5084835630965,0.0,122.32237539766702,1886,123,18
13,machine_type,ハナハナ,37.91818181818182,0.0,-65.0,220,20,18
13,machine_type,化物語,35.19230769230769,0.0,-261.53846153846155,26,11,7
13,machine_type,北斗,38.177927927927925,0.0,133.78378378378378,444,30,18
13,rank_from_max,1.0,38.27777777777778,0.0,-156.66666666666666,540,31,18
13,rank_from_max,10.0,38.27777777777778,0.0,67.55555555555556,450,26,18
13,rank_from_max,11.0,38.22432432432432,0.0,-38.91891891891892,370,21,18
13,rank_from_max,12.0,38.18269230769231,0.0,229.32692307692307,208,12,18
13,rank_from_max,13.0,38.17368421052632,0.0,126.84210526315789,190,11,18
13,rank_from_max,14.0,38.13235294117647,0.0,47.05882352941177,136,8,18
13,rank_from_max,15.0,38.110169491525426,0.0,17.796610169491526,118,7,18
13,rank_from_max,16.0,38.08,0.0,14.0,100,6,18
13,rank_from_max,17.0,38.08,0.0,88.0,100,6,18
13,rank_from_max,18.0,38.27777777777778,0.0,42.592592592592595,54,3,18
13,rank_from_max,19.0,38.27777777777778,0.0,46.2962962962963,54,3,18
13,rank_from_max,2.0,38.27777777777778,0.0,76.29629629629629,540,31,18
13,rank_from_max,20.0,38.27777777777778,0.0,68.51851851851852,54,3,18
13,rank_from_max,3.0,38.27777777777778,0.0,-33.333333333333336,540,31,18
13,rank_from_max,4.0,38.27777777777778,0.0,206.51340996168582,522,30,18
13,rank_from_max,5.0,38.27777777777778,0.0,-125.0,468,27,18
13,rank_from_max,6.0,38.27777777777778,0.0,114.88888888888889,450,26,18
13,rank_from_max,7.0,38.27777777777778,0.0,155.33333333333334,450,26,18
13,rank_from_max,8.0,38.27777777777778,0.0,-144.88888888888889,450,26,18
13,rank_from_max,9.0,38.27777777777778,0.0,204.0,450,26,18
13,rank_from_min,1.0,38.27777777777778,0.0,16.85185185185185,540,31,18
13,rank_from_min,10.0,38.27777777777778,0.0,68.66666666666667,450,26,18
13,rank_from_min,11.0,38.22432432432432,0.0,-27.83783783783784,370,21,18
13,rank_from_min,12.0,38.18269230769231,0.0,275.96153846153845,208,12,18
13,rank_from_min,13.0,38.17368421052632,0.0,-40.526315789473685,190,11,18
13,rank_from_min,14.0,38.13235294117647,0.0,399.2647058823529,136,8,18
13,rank_from_min,15.0,38.110169491525426,0.0,152.54237288135593,118,7,18
13,rank_from_min,16.0,38.08,0.0,391.0,100,6,18
13,rank_from_min,17.0,38.08,0.0,107.0,100,6,18
13,rank_from_min,18.0,38.27777777777778,0.0,192.59259259259258,54,3,18
13,rank_from_min,19.0,38.27777777777778,0.0,-111.11111111111111,54,3,18
13,rank_from_min,2.0,38.27777777777778,0.0,94.81481481481481,540,31,18
13,rank_from_min,20.0,38.27777777777778,0.0,-203.7037037037037,54,3,18
13,rank_from_min,3.0,38.27777777777778,0.0,5.37037037037037,540,31,18
13,rank_from_min,4.0,38.27777777777778,0.0,-32.95019157088122,522,30,18
13,rank_from_min,5.0,38.27777777777778,0.0,22.00854700854701,468,27,18
13,rank_from_min,6.0,38.27777777777778,0.0,-21.333333333333332,450,26,18
13,rank_from_min,7.0,38.27777777777778,0.0,48.22222222222222,450,26,18
13,rank_from_min,8.0,38.27777777777778,0.0,-43.77777777777778,450,26,18
13,rank_from_min,9.0,38.27777777777778,0.0,36.888888888888886,450,26,18
13,section,1631-1633,38.27777777777778,0.0,279.6296296296296,54,3,18
13,section,2001-2020,38.27777777777778,0.0,116.94444444444444,360,20,18
13,section,2021-2031,38.27777777777778,0.0,115.65656565656566,198,11,18
13,section,2032-2042,38.27777777777778,0.0,-209.59595959595958,198,11,18
13,section,2043-2059,38.27777777777778,0.0,2.6143790849673203,306,17,18
13,section,2060-2076,38.27777777777778,0.0,130.718954248366,306,17,18
13,section,2077-2087,38.27777777777778,0.0,124.24242424242425,198,11,18
13,section,2088-2098,38.27777777777778,0.0,-72.22222222222223,198,11,18
13,section,2099-2109,38.27777777777778,0.0,110.1010101010101,198,11,18
13,section,2110-2120,38.27777777777778,0.0,-203.03030303030303,198,11,18
13,section,2121-2131,38.27777777777778,0.0,-58.58585858585859,198,11,18
13,section,2132-2142,38.27777777777778,0.0,82.32323232323232,198,11,18
13,section,2143-2146,38.27777777777778,0.0,530.5555555555555,72,4,18
13,section,2147-2150,38.27777777777778,0.0,144.44444444444446,72,4,18
13,section,2151-2161,38.27777777777778,0.0,89.8989898989899,198,11,18
13,section,2162-2166,38.27777777777778,0.0,-495.55555555555554,90,5,18
13,section,2167-2176,38.27777777777778,0.0,72.77777777777777,180,10,18
13,section,2177-2186,38.27777777777778,0.0,45.0,180,10,18
13,section,2187-2190,38.27777777777778,0.0,-93.05555555555556,72,4,18
13,section,2191-2202,38.27777777777778,0.0,66.20370370370371,216,12,18
13,section,2203-2212,38.27777777777778,0.0,103.33333333333333,180,10,18
13,section,2213-2222,38.27777777777778,0.0,-895.5555555555555,180,10,18
13,section,2223-2235,38.27777777777778,0.0,315.38461538461536,234,13,18
13,section,2236-2255,38.27777777777778,0.0,302.77777777777777,360,20,18
13,section,2256-2268,38.27777777777778,0.0,-92.3076923076923,234,13,18
13,section,2269-2281,38.27777777777778,0.0,-38.034188034188034,234,13,18
13,section,2282-2301,38.27777777777778,0.0,64.44444444444444,360,20,18
13,section,2302-2316,38.27777777777778,0.0,-46.666666666666664,270,15,18
13,section,2317-2330,38.27777777777778,0.0,215.47619047619048,252,14,18
13,section,2331-2340,40.75,0.0,-42.5,80,10,8
13,section,2399-2415,36.3,0.0,313.52941176470586,170,17,10
14,machine_tail,0,36.15137614678899,0.0,7.951070336391437,654,40,18
14,machine_tail,1,36.14705882352941,0.0,-184.55882352941177,680,42,18
14,machine_tail,2,36.151785714285715,0.0,188.6904761904762,672,41,18
14,machine_tail,3,36.151785714285715,0.0,49.851190476190474,672,41,18
14,machine_tail,4,36.15137614678899,0.0,-70.33639143730886,654,40,18
14,machine_tail,5,36.15137614678899,0.0,63.149847094801224,654,40,18
14,machine_tail,6,36.14596273291925,0.0,-65.21739130434783,644,39,18
14,machine_tail,7,36.14596273291925,0.0,95.3416149068323,644,39,18
14,machine_tail,8,36.14596273291925,0.0,100.62111801242236,644,39,18
14,machine_tail,9,36.15137614678899,0.0,51.98776758409786,654,40,18
14,machine_type,その他,36.165665665665664,0.0,32.732732732732735,3996,293,18
14,machine_type,ジャグラー,36.12778366914104,0.0,39.66065747613998,1886,123,18
14,machine_type,ハナハナ,36.22727272727273,0.0,-33.63636363636363,220,20,18
14,machine_type,化物語,37.07692307692308,0.0,-250.0,26,11,7
14,machine_type,北斗,36.002252252252255,0.0,-86.03603603603604,444,30,18
14,rank_from_max,1.0,36.166666666666664,0.0,-167.59259259259258,540,31,18
14,rank_from_max,10.0,36.166666666666664,0.0,44.888888888888886,450,26,18
14,rank_from_max,11.0,36.17567567567568,0.0,-104.5945945945946,370,21,18
14,rank_from_max,12.0,36.18269230769231,0.0,124.03846153846153,208,12,18
14,rank_from_max,13.0,36.18421052631579,0.0,57.89473684210526,190,11,18
14,rank_from_max,14.0,36.19117647058823,0.0,-119.11764705882354,136,8,18
14,rank_from_max,15.0,36.19491525423729,0.0,127.96610169491525,118,7,18
14,rank_from_max,16.0,36.2,0.0,-277.0,100,6,18
14,rank_from_max,17.0,36.2,0.0,59.0,100,6,18
14,rank_from_max,18.0,36.166666666666664,0.0,118.51851851851852,54,3,18
14,rank_from_max,19.0,36.166666666666664,0.0,453.7037037037037,54,3,18
14,rank_from_max,2.0,36.166666666666664,0.0,12.222222222222221,540,31,18
14,rank_from_max,20.0,36.166666666666664,0.0,-300.0,54,3,18
14,rank_from_max,3.0,36.166666666666664,0.0,-4.814814814814815,540,31,18
14,rank_from_max,4.0,36.166666666666664,0.0,313.6015325670498,522,30,18
14,rank_from_max,5.0,36.166666666666664,0.0,237.17948717948718,468,27,18
14,rank_from_max,6.0,36.166666666666664,0.0,-28.88888888888889,450,26,18
14,rank_from_max,7.0,36.166666666666664,0.0,128.88888888888889,450,26,18
14,rank_from_max,8.0,36.166666666666664,0.0,88.88888888888889,450,26,18
14,rank_from_max,9.0,36.166666666666664,0.0,5.111111111111111,450,26,18
14,rank_from_min,1.0,36.166666666666664,0.0,-30.37037037037037,540,31,18
14,rank_from_min,10.0,36.166666666666664,0.0,10.444444444444445,450,26,18
14,rank_from_min,11.0,36.17567567567568,0.0,216.48648648648648,370,21,18
14,rank_from_min,12.0,36.18269230769231,0.0,-146.15384615384616,208,12,18
14,rank_from_min,13.0,36.18421052631579,0.0,22.63157894736842,190,11,18
14,rank_from_min,14.0,36.19117647058823,0.0,144.85294117647058,136,8,18
14,rank_from_min,15.0,36.19491525423729,0.0,-23.728813559322035,118,7,18
14,rank_from_min,16.0,36.2,0.0,242.0,100,6,18
14,rank_from_min,17.0,36.2,0.0,-303.0,100,6,18
14,rank_from_min,18.0,36.166666666666664,0.0,-527.7777777777778,54,3,18
14,rank_from_min,19.0,36.166666666666664,0.0,-14.814814814814815,54,3,18
14,rank_from_min,2.0,36.166666666666664,0.0,118.70370370370371,540,31,18
14,rank_from_min,20.0,36.166666666666664,0.0,153.7037037037037,54,3,18
14,rank_from_min,3.0,36.166666666666664,0.0,131.4814814814815,540,31,18
14,rank_from_min,4.0,36.166666666666664,0.0,-66.66666666666667,522,30,18
14,rank_from_min,5.0,36.166666666666664,0.0,-6.196581196581197,468,27,18
14,rank_from_min,6.0,36.166666666666664,0.0,66.88888888888889,450,26,18
14,rank_from_min,7.0,36.166666666666664,0.0,142.66666666666666,450,26,18
14,rank_from_min,8.0,36.166666666666664,0.0,74.0,450,26,18
14,rank_from_min,9.0,36.166666666666664,0.0,63.333333333333336,450,26,18
14,section,1631-1633,36.166666666666664,0.0,-38.888888888888886,54,3,18
14,section,2001-2020,36.166666666666664,0.0,67.22222222222223,360,20,18
14,section,2021-2031,36.166666666666664,0.0,202.5252525252525,198,11,18
14,section,2032-2042,36.166666666666664,0.0,473.2323232323232,198,11,18
14,section,2043-2059,36.166666666666664,0.0,-99.34640522875817,306,17,18
14,section,2060-2076,36.166666666666664,0.0,-164.05228758169935,306,17,18
14,section,2077-2087,36.166666666666664,0.0,-21.717171717171716,198,11,18
14,section,2088-2098,36.166666666666664,0.0,106.06060606060606,198,11,18
14,section,2099-2109,36.166666666666664,0.0,90.4040404040404,198,11,18
14,section,2110-2120,36.166666666666664,0.0,435.35353535353534,198,11,18
14,section,2121-2131,36.166666666666664,0.0,107.57575757575758,198,11,18
14,section,2132-2142,36.166666666666664,0.0,2.0202020202020203,198,11,18
14,section,2143-2146,36.166666666666664,0.0,319.44444444444446,72,4,18
14,section,2147-2150,36.166666666666664,0.0,129.16666666666666,72,4,18
14,section,2151-2161,36.166666666666664,0.0,-22.727272727272727,198,11,18
14,section,2162-2166,36.166666666666664,0.0,-242.22222222222223,90,5,18
14,section,2167-2176,36.166666666666664,0.0,370.0,180,10,18
14,section,2177-2186,36.166666666666664,0.0,182.22222222222223,180,10,18
14,section,2187-2190,36.166666666666664,0.0,-158.33333333333334,72,4,18
14,section,2191-2202,36.166666666666664,0.0,211.57407407407408,216,12,18
14,section,2203-2212,36.166666666666664,0.0,-109.44444444444444,180,10,18
14,section,2213-2222,36.166666666666664,0.0,-368.3333333333333,180,10,18
14,section,2223-2235,36.166666666666664,0.0,-41.452991452991455,234,13,18
14,section,2236-2255,36.166666666666664,0.0,8.333333333333334,360,20,18
14,section,2256-2268,36.166666666666664,0.0,-20.085470085470085,234,13,18
14,section,2269-2281,36.166666666666664,0.0,-14.102564102564102,234,13,18
14,section,2282-2301,36.166666666666664,0.0,28.055555555555557,360,20,18
14,section,2302-2316,36.166666666666664,0.0,49.25925925925926,270,15,18
14,section,2317-2330,36.166666666666664,0.0,157.53968253968253,252,14,18
14,section,2331-2340,35.75,0.0,-676.25,80,10,8
14,section,2399-2415,36.5,0.0,116.47058823529412,170,17,10
15,machine_tail,0,36.813455657492355,0.0,-33.944954128440365,654,40,18
15,machine_tail,1,36.8235294117647,0.0,47.94117647058823,680,42,18
15,machine_tail,2,36.8125,0.0,129.46428571428572,672,41,18
15,machine_tail,3,36.8125,0.0,122.91666666666667,672,41,18
15,machine_tail,4,36.813455657492355,0.0,7.339449541284404,654,40,18
15,machine_tail,5,36.813455657492355,0.0,46.330275229357795,654,40,18
15,machine_tail,6,36.82608695652174,0.0,-18.47826086956522,644,39,18
15,machine_tail,7,36.82608695652174,0.0,163.66459627329192,644,39,18
15,machine_tail,8,36.82608695652174,0.0,-168.32298136645963,644,39,18
15,machine_tail,9,36.813455657492355,0.0,30.275229357798164,654,40,18
15,machine_type,その他,36.83983983983984,0.0,13.513513513513514,3996,293,18
15,machine_type,ジャグラー,36.86850477200424,0.0,59.49098621420997,1886,123,18
15,machine_type,ハナハナ,36.63636363636363,0.0,226.8181818181818,220,20,18
15,machine_type,化物語,34.07692307692308,0.0,-480.7692307692308,26,11,7
15,machine_type,北斗,36.65765765765766,0.0,36.93693693693694,444,30,18
15,rank_from_max,1.0,36.77777777777778,0.0,5.555555555555555,540,31,18
15,rank_from_max,10.0,36.77777777777778,0.0,20.666666666666668,450,26,18
15,rank_from_max,11.0,36.75675675675676,0.0,-29.18918918918919,370,21,18
15,rank_from_max,12.0,36.74038461538461,0.0,-35.09615384615385,208,12,18
15,rank_from_max,13.0,36.73684210526316,0.0,46.8421052631579,190,11,18
15,rank_from_max,14.0,36.720588235294116,0.0,180.14705882352942,136,8,18
15,rank_from_max,15.0,36.71186440677966,0.0,-74.57627118644068,118,7,18
15,rank_from_max,16.0,36.7,0.0,-244.0,100,6,18
15,rank_from_max,17.0,36.7,0.0,-237.0,100,6,18
15,rank_from_max,18.0,36.77777777777778,0.0,435.18518518518516,54,3,18
15,rank_from_max,19.0,36.77777777777778,0.0,122.22222222222223,54,3,18
15,rank_from_max,2.0,36.77777777777778,0.0,-37.03703703703704,540,31,18
15,rank_from_max,20.0,36.77777777777778,0.0,-348.14814814814815,54,3,18
15,rank_from_max,3.0,36.77777777777778,0.0,-33.51851851851852,540,31,18
15,rank_from_max,4.0,36.77777777777778,0.0,202.29885057471265,522,30,18
15,rank_from_max,5.0,36.77777777777778,0.0,-82.90598290598291,468,27,18
15,rank_from_max,6.0,36.77777777777778,0.0,84.22222222222223,450,26,18
15,rank_from_max,7.0,36.77777777777778,0.0,170.88888888888889,450,26,18
15,rank_from_max,8.0,36.77777777777778,0.0,-46.0,450,26,18
15,rank_from_max,9.0,36.77777777777778,0.0,130.88888888888889,450,26,18
15,rank_from_min,1.0,36.77777777777778,0.0,-196.66666666666666,540,31,18
15,rank_from_min,10.0,36.77777777777778,0.0,131.55555555555554,450,26,18
15,rank_from_min,11.0,36.75675675675676,0.0,-40.0,370,21,18
15,rank_from_min,12.0,36.74038461538461,0.0,64.42307692307692,208,12,18
15,rank_from_min,13.0,36.73684210526316,0.0,-77.36842105263158,190,11,18
15,rank_from_min,14.0,36.720588235294116,0.0,443.38235294117646,136,8,18
15,rank_from_min,15.0,36.71186440677966,0.0,-84.7457627118644,118,7,18
15,rank_from_min,16.0,36.7,0.0,-7.0,100,6,18
15,rank_from_min,17.0,36.7,0.0,125.0,100,6,18
15,rank_from_min,18.0,36.77777777777778,0.0,79.62962962962963,54,3,18
15,rank_from_min,19.0,36.77777777777778,0.0,40.74074074074074,54,3,18
15,rank_from_min,2.0,36.77777777777778,0.0,105.0,540,31,18
15,rank_from_min,20.0,36.77777777777778,0.0,-253.7037037037037,54,3,18
15,rank_from_min,3.0,36.77777777777778,0.0,133.7037037037037,540,31,18
15,rank_from_min,4.0,36.77777777777778,0.0,134.2911877394636,522,30,18
15,rank_from_min,5.0,36.77777777777778,0.0,60.8974358974359,468,27,18
15,rank_from_min,6.0,36.77777777777778,0.0,-17.11111111111111,450,26,18
15,rank_from_min,7.0,36.77777777777778,0.0,16.444444444444443,450,26,18
15,rank_from_min,8.0,36.77777777777778,0.0,24.444444444444443,450,26,18
15,rank_from_min,9.0,36.77777777777778,0.0,-147.33333333333334,450,26,18
15,section,1631-1633,36.77777777777778,0.0,81.48148148148148,54,3,18
15,section,2001-2020,36.77777777777778,0.0,-64.72222222222223,360,20,18
15,section,2021-2031,36.77777777777778,0.0,45.95959595959596,198,11,18
15,section,2032-2042,36.77777777777778,0.0,455.050505050505,198,11,18
15,section,2043-2059,36.77777777777778,0.0,-38.888888888888886,306,17,18
15,section,2060-2076,36.77777777777778,0.0,2.9411764705882355,306,17,18
15,section,2077-2087,36.77777777777778,0.0,-298.989898989899,198,11,18
15,section,2088-2098,36.77777777777778,0.0,-51.515151515151516,198,11,18
15,section,2099-2109,36.77777777777778,0.0,2.525252525252525,198,11,18
15,section,2110-2120,36.77777777777778,0.0,355.050505050505,198,11,18
15,section,2121-2131,36.77777777777778,0.0,-13.131313131313131,198,11,18
15,section,2132-2142,36.77777777777778,0.0,-63.13131313131313,198,11,18
15,section,2143-2146,36.77777777777778,0.0,-212.5,72,4,18
15,section,2147-2150,36.77777777777778,0.0,97.22222222222223,72,4,18
15,section,2151-2161,36.77777777777778,0.0,120.70707070707071,198,11,18
15,section,2162-2166,36.77777777777778,0.0,-234.44444444444446,90,5,18
15,section,2167-2176,36.77777777777778,0.0,268.8888888888889,180,10,18
15,section,2177-2186,36.77777777777778,0.0,-67.77777777777777,180,10,18
15,section,2187-2190,36.77777777777778,0.0,-4.166666666666667,72,4,18
15,section,2191-2202,36.77777777777778,0.0,194.90740740740742,216,12,18
15,section,2203-2212,36.77777777777778,0.0,247.77777777777777,180,10,18
15,section,2213-2222,36.77777777777778,0.0,-30.0,180,10,18
15,section,2223-2235,36.77777777777778,0.0,-35.47008547008547,234,13,18
15,section,2236-2255,36.77777777777778,0.0,25.0,360,20,18
15,section,2256-2268,36.77777777777778,0.0,-112.3931623931624,234,13,18
15,section,2269-2281,36.77777777777778,0.0,-263.2478632478632,234,13,18
15,section,2282-2301,36.77777777777778,0.0,75.0,360,20,18
15,section,2302-2316,36.77777777777778,0.0,166.66666666666666,270,15,18
15,section,2317-2330,36.77777777777778,0.0,-28.96825396825397,252,14,18
15,section,2331-2340,37.75,0.0,120.0,80,10,8
15,section,2399-2415,36.0,0.0,54.705882352941174,170,17,10
16,machine_tail,0,34.40672782874618,0.0,-247.85932721712538,654,40,18
16,machine_tail,1,34.411764705882355,0.0,97.3529411764706,680,42,18
16,machine_tail,2,34.40625,0.0,-86.45833333333333,672,41,18
16,machine_tail,3,34.40625,0.0,-93.60119047619048,672,41,18
16,machine_tail,4,34.40672782874618,0.0,113.30275229357798,654,40,18
16,machine_tail,5,34.40672782874618,0.0,-141.74311926605503,654,40,18
16,machine_tail,6,34.41304347826087,0.0,-91.45962732919254,644,39,18
16,machine_tail,7,34.41304347826087,0.0,-128.416149068323,644,39,18
16,machine_tail,8,34.41304347826087,0.0,6.211180124223603,644,39,18
16,machine_tail,9,34.40672782874618,0.0,24.00611620795107,654,40,18
16,machine_type,その他,34.3973973973974,0.0,-88.51351351351352,3996,293,18
16,machine_type,ジャグラー,34.43425238600212,0.0,24.81442205726405,1886,123,18
16,machine_type,ハナハナ,34.31818181818182,0.0,-33.18181818181818,220,20,18
16,machine_type,化物語,34.26923076923077,0.0,253.84615384615384,26,11,7
16,machine_type,北斗,34.45945945945946,0.0,-112.16216216216216,444,30,18
16,rank_from_max,1.0,34.388888888888886,0.0,-133.88888888888889,540,31,18
16,rank_from_max,10.0,34.388888888888886,0.0,-38.44444444444444,450,26,18
16,rank_from_max,11.0,34.37837837837838,0.0,-209.72972972972974,370,21,18
16,rank_from_max,12.0,34.37019230769231,0.0,-85.57692307692308,208,12,18
16,rank_from_max,13.0,34.36842105263158,0.0,266.3157894736842,190,11,18
16,rank_from_max,14.0,34.36029411764706,0.0,-39.705882352941174,136,8,18
16,rank_from_max,15.0,34.355932203389834,0.0,100.0,118,7,18
16,rank_from_max,16.0,34.35,0.0,-319.0,100,6,18
16,rank_from_max,17.0,34.35,0.0,-88.0,100,6,18
16,rank_from_max,18.0,34.388888888888886,0.0,353.7037037037037,54,3,18
16,rank_from_max,19.0,34.388888888888886,0.0,283.3333333333333,54,3,18
16,rank_from_max,2.0,34.388888888888886,0.0,-96.29629629629629,540,31,18
16,rank_from_max,20.0,34.388888888888886,0.0,-33.333333333333336,54,3,18
16,rank_from_max,3.0,34.388888888888886,0.0,66.85185185185185,540,31,18
16,rank_from_max,4.0,34.388888888888886,0.0,-64.36781609195403,522,30,18
16,rank_from_max,5.0,34.388888888888886,0.0,-36.111111111111114,468,27,18
16,rank_from_max,6.0,34.388888888888886,0.0,-98.44444444444444,450,26,18
16,rank_from_max,7.0,34.388888888888886,0.0,-35.333333333333336,450,26,18
16,rank_from_max,8.0,34.388888888888886,0.0,150.66666666666666,450,26,18
16,rank_from_max,9.0,34.388888888888886,0.0,-260.22222222222223,450,26,18
16,rank_from_min,1.0,34.388888888888886,0.0,-243.5185185185185,540,31,18
16,rank_from_min,10.0,34.388888888888886,0.0,-171.55555555555554,450,26,18
16,rank_from_min,11.0,34.37837837837838,0.0,-13.783783783783784,370,21,18
16,rank_from_min,12.0,34.37019230769231,0.0,-1.4423076923076923,208,12,18
16,rank_from_min,13.0,34.36842105263158,0.0,230.52631578947367,190,11,18
16,rank_from_min,14.0,34.36029411764706,0.0,-86.76470588235294,136,8,18
16,rank_from_min,15.0,34.355932203389834,0.0,17.796610169491526,118,7,18
16,rank_from_min,16.0,34.35,0.0,82.0,100,6,18
16,rank_from_min,17.0,34.35,0.0,-261.0,100,6,18
16,rank_from_min,18.0,34.388888888888886,0.0,-231.4814814814815,54,3,18
16,rank_from_min,19.0,34.388888888888886,0.0,255.55555555555554,54,3,18
16,rank_from_min,2.0,34.388888888888886,0.0,-184.44444444444446,540,31,18
16,rank_from_min,20.0,34.388888888888886,0.0,-251.85185185185185,54,3,18
16,rank_from_min,3.0,34.388888888888886,0.0,-101.66666666666667,540,31,18
16,rank_from_min,4.0,34.388888888888886,0.0,65.7088122605364,522,30,18
16,rank_from_min,5.0,34.388888888888886,0.0,-85.04273504273505,468,27,18
16,rank_from_min,6.0,34.388888888888886,0.0,49.55555555555556,450,26,18
16,rank_from_min,7.0,34.388888888888886,0.0,2.0,450,26,18
16,rank_from_min,8.0,34.388888888888886,0.0,140.22222222222223,450,26,18
16,rank_from_min,9.0,34.388888888888886,0.0,-62.44444444444444,450,26,18
16,section,1631-1633,34.388888888888886,0.0,-75.92592592592592,54,3,18
16,section,2001-2020,34.388888888888886,0.0,156.38888888888889,360,20,18
16,section,2021-2031,34.388888888888886,0.0,-107.07070707070707,198,11,18
16,section,2032-2042,34.388888888888886,0.0,-234.84848484848484,198,11,18
16,section,2043-2059,34.388888888888886,0.0,51.96078431372549,306,17,18
16,section,2060-2076,34.388888888888886,0.0,-285.62091503267976,306,17,18
16,section,2077-2087,34.388888888888886,0.0,-328.2828282828283,198,11,18
16,section,2088-2098,34.388888888888886,0.0,84.84848484848484,198,11,18
16,section,2099-2109,34.388888888888886,0.0,-39.39393939393939,198,11,18
16,section,2110-2120,34.388888888888886,0.0,52.02020202020202,198,11,18
16,section,2121-2131,34.388888888888886,0.0,-52.02020202020202,198,11,18
16,section,2132-2142,34.388888888888886,0.0,-107.07070707070707,198,11,18
16,section,2143-2146,34.388888888888886,0.0,-377.77777777777777,72,4,18
16,section,2147-2150,34.388888888888886,0.0,377.77777777777777,72,4,18
16,section,2151-2161,34.388888888888886,0.0,64.64646464646465,198,11,18
16,section,2162-2166,34.388888888888886,0.0,-564.4444444444445,90,5,18
16,section,2167-2176,34.388888888888886,0.0,-63.888888888888886,180,10,18
16,section,2177-2186,34.388888888888886,0.0,15.555555555555555,180,10,18
16,section,2187-2190,34.388888888888886,0.0,-95.83333333333333,72,4,18
16,section,2191-2202,34.388888888888886,0.0,-18.51851851851852,216,12,18
16,section,2203-2212,34.388888888888886,0.0,4.444444444444445,180,10,18
16,section,2213-2222,34.388888888888886,0.0,-608.3333333333334,180,10,18
16,section,2223-2235,34.388888888888886,0.0,22.22222222222222,234,13,18
16,section,2236-2255,34.388888888888886,0.0,-36.388888888888886,360,20,18
16,section,2256-2268,34.388888888888886,0.0,8.11965811965812,234,13,18
16,section,2269-2281,34.388888888888886,0.0,-271.79487179487177,234,13,18
16,section,2282-2301,34.388888888888886,0.0,128.61111111111111,360,20,18
16,section,2302-2316,34.388888888888886,0.0,60.370370370370374,270,15,18
16,section,2317-2330,34.388888888888886,0.0,-48.41269841269841,252,14,18
16,section,2331-2340,34.875,0.0,178.75,80,10,8
16,section,2399-2415,34.0,0.0,137.64705882352942,170,17,10
17,machine_tail,0,41.23700305810397,0.0,236.85015290519877,654,40,18
17,machine_tail,1,41.241176470588236,0.0,73.97058823529412,680,42,18
17,machine_tail,2,41.236607142857146,0.0,118.75,672,41,18
17,machine_tail,3,41.236607142857146,0.0,-122.4702380952381,672,41,18
17,machine_tail,4,41.23700305810397,0.0,129.51070336391436,654,40,18
17,machine_tail,5,41.23700305810397,0.0,83.02752293577981,654,40,18
17,machine_tail,6,41.24223602484472,0.0,18.944099378881987,644,39,18
17,machine_tail,7,41.24223602484472,0.0,226.5527950310559,644,39,18
17,machine_tail,8,41.24223602484472,0.0,85.24844720496894,644,39,18
17,machine_tail,9,41.23700305810397,0.0,-172.17125382262998,654,40,18
17,machine_type,その他,41.26451451451452,0.0,-8.083083083083084,3996,293,18
17,machine_type,ジャグラー,41.25980911983033,0.0,141.62248144220572,1886,123,18
17,machine_type,ハナハナ,41.163636363636364,0.0,175.0,220,20,18
17,machine_type,化物語,39.96153846153846,0.0,430.7692307692308,26,11,7
17,machine_type,北斗,41.031531531531535,0.0,354.9549549549549,444,30,18
17,rank_from_max,1.0,41.22222222222222,0.0,-17.962962962962962,540,31,18
17,rank_from_max,10.0,41.22222222222222,0.0,140.66666666666666,450,26,18
17,rank_from_max,11.0,41.21351351351351,0.0,20.0,370,21,18
17,rank_from_max,12.0,41.20673076923077,0.0,15.865384615384615,208,12,18
17,rank_from_max,13.0,41.205263157894734,0.0,-190.52631578947367,190,11,18
17,rank_from_max,14.0,41.1985294117647,0.0,33.8235294117647,136,8,18
17,rank_from_max,15.0,41.19491525423729,0.0,0.0,118,7,18
17,rank_from_max,16.0,41.19,0.0,5.0,100,6,18
17,rank_from_max,17.0,41.19,0.0,19.0,100,6,18
17,rank_from_max,18.0,41.22222222222222,0.0,-172.22222222222223,54,3,18
17,rank_from_max,19.0,41.22222222222222,0.0,557.4074074074074,54,3,18
17,rank_from_max,2.0,41.22222222222222,0.0,174.25925925925927,540,31,18
17,rank_from_max,20.0,41.22222222222222,0.0,-138.88888888888889,54,3,18
17,rank_from_max,3.0,41.22222222222222,0.0,334.44444444444446,540,31,18
17,rank_from_max,4.0,41.22222222222222,0.0,-77.96934865900383,522,30,18
17,rank_from_max,5.0,41.22222222222222,0.0,89.52991452991454,468,27,18
17,rank_from_max,6.0,41.22222222222222,0.0,70.88888888888889,450,26,18
17,rank_from_max,7.0,41.22222222222222,0.0,152.66666666666666,450,26,18
17,rank_from_max,8.0,41.22222222222222,0.0,-79.77777777777777,450,26,18
17,rank_from_max,9.0,41.22222222222222,0.0,-13.555555555555555,450,26,18
17,rank_from_min,1.0,41.22222222222222,0.0,46.111111111111114,540,31,18
17,rank_from_min,10.0,41.22222222222222,0.0,115.11111111111111,450,26,18
17,rank_from_min,11.0,41.21351351351351,0.0,49.45945945945946,370,21,18
17,rank_from_min,12.0,41.20673076923077,0.0,150.48076923076923,208,12,18
17,rank_from_min,13.0,41.205263157894734,0.0,186.31578947368422,190,11,18
17,rank_from_min,14.0,41.1985294117647,0.0,127.94117647058823,136,8,18
17,rank_from_min,15.0,41.19491525423729,0.0,-5.084745762711864,118,7,18
17,rank_from_min,16.0,41.19,0.0,-230.0,100,6,18
17,rank_from_min,17.0,41.19,0.0,-459.0,100,6,18
17,rank_from_min,18.0,41.22222222222222,0.0,-229.62962962962962,54,3,18
17,rank_from_min,19.0,41.22222222222222,0.0,-138.88888888888889,54,3,18
17,rank_from_min,2.0,41.22222222222222,0.0,-10.925925925925926,540,31,18
17,rank_from_min,20.0,41.22222222222222,0.0,400.0,54,3,18
17,rank_from_min,3.0,41.22222222222222,0.0,-6.666666666666667,540,31,18
17,rank_from_min,4.0,41.22222222222222,0.0,83.52490421455938,522,30,18
17,rank_from_min,5.0,41.22222222222222,0.0,270.5128205128205,468,27,18
17,rank_from_min,6.0,41.22222222222222,0.0,-183.77777777777777,450,26,18
17,rank_from_min,7.0,41.22222222222222,0.0,7.777777777777778,450,26,18
17,rank_from_min,8.0,41.22222222222222,0.0,147.11111111111111,450,26,18
17,rank_from_min,9.0,41.22222222222222,0.0,275.3333333333333,450,26,18
17,section,1631-1633,41.22222222222222,0.0,18.51851851851852,54,3,18
17,section,2001-2020,41.22222222222222,0.0,-136.11111111111111,360,20,18
17,section,2021-2031,41.22222222222222,0.0,-1.5151515151515151,198,11,18
17,section,2032-2042,41.22222222222222,0.0,-257.07070707070704,198,11,18
17,section,2043-2059,41.22222222222222,0.0,-214.37908496732027,306,17,18
17,section,2060-2076,41.22222222222222,0.0,269.6078431372549,306,17,18
17,section,2077-2087,41.22222222222222,0.0,-310.1010101010101,198,11,18
17,section,2088-2098,41.22222222222222,0.0,-152.5252525252525,198,11,18
17,section,2099-2109,41.22222222222222,0.0,452.52525252525254,198,11,18
17,section,2110-2120,41.22222222222222,0.0,-33.333333333333336,198,11,18
17,section,2121-2131,41.22222222222222,0.0,184.84848484848484,198,11,18
17,section,2132-2142,41.22222222222222,0.0,76.26262626262626,198,11,18
17,section,2143-2146,41.22222222222222,0.0,447.22222222222223,72,4,18
17,section,2147-2150,41.22222222222222,0.0,351.3888888888889,72,4,18
17,section,2151-2161,41.22222222222222,0.0,110.60606060606061,198,11,18
17,section,2162-2166,41.22222222222222,0.0,-88.88888888888889,90,5,18
17,section,2167-2176,41.22222222222222,0.0,421.1111111111111,180,10,18
17,section,2177-2186,41.22222222222222,0.0,495.55555555555554,180,10,18
17,section,2187-2190,41.22222222222222,0.0,-58.333333333333336,72,4,18
17,section,2191-2202,41.22222222222222,0.0,114.35185185185185,216,12,18
17,section,2203-2212,41.22222222222222,0.0,272.22222222222223,180,10,18
17,section,2213-2222,41.22222222222222,0.0,250.55555555555554,180,10,18
17,section,2223-2235,41.22222222222222,0.0,211.96581196581195,234,13,18
17,section,2236-2255,41.22222222222222,0.0,98.88888888888889,360,20,18
17,section,2256-2268,41.22222222222222,0.0,-16.23931623931624,234,13,18
17,section,2269-2281,41.22222222222222,0.0,-300.4273504273504,234,13,18
17,section,2282-2301,41.22222222222222,0.0,73.05555555555556,360,20,18
17,section,2302-2316,41.22222222222222,0.0,165.55555555555554,270,15,18
17,section,2317-2330,41.22222222222222,0.0,298.41269841269843,252,14,18
17,section,2331-2340,41.625,0.0,-620.0,80,10,8
17,section,2399-2415,40.9,0.0,-215.2941176470588,170,17,10
18,machine_tail,0,34.66396103896104,0.0,-22.24025974025974,616,40,17
18,machine_tail,1,34.66875,0.0,53.28125,640,42,17
18,machine_tail,2,34.66350710900474,0.0,34.28120063191153,633,41,17
18,machine_tail,3,34.66350710900474,0.0,105.84518167456557,633,41,17
18,machine_tail,4,34.66396103896104,0.0,-104.54545454545455,616,40,17
18,machine_tail,5,34.66396103896104,0.0,103.8961038961039,616,40,17
18,machine_tail,6,34.66996699669967,0.0,-71.78217821782178,606,39,17
18,machine_tail,7,34.66996699669967,0.0,56.76567656765677,606,39,17
18,machine_tail,8,34.66996699669967,0.0,-18.81188118811881,606,39,17
18,machine_tail,9,34.66396103896104,0.0,-54.87012987012987,616,40,17
18,machine_type,その他,34.65496142591115,0.0,-2.2080340516094705,3759,293,17
18,machine_type,ジャグラー,34.69022046353872,0.0,7.518371961560203,1769,123,17
18,machine_type,ハナハナ,34.58095238095238,0.0,21.428571428571427,210,20,17
18,machine_type,化物語,34.03846153846154,0.0,-811.5384615384615,26,11,7
18,machine_type,北斗,34.74528301886792,0.0,155.66037735849056,424,30,17
18,rank_from_max,1.0,34.64705882352941,0.0,-57.450980392156865,510,31,17
18,rank_from_max,10.0,34.64705882352941,0.0,2.823529411764706,425,26,17
18,rank_from_max,11.0,34.637142857142855,0.0,91.71428571428571,350,21,17
18,rank_from_max,12.0,34.629441624365484,0.0,18.274111675126903,197,12,17
18,rank_from_max,13.0,34.62777777777778,0.0,-182.22222222222223,180,11,17
18,rank_from_max,14.0,34.62015503875969,0.0,-80.62015503875969,129,8,17
18,rank_from_max,15.0,34.61607142857143,0.0,53.57142857142857,112,7,17
18,rank_from_max,16.0,34.61052631578947,0.0,189.47368421052633,95,6,17
18,rank_from_max,17.0,34.61052631578947,0.0,-255.78947368421052,95,6,17
18,rank_from_max,18.0,34.64705882352941,0.0,-180.3921568627451,51,3,17
18,rank_from_max,19.0,34.64705882352941,0.0,178.4313725490196,51,3,17
18,rank_from_max,2.0,34.64705882352941,0.0,-48.03921568627451,510,31,17
18,rank_from_max,20.0,34.64705882352941,0.0,80.3921568627451,51,3,17
18,rank_from_max,3.0,34.64705882352941,0.0,130.58823529411765,510,31,17
18,rank_from_max,4.0,34.64705882352941,0.0,-142.79918864097363,493,30,17
18,rank_from_max,5.0,34.64705882352941,0.0,-116.0633484162896,442,27,17
18,rank_from_max,6.0,34.64705882352941,0.0,179.2941176470588,425,26,17
18,rank_from_max,7.0,34.64705882352941,0.0,-19.058823529411764,425,26,17
18,rank_from_max,8.0,34.64705882352941,0.0,93.88235294117646,425,26,17
18,rank_from_max,9.0,34.64705882352941,0.0,28.941176470588236,425,26,17
18,rank_from_min,1.0,34.64705882352941,0.0,-159.41176470588235,510,31,17
18,rank_from_min,10.0,34.64705882352941,0.0,-72.0,425,26,17
18,rank_from_min,11.0,34.637142857142855,0.0,129.71428571428572,350,21,17
18,rank_from_min,12.0,34.629441624365484,0.0,79.18781725888324,197,12,17
18,rank_from_min,13.0,34.62777777777778,0.0,28.333333333333332,180,11,17
18,rank_from_min,14.0,34.62015503875969,0.0,243.4108527131783,129,8,17
18,rank_from_min,15.0,34.61607142857143,0.0,615.1785714285714,112,7,17
18,rank_from_min,16.0,34.61052631578947,0.0,110.52631578947368,95,6,17
18,rank_from_min,17.0,34.61052631578947,0.0,-22.105263157894736,95,6,17
18,rank_from_min,18.0,34.64705882352941,0.0,-186.27450980392157,51,3,17
18,rank_from_min,19.0,34.64705882352941,0.0,-103.92156862745098,51,3,17
18,rank_from_min,2.0,34.64705882352941,0.0,70.98039215686275,510,31,17
18,rank_from_min,20.0,34.64705882352941,0.0,31.372549019607842,51,3,17
18,rank_from_min,3.0,34.64705882352941,0.0,105.29411764705883,510,31,17
18,rank_from_min,4.0,34.64705882352941,0.0,-50.912778904665316,493,30,17
18,rank_from_min,5.0,34.64705882352941,0.0,6.787330316742081,442,27,17
18,rank_from_min,6.0,34.64705882352941,0.0,-163.52941176470588,425,26,17
18,rank_from_min,7.0,34.64705882352941,0.0,-34.11764705882353,425,26,17
18,rank_from_min,8.0,34.64705882352941,0.0,-119.05882352941177,425,26,17
18,rank_from_min,9.0,34.64705882352941,0.0,60.94117647058823,425,26,17
18,section,1631-1633,34.64705882352941,0.0,50.98039215686274,51,3,17
18,section,2001-2020,34.64705882352941,0.0,52.35294117647059,340,20,17
18,section,2021-2031,34.64705882352941,0.0,155.6149732620321,187,11,17
18,section,2032-2042,34.64705882352941,0.0,-216.57754010695186,187,11,17
18,section,2043-2059,34.64705882352941,0.0,149.4809688581315,289,17,17
18,section,2060-2076,34.64705882352941,0.0,182.35294117647058,289,17,17
18,section,2077-2087,34.64705882352941,0.0,82.3529411764706,187,11,17
18,section,2088-2098,34.64705882352941,0.0,-133.6898395721925,187,11,17
18,section,2099-2109,34.64705882352941,0.0,88.77005347593582,187,11,17
18,section,2110-2120,34.64705882352941,0.0,143.85026737967914,187,11,17
18,section,2121-2131,34.64705882352941,0.0,-47.05882352941177,187,11,17
18,section,2132-2142,34.64705882352941,0.0,67.37967914438502,187,11,17
18,section,2143-2146,34.64705882352941,0.0,-444.11764705882354,68,4,17
18,section,2147-2150,34.64705882352941,0.0,-79.41176470588235,68,4,17
18,section,2151-2161,34.64705882352941,0.0,13.903743315508022,187,11,17
18,section,2162-2166,34.64705882352941,0.0,210.58823529411765,85,5,17
18,section,2167-2176,34.64705882352941,0.0,-391.1764705882353,170,10,17
18,section,2177-2186,34.64705882352941,0.0,-49.411764705882355,170,10,17
18,section,2187-2190,34.64705882352941,0.0,-60.294117647058826,68,4,17
18,section,2191-2202,34.64705882352941,0.0,-33.333333333333336,204,12,17
18,section,2203-2212,34.64705882352941,0.0,122.3529411764706,170,10,17
18,section,2213-2222,34.64705882352941,0.0,-186.47058823529412,170,10,17
18,section,2223-2235,34.64705882352941,0.0,-2.7149321266968327,221,13,17
18,section,2236-2255,34.64705882352941,0.0,-28.529411764705884,340,20,17
18,section,2256-2268,34.64705882352941,0.0,-126.24434389140272,221,13,17
18,section,2269-2281,34.64705882352941,0.0,-180.99547511312218,221,13,17
18,section,2282-2301,34.64705882352941,0.0,119.11764705882354,340,20,17
18,section,2302-2316,34.64705882352941,0.0,49.80392156862745,255,15,17
18,section,2317-2330,34.64705882352941,0.0,41.596638655462186,238,14,17
18,section,2331-2340,35.142857142857146,0.0,-498.57142857142856,70,10,7
18,section,2399-2415,34.3,0.0,164.7058823529412,170,17,10
19,machine_tail,0,34.64935064935065,0.0,-89.77272727272727,616,40,17
19,machine_tail,1,34.65,0.0,-7.8125,640,42,17
19,machine_tail,2,34.649289099526065,0.0,29.225908372827803,633,41,17
19,machine_tail,3,34.649289099526065,0.0,20.063191153238545,633,41,17
19,machine_tail,4,34.64935064935065,0.0,-96.5909090909091,616,40,17
19,machine_tail,5,34.64935064935065,0.0,-142.69480519480518,616,40,17
19,machine_tail,6,34.65016501650165,0.0,-19.801980198019802,606,39,17
19,machine_tail,7,34.65016501650165,0.0,60.396039603960396,606,39,17
19,machine_tail,8,34.65016501650165,0.0,99.17491749174917,606,39,17
19,machine_tail,9,34.64935064935065,0.0,8.603896103896103,616,40,17
19,machine_type,その他,34.67109458023379,0.0,-0.10626992561105207,3764,293,17
19,machine_type,ジャグラー,34.65291124929339,0.0,-35.16110797060486,1769,123,17
19,machine_type,ハナハナ,34.63809523809524,0.0,-125.23809523809524,210,20,17
19,machine_type,化物語,34.26923076923077,0.0,42.30769230769231,26,11,7
19,machine_type,北斗,34.472553699284006,0.0,3.1026252983293556,419,30,17
19,rank_from_max,1.0,34.64705882352941,0.0,-67.45098039215686,510,31,17
19,rank_from_max,10.0,34.64705882352941,0.0,43.529411764705884,425,26,17
19,rank_from_max,11.0,34.645714285714284,0.0,-70.57142857142857,350,21,17
19,rank_from_max,12.0,34.64467005076142,0.0,68.52791878172589,197,12,17
19,rank_from_max,13.0,34.644444444444446,0.0,-285.0,180,11,17
19,rank_from_max,14.0,34.64341085271318,0.0,112.40310077519379,129,8,17
19,rank_from_max,15.0,34.642857142857146,0.0,-246.42857142857142,112,7,17
19,rank_from_max,16.0,34.642105263157895,0.0,101.05263157894737,95,6,17
19,rank_from_max,17.0,34.642105263157895,0.0,0.0,95,6,17
19,rank_from_max,18.0,34.64705882352941,0.0,-109.80392156862744,51,3,17
19,rank_from_max,19.0,34.64705882352941,0.0,84.31372549019608,51,3,17
19,rank_from_max,2.0,34.64705882352941,0.0,-91.37254901960785,510,31,17
19,rank_from_max,20.0,34.64705882352941,0.0,223.52941176470588,51,3,17
19,rank_from_max,3.0,34.64705882352941,0.0,-5.686274509803922,510,31,17
19,rank_from_max,4.0,34.64705882352941,0.0,-40.77079107505071,493,30,17
19,rank_from_max,5.0,34.64705882352941,0.0,34.16289592760181,442,27,17
19,rank_from_max,6.0,34.64705882352941,0.0,-52.705882352941174,425,26,17
19,rank_from_max,7.0,34.64705882352941,0.0,64.94117647058823,425,26,17
19,rank_from_max,8.0,34.64705882352941,0.0,79.52941176470588,425,26,17
19,rank_from_max,9.0,34.64705882352941,0.0,52.470588235294116,425,26,17
19,rank_from_min,1.0,34.64705882352941,0.0,-18.823529411764707,510,31,17
19,rank_from_min,10.0,34.64705882352941,0.0,-91.76470588235294,425,26,17
19,rank_from_min,11.0,34.645714285714284,0.0,-154.57142857142858,350,21,17
19,rank_from_min,12.0,34.64467005076142,0.0,-248.73096446700507,197,12,17
19,rank_from_min,13.0,34.644444444444446,0.0,7.777777777777778,180,11,17
19,rank_from_min,14.0,34.64341085271318,0.0,44.96124031007752,129,8,17
19,rank_from_min,15.0,34.642857142857146,0.0,-216.07142857142858,112,7,17
19,rank_from_min,16.0,34.642105263157895,0.0,5.2631578947368425,95,6,17
19,rank_from_min,17.0,34.642105263157895,0.0,254.73684210526315,95,6,17
19,rank_from_min,18.0,34.64705882352941,0.0,-7.8431372549019605,51,3,17
19,rank_from_min,19.0,34.64705882352941,0.0,94.11764705882354,51,3,17
19,rank_from_min,2.0,34.64705882352941,0.0,53.13725490196079,510,31,17
19,rank_from_min,20.0,34.64705882352941,0.0,-196.07843137254903,51,3,17
19,rank_from_min,3.0,34.64705882352941,0.0,-67.84313725490196,510,31,17
19,rank_from_min,4.0,34.64705882352941,0.0,33.46855983772819,493,30,17
19,rank_from_min,5.0,34.64705882352941,0.0,66.5158371040724,442,27,17
19,rank_from_min,6.0,34.64705882352941,0.0,171.2941176470588,425,26,17
19,rank_from_min,7.0,34.64705882352941,0.0,-83.29411764705883,425,26,17
19,rank_from_min,8.0,34.64705882352941,0.0,19.058823529411764,425,26,17
19,rank_from_min,9.0,34.64705882352941,0.0,1.6470588235294117,425,26,17
19,section,1631-1633,34.64705882352941,0.0,-11.764705882352942,51,3,17
19,section,2001-2020,34.64705882352941,0.0,-3.823529411764706,340,20,17
19,section,2021-2031,34.64705882352941,0.0,74.8663101604278,187,11,17
19,section,2032-2042,34.64705882352941,0.0,-219.7860962566845,187,11,17
19,section,2043-2059,34.64705882352941,0.0,-12.456747404844291,289,17,17
19,section,2060-2076,34.64705882352941,0.0,158.47750865051904,289,17,17
19,section,2077-2087,34.64705882352941,0.0,-324.59893048128345,187,11,17
19,section,2088-2098,34.64705882352941,0.0,304.81283422459893,187,11,17
19,section,2099-2109,34.64705882352941,0.0,-367.9144385026738,187,11,17
19,section,2110-2120,34.64705882352941,0.0,40.64171122994652,187,11,17
19,section,2121-2131,34.64705882352941,0.0,4.81283422459893,187,11,17
19,section,2132-2142,34.64705882352941,0.0,-97.86096256684492,187,11,17
19,section,2143-2146,34.64705882352941,0.0,229.41176470588235,68,4,17
19,section,2147-2150,34.64705882352941,0.0,-186.76470588235293,68,4,17
19,section,2151-2161,34.64705882352941,0.0,37.4331550802139,187,11,17
19,section,2162-2166,34.64705882352941,0.0,-121.17647058823529,85,5,17
19,section,2167-2176,34.64705882352941,0.0,127.6470588235294,170,10,17
19,section,2177-2186,34.64705882352941,0.0,98.23529411764706,170,10,17
19,section,2187-2190,34.64705882352941,0.0,186.76470588235293,68,4,17
19,section,2191-2202,34.64705882352941,0.0,-34.31372549019608,204,12,17
19,section,2203-2212,34.64705882352941,0.0,270.0,170,10,17
19,section,2213-2222,34.64705882352941,0.0,44.11764705882353,170,10,17
19,section,2223-2235,34.64705882352941,0.0,-161.99095022624434,221,13,17
19,section,2236-2255,34.64705882352941,0.0,-52.94117647058823,340,20,17
19,section,2256-2268,34.64705882352941,0.0,3.6199095022624435,221,13,17
19,section,2269-2281,34.64705882352941,0.0,-159.2760180995475,221,13,17
19,section,2282-2301,34.64705882352941,0.0,-56.76470588235294,340,20,17
19,section,2302-2316,34.64705882352941,0.0,20.392156862745097,255,15,17
19,section,2317-2330,34.64705882352941,0.0,-97.47899159663865,238,14,17
19,section,2331-2340,34.714285714285715,0.0,328.57142857142856,70,10,7
19,section,2399-2415,34.6,0.0,55.88235294117647,170,17,10
20,machine_tail,0,34.47727272727273,0.0,52.435064935064936,616,40,17
20,machine_tail,1,34.4625,0.0,-122.1875,640,42,17
20,machine_tail,2,34.47867298578199,0.0,-72.98578199052133,633,41,17
20,machine_tail,3,34.47867298578199,0.0,78.35703001579779,633,41,17
20,machine_tail,4,34.47727272727273,0.0,27.435064935064936,616,40,17
20,machine_tail,5,34.47727272727273,0.0,-46.91558441558441,616,40,17
20,machine_tail,6,34.45874587458746,0.0,2.145214521452145,606,39,17
20,machine_tail,7,34.45874587458746,0.0,-321.6171617161716,606,39,17
20,machine_tail,8,34.45874587458746,0.0,-82.01320132013201,606,39,17
20,machine_tail,9,34.47727272727273,0.0,15.584415584415584,616,40,17
20,machine_type,その他,34.52922422954304,0.0,-63.07120085015941,3764,293,17
20,machine_type,ジャグラー,34.396269078575465,0.0,-13.001695873374787,1769,123,17
20,machine_type,ハナハナ,34.733333333333334,0.0,22.857142857142858,210,20,17
20,machine_type,化物語,34.88461538461539,0.0,69.23076923076923,26,9,7
20,machine_type,北斗,34.10023866348449,0.0,-82.10023866348449,419,30,17
20,rank_from_max,1.0,34.529411764705884,0.0,-201.37254901960785,510,31,17
20,rank_from_max,10.0,34.529411764705884,0.0,49.1764705882353,425,26,17
20,rank_from_max,11.0,34.56,0.0,84.85714285714286,350,21,17
20,rank_from_max,12.0,34.58375634517766,0.0,20.81218274111675,197,12,17
20,rank_from_max,13.0,34.58888888888889,0.0,-247.22222222222223,180,11,17
20,rank_from_max,14.0,34.6124031007752,0.0,-315.50387596899225,129,8,17
20,rank_from_max,15.0,34.625,0.0,100.89285714285714,112,7,17
20,rank_from_max,16.0,34.642105263157895,0.0,-148.42105263157896,95,6,17
20,rank_from_max,17.0,34.642105263157895,0.0,-37.89473684210526,95,6,17
20,rank_from_max,18.0,34.529411764705884,0.0,-3.9215686274509802,51,3,17
20,rank_from_max,19.0,34.529411764705884,0.0,121.56862745098039,51,3,17
20,rank_from_max,2.0,34.529411764705884,0.0,-142.35294117647058,510,31,17
20,rank_from_max,20.0,34.529411764705884,0.0,278.4313725490196,51,3,17
20,rank_from_max,3.0,34.529411764705884,0.0,-23.529411764705884,510,31,17
20,rank_from_max,4.0,34.529411764705884,0.0,-64.50304259634889,493,30,17
20,rank_from_max,5.0,34.529411764705884,0.0,-131.44796380090497,442,27,17
20,rank_from_max,6.0,34.529411764705884,0.0,-72.94117647058823,425,26,17
20,rank_from_max,7.0,34.529411764705884,0.0,-64.23529411764706,425,26,17
20,rank_from_max,8.0,34.529411764705884,0.0,30.58823529411765,425,26,17
20,rank_from_max,9.0,34.529411764705884,0.0,16.470588235294116,425,26,17
20,rank_from_min,1.0,34.529411764705884,0.0,-96.27450980392157,510,31,17
20,rank_from_min,10.0,34.529411764705884,0.0,-177.1764705882353,425,26,17
20,rank_from_min,11.0,34.56,0.0,-234.57142857142858,350,21,17
20,rank_from_min,12.0,34.58375634517766,0.0,269.03553299492387,197,12,17
20,rank_from_min,13.0,34.58888888888889,0.0,-30.0,180,11,17
20,rank_from_min,14.0,34.6124031007752,0.0,-51.93798449612403,129,8,17
20,rank_from_min,15.0,34.625,0.0,18.75,112,7,17
20,rank_from_min,16.0,34.642105263157895,0.0,-517.8947368421053,95,6,17
20,rank_from_min,17.0,34.642105263157895,0.0,48.421052631578945,95,6,17
20,rank_from_min,18.0,34.529411764705884,0.0,127.45098039215686,51,3,17
20,rank_from_min,19.0,34.529411764705884,0.0,41.1764705882353,51,3,17
20,rank_from_min,2.0,34.529411764705884,0.0,75.29411764705883,510,31,17
20,rank_from_min,20.0,34.529411764705884,0.0,-52.94117647058823,51,3,17
20,rank_from_min,3.0,34.529411764705884,0.0,-157.45098039215685,510,31,17
20,rank_from_min,4.0,34.529411764705884,0.0,-35.294117647058826,493,30,17
20,rank_from_min,5.0,34.529411764705884,0.0,-103.16742081447964,442,27,17
20,rank_from_min,6.0,34.529411764705884,0.0,27.529411764705884,425,26,17
20,rank_from_min,7.0,34.529411764705884,0.0,-14.352941176470589,425,26,17
20,rank_from_min,8.0,34.529411764705884,0.0,-76.47058823529412,425,26,17
20,rank_from_min,9.0,34.529411764705884,0.0,4.235294117647059,425,26,17
20,section,1631-1633,34.529411764705884,0.0,-125.49019607843137,51,3,17
20,section,2001-2020,34.529411764705884,0.0,25.294117647058822,340,20,17
20,section,2021-2031,34.529411764705884,0.0,140.10695187165774,187,11,17
20,section,2032-2042,34.529411764705884,0.0,-536.8983957219251,187,11,17
20,section,2043-2059,34.529411764705884,0.0,37.0242214532872,289,17,17
20,section,2060-2076,34.529411764705884,0.0,-187.8892733564014,289,17,17
20,section,2077-2087,34.529411764705884,0.0,-458.8235294117647,187,11,17
20,section,2088-2098,34.529411764705884,0.0,-50.26737967914438,187,11,17
20,section,2099-2109,34.529411764705884,0.0,87.16577540106952,187,11,17
20,section,2110-2120,34.529411764705884,0.0,-23.529411764705884,187,11,17
20,section,2121-2131,34.529411764705884,0.0,32.62032085561497,187,11,17
20,section,2132-2142,34.529411764705884,0.0,-191.44385026737967,187,11,17
20,section,2143-2146,34.529411764705884,0.0,-248.52941176470588,68,4,17
20,section,2147-2150,34.529411764705884,0.0,-29.41176470588235,68,4,17
20,section,2151-2161,34.529411764705884,0.0,76.47058823529412,187,11,17
20,section,2162-2166,34.529411764705884,0.0,-64.70588235294117,85,5,17
20,section,2167-2176,34.529411764705884,0.0,124.11764705882354,170,10,17
20,section,2177-2186,34.529411764705884,0.0,-42.94117647058823,170,10,17
20,section,2187-2190,34.529411764705884,0.0,-33.8235294117647,68,4,17
20,section,2191-2202,34.529411764705884,0.0,80.88235294117646,204,12,17
20,section,2203-2212,34.529411764705884,0.0,12.941176470588236,170,10,17
20,section,2213-2222,34.529411764705884,0.0,-338.2352941176471,170,10,17
20,section,2223-2235,34.529411764705884,0.0,-59.72850678733032,221,13,17
20,section,2236-2255,34.529411764705884,0.0,-25.0,340,20,17
20,section,2256-2268,34.529411764705884,0.0,-124.43438914027149,221,13,17
20,section,2269-2281,34.529411764705884,0.0,-168.32579185520362,221,13,17
20,section,2282-2301,34.529411764705884,0.0,25.88235294117647,340,20,17
20,section,2302-2316,34.529411764705884,0.0,22.745098039215687,255,15,17
20,section,2317-2330,34.529411764705884,0.0,-95.3781512605042,238,14,17
20,section,2331-2340,33.0,0.0,-465.7142857142857,70,10,7
20,section,2399-2415,35.6,0.0,358.2352941176471,170,17,10
21,machine_tail,0,38.62337662337662,0.0,98.37662337662337,616,40,17
21,machine_tail,1,38.65,0.0,234.21875,640,42,17
21,machine_tail,2,38.62085308056872,0.0,119.74723538704582,633,41,17
21,machine_tail,3,38.62085308056872,0.0,35.70300157977883,633,41,17
21,machine_tail,4,38.62337662337662,0.0,117.04545454545455,616,40,17
21,machine_tail,5,38.62337662337662,0.0,-2.272727272727273,616,40,17
21,machine_tail,6,38.65676567656766,0.0,5.115511551155116,606,39,17
21,machine_tail,7,38.65676567656766,0.0,17.821782178217823,606,39,17
21,machine_tail,8,38.65676567656766,0.0,-12.376237623762377,606,39,17
21,machine_tail,9,38.62337662337662,0.0,11.688311688311689,616,40,17
21,machine_type,その他,38.63974495217853,0.0,-7.57173219978746,3764,293,17
21,machine_type,ジャグラー,38.76936122102883,0.0,157.32052006783493,1769,123,17
21,machine_type,ハナハナ,38.161904761904765,0.0,155.23809523809524,210,20,17
21,machine_type,化物語,36.65384615384615,0.0,88.46153846153847,26,9,7
21,machine_type,北斗,38.39140811455847,0.0,258.9498806682578,419,30,17
21,rank_from_max,1.0,38.529411764705884,0.0,-14.901960784313726,510,31,17
21,rank_from_max,10.0,38.529411764705884,0.0,-217.41176470588235,425,26,17
21,rank_from_max,11.0,38.47428571428571,0.0,-4.571428571428571,350,21,17
21,rank_from_max,12.0,38.431472081218274,0.0,-49.23857868020305,197,12,17
21,rank_from_max,13.0,38.422222222222224,0.0,144.44444444444446,180,11,17
21,rank_from_max,14.0,38.37984496124031,0.0,90.69767441860465,129,8,17
21,rank_from_max,15.0,38.357142857142854,0.0,384.82142857142856,112,7,17
21,rank_from_max,16.0,38.32631578947368,0.0,44.21052631578947,95,6,17
21,rank_from_max,17.0,38.32631578947368,0.0,-170.52631578947367,95,6,17
21,rank_from_max,18.0,38.529411764705884,0.0,76.47058823529412,51,3,17
21,rank_from_max,19.0,38.529411764705884,0.0,15.686274509803921,51,3,17
21,rank_from_max,2.0,38.529411764705884,0.0,-93.52941176470588,510,31,17
21,rank_from_max,20.0,38.529411764705884,0.0,-435.29411764705884,51,3,17
21,rank_from_max,3.0,38.529411764705884,0.0,52.35294117647059,510,31,17
21,rank_from_max,4.0,38.529411764705884,0.0,231.44016227180526,493,30,17
21,rank_from_max,5.0,38.529411764705884,0.0,-0.9049773755656109,442,27,17
21,rank_from_max,6.0,38.529411764705884,0.0,175.52941176470588,425,26,17
21,rank_from_max,7.0,38.529411764705884,0.0,15.764705882352942,425,26,17
21,rank_from_max,8.0,38.529411764705884,0.0,263.05882352941177,425,26,17
21,rank_from_max,9.0,38.529411764705884,0.0,252.7058823529412,425,26,17
21,rank_from_min,1.0,38.529411764705884,0.0,-44.705882352941174,510,31,17
21,rank_from_min,10.0,38.529411764705884,0.0,-184.7058823529412,425,26,17
21,rank_from_min,11.0,38.47428571428571,0.0,83.14285714285714,350,21,17
21,rank_from_min,12.0,38.431472081218274,0.0,160.91370558375635,197,12,17
21,rank_from_min,13.0,38.422222222222224,0.0,151.66666666666666,180,11,17
21,rank_from_min,14.0,38.37984496124031,0.0,401.5503875968992,129,8,17
21,rank_from_min,15.0,38.357142857142854,0.0,165.17857142857142,112,7,17
21,rank_from_min,16.0,38.32631578947368,0.0,-208.42105263157896,95,6,17
21,rank_from_min,17.0,38.32631578947368,0.0,233.68421052631578,95,6,17
21,rank_from_min,18.0,38.529411764705884,0.0,-347.05882352941177,51,3,17
21,rank_from_min,19.0,38.529411764705884,0.0,-58.8235294117647,51,3,17
21,rank_from_min,2.0,38.529411764705884,0.0,-9.607843137254902,510,31,17
21,rank_from_min,20.0,38.529411764705884,0.0,0.0,51,3,17
21,rank_from_min,3.0,38.529411764705884,0.0,316.6666666666667,510,31,17
21,rank_from_min,4.0,38.529411764705884,0.0,-49.89858012170385,493,30,17
21,rank_from_min,5.0,38.529411764705884,0.0,82.3529411764706,442,27,17
21,rank_from_min,6.0,38.529411764705884,0.0,237.64705882352942,425,26,17
21,rank_from_min,7.0,38.529411764705884,0.0,-65.17647058823529,425,26,17
21,rank_from_min,8.0,38.529411764705884,0.0,8.941176470588236,425,26,17
21,rank_from_min,9.0,38.529411764705884,0.0,115.05882352941177,425,26,17
21,section,1631-1633,38.529411764705884,0.0,-80.3921568627451,51,3,17
21,section,2001-2020,38.529411764705884,0.0,-304.4117647058824,340,20,17
21,section,2021-2031,38.529411764705884,0.0,-32.62032085561497,187,11,17
21,section,2032-2042,38.529411764705884,0.0,-161.49732620320856,187,11,17
21,section,2043-2059,38.529411764705884,0.0,22.837370242214533,289,17,17
21,section,2060-2076,38.529411764705884,0.0,209.6885813148789,289,17,17
21,section,2077-2087,38.529411764705884,0.0,155.08021390374333,187,11,17
21,section,2088-2098,38.529411764705884,0.0,-68.98395721925134,187,11,17
21,section,2099-2109,38.529411764705884,0.0,77.54010695187166,187,11,17
21,section,2110-2120,38.529411764705884,0.0,443.3155080213904,187,11,17
21,section,2121-2131,38.529411764705884,0.0,86.09625668449198,187,11,17
21,section,2132-2142,38.529411764705884,0.0,51.8716577540107,187,11,17
21,section,2143-2146,38.529411764705884,0.0,-452.94117647058823,68,4,17
21,section,2147-2150,38.529411764705884,0.0,179.41176470588235,68,4,17
21,section,2151-2161,38.529411764705884,0.0,187.1657754010695,187,11,17
21,section,2162-2166,38.529411764705884,0.0,-24.705882352941178,85,5,17
21,section,2167-2176,38.529411764705884,0.0,210.0,170,10,17
21,section,2177-2186,38.529411764705884,0.0,506.47058823529414,170,10,17
21,section,2187-2190,38.529411764705884,0.0,176.47058823529412,68,4,17
21,section,2191-2202,38.529411764705884,0.0,312.7450980392157,204,12,17
21,section,2203-2212,38.529411764705884,0.0,105.88235294117646,170,10,17
21,section,2213-2222,38.529411764705884,0.0,-410.5882352941176,170,10,17
21,section,2223-2235,38.529411764705884,0.0,51.13122171945702,221,13,17
21,section,2236-2255,38.529411764705884,0.0,276.7647058823529,340,20,17
21,section,2256-2268,38.529411764705884,0.0,-166.9683257918552,221,13,17
21,section,2269-2281,38.529411764705884,0.0,-225.3393665158371,221,13,17
21,section,2282-2301,38.529411764705884,0.0,23.235294117647058,340,20,17
21,section,2302-2316,38.529411764705884,0.0,138.0392156862745,255,15,17
21,section,2317-2330,38.529411764705884,0.0,199.57983193277312,238,14,17
21,section,2331-2340,41.285714285714285,0.0,-150.0,70,10,7
21,section,2399-2415,36.6,0.0,68.82352941176471,170,17,10
22,machine_tail,0,40.32954545454545,0.0,67.20779220779221,616,40,17
22,machine_tail,1,40.35625,0.0,63.59375,640,42,17
22,machine_tail,2,40.32701421800948,0.0,42.18009478672986,633,41,17
22,machine_tail,3,40.32701421800948,0.0,173.77567140600317,633,41,17
22,machine_tail,4,40.32954545454545,0.0,-22.24025974025974,616,40,17
22,machine_tail,5,40.32954545454545,0.0,326.461038961039,616,40,17
22,machine_tail,6,40.363036303630366,0.0,332.34323432343234,606,39,17
22,machine_tail,7,40.363036303630366,0.0,310.5610561056106,606,39,17
22,machine_tail,8,40.363036303630366,0.0,26.072607260726073,606,39,17
22,machine_tail,9,40.32954545454545,0.0,-36.36363636363637,616,40,17
22,machine_type,その他,40.2951647183847,0.0,133.50159404888416,3764,293,17
22,machine_type,ジャグラー,40.4759751271905,0.0,101.52628603730922,1769,123,17
22,machine_type,ハナハナ,39.86666666666667,0.0,147.61904761904762,210,20,17
22,machine_type,化物語,38.42307692307692,0.0,-826.9230769230769,26,6,7
22,machine_type,北斗,40.54892601431981,0.0,232.93556085918854,419,30,17
22,rank_from_max,1.0,40.23529411764706,0.0,-1.3725490196078431,510,31,17
22,rank_from_max,10.0,40.23529411764706,0.0,303.52941176470586,425,26,17
22,rank_from_max,11.0,40.18,0.0,-18.0,350,21,17
22,rank_from_max,12.0,40.13705583756345,0.0,145.68527918781726,197,12,17
22,rank_from_max,13.0,40.12777777777778,0.0,-207.22222222222223,180,11,17
22,rank_from_max,14.0,40.08527131782946,0.0,55.03875968992248,129,8,17
22,rank_from_max,15.0,40.0625,0.0,400.0,112,7,17
22,rank_from_max,16.0,40.03157894736842,0.0,48.421052631578945,95,6,17
22,rank_from_max,17.0,40.03157894736842,0.0,208.42105263157896,95,6,17
22,rank_from_max,18.0,40.23529411764706,0.0,380.3921568627451,51,3,17
22,rank_from_max,19.0,40.23529411764706,0.0,-154.90196078431373,51,3,17
22,rank_from_max,2.0,40.23529411764706,0.0,163.13725490196077,510,31,17
22,rank_from_max,20.0,40.23529411764706,0.0,23.529411764705884,51,3,17
22,rank_from_max,3.0,40.23529411764706,0.0,-85.49019607843137,510,31,17
22,rank_from_max,4.0,40.23529411764706,0.0,-23.529411764705884,493,30,17
22,rank_from_max,5.0,40.23529411764706,0.0,129.18552036199094,442,27,17
22,rank_from_max,6.0,40.23529411764706,0.0,309.4117647058824,425,26,17
22,rank_from_max,7.0,40.23529411764706,0.0,280.47058823529414,425,26,17
22,rank_from_max,8.0,40.23529411764706,0.0,178.58823529411765,425,26,17
22,rank_from_max,9.0,40.23529411764706,0.0,72.94117647058823,425,26,17
22,rank_from_min,1.0,40.23529411764706,0.0,-71.56862745098039,510,31,17
22,rank_from_min,10.0,40.23529411764706,0.0,114.11764705882354,425,26,17
22,rank_from_min,11.0,40.18,0.0,185.42857142857142,350,21,17
22,rank_from_min,12.0,40.13705583756345,0.0,130.96446700507613,197,12,17
22,rank_from_min,13.0,40.12777777777778,0.0,292.77777777777777,180,11,17
22,rank_from_min,14.0,40.08527131782946,0.0,32.55813953488372,129,8,17
22,rank_from_min,15.0,40.0625,0.0,-7.142857142857143,112,7,17
22,rank_from_min,16.0,40.03157894736842,0.0,292.63157894736844,95,6,17
22,rank_from_min,17.0,40.03157894736842,0.0,26.31578947368421,95,6,17
22,rank_from_min,18.0,40.23529411764706,0.0,256.8627450980392,51,3,17
22,rank_from_min,19.0,40.23529411764706,0.0,92.15686274509804,51,3,17
22,rank_from_min,2.0,40.23529411764706,0.0,64.11764705882354,510,31,17
22,rank_from_min,20.0,40.23529411764706,0.0,-54.90196078431372,51,3,17
22,rank_from_min,3.0,40.23529411764706,0.0,206.66666666666666,510,31,17
22,rank_from_min,4.0,40.23529411764706,0.0,167.95131845841786,493,30,17
22,rank_from_min,5.0,40.23529411764706,0.0,100.22624434389141,442,27,17
22,rank_from_min,6.0,40.23529411764706,0.0,154.58823529411765,425,26,17
22,rank_from_min,7.0,40.23529411764706,0.0,239.52941176470588,425,26,17
22,rank_from_min,8.0,40.23529411764706,0.0,62.588235294117645,425,26,17
22,rank_from_min,9.0,40.23529411764706,0.0,-43.05882352941177,425,26,17
22,section,1631-1633,40.23529411764706,0.0,331.37254901960785,51,3,17
22,section,2001-2020,40.23529411764706,0.0,500.0,340,20,17
22,section,2021-2031,40.23529411764706,0.0,425.668449197861,187,11,17
22,section,2032-2042,40.23529411764706,0.0,-25.668449197860962,187,11,17
22,section,2043-2059,40.23529411764706,0.0,-84.77508650519032,289,17,17
22,section,2060-2076,40.23529411764706,0.0,247.05882352941177,289,17,17
22,section,2077-2087,40.23529411764706,0.0,-21.390374331550802,187,11,17
22,section,2088-2098,40.23529411764706,0.0,-302.13903743315507,187,11,17
22,section,2099-2109,40.23529411764706,0.0,169.51871657754012,187,11,17
22,section,2110-2120,40.23529411764706,0.0,350.26737967914437,187,11,17
22,section,2121-2131,40.23529411764706,0.0,12.29946524064171,187,11,17
22,section,2132-2142,40.23529411764706,0.0,138.50267379679144,187,11,17
22,section,2143-2146,40.23529411764706,0.0,-55.88235294117647,68,4,17
22,section,2147-2150,40.23529411764706,0.0,-16.176470588235293,68,4,17
22,section,2151-2161,40.23529411764706,0.0,-61.49732620320856,187,11,17
22,section,2162-2166,40.23529411764706,0.0,-168.23529411764707,85,5,17
22,section,2167-2176,40.23529411764706,0.0,307.05882352941177,170,10,17
22,section,2177-2186,40.23529411764706,0.0,321.1764705882353,170,10,17
22,section,2187-2190,40.23529411764706,0.0,145.58823529411765,68,4,17
22,section,2191-2202,40.23529411764706,0.0,152.45098039215685,204,12,17
22,section,2203-2212,40.23529411764706,0.0,317.05882352941177,170,10,17
22,section,2213-2222,40.23529411764706,0.0,-318.2352941176471,170,10,17
22,section,2223-2235,40.23529411764706,0.0,195.92760180995475,221,13,17
22,section,2236-2255,40.23529411764706,0.0,73.82352941176471,340,20,17
22,section,2256-2268,40.23529411764706,0.0,-400.90497737556564,221,13,17
22,section,2269-2281,40.23529411764706,0.0,-227.60180995475113,221,13,17
22,section,2282-2301,40.23529411764706,0.0,117.05882352941177,340,20,17
22,section,2302-2316,40.23529411764706,0.0,7.450980392156863,255,15,17
22,section,2317-2330,40.23529411764706,0.0,643.2773109243698,238,14,17
22,section,2331-2340,43.0,0.0,238.57142857142858,70,10,7
22,section,2399-2415,38.3,0.0,80.58823529411765,170,17,10
23,machine_tail,0,34.91396103896104,0.0,52.11038961038961,616,40,17
23,machine_tail,1,34.90625,0.0,-45.9375,640,42,17
23,machine_tail,2,34.91469194312796,0.0,-12.322274881516588,633,41,17
23,machine_tail,3,34.91469194312796,0.0,-92.8909952606635,633,41,17
23,machine_tail,4,34.91396103896104,0.0,-34.253246753246756,616,40,17
23,machine_tail,5,34.91396103896104,0.0,91.55844155844156,616,40,17
23,machine_tail,6,34.9042904290429,0.0,198.5148514851485,606,39,17
23,machine_tail,7,34.9042904290429,0.0,14.356435643564357,606,39,17
23,machine_tail,8,34.9042904290429,0.0,8.58085808580858,606,39,17
23,machine_tail,9,34.91396103896104,0.0,17.37012987012987,616,40,17
23,machine_type,その他,34.941285866099896,0.0,31.827842720510095,3764,293,17
23,machine_type,ジャグラー,34.87167891464104,0.0,37.083097795364615,1769,123,17
23,machine_type,ハナハナ,35.04761904761905,0.0,-59.523809523809526,210,20,17
23,machine_type,化物語,35.34615384615385,0.0,-134.6153846153846,26,6,7
23,machine_type,北斗,34.701670644391406,0.0,-126.73031026252983,419,30,17
23,rank_from_max,1.0,34.94117647058823,0.0,-28.823529411764707,510,31,17
23,rank_from_max,10.0,34.94117647058823,0.0,122.11764705882354,425,26,17
23,rank_from_max,11.0,34.957142857142856,0.0,-24.571428571428573,350,21,17
23,rank_from_max,12.0,34.96954314720812,0.0,31.472081218274113,197,12,17
23,rank_from_max,13.0,34.97222222222222,0.0,37.22222222222222,180,11,17
23,rank_from_max,14.0,34.98449612403101,0.0,186.04651162790697,129,8,17
23,rank_from_max,15.0,34.99107142857143,0.0,310.7142857142857,112,7,17
23,rank_from_max,16.0,35.0,0.0,-152.6315789473684,95,6,17
23,rank_from_max,17.0,35.0,0.0,-21.05263157894737,95,6,17
23,rank_from_max,18.0,34.94117647058823,0.0,-219.6078431372549,51,3,17
23,rank_from_max,19.0,34.94117647058823,0.0,605.8823529411765,51,3,17
23,rank_from_max,2.0,34.94117647058823,0.0,1.7647058823529411,510,31,17
23,rank_from_max,20.0,34.94117647058823,0.0,-115.68627450980392,51,3,17
23,rank_from_max,3.0,34.94117647058823,0.0,151.1764705882353,510,31,17
23,rank_from_max,4.0,34.94117647058823,0.0,-193.71196754563894,493,30,17
23,rank_from_max,5.0,34.94117647058823,0.0,110.40723981900453,442,27,17
23,rank_from_max,6.0,34.94117647058823,0.0,224.94117647058823,425,26,17
23,rank_from_max,7.0,34.94117647058823,0.0,-104.70588235294117,425,26,17
23,rank_from_max,8.0,34.94117647058823,0.0,131.2941176470588,425,26,17
23,rank_from_max,9.0,34.94117647058823,0.0,-188.47058823529412,425,26,17
23,rank_from_min,1.0,34.94117647058823,0.0,10.392156862745098,510,31,17
23,rank_from_min,10.0,34.94117647058823,0.0,-130.58823529411765,425,26,17
23,rank_from_min,11.0,34.957142857142856,0.0,90.85714285714286,350,21,17
23,rank_from_min,12.0,34.96954314720812,0.0,64.9746192893401,197,12,17
23,rank_from_min,13.0,34.97222222222222,0.0,159.44444444444446,180,11,17
23,rank_from_min,14.0,34.98449612403101,0.0,-62.7906976744186,129,8,17
23,rank_from_min,15.0,34.99107142857143,0.0,-25.0,112,7,17
23,rank_from_min,16.0,35.0,0.0,375.7894736842105,95,6,17
23,rank_from_min,17.0,35.0,0.0,147.3684210526316,95,6,17
23,rank_from_min,18.0,34.94117647058823,0.0,-143.13725490196077,51,3,17
23,rank_from_min,19.0,34.94117647058823,0.0,-268.62745098039215,51,3,17
23,rank_from_min,2.0,34.94117647058823,0.0,-30.19607843137255,510,31,17
23,rank_from_min,20.0,34.94117647058823,0.0,-166.66666666666666,51,3,17
23,rank_from_min,3.0,34.94117647058823,0.0,56.27450980392157,510,31,17
23,rank_from_min,4.0,34.94117647058823,0.0,43.20486815415821,493,30,17
23,rank_from_min,5.0,34.94117647058823,0.0,-13.574660633484163,442,27,17
23,rank_from_min,6.0,34.94117647058823,0.0,142.11764705882354,425,26,17
23,rank_from_min,7.0,34.94117647058823,0.0,-40.705882352941174,425,26,17
23,rank_from_min,8.0,34.94117647058823,0.0,-77.88235294117646,425,26,17
23,rank_from_min,9.0,34.94117647058823,0.0,199.2941176470588,425,26,17
23,section,1631-1633,34.94117647058823,0.0,-219.6078431372549,51,3,17
23,section,2001-2020,34.94117647058823,0.0,93.52941176470588,340,20,17
23,section,2021-2031,34.94117647058823,0.0,10.16042780748663,187,11,17
23,section,2032-2042,34.94117647058823,0.0,-242.24598930481284,187,11,17
23,section,2043-2059,34.94117647058823,0.0,165.39792387543253,289,17,17
23,section,2060-2076,34.94117647058823,0.0,-153.28719723183391,289,17,17
23,section,2077-2087,34.94117647058823,0.0,-190.9090909090909,187,11,17
23,section,2088-2098,34.94117647058823,0.0,24.59893048128342,187,11,17
23,section,2099-2109,34.94117647058823,0.0,-111.22994652406418,187,11,17
23,section,2110-2120,34.94117647058823,0.0,22.994652406417114,187,11,17
23,section,2121-2131,34.94117647058823,0.0,-128.87700534759358,187,11,17
23,section,2132-2142,34.94117647058823,0.0,24.06417112299465,187,11,17
23,section,2143-2146,34.94117647058823,0.0,-288.2352941176471,68,4,17
23,section,2147-2150,34.94117647058823,0.0,-39.705882352941174,68,4,17
23,section,2151-2161,34.94117647058823,0.0,14.973262032085561,187,11,17
23,section,2162-2166,34.94117647058823,0.0,-195.2941176470588,85,5,17
23,section,2167-2176,34.94117647058823,0.0,282.3529411764706,170,10,17
23,section,2177-2186,34.94117647058823,0.0,163.52941176470588,170,10,17
23,section,2187-2190,34.94117647058823,0.0,57.35294117647059,68,4,17
23,section,2191-2202,34.94117647058823,0.0,143.13725490196077,204,12,17
23,section,2203-2212,34.94117647058823,0.0,595.2941176470588,170,10,17
23,section,2213-2222,34.94117647058823,0.0,40.0,170,10,17
23,section,2223-2235,34.94117647058823,0.0,124.43438914027149,221,13,17
23,section,2236-2255,34.94117647058823,0.0,80.58823529411765,340,20,17
23,section,2256-2268,34.94117647058823,0.0,128.50678733031674,221,13,17
23,section,2269-2281,34.94117647058823,0.0,-186.42533936651583,221,13,17
23,section,2282-2301,34.94117647058823,0.0,15.294117647058824,340,20,17
23,section,2302-2316,34.94117647058823,0.0,-69.41176470588235,255,15,17
23,section,2317-2330,34.94117647058823,0.0,-34.03361344537815,238,14,17
23,section,2331-2340,34.142857142857146,0.0,50.0,70,10,7
23,section,2399-2415,35.5,0.0,214.11764705882354,170,17,10
24,machine_tail,0,33.88636363636363,0.0,-192.2077922077922,616,40,17
24,machine_tail,1,33.8875,0.0,-134.6875,640,42,17
24,machine_tail,2,33.88625592417062,0.0,123.85466034755135,633,41,17
24,machine_tail,3,33.88625592417062,0.0,77.09320695102686,633,41,17
24,machine_tail,4,33.88636363636363,0.0,19.318181818181817,616,40,17
24,machine_tail,5,33.88636363636363,0.0,-139.12337662337663,616,40,17
24,machine_tail,6,33.88778877887789,0.0,-129.20792079207922,606,39,17
24,machine_tail,7,33.88778877887789,0.0,200.4950495049505,606,39,17
24,machine_tail,8,33.88778877887789,0.0,50.99009900990099,606,39,17
24,machine_tail,9,33.88636363636363,0.0,-82.79220779220779,616,40,17
24,machine_type,その他,33.880350970486575,0.0,-46.18452539218293,3761,293,17
24,machine_type,ジャグラー,33.89259468626343,0.0,1.0175240248728095,1769,123,17
24,machine_type,ハナハナ,33.86666666666667,0.0,-16.666666666666668,210,20,17
24,machine_type,化物語,34.26923076923077,0.0,123.07692307692308,26,6,7
24,machine_type,北斗,33.90758293838863,0.0,104.50236966824644,422,33,17
24,rank_from_max,1.0,33.88235294117647,0.0,-108.62745098039215,510,31,17
24,rank_from_max,10.0,33.88235294117647,0.0,-136.7058823529412,425,26,17
24,rank_from_max,11.0,33.88,0.0,-68.28571428571429,350,21,17
24,rank_from_max,12.0,33.878172588832484,0.0,-98.4771573604061,197,12,17
24,rank_from_max,13.0,33.87777777777778,0.0,-79.44444444444444,180,11,17
24,rank_from_max,14.0,33.87596899224806,0.0,108.52713178294573,129,8,17
24,rank_from_max,15.0,33.875,0.0,99.10714285714286,112,7,17
24,rank_from_max,16.0,33.873684210526314,0.0,-176.8421052631579,95,6,17
24,rank_from_max,17.0,33.873684210526314,0.0,-11.578947368421053,95,6,17
24,rank_from_max,18.0,33.88235294117647,0.0,-135.2941176470588,51,3,17
24,rank_from_max,19.0,33.88235294117647,0.0,-201.9607843137255,51,3,17
24,rank_from_max,2.0,33.88235294117647,0.0,-0.39215686274509803,510,31,17
24,rank_from_max,20.0,33.88235294117647,0.0,-601.9607843137255,51,3,17
24,rank_from_max,3.0,33.88235294117647,0.0,53.333333333333336,510,31,17
24,rank_from_max,4.0,33.88235294117647,0.0,68.55983772819472,493,30,17
24,rank_from_max,5.0,33.88235294117647,0.0,-55.88235294117647,442,27,17
24,rank_from_max,6.0,33.88235294117647,0.0,-60.94117647058823,425,26,17
24,rank_from_max,7.0,33.88235294117647,0.0,-7.529411764705882,425,26,17
24,rank_from_max,8.0,33.88235294117647,0.0,73.41176470588235,425,26,17
24,rank_from_max,9.0,33.88235294117647,0.0,47.05882352941177,425,26,17
24,rank_from_min,1.0,33.88235294117647,0.0,-152.54901960784315,510,31,17
24,rank_from_min,10.0,33.88235294117647,0.0,55.294117647058826,425,26,17
24,rank_from_min,11.0,33.88,0.0,-101.42857142857143,350,21,17
24,rank_from_min,12.0,33.878172588832484,0.0,147.71573604060913,197,12,17
24,rank_from_min,13.0,33.87777777777778,0.0,-85.0,180,11,17
24,rank_from_min,14.0,33.87596899224806,0.0,-293.0232558139535,129,8,17
24,rank_from_min,15.0,33.875,0.0,345.5357142857143,112,7,17
24,rank_from_min,16.0,33.873684210526314,0.0,-233.68421052631578,95,6,17
24,rank_from_min,17.0,33.873684210526314,0.0,-125.26315789473684,95,6,17
24,rank_from_min,18.0,33.88235294117647,0.0,-80.3921568627451,51,3,17
24,rank_from_min,19.0,33.88235294117647,0.0,-94.11764705882354,51,3,17
24,rank_from_min,2.0,33.88235294117647,0.0,-22.941176470588236,510,31,17
24,rank_from_min,20.0,33.88235294117647,0.0,-347.05882352941177,51,3,17
24,rank_from_min,3.0,33.88235294117647,0.0,-6.666666666666667,510,31,17
24,rank_from_min,4.0,33.88235294117647,0.0,-21.095334685598377,493,30,17
24,rank_from_min,5.0,33.88235294117647,0.0,-59.95475113122172,442,27,17
24,rank_from_min,6.0,33.88235294117647,0.0,35.76470588235294,425,26,17
24,rank_from_min,7.0,33.88235294117647,0.0,135.52941176470588,425,26,17
24,rank_from_min,8.0,33.88235294117647,0.0,11.529411764705882,425,26,17
24,rank_from_min,9.0,33.88235294117647,0.0,-102.3529411764706,425,26,17
24,section,1631-1633,33.88235294117647,0.0,192.15686274509804,51,3,17
24,section,2001-2020,33.88235294117647,0.0,-344.11764705882354,340,20,17
24,section,2021-2031,33.88235294117647,0.0,-87.70053475935829,187,11,17
24,section,2032-2042,33.88235294117647,0.0,-3.7433155080213902,187,11,17
24,section,2043-2059,33.88235294117647,0.0,17.993079584775085,289,17,17
24,section,2060-2076,33.88235294117647,0.0,71.97231833910034,289,17,17
24,section,2077-2087,33.88235294117647,0.0,352.94117647058823,187,11,17
24,section,2088-2098,33.88235294117647,0.0,-76.47058823529412,187,11,17
24,section,2099-2109,33.88235294117647,0.0,8.02139037433155,187,11,17
24,section,2110-2120,33.88235294117647,0.0,-51.8716577540107,187,11,17
24,section,2121-2131,33.88235294117647,0.0,59.35828877005348,187,11,17
24,section,2132-2142,33.88235294117647,0.0,17.647058823529413,187,11,17
24,section,2143-2146,33.88235294117647,0.0,-277.94117647058823,68,4,17
24,section,2147-2150,33.88235294117647,0.0,-1.4705882352941178,68,4,17
24,section,2151-2161,33.88235294117647,0.0,-101.06951871657753,187,11,17
24,section,2162-2166,33.88235294117647,0.0,135.2941176470588,85,5,17
24,section,2167-2176,33.88235294117647,0.0,247.05882352941177,170,10,17
24,section,2177-2186,33.88235294117647,0.0,-18.823529411764707,170,10,17
24,section,2187-2190,33.88235294117647,0.0,291.1764705882353,68,4,17
24,section,2191-2202,33.88235294117647,0.0,-27.941176470588236,204,12,17
24,section,2203-2212,33.88235294117647,0.0,122.3529411764706,170,10,17
24,section,2213-2222,33.88235294117647,0.0,-351.1764705882353,170,10,17
24,section,2223-2235,33.88235294117647,0.0,-19.457013574660632,221,13,17
24,section,2236-2255,33.88235294117647,0.0,-8.823529411764707,340,20,17
24,section,2256-2268,33.88235294117647,0.0,-86.42533936651584,221,13,17
24,section,2269-2281,33.88235294117647,0.0,-233.0316742081448,221,13,17
24,section,2282-2301,33.88235294117647,0.0,51.1764705882353,340,20,17
24,section,2302-2316,33.88235294117647,0.0,-8.235294117647058,255,15,17
24,section,2317-2330,33.88235294117647,0.0,-99.15966386554622,238,14,17
24,section,2331-2340,34.0,0.0,-162.85714285714286,70,10,7
24,section,2399-2415,33.8,0.0,-18.823529411764707,170,17,10
25,machine_tail,0,36.547077922077925,0.0,70.61688311688312,616,40,17
25,machine_tail,1,36.56875,0.0,37.8125,640,42,17
25,machine_tail,2,36.54502369668246,0.0,-129.06793048973142,633,41,17
25,machine_tail,3,36.54502369668246,0.0,-89.41548183254345,633,41,17
25,machine_tail,4,36.547077922077925,0.0,183.6038961038961,616,40,17
25,machine_tail,5,36.547077922077925,0.0,110.22727272727273,616,40,17
25,machine_tail,6,36.57425742574257,0.0,24.752475247524753,606,39,17
25,machine_tail,7,36.57425742574257,0.0,40.59405940594059,606,39,17
25,machine_tail,8,36.57425742574257,0.0,-0.8250825082508251,606,39,17
25,machine_tail,9,36.547077922077925,0.0,128.24675324675326,616,40,17
25,machine_type,その他,36.53868651954267,0.0,-6.461047593725073,3761,293,17
25,machine_type,ジャグラー,36.66591294516676,0.0,160.9383832673827,1769,123,17
25,machine_type,ハナハナ,36.17142857142857,0.0,-151.9047619047619,210,20,17
25,machine_type,化物語,34.42307692307692,0.0,-123.07692307692308,26,6,7
25,machine_type,北斗,36.58530805687204,0.0,7.5829383886255926,422,33,17
25,rank_from_max,1.0,36.470588235294116,0.0,-41.1764705882353,510,31,17
25,rank_from_max,10.0,36.470588235294116,0.0,-45.64705882352941,425,26,17
25,rank_from_max,11.0,36.425714285714285,0.0,-1.4285714285714286,350,21,17
25,rank_from_max,12.0,36.390862944162436,0.0,110.65989847715736,197,12,17
25,rank_from_max,13.0,36.38333333333333,0.0,85.55555555555556,180,11,17
25,rank_from_max,14.0,36.348837209302324,0.0,82.94573643410853,129,8,17
25,rank_from_max,15.0,36.330357142857146,0.0,-49.107142857142854,112,7,17
25,rank_from_max,16.0,36.305263157894736,0.0,-158.94736842105263,95,6,17
25,rank_from_max,17.0,36.305263157894736,0.0,-227.3684210526316,95,6,17
25,rank_from_max,18.0,36.470588235294116,0.0,-180.3921568627451,51,3,17
25,rank_from_max,19.0,36.470588235294116,0.0,98.03921568627452,51,3,17
25,rank_from_max,2.0,36.470588235294116,0.0,-13.137254901960784,510,31,17
25,rank_from_max,20.0,36.470588235294116,0.0,-429.4117647058824,51,3,17
25,rank_from_max,3.0,36.470588235294116,0.0,-3.9215686274509802,510,31,17
25,rank_from_max,4.0,36.470588235294116,0.0,119.47261663286004,493,30,17
25,rank_from_max,5.0,36.470588235294116,0.0,13.800904977375566,442,27,17
25,rank_from_max,6.0,36.470588235294116,0.0,178.35294117647058,425,26,17
25,rank_from_max,7.0,36.470588235294116,0.0,189.41176470588235,425,26,17
25,rank_from_max,8.0,36.470588235294116,0.0,106.82352941176471,425,26,17
25,rank_from_max,9.0,36.470588235294116,0.0,50.8235294117647,425,26,17
25,rank_from_min,1.0,36.470588235294116,0.0,-106.47058823529412,510,31,17
25,rank_from_min,10.0,36.470588235294116,0.0,-97.88235294117646,425,26,17
25,rank_from_min,11.0,36.425714285714285,0.0,0.5714285714285714,350,21,17
25,rank_from_min,12.0,36.390862944162436,0.0,-4.568527918781726,197,12,17
25,rank_from_min,13.0,36.38333333333333,0.0,-161.11111111111111,180,11,17
25,rank_from_min,14.0,36.348837209302324,0.0,64.34108527131782,129,8,17
25,rank_from_min,15.0,36.330357142857146,0.0,-101.78571428571429,112,7,17
25,rank_from_min,16.0,36.305263157894736,0.0,-165.26315789473685,95,6,17
25,rank_from_min,17.0,36.305263157894736,0.0,32.63157894736842,95,6,17
25,rank_from_min,18.0,36.470588235294116,0.0,62.745098039215684,51,3,17
25,rank_from_min,19.0,36.470588235294116,0.0,405.88235294117646,51,3,17
25,rank_from_min,2.0,36.470588235294116,0.0,-3.7254901960784315,510,31,17
25,rank_from_min,20.0,36.470588235294116,0.0,590.1960784313726,51,3,17
25,rank_from_min,3.0,36.470588235294116,0.0,20.0,510,31,17
25,rank_from_min,4.0,36.470588235294116,0.0,3.4482758620689653,493,30,17
25,rank_from_min,5.0,36.470588235294116,0.0,220.58823529411765,442,27,17
25,rank_from_min,6.0,36.470588235294116,0.0,215.05882352941177,425,26,17
25,rank_from_min,7.0,36.470588235294116,0.0,47.76470588235294,425,26,17
25,rank_from_min,8.0,36.470588235294116,0.0,158.35294117647058,425,26,17
25,rank_from_min,9.0,36.470588235294116,0.0,44.94117647058823,425,26,17
25,section,1631-1633,36.470588235294116,0.0,219.6078431372549,51,3,17
25,section,2001-2020,36.470588235294116,0.0,55.88235294117647,340,20,17
25,section,2021-2031,36.470588235294116,0.0,-24.59893048128342,187,11,17
25,section,2032-2042,36.470588235294116,0.0,-271.1229946524064,187,11,17
25,section,2043-2059,36.470588235294116,0.0,-196.88581314878894,289,17,17
25,section,2060-2076,36.470588235294116,0.0,-97.2318339100346,289,17,17
25,section,2077-2087,36.470588235294116,0.0,-87.16577540106952,187,11,17
25,section,2088-2098,36.470588235294116,0.0,57.219251336898395,187,11,17
25,section,2099-2109,36.470588235294116,0.0,240.10695187165774,187,11,17
25,section,2110-2120,36.470588235294116,0.0,103.7433155080214,187,11,17
25,section,2121-2131,36.470588235294116,0.0,257.2192513368984,187,11,17
25,section,2132-2142,36.470588235294116,0.0,75.40106951871658,187,11,17
25,section,2143-2146,36.470588235294116,0.0,263.2352941176471,68,4,17
25,section,2147-2150,36.470588235294116,0.0,7.352941176470588,68,4,17
25,section,2151-2161,36.470588235294116,0.0,51.8716577540107,187,11,17
25,section,2162-2166,36.470588235294116,0.0,347.05882352941177,85,5,17
25,section,2167-2176,36.470588235294116,0.0,-14.117647058823529,170,10,17
25,section,2177-2186,36.470588235294116,0.0,14.117647058823529,170,10,17
25,section,2187-2190,36.470588235294116,0.0,320.5882352941176,68,4,17
25,section,2191-2202,36.470588235294116,0.0,91.17647058823529,204,12,17
25,section,2203-2212,36.470588235294116,0.0,-312.94117647058823,170,10,17
25,section,2213-2222,36.470588235294116,0.0,36.470588235294116,170,10,17
25,section,2223-2235,36.470588235294116,0.0,276.47058823529414,221,13,17
25,section,2236-2255,36.470588235294116,0.0,70.58823529411765,340,20,17
25,section,2256-2268,36.470588235294116,0.0,-251.5837104072398,221,13,17
25,section,2269-2281,36.470588235294116,0.0,-12.217194570135746,221,13,17
25,section,2282-2301,36.470588235294116,0.0,151.47058823529412,340,20,17
25,section,2302-2316,36.470588235294116,0.0,83.92156862745098,255,15,17
25,section,2317-2330,36.470588235294116,0.0,92.43697478991596,238,14,17
25,section,2331-2340,38.714285714285715,0.0,-72.85714285714286,70,10,7
25,section,2399-2415,34.9,0.0,234.7058823529412,170,17,10
26,machine_tail,0,33.64935064935065,0.0,65.42207792207792,616,40,17
26,machine_tail,1,33.65,0.0,-15.625,640,42,17
26,machine_tail,2,33.649289099526065,0.0,-30.33175355450237,633,41,17
26,machine_tail,3,33.649289099526065,0.0,-8.846761453396525,633,41,17
26,machine_tail,4,33.64935064935065,0.0,-201.62337662337663,616,40,17
26,machine_tail,5,33.64935064935065,0.0,24.675324675324674,616,40,17
26,machine_tail,6,33.65016501650165,0.0,-78.54785478547855,606,39,17
26,machine_tail,7,33.65016501650165,0.0,-111.71617161716172,606,39,17
26,machine_tail,8,33.65016501650165,0.0,-6.270627062706271,606,39,17
26,machine_tail,9,33.64935064935065,0.0,174.67532467532467,616,40,17
26,machine_type,その他,33.65089072055304,0.0,-23.610741823982984,3761,293,17
26,machine_type,ジャグラー,33.65291124929339,0.0,-36.57433578292821,1769,123,17
26,machine_type,ハナハナ,33.63809523809524,0.0,47.61904761904762,210,20,17
26,machine_type,化物語,34.46153846153846,0.0,673.0769230769231,26,6,7
26,machine_type,北斗,33.58056872037915,0.0,26.066350710900473,422,33,17
26,rank_from_max,1.0,33.64705882352941,0.0,-114.11764705882354,510,31,17
26,rank_from_max,10.0,33.64705882352941,0.0,123.52941176470588,425,26,17
26,rank_from_max,11.0,33.645714285714284,0.0,14.571428571428571,350,21,17
26,rank_from_max,12.0,33.64467005076142,0.0,26.903553299492387,197,12,17
26,rank_from_max,13.0,33.644444444444446,0.0,119.44444444444444,180,11,17
26,rank_from_max,14.0,33.64341085271318,0.0,34.10852713178294,129,8,17
26,rank_from_max,15.0,33.642857142857146,0.0,-203.57142857142858,112,7,17
26,rank_from_max,16.0,33.642105263157895,0.0,-3.1578947368421053,95,6,17
26,rank_from_max,17.0,33.642105263157895,0.0,180.0,95,6,17
26,rank_from_max,18.0,33.64705882352941,0.0,-370.5882352941176,51,3,17
26,rank_from_max,19.0,33.64705882352941,0.0,-413.72549019607845,51,3,17
26,rank_from_max,2.0,33.64705882352941,0.0,8.03921568627451,510,31,17
26,rank_from_max,20.0,33.64705882352941,0.0,-266.6666666666667,51,3,17
26,rank_from_max,3.0,33.64705882352941,0.0,-17.058823529411764,510,31,17
26,rank_from_max,4.0,33.64705882352941,0.0,64.90872210953347,493,30,17
26,rank_from_max,5.0,33.64705882352941,0.0,50.90497737556561,442,27,17
26,rank_from_max,6.0,33.64705882352941,0.0,-37.64705882352941,425,26,17
26,rank_from_max,7.0,33.64705882352941,0.0,-96.70588235294117,425,26,17
26,rank_from_max,8.0,33.64705882352941,0.0,-101.88235294117646,425,26,17
26,rank_from_max,9.0,33.64705882352941,0.0,1.6470588235294117,425,26,17
26,rank_from_min,1.0,33.64705882352941,0.0,-62.15686274509804,510,31,17
26,rank_from_min,10.0,33.64705882352941,0.0,152.0,425,26,17
26,rank_from_min,11.0,33.645714285714284,0.0,-122.57142857142857,350,21,17
26,rank_from_min,12.0,33.64467005076142,0.0,-142.63959390862945,197,12,17
26,rank_from_min,13.0,33.644444444444446,0.0,-207.22222222222223,180,11,17
26,rank_from_min,14.0,33.64341085271318,0.0,-257.3643410852713,129,8,17
26,rank_from_min,15.0,33.642857142857146,0.0,-1.7857142857142858,112,7,17
26,rank_from_min,16.0,33.642105263157895,0.0,-317.89473684210526,95,6,17
26,rank_from_min,17.0,33.642105263157895,0.0,-18.94736842105263,95,6,17
26,rank_from_min,18.0,33.64705882352941,0.0,109.80392156862744,51,3,17
26,rank_from_min,19.0,33.64705882352941,0.0,476.47058823529414,51,3,17
26,rank_from_min,2.0,33.64705882352941,0.0,-33.333333333333336,510,31,17
26,rank_from_min,20.0,33.64705882352941,0.0,-41.1764705882353,51,3,17
26,rank_from_min,3.0,33.64705882352941,0.0,50.588235294117645,510,31,17
26,rank_from_min,4.0,33.64705882352941,0.0,-0.2028397565922921,493,30,17
26,rank_from_min,5.0,33.64705882352941,0.0,-117.1945701357466,442,27,17
26,rank_from_min,6.0,33.64705882352941,0.0,58.35294117647059,425,26,17
26,rank_from_min,7.0,33.64705882352941,0.0,-28.705882352941178,425,26,17
26,rank_from_min,8.0,33.64705882352941,0.0,124.94117647058823,425,26,17
26,rank_from_min,9.0,33.64705882352941,0.0,27.294117647058822,425,26,17
26,section,1631-1633,33.64705882352941,0.0,184.31372549019608,51,3,17
26,section,2001-2020,33.64705882352941,0.0,-202.64705882352942,340,20,17
26,section,2021-2031,33.64705882352941,0.0,-233.15508021390374,187,11,17
26,section,2032-2042,33.64705882352941,0.0,-212.29946524064172,187,11,17
26,section,2043-2059,33.64705882352941,0.0,32.17993079584775,289,17,17
26,section,2060-2076,33.64705882352941,0.0,83.04498269896193,289,17,17
26,section,2077-2087,33.64705882352941,0.0,140.10695187165774,187,11,17
26,section,2088-2098,33.64705882352941,0.0,-80.74866310160428,187,11,17
26,section,2099-2109,33.64705882352941,0.0,-45.98930481283423,187,11,17
26,section,2110-2120,33.64705882352941,0.0,63.63636363636363,187,11,17
26,section,2121-2131,33.64705882352941,0.0,16.577540106951872,187,11,17
26,section,2132-2142,33.64705882352941,0.0,-52.406417112299465,187,11,17
26,section,2143-2146,33.64705882352941,0.0,-291.1764705882353,68,4,17
26,section,2147-2150,33.64705882352941,0.0,-79.41176470588235,68,4,17
26,section,2151-2161,33.64705882352941,0.0,38.50267379679144,187,11,17
26,section,2162-2166,33.64705882352941,0.0,320.0,85,5,17
26,section,2167-2176,33.64705882352941,0.0,-93.52941176470588,170,10,17
26,section,2177-2186,33.64705882352941,0.0,95.88235294117646,170,10,17
26,section,2187-2190,33.64705882352941,0.0,-202.94117647058823,68,4,17
26,section,2191-2202,33.64705882352941,0.0,25.49019607843137,204,12,17
26,section,2203-2212,33.64705882352941,0.0,227.64705882352942,170,10,17
26,section,2213-2222,33.64705882352941,0.0,-65.29411764705883,170,10,17
26,section,2223-2235,33.64705882352941,0.0,-151.5837104072398,221,13,17
26,section,2236-2255,33.64705882352941,0.0,-80.58823529411765,340,20,17
26,section,2256-2268,33.64705882352941,0.0,81.90045248868778,221,13,17
26,section,2269-2281,33.64705882352941,0.0,-98.19004524886878,221,13,17
26,section,2282-2301,33.64705882352941,0.0,-13.235294117647058,340,20,17
26,section,2302-2316,33.64705882352941,0.0,106.27450980392157,255,15,17
26,section,2317-2330,33.64705882352941,0.0,62.18487394957983,238,14,17
26,section,2331-2340,33.714285714285715,0.0,-54.285714285714285,70,10,7
26,section,2399-2415,33.6,0.0,148.8235294117647,170,17,10
27,machine_tail,0,40.01623376623377,0.0,-89.28571428571429,616,40,17
27,machine_tail,1,40.0375,0.0,-95.9375,640,42,17
27,machine_tail,2,40.014218009478675,0.0,70.7740916271722,633,41,17
27,machine_tail,3,40.014218009478675,0.0,28.90995260663507,633,41,17
27,machine_tail,4,40.01623376623377,0.0,107.79220779220779,616,40,17
27,machine_tail,5,40.01623376623377,0.0,120.61688311688312,616,40,17
27,machine_tail,6,40.04290429042904,0.0,71.61716171617162,606,39,17
27,machine_tail,7,40.04290429042904,0.0,77.06270627062706,606,39,17
27,machine_tail,8,40.04290429042904,0.0,-17.326732673267326,606,39,17
27,machine_tail,9,40.01623376623377,0.0,10.551948051948052,616,40,17
27,machine_type,その他,40.04094655676682,0.0,-36.42648231853231,3761,293,17
27,machine_type,ジャグラー,40.1328434143584,0.0,127.8688524590164,1769,123,17
27,machine_type,ハナハナ,39.647619047619045,0.0,144.76190476190476,210,20,17
27,machine_type,化物語,38.07692307692308,0.0,-469.2307692307692,26,6,7
27,machine_type,北斗,39.75118483412322,0.0,156.6350710900474,422,33,17
27,rank_from_max,1.0,39.94117647058823,0.0,-226.07843137254903,510,31,17
27,rank_from_max,10.0,39.94117647058823,0.0,177.41176470588235,425,26,17
27,rank_from_max,11.0,39.89714285714286,0.0,-205.71428571428572,350,21,17
27,rank_from_max,12.0,39.86294416243655,0.0,211.6751269035533,197,12,17
27,rank_from_max,13.0,39.855555555555554,0.0,162.22222222222223,180,11,17
27,rank_from_max,14.0,39.82170542635659,0.0,-74.4186046511628,129,8,17
27,rank_from_max,15.0,39.80357142857143,0.0,333.92857142857144,112,7,17
27,rank_from_max,16.0,39.77894736842105,0.0,311.57894736842104,95,6,17
27,rank_from_max,17.0,39.77894736842105,0.0,-430.5263157894737,95,6,17
27,rank_from_max,18.0,39.94117647058823,0.0,396.078431372549,51,3,17
27,rank_from_max,19.0,39.94117647058823,0.0,-180.3921568627451,51,3,17
27,rank_from_max,2.0,39.94117647058823,0.0,-8.235294117647058,510,31,17
27,rank_from_max,20.0,39.94117647058823,0.0,-262.7450980392157,51,3,17
27,rank_from_max,3.0,39.94117647058823,0.0,63.92156862745098,510,31,17
27,rank_from_max,4.0,39.94117647058823,0.0,-65.11156186612575,493,30,17
27,rank_from_max,5.0,39.94117647058823,0.0,159.0497737556561,442,27,17
27,rank_from_max,6.0,39.94117647058823,0.0,39.529411764705884,425,26,17
27,rank_from_max,7.0,39.94117647058823,0.0,94.3529411764706,425,26,17
27,rank_from_max,8.0,39.94117647058823,0.0,47.529411764705884,425,26,17
27,rank_from_max,9.0,39.94117647058823,0.0,-50.35294117647059,425,26,17
27,rank_from_min,1.0,39.94117647058823,0.0,-364.3137254901961,510,31,17
27,rank_from_min,10.0,39.94117647058823,0.0,-171.2941176470588,425,26,17
27,rank_from_min,11.0,39.89714285714286,0.0,-107.71428571428571,350,21,17
27,rank_from_min,12.0,39.86294416243655,0.0,309.6446700507614,197,12,17
27,rank_from_min,13.0,39.855555555555554,0.0,2.7777777777777777,180,11,17
27,rank_from_min,14.0,39.82170542635659,0.0,-158.91472868217053,129,8,17
27,rank_from_min,15.0,39.80357142857143,0.0,-282.14285714285717,112,7,17
27,rank_from_min,16.0,39.77894736842105,0.0,-61.05263157894737,95,6,17
27,rank_from_min,17.0,39.77894736842105,0.0,21.05263157894737,95,6,17
27,rank_from_min,18.0,39.94117647058823,0.0,-421.5686274509804,51,3,17
27,rank_from_min,19.0,39.94117647058823,0.0,201.9607843137255,51,3,17
27,rank_from_min,2.0,39.94117647058823,0.0,310.7843137254902,510,31,17
27,rank_from_min,20.0,39.94117647058823,0.0,-403.921568627451,51,3,17
27,rank_from_min,3.0,39.94117647058823,0.0,112.74509803921569,510,31,17
27,rank_from_min,4.0,39.94117647058823,0.0,67.54563894523326,493,30,17
27,rank_from_min,5.0,39.94117647058823,0.0,153.16742081447964,442,27,17
27,rank_from_min,6.0,39.94117647058823,0.0,177.41176470588235,425,26,17
27,rank_from_min,7.0,39.94117647058823,0.0,49.88235294117647,425,26,17
27,rank_from_min,8.0,39.94117647058823,0.0,-68.23529411764706,425,26,17
27,rank_from_min,9.0,39.94117647058823,0.0,78.3529411764706,425,26,17
27,section,1631-1633,39.94117647058823,0.0,-421.5686274509804,51,3,17
27,section,2001-2020,39.94117647058823,0.0,-274.11764705882354,340,20,17
27,section,2021-2031,39.94117647058823,0.0,145.98930481283423,187,11,17
27,section,2032-2042,39.94117647058823,0.0,-394.11764705882354,187,11,17
27,section,2043-2059,39.94117647058823,0.0,-104.1522491349481,289,17,17
27,section,2060-2076,39.94117647058823,0.0,114.87889273356402,289,17,17
27,section,2077-2087,39.94117647058823,0.0,110.16042780748663,187,11,17
27,section,2088-2098,39.94117647058823,0.0,36.898395721925134,187,11,17
27,section,2099-2109,39.94117647058823,0.0,60.962566844919785,187,11,17
27,section,2110-2120,39.94117647058823,0.0,181.28342245989305,187,11,17
27,section,2121-2131,39.94117647058823,0.0,12.834224598930481,187,11,17
27,section,2132-2142,39.94117647058823,0.0,64.1711229946524,187,11,17
27,section,2143-2146,39.94117647058823,0.0,645.5882352941177,68,4,17
27,section,2147-2150,39.94117647058823,0.0,11.764705882352942,68,4,17
27,section,2151-2161,39.94117647058823,0.0,18.71657754010695,187,11,17
27,section,2162-2166,39.94117647058823,0.0,245.88235294117646,85,5,17
27,section,2167-2176,39.94117647058823,0.0,91.76470588235294,170,10,17
27,section,2177-2186,39.94117647058823,0.0,193.52941176470588,170,10,17
27,section,2187-2190,39.94117647058823,0.0,-76.47058823529412,68,4,17
27,section,2191-2202,39.94117647058823,0.0,152.94117647058823,204,12,17
27,section,2203-2212,39.94117647058823,0.0,-207.05882352941177,170,10,17
27,section,2213-2222,39.94117647058823,0.0,-176.47058823529412,170,10,17
27,section,2223-2235,39.94117647058823,0.0,151.5837104072398,221,13,17
27,section,2236-2255,39.94117647058823,0.0,210.0,340,20,17
27,section,2256-2268,39.94117647058823,0.0,-427.6018099547511,221,13,17
27,section,2269-2281,39.94117647058823,0.0,-99.09502262443439,221,13,17
27,section,2282-2301,39.94117647058823,0.0,174.41176470588235,340,20,17
27,section,2302-2316,39.94117647058823,0.0,123.52941176470588,255,15,17
27,section,2317-2330,39.94117647058823,0.0,229.41176470588235,238,14,17
27,section,2331-2340,42.142857142857146,0.0,70.0,70,10,7
27,section,2399-2415,38.4,0.0,-300.0,170,17,10
28,machine_tail,0,35.118506493506494,0.0,129.38311688311688,616,40,17
28,machine_tail,1,35.11875,0.0,-109.375,640,42,17
28,machine_tail,2,35.11848341232228,0.0,-39.494470774091624,633,41,17
28,machine_tail,3,35.11848341232228,0.0,49.447077409162716,633,41,17
28,machine_tail,4,35.118506493506494,0.0,-35.064935064935064,616,40,17
28,machine_tail,5,35.118506493506494,0.0,121.42857142857143,616,40,17
28,machine_tail,6,35.118811881188115,0.0,-26.237623762376238,606,39,17
28,machine_tail,7,35.118811881188115,0.0,-202.8052805280528,606,39,17
28,machine_tail,8,35.118811881188115,0.0,-61.22112211221122,606,39,17
28,machine_tail,9,35.118506493506494,0.0,3.0844155844155843,616,40,17
28,machine_type,その他,35.108481786758844,0.0,-36.05424089337942,3761,293,17
28,machine_type,ジャグラー,35.11984171848502,0.0,41.49236856981345,1769,123,17
28,machine_type,ハナハナ,35.114285714285714,0.0,-119.52380952380952,210,20,17
28,machine_type,化物語,35.34615384615385,0.0,-230.76923076923077,26,6,7
28,machine_type,北斗,35.191943127962084,0.0,-27.251184834123222,422,33,17
28,rank_from_max,1.0,35.11764705882353,0.0,-31.764705882352942,510,31,17
28,rank_from_max,10.0,35.11764705882353,0.0,129.41176470588235,425,26,17
28,rank_from_max,11.0,35.11714285714286,0.0,138.0,350,21,17
28,rank_from_max,12.0,35.11675126903553,0.0,-20.81218274111675,197,12,17
28,rank_from_max,13.0,35.11666666666667,0.0,167.22222222222223,180,11,17
28,rank_from_max,14.0,35.116279069767444,0.0,-63.565891472868216,129,8,17
28,rank_from_max,15.0,35.11607142857143,0.0,-22.321428571428573,112,7,17
28,rank_from_max,16.0,35.11578947368421,0.0,-137.89473684210526,95,6,17
28,rank_from_max,17.0,35.11578947368421,0.0,265.2631578947368,95,6,17
28,rank_from_max,18.0,35.11764705882353,0.0,-7.8431372549019605,51,3,17
28,rank_from_max,19.0,35.11764705882353,0.0,-400.0,51,3,17
28,rank_from_max,2.0,35.11764705882353,0.0,-152.94117647058823,510,31,17
28,rank_from_max,20.0,35.11764705882353,0.0,-235.2941176470588,51,3,17
28,rank_from_max,3.0,35.11764705882353,0.0,-94.70588235294117,510,31,17
28,rank_from_max,4.0,35.11764705882353,0.0,-96.55172413793103,493,30,17
28,rank_from_max,5.0,35.11764705882353,0.0,-41.6289592760181,442,27,17
28,rank_from_max,6.0,35.11764705882353,0.0,-160.47058823529412,425,26,17
28,rank_from_max,7.0,35.11764705882353,0.0,68.23529411764706,425,26,17
28,rank_from_max,8.0,35.11764705882353,0.0,3.2941176470588234,425,26,17
28,rank_from_max,9.0,35.11764705882353,0.0,-28.941176470588236,425,26,17
28,rank_from_min,1.0,35.11764705882353,0.0,-202.35294117647058,510,31,17
28,rank_from_min,10.0,35.11764705882353,0.0,-142.11764705882354,425,26,17
28,rank_from_min,11.0,35.11714285714286,0.0,64.28571428571429,350,21,17
28,rank_from_min,12.0,35.11675126903553,0.0,-182.23350253807106,197,12,17
28,rank_from_min,13.0,35.11666666666667,0.0,-211.66666666666666,180,11,17
28,rank_from_min,14.0,35.116279069767444,0.0,40.310077519379846,129,8,17
28,rank_from_min,15.0,35.11607142857143,0.0,29.464285714285715,112,7,17
28,rank_from_min,16.0,35.11578947368421,0.0,-407.36842105263156,95,6,17
28,rank_from_min,17.0,35.11578947368421,0.0,433.6842105263158,95,6,17
28,rank_from_min,18.0,35.11764705882353,0.0,-125.49019607843137,51,3,17
28,rank_from_min,19.0,35.11764705882353,0.0,-23.529411764705884,51,3,17
28,rank_from_min,2.0,35.11764705882353,0.0,-104.90196078431373,510,31,17
28,rank_from_min,20.0,35.11764705882353,0.0,296.078431372549,51,3,17
28,rank_from_min,3.0,35.11764705882353,0.0,42.94117647058823,510,31,17
28,rank_from_min,4.0,35.11764705882353,0.0,183.36713995943205,493,30,17
28,rank_from_min,5.0,35.11764705882353,0.0,-6.787330316742081,442,27,17
28,rank_from_min,6.0,35.11764705882353,0.0,-18.352941176470587,425,26,17
28,rank_from_min,7.0,35.11764705882353,0.0,32.470588235294116,425,26,17
28,rank_from_min,8.0,35.11764705882353,0.0,39.76470588235294,425,26,17
28,rank_from_min,9.0,35.11764705882353,0.0,-100.70588235294117,425,26,17
28,section,1631-1633,35.11764705882353,0.0,90.19607843137256,51,3,17
28,section,2001-2020,35.11764705882353,0.0,115.88235294117646,340,20,17
28,section,2021-2031,35.11764705882353,0.0,-155.6149732620321,187,11,17
28,section,2032-2042,35.11764705882353,0.0,-360.96256684491976,187,11,17
28,section,2043-2059,35.11764705882353,0.0,9.688581314878892,289,17,17
28,section,2060-2076,35.11764705882353,0.0,-85.12110726643598,289,17,17
28,section,2077-2087,35.11764705882353,0.0,-157.2192513368984,187,11,17
28,section,2088-2098,35.11764705882353,0.0,-109.0909090909091,187,11,17
28,section,2099-2109,35.11764705882353,0.0,39.57219251336898,187,11,17
28,section,2110-2120,35.11764705882353,0.0,459.89304812834223,187,11,17
28,section,2121-2131,35.11764705882353,0.0,-21.390374331550802,187,11,17
28,section,2132-2142,35.11764705882353,0.0,-39.57219251336898,187,11,17
28,section,2143-2146,35.11764705882353,0.0,-410.29411764705884,68,4,17
28,section,2147-2150,35.11764705882353,0.0,-13.235294117647058,68,4,17
28,section,2151-2161,35.11764705882353,0.0,116.0427807486631,187,11,17
28,section,2162-2166,35.11764705882353,0.0,-394.11764705882354,85,5,17
28,section,2167-2176,35.11764705882353,0.0,118.23529411764706,170,10,17
28,section,2177-2186,35.11764705882353,0.0,-279.4117647058824,170,10,17
28,section,2187-2190,35.11764705882353,0.0,-207.35294117647058,68,4,17
28,section,2191-2202,35.11764705882353,0.0,269.11764705882354,204,12,17
28,section,2203-2212,35.11764705882353,0.0,12.352941176470589,170,10,17
28,section,2213-2222,35.11764705882353,0.0,-70.58823529411765,170,10,17
28,section,2223-2235,35.11764705882353,0.0,-67.42081447963801,221,13,17
28,section,2236-2255,35.11764705882353,0.0,54.705882352941174,340,20,17
28,section,2256-2268,35.11764705882353,0.0,-248.86877828054298,221,13,17
28,section,2269-2281,35.11764705882353,0.0,-281.447963800905,221,13,17
28,section,2282-2301,35.11764705882353,0.0,6.176470588235294,340,20,17
28,section,2302-2316,35.11764705882353,0.0,-9.803921568627452,255,15,17
28,section,2317-2330,35.11764705882353,0.0,-28.15126050420168,238,14,17
28,section,2331-2340,35.142857142857146,0.0,-117.14285714285714,70,10,7
28,section,2399-2415,35.1,0.0,278.8235294117647,170,17,10
29,machine_tail,0,35.064456721915285,0.0,-138.85819521178638,543,40,15
29,machine_tail,1,35.06382978723404,0.0,-110.1063829787234,564,42,15
29,machine_tail,2,35.064516129032256,0.0,-96.415770609319,558,41,15
29,machine_tail,3,35.064516129032256,0.0,-52.1505376344086,558,41,15
29,machine_tail,4,35.064456721915285,0.0,53.775322283609576,543,40,15
29,machine_tail,5,35.064456721915285,0.0,-35.72744014732965,543,40,15
29,machine_tail,6,35.06367041198502,0.0,32.77153558052434,534,39,15
29,machine_tail,7,35.06367041198502,0.0,-116.85393258426966,534,39,15
29,machine_tail,8,35.06367041198502,0.0,-53.93258426966292,534,39,15
29,machine_tail,9,35.064456721915285,0.0,-239.04235727440147,543,40,15
29,machine_type,その他,35.01684717208183,0.0,-116.57641395908544,3324,293,15
29,machine_type,ジャグラー,35.06101477199743,0.0,-41.040462427745666,1557,123,15
29,machine_type,ハナハナ,35.075268817204304,0.0,217.74193548387098,186,20,15
29,machine_type,化物語,36.34782608695652,0.0,-21.73913043478261,23,6,6
29,machine_type,北斗,35.42307692307692,0.0,-7.417582417582418,364,33,15
29,rank_from_max,1.0,35.06666666666667,0.0,-244.22222222222223,450,31,15
29,rank_from_max,10.0,35.06666666666667,0.0,-207.2,375,26,15
29,rank_from_max,11.0,35.067961165048544,0.0,15.533980582524272,309,21,15
29,rank_from_max,12.0,35.06896551724138,0.0,20.689655172413794,174,12,15
29,rank_from_max,13.0,35.069182389937104,0.0,-147.16981132075472,159,11,15
29,rank_from_max,14.0,35.07017543859649,0.0,-250.0,114,8,15
29,rank_from_max,15.0,35.07070707070707,0.0,31.31313131313131,99,7,15
29,rank_from_max,16.0,35.07142857142857,0.0,-152.38095238095238,84,6,15
29,rank_from_max,17.0,35.07142857142857,0.0,-225.0,84,6,15
29,rank_from_max,18.0,35.06666666666667,0.0,88.88888888888889,45,3,15
29,rank_from_max,19.0,35.06666666666667,0.0,-122.22222222222223,45,3,15
29,rank_from_max,2.0,35.06666666666667,0.0,-127.55555555555556,450,31,15
29,rank_from_max,20.0,35.06666666666667,0.0,-408.8888888888889,45,3,15
29,rank_from_max,3.0,35.06666666666667,0.0,2.888888888888889,450,31,15
29,rank_from_max,4.0,35.06666666666667,0.0,-156.32183908045977,435,30,15
29,rank_from_max,5.0,35.06666666666667,0.0,33.84615384615385,390,27,15
29,rank_from_max,6.0,35.06666666666667,0.0,85.6,375,26,15
29,rank_from_max,7.0,35.06666666666667,0.0,101.06666666666666,375,26,15
29,rank_from_max,8.0,35.06666666666667,0.0,-217.33333333333334,375,26,15
29,rank_from_max,9.0,35.06666666666667,0.0,-2.933333333333333,375,26,15
29,rank_from_min,1.0,35.06666666666667,0.0,-71.33333333333333,450,31,15
29,rank_from_min,10.0,35.06666666666667,0.0,-134.66666666666666,375,26,15
29,rank_from_min,11.0,35.067961165048544,0.0,-83.1715210355987,309,21,15
29,rank_from_min,12.0,35.06896551724138,0.0,163.79310344827587,174,12,15
29,rank_from_min,13.0,35.069182389937104,0.0,-59.119496855345915,159,11,15
29,rank_from_min,14.0,35.07017543859649,0.0,-98.24561403508773,114,8,15
29,rank_from_min,15.0,35.07070707070707,0.0,527.2727272727273,99,7,15
29,rank_from_min,16.0,35.07142857142857,0.0,245.23809523809524,84,6,15
29,rank_from_min,17.0,35.07142857142857,0.0,-380.95238095238096,84,6,15
29,rank_from_min,18.0,35.06666666666667,0.0,-133.33333333333334,45,3,15
29,rank_from_min,19.0,35.06666666666667,0.0,-80.0,45,3,15
29,rank_from_min,2.0,35.06666666666667,0.0,-39.77777777777778,450,31,15
29,rank_from_min,20.0,35.06666666666667,0.0,-284.44444444444446,45,3,15
29,rank_from_min,3.0,35.06666666666667,0.0,-185.55555555555554,450,31,15
29,rank_from_min,4.0,35.06666666666667,0.0,-190.57471264367817,435,30,15
29,rank_from_min,5.0,35.06666666666667,0.0,4.358974358974359,390,27,15
29,rank_from_min,6.0,35.06666666666667,0.0,-32.53333333333333,375,26,15
29,rank_from_min,7.0,35.06666666666667,0.0,-140.26666666666668,375,26,15
29,rank_from_min,8.0,35.06666666666667,0.0,-126.93333333333334,375,26,15
29,rank_from_min,9.0,35.06666666666667,0.0,-69.6,375,26,15
29,section,1631-1633,35.06666666666667,0.0,-211.11111111111111,45,3,15
29,section,2001-2020,35.06666666666667,0.0,-79.0,300,20,15
29,section,2021-2031,35.06666666666667,0.0,-126.66666666666667,165,11,15
29,section,2032-2042,35.06666666666667,0.0,-438.7878787878788,165,11,15
29,section,2043-2059,35.06666666666667,0.0,-247.45098039215685,255,17,15
29,section,2060-2076,35.06666666666667,0.0,-12.941176470588236,255,17,15
29,section,2077-2087,35.06666666666667,0.0,-176.36363636363637,165,11,15
29,section,2088-2098,35.06666666666667,0.0,-273.3333333333333,165,11,15
29,section,2099-2109,35.06666666666667,0.0,237.57575757575756,165,11,15
29,section,2110-2120,35.06666666666667,0.0,-312.1212121212121,165,11,15
29,section,2121-2131,35.06666666666667,0.0,-116.96969696969697,165,11,15
29,section,2132-2142,35.06666666666667,0.0,-73.33333333333333,165,11,15
29,section,2143-2146,35.06666666666667,0.0,-88.33333333333333,60,4,15
29,section,2147-2150,35.06666666666667,0.0,-128.33333333333334,60,4,15
29,section,2151-2161,35.06666666666667,0.0,-14.545454545454545,165,11,15
29,section,2162-2166,35.06666666666667,0.0,-108.0,75,5,15
29,section,2167-2176,35.06666666666667,0.0,-271.3333333333333,150,10,15
29,section,2177-2186,35.06666666666667,0.0,-222.66666666666666,150,10,15
29,section,2187-2190,35.06666666666667,0.0,-10.0,60,4,15
29,section,2191-2202,35.06666666666667,0.0,68.33333333333333,180,12,15
29,section,2203-2212,35.06666666666667,0.0,-18.666666666666668,150,10,15
29,section,2213-2222,35.06666666666667,0.0,-280.6666666666667,150,10,15
29,section,2223-2235,35.06666666666667,0.0,-130.25641025641025,195,13,15
29,section,2236-2255,35.06666666666667,0.0,-172.66666666666666,300,20,15
29,section,2256-2268,35.06666666666667,0.0,-230.25641025641025,195,13,15
29,section,2269-2281,35.06666666666667,0.0,278.46153846153845,195,13,15
29,section,2282-2301,35.06666666666667,0.0,47.666666666666664,300,20,15
29,section,2302-2316,35.06666666666667,0.0,58.666666666666664,225,15,15
29,section,2317-2330,35.06666666666667,0.0,206.1904761904762,210,14,15
29,section,2331-2340,35.0,0.0,263.3333333333333,60,10,6
29,section,2399-2415,35.111111111111114,0.0,128.75816993464053,153,17,9
30,machine_tail,0,42.67219152854512,0.0,107.18232044198895,543,40,15
30,machine_tail,1,42.673758865248224,0.0,43.97163120567376,564,42,15
30,machine_tail,2,42.67204301075269,0.0,205.0179211469534,558,41,15
30,machine_tail,3,42.67204301075269,0.0,210.0358422939068,558,41,15
30,machine_tail,4,42.67219152854512,0.0,222.28360957642727,543,40,15
30,machine_tail,5,42.67219152854512,0.0,301.6574585635359,543,40,15
30,machine_tail,6,42.674157303370784,0.0,166.2921348314607,534,39,15
30,machine_tail,7,42.674157303370784,0.0,243.63295880149812,534,39,15
30,machine_tail,8,42.674157303370784,0.0,534.6441947565543,534,39,15
30,machine_tail,9,42.67219152854512,0.0,120.25782688766114,543,40,15
30,machine_type,その他,42.65703971119134,0.0,116.99759326113117,3324,293,15
30,machine_type,ジャグラー,42.680796403339755,0.0,410.34039820166987,1557,123,15
30,machine_type,ハナハナ,42.645161290322584,0.0,160.752688172043,186,20,15
30,machine_type,化物語,43.43478260869565,0.0,1643.4782608695652,23,6,6
30,machine_type,北斗,42.75,0.0,201.37362637362637,364,33,15
30,rank_from_max,1.0,42.666666666666664,0.0,-27.11111111111111,450,31,15
30,rank_from_max,10.0,42.666666666666664,0.0,47.46666666666667,375,26,15
30,rank_from_max,11.0,42.663430420711975,0.0,451.7799352750809,309,21,15
30,rank_from_max,12.0,42.660919540229884,0.0,99.42528735632185,174,12,15
30,rank_from_max,13.0,42.660377358490564,0.0,-0.6289308176100629,159,11,15
30,rank_from_max,14.0,42.6578947368421,0.0,173.68421052631578,114,8,15
30,rank_from_max,15.0,42.656565656565654,0.0,356.5656565656566,99,7,15
30,rank_from_max,16.0,42.654761904761905,0.0,73.80952380952381,84,6,15
30,rank_from_max,17.0,42.654761904761905,0.0,238.0952380952381,84,6,15
30,rank_from_max,18.0,42.666666666666664,0.0,224.44444444444446,45,3,15
30,rank_from_max,19.0,42.666666666666664,0.0,564.4444444444445,45,3,15
30,rank_from_max,2.0,42.666666666666664,0.0,181.77777777777777,450,31,15
30,rank_from_max,20.0,42.666666666666664,0.0,375.55555555555554,45,3,15
30,rank_from_max,3.0,42.666666666666664,0.0,74.88888888888889,450,31,15
30,rank_from_max,4.0,42.666666666666664,0.0,-3.67816091954023,435,30,15
30,rank_from_max,5.0,42.666666666666664,0.0,378.71794871794873,390,27,15
30,rank_from_max,6.0,42.666666666666664,0.0,225.06666666666666,375,26,15
30,rank_from_max,7.0,42.666666666666664,0.0,293.06666666666666,375,26,15
30,rank_from_max,8.0,42.666666666666664,0.0,328.26666666666665,375,26,15
30,rank_from_max,9.0,42.666666666666664,0.0,460.8,375,26,15
30,rank_from_min,1.0,42.666666666666664,0.0,234.22222222222223,450,31,15
30,rank_from_min,10.0,42.666666666666664,0.0,357.8666666666667,375,26,15
30,rank_from_min,11.0,42.663430420711975,0.0,100.64724919093851,309,21,15
30,rank_from_min,12.0,42.660919540229884,0.0,395.97701149425285,174,12,15
30,rank_from_min,13.0,42.660377358490564,0.0,332.70440251572325,159,11,15
30,rank_from_min,14.0,42.6578947368421,0.0,0.8771929824561403,114,8,15
30,rank_from_min,15.0,42.656565656565654,0.0,18.181818181818183,99,7,15
30,rank_from_min,16.0,42.654761904761905,0.0,379.76190476190476,84,6,15
30,rank_from_min,17.0,42.654761904761905,0.0,-83.33333333333333,84,6,15
30,rank_from_min,18.0,42.666666666666664,0.0,795.5555555555555,45,3,15
30,rank_from_min,19.0,42.666666666666664,0.0,84.44444444444444,45,3,15
30,rank_from_min,2.0,42.666666666666664,0.0,300.0,450,31,15
30,rank_from_min,20.0,42.666666666666664,0.0,177.77777777777777,45,3,15
30,rank_from_min,3.0,42.666666666666664,0.0,414.6666666666667,450,31,15
30,rank_from_min,4.0,42.666666666666664,0.0,200.0,435,30,15
30,rank_from_min,5.0,42.666666666666664,0.0,-64.61538461538461,390,27,15
30,rank_from_min,6.0,42.666666666666664,0.0,150.66666666666666,375,26,15
30,rank_from_min,7.0,42.666666666666664,0.0,245.33333333333334,375,26,15
30,rank_from_min,8.0,42.666666666666664,0.0,122.66666666666667,375,26,15
30,rank_from_min,9.0,42.666666666666664,0.0,8.266666666666667,375,26,15
30,section,1631-1633,42.666666666666664,0.0,155.55555555555554,45,3,15
30,section,2001-2020,42.666666666666664,0.0,-119.66666666666667,300,20,15
30,section,2021-2031,42.666666666666664,0.0,240.0,165,11,15
30,section,2032-2042,42.666666666666664,0.0,-232.12121212121212,165,11,15
30,section,2043-2059,42.666666666666664,0.0,192.54901960784315,255,17,15
30,section,2060-2076,42.666666666666664,0.0,-67.05882352941177,255,17,15
30,section,2077-2087,42.666666666666664,0.0,544.8484848484849,165,11,15
30,section,2088-2098,42.666666666666664,0.0,-29.696969696969695,165,11,15
30,section,2099-2109,42.666666666666664,0.0,562.4242424242424,165,11,15
30,section,2110-2120,42.666666666666664,0.0,246.06060606060606,165,11,15
30,section,2121-2131,42.666666666666664,0.0,46.06060606060606,165,11,15
30,section,2132-2142,42.666666666666664,0.0,-2.4242424242424243,165,11,15
30,section,2143-2146,42.666666666666664,0.0,680.0,60,4,15
30,section,2147-2150,42.666666666666664,0.0,-440.0,60,4,15
30,section,2151-2161,42.666666666666664,0.0,592.7272727272727,165,11,15
30,section,2162-2166,42.666666666666664,0.0,166.66666666666666,75,5,15
30,section,2167-2176,42.666666666666664,0.0,-138.0,150,10,15
30,section,2177-2186,42.666666666666664,0.0,492.0,150,10,15
30,section,2187-2190,42.666666666666664,0.0,305.0,60,4,15
30,section,2191-2202,42.666666666666664,0.0,300.0,180,12,15
30,section,2203-2212,42.666666666666664,0.0,-31.333333333333332,150,10,15
30,section,2213-2222,42.666666666666664,0.0,-273.3333333333333,150,10,15
30,section,2223-2235,42.666666666666664,0.0,465.12820512820514,195,13,15
30,section,2236-2255,42.666666666666664,0.0,734.0,300,20,15
30,section,2256-2268,42.666666666666664,0.0,-158.46153846153845,195,13,15
30,section,2269-2281,42.666666666666664,0.0,46.666666666666664,195,13,15
30,section,2282-2301,42.666666666666664,0.0,216.66666666666666,300,20,15
30,section,2302-2316,42.666666666666664,0.0,432.8888888888889,225,15,15
30,section,2317-2330,42.666666666666664,0.0,230.47619047619048,210,14,15
30,section,2331-2340,42.833333333333336,0.0,123.33333333333333,60,10,6
30,section,2399-2415,42.55555555555556,0.0,694.1176470588235,153,17,9
31,machine_tail,0,38.97553516819572,0.0,134.25076452599387,327,40,9
31,machine_tail,1,39.0,0.0,137.94117647058823,340,42,9
31,machine_tail,2,38.973214285714285,0.0,151.48809523809524,336,41,9
31,machine_tail,3,38.973214285714285,0.0,-41.36904761904762,336,41,9
31,machine_tail,4,38.97553516819572,0.0,204.28134556574923,327,40,9
31,machine_tail,5,38.97553516819572,0.0,151.37614678899084,327,40,9
31,machine_tail,6,39.006211180124225,0.0,34.78260869565217,322,39,9
31,machine_tail,7,39.006211180124225,0.0,183.54037267080744,322,39,9
31,machine_tail,8,39.006211180124225,0.0,310.8695652173913,322,39,9
31,machine_tail,9,38.97553516819572,0.0,132.41590214067278,327,40,9
31,machine_type,その他,38.91791791791792,0.0,114.76476476476476,1998,293,9
31,machine_type,ジャグラー,39.10922587486744,0.0,68.39872746553553,943,123,9
31,machine_type,ハナハナ,38.54545454545455,0.0,138.1818181818182,110,20,9
31,machine_type,化物語,39.42857142857143,0.0,857.1428571428571,14,6,4
31,machine_type,北斗,39.276018099547514,0.0,619.0045248868778,221,30,9
31,rank_from_max,1.0,38.888888888888886,0.0,115.92592592592592,270,31,9
31,rank_from_max,10.0,38.888888888888886,0.0,405.3333333333333,225,26,9
31,rank_from_max,11.0,38.83783783783784,0.0,143.24324324324326,185,21,9
31,rank_from_max,12.0,38.79807692307692,0.0,312.5,104,12,9
31,rank_from_max,13.0,38.78947368421053,0.0,-202.10526315789474,95,11,9
31,rank_from_max,14.0,38.75,0.0,652.9411764705883,68,8,9
31,rank_from_max,15.0,38.728813559322035,0.0,261.0169491525424,59,7,9
31,rank_from_max,16.0,38.7,0.0,-180.0,50,6,9
31,rank_from_max,17.0,38.7,0.0,808.0,50,6,9
31,rank_from_max,18.0,38.888888888888886,0.0,240.74074074074073,27,3,9
31,rank_from_max,19.0,38.888888888888886,0.0,-340.74074074074076,27,3,9
31,rank_from_max,2.0,38.888888888888886,0.0,27.037037037037038,270,31,9
31,rank_from_max,20.0,38.888888888888886,0.0,-774.074074074074,27,3,9
31,rank_from_max,3.0,38.888888888888886,0.0,298.51851851851853,270,31,9
31,rank_from_max,4.0,38.888888888888886,0.0,-183.90804597701148,261,30,9
31,rank_from_max,5.0,38.888888888888886,0.0,180.34188034188034,234,27,9
31,rank_from_max,6.0,38.888888888888886,0.0,-114.22222222222223,225,26,9
31,rank_from_max,7.0,38.888888888888886,0.0,154.22222222222223,225,26,9
31,rank_from_max,8.0,38.888888888888886,0.0,105.33333333333333,225,26,9
31,rank_from_max,9.0,38.888888888888886,0.0,284.0,225,26,9
31,rank_from_min,1.0,38.888888888888886,0.0,74.44444444444444,270,31,9
31,rank_from_min,10.0,38.888888888888886,0.0,42.666666666666664,225,26,9
31,rank_from_min,11.0,38.83783783783784,0.0,208.64864864864865,185,21,9
31,rank_from_min,12.0,38.79807692307692,0.0,-88.46153846153847,104,12,9
31,rank_from_min,13.0,38.78947368421053,0.0,191.57894736842104,95,11,9
31,rank_from_min,14.0,38.75,0.0,263.2352941176471,68,8,9
31,rank_from_min,15.0,38.728813559322035,0.0,432.20338983050846,59,7,9
31,rank_from_min,16.0,38.7,0.0,-456.0,50,6,9
31,rank_from_min,17.0,38.7,0.0,-466.0,50,6,9
31,rank_from_min,18.0,38.888888888888886,0.0,800.0,27,3,9
31,rank_from_min,19.0,38.888888888888886,0.0,-348.14814814814815,27,3,9
31,rank_from_min,2.0,38.888888888888886,0.0,412.962962962963,270,31,9
31,rank_from_min,20.0,38.888888888888886,0.0,881.4814814814815,27,3,9
31,rank_from_min,3.0,38.888888888888886,0.0,74.07407407407408,270,31,9
31,rank_from_min,4.0,38.888888888888886,0.0,183.5249042145594,261,30,9
31,rank_from_min,5.0,38.888888888888886,0.0,-73.5042735042735,234,27,9
31,rank_from_min,6.0,38.888888888888886,0.0,352.44444444444446,225,26,9
31,rank_from_min,7.0,38.888888888888886,0.0,-69.77777777777777,225,26,9
31,rank_from_min,8.0,38.888888888888886,0.0,-29.77777777777778,225,26,9
31,rank_from_min,9.0,38.888888888888886,0.0,350.6666666666667,225,26,9
31,section,1631-1633,38.888888888888886,0.0,355.55555555555554,27,3,9
31,section,2001-2020,38.888888888888886,0.0,107.22222222222223,180,20,9
31,section,2021-2031,38.888888888888886,0.0,714.1414141414141,99,11,9
31,section,2032-2042,38.888888888888886,0.0,128.2828282828283,99,11,9
31,section,2043-2059,38.888888888888886,0.0,158.8235294117647,153,17,9
31,section,2060-2076,38.888888888888886,0.0,586.9281045751634,153,17,9
31,section,2077-2087,38.888888888888886,0.0,261.6161616161616,99,11,9
31,section,2088-2098,38.888888888888886,0.0,126.26262626262626,99,11,9
31,section,2099-2109,38.888888888888886,0.0,176.76767676767676,99,11,9
31,section,2110-2120,38.888888888888886,0.0,-256.5656565656566,99,11,9
31,section,2121-2131,38.888888888888886,0.0,-128.2828282828283,99,11,9
31,section,2132-2142,38.888888888888886,0.0,-246.46464646464648,99,11,9
31,section,2143-2146,38.888888888888886,0.0,366.6666666666667,36,4,9
31,section,2147-2150,38.888888888888886,0.0,-383.3333333333333,36,4,9
31,section,2151-2161,38.888888888888886,0.0,-69.6969696969697,99,11,9
31,section,2162-2166,38.888888888888886,0.0,53.333333333333336,45,5,9
31,section,2167-2176,38.888888888888886,0.0,703.3333333333334,90,10,9
31,section,2177-2186,38.888888888888886,0.0,733.3333333333334,90,10,9
31,section,2187-2190,38.888888888888886,0.0,13.88888888888889,36,4,9
31,section,2191-2202,38.888888888888886,0.0,66.66666666666667,108,12,9
31,section,2203-2212,38.888888888888886,0.0,577.7777777777778,90,10,9
31,section,2213-2222,38.888888888888886,0.0,-420.0,90,10,9
31,section,2223-2235,38.888888888888886,0.0,-17.094017094017094,117,13,9
31,section,2236-2255,38.888888888888886,0.0,242.77777777777777,180,20,9
31,section,2256-2268,38.888888888888886,0.0,-175.2136752136752,117,13,9
31,section,2269-2281,38.888888888888886,0.0,-226.4957264957265,117,13,9
31,section,2282-2301,38.888888888888886,0.0,0.5555555555555556,180,20,9
31,section,2302-2316,38.888888888888886,0.0,183.7037037037037,135,15,9
31,section,2317-2330,38.888888888888886,0.0,382.53968253968253,126,14,9
31,section,2331-2340,41.25,0.0,-485.0,40,10,4
31,section,2399-2415,37.0,0.0,-67.05882352941177,85,17,5
