hall,offset_days,date,other_date,budget_index,other_budget_index,delta_budget_index,same_regime
金時,1,2025-01-01,2025-01-02,7.978579849718044,-0.597690825052864,-8.576270674770909,False
金時,1,2025-01-02,2025-01-03,-0.597690825052864,-0.4118872027336425,0.18580362231922148,True
金時,1,2025-01-03,2025-01-04,-0.4118872027336425,-5.195050678437142,-4.7831634757035,False
金時,1,2025-01-04,2025-01-05,-5.195050678437142,-10.888003179542796,-5.692952501105654,True
金時,1,2025-01-05,2025-01-06,-10.888003179542796,7.462255647569151,18.350258827111947,False
金時,1,2025-01-06,2025-01-07,7.462255647569151,-3.3924765717056817,-10.854732219274833,False
金時,1,2025-01-07,2025-01-08,-3.3924765717056817,-0.7614037858002882,2.6310727859053937,False
金時,1,2025-01-08,2025-01-09,-0.7614037858002882,-14.251211360481838,-13.48980757468155,False
金時,1,2025-01-09,2025-01-10,-14.251211360481838,-0.010387969899818418,14.240823390582019,False
金時,1,2025-01-10,2025-01-11,-0.010387969899818418,0.09302221949901686,0.10341018939883528,True
金時,1,2025-01-11,2025-01-12,0.09302221949901686,7.64648731175831,7.553465092259294,False
金時,1,2025-01-12,2025-01-13,7.64648731175831,-2.3236799502886205,-9.970167262046932,False
金時,1,2025-01-13,2025-01-14,-2.3236799502886205,-1.797415454527012,0.5262644957616085,True
金時,1,2025-01-14,2025-01-15,-1.797415454527012,-2.3781668457830563,-0.5807513912560442,True
金時,1,2025-01-15,2025-01-16,-2.3781668457830563,-5.903012809869858,-3.5248459640868015,True
金時,1,2025-01-16,2025-01-17,-5.903012809869858,-3.498086098361845,2.4049267115080126,True
金時,1,2025-01-17,2025-01-18,-3.498086098361845,-2.131882468875349,1.3662036294864963,True
金時,1,2025-01-18,2025-01-19,-2.131882468875349,-6.613283763494674,-4.4814012946193245,True
金時,1,2025-01-19,2025-01-20,-6.613283763494674,8.772482191349521,15.385765954844196,False
金時,1,2025-01-20,2025-01-21,8.772482191349521,-6.315758830917151,-15.088241022266672,False
金時,1,2025-01-21,2025-01-22,-6.315758830917151,2.3312716026923774,8.647030433609528,False
金時,1,2025-01-22,2025-01-23,2.3312716026923774,-4.751362896068813,-7.082634498761191,False
金時,1,2025-01-23,2025-01-24,-4.751362896068813,-3.4559889485456816,1.2953739475231316,True
金時,1,2025-01-24,2025-01-25,-3.4559889485456816,10.09431985605912,13.5503088046048,False
金時,1,2025-01-25,2025-01-26,10.09431985605912,0.07297849566994259,-10.021341360389176,False
金時,1,2025-01-26,2025-01-27,0.07297849566994259,-0.4225874453466583,-0.4955659410166009,True
金時,1,2025-01-27,2025-01-28,-0.4225874453466583,4.206563974465722,4.629151419812381,False
金時,1,2025-01-28,2025-01-29,4.206563974465722,7.364198534002754,3.1576345595370316,True
金時,1,2025-01-29,2025-01-30,7.364198534002754,-6.667951048979116,-14.03214958298187,False
金時,1,2025-01-30,2025-01-31,-6.667951048979116,-12.856556719053822,-6.188605670074706,True
金時,1,2025-01-31,2025-02-01,-12.856556719053822,-3.5501642358768266,9.306392483176996,True
金時,1,2025-02-01,2025-02-02,-3.5501642358768266,3.384733410049866,6.934897645926693,False
金時,1,2025-02-02,2025-02-03,3.384733410049866,7.046744008806842,3.662010598756976,True
金時,1,2025-02-03,2025-02-04,7.046744008806842,1.2181630101806475,-5.828580998626194,True
金時,1,2025-02-04,2025-02-05,1.2181630101806475,0.11388309421431309,-1.1042799159663343,False
金時,1,2025-02-07,2025-02-08,9.568660220444869,-3.1646257025713433,-12.733285923016211,False
金時,1,2025-02-08,2025-02-09,-3.1646257025713433,6.009417470253201,9.174043172824543,False
金時,1,2025-02-09,2025-02-10,6.009417470253201,6.46628741098878,0.4568699407355794,True
金時,1,2025-02-10,2025-02-11,6.46628741098878,-9.47024249737262,-15.9365299083614,False
金時,1,2025-02-11,2025-02-12,-9.47024249737262,-5.516943181090257,3.9532993162823633,True
金時,1,2025-02-12,2025-02-13,-5.516943181090257,0.06438429023318311,5.58132747132344,False
金時,1,2025-02-13,2025-02-14,0.06438429023318311,-2.1586046259682576,-2.222988916201441,False
金時,1,2025-02-16,2025-02-17,-0.02350783439312547,-9.172551355132677,-9.149043520739552,False
金時,1,2025-02-17,2025-02-18,-9.172551355132677,-11.875815740715387,-2.7032643855827097,True
金時,1,2025-02-18,2025-02-19,-11.875815740715387,-11.579781550090722,0.2960341906246651,True
金時,1,2025-02-19,2025-02-20,-11.579781550090722,-0.13102569547674667,11.448755854613974,False
金時,1,2025-02-20,2025-02-21,-0.13102569547674667,-5.408583904060812,-5.2775582085840655,False
金時,1,2025-02-21,2025-02-22,-5.408583904060812,-7.470705129288594,-2.0621212252277816,True
金時,1,2025-02-22,2025-02-23,-7.470705129288594,-15.031629097544993,-7.560923968256399,True
金時,1,2025-02-23,2025-02-24,-15.031629097544993,-4.391902635924408,10.639726461620585,True
金時,1,2025-02-24,2025-02-25,-4.391902635924408,4.797888115619983,9.189790751544392,False
金時,1,2025-02-25,2025-02-26,4.797888115619983,-7.975616456900774,-12.773504572520757,False
金時,1,2025-02-26,2025-02-27,-7.975616456900774,7.775268914809604,15.750885371710378,False
金時,1,2025-02-27,2025-02-28,7.775268914809604,-5.887782919183905,-13.663051833993508,False
金時,1,2025-02-28,2025-03-01,-5.887782919183905,-7.562055841837593,-1.6742729226536888,True
金時,1,2025-03-01,2025-03-02,-7.562055841837593,-5.349532842725405,2.2125229991121884,True
金時,1,2025-03-02,2025-03-03,-5.349532842725405,-6.611292652146583,-1.2617598094211777,True
金時,1,2025-03-03,2025-03-04,-6.611292652146583,-5.310357844920057,1.3009348072265254,True
金時,1,2025-03-04,2025-03-05,-5.310357844920057,-3.5086119354425267,1.8017459094775305,True
金時,1,2025-03-05,2025-03-06,-3.5086119354425267,5.140369671308814,8.64898160675134,False
金時,1,2025-03-06,2025-03-07,5.140369671308814,0.2428370623768811,-4.897532608931932,False
金時,1,2025-03-07,2025-03-08,0.2428370623768811,-3.5546265238550494,-3.7974635862319306,False
金時,1,2025-03-08,2025-03-09,-3.5546265238550494,-4.091227001477772,-0.5366004776227222,True
金時,1,2025-03-09,2025-03-10,-4.091227001477772,-12.955827623844405,-8.864600622366634,True
金時,1,2025-03-10,2025-03-11,-12.955827623844405,-0.0713733919994626,12.884454231844941,False
金時,1,2025-03-11,2025-03-12,-0.0713733919994626,-1.3122514024552632,-1.2408780104558006,False
金時,1,2025-03-12,2025-03-13,-1.3122514024552632,-1.1341773646736963,0.17807403778156683,True
金時,1,2025-03-13,2025-03-14,-1.1341773646736963,-5.9703287355195584,-4.836151370845862,True
金時,1,2025-03-14,2025-03-15,-5.9703287355195584,7.676510980195859,13.646839715715418,False
金時,1,2025-03-15,2025-03-16,7.676510980195859,0.7824405956306082,-6.894070384565251,False
金時,1,2025-03-16,2025-03-17,0.7824405956306082,7.9463674464425855,7.163926850811977,False
金時,1,2025-03-17,2025-03-18,7.9463674464425855,1.0568373403542808,-6.889530106088305,True
金時,1,2025-03-18,2025-03-19,1.0568373403542808,1.8030602398566373,0.7462228995023565,True
金時,1,2025-03-19,2025-03-20,1.8030602398566373,7.508092502405879,5.705032262549242,True
金時,1,2025-03-20,2025-03-21,7.508092502405879,-1.8571233181173172,-9.365215820523197,False
金時,1,2025-03-21,2025-03-22,-1.8571233181173172,1.877387597192429,3.7345109153097464,False
金時,1,2025-03-22,2025-03-23,1.877387597192429,-18.123397550276433,-20.00078514746886,False
金時,1,2025-03-23,2025-03-24,-18.123397550276433,-2.099431188594223,16.02396636168221,True
金時,1,2025-03-24,2025-03-25,-2.099431188594223,8.949283170023705,11.048714358617929,False
金時,1,2025-03-25,2025-03-26,8.949283170023705,4.704797817581152,-4.2444853524425525,True
金時,1,2025-03-26,2025-03-27,4.704797817581152,0.9424974322986619,-3.76230038528249,False
金時,1,2025-03-27,2025-03-28,0.9424974322986619,-14.2998926495311,-15.242390081829763,False
金時,1,2025-03-28,2025-03-29,-14.2998926495311,5.737969641511465,20.037862291042565,False
金時,1,2025-03-29,2025-03-30,5.737969641511465,-6.608535416428804,-12.34650505794027,False
金時,1,2025-03-30,2025-03-31,-6.608535416428804,2.9560951867421874,9.564630603170992,False
金時,1,2025-03-31,2025-04-01,2.9560951867421874,-5.781163507921027,-8.737258694663215,False
金時,1,2025-04-01,2025-04-02,-5.781163507921027,6.728710511432495,12.509874019353521,False
金時,1,2025-04-02,2025-04-03,6.728710511432495,10.052997681351442,3.3242871699189473,True
金時,1,2025-04-03,2025-04-04,10.052997681351442,-7.391087429403899,-17.444085110755342,False
金時,1,2025-04-04,2025-04-05,-7.391087429403899,-1.281531743787893,6.109555685616006,True
金時,1,2025-04-05,2025-04-06,-1.281531743787893,-1.3008389802288718,-0.01930723644097876,True
金時,1,2025-04-06,2025-04-07,-1.3008389802288718,11.475207612837853,12.776046593066724,False
金時,1,2025-04-07,2025-04-08,11.475207612837853,-14.51534733441034,-25.990554947248192,False
金時,1,2025-04-08,2025-04-09,-14.51534733441034,1.2151218666792707,15.73046920108961,False
金時,1,2025-04-09,2025-04-10,1.2151218666792707,16.596063024650846,15.380941157971575,True
金時,1,2025-04-10,2025-04-11,16.596063024650846,8.53955599844987,-8.056507026200975,True
金時,1,2025-04-11,2025-04-12,8.53955599844987,-3.3845925569663,-11.92414855541617,False
金時,1,2025-04-12,2025-04-13,-3.3845925569663,-2.9615379747636466,0.42305458220265324,True
金時,1,2025-04-13,2025-04-14,-2.9615379747636466,9.095020746887966,12.056558721651612,False
金時,1,2025-04-14,2025-04-15,9.095020746887966,0.2156410218649477,-8.87937972502302,False
金時,1,2025-04-15,2025-04-16,0.2156410218649477,-6.073000970513872,-6.28864199237882,False
金時,1,2025-04-16,2025-04-17,-6.073000970513872,-4.367586742046337,1.7054142284675358,True
金時,1,2025-04-17,2025-04-18,-4.367586742046337,-12.27062533701531,-7.903038594968974,True
金時,1,2025-04-18,2025-04-19,-12.27062533701531,-11.217434675220337,1.0531906617949733,True
金時,1,2025-04-19,2025-04-20,-11.217434675220337,4.856655543196144,16.07409021841648,False
金時,1,2025-04-20,2025-04-21,4.856655543196144,-5.872788139646103,-10.729443682842247,False
金時,1,2025-04-21,2025-04-22,-5.872788139646103,7.235279841246426,13.108067980892528,False
金時,1,2025-04-22,2025-04-23,7.235279841246426,-5.002373665444482,-12.237653506690908,False
金時,1,2025-04-23,2025-04-24,-5.002373665444482,-4.563394824561075,0.438978840883407,True
金時,1,2025-04-24,2025-04-25,-4.563394824561075,-3.2324324108732894,1.3309624136877858,True
金時,1,2025-04-25,2025-04-26,-3.2324324108732894,7.430349484633371,10.662781895506662,False
金時,1,2025-04-26,2025-04-27,7.430349484633371,1.2422360248447204,-6.188113459788651,True
金時,1,2025-04-27,2025-04-28,1.2422360248447204,5.864637412481086,4.622401387636366,True
金時,1,2025-04-28,2025-04-29,5.864637412481086,-4.801062752370806,-10.665700164851891,False
金時,1,2025-04-29,2025-04-30,-4.801062752370806,-1.4072060281845962,3.393856724186209,True
金時,1,2025-04-30,2025-05-01,-1.4072060281845962,1.5745588264420252,2.981764854626621,False
金時,1,2025-05-01,2025-05-02,1.5745588264420252,-9.034732927675856,-10.609291754117882,False
金時,1,2025-05-02,2025-05-03,-9.034732927675856,-1.6963210972982268,7.33841183037763,True
金時,1,2025-05-03,2025-05-04,-1.6963210972982268,4.7206582936336074,6.416979390931834,False
金時,1,2025-05-04,2025-05-05,4.7206582936336074,7.171504871173533,2.4508465775399255,True
金時,1,2025-05-05,2025-05-06,7.171504871173533,2.792798609653866,-4.3787062615196675,True
金時,1,2025-05-06,2025-05-07,2.792798609653866,7.867053248141118,5.074254638487252,True
金時,1,2025-05-07,2025-05-08,7.867053248141118,-16.59769557926149,-24.46474882740261,False
金時,1,2025-05-08,2025-05-09,-16.59769557926149,2.8317755185669404,19.42947109782843,False
金時,1,2025-05-09,2025-05-10,2.8317755185669404,-1.6346256000751098,-4.46640111864205,False
金時,1,2025-05-10,2025-05-11,-1.6346256000751098,-8.9502314336488,-7.31560583357369,True
金時,1,2025-05-11,2025-05-12,-8.9502314336488,1.781688290810425,10.731919724459225,False
金時,1,2025-05-12,2025-05-13,1.781688290810425,2.1584783473825113,0.3767900565720863,True
金時,1,2025-05-13,2025-05-14,2.1584783473825113,1.3265490288633746,-0.8319293185191368,True
金時,1,2025-05-14,2025-05-15,1.3265490288633746,3.0004528506312402,1.6739038217678657,True
金時,1,2025-05-15,2025-05-16,3.0004528506312402,-5.757801566674543,-8.758254417305782,False
金時,1,2025-05-16,2025-05-17,-5.757801566674543,4.460033738210636,10.217835304885178,False
金時,1,2025-05-17,2025-05-18,4.460033738210636,-8.510355071042234,-12.97038880925287,False
金時,1,2025-05-18,2025-05-19,-8.510355071042234,-12.29457394183204,-3.7842188707898057,True
金時,1,2025-05-19,2025-05-20,-12.29457394183204,3.669779682947654,15.964353624779694,False
金時,1,2025-05-20,2025-05-21,3.669779682947654,-12.857666053673286,-16.52744573662094,False
金時,1,2025-05-21,2025-05-22,-12.857666053673286,-3.236154157402734,9.621511896270553,True
金時,1,2025-05-22,2025-05-23,-3.236154157402734,3.5669425527725536,6.8030967101752875,False
金時,1,2025-05-23,2025-05-24,3.5669425527725536,4.1221793238325315,0.5552367710599779,True
金時,1,2025-05-24,2025-05-25,4.1221793238325315,3.049569411298157,-1.0726099125343747,True
金時,1,2025-05-25,2025-05-26,3.049569411298157,-7.9305532294981305,-10.980122640796287,False
金時,1,2025-05-26,2025-05-27,-7.9305532294981305,-8.223958639327888,-0.2934054098297576,True
金時,1,2025-05-27,2025-05-28,-8.223958639327888,-6.4084349061541905,1.8155237331736975,True
金時,1,2025-05-28,2025-05-29,-6.4084349061541905,-3.467904494222525,2.9405304119316655,True
金時,1,2025-05-29,2025-05-30,-3.467904494222525,0.19797372415907336,3.6658782183815983,False
金時,1,2025-05-30,2025-05-31,0.19797372415907336,-7.364662663776402,-7.562636387935475,False
金時,1,2025-05-31,2025-06-01,-7.364662663776402,-0.9332509876579518,6.43141167611845,False
金時,1,2025-06-01,2025-06-02,-0.9332509876579518,-4.623500776457372,-3.69024978879942,False
金時,1,2025-06-02,2025-06-03,-4.623500776457372,-5.204084657967074,-0.5805838815097015,True
金時,1,2025-06-03,2025-06-04,-5.204084657967074,-4.343160206343616,0.8609244516234575,True
金時,1,2025-06-04,2025-06-05,-4.343160206343616,10.67510179686976,15.018262003213376,False
金時,1,2025-06-05,2025-06-06,10.67510179686976,1.600691464505942,-9.074410332363817,True
金時,1,2025-06-06,2025-06-07,1.600691464505942,-6.169023758234211,-7.769715222740153,False
金時,1,2025-06-07,2025-06-08,-6.169023758234211,-1.8273048601545525,4.341718898079658,True
金時,1,2025-06-08,2025-06-09,-1.8273048601545525,-1.7146149025530442,0.11268995760150835,True
金時,1,2025-06-09,2025-06-10,-1.7146149025530442,-6.447859563635228,-4.733244661082184,True
金時,1,2025-06-10,2025-06-11,-6.447859563635228,2.365184131004008,8.813043694639235,False
金時,1,2025-06-11,2025-06-12,2.365184131004008,-2.818940411239231,-5.184124542243239,False
金時,1,2025-06-12,2025-06-13,-2.818940411239231,2.735609075616461,5.5545494868556915,False
金時,1,2025-06-13,2025-06-14,2.735609075616461,-1.382711074603888,-4.118320150220349,False
金時,1,2025-06-14,2025-06-15,-1.382711074603888,12.697818727183261,14.080529801787149,False
金時,1,2025-06-15,2025-06-16,12.697818727183261,1.4152095976286325,-11.28260912955463,True
金時,1,2025-06-16,2025-06-17,1.4152095976286325,-14.479002919380193,-15.894212517008825,False
金時,1,2025-06-17,2025-06-18,-14.479002919380193,4.662845994390928,19.14184891377112,False
金時,1,2025-06-18,2025-06-19,4.662845994390928,2.9776936026936025,-1.6851523916973252,True
金時,1,2025-06-19,2025-06-20,2.9776936026936025,12.330124439350623,9.352430836657021,True
金時,1,2025-06-20,2025-06-21,12.330124439350623,-11.215119886092168,-23.54524432544279,False
金時,1,2025-06-21,2025-06-22,-11.215119886092168,-4.9430338354922725,6.272086050599896,True
金時,1,2025-06-22,2025-06-23,-4.9430338354922725,-14.066063331246323,-9.12302949575405,True
金時,1,2025-06-23,2025-06-24,-14.066063331246323,-4.0804493287513965,9.985614002494927,True
金時,1,2025-06-24,2025-06-25,-4.0804493287513965,1.7517669242458038,5.832216252997201,False
金時,1,2025-06-25,2025-06-26,1.7517669242458038,-7.156722117695274,-8.908489041941078,False
金時,1,2025-06-26,2025-06-27,-7.156722117695274,2.573661916701868,9.730384034397142,False
金時,1,2025-06-27,2025-06-28,2.573661916701868,1.1012991816542603,-1.4723627350476078,True
金時,1,2025-06-28,2025-06-29,1.1012991816542603,-8.321385451252642,-9.422684632906902,False
金時,1,2025-06-29,2025-06-30,-8.321385451252642,-9.042820863907126,-0.7214354126544844,True
金時,1,2025-06-30,2025-07-01,-9.042820863907126,-0.714224495043282,8.328596368863844,False
金時,1,2025-07-01,2025-07-02,-0.714224495043282,-6.429692165597771,-5.71546767055449,False
金時,1,2025-07-02,2025-07-03,-6.429692165597771,0.6198102137854622,7.049502379383234,False
金時,1,2025-07-03,2025-07-04,0.6198102137854622,3.281665616220316,2.6618554024348535,False
金時,1,2025-07-04,2025-07-05,3.281665616220316,-4.109368874362183,-7.3910344905824985,False
金時,1,2025-07-05,2025-07-06,-4.109368874362183,1.5767489424380159,5.6861178168001985,False
金時,1,2025-07-06,2025-07-07,1.5767489424380159,0.9452653372984333,-0.6314836051395826,False
金時,1,2025-07-07,2025-07-08,0.9452653372984333,-11.36195397039732,-12.307219307695753,False
金時,1,2025-07-08,2025-07-09,-11.36195397039732,-4.62457717093405,6.737376799463269,True
金時,1,2025-07-09,2025-07-10,-4.62457717093405,1.0372397896708205,5.661816960604871,False
金時,1,2025-07-10,2025-07-11,1.0372397896708205,15.357159235084609,14.319919445413788,True
金時,1,2025-07-11,2025-07-12,15.357159235084609,-9.17538816961928,-24.53254740470389,False
金時,1,2025-07-12,2025-07-13,-9.17538816961928,-3.7217544281334463,5.4536337414858345,True
金時,1,2025-07-13,2025-07-14,-3.7217544281334463,-1.9674056150588906,1.7543488130745557,True
金時,1,2025-07-14,2025-07-15,-1.9674056150588906,9.235411337741445,11.202816952800335,False
金時,1,2025-07-15,2025-07-16,9.235411337741445,-0.06589369605593795,-9.301305033797382,False
金時,1,2025-07-16,2025-07-17,-0.06589369605593795,5.9198313834751675,5.985725079531106,False
金時,1,2025-07-17,2025-07-18,5.9198313834751675,-4.243830538651256,-10.163661922126423,False
金時,1,2025-07-18,2025-07-19,-4.243830538651256,-0.8606314883545801,3.383199050296676,False
金時,1,2025-07-19,2025-07-20,-0.8606314883545801,4.703091707133969,5.563723195488549,False
金時,1,2025-07-20,2025-07-21,4.703091707133969,-6.585623459730362,-11.288715166864332,False
金時,1,2025-07-21,2025-07-22,-6.585623459730362,9.373573461521667,15.95919692125203,False
金時,1,2025-07-22,2025-07-23,9.373573461521667,-8.4742378450005,-17.847811306522168,False
金時,1,2025-07-23,2025-07-24,-8.4742378450005,-10.544340668938984,-2.070102823938484,True
金時,1,2025-07-24,2025-07-25,-10.544340668938984,4.176173020855193,14.720513689794178,False
金時,1,2025-07-25,2025-07-26,4.176173020855193,0.445647752110449,-3.7305252687447434,False
金時,1,2025-07-26,2025-07-27,0.445647752110449,-2.7226866397366845,-3.1683343918471336,False
金時,1,2025-07-27,2025-07-28,-2.7226866397366845,-12.572383226302211,-9.849696586565527,True
金時,1,2025-07-28,2025-07-29,-12.572383226302211,0.8700374128065994,13.44242063910881,False
金時,1,2025-07-29,2025-07-30,0.8700374128065994,3.315136577516143,2.4450991647095437,False
金時,1,2025-07-30,2025-07-31,3.315136577516143,-12.648949353815144,-15.964085931331287,False
金時,1,2025-07-31,2025-08-01,-12.648949353815144,2.6347282047283995,15.283677558543545,False
金時,1,2025-08-01,2025-08-02,2.6347282047283995,4.87283189106547,2.2381036863370705,True
金時,1,2025-08-02,2025-08-03,4.87283189106547,0.6159868149979398,-4.25684507606753,False
金時,1,2025-08-03,2025-08-04,0.6159868149979398,2.2740625296834818,1.658075714685542,False
金時,1,2025-08-04,2025-08-05,2.2740625296834818,3.957860836432913,1.683798306749431,True
金時,1,2025-08-05,2025-08-06,3.957860836432913,-1.6751175013312958,-5.632978337764209,False
金時,1,2025-08-06,2025-08-07,-1.6751175013312958,-10.266450397479113,-8.591332896147819,True
金時,1,2025-08-07,2025-08-08,-10.266450397479113,-3.87742403107136,6.389026366407753,True
金時,1,2025-08-08,2025-08-09,-3.87742403107136,5.810301060473061,9.687725091544422,False
金時,1,2025-08-09,2025-08-10,5.810301060473061,-3.460255423303922,-9.270556483776984,False
金時,1,2025-08-10,2025-08-11,-3.460255423303922,-5.743931157816457,-2.2836757345125345,True
金時,1,2025-08-11,2025-08-12,-5.743931157816457,-0.9233262626021879,4.820604895214268,False
金時,1,2025-08-12,2025-08-13,-0.9233262626021879,-10.342685097277506,-9.419358834675318,False
金時,1,2025-08-13,2025-08-14,-10.342685097277506,3.957932597871604,14.30061769514911,False
金時,1,2025-08-14,2025-08-15,3.957932597871604,3.137882413722585,-0.8200501841490189,True
金時,1,2025-08-15,2025-08-16,3.137882413722585,7.076579587441281,3.938697173718696,True
金時,1,2025-08-16,2025-08-17,7.076579587441281,3.718166755472508,-3.358412831968773,True
金時,1,2025-08-17,2025-08-18,3.718166755472508,-13.204322834300648,-16.922489589773157,False
金時,1,2025-08-18,2025-08-19,-13.204322834300648,-2.158150302483201,11.046172531817447,True
金時,1,2025-08-19,2025-08-20,-2.158150302483201,8.570859908626227,10.72901021110943,False
金時,1,2025-08-20,2025-08-21,8.570859908626227,-4.826250141555984,-13.39711005018221,False
金時,1,2025-08-21,2025-08-22,-4.826250141555984,-12.257268160694506,-7.431018019138523,True
金時,1,2025-08-22,2025-08-23,-12.257268160694506,-6.61767913935038,5.639589021344126,True
金時,1,2025-08-23,2025-08-24,-6.61767913935038,-5.753416027485718,0.8642631118646618,True
金時,1,2025-08-24,2025-08-25,-5.753416027485718,-0.18629152793511455,5.567124499550603,False
金時,1,2025-08-25,2025-08-26,-0.18629152793511455,-7.864476463630764,-7.678184935695649,False
金時,1,2025-08-26,2025-08-27,-7.864476463630764,3.078232693522256,10.94270915715302,False
金時,1,2025-08-27,2025-08-28,3.078232693522256,-2.175988761537533,-5.254221455059788,False
金時,1,2025-08-28,2025-08-29,-2.175988761537533,-8.223319290413613,-6.04733052887608,True
金時,1,2025-08-29,2025-08-30,-8.223319290413613,-9.408346729084194,-1.1850274386705806,True
金時,1,2025-08-30,2025-08-31,-9.408346729084194,1.4595331040080393,10.867879833092234,False
金時,1,2025-08-31,2025-09-01,1.4595331040080393,2.651178112067366,1.1916450080593266,True
金時,1,2025-09-01,2025-09-02,2.651178112067366,2.194659613096646,-0.45651849897071983,True
金時,1,2025-09-02,2025-09-03,2.194659613096646,-3.728920307087555,-5.923579920184201,False
金時,1,2025-09-03,2025-09-04,-3.728920307087555,2.356921716054843,6.085842023142398,False
金時,1,2025-09-04,2025-09-05,2.356921716054843,-1.3654705958924307,-3.7223923119472735,False
金時,1,2025-09-05,2025-09-06,-1.3654705958924307,-2.9570675443450907,-1.59159694845266,True
金時,1,2025-09-06,2025-09-07,-2.9570675443450907,-4.9129965822406465,-1.9559290378955558,True
金時,1,2025-09-07,2025-09-08,-4.9129965822406465,13.628522139160438,18.541518721401083,False
金時,1,2025-09-08,2025-09-09,13.628522139160438,-6.016121177183862,-19.6446433163443,False
金時,1,2025-09-09,2025-09-10,-6.016121177183862,-4.292837164052049,1.7232840131318135,True
金時,1,2025-09-10,2025-09-11,-4.292837164052049,-3.9243814965655583,0.3684556674864905,True
金時,1,2025-09-11,2025-09-12,-3.9243814965655583,-10.130800959834382,-6.206419463268823,True
金時,1,2025-09-12,2025-09-13,-10.130800959834382,-6.348120262501908,3.7826806973324736,True
金時,1,2025-09-13,2025-09-14,-6.348120262501908,-7.1955440372194905,-0.8474237747175826,True
金時,1,2025-09-14,2025-09-15,-7.1955440372194905,-4.676660484923415,2.5188835522960753,True
金時,1,2025-09-15,2025-09-16,-4.676660484923415,-4.66497121636145,0.011689268561965172,True
金時,1,2025-09-16,2025-09-17,-4.66497121636145,-9.022324766467605,-4.357353550106155,True
金時,1,2025-09-17,2025-09-18,-9.022324766467605,-2.8132421017179814,6.209082664749624,True
金時,1,2025-09-18,2025-09-19,-2.8132421017179814,-5.853950407703225,-3.0407083059852438,True
金時,1,2025-09-19,2025-09-20,-5.853950407703225,3.868122569201478,9.722072976904704,False
金時,1,2025-09-20,2025-09-21,3.868122569201478,-1.6801349654497693,-5.548257534651247,False
金時,1,2025-09-21,2025-09-22,-1.6801349654497693,-10.81036644927513,-9.13023148382536,True
金時,1,2025-09-22,2025-09-23,-10.81036644927513,3.161559122305972,13.971925571581101,False
金時,1,2025-09-23,2025-09-24,3.161559122305972,-2.1267274444997453,-5.288286566805717,False
金時,1,2025-09-24,2025-09-25,-2.1267274444997453,-1.5149016423944115,0.6118258021053338,True
金時,1,2025-09-25,2025-09-26,-1.5149016423944115,14.150699548656906,15.665601191051318,False
金時,1,2025-09-26,2025-09-27,14.150699548656906,-3.491321565631723,-17.642021114288628,False
金時,1,2025-09-27,2025-09-28,-3.491321565631723,-2.736204368600143,0.7551171970315798,True
金時,1,2025-09-28,2025-09-29,-2.736204368600143,-4.436852315422673,-1.7006479468225297,True
金時,1,2025-09-29,2025-09-30,-4.436852315422673,-2.8904085300774227,1.5464437853452502,True
金時,1,2025-09-30,2025-10-01,-2.8904085300774227,3.966926076562243,6.857334606639666,False
金時,1,2025-10-01,2025-10-02,3.966926076562243,-1.5107981017808407,-5.477724178343084,False
金時,1,2025-10-02,2025-10-03,-1.5107981017808407,-5.043999135455584,-3.533201033674743,True
金時,1,2025-10-03,2025-10-04,-5.043999135455584,5.147330973250948,10.19133010870653,False
金時,1,2025-10-04,2025-10-05,5.147330973250948,1.9477209130353186,-3.1996100602156288,True
金時,1,2025-10-05,2025-10-06,1.9477209130353186,-1.2197089369139247,-3.1674298499492433,False
金時,1,2025-10-06,2025-10-07,-1.2197089369139247,-3.533540749734406,-2.3138318128204816,True
金時,1,2025-10-07,2025-10-08,-3.533540749734406,9.160626592297408,12.694167342031815,False
金時,1,2025-10-08,2025-10-09,9.160626592297408,-0.6304566550907144,-9.791083247388123,False
金時,1,2025-10-09,2025-10-10,-0.6304566550907144,2.517830204046943,3.148286859137657,False
金時,1,2025-10-10,2025-10-11,2.517830204046943,-0.3357267239748003,-2.853556928021743,False
金時,1,2025-10-11,2025-10-12,-0.3357267239748003,1.6994460405252518,2.035172764500052,False
金時,1,2025-10-12,2025-10-13,1.6994460405252518,0.17059937690292432,-1.5288466636223275,False
金時,1,2025-10-13,2025-10-14,0.17059937690292432,1.3832837093959043,1.21268433249298,False
金時,1,2025-10-14,2025-10-15,1.3832837093959043,2.967590864081295,1.5843071546853906,True
金時,1,2025-10-15,2025-10-16,2.967590864081295,11.559273174074336,8.591682309993041,True
金時,1,2025-10-16,2025-10-17,11.559273174074336,4.472601448785745,-7.086671725288592,True
金時,1,2025-10-17,2025-10-18,4.472601448785745,-0.8340909313078584,-5.306692380093603,False
金時,1,2025-10-18,2025-10-19,-0.8340909313078584,-2.004764783273477,-1.1706738519656186,False
金時,1,2025-10-19,2025-10-20,-2.004764783273477,9.665975016204564,11.670739799478042,False
金時,1,2025-10-20,2025-10-21,9.665975016204564,2.9145159486785484,-6.7514590675260155,True
金時,1,2025-10-21,2025-10-22,2.9145159486785484,-3.012021502835539,-5.926537451514087,False
金時,1,2025-10-22,2025-10-23,-3.012021502835539,-4.50803780596171,-1.4960163031261708,True
金時,1,2025-10-23,2025-10-24,-4.50803780596171,4.079479062105886,8.587516868067596,False
金時,1,2025-10-24,2025-10-25,4.079479062105886,-5.13548982564428,-9.214968887750166,False
金時,1,2025-10-25,2025-10-26,-5.13548982564428,3.194291033198883,8.329780858843163,False
金時,1,2025-10-26,2025-10-27,3.194291033198883,-4.4903134423832585,-7.684604475582141,False
金時,1,2025-10-27,2025-10-28,-4.4903134423832585,-2.105540453865184,2.3847729885180744,True
金時,1,2025-10-28,2025-10-29,-2.105540453865184,-3.0316854188869793,-0.9261449650217952,True
金時,1,2025-10-29,2025-10-30,-3.0316854188869793,3.8987632074698992,6.9304486263568785,False
金時,1,2025-10-30,2025-10-31,3.8987632074698992,4.958807937531342,1.0600447300614424,True
金時,1,2025-10-31,2025-11-01,4.958807937531342,9.899391553128956,4.940583615597614,True
金時,1,2025-11-01,2025-11-02,9.899391553128956,-6.002254343272146,-15.901645896401101,False
金時,1,2025-11-02,2025-11-03,-6.002254343272146,-2.7703391386372416,3.231915204634904,True
金時,1,2025-11-03,2025-11-04,-2.7703391386372416,4.461537982817259,7.231877121454501,False
金時,1,2025-11-04,2025-11-05,4.461537982817259,9.258179963755907,4.796641980938648,True
金時,1,2025-11-05,2025-11-06,9.258179963755907,1.5946746499398086,-7.663505313816099,True
金時,1,2025-11-06,2025-11-07,1.5946746499398086,-13.412329950334701,-15.00700460027451,False
金時,1,2025-11-07,2025-11-08,-13.412329950334701,1.0310498715626737,14.443379821897375,False
金時,1,2025-11-08,2025-11-09,1.0310498715626737,-5.599310269479425,-6.6303601410420985,False
金時,1,2025-11-09,2025-11-10,-5.599310269479425,2.932690649797501,8.532000919276925,False
金時,1,2025-11-10,2025-11-11,2.932690649797501,-4.6779507468655,-7.610641396663001,False
金時,1,2025-11-11,2025-11-12,-4.6779507468655,0.05534508831828882,4.733295835183789,False
金時,1,2025-11-12,2025-11-13,0.05534508831828882,2.467343044212988,2.4119979558946993,False
金時,1,2025-11-13,2025-11-14,2.467343044212988,-2.851860714644106,-5.319203758857094,False
金時,1,2025-11-14,2025-11-15,-2.851860714644106,6.200664628978966,9.052525343623072,False
金時,1,2025-11-15,2025-11-16,6.200664628978966,-8.575379056439779,-14.776043685418745,False
金時,1,2025-11-16,2025-11-17,-8.575379056439779,0.9722546879395253,9.547633744379304,False
金時,1,2025-11-17,2025-11-18,0.9722546879395253,-14.973230570100608,-15.945485258040133,False
金時,1,2025-11-18,2025-11-19,-14.973230570100608,-5.279838819039501,9.693391751061107,True
金時,1,2025-11-19,2025-11-20,-5.279838819039501,-2.950002055273146,2.329836763766355,True
金時,1,2025-11-20,2025-11-21,-2.950002055273146,-0.3114715079488842,2.6385305473242617,False
金時,1,2025-11-21,2025-11-22,-0.3114715079488842,5.842481264024609,6.1539527719734926,False
金時,1,2025-11-22,2025-11-23,5.842481264024609,-1.2741267511490568,-7.116608015173665,False
金時,1,2025-11-23,2025-11-24,-1.2741267511490568,9.449331939634737,10.723458690783794,False
金時,1,2025-11-24,2025-11-25,9.449331939634737,1.4984667283133186,-7.950865211321418,True
金時,1,2025-11-25,2025-11-26,1.4984667283133186,1.924273302585005,0.42580657427168633,True
金時,1,2025-11-26,2025-11-27,1.924273302585005,-11.62972451777894,-13.553997820363945,False
金時,1,2025-11-27,2025-11-28,-11.62972451777894,-1.377996318866081,10.251728198912858,True
金時,1,2025-11-28,2025-11-29,-1.377996318866081,-6.227526931939218,-4.849530613073137,True
金時,1,2025-11-29,2025-11-30,-6.227526931939218,7.0332702364528865,13.260797168392106,False
金時,1,2025-11-30,2025-12-01,7.0332702364528865,2.3015327627580175,-4.731737473694869,True
金時,1,2025-12-01,2025-12-02,2.3015327627580175,1.3495028905063247,-0.9520298722516929,True
金時,1,2025-12-02,2025-12-03,1.3495028905063247,3.47223387651669,2.1227309860103656,True
金時,1,2025-12-03,2025-12-04,3.47223387651669,-11.25004038641724,-14.72227426293393,False
金時,1,2025-12-04,2025-12-05,-11.25004038641724,0.7179555978526315,11.967995984269871,False
金時,1,2025-12-05,2025-12-06,0.7179555978526315,0.7172819993960194,-0.000673598456612079,True
金時,1,2025-12-06,2025-12-07,0.7172819993960194,-5.895205639555626,-6.612487638951645,False
金時,1,2025-12-07,2025-12-08,-5.895205639555626,9.327264311063107,15.222469950618734,False
金時,1,2025-12-08,2025-12-09,9.327264311063107,-9.04395839779137,-18.371222708854475,False
金時,1,2025-12-09,2025-12-10,-9.04395839779137,-9.997294476867777,-0.9533360790764078,True
金時,1,2025-12-10,2025-12-11,-9.997294476867777,7.256711409395973,17.25400588626375,False
金時,1,2025-12-11,2025-12-12,7.256711409395973,14.653125454299683,7.39641404490371,True
金時,1,2025-12-12,2025-12-13,14.653125454299683,-1.817100772726469,-16.470226227026153,False
金時,1,2025-12-13,2025-12-14,-1.817100772726469,4.233114562607034,6.050215335333503,False
金時,1,2025-12-14,2025-12-15,4.233114562607034,-2.5690197695816837,-6.802134332188718,False
金時,1,2025-12-15,2025-12-16,-2.5690197695816837,1.549401052909678,4.118420822491362,False
金時,1,2025-12-16,2025-12-17,1.549401052909678,-3.565081407010666,-5.114482459920344,False
金時,1,2025-12-17,2025-12-18,-3.565081407010666,7.485887942117173,11.050969349127838,False
金時,1,2025-12-18,2025-12-19,7.485887942117173,2.2202156839361464,-5.265672258181026,True
金時,1,2025-12-19,2025-12-20,2.2202156839361464,5.324605201836055,3.104389517899908,True
金時,1,2025-12-20,2025-12-21,5.324605201836055,0.10338564709169655,-5.221219554744358,False
金時,1,2025-12-21,2025-12-22,0.10338564709169655,-2.9081526159338402,-3.0115382630255367,False
金時,1,2025-12-22,2025-12-23,-2.9081526159338402,-2.0922428648169724,0.8159097511168678,True
金時,1,2025-12-23,2025-12-24,-2.0922428648169724,0.35981566247270297,2.4520585272896755,False
金時,1,2025-12-24,2025-12-25,0.35981566247270297,-0.17730794087776874,-0.5371236033504717,True
金時,1,2025-12-25,2025-12-26,-0.17730794087776874,-11.44453063404461,-11.26722269316684,False
金時,1,2025-12-26,2025-12-27,-11.44453063404461,1.0958598573902831,12.540390491434891,False
金時,1,2025-12-27,2025-12-28,1.0958598573902831,-6.813477306330928,-7.9093371637212115,False
金時,1,2025-12-28,2025-12-29,-6.813477306330928,0.5767636960235442,7.390241002354473,False
金時,1,2025-12-29,2025-12-30,0.5767636960235442,2.7905427739903916,2.2137790779668474,False
金時,1,2025-12-30,2025-12-31,2.7905427739903916,-1.5183926350232533,-4.308935409013645,False
金時,1,2025-12-31,2026-01-01,-1.5183926350232533,-4.9651311980495585,-3.4467385630263054,True
金時,1,2026-01-01,2026-01-02,-4.9651311980495585,5.9707321953547075,10.935863393404265,False
金時,1,2026-01-02,2026-01-03,5.9707321953547075,-4.565153217784327,-10.535885413139034,False
金時,1,2026-01-03,2026-01-04,-4.565153217784327,-7.194329303780315,-2.6291760859959883,True
金時,1,2026-01-04,2026-01-05,-7.194329303780315,3.378923098007917,10.573252401788231,False
金時,1,2026-01-05,2026-01-06,3.378923098007917,-0.07261814103985323,-3.45154123904777,False
金時,1,2026-01-06,2026-01-07,-0.07261814103985323,-12.612916815400101,-12.540298674360248,False
金時,1,2026-01-07,2026-01-08,-12.612916815400101,-4.724735208260403,7.888181607139699,True
金時,1,2026-01-08,2026-01-09,-4.724735208260403,12.22086225321801,16.945597461478414,False
金時,1,2026-01-09,2026-01-10,12.22086225321801,0.9811664514619296,-11.239695801756081,False
金時,1,2026-01-10,2026-01-11,0.9811664514619296,0.09138335897465558,-0.889783092487274,True
金時,1,2026-01-11,2026-01-12,0.09138335897465558,3.8035321220609326,3.712148763086277,False
金時,1,2026-01-12,2026-01-13,3.8035321220609326,-5.817236913027038,-9.62076903508797,False
金時,1,2026-01-13,2026-01-14,-5.817236913027038,0.7480665667894886,6.565303479816527,False
金時,1,2026-01-14,2026-01-15,0.7480665667894886,-3.3007043094186463,-4.048770876208135,False
金時,1,2026-01-15,2026-01-16,-3.3007043094186463,-0.33957231368842217,2.961131995730224,False
金時,1,2026-01-16,2026-01-17,-0.33957231368842217,-1.7000714260827148,-1.3604991123942927,False
金時,1,2026-01-17,2026-01-18,-1.7000714260827148,0.9809282255673771,2.680999651650092,False
金時,1,2026-01-18,2026-01-19,0.9809282255673771,1.7268610758920486,0.7459328503246715,False
金時,1,2026-01-19,2026-01-20,1.7268610758920486,13.572643853737237,11.845782777845187,True
金時,1,2026-01-20,2026-01-21,13.572643853737237,-5.227581102750709,-18.800224956487945,False
金時,1,2026-01-21,2026-01-22,-5.227581102750709,1.7574835861864313,6.985064688937141,False
金時,1,2026-01-22,2026-01-23,1.7574835861864313,10.718840762722566,8.961357176536135,True
金時,1,2026-01-23,2026-01-24,10.718840762722566,-6.37861404212238,-17.097454804844947,False
金時,1,2026-01-24,2026-01-25,-6.37861404212238,3.2646207969297416,9.643234839052122,False
金時,1,2026-01-25,2026-01-26,3.2646207969297416,5.568623361966652,2.3040025650369103,True
金時,1,2026-01-26,2026-01-27,5.568623361966652,5.696816179916782,0.12819281795013016,True
金時,1,2026-01-27,2026-01-28,5.696816179916782,-7.676898623978155,-13.373714803894938,False
金時,1,2026-01-28,2026-01-29,-7.676898623978155,-5.928453022319578,1.7484456016585765,True
金時,1,2026-01-29,2026-01-30,-5.928453022319578,8.927598899820742,14.85605192214032,False
金時,1,2026-01-30,2026-01-31,8.927598899820742,-7.7396265116875345,-16.667225411508277,False
金時,1,2026-01-31,2026-02-01,-7.7396265116875345,2.3361469469195333,10.075773458607067,False
金時,1,2026-02-01,2026-02-02,2.3361469469195333,-3.970830368412032,-6.306977315331565,False
金時,1,2026-02-02,2026-02-03,-3.970830368412032,3.1162599078554933,7.087090276267525,False
金時,1,2026-02-03,2026-02-04,3.1162599078554933,0.4291380109157463,-2.687121896939747,False
金時,1,2026-02-04,2026-02-05,0.4291380109157463,11.829956898951988,11.400818888036241,False
金時,1,2026-02-05,2026-02-06,11.829956898951988,4.783078307830784,-7.046878591121204,True
金時,1,2026-02-06,2026-02-07,4.783078307830784,6.458219351809345,1.6751410439785612,True
金時,1,2026-02-07,2026-02-08,6.458219351809345,-6.4105553128543855,-12.86877466466373,False
金時,1,2026-02-08,2026-02-09,-6.4105553128543855,-5.580664236027539,0.8298910768268462,True
金時,1,2026-02-09,2026-02-10,-5.580664236027539,-10.856952603229232,-5.276288367201692,True
金時,1,2026-02-10,2026-02-11,-10.856952603229232,-6.1595092548505495,4.697443348378682,True
金時,1,2026-02-11,2026-02-12,-6.1595092548505495,1.3833498637110813,7.542859118561631,False
金時,1,2026-02-12,2026-02-13,1.3833498637110813,2.2592039952495506,0.8758541315384694,True
金時,1,2026-02-13,2026-02-14,2.2592039952495506,3.0877841659386873,0.8285801706891367,True
金時,1,2026-02-14,2026-02-15,3.0877841659386873,11.488750185207296,8.400966019268608,True
金時,1,2026-02-15,2026-02-16,11.488750185207296,4.4626725446267255,-7.026077640580571,True
金時,1,2026-02-16,2026-02-17,4.4626725446267255,-0.7759702123270121,-5.2386427569537375,False
金時,1,2026-02-17,2026-02-18,-0.7759702123270121,-1.4312637061403508,-0.6552934938133387,False
金時,1,2026-02-18,2026-02-19,-1.4312637061403508,6.093549989665188,7.524813695805539,False
金時,1,2026-02-19,2026-02-20,6.093549989665188,-1.7971818900910324,-7.8907318797562205,False
金時,1,2026-02-20,2026-02-21,-1.7971818900910324,-0.1332700373243209,1.6639118527667114,False
金時,1,2026-02-21,2026-02-22,-0.1332700373243209,-8.381803388899769,-8.248533351575448,False
金時,1,2026-02-22,2026-02-23,-8.381803388899769,-3.866382470644049,4.51542091825572,True
金時,1,2026-02-23,2026-02-24,-3.866382470644049,4.061309821917329,7.927692292561378,False
金時,1,2026-02-24,2026-02-25,4.061309821917329,1.8045310853530032,-2.256778736564326,True
金時,1,2026-02-25,2026-02-26,1.8045310853530032,20.88512628680693,19.080595201453928,True
金時,1,2026-02-26,2026-02-27,20.88512628680693,-3.114916391575974,-24.000042678382904,False
金時,1,2026-02-27,2026-02-28,-3.114916391575974,1.9803044059892658,5.09522079756524,False
金時,1,2026-02-28,2026-03-01,1.9803044059892658,-2.1578903391414683,-4.138194745130734,False
金時,1,2026-03-01,2026-03-02,-2.1578903391414683,1.58681803112708,3.7447083702685484,False
金時,1,2026-03-02,2026-03-03,1.58681803112708,7.2612310890403045,5.674413057913224,True
金時,1,2026-03-03,2026-03-04,7.2612310890403045,-3.2855686791774086,-10.546799768217713,False
金時,1,2026-03-04,2026-03-05,-3.2855686791774086,1.4742904988707684,4.759859178048177,False
金時,1,2026-03-05,2026-03-06,1.4742904988707684,-3.997805717613536,-5.472096216484305,False
金時,1,2026-03-06,2026-03-07,-3.997805717613536,2.0153249104710373,6.013130628084573,False
金時,1,2026-03-07,2026-03-08,2.0153249104710373,5.026092658127795,3.010767747656758,True
金時,1,2026-03-08,2026-03-09,5.026092658127795,0.5157285618228371,-4.510364096304958,False
金時,1,2026-03-09,2026-03-10,0.5157285618228371,-5.346156981009047,-5.861885542831884,False
金時,1,2026-03-10,2026-03-11,-5.346156981009047,-2.3022324487781574,3.0439245322308897,True
金時,1,2026-03-11,2026-03-12,-2.3022324487781574,-5.788291577688394,-3.4860591289102367,True
金時,1,2026-03-12,2026-03-13,-5.788291577688394,-13.527162490187353,-7.7388709124989585,True
金時,1,2026-03-13,2026-03-14,-13.527162490187353,-3.4286093100439667,10.098553180143385,True
金時,1,2026-03-14,2026-03-15,-3.4286093100439667,-1.9695004223482564,1.4591088876957103,True
金時,1,2026-03-15,2026-03-16,-1.9695004223482564,-1.4532619734456484,0.516238448902608,True
金時,1,2026-03-16,2026-03-17,-1.4532619734456484,-0.5673750127058736,0.8858869607397748,False
金時,1,2026-03-17,2026-03-18,-0.5673750127058736,-1.3187739506097527,-0.751398937903879,False
金時,1,2026-03-18,2026-03-19,-1.3187739506097527,-5.786263753103068,-4.467489802493315,True
金時,1,2026-03-19,2026-03-20,-5.786263753103068,15.506515240630362,21.292778993733428,False
金時,1,2026-03-20,2026-03-21,15.506515240630362,0.7157334835784764,-14.790781757051885,False
金時,1,2026-03-21,2026-03-22,0.7157334835784764,1.7521047295808172,1.0363712460023407,False
金時,1,2026-03-22,2026-03-23,1.7521047295808172,-5.307626964383229,-7.059731693964046,False
金時,1,2026-03-23,2026-03-24,-5.307626964383229,2.4649234581942383,7.772550422577467,False
金時,1,2026-03-24,2026-03-25,2.4649234581942383,-0.6462913503226406,-3.1112148085168787,False
金時,1,2026-03-25,2026-03-26,-0.6462913503226406,6.4025627804412455,7.048854130763886,False
金時,1,2026-03-26,2026-03-27,6.4025627804412455,4.704852563050495,-1.6977102173907506,True
金時,1,2026-03-27,2026-03-28,4.704852563050495,-2.927680395407609,-7.632532958458103,False
金時,1,2026-03-28,2026-03-29,-2.927680395407609,11.43172240860914,14.35940280401675,False
金時,1,2026-03-29,2026-03-30,11.43172240860914,-4.924547922450983,-16.356270331060124,False
金時,1,2026-03-30,2026-03-31,-4.924547922450983,3.421969737018678,8.346517659469662,False
金時,1,2026-03-31,2026-04-01,3.421969737018678,-16.332251744352636,-19.754221481371314,False
金時,1,2026-04-01,2026-04-02,-16.332251744352636,-4.886007111482953,11.446244632869682,True
金時,1,2026-04-02,2026-04-03,-4.886007111482953,0.35111780744237875,5.237124918925332,False
金時,1,2026-04-03,2026-04-04,0.35111780744237875,6.969384148764323,6.618266341321944,False
金時,1,2026-04-04,2026-04-05,6.969384148764323,8.265894493811277,1.2965103450469542,True
金時,1,2026-04-05,2026-04-06,8.265894493811277,1.7531330775890943,-6.512761416222183,True
金時,1,2026-04-06,2026-04-07,1.7531330775890943,-9.68584338421034,-11.438976461799435,False
金時,1,2026-04-07,2026-04-08,-9.68584338421034,-1.2972477702647847,8.388595613945556,True
金時,1,2026-04-08,2026-04-09,-1.2972477702647847,10.310980061582306,11.60822783184709,False
金時,1,2026-04-09,2026-04-10,10.310980061582306,-7.427445023765435,-17.738425085347743,False
金時,1,2026-04-10,2026-04-11,-7.427445023765435,-7.267309804828493,0.16013521893694183,True
金時,1,2026-04-11,2026-04-12,-7.267309804828493,1.310977997831527,8.57828780266002,False
金時,1,2026-04-12,2026-04-13,1.310977997831527,4.894628952933456,3.5836509551019287,True
金時,1,2026-04-13,2026-04-14,4.894628952933456,7.7191998176622185,2.824570864728763,True
金時,1,2026-04-14,2026-04-15,7.7191998176622185,4.130386012142627,-3.5888138055195915,True
金時,1,2026-04-15,2026-04-16,4.130386012142627,-5.884296858570584,-10.014682870713212,False
金時,1,2026-04-16,2026-04-17,-5.884296858570584,-1.8253759718079103,4.0589208867626745,True
金時,1,2026-04-17,2026-04-18,-1.8253759718079103,-3.569625005027641,-1.7442490332197305,True
金時,1,2026-04-18,2026-04-19,-3.569625005027641,-2.174666610011428,1.394958395016213,True
金時,1,2026-04-19,2026-04-20,-2.174666610011428,-3.540993799547488,-1.3663271895360602,True
金時,1,2026-04-20,2026-04-21,-3.540993799547488,-9.747319617502173,-6.206325817954685,True
金時,1,2026-04-21,2026-04-22,-9.747319617502173,4.031352378674003,13.778671996176175,False
金時,1,2026-04-22,2026-04-23,4.031352378674003,-6.318128192267207,-10.34948057094121,False
金時,1,2026-04-23,2026-04-24,-6.318128192267207,8.279560287925783,14.59768848019299,False
金時,1,2026-04-24,2026-04-25,8.279560287925783,-0.5370882994457904,-8.816648587371573,False
金時,1,2026-04-25,2026-04-26,-0.5370882994457904,0.3657245720008367,0.902812871446627,True
金時,1,2026-04-26,2026-04-27,0.3657245720008367,-10.042408937916209,-10.408133509917045,False
金時,1,2026-04-27,2026-04-28,-10.042408937916209,-10.89308326603053,-0.8506743281143212,True
金時,1,2026-04-28,2026-04-29,-10.89308326603053,6.666962043322427,17.560045309352958,False
金時,1,2026-04-29,2026-04-30,6.666962043322427,-8.321780672957498,-14.988742716279926,False
金時,1,2026-04-30,2026-05-01,-8.321780672957498,-4.886826990138274,3.4349536828192244,True
金時,1,2026-05-01,2026-05-02,-4.886826990138274,4.854628401029627,9.7414553911679,False
金時,1,2026-05-02,2026-05-03,4.854628401029627,2.2879771469034105,-2.5666512541262168,True
金時,1,2026-05-03,2026-05-04,2.2879771469034105,1.6481288170572213,-0.6398483298461892,True
金時,1,2026-05-04,2026-05-05,1.6481288170572213,-1.7056076760882,-3.353736493145421,False
金時,1,2026-05-05,2026-05-06,-1.7056076760882,-1.9032162879905576,-0.19760861190235768,True
金時,1,2026-05-06,2026-05-07,-1.9032162879905576,5.828321451292377,7.731537739282935,False
金時,1,2026-05-07,2026-05-08,5.828321451292377,7.06751113819184,1.2391896868994632,True
金時,1,2026-05-08,2026-05-09,7.06751113819184,-5.436186900451863,-12.503698038643702,False
金時,1,2026-05-09,2026-05-10,-5.436186900451863,0.6923004510563207,6.128487351508183,False
金時,1,2026-05-10,2026-05-11,0.6923004510563207,-0.9107216779356976,-1.6030221289920181,True
金時,1,2026-05-11,2026-05-12,-0.9107216779356976,-3.6889464614103464,-2.778224783474649,False
金時,1,2026-05-12,2026-05-13,-3.6889464614103464,0.290585316832866,3.9795317782432122,False
金時,1,2026-05-13,2026-05-14,0.290585316832866,14.632326247428502,14.341740930595636,False
金時,1,2026-05-14,2026-05-15,14.632326247428502,5.710047703661631,-8.922278543766872,True
金時,1,2026-05-15,2026-05-16,5.710047703661631,2.630468190690288,-3.0795795129713426,True
金時,1,2026-05-16,2026-05-17,2.630468190690288,-1.8878458168225205,-4.518314007512808,False
金時,1,2026-05-17,2026-05-18,-1.8878458168225205,-6.278928551512185,-4.391082734689665,True
金時,1,2026-05-18,2026-05-19,-6.278928551512185,-2.8775678638739586,3.4013606876382263,True
金時,1,2026-05-19,2026-05-20,-2.8775678638739586,13.383985110664726,16.261552974538684,False
金時,1,2026-05-20,2026-05-21,13.383985110664726,-2.222002012379181,-15.605987123043906,False
金時,1,2026-05-21,2026-05-22,-2.222002012379181,-7.085388218716891,-4.86338620633771,True
金時,1,2026-05-22,2026-05-23,-7.085388218716891,-7.8738751689710105,-0.7884869502541196,True
金時,1,2026-05-23,2026-05-24,-7.8738751689710105,1.3978988719501209,9.271774040921132,False
金時,1,2026-05-24,2026-05-25,1.3978988719501209,10.311074368310088,8.913175496359967,True
金時,1,2026-05-25,2026-05-26,10.311074368310088,2.037785833798104,-8.273288534511984,True
金時,1,2026-05-26,2026-05-27,2.037785833798104,4.241549936863125,2.203764103065021,True
金時,1,2026-05-27,2026-05-28,4.241549936863125,-5.372564121139101,-9.614114058002226,False
金時,1,2026-05-28,2026-05-29,-5.372564121139101,2.3542882494364648,7.726852370575566,False
金時,1,2026-05-29,2026-05-30,2.3542882494364648,-0.6479825717779096,-3.0022708212143745,False
金時,1,2026-05-30,2026-05-31,-0.6479825717779096,5.022223707515957,5.670206279293867,False
金時,1,2026-05-31,2026-06-01,5.022223707515957,1.6146791702692116,-3.4075445372467454,True
金時,1,2026-06-01,2026-06-02,1.6146791702692116,-12.591238152100903,-14.205917322370114,False
金時,1,2026-06-02,2026-06-03,-12.591238152100903,3.0878280841144634,15.679066236215366,False
金時,1,2026-06-03,2026-06-04,3.0878280841144634,4.602098296688058,1.5142702125735945,True
金時,1,2026-06-04,2026-06-05,4.602098296688058,11.258231931620386,6.656133634932329,True
金時,1,2026-06-05,2026-06-06,11.258231931620386,-3.763088826186954,-15.021320757807342,False
金時,1,2026-06-06,2026-06-07,-3.763088826186954,0.9847048080637797,4.747793634250733,False
金時,1,2026-06-07,2026-06-08,0.9847048080637797,-2.75260704582956,-3.7373118538933396,False
金時,1,2026-06-08,2026-06-09,-2.75260704582956,-9.781095177355196,-7.028488131525636,True
金時,1,2026-06-09,2026-06-10,-9.781095177355196,3.1515694289965186,12.932664606351715,False
金時,1,2026-06-10,2026-06-11,3.1515694289965186,6.931584530560395,3.780015101563876,True
金時,1,2026-06-13,2026-06-14,-3.8252928463912412,-0.3307556416800453,3.4945372047111958,False
金時,1,2026-06-14,2026-06-15,-0.3307556416800453,-5.6209449929478135,-5.2901893512677685,False
金時,1,2026-06-15,2026-06-16,-5.6209449929478135,8.130587662622336,13.751532655570148,False
金時,1,2026-06-16,2026-06-17,8.130587662622336,-5.073111990366421,-13.203699652988757,False
金時,1,2026-06-17,2026-06-18,-5.073111990366421,4.791037433644518,9.86414942401094,False
金時,1,2026-06-18,2026-06-19,4.791037433644518,-8.52044230781038,-13.3114797414549,False
金時,1,2026-06-19,2026-06-20,-8.52044230781038,-1.1781286054357192,7.342313702374661,True
金時,1,2026-06-20,2026-06-21,-1.1781286054357192,-1.912415503574381,-0.7342868981386619,True
金時,1,2026-06-21,2026-06-22,-1.912415503574381,-5.433457164733573,-3.521041661159192,True
金時,1,2026-06-22,2026-06-23,-5.433457164733573,-9.929644516298062,-4.496187351564489,True
金時,1,2026-06-23,2026-06-24,-9.929644516298062,2.152675472546131,12.082319988844192,False
金時,1,2026-06-24,2026-06-25,2.152675472546131,8.908893743920137,6.756218271374006,True
金時,1,2026-06-25,2026-06-26,8.908893743920137,-2.550423441383212,-11.459317185303348,False
金時,1,2026-06-26,2026-06-27,-2.550423441383212,0.8157855321174518,3.366208973500664,False
金時,1,2026-06-27,2026-06-28,0.8157855321174518,4.507147281744545,3.691361749627093,False
金時,1,2026-06-28,2026-06-29,4.507147281744545,-5.940417836916166,-10.44756511866071,False
金時,1,2026-06-29,2026-06-30,-5.940417836916166,1.1812050645797543,7.12162290149592,False
金時,1,2026-06-30,2026-07-01,1.1812050645797543,-7.606761950620346,-8.787967015200099,False
金時,1,2026-07-01,2026-07-02,-7.606761950620346,-10.174847902993413,-2.5680859523730675,True
金時,1,2026-07-02,2026-07-03,-10.174847902993413,1.4996241773149759,11.674472080308389,False
金時,1,2026-07-03,2026-07-04,1.4996241773149759,8.00027713252516,6.5006529552101835,True
金時,7,2025-01-01,2025-01-08,7.978579849718044,-0.7614037858002882,-8.739983635518332,False
金時,7,2025-01-02,2025-01-09,-0.597690825052864,-14.251211360481838,-13.653520535428974,False
金時,7,2025-01-03,2025-01-10,-0.4118872027336425,-0.010387969899818418,0.40149923283382405,True
金時,7,2025-01-04,2025-01-11,-5.195050678437142,0.09302221949901686,5.288072897936159,False
金時,7,2025-01-05,2025-01-12,-10.888003179542796,7.64648731175831,18.534490491301106,False
金時,7,2025-01-06,2025-01-13,7.462255647569151,-2.3236799502886205,-9.785935597857772,False
金時,7,2025-01-07,2025-01-14,-3.3924765717056817,-1.797415454527012,1.5950611171786697,True
金時,7,2025-01-08,2025-01-15,-0.7614037858002882,-2.3781668457830563,-1.616763059982768,False
金時,7,2025-01-09,2025-01-16,-14.251211360481838,-5.903012809869858,8.34819855061198,True
金時,7,2025-01-10,2025-01-17,-0.010387969899818418,-3.498086098361845,-3.4876981284620268,False
金時,7,2025-01-11,2025-01-18,0.09302221949901686,-2.131882468875349,-2.2249046883743655,False
金時,7,2025-01-12,2025-01-19,7.64648731175831,-6.613283763494674,-14.259771075252985,False
金時,7,2025-01-13,2025-01-20,-2.3236799502886205,8.772482191349521,11.096162141638143,False
金時,7,2025-01-14,2025-01-21,-1.797415454527012,-6.315758830917151,-4.518343376390138,True
金時,7,2025-01-15,2025-01-22,-2.3781668457830563,2.3312716026923774,4.709438448475433,False
金時,7,2025-01-16,2025-01-23,-5.903012809869858,-4.751362896068813,1.1516499138010445,True
金時,7,2025-01-17,2025-01-24,-3.498086098361845,-3.4559889485456816,0.042097149816163526,True
金時,7,2025-01-18,2025-01-25,-2.131882468875349,10.09431985605912,12.226202324934468,False
金時,7,2025-01-19,2025-01-26,-6.613283763494674,0.07297849566994259,6.686262259164616,False
金時,7,2025-01-20,2025-01-27,8.772482191349521,-0.4225874453466583,-9.19506963669618,False
金時,7,2025-01-21,2025-01-28,-6.315758830917151,4.206563974465722,10.522322805382874,False
金時,7,2025-01-22,2025-01-29,2.3312716026923774,7.364198534002754,5.032926931310376,True
金時,7,2025-01-23,2025-01-30,-4.751362896068813,-6.667951048979116,-1.916588152910303,True
金時,7,2025-01-24,2025-01-31,-3.4559889485456816,-12.856556719053822,-9.40056777050814,True
金時,7,2025-01-25,2025-02-01,10.09431985605912,-3.5501642358768266,-13.644484091935945,False
金時,7,2025-01-26,2025-02-02,0.07297849566994259,3.384733410049866,3.3117549143799234,False
金時,7,2025-01-27,2025-02-03,-0.4225874453466583,7.046744008806842,7.4693314541535,False
金時,7,2025-01-28,2025-02-04,4.206563974465722,1.2181630101806475,-2.988400964285075,True
金時,7,2025-01-29,2025-02-05,7.364198534002754,0.11388309421431309,-7.250315439788441,False
金時,7,2025-01-31,2025-02-07,-12.856556719053822,9.568660220444869,22.42521693949869,False
金時,7,2025-02-01,2025-02-08,-3.5501642358768266,-3.1646257025713433,0.38553853330548327,True
金時,7,2025-02-02,2025-02-09,3.384733410049866,6.009417470253201,2.624684060203335,True
金時,7,2025-02-03,2025-02-10,7.046744008806842,6.46628741098878,-0.5804565978180616,True
金時,7,2025-02-04,2025-02-11,1.2181630101806475,-9.47024249737262,-10.688405507553268,False
金時,7,2025-02-05,2025-02-12,0.11388309421431309,-5.516943181090257,-5.63082627530457,False
金時,7,2025-02-07,2025-02-14,9.568660220444869,-2.1586046259682576,-11.727264846413126,False
金時,7,2025-02-09,2025-02-16,6.009417470253201,-0.02350783439312547,-6.0329253046463265,False
金時,7,2025-02-10,2025-02-17,6.46628741098878,-9.172551355132677,-15.638838766121458,False
金時,7,2025-02-11,2025-02-18,-9.47024249737262,-11.875815740715387,-2.405573243342767,True
金時,7,2025-02-12,2025-02-19,-5.516943181090257,-11.579781550090722,-6.062838369000465,True
金時,7,2025-02-13,2025-02-20,0.06438429023318311,-0.13102569547674667,-0.1954099857099298,True
金時,7,2025-02-14,2025-02-21,-2.1586046259682576,-5.408583904060812,-3.2499792780925545,True
金時,7,2025-02-16,2025-02-23,-0.02350783439312547,-15.031629097544993,-15.008121263151867,False
金時,7,2025-02-17,2025-02-24,-9.172551355132677,-4.391902635924408,4.780648719208269,True
金時,7,2025-02-18,2025-02-25,-11.875815740715387,4.797888115619983,16.673703856335372,False
金時,7,2025-02-19,2025-02-26,-11.579781550090722,-7.975616456900774,3.6041650931899483,True
金時,7,2025-02-20,2025-02-27,-0.13102569547674667,7.775268914809604,7.90629461028635,False
金時,7,2025-02-21,2025-02-28,-5.408583904060812,-5.887782919183905,-0.4791990151230925,True
金時,7,2025-02-22,2025-03-01,-7.470705129288594,-7.562055841837593,-0.09135071254899962,True
金時,7,2025-02-23,2025-03-02,-15.031629097544993,-5.349532842725405,9.682096254819587,True
金時,7,2025-02-24,2025-03-03,-4.391902635924408,-6.611292652146583,-2.2193900162221745,True
金時,7,2025-02-25,2025-03-04,4.797888115619983,-5.310357844920057,-10.10824596054004,False
金時,7,2025-02-26,2025-03-05,-7.975616456900774,-3.5086119354425267,4.467004521458247,True
金時,7,2025-02-27,2025-03-06,7.775268914809604,5.140369671308814,-2.63489924350079,True
金時,7,2025-02-28,2025-03-07,-5.887782919183905,0.2428370623768811,6.130619981560786,False
金時,7,2025-03-01,2025-03-08,-7.562055841837593,-3.5546265238550494,4.0074293179825435,True
金時,7,2025-03-02,2025-03-09,-5.349532842725405,-4.091227001477772,1.2583058412476333,True
金時,7,2025-03-03,2025-03-10,-6.611292652146583,-12.955827623844405,-6.344534971697822,True
金時,7,2025-03-04,2025-03-11,-5.310357844920057,-0.0713733919994626,5.238984452920595,False
金時,7,2025-03-05,2025-03-12,-3.5086119354425267,-1.3122514024552632,2.1963605329872635,True
金時,7,2025-03-06,2025-03-13,5.140369671308814,-1.1341773646736963,-6.2745470359825095,False
金時,7,2025-03-07,2025-03-14,0.2428370623768811,-5.9703287355195584,-6.21316579789644,False
金時,7,2025-03-08,2025-03-15,-3.5546265238550494,7.676510980195859,11.231137504050908,False
金時,7,2025-03-09,2025-03-16,-4.091227001477772,0.7824405956306082,4.87366759710838,False
金時,7,2025-03-10,2025-03-17,-12.955827623844405,7.9463674464425855,20.90219507028699,False
金時,7,2025-03-11,2025-03-18,-0.0713733919994626,1.0568373403542808,1.1282107323537434,False
金時,7,2025-03-12,2025-03-19,-1.3122514024552632,1.8030602398566373,3.1153116423119007,False
金時,7,2025-03-13,2025-03-20,-1.1341773646736963,7.508092502405879,8.642269867079575,False
金時,7,2025-03-14,2025-03-21,-5.9703287355195584,-1.8571233181173172,4.113205417402241,True
金時,7,2025-03-15,2025-03-22,7.676510980195859,1.877387597192429,-5.79912338300343,True
金時,7,2025-03-16,2025-03-23,0.7824405956306082,-18.123397550276433,-18.90583814590704,False
金時,7,2025-03-17,2025-03-24,7.9463674464425855,-2.099431188594223,-10.045798635036808,False
金時,7,2025-03-18,2025-03-25,1.0568373403542808,8.949283170023705,7.892445829669424,True
金時,7,2025-03-19,2025-03-26,1.8030602398566373,4.704797817581152,2.901737577724515,True
金時,7,2025-03-20,2025-03-27,7.508092502405879,0.9424974322986619,-6.565595070107217,False
金時,7,2025-03-21,2025-03-28,-1.8571233181173172,-14.2998926495311,-12.442769331413784,True
金時,7,2025-03-22,2025-03-29,1.877387597192429,5.737969641511465,3.860582044319036,True
金時,7,2025-03-23,2025-03-30,-18.123397550276433,-6.608535416428804,11.514862133847629,True
金時,7,2025-03-24,2025-03-31,-2.099431188594223,2.9560951867421874,5.05552637533641,False
金時,7,2025-03-25,2025-04-01,8.949283170023705,-5.781163507921027,-14.730446677944732,False
金時,7,2025-03-26,2025-04-02,4.704797817581152,6.728710511432495,2.0239126938513428,True
金時,7,2025-03-27,2025-04-03,0.9424974322986619,10.052997681351442,9.11050024905278,False
金時,7,2025-03-28,2025-04-04,-14.2998926495311,-7.391087429403899,6.908805220127202,True
金時,7,2025-03-29,2025-04-05,5.737969641511465,-1.281531743787893,-7.019501385299358,False
金時,7,2025-03-30,2025-04-06,-6.608535416428804,-1.3008389802288718,5.307696436199932,True
金時,7,2025-03-31,2025-04-07,2.9560951867421874,11.475207612837853,8.519112426095665,True
金時,7,2025-04-01,2025-04-08,-5.781163507921027,-14.51534733441034,-8.734183826489312,True
金時,7,2025-04-02,2025-04-09,6.728710511432495,1.2151218666792707,-5.5135886447532245,True
金時,7,2025-04-03,2025-04-10,10.052997681351442,16.596063024650846,6.5430653432994035,True
金時,7,2025-04-04,2025-04-11,-7.391087429403899,8.53955599844987,15.93064342785377,False
金時,7,2025-04-05,2025-04-12,-1.281531743787893,-3.3845925569663,-2.1030608131784065,True
金時,7,2025-04-06,2025-04-13,-1.3008389802288718,-2.9615379747636466,-1.6606989945347748,True
金時,7,2025-04-07,2025-04-14,11.475207612837853,9.095020746887966,-2.380186865949886,True
金時,7,2025-04-08,2025-04-15,-14.51534733441034,0.2156410218649477,14.730988356275287,False
金時,7,2025-04-09,2025-04-16,1.2151218666792707,-6.073000970513872,-7.288122837193143,False
金時,7,2025-04-10,2025-04-17,16.596063024650846,-4.367586742046337,-20.96364976669718,False
金時,7,2025-04-11,2025-04-18,8.53955599844987,-12.27062533701531,-20.81018133546518,False
金時,7,2025-04-12,2025-04-19,-3.3845925569663,-11.217434675220337,-7.832842118254037,True
金時,7,2025-04-13,2025-04-20,-2.9615379747636466,4.856655543196144,7.818193517959791,False
金時,7,2025-04-14,2025-04-21,9.095020746887966,-5.872788139646103,-14.967808886534069,False
金時,7,2025-04-15,2025-04-22,0.2156410218649477,7.235279841246426,7.019638819381478,False
金時,7,2025-04-16,2025-04-23,-6.073000970513872,-5.002373665444482,1.0706273050693902,True
金時,7,2025-04-17,2025-04-24,-4.367586742046337,-4.563394824561075,-0.19580808251473858,True
金時,7,2025-04-18,2025-04-25,-12.27062533701531,-3.2324324108732894,9.03819292614202,True
金時,7,2025-04-19,2025-04-26,-11.217434675220337,7.430349484633371,18.647784159853707,False
金時,7,2025-04-20,2025-04-27,4.856655543196144,1.2422360248447204,-3.614419518351424,True
金時,7,2025-04-21,2025-04-28,-5.872788139646103,5.864637412481086,11.737425552127188,False
金時,7,2025-04-22,2025-04-29,7.235279841246426,-4.801062752370806,-12.036342593617231,False
金時,7,2025-04-23,2025-04-30,-5.002373665444482,-1.4072060281845962,3.5951676372598858,True
金時,7,2025-04-24,2025-05-01,-4.563394824561075,1.5745588264420252,6.1379536510031,False
金時,7,2025-04-25,2025-05-02,-3.2324324108732894,-9.034732927675856,-5.802300516802567,True
金時,7,2025-04-26,2025-05-03,7.430349484633371,-1.6963210972982268,-9.126670581931599,False
金時,7,2025-04-27,2025-05-04,1.2422360248447204,4.7206582936336074,3.4784222687888873,True
金時,7,2025-04-28,2025-05-05,5.864637412481086,7.171504871173533,1.3068674586924471,True
金時,7,2025-04-29,2025-05-06,-4.801062752370806,2.792798609653866,7.593861362024672,False
金時,7,2025-04-30,2025-05-07,-1.4072060281845962,7.867053248141118,9.274259276325713,False
金時,7,2025-05-01,2025-05-08,1.5745588264420252,-16.59769557926149,-18.172254405703516,False
金時,7,2025-05-02,2025-05-09,-9.034732927675856,2.8317755185669404,11.866508446242797,False
金時,7,2025-05-03,2025-05-10,-1.6963210972982268,-1.6346256000751098,0.06169549722311696,True
金時,7,2025-05-04,2025-05-11,4.7206582936336074,-8.9502314336488,-13.670889727282407,False
金時,7,2025-05-05,2025-05-12,7.171504871173533,1.781688290810425,-5.389816580363108,True
金時,7,2025-05-06,2025-05-13,2.792798609653866,2.1584783473825113,-0.6343202622713546,True
金時,7,2025-05-07,2025-05-14,7.867053248141118,1.3265490288633746,-6.540504219277743,True
金時,7,2025-05-08,2025-05-15,-16.59769557926149,3.0004528506312402,19.59814842989273,False
金時,7,2025-05-09,2025-05-16,2.8317755185669404,-5.757801566674543,-8.589577085241483,False
金時,7,2025-05-10,2025-05-17,-1.6346256000751098,4.460033738210636,6.094659338285746,False
金時,7,2025-05-11,2025-05-18,-8.9502314336488,-8.510355071042234,0.43987636260656515,True
金時,7,2025-05-12,2025-05-19,1.781688290810425,-12.29457394183204,-14.076262232642465,False
金時,7,2025-05-13,2025-05-20,2.1584783473825113,3.669779682947654,1.5113013355651428,True
金時,7,2025-05-14,2025-05-21,1.3265490288633746,-12.857666053673286,-14.18421508253666,False
金時,7,2025-05-15,2025-05-22,3.0004528506312402,-3.236154157402734,-6.236607008033975,False
金時,7,2025-05-16,2025-05-23,-5.757801566674543,3.5669425527725536,9.324744119447097,False
金時,7,2025-05-17,2025-05-24,4.460033738210636,4.1221793238325315,-0.3378544143781044,True
金時,7,2025-05-18,2025-05-25,-8.510355071042234,3.049569411298157,11.55992448234039,False
金時,7,2025-05-19,2025-05-26,-12.29457394183204,-7.9305532294981305,4.364020712333909,True
金時,7,2025-05-20,2025-05-27,3.669779682947654,-8.223958639327888,-11.893738322275542,False
金時,7,2025-05-21,2025-05-28,-12.857666053673286,-6.4084349061541905,6.449231147519096,True
金時,7,2025-05-22,2025-05-29,-3.236154157402734,-3.467904494222525,-0.23175033681979107,True
金時,7,2025-05-23,2025-05-30,3.5669425527725536,0.19797372415907336,-3.3689688286134802,False
金時,7,2025-05-24,2025-05-31,4.1221793238325315,-7.364662663776402,-11.486841987608933,False
金時,7,2025-05-25,2025-06-01,3.049569411298157,-0.9332509876579518,-3.9828203989561084,False
金時,7,2025-05-26,2025-06-02,-7.9305532294981305,-4.623500776457372,3.3070524530407583,True
金時,7,2025-05-27,2025-06-03,-8.223958639327888,-5.204084657967074,3.0198739813608144,True
金時,7,2025-05-28,2025-06-04,-6.4084349061541905,-4.343160206343616,2.0652746998105744,True
金時,7,2025-05-29,2025-06-05,-3.467904494222525,10.67510179686976,14.143006291092284,False
金時,7,2025-05-30,2025-06-06,0.19797372415907336,1.600691464505942,1.4027177403468687,False
金時,7,2025-05-31,2025-06-07,-7.364662663776402,-6.169023758234211,1.1956389055421912,True
金時,7,2025-06-01,2025-06-08,-0.9332509876579518,-1.8273048601545525,-0.8940538724966007,False
金時,7,2025-06-02,2025-06-09,-4.623500776457372,-1.7146149025530442,2.908885873904328,True
金時,7,2025-06-03,2025-06-10,-5.204084657967074,-6.447859563635228,-1.243774905668154,True
金時,7,2025-06-04,2025-06-11,-4.343160206343616,2.365184131004008,6.708344337347624,False
金時,7,2025-06-05,2025-06-12,10.67510179686976,-2.818940411239231,-13.49404220810899,False
金時,7,2025-06-06,2025-06-13,1.600691464505942,2.735609075616461,1.1349176111105188,True
金時,7,2025-06-07,2025-06-14,-6.169023758234211,-1.382711074603888,4.786312683630323,True
金時,7,2025-06-08,2025-06-15,-1.8273048601545525,12.697818727183261,14.525123587337813,False
金時,7,2025-06-09,2025-06-16,-1.7146149025530442,1.4152095976286325,3.1298245001816767,False
金時,7,2025-06-10,2025-06-17,-6.447859563635228,-14.479002919380193,-8.031143355744966,True
金時,7,2025-06-11,2025-06-18,2.365184131004008,4.662845994390928,2.29766186338692,True
金時,7,2025-06-12,2025-06-19,-2.818940411239231,2.9776936026936025,5.796634013932834,False
金時,7,2025-06-13,2025-06-20,2.735609075616461,12.330124439350623,9.594515363734162,True
金時,7,2025-06-14,2025-06-21,-1.382711074603888,-11.215119886092168,-9.83240881148828,True
金時,7,2025-06-15,2025-06-22,12.697818727183261,-4.9430338354922725,-17.640852562675533,False
金時,7,2025-06-16,2025-06-23,1.4152095976286325,-14.066063331246323,-15.481272928874954,False
金時,7,2025-06-17,2025-06-24,-14.479002919380193,-4.0804493287513965,10.398553590628797,True
金時,7,2025-06-18,2025-06-25,4.662845994390928,1.7517669242458038,-2.911079070145124,True
金時,7,2025-06-19,2025-06-26,2.9776936026936025,-7.156722117695274,-10.134415720388876,False
金時,7,2025-06-20,2025-06-27,12.330124439350623,2.573661916701868,-9.756462522648755,True
金時,7,2025-06-21,2025-06-28,-11.215119886092168,1.1012991816542603,12.316419067746429,False
金時,7,2025-06-22,2025-06-29,-4.9430338354922725,-8.321385451252642,-3.3783516157603692,True
金時,7,2025-06-23,2025-06-30,-14.066063331246323,-9.042820863907126,5.023242467339196,True
金時,7,2025-06-24,2025-07-01,-4.0804493287513965,-0.714224495043282,3.3662248337081144,False
金時,7,2025-06-25,2025-07-02,1.7517669242458038,-6.429692165597771,-8.181459089843575,False
金時,7,2025-06-26,2025-07-03,-7.156722117695274,0.6198102137854622,7.776532331480737,False
金時,7,2025-06-27,2025-07-04,2.573661916701868,3.281665616220316,0.7080036995184478,True
金時,7,2025-06-28,2025-07-05,1.1012991816542603,-4.109368874362183,-5.210668056016443,False
金時,7,2025-06-29,2025-07-06,-8.321385451252642,1.5767489424380159,9.898134393690658,False
金時,7,2025-06-30,2025-07-07,-9.042820863907126,0.9452653372984333,9.98808620120556,False
金時,7,2025-07-01,2025-07-08,-0.714224495043282,-11.36195397039732,-10.647729475354037,False
金時,7,2025-07-02,2025-07-09,-6.429692165597771,-4.62457717093405,1.8051149946637208,True
金時,7,2025-07-03,2025-07-10,0.6198102137854622,1.0372397896708205,0.41742957588535834,False
金時,7,2025-07-04,2025-07-11,3.281665616220316,15.357159235084609,12.075493618864293,True
金時,7,2025-07-05,2025-07-12,-4.109368874362183,-9.17538816961928,-5.066019295257098,True
金時,7,2025-07-06,2025-07-13,1.5767489424380159,-3.7217544281334463,-5.298503370571462,False
金時,7,2025-07-07,2025-07-14,0.9452653372984333,-1.9674056150588906,-2.912670952357324,False
金時,7,2025-07-08,2025-07-15,-11.36195397039732,9.235411337741445,20.597365308138762,False
金時,7,2025-07-09,2025-07-16,-4.62457717093405,-0.06589369605593795,4.558683474878112,False
金時,7,2025-07-10,2025-07-17,1.0372397896708205,5.9198313834751675,4.882591593804347,True
金時,7,2025-07-11,2025-07-18,15.357159235084609,-4.243830538651256,-19.600989773735865,False
金時,7,2025-07-12,2025-07-19,-9.17538816961928,-0.8606314883545801,8.3147566812647,False
金時,7,2025-07-13,2025-07-20,-3.7217544281334463,4.703091707133969,8.424846135267416,False
金時,7,2025-07-14,2025-07-21,-1.9674056150588906,-6.585623459730362,-4.618217844671472,True
金時,7,2025-07-15,2025-07-22,9.235411337741445,9.373573461521667,0.13816212378022286,True
金時,7,2025-07-16,2025-07-23,-0.06589369605593795,-8.4742378450005,-8.408344148944563,False
金時,7,2025-07-17,2025-07-24,5.9198313834751675,-10.544340668938984,-16.464172052414153,False
金時,7,2025-07-18,2025-07-25,-4.243830538651256,4.176173020855193,8.420003559506448,False
金時,7,2025-07-19,2025-07-26,-0.8606314883545801,0.445647752110449,1.3062792404650292,True
金時,7,2025-07-20,2025-07-27,4.703091707133969,-2.7226866397366845,-7.425778346870653,False
金時,7,2025-07-21,2025-07-28,-6.585623459730362,-12.572383226302211,-5.986759766571849,True
金時,7,2025-07-22,2025-07-29,9.373573461521667,0.8700374128065994,-8.503536048715068,False
金時,7,2025-07-23,2025-07-30,-8.4742378450005,3.315136577516143,11.789374422516644,False
金時,7,2025-07-24,2025-07-31,-10.544340668938984,-12.648949353815144,-2.10460868487616,True
金時,7,2025-07-25,2025-08-01,4.176173020855193,2.6347282047283995,-1.541444816126793,True
金時,7,2025-07-26,2025-08-02,0.445647752110449,4.87283189106547,4.427184138955021,False
金時,7,2025-07-27,2025-08-03,-2.7226866397366845,0.6159868149979398,3.338673454734624,False
金時,7,2025-07-28,2025-08-04,-12.572383226302211,2.2740625296834818,14.846445755985693,False
金時,7,2025-07-29,2025-08-05,0.8700374128065994,3.957860836432913,3.0878234236263133,False
金時,7,2025-07-30,2025-08-06,3.315136577516143,-1.6751175013312958,-4.990254078847439,False
金時,7,2025-07-31,2025-08-07,-12.648949353815144,-10.266450397479113,2.382498956336031,True
金時,7,2025-08-01,2025-08-08,2.6347282047283995,-3.87742403107136,-6.51215223579976,False
金時,7,2025-08-02,2025-08-09,4.87283189106547,5.810301060473061,0.9374691694075912,True
金時,7,2025-08-03,2025-08-10,0.6159868149979398,-3.460255423303922,-4.076242238301862,False
金時,7,2025-08-04,2025-08-11,2.2740625296834818,-5.743931157816457,-8.017993687499938,False
金時,7,2025-08-05,2025-08-12,3.957860836432913,-0.9233262626021879,-4.881187099035101,False
金時,7,2025-08-06,2025-08-13,-1.6751175013312958,-10.342685097277506,-8.66756759594621,True
金時,7,2025-08-07,2025-08-14,-10.266450397479113,3.957932597871604,14.224382995350718,False
金時,7,2025-08-08,2025-08-15,-3.87742403107136,3.137882413722585,7.015306444793945,False
金時,7,2025-08-09,2025-08-16,5.810301060473061,7.076579587441281,1.26627852696822,True
金時,7,2025-08-10,2025-08-17,-3.460255423303922,3.718166755472508,7.17842217877643,False
金時,7,2025-08-11,2025-08-18,-5.743931157816457,-13.204322834300648,-7.460391676484191,True
金時,7,2025-08-12,2025-08-19,-0.9233262626021879,-2.158150302483201,-1.2348240398810133,False
金時,7,2025-08-13,2025-08-20,-10.342685097277506,8.570859908626227,18.913545005903735,False
金時,7,2025-08-14,2025-08-21,3.957932597871604,-4.826250141555984,-8.784182739427587,False
金時,7,2025-08-15,2025-08-22,3.137882413722585,-12.257268160694506,-15.395150574417091,False
金時,7,2025-08-16,2025-08-23,7.076579587441281,-6.61767913935038,-13.694258726791661,False
金時,7,2025-08-17,2025-08-24,3.718166755472508,-5.753416027485718,-9.471582782958226,False
金時,7,2025-08-18,2025-08-25,-13.204322834300648,-0.18629152793511455,13.018031306365533,False
金時,7,2025-08-19,2025-08-26,-2.158150302483201,-7.864476463630764,-5.706326161147563,True
金時,7,2025-08-20,2025-08-27,8.570859908626227,3.078232693522256,-5.492627215103971,True
金時,7,2025-08-21,2025-08-28,-4.826250141555984,-2.175988761537533,2.650261380018451,True
金時,7,2025-08-22,2025-08-29,-12.257268160694506,-8.223319290413613,4.033948870280893,True
金時,7,2025-08-23,2025-08-30,-6.61767913935038,-9.408346729084194,-2.790667589733814,True
金時,7,2025-08-24,2025-08-31,-5.753416027485718,1.4595331040080393,7.212949131493757,False
金時,7,2025-08-25,2025-09-01,-0.18629152793511455,2.651178112067366,2.8374696400024804,False
金時,7,2025-08-26,2025-09-02,-7.864476463630764,2.194659613096646,10.059136076727409,False
金時,7,2025-08-27,2025-09-03,3.078232693522256,-3.728920307087555,-6.80715300060981,False
金時,7,2025-08-28,2025-09-04,-2.175988761537533,2.356921716054843,4.532910477592376,False
金時,7,2025-08-29,2025-09-05,-8.223319290413613,-1.3654705958924307,6.8578486945211825,True
金時,7,2025-08-30,2025-09-06,-9.408346729084194,-2.9570675443450907,6.451279184739104,True
金時,7,2025-08-31,2025-09-07,1.4595331040080393,-4.9129965822406465,-6.3725296862486855,False
金時,7,2025-09-01,2025-09-08,2.651178112067366,13.628522139160438,10.977344027093071,True
金時,7,2025-09-02,2025-09-09,2.194659613096646,-6.016121177183862,-8.21078079028051,False
金時,7,2025-09-03,2025-09-10,-3.728920307087555,-4.292837164052049,-0.5639168569644939,True
金時,7,2025-09-04,2025-09-11,2.356921716054843,-3.9243814965655583,-6.281303212620401,False
金時,7,2025-09-05,2025-09-12,-1.3654705958924307,-10.130800959834382,-8.76533036394195,True
金時,7,2025-09-06,2025-09-13,-2.9570675443450907,-6.348120262501908,-3.3910527181568173,True
金時,7,2025-09-07,2025-09-14,-4.9129965822406465,-7.1955440372194905,-2.282547454978844,True
金時,7,2025-09-08,2025-09-15,13.628522139160438,-4.676660484923415,-18.305182624083855,False
金時,7,2025-09-09,2025-09-16,-6.016121177183862,-4.66497121636145,1.3511499608224122,True
金時,7,2025-09-10,2025-09-17,-4.292837164052049,-9.022324766467605,-4.729487602415556,True
金時,7,2025-09-11,2025-09-18,-3.9243814965655583,-2.8132421017179814,1.111139394847577,True
金時,7,2025-09-12,2025-09-19,-10.130800959834382,-5.853950407703225,4.276850552131156,True
金時,7,2025-09-13,2025-09-20,-6.348120262501908,3.868122569201478,10.216242831703386,False
金時,7,2025-09-14,2025-09-21,-7.1955440372194905,-1.6801349654497693,5.515409071769721,True
金時,7,2025-09-15,2025-09-22,-4.676660484923415,-10.81036644927513,-6.133705964351714,True
金時,7,2025-09-16,2025-09-23,-4.66497121636145,3.161559122305972,7.826530338667422,False
金時,7,2025-09-17,2025-09-24,-9.022324766467605,-2.1267274444997453,6.89559732196786,True
金時,7,2025-09-18,2025-09-25,-2.8132421017179814,-1.5149016423944115,1.29834045932357,True
金時,7,2025-09-19,2025-09-26,-5.853950407703225,14.150699548656906,20.004649956360133,False
金時,7,2025-09-20,2025-09-27,3.868122569201478,-3.491321565631723,-7.3594441348332005,False
金時,7,2025-09-21,2025-09-28,-1.6801349654497693,-2.736204368600143,-1.056069403150374,True
金時,7,2025-09-22,2025-09-29,-10.81036644927513,-4.436852315422673,6.373514133852456,True
金時,7,2025-09-23,2025-09-30,3.161559122305972,-2.8904085300774227,-6.051967652383395,False
金時,7,2025-09-24,2025-10-01,-2.1267274444997453,3.966926076562243,6.093653521061988,False
金時,7,2025-09-25,2025-10-02,-1.5149016423944115,-1.5107981017808407,0.004103540613570766,True
金時,7,2025-09-26,2025-10-03,14.150699548656906,-5.043999135455584,-19.19469868411249,False
金時,7,2025-09-27,2025-10-04,-3.491321565631723,5.147330973250948,8.63865253888267,False
金時,7,2025-09-28,2025-10-05,-2.736204368600143,1.9477209130353186,4.683925281635462,False
金時,7,2025-09-29,2025-10-06,-4.436852315422673,-1.2197089369139247,3.217143378508748,True
金時,7,2025-09-30,2025-10-07,-2.8904085300774227,-3.533540749734406,-0.6431322196569833,True
金時,7,2025-10-01,2025-10-08,3.966926076562243,9.160626592297408,5.193700515735165,True
金時,7,2025-10-02,2025-10-09,-1.5107981017808407,-0.6304566550907144,0.8803414466901264,False
金時,7,2025-10-03,2025-10-10,-5.043999135455584,2.517830204046943,7.561829339502527,False
金時,7,2025-10-04,2025-10-11,5.147330973250948,-0.3357267239748003,-5.483057697225748,False
金時,7,2025-10-05,2025-10-12,1.9477209130353186,1.6994460405252518,-0.24827487251006675,True
金時,7,2025-10-06,2025-10-13,-1.2197089369139247,0.17059937690292432,1.390308313816849,False
金時,7,2025-10-07,2025-10-14,-3.533540749734406,1.3832837093959043,4.916824459130311,False
金時,7,2025-10-08,2025-10-15,9.160626592297408,2.967590864081295,-6.193035728216113,True
金時,7,2025-10-09,2025-10-16,-0.6304566550907144,11.559273174074336,12.189729829165051,False
金時,7,2025-10-10,2025-10-17,2.517830204046943,4.472601448785745,1.9547712447388017,True
金時,7,2025-10-11,2025-10-18,-0.3357267239748003,-0.8340909313078584,-0.4983642073330581,True
金時,7,2025-10-12,2025-10-19,1.6994460405252518,-2.004764783273477,-3.7042108237987286,False
金時,7,2025-10-13,2025-10-20,0.17059937690292432,9.665975016204564,9.49537563930164,False
金時,7,2025-10-14,2025-10-21,1.3832837093959043,2.9145159486785484,1.531232239282644,True
金時,7,2025-10-15,2025-10-22,2.967590864081295,-3.012021502835539,-5.979612366916834,False
金時,7,2025-10-16,2025-10-23,11.559273174074336,-4.50803780596171,-16.067310980036048,False
金時,7,2025-10-17,2025-10-24,4.472601448785745,4.079479062105886,-0.39312238667985877,True
金時,7,2025-10-18,2025-10-25,-0.8340909313078584,-5.13548982564428,-4.301398894336422,False
金時,7,2025-10-19,2025-10-26,-2.004764783273477,3.194291033198883,5.1990558164723595,False
金時,7,2025-10-20,2025-10-27,9.665975016204564,-4.4903134423832585,-14.156288458587824,False
金時,7,2025-10-21,2025-10-28,2.9145159486785484,-2.105540453865184,-5.020056402543732,False
金時,7,2025-10-22,2025-10-29,-3.012021502835539,-3.0316854188869793,-0.019663916051440467,True
金時,7,2025-10-23,2025-10-30,-4.50803780596171,3.8987632074698992,8.40680101343161,False
金時,7,2025-10-24,2025-10-31,4.079479062105886,4.958807937531342,0.8793288754254558,True
金時,7,2025-10-25,2025-11-01,-5.13548982564428,9.899391553128956,15.034881378773235,False
金時,7,2025-10-26,2025-11-02,3.194291033198883,-6.002254343272146,-9.196545376471029,False
金時,7,2025-10-27,2025-11-03,-4.4903134423832585,-2.7703391386372416,1.719974303746017,True
金時,7,2025-10-28,2025-11-04,-2.105540453865184,4.461537982817259,6.5670784366824435,False
金時,7,2025-10-29,2025-11-05,-3.0316854188869793,9.258179963755907,12.289865382642887,False
金時,7,2025-10-30,2025-11-06,3.8987632074698992,1.5946746499398086,-2.3040885575300907,True
金時,7,2025-10-31,2025-11-07,4.958807937531342,-13.412329950334701,-18.37113788786604,False
金時,7,2025-11-01,2025-11-08,9.899391553128956,1.0310498715626737,-8.868341681566282,True
金時,7,2025-11-02,2025-11-09,-6.002254343272146,-5.599310269479425,0.402944073792721,True
金時,7,2025-11-03,2025-11-10,-2.7703391386372416,2.932690649797501,5.703029788434742,False
金時,7,2025-11-04,2025-11-11,4.461537982817259,-4.6779507468655,-9.13948872968276,False
金時,7,2025-11-05,2025-11-12,9.258179963755907,0.05534508831828882,-9.202834875437619,False
金時,7,2025-11-06,2025-11-13,1.5946746499398086,2.467343044212988,0.8726683942731794,True
金時,7,2025-11-07,2025-11-14,-13.412329950334701,-2.851860714644106,10.560469235690595,True
金時,7,2025-11-08,2025-11-15,1.0310498715626737,6.200664628978966,5.1696147574162925,True
金時,7,2025-11-09,2025-11-16,-5.599310269479425,-8.575379056439779,-2.9760687869603544,True
金時,7,2025-11-10,2025-11-17,2.932690649797501,0.9722546879395253,-1.9604359618579759,False
金時,7,2025-11-11,2025-11-18,-4.6779507468655,-14.973230570100608,-10.295279823235107,True
金時,7,2025-11-12,2025-11-19,0.05534508831828882,-5.279838819039501,-5.33518390735779,False
金時,7,2025-11-13,2025-11-20,2.467343044212988,-2.950002055273146,-5.417345099486134,False
金時,7,2025-11-14,2025-11-21,-2.851860714644106,-0.3114715079488842,2.5403892066952216,False
金時,7,2025-11-15,2025-11-22,6.200664628978966,5.842481264024609,-0.35818336495435776,True
金時,7,2025-11-16,2025-11-23,-8.575379056439779,-1.2741267511490568,7.301252305290722,True
金時,7,2025-11-17,2025-11-24,0.9722546879395253,9.449331939634737,8.477077251695212,False
金時,7,2025-11-18,2025-11-25,-14.973230570100608,1.4984667283133186,16.471697298413925,False
金時,7,2025-11-19,2025-11-26,-5.279838819039501,1.924273302585005,7.204112121624506,False
金時,7,2025-11-20,2025-11-27,-2.950002055273146,-11.62972451777894,-8.679722462505794,True
金時,7,2025-11-21,2025-11-28,-0.3114715079488842,-1.377996318866081,-1.066524810917197,False
金時,7,2025-11-22,2025-11-29,5.842481264024609,-6.227526931939218,-12.070008195963826,False
金時,7,2025-11-23,2025-11-30,-1.2741267511490568,7.0332702364528865,8.307396987601944,False
金時,7,2025-11-24,2025-12-01,9.449331939634737,2.3015327627580175,-7.1477991768767195,True
金時,7,2025-11-25,2025-12-02,1.4984667283133186,1.3495028905063247,-0.14896383780699396,True
金時,7,2025-11-26,2025-12-03,1.924273302585005,3.47223387651669,1.547960573931685,True
金時,7,2025-11-27,2025-12-04,-11.62972451777894,-11.25004038641724,0.37968413136169943,True
金時,7,2025-11-28,2025-12-05,-1.377996318866081,0.7179555978526315,2.095951916718713,False
金時,7,2025-11-29,2025-12-06,-6.227526931939218,0.7172819993960194,6.9448089313352375,False
金時,7,2025-11-30,2025-12-07,7.0332702364528865,-5.895205639555626,-12.928475876008513,False
金時,7,2025-12-01,2025-12-08,2.3015327627580175,9.327264311063107,7.02573154830509,True
金時,7,2025-12-02,2025-12-09,1.3495028905063247,-9.04395839779137,-10.393461288297694,False
金時,7,2025-12-03,2025-12-10,3.47223387651669,-9.997294476867777,-13.469528353384467,False
金時,7,2025-12-04,2025-12-11,-11.25004038641724,7.256711409395973,18.506751795813212,False
金時,7,2025-12-05,2025-12-12,0.7179555978526315,14.653125454299683,13.935169856447052,False
金時,7,2025-12-06,2025-12-13,0.7172819993960194,-1.817100772726469,-2.5343827721224885,False
金時,7,2025-12-07,2025-12-14,-5.895205639555626,4.233114562607034,10.12832020216266,False
金時,7,2025-12-08,2025-12-15,9.327264311063107,-2.5690197695816837,-11.89628408064479,False
金時,7,2025-12-09,2025-12-16,-9.04395839779137,1.549401052909678,10.593359450701048,False
金時,7,2025-12-10,2025-12-17,-9.997294476867777,-3.565081407010666,6.432213069857111,True
金時,7,2025-12-11,2025-12-18,7.256711409395973,7.485887942117173,0.22917653272119942,True
金時,7,2025-12-12,2025-12-19,14.653125454299683,2.2202156839361464,-12.432909770363537,True
金時,7,2025-12-13,2025-12-20,-1.817100772726469,5.324605201836055,7.141705974562523,False
金時,7,2025-12-14,2025-12-21,4.233114562607034,0.10338564709169655,-4.129728915515337,False
金時,7,2025-12-15,2025-12-22,-2.5690197695816837,-2.9081526159338402,-0.33913284635215657,True
金時,7,2025-12-16,2025-12-23,1.549401052909678,-2.0922428648169724,-3.6416439177266504,False
金時,7,2025-12-17,2025-12-24,-3.565081407010666,0.35981566247270297,3.924897069483369,False
金時,7,2025-12-18,2025-12-25,7.485887942117173,-0.17730794087776874,-7.663195882994941,False
金時,7,2025-12-19,2025-12-26,2.2202156839361464,-11.44453063404461,-13.664746317980756,False
金時,7,2025-12-20,2025-12-27,5.324605201836055,1.0958598573902831,-4.228745344445771,True
金時,7,2025-12-21,2025-12-28,0.10338564709169655,-6.813477306330928,-6.916862953422625,False
金時,7,2025-12-22,2025-12-29,-2.9081526159338402,0.5767636960235442,3.4849163119573845,False
金時,7,2025-12-23,2025-12-30,-2.0922428648169724,2.7905427739903916,4.8827856388073645,False
金時,7,2025-12-24,2025-12-31,0.35981566247270297,-1.5183926350232533,-1.8782082974959562,False
金時,7,2025-12-25,2026-01-01,-0.17730794087776874,-4.9651311980495585,-4.78782325717179,False
金時,7,2025-12-26,2026-01-02,-11.44453063404461,5.9707321953547075,17.415262829399317,False
金時,7,2025-12-27,2026-01-03,1.0958598573902831,-4.565153217784327,-5.66101307517461,False
金時,7,2025-12-28,2026-01-04,-6.813477306330928,-7.194329303780315,-0.3808519974493869,True
金時,7,2025-12-29,2026-01-05,0.5767636960235442,3.378923098007917,2.8021594019843725,False
金時,7,2025-12-30,2026-01-06,2.7905427739903916,-0.07261814103985323,-2.863160915030245,False
金時,7,2025-12-31,2026-01-07,-1.5183926350232533,-12.612916815400101,-11.094524180376848,True
金時,7,2026-01-01,2026-01-08,-4.9651311980495585,-4.724735208260403,0.24039598978915588,True
金時,7,2026-01-02,2026-01-09,5.9707321953547075,12.22086225321801,6.250130057863303,True
金時,7,2026-01-03,2026-01-10,-4.565153217784327,0.9811664514619296,5.546319669246257,False
金時,7,2026-01-04,2026-01-11,-7.194329303780315,0.09138335897465558,7.285712662754971,False
金時,7,2026-01-05,2026-01-12,3.378923098007917,3.8035321220609326,0.4246090240530158,True
金時,7,2026-01-06,2026-01-13,-0.07261814103985323,-5.817236913027038,-5.744618771987185,False
金時,7,2026-01-07,2026-01-14,-12.612916815400101,0.7480665667894886,13.36098338218959,False
金時,7,2026-01-08,2026-01-15,-4.724735208260403,-3.3007043094186463,1.4240308988417563,True
金時,7,2026-01-09,2026-01-16,12.22086225321801,-0.33957231368842217,-12.560434566906432,False
金時,7,2026-01-10,2026-01-17,0.9811664514619296,-1.7000714260827148,-2.6812378775446444,False
金時,7,2026-01-11,2026-01-18,0.09138335897465558,0.9809282255673771,0.8895448665927216,True
金時,7,2026-01-12,2026-01-19,3.8035321220609326,1.7268610758920486,-2.076671046168884,True
金時,7,2026-01-13,2026-01-20,-5.817236913027038,13.572643853737237,19.389880766764275,False
金時,7,2026-01-14,2026-01-21,0.7480665667894886,-5.227581102750709,-5.975647669540198,False
金時,7,2026-01-15,2026-01-22,-3.3007043094186463,1.7574835861864313,5.058187895605077,False
金時,7,2026-01-16,2026-01-23,-0.33957231368842217,10.718840762722566,11.058413076410988,False
金時,7,2026-01-17,2026-01-24,-1.7000714260827148,-6.37861404212238,-4.678542616039666,True
金時,7,2026-01-18,2026-01-25,0.9809282255673771,3.2646207969297416,2.2836925713623644,False
金時,7,2026-01-19,2026-01-26,1.7268610758920486,5.568623361966652,3.8417622860746032,True
金時,7,2026-01-20,2026-01-27,13.572643853737237,5.696816179916782,-7.875827673820455,True
金時,7,2026-01-21,2026-01-28,-5.227581102750709,-7.676898623978155,-2.449317521227446,True
金時,7,2026-01-22,2026-01-29,1.7574835861864313,-5.928453022319578,-7.68593660850601,False
金時,7,2026-01-23,2026-01-30,10.718840762722566,8.927598899820742,-1.791241862901824,True
金時,7,2026-01-24,2026-01-31,-6.37861404212238,-7.7396265116875345,-1.3610124695651544,True
金時,7,2026-01-25,2026-02-01,3.2646207969297416,2.3361469469195333,-0.9284738500102083,True
金時,7,2026-01-26,2026-02-02,5.568623361966652,-3.970830368412032,-9.539453730378684,False
金時,7,2026-01-27,2026-02-03,5.696816179916782,3.1162599078554933,-2.5805562720612887,True
金時,7,2026-01-28,2026-02-04,-7.676898623978155,0.4291380109157463,8.1060366348939,False
金時,7,2026-01-29,2026-02-05,-5.928453022319578,11.829956898951988,17.758409921271564,False
金時,7,2026-01-30,2026-02-06,8.927598899820742,4.783078307830784,-4.144520591989958,True
金時,7,2026-01-31,2026-02-07,-7.7396265116875345,6.458219351809345,14.19784586349688,False
金時,7,2026-02-01,2026-02-08,2.3361469469195333,-6.4105553128543855,-8.746702259773919,False
金時,7,2026-02-02,2026-02-09,-3.970830368412032,-5.580664236027539,-1.6098338676155075,True
金時,7,2026-02-03,2026-02-10,3.1162599078554933,-10.856952603229232,-13.973212511084725,False
金時,7,2026-02-04,2026-02-11,0.4291380109157463,-6.1595092548505495,-6.588647265766296,False
金時,7,2026-02-05,2026-02-12,11.829956898951988,1.3833498637110813,-10.446607035240906,True
金時,7,2026-02-06,2026-02-13,4.783078307830784,2.2592039952495506,-2.523874312581233,True
金時,7,2026-02-07,2026-02-14,6.458219351809345,3.0877841659386873,-3.3704351858706576,True
金時,7,2026-02-08,2026-02-15,-6.4105553128543855,11.488750185207296,17.899305498061683,False
金時,7,2026-02-09,2026-02-16,-5.580664236027539,4.4626725446267255,10.043336780654265,False
金時,7,2026-02-10,2026-02-17,-10.856952603229232,-0.7759702123270121,10.08098239090222,False
金時,7,2026-02-11,2026-02-18,-6.1595092548505495,-1.4312637061403508,4.728245548710198,True
金時,7,2026-02-12,2026-02-19,1.3833498637110813,6.093549989665188,4.710200125954107,True
金時,7,2026-02-13,2026-02-20,2.2592039952495506,-1.7971818900910324,-4.056385885340583,False
金時,7,2026-02-14,2026-02-21,3.0877841659386873,-0.1332700373243209,-3.2210542032630083,False
金時,7,2026-02-15,2026-02-22,11.488750185207296,-8.381803388899769,-19.870553574107063,False
金時,7,2026-02-16,2026-02-23,4.4626725446267255,-3.866382470644049,-8.329055015270775,False
金時,7,2026-02-17,2026-02-24,-0.7759702123270121,4.061309821917329,4.837280034244341,False
金時,7,2026-02-18,2026-02-25,-1.4312637061403508,1.8045310853530032,3.235794791493354,False
金時,7,2026-02-19,2026-02-26,6.093549989665188,20.88512628680693,14.791576297141741,True
金時,7,2026-02-20,2026-02-27,-1.7971818900910324,-3.114916391575974,-1.3177345014849415,True
金時,7,2026-02-21,2026-02-28,-0.1332700373243209,1.9803044059892658,2.1135744433135866,False
金時,7,2026-02-22,2026-03-01,-8.381803388899769,-2.1578903391414683,6.2239130497583,True
金時,7,2026-02-23,2026-03-02,-3.866382470644049,1.58681803112708,5.4532005017711285,False
金時,7,2026-02-24,2026-03-03,4.061309821917329,7.2612310890403045,3.199921267122975,True
金時,7,2026-02-25,2026-03-04,1.8045310853530032,-3.2855686791774086,-5.090099764530412,False
金時,7,2026-02-26,2026-03-05,20.88512628680693,1.4742904988707684,-19.41083578793616,True
金時,7,2026-02-27,2026-03-06,-3.114916391575974,-3.997805717613536,-0.8828893260375623,True
金時,7,2026-02-28,2026-03-07,1.9803044059892658,2.0153249104710373,0.03502050448177152,True
金時,7,2026-03-01,2026-03-08,-2.1578903391414683,5.026092658127795,7.183982997269263,False
金時,7,2026-03-02,2026-03-09,1.58681803112708,0.5157285618228371,-1.071089469304243,False
金時,7,2026-03-03,2026-03-10,7.2612310890403045,-5.346156981009047,-12.607388070049351,False
金時,7,2026-03-04,2026-03-11,-3.2855686791774086,-2.3022324487781574,0.9833362303992512,True
金時,7,2026-03-05,2026-03-12,1.4742904988707684,-5.788291577688394,-7.262582076559163,False
金時,7,2026-03-06,2026-03-13,-3.997805717613536,-13.527162490187353,-9.529356772573816,True
金時,7,2026-03-07,2026-03-14,2.0153249104710373,-3.4286093100439667,-5.443934220515004,False
金時,7,2026-03-08,2026-03-15,5.026092658127795,-1.9695004223482564,-6.995593080476052,False
金時,7,2026-03-09,2026-03-16,0.5157285618228371,-1.4532619734456484,-1.9689905352684856,False
金時,7,2026-03-10,2026-03-17,-5.346156981009047,-0.5673750127058736,4.778781968303173,False
金時,7,2026-03-11,2026-03-18,-2.3022324487781574,-1.3187739506097527,0.9834584981684047,True
金時,7,2026-03-12,2026-03-19,-5.788291577688394,-5.786263753103068,0.0020278245853262433,True
金時,7,2026-03-13,2026-03-20,-13.527162490187353,15.506515240630362,29.033677730817715,False
金時,7,2026-03-14,2026-03-21,-3.4286093100439667,0.7157334835784764,4.144342793622443,False
金時,7,2026-03-15,2026-03-22,-1.9695004223482564,1.7521047295808172,3.7216051519290736,False
金時,7,2026-03-16,2026-03-23,-1.4532619734456484,-5.307626964383229,-3.854364990937581,True
金時,7,2026-03-17,2026-03-24,-0.5673750127058736,2.4649234581942383,3.0322984709001117,False
金時,7,2026-03-18,2026-03-25,-1.3187739506097527,-0.6462913503226406,0.672482600287112,False
金時,7,2026-03-19,2026-03-26,-5.786263753103068,6.4025627804412455,12.188826533544313,False
金時,7,2026-03-20,2026-03-27,15.506515240630362,4.704852563050495,-10.801662677579866,True
金時,7,2026-03-21,2026-03-28,0.7157334835784764,-2.927680395407609,-3.6434138789860855,False
金時,7,2026-03-22,2026-03-29,1.7521047295808172,11.43172240860914,9.679617679028322,True
金時,7,2026-03-23,2026-03-30,-5.307626964383229,-4.924547922450983,0.3830790419322465,True
金時,7,2026-03-24,2026-03-31,2.4649234581942383,3.421969737018678,0.9570462788244396,True
金時,7,2026-03-25,2026-04-01,-0.6462913503226406,-16.332251744352636,-15.685960394029996,False
金時,7,2026-03-26,2026-04-02,6.4025627804412455,-4.886007111482953,-11.288569891924197,False
金時,7,2026-03-27,2026-04-03,4.704852563050495,0.35111780744237875,-4.353734755608116,False
金時,7,2026-03-28,2026-04-04,-2.927680395407609,6.969384148764323,9.897064544171933,False
金時,7,2026-03-29,2026-04-05,11.43172240860914,8.265894493811277,-3.1658279147978625,True
金時,7,2026-03-30,2026-04-06,-4.924547922450983,1.7531330775890943,6.677681000040077,False
金時,7,2026-03-31,2026-04-07,3.421969737018678,-9.68584338421034,-13.107813121229018,False
金時,7,2026-04-01,2026-04-08,-16.332251744352636,-1.2972477702647847,15.035003974087852,True
金時,7,2026-04-02,2026-04-09,-4.886007111482953,10.310980061582306,15.19698717306526,False
金時,7,2026-04-03,2026-04-10,0.35111780744237875,-7.427445023765435,-7.778562831207814,False
金時,7,2026-04-04,2026-04-11,6.969384148764323,-7.267309804828493,-14.236693953592816,False
金時,7,2026-04-05,2026-04-12,8.265894493811277,1.310977997831527,-6.9549164959797505,True
金時,7,2026-04-06,2026-04-13,1.7531330775890943,4.894628952933456,3.1414958753443614,True
金時,7,2026-04-07,2026-04-14,-9.68584338421034,7.7191998176622185,17.40504320187256,False
金時,7,2026-04-08,2026-04-15,-1.2972477702647847,4.130386012142627,5.427633782407412,False
金時,7,2026-04-09,2026-04-16,10.310980061582306,-5.884296858570584,-16.195276920152892,False
金時,7,2026-04-10,2026-04-17,-7.427445023765435,-1.8253759718079103,5.602069051957525,True
金時,7,2026-04-11,2026-04-18,-7.267309804828493,-3.569625005027641,3.697684799800852,True
金時,7,2026-04-12,2026-04-19,1.310977997831527,-2.174666610011428,-3.485644607842955,False
金時,7,2026-04-13,2026-04-20,4.894628952933456,-3.540993799547488,-8.435622752480944,False
金時,7,2026-04-14,2026-04-21,7.7191998176622185,-9.747319617502173,-17.466519435164393,False
金時,7,2026-04-15,2026-04-22,4.130386012142627,4.031352378674003,-0.0990336334686237,True
金時,7,2026-04-16,2026-04-23,-5.884296858570584,-6.318128192267207,-0.43383133369662286,True
金時,7,2026-04-17,2026-04-24,-1.8253759718079103,8.279560287925783,10.104936259733693,False
金時,7,2026-04-18,2026-04-25,-3.569625005027641,-0.5370882994457904,3.03253670558185,False
金時,7,2026-04-19,2026-04-26,-2.174666610011428,0.3657245720008367,2.5403911820122644,False
金時,7,2026-04-20,2026-04-27,-3.540993799547488,-10.042408937916209,-6.501415138368721,True
金時,7,2026-04-21,2026-04-28,-9.747319617502173,-10.89308326603053,-1.1457636485283569,True
金時,7,2026-04-22,2026-04-29,4.031352378674003,6.666962043322427,2.635609664648424,True
金時,7,2026-04-23,2026-04-30,-6.318128192267207,-8.321780672957498,-2.003652480690291,True
金時,7,2026-04-24,2026-05-01,8.279560287925783,-4.886826990138274,-13.166387278064057,False
金時,7,2026-04-25,2026-05-02,-0.5370882994457904,4.854628401029627,5.391716700475418,False
金時,7,2026-04-26,2026-05-03,0.3657245720008367,2.2879771469034105,1.9222525749025738,False
金時,7,2026-04-27,2026-05-04,-10.042408937916209,1.6481288170572213,11.69053775497343,False
金時,7,2026-04-28,2026-05-05,-10.89308326603053,-1.7056076760882,9.18747558994233,True
金時,7,2026-04-29,2026-05-06,6.666962043322427,-1.9032162879905576,-8.570178331312984,False
金時,7,2026-04-30,2026-05-07,-8.321780672957498,5.828321451292377,14.150102124249875,False
金時,7,2026-05-01,2026-05-08,-4.886826990138274,7.06751113819184,11.954338128330114,False
金時,7,2026-05-02,2026-05-09,4.854628401029627,-5.436186900451863,-10.29081530148149,False
金時,7,2026-05-03,2026-05-10,2.2879771469034105,0.6923004510563207,-1.5956766958470898,False
金時,7,2026-05-04,2026-05-11,1.6481288170572213,-0.9107216779356976,-2.5588504949929187,False
金時,7,2026-05-05,2026-05-12,-1.7056076760882,-3.6889464614103464,-1.9833387853221465,True
金時,7,2026-05-06,2026-05-13,-1.9032162879905576,0.290585316832866,2.1938016048234235,False
金時,7,2026-05-07,2026-05-14,5.828321451292377,14.632326247428502,8.804004796136125,True
金時,7,2026-05-08,2026-05-15,7.06751113819184,5.710047703661631,-1.3574634345302092,True
金時,7,2026-05-09,2026-05-16,-5.436186900451863,2.630468190690288,8.06665509114215,False
金時,7,2026-05-10,2026-05-17,0.6923004510563207,-1.8878458168225205,-2.580146267878841,False
金時,7,2026-05-11,2026-05-18,-0.9107216779356976,-6.278928551512185,-5.368206873576487,False
金時,7,2026-05-12,2026-05-19,-3.6889464614103464,-2.8775678638739586,0.8113785975363879,True
金時,7,2026-05-13,2026-05-20,0.290585316832866,13.383985110664726,13.09339979383186,False
金時,7,2026-05-14,2026-05-21,14.632326247428502,-2.222002012379181,-16.854328259807684,False
金時,7,2026-05-15,2026-05-22,5.710047703661631,-7.085388218716891,-12.795435922378521,False
金時,7,2026-05-16,2026-05-23,2.630468190690288,-7.8738751689710105,-10.504343359661299,False
金時,7,2026-05-17,2026-05-24,-1.8878458168225205,1.3978988719501209,3.2857446887726414,False
金時,7,2026-05-18,2026-05-25,-6.278928551512185,10.311074368310088,16.590002919822272,False
金時,7,2026-05-19,2026-05-26,-2.8775678638739586,2.037785833798104,4.915353697672062,False
金時,7,2026-05-20,2026-05-27,13.383985110664726,4.241549936863125,-9.142435173801601,True
金時,7,2026-05-21,2026-05-28,-2.222002012379181,-5.372564121139101,-3.15056210875992,True
金時,7,2026-05-22,2026-05-29,-7.085388218716891,2.3542882494364648,9.439676468153355,False
金時,7,2026-05-23,2026-05-30,-7.8738751689710105,-0.6479825717779096,7.225892597193101,False
金時,7,2026-05-24,2026-05-31,1.3978988719501209,5.022223707515957,3.6243248355658366,True
金時,7,2026-05-25,2026-06-01,10.311074368310088,1.6146791702692116,-8.696395198040877,True
金時,7,2026-05-26,2026-06-02,2.037785833798104,-12.591238152100903,-14.629023985899007,False
金時,7,2026-05-27,2026-06-03,4.241549936863125,3.0878280841144634,-1.1537218527486615,True
金時,7,2026-05-28,2026-06-04,-5.372564121139101,4.602098296688058,9.974662417827158,False
金時,7,2026-05-29,2026-06-05,2.3542882494364648,11.258231931620386,8.903943682183922,True
金時,7,2026-05-30,2026-06-06,-0.6479825717779096,-3.763088826186954,-3.1151062544090444,False
金時,7,2026-05-31,2026-06-07,5.022223707515957,0.9847048080637797,-4.037518899452177,False
金時,7,2026-06-01,2026-06-08,1.6146791702692116,-2.75260704582956,-4.367286216098772,False
金時,7,2026-06-02,2026-06-09,-12.591238152100903,-9.781095177355196,2.810142974745707,True
金時,7,2026-06-03,2026-06-10,3.0878280841144634,3.1515694289965186,0.06374134488205518,True
金時,7,2026-06-04,2026-06-11,4.602098296688058,6.931584530560395,2.3294862338723368,True
金時,7,2026-06-06,2026-06-13,-3.763088826186954,-3.8252928463912412,-0.06220402020428706,True
金時,7,2026-06-07,2026-06-14,0.9847048080637797,-0.3307556416800453,-1.315460449743825,True
金時,7,2026-06-08,2026-06-15,-2.75260704582956,-5.6209449929478135,-2.8683379471182535,True
金時,7,2026-06-09,2026-06-16,-9.781095177355196,8.130587662622336,17.91168283997753,False
金時,7,2026-06-10,2026-06-17,3.1515694289965186,-5.073111990366421,-8.22468141936294,False
金時,7,2026-06-11,2026-06-18,6.931584530560395,4.791037433644518,-2.140547096915877,True
金時,7,2026-06-13,2026-06-20,-3.8252928463912412,-1.1781286054357192,2.6471642409555223,True
金時,7,2026-06-14,2026-06-21,-0.3307556416800453,-1.912415503574381,-1.5816598618943358,False
金時,7,2026-06-15,2026-06-22,-5.6209449929478135,-5.433457164733573,0.18748782821424026,True
金時,7,2026-06-16,2026-06-23,8.130587662622336,-9.929644516298062,-18.060232178920398,False
金時,7,2026-06-17,2026-06-24,-5.073111990366421,2.152675472546131,7.225787462912551,False
金時,7,2026-06-18,2026-06-25,4.791037433644518,8.908893743920137,4.117856310275619,True
金時,7,2026-06-19,2026-06-26,-8.52044230781038,-2.550423441383212,5.970018866427169,True
金時,7,2026-06-20,2026-06-27,-1.1781286054357192,0.8157855321174518,1.9939141375531708,False
金時,7,2026-06-21,2026-06-28,-1.912415503574381,4.507147281744545,6.419562785318925,False
金時,7,2026-06-22,2026-06-29,-5.433457164733573,-5.940417836916166,-0.5069606721825926,True
金時,7,2026-06-23,2026-06-30,-9.929644516298062,1.1812050645797543,11.110849580877815,False
金時,7,2026-06-24,2026-07-01,2.152675472546131,-7.606761950620346,-9.759437423166476,False
金時,7,2026-06-25,2026-07-02,8.908893743920137,-10.174847902993413,-19.083741646913552,False
金時,7,2026-06-26,2026-07-03,-2.550423441383212,1.4996241773149759,4.050047618698188,False
金時,7,2026-06-27,2026-07-04,0.8157855321174518,8.00027713252516,7.184491600407708,False
金時,14,2025-01-01,2025-01-15,7.978579849718044,-2.3781668457830563,-10.356746695501101,False
金時,14,2025-01-02,2025-01-16,-0.597690825052864,-5.903012809869858,-5.3053219848169935,False
金時,14,2025-01-03,2025-01-17,-0.4118872027336425,-3.498086098361845,-3.0861988956282027,False
金時,14,2025-01-04,2025-01-18,-5.195050678437142,-2.131882468875349,3.0631682095617934,True
金時,14,2025-01-05,2025-01-19,-10.888003179542796,-6.613283763494674,4.274719416048122,True
金時,14,2025-01-06,2025-01-20,7.462255647569151,8.772482191349521,1.3102265437803702,True
金時,14,2025-01-07,2025-01-21,-3.3924765717056817,-6.315758830917151,-2.923282259211469,True
金時,14,2025-01-08,2025-01-22,-0.7614037858002882,2.3312716026923774,3.0926753884926654,False
金時,14,2025-01-09,2025-01-23,-14.251211360481838,-4.751362896068813,9.499848464413024,True
金時,14,2025-01-10,2025-01-24,-0.010387969899818418,-3.4559889485456816,-3.4456009786458632,False
金時,14,2025-01-11,2025-01-25,0.09302221949901686,10.09431985605912,10.001297636560102,False
金時,14,2025-01-12,2025-01-26,7.64648731175831,0.07297849566994259,-7.573508816088368,False
金時,14,2025-01-13,2025-01-27,-2.3236799502886205,-0.4225874453466583,1.9010925049419622,False
金時,14,2025-01-14,2025-01-28,-1.797415454527012,4.206563974465722,6.003979428992734,False
金時,14,2025-01-15,2025-01-29,-2.3781668457830563,7.364198534002754,9.74236537978581,False
金時,14,2025-01-16,2025-01-30,-5.903012809869858,-6.667951048979116,-0.7649382391092585,True
金時,14,2025-01-17,2025-01-31,-3.498086098361845,-12.856556719053822,-9.358470620691977,True
金時,14,2025-01-18,2025-02-01,-2.131882468875349,-3.5501642358768266,-1.4182817670014778,True
金時,14,2025-01-19,2025-02-02,-6.613283763494674,3.384733410049866,9.99801717354454,False
金時,14,2025-01-20,2025-02-03,8.772482191349521,7.046744008806842,-1.7257381825426794,True
金時,14,2025-01-21,2025-02-04,-6.315758830917151,1.2181630101806475,7.533921841097799,False
金時,14,2025-01-22,2025-02-05,2.3312716026923774,0.11388309421431309,-2.2173885084780642,False
金時,14,2025-01-24,2025-02-07,-3.4559889485456816,9.568660220444869,13.02464916899055,False
金時,14,2025-01-25,2025-02-08,10.09431985605912,-3.1646257025713433,-13.258945558630462,False
金時,14,2025-01-26,2025-02-09,0.07297849566994259,6.009417470253201,5.936438974583258,False
金時,14,2025-01-27,2025-02-10,-0.4225874453466583,6.46628741098878,6.8888748563354385,False
金時,14,2025-01-28,2025-02-11,4.206563974465722,-9.47024249737262,-13.676806471838344,False
金時,14,2025-01-29,2025-02-12,7.364198534002754,-5.516943181090257,-12.881141715093012,False
金時,14,2025-01-30,2025-02-13,-6.667951048979116,0.06438429023318311,6.732335339212299,False
金時,14,2025-01-31,2025-02-14,-12.856556719053822,-2.1586046259682576,10.697952093085565,True
金時,14,2025-02-02,2025-02-16,3.384733410049866,-0.02350783439312547,-3.4082412444429915,False
金時,14,2025-02-03,2025-02-17,7.046744008806842,-9.172551355132677,-16.21929536393952,False
金時,14,2025-02-04,2025-02-18,1.2181630101806475,-11.875815740715387,-13.093978750896035,False
金時,14,2025-02-05,2025-02-19,0.11388309421431309,-11.579781550090722,-11.693664644305034,False
金時,14,2025-02-07,2025-02-21,9.568660220444869,-5.408583904060812,-14.977244124505681,False
金時,14,2025-02-08,2025-02-22,-3.1646257025713433,-7.470705129288594,-4.30607942671725,True
金時,14,2025-02-09,2025-02-23,6.009417470253201,-15.031629097544993,-21.041046567798194,False
金時,14,2025-02-10,2025-02-24,6.46628741098878,-4.391902635924408,-10.858190046913188,False
金時,14,2025-02-11,2025-02-25,-9.47024249737262,4.797888115619983,14.268130612992604,False
金時,14,2025-02-12,2025-02-26,-5.516943181090257,-7.975616456900774,-2.4586732758105168,True
金時,14,2025-02-13,2025-02-27,0.06438429023318311,7.775268914809604,7.710884624576421,False
金時,14,2025-02-14,2025-02-28,-2.1586046259682576,-5.887782919183905,-3.729178293215647,True
金時,14,2025-02-16,2025-03-02,-0.02350783439312547,-5.349532842725405,-5.326025008332279,False
金時,14,2025-02-17,2025-03-03,-9.172551355132677,-6.611292652146583,2.5612587029860947,True
金時,14,2025-02-18,2025-03-04,-11.875815740715387,-5.310357844920057,6.56545789579533,True
金時,14,2025-02-19,2025-03-05,-11.579781550090722,-3.5086119354425267,8.071169614648195,True
金時,14,2025-02-20,2025-03-06,-0.13102569547674667,5.140369671308814,5.27139536678556,False
金時,14,2025-02-21,2025-03-07,-5.408583904060812,0.2428370623768811,5.651420966437693,False
金時,14,2025-02-22,2025-03-08,-7.470705129288594,-3.5546265238550494,3.9160786054335444,True
金時,14,2025-02-23,2025-03-09,-15.031629097544993,-4.091227001477772,10.94040209606722,True
金時,14,2025-02-24,2025-03-10,-4.391902635924408,-12.955827623844405,-8.563924987919997,True
金時,14,2025-02-25,2025-03-11,4.797888115619983,-0.0713733919994626,-4.869261507619446,False
金時,14,2025-02-26,2025-03-12,-7.975616456900774,-1.3122514024552632,6.66336505444551,True
金時,14,2025-02-27,2025-03-13,7.775268914809604,-1.1341773646736963,-8.9094462794833,False
金時,14,2025-02-28,2025-03-14,-5.887782919183905,-5.9703287355195584,-0.08254581633565383,True
金時,14,2025-03-01,2025-03-15,-7.562055841837593,7.676510980195859,15.238566822033452,False
金時,14,2025-03-02,2025-03-16,-5.349532842725405,0.7824405956306082,6.131973438356013,False
金時,14,2025-03-03,2025-03-17,-6.611292652146583,7.9463674464425855,14.557660098589167,False
金時,14,2025-03-04,2025-03-18,-5.310357844920057,1.0568373403542808,6.367195185274338,False
金時,14,2025-03-05,2025-03-19,-3.5086119354425267,1.8030602398566373,5.311672175299164,False
金時,14,2025-03-06,2025-03-20,5.140369671308814,7.508092502405879,2.3677228310970655,True
金時,14,2025-03-07,2025-03-21,0.2428370623768811,-1.8571233181173172,-2.099960380494198,False
金時,14,2025-03-08,2025-03-22,-3.5546265238550494,1.877387597192429,5.432014121047478,False
金時,14,2025-03-09,2025-03-23,-4.091227001477772,-18.123397550276433,-14.03217054879866,True
金時,14,2025-03-10,2025-03-24,-12.955827623844405,-2.099431188594223,10.856396435250183,True
金時,14,2025-03-11,2025-03-25,-0.0713733919994626,8.949283170023705,9.020656562023168,False
金時,14,2025-03-12,2025-03-26,-1.3122514024552632,4.704797817581152,6.017049220036416,False
金時,14,2025-03-13,2025-03-27,-1.1341773646736963,0.9424974322986619,2.076674796972358,False
金時,14,2025-03-14,2025-03-28,-5.9703287355195584,-14.2998926495311,-8.329563914011542,True
金時,14,2025-03-15,2025-03-29,7.676510980195859,5.737969641511465,-1.9385413386843942,True
金時,14,2025-03-16,2025-03-30,0.7824405956306082,-6.608535416428804,-7.390976012059412,False
金時,14,2025-03-17,2025-03-31,7.9463674464425855,2.9560951867421874,-4.990272259700398,True
金時,14,2025-03-18,2025-04-01,1.0568373403542808,-5.781163507921027,-6.838000848275308,False
金時,14,2025-03-19,2025-04-02,1.8030602398566373,6.728710511432495,4.925650271575858,True
金時,14,2025-03-20,2025-04-03,7.508092502405879,10.052997681351442,2.5449051789455632,True
金時,14,2025-03-21,2025-04-04,-1.8571233181173172,-7.391087429403899,-5.533964111286582,True
金時,14,2025-03-22,2025-04-05,1.877387597192429,-1.281531743787893,-3.1589193409803222,False
金時,14,2025-03-23,2025-04-06,-18.123397550276433,-1.3008389802288718,16.822558570047562,True
金時,14,2025-03-24,2025-04-07,-2.099431188594223,11.475207612837853,13.574638801432076,False
金時,14,2025-03-25,2025-04-08,8.949283170023705,-14.51534733441034,-23.464630504434044,False
金時,14,2025-03-26,2025-04-09,4.704797817581152,1.2151218666792707,-3.4896759509018818,True
金時,14,2025-03-27,2025-04-10,0.9424974322986619,16.596063024650846,15.653565592352184,False
金時,14,2025-03-28,2025-04-11,-14.2998926495311,8.53955599844987,22.839448647980973,False
金時,14,2025-03-29,2025-04-12,5.737969641511465,-3.3845925569663,-9.122562198477764,False
金時,14,2025-03-30,2025-04-13,-6.608535416428804,-2.9615379747636466,3.6469974416651576,True
金時,14,2025-03-31,2025-04-14,2.9560951867421874,9.095020746887966,6.138925560145779,True
金時,14,2025-04-01,2025-04-15,-5.781163507921027,0.2156410218649477,5.996804529785975,False
金時,14,2025-04-02,2025-04-16,6.728710511432495,-6.073000970513872,-12.801711481946366,False
金時,14,2025-04-03,2025-04-17,10.052997681351442,-4.367586742046337,-14.420584423397779,False
金時,14,2025-04-04,2025-04-18,-7.391087429403899,-12.27062533701531,-4.879537907611412,True
金時,14,2025-04-05,2025-04-19,-1.281531743787893,-11.217434675220337,-9.935902931432445,True
金時,14,2025-04-06,2025-04-20,-1.3008389802288718,4.856655543196144,6.157494523425016,False
金時,14,2025-04-07,2025-04-21,11.475207612837853,-5.872788139646103,-17.347995752483953,False
金時,14,2025-04-08,2025-04-22,-14.51534733441034,7.235279841246426,21.750627175656767,False
金時,14,2025-04-09,2025-04-23,1.2151218666792707,-5.002373665444482,-6.217495532123753,False
金時,14,2025-04-10,2025-04-24,16.596063024650846,-4.563394824561075,-21.159457849211922,False
金時,14,2025-04-11,2025-04-25,8.53955599844987,-3.2324324108732894,-11.77198840932316,False
金時,14,2025-04-12,2025-04-26,-3.3845925569663,7.430349484633371,10.814942041599672,False
金時,14,2025-04-13,2025-04-27,-2.9615379747636466,1.2422360248447204,4.203773999608367,False
金時,14,2025-04-14,2025-04-28,9.095020746887966,5.864637412481086,-3.2303833344068806,True
金時,14,2025-04-15,2025-04-29,0.2156410218649477,-4.801062752370806,-5.016703774235753,False
金時,14,2025-04-16,2025-04-30,-6.073000970513872,-1.4072060281845962,4.665794942329276,True
金時,14,2025-04-17,2025-05-01,-4.367586742046337,1.5745588264420252,5.942145568488362,False
金時,14,2025-04-18,2025-05-02,-12.27062533701531,-9.034732927675856,3.2358924093394545,True
金時,14,2025-04-19,2025-05-03,-11.217434675220337,-1.6963210972982268,9.52111357792211,True
金時,14,2025-04-20,2025-05-04,4.856655543196144,4.7206582936336074,-0.13599724956253656,True
金時,14,2025-04-21,2025-05-05,-5.872788139646103,7.171504871173533,13.044293010819636,False
金時,14,2025-04-22,2025-05-06,7.235279841246426,2.792798609653866,-4.442481231592559,True
金時,14,2025-04-23,2025-05-07,-5.002373665444482,7.867053248141118,12.869426913585599,False
金時,14,2025-04-24,2025-05-08,-4.563394824561075,-16.59769557926149,-12.034300754700414,True
金時,14,2025-04-25,2025-05-09,-3.2324324108732894,2.8317755185669404,6.064207929440229,False
金時,14,2025-04-26,2025-05-10,7.430349484633371,-1.6346256000751098,-9.06497508470848,False
金時,14,2025-04-27,2025-05-11,1.2422360248447204,-8.9502314336488,-10.19246745849352,False
金時,14,2025-04-28,2025-05-12,5.864637412481086,1.781688290810425,-4.08294912167066,True
金時,14,2025-04-29,2025-05-13,-4.801062752370806,2.1584783473825113,6.9595410997533165,False
金時,14,2025-04-30,2025-05-14,-1.4072060281845962,1.3265490288633746,2.7337550570479707,False
金時,14,2025-05-01,2025-05-15,1.5745588264420252,3.0004528506312402,1.425894024189215,True
金時,14,2025-05-02,2025-05-16,-9.034732927675856,-5.757801566674543,3.2769313610013135,True
金時,14,2025-05-03,2025-05-17,-1.6963210972982268,4.460033738210636,6.156354835508862,False
金時,14,2025-05-04,2025-05-18,4.7206582936336074,-8.510355071042234,-13.231013364675842,False
金時,14,2025-05-05,2025-05-19,7.171504871173533,-12.29457394183204,-19.466078813005574,False
金時,14,2025-05-06,2025-05-20,2.792798609653866,3.669779682947654,0.8769810732937882,True
金時,14,2025-05-07,2025-05-21,7.867053248141118,-12.857666053673286,-20.724719301814403,False
金時,14,2025-05-08,2025-05-22,-16.59769557926149,-3.236154157402734,13.361541421858757,True
金時,14,2025-05-09,2025-05-23,2.8317755185669404,3.5669425527725536,0.7351670342056131,True
金時,14,2025-05-10,2025-05-24,-1.6346256000751098,4.1221793238325315,5.756804923907641,False
金時,14,2025-05-11,2025-05-25,-8.9502314336488,3.049569411298157,11.999800844946956,False
金時,14,2025-05-12,2025-05-26,1.781688290810425,-7.9305532294981305,-9.712241520308556,False
金時,14,2025-05-13,2025-05-27,2.1584783473825113,-8.223958639327888,-10.382436986710399,False
金時,14,2025-05-14,2025-05-28,1.3265490288633746,-6.4084349061541905,-7.734983935017565,False
金時,14,2025-05-15,2025-05-29,3.0004528506312402,-3.467904494222525,-6.468357344853765,False
金時,14,2025-05-16,2025-05-30,-5.757801566674543,0.19797372415907336,5.955775290833616,False
金時,14,2025-05-17,2025-05-31,4.460033738210636,-7.364662663776402,-11.824696401987037,False
金時,14,2025-05-18,2025-06-01,-8.510355071042234,-0.9332509876579518,7.577104083384282,False
金時,14,2025-05-19,2025-06-02,-12.29457394183204,-4.623500776457372,7.6710731653746675,True
金時,14,2025-05-20,2025-06-03,3.669779682947654,-5.204084657967074,-8.873864340914729,False
金時,14,2025-05-21,2025-06-04,-12.857666053673286,-4.343160206343616,8.51450584732967,True
金時,14,2025-05-22,2025-06-05,-3.236154157402734,10.67510179686976,13.911255954272493,False
金時,14,2025-05-23,2025-06-06,3.5669425527725536,1.600691464505942,-1.9662510882666115,True
金時,14,2025-05-24,2025-06-07,4.1221793238325315,-6.169023758234211,-10.291203082066742,False
金時,14,2025-05-25,2025-06-08,3.049569411298157,-1.8273048601545525,-4.876874271452709,False
金時,14,2025-05-26,2025-06-09,-7.9305532294981305,-1.7146149025530442,6.2159383269450865,True
金時,14,2025-05-27,2025-06-10,-8.223958639327888,-6.447859563635228,1.7760990756926605,True
金時,14,2025-05-28,2025-06-11,-6.4084349061541905,2.365184131004008,8.773619037158198,False
金時,14,2025-05-29,2025-06-12,-3.467904494222525,-2.818940411239231,0.6489640829832939,True
金時,14,2025-05-30,2025-06-13,0.19797372415907336,2.735609075616461,2.5376353514573875,False
金時,14,2025-05-31,2025-06-14,-7.364662663776402,-1.382711074603888,5.981951589172514,True
金時,14,2025-06-01,2025-06-15,-0.9332509876579518,12.697818727183261,13.631069714841212,False
金時,14,2025-06-02,2025-06-16,-4.623500776457372,1.4152095976286325,6.038710374086005,False
金時,14,2025-06-03,2025-06-17,-5.204084657967074,-14.479002919380193,-9.27491826141312,True
金時,14,2025-06-04,2025-06-18,-4.343160206343616,4.662845994390928,9.006006200734543,False
金時,14,2025-06-05,2025-06-19,10.67510179686976,2.9776936026936025,-7.697408194176157,True
金時,14,2025-06-06,2025-06-20,1.600691464505942,12.330124439350623,10.72943297484468,True
金時,14,2025-06-07,2025-06-21,-6.169023758234211,-11.215119886092168,-5.0460961278579575,True
金時,14,2025-06-08,2025-06-22,-1.8273048601545525,-4.9430338354922725,-3.1157289753377198,True
金時,14,2025-06-09,2025-06-23,-1.7146149025530442,-14.066063331246323,-12.351448428693278,True
金時,14,2025-06-10,2025-06-24,-6.447859563635228,-4.0804493287513965,2.367410234883831,True
金時,14,2025-06-11,2025-06-25,2.365184131004008,1.7517669242458038,-0.613417206758204,True
金時,14,2025-06-12,2025-06-26,-2.818940411239231,-7.156722117695274,-4.3377817064560436,True
金時,14,2025-06-13,2025-06-27,2.735609075616461,2.573661916701868,-0.16194715891459266,True
金時,14,2025-06-14,2025-06-28,-1.382711074603888,1.1012991816542603,2.4840102562581485,False
金時,14,2025-06-15,2025-06-29,12.697818727183261,-8.321385451252642,-21.019204178435903,False
金時,14,2025-06-16,2025-06-30,1.4152095976286325,-9.042820863907126,-10.458030461535758,False
金時,14,2025-06-17,2025-07-01,-14.479002919380193,-0.714224495043282,13.76477842433691,False
金時,14,2025-06-18,2025-07-02,4.662845994390928,-6.429692165597771,-11.092538159988699,False
金時,14,2025-06-19,2025-07-03,2.9776936026936025,0.6198102137854622,-2.3578833889081405,False
金時,14,2025-06-20,2025-07-04,12.330124439350623,3.281665616220316,-9.048458823130307,True
金時,14,2025-06-21,2025-07-05,-11.215119886092168,-4.109368874362183,7.105751011729986,True
金時,14,2025-06-22,2025-07-06,-4.9430338354922725,1.5767489424380159,6.519782777930288,False
金時,14,2025-06-23,2025-07-07,-14.066063331246323,0.9452653372984333,15.011328668544756,False
金時,14,2025-06-24,2025-07-08,-4.0804493287513965,-11.36195397039732,-7.281504641645923,True
金時,14,2025-06-25,2025-07-09,1.7517669242458038,-4.62457717093405,-6.376344095179855,False
金時,14,2025-06-26,2025-07-10,-7.156722117695274,1.0372397896708205,8.193961907366095,False
金時,14,2025-06-27,2025-07-11,2.573661916701868,15.357159235084609,12.783497318382741,True
金時,14,2025-06-28,2025-07-12,1.1012991816542603,-9.17538816961928,-10.27668735127354,False
金時,14,2025-06-29,2025-07-13,-8.321385451252642,-3.7217544281334463,4.599631023119196,True
金時,14,2025-06-30,2025-07-14,-9.042820863907126,-1.9674056150588906,7.075415248848236,True
金時,14,2025-07-01,2025-07-15,-0.714224495043282,9.235411337741445,9.949635832784727,False
金時,14,2025-07-02,2025-07-16,-6.429692165597771,-0.06589369605593795,6.363798469541833,False
金時,14,2025-07-03,2025-07-17,0.6198102137854622,5.9198313834751675,5.300021169689705,False
金時,14,2025-07-04,2025-07-18,3.281665616220316,-4.243830538651256,-7.525496154871572,False
金時,14,2025-07-05,2025-07-19,-4.109368874362183,-0.8606314883545801,3.2487373860076025,False
金時,14,2025-07-06,2025-07-20,1.5767489424380159,4.703091707133969,3.126342764695953,True
金時,14,2025-07-07,2025-07-21,0.9452653372984333,-6.585623459730362,-7.530888797028796,False
金時,14,2025-07-08,2025-07-22,-11.36195397039732,9.373573461521667,20.73552743191899,False
金時,14,2025-07-09,2025-07-23,-4.62457717093405,-8.4742378450005,-3.84966067406645,True
金時,14,2025-07-10,2025-07-24,1.0372397896708205,-10.544340668938984,-11.581580458609805,False
金時,14,2025-07-11,2025-07-25,15.357159235084609,4.176173020855193,-11.180986214229417,True
金時,14,2025-07-12,2025-07-26,-9.17538816961928,0.445647752110449,9.62103592172973,False
金時,14,2025-07-13,2025-07-27,-3.7217544281334463,-2.7226866397366845,0.9990677883967618,True
金時,14,2025-07-14,2025-07-28,-1.9674056150588906,-12.572383226302211,-10.60497761124332,True
金時,14,2025-07-15,2025-07-29,9.235411337741445,0.8700374128065994,-8.365373924934845,False
金時,14,2025-07-16,2025-07-30,-0.06589369605593795,3.315136577516143,3.381030273572081,False
金時,14,2025-07-17,2025-07-31,5.9198313834751675,-12.648949353815144,-18.56878073729031,False
金時,14,2025-07-18,2025-08-01,-4.243830538651256,2.6347282047283995,6.878558743379656,False
金時,14,2025-07-19,2025-08-02,-0.8606314883545801,4.87283189106547,5.7334633794200505,False
金時,14,2025-07-20,2025-08-03,4.703091707133969,0.6159868149979398,-4.087104892136029,False
金時,14,2025-07-21,2025-08-04,-6.585623459730362,2.2740625296834818,8.859685989413844,False
金時,14,2025-07-22,2025-08-05,9.373573461521667,3.957860836432913,-5.415712625088755,True
金時,14,2025-07-23,2025-08-06,-8.4742378450005,-1.6751175013312958,6.7991203436692045,True
金時,14,2025-07-24,2025-08-07,-10.544340668938984,-10.266450397479113,0.2778902714598708,True
金時,14,2025-07-25,2025-08-08,4.176173020855193,-3.87742403107136,-8.053597051926552,False
金時,14,2025-07-26,2025-08-09,0.445647752110449,5.810301060473061,5.3646533083626124,False
金時,14,2025-07-27,2025-08-10,-2.7226866397366845,-3.460255423303922,-0.7375687835672378,True
金時,14,2025-07-28,2025-08-11,-12.572383226302211,-5.743931157816457,6.828452068485754,True
金時,14,2025-07-29,2025-08-12,0.8700374128065994,-0.9233262626021879,-1.7933636754087874,True
金時,14,2025-07-30,2025-08-13,3.315136577516143,-10.342685097277506,-13.657821674793649,False
金時,14,2025-07-31,2025-08-14,-12.648949353815144,3.957932597871604,16.60688195168675,False
金時,14,2025-08-01,2025-08-15,2.6347282047283995,3.137882413722585,0.5031542089941854,True
金時,14,2025-08-02,2025-08-16,4.87283189106547,7.076579587441281,2.203747696375811,True
金時,14,2025-08-03,2025-08-17,0.6159868149979398,3.718166755472508,3.1021799404745685,False
金時,14,2025-08-04,2025-08-18,2.2740625296834818,-13.204322834300648,-15.47838536398413,False
金時,14,2025-08-05,2025-08-19,3.957860836432913,-2.158150302483201,-6.1160111389161145,False
金時,14,2025-08-06,2025-08-20,-1.6751175013312958,8.570859908626227,10.245977409957522,False
金時,14,2025-08-07,2025-08-21,-10.266450397479113,-4.826250141555984,5.44020025592313,True
金時,14,2025-08-08,2025-08-22,-3.87742403107136,-12.257268160694506,-8.379844129623146,True
金時,14,2025-08-09,2025-08-23,5.810301060473061,-6.61767913935038,-12.427980199823441,False
金時,14,2025-08-10,2025-08-24,-3.460255423303922,-5.753416027485718,-2.293160604181796,True
金時,14,2025-08-11,2025-08-25,-5.743931157816457,-0.18629152793511455,5.557639629881342,False
金時,14,2025-08-12,2025-08-26,-0.9233262626021879,-7.864476463630764,-6.9411502010285755,False
金時,14,2025-08-13,2025-08-27,-10.342685097277506,3.078232693522256,13.420917790799763,False
金時,14,2025-08-14,2025-08-28,3.957932597871604,-2.175988761537533,-6.133921359409136,False
金時,14,2025-08-15,2025-08-29,3.137882413722585,-8.223319290413613,-11.361201704136198,False
金時,14,2025-08-16,2025-08-30,7.076579587441281,-9.408346729084194,-16.484926316525474,False
金時,14,2025-08-17,2025-08-31,3.718166755472508,1.4595331040080393,-2.2586336514644687,True
金時,14,2025-08-18,2025-09-01,-13.204322834300648,2.651178112067366,15.855500946368014,False
金時,14,2025-08-19,2025-09-02,-2.158150302483201,2.194659613096646,4.352809915579847,False
金時,14,2025-08-20,2025-09-03,8.570859908626227,-3.728920307087555,-12.299780215713781,False
金時,14,2025-08-21,2025-09-04,-4.826250141555984,2.356921716054843,7.1831718576108265,False
金時,14,2025-08-22,2025-09-05,-12.257268160694506,-1.3654705958924307,10.891797564802076,True
金時,14,2025-08-23,2025-09-06,-6.61767913935038,-2.9570675443450907,3.6606115950052893,True
金時,14,2025-08-24,2025-09-07,-5.753416027485718,-4.9129965822406465,0.8404194452450717,True
金時,14,2025-08-25,2025-09-08,-0.18629152793511455,13.628522139160438,13.814813667095553,False
金時,14,2025-08-26,2025-09-09,-7.864476463630764,-6.016121177183862,1.8483552864469015,True
金時,14,2025-08-27,2025-09-10,3.078232693522256,-4.292837164052049,-7.371069857574305,False
金時,14,2025-08-28,2025-09-11,-2.175988761537533,-3.9243814965655583,-1.7483927350280255,True
金時,14,2025-08-29,2025-09-12,-8.223319290413613,-10.130800959834382,-1.9074816694207684,True
金時,14,2025-08-30,2025-09-13,-9.408346729084194,-6.348120262501908,3.060226466582286,True
金時,14,2025-08-31,2025-09-14,1.4595331040080393,-7.1955440372194905,-8.65507714122753,False
金時,14,2025-09-01,2025-09-15,2.651178112067366,-4.676660484923415,-7.327838596990781,False
金時,14,2025-09-02,2025-09-16,2.194659613096646,-4.66497121636145,-6.859630829458096,False
金時,14,2025-09-03,2025-09-17,-3.728920307087555,-9.022324766467605,-5.29340445938005,True
金時,14,2025-09-04,2025-09-18,2.356921716054843,-2.8132421017179814,-5.170163817772824,False
金時,14,2025-09-05,2025-09-19,-1.3654705958924307,-5.853950407703225,-4.4884798118107945,True
金時,14,2025-09-06,2025-09-20,-2.9570675443450907,3.868122569201478,6.825190113546569,False
金時,14,2025-09-07,2025-09-21,-4.9129965822406465,-1.6801349654497693,3.2328616167908772,True
金時,14,2025-09-08,2025-09-22,13.628522139160438,-10.81036644927513,-24.438888588435567,False
金時,14,2025-09-09,2025-09-23,-6.016121177183862,3.161559122305972,9.177680299489834,False
金時,14,2025-09-10,2025-09-24,-4.292837164052049,-2.1267274444997453,2.1661097195523036,True
金時,14,2025-09-11,2025-09-25,-3.9243814965655583,-1.5149016423944115,2.409479854171147,True
金時,14,2025-09-12,2025-09-26,-10.130800959834382,14.150699548656906,24.281500508491288,False
金時,14,2025-09-13,2025-09-27,-6.348120262501908,-3.491321565631723,2.856798696870185,True
金時,14,2025-09-14,2025-09-28,-7.1955440372194905,-2.736204368600143,4.459339668619347,True
金時,14,2025-09-15,2025-09-29,-4.676660484923415,-4.436852315422673,0.23980816950074235,True
金時,14,2025-09-16,2025-09-30,-4.66497121636145,-2.8904085300774227,1.7745626862840274,True
金時,14,2025-09-17,2025-10-01,-9.022324766467605,3.966926076562243,12.989250843029849,False
金時,14,2025-09-18,2025-10-02,-2.8132421017179814,-1.5107981017808407,1.3024439999371407,True
金時,14,2025-09-19,2025-10-03,-5.853950407703225,-5.043999135455584,0.8099512722476412,True
金時,14,2025-09-20,2025-10-04,3.868122569201478,5.147330973250948,1.2792084040494696,True
金時,14,2025-09-21,2025-10-05,-1.6801349654497693,1.9477209130353186,3.6278558784850876,False
金時,14,2025-09-22,2025-10-06,-10.81036644927513,-1.2197089369139247,9.590657512361204,True
金時,14,2025-09-23,2025-10-07,3.161559122305972,-3.533540749734406,-6.6950998720403785,False
金時,14,2025-09-24,2025-10-08,-2.1267274444997453,9.160626592297408,11.287354036797154,False
金時,14,2025-09-25,2025-10-09,-1.5149016423944115,-0.6304566550907144,0.8844449873036971,False
金時,14,2025-09-26,2025-10-10,14.150699548656906,2.517830204046943,-11.632869344609963,True
金時,14,2025-09-27,2025-10-11,-3.491321565631723,-0.3357267239748003,3.1555948416569226,False
金時,14,2025-09-28,2025-10-12,-2.736204368600143,1.6994460405252518,4.435650409125395,False
金時,14,2025-09-29,2025-10-13,-4.436852315422673,0.17059937690292432,4.607451692325597,False
金時,14,2025-09-30,2025-10-14,-2.8904085300774227,1.3832837093959043,4.273692239473327,False
金時,14,2025-10-01,2025-10-15,3.966926076562243,2.967590864081295,-0.9993352124809483,True
金時,14,2025-10-02,2025-10-16,-1.5107981017808407,11.559273174074336,13.070071275855177,False
金時,14,2025-10-03,2025-10-17,-5.043999135455584,4.472601448785745,9.516600584241328,False
金時,14,2025-10-04,2025-10-18,5.147330973250948,-0.8340909313078584,-5.981421904558806,False
金時,14,2025-10-05,2025-10-19,1.9477209130353186,-2.004764783273477,-3.9524856963087958,False
金時,14,2025-10-06,2025-10-20,-1.2197089369139247,9.665975016204564,10.88568395311849,False
金時,14,2025-10-07,2025-10-21,-3.533540749734406,2.9145159486785484,6.448056698412954,False
金時,14,2025-10-08,2025-10-22,9.160626592297408,-3.012021502835539,-12.172648095132947,False
金時,14,2025-10-09,2025-10-23,-0.6304566550907144,-4.50803780596171,-3.8775811508709954,False
金時,14,2025-10-10,2025-10-24,2.517830204046943,4.079479062105886,1.561648858058943,True
金時,14,2025-10-11,2025-10-25,-0.3357267239748003,-5.13548982564428,-4.7997631016694795,False
金時,14,2025-10-12,2025-10-26,1.6994460405252518,3.194291033198883,1.4948449926736311,True
金時,14,2025-10-13,2025-10-27,0.17059937690292432,-4.4903134423832585,-4.660912819286183,False
金時,14,2025-10-14,2025-10-28,1.3832837093959043,-2.105540453865184,-3.4888241632610884,False
金時,14,2025-10-15,2025-10-29,2.967590864081295,-3.0316854188869793,-5.999276282968275,False
金時,14,2025-10-16,2025-10-30,11.559273174074336,3.8987632074698992,-7.660509966604437,True
金時,14,2025-10-17,2025-10-31,4.472601448785745,4.958807937531342,0.486206488745597,True
金時,14,2025-10-18,2025-11-01,-0.8340909313078584,9.899391553128956,10.733482484436815,False
金時,14,2025-10-19,2025-11-02,-2.004764783273477,-6.002254343272146,-3.9974895599986686,True
金時,14,2025-10-20,2025-11-03,9.665975016204564,-2.7703391386372416,-12.436314154841806,False
金時,14,2025-10-21,2025-11-04,2.9145159486785484,4.461537982817259,1.547022034138711,True
金時,14,2025-10-22,2025-11-05,-3.012021502835539,9.258179963755907,12.270201466591447,False
金時,14,2025-10-23,2025-11-06,-4.50803780596171,1.5946746499398086,6.102712455901518,False
金時,14,2025-10-24,2025-11-07,4.079479062105886,-13.412329950334701,-17.491809012440587,False
金時,14,2025-10-25,2025-11-08,-5.13548982564428,1.0310498715626737,6.166539697206954,False
金時,14,2025-10-26,2025-11-09,3.194291033198883,-5.599310269479425,-8.793601302678308,False
金時,14,2025-10-27,2025-11-10,-4.4903134423832585,2.932690649797501,7.42300409218076,False
金時,14,2025-10-28,2025-11-11,-2.105540453865184,-4.6779507468655,-2.572410293000316,True
金時,14,2025-10-29,2025-11-12,-3.0316854188869793,0.05534508831828882,3.087030507205268,False
金時,14,2025-10-30,2025-11-13,3.8987632074698992,2.467343044212988,-1.4314201632569112,True
金時,14,2025-10-31,2025-11-14,4.958807937531342,-2.851860714644106,-7.810668652175448,False
金時,14,2025-11-01,2025-11-15,9.899391553128956,6.200664628978966,-3.698726924149989,True
金時,14,2025-11-02,2025-11-16,-6.002254343272146,-8.575379056439779,-2.5731247131676334,True
金時,14,2025-11-03,2025-11-17,-2.7703391386372416,0.9722546879395253,3.742593826576767,False
金時,14,2025-11-04,2025-11-18,4.461537982817259,-14.973230570100608,-19.434768552917866,False
金時,14,2025-11-05,2025-11-19,9.258179963755907,-5.279838819039501,-14.538018782795408,False
金時,14,2025-11-06,2025-11-20,1.5946746499398086,-2.950002055273146,-4.544676705212955,False
金時,14,2025-11-07,2025-11-21,-13.412329950334701,-0.3114715079488842,13.100858442385817,False
金時,14,2025-11-08,2025-11-22,1.0310498715626737,5.842481264024609,4.811431392461935,True
金時,14,2025-11-09,2025-11-23,-5.599310269479425,-1.2741267511490568,4.325183518330368,True
金時,14,2025-11-10,2025-11-24,2.932690649797501,9.449331939634737,6.516641289837236,True
金時,14,2025-11-11,2025-11-25,-4.6779507468655,1.4984667283133186,6.176417475178819,False
金時,14,2025-11-12,2025-11-26,0.05534508831828882,1.924273302585005,1.868928214266716,False
金時,14,2025-11-13,2025-11-27,2.467343044212988,-11.62972451777894,-14.097067561991928,False
金時,14,2025-11-14,2025-11-28,-2.851860714644106,-1.377996318866081,1.4738643957780249,True
金時,14,2025-11-15,2025-11-29,6.200664628978966,-6.227526931939218,-12.428191560918185,False
金時,14,2025-11-16,2025-11-30,-8.575379056439779,7.0332702364528865,15.608649292892665,False
金時,14,2025-11-17,2025-12-01,0.9722546879395253,2.3015327627580175,1.3292780748184923,False
金時,14,2025-11-18,2025-12-02,-14.973230570100608,1.3495028905063247,16.322733460606933,False
金時,14,2025-11-19,2025-12-03,-5.279838819039501,3.47223387651669,8.75207269555619,False
金時,14,2025-11-20,2025-12-04,-2.950002055273146,-11.25004038641724,-8.300038331144094,True
金時,14,2025-11-21,2025-12-05,-0.3114715079488842,0.7179555978526315,1.0294271058015156,True
金時,14,2025-11-22,2025-12-06,5.842481264024609,0.7172819993960194,-5.1251992646285895,False
金時,14,2025-11-23,2025-12-07,-1.2741267511490568,-5.895205639555626,-4.621078888406569,True
金時,14,2025-11-24,2025-12-08,9.449331939634737,9.327264311063107,-0.12206762857162978,True
金時,14,2025-11-25,2025-12-09,1.4984667283133186,-9.04395839779137,-10.542425126104689,False
金時,14,2025-11-26,2025-12-10,1.924273302585005,-9.997294476867777,-11.921567779452783,False
金時,14,2025-11-27,2025-12-11,-11.62972451777894,7.256711409395973,18.88643592717491,False
金時,14,2025-11-28,2025-12-12,-1.377996318866081,14.653125454299683,16.031121773165765,False
金時,14,2025-11-29,2025-12-13,-6.227526931939218,-1.817100772726469,4.410426159212749,True
金時,14,2025-11-30,2025-12-14,7.0332702364528865,4.233114562607034,-2.800155673845852,True
金時,14,2025-12-01,2025-12-15,2.3015327627580175,-2.5690197695816837,-4.870552532339701,False
金時,14,2025-12-02,2025-12-16,1.3495028905063247,1.549401052909678,0.19989816240335334,True
金時,14,2025-12-03,2025-12-17,3.47223387651669,-3.565081407010666,-7.037315283527356,False
金時,14,2025-12-04,2025-12-18,-11.25004038641724,7.485887942117173,18.735928328534413,False
金時,14,2025-12-05,2025-12-19,0.7179555978526315,2.2202156839361464,1.502260086083515,False
金時,14,2025-12-06,2025-12-20,0.7172819993960194,5.324605201836055,4.6073232024400355,False
金時,14,2025-12-07,2025-12-21,-5.895205639555626,0.10338564709169655,5.998591286647323,False
金時,14,2025-12-08,2025-12-22,9.327264311063107,-2.9081526159338402,-12.235416926996947,False
金時,14,2025-12-09,2025-12-23,-9.04395839779137,-2.0922428648169724,6.951715532974397,True
金時,14,2025-12-10,2025-12-24,-9.997294476867777,0.35981566247270297,10.357110139340481,False
金時,14,2025-12-11,2025-12-25,7.256711409395973,-0.17730794087776874,-7.434019350273742,False
金時,14,2025-12-12,2025-12-26,14.653125454299683,-11.44453063404461,-26.097656088344294,False
金時,14,2025-12-13,2025-12-27,-1.817100772726469,1.0958598573902831,2.912960630116752,False
金時,14,2025-12-14,2025-12-28,4.233114562607034,-6.813477306330928,-11.046591868937963,False
金時,14,2025-12-15,2025-12-29,-2.5690197695816837,0.5767636960235442,3.145783465605228,False
金時,14,2025-12-16,2025-12-30,1.549401052909678,2.7905427739903916,1.2411417210807136,True
金時,14,2025-12-17,2025-12-31,-3.565081407010666,-1.5183926350232533,2.0466887719874123,True
金時,14,2025-12-18,2026-01-01,7.485887942117173,-4.9651311980495585,-12.451019140166732,False
金時,14,2025-12-19,2026-01-02,2.2202156839361464,5.9707321953547075,3.750516511418561,True
金時,14,2025-12-20,2026-01-03,5.324605201836055,-4.565153217784327,-9.889758419620382,False
金時,14,2025-12-21,2026-01-04,0.10338564709169655,-7.194329303780315,-7.297714950872012,False
金時,14,2025-12-22,2026-01-05,-2.9081526159338402,3.378923098007917,6.287075713941757,False
金時,14,2025-12-23,2026-01-06,-2.0922428648169724,-0.07261814103985323,2.019624723777119,False
金時,14,2025-12-24,2026-01-07,0.35981566247270297,-12.612916815400101,-12.972732477872805,False
金時,14,2025-12-25,2026-01-08,-0.17730794087776874,-4.724735208260403,-4.547427267382634,False
金時,14,2025-12-26,2026-01-09,-11.44453063404461,12.22086225321801,23.66539288726262,False
金時,14,2025-12-27,2026-01-10,1.0958598573902831,0.9811664514619296,-0.11469340592835353,False
金時,14,2025-12-28,2026-01-11,-6.813477306330928,0.09138335897465558,6.904860665305584,False
金時,14,2025-12-29,2026-01-12,0.5767636960235442,3.8035321220609326,3.2267684260373883,False
金時,14,2025-12-30,2026-01-13,2.7905427739903916,-5.817236913027038,-8.60777968701743,False
金時,14,2025-12-31,2026-01-14,-1.5183926350232533,0.7480665667894886,2.266459201812742,False
金時,14,2026-01-01,2026-01-15,-4.9651311980495585,-3.3007043094186463,1.6644268886309121,True
金時,14,2026-01-02,2026-01-16,5.9707321953547075,-0.33957231368842217,-6.31030450904313,False
金時,14,2026-01-03,2026-01-17,-4.565153217784327,-1.7000714260827148,2.8650817917016123,True
金時,14,2026-01-04,2026-01-18,-7.194329303780315,0.9809282255673771,8.175257529347693,False
金時,14,2026-01-05,2026-01-19,3.378923098007917,1.7268610758920486,-1.6520620221158682,True
金時,14,2026-01-06,2026-01-20,-0.07261814103985323,13.572643853737237,13.64526199477709,False
金時,14,2026-01-07,2026-01-21,-12.612916815400101,-5.227581102750709,7.385335712649392,True
金時,14,2026-01-08,2026-01-22,-4.724735208260403,1.7574835861864313,6.482218794446834,False
金時,14,2026-01-09,2026-01-23,12.22086225321801,10.718840762722566,-1.5020214904954443,True
金時,14,2026-01-10,2026-01-24,0.9811664514619296,-6.37861404212238,-7.35978049358431,False
金時,14,2026-01-11,2026-01-25,0.09138335897465558,3.2646207969297416,3.173237437955086,False
金時,14,2026-01-12,2026-01-26,3.8035321220609326,5.568623361966652,1.7650912399057193,True
金時,14,2026-01-13,2026-01-27,-5.817236913027038,5.696816179916782,11.51405309294382,False
金時,14,2026-01-14,2026-01-28,0.7480665667894886,-7.676898623978155,-8.424965190767644,False
金時,14,2026-01-15,2026-01-29,-3.3007043094186463,-5.928453022319578,-2.627748712900932,True
金時,14,2026-01-16,2026-01-30,-0.33957231368842217,8.927598899820742,9.267171213509164,False
金時,14,2026-01-17,2026-01-31,-1.7000714260827148,-7.7396265116875345,-6.039555085604819,True
金時,14,2026-01-18,2026-02-01,0.9809282255673771,2.3361469469195333,1.355218721352156,False
金時,14,2026-01-19,2026-02-02,1.7268610758920486,-3.970830368412032,-5.6976914443040805,False
金時,14,2026-01-20,2026-02-03,13.572643853737237,3.1162599078554933,-10.456383945881743,True
金時,14,2026-01-21,2026-02-04,-5.227581102750709,0.4291380109157463,5.656719113666456,False
金時,14,2026-01-22,2026-02-05,1.7574835861864313,11.829956898951988,10.072473312765556,True
金時,14,2026-01-23,2026-02-06,10.718840762722566,4.783078307830784,-5.9357624548917824,True
金時,14,2026-01-24,2026-02-07,-6.37861404212238,6.458219351809345,12.836833393931725,False
金時,14,2026-01-25,2026-02-08,3.2646207969297416,-6.4105553128543855,-9.675176109784127,False
金時,14,2026-01-26,2026-02-09,5.568623361966652,-5.580664236027539,-11.149287597994192,False
金時,14,2026-01-27,2026-02-10,5.696816179916782,-10.856952603229232,-16.553768783146012,False
金時,14,2026-01-28,2026-02-11,-7.676898623978155,-6.1595092548505495,1.5173893691276055,True
金時,14,2026-01-29,2026-02-12,-5.928453022319578,1.3833498637110813,7.31180288603066,False
金時,14,2026-01-30,2026-02-13,8.927598899820742,2.2592039952495506,-6.668394904571191,True
金時,14,2026-01-31,2026-02-14,-7.7396265116875345,3.0877841659386873,10.827410677626222,False
金時,14,2026-02-01,2026-02-15,2.3361469469195333,11.488750185207296,9.152603238287764,True
金時,14,2026-02-02,2026-02-16,-3.970830368412032,4.4626725446267255,8.433502913038758,False
金時,14,2026-02-03,2026-02-17,3.1162599078554933,-0.7759702123270121,-3.8922301201825054,False
金時,14,2026-02-04,2026-02-18,0.4291380109157463,-1.4312637061403508,-1.8604017170560971,False
金時,14,2026-02-05,2026-02-19,11.829956898951988,6.093549989665188,-5.736406909286799,True
金時,14,2026-02-06,2026-02-20,4.783078307830784,-1.7971818900910324,-6.580260197921816,False
金時,14,2026-02-07,2026-02-21,6.458219351809345,-0.1332700373243209,-6.591489389133666,False
金時,14,2026-02-08,2026-02-22,-6.4105553128543855,-8.381803388899769,-1.9712480760453834,True
金時,14,2026-02-09,2026-02-23,-5.580664236027539,-3.866382470644049,1.7142817653834905,True
金時,14,2026-02-10,2026-02-24,-10.856952603229232,4.061309821917329,14.918262425146562,False
金時,14,2026-02-11,2026-02-25,-6.1595092548505495,1.8045310853530032,7.964040340203553,False
金時,14,2026-02-12,2026-02-26,1.3833498637110813,20.88512628680693,19.501776423095848,True
金時,14,2026-02-13,2026-02-27,2.2592039952495506,-3.114916391575974,-5.374120386825524,False
金時,14,2026-02-14,2026-02-28,3.0877841659386873,1.9803044059892658,-1.1074797599494215,True
金時,14,2026-02-15,2026-03-01,11.488750185207296,-2.1578903391414683,-13.646640524348765,False
金時,14,2026-02-16,2026-03-02,4.4626725446267255,1.58681803112708,-2.8758545134996454,True
金時,14,2026-02-17,2026-03-03,-0.7759702123270121,7.2612310890403045,8.037201301367316,False
金時,14,2026-02-18,2026-03-04,-1.4312637061403508,-3.2855686791774086,-1.8543049730370578,True
金時,14,2026-02-19,2026-03-05,6.093549989665188,1.4742904988707684,-4.61925949079442,True
金時,14,2026-02-20,2026-03-06,-1.7971818900910324,-3.997805717613536,-2.200623827522504,True
金時,14,2026-02-21,2026-03-07,-0.1332700373243209,2.0153249104710373,2.1485949477953583,False
金時,14,2026-02-22,2026-03-08,-8.381803388899769,5.026092658127795,13.407896047027563,False
金時,14,2026-02-23,2026-03-09,-3.866382470644049,0.5157285618228371,4.382111032466886,False
金時,14,2026-02-24,2026-03-10,4.061309821917329,-5.346156981009047,-9.407466802926375,False
金時,14,2026-02-25,2026-03-11,1.8045310853530032,-2.3022324487781574,-4.106763534131161,False
金時,14,2026-02-26,2026-03-12,20.88512628680693,-5.788291577688394,-26.673417864495324,False
金時,14,2026-02-27,2026-03-13,-3.114916391575974,-13.527162490187353,-10.412246098611378,True
金時,14,2026-02-28,2026-03-14,1.9803044059892658,-3.4286093100439667,-5.408913716033233,False
金時,14,2026-03-01,2026-03-15,-2.1578903391414683,-1.9695004223482564,0.18838991679321193,True
金時,14,2026-03-02,2026-03-16,1.58681803112708,-1.4532619734456484,-3.0400800045727285,False
金時,14,2026-03-03,2026-03-17,7.2612310890403045,-0.5673750127058736,-7.828606101746178,False
金時,14,2026-03-04,2026-03-18,-3.2855686791774086,-1.3187739506097527,1.966794728567656,True
金時,14,2026-03-05,2026-03-19,1.4742904988707684,-5.786263753103068,-7.260554251973836,False
金時,14,2026-03-06,2026-03-20,-3.997805717613536,15.506515240630362,19.5043209582439,False
金時,14,2026-03-07,2026-03-21,2.0153249104710373,0.7157334835784764,-1.2995914268925608,False
金時,14,2026-03-08,2026-03-22,5.026092658127795,1.7521047295808172,-3.273987928546978,True
金時,14,2026-03-09,2026-03-23,0.5157285618228371,-5.307626964383229,-5.823355526206067,False
金時,14,2026-03-10,2026-03-24,-5.346156981009047,2.4649234581942383,7.811080439203286,False
金時,14,2026-03-11,2026-03-25,-2.3022324487781574,-0.6462913503226406,1.6559410984555167,False
金時,14,2026-03-12,2026-03-26,-5.788291577688394,6.4025627804412455,12.19085435812964,False
金時,14,2026-03-13,2026-03-27,-13.527162490187353,4.704852563050495,18.23201505323785,False
金時,14,2026-03-14,2026-03-28,-3.4286093100439667,-2.927680395407609,0.5009289146363578,True
金時,14,2026-03-15,2026-03-29,-1.9695004223482564,11.43172240860914,13.401222830957396,False
金時,14,2026-03-16,2026-03-30,-1.4532619734456484,-4.924547922450983,-3.4712859490053343,True
金時,14,2026-03-17,2026-03-31,-0.5673750127058736,3.421969737018678,3.9893447497245518,False
金時,14,2026-03-18,2026-04-01,-1.3187739506097527,-16.332251744352636,-15.013477793742883,True
金時,14,2026-03-19,2026-04-02,-5.786263753103068,-4.886007111482953,0.900256641620115,True
金時,14,2026-03-20,2026-04-03,15.506515240630362,0.35111780744237875,-15.155397433187984,False
金時,14,2026-03-21,2026-04-04,0.7157334835784764,6.969384148764323,6.253650665185847,False
金時,14,2026-03-22,2026-04-05,1.7521047295808172,8.265894493811277,6.51378976423046,True
金時,14,2026-03-23,2026-04-06,-5.307626964383229,1.7531330775890943,7.0607600419723235,False
金時,14,2026-03-24,2026-04-07,2.4649234581942383,-9.68584338421034,-12.150766842404579,False
金時,14,2026-03-25,2026-04-08,-0.6462913503226406,-1.2972477702647847,-0.650956419942144,False
金時,14,2026-03-26,2026-04-09,6.4025627804412455,10.310980061582306,3.9084172811410607,True
金時,14,2026-03-27,2026-04-10,4.704852563050495,-7.427445023765435,-12.13229758681593,False
金時,14,2026-03-28,2026-04-11,-2.927680395407609,-7.267309804828493,-4.339629409420883,True
金時,14,2026-03-29,2026-04-12,11.43172240860914,1.310977997831527,-10.120744410777613,True
金時,14,2026-03-30,2026-04-13,-4.924547922450983,4.894628952933456,9.81917687538444,False
金時,14,2026-03-31,2026-04-14,3.421969737018678,7.7191998176622185,4.297230080643541,True
金時,14,2026-04-01,2026-04-15,-16.332251744352636,4.130386012142627,20.462637756495262,False
金時,14,2026-04-02,2026-04-16,-4.886007111482953,-5.884296858570584,-0.9982897470876315,True
金時,14,2026-04-03,2026-04-17,0.35111780744237875,-1.8253759718079103,-2.176493779250289,False
金時,14,2026-04-04,2026-04-18,6.969384148764323,-3.569625005027641,-10.539009153791964,False
金時,14,2026-04-05,2026-04-19,8.265894493811277,-2.174666610011428,-10.440561103822706,False
金時,14,2026-04-06,2026-04-20,1.7531330775890943,-3.540993799547488,-5.294126877136582,False
金時,14,2026-04-07,2026-04-21,-9.68584338421034,-9.747319617502173,-0.06147623329183283,True
金時,14,2026-04-08,2026-04-22,-1.2972477702647847,4.031352378674003,5.328600148938788,False
金時,14,2026-04-09,2026-04-23,10.310980061582306,-6.318128192267207,-16.629108253849513,False
金時,14,2026-04-10,2026-04-24,-7.427445023765435,8.279560287925783,15.707005311691217,False
金時,14,2026-04-11,2026-04-25,-7.267309804828493,-0.5370882994457904,6.730221505382702,False
金時,14,2026-04-12,2026-04-26,1.310977997831527,0.3657245720008367,-0.9452534258306904,False
金時,14,2026-04-13,2026-04-27,4.894628952933456,-10.042408937916209,-14.937037890849664,False
金時,14,2026-04-14,2026-04-28,7.7191998176622185,-10.89308326603053,-18.61228308369275,False
金時,14,2026-04-15,2026-04-29,4.130386012142627,6.666962043322427,2.5365760311798002,True
金時,14,2026-04-16,2026-04-30,-5.884296858570584,-8.321780672957498,-2.4374838143869137,True
金時,14,2026-04-17,2026-05-01,-1.8253759718079103,-4.886826990138274,-3.0614510183303634,True
金時,14,2026-04-18,2026-05-02,-3.569625005027641,4.854628401029627,8.424253406057268,False
金時,14,2026-04-19,2026-05-03,-2.174666610011428,2.2879771469034105,4.462643756914838,False
金時,14,2026-04-20,2026-05-04,-3.540993799547488,1.6481288170572213,5.18912261660471,False
金時,14,2026-04-21,2026-05-05,-9.747319617502173,-1.7056076760882,8.041711941413974,True
金時,14,2026-04-22,2026-05-06,4.031352378674003,-1.9032162879905576,-5.9345686666645605,False
金時,14,2026-04-23,2026-05-07,-6.318128192267207,5.828321451292377,12.146449643559585,False
金時,14,2026-04-24,2026-05-08,8.279560287925783,7.06751113819184,-1.212049149733943,True
金時,14,2026-04-25,2026-05-09,-0.5370882994457904,-5.436186900451863,-4.899098601006072,False
金時,14,2026-04-26,2026-05-10,0.3657245720008367,0.6923004510563207,0.32657587905548396,True
金時,14,2026-04-27,2026-05-11,-10.042408937916209,-0.9107216779356976,9.131687259980511,False
金時,14,2026-04-28,2026-05-12,-10.89308326603053,-3.6889464614103464,7.204136804620184,True
金時,14,2026-04-29,2026-05-13,6.666962043322427,0.290585316832866,-6.376376726489561,False
金時,14,2026-04-30,2026-05-14,-8.321780672957498,14.632326247428502,22.954106920386,False
金時,14,2026-05-01,2026-05-15,-4.886826990138274,5.710047703661631,10.596874693799904,False
金時,14,2026-05-02,2026-05-16,4.854628401029627,2.630468190690288,-2.224160210339339,True
金時,14,2026-05-03,2026-05-17,2.2879771469034105,-1.8878458168225205,-4.175822963725931,False
金時,14,2026-05-04,2026-05-18,1.6481288170572213,-6.278928551512185,-7.927057368569406,False
金時,14,2026-05-05,2026-05-19,-1.7056076760882,-2.8775678638739586,-1.1719601877857586,True
金時,14,2026-05-06,2026-05-20,-1.9032162879905576,13.383985110664726,15.287201398655284,False
金時,14,2026-05-07,2026-05-21,5.828321451292377,-2.222002012379181,-8.050323463671557,False
金時,14,2026-05-08,2026-05-22,7.06751113819184,-7.085388218716891,-14.15289935690873,False
金時,14,2026-05-09,2026-05-23,-5.436186900451863,-7.8738751689710105,-2.437688268519148,True
金時,14,2026-05-10,2026-05-24,0.6923004510563207,1.3978988719501209,0.7055984208938002,False
金時,14,2026-05-11,2026-05-25,-0.9107216779356976,10.311074368310088,11.221796046245785,False
金時,14,2026-05-12,2026-05-26,-3.6889464614103464,2.037785833798104,5.72673229520845,False
金時,14,2026-05-13,2026-05-27,0.290585316832866,4.241549936863125,3.950964620030259,False
金時,14,2026-05-14,2026-05-28,14.632326247428502,-5.372564121139101,-20.0048903685676,False
金時,14,2026-05-15,2026-05-29,5.710047703661631,2.3542882494364648,-3.355759454225166,True
金時,14,2026-05-16,2026-05-30,2.630468190690288,-0.6479825717779096,-3.2784507624681978,False
金時,14,2026-05-17,2026-05-31,-1.8878458168225205,5.022223707515957,6.9100695243384775,False
金時,14,2026-05-18,2026-06-01,-6.278928551512185,1.6146791702692116,7.893607721781397,False
金時,14,2026-05-19,2026-06-02,-2.8775678638739586,-12.591238152100903,-9.713670288226945,True
金時,14,2026-05-20,2026-06-03,13.383985110664726,3.0878280841144634,-10.296157026550263,True
金時,14,2026-05-21,2026-06-04,-2.222002012379181,4.602098296688058,6.824100309067239,False
金時,14,2026-05-22,2026-06-05,-7.085388218716891,11.258231931620386,18.343620150337276,False
金時,14,2026-05-23,2026-06-06,-7.8738751689710105,-3.763088826186954,4.110786342784056,True
金時,14,2026-05-24,2026-06-07,1.3978988719501209,0.9847048080637797,-0.41319406388634117,False
金時,14,2026-05-25,2026-06-08,10.311074368310088,-2.75260704582956,-13.063681414139648,False
金時,14,2026-05-26,2026-06-09,2.037785833798104,-9.781095177355196,-11.8188810111533,False
金時,14,2026-05-27,2026-06-10,4.241549936863125,3.1515694289965186,-1.0899805078666063,True
金時,14,2026-05-28,2026-06-11,-5.372564121139101,6.931584530560395,12.304148651699496,False
金時,14,2026-05-30,2026-06-13,-0.6479825717779096,-3.8252928463912412,-3.1773102746133315,False
金時,14,2026-05-31,2026-06-14,5.022223707515957,-0.3307556416800453,-5.352979349196002,False
金時,14,2026-06-01,2026-06-15,1.6146791702692116,-5.6209449929478135,-7.235624163217025,False
金時,14,2026-06-02,2026-06-16,-12.591238152100903,8.130587662622336,20.72182581472324,False
金時,14,2026-06-03,2026-06-17,3.0878280841144634,-5.073111990366421,-8.160940074480884,False
金時,14,2026-06-04,2026-06-18,4.602098296688058,4.791037433644518,0.18893913695645992,True
金時,14,2026-06-05,2026-06-19,11.258231931620386,-8.52044230781038,-19.778674239430767,False
金時,14,2026-06-06,2026-06-20,-3.763088826186954,-1.1781286054357192,2.5849602207512348,True
金時,14,2026-06-07,2026-06-21,0.9847048080637797,-1.912415503574381,-2.8971203116381608,False
金時,14,2026-06-08,2026-06-22,-2.75260704582956,-5.433457164733573,-2.6808501189040133,True
金時,14,2026-06-09,2026-06-23,-9.781095177355196,-9.929644516298062,-0.14854933894286582,True
金時,14,2026-06-10,2026-06-24,3.1515694289965186,2.152675472546131,-0.9988939564503876,True
金時,14,2026-06-11,2026-06-25,6.931584530560395,8.908893743920137,1.9773092133597423,True
金時,14,2026-06-13,2026-06-27,-3.8252928463912412,0.8157855321174518,4.641078378508693,False
金時,14,2026-06-14,2026-06-28,-0.3307556416800453,4.507147281744545,4.83790292342459,False
金時,14,2026-06-15,2026-06-29,-5.6209449929478135,-5.940417836916166,-0.3194728439683523,True
金時,14,2026-06-16,2026-06-30,8.130587662622336,1.1812050645797543,-6.949382598042582,True
金時,14,2026-06-17,2026-07-01,-5.073111990366421,-7.606761950620346,-2.533649960253925,True
金時,14,2026-06-18,2026-07-02,4.791037433644518,-10.174847902993413,-14.965885336637932,False
金時,14,2026-06-19,2026-07-03,-8.52044230781038,1.4996241773149759,10.020066485125357,False
金時,14,2026-06-20,2026-07-04,-1.1781286054357192,8.00027713252516,9.178405737960878,False
