date,last_digit,is_rank_1,is_top_3,is_top_5,month_progress,day_of_week,day_of_month,days_since_last_rank1,rolling_avg_diff_7d,rolling_avg_diff_14d,rolling_avg_diff_21d,rolling_avg_diff_28d,rolling_avg_diff_35d,rolling_avg_games_7d,rolling_avg_games_14d,rolling_avg_games_21d,rolling_avg_games_28d,rolling_avg_games_35d,rolling_avg_efficiency_7d,rolling_avg_efficiency_14d,rolling_avg_efficiency_21d,rolling_avg_efficiency_28d,rolling_avg_efficiency_35d,rolling_rank_sum_7d,rolling_rank_sum_14d,rolling_rank_sum_21d,dow_lastdigit_rank1_rate,periodicity_strength,prior_week_rank1_rate,prior_same_weekday_rank1_rate
2025-07-07,0,0,0,0,0.19354838,0.0,7.0,0.0,0.0,0.0,0.0,0.0,0.0,0.0,0.0,0.0,0.0,0.0,0.0,0.0,0.0,0.0,0.0,0.0,0.0,0.0,0.09756097,0.036321186,0.0,0.0
2025-07-07,1,0,1,1,0.19354838,0.0,7.0,0.0,0.0,0.0,0.0,0.0,0.0,0.0,0.0,0.0,0.0,0.0,0.0,0.0,0.0,0.0,0.0,0.0,0.0,0.0,0.14634146,0.046272263,0.0,0.0
2025-07-07,2,1,1,1,0.19354838,0.0,7.0,0.0,0.0,0.0,0.0,0.0,0.0,0.0,0.0,0.0,0.0,0.0,0.0,0.0,0.0,0.0,0.0,0.0,0.0,0.0,0.12195122,0.047563225,0.0,0.0
2025-07-07,3,0,0,0,0.19354838,0.0,7.0,0.0,0.0,0.0,0.0,0.0,0.0,0.0,0.0,0.0,0.0,0.0,0.0,0.0,0.0,0.0,0.0,0.0,0.0,0.0,0.048780486,0.03312406,0.0,0.0
2025-07-07,4,0,0,0,0.19354838,0.0,7.0,0.0,0.0,0.0,0.0,0.0,0.0,0.0,0.0,0.0,0.0,0.0,0.0,0.0,0.0,0.0,0.0,0.0,0.0,0.0,0.14634146,0.0377796,0.0,0.0
2025-07-07,5,0,0,0,0.19354838,0.0,7.0,0.0,0.0,0.0,0.0,0.0,0.0,0.0,0.0,0.0,0.0,0.0,0.0,0.0,0.0,0.0,0.0,0.0,0.0,0.0,0.09756097,0.03521127,0.0,0.0
2025-07-07,6,0,0,1,0.19354838,0.0,7.0,0.0,0.0,0.0,0.0,0.0,0.0,0.0,0.0,0.0,0.0,0.0,0.0,0.0,0.0,0.0,0.0,0.0,0.0,0.0,0.0,0.033639003,0.0,0.0
2025-07-07,7,0,1,1,0.19354838,0.0,7.0,0.0,0.0,0.0,0.0,0.0,0.0,0.0,0.0,0.0,0.0,0.0,0.0,0.0,0.0,0.0,0.0,0.0,0.0,0.0,0.09756097,0.052751012,0.0,0.0
2025-07-07,8,0,0,1,0.19354838,0.0,7.0,0.0,0.0,0.0,0.0,0.0,0.0,0.0,0.0,0.0,0.0,0.0,0.0,0.0,0.0,0.0,0.0,0.0,0.0,0.0,0.14634146,0.045774646,0.0,0.0
2025-07-07,9,0,0,0,0.19354838,0.0,7.0,0.0,0.0,0.0,0.0,0.0,0.0,0.0,0.0,0.0,0.0,0.0,0.0,0.0,0.0,0.0,0.0,0.0,0.0,0.0,0.07317073,0.03547945,0.0,0.0
2025-07-07,ã‚¾ãƒ­ç›®,0,0,0,0.19354838,0.0,7.0,0.0,0.0,0.0,0.0,0.0,0.0,0.0,0.0,0.0,0.0,0.0,0.0,0.0,0.0,0.0,0.0,0.0,0.0,0.0,0.024390243,0.038751386,0.0,0.0
2025-07-08,0,0,1,1,0.22580644,1.0,8.0,0.0,164700.0,164700.0,164700.0,164700.0,164700.0,427136.0,427136.0,427136.0,427136.0,427136.0,0.38559148,0.38559148,0.38559148,0.38559148,0.38559148,8.0,8.0,8.0,0.12195122,0.036321186,0.0,0.0
2025-07-08,1,0,0,1,0.22580644,1.0,8.0,0.0,214900.0,214900.0,214900.0,214900.0,214900.0,436873.0,436873.0,436873.0,436873.0,436873.0,0.49190497,0.49190497,0.49190497,0.49190497,0.49190497,3.0,3.0,3.0,0.024390243,0.046272263,0.0,0.0
2025-07-08,2,1,1,1,0.22580644,1.0,8.0,0.0,232600.0,232600.0,232600.0,232600.0,232600.0,410893.0,410893.0,410893.0,410893.0,410893.0,0.5660841,0.5660841,0.5660841,0.5660841,0.5660841,1.0,1.0,1.0,0.07317073,0.047563225,0.2857143,0.0
2025-07-08,3,0,0,0,0.22580644,1.0,8.0,0.0,176400.0,176400.0,176400.0,176400.0,176400.0,403244.0,403244.0,403244.0,403244.0,403244.0,0.43745226,0.43745226,0.43745226,0.43745226,0.43745226,7.0,7.0,7.0,0.07317073,0.03312406,0.2857143,0.0
2025-07-08,4,0,0,0,0.22580644,1.0,8.0,0.0,162100.0,162100.0,162100.0,162100.0,162100.0,409918.0,409918.0,409918.0,409918.0,409918.0,0.39544493,0.39544493,0.39544493,0.39544493,0.39544493,9.0,9.0,9.0,0.07317073,0.0377796,0.14285715,0.0
2025-07-08,5,0,0,1,0.22580644,1.0,8.0,0.0,152500.0,152500.0,152500.0,152500.0,152500.0,416716.0,416716.0,416716.0,416716.0,416716.0,0.36595666,0.36595666,0.36595666,0.36595666,0.36595666,10.0,10.0,10.0,0.09756097,0.03521127,0.0,0.0
2025-07-08,6,0,1,1,0.22580644,1.0,8.0,0.0,187400.0,187400.0,187400.0,187400.0,187400.0,415489.0,415489.0,415489.0,415489.0,415489.0,0.4510348,0.4510348,0.4510348,0.4510348,0.4510348,5.0,5.0,5.0,0.14634146,0.033639003,0.2857143,0.0
2025-07-08,7,0,0,0,0.22580644,1.0,8.0,0.0,226500.0,226500.0,226500.0,226500.0,226500.0,413949.0,413949.0,413949.0,413949.0,413949.0,0.54716885,0.54716885,0.54716885,0.54716885,0.54716885,2.0,2.0,2.0,0.07317073,0.052751012,0.14285715,0.0
2025-07-08,8,0,0,0,0.22580644,1.0,8.0,0.0,192200.0,192200.0,192200.0,192200.0,192200.0,415028.0,415028.0,415028.0,415028.0,415028.0,0.4631013,0.4631013,0.4631013,0.4631013,0.4631013,4.0,4.0,4.0,0.12195122,0.045774646,0.2857143,0.0
2025-07-08,9,0,0,0,0.22580644,1.0,8.0,0.0,148100.0,148100.0,148100.0,148100.0,148100.0,420153.0,420153.0,420153.0,420153.0,420153.0,0.35249063,0.35249063,0.35249063,0.35249063,0.35249063,11.0,11.0,11.0,0.09756097,0.03547945,0.14285715,0.0
2025-07-08,ã‚¾ãƒ­ç›®,0,0,0,0.22580644,1.0,8.0,0.0,182500.0,182500.0,182500.0,182500.0,182500.0,403068.0,403068.0,403068.0,403068.0,403068.0,0.4527772,0.4527772,0.4527772,0.4527772,0.4527772,6.0,6.0,6.0,0.09756097,0.038751386,0.0,0.0
2025-07-09,0,0,0,0,0.2580645,2.0,9.0,0.0,116250.0,116250.0,116250.0,116250.0,116250.0,408446.5,408446.5,408446.5,408446.5,408446.5,0.279773,0.279773,0.279773,0.279773,0.279773,10.0,10.0,10.0,0.024390243,0.036321186,0.0,0.0
2025-07-09,1,0,1,1,0.2580645,2.0,9.0,0.0,134900.0,134900.0,134900.0,134900.0,134900.0,419910.0,419910.0,419910.0,419910.0,419910.0,0.3140756,0.3140756,0.3140756,0.3140756,0.3140756,8.0,8.0,8.0,0.19512194,0.046272263,0.14285715,0.0
2025-07-09,2,0,0,1,0.2580645,2.0,9.0,0.0,165250.0,165250.0,165250.0,165250.0,165250.0,398129.0,398129.0,398129.0,398129.0,398129.0,0.4100645,0.4100645,0.4100645,0.4100645,0.4100645,2.0,2.0,2.0,0.12195122,0.047563225,0.0,0.0
2025-07-09,3,1,1,1,0.2580645,2.0,9.0,0.0,107250.0,107250.0,107250.0,107250.0,107250.0,392458.5,392458.5,392458.5,392458.5,392458.5,0.26863796,0.26863796,0.26863796,0.26863796,0.26863796,16.0,16.0,16.0,0.07317073,0.03312406,0.14285715,0.0
2025-07-09,4,0,1,1,0.2580645,2.0,9.0,0.0,100150.0,100150.0,100150.0,100150.0,100150.0,399702.5,399702.5,399702.5,399702.5,399702.5,0.24676134,0.24676134,0.24676134,0.24676134,0.24676134,17.0,17.0,17.0,0.07317073,0.0377796,0.0,0.0
2025-07-09,5,0,0,0,0.2580645,2.0,9.0,0.0,106000.0,106000.0,106000.0,106000.0,106000.0,401740.0,401740.0,401740.0,401740.0,401740.0,0.25989863,0.25989863,0.25989863,0.25989863,0.25989863,14.0,14.0,14.0,0.048780486,0.03521127,0.0,0.0
2025-07-09,6,0,0,0,0.2580645,2.0,9.0,0.0,127450.0,127450.0,127450.0,127450.0,127450.0,398878.0,398878.0,398878.0,398878.0,398878.0,0.31380647,0.31380647,0.31380647,0.31380647,0.31380647,8.0,8.0,8.0,0.07317073,0.033639003,0.14285715,0.0
2025-07-09,7,0,0,0,0.2580645,2.0,9.0,0.0,127950.0,127950.0,127950.0,127950.0,127950.0,393475.5,393475.5,393475.5,393475.5,393475.5,0.3129944,0.3129944,0.3129944,0.3129944,0.3129944,13.0,13.0,13.0,0.07317073,0.052751012,0.2857143,0.0
2025-07-09,8,0,0,0,0.2580645,2.0,9.0,0.0,114300.0,114300.0,114300.0,114300.0,114300.0,404381.0,404381.0,404381.0,404381.0,404381.0,0.27777475,0.27777475,0.27777475,0.27777475,0.27777475,14.0,14.0,14.0,0.17073171,0.045774646,0.14285715,0.0
2025-07-09,9,0,0,1,0.2580645,2.0,9.0,0.0,100050.0,100050.0,100050.0,100050.0,100050.0,408280.0,408280.0,408280.0,408280.0,408280.0,0.24183448,0.24183448,0.24183448,0.24183448,0.24183448,17.0,17.0,17.0,0.09756097,0.03547945,0.0,0.0
2025-07-09,ã‚¾ãƒ­ç›®,0,0,0,0.2580645,2.0,9.0,0.0,116750.0,116750.0,116750.0,116750.0,116750.0,394380.5,394380.5,394380.5,394380.5,394380.5,0.29250336,0.29250336,0.29250336,0.29250336,0.29250336,13.0,13.0,13.0,0.048780486,0.038751386,0.14285715,0.0
2025-07-10,0,0,0,0,0.29032257,3.0,10.0,0.0,96100.0,96100.0,96100.0,96100.0,96100.0,406314.0,406314.0,406314.0,406314.0,406314.0,0.23277836,0.23277836,0.23277836,0.23277836,0.23277836,17.0,17.0,17.0,0.12195122,0.036321186,0.0,0.0
2025-07-10,1,0,0,1,0.29032257,3.0,10.0,0.0,122233.336,122233.336,122233.336,122233.336,122233.336,419095.34,419095.34,419095.34,419095.34,419095.34,0.2867553,0.2867553,0.2867553,0.2867553,0.2867553,11.0,11.0,11.0,0.09756097,0.046272263,0.14285715,0.0
2025-07-10,2,0,0,0,0.29032257,3.0,10.0,0.0,133300.0,133300.0,133300.0,133300.0,133300.0,398519.34,398519.34,398519.34,398519.34,398519.34,0.33131105,0.33131105,0.33131105,0.33131105,0.33131105,7.0,7.0,7.0,0.17073171,0.047563225,0.0,0.0
2025-07-10,3,0,0,1,0.29032257,3.0,10.0,0.0,140000.0,140000.0,140000.0,140000.0,140000.0,403118.0,403118.0,403118.0,403118.0,403118.0,0.34048223,0.34048223,0.34048223,0.34048223,0.34048223,17.0,17.0,17.0,0.0,0.03312406,0.14285715,0.0
2025-07-10,4,0,0,0,0.29032257,3.0,10.0,0.0,108100.0,108100.0,108100.0,108100.0,108100.0,397302.34,397302.34,397302.34,397302.34,397302.34,0.26981488,0.26981488,0.26981488,0.26981488,0.26981488,19.0,19.0,19.0,0.048780486,0.0377796,0.14285715,0.0
2025-07-10,5,0,1,1,0.29032257,3.0,10.0,0.0,72866.664,72866.664,72866.664,72866.664,72866.664,402611.66,402611.66,402611.66,402611.66,402611.66,0.17870651,0.17870651,0.17870651,0.17870651,0.17870651,25.0,25.0,25.0,0.024390243,0.03521127,0.0,0.0
2025-07-10,6,1,1,1,0.29032257,3.0,10.0,0.0,96700.0,96700.0,96700.0,96700.0,96700.0,398733.66,398733.66,398733.66,398733.66,398733.66,0.23865213,0.23865213,0.23865213,0.23865213,0.23865213,17.0,17.0,17.0,0.07317073,0.033639003,0.14285715,0.0
2025-07-10,7,0,0,0,0.29032257,3.0,10.0,0.0,95833.336,95833.336,95833.336,95833.336,95833.336,392883.66,392883.66,392883.66,392883.66,392883.66,0.23555426,0.23555426,0.23555426,0.23555426,0.23555426,23.0,23.0,23.0,0.17073171,0.052751012,0.0,0.0
2025-07-10,8,0,0,0,0.29032257,3.0,10.0,0.0,89166.664,89166.664,89166.664,89166.664,89166.664,403608.0,403608.0,403608.0,403608.0,403608.0,0.21743357,0.21743357,0.21743357,0.21743357,0.21743357,22.0,22.0,22.0,0.09756097,0.045774646,0.14285715,0.0
2025-07-10,9,0,0,0,0.29032257,3.0,10.0,0.0,90700.0,90700.0,90700.0,90700.0,90700.0,405514.0,405514.0,405514.0,405514.0,405514.0,0.22122568,0.22122568,0.22122568,0.22122568,0.22122568,21.0,21.0,21.0,0.07317073,0.03547945,0.14285715,0.0
2025-07-10,ã‚¾ãƒ­ç›®,0,1,1,0.29032257,3.0,10.0,0.0,98733.336,98733.336,98733.336,98733.336,98733.336,394175.66,394175.66,394175.66,394175.66,394175.66,0.24807945,0.24807945,0.24807945,0.24807945,0.24807945,19.0,19.0,19.0,0.12195122,0.038751386,0.14285715,0.0
2025-07-11,0,0,0,0,0.32258064,4.0,11.0,0.0,81950.0,81950.0,81950.0,81950.0,81950.0,400371.0,400371.0,400371.0,400371.0,400371.0,0.20039792,0.20039792,0.20039792,0.20039792,0.20039792,26.0,26.0,26.0,0.1,0.036321186,0.0,0.0
2025-07-11,1,0,0,0,0.32258064,4.0,11.0,0.0,110200.0,110200.0,110200.0,110200.0,110200.0,416625.5,416625.5,416625.5,416625.5,416625.5,0.26033595,0.26033595,0.26033595,0.26033595,0.26033595,16.0,16.0,16.0,0.075,0.046272263,0.0,0.0
2025-07-11,2,0,0,1,0.32258064,4.0,11.0,0.0,103675.0,103675.0,103675.0,103675.0,103675.0,388213.0,388213.0,388213.0,388213.0,388213.0,0.2588389,0.2588389,0.2588389,0.2588389,0.2588389,18.0,18.0,18.0,0.075,0.047563225,0.14285715,0.0
2025-07-11,3,0,0,0,0.32258064,4.0,11.0,0.0,123575.0,123575.0,123575.0,123575.0,123575.0,395883.0,395883.0,395883.0,395883.0,395883.0,0.30500382,0.30500382,0.30500382,0.30500382,0.30500382,21.0,21.0,21.0,0.075,0.03312406,0.14285715,0.0
2025-07-11,4,0,1,1,0.32258064,4.0,11.0,0.0,94700.0,94700.0,94700.0,94700.0,94700.0,394816.0,394816.0,394816.0,394816.0,394816.0,0.23753543,0.23753543,0.23753543,0.23753543,0.23753543,27.0,27.0,27.0,0.125,0.0377796,0.0,0.0
2025-07-11,5,0,0,0,0.32258064,4.0,11.0,0.0,76550.0,76550.0,76550.0,76550.0,76550.0,394169.0,394169.0,394169.0,394169.0,394169.0,0.19340506,0.19340506,0.19340506,0.19340506,0.19340506,28.0,28.0,28.0,0.1,0.03521127,0.2857143,0.0
2025-07-11,6,1,1,1,0.32258064,4.0,11.0,0.0,100950.0,100950.0,100950.0,100950.0,100950.0,390469.0,390469.0,390469.0,390469.0,390469.0,0.25672206,0.25672206,0.25672206,0.25672206,0.25672206,18.0,18.0,18.0,0.175,0.033639003,0.2857143,0.0
2025-07-11,7,0,0,0,0.32258064,4.0,11.0,0.0,87475.0,87475.0,87475.0,87475.0,87475.0,393560.5,393560.5,393560.5,393560.5,393560.5,0.21610036,0.21610036,0.21610036,0.21610036,0.21610036,30.0,30.0,30.0,0.075,0.052751012,0.14285715,0.0
2025-07-11,8,0,0,1,0.32258064,4.0,11.0,0.0,83775.0,83775.0,83775.0,83775.0,83775.0,393639.5,393639.5,393639.5,393639.5,393639.5,0.20953771,0.20953771,0.20953771,0.20953771,0.20953771,28.0,28.0,28.0,0.075,0.045774646,0.14285715,0.0
2025-07-11,9,0,0,0,0.32258064,4.0,11.0,0.0,76150.0,76150.0,76150.0,76150.0,76150.0,400752.75,400752.75,400752.75,400752.75,400752.75,0.18694293,0.18694293,0.18694293,0.18694293,0.18694293,31.0,31.0,31.0,0.1,0.03547945,0.0,0.0
2025-07-11,ã‚¾ãƒ­ç›®,0,1,1,0.32258064,4.0,11.0,0.0,101175.0,101175.0,101175.0,101175.0,101175.0,386773.0,386773.0,386773.0,386773.0,386773.0,0.26046333,0.26046333,0.26046333,0.26046333,0.26046333,21.0,21.0,21.0,0.025,0.038751386,0.14285715,0.0
2025-07-12,0,0,0,0,0.3548387,5.0,12.0,0.0,74840.0,74840.0,74840.0,74840.0,74840.0,401660.4,401660.4,401660.4,401660.4,401660.4,0.18312952,0.18312952,0.18312952,0.18312952,0.18312952,32.0,32.0,32.0,0.075,0.036321186,0.14285715,0.0
2025-07-12,1,0,0,0,0.3548387,5.0,12.0,0.0,91780.0,91780.0,91780.0,91780.0,91780.0,414291.2,414291.2,414291.2,414291.2,414291.2,0.21720806,0.21720806,0.21720806,0.21720806,0.21720806,26.0,26.0,26.0,0.075,0.046272263,0.0,0.0
2025-07-12,2,0,0,0,0.3548387,5.0,12.0,0.0,95700.0,95700.0,95700.0,95700.0,95700.0,392541.8,392541.8,392541.8,392541.8,392541.8,0.23820393,0.23820393,0.23820393,0.23820393,0.23820393,22.0,22.0,22.0,0.175,0.047563225,0.0,0.0
2025-07-12,3,0,0,0,0.3548387,5.0,12.0,0.0,107780.0,107780.0,107780.0,107780.0,107780.0,394344.4,394344.4,394344.4,394344.4,394344.4,0.2669815,0.2669815,0.2669815,0.2669815,0.2669815,29.0,29.0,29.0,0.1,0.03312406,0.2857143,0.0
2025-07-12,4,0,1,1,0.3548387,5.0,12.0,0.0,89240.0,89240.0,89240.0,89240.0,89240.0,395495.2,395495.2,395495.2,395495.2,395495.2,0.22387965,0.22387965,0.22387965,0.22387965,0.22387965,30.0,30.0,30.0,0.075,0.0377796,0.14285715,0.0
2025-07-12,5,0,1,1,0.3548387,5.0,12.0,0.0,59620.0,59620.0,59620.0,59620.0,59620.0,397848.0,397848.0,397848.0,397848.0,397848.0,0.15079738,0.15079738,0.15079738,0.15079738,0.15079738,39.0,39.0,39.0,0.075,0.03521127,0.0,0.0
2025-07-12,6,1,1,1,0.3548387,5.0,12.0,0.0,98120.0,98120.0,98120.0,98120.0,98120.0,390360.2,390360.2,390360.2,390360.2,390360.2,0.24989903,0.24989903,0.24989903,0.24989903,0.24989903,19.0,19.0,19.0,0.075,0.033639003,0.14285715,0.0
2025-07-12,7,0,0,1,0.3548387,5.0,12.0,0.0,73800.0,73800.0,73800.0,73800.0,73800.0,393049.4,393049.4,393049.4,393049.4,393049.4,0.18264998,0.18264998,0.18264998,0.18264998,0.18264998,39.0,39.0,39.0,0.125,0.052751012,0.14285715,0.0
2025-07-12,8,0,0,0,0.3548387,5.0,12.0,0.0,77320.0,77320.0,77320.0,77320.0,77320.0,393670.6,393670.6,393670.6,393670.6,393670.6,0.1937859,0.1937859,0.1937859,0.1937859,0.1937859,33.0,33.0,33.0,0.125,0.045774646,0.0,0.0
2025-07-12,9,0,0,0,0.3548387,5.0,12.0,0.0,70040.0,70040.0,70040.0,70040.0,70040.0,399701.8,399701.8,399701.8,399701.8,399701.8,0.17261389,0.17261389,0.17261389,0.17261389,0.17261389,38.0,38.0,38.0,0.075,0.03547945,0.0,0.0
2025-07-12,ã‚¾ãƒ­ç›®,0,0,1,0.3548387,5.0,12.0,0.0,96940.0,96940.0,96940.0,96940.0,96940.0,389387.0,389387.0,389387.0,389387.0,389387.0,0.24838637,0.24838637,0.24838637,0.24838637,0.24838637,23.0,23.0,23.0,0.025,0.038751386,0.14285715,0.0
2025-07-13,0,0,0,0,0.38709676,6.0,13.0,0.0,70833.336,70833.336,70833.336,70833.336,70833.336,402858.0,402858.0,402858.0,402858.0,402858.0,0.17331663,0.17331663,0.17331663,0.17331663,0.17331663,38.0,38.0,38.0,0.075,0.036321186,0.0,0.0
2025-07-13,1,1,1,1,0.38709676,6.0,13.0,0.0,76033.336,76033.336,76033.336,76033.336,76033.336,416202.5,416202.5,416202.5,416202.5,416202.5,0.17994978,0.17994978,0.17994978,0.17994978,0.17994978,37.0,37.0,37.0,0.125,0.046272263,0.0,0.0
2025-07-13,2,0,0,0,0.38709676,6.0,13.0,0.0,82516.664,82516.664,82516.664,82516.664,82516.664,396729.16,396729.16,396729.16,396729.16,396729.16,0.20512739,0.20512739,0.20512739,0.20512739,0.20512739,30.0,30.0,30.0,0.05,0.047563225,0.0,0.0
2025-07-13,3,0,0,0,0.38709676,6.0,13.0,0.0,91133.336,91133.336,91133.336,91133.336,91133.336,395390.66,395390.66,395390.66,395390.66,395390.66,0.22577114,0.22577114,0.22577114,0.22577114,0.22577114,39.0,39.0,39.0,0.05,0.03312406,0.14285715,0.0
2025-07-13,4,0,0,0,0.38709676,6.0,13.0,0.0,89783.336,89783.336,89783.336,89783.336,89783.336,398495.5,398495.5,398495.5,398495.5,398495.5,0.22385001,0.22385001,0.22385001,0.22385001,0.22385001,33.0,33.0,33.0,0.075,0.0377796,0.14285715,0.0
2025-07-13,5,0,0,0,0.38709676,6.0,13.0,0.0,65850.0,65850.0,65850.0,65850.0,65850.0,403030.84,403030.84,403030.84,403030.84,403030.84,0.16335386,0.16335386,0.16335386,0.16335386,0.16335386,41.0,41.0,41.0,0.1,0.03521127,0.0,0.0
2025-07-13,6,0,0,1,0.38709676,6.0,13.0,0.0,123500.0,123500.0,123500.0,123500.0,123500.0,402815.5,402815.5,402815.5,402815.5,402815.5,0.29798055,0.29798055,0.29798055,0.29798055,0.29798055,20.0,20.0,20.0,0.075,0.033639003,0.2857143,0.0
2025-07-13,7,0,0,0,0.38709676,6.0,13.0,0.0,74700.0,74700.0,74700.0,74700.0,74700.0,398450.5,398450.5,398450.5,398450.5,398450.5,0.18323386,0.18323386,0.18323386,0.18323386,0.18323386,43.0,43.0,43.0,0.075,0.052751012,0.0,0.0
2025-07-13,8,0,1,1,0.38709676,6.0,13.0,0.0,70500.0,70500.0,70500.0,70500.0,70500.0,396558.66,396558.66,396558.66,396558.66,396558.66,0.17624904,0.17624904,0.17624904,0.17624904,0.17624904,40.0,40.0,40.0,0.075,0.045774646,0.2857143,0.0
2025-07-13,9,0,1,1,0.38709676,6.0,13.0,0.0,60483.332,60483.332,60483.332,60483.332,60483.332,400850.84,400850.84,400850.84,400850.84,400850.84,0.14905073,0.14905073,0.14905073,0.14905073,0.14905073,47.0,47.0,47.0,0.075,0.03547945,0.0,0.0
2025-07-13,ã‚¾ãƒ­ç›®,0,0,1,0.38709676,6.0,13.0,0.0,93166.664,93166.664,93166.664,93166.664,93166.664,391384.0,391384.0,391384.0,391384.0,391384.0,0.23784138,0.23784138,0.23784138,0.23784138,0.23784138,28.0,28.0,28.0,0.225,0.038751386,0.14285715,0.0
2025-07-14,0,0,0,0,0.41935483,0.0,14.0,0.0,61157.145,61157.145,61157.145,61157.145,61157.145,399075.84,399075.84,399075.84,399075.84,399075.84,0.14973372,0.14973372,0.14973372,0.14973372,0.14973372,47.0,47.0,47.0,0.09756097,0.036321186,0.2857143,0.0
2025-07-14,1,0,0,0,0.41935483,0.0,14.0,0.0,77657.14,77657.14,77657.14,77657.14,77657.14,415282.16,415282.16,415282.16,415282.16,415282.16,0.18471347,0.18471347,0.18471347,0.18471347,0.18471347,38.0,38.0,38.0,0.14634146,0.046272263,0.0,0.0
2025-07-14,2,0,1,1,0.41935483,0.0,14.0,0.0,75142.86,75142.86,75142.86,75142.86,75142.86,397421.56,397421.56,397421.56,397421.56,397421.56,0.18681589,0.18681589,0.18681589,0.18681589,0.18681589,36.0,36.0,36.0,0.12195122,0.047563225,0.14285715,0.0
2025-07-14,3,1,1,1,0.41935483,0.0,14.0,0.0,76257.14,76257.14,76257.14,76257.14,76257.14,396736.84,396736.84,396736.84,396736.84,396736.84,0.18893048,0.18893048,0.18893048,0.18893048,0.18893048,50.0,50.0,50.0,0.048780486,0.03312406,0.0,0.0
2025-07-14,4,0,0,0,0.41935483,0.0,14.0,0.0,77171.43,77171.43,77171.43,77171.43,77171.43,397084.84,397084.84,397084.84,397084.84,397084.84,0.19242284,0.19242284,0.19242284,0.19242284,0.19242284,43.0,43.0,43.0,0.14634146,0.0377796,0.14285715,0.0
2025-07-14,5,0,1,1,0.41935483,0.0,14.0,0.0,59928.57,59928.57,59928.57,59928.57,59928.57,401666.16,401666.16,401666.16,401666.16,401666.16,0.14887632,0.14887632,0.14887632,0.14887632,0.14887632,48.0,48.0,48.0,0.09756097,0.03521127,0.14285715,0.0
2025-07-14,6,0,0,1,0.41935483,0.0,14.0,0.0,111628.57,111628.57,111628.57,111628.57,111628.57,399755.72,399755.72,399755.72,399755.72,399755.72,0.27054423,0.27054423,0.27054423,0.27054423,0.27054423,24.0,24.0,24.0,0.0,0.033639003,0.0,0.0
2025-07-14,7,0,0,1,0.41935483,0.0,14.0,0.0,65985.71,65985.71,65985.71,65985.71,65985.71,396043.0,396043.0,396043.0,396043.0,396043.0,0.1621864,0.1621864,0.1621864,0.1621864,0.1621864,51.0,51.0,51.0,0.09756097,0.052751012,0.2857143,0.0
2025-07-14,8,0,0,0,0.41935483,0.0,14.0,0.0,67585.71,67585.71,67585.71,67585.71,67585.71,396151.72,396151.72,396151.72,396151.72,396151.72,0.16924933,0.16924933,0.16924933,0.16924933,0.16924933,43.0,43.0,43.0,0.14634146,0.045774646,0.0,0.0
2025-07-14,9,0,0,0,0.41935483,0.0,14.0,0.0,63385.715,63385.715,63385.715,63385.715,63385.715,399477.44,399477.44,399477.44,399477.44,399477.44,0.15726125,0.15726125,0.15726125,0.15726125,0.15726125,49.0,49.0,49.0,0.07317073,0.03547945,0.0,0.0
2025-07-14,ã‚¾ãƒ­ç›®,0,0,0,0.41935483,0.0,14.0,0.0,85500.0,85500.0,85500.0,85500.0,85500.0,390176.28,390176.28,390176.28,390176.28,390176.28,0.21860003,0.21860003,0.21860003,0.21860003,0.21860003,33.0,33.0,33.0,0.024390243,0.038751386,0.14285715,0.0
2025-07-15,0,0,0,0,0.4516129,1.0,15.0,0.0,43357.145,58525.0,58525.0,58525.0,58525.0,385892.56,391048.0,391048.0,391048.0,391048.0,0.11175695,0.14598626,0.14598626,0.14598626,0.14598626,46.0,54.0,54.0,0.12195122,0.036321186,0.0,0.0
2025-07-15,1,0,0,0,0.4516129,1.0,15.0,0.0,53757.145,73900.0,73900.0,73900.0,73900.0,402673.0,406948.0,406948.0,406948.0,406948.0,0.13394742,0.17869212,0.17869212,0.17869212,0.17869212,41.0,44.0,44.0,0.024390243,0.046272263,0.0,0.0
2025-07-15,2,0,0,0,0.4516129,1.0,15.0,0.0,52500.0,75012.5,75012.5,75012.5,75012.5,385657.28,388811.75,388811.75,388811.75,388811.75,0.1381669,0.19165654,0.19165654,0.19165654,0.19165654,37.0,38.0,38.0,0.07317073,0.047563225,0.0,0.0
2025-07-15,3,0,0,0,0.4516129,1.0,15.0,0.0,61957.145,76262.5,76262.5,76262.5,76262.5,388175.72,390059.25,390059.25,390059.25,390059.25,0.15818647,0.1930947,0.1930947,0.1930947,0.1930947,44.0,51.0,51.0,0.07317073,0.03312406,0.14285715,0.0
2025-07-15,4,1,1,1,0.4516129,1.0,15.0,0.0,56185.715,69425.0,69425.0,69425.0,69425.0,385990.72,388981.62,388981.62,388981.62,388981.62,0.14246605,0.1740884,0.1740884,0.1740884,0.1740884,44.0,53.0,53.0,0.07317073,0.0377796,0.14285715,0.0
2025-07-15,5,0,0,0,0.4516129,1.0,15.0,0.0,47014.285,60200.0,60200.0,60200.0,60200.0,389430.28,392841.0,392841.0,392841.0,392841.0,0.12339343,0.15371384,0.15371384,0.15371384,0.15371384,41.0,51.0,51.0,0.09756097,0.03521127,0.0,0.0
2025-07-15,6,0,1,1,0.4516129,1.0,15.0,0.0,93671.43,105387.5,105387.5,105387.5,105387.5,387633.16,391115.12,391115.12,391115.12,391115.12,0.23276967,0.2600528,0.2600528,0.2600528,0.2600528,23.0,28.0,28.0,0.14634146,0.033639003,0.14285715,0.0
2025-07-15,7,0,1,1,0.4516129,1.0,15.0,0.0,42300.0,65325.0,65325.0,65325.0,65325.0,385324.56,388902.62,388902.62,388902.62,388902.62,0.109604895,0.1643004,0.1643004,0.1643004,0.1643004,54.0,56.0,56.0,0.07317073,0.052751012,0.0,0.0
2025-07-15,8,0,0,1,0.4516129,1.0,15.0,0.0,38957.145,58112.5,58112.5,58112.5,58112.5,391178.56,394159.75,394159.75,394159.75,394159.75,0.10001104,0.14539732,0.14539732,0.14539732,0.14539732,50.0,54.0,54.0,0.12195122,0.045774646,0.0,0.0
2025-07-15,9,0,0,0,0.4516129,1.0,15.0,0.0,47500.0,60075.0,60075.0,60075.0,60075.0,388628.84,392569.38,392569.38,392569.38,392569.38,0.12221989,0.15100373,0.15100373,0.15100373,0.15100373,46.0,57.0,57.0,0.09756097,0.03547945,0.0,0.0
2025-07-15,ã‚¾ãƒ­ç›®,0,0,1,0.4516129,1.0,15.0,0.0,62000.0,77062.5,77062.5,77062.5,77062.5,382013.72,384645.5,384645.5,384645.5,384645.5,0.16135097,0.19777924,0.19777924,0.19777924,0.19777924,36.0,42.0,42.0,0.09756097,0.038751386,0.14285715,0.0
2025-07-16,0,0,0,1,0.48387095,2.0,16.0,0.0,34728.57,52844.445,52844.445,52844.445,52844.445,383111.72,388741.66,388741.66,388741.66,388741.66,0.0897612,0.13198605,0.13198605,0.13198605,0.13198605,55.0,65.0,65.0,0.024390243,0.036321186,0.0,0.0
2025-07-16,1,0,1,1,0.48387095,2.0,16.0,0.0,48685.715,67844.445,67844.445,67844.445,67844.445,399008.84,403653.56,403653.56,403653.56,403653.56,0.12182914,0.16455057,0.16455057,0.16455057,0.16455057,45.0,53.0,53.0,0.19512194,0.046272263,0.0,0.0
2025-07-16,2,0,0,0,0.48387095,2.0,16.0,0.0,42971.43,70144.445,70144.445,70144.445,70144.445,381530.0,385218.66,385218.66,385218.66,385218.66,0.11437819,0.18008626,0.18008626,0.18008626,0.18008626,43.0,45.0,45.0,0.12195122,0.047563225,0.0,0.0
2025-07-16,3,0,0,0,0.48387095,2.0,16.0,0.0,59985.715,70488.89,70488.89,70488.89,70488.89,385577.44,387106.56,387106.56,387106.56,387106.56,0.15347636,0.17906782,0.17906782,0.17906782,0.17906782,43.0,59.0,59.0,0.07317073,0.03312406,0.0,0.0
2025-07-16,4,0,0,0,0.48387095,2.0,16.0,0.0,61457.145,70055.555,70055.555,70055.555,70055.555,382735.56,386506.0,386506.0,386506.0,386506.0,0.15771194,0.1775007,0.1775007,0.1775007,0.1775007,37.0,54.0,54.0,0.07317073,0.0377796,0.14285715,0.0
2025-07-16,5,0,0,0,0.48387095,2.0,16.0,0.0,40357.145,54944.445,54944.445,54944.445,54944.445,385378.16,389014.12,389014.12,389014.12,389014.12,0.10655812,0.14063379,0.14063379,0.14063379,0.14063379,47.0,61.0,61.0,0.048780486,0.03521127,0.0,0.0
2025-07-16,6,0,0,0,0.48387095,2.0,16.0,0.0,94485.71,101811.11,101811.11,101811.11,101811.11,386615.44,389340.44,389340.44,389340.44,389340.44,0.2354193,0.25283867,0.25283867,0.25283867,0.25283867,22.0,30.0,30.0,0.07317073,0.033639003,0.14285715,0.0
2025-07-16,7,1,1,1,0.48387095,2.0,16.0,0.0,48071.43,65822.22,65822.22,65822.22,65822.22,379476.44,382587.34,382587.34,382587.34,382587.34,0.12837344,0.16940032,0.16940032,0.16940032,0.16940032,46.0,59.0,59.0,0.07317073,0.052751012,0.2857143,0.0
2025-07-16,8,0,0,1,0.48387095,2.0,16.0,0.0,39757.145,56322.223,56322.223,56322.223,56322.223,388076.56,391699.78,391699.78,391699.78,391699.78,0.10293232,0.14178619,0.14178619,0.14178619,0.14178619,45.0,59.0,59.0,0.17073171,0.045774646,0.0,0.0
2025-07-16,9,0,0,0,0.48387095,2.0,16.0,0.0,45157.145,57355.555,57355.555,57355.555,57355.555,383885.56,389306.56,389306.56,389306.56,389306.56,0.1174825,0.14511627,0.14511627,0.14511627,0.14511627,46.0,63.0,63.0,0.09756097,0.03547945,0.2857143,0.0
2025-07-16,ã‚¾ãƒ­ç›®,0,1,1,0.48387095,2.0,16.0,0.0,63028.57,74966.664,74966.664,74966.664,74966.664,377481.84,381237.12,381237.12,381237.12,381237.12,0.1659497,0.19407274,0.19407274,0.19407274,0.19407274,33.0,46.0,46.0,0.048780486,0.038751386,0.0,0.0
2025-07-17,0,0,0,0,0.516129,3.0,17.0,0.0,29685.715,49610.0,49610.0,49610.0,49610.0,370934.44,381548.3,381548.3,381548.3,381548.3,0.079178184,0.12525824,0.12525824,0.12525824,0.12525824,52.0,69.0,69.0,0.12195122,0.036321186,0.2857143,0.0
2025-07-17,1,0,0,1,0.516129,3.0,17.0,0.0,50800.0,72230.0,72230.0,72230.0,72230.0,397730.84,404140.2,404140.2,404140.2,404140.2,0.12773076,0.17543812,0.17543812,0.17543812,0.17543812,44.0,55.0,55.0,0.09756097,0.046272263,0.14285715,0.0
2025-07-17,2,0,1,1,0.516129,3.0,17.0,0.0,33014.285,63100.0,63100.0,63100.0,63100.0,368070.72,377205.3,377205.3,377205.3,377205.3,0.089408554,0.1619793,0.1619793,0.1619793,0.1619793,45.0,52.0,52.0,0.17073171,0.047563225,0.14285715,0.0
2025-07-17,3,0,0,0,0.516129,3.0,17.0,0.0,24485.715,59140.0,59140.0,59140.0,59140.0,373627.0,382474.3,382474.3,382474.3,382474.3,0.066283435,0.14854307,0.14854307,0.14854307,0.14854307,53.0,70.0,70.0,0.0,0.03312406,0.14285715,0.0
2025-07-17,4,0,0,0,0.516129,3.0,17.0,0.0,42228.57,61990.0,61990.0,61990.0,61990.0,370474.0,378522.5,378522.5,378522.5,378522.5,0.10764242,0.15629415,0.15629415,0.15629415,0.15629415,45.0,64.0,64.0,0.048780486,0.0377796,0.0,0.0
2025-07-17,5,0,1,1,0.516129,3.0,17.0,0.0,38257.145,48640.0,48640.0,48640.0,48640.0,372082.44,381241.2,381241.2,381241.2,381241.2,0.100509055,0.123968296,0.123968296,0.123968296,0.123968296,45.0,70.0,70.0,0.024390243,0.03521127,0.0,0.0
2025-07-17,6,0,0,0,0.516129,3.0,17.0,0.0,89185.71,91440.0,91440.0,91440.0,91440.0,377619.44,383953.7,383953.7,383953.7,383953.7,0.22198972,0.22698845,0.22698845,0.22698845,0.22698845,21.0,38.0,38.0,0.07317073,0.033639003,0.14285715,0.0
2025-07-17,7,0,0,0,0.516129,3.0,17.0,0.0,59528.57,70420.0,70420.0,70420.0,70420.0,386582.28,388472.7,388472.7,388472.7,388472.7,0.1530288,0.17778644,0.17778644,0.17778644,0.17778644,37.0,60.0,60.0,0.17073171,0.052751012,0.0,0.0
2025-07-17,8,1,1,1,0.516129,3.0,17.0,0.0,36814.285,52520.0,52520.0,52520.0,52520.0,368885.0,379301.9,379301.9,379301.9,379301.9,0.09887568,0.13444304,0.13444304,0.13444304,0.13444304,42.0,64.0,64.0,0.09756097,0.045774646,0.14285715,0.0
2025-07-17,9,0,0,1,0.516129,3.0,17.0,0.0,36000.0,52410.0,52410.0,52410.0,52410.0,370719.0,381157.5,381157.5,381157.5,381157.5,0.09543344,0.13317111,0.13317111,0.13317111,0.13317111,48.0,69.0,69.0,0.07317073,0.03547945,0.0,0.0
2025-07-17,ã‚¾ãƒ­ç›®,0,0,0,0.516129,3.0,17.0,0.0,59328.57,71150.0,71150.0,71150.0,71150.0,369119.72,376636.5,376636.5,376636.5,376636.5,0.15888448,0.18564297,0.18564297,0.18564297,0.18564297,30.0,49.0,49.0,0.12195122,0.038751386,0.14285715,0.0
2025-07-18,0,0,1,1,0.5483871,4.0,18.0,0.0,28485.715,47927.273,47927.273,47927.273,47927.273,375526.0,384560.53,384560.53,384560.53,384560.53,0.0751411,0.120689034,0.120689034,0.120689034,0.120689034,51.0,77.0,77.0,0.1,0.036321186,0.14285715,0.0
2025-07-18,1,0,0,0,0.5483871,4.0,18.0,0.0,49085.715,71309.09,71309.09,71309.09,71309.09,400553.44,406397.8,406397.8,406397.8,406397.8,0.12254305,0.17264956,0.17264956,0.17264956,0.17264956,43.0,59.0,59.0,0.075,0.046272263,0.14285715,0.0
2025-07-18,2,0,0,1,0.5483871,4.0,18.0,0.0,41142.855,63881.816,63881.816,63881.816,63881.816,379553.84,382702.62,382702.62,382702.62,382702.62,0.10689389,0.16214661,0.16214661,0.16214661,0.16214661,36.0,54.0,54.0,0.075,0.047563225,0.0,0.0
2025-07-18,3,0,0,0,0.5483871,4.0,18.0,0.0,19414.285,57290.91,57290.91,57290.91,57290.91,380392.28,386025.28,386025.28,386025.28,386025.28,0.051065713,0.14340685,0.14340685,0.14340685,0.14340685,55.0,76.0,76.0,0.075,0.03312406,0.0,0.0
2025-07-18,4,0,1,1,0.5483871,4.0,18.0,0.0,31928.572,54754.547,54754.547,54754.547,54754.547,374473.0,381870.47,381870.47,381870.47,381870.47,0.08148942,0.13823342,0.13823342,0.13823342,0.13823342,48.0,75.0,75.0,0.125,0.0377796,0.2857143,0.0
2025-07-18,5,1,1,1,0.5483871,4.0,18.0,0.0,35028.57,50127.273,50127.273,50127.273,50127.273,379827.84,385042.8,385042.8,385042.8,385042.8,0.08852936,0.12666598,0.12666598,0.12666598,0.12666598,45.0,73.0,73.0,0.1,0.03521127,0.14285715,0.0
2025-07-18,6,0,0,0,0.5483871,4.0,18.0,0.0,74442.86,84081.82,84081.82,84081.82,84081.82,383074.84,385763.62,385763.62,385763.62,385763.62,0.18128502,0.20871666,0.20871666,0.20871666,0.20871666,29.0,47.0,47.0,0.175,0.033639003,0.0,0.0
2025-07-18,7,0,0,0,0.5483871,4.0,18.0,0.0,51685.715,64700.0,64700.0,64700.0,64700.0,388015.44,390031.8,390031.8,390031.8,390031.8,0.13313615,0.16330495,0.16330495,0.16330495,0.16330495,40.0,70.0,70.0,0.075,0.052751012,0.0,0.0
2025-07-18,8,0,0,0,0.5483871,4.0,18.0,0.0,39814.285,55800.0,55800.0,55800.0,55800.0,373187.28,380624.47,380624.47,380624.47,380624.47,0.10446262,0.14267175,0.14267175,0.14267175,0.14267175,37.0,65.0,65.0,0.075,0.045774646,0.14285715,0.0
2025-07-18,9,0,0,1,0.5483871,4.0,18.0,0.0,37985.715,51863.637,51863.637,51863.637,51863.637,374072.72,383774.53,383774.53,383774.53,383774.53,0.09958932,0.13135427,0.13135427,0.13135427,0.13135427,43.0,74.0,74.0,0.1,0.03547945,0.14285715,0.0
2025-07-18,ã‚¾ãƒ­ç›®,0,0,0,0.5483871,4.0,18.0,0.0,48585.715,67709.09,67709.09,67709.09,67709.09,372831.72,377901.28,377901.28,377901.28,377901.28,0.12854871,0.17651767,0.17651767,0.17651767,0.17651767,35.0,56.0,56.0,0.025,0.038751386,0.0,0.0
2025-07-19,0,0,0,0,0.58064514,5.0,19.0,0.0,31528.572,49575.0,49575.0,49575.0,49575.0,360277.16,377520.16,377520.16,377520.16,377520.16,0.09107733,0.12943241,0.12943241,0.12943241,0.12943241,47.0,79.0,79.0,0.075,0.036321186,0.0,0.0
2025-07-19,1,0,0,0,0.58064514,5.0,19.0,0.0,44457.145,64175.0,64175.0,64175.0,64175.0,390464.56,400392.34,400392.34,400392.34,400392.34,0.11004758,0.15469778,0.15469778,0.15469778,0.15469778,44.0,70.0,70.0,0.075,0.046272263,0.2857143,0.0
2025-07-19,2,0,1,1,0.58064514,5.0,19.0,0.0,36185.715,60983.332,60983.332,60983.332,60983.332,359915.44,373509.75,373509.75,373509.75,373509.75,0.09991801,0.15753715,0.15753715,0.15753715,0.15753715,37.0,59.0,59.0,0.175,0.047563225,0.14285715,0.0
2025-07-19,3,0,0,0,0.58064514,5.0,19.0,0.0,13300.0,52666.668,52666.668,52666.668,52666.668,370009.28,380148.9,380148.9,380148.9,380148.9,0.035467554,0.13193169,0.13193169,0.13193169,0.13193169,56.0,85.0,85.0,0.1,0.03312406,0.0,0.0
2025-07-19,4,0,0,0,0.58064514,5.0,19.0,0.0,29242.857,54241.668,54241.668,54241.668,54241.668,361881.84,375887.4,375887.4,375887.4,375887.4,0.07970088,0.13977537,0.13977537,0.13977537,0.13977537,48.0,78.0,78.0,0.075,0.0377796,0.0,0.0
2025-07-19,5,0,0,1,0.58064514,5.0,19.0,0.0,46042.855,51700.0,51700.0,51700.0,51700.0,370486.28,381887.0,381887.0,381887.0,381887.0,0.11972672,0.13267283,0.13267283,0.13267283,0.13267283,35.0,74.0,74.0,0.075,0.03521127,0.0,0.0
2025-07-19,6,0,0,0,0.58064514,5.0,19.0,0.0,64657.145,78600.0,78600.0,78600.0,78600.0,369308.84,378080.25,378080.25,378080.25,378080.25,0.15838939,0.1965184,0.1965184,0.1965184,0.1965184,35.0,54.0,54.0,0.075,0.033639003,0.0,0.0
2025-07-19,7,0,0,1,0.58064514,5.0,19.0,0.0,47728.57,58591.668,58591.668,58591.668,58591.668,374552.44,382259.5,382259.5,382259.5,382259.5,0.1220179,0.14728127,0.14728127,0.14728127,0.14728127,41.0,80.0,80.0,0.125,0.052751012,0.14285715,0.0
2025-07-19,8,1,1,1,0.58064514,5.0,19.0,0.0,34485.715,52333.332,52333.332,52333.332,52333.332,355596.0,371460.4,371460.4,371460.4,371460.4,0.093274966,0.13515453,0.13515453,0.13515453,0.13515453,40.0,73.0,73.0,0.125,0.045774646,0.0,0.0
2025-07-19,9,0,1,1,0.58064514,5.0,19.0,0.0,35857.145,50100.0,50100.0,50100.0,50100.0,362345.16,377910.4,377910.4,377910.4,377910.4,0.097111985,0.12857111,0.12857111,0.12857111,0.12857111,40.0,78.0,78.0,0.075,0.03547945,0.0,0.0
2025-07-19,ã‚¾ãƒ­ç›®,0,0,0,0.58064514,5.0,19.0,0.0,40500.0,64016.668,64016.668,64016.668,64016.668,358277.84,371240.0,371240.0,371240.0,371240.0,0.111184984,0.16835223,0.16835223,0.16835223,0.16835223,39.0,62.0,62.0,0.025,0.038751386,0.0,0.0
2025-07-20,0,0,0,0,0.61290324,6.0,20.0,0.0,21800.0,44430.77,44430.77,44430.77,44430.77,353279.72,376162.0,376162.0,376162.0,376162.0,0.06645934,0.115778096,0.115778096,0.115778096,0.115778096,51.0,89.0,89.0,0.075,0.036321186,0.0,0.0
2025-07-20,1,0,0,0,0.61290324,6.0,20.0,0.0,44414.285,59007.69,59007.69,59007.69,59007.69,388246.16,401149.06,401149.06,401149.06,401149.06,0.10990881,0.14223541,0.14223541,0.14223541,0.14223541,40.0,77.0,77.0,0.125,0.046272263,0.2857143,0.0
2025-07-20,2,0,0,1,0.61290324,6.0,20.0,0.0,36342.855,57653.848,57653.848,57653.848,57653.848,355322.0,374433.0,374433.0,374433.0,374433.0,0.100799195,0.14895067,0.14895067,0.14895067,0.14895067,32.0,62.0,62.0,0.05,0.047563225,0.0,0.0
2025-07-20,3,0,1,1,0.61290324,6.0,20.0,0.0,10357.143,47638.46,47638.46,47638.46,47638.46,373761.44,383744.16,383744.16,383744.16,383744.16,0.028400466,0.119494624,0.119494624,0.119494624,0.119494624,54.0,93.0,93.0,0.05,0.03312406,0.0,0.0
2025-07-20,4,0,0,0,0.61290324,6.0,20.0,0.0,10471.429,47076.92,47076.92,47076.92,47076.92,356786.84,376037.0,376037.0,376037.0,376037.0,0.033035513,0.12110374,0.12110374,0.12110374,0.12110374,56.0,89.0,89.0,0.075,0.0377796,0.0,0.0
2025-07-20,5,0,0,0,0.61290324,6.0,20.0,0.0,33400.0,48376.92,48376.92,48376.92,48376.92,361346.0,380585.16,380585.16,380585.16,380585.16,0.0907487,0.12425877,0.12425877,0.12425877,0.12425877,38.0,79.0,79.0,0.1,0.03521127,0.2857143,0.0
2025-07-20,6,0,0,0,0.61290324,6.0,20.0,0.0,29600.0,72938.46,72938.46,72938.46,72938.46,357454.56,378390.38,378390.38,378390.38,378390.38,0.08334612,0.18240815,0.18240815,0.18240815,0.18240815,40.0,60.0,60.0,0.075,0.033639003,0.0,0.0
2025-07-20,7,0,0,0,0.61290324,6.0,20.0,0.0,38000.0,54938.46,54938.46,54938.46,54938.46,366259.0,381116.62,381116.62,381116.62,381116.62,0.0997406,0.13827595,0.13827595,0.13827595,0.13827595,41.0,84.0,84.0,0.075,0.052751012,0.14285715,0.0
2025-07-20,8,0,1,1,0.61290324,6.0,20.0,0.0,44757.145,56638.46,56638.46,56638.46,56638.46,354273.72,373789.84,373789.84,373789.84,373789.84,0.11913363,0.1454946,0.1454946,0.1454946,0.1454946,34.0,74.0,74.0,0.075,0.045774646,0.0,0.0
2025-07-20,9,1,1,1,0.61290324,6.0,20.0,0.0,45671.43,52507.69,52507.69,52507.69,52507.69,359982.16,378844.62,378844.62,378844.62,378844.62,0.122462496,0.13473399,0.13473399,0.13473399,0.13473399,33.0,80.0,80.0,0.075,0.03547945,0.14285715,0.0
2025-07-20,ã‚¾ãƒ­ç›®,0,0,1,0.61290324,6.0,20.0,0.0,27471.428,57792.31,57792.31,57792.31,57792.31,353981.56,371244.22,371244.22,371244.22,371244.22,0.078237444,0.1519008,0.1519008,0.1519008,0.1519008,43.0,71.0,71.0,0.225,0.038751386,0.0,0.0
2025-07-21,0,0,0,0,0.6451613,0.0,21.0,0.0,23857.143,42507.145,42507.145,42507.145,42507.145,356611.84,377843.84,377843.84,377843.84,377843.84,0.0715373,0.11063551,0.11063551,0.11063551,0.11063551,51.0,98.0,98.0,0.09756097,0.036321186,0.14285715,0.0
2025-07-21,1,1,1,1,0.6451613,0.0,21.0,0.0,36742.855,57200.0,57200.0,57200.0,57200.0,391138.56,403210.34,403210.34,403210.34,403210.34,0.09063385,0.13767366,0.13767366,0.13767366,0.13767366,47.0,85.0,85.0,0.14634146,0.046272263,0.14285715,0.0
2025-07-21,2,0,0,1,0.6451613,0.0,21.0,0.0,39700.0,57421.43,57421.43,57421.43,57421.43,353522.56,375472.06,375472.06,375472.06,375472.06,0.10978578,0.14830083,0.14830083,0.14830083,0.14830083,31.0,67.0,67.0,0.12195122,0.047563225,0.14285715,0.0
2025-07-21,3,0,0,0,0.6451613,0.0,21.0,0.0,21914.285,49085.715,49085.715,49085.715,49085.715,371967.28,384352.06,384352.06,384352.06,384352.06,0.057716925,0.1233237,0.1233237,0.1233237,0.1233237,46.0,96.0,96.0,0.048780486,0.03312406,0.14285715,0.0
2025-07-21,4,0,0,0,0.6451613,0.0,21.0,0.0,8814.286,42992.855,42992.855,42992.855,42992.855,355128.28,376106.56,376106.56,376106.56,376106.56,0.028657017,0.11053993,0.11053993,0.11053993,0.11053993,57.0,100.0,100.0,0.14634146,0.0377796,0.0,0.0
2025-07-21,5,0,0,0,0.6451613,0.0,21.0,0.0,37557.145,48742.855,48742.855,48742.855,48742.855,358982.84,380324.5,380324.5,380324.5,380324.5,0.10216624,0.12552129,0.12552129,0.12552129,0.12552129,37.0,85.0,85.0,0.09756097,0.03521127,0.14285715,0.0
2025-07-21,6,0,0,1,0.6451613,0.0,21.0,0.0,30871.428,71250.0,71250.0,71250.0,71250.0,359260.72,379508.22,379508.22,379508.22,379508.22,0.086087234,0.17831573,0.17831573,0.17831573,0.17831573,43.0,67.0,67.0,0.0,0.033639003,0.14285715,0.0
2025-07-21,7,0,0,0,0.6451613,0.0,21.0,0.0,38014.285,52000.0,52000.0,52000.0,52000.0,365483.28,380763.16,380763.16,380763.16,380763.16,0.099852614,0.1310195,0.1310195,0.1310195,0.1310195,43.0,94.0,94.0,0.09756097,0.052751012,0.14285715,0.0
2025-07-21,8,0,1,1,0.6451613,0.0,21.0,0.0,47985.715,57785.715,57785.715,57785.715,57785.715,352846.56,374499.16,374499.16,374499.16,374499.16,0.12802078,0.14863504,0.14863504,0.14863504,0.14863504,33.0,76.0,76.0,0.14634146,0.045774646,0.0,0.0
2025-07-21,9,0,1,1,0.6451613,0.0,21.0,0.0,44800.0,54092.855,54092.855,54092.855,54092.855,357705.56,378591.5,378591.5,378591.5,378591.5,0.12139332,0.13932729,0.13932729,0.13932729,0.13932729,32.0,81.0,81.0,0.07317073,0.03547945,0.0,0.0
2025-07-21,ã‚¾ãƒ­ç›®,0,0,0,0.6451613,0.0,21.0,0.0,29671.428,57585.715,57585.715,57585.715,57585.715,352661.16,371418.72,371418.72,371418.72,371418.72,0.08448921,0.15154463,0.15154463,0.15154463,0.15154463,42.0,75.0,75.0,0.024390243,0.038751386,0.14285715,0.0
2025-07-22,0,0,0,0,0.67741936,1.0,22.0,0.0,23400.0,33378.57,42133.332,42133.332,42133.332,368858.44,377375.5,380692.88,380692.88,380692.88,0.06696332,0.08936013,0.10910889,0.10910889,0.10910889,50.0,96.0,104.0,0.12195122,0.036321186,0.0,0.0
2025-07-22,1,0,0,0,0.67741936,1.0,22.0,0.0,42971.43,48364.285,59466.668,59466.668,59466.668,402300.84,402486.94,404779.34,404779.34,404779.34,0.10165786,0.11780264,0.1427428,0.1427428,0.1427428,42.0,83.0,86.0,0.024390243,0.046272263,0.14285715,0.0
2025-07-22,2,0,0,0,0.67741936,1.0,22.0,0.0,35185.715,43842.855,56426.668,56426.668,56426.668,366215.84,375936.56,378267.0,378267.0,378267.0,0.092111565,0.11513923,0.14520222,0.14520222,0.14520222,34.0,71.0,72.0,0.07317073,0.047563225,0.14285715,0.0
2025-07-22,3,1,1,1,0.67741936,1.0,22.0,0.0,13928.571,37942.855,47173.332,47173.332,47173.332,381816.0,384995.84,386212.4,386212.4,386212.4,0.033036847,0.09561166,0.118401036,0.118401036,0.118401036,56.0,100.0,107.0,0.07317073,0.03312406,0.14285715,0.0
2025-07-22,4,0,0,0,0.67741936,1.0,22.0,0.0,11785.714,33985.715,42526.668,42526.668,42526.668,365042.84,375516.78,377810.2,377810.2,377810.2,0.034925643,0.08869585,0.10914578,0.10914578,0.10914578,55.0,99.0,108.0,0.07317073,0.0377796,0.0,0.0
2025-07-22,5,0,0,1,0.67741936,1.0,22.0,0.0,33900.0,40457.145,47926.668,47926.668,47926.668,370661.16,380045.72,382490.4,382490.4,382490.4,0.088000715,0.10569707,0.12304771,0.12304771,0.12304771,41.0,82.0,92.0,0.09756097,0.03521127,0.14285715,0.0
2025-07-22,6,0,0,1,0.67741936,1.0,22.0,0.0,29357.143,61514.285,69906.664,69906.664,69906.664,368981.28,378307.22,380786.0,380786.0,380786.0,0.07773891,0.15525429,0.174973,0.174973,0.174973,43.0,66.0,71.0,0.14634146,0.033639003,0.0,0.0
2025-07-22,7,0,1,1,0.67741936,1.0,22.0,0.0,32428.572,37364.285,49973.332,49973.332,49973.332,375359.44,380342.0,382582.47,382582.47,382582.47,0.08182918,0.09571704,0.12581383,0.12581383,0.12581383,48.0,102.0,104.0,0.07317073,0.052751012,0.0,0.0
2025-07-22,8,0,0,0,0.67741936,1.0,22.0,0.0,58285.715,48621.43,58193.332,58193.332,58193.332,356192.84,373685.72,376441.88,376441.88,376441.88,0.15371737,0.1268642,0.14928001,0.14928001,0.14928001,25.0,75.0,79.0,0.12195122,0.045774646,0.5714286,0.0
2025-07-22,9,0,1,1,0.67741936,1.0,22.0,0.0,49000.0,48250.0,54906.668,54906.668,54906.668,365049.84,376839.34,379726.94,379726.94,379726.94,0.13001943,0.12611966,0.14121106,0.14121106,0.14121106,26.0,72.0,83.0,0.09756097,0.03547945,0.0,0.0
2025-07-22,ã‚¾ãƒ­ç›®,0,0,0,0.67741936,1.0,22.0,0.0,32057.143,47028.57,56060.0,56060.0,56060.0,360260.44,371137.06,373265.8,373265.8,373265.8,0.08947586,0.12541342,0.14723766,0.14723766,0.14723766,42.0,78.0,84.0,0.09756097,0.038751386,0.0,0.0
2025-07-23,0,0,0,1,0.7096774,2.0,23.0,0.0,25900.0,30314.285,41056.25,41056.25,41056.25,366619.72,374865.72,379063.3,379063.3,379063.3,0.07413928,0.08195024,0.10667808,0.10667808,0.10667808,46.0,101.0,111.0,0.024390243,0.036321186,0.14285715,0.0
2025-07-23,1,0,0,0,0.7096774,2.0,23.0,0.0,41785.715,45235.715,56443.75,56443.75,56443.75,400143.44,399576.16,402117.88,402117.88,402117.88,0.09869046,0.1102598,0.13573678,0.13573678,0.13573678,43.0,88.0,96.0,0.19512194,0.046272263,0.14285715,0.0
2025-07-23,2,0,0,0,0.7096774,2.0,23.0,0.0,32371.428,37671.43,53618.75,53618.75,53618.75,367158.56,374344.28,377317.38,377317.38,377317.38,0.08413302,0.09925561,0.13810672,0.13810672,0.13810672,36.0,79.0,81.0,0.12195122,0.047563225,0.2857143,0.0
2025-07-23,3,0,0,0,0.7096774,2.0,23.0,0.0,20228.572,40107.145,48500.0,48500.0,48500.0,379823.16,382700.28,383920.06,383920.06,383920.06,0.051441953,0.102459155,0.1232315,0.1232315,0.1232315,49.0,92.0,108.0,0.07317073,0.03312406,0.0,0.0
2025-07-23,4,0,1,1,0.7096774,2.0,23.0,0.0,3842.8572,32650.0,41087.5,41087.5,41087.5,365868.56,374302.06,377477.12,377477.12,377477.12,0.01314745,0.0854297,0.105596155,0.105596155,0.105596155,62.0,99.0,116.0,0.07317073,0.0377796,0.14285715,0.0
2025-07-23,5,0,0,0,0.7096774,2.0,23.0,0.0,37042.855,38700.0,47112.5,47112.5,47112.5,372568.28,378973.22,381819.06,381819.06,381819.06,0.0962703,0.10141421,0.12122477,0.12122477,0.12122477,36.0,83.0,97.0,0.048780486,0.03521127,0.14285715,0.0
2025-07-23,6,0,0,0,0.7096774,2.0,23.0,0.0,24071.428,59278.57,67800.0,67800.0,67800.0,365103.56,375859.5,378736.8,378736.8,378736.8,0.0647243,0.1500718,0.17053863,0.17053863,0.17053863,45.0,67.0,75.0,0.07317073,0.033639003,0.0,0.0
2025-07-23,7,0,0,0,0.7096774,2.0,23.0,0.0,27728.572,37900.0,49156.25,49156.25,49156.25,380520.0,379998.22,381682.88,381682.88,381682.88,0.06611782,0.09724563,0.12421423,0.12421423,0.12421423,48.0,94.0,107.0,0.07317073,0.052751012,0.0,0.0
2025-07-23,8,1,1,1,0.7096774,2.0,23.0,0.0,56728.57,48242.855,56500.0,56500.0,56500.0,351270.0,369673.28,374011.75,374011.75,374011.75,0.15075088,0.1268416,0.14570825,0.14570825,0.14570825,26.0,71.0,85.0,0.17073171,0.045774646,0.14285715,0.0
2025-07-23,9,0,0,1,0.7096774,2.0,23.0,0.0,50642.855,47900.0,54418.75,54418.75,54418.75,363375.0,373630.28,377961.5,377961.5,377961.5,0.13516061,0.12632155,0.14076066,0.14076066,0.14076066,22.0,68.0,85.0,0.09756097,0.03547945,0.14285715,0.0
2025-07-23,ã‚¾ãƒ­ç›®,0,1,1,0.7096774,2.0,23.0,0.0,23400.0,43214.285,52406.25,52406.25,52406.25,361987.44,369734.66,372815.38,372815.38,372815.38,0.06505057,0.11550014,0.13762555,0.13762555,0.13762555,49.0,82.0,95.0,0.048780486,0.038751386,0.14285715,0.0
2025-07-24,0,1,1,1,0.7419355,3.0,24.0,0.0,28071.428,28878.572,40741.176,40741.176,40741.176,366317.44,368625.94,375276.75,375276.75,375276.75,0.08110161,0.0801399,0.10707609,0.10707609,0.10707609,47.0,99.0,116.0,0.12195122,0.036321186,0.0,0.0
2025-07-24,1,0,0,0,0.7419355,3.0,24.0,0.0,30114.285,40457.145,54888.234,54888.234,54888.234,392699.56,395215.22,399429.34,399429.34,399429.34,0.07165417,0.099692464,0.13270356,0.13270356,0.13270356,48.0,92.0,103.0,0.09756097,0.046272263,0.14285715,0.0
2025-07-24,2,0,0,0,0.7419355,3.0,24.0,0.0,25885.715,29450.0,47776.47,47776.47,47776.47,365166.56,366618.66,372248.2,372248.2,372248.2,0.061849408,0.07562898,0.12074935,0.12074935,0.12074935,40.0,85.0,92.0,0.17073171,0.047563225,0.0,0.0
2025-07-24,3,0,1,1,0.7419355,3.0,24.0,0.0,24814.285,24650.0,45005.883,45005.883,45005.883,377939.84,375783.44,380607.2,380607.2,380607.2,0.06471445,0.06549894,0.11402541,0.11402541,0.11402541,47.0,100.0,117.0,0.0,0.03312406,0.0,0.0
2025-07-24,4,0,0,0,0.7419355,3.0,24.0,0.0,11614.286,26921.428,41247.06,41247.06,41247.06,366634.28,368554.16,373627.34,373627.34,373627.34,0.038138222,0.07289032,0.10764171,0.10764171,0.10764171,54.0,99.0,118.0,0.048780486,0.0377796,0.0,0.0
2025-07-24,5,0,0,0,0.7419355,3.0,24.0,0.0,36528.57,37392.855,43652.94,43652.94,43652.94,371872.56,371977.5,377383.53,377383.53,377383.53,0.094532825,0.09752094,0.11184781,0.11184781,0.11184781,37.0,82.0,107.0,0.024390243,0.03521127,0.0,0.0
2025-07-24,6,0,0,0,0.7419355,3.0,24.0,0.0,28857.143,59021.43,65670.586,65670.586,65670.586,363155.72,370387.56,375389.8,375389.8,375389.8,0.07955997,0.15077484,0.1662826,0.1662826,0.1662826,43.0,64.0,81.0,0.07317073,0.033639003,0.0,0.0
2025-07-24,7,0,0,1,0.7419355,3.0,24.0,0.0,13900.0,36714.285,47147.06,47147.06,47147.06,355620.16,371101.22,374945.2,374945.2,374945.2,0.037959024,0.09549391,0.12021045,0.12021045,0.12021045,55.0,92.0,115.0,0.17073171,0.052751012,0.0,0.0
2025-07-24,8,0,0,1,0.7419355,3.0,24.0,0.0,70871.43,53842.855,60076.47,60076.47,60076.47,376574.72,372729.84,378178.94,378178.94,378178.94,0.17865478,0.13876523,0.15264788,0.15264788,0.15264788,22.0,64.0,86.0,0.09756097,0.045774646,0.0,0.0
2025-07-24,9,0,0,0,0.7419355,3.0,24.0,0.0,55100.0,45550.0,53517.65,53517.65,53517.65,361682.44,366200.72,373138.34,373138.34,373138.34,0.15036692,0.12290018,0.14025174,0.14025174,0.14025174,20.0,68.0,89.0,0.07317073,0.03547945,0.0,0.0
2025-07-24,ã‚¾ãƒ­ç›®,0,1,1,0.7419355,3.0,24.0,0.0,24300.0,41814.285,51858.824,51858.824,51858.824,355788.0,362453.84,368051.8,368051.8,368051.8,0.070466444,0.11467546,0.13821734,0.13821734,0.13821734,49.0,79.0,98.0,0.12195122,0.038751386,0.14285715,0.0
2025-07-25,0,0,0,0,0.7741935,4.0,25.0,0.0,31028.572,29757.143,41355.555,41355.555,41355.555,350665.72,363095.84,371379.22,371379.22,371379.22,0.09464042,0.08489076,0.11055902,0.11055902,0.11055902,40.0,91.0,117.0,0.1,0.036321186,0.0,0.0
2025-07-25,1,0,0,0,0.7741935,4.0,25.0,0.0,20285.715,34685.715,51466.668,51466.668,51466.668,378919.56,389736.5,395711.84,395711.84,395711.84,0.04809509,0.08531907,0.12421171,0.12421171,0.12421171,55.0,98.0,114.0,0.075,0.046272263,0.14285715,0.0
2025-07-25,2,0,1,1,0.7741935,4.0,25.0,0.0,15285.714,28214.285,44983.332,44983.332,44983.332,348265.16,363909.5,369310.28,369310.28,369310.28,0.03732829,0.072111085,0.113606155,0.113606155,0.113606155,48.0,84.0,102.0,0.075,0.047563225,0.0,0.0
2025-07-25,3,0,0,0,0.7741935,4.0,25.0,0.0,25900.0,22657.143,45083.332,45083.332,45083.332,359554.84,369973.56,375731.22,375731.22,375731.22,0.0742007,0.0626332,0.116493344,0.116493344,0.116493344,43.0,98.0,119.0,0.075,0.03312406,0.0,0.0
2025-07-25,4,0,0,0,0.7741935,4.0,25.0,0.0,18385.715,25157.143,40611.11,40611.11,40611.11,346815.56,360644.28,368238.0,368238.0,368238.0,0.05958155,0.07053549,0.107646585,0.107646585,0.107646585,49.0,97.0,124.0,0.125,0.0377796,0.0,0.0
2025-07-25,5,0,0,1,0.7741935,4.0,25.0,0.0,28957.143,31992.857,41894.445,41894.445,41894.445,352123.84,365975.84,372241.0,372241.0,372241.0,0.078602724,0.08356605,0.107974716,0.107974716,0.107974716,42.0,87.0,115.0,0.1,0.03521127,0.0,0.0
2025-07-25,6,1,1,1,0.7741935,4.0,25.0,0.0,28114.285,51278.57,62316.668,62316.668,62316.668,346369.56,364722.22,370443.72,370443.72,370443.72,0.078489855,0.12988743,0.1580729,0.1580729,0.1580729,43.0,72.0,90.0,0.175,0.033639003,0.0,0.0
2025-07-25,7,0,0,0,0.7741935,4.0,25.0,0.0,18157.143,34921.43,46600.0,46600.0,46600.0,342367.16,365191.28,371495.56,371495.56,371495.56,0.05234983,0.09274299,0.12015574,0.12015574,0.12015574,49.0,89.0,119.0,0.075,0.052751012,0.0,0.0
2025-07-25,8,0,0,0,0.7741935,4.0,25.0,0.0,62957.145,51385.715,58583.332,58583.332,58583.332,360883.84,367035.56,372947.56,372947.56,372947.56,0.16321719,0.1338399,0.15066165,0.15066165,0.15066165,26.0,63.0,91.0,0.075,0.045774646,0.0,0.0
2025-07-25,9,0,1,1,0.7741935,4.0,25.0,0.0,51742.855,44864.285,51816.668,51816.668,51816.668,347138.28,360605.5,369527.12,369527.12,369527.12,0.14481434,0.12220183,0.13658874,0.13658874,0.13658874,22.0,65.0,96.0,0.1,0.03547945,0.0,0.0
2025-07-25,ã‚¾ãƒ­ç›®,0,0,1,0.7741935,4.0,25.0,0.0,25185.715,36885.715,51172.223,51172.223,51172.223,340333.28,356582.5,363291.5,363291.5,363291.5,0.07826999,0.10340935,0.13831024,0.13831024,0.13831024,45.0,80.0,101.0,0.025,0.038751386,0.14285715,0.0
2025-07-26,0,0,0,0,0.8064516,5.0,26.0,0.0,20300.0,25914.285,38789.473,38789.473,38789.473,353393.84,356835.5,368631.53,368631.53,368631.53,0.059098355,0.075087845,0.103519864,0.103519864,0.103519864,48.0,95.0,127.0,0.075,0.036321186,0.14285715,0.0
2025-07-26,1,0,0,0,0.8064516,5.0,26.0,0.0,23800.0,34128.57,49300.0,49300.0,49300.0,384087.16,387275.84,394385.16,394385.16,394385.16,0.058176767,0.084112175,0.11913741,0.11913741,0.11913741,52.0,96.0,122.0,0.075,0.046272263,0.0,0.0
2025-07-26,2,0,0,0,0.8064516,5.0,26.0,0.0,17000.0,26592.857,44778.95,44778.95,44778.95,357165.84,358540.66,367488.3,367488.3,367488.3,0.039609175,0.06976359,0.114089996,0.114089996,0.114089996,46.0,83.0,105.0,0.175,0.047563225,0.0,0.0
2025-07-26,3,0,0,0,0.8064516,5.0,26.0,0.0,26485.715,19892.857,43021.05,43021.05,43021.05,359510.72,364760.0,372545.38,372545.38,372545.38,0.07605972,0.05576364,0.11134729,0.11134729,0.11134729,43.0,99.0,128.0,0.1,0.03312406,0.0,0.0
2025-07-26,4,0,0,1,0.8064516,5.0,26.0,0.0,14742.857,21992.857,39689.473,39689.473,39689.473,348623.28,355252.56,365842.75,365842.75,365842.75,0.047415912,0.06355839,0.1057482,0.1057482,0.1057482,52.0,100.0,130.0,0.075,0.0377796,0.0,0.0
2025-07-26,5,0,1,1,0.8064516,5.0,26.0,0.0,23728.572,34885.715,41394.74,41394.74,41394.74,353471.84,361979.06,371418.25,371418.25,371418.25,0.06318953,0.09145813,0.107073724,0.107073724,0.107073724,45.0,80.0,119.0,0.075,0.03521127,0.14285715,0.0
2025-07-26,6,0,0,1,0.8064516,5.0,26.0,0.0,32342.857,48500.0,61557.895,61557.895,61557.895,349591.16,359450.0,367584.25,367584.25,367584.25,0.091231294,0.124810345,0.15772842,0.15772842,0.15772842,37.0,72.0,91.0,0.075,0.033639003,0.0,0.0
2025-07-26,7,1,1,1,0.8064516,5.0,26.0,0.0,22585.715,35157.145,45326.316,45326.316,45326.316,344301.56,359427.0,368275.0,368275.0,368275.0,0.06680216,0.094410025,0.11763107,0.11763107,0.11763107,46.0,87.0,126.0,0.125,0.052751012,0.42857143,0.0
2025-07-26,8,0,0,0,0.8064516,5.0,26.0,0.0,59428.57,46957.145,54947.367,54947.367,54947.367,368367.44,361981.72,370320.9,370320.9,370320.9,0.1510788,0.122176886,0.14102137,0.14102137,0.14102137,29.0,69.0,102.0,0.125,0.045774646,0.0,0.0
2025-07-26,9,0,1,1,0.8064516,5.0,26.0,0.0,53942.855,44900.0,51515.79,51515.79,51515.79,346429.28,354387.22,366312.1,366312.1,366312.1,0.15217212,0.12464205,0.13726622,0.13726622,0.13726622,20.0,60.0,98.0,0.075,0.03547945,0.2857143,0.0
2025-07-26,ã‚¾ãƒ­ç›®,0,0,0,0.8064516,5.0,26.0,0.0,25971.428,33235.715,50000.0,50000.0,50000.0,345302.16,351790.0,361683.94,361683.94,361683.94,0.079458565,0.095321774,0.13560194,0.13560194,0.13560194,44.0,83.0,106.0,0.025,0.038751386,0.0,0.0
2025-07-27,0,0,0,0,0.83870965,6.0,27.0,0.0,25500.0,23650.0,37805.0,37805.0,37805.0,353419.44,353349.56,368202.1,368202.1,368202.1,0.07354449,0.070001915,0.10099633,0.10099633,0.10099633,47.0,98.0,136.0,0.075,0.036321186,0.0,0.0
2025-07-27,1,0,0,1,0.83870965,6.0,27.0,0.0,24685.715,34550.0,46995.0,46995.0,46995.0,382940.56,385593.34,394776.1,394776.1,394776.1,0.060358074,0.08513344,0.11357834,0.11357834,0.11357834,55.0,95.0,132.0,0.125,0.046272263,0.0,0.0
2025-07-27,2,0,0,0,0.83870965,6.0,27.0,0.0,14914.286,25628.572,42695.0,42695.0,42695.0,355984.72,355653.34,367976.1,367976.1,367976.1,0.034224108,0.06751165,0.10879637,0.10879637,0.10879637,54.0,86.0,116.0,0.05,0.047563225,0.14285715,0.0
2025-07-27,3,0,0,0,0.83870965,6.0,27.0,0.0,31500.0,20928.572,41990.0,41990.0,41990.0,353699.72,363730.56,373228.6,373228.6,373228.6,0.088595405,0.05849794,0.1086799,0.1086799,0.1086799,42.0,96.0,135.0,0.05,0.03312406,0.0,0.0
2025-07-27,4,0,0,0,0.83870965,6.0,27.0,0.0,26742.857,18607.143,39960.0,39960.0,39960.0,347118.16,351952.5,365915.4,365915.4,365915.4,0.07966521,0.056350358,0.106600255,0.106600255,0.106600255,45.0,101.0,134.0,0.075,0.0377796,0.14285715,0.0
2025-07-27,5,0,0,0,0.83870965,6.0,27.0,0.0,29357.143,31378.572,41720.0,41720.0,41720.0,355665.16,358505.56,371863.16,371863.16,371863.16,0.07785494,0.084301814,0.10801743,0.10801743,0.10801743,43.0,81.0,122.0,0.1,0.03521127,0.14285715,0.0
2025-07-27,6,0,1,1,0.83870965,6.0,27.0,0.0,36642.855,33121.43,60235.0,60235.0,60235.0,350572.44,354013.5,368654.1,368654.1,368654.1,0.10225281,0.09279946,0.15435378,0.15435378,0.15435378,36.0,76.0,96.0,0.075,0.033639003,0.0,0.0
2025-07-27,7,0,0,1,0.83870965,6.0,27.0,0.0,31828.572,34914.285,46850.0,46850.0,46850.0,343578.84,354918.94,367978.4,367978.4,367978.4,0.092371,0.0960558,0.12220922,0.12220922,0.12220922,43.0,84.0,127.0,0.075,0.052751012,0.0,0.0
2025-07-27,8,0,0,0,0.83870965,6.0,27.0,0.0,46871.43,45814.285,53220.0,53220.0,53220.0,364809.44,359541.56,370646.7,370646.7,370646.7,0.12030158,0.119717605,0.13667704,0.13667704,0.13667704,36.0,70.0,110.0,0.075,0.045774646,0.14285715,0.0
2025-07-27,9,0,1,1,0.83870965,6.0,27.0,0.0,50528.57,48100.0,51815.0,51815.0,51815.0,343144.56,351563.34,366349.6,366349.6,366349.6,0.14473794,0.13360022,0.13823538,0.13823538,0.13823538,20.0,53.0,100.0,0.075,0.03547945,0.14285715,0.0
2025-07-27,ã‚¾ãƒ­ç›®,1,1,1,0.83870965,6.0,27.0,0.0,31785.715,29628.572,48690.0,48690.0,48690.0,342667.16,348324.34,361242.25,361242.25,361242.25,0.09559672,0.08691709,0.13219437,0.13219437,0.13219437,41.0,84.0,112.0,0.225,0.038751386,0.0,0.0
2025-07-28,0,0,0,1,0.87096775,0.0,28.0,0.0,26657.143,25257.143,37223.81,37223.81,37223.81,354979.28,355795.56,370222.34,370222.34,370222.34,0.076196164,0.07386673,0.09915573,0.09915573,0.09915573,46.0,97.0,144.0,0.09756097,0.036321186,0.2857143,0.0
2025-07-28,1,0,0,0,0.87096775,0.0,28.0,0.0,26314.285,31528.572,46904.76,46904.76,46904.76,380791.56,385965.06,395737.44,395737.44,395737.44,0.06468855,0.077661194,0.11334529,0.11334529,0.11334529,52.0,99.0,137.0,0.14634146,0.046272263,0.14285715,0.33333334
2025-07-28,2,0,0,0,0.87096775,0.0,28.0,0.0,10171.429,24935.715,41671.43,41671.43,41671.43,359996.44,356759.5,370313.53,370313.53,370313.53,0.021506798,0.06564629,0.10603616,0.10603616,0.10603616,58.0,89.0,125.0,0.12195122,0.047563225,0.0,0.33333334
2025-07-28,3,0,0,0,0.87096775,0.0,28.0,0.0,23557.143,22735.715,40576.19,40576.19,40576.19,356388.56,364177.94,375030.9,375030.9,375030.9,0.06814108,0.062929004,0.10492949,0.10492949,0.10492949,49.0,95.0,145.0,0.048780486,0.03312406,0.0,0.33333334
2025-07-28,4,0,0,1,0.87096775,0.0,28.0,0.0,29728.572,19271.428,38571.43,38571.43,38571.43,351339.72,353234.0,367850.94,367850.94,367850.94,0.08728719,0.057972103,0.102789015,0.102789015,0.102789015,45.0,102.0,145.0,0.14634146,0.0377796,0.14285715,0.0
2025-07-28,5,1,1,1,0.87096775,0.0,28.0,0.0,26428.572,31992.857,41304.76,41304.76,41304.76,363351.44,361167.16,374666.8,374666.8,374666.8,0.06852329,0.08534476,0.10652195,0.10652195,0.10652195,44.0,81.0,129.0,0.09756097,0.03521127,0.0,0.0
2025-07-28,6,0,0,0,0.87096775,0.0,28.0,0.0,37585.715,34228.57,60028.57,60028.57,60028.57,353640.56,356450.66,370885.66,370885.66,370885.66,0.103598095,0.094842665,0.15340985,0.15340985,0.15340985,31.0,74.0,98.0,0.0,0.033639003,0.0,0.0
2025-07-28,7,0,0,0,0.87096775,0.0,28.0,0.0,37385.715,37700.0,47128.57,47128.57,47128.57,349298.16,357390.72,370274.8,370274.8,370274.8,0.10521888,0.10253575,0.1224193,0.1224193,0.1224193,37.0,80.0,131.0,0.09756097,0.052751012,0.14285715,0.0
2025-07-28,8,0,0,0,0.87096775,0.0,28.0,0.0,42814.285,45400.0,52795.24,52795.24,52795.24,364104.84,358475.72,371034.38,371034.38,371034.38,0.10994314,0.11898196,0.13573775,0.13573775,0.13573775,40.0,73.0,116.0,0.14634146,0.045774646,0.0,0.0
2025-07-28,9,0,1,1,0.87096775,0.0,28.0,0.0,47557.145,46178.57,51914.285,51914.285,51914.285,346476.56,352091.06,367886.53,367886.53,367886.53,0.13562003,0.12850668,0.13809153,0.13809153,0.13809153,22.0,54.0,103.0,0.07317073,0.03547945,0.0,0.0
2025-07-28,ã‚¾ãƒ­ç›®,0,1,1,0.87096775,0.0,28.0,0.0,32185.715,30928.572,49119.047,49119.047,49119.047,344485.56,348573.34,362441.0,362441.0,362441.0,0.095940515,0.09021486,0.13300993,0.13300993,0.13300993,38.0,80.0,113.0,0.024390243,0.038751386,0.0,0.0
2025-07-29,0,0,0,0,0.9032258,1.0,29.0,0.0,24928.572,24164.285,30561.904,36659.09,36659.09,335363.72,352111.06,363371.56,366269.97,366269.97,0.076169424,0.07156637,0.08496323,0.09862815,0.09862815,44.0,94.0,140.0,0.12195122,0.036321186,0.0,0.0
2025-07-29,1,0,0,1,0.9032258,1.0,29.0,0.0,14571.429,28771.428,37100.0,45181.816,45181.816,367115.56,384708.22,390696.47,392795.4,392795.4,0.038042616,0.06985024,0.09121597,0.109429106,0.109429106,59.0,101.0,142.0,0.024390243,0.046272263,0.2857143,0.0
2025-07-29,2,0,0,0,0.9032258,1.0,29.0,0.0,4157.143,19671.428,30614.285,39795.453,39795.453,348073.16,357144.5,366648.75,368659.88,368659.88,0.007131951,0.04962176,0.079136804,0.10127077,0.10127077,63.0,97.0,134.0,0.07317073,0.047563225,0.14285715,0.33333334
2025-07-29,3,0,1,1,0.9032258,1.0,29.0,0.0,22757.143,18342.857,32880.953,39404.547,39404.547,340923.44,361369.72,370305.06,371802.28,371802.28,0.06802685,0.05053185,0.08641672,0.102372885,0.102372885,45.0,101.0,145.0,0.07317073,0.03312406,0.14285715,0.33333334
2025-07-29,4,0,0,1,0.9032258,1.0,29.0,0.0,27671.428,19728.572,31880.953,37800.0,37800.0,339755.28,352399.06,363596.28,365701.8,365701.8,0.08410893,0.059517283,0.087166876,0.10117951,0.10117951,42.0,97.0,141.0,0.07317073,0.0377796,0.14285715,0.33333334
2025-07-29,5,0,0,0,0.9032258,1.0,29.0,0.0,28028.572,30964.285,36314.285,41595.453,41595.453,353711.16,362186.16,371267.53,373333.38,373333.38,0.0756248,0.081812754,0.09567298,0.10795861,0.10795861,38.0,79.0,120.0,0.09756097,0.03521127,0.0,0.0
2025-07-29,6,0,1,1,0.9032258,1.0,29.0,0.0,32742.857,31050.0,51923.81,58081.816,58081.816,339633.72,354307.5,365416.06,367692.1,367692.1,0.093460836,0.08559987,0.13465647,0.1490373,0.1490373,33.0,76.0,99.0,0.14634146,0.033639003,0.0,0.0
2025-07-29,7,1,1,1,0.9032258,1.0,29.0,0.0,35285.715,33857.145,36671.43,45300.0,45300.0,334044.0,354701.72,364909.34,367138.4,367138.4,0.10092866,0.09137892,0.09745425,0.11789582,0.11789582,36.0,84.0,138.0,0.07317073,0.052751012,0.0,0.0
2025-07-29,8,0,0,0,0.9032258,1.0,29.0,0.0,29771.428,44028.57,42338.094,49150.0,49150.0,349478.56,352835.72,365616.66,367862.62,367862.62,0.07433429,0.114025824,0.109354235,0.12543364,0.12543364,48.0,73.0,123.0,0.12195122,0.045774646,0.14285715,0.0
2025-07-29,9,0,0,0,0.9032258,1.0,29.0,0.0,42000.0,45500.0,46166.668,50800.0,50800.0,335604.0,350326.94,363094.25,365687.8,365687.8,0.1239302,0.1269748,0.12538984,0.13571261,0.13571261,23.0,49.0,95.0,0.09756097,0.03547945,0.0,0.0
2025-07-29,ã‚¾ãƒ­ç›®,0,0,0,0.9032258,1.0,29.0,0.0,33257.145,32657.143,42438.094,48804.547,48804.547,333361.84,346811.16,358545.34,360569.1,360569.1,0.10228595,0.0958809,0.11770426,0.13293484,0.13293484,31.0,73.0,109.0,0.09756097,0.038751386,0.0,0.0
2025-07-30,0,0,0,0,0.9354839,2.0,30.0,0.0,21328.572,23614.285,27319.047,35052.176,35052.176,333969.28,350294.5,361233.56,365339.03,365339.03,0.06601429,0.070076786,0.07663826,0.09430215,0.09430215,46.0,92.0,147.0,0.024390243,0.036321186,0.0,0.0
2025-07-30,1,0,0,0,0.9354839,2.0,30.0,0.0,15614.286,28700.0,35361.906,44017.39,44017.39,367479.84,383811.66,388877.38,391575.88,391575.88,0.040871143,0.0697808,0.08713025,0.106864624,0.106864624,53.0,96.0,141.0,0.19512194,0.046272263,0.0,0.0
2025-07-30,2,0,0,1,0.9354839,2.0,30.0,0.0,1771.4286,17071.428,25704.762,37839.13,37839.13,342133.56,354646.06,363607.38,366609.25,366609.25,0.0002964573,0.04221474,0.06626923,0.096164465,0.096164465,64.0,100.0,143.0,0.12195122,0.047563225,0.14285715,0.0
2025-07-30,3,0,0,0,0.9354839,2.0,30.0,0.0,16171.429,18200.0,32128.572,38660.87,38660.87,336694.0,358258.56,367364.84,369546.9,369546.9,0.050028905,0.05073543,0.0849824,0.100952454,0.100952454,47.0,96.0,139.0,0.07317073,0.03312406,0.0,0.33333334
2025-07-30,4,0,0,0,0.9354839,2.0,30.0,0.0,27357.143,15600.0,30885.715,36908.695,36908.695,334687.56,350278.06,361097.25,364454.22,364454.22,0.08396358,0.048555516,0.08494099,0.09901232,0.09901232,39.0,101.0,138.0,0.07317073,0.0377796,0.2857143,0.0
2025-07-30,5,0,0,0,0.9354839,2.0,30.0,0.0,23400.0,30221.428,33600.0,39895.652,39895.652,342116.28,357342.28,366687.56,369735.6,369735.6,0.06344234,0.07985632,0.08875692,0.10363881,0.10363881,41.0,77.0,124.0,0.048780486,0.03521127,0.0,0.0
2025-07-30,6,0,0,0,0.9354839,2.0,30.0,0.0,35242.855,29657.143,51266.668,57891.305,57891.305,337615.16,351359.34,363111.38,366221.53,366221.53,0.10157773,0.08315101,0.13390711,0.14955053,0.14955053,31.0,76.0,98.0,0.07317073,0.033639003,0.14285715,0.0
2025-07-30,7,0,0,1,0.9354839,2.0,30.0,0.0,41457.145,34592.855,39085.715,46813.043,46813.043,328444.44,354482.22,362813.62,365479.88,365479.88,0.12139305,0.09375543,0.10529477,0.123355605,0.123355605,34.0,82.0,128.0,0.07317073,0.052751012,0.0,0.33333334
2025-07-30,8,1,1,1,0.9354839,2.0,30.0,0.0,24071.428,40400.0,40185.715,46630.434,46630.434,346527.84,348898.94,361958.16,365647.1,365647.1,0.057205673,0.103978276,0.10362963,0.11877268,0.11877268,53.0,79.0,124.0,0.17073171,0.045774646,0.0,0.33333334
2025-07-30,9,0,1,1,0.9354839,2.0,30.0,0.0,37214.285,43928.57,44338.094,49182.61,49182.61,330683.16,347029.06,359314.56,363572.44,363572.44,0.110914886,0.12303775,0.121185996,0.13167717,0.13167717,27.0,49.0,95.0,0.09756097,0.03547945,0.14285715,0.0
2025-07-30,ã‚¾ãƒ­ç›®,0,1,1,0.9354839,2.0,30.0,0.0,34428.57,28914.285,40285.715,46934.78,46934.78,326551.72,344269.56,355340.34,358735.12,358735.12,0.10582496,0.08543777,0.11227508,0.1279471,0.1279471,27.0,76.0,109.0,0.048780486,0.038751386,0.0,0.0
2025-07-31,0,0,0,1,0.9677419,3.0,31.0,0.0,18285.715,23178.572,25347.62,34191.668,34191.668,346400.84,356359.16,361217.56,366854.62,366854.62,0.05492889,0.06801525,0.07173623,0.09186649,0.09186649,47.0,94.0,146.0,0.12195122,0.036321186,0.0,0.33333334
2025-07-31,1,0,1,1,0.9677419,3.0,31.0,0.0,11285.714,20700.0,30733.334,42170.832,42170.832,376754.56,384727.06,389061.66,392815.88,392815.88,0.028744852,0.05019951,0.076043256,0.102382265,0.102382265,55.0,103.0,147.0,0.09756097,0.046272263,0.14285715,0.0
2025-07-31,2,0,0,1,0.9677419,3.0,31.0,0.0,12428.571,19157.143,23776.191,37466.668,37466.668,353059.72,359113.16,362099.0,366651.53,366651.53,0.033950966,0.047900185,0.061736308,0.09543315,0.09543315,57.0,97.0,142.0,0.17073171,0.047563225,0.14285715,0.0
2025-07-31,3,0,0,0,0.9677419,3.0,31.0,0.0,16557.143,20685.715,21952.38,36708.332,36708.332,346106.56,362023.22,365891.16,370544.5,370544.5,0.051805045,0.058259744,0.06093431,0.0958778,0.0958778,48.0,95.0,148.0,0.0,0.03312406,0.0,0.0
2025-07-31,4,0,0,0,0.9677419,3.0,31.0,0.0,19785.715,15700.0,24542.857,34987.5,34987.5,342799.72,354717.0,359969.34,364635.97,364635.97,0.060347103,0.04924266,0.06870925,0.09384745,0.09384745,48.0,102.0,147.0,0.048780486,0.0377796,0.0,0.0
2025-07-31,5,0,0,0,0.9677419,3.0,31.0,0.0,25671.428,31100.0,33485.715,38408.332,38408.332,351331.28,361601.94,365095.44,369784.97,369784.97,0.07051473,0.08252378,0.08851887,0.099792324,0.099792324,39.0,76.0,121.0,0.024390243,0.03521127,0.14285715,0.0
2025-07-31,6,0,1,1,0.9677419,3.0,31.0,0.0,31400.0,30128.572,49814.285,55675.0,55675.0,347865.28,355510.5,362880.16,367361.84,367361.84,0.08925706,0.084408514,0.13026892,0.14381681,0.14381681,32.0,75.0,96.0,0.07317073,0.033639003,0.0,0.33333334
2025-07-31,7,1,1,1,0.9677419,3.0,31.0,0.0,42500.0,28200.0,38642.855,45791.668,45791.668,345265.16,350442.66,362489.2,366288.5,366288.5,0.12164864,0.07980383,0.10421216,0.12062992,0.12062992,31.0,86.0,123.0,0.17073171,0.052751012,0.0,0.0
2025-07-31,8,0,0,0,0.9677419,3.0,31.0,0.0,18000.0,44435.715,41895.24,47804.168,47804.168,336754.44,356664.56,360738.06,366096.78,366096.78,0.047923047,0.11328891,0.1084845,0.12210313,0.12210313,53.0,75.0,117.0,0.09756097,0.045774646,0.14285715,0.33333334
2025-07-31,9,0,0,0,0.9677419,3.0,31.0,0.0,37671.43,46385.715,42923.81,48895.832,48895.832,340926.44,351304.44,357775.94,363743.22,363743.22,0.10847769,0.1294223,0.11809268,0.1309843,0.1309843,25.0,45.0,93.0,0.07317073,0.03547945,0.0,0.0
2025-07-31,ã‚¾ãƒ­ç›®,0,0,0,0.9677419,3.0,31.0,0.0,32771.43,28535.715,38800.0,46291.668,46291.668,343335.44,349561.72,356081.06,360842.88,360842.88,0.095720746,0.0830936,0.10835723,0.1258225,0.1258225,27.0,76.0,106.0,0.12195122,0.038751386,0.0,0.0
2025-08-01,0,0,0,0,0.0,4.0,1.0,0.0,17514.285,24271.428,25676.191,34680.0,34680.0,353766.16,352215.94,359985.94,366447.56,366447.56,0.049260408,0.07195041,0.073013976,0.093395405,0.093395405,51.0,91.0,142.0,0.1,0.036321186,0.14285715,0.0
2025-08-01,1,0,0,1,0.0,4.0,1.0,0.0,20228.572,20257.143,29866.666,42720.0,42720.0,382651.0,380785.28,387374.66,392054.8,392054.8,0.052987587,0.050541338,0.07454191,0.10426896,0.10426896,46.0,101.0,144.0,0.075,0.046272263,0.14285715,0.0
2025-08-01,2,0,1,1,0.0,4.0,1.0,0.0,19600.0,17442.857,25342.857,37876.0,37876.0,359116.72,353690.94,362311.9,366456.1,366456.1,0.053905472,0.04561688,0.06604255,0.096889965,0.096889965,51.0,99.0,135.0,0.075,0.047563225,0.0,0.0
2025-08-01,3,0,0,0,0.0,4.0,1.0,0.0,16300.0,21100.0,20538.096,37024.0,37024.0,353994.28,356774.56,364647.16,369644.88,369644.88,0.047475435,0.060838066,0.057580613,0.09716833,0.09716833,53.0,96.0,151.0,0.075,0.03312406,0.0,0.0
2025-08-01,4,0,0,0,0.0,4.0,1.0,0.0,18800.0,18592.857,23038.096,34504.0,34504.0,356914.28,351864.94,359400.94,365067.38,365067.38,0.05367121,0.056626383,0.06491406,0.09253348,0.09253348,53.0,102.0,150.0,0.125,0.0377796,0.14285715,0.0
2025-08-01,5,0,0,0,0.0,4.0,1.0,0.0,29285.715,29121.428,31090.477,38364.0,38364.0,360867.16,356495.5,364272.94,369056.3,369056.3,0.07965239,0.07912756,0.082261495,0.10004447,0.10004447,40.0,82.0,127.0,0.1,0.03521127,0.0,0.33333334
2025-08-01,6,1,1,1,0.0,4.0,1.0,0.0,38085.715,33100.0,46880.953,55532.0,55532.0,356642.56,351506.06,362029.0,366579.4,366579.4,0.108012795,0.093251325,0.12259589,0.14405608,0.14405608,26.0,69.0,98.0,0.175,0.033639003,0.0,0.6666667
2025-08-01,7,0,1,1,0.0,4.0,1.0,0.0,45800.0,31978.572,38547.617,46376.0,46376.0,354496.28,348431.72,361626.28,366735.75,366735.75,0.12747535,0.08991259,0.104320444,0.122205235,0.122205235,28.0,77.0,117.0,0.075,0.052751012,0.14285715,0.0
2025-08-01,8,0,0,1,0.0,4.0,1.0,0.0,19828.572,41392.855,40866.668,47732.0,47732.0,346703.72,353793.78,360258.28,365599.28,365599.28,0.049804926,0.10651106,0.10582825,0.122421764,0.122421764,54.0,80.0,117.0,0.075,0.045774646,0.14285715,0.0
2025-08-01,9,0,0,0,0.0,4.0,1.0,0.0,38985.715,45364.285,42904.76,48224.0,48224.0,347774.16,347456.22,356328.38,363436.28,363436.28,0.110739544,0.12777694,0.11838107,0.12935096,0.12935096,28.0,50.0,93.0,0.1,0.03547945,,0.0
2025-08-01,ã‚¾ãƒ­ç›®,0,0,0,0.0,4.0,1.0,0.0,33485.715,29335.715,35752.383,46220.0,46220.0,354892.56,347612.94,356019.2,360939.8,360939.8,0.09323652,0.085753255,0.100018404,0.1256896,0.1256896,32.0,77.0,112.0,0.025,0.038751386,,0.0
2025-08-02,0,0,0,0,0.032258064,5.0,2.0,0.0,21614.285,20957.143,24480.953,34165.383,34165.383,356009.0,354701.44,356560.0,365233.16,365233.16,0.06165914,0.06037875,0.07061161,0.09224967,0.09224967,50.0,98.0,145.0,0.075,0.036321186,,0.0
2025-08-02,1,1,1,1,0.032258064,5.0,2.0,0.0,26100.0,24950.0,31452.38,43053.848,43053.848,386391.44,385239.28,386981.06,392233.0,392233.0,0.06752658,0.062851675,0.07858364,0.105242185,0.105242185,42.0,94.0,138.0,0.075,0.046272263,,0.0
2025-08-02,2,0,0,1,0.032258064,5.0,2.0,0.0,21242.857,19121.428,24809.523,38442.31,38442.31,362711.28,359938.56,359930.84,366202.2,366202.2,0.05724417,0.048426673,0.06559045,0.09878535,0.09878535,51.0,97.0,134.0,0.175,0.047563225,,0.0
2025-08-02,3,0,0,0,0.032258064,5.0,2.0,0.0,16085.714,21285.715,18623.809,35769.23,35769.23,361468.44,360489.56,363662.8,369563.12,369563.12,0.046511706,0.061285716,0.05267966,0.09389155,0.09389155,55.0,98.0,154.0,0.1,0.03312406,,0.0
2025-08-02,4,0,0,0,0.032258064,5.0,2.0,0.0,17314.285,16028.571,20433.334,33665.383,33665.383,364562.44,356592.84,358355.84,365498.03,365498.03,0.048267715,0.047841813,0.058461502,0.09027269,0.09027269,57.0,109.0,157.0,0.075,0.0377796,,0.0
2025-08-02,5,0,0,0,0.032258064,5.0,2.0,0.0,29914.285,26821.428,33228.57,38303.848,38303.848,363336.16,358404.0,362431.44,369242.3,369242.3,0.08073358,0.07196156,0.08788328,0.09998214,0.09998214,42.0,87.0,122.0,0.075,0.03521127,,0.0
2025-08-02,6,0,0,0,0.032258064,5.0,2.0,0.0,42671.43,37507.145,46557.145,56473.08,56473.08,363317.44,356454.28,360739.16,366435.5,366435.5,0.117863715,0.10454751,0.1224948,0.14699562,0.14699562,26.0,63.0,98.0,0.075,0.033639003,,0.33333334
2025-08-02,7,0,1,1,0.032258064,5.0,2.0,0.0,51300.0,36942.855,40538.094,46934.617,46934.617,359937.44,352119.5,359597.16,366030.28,366030.28,0.14213473,0.10446844,0.11031826,0.12422821,0.12422821,23.0,69.0,110.0,0.125,0.052751012,,0.33333334
2025-08-02,8,0,0,1,0.032258064,5.0,2.0,0.0,27157.143,43292.855,40357.145,47465.383,47465.383,350844.16,359605.78,358269.2,365077.16,365077.16,0.07100561,0.11104221,0.105119795,0.12217097,0.12217097,48.0,77.0,117.0,0.125,0.045774646,,0.33333334
2025-08-02,9,0,1,1,0.032258064,5.0,2.0,0.0,35685.715,44814.285,41828.57,47253.848,47253.848,353316.28,349872.78,354030.25,362813.22,362813.22,0.09885045,0.12551129,0.11604486,0.12692352,0.12692352,34.0,54.0,94.0,0.075,0.03547945,,0.0
2025-08-02,ã‚¾ãƒ­ç›®,0,0,0,0.032258064,5.0,2.0,0.0,32957.145,29464.285,33142.855,45411.54,45411.54,358572.28,351937.22,354050.75,360846.2,360846.2,0.09087069,0.08516463,0.09383808,0.12355891,0.12355891,34.0,78.0,117.0,0.025,0.038751386,,0.0
2025-08-03,0,0,0,0,0.06451613,6.0,3.0,0.0,23671.428,24585.715,23657.143,34140.742,34140.742,360107.28,356763.34,355602.16,366103.44,366103.44,0.0663918,0.06996815,0.06879854,0.09202479,0.09202479,48.0,95.0,146.0,0.075,0.036321186,,0.0
2025-08-03,1,0,1,1,0.06451613,6.0,3.0,0.0,36485.715,30585.715,35195.24,44270.37,44270.37,388993.56,385967.06,386726.75,393276.94,393276.94,0.09218059,0.07626933,0.08748249,0.10803077,0.10803077,33.0,88.0,128.0,0.125,0.046272263,,0.33333334
2025-08-03,2,0,0,0,0.06451613,6.0,3.0,0.0,26257.143,20585.715,25838.096,38433.332,38433.332,364131.44,360058.06,358479.38,366979.34,366979.34,0.07016465,0.05219438,0.06839598,0.098780744,0.098780744,45.0,99.0,131.0,0.05,0.047563225,,0.0
2025-08-03,3,1,1,1,0.06451613,6.0,3.0,0.0,17000.0,24250.0,19619.047,35511.11,35511.11,360143.28,356921.5,362534.8,369836.12,369836.12,0.049141195,0.0688683,0.055379022,0.09324394,0.09324394,56.0,98.0,152.0,0.05,0.03312406,,0.0
2025-08-03,4,0,0,0,0.06451613,6.0,3.0,0.0,11000.0,18871.428,16071.429,32451.852,32451.852,363936.72,355527.44,355947.25,365402.4,365402.4,0.031080665,0.055372935,0.047927126,0.0870211,0.0870211,62.0,107.0,163.0,0.075,0.0377796,,0.0
2025-08-03,5,0,0,0,0.06451613,6.0,3.0,0.0,20542.857,24950.0,27766.666,36229.63,36229.63,367488.44,361576.78,361499.84,370728.97,370728.97,0.05656447,0.067209706,0.07505603,0.094677776,0.094677776,50.0,93.0,131.0,0.1,0.03521127,,0.0
2025-08-03,6,0,1,1,0.06451613,6.0,3.0,0.0,43100.0,39871.43,36447.617,55792.594,55792.594,362430.0,356501.22,356819.0,367040.44,367040.44,0.119192585,0.1107227,0.10159717,0.14523792,0.14523792,27.0,63.0,103.0,0.075,0.033639003,,0.0
2025-08-03,7,0,0,1,0.06451613,6.0,3.0,0.0,46114.285,38971.43,38647.617,46659.258,46659.258,365284.56,354431.72,358374.16,367280.0,367280.0,0.126365,0.109368004,0.106158875,0.12328665,0.12328665,25.0,68.0,109.0,0.075,0.052751012,,0.0
2025-08-03,8,0,0,0,0.06451613,6.0,3.0,0.0,29871.428,38371.43,40500.0,47166.668,47166.668,353568.16,359188.78,357550.44,366218.94,366218.94,0.07748904,0.09889531,0.10564142,0.121332,0.121332,44.0,80.0,114.0,0.075,0.045774646,,0.0
2025-08-03,9,0,0,0,0.06451613,6.0,3.0,0.0,34671.43,42600.0,43623.81,47370.37,47370.37,356445.28,349794.94,353190.66,363781.8,363781.8,0.09498265,0.1198603,0.120727696,0.1270217,0.1270217,34.0,54.0,87.0,0.075,0.03547945,,0.33333334
2025-08-03,ã‚¾ãƒ­ç›®,0,0,1,0.06451613,6.0,3.0,0.0,27200.0,29492.857,28819.047,43118.52,43118.52,361537.84,352102.5,352728.84,361318.88,361318.88,0.07492575,0.08526124,0.08291997,0.11734695,0.11734695,38.0,79.0,122.0,0.225,0.038751386,,0.33333334
2025-08-04,0,0,0,0,0.09677419,0.0,4.0,0.0,23471.428,25064.285,24661.904,33785.715,33785.715,356022.28,355500.78,355871.16,366672.3,366672.3,0.066534914,0.07136554,0.07142279,0.09100053,0.09100053,47.0,93.0,144.0,0.09756097,0.036321186,,0.0
2025-08-04,1,0,1,1,0.09677419,0.0,4.0,0.0,38071.43,32192.857,33709.523,44696.43,44696.43,387601.16,384196.34,386510.44,393703.34,393703.34,0.0964673,0.080577925,0.0839299,0.10912579,0.10912579,30.0,82.0,129.0,0.14634146,0.046272263,,0.33333334
2025-08-04,2,0,0,1,0.09677419,0.0,4.0,0.0,25985.715,18078.572,25285.715,37750.0,37750.0,358493.56,359245.0,357337.53,367358.53,367358.53,0.07020478,0.04585579,0.067165785,0.09707831,0.09707831,44.0,102.0,133.0,0.12195122,0.047563225,,0.0
2025-08-04,3,0,0,0,0.09677419,0.0,4.0,0.0,26157.143,24857.143,23876.191,36971.43,36971.43,360598.44,358493.5,362984.75,371422.78,371422.78,0.07121298,0.06967703,0.06569033,0.09650037,0.09650037,47.0,96.0,142.0,0.048780486,0.03312406,,0.33333334
2025-08-04,4,1,1,1,0.09677419,0.0,4.0,0.0,13371.429,21550.0,17304.762,32271.428,32271.428,356430.72,353885.22,354299.56,364995.9,364995.9,0.038342457,0.062814824,0.051428888,0.08667737,0.08667737,57.0,102.0,159.0,0.14634146,0.0377796,,0.0
2025-08-04,5,0,0,0,0.09677419,0.0,4.0,0.0,18228.572,22328.572,27404.762,35535.715,35535.715,362706.16,363028.78,361680.16,371676.66,371676.66,0.05166117,0.06009223,0.0741169,0.09280676,0.09280676,53.0,97.0,134.0,0.09756097,0.03521127,,0.33333334
2025-08-04,6,0,0,0,0.09677419,0.0,4.0,0.0,42900.0,40242.855,37119.047,55746.43,55746.43,358083.44,355862.0,356994.9,367685.1,367685.1,0.1201917,0.1118949,0.103292346,0.14510532,0.14510532,28.0,59.0,102.0,0.0,0.033639003,,0.0
2025-08-04,7,0,1,1,0.09677419,0.0,4.0,0.0,44685.715,41035.715,40028.57,46517.855,46517.855,360542.56,354920.34,358441.34,367841.75,367841.75,0.12420283,0.11471085,0.10975811,0.122865185,0.122865185,25.0,62.0,105.0,0.09756097,0.052751012,,0.0
2025-08-04,8,0,0,0,0.09677419,0.0,4.0,0.0,26257.143,34535.715,39019.047,46160.715,46160.715,358006.16,361055.5,358319.2,367777.3,367777.3,0.06740419,0.088673666,0.10178937,0.118654355,0.118654355,47.0,87.0,120.0,0.14634146,0.045774646,,0.0
2025-08-04,9,0,0,0,0.09677419,0.0,4.0,0.0,28142.857,37850.0,40166.668,45971.43,45971.43,353397.56,349937.06,352526.56,364264.28,364264.28,0.078771085,0.107195556,0.11192815,0.12326142,0.12326142,42.0,64.0,96.0,0.07317073,0.03547945,,0.0
2025-08-04,ã‚¾ãƒ­ç›®,0,0,1,0.09677419,0.0,4.0,0.0,24828.572,28507.143,28895.238,43046.43,43046.43,360041.28,352263.44,352396.0,361841.06,361841.06,0.06921218,0.08257635,0.08321397,0.11706049,0.11706049,42.0,80.0,122.0,0.024390243,0.038751386,,0.0
2025-08-05,0,0,0,0,0.12903225,1.0,5.0,0.0,23085.715,24007.143,23804.762,28692.857,33382.758,352815.16,344089.44,352345.75,360732.47,363022.25,0.0661326,0.07115101,0.069755115,0.080255575,0.09078439,49.0,93.0,143.0,0.12195122,0.036321186,,0.0
2025-08-05,1,0,0,0,0.12903225,1.0,5.0,0.0,44428.57,29500.0,33990.477,38932.145,45000.0,385674.28,376394.94,385030.25,389440.94,391076.53,0.11665321,0.07734791,0.08545123,0.09757528,0.111172855,24.0,83.0,125.0,0.024390243,0.046272263,,0.0
2025-08-05,2,1,1,1,0.12903225,1.0,5.0,0.0,30200.0,17178.572,23180.953,30510.715,37479.31,353227.56,350650.34,355838.84,363293.47,364934.8,0.084412135,0.045772046,0.061218552,0.08045564,0.09720145,38.0,101.0,135.0,0.07317073,0.047563225,,0.0
2025-08-05,3,0,0,1,0.12903225,1.0,5.0,0.0,26014.285,24385.715,20900.0,31164.285,36172.414,360322.0,350622.72,361020.47,367809.28,369031.2,0.0707846,0.06940573,0.057282764,0.08250869,0.094748124,48.0,93.0,149.0,0.07317073,0.03312406,,0.33333334
2025-08-05,4,0,0,1,0.12903225,1.0,5.0,0.0,19428.572,23550.0,19628.572,28767.857,33365.516,353661.0,346708.16,352819.72,361112.47,362795.4,0.059073333,0.07159113,0.0593693,0.08014349,0.09101595,53.0,95.0,150.0,0.07317073,0.0377796,,0.33333334
2025-08-05,5,0,1,1,0.12903225,1.0,5.0,0.0,12485.714,20257.143,24804.762,30357.143,34568.965,354929.16,354320.16,359767.16,367182.94,368890.97,0.0356118,0.0556183,0.06641244,0.08065768,0.09049559,61.0,99.0,140.0,0.09756097,0.03521127,,0.0
2025-08-05,6,0,0,0,0.12903225,1.0,5.0,0.0,43514.285,38128.57,35204.76,49821.43,54565.516,356075.56,347854.66,354896.84,363080.94,364888.1,0.122736126,0.108098485,0.09797862,0.13167639,0.14268875,29.0,62.0,105.0,0.14634146,0.033639003,,0.0
2025-08-05,7,0,0,0,0.12903225,1.0,5.0,0.0,50542.855,42914.285,39419.047,40139.285,46565.516,358063.28,346053.66,355822.25,363197.8,364947.88,0.14503245,0.12298056,0.10926343,0.1093488,0.12444604,19.0,55.0,103.0,0.07317073,0.052751012,,0.33333334
2025-08-05,8,0,0,0,0.12903225,1.0,5.0,0.0,30157.143,29964.285,39404.76,39292.855,44565.516,354979.16,352228.84,353550.2,362957.28,364752.8,0.0803464,0.07734034,0.10279935,0.10210227,0.114550516,47.0,95.0,120.0,0.12195122,0.045774646,,0.0
2025-08-05,9,0,0,0,0.12903225,1.0,5.0,0.0,24900.0,33450.0,38633.332,40850.0,44548.277,349389.28,342496.66,350014.38,359668.0,361753.7,0.068824075,0.096377134,0.107591234,0.1112484,0.119567096,49.0,72.0,98.0,0.09756097,0.03547945,,0.0
2025-08-05,ã‚¾ãƒ­ç›®,0,1,1,0.12903225,1.0,5.0,0.0,22485.715,27871.428,29266.666,37450.0,42451.723,353684.56,343523.22,349102.28,357330.16,358907.3,0.063764,0.08302497,0.08517527,0.10421919,0.11623843,45.0,76.0,118.0,0.09756097,0.038751386,,0.0
2025-08-06,0,0,0,1,0.16129032,2.0,6.0,0.0,27714.285,24521.428,24980.953,27417.857,33340.0,344122.72,339046.0,348237.25,356955.84,360388.56,0.08240307,0.07420868,0.07418555,0.07807946,0.091525696,48.0,94.0,140.0,0.024390243,0.036321186,,0.0
2025-08-06,1,1,1,1,0.16129032,2.0,6.0,0.0,44442.855,30028.572,33947.617,37632.145,44116.668,377508.84,372494.34,381710.72,386035.25,388293.56,0.11803883,0.07945499,0.08586681,0.094857395,0.10947194,29.0,82.0,125.0,0.19512194,0.046272263,,0.0
2025-08-06,2,0,1,1,0.16129032,2.0,6.0,0.0,43114.285,22442.857,25752.38,30057.143,39070.0,354478.44,348306.0,354590.2,361325.16,363778.72,0.12357774,0.061937097,0.06933574,0.08059635,0.10256089,29.0,93.0,129.0,0.12195122,0.047563225,,0.0
2025-08-06,3,0,0,0,0.16129032,2.0,6.0,0.0,29014.285,22592.857,21804.762,31350.0,36410.0,355321.84,346007.94,357279.66,364354.1,366227.72,0.08253678,0.06628284,0.06133588,0.084371,0.09665546,50.0,97.0,146.0,0.07317073,0.03312406,,0.0
2025-08-06,4,0,0,0,0.16129032,2.0,6.0,0.0,23357.143,25357.143,18185.715,29003.572,33746.668,346241.56,340464.56,348932.56,357383.3,360204.6,0.074190415,0.079077,0.057100482,0.082253344,0.09322055,52.0,91.0,153.0,0.07317073,0.0377796,,0.0
2025-08-06,5,0,0,0,0.16129032,2.0,6.0,0.0,23057.143,23228.572,27833.334,30964.285,35966.668,359365.28,350740.78,358016.62,364857.0,367315.88,0.06836061,0.06590148,0.07602442,0.083657846,0.09540723,55.0,96.0,132.0,0.048780486,0.03521127,,0.0
2025-08-06,6,0,0,0,0.16129032,2.0,6.0,0.0,37685.715,36464.285,32333.334,47871.43,53176.668,356332.84,346974.0,353017.2,361416.75,363914.16,0.10524885,0.10341329,0.090516955,0.12674254,0.13921347,38.0,69.0,114.0,0.07317073,0.033639003,,0.0
2025-08-06,7,0,0,0,0.16129032,2.0,6.0,0.0,44357.145,42907.145,37847.617,40403.57,46240.0,355312.84,341878.66,354759.1,360938.44,363107.56,0.1272237,0.12430837,0.10491152,0.110777006,0.12425816,24.0,58.0,106.0,0.07317073,0.052751012,,0.33333334
2025-08-06,8,0,1,1,0.16129032,2.0,6.0,0.0,36300.0,30185.715,39033.332,39214.285,44220.0,348876.56,347702.22,348891.47,358687.75,361733.97,0.10213225,0.07966896,0.10336293,0.10325528,0.11488991,43.0,96.0,122.0,0.17073171,0.045774646,,0.6666667
2025-08-06,9,0,0,0,0.16129032,2.0,6.0,0.0,25200.0,31207.143,37685.715,39553.57,43586.668,347284.44,338983.78,347114.2,356307.03,359771.9,0.07011516,0.09051502,0.10539688,0.108418286,0.1173127,53.0,80.0,102.0,0.09756097,0.03547945,,0.0
2025-08-06,ã‚¾ãƒ­ç›®,0,0,1,0.16129032,2.0,6.0,0.0,29785.715,32107.143,29204.762,37660.715,42933.332,347539.84,337045.78,345359.66,353390.22,356122.9,0.090679795,0.09825238,0.08718511,0.106876254,0.1192514,41.0,68.0,117.0,0.048780486,0.038751386,,0.0
2025-08-07,0,0,0,0,0.19354838,3.0,7.0,0.0,29142.857,23714.285,25166.666,26296.428,33051.613,324689.16,335545.0,345802.47,352085.47,357333.38,0.090402216,0.07266556,0.07547757,0.076402724,0.09153585,47.0,94.0,141.0,0.12195122,0.036321186,,0.33333334
2025-08-07,1,0,0,0,0.19354838,3.0,7.0,0.0,60457.145,35871.43,33952.383,38164.285,46300.0,376765.16,376759.84,382073.1,385987.53,389191.53,0.15652141,0.09263313,0.08564015,0.096162796,0.11460723,21.0,76.0,124.0,0.09756097,0.046272263,,0.0
2025-08-07,2,0,1,1,0.19354838,3.0,7.0,0.0,47442.855,29935.715,28585.715,29692.857,39719.355,339497.44,346278.56,352574.56,356448.6,360519.97,0.1445335,0.08924223,0.08011129,0.08243561,0.106520325,28.0,85.0,125.0,0.17073171,0.047563225,,0.0
2025-08-07,3,0,0,0,0.19354838,3.0,7.0,0.0,27071.428,21814.285,22814.285,23232.143,34532.258,335475.28,340790.94,353173.9,358287.2,362625.66,0.073279954,0.0625425,0.06326648,0.06402072,0.09077506,50.0,98.0,145.0,0.0,0.03312406,,0.0
2025-08-07,4,0,0,1,0.19354838,3.0,7.0,0.0,26642.857,23214.285,19347.62,25067.857,33103.227,335423.72,339111.72,348285.9,353832.94,358039.66,0.08448028,0.07241369,0.060988534,0.072652005,0.091732286,50.0,98.0,152.0,0.048780486,0.0377796,,0.0
2025-08-07,5,0,0,0,0.19354838,3.0,7.0,0.0,24671.428,25171.428,28957.143,31282.143,35306.453,346815.44,349073.34,356673.1,360525.44,364598.28,0.07456539,0.07254006,0.07987098,0.085030496,0.09409592,54.0,93.0,130.0,0.024390243,0.03521127,,0.0
2025-08-07,6,0,0,0,0.19354838,3.0,7.0,0.0,31785.715,31592.857,30680.953,45307.145,50280.645,339596.56,343730.94,350205.84,357059.25,361092.25,0.08462865,0.08694286,0.084481895,0.11885885,0.13045175,42.0,74.0,117.0,0.07317073,0.033639003,,0.0
2025-08-07,7,0,0,1,0.19354838,3.0,7.0,0.0,44242.855,43371.43,33547.617,40042.855,45441.934,339807.0,342536.06,346897.44,356818.66,360308.8,0.13006112,0.12585488,0.09655626,0.110674396,0.12275954,25.0,56.0,111.0,0.17073171,0.052751012,,0.33333334
2025-08-07,8,1,1,1,0.19354838,3.0,7.0,0.0,39185.715,28592.857,42685.715,41217.855,45858.066,351483.0,344118.72,354937.38,358424.28,362796.9,0.10813148,0.07802726,0.11156977,0.10839625,0.11894824,44.0,97.0,119.0,0.09756097,0.045774646,,0.33333334
2025-08-07,9,0,0,0,0.19354838,3.0,7.0,0.0,21271.428,29471.428,38014.285,37510.715,42658.066,336692.84,338809.66,346433.9,352505.2,357635.06,0.060882613,0.084680155,0.10657574,0.103790164,0.11515489,59.0,84.0,104.0,0.07317073,0.03547945,,0.0
2025-08-07,ã‚¾ãƒ­ç›®,0,1,1,0.19354838,3.0,7.0,0.0,31157.143,31964.285,29409.523,36889.285,42874.195,329755.16,336545.28,342959.53,349499.56,353823.06,0.10029992,0.09801033,0.08882904,0.1063429,0.12005934,42.0,69.0,118.0,0.12195122,0.038751386,,0.0
2025-08-08,0,0,0,0,0.22580644,4.0,8.0,0.0,26014.285,21764.285,24852.38,25760.715,32784.375,330988.0,342377.06,345139.94,352736.47,358690.78,0.080551215,0.064905815,0.074817345,0.07489829,0.09058574,50.0,101.0,141.0,0.1,0.036321186,,0.0
2025-08-08,1,0,0,0,0.22580644,4.0,8.0,0.0,58142.855,39185.715,32885.715,36935.715,46093.75,380578.0,381614.5,380716.2,385675.5,389544.25,0.1493188,0.10115319,0.083467156,0.09323613,0.11412361,25.0,71.0,126.0,0.075,0.046272263,,0.0
2025-08-08,2,0,0,0,0.22580644,4.0,8.0,0.0,48528.57,34064.285,27804.762,31139.285,40206.25,342337.56,350727.16,349906.47,357318.3,361180.16,0.14639708,0.10015128,0.07921028,0.086131185,0.107719645,27.0,78.0,126.0,0.075,0.047563225,,0.0
2025-08-08,3,0,0,0,0.22580644,4.0,8.0,0.0,24928.572,20614.285,22376.191,21635.715,34378.125,344233.28,349113.78,352594.16,359543.7,364086.1,0.06530381,0.056389622,0.062326647,0.059511412,0.090197966,50.0,103.0,146.0,0.075,0.03312406,,0.0
2025-08-08,4,0,0,1,0.22580644,4.0,8.0,0.0,29100.0,23950.0,22095.238,24553.572,33321.875,337334.28,347124.28,347021.38,353884.28,359000.75,0.09050042,0.07208582,0.06791773,0.071310654,0.09208875,44.0,97.0,146.0,0.125,0.0377796,,0.0
2025-08-08,5,0,0,1,0.22580644,4.0,8.0,0.0,22285.715,25785.715,26842.857,28889.285,34846.875,354720.84,357794.0,355903.94,361884.94,365920.44,0.0666411,0.073146746,0.0749654,0.07835639,0.09273748,54.0,94.0,136.0,0.1,0.03521127,,0.33333334
2025-08-08,6,1,1,1,0.22580644,4.0,8.0,0.0,22142.857,30114.285,29447.62,40696.43,48228.125,347090.72,351866.66,350034.28,358294.44,362316.25,0.057732467,0.08287263,0.081411704,0.10638003,0.1251728,50.0,76.0,119.0,0.175,0.033639003,,0.6666667
2025-08-08,7,0,0,0,0.22580644,4.0,8.0,0.0,42942.855,44371.43,35633.332,39646.43,45625.0,342703.16,348599.72,346522.2,356895.5,361478.62,0.12562755,0.12655145,0.10181758,0.10964722,0.12295386,28.0,56.0,105.0,0.075,0.052751012,,0.0
2025-08-08,8,0,1,1,0.22580644,4.0,8.0,0.0,44085.715,31957.143,42290.477,41671.43,46934.375,357652.72,352178.22,355080.1,359606.9,363860.97,0.118456654,0.08413079,0.11049292,0.10898535,0.1215544,39.0,93.0,119.0,0.075,0.045774646,,0.0
2025-08-08,9,0,0,0,0.22580644,4.0,8.0,0.0,16971.428,27978.572,35900.0,36421.43,41387.5,341299.28,344536.72,345403.9,352571.1,358593.8,0.048739705,0.07973963,0.1014312,0.10097073,0.111717254,59.0,87.0,109.0,0.1,0.03547945,,0.0
2025-08-08,ã‚¾ãƒ­ç›®,0,1,1,0.22580644,4.0,8.0,0.0,34714.285,34100.0,31128.572,35492.855,43703.125,332378.84,343635.72,342534.9,350109.1,354692.1,0.10877861,0.101007566,0.09342837,0.10220846,0.121990316,36.0,68.0,113.0,0.025,0.038751386,,0.0
2025-08-09,0,0,0,1,0.2580645,5.0,9.0,0.0,25200.0,23407.143,22371.428,24660.715,32263.637,334228.0,345118.5,347876.94,350977.0,358656.3,0.077697456,0.0696783,0.06615165,0.07238307,0.089162834,48.0,98.0,146.0,0.075,0.036321186,,0.0
2025-08-09,1,0,0,0,0.2580645,5.0,9.0,0.0,48171.43,37135.715,32690.477,35632.145,44139.395,374009.56,380200.5,381496.06,383738.2,388367.44,0.12331336,0.09541997,0.08300557,0.08976607,0.109075464,32.0,74.0,126.0,0.075,0.046272263,,0.33333334
2025-08-09,2,0,0,0,0.2580645,5.0,9.0,0.0,43014.285,32128.572,27085.715,29360.715,39412.12,342091.44,352401.34,353989.53,355471.0,361087.78,0.1311002,0.09417218,0.075984515,0.08196788,0.10564002,32.0,83.0,129.0,0.175,0.047563225,,0.0
2025-08-09,3,0,0,0,0.2580645,5.0,9.0,0.0,26071.428,21078.572,22880.953,20485.715,33712.12,346841.84,354155.16,355940.34,359457.56,364743.47,0.06818532,0.057348512,0.06358559,0.056556076,0.08843872,49.0,104.0,147.0,0.1,0.03312406,,0.0
2025-08-09,4,0,1,1,0.2580645,5.0,9.0,0.0,33457.145,25385.715,21838.096,23689.285,33621.21,335129.84,349846.16,349438.53,352549.34,359056.3,0.102781825,0.07552477,0.06615515,0.06954158,0.09292614,39.0,96.0,148.0,0.075,0.0377796,,0.0
2025-08-09,5,0,0,0,0.2580645,5.0,9.0,0.0,24414.285,27164.285,26019.047,31025.0,35357.574,350579.84,356958.0,355795.94,359468.53,365283.6,0.07399427,0.07736392,0.07263913,0.084411025,0.09446957,52.0,94.0,139.0,0.075,0.03521127,,0.0
2025-08-09,6,0,0,1,0.2580645,5.0,9.0,0.0,20642.857,31657.143,31885.715,40078.57,48872.727,348920.56,356119.0,353943.06,357784.5,362720.22,0.05266533,0.08526453,0.08725345,0.105037436,0.12698616,50.0,76.0,113.0,0.075,0.033639003,,0.0
2025-08-09,7,0,0,0,0.2580645,5.0,9.0,0.0,38285.715,44792.855,37390.477,39975.0,45100.0,341396.0,350666.72,348545.0,355046.84,360804.8,0.11257304,0.12735388,0.10716997,0.110881954,0.1217559,32.0,55.0,101.0,0.125,0.052751012,,0.33333334
2025-08-09,8,0,1,1,0.2580645,5.0,9.0,0.0,45985.715,36571.43,44190.477,41764.285,47151.516,359997.16,355420.66,359736.25,358701.2,363999.56,0.1228761,0.09694085,0.11498684,0.10955887,0.12232054,37.0,85.0,114.0,0.125,0.045774646,,0.33333334
2025-08-09,9,1,1,1,0.2580645,5.0,9.0,0.0,15614.286,25650.0,35080.953,35275.0,40542.426,337523.44,345419.84,345756.34,349903.53,357448.72,0.045288898,0.072069675,0.09877049,0.09835587,0.10960708,60.0,94.0,114.0,0.075,0.03547945,,0.0
2025-08-09,ã‚¾ãƒ­ç›®,0,0,0,0.2580645,5.0,9.0,0.0,39657.145,36307.145,32861.906,34771.43,44190.91,332279.0,345425.66,345384.47,348607.8,354786.5,0.122612536,0.106741615,0.097647265,0.1010317,0.12335816,31.0,65.0,109.0,0.025,0.038751386,,0.0
2025-08-10,0,0,0,1,0.29032257,6.0,10.0,0.0,23314.285,23492.857,24161.904,23571.428,31911.766,332187.0,346147.16,348571.25,349748.34,359120.66,0.07313115,0.06976148,0.07102248,0.0698817,0.08813492,46.0,94.0,141.0,0.075,0.036321186,,0.0
2025-08-10,1,0,0,0,0.29032257,6.0,10.0,0.0,38114.285,37300.0,33095.24,35925.0,43002.94,368575.16,378784.34,380169.75,382188.84,388191.25,0.099577576,0.09587908,0.08403874,0.09050626,0.106290415,38.0,71.0,126.0,0.125,0.046272263,,0.0
2025-08-10,2,0,0,0,0.29032257,6.0,10.0,0.0,38242.855,32250.0,26471.428,28939.285,38394.117,337181.28,350656.34,352432.47,353154.84,360844.44,0.11894934,0.094556995,0.07444603,0.081034325,0.1029331,36.0,81.0,135.0,0.05,0.047563225,,0.0
2025-08-10,3,0,0,0,0.29032257,6.0,10.0,0.0,20485.715,18742.857,22995.238,19835.715,32417.646,342558.16,351350.72,352133.72,357540.66,364220.06,0.05302912,0.05108516,0.063588575,0.054791547,0.08496442,51.0,107.0,149.0,0.05,0.03312406,,0.33333334
2025-08-10,4,0,1,1,0.29032257,6.0,10.0,0.0,38085.715,24542.857,25276.191,21575.0,33611.766,335114.56,349525.66,348723.16,350739.06,359166.7,0.11553953,0.0733101,0.07542846,0.06483023,0.09289254,33.0,95.0,140.0,0.075,0.0377796,,0.0
2025-08-10,5,0,0,0,0.29032257,6.0,10.0,0.0,27700.0,24121.428,25866.666,27750.0,34473.53,345506.28,356497.34,356219.94,357501.47,365536.06,0.082196,0.06938023,0.072205134,0.07684103,0.092108,49.0,99.0,142.0,0.1,0.03521127,,0.0
2025-08-10,6,0,1,1,0.29032257,6.0,10.0,0.0,19371.428,31235.715,33038.094,32178.572,48294.117,348520.56,355475.28,353841.0,354744.4,363227.53,0.049423978,0.08430828,0.090289794,0.088553876,0.12551153,48.0,75.0,111.0,0.075,0.033639003,,0.0
2025-08-10,7,0,0,0,0.29032257,6.0,10.0,0.0,35442.855,40778.57,37795.24,37846.43,44350.0,339634.72,352459.66,349499.38,353689.28,361588.3,0.10568474,0.116024874,0.10814025,0.106040336,0.119662724,35.0,60.0,103.0,0.075,0.052751012,,0.0
2025-08-10,8,0,0,0,0.29032257,6.0,10.0,0.0,46128.57,38000.0,40957.145,41907.145,46952.94,356943.72,355255.94,358440.44,357398.75,364309.3,0.12406887,0.10077896,0.1072865,0.11024828,0.12189548,35.0,79.0,115.0,0.075,0.045774646,,0.0
2025-08-10,9,0,0,1,0.29032257,6.0,10.0,0.0,18328.572,26500.0,34509.523,37300.0,41391.176,335371.56,345908.44,344987.16,348735.9,357932.66,0.053293966,0.074138306,0.09767152,0.10386927,0.11184246,59.0,93.0,113.0,0.075,0.03547945,,0.33333334
2025-08-10,ã‚¾ãƒ­ç›®,1,1,1,0.29032257,6.0,10.0,0.0,39742.855,33471.43,32909.523,31550.0,42423.53,328454.16,344996.0,344219.72,346660.2,354552.62,0.122372635,0.0986492,0.09763171,0.09278314,0.11838165,32.0,70.0,111.0,0.225,0.038751386,,0.33333334
2025-08-11,0,0,1,1,0.32258064,0.0,11.0,0.0,23285.715,23378.572,24471.428,24317.857,31685.715,333949.72,344986.0,348317.1,350390.78,360127.8,0.07277557,0.06965524,0.07183555,0.07176099,0.08735553,43.0,90.0,136.0,0.09756097,0.036321186,,0.0
2025-08-11,1,0,0,0,0.32258064,0.0,11.0,0.0,32271.428,35171.43,32219.047,33350.0,42211.43,366850.44,377225.78,378414.38,381595.44,388332.78,0.08532414,0.09089572,0.082159996,0.08427846,0.10436546,42.0,72.0,124.0,0.14634146,0.046272263,,0.33333334
2025-08-11,2,1,1,1,0.32258064,0.0,11.0,0.0,34614.285,30300.0,23590.477,27617.857,37122.855,339069.0,348781.28,352519.66,352770.4,361700.62,0.10941773,0.08981126,0.0670431,0.07772877,0.099546194,37.0,81.0,139.0,0.12195122,0.047563225,,0.0
2025-08-11,3,0,0,0,0.32258064,0.0,11.0,0.0,3885.7144,15021.429,17866.666,18878.572,30354.285,337202.0,348900.22,351396.34,356539.06,364578.62,0.011592172,0.04140258,0.050315414,0.05216579,0.07951873,61.0,108.0,157.0,0.048780486,0.03312406,,0.0
2025-08-11,4,0,1,1,0.32258064,0.0,11.0,0.0,39042.855,26207.143,27380.953,22739.285,33625.715,341699.16,349064.94,349823.2,351149.47,360336.53,0.11665801,0.07750023,0.08076255,0.06773617,0.0926735,30.0,87.0,132.0,0.14634146,0.0377796,,0.33333334
2025-08-11,5,0,0,1,0.32258064,0.0,11.0,0.0,24857.143,21542.857,23171.428,26767.857,33400.0,344290.0,353498.06,356782.53,357332.6,366199.3,0.07501549,0.06333833,0.06506665,0.07434155,0.0892485,47.0,100.0,144.0,0.09756097,0.03521127,,0.33333334
2025-08-11,6,0,0,0,0.32258064,0.0,11.0,0.0,17114.285,30007.143,32533.334,32117.857,48020.0,350321.56,354202.5,354015.2,355326.56,364212.4,0.043107554,0.081649624,0.08896578,0.088246144,0.12470576,47.0,75.0,106.0,0.0,0.033639003,,0.0
2025-08-11,7,0,0,0,0.32258064,0.0,11.0,0.0,27614.285,36150.0,36561.906,36925.0,42737.145,340908.16,350725.34,350249.62,354058.03,362455.03,0.085347734,0.10477528,0.10492315,0.10365552,0.11536169,41.0,66.0,103.0,0.09756097,0.052751012,,0.0
2025-08-11,8,0,0,1,0.32258064,0.0,11.0,0.0,44914.285,35585.715,37995.24,40492.855,45911.43,352285.72,355145.94,358132.25,356810.8,364679.0,0.12142247,0.094413325,0.09958993,0.10669764,0.11920798,33.0,80.0,120.0,0.14634146,0.045774646,,0.0
2025-08-11,9,0,0,0,0.32258064,0.0,11.0,0.0,19400.0,23771.428,31700.0,34975.0,40657.145,334745.0,344071.28,344873.06,348081.2,358360.44,0.05620368,0.06748738,0.09019826,0.09799703,0.10984988,53.0,95.0,117.0,0.07317073,0.03547945,,0.0
2025-08-11,ã‚¾ãƒ­ç›®,0,0,0,0.32258064,0.0,11.0,0.0,41414.285,33121.43,32809.523,32025.0,42720.0,327938.16,343989.72,344155.0,346281.53,355060.5,0.12701328,0.09811273,0.09738866,0.0941638,0.11905105,28.0,70.0,108.0,0.024390243,0.038751386,,0.0
2025-08-12,0,0,0,0,0.3548387,1.0,12.0,0.0,30300.0,26692.857,26104.762,25428.572,29014.285,351589.84,352202.5,346589.56,352156.78,358903.94,0.087138236,0.07663542,0.07648008,0.0741009,0.08163211,39.0,88.0,132.0,0.12195122,0.036321186,,0.0
2025-08-12,1,0,0,0,0.3548387,1.0,12.0,0.0,26614.285,35521.43,28538.096,32146.428,36468.57,377069.0,381371.66,376619.62,383039.94,386966.53,0.066357985,0.091505595,0.0736846,0.08067792,0.09133182,46.0,70.0,129.0,0.024390243,0.046272263,,0.0
2025-08-12,2,0,0,1,0.3548387,1.0,12.0,0.0,43000.0,36600.0,25785.715,28135.715,33008.57,343919.56,348573.56,348406.75,352859.03,359418.7,0.13327546,0.1088438,0.074939854,0.07923278,0.09101961,34.0,72.0,135.0,0.07317073,0.047563225,,0.33333334
2025-08-12,3,0,0,0,0.3548387,1.0,12.0,0.0,3471.4285,14742.857,17414.285,16542.857,25625.715,346622.16,353472.06,349289.2,357420.9,363571.84,0.009296976,0.040040787,0.049369473,0.045286316,0.06786635,60.0,108.0,153.0,0.07317073,0.03312406,,0.33333334
2025-08-12,4,0,0,1,0.3548387,1.0,12.0,0.0,36571.43,28000.0,27890.477,23864.285,30328.572,353335.72,353498.34,348917.34,352948.72,359557.12,0.10373678,0.08140506,0.08230635,0.07046117,0.08486214,32.0,85.0,127.0,0.07317073,0.0377796,,0.0
2025-08-12,5,1,1,1,0.3548387,1.0,12.0,0.0,28271.428,20378.572,22928.572,25671.428,29940.0,356274.56,355601.84,354971.62,358894.0,365001.25,0.08330104,0.05945642,0.06484588,0.07063459,0.081186354,42.0,103.0,141.0,0.09756097,0.03521127,,0.0
2025-08-12,6,0,1,1,0.3548387,1.0,12.0,0.0,14071.429,28792.857,30109.523,29921.428,42671.43,362933.28,359504.44,352880.84,356905.97,363051.4,0.03246595,0.07760104,0.082887635,0.08160046,0.111834295,49.0,78.0,111.0,0.14634146,0.033639003,,0.0
2025-08-12,7,0,0,0,0.3548387,1.0,12.0,0.0,19014.285,34778.57,34947.617,34317.855,35914.285,352293.84,355178.56,348133.72,354940.16,361017.03,0.05641392,0.100723185,0.10079168,0.09605105,0.09876182,48.0,67.0,103.0,0.07317073,0.052751012,,0.33333334
2025-08-12,8,0,0,0,0.3548387,1.0,12.0,0.0,49342.855,39750.0,36423.81,41889.285,41302.855,365123.84,360051.5,356527.2,356443.6,363390.6,0.1334061,0.106876254,0.09602893,0.11045104,0.10836304,27.0,74.0,122.0,0.12195122,0.045774646,,0.0
2025-08-12,9,0,1,1,0.3548387,1.0,12.0,0.0,16971.428,20935.715,27957.143,33217.855,36074.285,344134.16,346761.72,343042.47,348544.3,356561.22,0.048980508,0.05890229,0.08057826,0.09293855,0.09879482,54.0,103.0,126.0,0.09756097,0.03547945,,0.0
2025-08-12,ã‚¾ãƒ­ç›®,0,0,0,0.3548387,1.0,12.0,0.0,37971.43,30228.572,31238.096,31442.857,37554.285,340048.84,346866.72,342365.1,346838.94,353873.88,0.11436774,0.08906587,0.09347256,0.09247339,0.1062489,31.0,76.0,107.0,0.09756097,0.038751386,,0.0
2025-08-13,0,0,1,1,0.38709676,2.0,13.0,0.0,25942.857,26828.572,24995.238,25221.428,27122.857,364472.84,354297.78,347521.62,352296.16,358459.25,0.07160287,0.07700297,0.07334008,0.073539875,0.07678414,41.0,89.0,135.0,0.024390243,0.036321186,,0.0
2025-08-13,1,0,0,0,0.38709676,2.0,13.0,0.0,22771.428,33607.145,27609.523,31153.572,34660.0,385795.56,381652.22,376928.1,382731.94,385987.3,0.054510877,0.086274855,0.07114028,0.07802783,0.08678809,48.0,77.0,130.0,0.19512194,0.046272263,,0.33333334
2025-08-13,2,0,1,1,0.38709676,2.0,13.0,0.0,34671.43,38892.855,26519.047,27982.143,30980.0,346816.44,350647.44,347809.47,352646.75,358423.4,0.10738349,0.11548061,0.07708589,0.07884768,0.08595378,37.0,66.0,130.0,0.12195122,0.047563225,,0.0
2025-08-13,3,0,0,0,0.38709676,2.0,13.0,0.0,-1457.1428,13778.571,14576.19,15989.286,24788.572,354757.0,355039.44,348924.28,356649.0,362434.7,-0.0087355375,0.03690062,0.041276716,0.043818023,0.06574969,63.0,113.0,160.0,0.07317073,0.03312406,,0.0
2025-08-13,4,0,0,1,0.38709676,2.0,13.0,0.0,33385.715,28371.428,28033.334,21985.715,29880.0,364786.16,355513.84,348571.75,352895.97,358863.88,0.09008709,0.082138754,0.08274703,0.065347135,0.0838201,33.0,85.0,124.0,0.07317073,0.0377796,,0.0
2025-08-13,5,1,1,1,0.38709676,2.0,13.0,0.0,26214.285,24635.715,24223.809,27428.572,30014.285,362495.44,360930.34,354659.0,359136.3,364384.7,0.073616214,0.07098842,0.068473056,0.07542237,0.08164952,41.0,96.0,137.0,0.048780486,0.03521127,,0.0
2025-08-13,6,0,0,1,0.38709676,2.0,13.0,0.0,17485.715,27585.715,30138.096,28621.428,41794.285,367336.28,361834.56,353761.44,356596.97,362600.66,0.0413204,0.073284626,0.08271566,0.07821782,0.109658115,40.0,78.0,109.0,0.07317073,0.033639003,,0.0
2025-08-13,7,0,0,0,0.38709676,2.0,13.0,0.0,14214.286,29285.715,33342.855,31939.285,35165.715,357688.44,356500.66,347148.56,355491.44,360288.44,0.04075662,0.08399016,0.09645779,0.0888728,0.096772924,51.0,75.0,109.0,0.07317073,0.052751012,,0.0
2025-08-13,8,0,0,0,0.38709676,2.0,13.0,0.0,47028.57,41664.285,35800.0,41032.145,40777.145,374202.56,361539.56,356535.66,355219.25,361790.72,0.12320087,0.11266656,0.0941796,0.10832242,0.1072444,26.0,69.0,122.0,0.17073171,0.045774646,,0.6666667
2025-08-13,9,0,0,0,0.38709676,2.0,13.0,0.0,19485.715,22342.857,27300.0,33135.715,35540.0,349590.28,348437.34,342519.28,347733.22,354963.7,0.055532537,0.06282385,0.078854196,0.092930794,0.097841136,47.0,100.0,127.0,0.09756097,0.03547945,,0.0
2025-08-13,ã‚¾ãƒ­ç›®,0,0,0,0.38709676,2.0,13.0,0.0,31257.143,30521.428,31823.809,29717.857,36380.0,350825.16,349182.5,341638.9,346726.03,352877.2,0.08888105,0.08978042,0.0951286,0.08760909,0.103277214,35.0,76.0,103.0,0.048780486,0.038751386,,0.0
2025-08-14,0,0,0,0,0.41935483,3.0,14.0,0.0,30057.143,29600.0,25828.572,26389.285,27048.572,384719.72,354704.44,351936.56,355531.78,358612.3,0.07713742,0.08376981,0.07415617,0.07589253,0.076549664,38.0,85.0,132.0,0.12195122,0.036321186,,0.33333334
2025-08-14,1,0,0,1,0.41935483,3.0,14.0,0.0,4971.4287,32714.285,25571.428,26707.143,31525.715,381343.44,379054.28,378287.72,381890.7,385058.72,0.011380045,0.08395073,0.06554877,0.06707512,0.07920624,57.0,78.0,133.0,0.09756097,0.046272263,,0.0
2025-08-14,2,0,0,0,0.41935483,3.0,14.0,0.0,29785.715,38614.285,29885.715,28885.715,29711.428,362489.72,350993.56,351682.28,355053.34,357656.84,0.08478581,0.11465965,0.08775675,0.08127992,0.08290564,37.0,65.0,122.0,0.17073171,0.047563225,,0.0
2025-08-14,3,0,1,1,0.41935483,3.0,14.0,0.0,485.7143,13778.571,14704.762,17232.143,18682.857,377562.84,356519.06,353048.25,359271.16,362142.3,0.00067016954,0.036975063,0.04191839,0.047617406,0.05135061,62.0,112.0,160.0,0.0,0.03312406,,0.0
2025-08-14,4,0,0,1,0.41935483,3.0,14.0,0.0,34614.285,30628.572,27014.285,23164.285,26977.143,374829.28,355126.5,351017.56,354921.75,358032.2,0.09216665,0.08832347,0.07899801,0.06878306,0.07655493,28.0,78.0,126.0,0.048780486,0.0377796,,0.0
2025-08-14,5,0,0,0,0.41935483,3.0,14.0,0.0,34600.0,29635.715,28314.285,30367.857,31945.715,380180.56,363498.0,359442.44,362549.97,364456.47,0.091846585,0.08320598,0.078975566,0.08286488,0.086393714,35.0,89.0,128.0,0.024390243,0.03521127,,0.0
2025-08-14,6,0,0,0,0.41935483,3.0,14.0,0.0,25157.143,28471.428,29447.62,29300.0,41277.145,380134.84,359865.72,355865.56,357688.1,361674.38,0.0669087,0.07576868,0.08026481,0.08008859,0.10846882,34.0,76.0,108.0,0.07317073,0.033639003,,0.0
2025-08-14,7,1,1,1,0.41935483,3.0,14.0,0.0,11600.0,27921.428,32780.953,28060.715,34354.285,370445.72,355126.34,351839.28,352784.5,359544.06,0.030892419,0.08047677,0.09420072,0.0801403,0.094718,52.0,77.0,108.0,0.17073171,0.052751012,,0.33333334
2025-08-14,8,0,0,0,0.41935483,3.0,14.0,0.0,29442.857,34314.285,28876.191,39375.0,38862.855,369559.0,360521.0,352598.8,358592.78,360651.22,0.07773173,0.092931606,0.07792875,0.10311026,0.10226334,35.0,79.0,132.0,0.09756097,0.045774646,,0.33333334
2025-08-14,9,0,1,1,0.41935483,3.0,14.0,0.0,16271.429,18771.428,25071.428,32578.572,33262.855,358126.28,347409.56,345248.53,349357.0,353629.4,0.045215916,0.053049266,0.07152541,0.09123579,0.09207532,47.0,106.0,131.0,0.07317073,0.03547945,,0.0
2025-08-14,ã‚¾ãƒ­ç›®,0,0,0,0.41935483,3.0,14.0,0.0,27457.143,29307.143,30461.904,28921.428,35002.855,362088.28,345921.72,345059.62,347741.72,352017.3,0.07396301,0.08713146,0.08999456,0.08511253,0.09986692,37.0,79.0,106.0,0.12195122,0.038751386,,0.0
2025-08-15,0,0,0,0,0.4516129,4.0,15.0,0.0,26914.285,26464.285,23480.953,25367.857,25991.428,378558.16,354773.06,354437.44,353494.5,357900.8,0.069402836,0.074977025,0.06640482,0.07346372,0.07379919,39.0,89.0,140.0,0.1,0.036321186,,0.0
2025-08-15,1,1,1,1,0.4516129,4.0,15.0,0.0,728.5714,29435.715,26366.666,24846.428,29694.285,382555.84,381566.94,381928.28,381176.1,385051.56,0.0007115622,0.07501518,0.06767265,0.06277826,0.074731216,56.0,81.0,127.0,0.075,0.046272263,,0.0
2025-08-15,2,0,0,0,0.4516129,4.0,15.0,0.0,23114.285,35821.43,30414.285,26632.143,29534.285,361434.16,351885.84,354296.16,352788.4,358141.5,0.06736869,0.10688289,0.08922375,0.07624988,0.082378685,41.0,68.0,119.0,0.075,0.047563225,,0.0
2025-08-15,3,0,0,0,0.4516129,4.0,15.0,0.0,-371.42856,12278.571,13619.048,16689.285,17234.285,371444.84,357839.06,356557.47,357306.8,361923.9,-0.00046141053,0.032421198,0.03743928,0.046629634,0.04751685,58.0,108.0,161.0,0.075,0.03312406,,0.0
2025-08-15,4,0,0,0,0.4516129,4.0,15.0,0.0,30900.0,30000.0,26266.666,24296.428,25822.857,371941.56,354637.94,355396.72,353251.44,357495.75,0.082897455,0.086698934,0.075689696,0.07166266,0.07362801,27.0,71.0,124.0,0.125,0.0377796,,0.0
2025-08-15,5,0,0,0,0.4516129,4.0,15.0,0.0,32042.857,27164.285,27871.428,28142.857,29520.0,378083.28,366402.06,364557.1,361448.78,365124.6,0.08559772,0.07611941,0.07729707,0.07762349,0.07980466,34.0,88.0,128.0,0.1,0.03521127,,0.0
2025-08-15,6,0,1,1,0.4516129,4.0,15.0,0.0,20857.143,21500.0,27028.572,27300.0,36728.57,372539.0,359814.84,358757.44,355660.47,361143.34,0.053677946,0.05570521,0.07314107,0.07447827,0.09583962,34.0,84.0,110.0,0.175,0.033639003,,1.0
2025-08-15,7,0,0,0,0.4516129,4.0,15.0,0.0,13142.857,28042.857,33961.906,30010.715,34345.715,369065.28,355884.22,355421.56,352157.97,359329.47,0.03532682,0.080477186,0.096143246,0.085194886,0.09478314,49.0,77.0,105.0,0.075,0.052751012,,0.0
2025-08-15,8,0,1,1,0.4516129,4.0,15.0,0.0,16200.0,30142.857,26704.762,35767.855,36577.145,364121.84,360887.28,356159.44,357340.53,360509.88,0.043888032,0.08117234,0.07071654,0.0938417,0.095965885,44.0,83.0,137.0,0.075,0.045774646,,0.0
2025-08-15,9,0,0,1,0.4516129,4.0,15.0,0.0,23400.0,20185.715,26452.38,32775.0,33817.145,356852.72,349076.0,348642.06,348266.1,353427.44,0.064022265,0.056380987,0.07450051,0.09207896,0.093581036,39.0,98.0,126.0,0.1,0.03547945,,0.0
2025-08-15,ã‚¾ãƒ­ç›®,0,0,1,0.4516129,4.0,15.0,0.0,18871.428,26792.857,29023.809,28064.285,32168.572,358977.56,345678.22,348749.66,346645.56,351882.8,0.051676296,0.08022745,0.08456381,0.082990356,0.09210202,41.0,77.0,109.0,0.025,0.038751386,,0.0
2025-08-16,0,0,0,0,0.48387095,5.0,16.0,0.0,22500.0,23850.0,23104.762,22403.572,24228.572,384788.84,359508.44,358341.94,357104.94,357739.38,0.057721622,0.067709535,0.06569274,0.06404414,0.06945078,43.0,91.0,141.0,0.075,0.036321186,,0.0
2025-08-16,1,0,0,0,0.48387095,5.0,16.0,0.0,10942.857,29557.143,28404.762,27253.572,30694.285,390664.28,382336.94,383688.44,383788.1,385123.4,0.026823295,0.07506833,0.07255442,0.06896,0.07717752,46.0,78.0,120.0,0.075,0.046272263,,0.33333334
2025-08-16,2,0,0,0,0.48387095,5.0,16.0,0.0,19985.715,31500.0,28080.953,25310.715,27485.715,361841.0,351966.22,355547.9,355952.4,356745.0,0.05865775,0.09487897,0.082334034,0.07165282,0.07730586,43.0,75.0,126.0,0.175,0.047563225,,0.0
2025-08-16,3,1,1,1,0.48387095,5.0,16.0,0.0,-2785.7144,11642.857,13123.81,16464.285,15831.429,370959.72,358900.78,359756.66,359695.2,361758.0,-0.006734419,0.030725451,0.035987537,0.046005584,0.043897975,57.0,106.0,161.0,0.1,0.03312406,,0.0
2025-08-16,4,0,0,1,0.48387095,5.0,16.0,0.0,25928.572,29692.857,25566.666,22860.715,24137.143,377091.44,356110.66,358927.9,356351.75,357457.78,0.06881778,0.085799806,0.073289104,0.06682081,0.06939682,28.0,67.0,124.0,0.075,0.0377796,,0.0
2025-08-16,5,0,0,0,0.48387095,5.0,16.0,0.0,25614.285,25014.285,26647.62,25917.857,29942.857,384424.84,367502.34,366113.62,362953.2,364459.8,0.066642605,0.07031844,0.073790155,0.07114,0.080857344,37.0,89.0,131.0,0.075,0.03521127,,0.0
2025-08-16,6,0,0,0,0.48387095,5.0,16.0,0.0,15328.571,17985.715,26214.285,27746.428,35128.57,374529.72,361725.16,362255.9,359089.72,361133.53,0.038541514,0.04560342,0.06969019,0.07507546,0.091738254,36.0,86.0,112.0,0.075,0.033639003,,0.0
2025-08-16,7,0,0,0,0.48387095,5.0,16.0,0.0,9728.571,24007.143,33104.76,30475.0,33925.715,376782.56,359089.28,359372.0,355604.4,359394.0,0.025007874,0.06879046,0.09323855,0.08662945,0.09370714,51.0,83.0,106.0,0.125,0.052751012,,0.33333334
2025-08-16,8,0,1,1,0.48387095,5.0,16.0,0.0,13185.714,29585.715,28776.191,36439.285,36048.57,365473.28,362735.22,358771.53,361170.5,360055.6,0.035386395,0.079131246,0.0764227,0.09508672,0.09472437,43.0,80.0,128.0,0.125,0.045774646,,0.0
2025-08-16,9,0,0,1,0.48387095,5.0,16.0,0.0,24485.715,20050.0,25261.904,32432.143,33117.145,366846.28,352184.84,352562.0,351028.8,353292.1,0.06572451,0.055506703,0.06995462,0.090509,0.09182959,35.0,95.0,129.0,0.075,0.03547945,,0.33333334
2025-08-16,ã‚¾ãƒ­ç›®,0,1,1,0.48387095,5.0,16.0,0.0,13485.714,26571.428,28700.0,28017.857,30514.285,361621.56,346950.28,350824.28,349443.75,351210.56,0.036190324,0.079401426,0.08322452,0.08228303,0.08806342,43.0,74.0,108.0,0.025,0.038751386,,0.0
2025-08-17,0,0,0,0,0.516129,6.0,17.0,0.0,21228.572,22271.428,22738.096,23428.572,23102.857,384132.84,358159.94,358809.06,357461.66,356625.25,0.05438011,0.06375563,0.06463435,0.06686189,0.06678138,47.0,93.0,141.0,0.075,0.036321186,,0.0
2025-08-17,1,0,0,1,0.516129,6.0,17.0,0.0,12228.571,25171.428,28942.857,27878.572,31185.715,389702.72,379138.94,382423.8,382553.0,383691.62,0.03028278,0.06493018,0.07401365,0.07059976,0.078461565,47.0,85.0,118.0,0.125,0.046272263,,0.0
2025-08-17,2,0,0,0,0.516129,6.0,17.0,0.0,18600.0,28421.428,27700.0,24503.572,26871.428,363357.44,350269.34,354890.06,355163.72,355195.38,0.054788098,0.08686872,0.0813007,0.069531545,0.07578508,45.0,81.0,126.0,0.05,0.047563225,,0.0
2025-08-17,3,0,0,1,0.516129,6.0,17.0,0.0,6242.857,13364.286,14576.19,18807.143,17117.143,373473.56,358015.84,358725.0,357468.7,360727.22,0.018236987,0.035633054,0.040135767,0.05225068,0.047480635,48.0,99.0,155.0,0.05,0.03312406,,0.33333334
2025-08-17,4,0,0,0,0.516129,6.0,17.0,0.0,27914.285,33000.0,25666.666,25935.715,22842.857,378352.0,356733.28,359134.44,356130.34,356261.66,0.07384966,0.0946946,0.07348996,0.07503377,0.06663412,29.0,62.0,124.0,0.075,0.0377796,,0.0
2025-08-17,5,0,0,0,0.516129,6.0,17.0,0.0,26985.715,27342.857,25076.191,26146.428,27597.143,381659.72,363583.0,364884.8,362579.9,362333.12,0.07062169,0.07640884,0.06979405,0.07180927,0.07559716,36.0,85.0,135.0,0.1,0.03521127,,0.0
2025-08-17,6,1,1,1,0.516129,6.0,17.0,0.0,12000.0,15685.714,24823.809,27778.572,28142.857,372464.28,360492.44,361138.28,358496.8,358288.38,0.029869143,0.039646562,0.0661619,0.07518463,0.076816924,42.0,90.0,117.0,0.075,0.033639003,,0.0
2025-08-17,7,0,0,0,0.516129,6.0,17.0,0.0,10028.571,22735.715,30528.572,30853.572,32282.857,372857.72,356246.22,359259.0,355338.97,357522.97,0.026392851,0.066038795,0.08614753,0.0877034,0.09011084,51.0,86.0,111.0,0.075,0.052751012,,0.0
2025-08-17,8,0,0,0,0.516129,6.0,17.0,0.0,14600.0,30364.285,30200.0,34367.855,36445.715,368516.44,362730.06,359676.1,360959.44,359622.28,0.038130045,0.08109946,0.07989599,0.08999739,0.09582464,44.0,79.0,123.0,0.075,0.045774646,,0.0
2025-08-17,9,0,1,1,0.516129,6.0,17.0,0.0,19771.428,19050.0,24257.143,30825.0,33794.285,363368.84,349370.22,351728.56,349582.56,351662.5,0.05408462,0.053689294,0.06745374,0.086774796,0.09391233,39.0,98.0,132.0,0.075,0.03547945,,0.0
2025-08-17,ã‚¾ãƒ­ç›®,0,1,1,0.516129,6.0,17.0,0.0,23285.715,31514.285,30076.191,30503.572,29897.143,359789.72,344121.94,349927.25,348112.22,349286.1,0.06527916,0.0938259,0.08752585,0.089543566,0.087282345,34.0,66.0,104.0,0.225,0.038751386,,0.6666667
2025-08-18,0,0,0,0,0.5483871,0.0,18.0,0.0,17685.715,20485.715,21480.953,22775.0,22991.428,384222.84,359086.28,358064.94,357293.53,357157.2,0.04539701,0.05908629,0.061569165,0.065225914,0.06648819,54.0,97.0,144.0,0.09756097,0.036321186,,0.0
2025-08-18,1,0,0,0,0.5483871,0.0,18.0,0.0,13328.571,22800.0,27890.477,27496.428,29345.715,392566.16,379708.28,382339.25,381952.3,383789.56,0.032675307,0.05899972,0.07148892,0.06978882,0.07395783,46.0,88.0,118.0,0.14634146,0.046272263,,0.0
2025-08-18,2,1,1,1,0.5483871,0.0,18.0,0.0,20585.715,27600.0,27061.904,22839.285,26211.428,363474.0,351271.5,353678.84,355258.25,354911.12,0.059863165,0.08464045,0.07982856,0.06524812,0.07415565,45.0,82.0,126.0,0.12195122,0.047563225,,0.33333334
2025-08-18,3,0,0,0,0.5483871,0.0,18.0,0.0,15342.857,9614.286,15128.571,17235.715,18171.428,374917.28,356059.66,357572.56,357276.56,360214.72,0.042152934,0.026872555,0.041652698,0.048274793,0.05016322,41.0,102.0,149.0,0.048780486,0.03312406,,0.0
2025-08-18,4,0,0,1,0.5483871,0.0,18.0,0.0,25300.0,32171.428,25904.762,26860.715,23251.428,376501.56,359100.34,358210.47,356492.78,356219.88,0.06750452,0.09208126,0.07416833,0.07744804,0.067689836,33.0,63.0,120.0,0.14634146,0.0377796,,0.33333334
2025-08-18,5,0,0,0,0.5483871,0.0,18.0,0.0,29314.285,27085.715,24133.334,24707.143,27277.143,383880.28,364085.16,363625.47,363556.97,362642.16,0.07642508,0.07572029,0.06770058,0.06790626,0.074758254,36.0,83.0,136.0,0.09756097,0.03521127,,0.33333334
2025-08-18,6,0,0,1,0.5483871,0.0,18.0,0.0,13414.286,15264.286,24476.191,27753.572,28377.143,376781.44,363551.5,361728.8,359706.75,359617.53,0.03219245,0.03765,0.0651639,0.07477245,0.077035405,41.0,88.0,116.0,0.0,0.033639003,,0.0
2025-08-18,7,0,1,1,0.5483871,0.0,18.0,0.0,14557.143,21085.715,28952.38,31060.715,32451.428,373112.16,357010.16,358187.62,355965.25,357868.84,0.037915282,0.06163151,0.08248861,0.088171184,0.09050747,47.0,88.0,113.0,0.09756097,0.052751012,,0.0
2025-08-18,8,0,0,0,0.5483871,0.0,18.0,0.0,13814.286,29364.285,28328.572,31950.0,35157.145,372795.28,362540.5,361029.06,361798.0,360007.72,0.03590802,0.07866525,0.07491156,0.083669454,0.09253972,47.0,80.0,127.0,0.14634146,0.045774646,,0.0
2025-08-18,9,0,0,0,0.5483871,0.0,18.0,0.0,21057.143,20228.572,22866.666,29039.285,32191.428,365720.44,350232.72,351287.66,350084.9,351609.03,0.05713242,0.05666805,0.06403573,0.08193181,0.08982411,37.0,90.0,132.0,0.07317073,0.03547945,,0.0
2025-08-18,ã‚¾ãƒ­ç›®,0,1,1,0.5483871,0.0,18.0,0.0,19442.857,30428.572,28561.904,29467.857,29508.572,360526.56,344232.34,349502.0,348247.9,349130.53,0.054822218,0.090917744,0.08368256,0.08674705,0.08629548,35.0,63.0,105.0,0.024390243,0.038751386,,0.0
2025-08-19,0,0,1,1,0.58064514,1.0,19.0,0.0,7942.857,19121.428,20442.857,21564.285,21931.428,370017.84,360803.84,358140.94,352446.66,355729.0,0.020434126,0.05378618,0.057901654,0.062468596,0.06336754,63.0,102.0,151.0,0.12195122,0.036321186,,0.0
2025-08-19,1,0,0,0,0.58064514,1.0,19.0,0.0,12271.429,19442.857,27771.428,24471.428,28171.428,382894.0,379981.5,381879.1,378188.22,383010.75,0.030460961,0.048409473,0.07115739,0.06287869,0.07063453,50.0,96.0,120.0,0.024390243,0.046272263,,0.0
2025-08-19,2,0,0,1,0.58064514,1.0,19.0,0.0,12414.286,27707.143,28538.096,22442.857,24991.428,364144.44,354032.0,353763.84,352341.2,355116.12,0.034988504,0.084131986,0.08422537,0.064952016,0.07038393,45.0,79.0,117.0,0.07317073,0.047563225,,0.33333334
2025-08-19,3,0,0,0,0.58064514,1.0,19.0,0.0,16557.143,10014.286,15347.619,17200.0,16545.715,370086.28,358354.22,359010.16,354488.47,359953.97,0.04621462,0.027755799,0.04209873,0.048580762,0.045471977,41.0,101.0,149.0,0.07317073,0.03312406,,0.0
2025-08-19,4,0,0,0,0.58064514,1.0,19.0,0.0,22600.0,29585.715,26200.0,26567.857,23611.428,370692.72,362014.22,359229.8,354361.2,356497.5,0.061682343,0.08270956,0.074830815,0.077150345,0.0687054,34.0,66.0,119.0,0.07317073,0.0377796,,0.0
2025-08-19,5,0,0,0,0.58064514,1.0,19.0,0.0,27171.428,27721.428,22642.857,23989.285,25971.428,373775.28,365024.94,361659.66,359672.53,361870.25,0.072161816,0.07773142,0.06369155,0.066674866,0.07094003,40.0,82.0,143.0,0.09756097,0.03521127,,0.33333334
2025-08-19,6,1,1,1,0.58064514,1.0,19.0,0.0,16885.715,15478.571,24823.809,26803.572,27314.285,369159.44,366046.34,362722.75,356950.5,359356.66,0.0430027,0.037734326,0.06606826,0.0729164,0.0738809,37.0,86.0,115.0,0.14634146,0.033639003,,0.0
2025-08-19,7,0,0,1,0.58064514,1.0,19.0,0.0,20342.857,19678.572,29966.666,31296.428,31522.857,366687.0,359490.44,359014.72,352772.03,357289.5,0.05539055,0.055902235,0.085612305,0.0894414,0.08791895,40.0,88.0,107.0,0.07317073,0.052751012,,0.33333334
2025-08-19,8,0,0,0,0.58064514,1.0,19.0,0.0,12328.571,30835.715,30609.523,30400.0,35977.145,363858.56,364491.22,361320.53,358360.03,357926.6,0.03350301,0.08345456,0.08241851,0.08039745,0.09506144,48.0,75.0,122.0,0.12195122,0.045774646,,0.0
2025-08-19,9,0,1,1,0.58064514,1.0,19.0,0.0,24457.143,20714.285,22109.523,27082.143,31465.715,357961.84,351048.0,350495.1,346772.3,350427.84,0.067476176,0.05822834,0.06176025,0.07730274,0.08784608,35.0,89.0,138.0,0.09756097,0.03547945,,0.0
2025-08-19,ã‚¾ãƒ­ç›®,0,0,0,0.58064514,1.0,19.0,0.0,23657.143,30814.285,28038.096,29342.857,29885.715,351169.56,345609.22,348301.0,344566.22,347705.06,0.06920646,0.0917871,0.08244607,0.08740604,0.08782,29.0,60.0,105.0,0.09756097,0.038751386,,0.0
2025-08-20,0,0,0,0,0.61290324,2.0,20.0,0.0,12300.0,19121.428,21985.715,21821.428,22637.143,362133.84,363303.34,356909.8,351174.7,354263.7,0.034198344,0.05290061,0.06273476,0.063554645,0.06567157,56.0,97.0,145.0,0.024390243,0.036321186,,0.0
2025-08-20,1,0,0,1,0.61290324,2.0,20.0,0.0,9942.857,16357.143,25719.047,23192.857,26911.428,382729.0,384262.28,382011.16,378378.3,382731.34,0.02411481,0.039312843,0.06555484,0.059383914,0.06724522,50.0,98.0,127.0,0.19512194,0.046272263,,0.33333334
2025-08-20,2,0,0,0,0.61290324,2.0,20.0,0.0,10914.286,22792.857,29566.666,22617.857,24568.572,358777.72,352797.06,353357.53,350551.53,353872.94,0.031511564,0.069447525,0.08749093,0.06569231,0.069380455,46.0,83.0,112.0,0.12195122,0.047563225,,0.0
2025-08-20,3,0,0,0,0.61290324,2.0,20.0,0.0,16942.857,7742.857,14833.333,15167.857,16180.0,370731.0,362744.0,360269.94,354375.97,359465.4,0.047280256,0.01927236,0.0403605,0.0427776,0.04451047,40.0,103.0,153.0,0.07317073,0.03312406,,0.0
2025-08-20,4,0,0,1,0.61290324,2.0,20.0,0.0,16428.572,24907.143,24390.477,25132.143,20874.285,365631.56,365208.84,358886.44,352836.72,355443.1,0.043914903,0.067001,0.06939747,0.073038995,0.06106069,39.0,72.0,124.0,0.07317073,0.0377796,,0.0
2025-08-20,5,0,1,1,0.61290324,2.0,20.0,0.0,19685.715,22950.0,22985.715,23089.285,25880.0,369753.84,366124.66,363871.53,358432.72,361259.84,0.051980272,0.06279824,0.06465237,0.06434986,0.07073395,47.0,88.0,143.0,0.048780486,0.03521127,,0.33333334
2025-08-20,6,0,1,1,0.61290324,2.0,20.0,0.0,18171.428,17828.572,24447.62,27146.428,26531.428,364401.0,365868.66,362690.06,356421.3,358157.78,0.04829565,0.044808026,0.06495497,0.07411066,0.07223339,36.0,76.0,114.0,0.07317073,0.033639003,,0.0
2025-08-20,7,0,0,0,0.61290324,2.0,20.0,0.0,22685.715,18450.0,27085.715,30678.572,30088.572,363064.72,360376.56,358688.66,351127.6,357006.1,0.062766775,0.051761698,0.076915696,0.08803503,0.083651595,35.0,86.0,110.0,0.07317073,0.052751012,,0.0
2025-08-20,8,1,1,1,0.61290324,2.0,20.0,0.0,8671.429,27850.0,30666.666,29017.857,34560.0,368193.44,371198.0,363757.53,359450.1,357814.1,0.02293968,0.07307028,0.0827576,0.07636962,0.09124587,51.0,77.0,120.0,0.17073171,0.045774646,,0.33333334
2025-08-20,9,0,0,0,0.61290324,2.0,20.0,0.0,24457.143,21971.428,23047.62,26589.285,31400.0,356706.84,353148.56,351193.84,346066.2,349527.94,0.067846194,0.061689366,0.06449796,0.07610219,0.08791388,34.0,81.0,134.0,0.09756097,0.03547945,,0.0
2025-08-20,ã‚¾ãƒ­ç›®,0,0,0,0.61290324,2.0,20.0,0.0,24285.715,27771.428,28442.857,29939.285,28631.428,348297.72,349561.44,348887.56,343303.6,347040.38,0.07135223,0.08011664,0.08363769,0.08918451,0.084357716,28.0,63.0,104.0,0.048780486,0.038751386,,0.0
2025-08-21,0,0,0,0,0.6451613,3.0,21.0,0.0,-3000.0,13528.571,18733.334,18621.428,20511.428,344777.0,364748.34,351395.28,350146.7,353380.84,-0.011388008,0.032874703,0.052050542,0.05277013,0.058436424,65.0,103.0,150.0,0.12195122,0.036321186,,0.0
2025-08-21,1,0,0,0,0.6451613,3.0,21.0,0.0,14271.429,9621.429,26566.666,22746.428,24220.0,375671.0,378507.22,377926.53,377633.53,380646.75,0.036315035,0.023847539,0.06807216,0.058240335,0.060923103,45.0,102.0,123.0,0.09756097,0.046272263,,0.0
2025-08-21,2,0,0,0,0.6451613,3.0,21.0,0.0,8800.0,19292.857,28676.191,24614.285,24868.572,350645.16,356567.44,350877.44,351423.0,354171.72,0.02654097,0.055663392,0.08528676,0.072452806,0.07033213,49.0,86.0,114.0,0.17073171,0.047563225,,0.0
2025-08-21,3,0,0,0,0.6451613,3.0,21.0,0.0,15471.429,7978.5713,14342.857,14896.429,16880.0,351589.44,364576.16,354875.84,352683.53,357734.8,0.0406768,0.020673484,0.038208976,0.04160799,0.046229284,40.0,102.0,152.0,0.0,0.03312406,,0.0
2025-08-21,4,0,1,1,0.6451613,3.0,21.0,0.0,15785.714,25200.0,25680.953,24207.143,21688.572,352144.16,363486.72,354132.38,351299.22,354366.22,0.044615787,0.06839122,0.073754236,0.07040245,0.06394961,39.0,67.0,117.0,0.048780486,0.0377796,,0.0
2025-08-21,5,0,0,1,0.6451613,3.0,21.0,0.0,14071.429,24335.715,24447.62,24753.572,27108.572,367054.16,373617.34,364683.38,361345.34,363450.8,0.03877834,0.06531246,0.06839677,0.06892626,0.07404757,48.0,83.0,137.0,0.024390243,0.03521127,,0.0
2025-08-21,6,0,0,1,0.6451613,3.0,21.0,0.0,18685.715,21921.428,25209.523,26757.143,27177.143,354377.84,367256.34,358036.44,355493.66,357026.06,0.05161661,0.059262656,0.067717984,0.07310276,0.074394196,34.0,68.0,110.0,0.07317073,0.033639003,,0.0
2025-08-21,7,0,0,0,0.6451613,3.0,21.0,0.0,20628.572,16114.286,25490.477,29742.857,26574.285,353677.56,362061.66,354643.44,352298.84,352963.12,0.056182094,0.043537255,0.072378546,0.08469607,0.07534866,36.0,88.0,113.0,0.17073171,0.052751012,,0.6666667
2025-08-21,8,0,0,0,0.6451613,3.0,21.0,0.0,26071.428,27757.143,31566.666,28175.0,36714.285,374036.0,371797.5,365026.0,357958.1,361681.44,0.0672321,0.072481915,0.08436511,0.07525459,0.09593463,41.0,76.0,120.0,0.09756097,0.045774646,,0.33333334
2025-08-21,9,0,1,1,0.6451613,3.0,21.0,0.0,20414.285,18342.857,19319.047,23907.143,30145.715,347761.16,352943.72,347526.75,345876.7,349037.84,0.053266253,0.049241085,0.053121593,0.06696062,0.08364188,36.0,83.0,142.0,0.07317073,0.03547945,,0.0
2025-08-21,ã‚¾ãƒ­ç›®,1,1,1,0.6451613,3.0,21.0,0.0,21157.143,24307.143,26590.477,28135.715,27368.572,337564.72,349826.5,343136.06,343185.9,345706.3,0.06199255,0.06797778,0.078751825,0.08299406,0.08048853,29.0,66.0,108.0,0.12195122,0.038751386,,0.0
2025-08-22,0,0,1,1,0.67741936,4.0,22.0,0.0,-4685.7144,11114.286,16080.952,16439.285,19357.143,338828.72,358693.44,349458.28,350535.25,350561.34,-0.016590947,0.026405947,0.04445437,0.04565588,0.055452786,66.0,105.0,155.0,0.1,0.036321186,,0.0
2025-08-22,1,0,0,1,0.67741936,4.0,22.0,0.0,12314.286,6521.4287,23728.572,22853.572,22340.0,365596.0,374075.94,376243.28,377845.22,378060.1,0.03126012,0.015985841,0.060430158,0.058569517,0.05647463,49.0,105.0,130.0,0.075,0.046272263,,0.33333334
2025-08-22,2,0,0,0,0.67741936,4.0,22.0,0.0,10600.0,16857.143,27414.285,25460.715,23425.715,347633.72,354533.94,350468.47,352630.53,351757.47,0.0318335,0.049601097,0.08186643,0.07487619,0.06736661,48.0,89.0,116.0,0.075,0.047563225,,0.0
2025-08-22,3,0,0,0,0.67741936,4.0,22.0,0.0,8542.857,4085.7144,11033.333,12350.0,15060.0,344283.0,357863.94,353320.38,353488.84,354702.06,0.020200076,0.009869332,0.02834749,0.033129476,0.041343722,48.0,106.0,156.0,0.075,0.03312406,,0.0
2025-08-22,4,0,0,1,0.67741936,4.0,22.0,0.0,19128.572,25014.285,26376.191,24482.143,23262.857,342632.56,357287.06,350636.16,352205.7,351127.66,0.056889694,0.069893576,0.07676253,0.0709897,0.06870807,37.0,64.0,108.0,0.125,0.0377796,,0.0
2025-08-22,5,0,0,0,0.67741936,4.0,22.0,0.0,16942.857,24492.857,23757.143,25139.285,25902.857,358804.84,368444.06,363869.66,363119.03,360920.0,0.04753284,0.06656528,0.066590555,0.06985601,0.071605355,44.0,78.0,132.0,0.1,0.03521127,,0.0
2025-08-22,6,0,0,0,0.67741936,4.0,22.0,0.0,28300.0,24578.572,23766.666,27346.428,27500.0,354396.44,363467.72,358008.72,357667.2,355407.66,0.07931302,0.066495486,0.06357448,0.07468405,0.07544522,28.0,62.0,112.0,0.175,0.033639003,,0.6666667
2025-08-22,7,1,1,1,0.67741936,4.0,22.0,0.0,13785.714,13464.286,23290.477,28917.857,26765.715,342320.0,355692.66,351362.8,352146.2,350190.38,0.039896253,0.037611537,0.06695021,0.0820815,0.076135166,43.0,92.0,120.0,0.075,0.052751012,,0.0
2025-08-22,8,0,1,1,0.67741936,4.0,22.0,0.0,30371.428,23285.715,30219.047,27621.428,34688.57,367886.28,366004.06,363220.28,359091.16,359449.7,0.08017779,0.062032912,0.080840826,0.07308185,0.09110892,38.0,82.0,121.0,0.075,0.045774646,,0.0
2025-08-22,9,0,0,0,0.67741936,4.0,22.0,0.0,16471.428,19935.715,18947.62,23957.143,29514.285,339753.0,348302.84,345968.34,346419.78,346563.5,0.044460174,0.05424122,0.052407384,0.06699043,0.082555205,37.0,76.0,135.0,0.1,0.03547945,,0.0
2025-08-22,ã‚¾ãƒ­ç›®,0,0,0,0.67741936,4.0,22.0,0.0,25700.0,22285.715,26428.572,28192.857,27591.428,332019.44,345498.5,341125.28,344567.1,343720.34,0.07658938,0.06413284,0.07901476,0.0825702,0.08171016,24.0,65.0,101.0,0.025,0.038751386,,0.0
2025-08-23,0,0,0,0,0.7096774,5.0,23.0,0.0,4542.857,13521.429,17414.285,18464.285,18831.428,333810.28,359299.56,350942.38,352209.03,352446.0,0.008098159,0.03290989,0.04783908,0.051294096,0.052854948,57.0,100.0,148.0,0.075,0.036321186,,0.0
2025-08-23,1,0,0,0,0.7096774,5.0,23.0,0.0,10957.143,10950.0,23357.143,24042.857,23994.285,361335.84,376000.06,375336.56,378100.28,379297.66,0.029136512,0.027979905,0.059757724,0.061699938,0.060995303,53.0,99.0,131.0,0.075,0.046272263,,0.33333334
2025-08-23,2,0,1,1,0.7096774,5.0,23.0,0.0,16685.715,18335.715,26561.904,25232.143,23585.715,348007.84,354924.44,350646.75,353662.9,354363.5,0.04859345,0.053625602,0.079450466,0.07389889,0.06704095,45.0,88.0,120.0,0.175,0.047563225,,0.0
2025-08-23,3,1,1,1,0.7096774,5.0,23.0,0.0,5871.4287,1542.8572,9719.048,11310.714,14345.714,339912.28,355436.0,352571.28,354795.56,355738.6,0.012460004,0.0028627922,0.024636969,0.030105652,0.039296467,50.0,107.0,156.0,0.1,0.03312406,,0.33333334
2025-08-23,4,0,0,0,0.7096774,5.0,23.0,0.0,24542.857,25235.715,27976.191,25310.715,23197.143,338302.28,357696.84,350174.53,353771.5,352741.84,0.0719098,0.07036379,0.08116981,0.07294428,0.06783861,35.0,63.0,102.0,0.075,0.0377796,,0.0
2025-08-23,5,0,0,0,0.7096774,5.0,23.0,0.0,19414.285,22514.285,23147.62,24839.285,24617.143,350059.44,367242.16,361688.06,362100.06,360374.44,0.055524666,0.061083637,0.06538718,0.069223784,0.06801693,45.0,82.0,134.0,0.075,0.03521127,,0.0
2025-08-23,6,0,0,1,0.7096774,5.0,23.0,0.0,26614.285,20971.428,20861.904,26314.285,27520.0,352056.84,363293.28,358502.38,359706.16,357683.16,0.07529177,0.056916643,0.05549954,0.07109059,0.07511873,34.0,70.0,120.0,0.075,0.033639003,,0.0
2025-08-23,7,0,1,1,0.7096774,5.0,23.0,0.0,22942.857,16335.714,23652.38,30564.285,28968.572,337988.16,357385.34,352055.56,354026.03,352081.16,0.06526019,0.045134027,0.0676137,0.08624396,0.082355596,36.0,87.0,119.0,0.125,0.052751012,,0.0
2025-08-23,8,0,0,0,0.7096774,5.0,23.0,0.0,32685.715,22935.715,30619.047,29753.572,35688.57,363384.16,364428.72,362951.53,359924.7,361613.22,0.08799418,0.061690286,0.08208556,0.07931557,0.093668215,39.0,82.0,119.0,0.125,0.045774646,,0.0
2025-08-23,9,0,0,0,0.7096774,5.0,23.0,0.0,14300.0,19392.857,18133.334,22521.428,28805.715,335744.72,351295.5,346704.8,348357.7,347972.0,0.03907011,0.05239731,0.05002784,0.062233493,0.08022122,42.0,77.0,137.0,0.075,0.03547945,,0.33333334
2025-08-23,ã‚¾ãƒ­ç›®,0,0,1,0.7096774,5.0,23.0,0.0,28428.572,20957.143,27190.477,28632.143,28100.0,328341.28,344981.44,340747.28,345203.53,345223.25,0.08498883,0.060589578,0.0812639,0.083665594,0.08282419,26.0,69.0,100.0,0.025,0.038751386,,0.0
2025-08-24,0,1,1,1,0.7419355,6.0,24.0,0.0,4128.5713,12678.571,16223.81,18085.715,19568.572,340340.84,362236.84,352220.25,354192.0,354037.5,0.0066168574,0.030498484,0.044709373,0.05012998,0.054812882,57.0,104.0,150.0,0.075,0.036321186,,0.0
2025-08-24,1,0,0,1,0.7419355,6.0,24.0,0.0,11771.429,12000.0,20704.762,24650.0,24657.143,370371.28,380037.0,376216.38,379410.7,380116.66,0.030197171,0.030239975,0.05335251,0.06305953,0.06251924,51.0,98.0,136.0,0.125,0.046272263,,0.0
2025-08-24,2,0,0,0,0.7419355,6.0,24.0,0.0,22828.572,20714.285,26557.143,26482.143,24168.572,356420.72,359889.06,352319.8,355272.72,355415.12,0.06340757,0.059097834,0.079048336,0.076827414,0.06830675,37.0,82.0,118.0,0.05,0.047563225,,0.0
2025-08-24,3,0,1,1,0.7419355,6.0,24.0,0.0,5871.4287,6057.143,10866.667,12400.0,16220.0,347865.56,360669.56,354632.44,356010.16,355548.06,0.009713523,0.013975255,0.026993211,0.032530207,0.043743245,50.0,98.0,149.0,0.05,0.03312406,,0.33333334
2025-08-24,4,0,0,0,0.7419355,6.0,24.0,0.0,19128.572,23521.428,28376.191,24032.143,24574.285,344560.84,361456.44,352675.8,355491.03,353816.47,0.056963906,0.065406784,0.0821177,0.06935844,0.0714198,39.0,68.0,101.0,0.075,0.0377796,,0.0
2025-08-24,5,0,0,0,0.7419355,6.0,24.0,0.0,14257.143,20621.428,22980.953,22371.428,23768.572,358095.16,369877.44,361753.72,363187.4,361682.94,0.042147346,0.05638452,0.064988345,0.06288237,0.065876886,48.0,84.0,133.0,0.1,0.03521127,,0.0
2025-08-24,6,0,0,0,0.7419355,6.0,24.0,0.0,30157.143,21078.572,20509.523,26157.143,28254.285,361484.44,366974.34,360823.1,361224.8,359094.34,0.08314959,0.056509364,0.05414757,0.07040882,0.07677762,29.0,71.0,119.0,0.075,0.033639003,,0.33333334
2025-08-24,7,0,0,0,0.7419355,6.0,24.0,0.0,26242.857,18135.715,23904.762,29457.143,29931.428,345677.0,359267.34,352723.16,355863.5,353406.56,0.07211506,0.049253955,0.06806422,0.08263942,0.08458573,32.0,83.0,118.0,0.075,0.052751012,,0.0
2025-08-24,8,0,1,1,0.7419355,6.0,24.0,0.0,20185.715,17392.857,26971.428,27696.428,31531.428,366450.56,367483.5,363970.25,361369.72,362057.66,0.05710579,0.047617916,0.07310157,0.07419844,0.08341907,47.0,91.0,126.0,0.075,0.045774646,,0.0
2025-08-24,9,0,0,0,0.7419355,6.0,24.0,0.0,11357.143,15564.286,16485.715,21032.143,26931.428,346499.16,354934.0,348413.2,350421.22,348965.88,0.029507179,0.0417959,0.04562859,0.057967104,0.07532127,44.0,83.0,142.0,0.075,0.03547945,,0.0
2025-08-24,ã‚¾ãƒ­ç›®,0,0,1,0.7419355,6.0,24.0,0.0,25800.0,24542.857,29609.523,29007.143,29562.857,338980.56,349385.16,342408.16,347190.56,346285.88,0.074444495,0.06986183,0.08736543,0.08425551,0.08652376,28.0,62.0,94.0,0.225,0.038751386,,0.33333334
2025-08-25,0,0,1,1,0.7741935,0.0,25.0,0.0,10200.0,13942.857,17057.143,18660.715,20260.0,342951.56,363587.22,353708.06,354286.6,354425.16,0.02132063,0.03335882,0.046497736,0.05150703,0.056444857,47.0,101.0,144.0,0.09756097,0.036321186,,0.0
2025-08-25,1,0,1,1,0.7741935,0.0,25.0,0.0,13428.571,13378.571,19676.191,24275.0,24682.857,368312.16,380439.16,375909.56,378832.47,379224.28,0.0346402,0.033657756,0.05087988,0.062276736,0.0627591,50.0,96.0,138.0,0.14634146,0.046272263,,0.0
2025-08-25,2,0,0,0,0.7741935,0.0,25.0,0.0,19528.572,20057.143,24909.523,25178.572,22177.143,358863.56,361168.78,353802.2,354975.03,355979.3,0.055214684,0.057538927,0.07483186,0.07367509,0.06324143,39.0,84.0,121.0,0.12195122,0.047563225,,0.6666667
2025-08-25,3,0,0,0,0.7741935,0.0,25.0,0.0,7600.0,11471.429,8942.857,13246.429,15308.571,349111.56,362014.44,353743.62,355457.3,355643.56,0.013888462,0.028020699,0.022544524,0.034711637,0.041397527,49.0,90.0,151.0,0.048780486,0.03312406,,0.0
2025-08-25,4,0,0,0,0.7741935,0.0,25.0,0.0,19871.428,22585.715,28071.428,24396.428,25462.857,343997.84,360249.72,354066.2,354657.3,353993.8,0.058962334,0.06323343,0.08104162,0.07036683,0.0737509,40.0,73.0,103.0,0.14634146,0.0377796,,0.33333334
2025-08-25,5,0,0,0,0.7741935,0.0,25.0,0.0,13200.0,21257.143,22457.143,21400.0,22405.715,355313.56,369596.94,361161.28,361547.5,361908.28,0.039636254,0.05803067,0.06369228,0.060684502,0.062252257,49.0,85.0,132.0,0.09756097,0.03521127,,0.0
2025-08-25,6,0,0,1,0.7741935,0.0,25.0,0.0,27000.0,20207.143,19176.191,25107.143,27602.857,355230.72,366006.06,360777.9,360104.28,358811.53,0.076779835,0.054486144,0.05069328,0.068067886,0.07517393,35.0,76.0,123.0,0.0,0.033639003,,0.0
2025-08-25,7,0,0,0,0.7741935,0.0,25.0,0.0,27871.428,21214.285,23347.62,28682.143,30422.857,345148.72,359130.44,353056.34,354927.9,353801.94,0.07635826,0.05713677,0.06654043,0.08095603,0.0858086,32.0,79.0,120.0,0.09756097,0.052751012,,0.0
2025-08-25,8,0,0,1,0.7741935,0.0,25.0,0.0,25385.715,19600.0,28038.096,27592.857,30637.143,365575.0,369185.16,363552.0,362165.53,362553.4,0.07009788,0.05300295,0.07580946,0.07370814,0.08095514,39.0,86.0,119.0,0.14634146,0.045774646,,0.0
2025-08-25,9,0,0,0,0.7741935,0.0,25.0,0.0,5800.0,13428.571,15419.048,18600.0,24391.428,344517.56,355119.0,348327.66,349595.16,348971.44,0.015042434,0.036087427,0.042792846,0.051787406,0.06855393,51.0,88.0,141.0,0.07317073,0.03547945,,0.0
2025-08-25,ã‚¾ãƒ­ç›®,1,1,1,0.7741935,0.0,25.0,0.0,26614.285,23028.572,29157.143,28075.0,28897.143,340940.0,350733.28,343134.9,347361.5,346786.3,0.076182336,0.06550227,0.08600594,0.0818075,0.0846341,31.0,66.0,94.0,0.024390243,0.038751386,,0.0
2025-08-26,0,0,0,0,0.8064516,1.0,26.0,0.0,19714.285,13828.571,19319.047,20260.715,21194.285,351865.56,360941.72,357824.44,356572.1,352330.44,0.048448145,0.034441136,0.052006837,0.055538278,0.059664506,38.0,101.0,140.0,0.12195122,0.036321186,,0.0
2025-08-26,1,0,0,0,0.8064516,1.0,26.0,0.0,19600.0,15935.714,19495.238,25728.572,23497.143,375292.28,379093.16,378418.44,380232.4,377609.03,0.050928857,0.04069491,0.049249265,0.066100255,0.060488727,43.0,93.0,139.0,0.024390243,0.046272263,,0.0
2025-08-26,2,0,0,0,0.8064516,1.0,26.0,0.0,19185.715,15800.0,24866.666,26200.0,21791.428,356085.72,360115.06,354716.56,354344.3,353090.1,0.054952122,0.044970315,0.074405365,0.07690706,0.062952034,46.0,91.0,125.0,0.07317073,0.047563225,,0.33333334
2025-08-26,3,0,0,0,0.8064516,1.0,26.0,0.0,7314.2856,11935.714,9114.286,13339.286,15222.857,346196.28,358141.28,354301.56,355806.7,352830.03,0.013517251,0.029865937,0.023009617,0.034953363,0.04156806,52.0,93.0,153.0,0.07317073,0.03312406,,0.0
2025-08-26,4,1,1,1,0.8064516,1.0,26.0,0.0,16857.143,19728.572,25342.857,23864.285,24625.715,337130.16,353911.44,353719.53,353704.9,350914.97,0.05060583,0.056144085,0.07200832,0.06877457,0.07184144,47.0,81.0,113.0,0.07317073,0.0377796,,0.0
2025-08-26,5,0,0,1,0.8064516,1.0,26.0,0.0,15228.571,21200.0,23557.143,20789.285,22237.143,357306.84,365541.06,362452.25,360571.47,359199.4,0.045677274,0.05891954,0.06704671,0.059187982,0.062475346,48.0,88.0,130.0,0.09756097,0.03521127,,0.33333334
2025-08-26,6,0,0,0,0.8064516,1.0,26.0,0.0,28657.143,22771.428,19871.428,25782.143,27174.285,355644.44,362401.94,362579.06,360953.2,356689.28,0.08179104,0.062396873,0.052419897,0.06999896,0.07469133,35.0,72.0,121.0,0.14634146,0.033639003,,0.33333334
2025-08-26,7,0,1,1,0.8064516,1.0,26.0,0.0,27228.572,23785.715,22195.238,29282.143,30482.857,344231.84,355459.44,354404.25,355319.0,351064.0,0.07455919,0.06497487,0.06212122,0.082849026,0.08646496,38.0,78.0,126.0,0.07317073,0.052751012,,0.0
2025-08-26,8,0,0,1,0.8064516,1.0,26.0,0.0,29100.0,20714.285,30257.143,30232.143,30140.0,365017.72,364438.16,364666.72,362244.8,359691.56,0.082459494,0.057981253,0.08312287,0.08242875,0.08080986,37.0,85.0,112.0,0.12195122,0.045774646,,0.0
2025-08-26,9,0,0,0,0.8064516,1.0,26.0,0.0,8857.143,16657.143,16761.904,18796.428,23437.143,345848.28,351905.06,349314.75,349333.4,346587.5,0.024673281,0.04607473,0.04704332,0.05248851,0.06677685,48.0,83.0,137.0,0.09756097,0.03547945,,0.0
2025-08-26,ã‚¾ãƒ­ç›®,0,1,1,0.8064516,1.0,26.0,0.0,33185.715,28421.428,31604.762,29325.0,30111.428,346357.72,348763.66,345858.72,347815.2,344924.5,0.09414978,0.08167812,0.09257466,0.08537199,0.08875479,30.0,59.0,90.0,0.09756097,0.038751386,,0.0
2025-08-27,0,0,1,1,0.83870965,2.0,27.0,0.0,9400.0,10850.0,15880.952,18839.285,19337.143,349800.0,355966.94,358802.25,355132.34,350899.75,0.015262891,0.024730617,0.040354703,0.050866794,0.053896293,46.0,102.0,143.0,0.024390243,0.036321186,,0.0
2025-08-27,1,0,0,0,0.83870965,2.0,27.0,0.0,25614.285,17778.572,19442.857,25692.857,23677.143,370972.56,376850.78,379832.38,379251.5,376897.16,0.06789978,0.046007294,0.048841823,0.06614108,0.061087087,38.0,88.0,136.0,0.19512194,0.046272263,,0.33333334
2025-08-27,2,0,0,0,0.83870965,2.0,27.0,0.0,17785.715,14350.0,21123.809,26621.428,21651.428,357024.72,357901.22,354206.28,354274.3,351846.16,0.05041678,0.04096417,0.063103944,0.078222394,0.0626372,51.0,97.0,134.0,0.12195122,0.047563225,,0.0
2025-08-27,3,1,1,1,0.83870965,2.0,27.0,0.0,7100.0,12021.429,7528.5713,12900.0,13554.286,345766.16,358248.56,357084.72,356644.0,352654.0,0.012934782,0.030107519,0.017159833,0.03350407,0.03680904,53.0,93.0,156.0,0.07317073,0.03312406,,0.0
2025-08-27,4,0,0,1,0.83870965,2.0,27.0,0.0,28571.428,22500.0,26128.572,25435.715,25820.0,337857.16,351744.34,356091.62,353629.1,349840.8,0.08572211,0.06481851,0.07324137,0.07347863,0.07557562,38.0,77.0,110.0,0.07317073,0.0377796,,0.0
2025-08-27,5,0,0,0,0.83870965,2.0,27.0,0.0,16757.143,18221.428,20885.715,21428.572,21822.857,352844.56,361299.22,361697.94,361114.78,357315.1,0.051095877,0.051538076,0.058897454,0.061263245,0.061699063,44.0,91.0,132.0,0.048780486,0.03521127,,0.33333334
2025-08-27,6,0,0,1,0.83870965,2.0,27.0,0.0,23942.857,21057.143,19866.666,24321.428,26505.715,355612.16,360006.56,362449.8,360920.56,356259.5,0.06764549,0.05797057,0.05242051,0.0656276,0.07281762,41.0,77.0,117.0,0.07317073,0.033639003,,0.0
2025-08-27,7,0,0,0,0.83870965,2.0,27.0,0.0,31157.143,26921.428,22685.715,28103.572,30774.285,345496.0,354280.34,355416.38,355390.5,350001.28,0.08619583,0.0744813,0.06323974,0.07923573,0.0876672,36.0,71.0,122.0,0.07317073,0.052751012,,0.0
2025-08-27,8,0,0,0,0.83870965,2.0,27.0,0.0,32914.285,20792.857,29538.096,31228.572,29797.143,358961.44,363577.44,367119.16,362558.5,359352.38,0.093787014,0.05836335,0.07997586,0.085514955,0.079853095,33.0,84.0,110.0,0.17073171,0.045774646,,0.33333334
2025-08-27,9,0,1,1,0.83870965,2.0,27.0,0.0,5314.2856,14885.714,16419.047,18614.285,22334.285,343028.44,349867.66,349775.2,349152.5,345458.62,0.014224253,0.041035224,0.04586766,0.051929533,0.063726604,55.0,89.0,136.0,0.09756097,0.03547945,,0.0
2025-08-27,ã‚¾ãƒ­ç›®,0,0,0,0.83870965,2.0,27.0,0.0,37714.285,31000.0,31085.715,30760.715,31494.285,347636.0,347966.84,348919.62,348574.7,344170.1,0.10731994,0.08933608,0.0891844,0.08955825,0.09281159,27.0,55.0,90.0,0.048780486,0.038751386,,0.0
2025-08-28,0,0,0,1,0.87096775,3.0,28.0,0.0,22928.572,9964.286,16661.904,19782.143,19482.857,366074.28,355425.66,365190.34,355065.03,353332.2,0.05677233,0.02269216,0.040840577,0.05323099,0.05357057,38.0,103.0,141.0,0.12195122,0.036321186,,0.0
2025-08-28,1,0,1,1,0.87096775,3.0,28.0,0.0,17100.0,15685.714,12114.286,24200.0,21617.143,383482.16,379576.56,380165.53,379315.44,378803.25,0.046235587,0.04127531,0.031310223,0.06261302,0.055839386,44.0,89.0,146.0,0.09756097,0.046272263,,0.0
2025-08-28,2,0,0,0,0.87096775,3.0,28.0,0.0,18171.428,13485.714,18919.047,26050.0,23325.715,371979.0,361312.06,361704.62,356152.8,355534.2,0.05018431,0.03836264,0.05383703,0.076511145,0.06799911,51.0,100.0,137.0,0.17073171,0.047563225,,0.0
2025-08-28,3,0,0,1,0.87096775,3.0,28.0,0.0,22942.857,19207.143,12966.667,16492.857,16505.715,362446.0,357017.72,363866.1,356768.4,354636.03,0.0556181,0.048147447,0.032321688,0.042561255,0.044410013,45.0,85.0,147.0,0.0,0.03312406,,0.0
2025-08-28,4,0,0,0,0.87096775,3.0,28.0,0.0,31171.428,23478.572,27190.477,27053.572,25600.0,361168.0,356656.06,362713.8,355891.28,353272.97,0.088148825,0.066382304,0.074977085,0.07735289,0.07395173,38.0,77.0,105.0,0.048780486,0.0377796,,0.0
2025-08-28,5,0,0,0,0.87096775,3.0,28.0,0.0,13471.429,13771.429,20714.285,21703.572,22497.143,354055.0,360554.56,367096.56,362026.28,359887.28,0.042533215,0.040655777,0.05771938,0.06193088,0.06364765,49.0,97.0,132.0,0.024390243,0.03521127,,0.0
2025-08-28,6,0,0,0,0.87096775,3.0,28.0,0.0,24414.285,21550.0,22752.38,25010.715,26288.572,369724.28,362051.06,368079.0,360958.4,358339.78,0.06633818,0.058977395,0.061621167,0.06737304,0.07174984,43.0,77.0,111.0,0.07317073,0.033639003,,0.0
2025-08-28,7,1,1,1,0.87096775,3.0,28.0,0.0,32885.715,26757.143,21704.762,27339.285,30371.428,362022.72,357850.16,362048.66,356488.25,354243.62,0.09183963,0.07401086,0.059638046,0.07724381,0.08612478,37.0,73.0,125.0,0.17073171,0.052751012,,0.33333334
2025-08-28,8,0,1,1,0.87096775,3.0,28.0,0.0,19300.0,22685.715,24938.096,28500.0,26400.0,358722.44,366379.22,367439.16,363450.1,358110.97,0.060008842,0.06362047,0.06832422,0.07827604,0.07220544,42.0,83.0,118.0,0.09756097,0.045774646,,0.33333334
2025-08-28,9,0,0,0,0.87096775,3.0,28.0,0.0,21014.285,20714.285,19233.334,19742.857,23328.572,361463.16,354612.16,355783.53,351010.84,348993.97,0.057071574,0.05516891,0.051851247,0.05410909,0.06498281,47.0,83.0,130.0,0.07317073,0.03547945,,0.0
2025-08-28,ã‚¾ãƒ­ç›®,0,0,0,0.87096775,3.0,28.0,0.0,40285.715,30721.428,29633.334,30014.285,30565.715,362098.0,349831.34,353917.0,347876.53,346968.3,0.11486877,0.08843066,0.083608106,0.08778106,0.089369,28.0,57.0,94.0,0.12195122,0.038751386,,0.33333334
2025-08-29,0,0,0,1,0.9032258,4.0,29.0,0.0,27728.572,11521.429,16652.38,18992.857,18697.143,362140.72,350484.72,359842.53,352628.9,352856.34,0.07301076,0.028209904,0.041940883,0.051593464,0.051126853,32.0,98.0,137.0,0.1,0.036321186,,0.0
2025-08-29,1,0,0,0,0.9032258,4.0,29.0,0.0,23542.857,17928.572,12195.238,23682.143,22991.428,376160.56,370878.28,374770.8,376222.6,377508.28,0.068391,0.049825564,0.03345423,0.062420372,0.060533814,37.0,86.0,142.0,0.075,0.046272263,,0.33333334
2025-08-29,2,0,0,0,0.9032258,4.0,29.0,0.0,16271.429,13435.714,16661.904,24628.572,23622.857,360554.0,354093.84,356540.62,352989.84,354215.22,0.045739993,0.038786747,0.04831406,0.07283482,0.06904895,53.0,101.0,142.0,0.075,0.047563225,,0.0
2025-08-29,3,0,0,0,0.9032258,4.0,29.0,0.0,28171.428,18357.143,12114.286,15317.857,15514.286,354219.72,349251.34,356649.2,353545.22,353635.03,0.07337999,0.046790034,0.031039553,0.039605618,0.04117958,39.0,87.0,145.0,0.075,0.03312406,,0.0
2025-08-29,4,0,0,0,0.9032258,4.0,29.0,0.0,27242.857,23185.715,25757.143,26592.857,25034.285,356721.16,349676.84,357098.44,352157.4,353108.78,0.075683914,0.0662868,0.07182369,0.07649287,0.07192854,42.0,79.0,106.0,0.125,0.0377796,,0.0
2025-08-29,5,0,0,0,0.9032258,4.0,29.0,0.0,7428.5713,12185.714,18804.762,19675.0,21597.143,340528.84,349666.84,359139.0,358034.47,358601.0,0.021178393,0.034355618,0.05143632,0.055237513,0.06012049,55.0,99.0,133.0,0.1,0.03521127,,0.0
2025-08-29,6,1,1,1,0.9032258,4.0,29.0,0.0,15128.571,21714.285,21428.572,21607.143,24902.857,359167.72,356782.06,362034.38,358298.47,357967.28,0.034789708,0.057051364,0.05592689,0.056378286,0.06670519,49.0,77.0,111.0,0.175,0.033639003,,0.33333334
2025-08-29,7,0,0,0,0.9032258,4.0,29.0,0.0,37442.855,25614.285,21457.143,26828.572,30622.857,354437.56,348378.78,355274.28,352131.5,352604.47,0.11104338,0.075469814,0.062088817,0.0779735,0.08787387,30.0,73.0,122.0,0.075,0.052751012,,0.33333334
2025-08-29,8,0,1,1,0.9032258,4.0,29.0,0.0,20857.143,25614.285,22476.191,27878.572,26268.572,353146.56,360516.44,361718.25,360701.84,357902.22,0.06676586,0.07347182,0.06361056,0.07732208,0.07181865,38.0,76.0,120.0,0.075,0.045774646,,0.0
2025-08-29,9,0,1,1,0.9032258,4.0,29.0,0.0,18457.143,17464.285,19442.857,18825.0,22857.143,355418.0,347585.5,350674.56,348330.75,348219.44,0.049588893,0.047024533,0.052690446,0.05170276,0.06351012,53.0,90.0,129.0,0.1,0.03547945,,0.0
2025-08-29,ã‚¾ãƒ­ç›®,0,0,1,0.9032258,4.0,29.0,0.0,35842.855,30771.428,26804.762,28782.143,29722.857,353658.44,342838.94,348218.47,344258.56,346385.38,0.102033325,0.089311354,0.076766334,0.0847694,0.086462826,34.0,58.0,99.0,0.025,0.038751386,,0.0
2025-08-30,0,0,0,0,0.9354839,5.0,30.0,0.0,21528.572,13035.714,16190.477,18442.857,19077.143,357478.84,345644.56,358692.66,352576.5,353263.0,0.056298047,0.0321981,0.04070594,0.049953822,0.052294884,35.0,92.0,135.0,0.075,0.036321186,,0.0
2025-08-30,1,0,0,0,0.9354839,5.0,30.0,0.0,17271.428,14114.286,13057.143,21835.715,22688.572,372407.44,366871.66,374802.53,374604.28,376961.72,0.05177593,0.04045622,0.035911914,0.057762276,0.059715137,39.0,92.0,138.0,0.075,0.046272263,,0.0
2025-08-30,2,0,1,1,0.9354839,5.0,30.0,0.0,9728.571,13207.143,15466.667,22353.572,22131.428,355314.16,351661.0,355054.34,351813.6,353993.16,0.027255984,0.037924718,0.044835728,0.06640185,0.06457031,56.0,101.0,144.0,0.175,0.047563225,,0.0
2025-08-30,3,1,1,1,0.9354839,5.0,30.0,0.0,29514.285,17692.857,10866.667,14667.857,14951.429,352253.28,346082.78,354375.1,352491.78,354287.12,0.07696902,0.04471451,0.027564868,0.03771998,0.039478324,39.0,89.0,146.0,0.1,0.03312406,,0.6666667
2025-08-30,4,0,0,0,0.9354839,5.0,30.0,0.0,20871.428,22707.143,23780.953,26200.0,24422.857,352054.44,345178.34,355816.06,350644.5,353428.1,0.058367573,0.06513869,0.066365056,0.07546925,0.07002894,44.0,79.0,107.0,0.075,0.0377796,,0.0
2025-08-30,5,0,0,1,0.9354839,5.0,30.0,0.0,3700.0,11557.143,16242.857,18285.715,20611.428,339368.44,344713.94,357950.9,356108.16,357553.75,0.009790285,0.032657474,0.043985855,0.051487956,0.057337083,56.0,101.0,138.0,0.075,0.03521127,,0.0
2025-08-30,6,0,0,0,0.9354839,5.0,30.0,0.0,19285.715,22950.0,20409.523,20467.857,24908.572,354001.72,353029.28,360196.1,357377.22,358565.25,0.047904193,0.061597984,0.053912494,0.053600702,0.06645331,41.0,75.0,111.0,0.075,0.033639003,,0.0
2025-08-30,7,0,0,0,0.9354839,5.0,30.0,0.0,27442.857,25192.857,20038.096,24600.0,29940.0,347483.72,342735.94,354084.8,350912.6,352717.56,0.083399236,0.07432971,0.057889096,0.071560085,0.08567501,37.0,73.0,124.0,0.125,0.052751012,,0.0
2025-08-30,8,0,1,1,0.9354839,5.0,30.0,0.0,20414.285,26550.0,22095.238,28067.857,27885.715,352415.28,357899.72,360424.25,360317.47,358422.8,0.065772526,0.07688335,0.06305103,0.0780073,0.07660696,37.0,76.0,119.0,0.125,0.045774646,,0.0
2025-08-30,9,0,0,1,0.9354839,5.0,30.0,0.0,20714.285,17507.143,19833.334,18778.572,22160.0,348987.28,342366.0,350526.1,347275.44,348483.6,0.05702307,0.048046593,0.05393923,0.051776648,0.06119141,46.0,88.0,123.0,0.075,0.03547945,,0.33333334
2025-08-30,ã‚¾ãƒ­ç›®,0,0,0,0.9354839,5.0,30.0,0.0,32128.572,30278.572,24680.953,28425.0,29331.428,348860.44,338600.84,346274.44,342775.56,345934.9,0.09209456,0.088541694,0.07109124,0.08397156,0.08535139,32.0,58.0,101.0,0.025,0.038751386,,0.0
2025-08-31,0,0,0,0,0.9677419,6.0,31.0,0.0,23657.143,13892.857,16338.096,18082.143,19200.0,357193.16,348767.0,360555.62,353463.47,354792.22,0.06145905,0.034037955,0.040818673,0.048896793,0.052395795,36.0,93.0,140.0,0.075,0.036321186,,0.33333334
2025-08-31,1,0,0,0,0.9677419,6.0,31.0,0.0,17671.428,14721.429,13890.477,19946.428,23254.285,375031.16,372701.22,378368.38,375920.06,378534.78,0.05238662,0.041291896,0.03762219,0.053111035,0.060924947,44.0,95.0,142.0,0.125,0.046272263,,0.0
2025-08-31,2,0,1,1,0.9677419,6.0,31.0,0.0,11042.857,16935.715,17490.477,22678.572,23394.285,357041.72,356731.22,358939.94,353500.28,355626.5,0.029922647,0.04666511,0.049372774,0.06676692,0.06744646,56.0,93.0,138.0,0.05,0.047563225,,0.0
2025-08-31,3,0,1,1,0.9677419,6.0,31.0,0.0,29742.857,17807.143,13952.381,15585.714,15868.571,350636.44,349251.0,357325.2,353633.44,354935.4,0.07802579,0.043869656,0.035325434,0.039751355,0.041629322,39.0,89.0,137.0,0.05,0.03312406,,0.0
2025-08-31,4,0,0,1,0.9677419,6.0,31.0,0.0,24842.857,21985.715,23961.904,27492.857,24194.285,353146.28,348853.56,358686.38,352793.44,355022.1,0.067696616,0.06233026,0.06617006,0.07851243,0.069026075,43.0,82.0,111.0,0.075,0.0377796,,0.0
2025-08-31,5,0,0,1,0.9677419,6.0,31.0,0.0,13357.143,13807.143,18200.0,20575.0,20568.572,339260.84,348678.0,359671.9,356130.5,358402.1,0.03333029,0.03773882,0.048699774,0.05707383,0.056971956,50.0,98.0,134.0,0.1,0.03521127,,0.0
2025-08-31,6,0,0,0,0.9677419,6.0,31.0,0.0,19128.572,24642.857,20428.572,20164.285,24751.428,350790.72,356137.56,361579.8,358315.0,359138.0,0.04807853,0.06561406,0.053699087,0.05263031,0.065942764,44.0,73.0,115.0,0.075,0.033639003,,0.33333334
2025-08-31,7,0,0,0,0.9677419,6.0,31.0,0.0,27085.715,26664.285,21119.047,24700.0,28982.857,349742.0,347709.5,356092.25,351977.84,354639.2,0.08199877,0.077056915,0.060168896,0.07154786,0.08251129,41.0,73.0,124.0,0.075,0.052751012,,0.0
2025-08-31,8,0,0,0,0.9677419,6.0,31.0,0.0,32885.715,26535.715,22557.143,28450.0,28734.285,354152.28,360301.44,363039.75,361515.75,359926.22,0.09517308,0.076139435,0.06346964,0.07861945,0.07839336,28.0,75.0,119.0,0.075,0.045774646,,0.0
2025-08-31,9,0,0,0,0.9677419,6.0,31.0,0.0,24628.572,17992.857,18585.715,18521.428,21751.428,349667.16,348083.16,353178.38,348726.7,350270.4,0.06607568,0.04779143,0.049889162,0.05074036,0.05958882,44.0,88.0,127.0,0.075,0.03547945,,0.0
2025-08-31,ã‚¾ãƒ­ç›®,1,1,1,0.9677419,6.0,31.0,0.0,30914.285,28357.143,26666.666,29935.715,29388.572,351136.72,345058.66,349969.0,344590.28,347979.8,0.088783175,0.08161384,0.07616895,0.087719865,0.085161045,37.0,65.0,99.0,0.225,0.038751386,,0.33333334
2025-09-01,0,0,0,0,0.0,0.0,1.0,0.0,19971.428,15085.714,15952.381,17785.715,18922.857,356855.0,349903.28,361343.16,354494.78,354800.28,0.05257242,0.036946524,0.039763354,0.048016407,0.05172011,43.0,90.0,144.0,0.09756097,0.036321186,,0.0
2025-09-01,1,0,0,1,0.0,0.0,1.0,0.0,12614.286,13021.429,13123.81,17910.715,21942.857,380823.72,374567.94,380567.34,377138.1,379230.72,0.039731346,0.037185773,0.035682283,0.04809275,0.057767656,51.0,101.0,147.0,0.14634146,0.046272263,,0.0
2025-09-01,2,0,1,1,0.0,0.0,1.0,0.0,19200.0,19364.285,19771.428,23482.143,23982.857,357736.84,358300.22,360024.8,354785.84,355527.4,0.049708195,0.05246144,0.054928683,0.068550944,0.06888171,48.0,87.0,132.0,0.12195122,0.047563225,,0.6666667
2025-09-01,3,0,0,1,0.0,0.0,1.0,0.0,30614.285,19107.143,17852.38,14360.714,16720.0,353745.72,351428.66,359258.2,353744.16,355115.0,0.07943578,0.046662122,0.04515906,0.036767337,0.043656465,38.0,87.0,128.0,0.048780486,0.03312406,,0.0
2025-09-01,4,0,0,0,0.0,0.0,1.0,0.0,25914.285,22892.857,23695.238,27532.143,24700.0,357015.84,350506.84,359171.75,354803.6,355129.03,0.0697911,0.06437672,0.06541932,0.078228995,0.07025169,40.0,80.0,113.0,0.14634146,0.0377796,,0.0
2025-09-01,5,1,1,1,0.0,0.0,1.0,0.0,17957.143,15578.571,20157.143,21332.143,20711.428,343501.72,349407.66,360898.53,356746.4,357938.34,0.04427356,0.041954905,0.053444967,0.058837596,0.057402313,45.0,94.0,130.0,0.09756097,0.03521127,,0.0
2025-09-01,6,0,0,0,0.0,0.0,1.0,0.0,16128.571,21564.285,18847.62,18414.285,23311.428,356805.28,356018.0,362939.16,359784.75,359444.5,0.040066887,0.058423363,0.049679726,0.048036683,0.062467687,47.0,82.0,123.0,0.0,0.033639003,,0.0
2025-09-01,7,0,0,0,0.0,0.0,1.0,0.0,24842.857,26357.143,22423.809,23721.428,27914.285,353605.0,349376.84,357288.62,353193.5,354663.3,0.075884566,0.07612141,0.06338604,0.06887646,0.079941735,44.0,76.0,123.0,0.09756097,0.052751012,,0.0
2025-09-01,8,0,0,0,0.0,0.0,1.0,0.0,29671.428,27528.572,22957.143,28446.428,28008.572,356072.44,360823.72,364814.25,361682.1,360946.9,0.086940534,0.0785192,0.064315476,0.078592226,0.076354615,33.0,72.0,119.0,0.14634146,0.045774646,,0.0
2025-09-01,9,0,0,0,0.0,0.0,1.0,0.0,29642.857,17721.428,18833.334,18975.0,20808.572,354391.84,349454.72,354876.62,349843.72,350554.5,0.07878583,0.04691413,0.050320227,0.05179109,0.057187088,40.0,91.0,128.0,0.07317073,0.03547945,,0.0
2025-09-01,ã‚¾ãƒ­ç›®,0,1,1,0.0,0.0,1.0,0.0,33471.43,30042.857,26509.523,30235.715,29154.285,353015.84,346977.94,351494.16,345605.16,348492.38,0.09473178,0.08545706,0.07524544,0.088187404,0.084392354,33.0,64.0,99.0,0.024390243,0.038751386,,0.33333334
2025-09-02,0,0,0,1,0.033333335,1.0,2.0,0.0,4000.0,11857.143,10552.381,15489.286,17008.572,363321.72,357593.66,361735.06,359198.75,357922.03,0.008582233,0.02851519,0.025821501,0.041150685,0.046147067,50.0,88.0,151.0,0.12195122,0.036321186,,0.0
2025-09-02,1,0,0,0,0.033333335,1.0,2.0,0.0,2271.4285,10935.714,11380.952,15189.286,21037.143,381726.28,378509.28,379970.84,379245.4,380531.16,0.011940589,0.031434722,0.031110136,0.039922096,0.05526832,53.0,96.0,146.0,0.024390243,0.046272263,,0.0
2025-09-02,2,0,0,0,0.033333335,1.0,2.0,0.0,15485.714,17335.715,15695.238,22521.428,24057.143,364807.28,360446.5,361679.16,357239.25,356436.9,0.037780914,0.04636652,0.042573847,0.06524925,0.06908183,42.0,88.0,133.0,0.07317073,0.047563225,,0.0
2025-09-02,3,0,1,1,0.033333335,1.0,2.0,0.0,25785.715,16550.0,16552.38,13282.143,15828.571,362017.84,354107.06,359433.47,356230.66,357048.9,0.06521073,0.03936399,0.041647535,0.033559896,0.041004837,32.0,84.0,125.0,0.07317073,0.03312406,,0.0
2025-09-02,4,0,0,0,0.033333335,1.0,2.0,0.0,18342.857,17600.0,19266.666,23592.857,22760.0,364810.72,350970.44,357544.53,356492.3,355926.06,0.04755328,0.049079552,0.053280484,0.06589456,0.06453031,39.0,86.0,120.0,0.07317073,0.0377796,,0.33333334
2025-09-02,5,0,0,1,0.033333335,1.0,2.0,0.0,17914.285,16571.428,20104.762,22146.428,20214.285,352574.72,354940.78,361218.94,359982.84,358972.12,0.041872818,0.043775044,0.0532373,0.060753234,0.05572495,39.0,87.0,127.0,0.09756097,0.03521127,,0.33333334
2025-09-02,6,0,1,1,0.033333335,1.0,2.0,0.0,5600.0,17128.572,17047.62,16303.571,21745.715,359636.0,357640.22,361479.94,361843.28,360689.75,0.008564165,0.045177605,0.044452637,0.041455965,0.057711996,50.0,85.0,122.0,0.14634146,0.033639003,,0.33333334
2025-09-02,7,0,0,0,0.033333335,1.0,2.0,0.0,13414.286,20321.428,20328.572,20000.0,26108.572,361298.28,352765.06,357405.72,356127.75,356514.84,0.0430704,0.058814794,0.05767338,0.057358515,0.0748933,46.0,84.0,124.0,0.07317073,0.052751012,,0.0
2025-09-02,8,1,1,1,0.033333335,1.0,2.0,0.0,18528.572,23814.285,19985.715,27325.0,27891.428,364872.84,364945.28,364583.06,364718.25,362770.44,0.0527252,0.067592345,0.056229234,0.07552345,0.07648804,35.0,72.0,120.0,0.12195122,0.045774646,,0.0
2025-09-02,9,0,0,0,0.033333335,1.0,2.0,0.0,20400.0,14628.571,17904.762,17671.428,19117.143,359762.56,352805.44,354524.25,351926.72,351419.22,0.050742984,0.037708133,0.047630813,0.047968235,0.052139405,41.0,89.0,124.0,0.09756097,0.03547945,,0.0
2025-09-02,ã‚¾ãƒ­ç›®,0,0,0,0.033333335,1.0,2.0,0.0,20914.285,27050.0,25919.047,28932.143,27642.857,353665.16,350011.44,350397.47,347810.3,348985.16,0.057192717,0.07567125,0.073516324,0.08372918,0.07973614,35.0,65.0,94.0,0.09756097,0.038751386,,0.0
2025-09-03,0,0,0,1,0.06666667,2.0,3.0,0.0,12500.0,10950.0,11400.0,15035.714,17571.428,368978.84,359389.44,360304.25,361346.4,357901.66,0.035445493,0.025354194,0.028302243,0.039127402,0.047782537,43.0,89.0,145.0,0.024390243,0.036321186,,0.0
2025-09-03,1,0,0,1,0.06666667,2.0,3.0,0.0,157.14285,12885.714,11904.762,14621.429,20585.715,384056.56,377514.56,379252.72,380888.44,380212.5,0.0056211683,0.03676047,0.032545254,0.03803666,0.054037094,54.0,92.0,142.0,0.19512194,0.046272263,,0.0
2025-09-03,2,0,0,0,0.06666667,2.0,3.0,0.0,14242.857,16014.286,14314.286,19403.572,24145.715,365016.56,361020.66,360273.0,356908.84,356422.78,0.03389563,0.042156205,0.038607992,0.055801865,0.06935704,40.0,91.0,137.0,0.12195122,0.047563225,,0.0
2025-09-03,3,0,0,0,0.06666667,2.0,3.0,0.0,27885.715,17492.857,17309.523,12617.857,15897.143,360547.44,353156.78,359014.84,357950.4,357424.7,0.07164407,0.042289425,0.043953035,0.030780891,0.04113207,27.0,80.0,120.0,0.07317073,0.03312406,,0.33333334
2025-09-03,4,1,1,1,0.06666667,2.0,3.0,0.0,8100.0,18335.715,17700.0,21621.428,21968.572,363967.44,350912.28,355818.72,358060.56,355696.78,0.016887482,0.051304795,0.0488415,0.059152897,0.0621604,47.0,85.0,124.0,0.07317073,0.0377796,,0.0
2025-09-03,5,0,1,1,0.06666667,2.0,3.0,0.0,16000.0,16378.571,17480.953,19664.285,20342.857,351436.84,352140.72,358011.75,359132.7,359179.2,0.035700303,0.04339809,0.04625882,0.053098164,0.056150656,40.0,84.0,131.0,0.048780486,0.03521127,,0.33333334
2025-09-03,6,0,0,0,0.06666667,2.0,3.0,0.0,8400.0,16171.429,16838.096,17000.0,21137.143,362670.84,359141.5,360894.66,362505.06,361270.62,0.016139911,0.0418927,0.044027016,0.04335036,0.05573006,45.0,86.0,122.0,0.07317073,0.033639003,,0.0
2025-09-03,7,0,1,1,0.06666667,2.0,3.0,0.0,4642.857,17900.0,19495.238,18175.0,23411.428,360212.0,352854.0,356257.56,356615.28,356354.8,0.016425014,0.05131042,0.055129204,0.051536057,0.066673584,54.0,90.0,125.0,0.07317073,0.052751012,,0.0
2025-09-03,8,0,0,0,0.06666667,2.0,3.0,0.0,21600.0,27257.143,21061.904,27553.572,29302.857,363485.0,361223.22,363546.62,366210.6,362743.8,0.06270333,0.07824517,0.05981001,0.075657725,0.08095263,31.0,64.0,115.0,0.17073171,0.045774646,,0.33333334
2025-09-03,9,0,0,0,0.06666667,2.0,3.0,0.0,19685.715,12500.0,16485.715,17235.715,18828.572,360306.16,351667.28,353347.16,352407.94,351383.22,0.048434064,0.03132916,0.043501504,0.046509262,0.05123044,38.0,93.0,127.0,0.09756097,0.03547945,,0.0
2025-09-03,ã‚¾ãƒ­ç›®,0,0,0,0.06666667,2.0,3.0,0.0,10114.286,23914.285,24038.096,25842.857,26631.428,349371.44,348503.72,348435.06,349032.56,348734.03,0.024187032,0.06575349,0.06761973,0.07293506,0.07648401,43.0,70.0,98.0,0.048780486,0.038751386,,0.0
2025-09-04,0,0,0,0,0.1,3.0,4.0,0.0,12371.429,17650.0,10766.667,15589.286,18300.0,354073.0,360073.66,354974.75,362411.0,354866.62,0.040157985,0.04846516,0.028514102,0.04066993,0.050616387,44.0,82.0,147.0,0.12195122,0.036321186,,0.0
2025-09-04,1,0,0,0,0.1,3.0,4.0,0.0,11214.286,14157.143,14195.238,11889.286,21602.857,370035.84,376759.0,376396.34,377633.1,377459.5,0.035352495,0.04079404,0.039301038,0.03232079,0.057160914,48.0,92.0,137.0,0.09756097,0.046272263,,0.0
2025-09-04,2,0,0,1,0.1,3.0,4.0,0.0,12928.571,15550.0,13300.0,17421.428,23425.715,343817.72,357898.34,355480.62,357232.9,353685.8,0.031454686,0.0408195,0.03605999,0.048241444,0.06749985,42.0,93.0,142.0,0.17073171,0.047563225,,0.0
2025-09-04,3,0,1,1,0.1,3.0,4.0,0.0,13985.714,18464.285,17466.666,13221.429,15991.429,344721.84,353583.94,352919.1,359080.03,354359.1,0.03594645,0.045782275,0.044080447,0.03322788,0.041238293,35.0,80.0,120.0,0.0,0.03312406,,0.0
2025-09-04,4,0,0,0,0.1,3.0,4.0,0.0,15500.0,23335.715,20819.047,24267.857,24742.857,355072.0,358120.0,356128.06,360803.34,355727.44,0.038902394,0.06352561,0.057222337,0.06595842,0.06966279,44.0,82.0,121.0,0.048780486,0.0377796,,0.0
2025-09-04,5,0,0,0,0.1,3.0,4.0,0.0,21842.857,17657.143,16461.904,20996.428,21731.428,344402.72,349228.84,355170.62,361423.1,358501.56,0.053136792,0.047835004,0.044816114,0.05657373,0.060172062,35.0,84.0,132.0,0.024390243,0.03521127,,0.0
2025-09-04,6,1,1,1,0.1,3.0,4.0,0.0,3571.4285,13992.857,15557.143,17957.143,20722.857,343904.44,356814.34,356002.2,362035.34,357547.6,0.00213477,0.034236476,0.040029854,0.046749566,0.054325383,50.0,93.0,127.0,0.07317073,0.033639003,,0.0
2025-09-04,7,0,0,0,0.1,3.0,4.0,0.0,10271.429,21578.572,21261.904,18846.428,23925.715,345948.56,353985.66,353882.94,358023.66,354380.3,0.034347165,0.063093394,0.06078963,0.053315327,0.068664484,48.0,85.0,121.0,0.17073171,0.052751012,,0.6666667
2025-09-04,8,0,0,1,0.1,3.0,4.0,0.0,22485.715,20892.857,22619.047,24325.0,27297.143,345720.28,352221.34,359492.9,362009.44,359904.16,0.06564467,0.06282675,0.0642952,0.067654334,0.07574976,28.0,70.0,111.0,0.09756097,0.045774646,,0.0
2025-09-04,9,0,1,1,0.1,3.0,4.0,0.0,5171.4287,13092.857,15533.333,15717.857,16828.572,339949.72,350706.44,349724.66,351825.06,348798.62,0.009005452,0.033038512,0.039781094,0.041139796,0.045088362,47.0,94.0,130.0,0.07317073,0.03547945,,0.0
2025-09-04,ã‚¾ãƒ­ç›®,0,0,0,0.1,3.0,4.0,0.0,10042.857,25164.285,23828.572,24735.715,26020.0,337824.84,349961.44,345829.2,349893.97,345866.2,0.02497223,0.069920495,0.06727785,0.06894914,0.075219296,41.0,69.0,98.0,0.12195122,0.038751386,,0.33333334
2025-09-05,0,0,1,1,0.13333334,4.0,5.0,0.0,10857.143,19292.857,11300.0,15203.571,17365.715,345662.56,353901.66,348877.34,356297.53,351235.62,0.03664829,0.054829523,0.0310227,0.040617734,0.04860443,48.0,80.0,146.0,0.1,0.036321186,,0.0
2025-09-05,1,0,0,0,0.13333334,4.0,5.0,0.0,9442.857,16492.857,15100.0,11507.143,20834.285,367304.84,371732.72,369687.16,372904.3,374439.06,0.030213073,0.049302038,0.043288067,0.03264394,0.05597891,52.0,89.0,138.0,0.075,0.046272263,,0.33333334
2025-09-05,2,0,1,1,0.13333334,4.0,5.0,0.0,17157.143,16714.285,14676.19,16785.715,23134.285,344290.28,352422.16,350826.0,353478.03,351249.94,0.04669792,0.046218958,0.041423805,0.047910027,0.06760744,38.0,91.0,139.0,0.075,0.047563225,,0.0
2025-09-05,3,1,1,1,0.13333334,4.0,5.0,0.0,18228.572,23200.0,18314.285,13642.857,15900.0,345436.0,349827.84,347979.56,353845.9,351923.38,0.051967695,0.062673844,0.04851592,0.036271587,0.042078033,32.0,71.0,119.0,0.075,0.03312406,,0.0
2025-09-05,4,0,0,0,0.13333334,4.0,5.0,0.0,13500.0,20371.428,19957.143,22692.857,23974.285,354058.28,355389.72,351137.34,356338.4,352537.56,0.031462085,0.053573,0.054678567,0.061733287,0.06748671,47.0,89.0,126.0,0.125,0.0377796,,0.0
2025-09-05,5,0,0,0,0.13333334,4.0,5.0,0.0,20971.428,14200.0,15114.286,19346.428,19934.285,345327.84,342928.34,348220.53,355686.22,355493.16,0.049903817,0.035541106,0.03953835,0.051053192,0.054170776,36.0,91.0,135.0,0.1,0.03521127,,0.0
2025-09-05,6,0,0,0,0.13333334,4.0,5.0,0.0,19728.572,17428.572,21052.38,21003.572,21231.428,340526.72,349847.22,351363.62,356657.47,354744.12,0.06470823,0.04974897,0.059603654,0.058122225,0.058044273,40.0,89.0,117.0,0.175,0.033639003,,0.33333334
2025-09-05,7,0,0,1,0.13333334,4.0,5.0,0.0,7628.5713,22535.715,19619.047,18000.0,22988.572,346905.16,350671.34,347887.56,353182.0,351086.22,0.023608373,0.067325875,0.058182668,0.052468706,0.06710047,54.0,84.0,127.0,0.075,0.052751012,,0.33333334
2025-09-05,8,0,0,0,0.13333334,4.0,5.0,0.0,22628.572,21742.857,24619.047,22514.285,26828.572,339163.0,346154.78,353398.62,356079.44,356394.1,0.06920005,0.06798295,0.0720479,0.06500793,0.075697675,30.0,68.0,106.0,0.075,0.045774646,,0.0
2025-09-05,9,0,0,1,0.13333334,4.0,5.0,0.0,9728.571,14092.857,14885.714,17014.285,17005.715,339920.28,347669.16,345030.44,347986.0,346648.66,0.025235767,0.03741233,0.03976161,0.045826774,0.04640936,41.0,94.0,131.0,0.1,0.03547945,,0.0
2025-09-05,ã‚¾ãƒ­ç›®,0,0,0,0.13333334,4.0,5.0,0.0,8014.2856,21928.572,23185.715,22107.143,24628.572,333953.44,343805.94,339877.1,344652.22,342197.53,0.016964216,0.05949877,0.06519564,0.061815802,0.071208365,44.0,78.0,102.0,0.025,0.038751386,,0.0
2025-09-06,0,0,0,0,0.16666667,5.0,6.0,0.0,13557.143,17542.857,13209.523,15532.143,17465.715,334226.44,345852.66,341838.53,352576.1,348906.5,0.048104145,0.052201096,0.037500117,0.042555492,0.049583886,46.0,81.0,138.0,0.075,0.036321186,,0.0
2025-09-06,1,0,0,0,0.16666667,5.0,6.0,0.0,10800.0,14035.714,13009.523,12492.857,19628.572,358514.72,365461.06,364086.0,370730.56,371386.38,0.034869503,0.043322716,0.03859398,0.03565131,0.05318372,53.0,92.0,145.0,0.075,0.046272263,,0.0
2025-09-06,2,0,1,1,0.16666667,5.0,6.0,0.0,22300.0,16014.286,16238.096,17175.0,22342.857,337773.72,346543.94,347031.9,350734.2,349005.62,0.06419358,0.04572478,0.046681,0.04967519,0.06596019,30.0,86.0,131.0,0.175,0.047563225,,0.0
2025-09-06,3,0,0,0,0.16666667,5.0,6.0,0.0,27000.0,28257.143,20795.238,14900.0,17134.285,335746.72,344000.0,342637.44,349718.0,349142.78,0.082966655,0.079967834,0.057465225,0.041415315,0.046769317,22.0,61.0,111.0,0.1,0.03312406,,1.0
2025-09-06,4,0,0,0,0.16666667,5.0,6.0,0.0,15371.429,18121.428,20261.904,21678.572,24034.285,344487.56,348271.0,344948.1,352983.94,349413.12,0.03865613,0.04851185,0.056311168,0.059437823,0.06810662,47.0,91.0,126.0,0.075,0.0377796,,0.0
2025-09-06,5,0,0,1,0.16666667,5.0,6.0,0.0,22514.285,13107.143,15209.523,17810.715,19131.428,336694.84,338031.66,342040.9,352636.9,352225.5,0.055630434,0.03271036,0.04031513,0.046896998,0.052316453,36.0,92.0,137.0,0.075,0.03521127,,0.0
2025-09-06,6,0,1,1,0.16666667,5.0,6.0,0.0,13557.143,16421.428,19819.047,18696.428,19085.715,325792.72,339897.22,343950.44,351595.25,351060.3,0.047313504,0.04760885,0.05683649,0.052262746,0.052343264,49.0,90.0,124.0,0.075,0.033639003,,0.0
2025-09-06,7,0,0,1,0.16666667,5.0,6.0,0.0,10842.857,19142.857,20409.523,17739.285,21848.572,340625.84,344054.78,342032.56,350720.06,348855.25,0.03538865,0.059393942,0.06134936,0.052263986,0.064325795,51.0,88.0,124.0,0.125,0.052751012,,0.0
2025-09-06,8,0,0,0,0.16666667,5.0,6.0,0.0,17700.0,19057.143,23600.0,20996.428,25994.285,325409.0,338912.16,347069.47,351670.44,353335.78,0.056666188,0.061219357,0.070144296,0.06145482,0.073739074,35.0,72.0,111.0,0.125,0.045774646,,0.0
2025-09-06,9,1,1,1,0.16666667,5.0,6.0,0.0,9757.143,15235.714,14923.81,17314.285,16974.285,334589.16,341788.22,339773.72,346541.84,344738.16,0.026636489,0.04182978,0.04090989,0.047113545,0.046748616,42.0,88.0,130.0,0.075,0.03547945,,0.0
2025-09-06,ã‚¾ãƒ­ç›®,0,0,0,0.16666667,5.0,6.0,0.0,5328.5713,18728.572,21961.904,19842.857,23805.715,323286.28,336073.34,333496.0,340527.4,338877.72,0.007991483,0.050043024,0.061691627,0.0553163,0.06877555,51.0,83.0,109.0,0.025,0.038751386,,0.0
2025-09-07,0,0,0,1,0.2,6.0,7.0,0.0,10042.857,16850.0,12609.523,14764.286,16474.285,329780.56,343486.84,342438.2,352861.84,348726.88,0.039572895,0.050515972,0.035882935,0.040507227,0.047032014,46.0,82.0,139.0,0.075,0.036321186,,0.33333334
2025-09-07,1,0,1,1,0.2,6.0,7.0,0.0,7385.7144,12528.571,12276.19,12264.286,17434.285,351748.16,363389.66,365716.84,371713.3,371085.7,0.02737019,0.039878406,0.03665133,0.03505919,0.047962867,51.0,95.0,146.0,0.125,0.046272263,,0.0
2025-09-07,2,0,0,1,0.2,6.0,7.0,0.0,26742.857,18892.857,20204.762,19803.572,23491.428,330260.16,343650.94,347907.53,351770.0,348852.25,0.077972315,0.05394748,0.057100844,0.056522656,0.06900799,30.0,86.0,123.0,0.05,0.047563225,,0.0
2025-09-07,3,0,0,0,0.2,6.0,7.0,0.0,16657.143,23200.0,17423.809,14628.571,15800.0,330525.44,340580.94,343009.16,350625.25,349011.84,0.057058465,0.06754213,0.048265927,0.04075869,0.043212775,32.0,71.0,121.0,0.05,0.03312406,,0.0
2025-09-07,4,0,1,1,0.2,6.0,7.0,0.0,15142.857,19992.857,19704.762,21757.143,25022.857,337091.16,345118.72,344932.75,353287.56,349652.97,0.039787296,0.053741954,0.05481594,0.05957437,0.0707674,46.0,89.0,128.0,0.075,0.0377796,,0.0
2025-09-07,5,0,0,0,0.2,6.0,7.0,0.0,21828.572,17592.857,16480.953,19107.143,20825.715,332899.84,336080.34,343418.62,352978.9,351484.38,0.054962177,0.044146232,0.043479938,0.050265376,0.0566515,37.0,87.0,135.0,0.1,0.03521127,,0.0
2025-09-07,6,1,1,1,0.2,6.0,7.0,0.0,20714.285,19921.428,23333.334,20500.0,20274.285,318356.72,334573.72,343543.94,350774.03,350323.34,0.06887037,0.05847445,0.0666995,0.05749191,0.055878323,43.0,87.0,116.0,0.075,0.033639003,,0.33333334
2025-09-07,7,0,0,0,0.2,6.0,7.0,0.0,12685.714,19885.715,22004.762,19010.715,22297.143,332825.72,341283.84,342748.25,350275.6,348147.44,0.042351034,0.062174905,0.06548829,0.05571443,0.065708496,49.0,90.0,122.0,0.075,0.052751012,,0.0
2025-09-07,8,0,0,0,0.2,6.0,7.0,0.0,14885.714,23885.715,22652.38,20639.285,25737.143,314306.84,334229.56,344969.9,350856.53,352073.97,0.052347336,0.073760204,0.06820873,0.060689062,0.073365025,40.0,68.0,115.0,0.075,0.045774646,,0.0
2025-09-07,9,0,0,0,0.2,6.0,7.0,0.0,17628.572,21128.572,17871.428,18346.428,18342.857,325689.84,337678.5,340618.72,346306.25,344119.3,0.05050311,0.058289394,0.048695322,0.050042648,0.050692912,38.0,82.0,126.0,0.075,0.03547945,,0.0
2025-09-07,ã‚¾ãƒ­ç›®,0,0,0,0.2,6.0,7.0,0.0,5885.7144,18400.0,20866.666,21471.428,25125.715,313503.0,332319.84,334540.1,340852.5,338372.84,0.0112275975,0.050005388,0.058151755,0.059933607,0.07242142,50.0,87.0,115.0,0.225,0.038751386,,0.33333334
2025-09-08,0,0,1,1,0.23333333,0.0,8.0,0.0,11557.143,15764.286,13909.523,14853.571,16540.0,329127.84,342991.44,342978.16,353289.3,349421.4,0.043361697,0.047967058,0.039084915,0.04066294,0.047085464,42.0,85.0,132.0,0.09756097,0.036321186,,0.0
2025-09-08,1,0,0,0,0.23333333,0.0,8.0,0.0,12357.143,12485.714,12800.0,12932.143,16800.0,348377.0,364600.34,365837.62,372519.75,371385.88,0.03931391,0.039522626,0.03789515,0.03659019,0.04633698,42.0,93.0,143.0,0.14634146,0.046272263,,0.0
2025-09-08,2,0,0,0,0.23333333,0.0,8.0,0.0,23885.715,21542.857,20871.428,20800.0,23562.857,329010.16,343373.5,348536.84,352271.16,349630.72,0.071226954,0.060467575,0.058716614,0.05900325,0.06908615,32.0,80.0,119.0,0.12195122,0.047563225,,0.33333334
2025-09-08,3,0,0,0,0.23333333,0.0,8.0,0.0,11014.286,20814.285,16409.523,16142.857,13691.429,324734.16,339239.94,342530.47,350627.2,347942.16,0.04363394,0.061534863,0.04565273,0.04477778,0.03814066,39.0,77.0,126.0,0.048780486,0.03312406,,0.0
2025-09-08,4,0,0,0,0.23333333,0.0,8.0,0.0,15314.286,20614.285,20366.666,21600.0,25088.572,336539.16,346777.5,345850.94,353513.6,351150.72,0.040303413,0.05504726,0.056352284,0.059140343,0.07064387,44.0,84.0,124.0,0.14634146,0.0377796,,0.0
2025-09-08,5,0,0,0,0.23333333,0.0,8.0,0.0,17728.572,17842.857,16295.238,19550.0,20611.428,329027.84,336264.78,342614.38,352930.84,351202.7,0.045295198,0.04478438,0.04306834,0.051407523,0.056129117,40.0,85.0,134.0,0.09756097,0.03521127,,0.33333334
2025-09-08,6,0,0,1,0.23333333,0.0,8.0,0.0,29271.428,22700.0,24133.334,21453.572,20585.715,314111.84,335458.56,342049.28,350732.3,350650.16,0.09058857,0.06532773,0.0691451,0.059906937,0.05654706,34.0,81.0,116.0,0.0,0.033639003,,0.0
2025-09-08,7,0,1,1,0.23333333,0.0,8.0,0.0,2785.7144,13814.286,18500.0,17514.285,19534.285,328128.0,340866.5,342293.9,349998.47,348180.4,0.017029343,0.046456955,0.056424055,0.05179686,0.058507036,51.0,95.0,127.0,0.09756097,0.052751012,,0.0
2025-09-08,8,1,1,1,0.23333333,0.0,8.0,0.0,13014.286,21342.857,22690.477,20471.428,25360.0,312231.56,334152.0,344626.34,351668.56,351792.0,0.04790516,0.067422844,0.06831452,0.0602129,0.07245481,41.0,74.0,113.0,0.14634146,0.045774646,,0.0
2025-09-08,9,0,0,1,0.23333333,0.0,8.0,0.0,11442.857,20542.857,15628.571,16985.715,17468.572,323925.44,339158.66,340944.94,347138.8,344660.06,0.03511897,0.056952402,0.04298241,0.046519913,0.048456665,42.0,82.0,133.0,0.07317073,0.03547945,,0.0
2025-09-08,ã‚¾ãƒ­ç›®,0,0,0,0.23333333,0.0,8.0,0.0,357.14285,16914.285,20147.62,19971.428,24260.0,311163.84,332089.84,335039.9,341411.56,338716.88,-0.002283908,0.046223935,0.056210067,0.055863105,0.07009314,55.0,88.0,119.0,0.024390243,0.038751386,,0.33333334
2025-09-09,0,1,1,1,0.26666668,1.0,9.0,0.0,24028.572,14014.286,15914.286,13921.429,17197.143,314171.84,338746.78,343119.72,349844.25,350193.38,0.081103444,0.04484284,0.046044607,0.039641988,0.04914124,36.0,86.0,124.0,0.12195122,0.036321186,,0.0
2025-09-09,1,0,0,0,0.26666668,1.0,9.0,0.0,13942.857,8107.143,11938.096,12021.429,14940.0,339196.0,360461.16,365404.84,369777.16,371235.5,0.04261951,0.02728005,0.035162985,0.03398748,0.04046158,48.0,101.0,144.0,0.024390243,0.046272263,,0.0
2025-09-09,2,0,0,0,0.26666668,1.0,9.0,0.0,26485.715,20985.715,20385.715,18392.857,23314.285,317482.44,341144.84,346125.16,350629.97,349287.88,0.080679126,0.059230022,0.057804056,0.052100167,0.06833523,37.0,79.0,125.0,0.07317073,0.047563225,,0.0
2025-09-09,3,0,0,0,0.26666668,1.0,9.0,0.0,16771.428,21278.572,16623.809,16607.143,13980.0,318185.44,340101.66,342133.2,349121.47,348621.6,0.06041542,0.06281307,0.046381135,0.046339504,0.038931,41.0,73.0,125.0,0.07317073,0.03312406,,0.0
2025-09-09,4,0,0,1,0.26666668,1.0,9.0,0.0,24957.143,21650.0,20052.38,20689.285,23865.715,328822.16,346816.44,343587.66,350363.94,350958.28,0.06957019,0.058561735,0.055909764,0.05735291,0.066629685,42.0,81.0,128.0,0.07317073,0.0377796,,0.33333334
2025-09-09,5,0,0,1,0.26666668,1.0,9.0,0.0,14671.429,16292.857,15938.096,18746.428,20651.428,316028.56,334301.66,341970.06,349921.34,351192.0,0.038325813,0.040099315,0.041958634,0.04950943,0.05626775,48.0,87.0,135.0,0.09756097,0.03521127,,0.0
2025-09-09,6,0,0,0,0.26666668,1.0,9.0,0.0,39714.285,22657.143,24657.143,22714.285,20985.715,305057.84,332346.94,340112.75,347374.44,350486.2,0.12425213,0.06640815,0.07153578,0.06440251,0.058015198,30.0,80.0,115.0,0.14634146,0.033639003,,0.33333334
2025-09-09,7,0,0,0,0.26666668,1.0,9.0,0.0,17500.0,15457.143,19380.953,19621.428,19500.0,315118.72,338208.5,340216.28,346833.97,347925.94,0.063258275,0.053164337,0.060295954,0.059069604,0.058538467,42.0,88.0,126.0,0.07317073,0.052751012,,0.0
2025-09-09,8,0,0,0,0.26666668,1.0,9.0,0.0,24571.428,21550.0,24066.666,21132.143,26774.285,299393.72,332133.28,343094.75,348285.72,351653.34,0.08587364,0.06929942,0.07368611,0.06364033,0.07759349,36.0,71.0,108.0,0.12195122,0.045774646,,0.33333334
2025-09-09,9,0,1,1,0.26666668,1.0,9.0,0.0,19557.143,19978.572,16271.429,18317.857,18048.572,314807.0,337284.78,340139.28,344594.94,344502.78,0.0605963,0.05566964,0.04533752,0.050872184,0.050493848,40.0,81.0,129.0,0.09756097,0.03547945,,0.0
2025-09-09,ã‚¾ãƒ­ç›®,0,1,1,0.26666668,1.0,9.0,0.0,2671.4285,11792.857,18923.809,20107.143,23680.0,303358.28,328511.72,334460.38,338637.7,338919.9,0.0049996055,0.031096162,0.052114036,0.05638714,0.06798326,62.0,97.0,127.0,0.09756097,0.038751386,,0.0
2025-09-10,0,0,0,0,0.3,2.0,10.0,0.0,30314.285,21407.143,17404.762,16128.571,18091.428,315983.28,342481.06,344920.72,349224.0,352273.78,0.098432906,0.0669392,0.049713764,0.04583491,0.050988503,33.0,76.0,122.0,0.024390243,0.036321186,,0.0
2025-09-10,1,0,1,1,0.3,2.0,10.0,0.0,11028.571,5592.857,12266.667,11685.714,13902.857,335094.0,359575.28,363374.38,368213.03,371729.53,0.03374198,0.019681575,0.035754308,0.032844435,0.037177723,51.0,105.0,143.0,0.19512194,0.046272263,,0.0
2025-09-10,2,1,1,1,0.3,2.0,10.0,0.0,27985.715,21114.285,20004.762,17732.143,21120.0,318449.16,341732.84,346830.16,349817.03,349216.9,0.08527483,0.059585232,0.05652908,0.0502747,0.06169646,36.0,76.0,127.0,0.12195122,0.047563225,,0.0
2025-09-10,3,0,0,0,0.3,2.0,10.0,0.0,10528.571,19207.143,15171.429,15614.286,12200.0,315313.28,337930.34,340542.28,348089.47,349422.97,0.04114918,0.056396626,0.041909344,0.043252073,0.03285455,49.0,76.0,129.0,0.07317073,0.03312406,,0.33333334
2025-09-10,4,0,0,0,0.3,2.0,10.0,0.0,29485.715,18792.857,22052.38,20646.428,23194.285,328231.84,346099.66,343352.16,348922.0,352094.84,0.083453245,0.050170362,0.062020946,0.057494435,0.06401297,37.0,84.0,122.0,0.07317073,0.0377796,,0.33333334
2025-09-10,5,0,1,1,0.3,2.0,10.0,0.0,16157.143,16078.571,16304.762,17150.0,18962.857,322740.28,337088.56,342340.56,349193.9,351854.2,0.042177062,0.038938683,0.04299108,0.04523838,0.050913945,48.0,88.0,132.0,0.048780486,0.03521127,,0.0
2025-09-10,6,0,0,1,0.3,2.0,10.0,0.0,35100.0,21750.0,22480.953,21403.572,20620.0,302406.28,332538.56,340229.75,346272.56,350485.3,0.11122702,0.063683465,0.06500414,0.060827017,0.056925695,36.0,81.0,122.0,0.07317073,0.033639003,,0.0
2025-09-10,7,0,0,0,0.3,2.0,10.0,0.0,19128.572,11885.714,18309.523,19403.572,18365.715,315159.72,337685.84,340289.25,345983.1,348324.16,0.068295345,0.04236018,0.05697206,0.05842074,0.054887917,41.0,95.0,131.0,0.07317073,0.052751012,,0.0
2025-09-10,8,0,0,0,0.3,2.0,10.0,0.0,20814.285,21207.143,25109.523,21000.0,26205.715,299030.16,331257.56,340492.2,347417.5,352774.5,0.07403543,0.06836938,0.07684193,0.06336636,0.07533327,41.0,72.0,105.0,0.17073171,0.045774646,,0.33333334
2025-09-10,9,0,0,0,0.3,2.0,10.0,0.0,23542.857,21614.285,16180.952,18250.0,18497.143,316495.84,338401.0,339943.47,344134.3,345225.5,0.07270571,0.06056989,0.045121342,0.050802555,0.05174855,36.0,74.0,129.0,0.09756097,0.03547945,,0.0
2025-09-10,ã‚¾ãƒ­ç›®,0,0,1,0.3,2.0,10.0,0.0,10000.0,10057.143,19276.191,20528.572,22674.285,306145.44,327758.44,334384.28,337862.66,340455.16,0.02807727,0.026132151,0.05319475,0.057734117,0.0639635,54.0,97.0,124.0,0.048780486,0.038751386,,0.0
2025-09-11,0,0,0,0,0.33333334,3.0,11.0,0.0,25100.0,18735.715,20133.334,14350.0,17491.428,313331.84,333702.44,344493.06,344564.03,352595.16,0.08089666,0.06052732,0.059275657,0.04160974,0.048715275,38.0,82.0,120.0,0.12195122,0.036321186,,0.0
2025-09-11,1,0,0,0,0.33333334,3.0,11.0,0.0,8428.571,9821.429,12247.619,12753.571,11197.143,327063.44,348549.66,360193.8,364063.1,367519.16,0.027313715,0.031333104,0.0363006,0.03630421,0.031319376,49.0,97.0,141.0,0.09756097,0.046272263,,0.0
2025-09-11,2,0,1,1,0.33333334,3.0,11.0,0.0,37100.0,25014.285,22733.334,19250.0,21357.143,322168.84,332993.28,345988.53,347152.7,350220.1,0.11570326,0.073578976,0.06578075,0.055970807,0.06173381,29.0,71.0,122.0,0.17073171,0.047563225,,0.0
2025-09-11,3,0,0,0,0.33333334,3.0,11.0,0.0,12628.571,13307.143,16519.047,16257.143,13102.857,321881.44,333301.66,343016.44,345159.7,351640.3,0.047809795,0.041878123,0.046458114,0.045012783,0.03614426,46.0,81.0,126.0,0.0,0.03312406,,0.0
2025-09-11,4,0,0,1,0.33333334,3.0,11.0,0.0,18057.143,16778.572,21576.191,20128.572,23025.715,312785.72,333928.84,343008.56,345292.47,351199.84,0.05381621,0.046359304,0.060289145,0.056370806,0.063529976,43.0,87.0,125.0,0.048780486,0.0377796,,0.0
2025-09-11,5,0,0,0,0.33333334,3.0,11.0,0.0,12771.429,17307.143,16028.571,15539.286,19351.428,320242.16,332322.44,339566.62,346438.5,353186.9,0.033060685,0.043098737,0.04291023,0.04187726,0.05187112,48.0,83.0,132.0,0.024390243,0.03521127,,0.0
2025-09-11,6,0,0,1,0.33333334,3.0,11.0,0.0,38700.0,21135.715,22228.572,21342.857,22105.715,302952.44,323428.44,338860.38,342739.75,350218.78,0.12478092,0.06345785,0.06441796,0.06121762,0.06235584,31.0,81.0,124.0,0.07317073,0.033639003,,0.33333334
2025-09-11,7,0,0,0,0.33333334,3.0,11.0,0.0,9357.143,9814.286,17504.762,18285.715,16948.572,303154.0,324551.28,337041.75,341200.72,347049.72,0.032741476,0.03354432,0.05297609,0.05377759,0.049200557,49.0,97.0,134.0,0.17073171,0.052751012,,0.33333334
2025-09-11,8,1,1,1,0.33333334,3.0,11.0,0.0,21185.715,21835.715,20990.477,22260.715,23697.143,300190.28,322955.28,334877.66,344667.25,349645.6,0.07527035,0.07045751,0.06697462,0.06703899,0.06917754,42.0,70.0,112.0,0.09756097,0.045774646,,0.0
2025-09-11,9,0,0,0,0.33333334,3.0,11.0,0.0,27314.285,16242.857,17833.334,18478.572,18037.143,309118.16,324533.94,336843.66,339573.03,343283.7,0.08615728,0.047581363,0.05074477,0.05137514,0.050143294,35.0,82.0,129.0,0.07317073,0.03547945,,0.0
2025-09-11,ã‚¾ãƒ­ç›®,0,1,1,0.33333334,3.0,11.0,0.0,10957.143,10500.0,20428.572,20610.715,21980.0,300143.28,318984.06,333355.38,334407.72,339943.84,0.032398082,0.028685156,0.057413027,0.058557905,0.061638925,52.0,93.0,121.0,0.12195122,0.038751386,,0.33333334
2025-09-12,0,1,1,1,0.36666667,4.0,12.0,0.0,24971.428,17914.285,21185.715,14717.857,17157.143,320800.28,333231.44,342867.84,341858.06,349198.1,0.0788595,0.057753894,0.062839516,0.0429819,0.048266087,36.0,84.0,116.0,0.1,0.036321186,,0.0
2025-09-12,1,0,0,0,0.36666667,4.0,12.0,0.0,3642.8572,6542.857,12209.523,12235.714,9934.286,331657.16,349481.0,358374.2,360179.66,364654.88,0.00971828,0.019965677,0.036107454,0.03489562,0.028058808,53.0,105.0,142.0,0.075,0.046272263,,0.0
2025-09-12,2,0,1,1,0.36666667,4.0,12.0,0.0,35400.0,26278.572,22942.857,19857.143,20508.572,323492.56,333891.44,342778.94,343992.66,347480.94,0.10912636,0.07791214,0.06718809,0.05834944,0.06015329,27.0,65.0,118.0,0.075,0.047563225,,0.0
2025-09-12,3,0,0,0,0.36666667,4.0,12.0,0.0,7542.857,12885.714,17980.953,15621.429,12422.857,325137.16,335286.56,341597.62,342268.97,348104.16,0.028206464,0.04008708,0.051184718,0.043438558,0.034658562,52.0,84.0,123.0,0.075,0.03312406,,0.33333334
2025-09-12,4,0,0,0,0.36666667,4.0,12.0,0.0,21414.285,17457.143,20719.047,20321.428,22437.143,318492.44,336275.34,343090.62,342976.1,348769.2,0.06515444,0.048308264,0.057433482,0.057297535,0.06241752,38.0,85.0,127.0,0.125,0.0377796,,0.0
2025-09-12,5,0,1,1,0.36666667,4.0,12.0,0.0,16985.715,18978.572,15128.571,15582.143,18874.285,328552.0,336939.94,338136.25,343303.4,350259.38,0.04974062,0.04982222,0.040274277,0.04208892,0.05079068,46.0,82.0,137.0,0.1,0.03521127,,0.0
2025-09-12,6,0,0,0,0.36666667,4.0,12.0,0.0,30757.143,25242.857,21871.428,23478.572,22954.285,311825.56,326176.16,337173.34,341479.1,347691.1,0.09133872,0.07802348,0.06361222,0.06753742,0.06476553,35.0,75.0,124.0,0.175,0.033639003,,0.33333334
2025-09-12,7,0,0,0,0.36666667,4.0,12.0,0.0,3885.7144,5757.143,16319.048,15685.714,15177.143,306249.16,326577.16,335863.94,337477.97,343795.44,0.012317293,0.017962834,0.04898968,0.046716325,0.04443842,53.0,107.0,137.0,0.075,0.052751012,,0.33333334
2025-09-12,8,0,0,1,0.36666667,4.0,12.0,0.0,21500.0,22064.285,21661.904,23839.285,22311.428,309619.84,324391.44,333976.47,342453.94,346787.5,0.07225494,0.07072749,0.06940695,0.072099656,0.06645733,38.0,68.0,106.0,0.075,0.045774646,,0.0
2025-09-12,9,0,0,1,0.36666667,4.0,12.0,0.0,23142.857,16435.715,17109.523,16950.0,18240.0,310430.28,325175.28,335256.2,336380.4,340474.84,0.071156256,0.04819601,0.048660304,0.04761027,0.05089267,39.0,80.0,133.0,0.1,0.03547945,,0.0
2025-09-12,ã‚¾ãƒ­ç›®,0,0,0,0.36666667,4.0,12.0,0.0,14657.143,11335.714,19504.762,21053.572,20617.143,308330.72,321142.06,331980.84,331990.5,337387.9,0.045562845,0.03126353,0.05485346,0.06028744,0.05856521,45.0,89.0,123.0,0.025,0.038751386,,0.0
2025-09-13,0,0,0,0,0.4,5.0,13.0,0.0,26271.428,19914.285,20452.38,16475.0,17680.0,321472.16,327849.28,337725.8,336746.94,346355.3,0.08364231,0.06587323,0.0626815,0.049035665,0.050772857,34.0,80.0,115.0,0.075,0.036321186,,0.0
2025-09-13,1,0,0,0,0.4,5.0,13.0,0.0,-342.85715,5228.5713,9242.857,9671.429,9925.714,333764.84,346139.78,354895.66,356505.72,363337.44,-0.0035865207,0.01564149,0.027686303,0.028048856,0.027803743,54.0,107.0,146.0,0.075,0.046272263,,0.0
2025-09-13,2,0,0,1,0.4,5.0,13.0,0.0,36500.0,29400.0,22842.857,21303.572,21040.0,323403.72,330588.72,338830.53,341124.84,345268.1,0.1130734,0.08863349,0.068174325,0.06327911,0.062354833,27.0,57.0,113.0,0.175,0.047563225,,0.0
2025-09-13,3,0,0,0,0.4,5.0,13.0,0.0,-2728.5715,12135.714,17928.572,14914.286,11374.286,321830.72,328788.72,336610.25,337435.75,344140.53,-0.011011616,0.03597752,0.049641352,0.040346015,0.030929929,61.0,83.0,122.0,0.1,0.03312406,,0.6666667
2025-09-13,4,1,1,1,0.4,5.0,13.0,0.0,17285.715,16328.571,17842.857,19517.857,20800.0,318492.72,331490.16,338344.9,338334.25,346085.7,0.049686413,0.04417127,0.048903372,0.05465498,0.05748754,40.0,87.0,131.0,0.075,0.0377796,,0.0
2025-09-13,5,0,1,1,0.4,5.0,13.0,0.0,19071.428,20792.857,15095.238,16175.0,18062.857,332232.72,334463.78,336098.66,339588.84,348556.06,0.056618996,0.056124717,0.040679906,0.044391096,0.0488414,40.0,76.0,132.0,0.075,0.03521127,,0.0
2025-09-13,6,0,0,1,0.4,5.0,13.0,0.0,30114.285,21835.715,20985.715,22392.857,20980.0,315118.28,320455.5,331637.56,336742.4,344299.84,0.088568434,0.06794097,0.061262045,0.06476948,0.059523884,31.0,80.0,121.0,0.075,0.033639003,,0.0
2025-09-13,7,0,0,0,0.4,5.0,13.0,0.0,-428.57144,5207.143,12619.048,15200.0,14105.714,304929.28,322777.56,331012.94,332756.75,341561.9,-0.0038153431,0.015786653,0.03832418,0.045058183,0.04104812,55.0,106.0,143.0,0.125,0.052751012,,0.0
2025-09-13,8,0,0,0,0.4,5.0,13.0,0.0,20200.0,18950.0,19438.096,22750.0,20837.143,311358.0,318383.5,329727.44,338141.6,343607.94,0.06687947,0.06177283,0.06310606,0.06932809,0.06253975,36.0,71.0,108.0,0.125,0.045774646,,0.0
2025-09-13,9,0,0,0,0.4,5.0,13.0,0.0,22700.0,16228.571,17723.809,16867.857,18391.428,311983.72,323286.44,331853.38,332826.22,339630.22,0.06921906,0.047927774,0.05095954,0.04798718,0.05153465,39.0,81.0,127.0,0.075,0.03547945,,0.33333334
2025-09-13,ã‚¾ãƒ­ç›®,0,1,1,0.4,5.0,13.0,0.0,11171.429,8250.0,16209.523,19264.285,18108.572,311012.72,317149.5,327719.8,327875.2,334624.47,0.032364633,0.020178057,0.044150226,0.05435988,0.050725967,45.0,96.0,128.0,0.025,0.038751386,,0.0
2025-09-14,0,0,0,1,0.43333334,6.0,14.0,0.0,30585.715,20314.285,21428.572,17103.572,17928.572,316110.72,322945.66,334361.47,335856.3,345511.62,0.0961018,0.06783734,0.065711245,0.05093765,0.051626142,32.0,78.0,114.0,0.075,0.036321186,,0.33333334
2025-09-14,1,0,0,0,0.43333334,6.0,14.0,0.0,4185.7144,5785.7144,9747.619,10253.571,10648.571,328294.56,340021.34,351691.28,356361.28,363029.56,0.008567742,0.017968966,0.029441517,0.02963043,0.0297609,52.0,103.0,147.0,0.125,0.046272263,,0.0
2025-09-14,2,0,0,0,0.43333334,6.0,14.0,0.0,32314.285,29528.572,23366.666,23232.143,22305.715,322558.16,326409.16,336620.0,341570.2,345927.62,0.10240006,0.090186186,0.07009834,0.06842565,0.06569814,28.0,58.0,114.0,0.05,0.047563225,,0.0
2025-09-14,3,0,0,0,0.43333334,6.0,14.0,0.0,714.2857,8685.714,15704.762,13246.429,11845.714,322041.56,326283.5,334401.16,337767.25,344908.5,-0.0017747406,0.027641863,0.044436503,0.035755757,0.032252006,60.0,92.0,131.0,0.05,0.03312406,,0.0
2025-09-14,4,0,0,0,0.43333334,6.0,14.0,0.0,20785.715,17964.285,20257.143,19975.0,21562.857,322357.28,329724.22,337531.56,339288.9,347101.5,0.057544872,0.048666082,0.055009592,0.05549817,0.05916847,35.0,81.0,124.0,0.075,0.0377796,,0.0
2025-09-14,5,0,0,0,0.43333334,6.0,14.0,0.0,21400.0,21614.285,18861.904,17710.715,19565.715,332860.72,332880.28,335007.16,340779.16,348955.25,0.06244729,0.058704734,0.050246585,0.048221774,0.05270176,37.0,74.0,124.0,0.1,0.03521127,,0.0
2025-09-14,6,0,0,1,0.43333334,6.0,14.0,0.0,25614.285,23164.285,21819.047,23903.572,21522.857,318720.56,318538.66,329289.34,337338.1,344363.34,0.074689865,0.07178012,0.06387959,0.06869709,0.0609315,34.0,77.0,121.0,0.075,0.033639003,,0.33333334
2025-09-14,7,0,1,1,0.43333334,6.0,14.0,0.0,-2871.4285,4907.143,12300.0,15785.714,14634.286,302570.44,317698.06,328379.38,332703.78,340734.56,-0.009661113,0.01634496,0.038229566,0.04670094,0.042639323,57.0,106.0,147.0,0.075,0.052751012,,0.0
2025-09-14,8,0,0,0,0.43333334,6.0,14.0,0.0,18328.572,16607.143,22033.334,21571.428,20177.143,312510.44,313408.66,326989.84,336855.03,343187.3,0.061401486,0.05687441,0.06964064,0.06650692,0.060831547,38.0,78.0,106.0,0.075,0.045774646,,0.0
2025-09-14,9,0,1,1,0.43333334,6.0,14.0,0.0,7771.4287,12700.0,16676.191,15346.429,16231.429,310641.16,318165.5,328666.06,333124.3,339173.22,0.028512212,0.03950766,0.048363667,0.043649547,0.04573656,49.0,87.0,131.0,0.075,0.03547945,,0.0
2025-09-14,ã‚¾ãƒ­ç›®,1,1,1,0.43333334,6.0,14.0,0.0,14985.714,10435.714,17261.904,19396.428,20174.285,313724.72,313613.84,326121.47,329336.25,335426.94,0.041934602,0.0265811,0.047315124,0.054097466,0.056333806,40.0,90.0,127.0,0.225,0.038751386,,0.33333334
2025-09-15,0,0,0,0,0.46666667,0.0,15.0,0.0,32642.857,22100.0,21390.477,18592.857,18411.428,309523.0,319325.44,331835.28,334614.34,344536.06,0.103005156,0.073183425,0.06631309,0.055064976,0.053131383,32.0,74.0,117.0,0.09756097,0.036321186,,0.0
2025-09-15,1,0,0,0,0.46666667,0.0,15.0,0.0,2142.8572,7250.0,9038.096,10135.714,10774.286,321222.28,334799.66,350141.0,354683.78,362260.25,0.004568894,0.021941401,0.027871381,0.029563587,0.03018593,56.0,98.0,149.0,0.14634146,0.046272263,,0.0
2025-09-15,2,1,1,1,0.46666667,0.0,15.0,0.0,31400.0,27642.857,24828.572,23503.572,22920.0,318092.28,323551.22,334946.44,340925.72,345435.38,0.10059641,0.085911684,0.07384386,0.06918656,0.06732188,30.0,62.0,110.0,0.12195122,0.047563225,,0.0
2025-09-15,3,0,0,0,0.46666667,0.0,15.0,0.0,685.7143,5850.0,14104.762,12478.571,13051.429,318350.56,321542.34,332276.8,336485.5,344171.84,-0.0017835853,0.02092518,0.040428713,0.03379365,0.03546551,61.0,100.0,138.0,0.048780486,0.03312406,,0.0
2025-09-15,4,0,1,1,0.46666667,0.0,15.0,0.0,17042.857,16178.571,19423.809,19535.715,20688.572,315897.56,326218.34,336484.2,338362.6,345990.4,0.04849001,0.04439671,0.052861508,0.054386716,0.057010274,41.0,85.0,125.0,0.14634146,0.0377796,,0.0
2025-09-15,5,0,0,0,0.46666667,0.0,15.0,0.0,22114.285,19921.428,19266.666,17750.0,20062.857,330007.0,329517.44,334178.84,339462.53,348346.1,0.06457775,0.054936472,0.05138217,0.04844569,0.05404157,38.0,78.0,123.0,0.09756097,0.03521127,,0.33333334
2025-09-15,6,0,1,1,0.46666667,0.0,15.0,0.0,21771.428,25521.428,22390.477,23542.857,21517.143,311679.84,312895.84,327532.34,334456.94,342921.84,0.06696729,0.07877793,0.06587425,0.06860065,0.061319005,38.0,72.0,119.0,0.0,0.033639003,,0.0
2025-09-15,7,0,0,1,0.46666667,0.0,15.0,0.0,12914.286,7850.0,13514.286,17103.572,16594.285,300842.44,314485.22,327525.16,331931.03,340167.25,0.03211313,0.024571236,0.04167568,0.050346322,0.047860116,48.0,99.0,143.0,0.09756097,0.052751012,,0.0
2025-09-15,8,0,0,0,0.46666667,0.0,15.0,0.0,15414.286,14214.286,19366.666,20871.428,19460.0,306053.44,309142.5,324785.8,334983.1,342545.53,0.053451184,0.05067817,0.06276562,0.06459869,0.058860555,41.0,82.0,115.0,0.14634146,0.045774646,,0.33333334
2025-09-15,9,0,0,0,0.46666667,0.0,15.0,0.0,16985.715,14214.286,19357.143,15967.857,16985.715,308457.0,316191.22,328924.75,332822.97,339402.47,0.052377105,0.04374804,0.0554273,0.045331083,0.047691353,42.0,84.0,124.0,0.07317073,0.03547945,,0.0
2025-09-15,ã‚¾ãƒ­ç›®,0,0,1,0.46666667,0.0,15.0,0.0,25014.285,12685.714,19614.285,21364.285,20980.0,311010.28,311087.06,325063.34,329032.5,335331.3,0.06931848,0.033517286,0.053922117,0.05948717,0.05855418,35.0,90.0,123.0,0.024390243,0.038751386,,0.33333334
2025-09-16,0,0,0,0,0.5,1.0,16.0,0.0,27785.715,25907.143,18604.762,18882.143,16694.285,321521.28,317846.56,333004.94,337720.1,344179.66,0.08488627,0.082994856,0.058190648,0.055755023,0.048690844,37.0,73.0,123.0,0.12195122,0.036321186,,0.33333334
2025-09-16,1,0,1,1,0.5,1.0,16.0,0.0,5285.7144,9614.286,7166.6665,10275.0,10674.286,330406.44,334801.22,350442.9,356655.25,361903.0,0.013821378,0.028220445,0.022793826,0.029827584,0.02995426,54.0,102.0,155.0,0.024390243,0.046272263,,0.0
2025-09-16,2,0,0,0,0.5,1.0,16.0,0.0,40700.0,33592.855,27557.143,25464.285,22854.285,328437.84,322960.16,336909.2,341703.3,346191.53,0.12445892,0.10256902,0.080972984,0.07446777,0.06657191,24.0,61.0,103.0,0.07317073,0.047563225,,0.0
2025-09-16,3,0,1,1,0.5,1.0,16.0,0.0,-4771.4287,6000.0,12595.238,11275.0,12331.429,322546.84,320366.16,334250.06,337236.6,343806.53,-0.01801272,0.02120135,0.035871144,0.03028267,0.033469062,66.0,107.0,139.0,0.07317073,0.03312406,,0.0
2025-09-16,4,0,0,0,0.5,1.0,16.0,0.0,19414.285,22185.715,20904.762,19892.857,20434.285,328730.28,328776.22,340787.72,339873.3,346037.2,0.052256785,0.060913485,0.056460083,0.05499652,0.056333683,36.0,78.0,117.0,0.07317073,0.0377796,,0.33333334
2025-09-16,5,1,1,1,0.5,1.0,16.0,0.0,22800.0,18735.715,18461.904,17653.572,19557.143,337912.16,326970.34,335505.16,340955.56,347519.5,0.0658602,0.052093007,0.048686277,0.047934026,0.05277958,36.0,84.0,123.0,0.09756097,0.03521127,,0.0
2025-09-16,6,0,0,0,0.5,1.0,16.0,0.0,22728.572,31221.428,22680.953,24175.0,22717.143,324122.0,314589.94,329605.28,336115.06,342723.94,0.06529396,0.09477305,0.06603675,0.069975324,0.0645808,36.0,66.0,116.0,0.14634146,0.033639003,,0.0
2025-09-16,7,0,0,0,0.5,1.0,16.0,0.0,9385.714,13442.857,13433.333,16882.143,17574.285,314645.44,314882.06,330354.16,333823.56,340396.25,0.016311398,0.039784838,0.040880024,0.049299814,0.05051796,51.0,93.0,139.0,0.07317073,0.052751012,,0.0
2025-09-16,8,0,0,0,0.5,1.0,16.0,0.0,8771.429,16671.428,17290.477,20242.857,18660.0,318282.84,308838.28,327516.47,336891.78,342285.16,0.028956978,0.05741531,0.05585194,0.06250383,0.056703664,50.0,86.0,121.0,0.12195122,0.045774646,,0.33333334
2025-09-16,9,0,0,1,0.5,1.0,16.0,0.0,16042.857,17800.0,18666.666,16214.286,17862.857,319112.16,316959.56,331227.25,334882.5,339498.38,0.047178186,0.053887244,0.052839156,0.045797687,0.050133385,43.0,83.0,124.0,0.09756097,0.03547945,,0.0
2025-09-16,ã‚¾ãƒ­ç›®,0,0,1,0.5,1.0,16.0,0.0,29242.857,15957.143,17609.523,21503.572,21934.285,319041.84,311200.06,325355.1,330605.75,334718.5,0.08129463,0.04314712,0.047828987,0.059409186,0.06136864,29.0,91.0,126.0,0.09756097,0.038751386,,0.0
2025-09-17,0,0,0,0,0.53333336,2.0,17.0,0.0,18200.0,24257.143,20338.096,17603.572,16542.857,310239.56,313111.44,331733.9,336250.44,341427.12,0.05760141,0.07801716,0.063826606,0.051685676,0.04818821,45.0,78.0,121.0,0.024390243,0.036321186,,0.0
2025-09-17,1,0,0,0,0.53333336,2.0,17.0,0.0,11371.429,11200.0,7519.048,12042.857,11622.857,321877.28,328485.66,347009.28,353000.1,358945.88,0.03500892,0.034375448,0.02479069,0.03556796,0.033277333,47.0,98.0,152.0,0.19512194,0.046272263,,0.0
2025-09-17,2,0,1,1,0.53333336,2.0,17.0,0.0,39000.0,33492.855,27076.191,24753.572,21985.715,318587.0,318518.06,334017.56,339769.34,343571.03,0.118865885,0.10207036,0.07934545,0.07211328,0.06399294,25.0,61.0,101.0,0.12195122,0.047563225,,0.33333334
2025-09-17,3,0,0,0,0.53333336,2.0,17.0,0.0,2114.2856,6321.4287,13509.523,11907.143,12914.286,313456.56,314384.94,329772.44,333770.84,341162.88,0.0073893983,0.02426929,0.04006088,0.033279356,0.036079537,57.0,106.0,133.0,0.07317073,0.03312406,,0.33333334
2025-09-17,4,0,0,1,0.53333336,2.0,17.0,0.0,12971.429,21228.572,16852.38,19782.143,19111.428,316065.56,322148.72,336088.28,336530.5,342350.72,0.02849506,0.055974152,0.042945262,0.053639475,0.05169456,43.0,80.0,127.0,0.07317073,0.0377796,,0.33333334
2025-09-17,5,0,0,0,0.53333336,2.0,17.0,0.0,30214.285,23185.715,20790.477,19782.143,19762.857,332147.16,327443.72,335441.44,339792.22,345784.53,0.09116795,0.066672504,0.05634844,0.055035297,0.054424293,32.0,80.0,120.0,0.048780486,0.03521127,,0.0
2025-09-17,6,0,0,0,0.53333336,2.0,17.0,0.0,24071.428,29585.715,22523.809,22878.572,21937.143,315180.28,308793.28,326752.47,333967.4,340054.12,0.07022177,0.090724394,0.0658629,0.06630854,0.062705964,35.0,71.0,116.0,0.07317073,0.033639003,,0.0
2025-09-17,7,1,1,1,0.53333336,2.0,17.0,0.0,11171.429,15150.0,11647.619,16525.0,17757.143,305023.84,310091.78,326798.53,331472.9,337791.25,0.022941664,0.045618504,0.035887342,0.048464462,0.051324926,48.0,89.0,143.0,0.07317073,0.052751012,,0.0
2025-09-17,8,0,1,1,0.53333336,2.0,17.0,0.0,4471.4287,12642.857,15628.571,19950.0,17694.285,308122.16,303576.16,323545.75,332399.7,339558.44,0.013123818,0.043579623,0.04995419,0.060912397,0.053317856,54.0,95.0,126.0,0.17073171,0.045774646,,0.0
2025-09-17,9,0,0,0,0.53333336,2.0,17.0,0.0,15071.429,19307.143,19433.334,15903.571,17614.285,312454.84,314475.34,329752.28,333071.3,337798.44,0.045991942,0.059348825,0.055710573,0.045338992,0.04984043,45.0,81.0,119.0,0.09756097,0.03547945,,0.0
2025-09-17,ã‚¾ãƒ­ç›®,0,0,1,0.53333336,2.0,17.0,0.0,29600.0,19800.0,16571.428,21857.143,22342.857,305731.28,305938.34,320416.06,327221.03,331436.38,0.08652824,0.057302758,0.046264183,0.061528124,0.06349295,31.0,85.0,128.0,0.048780486,0.038751386,,0.0
2025-09-18,0,0,0,1,0.56666666,3.0,18.0,0.0,17657.143,21378.572,18376.191,19514.285,15011.429,320358.28,316845.06,329254.38,338459.34,339722.88,0.05568315,0.068289906,0.058912598,0.05837753,0.044424422,47.0,85.0,129.0,0.12195122,0.036321186,,0.0
2025-09-18,1,0,0,0,0.56666666,3.0,18.0,0.0,10414.286,9421.429,10019.048,11789.286,12285.714,338636.44,332849.94,345245.25,354804.47,358977.78,0.029767985,0.02854085,0.0308114,0.034667447,0.034996964,54.0,103.0,151.0,0.09756097,0.046272263,,0.0
2025-09-18,2,0,0,0,0.56666666,3.0,18.0,0.0,37200.0,37150.0,29076.191,26350.0,22840.0,325413.84,323791.34,330466.8,340844.84,342804.9,0.10918274,0.112443,0.085446894,0.07663125,0.06661319,26.0,55.0,97.0,0.17073171,0.047563225,,0.0
2025-09-18,3,0,0,0,0.56666666,3.0,18.0,0.0,3342.8572,7985.7144,9985.714,13225.0,13674.286,315904.84,318893.16,327502.72,336238.53,339308.72,0.010699771,0.029254781,0.031485338,0.037518527,0.038150184,59.0,105.0,140.0,0.0,0.03312406,,0.0
2025-09-18,4,0,1,1,0.56666666,3.0,18.0,0.0,16885.715,17471.428,16814.285,20403.572,19480.0,328024.0,320404.84,331960.56,339262.44,341838.78,0.038780566,0.04629839,0.04383306,0.054912,0.052852757,40.0,83.0,127.0,0.048780486,0.0377796,,0.0
2025-09-18,5,0,0,1,0.56666666,3.0,18.0,0.0,27700.0,20235.715,20771.428,18946.428,17971.428,335803.72,328022.94,333482.84,338625.9,344311.53,0.0831834,0.058122043,0.05646029,0.052978523,0.050138485,39.0,87.0,122.0,0.024390243,0.03521127,,0.0
2025-09-18,6,0,0,0,0.56666666,3.0,18.0,0.0,24957.143,31828.572,22409.523,22910.715,22065.715,328419.0,315685.72,325091.94,336250.03,339875.6,0.07056207,0.0976715,0.065825924,0.065953985,0.06308651,36.0,67.0,117.0,0.07317073,0.033639003,,0.33333334
2025-09-18,7,0,0,0,0.56666666,3.0,18.0,0.0,23185.715,16271.429,14271.429,18925.0,19265.715,323663.84,313408.94,324255.47,333697.28,337693.34,0.062350057,0.04754577,0.043146234,0.05531958,0.055492084,38.0,87.0,135.0,0.17073171,0.052751012,,0.33333334
2025-09-18,8,0,0,0,0.56666666,3.0,18.0,0.0,10685.714,15935.714,18119.047,18414.285,19945.715,315748.28,307969.28,320552.94,330095.3,338883.47,0.030910363,0.053090356,0.057275128,0.05795856,0.059813265,49.0,91.0,119.0,0.09756097,0.045774646,,0.33333334
2025-09-18,9,0,1,1,0.56666666,3.0,18.0,0.0,18014.285,22664.285,16833.334,17878.572,18385.715,332985.0,321051.56,327350.94,335879.0,338255.44,0.054281592,0.070219435,0.049814776,0.051628973,0.05195643,42.0,77.0,124.0,0.07317073,0.03547945,,0.0
2025-09-18,ã‚¾ãƒ­ç›®,1,1,1,0.56666666,3.0,18.0,0.0,30357.143,20657.143,17119.047,22910.715,22560.0,315030.56,307586.94,317666.25,328774.2,330532.28,0.087045886,0.059721984,0.04813873,0.06482124,0.0642555,32.0,84.0,125.0,0.12195122,0.038751386,,0.0
2025-09-19,0,0,0,1,0.6,4.0,19.0,0.0,18257.143,21614.285,18028.572,20453.572,15425.714,317597.0,319198.66,328019.94,336550.16,337005.84,0.058446098,0.068652794,0.057984628,0.06174116,0.046074737,45.0,81.0,129.0,0.1,0.036321186,,0.33333334
2025-09-19,1,0,0,0,0.6,4.0,19.0,0.0,11957.143,7800.0,8347.619,12146.429,12180.0,329696.56,330676.84,342886.2,351204.78,354083.03,0.03569629,0.022707285,0.025209215,0.036004663,0.035055753,51.0,104.0,156.0,0.075,0.046272263,,0.0
2025-09-19,2,0,0,0,0.6,4.0,19.0,0.0,32314.285,33857.145,28290.477,25285.715,22348.572,316525.0,320008.78,328102.62,336215.47,338499.12,0.09088987,0.100008115,0.08223805,0.07311353,0.06485753,34.0,61.0,99.0,0.075,0.047563225,,0.0
2025-09-19,3,0,0,0,0.6,4.0,19.0,0.0,1728.5714,4635.7144,9166.667,13917.857,12842.857,308340.84,316739.0,326304.66,333283.44,335483.34,0.004421254,0.01631386,0.028198471,0.03949385,0.035635095,60.0,112.0,144.0,0.075,0.03312406,,0.33333334
2025-09-19,4,0,0,0,0.6,4.0,19.0,0.0,18371.428,19892.857,17761.904,20132.143,19931.428,320566.16,319529.28,331038.94,337459.5,338494.12,0.04659127,0.055872858,0.047735933,0.054722928,0.055156283,38.0,76.0,123.0,0.125,0.0377796,,0.0
2025-09-19,5,0,1,1,0.6,4.0,19.0,0.0,29285.715,23135.715,22414.285,18667.857,18322.857,326544.72,327548.34,333474.84,335238.34,339951.66,0.09029572,0.070018165,0.06331339,0.052779637,0.05173028,35.0,81.0,117.0,0.1,0.03521127,,0.0
2025-09-19,6,0,0,0,0.6,4.0,19.0,0.0,24300.0,27528.572,24928.572,22478.572,23642.857,318582.84,315204.22,323645.06,332525.72,336899.84,0.06971405,0.08052638,0.075253665,0.06513768,0.06797274,37.0,72.0,112.0,0.175,0.033639003,,0.33333334
2025-09-19,7,1,1,1,0.6,4.0,19.0,0.0,22471.428,13178.571,11328.571,17857.143,17042.857,314962.44,310605.78,322705.56,330638.56,332974.84,0.05767465,0.034995973,0.031200105,0.051160924,0.04890799,38.0,91.0,145.0,0.075,0.052751012,,0.0
2025-09-19,8,0,1,1,0.6,4.0,19.0,0.0,6685.7144,14092.857,16938.096,17917.857,20408.572,305676.0,307647.94,318152.94,326901.34,335098.34,0.018003717,0.04512933,0.0531529,0.05655614,0.06128047,56.0,94.0,124.0,0.075,0.045774646,,0.0
2025-09-19,9,0,0,0,0.6,4.0,19.0,0.0,19242.857,21192.857,17371.428,17642.857,17408.572,324945.28,317687.78,325098.62,332678.47,334093.38,0.060617365,0.06588681,0.05233646,0.05164957,0.05021169,38.0,77.0,118.0,0.1,0.03547945,,0.0
2025-09-19,ã‚¾ãƒ­ç›®,0,0,1,0.6,4.0,19.0,0.0,32057.143,23357.143,18242.857,22642.857,23254.285,301395.0,304862.84,314559.72,324334.4,325871.4,0.10083522,0.073199034,0.054454092,0.0663489,0.06839699,30.0,75.0,119.0,0.025,0.038751386,,0.0
2025-09-20,0,0,0,0,0.6333333,5.0,20.0,0.0,14157.143,20214.285,17995.238,18878.572,16011.429,314528.28,318000.22,323408.94,331926.44,332303.2,0.042819455,0.06323089,0.058188636,0.05771599,0.047792424,48.0,82.0,128.0,0.075,0.036321186,,0.0
2025-09-20,1,1,1,1,0.6333333,5.0,20.0,0.0,12942.857,6300.0,7800.0,10167.857,10325.714,324502.0,329133.44,338927.2,347297.25,350104.97,0.038182188,0.017297832,0.023155056,0.030310275,0.030075522,52.0,106.0,159.0,0.075,0.046272263,,0.0
2025-09-20,2,0,0,1,0.6333333,5.0,20.0,0.0,25714.285,31107.143,28171.428,23560.715,22185.715,313131.72,318267.72,324769.72,332405.8,335526.22,0.06673579,0.0899046,0.081334256,0.067814685,0.06397044,43.0,70.0,100.0,0.175,0.047563225,,0.0
2025-09-20,3,0,0,0,0.6333333,5.0,20.0,0.0,4457.143,864.2857,9576.19,14560.714,12822.857,312241.84,317036.28,323273.1,330518.16,332396.97,0.015765006,0.0023766945,0.029240016,0.041172266,0.035429813,58.0,119.0,141.0,0.1,0.03312406,,0.33333334
2025-09-20,4,0,0,0,0.6333333,5.0,20.0,0.0,20414.285,18850.0,17690.477,18485.715,19697.143,322801.84,320647.28,328594.06,334459.16,335227.78,0.054239042,0.05196273,0.047527194,0.05023729,0.054571792,36.0,76.0,123.0,0.075,0.0377796,,0.33333334
2025-09-20,5,0,0,1,0.6333333,5.0,20.0,0.0,28871.428,23971.428,23485.715,18539.285,18714.285,324946.56,328589.66,331291.38,333310.66,336660.4,0.089260474,0.07293974,0.06716997,0.05282505,0.05336497,34.0,74.0,110.0,0.075,0.03521127,,0.0
2025-09-20,6,0,0,0,0.6333333,5.0,20.0,0.0,23842.857,26978.572,22504.762,21700.0,22682.857,321480.16,318299.22,320797.06,329098.22,333689.94,0.06804884,0.07830864,0.06797693,0.06295875,0.06542535,38.0,69.0,118.0,0.075,0.033639003,,0.0
2025-09-20,7,0,0,0,0.6333333,5.0,20.0,0.0,27242.857,13407.143,12552.381,16275.0,17608.572,315180.0,310054.66,320245.06,327054.72,329241.4,0.075874284,0.03602947,0.03581586,0.047711708,0.0512214,32.0,87.0,138.0,0.125,0.052751012,,0.0
2025-09-20,8,0,0,0,0.6333333,5.0,20.0,0.0,7957.143,14078.571,15285.714,16567.857,19791.428,306329.16,308843.56,314365.38,323877.84,331779.12,0.022837391,0.044858433,0.04879435,0.053038895,0.06002995,54.0,90.0,125.0,0.125,0.045774646,,0.0
2025-09-20,9,0,1,1,0.6333333,5.0,20.0,0.0,15057.143,18878.572,15838.096,17057.143,16505.715,318862.56,315423.16,321811.8,328605.7,330033.5,0.045363627,0.057291344,0.04707306,0.04956056,0.04746247,43.0,82.0,124.0,0.075,0.03547945,,0.33333334
2025-09-20,ã‚¾ãƒ­ç›®,0,1,1,0.6333333,5.0,20.0,0.0,36800.0,23985.715,17766.666,21357.143,22771.428,303614.28,307313.5,312637.75,321693.44,323023.0,0.11884131,0.07560297,0.05306581,0.062823,0.06725617,24.0,69.0,120.0,0.025,0.038751386,,0.0
2025-09-21,0,0,0,1,0.6666667,6.0,21.0,0.0,12285.714,21435.715,17638.096,19142.857,16140.0,321093.84,318602.28,322328.38,331044.56,332903.84,0.036619365,0.066360585,0.05743135,0.058438275,0.048073992,47.0,79.0,125.0,0.075,0.036321186,,0.0
2025-09-21,1,0,0,0,0.6666667,6.0,21.0,0.0,22042.857,13114.286,11204.762,12821.429,12611.429,331206.28,329750.44,337083.0,346570.03,351330.28,0.058597114,0.033582427,0.031511683,0.036730416,0.035423767,46.0,98.0,149.0,0.125,0.046272263,,0.0
2025-09-21,2,0,1,1,0.6666667,6.0,21.0,0.0,23842.857,28078.572,27633.334,23485.715,23354.285,312023.56,317290.84,321613.94,330470.9,335660.84,0.06204551,0.08222278,0.08080596,0.068085134,0.06714962,43.0,71.0,101.0,0.05,0.047563225,,0.0
2025-09-21,3,0,0,0,0.6666667,6.0,21.0,0.0,6228.5713,3471.4285,7866.6665,13335.714,11842.857,311954.44,316998.0,321507.16,328789.47,332604.7,0.0205421,0.00938368,0.025275275,0.038462903,0.032713026,54.0,114.0,146.0,0.05,0.03312406,,0.0
2025-09-21,4,0,0,1,0.6666667,6.0,21.0,0.0,10114.286,15450.0,15347.619,17721.428,18002.857,318330.0,320343.66,325926.16,332731.2,335097.12,0.028013181,0.042779025,0.041781783,0.04826049,0.050001174,45.0,80.0,126.0,0.075,0.0377796,,0.0
2025-09-21,5,0,0,0,0.6666667,6.0,21.0,0.0,24028.572,22714.285,22419.047,20153.572,18974.285,320349.72,326605.22,328703.44,331342.78,336693.25,0.07757351,0.0700104,0.06499432,0.057078317,0.05409212,37.0,74.0,111.0,0.1,0.03521127,,0.0
2025-09-21,6,0,1,1,0.6666667,6.0,21.0,0.0,15642.857,20628.572,20657.143,20275.0,22251.428,321105.44,319913.0,319394.25,327243.34,334091.56,0.04656984,0.060629856,0.063376695,0.05955215,0.06427164,42.0,76.0,119.0,0.075,0.033639003,,0.33333334
2025-09-21,7,0,0,0,0.6666667,6.0,21.0,0.0,21785.715,9457.143,10533.333,14671.429,16985.715,315188.44,308879.44,316861.53,325081.66,329200.72,0.060651578,0.025495233,0.031113833,0.04383507,0.049491066,34.0,91.0,140.0,0.075,0.052751012,,0.0
2025-09-21,8,0,0,0,0.6666667,6.0,21.0,0.0,1500.0,9914.286,11571.429,16900.0,17557.143,306624.56,309567.5,311147.28,321898.53,330808.94,0.0049546645,0.033178076,0.03956783,0.05346914,0.05419647,56.0,94.0,134.0,0.075,0.045774646,,0.0
2025-09-21,9,0,0,0,0.6666667,6.0,21.0,0.0,22171.428,14971.429,15857.143,18050.0,16711.428,322982.28,316811.72,319771.1,327245.1,331095.9,0.063943446,0.046227828,0.04765292,0.05225861,0.047708325,34.0,83.0,121.0,0.075,0.03547945,,0.0
2025-09-21,ã‚¾ãƒ­ç›®,1,1,1,0.6666667,6.0,21.0,0.0,34200.0,24592.857,18357.143,21496.428,22357.143,302187.84,307956.28,309805.2,320138.06,323906.56,0.112304784,0.07711969,0.05515566,0.06356254,0.06573893,24.0,64.0,114.0,0.225,0.038751386,,0.6666667
2025-09-22,0,0,0,0,0.7,0.0,22.0,0.0,14257.143,23450.0,19485.715,19607.143,17725.715,320656.84,315089.94,319769.25,329040.7,331822.84,0.04227791,0.07264154,0.06288159,0.060304295,0.052507564,48.0,80.0,122.0,0.09756097,0.036321186,,0.0
2025-09-22,1,0,0,0,0.7,0.0,22.0,0.0,24800.0,13471.429,13100.0,12978.571,13068.571,334062.0,327642.16,334553.75,346121.25,350559.44,0.065338366,0.03495363,0.036407057,0.03723813,0.036718544,46.0,102.0,144.0,0.14634146,0.046272263,,0.0
2025-09-22,2,0,0,0,0.7,0.0,22.0,0.0,31742.857,31571.428,29009.523,26557.143,25151.428,312221.44,315156.84,319774.62,329265.2,335184.84,0.08309228,0.09184435,0.08497188,0.07615596,0.071967706,39.0,69.0,101.0,0.12195122,0.047563225,,0.33333334
2025-09-22,3,0,0,1,0.7,0.0,22.0,0.0,4685.7144,2685.7144,5461.905,11750.0,10920.0,313601.44,315976.0,318895.38,327607.97,331908.7,0.016255066,0.00723574,0.019368473,0.0343853,0.030285934,55.0,116.0,155.0,0.048780486,0.03312406,,0.0
2025-09-22,4,1,1,1,0.7,0.0,22.0,0.0,17785.715,17414.285,16714.285,19014.285,19185.715,317818.16,316857.84,323418.28,331817.7,334253.72,0.04947719,0.0489836,0.046090204,0.052015428,0.053404808,40.0,81.0,125.0,0.14634146,0.0377796,,0.0
2025-09-22,5,0,0,0,0.7,0.0,22.0,0.0,23500.0,22807.143,21114.285,20325.0,18900.0,320663.28,325335.16,326566.06,330799.97,335702.7,0.07611047,0.070344105,0.06199447,0.05756424,0.053978644,39.0,77.0,117.0,0.09756097,0.03521127,,0.33333334
2025-09-22,6,0,0,0,0.7,0.0,22.0,0.0,20257.143,21014.285,23766.666,21857.143,22885.715,323727.28,317703.56,316506.34,326581.06,332311.0,0.058395926,0.06268161,0.071983926,0.06400467,0.0665597,39.0,77.0,111.0,0.0,0.033639003,,0.0
2025-09-22,7,0,0,0,0.7,0.0,22.0,0.0,17957.143,15435.714,11219.048,14625.0,17274.285,308796.56,304819.5,312589.0,322843.0,327304.16,0.051920354,0.04201674,0.03368761,0.044236846,0.050661128,39.0,87.0,138.0,0.09756097,0.052751012,,0.0
2025-09-22,8,0,1,1,0.7,0.0,22.0,0.0,6757.143,11085.714,11728.571,16214.286,18048.572,306841.72,306447.56,308375.56,320299.78,329354.84,0.019734317,0.036592748,0.040363554,0.052007798,0.055625815,53.0,94.0,135.0,0.14634146,0.045774646,,0.33333334
2025-09-22,9,0,1,1,0.7,0.0,22.0,0.0,19271.428,18128.572,15900.0,19335.715,16628.572,318318.44,313387.72,316900.28,326273.2,329922.06,0.05709681,0.054736957,0.048197627,0.05584468,0.04768423,40.0,82.0,124.0,0.07317073,0.03547945,,0.0
2025-09-22,ã‚¾ãƒ­ç›®,0,0,1,0.7,0.0,22.0,0.0,33971.43,29492.857,19780.953,23203.572,23885.715,299964.0,305487.16,307379.38,318788.5,323218.8,0.11303938,0.09117893,0.060024653,0.06870143,0.07019761,24.0,59.0,114.0,0.024390243,0.038751386,,0.0
2025-09-23,0,0,1,1,0.73333335,1.0,23.0,0.0,9142.857,18464.285,20319.047,16239.286,16934.285,317904.84,319713.06,317866.0,329229.94,333757.06,0.028004913,0.05644559,0.06466488,0.050644215,0.050205,50.0,87.0,123.0,0.12195122,0.036321186,,0.33333334
2025-09-23,1,0,0,0,0.73333335,1.0,23.0,0.0,19742.857,12514.286,12990.477,10310.714,12168.571,337628.44,334017.44,335743.62,347239.28,352849.88,0.05249792,0.03315965,0.036312938,0.03021985,0.034361653,48.0,102.0,150.0,0.024390243,0.046272263,,0.0
2025-09-23,2,0,0,0,0.73333335,1.0,23.0,0.0,16642.857,28671.428,27942.857,24828.572,23700.0,315629.44,322033.66,320516.56,331589.25,336488.53,0.041338425,0.08289867,0.08215883,0.071064346,0.0678419,47.0,71.0,108.0,0.07317073,0.047563225,,0.0
2025-09-23,3,0,0,1,0.73333335,1.0,23.0,0.0,9471.429,2350.0,7157.143,11814.286,10914.286,312190.56,317368.72,317640.94,328735.2,332227.4,0.02994838,0.0059678303,0.024117026,0.034390453,0.030215813,49.0,115.0,156.0,0.07317073,0.03312406,,0.0
2025-09-23,4,0,0,0,0.73333335,1.0,23.0,0.0,20957.143,20185.715,21776.191,20917.857,20105.715,314340.0,321535.16,323964.16,334175.78,334766.66,0.05923901,0.055747896,0.060355328,0.057154816,0.05584502,38.0,74.0,116.0,0.07317073,0.0377796,,0.0
2025-09-23,5,0,0,1,0.73333335,1.0,23.0,0.0,22042.857,22421.428,19838.096,19357.143,18531.428,324296.44,331104.28,326079.06,332702.97,337623.75,0.071798265,0.06882923,0.058661427,0.054464273,0.052706875,39.0,75.0,123.0,0.09756097,0.03521127,,0.33333334
2025-09-23,6,1,1,1,0.73333335,1.0,23.0,0.0,12600.0,17664.285,25014.285,20160.715,21860.0,323833.28,323977.66,317671.06,328162.28,333658.72,0.03759331,0.051443636,0.075713135,0.058925893,0.06349892,45.0,81.0,111.0,0.14634146,0.033639003,,0.0
2025-09-23,7,0,0,0,0.73333335,1.0,23.0,0.0,15814.286,12600.0,14233.333,14028.571,16668.572,306775.72,310710.56,312179.94,324459.53,328414.0,0.04626079,0.031286094,0.041943487,0.042225216,0.04869201,40.0,91.0,133.0,0.07317073,0.052751012,,0.0
2025-09-23,8,0,0,0,0.73333335,1.0,23.0,0.0,11785.714,10278.571,15042.857,15914.286,18551.428,303062.72,310672.78,306913.1,321403.03,330125.97,0.034864232,0.031910606,0.04989828,0.050605014,0.05697591,46.0,96.0,132.0,0.12195122,0.045774646,,0.33333334
2025-09-23,9,0,1,1,0.73333335,1.0,23.0,0.0,23114.285,19578.572,19571.428,19778.572,17594.285,317335.84,318224.0,317085.0,327754.4,331373.16,0.068104565,0.057641376,0.05862635,0.056655508,0.05025906,36.0,79.0,119.0,0.09756097,0.03547945,,0.0
2025-09-23,ã‚¾ãƒ­ç›®,0,0,0,0.73333335,1.0,23.0,0.0,33942.855,31592.857,21952.38,21692.857,23991.428,300456.84,309749.34,307619.0,319130.53,324575.97,0.112808146,0.09705139,0.06636746,0.06407378,0.070088975,24.0,53.0,115.0,0.09756097,0.038751386,,0.0
2025-09-24,0,0,1,1,0.76666665,2.0,24.0,0.0,13671.429,15935.714,20728.572,18671.428,16817.143,330296.56,320268.06,318839.8,331374.56,335059.66,0.040878296,0.049239855,0.06563754,0.05808953,0.0495242,44.0,89.0,122.0,0.024390243,0.036321186,,0.0
2025-09-24,1,0,0,0,0.76666665,2.0,24.0,0.0,18257.143,14814.286,13552.381,10203.571,13285.714,353763.72,337820.5,336911.66,348697.9,353152.84,0.044577893,0.039793406,0.03777626,0.02973749,0.037369948,51.0,98.0,149.0,0.19512194,0.046272263,,0.0
2025-09-24,2,0,0,0,0.76666665,2.0,24.0,0.0,16285.714,27642.857,27757.143,24378.572,23060.0,334843.56,326715.28,323959.9,334224.06,338784.2,0.04109103,0.07997846,0.08174392,0.06978185,0.065908834,50.0,75.0,111.0,0.12195122,0.047563225,,0.33333334
2025-09-24,3,1,1,1,0.76666665,2.0,24.0,0.0,8728.571,5421.4287,7123.8096,12314.286,11271.429,329541.16,321498.84,319437.0,329714.6,332924.9,0.022465235,0.014927316,0.023667937,0.03566197,0.031116532,51.0,108.0,157.0,0.07317073,0.03312406,,0.0
2025-09-24,4,0,0,1,0.76666665,2.0,24.0,0.0,23871.428,18421.428,22109.523,18607.143,20600.0,333452.0,324758.78,325916.47,335429.22,335914.8,0.07232097,0.050408013,0.06142309,0.050289188,0.057375774,37.0,80.0,117.0,0.07317073,0.0377796,,0.33333334
2025-09-24,5,0,0,0,0.76666665,2.0,24.0,0.0,14414.286,22314.285,20261.904,19196.428,18708.572,337031.16,334589.16,330639.53,335838.84,339240.0,0.04505254,0.06811024,0.05946585,0.053524464,0.053038746,43.0,75.0,123.0,0.048780486,0.03521127,,0.0
2025-09-24,6,0,0,0,0.76666665,2.0,24.0,0.0,16914.285,20492.857,25361.904,21121.428,21685.715,340840.44,328010.34,319475.66,330274.47,335342.0,0.047087297,0.05865453,0.07617869,0.061169,0.062464297,39.0,74.0,110.0,0.07317073,0.033639003,,0.0
2025-09-24,7,0,0,0,0.76666665,2.0,24.0,0.0,15542.857,13357.143,15280.952,12621.429,16328.571,325249.44,315136.66,315144.34,326411.25,330228.2,0.043762844,0.033352256,0.04499995,0.037856217,0.04752414,42.0,90.0,131.0,0.07317073,0.052751012,,0.33333334
2025-09-24,8,0,0,1,0.76666665,2.0,24.0,0.0,14785.714,9628.571,13357.143,15417.857,18917.143,322253.28,315187.72,309801.84,323222.66,330370.4,0.046151947,0.029637882,0.044437066,0.04900363,0.05796031,45.0,99.0,140.0,0.17073171,0.045774646,,0.0
2025-09-24,9,0,0,0,0.76666665,2.0,24.0,0.0,24057.143,19564.285,20890.477,20589.285,17534.285,331203.84,321829.34,320051.53,330115.2,332697.84,0.067387156,0.05668955,0.06202827,0.058629718,0.049748626,34.0,79.0,115.0,0.09756097,0.03547945,,0.0
2025-09-24,ã‚¾ãƒ­ç›®,0,1,1,0.76666665,2.0,24.0,0.0,32400.0,31000.0,24000.0,20528.572,23965.715,319724.16,312727.72,310533.62,320243.06,325721.66,0.103317656,0.09492295,0.07264105,0.060527552,0.06988603,26.0,57.0,111.0,0.048780486,0.038751386,,0.0
2025-09-25,0,0,1,1,0.8,3.0,25.0,0.0,19914.285,18785.715,20890.477,18760.715,19594.285,324389.72,322374.0,319359.94,328038.22,335645.44,0.061230317,0.058456734,0.06593671,0.05949203,0.05894809,36.0,83.0,121.0,0.12195122,0.036321186,,0.0
2025-09-25,1,0,0,0,0.8,3.0,25.0,0.0,17928.572,14171.429,12257.143,11996.429,13017.143,339574.44,339105.44,335091.44,343827.53,351758.47,0.044764984,0.037266485,0.033948895,0.034299795,0.036686953,47.0,101.0,150.0,0.09756097,0.046272263,,0.0
2025-09-25,2,0,0,0,0.8,3.0,25.0,0.0,7800.0,22500.0,27366.666,23757.143,22640.0,316212.44,320813.16,321265.06,326903.22,335918.38,0.015414527,0.062298633,0.08010018,0.067938805,0.0643879,58.0,84.0,113.0,0.17073171,0.047563225,,0.0
2025-09-25,3,0,0,1,0.8,3.0,25.0,0.0,15914.286,9628.571,10628.571,11467.857,13762.857,332236.16,324070.5,323340.8,328686.06,335438.06,0.041596875,0.026148323,0.033368815,0.034013223,0.0383342,44.0,103.0,149.0,0.0,0.03312406,,0.0
2025-09-25,4,0,0,0,0.8,3.0,25.0,0.0,22328.572,19607.143,19090.477,18192.857,20788.572,325184.84,326604.44,321998.2,330266.66,336446.9,0.069893554,0.05433706,0.054163445,0.05034818,0.05790831,37.0,77.0,120.0,0.048780486,0.0377796,,0.0
2025-09-25,5,0,0,0,0.8,3.0,25.0,0.0,12528.571,20114.285,17666.666,18710.715,17662.857,325146.0,330474.84,327063.94,331398.66,335929.9,0.03953636,0.06135988,0.051926814,0.052229308,0.05029009,43.0,82.0,130.0,0.024390243,0.03521127,,0.0
2025-09-25,6,0,0,1,0.8,3.0,25.0,0.0,13914.286,19435.715,25857.143,20285.715,21111.428,328823.28,328621.16,320064.9,326024.78,334764.7,0.0388215,0.054691788,0.07805483,0.059074815,0.06052749,40.0,76.0,107.0,0.07317073,0.033639003,,0.33333334
2025-09-25,7,0,0,0,0.8,3.0,25.0,0.0,7614.2856,15400.0,13385.714,12607.143,16662.857,307414.28,315539.06,311410.72,320045.2,328440.7,0.021977732,0.042163894,0.03902309,0.03785411,0.04865121,49.0,87.0,136.0,0.17073171,0.052751012,,0.0
2025-09-25,8,1,1,1,0.8,3.0,25.0,0.0,9542.857,10114.286,13804.762,15975.0,16640.0,307894.28,311821.28,307944.28,317388.28,325655.12,0.03316041,0.032035388,0.046447042,0.05124645,0.052998926,47.0,96.0,138.0,0.09756097,0.045774646,,0.33333334
2025-09-25,9,0,1,1,0.8,3.0,25.0,0.0,19985.715,19000.0,21771.428,17621.428,18300.0,310303.72,321644.34,317468.94,323089.16,330763.94,0.054026537,0.054154065,0.0648218,0.050867714,0.052108485,38.0,80.0,115.0,0.07317073,0.03547945,,0.0
2025-09-25,ã‚¾ãƒ­ç›®,0,0,0,0.8,3.0,25.0,0.0,38242.855,34300.0,26519.047,22400.0,25977.143,307089.84,311060.22,307421.25,315022.16,324437.3,0.13075675,0.108901314,0.083400235,0.06879324,0.07800834,23.0,55.0,107.0,0.12195122,0.038751386,,0.33333334
2025-09-26,0,0,0,1,0.8333333,4.0,26.0,0.0,20957.143,19607.143,21395.238,18760.715,20554.285,324197.28,320897.16,320864.84,327064.28,334079.56,0.06527064,0.06185837,0.06752541,0.05980613,0.062447056,34.0,79.0,115.0,0.1,0.036321186,,0.33333334
2025-09-26,1,0,0,0,0.8333333,4.0,26.0,0.0,16200.0,14078.571,10600.0,10310.714,12957.143,347921.0,338808.78,336424.9,344144.9,350548.03,0.038179394,0.036937844,0.027864655,0.02845176,0.03643961,51.0,102.0,155.0,0.075,0.046272263,,0.0
2025-09-26,2,0,0,0,0.8333333,4.0,26.0,0.0,9214.286,20764.285,25642.857,23521.428,22071.428,321319.0,318922.0,320445.53,326406.72,333236.16,0.021626377,0.056258123,0.073880866,0.06708513,0.062816106,58.0,92.0,119.0,0.075,0.047563225,,0.0
2025-09-26,3,0,0,0,0.8333333,4.0,26.0,0.0,18700.0,10214.286,9323.81,11550.0,14874.286,337647.28,322994.06,323708.44,329140.3,334156.2,0.05236723,0.028394243,0.02833165,0.03424066,0.042068526,40.0,100.0,152.0,0.075,0.03312406,,0.33333334
2025-09-26,4,0,0,0,0.8333333,4.0,26.0,0.0,18742.857,18557.143,19509.523,18007.143,19854.285,325628.72,323097.44,321562.44,329686.4,335093.34,0.055603992,0.05109763,0.055783235,0.049702946,0.05489914,44.0,82.0,120.0,0.125,0.0377796,,0.0
2025-09-26,5,0,1,1,0.8333333,4.0,26.0,0.0,11742.857,20514.285,19338.096,19746.428,17282.857,329222.44,327883.56,328106.38,332411.75,334035.16,0.035654854,0.06297529,0.058563728,0.056398753,0.04935468,44.0,79.0,125.0,0.1,0.03521127,,0.0
2025-09-26,6,0,0,0,0.8333333,4.0,26.0,0.0,14971.429,19635.715,23342.857,22439.285,20977.143,327261.56,322922.22,319223.34,324549.2,331472.88,0.0436468,0.056680426,0.06823319,0.06735195,0.0608395,38.0,75.0,110.0,0.175,0.033639003,,0.0
2025-09-26,7,0,0,1,0.8333333,4.0,26.0,0.0,11071.429,16771.428,12476.19,11264.286,16500.0,312823.28,313892.84,311344.94,320235.0,327075.5,0.036694486,0.047184568,0.035562143,0.0325737,0.048267636,45.0,83.0,136.0,0.075,0.052751012,,0.33333334
2025-09-26,8,0,1,1,0.8333333,4.0,26.0,0.0,13557.143,10121.429,13914.286,16092.857,17045.715,314077.72,309876.84,309791.2,317134.16,324336.62,0.047665507,0.03283461,0.04597472,0.05178105,0.054778013,40.0,96.0,134.0,0.075,0.045774646,,0.0
2025-09-26,9,1,1,1,0.8333333,4.0,26.0,0.0,20700.0,19971.428,21028.572,18203.572,18254.285,315213.16,320079.22,316862.9,322627.25,329185.4,0.05530407,0.05796072,0.06235923,0.053078365,0.05238047,38.0,76.0,115.0,0.1,0.03547945,,0.0
2025-09-26,ã‚¾ãƒ­ç›®,0,0,0,0.8333333,4.0,26.0,0.0,34242.855,33150.0,26985.715,22242.857,24962.857,314402.56,307898.78,308042.75,314520.44,322348.03,0.10958424,0.10520973,0.08532743,0.06823663,0.074995965,30.0,60.0,105.0,0.025,0.038751386,,0.0
2025-09-27,0,0,1,1,0.8666667,5.0,27.0,0.0,22885.715,18521.428,21104.762,19217.857,19680.0,325116.84,319822.56,320372.44,323835.94,330564.5,0.07312358,0.05797152,0.06652845,0.061922375,0.06079751,35.0,83.0,117.0,0.075,0.036321186,,0.0
2025-09-27,1,0,0,0,0.8666667,5.0,27.0,0.0,18828.572,15885.714,10476.19,10557.143,11900.0,347885.28,336193.66,335384.06,341166.72,347414.84,0.047982145,0.043082166,0.027525937,0.02936183,0.03384465,48.0,100.0,154.0,0.075,0.046272263,,0.33333334
2025-09-27,2,0,0,0,0.8666667,5.0,27.0,0.0,9342.857,17528.572,23852.38,23464.285,20717.143,321116.72,317124.22,319217.38,323856.47,330148.0,0.02208766,0.044411723,0.06729895,0.066522606,0.05866928,57.0,100.0,127.0,0.175,0.047563225,,0.0
2025-09-27,3,0,0,0,0.8666667,5.0,27.0,0.0,18585.715,11521.429,6771.4287,11828.571,15365.714,334713.16,323477.5,322928.56,326133.1,331357.16,0.051697873,0.03373144,0.018817088,0.03485448,0.043277387,41.0,99.0,160.0,0.1,0.03312406,,0.0
2025-09-27,4,0,0,1,0.8666667,5.0,27.0,0.0,19057.143,19735.715,18919.047,18032.143,18600.0,319699.44,321250.66,320331.34,326370.4,331507.2,0.056925192,0.055582117,0.05361688,0.049876694,0.05157487,46.0,82.0,122.0,0.075,0.0377796,,0.33333334
2025-09-27,5,0,1,1,0.8666667,5.0,27.0,0.0,13285.714,21078.572,20409.523,20935.715,17488.572,328894.84,326920.72,328691.38,330692.25,332427.5,0.041420802,0.06534064,0.062433425,0.060732678,0.0505442,44.0,78.0,118.0,0.075,0.03521127,,0.0
2025-09-27,6,0,0,0,0.8666667,5.0,27.0,0.0,12471.429,18157.143,22142.857,19996.428,19854.285,327166.44,324323.28,321254.94,322389.4,328711.84,0.03460399,0.05132642,0.063740425,0.059633695,0.057287794,42.0,80.0,111.0,0.075,0.033639003,,0.0
2025-09-27,7,0,0,0,0.8666667,5.0,27.0,0.0,10385.714,18814.285,12400.0,12010.714,15097.143,316437.28,315808.66,312182.2,319293.1,324931.22,0.03315574,0.05451501,0.03507156,0.03515083,0.044800512,48.0,80.0,135.0,0.125,0.052751012,,0.0
2025-09-27,8,1,1,1,0.8666667,5.0,27.0,0.0,15585.714,11771.429,14580.952,15360.714,16371.429,316955.44,311642.28,311547.53,315012.9,322493.38,0.05441774,0.038627565,0.048044868,0.050200198,0.053314663,40.0,94.0,130.0,0.125,0.045774646,,0.0
2025-09-27,9,0,0,0,0.8666667,5.0,27.0,0.0,31414.285,23235.715,23057.143,19732.143,19928.572,317950.56,318406.56,316265.62,320846.5,326474.66,0.095740154,0.07055189,0.07010762,0.05923983,0.05879648,30.0,73.0,112.0,0.075,0.03547945,,0.33333334
2025-09-27,ã‚¾ãƒ­ç›®,0,0,1,0.8666667,5.0,27.0,0.0,35571.43,36185.715,27847.62,22217.857,24200.0,312978.44,308296.34,309201.8,312722.94,319950.44,0.11466706,0.11675418,0.088624336,0.06846612,0.07319181,31.0,55.0,100.0,0.025,0.038751386,,0.0
2025-09-28,0,0,1,1,0.9,6.0,28.0,0.0,24800.0,18542.857,22557.143,19428.572,20274.285,323536.28,322315.06,320246.94,322630.34,329542.9,0.07833298,0.057476174,0.070351385,0.06265676,0.062417217,31.0,78.0,110.0,0.075,0.036321186,,0.0
2025-09-28,1,0,0,1,0.9,6.0,28.0,0.0,4100.0,13071.429,10109.523,9428.571,11077.143,349135.84,340171.06,336212.25,340096.22,347083.2,0.012851342,0.03572423,0.026672065,0.026846597,0.0319546,58.0,104.0,156.0,0.125,0.046272263,,0.0
2025-09-28,2,0,0,0,0.9,6.0,28.0,0.0,6514.2856,15178.571,20890.477,22353.572,20091.428,329402.72,320713.16,321328.16,323561.16,330257.25,0.013548629,0.03779707,0.0593314,0.06399163,0.05717783,60.0,103.0,131.0,0.05,0.047563225,,0.0
2025-09-28,3,0,0,0,0.9,6.0,28.0,0.0,15800.0,11014.286,7580.952,9850.0,13828.571,337063.72,324509.06,323686.56,325396.28,330444.3,0.04422032,0.03238121,0.020995894,0.030011537,0.039614387,45.0,99.0,159.0,0.05,0.03312406,,0.0
2025-09-28,4,0,0,1,0.9,6.0,28.0,0.0,23585.715,16850.0,18161.904,17407.143,18894.285,323453.44,320891.72,321380.25,325307.97,330875.62,0.06875298,0.048383083,0.051437013,0.048524585,0.05235899,41.0,86.0,121.0,0.075,0.0377796,,0.0
2025-09-28,5,0,0,0,0.9,6.0,28.0,0.0,14714.286,19371.428,20047.62,20492.857,19065.715,337873.0,329111.34,330361.16,330995.8,332648.84,0.043386657,0.06048008,0.061135817,0.059592407,0.054339983,41.0,78.0,115.0,0.1,0.03521127,,0.0
2025-09-28,6,0,1,1,0.9,6.0,28.0,0.0,15642.857,15642.857,18966.666,19403.572,19348.572,330922.84,326014.16,323582.94,322276.4,327979.25,0.042642362,0.0446061,0.054634023,0.05819311,0.056170195,42.0,84.0,118.0,0.075,0.033639003,,0.33333334
2025-09-28,7,0,0,0,0.9,6.0,28.0,0.0,12314.286,17050.0,10409.523,10978.571,14200.0,323298.56,319243.5,313685.8,318470.78,324725.03,0.037903905,0.04927774,0.029631456,0.03281135,0.042648837,48.0,82.0,139.0,0.075,0.052751012,,0.0
2025-09-28,8,0,0,0,0.9,6.0,28.0,0.0,29657.143,15578.571,16495.238,16092.857,19451.428,321619.56,314122.06,313584.84,313765.34,321842.75,0.09099587,0.04797527,0.052450676,0.05242484,0.060974486,30.0,86.0,124.0,0.075,0.045774646,,0.0
2025-09-28,9,0,0,0,0.9,6.0,28.0,0.0,27785.715,24978.572,19242.857,18839.285,19997.143,321394.84,322188.56,318339.44,320177.03,326075.06,0.08596331,0.07495338,0.05947299,0.057230517,0.05899955,34.0,68.0,117.0,0.075,0.03547945,,0.0
2025-09-28,ã‚¾ãƒ­ç›®,1,1,1,0.9,6.0,28.0,0.0,33771.43,33985.715,27652.38,22210.715,23951.428,314815.0,308501.44,310242.53,311057.66,319073.47,0.10939368,0.11084923,0.08787769,0.06871516,0.07272877,32.0,56.0,96.0,0.225,0.038751386,,0.6666667
2025-09-29,0,1,1,1,0.93333334,0.0,29.0,0.0,25785.715,20021.428,24228.572,21060.715,20842.857,325224.16,322940.5,318468.0,321132.97,328277.38,0.08030386,0.061290886,0.07519564,0.06723715,0.06430421,28.0,76.0,108.0,0.09756097,0.036321186,,0.0
2025-09-29,1,0,0,1,0.93333334,0.0,29.0,0.0,-214.28572,12292.857,8909.523,9771.429,10340.0,347237.72,340649.84,334174.0,337724.75,346344.53,0.0017964329,0.0335674,0.023901232,0.0277544,0.03014979,57.0,103.0,159.0,0.14634146,0.046272263,,0.0
2025-09-29,2,0,0,0,0.93333334,0.0,29.0,0.0,-4857.143,13442.857,19428.572,20542.857,20274.285,324592.72,318407.06,318302.16,320979.16,328330.7,-0.01711236,0.03298996,0.055525444,0.059450824,0.057502296,67.0,106.0,136.0,0.12195122,0.047563225,,0.33333334
2025-09-29,3,0,0,0,0.93333334,0.0,29.0,0.0,17628.572,11157.143,7666.6665,8503.571,12925.714,337289.56,325445.5,323080.53,323493.94,329544.28,0.049256902,0.032755986,0.021242794,0.026840582,0.03735962,41.0,96.0,157.0,0.048780486,0.03312406,,0.0
2025-09-29,4,0,0,0,0.93333334,0.0,29.0,0.0,20414.285,19100.0,18414.285,17639.285,19294.285,319786.56,318802.34,317834.1,322510.34,329411.47,0.0609663,0.055221744,0.052977834,0.04980923,0.053805605,41.0,81.0,122.0,0.14634146,0.0377796,,0.33333334
2025-09-29,5,0,1,1,0.93333334,0.0,29.0,0.0,13571.429,18535.715,19728.572,19228.572,18974.285,337560.56,329111.94,329410.28,329314.7,332152.1,0.040300693,0.05820558,0.060329635,0.056571025,0.054111533,39.0,78.0,116.0,0.09756097,0.03521127,,0.0
2025-09-29,6,0,0,0,0.93333334,0.0,29.0,0.0,11500.0,15878.571,17842.857,20700.0,19785.715,325944.44,324835.84,320450.53,318865.84,326453.75,0.033031575,0.045713753,0.052798264,0.06224584,0.05781005,43.0,82.0,120.0,0.0,0.033639003,,0.0
2025-09-29,7,0,0,0,0.93333334,0.0,29.0,0.0,8814.286,13385.714,13228.571,10617.857,13462.857,324048.56,316422.56,311229.2,315453.9,323084.12,0.02717531,0.03954783,0.037069596,0.032059535,0.04082454,47.0,86.0,134.0,0.09756097,0.052751012,,0.0
2025-09-29,8,0,0,1,0.93333334,0.0,29.0,0.0,26857.143,16807.143,16342.857,15510.714,18342.857,321316.0,314078.84,311403.72,311610.7,320503.03,0.08314371,0.051439017,0.052109737,0.051058594,0.058234982,31.0,84.0,125.0,0.14634146,0.045774646,,0.33333334
2025-09-29,9,0,0,0,0.93333334,0.0,29.0,0.0,20757.143,20014.285,19004.762,17114.285,19620.0,319498.16,318908.28,315424.53,317549.75,324918.16,0.06533714,0.061216973,0.05827035,0.052482504,0.05774317,36.0,76.0,118.0,0.07317073,0.03547945,,0.0
2025-09-29,ã‚¾ãƒ­ç›®,0,1,1,0.93333334,0.0,29.0,0.0,34042.855,34007.145,31009.523,23346.428,25371.428,315891.28,307927.66,308955.2,309507.34,318209.06,0.109475754,0.11125757,0.09727787,0.07238743,0.0768563,32.0,56.0,91.0,0.024390243,0.038751386,,0.0
2025-09-30,0,0,1,1,0.96666664,1.0,30.0,0.0,35014.285,22078.572,23980.953,23992.857,19994.285,311220.44,314562.66,316882.2,316204.6,325628.03,0.112705804,0.070355356,0.07519899,0.07667511,0.063056536,19.0,69.0,106.0,0.12195122,0.036321186,,0.33333334
2025-09-30,1,0,0,0,0.96666664,1.0,30.0,0.0,5000.0,12371.429,10009.523,10992.857,9248.571,326991.44,332309.94,331675.44,333555.56,343189.72,0.017015032,0.034756478,0.027778111,0.03148846,0.027578887,50.0,98.0,152.0,0.024390243,0.046272263,,0.0
2025-09-30,2,0,1,1,0.96666664,1.0,30.0,0.0,-2342.8572,7150.0,18333.334,20371.428,19394.285,308641.0,312135.22,317569.44,317547.7,326999.6,-0.010798381,0.015270023,0.05166632,0.058919523,0.0546918,67.0,114.0,138.0,0.07317073,0.047563225,,0.0
2025-09-30,3,0,0,1,0.96666664,1.0,30.0,0.0,9257.143,9364.286,4652.381,7682.143,11302.857,325182.0,318686.28,319973.16,319526.22,328024.53,0.019715363,0.024831872,0.010550342,0.023016611,0.031455435,47.0,96.0,162.0,0.07317073,0.03312406,,0.0
2025-09-30,4,1,1,1,0.96666664,1.0,30.0,0.0,10671.429,15814.286,17014.285,19000.0,18868.572,307062.84,310701.44,316711.06,319738.8,328753.2,0.03282728,0.046033144,0.04810769,0.053473316,0.052289307,50.0,88.0,124.0,0.07317073,0.0377796,,0.0
2025-09-30,5,0,0,0,0.96666664,1.0,30.0,0.0,14842.857,18442.857,19895.238,18589.285,18454.285,326695.28,325495.84,329634.62,326233.1,331501.44,0.044954207,0.058376238,0.06087089,0.055234622,0.05256226,35.0,74.0,110.0,0.09756097,0.03521127,,0.33333334
2025-09-30,6,0,0,0,0.96666664,1.0,30.0,0.0,13542.857,13071.429,16290.477,22146.428,18837.143,311584.84,317709.06,319846.72,316149.5,324846.8,0.03899396,0.038293634,0.047293745,0.06653334,0.054939505,42.0,87.0,123.0,0.14634146,0.033639003,,0.33333334
2025-09-30,7,0,0,0,0.96666664,1.0,30.0,0.0,7842.857,11828.571,11014.286,12635.714,12791.429,305900.16,306337.94,309107.1,310610.0,320747.66,0.024501994,0.03538139,0.029024728,0.037583113,0.038680572,49.0,89.0,140.0,0.07317073,0.052751012,,0.0
2025-09-30,8,0,0,0,0.96666664,1.0,30.0,0.0,23057.143,17421.428,14538.096,17046.428,17342.857,308638.56,305850.66,309994.72,307344.47,318850.16,0.0735541,0.054209165,0.045791768,0.055812236,0.05519483,33.0,79.0,129.0,0.12195122,0.045774646,,0.0
2025-09-30,9,0,0,1,0.96666664,1.0,30.0,0.0,15442.857,19278.572,18200.0,18539.285,18911.428,308784.84,313060.34,315077.62,315009.97,323960.5,0.05119111,0.059647836,0.055491287,0.056767542,0.05556263,40.0,76.0,119.0,0.09756097,0.03547945,,0.0
2025-09-30,ã‚¾ãƒ­ç›®,0,0,0,0.96666664,1.0,30.0,0.0,30914.285,32428.572,31366.666,24192.857,23537.143,301708.16,301082.5,307068.94,306141.28,315646.06,0.10256618,0.10768717,0.09888966,0.075417146,0.071772255,30.0,54.0,83.0,0.09756097,0.038751386,,0.0
2025-10-01,0,0,1,1,0.0,2.0,1.0,0.0,37571.43,25621.428,23147.62,24939.285,22451.428,302983.84,316640.22,314506.66,314875.8,325696.44,0.1230977,0.081988,0.07385914,0.080002576,0.07109116,19.0,63.0,108.0,0.024390243,0.036321186,,0.0
2025-10-01,1,0,0,1,0.0,2.0,1.0,0.0,6257.143,12257.143,11961.904,11728.571,9414.286,324145.44,338954.56,333262.16,333720.1,343787.4,0.020827224,0.032702558,0.033471346,0.033539005,0.027955437,51.0,102.0,149.0,0.19512194,0.046272263,,0.0
2025-10-01,2,0,0,0,0.0,2.0,1.0,0.0,5814.2856,11050.0,20366.666,22271.428,20665.715,299447.72,317145.66,317626.1,317831.84,327268.8,0.013572203,0.027331617,0.05784304,0.06470099,0.058539916,58.0,108.0,133.0,0.12195122,0.047563225,,0.33333334
2025-10-01,3,0,1,1,0.0,2.0,1.0,0.0,11842.857,10285.714,7561.905,8303.571,12220.0,317496.72,323518.94,320164.8,318951.94,327271.03,0.029441347,0.025953291,0.019765327,0.02511129,0.034417845,47.0,98.0,155.0,0.07317073,0.03312406,,0.33333334
2025-10-01,4,0,0,0,0.0,2.0,1.0,0.0,18728.572,21300.0,18523.809,21264.285,18631.428,301150.44,317301.22,316889.34,319724.97,328573.47,0.057181984,0.064751476,0.052666,0.060362812,0.051667746,41.0,78.0,121.0,0.07317073,0.0377796,,0.0
2025-10-01,5,0,0,0,0.0,2.0,1.0,0.0,14628.571,14521.429,19752.38,18853.572,18282.857,313750.84,325391.0,327643.06,326417.34,331421.25,0.045972776,0.045512658,0.060731087,0.056092583,0.052014127,39.0,82.0,114.0,0.048780486,0.03521127,,0.0
2025-10-01,6,1,1,1,0.0,2.0,1.0,0.0,9514.286,13214.286,16833.334,21400.0,18800.0,297353.44,319096.94,317791.38,313945.1,323690.25,0.030146657,0.038616978,0.049151905,0.06467068,0.05496453,51.0,90.0,125.0,0.07317073,0.033639003,,0.0
2025-10-01,7,0,0,0,0.0,2.0,1.0,0.0,10728.571,13135.714,12480.952,14142.857,12242.857,296631.16,310940.28,308968.16,310516.03,320455.22,0.03407549,0.03891917,0.033593334,0.042268835,0.037100073,47.0,89.0,137.0,0.07317073,0.052751012,,0.33333334
2025-10-01,8,0,0,1,0.0,2.0,1.0,0.0,22042.857,18414.285,13766.667,15528.571,16742.857,294037.84,308145.56,308137.75,305860.84,317385.7,0.0705927,0.058372322,0.043289486,0.050975975,0.053321443,35.0,80.0,134.0,0.17073171,0.045774646,,0.0
2025-10-01,9,0,0,0,0.0,2.0,1.0,0.0,15842.857,19950.0,18323.809,19628.572,19640.0,301621.56,316412.72,315093.44,315444.03,324416.47,0.054213557,0.060800355,0.05586422,0.06007459,0.057746485,43.0,77.0,122.0,0.09756097,0.03547945,,0.0
2025-10-01,ã‚¾ãƒ­ç›®,0,0,0,0.0,2.0,1.0,0.0,32014.285,32207.143,31338.096,26003.572,22825.715,291151.72,305437.94,305535.72,305688.16,314424.8,0.10755585,0.10543676,0.099133916,0.08136976,0.06993321,31.0,57.0,88.0,0.048780486,0.038751386,,0.0
2025-10-02,0,0,0,0,0.032258064,3.0,2.0,0.0,39614.285,29764.285,25728.572,25571.428,22931.428,304654.0,314521.84,316467.34,315683.47,323361.38,0.1287778,0.09500405,0.08189709,0.08164698,0.073349185,18.0,54.0,101.0,0.12195122,0.036321186,,0.0
2025-10-02,1,0,0,0,0.032258064,3.0,2.0,0.0,12957.143,15442.857,13766.667,12432.143,12188.571,329782.84,334678.66,335997.9,333764.28,341018.6,0.040877495,0.04282124,0.038470156,0.035681047,0.035615336,49.0,96.0,150.0,0.09756097,0.046272263,,0.0
2025-10-02,2,1,1,1,0.032258064,3.0,2.0,0.0,5471.4287,6635.7144,16823.809,21892.857,20100.0,317187.0,316699.72,319604.44,320245.53,324959.97,0.013654756,0.014534641,0.04608401,0.06348882,0.057081994,59.0,117.0,143.0,0.17073171,0.047563225,,0.0
2025-10-02,3,0,0,0,0.032258064,3.0,2.0,0.0,10057.143,12985.714,9771.429,10485.714,11185.714,307995.0,320115.56,318712.0,319504.34,324547.84,0.029399173,0.035498023,0.02723194,0.032376405,0.033090413,49.0,93.0,152.0,0.0,0.03312406,,0.0
2025-10-02,4,0,0,1,0.032258064,3.0,2.0,0.0,21457.143,21892.857,20223.809,19682.143,18845.715,304589.72,314887.28,319266.2,317646.06,325131.25,0.064996384,0.067444965,0.057890166,0.05687168,0.05327782,43.0,80.0,120.0,0.048780486,0.0377796,,0.0
2025-10-02,5,0,0,0,0.032258064,3.0,2.0,0.0,16200.0,14364.286,18809.523,17300.0,18208.572,318090.0,321618.0,326346.56,324820.47,328736.9,0.05125737,0.045396864,0.057992376,0.05175945,0.052034922,40.0,83.0,122.0,0.024390243,0.03521127,,0.0
2025-10-02,6,0,0,0,0.032258064,3.0,2.0,0.0,18600.0,16257.143,19157.143,24042.857,19948.572,303427.16,316125.22,320223.16,315905.47,321505.25,0.058661,0.04874125,0.05601486,0.07320637,0.058992054,45.0,85.0,121.0,0.07317073,0.033639003,,0.0
2025-10-02,7,0,0,1,0.032258064,3.0,2.0,0.0,15114.286,11364.286,15304.762,13817.857,13108.571,304405.84,305910.06,311828.0,309659.5,316917.3,0.04904939,0.03551356,0.04445906,0.041529663,0.040093165,47.0,96.0,134.0,0.17073171,0.052751012,,0.0
2025-10-02,8,0,1,1,0.032258064,3.0,2.0,0.0,26400.0,17971.428,15542.857,16953.572,18060.0,304926.28,306410.28,309522.94,307189.78,314895.88,0.082419656,0.057790034,0.048830144,0.055440195,0.05748109,35.0,82.0,131.0,0.09756097,0.045774646,,0.6666667
2025-10-02,9,0,1,1,0.032258064,3.0,2.0,0.0,21671.428,20828.572,19890.477,21746.428,18431.428,308706.16,309504.94,317331.62,315278.25,320212.53,0.0766699,0.065348215,0.061659344,0.067783825,0.056028154,39.0,77.0,119.0,0.07317073,0.03547945,,0.0
2025-10-02,ã‚¾ãƒ­ç›®,0,0,0,0.032258064,3.0,2.0,0.0,24885.715,31564.285,31161.904,26110.715,22897.143,300809.28,303949.56,307643.25,305768.25,312179.56,0.07662185,0.1036893,0.09814149,0.08170564,0.07035896,38.0,61.0,93.0,0.12195122,0.038751386,,0.33333334
2025-10-03,0,0,0,0,0.06451613,4.0,3.0,0.0,34457.145,27707.143,24557.143,24660.715,21900.0,299427.84,311812.56,313740.72,315505.6,321537.0,0.10798231,0.08662648,0.07723302,0.07763964,0.06944137,23.0,57.0,102.0,0.1,0.036321186,,0.33333334
2025-10-03,1,0,0,1,0.06451613,4.0,3.0,0.0,13142.857,14671.429,13766.667,11235.714,10877.143,324493.72,336207.34,334037.1,333442.1,340214.66,0.041194428,0.03968691,0.038356707,0.031197099,0.031000294,44.0,95.0,146.0,0.075,0.046272263,,0.0
2025-10-03,2,0,1,1,0.06451613,4.0,3.0,0.0,15985.714,12600.0,19171.428,23228.572,22014.285,319226.72,320272.84,319023.56,320140.8,324970.72,0.052049875,0.036838125,0.054855373,0.06842312,0.06407808,50.0,108.0,142.0,0.075,0.047563225,,0.0
2025-10-03,3,0,0,0,0.06451613,4.0,3.0,0.0,5228.5713,11964.286,8552.381,8300.0,10285.714,301176.0,319411.66,315721.38,318075.3,323547.47,0.009310038,0.030838633,0.02203284,0.023576247,0.029254537,55.0,95.0,155.0,0.075,0.03312406,,0.0
2025-10-03,4,1,1,1,0.06451613,4.0,3.0,0.0,20971.428,19857.143,19361.904,19875.0,18600.0,303799.16,314713.94,316664.66,317121.6,324508.94,0.06310626,0.05935513,0.055100508,0.05761399,0.05238361,38.0,82.0,120.0,0.125,0.0377796,,0.0
2025-10-03,5,0,0,0,0.06451613,4.0,3.0,0.0,12314.286,12028.571,17780.953,17582.143,18260.0,314554.16,321888.28,323440.44,324718.3,328840.22,0.035808574,0.035731714,0.053919714,0.05287494,0.052280717,44.0,88.0,123.0,0.1,0.03521127,,0.0
2025-10-03,6,0,0,0,0.06451613,4.0,3.0,0.0,13828.571,14400.0,17700.0,20964.285,20717.143,299449.72,313355.66,315098.06,314279.94,319529.28,0.03672632,0.04018656,0.050029058,0.06035647,0.061226822,50.0,88.0,125.0,0.175,0.033639003,,0.0
2025-10-03,7,0,0,0,0.06451613,4.0,3.0,0.0,13414.286,12242.857,15652.381,12710.714,11694.286,301023.0,306923.16,309602.9,308764.47,316392.6,0.042344887,0.039519686,0.045571342,0.037257828,0.03452794,45.0,90.0,128.0,0.075,0.052751012,,0.33333334
2025-10-03,8,0,0,1,0.06451613,4.0,3.0,0.0,23457.143,18507.143,14566.667,16300.0,17565.715,300247.84,307162.78,306667.2,307405.34,313756.88,0.07233165,0.05999858,0.04600029,0.052563954,0.05589117,37.0,77.0,133.0,0.075,0.045774646,,0.0
2025-10-03,9,0,1,1,0.06451613,4.0,3.0,0.0,24128.572,22414.285,21357.143,21803.572,19388.572,306007.72,310610.44,315388.72,314149.1,319303.34,0.08744667,0.07137537,0.06778937,0.06863109,0.059952024,38.0,76.0,114.0,0.1,0.03547945,,0.33333334
2025-10-03,ã‚¾ãƒ­ç›®,0,0,0,0.06451613,4.0,3.0,0.0,21985.715,28114.285,29428.572,25735.715,22191.428,297186.16,305794.34,304327.9,305328.6,311053.56,0.06395899,0.086771615,0.09145948,0.07998532,0.0673811,38.0,68.0,98.0,0.025,0.038751386,,0.0
2025-10-04,0,0,0,1,0.09677419,5.0,4.0,0.0,33128.57,28007.143,23390.477,24110.715,22000.0,304787.28,314952.06,314810.8,316476.16,320026.2,0.10177621,0.0874499,0.07257308,0.07534039,0.069893144,26.0,61.0,109.0,0.075,0.036321186,,0.0
2025-10-04,1,0,0,0,0.09677419,5.0,4.0,0.0,17085.715,17957.143,16285.714,12128.571,11862.857,327357.0,337621.16,333248.1,333377.28,338404.78,0.0546387,0.051310424,0.046934344,0.034304127,0.034417205,41.0,89.0,141.0,0.075,0.046272263,,0.33333334
2025-10-04,2,0,0,0,0.09677419,5.0,4.0,0.0,22857.143,16100.0,19304.762,23603.572,23342.857,323609.44,322363.06,319285.94,320315.4,323807.06,0.07682089,0.049454276,0.055214778,0.06967943,0.06858227,42.0,99.0,142.0,0.175,0.047563225,,0.0
2025-10-04,3,0,0,0,0.09677419,5.0,4.0,0.0,7557.143,13071.429,10200.0,6967.857,10974.286,309755.84,322234.5,318903.62,319635.4,322857.66,0.017374866,0.03453637,0.028279249,0.018456532,0.031358555,53.0,94.0,152.0,0.1,0.03312406,,0.0
2025-10-04,4,0,1,1,0.09677419,5.0,4.0,0.0,26100.0,22578.572,21857.143,20714.285,19645.715,310116.28,314907.84,317539.2,317777.56,323119.56,0.08086337,0.06889428,0.064009205,0.060428504,0.05607403,31.0,77.0,113.0,0.075,0.0377796,,0.33333334
2025-10-04,5,1,1,1,0.09677419,5.0,4.0,0.0,7757.143,10521.429,16638.096,17246.428,18300.0,317466.84,323180.84,323769.44,325885.25,328047.16,0.019068269,0.030244535,0.049916513,0.051592134,0.052399796,51.0,95.0,129.0,0.075,0.03521127,,0.0
2025-10-04,6,0,1,1,0.09677419,5.0,4.0,0.0,19500.0,15985.714,18604.762,21482.143,19897.143,303013.72,315090.06,317220.1,316694.66,318514.25,0.056403562,0.045503777,0.0530188,0.06190621,0.05898767,45.0,87.0,125.0,0.075,0.033639003,,0.0
2025-10-04,7,0,0,0,0.09677419,5.0,4.0,0.0,9585.714,9985.714,15738.096,11696.429,11525.714,301558.0,308997.66,311058.44,309526.16,315746.1,0.029093359,0.031124549,0.046041127,0.03357701,0.033939335,52.0,100.0,132.0,0.125,0.052751012,,0.0
2025-10-04,8,0,0,1,0.09677419,5.0,4.0,0.0,22585.715,19085.715,15376.19,16582.143,16805.715,298473.44,307714.44,307252.66,308279.0,311705.0,0.06969561,0.062056676,0.04898358,0.053457554,0.05409928,39.0,79.0,133.0,0.125,0.045774646,,0.33333334
2025-10-04,9,0,0,0,0.09677419,5.0,4.0,0.0,19900.0,25657.143,22123.809,22267.857,19765.715,312237.44,315094.0,316350.2,315258.56,319124.7,0.06905164,0.0823959,0.070051804,0.06984362,0.061202195,40.0,70.0,113.0,0.075,0.03547945,,0.0
2025-10-04,ã‚¾ãƒ­ç›®,0,0,0,0.09677419,5.0,4.0,0.0,19585.715,27578.572,30652.38,25782.143,21691.428,296845.72,304912.06,304479.47,306112.78,309547.5,0.054947376,0.08480722,0.09615192,0.0802051,0.06576237,42.0,73.0,97.0,0.025,0.038751386,,0.0
2025-10-05,0,0,0,1,0.12903225,6.0,5.0,0.0,31942.857,28371.428,23009.523,24903.572,21931.428,298849.0,311192.66,314493.06,314897.47,317874.1,0.09962505,0.08897901,0.0715258,0.0776698,0.07005042,28.0,59.0,106.0,0.075,0.036321186,,0.0
2025-10-05,1,0,0,0,0.12903225,6.0,5.0,0.0,14771.429,9435.714,13638.096,11275.0,10497.143,322055.84,335595.84,334132.66,332673.16,336488.16,0.048433904,0.030642621,0.039960787,0.032112524,0.031164058,40.0,98.0,144.0,0.125,0.046272263,,0.0
2025-10-05,2,0,1,1,0.12903225,6.0,5.0,0.0,18028.572,12271.429,16128.571,20175.0,21488.572,315233.0,322317.84,318886.44,319804.34,321895.5,0.06454867,0.039048653,0.046714272,0.06063572,0.06410304,43.0,103.0,146.0,0.05,0.047563225,,0.0
2025-10-05,3,0,0,0,0.12903225,6.0,5.0,0.0,1400.0,8600.0,7809.524,6035.7144,8160.0,304996.72,321030.22,318004.94,319014.1,321316.38,-2.476487e-06,0.022108922,0.02158665,0.015746301,0.024008734,54.0,99.0,153.0,0.05,0.03312406,,0.0
2025-10-05,4,0,0,0,0.12903225,6.0,5.0,0.0,32771.43,28178.572,22157.143,21814.285,20480.0,307013.44,315233.44,316265.62,317788.53,321649.06,0.09923182,0.0839924,0.06533266,0.06338571,0.058666028,28.0,69.0,114.0,0.075,0.0377796,,0.0
2025-10-05,5,0,0,0,0.12903225,6.0,5.0,0.0,18614.285,16664.285,19119.047,19689.285,20117.143,312852.84,325362.94,323691.84,325984.06,327367.22,0.048150863,0.04576876,0.056370344,0.05788958,0.0573041,50.0,91.0,128.0,0.1,0.03521127,,0.0
2025-10-05,6,0,0,0,0.12903225,6.0,5.0,0.0,26842.857,21242.857,19376.191,20935.715,20891.428,301968.44,316445.66,317998.9,318179.3,318214.8,0.074911684,0.058777023,0.054707963,0.05970344,0.061536826,39.0,81.0,123.0,0.075,0.033639003,,0.0
2025-10-05,7,0,0,1,0.12903225,6.0,5.0,0.0,5157.143,8735.714,13085.714,9096.429,9814.286,295989.16,309643.84,311492.06,309261.66,313974.47,0.017545175,0.02772454,0.03870022,0.026609886,0.029758116,53.0,101.0,135.0,0.075,0.052751012,,0.0
2025-10-05,8,0,1,1,0.12903225,6.0,5.0,0.0,16128.571,22892.857,15761.904,16403.572,16100.0,294563.84,308091.72,307602.66,308829.6,309925.06,0.05401431,0.072505094,0.049988285,0.052841585,0.052742735,42.0,72.0,128.0,0.075,0.045774646,,0.0
2025-10-05,9,0,0,0,0.12903225,6.0,5.0,0.0,17685.715,22735.715,22547.62,18853.572,18608.572,305013.44,313204.16,316463.53,315007.94,317144.3,0.06379395,0.074878626,0.07123356,0.060553227,0.058543205,40.0,74.0,108.0,0.075,0.03547945,,0.0
2025-10-05,ã‚¾ãƒ­ç›®,1,1,1,0.12903225,6.0,5.0,0.0,13657.143,23714.285,27209.523,24153.572,20500.0,291921.44,303368.22,302974.75,305662.25,307230.4,0.038651086,0.07402238,0.086783186,0.07557104,0.06270235,45.0,77.0,101.0,0.225,0.038751386,,1.0
2025-10-06,0,0,0,0,0.16129032,0.0,6.0,0.0,27142.857,26464.285,22395.238,24957.143,22277.143,294203.72,309713.94,313361.56,312401.94,315747.12,0.08766396,0.08398391,0.07008191,0.078312725,0.071322516,31.0,59.0,107.0,0.09756097,0.036321186,,0.33333334
2025-10-06,1,0,0,1,0.16129032,0.0,6.0,0.0,15185.714,7485.7144,13257.143,10478.571,10854.286,322466.0,334851.84,334588.56,331247.0,334673.0,0.04951058,0.025653508,0.038881794,0.030303568,0.032105636,44.0,101.0,147.0,0.14634146,0.046272263,,0.0
2025-10-06,2,0,0,0,0.16129032,0.0,6.0,0.0,26657.143,10900.0,17847.62,21235.715,21765.715,318147.16,321369.94,318320.44,318263.4,320412.75,0.088614635,0.03575114,0.05153152,0.06379774,0.06528359,36.0,103.0,142.0,0.12195122,0.047563225,,0.33333334
2025-10-06,3,0,0,1,0.16129032,0.0,6.0,0.0,1514.2858,9571.429,7942.857,6128.5713,7105.7144,303302.28,320295.94,318064.44,318135.97,319455.6,0.00038011462,0.02481851,0.021964028,0.016027125,0.02154849,57.0,98.0,153.0,0.048780486,0.03312406,,0.0
2025-10-06,4,1,1,1,0.16129032,0.0,6.0,0.0,26700.0,23557.143,21633.334,20485.715,19451.428,307473.72,313630.16,315026.16,315244.0,319503.03,0.080973856,0.07097008,0.06380578,0.05997684,0.056042153,35.0,76.0,116.0,0.14634146,0.0377796,,0.33333334
2025-10-06,5,0,1,1,0.16129032,0.0,6.0,0.0,21500.0,17535.715,19523.809,20171.428,19682.857,312860.0,325210.28,323694.62,325272.72,326023.75,0.056003287,0.048151992,0.05747148,0.05924805,0.05645748,48.0,87.0,126.0,0.09756097,0.03521127,,0.0
2025-10-06,6,0,0,0,0.16129032,0.0,6.0,0.0,23285.715,17392.857,18347.62,19203.572,21217.143,305165.16,315554.78,318278.94,316629.2,316125.72,0.06369432,0.048362948,0.051707275,0.055522278,0.06253554,44.0,87.0,126.0,0.0,0.033639003,,0.0
2025-10-06,7,0,0,0,0.16129032,0.0,6.0,0.0,10828.571,9821.429,12533.333,12628.571,10660.0,298672.44,311360.5,310505.84,308090.0,312097.6,0.033567265,0.030371288,0.03755431,0.036194015,0.03236108,51.0,98.0,137.0,0.09756097,0.052751012,,0.0
2025-10-06,8,0,1,1,0.16129032,0.0,6.0,0.0,23300.0,25078.572,18971.428,18082.143,17068.572,295251.84,308283.94,307803.2,307365.75,308338.9,0.07397653,0.07856012,0.058951523,0.057576437,0.05564218,35.0,66.0,119.0,0.14634146,0.045774646,,0.0
2025-10-06,9,0,0,0,0.16129032,0.0,6.0,0.0,24471.428,22614.285,21500.0,20371.428,18585.715,305856.0,312677.06,314557.53,313032.4,315211.0,0.08390128,0.074619204,0.0687784,0.06467808,0.05876626,36.0,72.0,112.0,0.07317073,0.03547945,,0.0
2025-10-06,ã‚¾ãƒ­ç›®,0,0,0,0.16129032,0.0,6.0,0.0,9771.429,21907.143,25928.572,25700.0,20631.428,289138.0,302514.66,301664.44,304000.9,305433.5,0.029107548,0.06929165,0.083874226,0.080235295,0.063731454,45.0,77.0,101.0,0.024390243,0.038751386,,0.0
2025-10-07,0,0,0,0,0.19354838,1.0,7.0,0.0,22628.572,28821.428,22261.904,23642.857,23720.0,293135.28,302177.84,307420.2,310945.47,311590.75,0.07006969,0.09138775,0.07026014,0.073916666,0.075354025,36.0,55.0,105.0,0.12195122,0.036321186,,0.0
2025-10-07,1,0,1,1,0.19354838,1.0,7.0,0.0,14900.0,9950.0,13214.286,11232.143,11774.286,323431.16,325211.28,329350.34,329614.34,331530.7,0.04827839,0.032646712,0.03926378,0.03290318,0.034846447,45.0,95.0,143.0,0.024390243,0.046272263,,0.0
2025-10-07,2,0,0,1,0.19354838,1.0,7.0,0.0,27628.572,12642.857,13976.19,20657.143,21822.857,315284.16,311962.56,313184.84,316998.1,317094.97,0.09242935,0.040815484,0.040989798,0.06185708,0.06562149,35.0,102.0,149.0,0.07317073,0.047563225,,0.0
2025-10-07,3,0,0,0,0.19354838,1.0,7.0,0.0,9428.571,9342.857,9385.714,5846.4287,8031.4287,303150.72,314166.34,313507.75,315767.53,316251.12,0.030786382,0.025250873,0.026816709,0.015609352,0.024570566,50.0,97.0,146.0,0.07317073,0.03312406,,0.0
2025-10-07,4,0,0,0,0.19354838,1.0,7.0,0.0,32971.43,21821.428,21533.334,21003.572,21794.285,299950.16,303506.5,307117.66,312520.8,315781.1,0.108671926,0.0707496,0.06691274,0.06324875,0.064513035,26.0,76.0,114.0,0.07317073,0.0377796,,0.33333334
2025-10-07,5,0,0,0,0.19354838,1.0,7.0,0.0,22700.0,18771.428,19861.904,20596.428,19411.428,305326.16,316010.72,318772.62,323557.5,322051.72,0.06225682,0.053605516,0.059669763,0.06121737,0.05663906,48.0,83.0,122.0,0.09756097,0.03521127,,0.33333334
2025-10-07,6,0,1,1,0.19354838,1.0,7.0,0.0,22971.428,18257.143,16371.429,17960.715,22311.428,301615.72,306600.28,312344.62,315288.97,313242.75,0.062560365,0.050777163,0.046382543,0.051110398,0.065738745,46.0,88.0,133.0,0.14634146,0.033639003,,0.33333334
2025-10-07,7,0,0,1,0.19354838,1.0,7.0,0.0,11685.714,9764.286,11780.952,11182.143,12445.714,295436.72,300668.44,302704.2,305689.5,307575.34,0.037705645,0.03110382,0.036156144,0.031194957,0.03760762,50.0,99.0,139.0,0.07317073,0.052751012,,0.0
2025-10-07,8,1,1,1,0.19354838,1.0,7.0,0.0,25071.428,24064.285,19971.428,17171.428,18651.428,296092.44,302365.5,302597.9,306519.16,305094.06,0.08086326,0.077208675,0.06309386,0.05455964,0.060822442,32.0,65.0,111.0,0.12195122,0.045774646,,0.0
2025-10-07,9,0,0,0,0.19354838,1.0,7.0,0.0,22742.857,19092.857,20433.334,19335.715,19380.0,296789.72,302787.28,307636.8,310505.66,311365.9,0.07709356,0.06414233,0.06546307,0.060891856,0.060832743,40.0,80.0,116.0,0.09756097,0.03547945,,0.0
2025-10-07,ã‚¾ãƒ­ç›®,0,0,0,0.19354838,1.0,7.0,0.0,5742.857,18328.572,23533.334,24960.715,20502.857,288441.28,295074.72,296868.75,302412.03,302601.28,0.012433263,0.05749972,0.07593586,0.07727556,0.06282037,54.0,84.0,108.0,0.09756097,0.038751386,,0.0
2025-10-08,0,0,1,1,0.22580644,2.0,8.0,0.0,15514.286,26542.857,22252.38,21239.285,23054.285,301129.56,302056.72,311470.0,311162.4,312126.56,0.047171496,0.0851346,0.0703825,0.06718723,0.073436365,43.0,62.0,106.0,0.024390243,0.036321186,,0.0
2025-10-08,1,0,0,0,0.22580644,2.0,8.0,0.0,15357.143,10807.143,13290.477,12810.714,12454.286,324654.44,324399.94,334187.84,331110.22,331906.97,0.04930879,0.03506801,0.03823797,0.037430707,0.036692962,41.0,92.0,143.0,0.19512194,0.046272263,,0.0
2025-10-08,2,0,0,0,0.22580644,2.0,8.0,0.0,22900.0,14357.143,15000.0,21000.0,22397.143,320392.28,309920.0,318227.84,318317.66,318343.94,0.07728858,0.045430392,0.043983936,0.06270442,0.067218505,37.0,95.0,145.0,0.12195122,0.047563225,,0.0
2025-10-08,3,0,0,1,0.22580644,2.0,8.0,0.0,4485.7144,8164.2856,8352.381,6792.857,7540.0,311766.56,314631.66,319601.47,318065.25,317514.84,0.014653567,0.022047456,0.022186717,0.018487386,0.023019746,55.0,102.0,153.0,0.07317073,0.03312406,,0.33333334
2025-10-08,4,0,0,0,0.22580644,2.0,8.0,0.0,27357.143,23042.857,23319.047,20732.143,22482.857,311169.56,306160.0,315257.34,315459.4,318013.88,0.0904372,0.073809594,0.073313385,0.062108804,0.06637769,33.0,74.0,111.0,0.07317073,0.0377796,,0.0
2025-10-08,5,0,0,1,0.22580644,2.0,8.0,0.0,15585.714,15107.143,14876.19,18710.715,18200.0,312998.28,313374.56,321260.1,323981.84,323733.53,0.04128969,0.043631233,0.044105,0.055870738,0.053132005,50.0,89.0,132.0,0.048780486,0.03521127,,0.0
2025-10-08,6,0,1,1,0.22580644,2.0,8.0,0.0,25914.285,17714.285,17447.62,19103.572,22302.857,312508.16,304930.78,316900.66,316470.56,313657.72,0.06938003,0.049763344,0.048871327,0.054208938,0.065612555,38.0,89.0,128.0,0.07317073,0.033639003,,0.33333334
2025-10-08,7,0,0,0,0.22580644,2.0,8.0,0.0,10257.143,10492.857,12176.19,11925.0,13365.714,301634.28,299132.72,307838.28,307134.7,308739.7,0.032302137,0.033188816,0.036713492,0.033270534,0.040275495,49.0,96.0,138.0,0.07317073,0.052751012,,0.33333334
2025-10-08,8,0,0,0,0.22580644,2.0,8.0,0.0,30342.857,26192.857,22390.477,17910.715,18491.428,308308.72,301173.28,308199.94,308180.5,306350.44,0.09574329,0.08316799,0.07082931,0.056402937,0.059929438,22.0,57.0,102.0,0.17073171,0.045774646,,0.0
2025-10-08,9,1,1,1,0.22580644,2.0,8.0,0.0,20285.715,18064.285,20061.904,18814.285,19760.0,302474.56,302048.06,311766.66,311938.72,312850.16,0.06880861,0.061511084,0.063469775,0.059100315,0.061821394,41.0,84.0,118.0,0.09756097,0.03547945,,0.0
2025-10-08,ã‚¾ãƒ­ç›®,0,0,0,0.22580644,2.0,8.0,0.0,4942.857,18478.572,23119.047,24739.285,21791.428,301570.28,296361.0,304148.72,304544.34,304864.56,0.007976065,0.05776596,0.07294986,0.07634445,0.06669102,53.0,84.0,110.0,0.048780486,0.038751386,,0.0
2025-10-09,0,0,1,1,0.2580645,3.0,9.0,0.0,8342.857,23978.572,22623.809,21382.143,22125.715,288231.28,296442.66,305758.34,309408.3,310193.03,0.025944099,0.07736095,0.07198407,0.06790884,0.0705064,44.0,62.0,98.0,0.12195122,0.036321186,,0.0
2025-10-09,1,0,0,0,0.2580645,3.0,9.0,0.0,4128.5713,8542.857,11671.429,11357.143,10771.429,317155.72,323469.28,328837.66,331287.34,330442.56,0.012906478,0.026891988,0.032849655,0.032079235,0.031126132,47.0,96.0,143.0,0.09756097,0.046272263,,0.0
2025-10-09,2,0,0,1,0.2580645,3.0,9.0,0.0,21685.715,13578.571,11652.381,18039.285,21851.428,304298.44,310742.72,312565.94,315777.94,317056.12,0.070490696,0.042072725,0.03318666,0.05218568,0.06488919,33.0,92.0,150.0,0.17073171,0.047563225,,0.33333334
2025-10-09,3,0,0,0,0.2580645,3.0,9.0,0.0,-3542.8572,3257.1428,7476.1904,6442.857,7680.0,306163.56,307079.28,315464.9,315574.9,316836.2,-0.011960981,0.008719096,0.019678356,0.017433709,0.023508927,56.0,105.0,149.0,0.0,0.03312406,,0.0
2025-10-09,4,0,0,1,0.2580645,3.0,9.0,0.0,18728.572,20092.857,20838.096,19850.0,19491.428,301925.72,303257.72,310566.75,314931.06,314502.0,0.060735673,0.062866025,0.06520854,0.058601543,0.057644475,35.0,78.0,115.0,0.048780486,0.0377796,,0.0
2025-10-09,5,0,0,0,0.2580645,3.0,9.0,0.0,13757.143,14978.571,14161.904,17546.428,16591.428,304425.84,311257.94,315887.28,320866.4,320741.53,0.034835573,0.04304647,0.041876435,0.052203175,0.04837468,45.0,85.0,128.0,0.024390243,0.03521127,,0.0
2025-10-09,6,0,0,0,0.2580645,3.0,9.0,0.0,29342.857,23971.428,20619.047,21703.572,25102.857,313275.28,308351.22,315175.25,318486.2,315379.44,0.07949856,0.06907978,0.058993686,0.061885785,0.07446481,39.0,84.0,124.0,0.07317073,0.033639003,,0.0
2025-10-09,7,1,1,1,0.2580645,3.0,9.0,0.0,2242.8572,8678.571,8323.81,12039.286,11502.857,292520.44,298463.16,301446.84,307001.1,306231.7,0.001425827,0.025237607,0.024150982,0.03370075,0.033508897,52.0,99.0,148.0,0.17073171,0.052751012,,0.0
2025-10-09,8,0,0,0,0.2580645,3.0,9.0,0.0,21400.0,23900.0,19114.285,17007.143,17842.857,298776.56,301851.44,303865.72,306836.34,305507.16,0.06506872,0.073744185,0.060216263,0.052889787,0.0573659,26.0,61.0,108.0,0.09756097,0.045774646,,0.33333334
2025-10-09,9,0,0,0,0.2580645,3.0,9.0,0.0,30885.715,26278.572,24180.953,22639.285,23574.285,311225.72,309965.94,310078.53,315805.16,314467.75,0.0975225,0.0870962,0.076072976,0.070625134,0.073731564,35.0,74.0,112.0,0.07317073,0.03547945,,0.0
2025-10-09,ã‚¾ãƒ­ç›®,0,1,1,0.2580645,3.0,9.0,0.0,2571.4285,13728.571,21900.0,24014.285,21402.857,293967.0,297388.16,300622.06,304224.2,303408.0,2.4051595e-05,0.03832295,0.06913421,0.07361213,0.06536932,50.0,88.0,111.0,0.12195122,0.038751386,,0.33333334
2025-10-10,0,0,0,0,0.29032257,4.0,10.0,0.0,19371.428,26914.285,24928.572,23260.715,23602.857,302359.72,300893.78,308661.62,310895.47,312876.44,0.062328547,0.08515543,0.07852717,0.0735069,0.07457742,39.0,62.0,96.0,0.1,0.036321186,,0.0
2025-10-10,1,0,0,1,0.29032257,4.0,10.0,0.0,3057.1428,8100.0,10800.0,11089.286,9600.0,309924.28,317209.0,327446.34,328008.9,328738.53,0.0071633775,0.024178904,0.028845735,0.030558374,0.026390355,51.0,95.0,146.0,0.075,0.046272263,,0.0
2025-10-10,2,0,1,1,0.29032257,4.0,10.0,0.0,13157.143,14571.429,12785.714,17667.857,21214.285,302928.28,311077.5,314491.34,314999.75,316698.3,0.039604876,0.045827378,0.037760377,0.05104275,0.06265947,37.0,87.0,145.0,0.075,0.047563225,,0.0
2025-10-10,3,0,0,1,0.29032257,4.0,10.0,0.0,-200.0,2514.2856,7909.524,6364.2856,6600.0,306314.56,303745.28,315045.94,313369.7,315723.16,0.0030325716,0.0061713047,0.021569947,0.017282773,0.019467512,52.0,107.0,147.0,0.075,0.03312406,,0.0
2025-10-10,4,0,0,0,0.29032257,4.0,10.0,0.0,21157.143,21064.285,20290.477,19810.715,20131.428,303920.44,303859.78,311116.1,313478.6,314481.38,0.06992527,0.066515766,0.06287851,0.0588067,0.060076248,35.0,73.0,117.0,0.125,0.0377796,,0.33333334
2025-10-10,5,0,0,0,0.29032257,4.0,10.0,0.0,17242.857,14778.571,13766.667,17646.428,17514.285,299086.84,306820.5,314287.8,317352.03,319592.03,0.04986892,0.042838745,0.040444117,0.052907016,0.052273735,41.0,85.0,129.0,0.1,0.03521127,,0.0
2025-10-10,6,1,1,1,0.29032257,4.0,10.0,0.0,30685.715,22257.143,19828.572,20946.428,22908.572,309282.0,304365.84,311997.75,313644.03,313280.34,0.08531001,0.061018165,0.05522771,0.058849297,0.06534718,39.0,89.0,127.0,0.175,0.033639003,,0.0
2025-10-10,7,0,0,0,0.29032257,4.0,10.0,0.0,13714.286,13564.286,12733.333,15167.857,12911.429,293061.72,297042.34,302302.66,305467.6,305623.9,0.049076103,0.045710497,0.04270516,0.04644753,0.039621484,48.0,93.0,138.0,0.075,0.052751012,,0.33333334
2025-10-10,8,0,1,1,0.29032257,4.0,10.0,0.0,17342.857,20400.0,18119.047,15260.714,16508.572,292463.72,296355.78,302263.1,303116.3,304417.03,0.045572784,0.05895222,0.055189982,0.045893416,0.05116572,34.0,71.0,111.0,0.075,0.045774646,,0.0
2025-10-10,9,0,0,0,0.29032257,4.0,10.0,0.0,25100.0,24614.285,23309.523,22292.857,22462.857,300237.72,303122.72,307152.84,311600.97,311366.84,0.07415225,0.08079946,0.072301,0.06938009,0.069735326,41.0,79.0,117.0,0.1,0.03547945,,0.33333334
2025-10-10,ã‚¾ãƒ­ç›®,0,0,0,0.29032257,4.0,10.0,0.0,8242.857,15114.286,21490.477,24132.143,22237.143,294823.0,296004.56,302137.25,301951.7,303227.5,0.025086813,0.0445229,0.06621001,0.07486632,0.06900562,45.0,83.0,113.0,0.025,0.038751386,,0.0
2025-10-11,0,0,0,1,0.32258064,5.0,11.0,0.0,17300.0,25214.285,24438.096,21867.857,22748.572,306975.0,305881.16,312293.06,312851.84,314575.9,0.055212725,0.07849447,0.076704174,0.06823299,0.07131486,41.0,67.0,102.0,0.075,0.036321186,,0.0
2025-10-11,1,0,0,0,0.32258064,5.0,11.0,0.0,857.1429,8971.429,12257.143,12428.571,9874.286,315440.28,321398.66,330227.53,328796.16,329789.88,-0.0015769798,0.02653086,0.03368129,0.034806512,0.027127907,52.0,93.0,141.0,0.075,0.046272263,,0.33333334
2025-10-11,2,0,0,0,0.32258064,5.0,11.0,0.0,12900.0,17878.572,15033.333,17703.572,21462.857,306669.84,315139.66,317132.0,316131.94,317586.28,0.037300177,0.057060532,0.045402907,0.05073613,0.06320358,37.0,79.0,136.0,0.175,0.047563225,,0.0
2025-10-11,3,0,0,0,0.32258064,5.0,11.0,0.0,2128.5715,4842.857,9423.81,8182.143,6000.0,302766.0,306260.94,315745.0,314869.22,316261.5,0.011491671,0.014433268,0.026854804,0.024082353,0.01706356,49.0,102.0,143.0,0.1,0.03312406,,0.0
2025-10-11,4,0,0,0,0.32258064,5.0,11.0,0.0,16057.143,21078.572,20404.762,20407.143,19782.857,302593.16,306354.72,310802.94,313802.7,314740.7,0.052091677,0.06647752,0.06329341,0.06102982,0.05876114,43.0,74.0,120.0,0.075,0.0377796,,0.0
2025-10-11,5,0,0,0,0.32258064,5.0,11.0,0.0,19242.857,13500.0,13428.571,17289.285,17645.715,300729.72,309098.28,315697.16,318009.5,320854.16,0.05646737,0.03776782,0.03898548,0.05155423,0.05256718,39.0,90.0,134.0,0.075,0.03521127,,0.33333334
2025-10-11,6,0,1,1,0.32258064,5.0,11.0,0.0,32785.715,26142.857,21585.715,22150.0,23742.857,306996.0,305004.84,312392.06,314664.06,314754.9,0.0931803,0.07479193,0.06139595,0.06305917,0.068161026,34.0,79.0,121.0,0.075,0.033639003,,0.0
2025-10-11,7,1,1,1,0.32258064,5.0,11.0,0.0,13200.0,11392.857,11057.143,15103.571,11997.143,290465.44,296011.72,302820.25,305910.2,305714.0,0.04695455,0.038023956,0.036401216,0.046269484,0.036252517,48.0,100.0,148.0,0.125,0.052751012,,0.0
2025-10-11,8,0,0,0,0.32258064,5.0,11.0,0.0,18728.572,20657.143,18966.666,16214.286,17011.428,296194.72,297334.06,303874.53,304488.2,305862.16,0.04934762,0.05952161,0.057820324,0.04907459,0.052635565,32.0,71.0,111.0,0.125,0.045774646,,0.33333334
2025-10-11,9,0,0,1,0.32258064,5.0,11.0,0.0,20500.0,20200.0,23938.096,21717.857,21914.285,295899.28,304068.34,308695.75,311237.47,311386.72,0.05951574,0.06428369,0.07476918,0.06741779,0.06777804,46.0,86.0,116.0,0.075,0.03547945,,0.0
2025-10-11,ã‚¾ãƒ­ç›®,0,1,1,0.32258064,5.0,11.0,0.0,11042.857,15314.286,22066.666,25750.0,22834.285,298539.44,297692.56,302787.84,302994.47,304598.12,0.034843966,0.04489567,0.0681528,0.08082493,0.07113287,41.0,83.0,114.0,0.025,0.038751386,,0.0
2025-10-13,0,0,0,1,0.38709676,0.0,13.0,0.0,13357.143,22650.0,23366.666,20596.428,22594.285,307309.0,303079.0,309898.1,312697.03,313379.78,0.043574948,0.0716,0.07384433,0.064538084,0.07085083,41.0,69.0,100.0,0.09756097,0.036321186,,0.33333334
2025-10-13,1,0,1,1,0.38709676,0.0,13.0,0.0,400.0,7585.7144,6423.8096,10328.571,9100.0,305239.16,313647.5,325476.94,326909.28,327186.34,-0.0050450913,0.021694405,0.018746717,0.028709317,0.024681002,49.0,89.0,147.0,0.14634146,0.046272263,,0.0
2025-10-13,2,0,1,1,0.38709676,0.0,13.0,0.0,13528.571,15778.571,12690.477,15478.571,18845.715,302202.56,308717.78,315612.75,314715.47,316284.0,0.03853333,0.051541,0.038876876,0.044669036,0.05621524,35.0,78.0,138.0,0.12195122,0.047563225,,0.0
2025-10-13,3,0,0,0,0.38709676,0.0,13.0,0.0,3414.2856,2407.1428,6871.4287,6710.7144,5511.4287,300442.0,302719.34,314167.47,313614.22,315299.7,0.01443726,0.007217392,0.019551702,0.019799301,0.015484493,47.0,101.0,146.0,0.048780486,0.03312406,,0.0
2025-10-13,4,0,0,0,0.38709676,0.0,13.0,0.0,1000.0,16885.715,19119.047,16867.857,17651.428,299810.56,303412.0,310092.47,312151.84,314192.94,0.010742479,0.054987147,0.05957576,0.051685113,0.052857067,52.0,80.0,121.0,0.14634146,0.0377796,,0.6666667
2025-10-13,5,0,0,0,0.38709676,0.0,13.0,0.0,-742.8571,8935.714,10861.904,14153.571,15602.857,294930.0,303891.44,315218.62,316501.4,319773.25,0.0034198922,0.025785377,0.03165247,0.04313273,0.046995644,46.0,96.0,137.0,0.09756097,0.03521127,,0.0
2025-10-13,6,0,0,0,0.38709676,0.0,13.0,0.0,25928.572,26385.715,22804.762,21014.285,21934.285,296177.56,299073.0,309689.62,312543.56,313778.97,0.077353925,0.076132804,0.06496932,0.060369454,0.06323354,34.0,73.0,115.0,0.0,0.033639003,,0.0
2025-10-13,7,0,0,1,0.38709676,0.0,13.0,0.0,21242.857,13200.0,12904.762,15125.0,11525.714,283838.16,289913.66,301041.94,304578.56,304176.94,0.071006544,0.04427586,0.042151876,0.0467768,0.03548922,40.0,93.0,141.0,0.09756097,0.052751012,,0.0
2025-10-13,8,0,0,0,0.38709676,0.0,13.0,0.0,9657.143,12892.857,18480.953,14235.714,15054.286,290140.28,292352.06,302107.9,303237.06,305091.75,0.022706086,0.038360197,0.055905424,0.043167733,0.046814483,38.0,80.0,110.0,0.14634146,0.045774646,,0.0
2025-10-13,9,1,1,1,0.38709676,0.0,13.0,0.0,20242.857,18964.285,21904.762,21971.428,19131.428,293152.84,299083.16,306520.38,310635.84,310636.9,0.05882214,0.06130804,0.069526464,0.06813071,0.06020701,44.0,84.0,118.0,0.07317073,0.03547945,,0.0
2025-10-13,ã‚¾ãƒ­ç›®,0,0,0,0.38709676,0.0,13.0,0.0,17914.285,15785.714,21780.953,24885.715,22905.715,296478.84,294200.16,301071.75,301350.78,303825.56,0.055446032,0.047048558,0.067830265,0.07894889,0.07154604,36.0,81.0,113.0,0.024390243,0.038751386,,0.0
2025-10-14,0,0,1,1,0.41935483,1.0,14.0,0.0,13671.429,20407.143,22200.0,20214.285,22700.0,309577.16,301890.44,309668.34,312415.47,311836.97,0.043931235,0.0657976,0.07063302,0.06354424,0.07143643,40.0,71.0,99.0,0.12195122,0.036321186,,0.0
2025-10-14,1,0,0,0,0.41935483,1.0,14.0,0.0,4842.857,10014.286,6604.7617,11153.571,9351.429,307979.0,315222.5,325894.25,327936.2,326593.4,0.005987501,0.027749041,0.019098172,0.03065822,0.025440356,43.0,87.0,144.0,0.024390243,0.046272263,,0.0
2025-10-14,2,0,0,0,0.41935483,1.0,14.0,0.0,12828.571,19742.857,11542.857,16592.857,19554.285,301506.16,309826.66,314748.66,314116.84,314911.94,0.036849465,0.06273205,0.03611725,0.047861006,0.05840809,34.0,70.0,137.0,0.07317073,0.047563225,,0.0
2025-10-14,3,0,0,0,0.41935483,1.0,14.0,0.0,3800.0,2657.1428,7647.619,6907.143,5662.857,301450.72,302376.5,314014.2,313911.0,314798.9,0.015469339,0.007924727,0.02170212,0.020340355,0.015915567,44.0,101.0,142.0,0.07317073,0.03312406,,0.0
2025-10-14,4,0,0,1,0.41935483,1.0,14.0,0.0,2028.5714,14364.286,16380.952,16732.143,16794.285,297757.28,302615.5,308339.2,310708.94,311746.66,0.013805336,0.047389597,0.051915165,0.05130567,0.05074254,51.0,86.0,127.0,0.07317073,0.0377796,,0.33333334
2025-10-14,5,0,0,0,0.41935483,1.0,14.0,0.0,-757.1429,10371.429,11438.096,14453.571,15985.714,294023.28,303441.66,314814.62,316276.78,319022.84,0.003536106,0.029769696,0.03328003,0.04398764,0.04810566,46.0,94.0,133.0,0.09756097,0.03521127,,0.0
2025-10-14,6,0,0,1,0.41935483,1.0,14.0,0.0,23171.428,23228.572,19319.047,19553.572,19997.143,295078.16,300121.66,308729.25,312478.75,312318.97,0.06952448,0.0666094,0.055416793,0.056161575,0.05832272,37.0,81.0,124.0,0.14634146,0.033639003,,0.33333334
2025-10-14,7,0,0,0,0.41935483,1.0,14.0,0.0,18528.572,14678.571,12723.81,14032.143,13808.571,287245.0,292958.72,303322.0,304690.66,303921.0,0.06261207,0.04808967,0.041118216,0.04381875,0.041477624,41.0,92.0,139.0,0.07317073,0.052751012,,0.0
2025-10-14,8,0,0,0,0.41935483,1.0,14.0,0.0,2785.7144,13042.857,17647.62,14925.0,15022.857,286439.84,290845.84,301002.56,302462.34,303180.56,0.003710899,0.038843717,0.05361038,0.045141365,0.04680333,44.0,79.0,110.0,0.12195122,0.045774646,,0.33333334
2025-10-14,9,1,1,1,0.41935483,1.0,14.0,0.0,26714.285,25592.857,23980.953,22803.572,21640.0,295430.72,300643.34,306928.28,309775.8,309512.06,0.07658079,0.08024103,0.07527307,0.070729,0.06705862,38.0,74.0,110.0,0.09756097,0.03547945,,0.0
2025-10-14,ã‚¾ãƒ­ç›®,0,1,1,0.41935483,1.0,14.0,0.0,10528.571,10150.0,18114.285,22078.572,22665.715,297069.0,293103.5,300699.44,300515.56,302614.5,0.033804476,0.031456012,0.05746259,0.07135679,0.07094913,44.0,89.0,121.0,0.09756097,0.038751386,,0.0
2025-10-15,0,0,0,0,0.4516129,2.0,15.0,0.0,17914.285,20271.428,25185.715,21175.0,22497.143,307278.16,300206.72,303877.94,307384.7,310212.0,0.06263577,0.06635273,0.081803754,0.06835405,0.07166049,36.0,72.0,91.0,0.024390243,0.036321186,,0.0
2025-10-15,1,1,1,1,0.4516129,2.0,15.0,0.0,-1114.2858,6892.857,6261.905,9632.143,8762.857,307430.0,315430.56,319284.2,323870.25,325177.5,-0.016614186,0.015832104,0.016226413,0.025294289,0.022999708,49.0,94.0,144.0,0.19512194,0.046272263,,0.0
2025-10-15,2,0,1,1,0.4516129,2.0,15.0,0.0,14814.286,21221.428,13366.667,14185.714,19488.572,302328.0,308806.06,308751.06,310470.66,314064.1,0.044560023,0.068494685,0.042063665,0.041882355,0.058397666,32.0,67.0,134.0,0.12195122,0.047563225,,0.0
2025-10-15,3,0,0,0,0.4516129,2.0,15.0,0.0,2385.7144,5907.143,7023.8096,7635.7144,5154.2856,298657.56,300904.16,308996.75,309795.22,312345.53,0.010293514,0.020539949,0.020265086,0.02268591,0.014546184,50.0,100.0,147.0,0.07317073,0.03312406,,0.33333334
2025-10-15,4,0,0,0,0.4516129,2.0,15.0,0.0,942.8571,16957.143,14861.904,16385.715,16991.428,302143.0,301046.56,303052.0,305874.0,310445.25,0.0065603056,0.05761612,0.04935317,0.05182463,0.05191106,54.0,80.0,130.0,0.07317073,0.0377796,,0.0
2025-10-15,5,0,1,1,0.4516129,2.0,15.0,0.0,-2500.0,10100.0,11680.952,14271.429,15977.143,291256.56,298291.34,307759.34,311893.6,317097.3,-0.0032114093,0.029522706,0.03466654,0.04394947,0.048331615,52.0,100.0,135.0,0.048780486,0.03521127,,0.0
2025-10-15,6,0,0,1,0.4516129,2.0,15.0,0.0,26114.285,24542.857,20876.191,18807.143,19591.428,294493.44,298054.56,302564.66,307881.8,311129.84,0.081833705,0.072197035,0.061129343,0.055245336,0.05725506,33.0,79.0,121.0,0.07317073,0.033639003,,0.33333334
2025-10-15,7,0,0,0,0.4516129,2.0,15.0,0.0,19857.143,15771.429,13128.571,13800.0,12917.143,292051.56,293744.16,297796.16,300041.03,302961.9,0.067520685,0.052613165,0.043242775,0.043997277,0.038460102,41.0,91.0,140.0,0.07317073,0.052751012,,0.0
2025-10-15,8,0,0,0,0.4516129,2.0,15.0,0.0,942.8571,13007.143,16357.143,15214.286,13925.714,284804.56,290448.5,296511.84,298149.56,302176.22,-0.003318376,0.03877244,0.050366327,0.046490803,0.04298404,50.0,82.0,115.0,0.17073171,0.045774646,,0.0
2025-10-15,9,0,0,0,0.4516129,2.0,15.0,0.0,35557.145,29150.0,24580.953,24214.285,22580.0,297031.28,296910.5,300868.62,304985.44,307810.78,0.11576954,0.096431546,0.0813514,0.07803969,0.07186739,29.0,69.0,109.0,0.09756097,0.03547945,,0.33333334
2025-10-15,ã‚¾ãƒ­ç›®,0,0,1,0.4516129,2.0,15.0,0.0,17285.715,11514.286,17980.953,21971.428,23425.715,300832.56,294636.94,296994.0,297859.72,302096.16,0.060132895,0.03628308,0.05837745,0.071985126,0.073847026,36.0,90.0,120.0,0.048780486,0.038751386,,0.0
2025-10-16,0,1,1,1,0.48387095,3.0,16.0,0.0,16742.857,16128.571,23276.191,20875.0,20340.0,293204.28,297166.94,299105.9,306903.56,307570.78,0.05763289,0.052402195,0.075967364,0.067195095,0.06527636,36.0,79.0,98.0,0.12195122,0.036321186,,0.0
2025-10-16,1,0,0,0,0.48387095,3.0,16.0,0.0,4314.2856,9835.714,8642.857,11046.429,11111.429,302153.56,313404.0,316984.47,326179.28,325318.88,0.0009961277,0.02515246,0.023710715,0.028927509,0.030143792,47.0,88.0,139.0,0.09756097,0.046272263,,0.0
2025-10-16,2,0,1,1,0.48387095,3.0,16.0,0.0,15214.286,19057.143,14642.857,15053.571,19842.857,289469.72,304931.0,303103.25,311038.3,312548.06,0.048326228,0.0628074,0.04639567,0.045069512,0.059828784,31.0,68.0,126.0,0.17073171,0.047563225,,0.33333334
2025-10-16,3,0,0,0,0.48387095,3.0,16.0,0.0,1557.1428,3021.4285,5961.905,6653.5713,5745.7144,281075.56,296421.06,303446.28,309970.0,310667.3,0.008409114,0.01153134,0.017501343,0.018742315,0.016471732,47.0,102.0,149.0,0.0,0.03312406,,0.0
2025-10-16,4,0,0,0,0.48387095,3.0,16.0,0.0,-2671.4285,12342.857,14471.429,16821.428,16051.429,281100.84,296135.22,297806.94,306718.22,308587.7,-0.004624537,0.042906333,0.04766488,0.053828903,0.048762135,55.0,88.0,129.0,0.048780486,0.0377796,,0.0
2025-10-16,5,0,1,1,0.48387095,3.0,16.0,0.0,6785.7144,11185.714,12333.333,12853.571,16325.714,286916.72,299957.5,304555.28,312674.25,316568.84,0.023924727,0.03260721,0.0370624,0.039059933,0.049481537,43.0,93.0,132.0,0.024390243,0.03521127,,0.0
2025-10-16,6,0,0,1,0.48387095,3.0,16.0,0.0,24242.857,25078.572,19890.477,19146.428,20131.428,286301.72,299404.94,298721.1,309250.94,310436.8,0.07811389,0.073746964,0.059213527,0.05618197,0.058989927,35.0,73.0,124.0,0.07317073,0.033639003,,0.0
2025-10-16,7,0,0,1,0.48387095,3.0,16.0,0.0,15800.0,13028.571,12261.904,13082.143,12700.0,284385.56,293009.94,294217.0,301975.1,302584.84,0.055667076,0.043984607,0.04068157,0.04145189,0.03774984,43.0,92.0,139.0,0.17073171,0.052751012,,0.33333334
2025-10-16,8,0,0,0,0.48387095,3.0,16.0,0.0,-5628.5713,12357.143,15585.714,15385.714,13202.857,267814.0,288061.34,290053.53,298103.47,300107.2,-0.023729475,0.036006905,0.047535505,0.047189616,0.040376455,57.0,79.0,114.0,0.09756097,0.045774646,,0.33333334
2025-10-16,9,0,0,0,0.48387095,3.0,16.0,0.0,29885.715,25085.715,22004.762,22517.857,21028.572,279213.56,290844.06,294436.56,303628.4,305393.7,0.0957801,0.08229435,0.07293408,0.07154735,0.06643627,34.0,75.0,118.0,0.07317073,0.03547945,,0.0
2025-10-16,ã‚¾ãƒ­ç›®,0,0,0,0.48387095,3.0,16.0,0.0,17128.572,11035.714,18028.572,21621.428,23217.143,282046.72,291808.5,291589.56,298623.22,300044.84,0.062432647,0.03520436,0.059321523,0.070320554,0.07356209,34.0,87.0,118.0,0.12195122,0.038751386,,0.0
2025-10-17,0,1,1,1,0.516129,4.0,17.0,0.0,31057.143,19700.0,26338.096,24732.143,23317.143,315562.28,301896.78,302815.84,308209.3,310639.12,0.09298903,0.059466563,0.08257031,0.07723531,0.072924875,34.0,78.0,96.0,0.1,0.036321186,,0.0
2025-10-17,1,0,0,0,0.516129,4.0,17.0,0.0,6042.857,5085.7144,7709.524,10264.286,10294.286,291992.16,304573.94,312976.9,319626.28,323428.3,0.005203893,0.009055185,0.019662622,0.025938213,0.026704168,46.0,93.0,142.0,0.075,0.046272263,,0.0
2025-10-17,2,0,0,0,0.516129,4.0,17.0,0.0,20642.857,21164.285,15933.333,13900.0,18560.0,291944.72,298121.56,304476.72,307410.66,311011.28,0.07125574,0.07087322,0.0518004,0.04270393,0.055999693,27.0,60.0,119.0,0.075,0.047563225,,0.0
2025-10-17,3,0,0,0,0.516129,4.0,17.0,0.0,-2900.0,-3221.4285,1204.762,4882.143,4574.2856,268237.72,287200.66,294132.1,303658.1,306107.47,-0.017418167,-0.014689574,6.67494e-06,0.010404225,0.010463335,54.0,110.0,159.0,0.075,0.03312406,,0.0
2025-10-17,4,0,0,1,0.516129,4.0,17.0,0.0,-1571.4286,8578.571,12871.429,15235.714,15565.714,280060.44,290993.06,295525.28,302940.2,307956.94,-0.00033054806,0.030202562,0.041800503,0.048823766,0.046815123,55.0,90.0,133.0,0.125,0.0377796,,0.33333334
2025-10-17,5,0,0,0,0.516129,4.0,17.0,0.0,13200.0,13478.571,14385.714,13921.429,16677.143,279754.16,292090.0,300756.66,306854.0,312643.94,0.05673505,0.04578531,0.04760933,0.04559109,0.05310955,40.0,85.0,125.0,0.1,0.03521127,,0.0
2025-10-17,6,0,0,0,0.516129,4.0,17.0,0.0,13714.286,21528.572,20552.38,18892.857,20105.715,272047.72,292661.5,296250.06,304393.34,309198.5,0.048427235,0.0639629,0.0621956,0.056352075,0.059194073,38.0,77.0,122.0,0.175,0.033639003,,0.33333334
2025-10-17,7,0,0,0,0.516129,4.0,17.0,0.0,21485.715,11864.286,12947.619,11614.286,13928.571,286619.84,289570.16,294515.38,297740.1,302924.84,0.080005124,0.040715475,0.043493446,0.038114518,0.042961627,36.0,88.0,135.0,0.075,0.052751012,,0.0
2025-10-17,8,0,1,1,0.516129,4.0,17.0,0.0,-5985.7144,7707.143,13938.096,12839.286,12408.571,261489.72,280133.16,288397.53,293271.72,297767.03,-0.027761497,0.01865361,0.03990896,0.03822182,0.03675953,58.0,84.0,119.0,0.075,0.045774646,,0.0
2025-10-17,9,0,1,1,0.516129,4.0,17.0,0.0,15757.143,23321.428,22771.428,22075.0,21262.857,261155.72,286190.72,293695.84,297847.8,304875.25,0.055256397,0.07638945,0.07648293,0.070868835,0.06755138,39.0,74.0,113.0,0.1,0.03547945,,0.33333334
2025-10-17,ã‚¾ãƒ­ç›®,0,0,1,0.516129,4.0,17.0,0.0,18557.143,10564.286,15338.096,21064.285,22922.857,276667.84,285317.44,290481.38,294633.5,298712.9,0.06858563,0.03430484,0.04841051,0.06899707,0.07260683,35.0,85.0,123.0,0.025,0.038751386,,0.0
2025-10-18,0,0,0,0,0.5483871,5.0,18.0,0.0,29400.0,24385.715,27742.857,26046.428,24488.572,320149.44,311254.56,307312.34,311533.56,312746.25,0.08572158,0.074025065,0.08534415,0.080325775,0.07594983,33.0,72.0,95.0,0.075,0.036321186,,0.0
2025-10-18,1,0,0,0,0.5483871,5.0,18.0,0.0,5857.143,4457.143,7352.381,9564.286,10042.857,313392.44,311658.34,315936.8,323932.84,325085.6,0.008124773,0.0076440754,0.018827526,0.023665493,0.026071653,44.0,95.0,139.0,0.075,0.046272263,,0.0
2025-10-18,2,1,1,1,0.5483871,5.0,18.0,0.0,16300.0,14728.571,15147.619,13664.286,17394.285,305304.28,304116.28,309153.1,312194.56,313060.66,0.056956373,0.048280627,0.04953704,0.042559374,0.052225474,31.0,68.0,118.0,0.175,0.047563225,,0.0
2025-10-18,3,0,1,1,0.5483871,5.0,18.0,0.0,-2271.4285,-1235.7142,919.0476,5364.2856,4637.143,283773.16,295043.84,297087.9,307227.75,307450.38,-0.016279472,-0.00662345,-0.0013122874,0.012107592,0.010570324,54.0,106.0,161.0,0.1,0.03312406,,0.0
2025-10-18,4,0,1,1,0.5483871,5.0,18.0,0.0,-1885.7142,9635.714,13414.286,14746.429,15471.429,293517.84,298719.16,300412.47,306716.53,309486.47,-0.0038451168,0.033040076,0.04306214,0.046197604,0.046276335,55.0,90.0,128.0,0.075,0.0377796,,0.0
2025-10-18,5,0,0,0,0.5483871,5.0,18.0,0.0,8771.429,13007.143,12776.19,12517.857,15871.429,300801.28,299944.06,304814.1,310916.2,314041.88,0.0422659,0.04606741,0.042647798,0.04089956,0.05077879,45.0,86.0,130.0,0.075,0.03521127,,0.33333334
2025-10-18,6,0,0,0,0.5483871,5.0,18.0,0.0,15857.143,23271.428,20123.809,18835.715,19928.572,297322.16,303302.06,302017.94,308328.84,310379.66,0.05729798,0.07130399,0.059778105,0.055745278,0.058539033,35.0,74.0,124.0,0.075,0.033639003,,0.0
2025-10-18,7,0,0,1,0.5483871,5.0,18.0,0.0,7100.0,10407.143,11409.523,11325.0,13554.286,300193.44,296627.56,298092.72,301775.34,304412.78,0.024281815,0.03667896,0.038567603,0.038099322,0.04201439,45.0,93.0,138.0,0.125,0.052751012,,0.33333334
2025-10-18,8,0,0,0,0.5483871,5.0,18.0,0.0,357.14285,8850.0,13719.048,13678.571,12280.0,282498.72,287481.22,291736.75,297322.0,298992.8,-0.0036012302,0.020985777,0.03810107,0.040492177,0.035994485,50.0,84.0,121.0,0.125,0.045774646,,0.33333334
2025-10-18,9,0,0,0,0.5483871,5.0,18.0,0.0,20757.143,22928.572,23328.572,22671.428,21985.715,283022.72,291630.22,296422.72,301120.3,305885.3,0.070858136,0.0725052,0.07748569,0.07194028,0.0696757,33.0,74.0,112.0,0.075,0.03547945,,0.0
2025-10-18,ã‚¾ãƒ­ç›®,0,0,1,0.5483871,5.0,18.0,0.0,16328.571,12285.714,15519.048,20200.0,22571.428,294926.84,294874.94,295645.34,300334.66,300546.72,0.0567271,0.040906955,0.048590966,0.06383929,0.07123847,37.0,82.0,120.0,0.025,0.038751386,,0.0
2025-10-19,0,0,0,0,0.58064514,6.0,19.0,0.0,28885.715,23092.857,26438.096,25550.0,23271.428,324075.28,315525.16,311945.84,315238.6,315096.53,0.08439845,0.069805585,0.08046246,0.07862774,0.07146608,29.0,70.0,96.0,0.075,0.036321186,,0.0
2025-10-19,1,0,1,1,0.58064514,6.0,19.0,0.0,542.8571,700.0,6161.905,9328.571,10051.429,318362.72,316901.5,320386.66,327261.3,326709.47,-0.0073700855,-0.0044735326,0.015230545,0.023418445,0.026371194,47.0,99.0,140.0,0.125,0.046272263,,0.0
2025-10-19,2,0,0,0,0.58064514,6.0,19.0,0.0,21585.715,17242.857,19114.285,16671.428,18480.0,309195.0,307932.44,313158.1,315147.75,314744.53,0.071287856,0.054294012,0.061802972,0.051874146,0.054846473,30.0,67.0,109.0,0.05,0.047563225,,0.0
2025-10-19,3,0,0,0,0.58064514,6.0,19.0,0.0,-1771.4286,178.57143,2638.0952,6625.0,6191.4287,290385.16,296575.56,300969.0,309405.03,309972.4,-0.016603023,-0.0025556758,0.004087838,0.015990347,0.015945278,53.0,102.0,155.0,0.05,0.03312406,,0.0
2025-10-19,4,0,0,1,0.58064514,6.0,19.0,0.0,2114.2856,9085.714,14757.143,15832.143,16748.572,301455.0,302024.06,304721.47,308465.97,311333.16,0.007994078,0.030042877,0.04698304,0.04946858,0.050422672,48.0,91.0,122.0,0.075,0.0377796,,0.0
2025-10-19,5,0,1,1,0.58064514,6.0,19.0,0.0,3500.0,11371.429,10166.667,10946.429,14531.429,306460.72,303595.22,308219.1,313388.03,315699.75,0.026189435,0.0413284,0.03390836,0.03578647,0.04648127,47.0,86.0,137.0,0.1,0.03521127,,0.0
2025-10-19,6,0,0,0,0.58064514,6.0,19.0,0.0,2642.8572,17714.285,18309.523,16850.0,18248.572,300078.56,303537.28,303362.75,309313.7,311746.97,0.012865398,0.053022847,0.054149754,0.049263313,0.053020418,45.0,79.0,124.0,0.075,0.033639003,,0.0
2025-10-19,7,0,0,0,0.58064514,6.0,19.0,0.0,11171.429,12185.714,11319.048,11085.714,14317.143,305698.44,298081.94,299240.62,303539.78,305867.84,0.038041137,0.042497844,0.038029682,0.036811195,0.044623815,38.0,86.0,138.0,0.075,0.052751012,,0.0
2025-10-19,8,0,0,0,0.58064514,6.0,19.0,0.0,-9585.714,4571.4287,10576.19,11828.571,11054.286,286335.72,291265.22,293667.94,299489.8,300857.7,-0.035615064,0.0068662767,0.027809387,0.034461476,0.03213666,57.0,89.0,128.0,0.075,0.045774646,,0.0
2025-10-19,9,0,0,1,0.58064514,6.0,19.0,0.0,18742.857,19621.428,19714.285,22639.285,21122.857,290199.84,293049.56,299445.53,304071.78,307029.94,0.0645702,0.06204297,0.06437919,0.07221943,0.06684827,32.0,78.0,118.0,0.075,0.03547945,,0.0
2025-10-19,ã‚¾ãƒ­ç›®,1,1,1,0.58064514,6.0,19.0,0.0,15500.0,13271.429,15376.19,20425.0,23700.0,301500.72,300020.06,298961.94,302466.06,302695.72,0.05309835,0.04397116,0.047629897,0.064389184,0.07527961,36.0,77.0,119.0,0.225,0.038751386,,1.0
2025-10-20,0,0,0,0,0.61290324,0.0,20.0,0.0,29971.428,21664.285,25090.477,25017.857,22471.428,321734.28,314521.66,309297.44,312857.16,314504.5,0.08760749,0.065591216,0.07693583,0.07728512,0.06915197,34.0,75.0,103.0,0.09756097,0.036321186,,0.33333334
2025-10-20,1,0,0,0,0.61290324,0.0,20.0,0.0,9485.714,4942.857,8219.048,7189.2856,10160.0,322107.72,313673.44,316467.56,324634.66,325948.97,0.019505812,0.00723036,0.020964874,0.01893649,0.026868615,42.0,91.0,131.0,0.14634146,0.046272263,,0.0
2025-10-20,2,0,0,0,0.61290324,0.0,20.0,0.0,24542.857,19035.715,18700.0,15653.571,17291.428,308064.56,305133.56,308500.06,313725.72,313385.28,0.08015947,0.0593464,0.06108049,0.049197525,0.051767122,32.0,67.0,110.0,0.12195122,0.047563225,,0.0
2025-10-20,3,1,1,1,0.61290324,0.0,20.0,0.0,5371.4287,4392.857,3395.238,6496.4287,6442.857,290377.0,295409.5,298605.25,308219.84,308966.78,0.00448789,0.009462575,0.0063075577,0.015785748,0.01673702,50.0,97.0,151.0,0.048780486,0.03312406,,0.0
2025-10-20,4,0,0,0,0.61290324,0.0,20.0,0.0,10600.0,5800.0,14790.477,16989.285,15614.286,300663.44,300237.0,302495.8,307735.22,309854.16,0.03222329,0.021482887,0.047399197,0.052737642,0.04779275,41.0,93.0,121.0,0.14634146,0.0377796,,0.33333334
2025-10-20,5,0,1,1,0.61290324,0.0,20.0,0.0,12271.429,5764.2856,10047.619,11214.286,13777.143,305303.56,300116.78,304362.16,312739.84,314261.84,0.051881324,0.027650608,0.034484025,0.036709685,0.044882447,42.0,88.0,138.0,0.09756097,0.03521127,,0.0
2025-10-20,6,0,0,0,0.61290324,0.0,20.0,0.0,-3414.2856,11257.143,16452.38,16250.0,16128.571,300667.16,298422.34,299604.38,307434.0,310168.28,-0.0057530026,0.035800464,0.04883754,0.047288742,0.047144964,53.0,87.0,126.0,0.0,0.033639003,,0.0
2025-10-20,7,0,1,1,0.61290324,0.0,20.0,0.0,7185.7144,14214.286,11195.238,11475.0,13537.143,304421.72,294129.94,294749.66,301886.9,304547.2,0.025769861,0.048388205,0.038107194,0.038056374,0.042575415,44.0,84.0,137.0,0.09756097,0.052751012,,0.0
2025-10-20,8,0,0,1,0.61290324,0.0,20.0,0.0,-3628.5715,3014.2856,7385.7144,12953.571,10662.857,289898.0,290019.16,291534.06,299055.44,300569.25,-0.017385777,0.0026601546,0.019778207,0.037582625,0.031057032,56.0,94.0,136.0,0.14634146,0.045774646,,0.0
2025-10-20,9,0,0,1,0.61290324,0.0,20.0,0.0,21042.857,20642.857,19657.143,21689.285,21785.715,290267.0,291709.94,296144.44,302457.03,306562.1,0.071304046,0.06506309,0.064640045,0.06997086,0.06876538,33.0,77.0,117.0,0.07317073,0.03547945,,0.33333334
2025-10-20,ã‚¾ãƒ­ç›®,0,0,0,0.61290324,0.0,20.0,0.0,16328.571,17121.428,15966.667,20417.857,23174.285,300226.16,298352.5,296208.8,300860.34,301125.84,0.056077797,0.055761915,0.050058305,0.06489215,0.074374676,35.0,71.0,116.0,0.024390243,0.038751386,,0.0
2025-10-21,0,0,0,0,0.6451613,1.0,21.0,0.0,20500.0,17085.715,20438.096,21775.0,20271.428,305562.16,307569.66,303114.34,308641.78,311044.8,0.05379725,0.04886424,0.06179748,0.06642408,0.061594844,41.0,81.0,112.0,0.12195122,0.036321186,,0.0
2025-10-21,1,0,0,1,0.6451613,1.0,21.0,0.0,1400.0,3121.4285,7142.857,5303.5713,9202.857,307592.84,307785.94,312679.28,321318.9,323867.5,-0.0026945376,0.0016464815,0.01760118,0.0136499945,0.02398767,48.0,91.0,135.0,0.024390243,0.046272263,,0.0
2025-10-21,2,0,1,1,0.6451613,1.0,21.0,0.0,16514.285,14671.429,18666.666,12785.714,16577.143,294363.28,297934.72,304672.2,309652.3,310166.16,0.056246366,0.046547916,0.060570158,0.041149527,0.04953808,37.0,71.0,107.0,0.07317073,0.047563225,,0.0
2025-10-21,3,0,0,1,0.6451613,1.0,21.0,0.0,6528.5713,5164.2856,3947.6191,7367.857,6831.4287,278321.28,289886.0,294358.1,305090.97,306793.06,0.0096613355,0.012565337,0.008503596,0.018691923,0.018204551,44.0,88.0,145.0,0.07317073,0.03312406,,0.0
2025-10-21,4,0,0,0,0.6451613,1.0,21.0,0.0,7057.143,4542.857,11928.571,14050.0,14797.143,291820.72,294789.0,299017.25,304209.56,306931.28,0.018508252,0.016156795,0.03776248,0.043563437,0.044746187,41.0,92.0,127.0,0.07317073,0.0377796,,0.33333334
2025-10-21,5,0,0,0,0.6451613,1.0,21.0,0.0,10771.429,5007.143,10504.762,11271.429,13717.143,294118.72,294071.0,300334.0,309640.66,311845.16,0.04906368,0.026299894,0.036201026,0.037225943,0.045002848,39.0,85.0,133.0,0.09756097,0.03521127,,0.0
2025-10-21,6,0,0,0,0.6451613,1.0,21.0,0.0,-2700.0,10235.714,14585.714,13814.286,15102.857,283187.0,289132.56,294476.75,302343.7,306620.4,-0.003095367,0.033214558,0.04337448,0.04078875,0.044310186,48.0,85.0,129.0,0.14634146,0.033639003,,0.0
2025-10-21,7,0,1,1,0.6451613,1.0,21.0,0.0,5757.143,12142.857,11704.762,10982.143,12377.143,284482.16,285863.56,290133.2,298612.03,300648.94,0.025548479,0.044080276,0.04057594,0.037225783,0.040164694,41.0,82.0,133.0,0.07317073,0.052751012,,0.0
2025-10-21,8,1,1,1,0.6451613,1.0,21.0,0.0,-2828.5715,-21.428572,7752.381,12528.571,11374.286,276178.28,281309.06,285956.66,294796.5,297205.53,-0.013194417,-0.0047417586,0.021497672,0.03690918,0.03347421,53.0,97.0,132.0,0.12195122,0.045774646,,0.33333334
2025-10-21,9,0,0,0,0.6451613,1.0,21.0,0.0,13285.714,20000.0,21490.477,21307.143,20900.0,272658.16,284044.44,291314.94,298360.75,302352.28,0.05191095,0.06424587,0.070797674,0.06943254,0.06696539,36.0,74.0,110.0,0.09756097,0.03547945,,0.33333334
2025-10-21,ã‚¾ãƒ­ç›®,0,0,0,0.6451613,1.0,21.0,0.0,14214.286,12371.429,11504.762,17139.285,20505.715,285148.44,291108.72,290451.8,296811.7,297442.16,0.047706336,0.040755406,0.036872786,0.05502353,0.0666267,34.0,78.0,123.0,0.09756097,0.038751386,,0.0
2025-10-22,0,0,0,0,0.67741936,2.0,22.0,0.0,14685.714,16300.0,18409.523,22560.715,19877.143,308500.84,307889.5,302971.44,305033.7,307607.9,0.028759943,0.045697857,0.053821802,0.0685428,0.060435224,49.0,85.0,121.0,0.024390243,0.036321186,,0.0
2025-10-22,1,0,0,1,0.67741936,2.0,22.0,0.0,9042.857,3964.2856,7609.524,6957.143,9514.286,303900.44,305665.22,311587.2,315438.25,319876.28,0.027662354,0.0055240844,0.019775521,0.019085398,0.025767902,42.0,91.0,136.0,0.19512194,0.046272263,,0.33333334
2025-10-22,2,1,1,1,0.67741936,2.0,22.0,0.0,18242.857,16528.572,20228.572,14585.714,14997.143,292056.16,297192.06,303222.75,304577.3,306787.75,0.064185046,0.054372534,0.06705814,0.04759401,0.046342894,34.0,66.0,101.0,0.12195122,0.047563225,,0.0
2025-10-22,3,0,1,1,0.67741936,2.0,22.0,0.0,8814.286,5600.0,6876.1904,7471.4287,7871.4287,287266.28,292961.94,296358.2,303564.16,305289.44,0.01646366,0.013378587,0.019181184,0.01931473,0.02144146,38.0,88.0,138.0,0.07317073,0.03312406,,0.0
2025-10-22,4,0,0,0,0.67741936,2.0,22.0,0.0,5328.5713,3135.7144,13080.952,12478.571,14174.286,290556.0,296349.5,297549.72,299928.0,302810.4,0.01190204,0.0092311725,0.04237809,0.039990388,0.043840114,43.0,97.0,123.0,0.07317073,0.0377796,,0.0
2025-10-22,5,0,0,0,0.67741936,2.0,22.0,0.0,6842.857,2171.4285,9014.286,10471.429,12785.714,299930.0,295593.28,298837.56,305802.0,309500.88,0.033322606,0.015055599,0.03078934,0.034330558,0.0418241,41.0,93.0,141.0,0.048780486,0.03521127,,0.0
2025-10-22,6,0,0,0,0.67741936,2.0,22.0,0.0,-4685.7144,10714.286,14800.0,14485.714,14108.571,281264.84,287879.16,292458.0,297239.72,302558.44,-0.011132981,0.035350364,0.044420365,0.043063764,0.04196967,52.0,85.0,131.0,0.07317073,0.033639003,,0.33333334
2025-10-22,7,0,0,0,0.67741936,2.0,22.0,0.0,8257.143,14057.143,13266.667,11910.714,12691.429,284417.0,288234.28,290635.1,294451.34,296916.22,0.03593975,0.051730216,0.04705536,0.041417018,0.042385772,36.0,77.0,127.0,0.07317073,0.052751012,,0.0
2025-10-22,8,0,1,1,0.67741936,2.0,22.0,0.0,4800.0,2871.4285,10271.429,13467.857,13131.429,276255.16,280529.84,285717.38,291447.7,293770.7,0.018497394,0.0075895092,0.032014094,0.042399094,0.04089212,46.0,96.0,128.0,0.17073171,0.045774646,,0.0
2025-10-22,9,0,0,0,0.67741936,2.0,22.0,0.0,6757.143,21157.143,21685.715,20125.0,20722.857,275309.0,286170.16,289710.0,294478.72,299050.16,0.02249228,0.06913091,0.07178512,0.06663662,0.06693021,42.0,71.0,111.0,0.09756097,0.03547945,,0.33333334
2025-10-22,ã‚¾ãƒ­ç›®,0,0,1,0.67741936,2.0,22.0,0.0,11114.286,14200.0,11380.952,16264.286,19800.0,280099.56,290466.06,289791.16,292770.4,294307.7,0.036897857,0.048515376,0.036488004,0.05300755,0.06496767,39.0,75.0,129.0,0.048780486,0.038751386,,0.0
2025-10-23,0,0,1,1,0.7096774,3.0,23.0,0.0,13100.0,14921.429,15119.048,20732.143,19320.0,309213.56,301208.94,301182.47,301632.8,307365.56,0.022994328,0.04031361,0.04259957,0.062724106,0.058354944,50.0,86.0,129.0,0.12195122,0.036321186,,0.33333334
2025-10-23,1,0,0,1,0.7096774,3.0,23.0,0.0,3628.5715,3971.4285,7766.6665,7389.2856,9562.857,299202.56,300678.06,308670.2,312539.0,320783.94,0.012517988,0.0067570577,0.020940969,0.020912534,0.025645604,45.0,92.0,133.0,0.09756097,0.046272263,,0.0
2025-10-23,2,0,1,1,0.7096774,3.0,23.0,0.0,21214.285,18214.285,19776.191,16285.714,16285.714,295374.28,292422.0,301745.44,301171.0,307905.5,0.07331522,0.060820725,0.06631001,0.053125557,0.050718654,32.0,63.0,100.0,0.17073171,0.047563225,,0.33333334
2025-10-23,3,0,0,0,0.7096774,3.0,23.0,0.0,13185.714,7371.4287,6409.524,7767.857,7960.0,288651.0,284863.28,293831.06,299747.47,305706.2,0.03299135,0.020700231,0.018684676,0.021373844,0.021592122,34.0,81.0,136.0,0.0,0.03312406,,0.0
2025-10-23,4,0,0,0,0.7096774,3.0,23.0,0.0,5428.5713,1378.5714,10038.096,12210.714,14542.857,290064.0,285582.44,294111.47,295871.22,303387.38,0.0122064,0.0037909315,0.03267302,0.038800262,0.045504402,43.0,98.0,131.0,0.048780486,0.0377796,,0.0
2025-10-23,5,0,0,0,0.7096774,3.0,23.0,0.0,5100.0,5942.857,9157.143,10525.0,11302.857,293459.0,290187.84,297791.34,301781.22,308831.2,0.029209467,0.026567098,0.031474628,0.035099164,0.03708984,45.0,88.0,138.0,0.024390243,0.03521127,,0.0
2025-10-23,6,0,0,0,0.7096774,3.0,23.0,0.0,-9914.286,7164.2856,13414.286,12439.286,13334.286,277102.56,281702.16,291970.8,293316.47,302821.25,-0.028758015,0.02467794,0.039578635,0.037220642,0.039193973,58.0,93.0,131.0,0.07317073,0.033639003,,0.0
2025-10-23,7,0,0,0,0.7096774,3.0,23.0,0.0,11614.286,13707.143,12557.143,12100.0,12788.571,278492.44,281439.0,288170.75,290285.84,297278.56,0.04767465,0.051670864,0.045214623,0.04242984,0.042696442,36.0,79.0,128.0,0.17073171,0.052751012,,0.33333334
2025-10-23,8,0,0,1,0.7096774,3.0,23.0,0.0,10785.714,2578.5715,11833.333,14385.714,14465.714,281931.16,274872.56,286017.94,288022.94,294869.0,0.040741045,0.008505786,0.037584953,0.04583689,0.0458999,41.0,98.0,120.0,0.09756097,0.045774646,,0.0
2025-10-23,9,0,0,0,0.7096774,3.0,23.0,0.0,9557.143,19721.428,19909.523,18892.857,19925.715,278809.44,279011.5,286832.53,290529.78,298664.6,0.034192715,0.06498641,0.06626047,0.063248746,0.06407642,39.0,73.0,114.0,0.07317073,0.03547945,,0.0
2025-10-23,ã‚¾ãƒ­ç›®,1,1,1,0.7096774,3.0,23.0,0.0,12671.429,14900.0,11580.952,16689.285,19831.428,284423.84,283235.28,289346.94,289798.16,295783.34,0.04147096,0.051951803,0.037293226,0.054858882,0.06455064,39.0,73.0,126.0,0.12195122,0.038751386,,0.0
2025-10-24,0,0,0,0,0.7419355,4.0,24.0,0.0,1800.0,16428.572,13733.333,20203.572,20145.715,287055.0,301308.66,296949.53,298875.66,303978.47,0.00076074456,0.046874885,0.039897956,0.062117916,0.061940398,52.0,86.0,130.0,0.1,0.036321186,,0.33333334
2025-10-24,1,0,1,1,0.7419355,4.0,24.0,0.0,7957.143,7000.0,6042.857,7771.4287,9802.857,301468.44,296730.28,303538.75,310099.78,315994.72,0.032920938,0.019062417,0.017010437,0.022977201,0.027334759,41.0,87.0,134.0,0.075,0.046272263,,0.0
2025-10-24,2,0,0,0,0.7419355,4.0,24.0,0.0,22928.572,21785.715,21752.38,17682.143,15705.714,290228.16,291086.44,295490.44,300914.56,303974.16,0.08384487,0.07755031,0.07519711,0.059811518,0.05093212,31.0,58.0,91.0,0.075,0.047563225,,0.0
2025-10-24,3,0,0,0,0.7419355,4.0,24.0,0.0,17914.285,7507.143,3823.8096,5382.143,7488.5713,292744.0,280490.84,289048.44,293785.06,301475.28,0.060167503,0.021374667,0.010262785,0.0150468815,0.02035688,32.0,86.0,142.0,0.075,0.03312406,,0.0
2025-10-24,4,0,0,1,0.7419355,4.0,24.0,0.0,7614.2856,3021.4285,8257.143,11557.143,13711.429,290691.72,285376.06,290892.62,294316.9,300490.5,0.0212588,0.010464126,0.027221309,0.03666508,0.043310773,43.0,98.0,133.0,0.125,0.0377796,,0.33333334
2025-10-24,5,0,1,1,0.7419355,4.0,24.0,0.0,1514.2858,7357.143,9490.477,11167.857,11440.0,296236.72,287995.44,293472.25,299626.7,304730.53,0.0094559165,0.033095483,0.033675514,0.038070977,0.038364053,50.0,90.0,135.0,0.1,0.03521127,,0.0
2025-10-24,6,1,1,1,0.7419355,4.0,24.0,0.0,-13714.286,0.0,9780.952,11985.714,12371.429,272503.72,272275.72,285942.25,290313.47,298015.44,-0.04703822,0.00069450814,0.026962526,0.034887142,0.035674017,64.0,102.0,141.0,0.175,0.033639003,,0.33333334
2025-10-24,7,0,0,0,0.7419355,4.0,24.0,0.0,8728.571,15107.143,10819.048,11892.857,11037.143,271869.28,279244.56,283669.84,288853.84,292565.94,0.03510016,0.057552643,0.038843703,0.041395124,0.037511647,42.0,78.0,130.0,0.075,0.052751012,,0.0
2025-10-24,8,0,0,0,0.7419355,4.0,24.0,0.0,16857.143,5435.7144,10757.143,14667.857,13642.857,285828.0,273658.84,282031.44,287755.16,291782.97,0.06878917,0.020513834,0.035365462,0.047129013,0.04433529,35.0,93.0,119.0,0.075,0.045774646,,0.0
2025-10-24,9,0,0,0,0.7419355,4.0,24.0,0.0,11057.143,13407.143,19233.334,19842.857,19871.428,274032.72,267594.22,282138.06,288780.06,293084.8,0.043727506,0.04949195,0.06550213,0.06829407,0.065440565,39.0,78.0,113.0,0.1,0.03547945,,0.0
2025-10-24,ã‚¾ãƒ­ç›®,0,0,1,0.7419355,4.0,24.0,0.0,25128.572,21842.857,15419.048,17785.715,21877.143,306403.44,291535.66,292346.1,294461.9,296987.5,0.07303044,0.07080803,0.04721337,0.054565493,0.069803745,33.0,68.0,118.0,0.025,0.038751386,,0.0
2025-10-25,0,0,0,0,0.7741935,5.0,25.0,0.0,-7185.7144,11107.143,13861.904,19010.715,19400.0,271876.72,296013.06,298128.62,298453.44,303602.2,-0.026064342,0.029828621,0.04066193,0.057492025,0.059047747,58.0,91.0,130.0,0.075,0.036321186,,0.0
2025-10-25,1,1,1,1,0.7741935,5.0,25.0,0.0,13585.714,9721.429,7500.0,8910.714,10368.571,287672.44,300532.44,303663.06,308870.72,316680.78,0.05247431,0.03029954,0.022587486,0.027239222,0.029427256,36.0,80.0,131.0,0.075,0.046272263,,0.0
2025-10-25,2,0,0,0,0.7741935,5.0,25.0,0.0,23728.572,20014.285,17728.572,17292.857,15677.143,274352.72,289828.5,294195.1,300453.0,304626.2,0.08435233,0.07065435,0.060304526,0.058240864,0.050917964,31.0,62.0,99.0,0.175,0.047563225,,0.33333334
2025-10-25,3,0,0,1,0.7741935,5.0,25.0,0.0,16657.143,7192.857,4728.5713,4853.5713,7622.857,277643.56,280708.34,289243.75,292226.8,301310.9,0.056227632,0.019974079,0.0143269105,0.013072692,0.0209316,31.0,85.0,137.0,0.1,0.03312406,,0.0
2025-10-25,4,0,0,0,0.7741935,5.0,25.0,0.0,5842.857,1978.5714,8371.429,11521.429,12965.714,270982.72,282250.28,289473.66,293055.03,299569.78,0.01725634,0.0067056115,0.02777883,0.03661069,0.04040935,43.0,98.0,133.0,0.075,0.0377796,,0.0
2025-10-25,5,0,1,1,0.7741935,5.0,25.0,0.0,11014.286,9892.857,12342.857,12335.714,12217.143,280024.0,290412.66,293304.06,298616.56,304737.75,0.04441107,0.043338485,0.045515295,0.043088615,0.041601863,41.0,86.0,127.0,0.075,0.03521127,,0.33333334
2025-10-25,6,0,1,1,0.7741935,5.0,25.0,0.0,-3600.0,6128.5713,14314.286,14192.857,14348.571,258935.28,278128.72,288513.16,291247.28,298450.16,-0.0066532046,0.025322387,0.045318265,0.043170277,0.04326558,59.0,94.0,133.0,0.075,0.033639003,,0.0
2025-10-25,7,0,0,1,0.7741935,5.0,25.0,0.0,8842.857,7971.4287,9885.714,10767.857,10828.571,255437.0,277815.22,282897.38,287428.78,292507.7,0.030346995,0.027314406,0.034568306,0.03651245,0.036548857,43.0,88.0,136.0,0.125,0.052751012,,0.33333334
2025-10-25,8,0,0,0,0.7741935,5.0,25.0,0.0,11628.571,5992.857,9776.19,13196.429,13268.571,272469.84,277484.28,282477.44,286920.03,292351.56,0.051912878,0.024155824,0.03129481,0.04155402,0.042776316,40.0,90.0,124.0,0.125,0.045774646,,0.0
2025-10-25,9,0,0,0,0.7741935,5.0,25.0,0.0,4614.2856,12685.714,16823.809,18650.0,19060.0,258153.0,270587.84,280471.16,286855.28,292526.84,0.021487076,0.046172608,0.05549916,0.06348603,0.061849643,47.0,80.0,121.0,0.075,0.03547945,,0.0
2025-10-25,ã‚¾ãƒ­ç›®,0,0,0,0.7741935,5.0,25.0,0.0,24000.0,20164.285,16190.477,17639.285,20960.0,290742.72,292834.78,293497.53,294419.7,298416.25,0.07013065,0.06342888,0.05064819,0.053975888,0.065097556,33.0,70.0,115.0,0.025,0.038751386,,0.0
2025-10-26,0,0,1,1,0.8064516,6.0,26.0,0.0,-9857.143,9514.286,12109.523,17364.285,18468.572,270989.0,297532.16,300679.75,301706.66,306388.7,-0.034128115,0.025135167,0.03516102,0.051814817,0.05607657,62.0,91.0,132.0,0.075,0.036321186,,0.0
2025-10-26,1,0,0,1,0.8064516,6.0,26.0,0.0,23142.857,11842.857,8180.952,10407.143,12091.429,287145.16,302753.94,306982.72,312076.28,319238.1,0.07911445,0.035872184,0.023389129,0.031201523,0.034557648,29.0,76.0,128.0,0.125,0.046272263,,0.0
2025-10-26,2,0,0,0,0.8064516,6.0,26.0,0.0,12785.714,17185.715,15757.143,17532.143,15894.286,280669.56,294932.28,298844.8,305035.97,308252.12,0.052422,0.061854925,0.053670008,0.05945773,0.051983714,38.0,68.0,105.0,0.05,0.047563225,,0.0
2025-10-26,3,0,1,1,0.8064516,6.0,26.0,0.0,14028.571,6128.5713,4795.2383,5485.7144,8105.7144,282421.0,286403.06,291857.38,296332.0,304008.22,0.047936704,0.01566684,0.014275118,0.0150500545,0.022379618,33.0,86.0,135.0,0.05,0.03312406,,0.0
2025-10-26,4,1,1,1,0.8064516,6.0,26.0,0.0,300.0,1207.1428,6157.143,11142.857,12725.714,272924.0,287189.5,292324.06,296772.1,301357.56,0.0006771897,0.004335634,0.020254316,0.03540658,0.039710302,50.0,98.0,141.0,0.075,0.0377796,,0.0
2025-10-26,5,0,0,0,0.8064516,6.0,26.0,0.0,17514.285,10507.143,13419.048,12003.571,12260.0,279537.72,292999.22,295576.06,301048.75,306617.97,0.063435435,0.044812433,0.048697412,0.041290127,0.041316263,35.0,82.0,121.0,0.1,0.03521127,,0.0
2025-10-26,6,0,0,0,0.8064516,6.0,26.0,0.0,8042.857,5342.857,14490.477,15742.857,15088.571,267331.28,283704.94,291468.62,294354.9,300917.2,0.029793832,0.021329615,0.045279842,0.048060775,0.045369416,50.0,95.0,129.0,0.075,0.033639003,,0.0
2025-10-26,7,0,0,0,0.8064516,6.0,26.0,0.0,8400.0,9785.714,10923.81,10589.286,10548.571,258557.14,282127.78,284907.0,289069.75,294543.25,0.028496196,0.033268668,0.03783063,0.035646312,0.035148196,43.0,81.0,129.0,0.075,0.052751012,,0.0
2025-10-26,8,0,0,0,0.8064516,6.0,26.0,0.0,13400.0,1907.1428,7514.2856,11282.143,12142.857,275799.84,281067.78,286110.1,289200.94,294751.84,0.058243476,0.011314205,0.02399201,0.03541791,0.039217874,41.0,98.0,130.0,0.075,0.045774646,,0.0
2025-10-26,9,0,0,0,0.8064516,6.0,26.0,0.0,5600.0,12171.429,14947.619,16185.714,19231.428,253878.72,272039.28,279992.62,288053.8,294033.16,0.024269685,0.044419944,0.049451876,0.054351818,0.06262948,46.0,78.0,124.0,0.075,0.03547945,,0.0
2025-10-26,ã‚¾ãƒ­ç›®,0,0,1,0.8064516,6.0,26.0,0.0,21600.0,18550.0,16047.619,16932.143,20660.0,289616.56,295558.66,296552.25,296625.6,299896.16,0.06294015,0.05801925,0.050294153,0.05145746,0.06409938,35.0,71.0,112.0,0.225,0.038751386,,1.0
2025-10-27,0,1,1,1,0.83870965,0.0,27.0,0.0,-7757.143,11107.143,11857.143,16878.572,18462.857,269364.84,295549.56,299469.38,299314.28,304158.7,-0.02739906,0.030104214,0.034594458,0.05085211,0.056348283,55.0,89.0,130.0,0.09756097,0.036321186,,0.0
2025-10-27,1,0,0,0,0.83870965,0.0,27.0,0.0,19885.715,14685.714,9923.81,11135.714,9728.571,285518.44,303813.06,304288.44,308730.28,316811.4,0.069839865,0.04467284,0.028100196,0.033183623,0.029117167,31.0,73.0,122.0,0.14634146,0.046272263,,0.0
2025-10-27,2,0,0,0,0.83870965,0.0,27.0,0.0,12128.571,18335.715,16733.334,17057.143,14948.571,274723.72,291394.16,294996.94,300055.97,305925.3,0.05060367,0.06538157,0.056432158,0.058461286,0.049478754,38.0,70.0,105.0,0.12195122,0.047563225,,0.0
2025-10-27,3,0,1,1,0.83870965,0.0,27.0,0.0,15357.143,10364.286,8047.619,6385.7144,8268.571,274706.84,282541.94,288508.62,292630.66,301517.25,0.053804927,0.029146409,0.024243359,0.0181819,0.023389583,29.0,79.0,126.0,0.048780486,0.03312406,,0.33333334
2025-10-27,4,0,0,1,0.83870965,0.0,27.0,0.0,3228.5715,6914.2856,4942.857,11900.0,14237.143,267790.72,284227.06,289421.56,293819.53,299746.3,0.011071708,0.0216475,0.018012494,0.038317323,0.044404455,47.0,88.0,140.0,0.14634146,0.0377796,,0.33333334
2025-10-27,5,0,0,0,0.83870965,0.0,27.0,0.0,7128.5713,9700.0,6219.048,9317.857,10397.143,276060.56,290682.06,292098.06,297286.75,305404.0,0.031308703,0.041595016,0.028869973,0.033690196,0.03562949,43.0,85.0,131.0,0.09756097,0.03521127,,0.0
2025-10-27,6,0,0,0,0.83870965,0.0,27.0,0.0,12371.429,4478.5713,11628.571,15432.143,15474.286,260626.0,280646.56,285823.56,289859.78,298072.4,0.04334857,0.018797785,0.0383165,0.047465295,0.04650071,45.0,98.0,132.0,0.0,0.033639003,,0.0
2025-10-27,7,0,0,0,0.83870965,0.0,27.0,0.0,7342.857,7264.2856,11923.81,10232.143,10648.571,254524.58,279473.16,280928.16,284693.4,292414.44,0.025265377,0.02551762,0.040680595,0.03489674,0.035498172,43.0,87.0,127.0,0.09756097,0.052751012,,0.0
2025-10-27,8,0,1,1,0.83870965,0.0,27.0,0.0,12457.143,4414.2856,6161.905,8653.571,12854.286,270360.0,280129.0,283466.1,286240.53,293316.34,0.055397652,0.019005938,0.02023932,0.028683068,0.04114563,41.0,97.0,135.0,0.14634146,0.045774646,,0.0
2025-10-27,9,0,0,1,0.83870965,0.0,27.0,0.0,14.285714,10528.571,13766.667,14746.429,17354.285,243599.58,266933.28,275673.16,283008.22,290685.53,0.0054474417,0.038375743,0.04519121,0.049841892,0.057066176,51.0,84.0,128.0,0.07317073,0.03547945,,0.33333334
2025-10-27,ã‚¾ãƒ­ç›®,0,0,0,0.83870965,0.0,27.0,0.0,17857.143,17092.857,17366.666,16439.285,19905.715,287479.72,293852.94,294728.25,294026.53,298184.22,0.051501233,0.053789515,0.05434169,0.050419036,0.062213965,39.0,74.0,110.0,0.024390243,0.038751386,,0.0
2025-10-28,0,0,0,1,0.87096775,1.0,28.0,0.0,8285.714,14392.857,14152.381,17400.0,19077.143,305953.0,305757.56,307030.75,303824.0,308104.03,0.016146645,0.03497195,0.037958376,0.050384775,0.05636859,45.0,86.0,126.0,0.12195122,0.036321186,,0.0
2025-10-28,1,0,0,0,0.87096775,1.0,28.0,0.0,22000.0,11700.0,9414.286,10857.143,8642.857,321399.44,314496.16,312323.75,314859.3,321335.0,0.07682222,0.03706384,0.026705062,0.032406442,0.02628444,30.0,78.0,121.0,0.024390243,0.046272263,,0.0
2025-10-28,2,0,0,0,0.87096775,1.0,28.0,0.0,14685.714,15600.0,14676.19,17671.428,13165.714,307475.16,300919.22,301114.84,305372.94,309216.88,0.058278933,0.05726265,0.050458256,0.05999735,0.044575408,37.0,74.0,108.0,0.07317073,0.047563225,,0.0
2025-10-28,3,0,1,1,0.87096775,1.0,28.0,0.0,22114.285,14321.429,10814.286,8489.286,10317.143,300443.44,289382.34,293405.16,295879.44,304161.47,0.06536209,0.03751171,0.030164253,0.02271822,0.028025957,30.0,74.0,118.0,0.07317073,0.03312406,,0.0
2025-10-28,4,0,0,0,0.87096775,1.0,28.0,0.0,9257.143,8157.143,6114.2856,11260.714,13091.429,302478.28,297149.5,297352.1,299882.5,303863.3,0.029789155,0.024148703,0.020700915,0.03576915,0.04080858,41.0,82.0,133.0,0.07317073,0.0377796,,0.0
2025-10-28,5,0,0,1,0.87096775,1.0,28.0,0.0,1685.7142,6228.5713,3900.0,8300.0,9354.286,306407.0,300262.84,298183.0,301852.25,308993.9,0.017676188,0.033369936,0.023425326,0.031569816,0.03331599,50.0,89.0,135.0,0.09756097,0.03521127,,0.0
2025-10-28,6,1,1,1,0.87096775,1.0,28.0,0.0,12257.143,4778.5713,10909.523,14003.571,13502.857,295835.16,289511.06,291366.75,294816.34,301041.97,0.042231143,0.019567888,0.036220085,0.043088645,0.04107723,46.0,94.0,131.0,0.14634146,0.033639003,,0.0
2025-10-28,7,0,0,0,0.87096775,1.0,28.0,0.0,-257.14285,2750.0,8009.524,8714.286,8734.286,291267.0,287874.56,287664.72,290416.66,297143.03,0.004813186,0.015180833,0.030991245,0.03163525,0.030743262,52.0,93.0,134.0,0.07317073,0.052751012,,0.0
2025-10-28,8,0,1,1,0.87096775,1.0,28.0,0.0,17214.285,7192.857,5723.8096,10117.857,13465.714,304425.72,290302.0,289014.62,290573.94,296722.34,0.06228911,0.024547348,0.017601864,0.03169553,0.04198517,39.0,92.0,136.0,0.12195122,0.045774646,,0.6666667
2025-10-28,9,0,0,0,0.87096775,1.0,28.0,0.0,-14.285714,6635.7144,13328.571,16114.286,17042.857,273747.44,273202.78,280612.1,286923.06,293438.1,0.0021610332,0.027035993,0.043550927,0.053638514,0.05597824,52.0,88.0,126.0,0.09756097,0.03547945,,0.33333334
2025-10-28,ã‚¾ãƒ­ç›®,0,0,0,0.87096775,1.0,28.0,0.0,16285.714,15250.0,13676.19,12700.0,16968.572,320431.28,302789.84,300882.9,297946.7,301535.6,0.051778913,0.049742624,0.04442991,0.040599316,0.054374605,40.0,74.0,118.0,0.09756097,0.038751386,,0.0
2025-10-29,0,0,0,1,0.9032258,2.0,29.0,0.0,10557.143,12621.429,14385.714,16446.428,20160.0,304664.16,306582.5,306814.38,303394.6,304959.78,0.025455773,0.027107859,0.038950495,0.046730295,0.059925396,40.0,89.0,125.0,0.024390243,0.036321186,,0.0
2025-10-29,1,0,0,0,0.9032258,2.0,29.0,0.0,20557.143,14800.0,9495.238,10846.429,9677.143,321148.28,312524.34,310826.25,313977.47,316580.25,0.07078108,0.049221717,0.027276415,0.03252691,0.029424535,31.0,73.0,122.0,0.19512194,0.046272263,,0.33333334
2025-10-29,2,0,0,0,0.9032258,2.0,29.0,0.0,10871.429,14557.143,14642.857,17889.285,13842.857,311168.44,301612.28,301850.84,305209.2,305895.53,0.042085662,0.053135354,0.050276913,0.06081502,0.046492342,43.0,77.0,109.0,0.12195122,0.047563225,,0.33333334
2025-10-29,3,0,0,0,0.9032258,2.0,29.0,0.0,21871.428,15342.857,11023.81,10625.0,10351.429,288736.44,288001.34,291553.44,294452.75,300598.6,0.06813652,0.04230009,0.03163123,0.03142002,0.029079089,29.0,67.0,117.0,0.07317073,0.03312406,,0.0
2025-10-29,4,0,0,0,0.9032258,2.0,29.0,0.0,7985.7144,6657.143,4752.381,11807.143,11580.0,301107.16,295831.56,297935.38,298439.06,300163.84,0.024668515,0.018285276,0.014376953,0.0379507,0.036926012,42.0,85.0,139.0,0.07317073,0.0377796,,0.0
2025-10-29,5,0,0,1,0.9032258,2.0,29.0,0.0,6314.2856,6578.5713,3552.3809,8339.286,9640.0,300844.56,300387.28,297343.72,299339.3,304810.5,0.036487557,0.034905083,0.022199584,0.032213893,0.034761958,43.0,84.0,136.0,0.048780486,0.03521127,,0.0
2025-10-29,6,0,1,1,0.9032258,2.0,29.0,0.0,16742.857,6028.5713,12723.81,15285.714,14937.143,295654.28,288459.56,290470.84,293257.06,296922.62,0.062239084,0.025553051,0.04431327,0.048875045,0.046898827,38.0,90.0,123.0,0.07317073,0.033639003,,0.0
2025-10-29,7,0,0,0,0.9032258,2.0,29.0,0.0,-5285.7144,1485.7142,7609.524,8628.571,8471.429,289269.84,286843.44,288579.47,290293.78,293415.06,-0.016133523,0.009903113,0.029108971,0.03125814,0.02990691,60.0,96.0,137.0,0.07317073,0.052751012,,0.0
2025-10-29,8,1,1,1,0.9032258,2.0,29.0,0.0,11200.0,8000.0,5647.619,10503.571,13014.286,305643.56,290949.34,288901.1,290698.94,294286.84,0.036838986,0.02766819,0.017339334,0.033220317,0.041287072,40.0,86.0,136.0,0.17073171,0.045774646,,0.0
2025-10-29,9,0,0,0,0.9032258,2.0,29.0,0.0,-828.5714,2964.2856,13828.571,16057.143,15934.286,271225.28,273267.16,281188.53,285088.8,289828.03,-0.00086866354,0.0108118085,0.04579772,0.05362168,0.053135566,53.0,95.0,124.0,0.09756097,0.03547945,,0.33333334
2025-10-29,ã‚¾ãƒ­ç›®,0,1,1,0.9032258,2.0,29.0,0.0,14014.286,12564.286,14138.096,12039.286,15814.286,320835.16,300467.34,300589.1,297552.16,298383.34,0.041960895,0.039429374,0.04633055,0.03785623,0.05079822,43.0,82.0,118.0,0.048780486,0.038751386,,0.0
2025-10-30,0,0,0,0,0.9354839,3.0,30.0,0.0,16071.429,14585.714,15304.762,15357.143,19800.0,298856.28,304034.94,300424.72,300600.94,301077.5,0.0473784,0.03518636,0.042668536,0.043794278,0.059654962,34.0,84.0,120.0,0.12195122,0.036321186,,0.33333334
2025-10-30,1,0,1,1,0.9354839,3.0,30.0,0.0,16028.571,9828.571,7990.476,9832.143,9117.143,314207.0,306704.78,305187.72,310054.4,312872.6,0.055040997,0.033779494,0.022851704,0.029465977,0.027738227,36.0,81.0,128.0,0.09756097,0.046272263,,0.0
2025-10-30,2,0,0,0,0.9354839,3.0,30.0,0.0,6100.0,13657.143,14176.19,16357.143,14248.571,299098.72,297236.5,294647.56,301083.75,300756.53,0.027626943,0.050471082,0.049756132,0.056639243,0.048025835,50.0,82.0,113.0,0.17073171,0.047563225,,0.0
2025-10-30,3,0,0,1,0.9354839,3.0,30.0,0.0,19414.285,16300.0,11385.714,9660.714,10097.143,288925.0,288788.0,286217.2,292604.53,297582.97,0.058786057,0.045888703,0.033395506,0.02871002,0.028856287,33.0,67.0,114.0,0.0,0.03312406,,0.0
2025-10-30,4,0,0,0,0.9354839,3.0,30.0,0.0,11214.286,8321.429,4657.143,10332.143,12011.429,294122.0,292093.0,288428.94,294114.1,295521.38,0.0387971,0.02550175,0.015459654,0.03420404,0.03879963,40.0,83.0,138.0,0.048780486,0.0377796,,0.0
2025-10-30,5,0,0,0,0.9354839,3.0,30.0,0.0,6771.4287,5935.7144,6219.048,8560.714,9774.286,294738.56,294098.78,291704.75,297028.16,300372.7,0.039992727,0.034601096,0.031042308,0.033604153,0.03607788,41.0,86.0,129.0,0.024390243,0.03521127,,0.0
2025-10-30,6,0,0,1,0.9354839,3.0,30.0,0.0,25685.715,7885.7144,13338.096,16482.143,15088.571,299155.44,288129.0,287519.9,293766.97,294484.25,0.09210399,0.031672984,0.047153287,0.052709974,0.04819731,30.0,88.0,123.0,0.07317073,0.033639003,,0.0
2025-10-30,7,0,1,1,0.9354839,3.0,30.0,0.0,-8085.7144,1764.2858,6442.857,7396.4287,8062.857,276120.16,277306.28,279666.06,285158.1,287452.72,-0.028365275,0.009654688,0.024992151,0.026819648,0.028270816,63.0,99.0,142.0,0.17073171,0.052751012,,0.33333334
2025-10-30,8,0,0,0,0.9354839,3.0,30.0,0.0,15128.571,12957.143,6761.905,12657.143,14534.286,311924.28,296927.72,287223.16,292494.53,292803.2,0.046808794,0.04377492,0.021273455,0.039890915,0.04603127,38.0,79.0,136.0,0.09756097,0.045774646,,0.0
2025-10-30,9,1,1,1,0.9354839,3.0,30.0,0.0,-4228.5713,2664.2856,11738.096,13875.0,14268.571,271780.56,275295.0,276601.2,283069.53,286779.94,-0.01337161,0.010410553,0.038867068,0.046352454,0.047924675,56.0,95.0,129.0,0.07317073,0.03547945,,0.0
2025-10-30,ã‚¾ãƒ­ç›®,0,0,0,0.9354839,3.0,30.0,0.0,15528.571,14100.0,15109.523,12567.857,16457.143,313136.0,298779.94,293202.2,295294.22,294465.72,0.051339287,0.04640512,0.05174763,0.04080474,0.054154962,41.0,80.0,114.0,0.12195122,0.038751386,,0.33333334
2025-10-31,0,0,0,0,0.9677419,4.0,31.0,0.0,15957.143,8878.571,16271.429,14289.286,19354.285,313809.84,300432.44,305475.72,301164.6,301862.5,0.041467294,0.02111402,0.045072354,0.040290292,0.05798779,39.0,91.0,125.0,0.1,0.036321186,,0.33333334
2025-10-31,1,0,1,1,0.9677419,4.0,31.0,0.0,22714.285,15335.714,12238.096,10210.714,10760.0,328650.28,315059.34,307370.28,309816.66,313809.88,0.07207298,0.052496962,0.036732607,0.030776074,0.032796357,33.0,74.0,120.0,0.075,0.046272263,,0.0
2025-10-31,2,0,0,0,0.9677419,4.0,31.0,0.0,4614.2856,13771.429,16061.904,17467.857,15068.571,314032.28,302130.22,298735.06,300125.9,303538.12,0.014929398,0.049387135,0.05667667,0.06013018,0.050835095,57.0,88.0,115.0,0.075,0.047563225,,0.0
2025-10-31,3,0,1,1,0.9677419,4.0,31.0,0.0,27000.0,22457.143,14004.762,9617.857,9705.714,304058.72,298401.34,288346.8,292801.0,295839.8,0.083016984,0.07159224,0.041922107,0.028451335,0.028640902,28.0,60.0,114.0,0.075,0.03312406,,0.0
2025-10-31,4,0,0,1,0.9677419,4.0,31.0,0.0,14442.857,11028.571,6828.5713,9803.571,12134.286,306754.28,298723.0,292502.16,294858.03,296804.38,0.047541793,0.034400295,0.022823349,0.03230143,0.03884042,39.0,82.0,137.0,0.125,0.0377796,,0.0
2025-10-31,5,0,0,0,0.9677419,4.0,31.0,0.0,7857.143,4685.7144,7523.8096,9082.143,10505.714,313097.0,304666.84,296362.62,298378.44,302320.75,0.03903118,0.024243549,0.035074048,0.035014432,0.03826302,44.0,94.0,134.0,0.1,0.03521127,,0.0
2025-10-31,6,0,0,0,0.9677419,4.0,31.0,0.0,34357.145,10321.429,11452.381,15925.0,16460.0,315925.28,294214.5,286825.56,293438.0,295435.84,0.12359858,0.03828018,0.041662533,0.05112154,0.052629434,24.0,88.0,126.0,0.175,0.033639003,,0.6666667
2025-10-31,7,0,0,0,0.9677419,4.0,31.0,0.0,1200.0,4964.2856,10471.429,8414.286,9754.286,292845.16,282357.22,283778.1,285963.7,289652.12,0.0026032296,0.018851694,0.03923617,0.029783584,0.033636745,56.0,98.0,134.0,0.075,0.052751012,,0.0
2025-10-31,8,0,0,1,0.9677419,4.0,31.0,0.0,14400.0,15628.571,8423.81,11667.857,14614.286,321343.56,303585.78,289553.75,291859.47,294472.84,0.04133345,0.055061307,0.027453706,0.03685746,0.0459699,45.0,80.0,138.0,0.075,0.045774646,,0.0
2025-10-31,9,1,1,1,0.9677419,4.0,31.0,0.0,2942.8572,7000.0,9919.048,15160.714,16462.857,292453.28,283243.0,275880.56,284716.84,289514.72,0.002643699,0.023185601,0.033875868,0.049787525,0.055164,51.0,90.0,129.0,0.1,0.03547945,,0.0
2025-10-31,ã‚¾ãƒ­ç›®,0,0,0,0.9677419,4.0,31.0,0.0,6685.7144,15907.143,16790.477,13235.714,15565.714,304042.0,305222.72,295704.44,295270.06,296377.9,0.030195178,0.05161281,0.057270415,0.042958826,0.04969143,46.0,79.0,114.0,0.025,0.038751386,,0.0
2025-11-01,0,0,1,1,0.0,5.0,1.0,0.0,16285.714,4550.0,12833.333,14467.857,18465.715,309425.56,290651.16,300483.9,300952.84,300647.84,0.04223819,0.008086924,0.033965144,0.041055996,0.05444126,42.0,100.0,133.0,0.075,0.036321186,,0.0
2025-11-01,1,0,0,1,0.0,5.0,1.0,0.0,23942.857,18764.285,14461.904,11610.714,11917.143,331876.28,309774.34,310980.38,310716.34,313471.84,0.07526316,0.06386873,0.04528741,0.0357564,0.036844008,32.0,68.0,112.0,0.075,0.046272263,,0.33333334
2025-11-01,2,0,0,0,0.0,5.0,1.0,0.0,5528.5713,14628.571,15185.714,14678.571,14940.0,313086.28,293719.5,297581.1,298917.9,302979.66,0.018589087,0.051470708,0.053299263,0.049875665,0.050310507,55.0,86.0,117.0,0.175,0.047563225,,0.33333334
2025-11-01,3,0,0,0,0.0,5.0,1.0,0.0,30414.285,23535.715,14933.333,11150.0,9965.714,304640.84,291142.22,288685.84,293093.03,294709.62,0.097808376,0.077018,0.045918845,0.035197277,0.030019829,25.0,56.0,110.0,0.1,0.03312406,,0.0
2025-11-01,4,1,1,1,0.0,5.0,1.0,0.0,16428.572,11135.714,6795.2383,10385.714,12502.857,308065.16,289523.94,290855.25,294121.53,296057.06,0.056133762,0.036695052,0.023181662,0.034867566,0.040515304,40.0,83.0,138.0,0.075,0.0377796,,0.0
2025-11-01,5,0,0,1,0.0,5.0,1.0,0.0,885.7143,5950.0,6890.476,9478.571,10045.714,318084.28,299054.16,299636.53,299499.1,302510.12,0.010468624,0.027439848,0.032381862,0.03675363,0.03656462,51.0,92.0,137.0,0.075,0.03521127,,0.0
2025-11-01,6,0,0,0,0.0,5.0,1.0,0.0,16371.429,6385.7144,9542.857,14828.571,14628.571,313664.72,286300.0,289974.06,294801.03,295730.78,0.052229457,0.022788126,0.03429141,0.04704606,0.044982113,34.0,93.0,128.0,0.075,0.033639003,,0.0
2025-11-01,7,0,0,0,0.0,5.0,1.0,0.0,4085.7144,6464.2856,6676.1904,8435.714,9431.429,294361.28,274899.16,283330.56,285763.34,288815.28,0.01575004,0.023048518,0.023459617,0.02986374,0.03235997,51.0,94.0,139.0,0.125,0.052751012,,0.33333334
2025-11-01,8,0,0,0,0.0,5.0,1.0,0.0,18671.428,15150.0,10219.048,12000.0,14291.429,322485.28,297477.56,292484.62,292479.4,294033.1,0.05830645,0.055109665,0.035539366,0.03804772,0.044904508,41.0,81.0,131.0,0.125,0.045774646,,0.0
2025-11-01,9,0,1,1,0.0,5.0,1.0,0.0,9842.857,7228.5713,11738.096,15078.571,16888.572,293662.84,275907.94,278279.53,283769.06,288216.8,0.033903033,0.027695054,0.04208275,0.050100125,0.057569433,42.0,89.0,122.0,0.075,0.03547945,,0.0
2025-11-01,ã‚¾ãƒ­ç›®,0,0,0,0.0,5.0,1.0,0.0,5614.2856,14807.143,15314.286,13546.429,15234.286,302042.28,296392.5,295903.94,295633.72,295944.2,0.025643772,0.047887214,0.05083384,0.044397086,0.048309464,49.0,82.0,119.0,0.025,0.038751386,,0.0
2025-11-02,0,0,0,0,0.033333335,6.0,2.0,0.0,26114.285,8128.5713,15047.619,15610.714,19114.285,314981.72,292985.34,303348.66,304255.25,304361.66,0.06981024,0.017841062,0.04002686,0.043823324,0.0554139,34.0,96.0,125.0,0.075,0.036321186,,0.0
2025-11-02,1,0,0,0,0.033333335,6.0,2.0,0.0,20557.143,21850.0,14747.619,11275.0,12437.143,340552.0,313848.56,315353.28,315375.03,317771.44,0.06436182,0.07173814,0.04536873,0.033632305,0.037833583,35.0,64.0,111.0,0.125,0.046272263,,0.0
2025-11-02,2,0,1,1,0.033333335,6.0,2.0,0.0,9300.0,11042.857,14557.143,14142.857,15885.714,314231.16,297450.34,301365.25,302691.4,306875.0,0.028259432,0.040340714,0.050656427,0.047317363,0.05321807,53.0,91.0,121.0,0.05,0.047563225,,0.0
2025-11-02,3,0,0,0,0.033333335,6.0,2.0,0.0,24528.572,19278.572,12261.904,9728.571,9294.286,307183.16,294802.06,293329.75,295688.8,298502.22,0.08237392,0.06515531,0.037902534,0.03129982,0.028514827,31.0,64.0,117.0,0.05,0.03312406,,0.0
2025-11-02,4,1,1,1,0.033333335,6.0,2.0,0.0,23657.143,11978.571,8690.477,10532.143,13645.714,313424.84,293174.44,295934.62,297599.25,300102.66,0.075357266,0.03801723,0.028009512,0.034030054,0.04339672,32.0,82.0,130.0,0.075,0.0377796,,0.33333334
2025-11-02,5,0,0,0,0.033333335,6.0,2.0,0.0,1228.5714,9371.429,7414.2856,10371.429,9848.571,321054.84,300296.28,302351.1,301945.75,305049.97,0.010888543,0.03716199,0.03350447,0.039245196,0.035209812,53.0,88.0,135.0,0.1,0.03521127,,0.0
2025-11-02,6,0,0,1,0.033333335,6.0,2.0,0.0,9542.857,8792.857,6742.857,13253.571,14502.857,316282.16,291806.72,294564.0,297672.0,298740.34,0.03391368,0.031853754,0.025524303,0.042438302,0.045231353,42.0,92.0,137.0,0.075,0.033639003,,0.0
2025-11-02,7,0,0,0,0.033333335,6.0,2.0,0.0,3128.5715,5764.2856,7566.6665,8975.0,9097.143,298904.44,278730.78,287720.0,288406.34,291036.7,0.012596364,0.020546282,0.0263779,0.03152206,0.031036321,55.0,98.0,136.0,0.075,0.052751012,,0.0
2025-11-02,8,0,1,1,0.033333335,6.0,2.0,0.0,23900.0,18650.0,9238.096,11610.714,13805.714,324818.84,300309.34,295651.47,295787.28,296324.5,0.07326936,0.06575642,0.031965923,0.036311347,0.0429882,37.0,78.0,135.0,0.075,0.045774646,,0.0
2025-11-02,9,0,0,0,0.033333335,6.0,2.0,0.0,14800.0,10200.0,13047.619,14910.714,15908.571,305299.16,279588.94,283125.9,286319.25,291502.88,0.047305197,0.03578744,0.045381695,0.048915207,0.052942492,39.0,85.0,117.0,0.075,0.03547945,,0.0
2025-11-02,ã‚¾ãƒ­ç›®,0,0,1,0.033333335,6.0,2.0,0.0,7357.143,14478.571,14819.048,13875.0,15017.143,305543.56,297580.06,298886.94,298800.06,298409.2,0.030742167,0.046841156,0.04892689,0.04540616,0.0473144,51.0,86.0,122.0,0.225,0.038751386,,0.6666667
2025-11-03,0,0,0,0,0.06666667,0.0,3.0,0.0,27800.0,10021.429,16671.428,15842.857,19062.857,316552.28,292958.56,302550.47,303740.1,302761.88,0.07477257,0.023686752,0.044993665,0.044638984,0.055636197,39.0,94.0,128.0,0.09756097,0.036321186,,0.33333334
2025-11-03,1,0,1,1,0.06666667,0.0,3.0,0.0,22942.857,21414.285,17438.096,13178.571,13497.143,339228.44,312373.44,315618.2,313023.44,314829.9,0.0718619,0.07085089,0.05373586,0.03904062,0.040919278,38.0,69.0,111.0,0.14634146,0.046272263,,0.0
2025-11-03,2,0,0,0,0.06666667,0.0,3.0,0.0,13585.714,12857.143,16752.38,15946.429,16362.857,324975.44,299849.56,302587.9,302491.56,305039.84,0.03980098,0.045202326,0.056854706,0.05227436,0.054729223,48.0,86.0,118.0,0.12195122,0.047563225,,0.0
2025-11-03,3,0,0,0,0.06666667,0.0,3.0,0.0,17300.0,16328.571,12676.19,10360.714,8568.571,313783.56,294245.22,292955.8,294827.34,296861.22,0.058821097,0.05631301,0.039037973,0.032887794,0.02630974,40.0,69.0,119.0,0.048780486,0.03312406,,0.33333334
2025-11-03,4,0,0,0,0.06666667,0.0,3.0,0.0,25400.0,14314.286,13076.19,10057.143,14600.0,317525.72,292658.22,295326.62,296447.6,298560.78,0.07890584,0.044988777,0.040733617,0.033235833,0.04643503,32.0,79.0,120.0,0.14634146,0.0377796,,0.0
2025-11-03,5,0,0,1,0.06666667,0.0,3.0,0.0,5314.2856,6221.4287,8238.096,5992.857,8517.143,320967.84,298514.22,300777.34,299315.5,302022.97,0.023923576,0.02761614,0.035704535,0.027633375,0.031736873,52.0,95.0,137.0,0.09756097,0.03521127,,0.0
2025-11-03,6,0,1,1,0.06666667,0.0,3.0,0.0,13442.857,12907.143,7466.6665,12082.143,15034.286,324470.44,292548.22,295254.53,295485.28,296781.9,0.04510268,0.044225626,0.027566083,0.040013045,0.04699277,41.0,86.0,139.0,0.0,0.033639003,,0.0
2025-11-03,7,0,0,0,0.06666667,0.0,3.0,0.0,6071.4287,6707.143,6866.6665,10460.714,9400.0,303127.0,278825.78,287357.75,286477.84,288380.12,0.021819444,0.023542412,0.024284896,0.03596531,0.03228128,57.0,100.0,144.0,0.09756097,0.052751012,,0.0
2025-11-03,8,0,0,0,0.06666667,0.0,3.0,0.0,30657.143,21557.143,13161.904,12285.714,13054.286,329305.0,299832.5,296521.0,294925.8,294853.44,0.0930932,0.07424542,0.04370169,0.03845279,0.041565094,30.0,71.0,127.0,0.14634146,0.045774646,,0.0
2025-11-03,9,1,1,1,0.06666667,0.0,3.0,0.0,22414.285,11214.286,14490.477,15928.571,16280.0,311010.28,277304.94,281625.62,284507.44,288608.62,0.07341512,0.039431285,0.050055537,0.05224719,0.05455654,35.0,86.0,119.0,0.07317073,0.03547945,,0.33333334
2025-11-03,ã‚¾ãƒ­ç›®,0,0,1,0.06666667,0.0,3.0,0.0,10271.429,14064.286,14819.048,15592.857,15205.714,308887.0,298183.34,298864.28,298267.94,296998.62,0.039221905,0.045361567,0.048933644,0.05056174,0.04817961,50.0,89.0,124.0,0.024390243,0.038751386,,0.0
2025-11-04,0,0,0,0,0.1,1.0,4.0,0.0,17214.285,12750.0,15333.333,14917.857,17362.857,294604.28,300278.66,302039.8,303924.16,301980.06,0.053670675,0.03490866,0.04120486,0.041886453,0.051041953,48.0,93.0,134.0,0.12195122,0.036321186,,0.0
2025-11-04,1,0,0,0,0.1,1.0,4.0,0.0,28900.0,25450.0,17433.334,14285.714,14465.714,312248.0,316823.72,313746.75,312304.8,314337.06,0.088750236,0.08278623,0.05429264,0.042216357,0.0436752,32.0,62.0,110.0,0.024390243,0.046272263,,0.0
2025-11-04,2,0,0,1,0.1,1.0,4.0,0.0,14557.143,14621.429,15252.381,14646.429,17048.572,304128.28,305801.72,301988.9,301868.22,305124.0,0.04364836,0.050963648,0.052724555,0.04875578,0.05672755,50.0,87.0,124.0,0.07317073,0.047563225,,0.0
2025-11-04,3,0,1,1,0.1,1.0,4.0,0.0,11542.857,16828.572,13395.238,10996.429,9100.0,295866.0,298154.72,291543.56,294020.34,295876.75,0.04891702,0.057139553,0.04131348,0.034852445,0.02795798,44.0,74.0,118.0,0.07317073,0.03312406,,0.0
2025-11-04,4,0,0,0,0.1,1.0,4.0,0.0,19671.428,14464.286,11995.238,9503.571,12942.857,293072.56,297775.44,295790.53,296282.22,298520.5,0.06409728,0.046943214,0.037464894,0.031550005,0.041434776,39.0,80.0,121.0,0.07317073,0.0377796,,0.0
2025-11-04,5,1,1,1,0.1,1.0,4.0,0.0,12385.714,7035.7144,8280.952,6021.4287,9117.143,298513.44,302460.22,299679.72,298265.6,301184.5,0.04136622,0.029521203,0.036035363,0.02791055,0.033529095,46.0,96.0,135.0,0.09756097,0.03521127,,0.0
2025-11-04,6,0,0,0,0.1,1.0,4.0,0.0,18642.857,15450.0,9400.0,12842.857,14931.429,306835.0,301335.06,295285.72,295233.8,297220.1,0.06032324,0.05127719,0.033153005,0.042245872,0.046535563,37.0,83.0,131.0,0.14634146,0.033639003,,0.33333334
2025-11-04,7,0,0,1,0.1,1.0,4.0,0.0,12814.286,6278.5713,6104.7617,9210.714,9534.286,280487.28,285877.16,285412.16,285870.34,288430.78,0.036861736,0.020837462,0.0224078,0.032458868,0.03268055,55.0,107.0,148.0,0.07317073,0.052751012,,0.0
2025-11-04,8,0,0,0,0.1,1.0,4.0,0.0,27400.0,22307.143,13928.571,11142.857,13574.286,310414.72,307420.22,297006.25,294364.66,294542.1,0.08865054,0.07546982,0.04591508,0.03536403,0.043086533,34.0,73.0,126.0,0.12195122,0.045774646,,0.33333334
2025-11-04,9,0,0,0,0.1,1.0,4.0,0.0,27800.0,13892.857,13690.477,16946.428,18451.428,290850.0,282298.72,279085.2,283171.56,287708.47,0.09278906,0.047475047,0.048953682,0.05586046,0.061468624,31.0,83.0,119.0,0.09756097,0.03547945,,0.33333334
2025-11-04,ã‚¾ãƒ­ç›®,0,1,1,0.1,1.0,4.0,0.0,16914.285,16600.0,15804.762,14485.714,13542.857,287011.16,303721.22,297530.28,297414.97,295759.56,0.056714658,0.054246787,0.052066635,0.047501095,0.043822385,46.0,86.0,120.0,0.09756097,0.038751386,,0.0
2025-11-05,0,0,0,0,0.13333334,2.0,5.0,0.0,16828.572,13692.857,14023.81,14996.429,16522.857,296062.0,300363.06,303075.66,304126.28,301928.1,0.051830452,0.038643114,0.035348725,0.042170484,0.047750328,50.0,90.0,139.0,0.024390243,0.036321186,,0.0
2025-11-05,1,0,0,1,0.13333334,2.0,5.0,0.0,26042.857,23300.0,18547.62,13632.143,13885.714,317593.56,319370.94,314214.1,312518.06,314700.7,0.07733157,0.07405633,0.05859167,0.039790206,0.041487843,36.0,67.0,109.0,0.19512194,0.046272263,,0.33333334
2025-11-05,2,1,1,1,0.13333334,2.0,5.0,0.0,16671.428,13771.429,15261.904,15150.0,17645.715,298156.84,304662.66,300460.47,300927.34,303798.72,0.05355048,0.047818072,0.05327373,0.051095303,0.059362113,46.0,89.0,123.0,0.12195122,0.047563225,,0.33333334
2025-11-05,3,0,0,0,0.13333334,2.0,5.0,0.0,12800.0,17335.715,14495.238,11467.857,11060.0,301119.44,294927.94,292374.06,293944.94,295786.1,0.051913813,0.060025167,0.045504663,0.036701877,0.035518777,43.0,72.0,110.0,0.07317073,0.03312406,,0.0
2025-11-05,4,0,0,1,0.13333334,2.0,5.0,0.0,17671.428,12828.571,10328.571,7982.143,12980.0,294470.56,297788.84,295377.9,297069.2,297645.38,0.05559273,0.040130623,0.030721096,0.024680898,0.041479103,41.0,83.0,126.0,0.07317073,0.0377796,,0.0
2025-11-05,5,0,0,0,0.13333334,2.0,5.0,0.0,17842.857,12078.571,10333.333,7125.0,10240.0,303033.44,301939.0,301269.34,298766.16,300078.16,0.061583143,0.04903535,0.04379777,0.032045476,0.038087744,43.0,86.0,127.0,0.048780486,0.03521127,,0.0
2025-11-05,6,0,0,0,0.13333334,2.0,5.0,0.0,15442.857,16092.857,9166.667,13403.571,15317.143,308546.28,302100.28,295155.16,294989.72,296314.9,0.04554023,0.053889655,0.032215443,0.04462001,0.04820808,42.0,80.0,132.0,0.07317073,0.033639003,,0.0
2025-11-05,7,0,0,0,0.13333334,2.0,5.0,0.0,15871.429,5292.857,6280.952,9675.0,10077.143,287701.28,288485.56,287129.38,288359.94,289775.28,0.04813012,0.0159983,0.02264545,0.03386426,0.034632538,49.0,109.0,145.0,0.07317073,0.052751012,,0.0
2025-11-05,8,0,0,0,0.13333334,2.0,5.0,0.0,22557.143,16878.572,12852.381,9875.0,12914.286,309479.56,307561.56,297126.1,294045.72,294455.06,0.069031574,0.052935276,0.041455984,0.030262394,0.040382568,43.0,83.0,129.0,0.17073171,0.045774646,,0.33333334
2025-11-05,9,0,1,1,0.13333334,2.0,5.0,0.0,26557.143,12864.286,10828.571,17010.715,18157.143,294536.0,282880.66,280356.75,284525.4,286978.25,0.08746228,0.04329681,0.036361966,0.05621386,0.060389798,31.0,84.0,126.0,0.09756097,0.03547945,,0.0
2025-11-05,ã‚¾ãƒ­ç›®,0,1,1,0.13333334,2.0,5.0,0.0,21257.143,17635.715,15461.904,15917.857,13882.857,286773.0,303804.06,295902.56,297135.06,295396.3,0.07544656,0.058703728,0.051435106,0.053609554,0.045374293,38.0,81.0,120.0,0.048780486,0.038751386,,0.0
2025-11-06,0,0,0,0,0.16666667,3.0,6.0,0.0,15185.714,15628.571,14785.714,15275.0,15322.857,295519.44,297187.84,301196.44,299198.4,299584.62,0.04468866,0.046033528,0.038353793,0.04317357,0.043973155,53.0,87.0,137.0,0.12195122,0.036321186,,0.33333334
2025-11-06,1,1,1,1,0.16666667,3.0,6.0,0.0,29200.0,22614.285,16285.714,13292.857,13705.714,321427.72,317817.34,311612.44,309247.72,312329.06,0.089095764,0.07206838,0.052218247,0.03941272,0.041391935,32.0,68.0,113.0,0.09756097,0.046272263,,0.0
2025-11-06,2,0,0,0,0.16666667,3.0,6.0,0.0,25100.0,15600.0,17471.428,16907.143,18105.715,313857.28,306478.0,302776.75,299450.0,303638.47,0.07775159,0.052689265,0.059564587,0.056754995,0.060861714,39.0,89.0,121.0,0.17073171,0.047563225,,0.0
2025-11-06,3,0,0,0,0.16666667,3.0,6.0,0.0,9257.143,14335.714,13952.381,10853.571,9580.0,295976.72,292450.84,291184.25,288657.06,293278.97,0.037736848,0.048261452,0.043171417,0.034480844,0.030515388,47.0,80.0,114.0,0.0,0.03312406,,0.0
2025-11-06,4,0,0,1,0.16666667,3.0,6.0,0.0,21042.857,16128.571,12561.904,8753.571,12474.286,297122.44,295622.22,293769.47,290602.3,294715.78,0.06984526,0.05432118,0.04028292,0.029056055,0.041332286,38.0,78.0,121.0,0.048780486,0.0377796,,0.0
2025-11-06,5,0,0,0,0.16666667,3.0,6.0,0.0,17257.143,12014.286,9709.523,8978.571,10300.0,301505.0,298121.78,296567.53,294154.8,297923.5,0.0595901,0.049791414,0.042930763,0.038179256,0.038801342,45.0,86.0,131.0,0.024390243,0.03521127,,0.0
2025-11-06,6,0,0,0,0.16666667,3.0,6.0,0.0,4771.4287,15228.571,6847.619,11196.429,14140.0,296893.16,298024.28,291050.38,289863.22,294392.2,0.0057415604,0.048922773,0.023029177,0.036800355,0.04331629,51.0,81.0,139.0,0.07317073,0.033639003,,0.0
2025-11-06,7,0,1,1,0.16666667,3.0,6.0,0.0,16000.0,3957.1428,6509.524,8832.143,9117.143,292707.56,284413.84,282440.06,282926.44,286668.0,0.049617305,0.010626015,0.02297556,0.03114844,0.03137918,48.0,111.0,147.0,0.17073171,0.052751012,,0.0
2025-11-06,8,0,1,1,0.16666667,3.0,6.0,0.0,15571.429,15350.0,13828.571,8964.286,13240.0,293802.72,302863.5,295886.06,288868.03,292756.16,0.04965138,0.048230086,0.04573374,0.028367937,0.04184301,49.0,87.0,128.0,0.09756097,0.045774646,,0.0
2025-11-06,9,0,0,0,0.16666667,3.0,6.0,0.0,37085.715,16428.572,14138.096,18075.0,18517.143,294282.16,283031.34,281624.06,281021.44,285312.06,0.12641923,0.05652381,0.04908011,0.060755108,0.062365808,23.0,79.0,118.0,0.07317073,0.03547945,,0.33333334
2025-11-06,ã‚¾ãƒ­ç›®,0,0,1,0.16666667,3.0,6.0,0.0,24957.143,20242.857,17719.047,17571.428,15045.714,289918.56,301527.28,295826.16,292381.28,294219.1,0.08802645,0.06968287,0.0602789,0.060817335,0.05024908,37.0,78.0,117.0,0.12195122,0.038751386,,0.33333334
2025-11-07,0,0,1,1,0.2,4.0,7.0,0.0,9885.714,12921.429,9214.286,14675.0,13408.571,275606.16,294708.0,292157.0,298008.3,296052.9,0.025932342,0.033699818,0.022720126,0.040287353,0.0374187,55.0,94.0,146.0,0.1,0.036321186,,0.33333334
2025-11-07,1,0,0,1,0.2,4.0,7.0,0.0,24485.715,23600.0,18385.715,15300.0,13065.714,310235.72,319443.0,313451.47,308086.66,309900.47,0.07907668,0.07557483,0.061356865,0.047318622,0.040436193,31.0,64.0,105.0,0.075,0.046272263,,0.0
2025-11-07,2,0,0,0,0.2,4.0,7.0,0.0,21214.285,12914.286,16252.381,17350.0,18217.143,298961.16,306496.72,301073.84,298791.56,299892.94,0.06463475,0.039782073,0.054469675,0.058666192,0.061031092,37.0,94.0,125.0,0.075,0.047563225,,0.0
2025-11-07,3,0,0,0,0.2,4.0,7.0,0.0,-642.8571,13178.571,14757.143,10342.857,7565.7144,279316.72,291687.72,292039.8,286089.28,290104.16,0.001435753,0.042226367,0.048206747,0.03180052,0.023048218,54.0,82.0,114.0,0.075,0.03312406,,0.0
2025-11-07,4,0,0,0,0.2,4.0,7.0,0.0,17457.143,15950.0,13171.429,9485.714,11334.286,274829.72,290792.0,290758.56,288084.03,290852.38,0.060467243,0.054004516,0.043089278,0.032234322,0.037934594,36.0,75.0,118.0,0.125,0.0377796,,0.0
2025-11-07,5,0,0,0,0.2,4.0,7.0,0.0,13214.286,10535.714,7528.5713,8946.429,9908.571,280272.28,296684.66,296535.34,292340.03,294757.2,0.046277415,0.0426543,0.03158817,0.03787489,0.037267026,43.0,87.0,137.0,0.1,0.03521127,,0.0
2025-11-07,6,0,0,0,0.2,4.0,7.0,0.0,-2242.8572,16057.143,6133.3335,8028.5713,12291.429,278063.44,296994.34,288830.8,284635.03,290363.1,-0.017133197,0.053232692,0.019809056,0.0269636,0.037470594,52.0,76.0,140.0,0.175,0.033639003,,0.33333334
2025-11-07,7,0,0,0,0.2,4.0,7.0,0.0,10357.143,5778.5713,6761.905,10442.857,8802.857,274348.44,283596.78,279687.62,281420.7,283640.62,0.038014784,0.020309007,0.02523939,0.038930822,0.031429823,47.0,103.0,145.0,0.075,0.052751012,,0.0
2025-11-07,8,1,1,1,0.2,4.0,7.0,0.0,14014.286,14207.143,15090.477,9821.429,12137.143,278885.84,300114.72,295352.47,286886.78,289264.75,0.045944862,0.043639153,0.05202249,0.032076493,0.03867494,41.0,86.0,121.0,0.075,0.045774646,,0.0
2025-11-07,9,0,0,1,0.2,4.0,7.0,0.0,26285.715,14614.286,13428.571,14010.714,17385.715,277433.16,284943.22,281306.38,276268.72,283260.12,0.09042396,0.046533827,0.045598388,0.04801289,0.057914812,31.0,82.0,121.0,0.1,0.03547945,,0.33333334
2025-11-07,ã‚¾ãƒ­ç›®,0,1,1,0.2,4.0,7.0,0.0,21085.715,13885.714,17633.334,17864.285,14805.714,271602.44,287822.22,294015.94,289678.94,290536.53,0.07707941,0.053637292,0.060101677,0.062222663,0.04978294,35.0,81.0,114.0,0.025,0.038751386,,0.0
2025-11-08,0,0,1,1,0.23333333,5.0,8.0,0.0,18042.857,17164.285,9047.619,14135.714,15182.857,293948.72,301687.16,291750.34,298850.1,299552.03,0.051077716,0.046657953,0.02241719,0.038243286,0.04306034,47.0,89.0,147.0,0.075,0.036321186,,0.0
2025-11-08,1,0,0,0,0.23333333,5.0,8.0,0.0,23714.285,23828.572,20414.285,16775.0,14031.429,321612.44,326744.34,313720.38,313638.4,312895.56,0.073139906,0.07420153,0.06695912,0.052250534,0.043233104,33.0,65.0,101.0,0.075,0.046272263,,0.33333334
2025-11-08,2,0,0,0,0.23333333,5.0,8.0,0.0,21714.285,13621.429,16990.477,16817.857,16085.714,313514.72,313300.5,300317.9,301564.5,301837.25,0.066666916,0.042628,0.05653611,0.056641176,0.053233918,40.0,95.0,126.0,0.175,0.047563225,,0.33333334
2025-11-08,3,0,0,0,0.23333333,5.0,8.0,0.0,-1142.8572,14635.714,15309.523,10914.286,8691.429,295403.16,300022.0,292562.53,290365.2,293555.06,-0.0047022896,0.04655304,0.049777906,0.03326356,0.027217364,58.0,83.0,114.0,0.1,0.03312406,,0.0
2025-11-08,4,0,0,0,0.23333333,5.0,8.0,0.0,15728.571,16078.571,12666.667,9028.571,11454.286,288261.28,298163.22,289103.06,290206.75,292949.5,0.051880483,0.054007124,0.04175686,0.030356366,0.03827015,40.0,80.0,123.0,0.075,0.0377796,,0.33333334
2025-11-08,5,0,0,0,0.23333333,5.0,8.0,0.0,9871.429,5378.5713,7257.143,7635.7144,9557.143,286978.72,302531.5,295029.0,296472.06,296995.03,0.03638806,0.02342834,0.030422583,0.03338341,0.036680512,45.0,96.0,137.0,0.075,0.03521127,,0.0
2025-11-08,6,0,0,0,0.23333333,5.0,8.0,0.0,7328.5713,11850.0,6700.0,8989.286,13328.571,295917.84,304791.28,289505.94,291460.0,295024.4,0.018352678,0.035291065,0.021309642,0.030306727,0.041307382,47.0,81.0,140.0,0.075,0.033639003,,0.0
2025-11-08,7,0,1,1,0.23333333,5.0,8.0,0.0,12314.286,8200.0,8414.286,8085.7144,9211.429,289446.28,291903.78,279748.2,284859.5,286499.94,0.044360563,0.030055301,0.030152533,0.028684853,0.032763105,49.0,100.0,143.0,0.125,0.052751012,,0.0
2025-11-08,8,1,1,1,0.23333333,5.0,8.0,0.0,18385.715,18528.572,16228.571,12260.714,13277.143,296012.16,309248.72,296989.1,293366.5,293185.94,0.05392044,0.056113444,0.054713257,0.040134635,0.041222263,38.0,79.0,119.0,0.125,0.045774646,,0.0
2025-11-08,9,0,0,1,0.23333333,5.0,8.0,0.0,24914.285,17378.572,13123.81,15032.143,17045.715,291107.56,292385.22,280974.47,281486.53,285236.78,0.0788641,0.056383565,0.044751402,0.05127809,0.05585292,35.0,77.0,124.0,0.075,0.03547945,,0.0
2025-11-08,ã‚¾ãƒ­ç›®,0,0,1,0.23333333,5.0,8.0,0.0,26771.428,16192.857,18795.238,18178.572,16191.429,283794.84,292918.56,292193.28,292876.7,293265.94,0.095942594,0.060793184,0.06390567,0.06211103,0.054706186,30.0,79.0,112.0,0.025,0.038751386,,0.0
2025-11-09,0,0,0,0,0.26666668,6.0,9.0,0.0,16157.143,21135.715,10804.762,15325.0,15720.0,289448.44,302215.06,291806.38,299873.6,301293.88,0.047018446,0.058414344,0.027566858,0.041774753,0.04446235,48.0,82.0,144.0,0.075,0.036321186,,0.0
2025-11-09,1,0,0,0,0.26666668,6.0,9.0,0.0,16742.857,18650.0,20147.62,15246.429,12368.571,308817.0,324684.5,312171.38,313719.22,314063.44,0.0542495,0.05930566,0.06590859,0.047588922,0.037755743,39.0,74.0,103.0,0.125,0.046272263,,0.0
2025-11-09,2,0,0,1,0.26666668,6.0,9.0,0.0,16757.143,13028.571,12947.619,15107.143,14665.714,303362.16,308796.66,299420.94,301864.47,302825.53,0.052861303,0.04056037,0.044514243,0.051207647,0.04842615,43.0,96.0,134.0,0.05,0.047563225,,0.0
2025-11-09,3,0,1,1,0.26666668,6.0,9.0,0.0,3200.0,13864.286,13919.048,9996.429,8422.857,285682.56,296432.84,291762.25,291417.97,293687.56,0.0066033313,0.044488624,0.045637984,0.030077733,0.026360521,53.0,84.0,117.0,0.05,0.03312406,,0.0
2025-11-09,4,0,0,1,0.26666668,6.0,9.0,0.0,7685.7144,15671.429,10547.619,8439.286,9962.857,280741.84,297083.34,289030.25,292136.44,294227.78,0.03003408,0.052695673,0.03535618,0.028515654,0.03323086,47.0,79.0,129.0,0.075,0.0377796,,0.6666667
2025-11-09,5,0,0,0,0.26666668,6.0,9.0,0.0,5042.857,3135.7144,7928.5713,6821.4287,9305.714,286283.16,303669.0,295625.25,298334.1,298813.22,0.022950053,0.016919298,0.032424677,0.030865867,0.035986166,47.0,100.0,135.0,0.1,0.03521127,,0.0
2025-11-09,6,1,1,1,0.26666668,6.0,9.0,0.0,7285.7144,8414.286,8290.477,6878.5713,12060.0,290939.84,303611.0,291517.75,293657.97,296325.56,0.017301517,0.025607597,0.027003009,0.023468606,0.037410945,48.0,90.0,140.0,0.075,0.033639003,,0.0
2025-11-09,7,0,0,0,0.26666668,6.0,9.0,0.0,18857.143,10992.857,10128.571,10389.286,10951.429,294248.28,296576.34,283903.28,289352.06,289574.75,0.060494985,0.036545675,0.033862516,0.03490717,0.037316646,43.0,98.0,141.0,0.075,0.052751012,,0.0
2025-11-09,8,0,1,1,0.26666668,6.0,9.0,0.0,26871.428,25385.715,21390.477,13646.429,14662.857,296162.56,310490.72,298927.1,295779.25,295862.34,0.07727956,0.07527446,0.06959747,0.043294333,0.044504993,32.0,69.0,110.0,0.075,0.045774646,,0.0
2025-11-09,9,0,0,0,0.26666668,6.0,9.0,0.0,24214.285,19507.143,14871.429,15839.286,16771.428,286725.16,296012.16,281967.66,284025.72,286400.44,0.07785804,0.06258162,0.049810976,0.053500783,0.054703772,37.0,76.0,122.0,0.075,0.03547945,,0.0
2025-11-09,ã‚¾ãƒ­ç›®,0,0,0,0.26666668,6.0,9.0,0.0,29742.857,18550.0,19566.666,18550.0,17048.572,279626.16,292584.84,291595.44,294071.75,294965.28,0.10537261,0.06805739,0.066351645,0.06303832,0.057399448,25.0,76.0,111.0,0.225,0.038751386,,0.33333334
2025-11-10,0,0,0,1,0.3,0.0,10.0,0.0,9085.714,18442.857,9709.523,14775.0,14491.429,287587.16,302069.72,291168.1,298809.66,300509.5,0.024773901,0.04977323,0.024049135,0.03993872,0.04066597,49.0,88.0,143.0,0.09756097,0.036321186,,0.33333334
2025-11-10,1,1,1,1,0.3,0.0,10.0,0.0,11671.429,17307.143,18166.666,15996.429,12877.143,308556.56,323892.5,311101.16,313852.78,312130.06,0.03859563,0.055228766,0.060099132,0.049950805,0.038951624,40.0,78.0,109.0,0.14634146,0.046272263,,0.0
2025-11-10,2,0,0,0,0.3,0.0,10.0,0.0,12942.857,13264.286,12885.714,15800.0,15345.714,298644.28,311809.84,299447.8,301602.0,301722.12,0.042567812,0.041184396,0.044324152,0.053282984,0.050333053,45.0,93.0,131.0,0.12195122,0.047563225,,0.0
2025-11-10,3,0,1,1,0.3,0.0,10.0,0.0,10342.857,13821.429,14333.333,12092.857,10357.143,285639.16,299711.34,291376.53,291126.66,292989.72,0.0282032,0.043512147,0.046943076,0.036329277,0.031950876,45.0,85.0,114.0,0.048780486,0.03312406,,0.33333334
2025-11-10,4,0,1,1,0.3,0.0,10.0,0.0,3300.0,14350.0,10642.857,10632.143,8705.714,279336.16,298430.94,288217.53,291329.0,293025.3,0.017391354,0.048148602,0.035789635,0.03489805,0.030066935,50.0,82.0,129.0,0.14634146,0.0377796,,0.0
2025-11-10,5,0,0,0,0.3,0.0,10.0,0.0,6857.143,6085.7144,6433.3335,7892.857,6165.7144,289476.28,305222.06,295501.56,297952.06,297347.66,0.028751548,0.026337562,0.027994609,0.033966288,0.02785701,44.0,96.0,139.0,0.09756097,0.03521127,,0.0
2025-11-10,6,0,0,0,0.3,0.0,10.0,0.0,11185.714,12314.286,12333.333,8396.429,11902.857,288938.44,306704.44,291344.94,293675.5,294175.9,0.029944241,0.03752346,0.039465163,0.028160622,0.037999284,44.0,85.0,130.0,0.0,0.033639003,,0.0
2025-11-10,7,0,0,0,0.3,0.0,10.0,0.0,12014.286,9042.857,8476.19,8153.5713,10771.429,295128.16,299127.56,284259.9,289300.34,288207.9,0.038884014,0.03035173,0.028656278,0.027934674,0.03654905,45.0,102.0,145.0,0.09756097,0.052751012,,0.0
2025-11-10,8,0,0,1,0.3,0.0,10.0,0.0,27228.572,28942.857,23447.62,16678.572,15274.286,290161.56,309733.28,296608.84,294931.16,293972.97,0.08104035,0.08706678,0.0765104,0.053036354,0.0469703,32.0,62.0,103.0,0.14634146,0.045774646,,0.0
2025-11-10,9,0,0,0,0.3,0.0,10.0,0.0,19928.572,21171.428,14119.048,15850.0,16728.572,288554.16,299782.22,281054.66,283357.75,285316.78,0.06399133,0.06870323,0.04761797,0.053539485,0.054596018,37.0,72.0,123.0,0.07317073,0.03547945,,0.33333334
2025-11-10,ã‚¾ãƒ­ç›®,0,0,0,0.3,0.0,10.0,0.0,21985.715,16128.571,16704.762,16610.715,16871.428,279884.0,294385.5,292083.56,294119.22,294591.16,0.08180579,0.060513847,0.057509642,0.057151683,0.05681055,31.0,81.0,120.0,0.024390243,0.038751386,,0.0
2025-11-11,0,0,0,0,0.33333334,1.0,11.0,0.0,10857.143,14035.714,12119.048,14214.286,14105.714,272275.44,283439.84,290944.25,294598.72,297594.4,0.032731522,0.0432011,0.034182947,0.039086524,0.040055465,43.0,91.0,136.0,0.12195122,0.036321186,,0.0
2025-11-11,1,0,0,0,0.33333334,1.0,11.0,0.0,8057.143,18478.572,19652.38,15089.286,13040.0,299256.28,305752.16,310967.9,310124.16,309695.12,0.029999595,0.059374917,0.06519069,0.04821938,0.039773002,39.0,71.0,101.0,0.024390243,0.046272263,,0.0
2025-11-11,2,0,0,0,0.33333334,1.0,11.0,0.0,12357.143,13457.143,13866.667,14528.571,14188.571,286710.72,295419.5,299438.06,298169.34,298836.72,0.042329025,0.04298869,0.04808544,0.05012567,0.047470428,43.0,93.0,130.0,0.07317073,0.047563225,,0.0
2025-11-11,3,0,1,1,0.33333334,1.0,11.0,0.0,9442.857,10492.857,14366.667,12407.143,10685.714,273531.84,284698.94,289947.1,287040.66,289922.66,0.02797764,0.03844733,0.047418915,0.03797952,0.033477485,41.0,85.0,115.0,0.07317073,0.03312406,,0.0
2025-11-11,4,0,0,0,0.33333334,1.0,11.0,0.0,8828.571,14250.0,12585.714,11203.571,9368.571,267543.44,280308.0,287698.1,288728.75,290534.47,0.036374375,0.050235827,0.04342027,0.037192263,0.032514878,42.0,81.0,122.0,0.07317073,0.0377796,,0.0
2025-11-11,5,0,0,0,0.33333334,1.0,11.0,0.0,2371.4285,7378.5713,5480.952,6803.5713,5291.4287,273629.16,286071.28,292849.84,293167.06,293338.3,0.013874272,0.027620245,0.02430556,0.03049509,0.025103293,51.0,97.0,147.0,0.09756097,0.03521127,,0.33333334
2025-11-11,6,0,0,0,0.33333334,1.0,11.0,0.0,7000.0,12821.429,12633.333,8800.0,11674.286,272094.84,289464.94,291588.34,289488.0,290606.03,0.019748067,0.040035654,0.040767483,0.029801771,0.037746314,48.0,85.0,131.0,0.14634146,0.033639003,,0.33333334
2025-11-11,7,0,0,1,0.33333334,1.0,11.0,0.0,11628.571,12221.429,8061.905,7485.7144,9694.286,283399.56,281943.44,285051.28,284909.0,285376.2,0.038731657,0.0377967,0.026802193,0.026488764,0.033713426,44.0,99.0,151.0,0.07317073,0.052751012,,0.0
2025-11-11,8,0,0,1,0.33333334,1.0,11.0,0.0,26228.572,26814.285,23614.285,17003.572,14160.0,271722.56,291068.66,295521.0,290685.3,289836.22,0.08158767,0.085119106,0.077509105,0.054833226,0.04460876,30.0,64.0,103.0,0.12195122,0.045774646,,0.33333334
2025-11-11,9,0,1,1,0.33333334,1.0,11.0,0.0,13542.857,20671.428,13776.19,13653.571,16265.714,279145.44,284997.72,281247.62,279100.25,282366.34,0.043459725,0.06812439,0.046136606,0.047580194,0.053380314,45.0,76.0,128.0,0.09756097,0.03547945,,0.0
2025-11-11,ã‚¾ãƒ­ç›®,1,1,1,0.33333334,1.0,11.0,0.0,17600.0,17257.143,16933.334,16253.571,15108.571,266893.84,276952.5,291445.44,289871.2,291310.75,0.06662447,0.061669566,0.05837268,0.055706095,0.051325772,36.0,82.0,122.0,0.09756097,0.038751386,,0.0
2025-11-12,0,0,1,1,0.36666667,2.0,12.0,0.0,12128.571,14478.571,13171.429,13550.0,14422.857,291261.16,293661.56,297329.1,300122.03,301553.25,0.033983033,0.042906743,0.037089754,0.0350073,0.040532995,45.0,95.0,135.0,0.024390243,0.036321186,,0.0
2025-11-12,1,0,0,1,0.36666667,2.0,12.0,0.0,7728.5713,16885.715,18109.523,15842.857,12451.429,313707.84,315650.72,317483.25,314087.53,312756.03,0.030369133,0.053850353,0.05949393,0.051536035,0.03790599,40.0,76.0,107.0,0.19512194,0.046272263,,0.0
2025-11-12,2,1,1,1,0.36666667,2.0,12.0,0.0,12685.714,14678.571,13409.523,14617.857,14657.143,309477.84,303817.34,306267.72,302714.8,302637.47,0.038098697,0.045824587,0.04457828,0.049479973,0.04849598,46.0,92.0,135.0,0.12195122,0.047563225,,0.6666667
2025-11-12,3,0,0,0,0.36666667,2.0,12.0,0.0,17285.715,15042.857,17319.047,15192.857,12631.429,288383.16,294751.28,292746.34,291376.3,292832.56,0.04501858,0.048466194,0.05502297,0.045383144,0.03836522,41.0,84.0,113.0,0.07317073,0.03312406,,0.0
2025-11-12,4,0,0,0,0.36666667,2.0,12.0,0.0,13157.143,15414.286,12938.096,11035.714,9017.143,284408.28,289439.44,293328.66,292635.5,294537.0,0.049807645,0.052700188,0.043356296,0.035492733,0.029706247,39.0,80.0,122.0,0.07317073,0.0377796,,0.0
2025-11-12,5,0,0,0,0.36666667,2.0,12.0,0.0,-5000.0,6421.4287,6385.7144,6500.0,4700.0,291388.28,297210.84,298422.1,298799.06,297290.56,-0.014881637,0.023350753,0.027729688,0.029127918,0.022660052,60.0,103.0,146.0,0.048780486,0.03521127,,0.0
2025-11-12,6,0,0,1,0.36666667,2.0,12.0,0.0,7842.857,11642.857,13342.857,8835.714,12291.429,291644.84,300095.56,298615.16,294277.56,294320.75,0.018373944,0.031957086,0.042051084,0.028755069,0.039370798,49.0,91.0,129.0,0.07317073,0.033639003,,0.0
2025-11-12,7,0,0,0,0.36666667,2.0,12.0,0.0,13071.429,14471.429,7885.7144,7978.5713,10354.286,291422.44,289561.84,289464.53,288202.66,288972.44,0.041392323,0.04476122,0.024462974,0.027332168,0.03536987,45.0,94.0,154.0,0.07317073,0.052751012,,0.0
2025-11-12,8,0,0,0,0.36666667,2.0,12.0,0.0,32557.143,27557.143,22104.762,17778.572,14411.429,292007.56,300743.56,302376.9,295846.47,293638.1,0.100566044,0.084798805,0.0688122,0.0562335,0.044323124,23.0,66.0,106.0,0.17073171,0.045774646,,0.33333334
2025-11-12,9,0,1,1,0.36666667,2.0,12.0,0.0,18800.0,22678.572,14842.857,12821.429,17368.572,291612.0,293074.0,285791.1,283170.56,285942.72,0.059223175,0.073342726,0.0486056,0.04207727,0.056815725,40.0,71.0,124.0,0.09756097,0.03547945,,0.0
2025-11-12,ã‚¾ãƒ­ç›®,0,0,0,0.36666667,2.0,12.0,0.0,41942.855,31600.0,25738.096,22082.143,21122.857,297429.0,292101.0,301679.06,296284.2,297193.84,0.113917634,0.0946821,0.07710836,0.06705574,0.06567117,34.0,72.0,115.0,0.048780486,0.038751386,,0.0
2025-11-13,0,1,1,1,0.4,3.0,13.0,0.0,17042.857,16114.286,16100.0,15350.0,15628.571,293861.84,294690.66,296079.2,299362.78,298131.1,0.054010633,0.049349647,0.04869256,0.042268004,0.04534098,40.0,93.0,127.0,0.12195122,0.036321186,,0.0
2025-11-13,1,0,0,1,0.4,3.0,13.0,0.0,8242.857,18721.428,17823.809,14275.0,12282.857,307869.44,314648.56,314501.38,310676.7,308972.06,0.03409403,0.061594896,0.059410263,0.047687195,0.03834898,40.0,72.0,108.0,0.09756097,0.046272263,,0.33333334
2025-11-13,2,0,0,0,0.4,3.0,13.0,0.0,11400.0,18250.0,14200.0,15953.571,15805.714,305767.56,309812.44,306241.2,303524.47,300713.5,0.03636815,0.05705987,0.047248896,0.053765476,0.052677628,46.0,85.0,135.0,0.17073171,0.047563225,,0.0
2025-11-13,3,0,0,1,0.4,3.0,13.0,0.0,16600.0,12928.571,15090.477,14614.286,12002.857,282973.0,289474.84,289291.56,289131.44,287520.25,0.040239494,0.038988173,0.04558747,0.042438436,0.035632573,41.0,88.0,121.0,0.0,0.03312406,,0.0
2025-11-13,4,0,0,0,0.4,3.0,13.0,0.0,7400.0,14221.429,13219.048,11271.429,8482.857,276156.56,286639.5,289133.66,289366.25,287713.16,0.023255618,0.04655044,0.043965995,0.036026094,0.027895968,43.0,81.0,121.0,0.048780486,0.0377796,,0.0
2025-11-13,5,0,0,0,0.4,3.0,13.0,0.0,-7671.4287,4792.857,5452.381,5364.2856,5648.5713,294627.56,298066.28,296957.06,296082.53,294249.38,-0.026494924,0.016547587,0.024362635,0.025574343,0.02524442,61.0,106.0,147.0,0.024390243,0.03521127,,0.0
2025-11-13,6,0,0,0,0.4,3.0,13.0,0.0,15728.571,10250.0,15395.238,9067.857,12102.857,290566.84,293730.0,295538.47,290929.5,290003.94,0.053954147,0.029847855,0.0505999,0.030760419,0.040231116,42.0,93.0,123.0,0.07317073,0.033639003,,0.0
2025-11-13,7,0,0,0,0.4,3.0,13.0,0.0,14814.286,15407.143,7576.1904,8585.714,10028.571,290021.56,291364.56,286283.1,284335.44,284345.47,0.049825605,0.049721457,0.023692545,0.029688071,0.03488387,42.0,90.0,153.0,0.17073171,0.052751012,,0.0
2025-11-13,8,0,0,0,0.4,3.0,13.0,0.0,29528.572,22550.0,20076.191,17753.572,13077.143,289440.44,291621.56,298389.16,294274.66,288982.5,0.085768536,0.06770996,0.060742904,0.05574244,0.039848056,25.0,74.0,112.0,0.09756097,0.045774646,,0.0
2025-11-13,9,0,1,1,0.4,3.0,13.0,0.0,18928.572,28007.143,17261.904,15335.714,18245.715,285406.0,289844.06,283822.9,282569.53,281898.34,0.064534366,0.0954768,0.059193995,0.052943677,0.06151096,39.0,62.0,118.0,0.07317073,0.03547945,,0.33333334
2025-11-13,ã‚¾ãƒ­ç›®,0,1,1,0.4,3.0,13.0,0.0,29200.0,27078.572,23228.572,20589.285,19897.143,288094.28,289006.44,297049.62,293893.2,291523.88,0.0588294,0.07342792,0.06606504,0.059916522,0.06041975,43.0,80.0,121.0,0.12195122,0.038751386,,0.33333334
2025-11-14,0,0,0,0,0.43333334,4.0,14.0,0.0,25885.715,17885.715,17242.857,13382.143,16917.143,297485.0,286545.56,295633.66,293489.0,297903.66,0.0950288,0.060480572,0.054142814,0.040797297,0.051235642,31.0,86.0,125.0,0.1,0.036321186,,0.0
2025-11-14,1,0,1,1,0.43333334,4.0,14.0,0.0,4628.5713,14557.143,17276.191,14946.429,13165.714,305267.44,307751.56,314717.8,311405.47,307522.8,0.019463595,0.049270134,0.056871083,0.050883546,0.04174762,44.0,75.0,108.0,0.075,0.046272263,,0.0
2025-11-14,2,0,0,1,0.43333334,4.0,14.0,0.0,8457.143,14835.714,11428.571,14303.571,15571.429,304017.44,301489.28,305670.28,301809.75,299836.75,0.021230312,0.042932533,0.033598155,0.046159834,0.051179014,50.0,87.0,144.0,0.075,0.047563225,,0.0
2025-11-14,3,0,0,0,0.43333334,4.0,14.0,0.0,20100.0,9728.571,15485.714,16092.857,12294.286,289796.0,284556.34,291057.16,291478.84,286830.62,0.057075456,0.029255604,0.047176063,0.050423924,0.036855504,34.0,88.0,116.0,0.075,0.03312406,,0.0
2025-11-14,4,0,0,0,0.43333334,4.0,14.0,0.0,6728.5713,12092.857,12876.19,11560.714,8934.286,279984.28,277407.0,287189.44,288065.0,286464.1,0.019557372,0.040012307,0.042522136,0.037206303,0.029698933,46.0,82.0,121.0,0.125,0.0377796,,0.0
2025-11-14,5,0,1,1,0.43333334,4.0,14.0,0.0,-8600.0,2307.1428,4157.143,3496.4285,5437.143,293499.0,286885.66,295622.75,295776.25,292571.84,-0.03168883,0.0072942907,0.017873254,0.01576892,0.023962146,63.0,106.0,150.0,0.1,0.03521127,,0.0
2025-11-14,6,0,0,0,0.43333334,4.0,14.0,0.0,16085.714,6921.4287,16066.667,8621.429,9640.0,298469.28,288266.34,297486.0,291240.44,287401.88,0.05558638,0.019226592,0.054017257,0.028753387,0.032688156,43.0,95.0,119.0,0.175,0.033639003,,0.33333334
2025-11-14,7,1,1,1,0.43333334,4.0,14.0,0.0,12371.429,11364.286,7976.1904,8164.2856,10828.571,288597.28,281472.84,285263.62,281915.03,282856.0,0.03681568,0.037415233,0.02581123,0.028133463,0.038507797,46.0,93.0,149.0,0.075,0.052751012,,0.0
2025-11-14,8,0,0,1,0.43333334,4.0,14.0,0.0,28328.572,21171.428,18914.285,18400.0,13522.857,293288.0,286086.94,297839.16,294836.34,288167.03,0.07974924,0.062847055,0.05567585,0.05895418,0.041611046,31.0,72.0,117.0,0.075,0.045774646,,0.33333334
2025-11-14,9,0,0,0,0.43333334,4.0,14.0,0.0,23585.715,24935.715,17604.762,15967.857,15925.714,287679.84,282556.5,285855.44,282899.75,278550.94,0.08644706,0.08843551,0.05983824,0.055810556,0.05569972,33.0,64.0,115.0,0.1,0.03547945,,0.33333334
2025-11-14,ã‚¾ãƒ­ç›®,0,0,0,0.43333334,4.0,14.0,0.0,32414.285,26750.0,20061.904,21328.572,20774.285,290819.16,281210.78,288821.2,293216.75,289906.97,0.07444224,0.07576082,0.060572274,0.06368682,0.06466658,41.0,76.0,122.0,0.025,0.038751386,,0.0
2025-11-15,0,0,0,1,0.46666667,5.0,15.0,0.0,17842.857,17942.857,17390.477,11246.429,14877.143,280860.84,287404.78,294745.06,289027.97,295252.25,0.0706104,0.060844056,0.0546421,0.03446549,0.04471671,35.0,82.0,124.0,0.075,0.036321186,,0.0
2025-11-15,1,0,0,1,0.46666667,5.0,15.0,0.0,2342.8572,13028.571,16666.666,15896.429,13888.571,296383.28,308997.84,316624.0,309386.1,310187.38,0.014258432,0.043699168,0.054220498,0.05378395,0.044652116,43.0,76.0,108.0,0.075,0.046272263,,0.33333334
2025-11-15,2,1,1,1,0.46666667,5.0,15.0,0.0,9771.429,15742.857,12338.096,15185.714,15408.571,290175.0,301844.84,305592.0,297782.2,299286.6,0.026650287,0.0466586,0.037302095,0.049064655,0.050642997,44.0,84.0,139.0,0.175,0.047563225,,0.0
2025-11-15,3,0,1,1,0.46666667,5.0,15.0,0.0,14057.143,6457.143,14442.857,14996.429,11542.857,276883.28,286143.22,292309.1,288642.72,287668.8,0.0361175,0.015707606,0.04307453,0.046362806,0.03383435,37.0,95.0,120.0,0.1,0.03312406,,0.0
2025-11-15,4,0,0,0,0.46666667,5.0,15.0,0.0,5042.857,10385.714,12400.0,10760.714,8231.429,272695.28,280478.28,289673.9,285001.1,286704.47,0.013813978,0.03284723,0.04060941,0.03477114,0.02704789,44.0,84.0,124.0,0.075,0.0377796,,0.33333334
2025-11-15,5,0,0,0,0.46666667,5.0,15.0,0.0,-2200.0,3835.7144,2852.3809,4892.857,5668.5713,287244.44,287111.56,297435.8,293082.84,294626.53,-0.010761773,0.012813142,0.012031635,0.020126494,0.024554376,54.0,99.0,150.0,0.075,0.03521127,,0.0
2025-11-15,6,0,0,0,0.46666667,5.0,15.0,0.0,11642.857,9485.714,11780.952,7935.7144,9520.0,280254.84,288086.34,296612.47,287193.2,289218.97,0.041195415,0.029774046,0.037259184,0.026281085,0.032484464,45.0,92.0,126.0,0.075,0.033639003,,0.0
2025-11-15,7,0,1,1,0.46666667,5.0,15.0,0.0,13757.143,13035.714,10052.381,9750.0,9220.0,280110.28,284778.28,287972.62,279838.72,283909.66,0.042791795,0.04357618,0.0343008,0.03331235,0.03150624,39.0,88.0,139.0,0.125,0.052751012,,0.0
2025-11-15,8,0,0,0,0.46666667,5.0,15.0,0.0,21442.857,19914.285,19500.0,17532.143,14097.143,272562.28,284287.22,297019.9,290882.4,289205.66,0.062068224,0.057994332,0.058098372,0.056551997,0.04452135,35.0,73.0,114.0,0.125,0.045774646,,0.33333334
2025-11-15,9,0,0,0,0.46666667,5.0,15.0,0.0,16042.857,20478.572,16933.334,13853.571,15234.286,276862.56,283985.06,287211.0,279946.5,280561.75,0.059284106,0.0690741,0.057350412,0.048384577,0.05287929,39.0,74.0,116.0,0.075,0.03547945,,0.0
2025-11-15,ã‚¾ãƒ­ç›®,0,0,0,0.46666667,5.0,15.0,0.0,25328.572,26050.0,19238.096,20428.572,19608.572,279689.0,281741.94,288508.72,289067.22,290239.16,0.049863897,0.072903246,0.05715009,0.06039523,0.059661604,47.0,77.0,126.0,0.025,0.038751386,,0.0
2025-11-16,0,0,0,0,0.5,6.0,16.0,0.0,16928.572,16542.857,19733.334,12335.714,15645.714,283122.16,286285.28,295850.75,289635.3,296523.3,0.06752909,0.057273768,0.06145259,0.037557416,0.04692562,37.0,85.0,119.0,0.075,0.036321186,,0.0
2025-11-16,1,1,1,1,0.5,6.0,16.0,0.0,9114.286,12928.571,15471.429,17389.285,14020.0,304556.72,306686.84,317975.25,310267.72,311886.72,0.033340268,0.043794885,0.05065053,0.057766512,0.04473919,37.0,76.0,111.0,0.125,0.046272263,,0.0
2025-11-16,2,0,0,0,0.5,6.0,16.0,0.0,16657.143,16707.143,14238.096,13875.0,15417.143,296904.44,300133.28,304832.56,298791.8,300872.47,0.0461826,0.04952195,0.042434443,0.044931334,0.050202638,36.0,79.0,132.0,0.05,0.047563225,,0.0
2025-11-16,3,0,0,0,0.5,6.0,16.0,0.0,17942.857,10571.429,15223.81,14925.0,11585.714,284197.84,284940.22,292354.53,289871.16,289973.94,0.046571486,0.026587408,0.045182914,0.04587136,0.033376485,34.0,87.0,118.0,0.05,0.03312406,,0.0
2025-11-16,4,0,0,1,0.5,6.0,16.0,0.0,3242.8572,5464.2856,11528.571,8721.429,7400.0,277150.56,278946.22,290439.1,286060.3,289139.25,0.009350153,0.019692117,0.038247168,0.028854672,0.024682553,47.0,94.0,126.0,0.075,0.0377796,,0.6666667
2025-11-16,5,0,0,1,0.5,6.0,16.0,0.0,-3600.0,721.4286,890.4762,5046.4287,4737.143,289811.84,288047.5,299049.94,294171.9,296629.66,-0.014323653,0.0043132002,0.0065049813,0.020737594,0.021827962,57.0,104.0,157.0,0.1,0.03521127,,0.0
2025-11-16,6,0,0,0,0.5,6.0,16.0,0.0,17500.0,12392.857,11442.857,10592.857,9002.857,282612.84,286776.34,296611.62,289291.53,291448.94,0.05777296,0.03753724,0.036329385,0.0346955,0.030329477,40.0,88.0,130.0,0.075,0.033639003,,0.33333334
2025-11-16,7,0,0,0,0.5,6.0,16.0,0.0,10328.571,14592.857,10771.429,10178.571,10377.143,271769.84,283009.06,288307.53,280869.94,285835.62,0.036012236,0.04825361,0.036367863,0.034399945,0.035128184,39.0,82.0,137.0,0.075,0.052751012,,0.0
2025-11-16,8,0,1,1,0.5,6.0,16.0,0.0,10857.143,18864.285,20542.857,18757.143,13088.571,268251.0,282206.78,296410.8,291258.06,290273.6,0.0326985,0.054989032,0.061082475,0.060372725,0.041175168,43.0,75.0,112.0,0.075,0.045774646,,0.0
2025-11-16,9,0,1,1,0.5,6.0,16.0,0.0,11885.714,18050.0,16966.666,14125.0,15048.571,277449.72,282087.44,289824.66,280838.2,282710.5,0.047497287,0.06267767,0.057553507,0.049232554,0.052300084,41.0,78.0,117.0,0.075,0.03547945,,0.0
2025-11-16,ã‚¾ãƒ­ç›®,0,0,0,0.5,6.0,16.0,0.0,20657.143,25200.0,19252.38,19839.285,18971.428,281849.0,280737.56,289006.25,289158.8,291627.2,0.03553304,0.070452824,0.05721594,0.05864699,0.05753726,51.0,76.0,127.0,0.225,0.038751386,,0.0
2025-11-17,0,0,1,1,0.53333336,0.0,17.0,0.0,18685.715,13885.714,18523.809,11953.571,15557.143,280949.28,284268.22,295029.56,288613.4,295237.56,0.07295346,0.048863683,0.057499975,0.036275215,0.046541672,36.0,85.0,124.0,0.09756097,0.036321186,,0.33333334
2025-11-17,1,0,0,0,0.53333336,0.0,17.0,0.0,18257.143,14964.286,17623.809,18189.285,16448.572,309734.56,309145.56,319173.2,310759.5,313029.16,0.059138417,0.048867024,0.056531984,0.059858955,0.051788326,30.0,70.0,108.0,0.14634146,0.046272263,,0.33333334
2025-11-17,2,0,0,0,0.53333336,0.0,17.0,0.0,13028.571,12985.714,13185.714,12921.429,15245.714,295967.0,297305.66,306528.9,298577.6,300475.0,0.034979966,0.03877389,0.039116252,0.04198811,0.04962238,41.0,86.0,134.0,0.12195122,0.047563225,,0.0
2025-11-17,3,0,0,0,0.53333336,0.0,17.0,0.0,11900.0,11121.429,13180.952,13725.0,12054.286,279889.44,282764.28,293104.06,288504.75,288879.2,0.027481994,0.027842596,0.038168762,0.042077806,0.03455982,40.0,85.0,125.0,0.048780486,0.03312406,,0.0
2025-11-17,4,1,1,1,0.53333336,0.0,17.0,0.0,800.0,2050.0,9833.333,8182.143,8665.714,275658.0,277497.06,290839.94,285077.66,288194.8,0.002010856,0.009701105,0.032769352,0.027344942,0.028320612,48.0,98.0,130.0,0.14634146,0.0377796,,0.0
2025-11-17,5,0,0,0,0.53333336,0.0,17.0,0.0,-1328.5714,2764.2856,3614.2856,4492.857,6048.5713,286764.44,288120.34,299069.53,293317.28,295714.53,-0.0070772828,0.010837132,0.01519928,0.019226637,0.025757574,54.0,98.0,150.0,0.09756097,0.03521127,,0.0
2025-11-17,6,0,0,0,0.53333336,0.0,17.0,0.0,9385.714,10285.714,11338.096,11596.429,8594.286,281612.84,285275.66,298340.56,288911.94,291262.97,0.0326958,0.03132002,0.035914242,0.037772823,0.029067658,46.0,90.0,131.0,0.0,0.033639003,,0.0
2025-11-17,7,0,0,0,0.53333336,0.0,17.0,0.0,14185.714,13100.0,10757.143,9903.571,9360.0,271716.16,283422.16,289990.44,281123.97,285783.5,0.04807671,0.043480363,0.036260057,0.03351139,0.031963084,34.0,79.0,136.0,0.09756097,0.052751012,,0.0
2025-11-17,8,0,1,1,0.53333336,0.0,17.0,0.0,9228.571,18228.572,22371.428,19892.857,15188.571,274131.28,282146.44,297865.94,290989.47,290771.16,0.02526774,0.053154044,0.0664671,0.06369974,0.047482632,44.0,76.0,106.0,0.14634146,0.045774646,,0.0
2025-11-17,9,0,0,1,0.53333336,0.0,17.0,0.0,17457.143,18692.857,19933.334,14953.571,16171.429,277231.16,282892.66,292265.2,280098.78,282132.44,0.06486555,0.06442844,0.06742401,0.05192986,0.0558047,37.0,74.0,109.0,0.07317073,0.03547945,,0.33333334
2025-11-17,ã‚¾ãƒ­ç›®,0,0,1,0.53333336,0.0,17.0,0.0,17642.857,19814.285,16633.334,16939.285,16817.143,276174.72,278029.34,288315.25,288106.34,290530.3,0.023849959,0.052827872,0.04829255,0.04909472,0.050491337,52.0,83.0,133.0,0.024390243,0.038751386,,0.0
2025-11-18,0,0,1,1,0.56666666,1.0,18.0,0.0,20428.572,15642.857,16166.667,14196.429,15457.143,295055.44,283665.44,287311.72,291972.03,294690.06,0.07556582,0.054148674,0.05398934,0.044528667,0.046382383,35.0,78.0,126.0,0.12195122,0.036321186,,0.0
2025-11-18,1,0,0,0,0.56666666,1.0,18.0,0.0,13500.0,10778.571,16819.047,18114.285,14771.429,317544.72,308400.5,309683.0,312612.1,311608.25,0.0440045,0.03700205,0.054251444,0.059894137,0.0473764,40.0,79.0,111.0,0.024390243,0.046272263,,0.0
2025-11-18,2,0,0,0,0.56666666,1.0,18.0,0.0,13585.714,12971.429,13500.0,13796.429,14340.0,304001.16,295355.94,298280.06,300578.8,299335.72,0.03566828,0.038998652,0.04054855,0.044981148,0.047234192,42.0,85.0,135.0,0.07317073,0.047563225,,0.0
2025-11-18,3,0,0,0,0.56666666,1.0,18.0,0.0,9385.714,9414.286,10123.81,13121.429,11802.857,288825.84,281178.84,286074.56,289666.78,287397.7,0.017321775,0.022649707,0.03140548,0.03989463,0.033847973,48.0,89.0,133.0,0.07317073,0.03312406,,0.0
2025-11-18,4,0,0,1,0.56666666,1.0,18.0,0.0,5471.4287,7150.0,11323.81,10807.143,10057.143,284236.16,275889.78,281617.38,286832.6,287830.22,0.015412122,0.025893249,0.038627923,0.036418233,0.032836236,46.0,88.0,127.0,0.07317073,0.0377796,,0.0
2025-11-18,5,0,0,0,0.56666666,1.0,18.0,0.0,1342.8572,1857.1428,5366.6665,4446.4287,5711.4287,305463.28,289546.22,292535.28,296003.22,295626.3,0.002176937,0.008025604,0.019139143,0.018773403,0.024831459,52.0,103.0,149.0,0.09756097,0.03521127,,0.33333334
2025-11-18,6,1,1,1,0.56666666,1.0,18.0,0.0,10471.429,8735.714,12038.096,12092.857,9134.286,296093.72,284094.28,291674.53,292714.7,290809.16,0.034276456,0.027012262,0.038115922,0.03914473,0.030696709,45.0,93.0,130.0,0.14634146,0.033639003,,0.33333334
2025-11-18,7,0,0,1,0.56666666,1.0,18.0,0.0,14814.286,13221.429,13085.714,9750.0,8951.429,286826.84,285113.22,283571.25,285495.2,285292.56,0.048627682,0.04367967,0.041407026,0.032258566,0.03091655,34.0,78.0,133.0,0.07317073,0.052751012,,0.0
2025-11-18,8,0,1,1,0.56666666,1.0,18.0,0.0,11214.286,18721.428,21614.285,20514.285,15845.714,290672.16,281197.34,290936.47,294308.78,290682.7,0.028055983,0.054821827,0.066098064,0.06514583,0.04947778,41.0,71.0,105.0,0.12195122,0.045774646,,0.0
2025-11-18,9,0,0,0,0.56666666,1.0,18.0,0.0,19914.285,16728.572,20419.047,15310.714,14905.714,288028.44,283586.94,286007.94,282942.8,280885.88,0.07214464,0.05780218,0.069464475,0.052638616,0.05249308,33.0,78.0,109.0,0.09756097,0.03547945,,0.0
2025-11-18,ã‚¾ãƒ­ç›®,0,0,0,0.56666666,1.0,18.0,0.0,22342.857,19971.428,18952.38,18285.715,17471.428,287536.0,277214.94,280480.34,290468.06,289404.16,0.040444713,0.053534593,0.054594614,0.05389069,0.05265382,46.0,82.0,128.0,0.09756097,0.038751386,,0.33333334
2025-11-19,0,0,0,0,0.6,2.0,19.0,0.0,22328.572,17228.572,17095.238,15460.714,15305.714,276882.16,284071.66,288068.44,292217.34,295474.06,0.08645678,0.060219906,0.05742342,0.04943151,0.045297198,29.0,74.0,124.0,0.024390243,0.036321186,,0.0
2025-11-19,1,1,1,1,0.6,2.0,19.0,0.0,14457.143,11092.857,16076.19,17196.428,15565.714,300178.0,306942.94,310493.16,313156.94,311305.62,0.045754794,0.038061965,0.051151834,0.056059144,0.050379787,36.0,76.0,112.0,0.19512194,0.046272263,,0.0
2025-11-19,2,0,0,0,0.6,2.0,19.0,0.0,6328.5713,9507.143,11895.238,11639.286,12960.0,280119.0,294798.44,295917.9,299730.53,298195.66,0.008189289,0.023143992,0.03327949,0.035481032,0.041221835,45.0,91.0,137.0,0.12195122,0.047563225,,0.6666667
2025-11-19,3,0,0,0,0.6,2.0,19.0,0.0,-5957.143,5664.2856,8042.857,11500.0,10962.857,270632.44,279507.78,286711.66,287217.84,287227.53,-0.03014719,0.007435695,0.022261733,0.033730432,0.030277077,55.0,96.0,139.0,0.07317073,0.03312406,,0.0
2025-11-19,4,0,1,1,0.6,2.0,19.0,0.0,4714.2856,8935.714,11847.619,10882.143,9771.429,262387.0,273397.66,280421.94,285593.25,286585.8,0.018674184,0.034240913,0.041358188,0.03718577,0.032129023,44.0,83.0,124.0,0.07317073,0.0377796,,0.0
2025-11-19,5,0,0,0,0.6,2.0,19.0,0.0,-228.57143,-2614.2856,4204.7617,4732.143,5154.2856,287764.44,289576.34,294062.06,295757.7,296592.16,-0.003921172,-0.009401404,0.01426011,0.019816972,0.0225181,50.0,110.0,153.0,0.048780486,0.03521127,,0.0
2025-11-19,6,0,0,0,0.6,2.0,19.0,0.0,18757.143,13300.0,14014.286,14696.429,10820.0,281104.84,286374.84,293765.34,294237.56,291643.03,0.068483084,0.043428514,0.04413242,0.048659083,0.03670067,39.0,88.0,130.0,0.07317073,0.033639003,,0.0
2025-11-19,7,0,1,1,0.6,2.0,19.0,0.0,11814.286,12442.857,13585.714,8867.857,8745.714,268221.0,279821.72,282448.25,284153.66,284206.3,0.04191182,0.041652072,0.04381142,0.028825186,0.030248098,34.0,79.0,128.0,0.07317073,0.052751012,,0.0
2025-11-19,8,0,0,1,0.6,2.0,19.0,0.0,12685.714,22621.428,22600.0,19750.0,16760.0,270813.16,281410.34,290766.75,294485.97,290839.8,0.040924568,0.070745304,0.07017406,0.061840292,0.053171713,39.0,62.0,105.0,0.17073171,0.045774646,,0.33333334
2025-11-19,9,0,0,0,0.6,2.0,19.0,0.0,11285.714,15042.857,18880.953,13953.571,12514.286,271594.28,281603.16,285914.1,282241.9,280855.3,0.041266434,0.050244804,0.06265063,0.046770807,0.0419151,40.0,80.0,111.0,0.09756097,0.03547945,,0.0
2025-11-19,ã‚¾ãƒ­ç›®,0,0,1,0.6,2.0,19.0,0.0,-4385.7144,18778.572,19604.762,18207.143,16788.572,253667.0,275548.0,279289.66,289676.03,287760.75,-0.01658493,0.048666354,0.05759309,0.05368504,0.050327603,51.0,85.0,123.0,0.048780486,0.038751386,,0.0
2025-11-20,0,0,1,1,0.6333333,3.0,20.0,0.0,16700.0,16871.428,16309.523,16250.0,15620.0,272727.44,283294.66,287369.56,290241.25,294035.72,0.06321792,0.05861428,0.053972404,0.052323904,0.046457987,35.0,75.0,128.0,0.12195122,0.036321186,,0.33333334
2025-11-20,1,0,0,0,0.6333333,3.0,20.0,0.0,20942.857,14592.857,19461.904,18603.572,15608.571,305939.16,306904.28,311745.44,312360.8,309729.16,0.06753398,0.050814003,0.06357459,0.06144119,0.05165655,32.0,72.0,104.0,0.09756097,0.046272263,,0.33333334
2025-11-20,2,0,0,1,0.6333333,3.0,20.0,0.0,-1671.4286,4864.2856,11609.523,10232.143,12428.571,275860.0,290813.78,298494.94,298645.9,297991.56,-0.018594831,0.0088866595,0.031841636,0.030787963,0.039293416,50.0,96.0,135.0,0.17073171,0.047563225,,0.0
2025-11-20,3,0,0,0,0.6333333,3.0,20.0,0.0,-3885.7144,6357.143,7323.8096,10346.429,10914.286,272479.84,277726.44,283809.84,285088.66,285801.12,-0.019323604,0.010457946,0.019550914,0.0293597,0.03008603,53.0,94.0,141.0,0.0,0.03312406,,0.0
2025-11-20,4,0,0,0,0.6333333,3.0,20.0,0.0,11914.286,9657.143,13452.381,12892.857,11400.0,283104.0,279630.28,285461.0,287626.25,288113.8,0.043618705,0.033437163,0.045573197,0.04387917,0.037544616,38.0,81.0,119.0,0.048780486,0.0377796,,0.0
2025-11-20,5,1,1,1,0.6333333,3.0,20.0,0.0,-1914.2858,-4792.857,2557.1428,3610.7144,3908.5715,280498.28,287562.94,292210.28,292842.34,292965.7,-0.012695803,-0.019595364,0.0067997905,0.015098025,0.017920313,53.0,114.0,159.0,0.024390243,0.03521127,,0.0
2025-11-20,6,0,0,1,0.6333333,3.0,20.0,0.0,13028.571,14378.571,11176.19,14803.571,9860.0,280838.44,285702.66,289432.8,291863.47,288911.28,0.042078447,0.0480163,0.033924717,0.048469536,0.033024024,46.0,88.0,139.0,0.07317073,0.033639003,,0.0
2025-11-20,7,0,0,0,0.6333333,3.0,20.0,0.0,13742.857,14278.571,14852.381,9117.857,9617.143,272079.28,281050.44,284936.16,282732.16,281884.2,0.049784828,0.049805216,0.04974258,0.030215617,0.03370742,31.0,73.0,121.0,0.17073171,0.052751012,,0.0
2025-11-20,8,0,1,1,0.6333333,3.0,20.0,0.0,15857.143,22692.857,20319.047,19021.428,17374.285,285135.16,287287.78,289459.44,295075.66,292446.75,0.054455105,0.07011182,0.06329168,0.059170954,0.055484973,35.0,60.0,109.0,0.09756097,0.045774646,,0.0
2025-11-20,9,0,0,0,0.6333333,3.0,20.0,0.0,4685.7144,11807.143,20233.334,14117.857,13205.714,272016.28,278711.16,283901.47,280871.25,280458.88,0.012074128,0.038304247,0.06767591,0.047414027,0.044769768,45.0,84.0,107.0,0.07317073,0.03547945,,0.33333334
2025-11-20,ã‚¾ãƒ­ç›®,0,0,0,0.6333333,3.0,20.0,0.0,2200.0,15700.0,18785.715,17971.428,16911.428,256368.0,272231.16,278126.94,286879.22,286388.16,0.016742585,0.037785992,0.05453281,0.05373443,0.051281735,44.0,87.0,124.0,0.12195122,0.038751386,,0.0
2025-11-21,0,0,0,0,0.6666667,4.0,21.0,0.0,13071.429,19478.572,16280.952,16200.0,13320.0,274678.84,286081.94,282590.0,290394.97,289726.97,0.045683295,0.07035605,0.055548146,0.052027933,0.041774496,36.0,67.0,122.0,0.1,0.036321186,,0.0
2025-11-21,1,0,0,0,0.6666667,4.0,21.0,0.0,19371.428,12000.0,16161.904,17800.0,15831.429,306278.84,305773.16,307260.66,312608.06,310380.16,0.06051232,0.039987955,0.05301753,0.05778139,0.0528093,35.0,79.0,110.0,0.075,0.046272263,,0.0
2025-11-21,2,0,1,1,0.6666667,4.0,21.0,0.0,2885.7144,5671.4287,10852.381,9292.857,12020.0,273794.44,288905.94,292257.66,297701.3,296206.7,0.0051291864,0.013179749,0.030331416,0.026480911,0.037953705,43.0,93.0,130.0,0.075,0.047563225,,0.0
2025-11-21,3,0,0,0,0.6666667,4.0,21.0,0.0,-8071.4287,6014.2856,3795.238,9596.429,11260.0,266939.16,278367.56,278683.94,285027.66,286570.9,-0.039114084,0.008980686,0.0064657084,0.025603527,0.032516323,60.0,94.0,148.0,0.075,0.03312406,,0.0
2025-11-21,4,0,0,0,0.6666667,4.0,21.0,0.0,10942.857,8835.714,11709.523,12392.857,11437.143,280337.28,280160.78,278383.75,285476.4,286519.47,0.038261965,0.028909666,0.03942886,0.041457094,0.037417434,39.0,85.0,121.0,0.125,0.0377796,,0.0
2025-11-21,5,0,0,0,0.6666667,4.0,21.0,0.0,3857.1428,-2371.4285,2823.8096,4082.1428,3568.5715,282135.44,287817.22,285302.25,292250.94,293048.1,0.01736394,-0.007162446,0.010650841,0.017745925,0.016087923,44.0,107.0,150.0,0.1,0.03521127,,0.0
2025-11-21,6,0,0,1,0.6666667,4.0,21.0,0.0,13357.143,14721.429,9066.667,15389.286,9568.571,276162.0,287315.66,284231.56,292155.0,288224.75,0.0439249,0.04975564,0.027459363,0.051494166,0.03178769,44.0,87.0,139.0,0.175,0.033639003,,0.0
2025-11-21,7,0,0,0,0.6666667,4.0,21.0,0.0,13457.143,12914.286,12061.904,9346.429,9222.857,271816.56,280206.94,278254.1,281901.84,279895.34,0.048169684,0.042492684,0.04100005,0.031400844,0.032140706,32.0,78.0,125.0,0.075,0.052751012,,0.33333334
2025-11-21,8,0,0,1,0.6666667,4.0,21.0,0.0,18828.572,23578.572,20390.477,18892.857,18485.715,286337.72,289812.84,286170.53,294963.78,293136.62,0.06758169,0.07366547,0.06442527,0.05865231,0.06067968,29.0,60.0,101.0,0.075,0.045774646,,0.33333334
2025-11-21,9,1,1,1,0.6666667,4.0,21.0,0.0,1671.4286,12628.571,17180.953,13621.429,13108.571,269067.72,278373.78,278060.25,281658.5,280133.34,-0.0015949587,0.04242605,0.058425352,0.04447994,0.044329453,48.0,81.0,112.0,0.1,0.03547945,,0.33333334
2025-11-21,ã‚¾ãƒ­ç›®,0,1,1,0.6666667,4.0,21.0,0.0,-3514.2856,14450.0,16661.904,14167.857,16360.0,256222.0,273520.56,272881.2,280671.4,285817.8,-0.011680076,0.031381078,0.046613857,0.042509187,0.048613437,52.0,93.0,128.0,0.025,0.038751386,,0.0
2025-11-22,0,1,1,1,0.7,5.0,22.0,0.0,16185.714,17014.285,17357.143,17089.285,12234.286,282970.56,281915.72,285926.72,291801.44,287816.5,0.057215292,0.063912846,0.05963447,0.055285398,0.03901545,38.0,73.0,120.0,0.075,0.036321186,,0.0
2025-11-22,1,0,0,0,0.7,5.0,22.0,0.0,15128.571,8735.714,13728.571,16282.143,15742.857,304222.84,300303.06,307406.2,313523.72,308353.47,0.046059765,0.030159097,0.044486035,0.052180313,0.052239113,43.0,86.0,119.0,0.075,0.046272263,,0.0
2025-11-22,2,0,1,1,0.7,5.0,22.0,0.0,6714.2856,8242.857,12733.333,10932.143,13491.429,280289.0,285232.0,294659.56,299266.25,294283.53,0.017453581,0.022051934,0.036923595,0.032339968,0.04274244,41.0,85.0,125.0,0.175,0.047563225,,0.33333334
2025-11-22,3,0,0,0,0.7,5.0,22.0,0.0,-1500.0,6278.5713,3804.762,10457.143,11697.143,270766.56,273824.94,281017.66,286923.47,285067.5,-0.014417008,0.010850248,0.0056660683,0.028701646,0.03420684,56.0,93.0,151.0,0.1,0.03312406,,0.0
2025-11-22,4,0,0,0,0.7,5.0,22.0,0.0,13314.286,9178.571,11361.904,12628.571,11271.429,277462.84,275079.06,279473.16,286621.16,283493.47,0.047435693,0.030624835,0.037710052,0.04231598,0.03730405,41.0,85.0,125.0,0.075,0.0377796,,0.33333334
2025-11-22,5,0,0,1,0.7,5.0,22.0,0.0,1300.0,-450.0,2990.476,2464.2856,4174.2856,277631.28,282437.84,283951.47,292484.7,289992.53,0.007960279,-0.0014007477,0.011195521,0.011013797,0.017693251,52.0,106.0,151.0,0.075,0.03521127,,0.0
2025-11-22,6,0,0,0,0.7,5.0,22.0,0.0,18571.428,15107.143,12514.286,13478.571,10062.857,281342.72,280798.78,285838.47,292795.03,286023.1,0.06368078,0.0524381,0.04107629,0.04386458,0.033761024,41.0,86.0,133.0,0.075,0.033639003,,0.0
2025-11-22,7,0,1,1,0.7,5.0,22.0,0.0,13828.571,13792.857,13300.0,10996.429,10565.714,270689.72,275400.0,280082.1,283651.9,278008.9,0.049855508,0.04632365,0.045669287,0.03818948,0.036620982,38.0,77.0,126.0,0.125,0.052751012,,0.0
2025-11-22,8,0,0,0,0.7,5.0,22.0,0.0,22314.285,21878.572,20714.285,20203.572,18488.572,288663.56,280612.94,285746.0,294930.8,290438.62,0.081668295,0.071868256,0.065885656,0.063990854,0.061575256,28.0,63.0,101.0,0.125,0.045774646,,0.33333334
2025-11-22,9,0,0,0,0.7,5.0,22.0,0.0,10742.857,13392.857,17233.334,15385.714,13231.429,269890.56,273376.56,279286.9,282880.9,277935.3,0.035259016,0.04727156,0.057802405,0.051827565,0.045759466,38.0,77.0,112.0,0.075,0.03547945,,0.0
2025-11-22,ã‚¾ãƒ­ç›®,0,0,1,0.7,5.0,22.0,0.0,3785.7144,14557.143,18628.572,15375.0,17100.0,261128.42,270408.72,274870.75,281663.66,283479.47,0.016087983,0.032975942,0.053964823,0.046884563,0.05153378,46.0,93.0,123.0,0.025,0.038751386,,0.0
2025-11-23,0,0,0,0,0.73333335,6.0,23.0,0.0,16885.715,16907.143,16657.143,19021.428,13245.714,280884.0,282003.06,284484.84,292109.06,287885.06,0.059629247,0.063579164,0.05805893,0.060996756,0.04197178,34.0,71.0,119.0,0.075,0.036321186,,0.0
2025-11-23,1,0,0,0,0.73333335,6.0,23.0,0.0,7057.143,8085.7144,10971.429,13367.857,15322.857,300698.84,302627.78,304690.84,313656.16,308353.94,0.02431993,0.0288301,0.03730323,0.04406788,0.051077195,47.0,84.0,123.0,0.125,0.046272263,,0.33333334
2025-11-23,2,0,0,0,0.73333335,6.0,23.0,0.0,4442.857,10550.0,12619.048,11789.286,11988.571,276508.16,286706.28,292258.25,297751.47,294335.1,0.011821162,0.02900188,0.03695502,0.034781124,0.0383093,42.0,78.0,121.0,0.05,0.047563225,,0.0
2025-11-23,3,0,0,1,0.73333335,6.0,23.0,0.0,-12342.857,2800.0,2933.3333,8332.143,9471.429,264802.84,274500.34,278227.75,285466.6,284857.5,-0.04609511,0.0002381872,0.0023599018,0.022363406,0.027478065,64.0,98.0,151.0,0.05,0.03312406,,0.0
2025-11-23,4,0,0,1,0.73333335,6.0,23.0,0.0,15242.857,9242.857,8723.81,12457.143,10025.714,274619.72,275885.16,277504.06,286484.25,283772.2,0.052475177,0.030912666,0.030619804,0.04180417,0.033578772,36.0,83.0,130.0,0.075,0.0377796,,0.33333334
2025-11-23,5,1,1,1,0.73333335,6.0,23.0,0.0,2571.4285,-514.2857,1338.0952,1310.7142,4551.4287,275012.84,282412.34,283702.62,293040.7,290340.1,0.011156641,-0.0015835059,0.0065943473,0.0076678963,0.018821403,47.0,104.0,151.0,0.1,0.03521127,,0.0
2025-11-23,6,0,0,0,0.73333335,6.0,23.0,0.0,9528.571,13514.286,11438.096,10964.286,10380.0,278123.56,280368.22,283892.1,291989.6,287057.94,0.03757989,0.047676425,0.037551455,0.03664201,0.035272375,45.0,85.0,133.0,0.075,0.033639003,,0.33333334
2025-11-23,7,0,1,1,0.73333335,6.0,23.0,0.0,8842.857,9585.714,12676.19,10289.286,9911.429,270591.44,271180.66,278869.84,283878.5,278814.22,0.035224535,0.035618387,0.043910585,0.03608203,0.034564864,39.0,78.0,121.0,0.075,0.052751012,,0.0
2025-11-23,8,0,0,0,0.73333335,6.0,23.0,0.0,16671.428,13764.286,18133.334,19575.0,18340.0,287211.16,277731.06,283874.9,294110.9,290448.7,0.06410342,0.048400957,0.05802716,0.06183771,0.061118864,28.0,71.0,103.0,0.075,0.045774646,,0.0
2025-11-23,9,0,0,0,0.73333335,6.0,23.0,0.0,8200.0,10042.857,14766.667,14775.0,12940.0,270578.0,274013.84,278250.94,285013.0,278786.16,0.028237056,0.037867174,0.05119746,0.050224397,0.045033455,38.0,79.0,116.0,0.075,0.03547945,,0.0
2025-11-23,ã‚¾ãƒ­ç›®,0,1,1,0.73333335,6.0,23.0,0.0,3214.2856,11935.714,17871.428,15242.857,16514.285,261362.14,271605.56,274279.1,282095.22,283599.5,0.014419917,0.024976479,0.051775187,0.046516933,0.049801577,42.0,93.0,118.0,0.225,0.038751386,,0.0
2025-11-24,0,1,1,1,0.76666665,0.0,24.0,0.0,14714.286,16700.0,14161.904,17571.428,12505.714,286575.28,283762.28,285037.25,292916.0,288205.78,0.05371228,0.06333287,0.05047988,0.05655305,0.03976263,37.0,73.0,122.0,0.09756097,0.036321186,,0.0
2025-11-24,1,0,1,1,0.76666665,0.0,24.0,0.0,-128.57143,9064.286,9933.333,13185.714,14525.714,299085.56,304410.06,305792.25,314151.28,308424.72,0.004377112,0.031757765,0.034037054,0.043493267,0.048762586,54.0,84.0,124.0,0.14634146,0.046272263,,0.33333334
2025-11-24,2,0,0,1,0.76666665,0.0,24.0,0.0,7000.0,10014.286,10990.477,11639.286,11737.143,277748.16,286857.56,290786.47,299333.72,294411.72,0.019769676,0.02737482,0.03243915,0.034279607,0.03754442,41.0,82.0,127.0,0.12195122,0.047563225,,0.0
2025-11-24,3,0,0,0,0.76666665,0.0,24.0,0.0,-5785.7144,3057.1428,5485.7144,8439.286,9822.857,268476.0,274182.72,278001.53,286947.03,284499.0,-0.025288763,0.0010966153,0.010132143,0.022304382,0.02860449,59.0,99.0,144.0,0.048780486,0.03312406,,0.0
2025-11-24,4,0,0,0,0.76666665,0.0,24.0,0.0,17157.143,8978.571,7085.7144,11664.286,9977.143,271223.28,273440.66,275405.8,285935.78,282306.78,0.059144925,0.03057789,0.026182378,0.039363246,0.033704937,36.0,84.0,134.0,0.14634146,0.0377796,,0.33333334
2025-11-24,5,0,0,0,0.76666665,0.0,24.0,0.0,8242.857,3457.1428,4590.476,4771.4287,5242.857,280392.84,283578.66,285544.53,294400.34,290732.4,0.026521856,0.009722286,0.016065374,0.018029924,0.02068568,44.0,98.0,142.0,0.09756097,0.03521127,,0.0
2025-11-24,6,0,0,0,0.76666665,0.0,24.0,0.0,10957.143,10171.429,10509.523,11242.857,11468.571,276453.16,279033.0,282334.8,292868.72,286420.16,0.042306058,0.03750093,0.034982033,0.037512194,0.03867947,45.0,91.0,135.0,0.0,0.033639003,,0.0
2025-11-24,7,0,0,1,0.76666665,0.0,24.0,0.0,12800.0,13492.857,13000.0,11267.857,10482.857,273747.44,272731.78,280197.25,285929.7,279648.66,0.046723377,0.047400042,0.044561367,0.038875885,0.036153786,35.0,69.0,114.0,0.09756097,0.052751012,,0.0
2025-11-24,8,0,0,0,0.76666665,0.0,24.0,0.0,9200.0,9214.286,15219.048,19078.572,17754.285,282971.0,278551.16,282421.28,294142.22,289385.78,0.04159937,0.033433557,0.04930249,0.060250167,0.05927966,35.0,79.0,111.0,0.14634146,0.045774646,,0.0
2025-11-24,9,0,1,1,0.76666665,0.0,24.0,0.0,4214.2856,10835.714,13866.667,16003.571,12805.714,269755.72,273493.44,278513.66,286637.8,278030.16,0.015913937,0.040389743,0.04825694,0.054546487,0.044726677,42.0,79.0,116.0,0.07317073,0.03547945,,0.33333334
2025-11-24,ã‚¾ãƒ­ç›®,0,0,0,0.76666665,0.0,24.0,0.0,13457.143,15550.0,17695.238,15839.286,16242.857,266543.16,271358.94,274200.62,282872.22,283793.72,0.048122916,0.03598644,0.051259555,0.048250142,0.048900362,34.0,86.0,117.0,0.024390243,0.038751386,,0.0
2025-11-25,0,0,0,0,0.8,1.0,25.0,0.0,19414.285,19921.428,16900.0,16978.572,15240.0,284963.16,290009.28,284098.0,286724.56,290570.25,0.06871471,0.07214027,0.05900402,0.057670683,0.049365874,35.0,70.0,113.0,0.12195122,0.036321186,,0.0
2025-11-25,1,0,0,1,0.8,1.0,25.0,0.0,7042.857,10271.429,9533.333,14375.0,15900.0,297494.44,307519.56,304765.16,306635.84,309588.56,0.025622565,0.034813534,0.033208888,0.047094226,0.053039823,46.0,86.0,125.0,0.024390243,0.046272263,,0.0
2025-11-25,2,1,1,1,0.8,1.0,25.0,0.0,9228.571,11407.143,11723.81,12432.143,12882.857,280736.16,292368.66,290482.66,293894.06,296610.28,0.025950016,0.03080915,0.034649108,0.03689892,0.041174922,38.0,80.0,123.0,0.07317073,0.047563225,,0.0
2025-11-25,3,0,0,0,0.8,1.0,25.0,0.0,-11742.857,-1178.5714,2361.9048,4657.143,8148.5713,267668.0,278246.94,276675.25,281472.94,285267.03,-0.045036096,-0.01385716,8.777318e-05,0.012295085,0.022908485,60.0,108.0,149.0,0.07317073,0.03312406,,0.0
2025-11-25,4,0,0,0,0.8,1.0,25.0,0.0,8385.714,6928.5713,7561.905,10589.286,10322.857,274033.0,279134.56,275270.84,279721.28,284272.7,0.031033687,0.023222905,0.027606728,0.036729366,0.035341322,44.0,90.0,132.0,0.07317073,0.0377796,,0.0
2025-11-25,5,0,0,0,0.8,1.0,25.0,0.0,2714.2856,2028.5714,2142.8572,4703.5713,4100.0,272205.84,288834.56,283766.1,287452.94,291243.75,0.008967536,0.005572236,0.008339581,0.01659624,0.01681223,45.0,97.0,148.0,0.09756097,0.03521127,,0.33333334
2025-11-25,6,0,0,1,0.8,1.0,25.0,0.0,10457.143,10464.286,9309.523,11642.857,11765.714,277270.44,286682.06,281819.66,288073.5,289625.84,0.040692657,0.037484556,0.031572394,0.038760103,0.03945431,45.0,90.0,138.0,0.14634146,0.033639003,,0.33333334
2025-11-25,7,0,0,0,0.8,1.0,25.0,0.0,13114.286,13964.286,13185.714,13092.857,10422.857,267515.16,277171.0,279247.2,279557.22,281899.16,0.048365295,0.04849649,0.045241546,0.04314659,0.03547991,32.0,66.0,110.0,0.07317073,0.052751012,,0.0
2025-11-25,8,0,1,1,0.8,1.0,25.0,0.0,6914.2856,9064.286,14785.714,17939.285,17794.285,279050.28,284861.22,280481.66,287964.94,291257.1,0.035132352,0.03159417,0.04825867,0.058356635,0.05914313,40.0,81.0,111.0,0.12195122,0.045774646,,0.0
2025-11-25,9,0,1,1,0.8,1.0,25.0,0.0,6385.7144,13150.0,13280.952,16910.715,13525.714,271019.56,279524.0,279397.8,282260.84,280558.16,0.022391787,0.047268216,0.04599872,0.0576963,0.046589248,39.0,72.0,117.0,0.09756097,0.03547945,,0.0
2025-11-25,ã‚¾ãƒ­ç›®,0,0,0,0.8,1.0,25.0,0.0,10442.857,16392.857,16795.238,16825.0,16717.143,266771.72,277153.84,273733.84,277053.2,285728.8,0.03826788,0.0393563,0.048445687,0.050512932,0.05076613,38.0,84.0,120.0,0.09756097,0.038751386,,0.33333334
2025-11-26,0,0,0,0,0.8333333,2.0,26.0,0.0,18600.0,20464.285,17685.715,17471.428,16088.571,284440.44,280661.28,284194.56,287161.44,290661.97,0.065777905,0.076117344,0.06207257,0.05951204,0.052700788,39.0,68.0,113.0,0.024390243,0.036321186,,0.0
2025-11-26,1,0,1,1,0.8333333,2.0,26.0,0.0,12457.143,13457.143,11547.619,15171.429,16248.571,297292.84,298735.44,303726.25,307193.06,309984.12,0.047205035,0.046479914,0.041109655,0.050165135,0.054288324,43.0,79.0,119.0,0.19512194,0.046272263,,0.33333334
2025-11-26,2,0,0,1,0.8333333,2.0,26.0,0.0,19742.857,13035.714,12919.048,13857.143,13260.0,282446.72,281282.84,290681.2,292550.1,296273.78,0.073198915,0.0406941,0.039828967,0.043259345,0.043024607,28.0,73.0,119.0,0.12195122,0.047563225,,0.6666667
2025-11-26,3,0,0,0,0.8333333,2.0,26.0,0.0,-4200.0,-5078.5713,2376.1904,4982.143,8360.0,270753.84,270693.16,276589.8,282722.22,283925.06,-0.014326687,-0.022236938,0.0001815676,0.013114628,0.024119006,57.0,112.0,153.0,0.07317073,0.03312406,,0.0
2025-11-26,4,0,0,1,0.8333333,2.0,26.0,0.0,4342.857,4528.5713,7404.7617,9971.429,9574.286,278411.16,270399.06,275068.8,279919.25,284156.84,0.012266919,0.015470551,0.026916249,0.03408537,0.032201998,51.0,95.0,134.0,0.07317073,0.0377796,,0.0
2025-11-26,5,0,0,0,0.8333333,2.0,26.0,0.0,6271.4287,3021.4285,347.61905,4721.4287,5040.0,273457.44,280610.94,284203.38,288910.9,291297.62,0.022555701,0.009317265,0.0012509641,0.016334008,0.020364719,45.0,95.0,155.0,0.048780486,0.03521127,,0.0
2025-11-26,6,0,0,0,0.8333333,2.0,26.0,0.0,3385.7144,11071.429,9995.238,11357.143,12434.286,275040.84,278072.84,282596.84,289084.22,290398.22,0.015358155,0.041920617,0.03407173,0.036938854,0.041998897,49.0,88.0,137.0,0.07317073,0.033639003,,0.0
2025-11-26,7,0,1,1,0.8333333,2.0,26.0,0.0,10800.0,11307.143,11895.238,12889.286,9254.286,275690.72,271955.84,278444.72,280758.84,282461.06,0.03820682,0.04005932,0.040503655,0.042410273,0.030701512,37.0,71.0,116.0,0.07317073,0.052751012,,0.0
2025-11-26,8,0,0,0,0.8333333,2.0,26.0,0.0,5728.5713,9207.143,16990.477,18382.143,16945.715,279405.0,275109.06,280741.9,287926.3,291469.78,0.030101681,0.035513125,0.05719743,0.060155965,0.05549257,40.0,79.0,102.0,0.17073171,0.045774646,,0.0
2025-11-26,9,1,1,1,0.8333333,2.0,26.0,0.0,14971.429,13128.571,15019.048,17903.572,14157.143,274982.56,273288.44,279396.28,283181.22,280790.03,0.05810986,0.049688146,0.05286649,0.06151544,0.04903862,32.0,72.0,112.0,0.09756097,0.03547945,,0.0
2025-11-26,ã‚¾ãƒ­ç›®,0,0,0,0.8333333,2.0,26.0,0.0,9157.143,2385.7144,15571.429,16992.857,16397.143,270207.56,261937.28,273767.84,277019.16,285782.34,0.03214952,0.0077822953,0.04316074,0.051232196,0.049377937,41.0,92.0,126.0,0.048780486,0.038751386,,0.0
2025-11-27,0,0,0,1,0.8666667,3.0,27.0,0.0,19128.572,17914.285,17623.809,17014.285,16825.715,278071.72,275399.56,281553.66,285045.1,287807.34,0.06870391,0.06596092,0.06197749,0.057655282,0.055599906,36.0,71.0,111.0,0.12195122,0.036321186,,0.33333334
2025-11-27,1,0,0,0,0.8666667,3.0,27.0,0.0,8700.0,14821.429,12628.571,16771.428,16622.857,299407.16,302673.16,304405.25,308660.84,309770.1,0.032472212,0.050003096,0.044700075,0.055798996,0.055647396,44.0,76.0,116.0,0.09756097,0.046272263,,0.33333334
2025-11-27,2,0,0,1,0.8666667,3.0,27.0,0.0,20742.857,9535.714,10157.143,13892.857,12334.286,279590.44,277725.22,287072.66,293768.8,294834.8,0.07733304,0.029369103,0.03170212,0.04321449,0.04009698,26.0,76.0,122.0,0.17073171,0.047563225,,0.0
2025-11-27,3,0,0,0,0.8666667,3.0,27.0,0.0,-3985.7144,-3935.7144,2909.524,4496.4287,7480.0,275225.16,273852.5,276892.66,281663.7,283115.94,-0.013417201,-0.016370403,0.0024995636,0.011308885,0.02080432,56.0,109.0,150.0,0.0,0.03312406,,0.0
2025-11-27,4,0,0,0,0.8666667,3.0,27.0,0.0,-1728.5714,5092.857,5861.905,9657.143,9968.571,265822.16,274463.06,275027.56,280551.28,283265.44,-0.00659368,0.018512513,0.020093549,0.032531478,0.0337846,54.0,92.0,135.0,0.048780486,0.0377796,,0.0
2025-11-27,5,0,0,0,0.8666667,3.0,27.0,0.0,7571.4287,2828.5715,-671.4286,3810.7144,4402.857,279248.28,279873.28,284791.38,288969.78,290123.53,0.029668652,0.008486425,-0.0031740249,0.012517006,0.018012151,44.0,97.0,158.0,0.024390243,0.03521127,,0.33333334
2025-11-27,6,0,1,1,0.8666667,3.0,27.0,0.0,771.4286,6900.0,9842.857,8575.0,11997.143,276191.56,278515.0,282532.28,286122.5,288729.1,0.0040260334,0.02305224,0.033352874,0.026450047,0.039580833,49.0,95.0,137.0,0.07317073,0.033639003,,0.0
2025-11-27,7,1,1,1,0.8666667,3.0,27.0,0.0,13271.429,13507.143,13942.857,14457.143,9948.571,279508.0,275793.66,280536.28,283579.1,282087.3,0.046562094,0.04817346,0.04872418,0.048947457,0.033484913,37.0,68.0,110.0,0.17073171,0.052751012,,0.0
2025-11-27,8,0,1,1,0.8666667,3.0,27.0,0.0,3385.7144,9621.429,16257.143,16085.714,15894.286,267479.16,276307.16,280684.9,283964.34,289556.34,0.02111276,0.037783932,0.0537788,0.052746944,0.051559314,45.0,80.0,105.0,0.09756097,0.045774646,,0.0
2025-11-27,9,0,0,0,0.8666667,3.0,27.0,0.0,21342.857,13014.286,14985.714,20510.715,15562.857,286424.16,279220.22,281282.16,284532.16,281981.84,0.07850516,0.045289643,0.051704552,0.07038322,0.053632256,26.0,71.0,110.0,0.07317073,0.03547945,,0.0
2025-11-27,ã‚¾ãƒ­ç›®,0,0,0,0.8666667,3.0,27.0,0.0,5828.5713,4014.2856,12409.523,15546.429,15542.857,271500.72,263934.34,271987.66,276470.4,283803.5,0.01637416,0.016558373,0.030648716,0.044993147,0.046262376,45.0,89.0,132.0,0.12195122,0.038751386,,0.0
2025-11-28,0,1,1,1,0.9,4.0,28.0,0.0,19657.143,16364.286,19538.096,17125.0,16891.428,290766.56,282722.72,287643.47,284634.16,290469.28,0.06577346,0.055728376,0.06882852,0.058104474,0.054777037,39.0,75.0,106.0,0.1,0.036321186,,0.0
2025-11-28,1,0,0,1,0.9,4.0,28.0,0.0,13328.571,16350.0,12442.857,15453.571,16905.715,312723.0,309500.94,308089.75,308626.25,312631.06,0.047686573,0.054099444,0.042554162,0.05168479,0.05576243,42.0,77.0,121.0,0.075,0.046272263,,0.0
2025-11-28,2,0,0,0,0.9,4.0,28.0,0.0,24785.715,13835.714,12042.857,14335.714,12391.429,300764.44,287279.44,292858.75,294384.34,298313.94,0.086656556,0.04589287,0.037672017,0.0444127,0.03851604,26.0,69.0,119.0,0.075,0.047563225,,0.0
2025-11-28,3,0,0,0,0.9,4.0,28.0,0.0,1185.7142,-3442.8572,4404.7617,3142.8572,7914.2856,292959.72,279949.44,283231.62,282252.9,286614.06,0.0078062173,-0.015653932,0.008589197,0.0068008355,0.022044064,53.0,113.0,147.0,0.075,0.03312406,,0.0
2025-11-28,4,0,0,1,0.9,4.0,28.0,0.0,-3385.7144,3778.5715,4761.905,7935.7144,9237.143,283713.72,282025.5,281345.1,279716.25,285123.84,-0.009499373,0.014381295,0.016106654,0.027196802,0.0312658,56.0,95.0,141.0,0.125,0.0377796,,0.0
2025-11-28,5,0,0,0,0.9,4.0,28.0,0.0,4628.5713,4242.857,-38.095238,3275.0,4191.4287,301479.84,291807.66,292371.44,289346.66,294096.72,0.011706133,0.014535036,-0.0008729198,0.010914664,0.016537966,53.0,97.0,160.0,0.1,0.03521127,,0.0
2025-11-28,6,0,0,0,0.9,4.0,28.0,0.0,5500.0,9428.571,11647.619,8175.0,13411.429,292254.44,284208.22,288961.9,286237.28,292174.88,0.018065434,0.030995168,0.039192237,0.02511088,0.04480842,47.0,91.0,134.0,0.175,0.033639003,,0.0
2025-11-28,7,0,1,1,0.9,4.0,28.0,0.0,22914.285,18185.715,16247.619,14775.0,12060.0,303954.0,287885.28,288122.62,284679.06,286312.28,0.074052416,0.06111105,0.053012595,0.049263142,0.03993116,31.0,63.0,109.0,0.075,0.052751012,,0.33333334
2025-11-28,8,0,0,0,0.9,4.0,28.0,0.0,7585.7144,13207.143,18247.62,17189.285,16631.428,281432.16,283884.94,287019.28,284985.94,292257.47,0.030578613,0.049080152,0.059303183,0.055963602,0.053037573,44.0,73.0,104.0,0.075,0.045774646,,0.33333334
2025-11-28,9,0,1,1,0.9,4.0,28.0,0.0,22928.572,12300.0,16061.904,18617.857,15482.857,304147.16,286607.44,286964.9,284581.97,286156.22,0.08247055,0.0404378,0.05577422,0.06443665,0.05207806,29.0,77.0,110.0,0.1,0.03547945,,0.33333334
2025-11-28,ã‚¾ãƒ­ç›®,0,0,0,0.9,4.0,28.0,0.0,11614.286,4050.0,13504.762,15400.0,13657.143,288493.0,272357.5,278511.38,276784.16,282235.72,0.03789413,0.013107027,0.033552095,0.044433925,0.041586176,42.0,94.0,135.0,0.025,0.038751386,,0.0
2025-11-29,0,0,0,0,0.93333334,5.0,29.0,0.0,24114.285,20150.0,19380.953,19046.428,18494.285,279607.16,281288.84,281146.2,284346.8,289362.56,0.08983245,0.07352387,0.07255271,0.067183964,0.06219481,32.0,70.0,105.0,0.075,0.036321186,,0.33333334
2025-11-29,1,0,0,0,0.93333334,5.0,29.0,0.0,17971.428,16550.0,11814.286,14789.286,16620.0,310252.0,307237.44,303619.38,308117.66,312869.38,0.06435974,0.05520975,0.041559312,0.049454458,0.054616198,36.0,79.0,122.0,0.075,0.046272263,,0.0
2025-11-29,2,0,0,1,0.93333334,5.0,29.0,0.0,15828.571,11271.429,10771.429,13507.143,11911.429,287233.84,283761.44,285899.28,292803.16,296859.78,0.049493566,0.033473574,0.031199144,0.040066086,0.03577069,35.0,76.0,120.0,0.175,0.047563225,,0.33333334
2025-11-29,3,1,1,1,0.93333334,5.0,29.0,0.0,-2971.4285,-2235.7144,3195.238,2110.7144,7771.4287,279924.28,275345.44,275858.06,280744.3,285523.62,-0.008472851,-0.011444929,0.004409215,0.0021313387,0.021266745,55.0,111.0,148.0,0.1,0.03312406,,0.0
2025-11-29,4,0,1,1,0.93333334,5.0,29.0,0.0,-1742.8572,5785.7144,5538.095,8085.7144,9754.286,274942.56,276202.72,275033.56,278340.5,284285.44,0.0010602683,0.02424798,0.02076998,0.028547605,0.034064837,51.0,92.0,136.0,0.075,0.0377796,,0.0
2025-11-29,5,0,1,1,0.93333334,5.0,29.0,0.0,4742.857,3021.4285,1280.9524,3428.5715,2920.0,300119.28,288875.28,288331.66,287993.44,294011.6,0.012116301,0.010038289,0.0031049352,0.011425716,0.011234297,49.0,101.0,155.0,0.075,0.03521127,,0.0
2025-11-29,6,0,0,0,0.93333334,5.0,29.0,0.0,1057.1428,9814.286,10423.81,9650.0,10994.286,283848.72,282595.72,281815.44,285341.03,291005.78,0.0011735325,0.03242716,0.03534991,0.031100601,0.035326373,49.0,90.0,135.0,0.075,0.033639003,,0.0
2025-11-29,7,0,0,0,0.93333334,5.0,29.0,0.0,23571.428,18700.0,17052.38,15867.857,13511.429,299244.16,284966.94,283348.06,284872.6,286770.34,0.07853483,0.06419516,0.05706071,0.053885672,0.046258546,26.0,64.0,103.0,0.125,0.052751012,,0.0
2025-11-29,8,0,0,1,0.93333334,5.0,29.0,0.0,2571.4285,12442.857,15442.857,16178.571,16677.143,277476.44,283070.0,279567.44,283678.6,291439.94,0.009565325,0.04561681,0.051100615,0.05180557,0.053105745,50.0,78.0,113.0,0.125,0.045774646,,0.33333334
2025-11-29,9,0,0,0,0.93333334,5.0,29.0,0.0,20842.857,15792.857,15876.19,18135.715,16477.143,303262.72,286576.66,283338.62,285280.84,286957.25,0.074429065,0.05484404,0.05632406,0.061959073,0.056347866,31.0,69.0,108.0,0.075,0.03547945,,0.0
2025-11-29,ã‚¾ãƒ­ç›®,0,0,0,0.93333334,5.0,29.0,0.0,5700.0,4742.857,11604.762,15396.429,13440.0,279002.56,270065.5,273273.34,275903.72,281131.44,0.015336246,0.015712114,0.027096042,0.04430768,0.040574897,48.0,94.0,141.0,0.025,0.038751386,,0.0
2025-11-30,0,0,0,0,0.96666664,6.0,30.0,0.0,24214.285,20550.0,19342.857,18546.428,20060.0,282561.16,281722.56,282189.1,284003.94,290199.5,0.08947433,0.07455179,0.072210886,0.065912776,0.06669227,37.0,71.0,108.0,0.075,0.036321186,,0.0
2025-11-30,1,0,1,1,0.96666664,6.0,30.0,0.0,25685.715,16371.429,13952.381,14650.0,15831.429,313322.72,307010.78,306192.75,306848.8,313589.47,0.08523868,0.054779306,0.047632962,0.049287096,0.05230204,35.0,82.0,119.0,0.125,0.046272263,,0.33333334
2025-11-30,2,1,1,1,0.96666664,6.0,30.0,0.0,17185.715,10814.286,12761.904,13760.714,12868.571,292054.44,284281.28,288489.0,292207.28,296612.06,0.052433595,0.032127377,0.03681245,0.040824663,0.038311616,38.0,80.0,116.0,0.05,0.047563225,,0.0
2025-11-30,3,0,0,0,0.96666664,6.0,30.0,0.0,21385.715,4521.4287,8995.238,7546.4287,10942.857,285162.0,274982.44,278054.25,279961.3,285405.7,0.060418773,0.007161832,0.020298382,0.01687462,0.02997448,45.0,109.0,143.0,0.05,0.03312406,,0.0
2025-11-30,4,0,0,1,0.96666664,6.0,30.0,0.0,6314.2856,10778.571,8266.667,8121.4287,11228.571,280675.56,277647.66,277481.94,278296.94,285322.5,0.022756167,0.03761567,0.028193833,0.028653894,0.037994567,47.0,83.0,130.0,0.075,0.0377796,,0.0
2025-11-30,5,0,1,1,0.96666664,6.0,30.0,0.0,11114.286,6842.857,3361.9048,3782.1428,3271.4285,301091.84,288052.34,288638.84,288049.94,294650.9,0.029781578,0.020469109,0.008871522,0.012391155,0.012090633,47.0,94.0,151.0,0.1,0.03521127,,0.33333334
2025-11-30,6,0,0,0,0.96666664,6.0,30.0,0.0,9442.857,9485.714,12157.143,10939.286,10660.0,282569.72,280346.66,281102.06,283561.5,290105.62,0.025891656,0.031735774,0.040414836,0.034636505,0.03449194,49.0,94.0,134.0,0.075,0.033639003,,0.33333334
2025-11-30,7,0,0,0,0.96666664,6.0,30.0,0.0,18528.572,13685.714,12566.667,14139.286,11937.143,302892.56,286742.0,281751.28,284875.53,287681.3,0.064904414,0.050064474,0.045380395,0.049159043,0.041846506,34.0,73.0,112.0,0.075,0.052751012,,0.0
2025-11-30,8,0,0,0,0.96666664,6.0,30.0,0.0,13300.0,14985.714,13609.523,16925.0,18320.0,282218.0,284714.56,279226.72,283460.7,291732.3,0.041586656,0.052845035,0.046129525,0.053917035,0.0577875,45.0,73.0,116.0,0.075,0.045774646,,0.0
2025-11-30,9,0,0,0,0.96666664,6.0,30.0,0.0,26685.715,17442.857,15590.477,17746.428,17157.143,303053.56,286815.78,283693.75,284451.6,288621.12,0.09064154,0.059439298,0.055458628,0.06105848,0.058307827,32.0,70.0,111.0,0.075,0.03547945,,0.0
2025-11-30,ã‚¾ãƒ­ç›®,0,0,1,0.96666664,6.0,30.0,0.0,9357.143,6285.7144,11076.19,15742.857,14065.714,279583.44,270472.78,274264.84,275605.2,281592.84,0.025994508,0.020207211,0.025315821,0.045330018,0.04241245,53.0,95.0,146.0,0.225,0.038751386,,0.0
2025-12-01,0,0,0,0,0.0,0.0,1.0,0.0,27814.285,21264.285,20404.762,17575.0,19620.0,290038.72,288307.0,285854.44,286287.6,292340.53,0.10018996,0.07695112,0.075618565,0.0629074,0.06528043,35.0,72.0,108.0,0.09756097,0.036321186,,0.33333334
2025-12-01,1,0,0,0,0.0,0.0,1.0,0.0,30071.428,14971.429,16066.667,14967.857,16562.857,319772.28,309428.94,309530.8,309287.25,315275.5,0.09609258,0.050234847,0.053202704,0.049550936,0.05401313,29.0,83.0,113.0,0.14634146,0.046272263,,0.33333334
2025-12-01,2,0,1,1,0.0,0.0,1.0,0.0,25357.143,16178.571,15128.571,14582.143,14382.857,298283.28,288015.72,290666.16,292660.7,299123.62,0.07431217,0.047040924,0.043020606,0.04290741,0.04228612,30.0,71.0,112.0,0.12195122,0.047563225,,0.0
2025-12-01,3,0,0,0,0.0,0.0,1.0,0.0,20085.715,7150.0,8733.333,9135.714,10768.571,292421.16,280448.56,280262.2,281606.44,288041.84,0.055357065,0.015034151,0.019183433,0.021438373,0.02891492,48.0,107.0,147.0,0.048780486,0.03312406,,0.0
2025-12-01,4,0,0,0,0.0,0.0,1.0,0.0,6414.2856,11785.714,8123.8096,6917.857,10614.286,292154.84,281689.06,279678.72,279593.06,287179.6,0.021097714,0.040121317,0.027417831,0.024911212,0.035710137,47.0,83.0,131.0,0.14634146,0.0377796,,0.33333334
2025-12-01,5,0,0,0,0.0,0.0,1.0,0.0,7742.857,7992.857,4885.7144,5378.5713,5365.7144,305041.56,292717.22,290732.94,290418.78,296528.6,0.01923033,0.022876093,0.012891634,0.016856613,0.018270005,49.0,93.0,147.0,0.09756097,0.03521127,,0.0
2025-12-01,6,0,0,0,0.0,0.0,1.0,0.0,1628.5714,6292.857,7323.8096,8289.286,9320.0,292571.28,284512.22,283545.75,284893.94,292809.22,0.0039722724,0.023139166,0.026324712,0.027229594,0.030804211,53.0,98.0,144.0,0.0,0.033639003,,0.0
2025-12-01,7,0,0,1,0.0,0.0,1.0,0.0,16514.285,14657.143,14500.0,13878.571,12317.143,309300.44,291523.94,284921.34,287473.03,290603.84,0.058194354,0.052458864,0.050998148,0.047969613,0.04273958,40.0,75.0,109.0,0.09756097,0.052751012,,0.0
2025-12-01,8,0,0,1,0.0,0.0,1.0,0.0,14285.714,11742.857,10904.762,14985.714,18120.0,289663.84,286317.44,282255.38,284231.94,293246.53,0.045394238,0.043496806,0.03742045,0.048325427,0.05727898,45.0,80.0,124.0,0.14634146,0.045774646,,0.0
2025-12-01,9,1,1,1,0.0,0.0,1.0,0.0,27642.857,15928.571,16438.096,17310.715,18331.428,312849.0,291302.34,286611.94,287097.5,291880.06,0.09213967,0.054026805,0.057639718,0.059227623,0.062065125,32.0,74.0,111.0,0.07317073,0.03547945,,0.0
2025-12-01,ã‚¾ãƒ­ç›®,0,1,1,0.0,0.0,1.0,0.0,8557.143,11007.143,13219.048,15410.714,14382.857,285139.44,275841.28,275952.44,276935.3,283325.66,0.022481551,0.035302233,0.03148481,0.044065055,0.043096423,54.0,88.0,140.0,0.024390243,0.038751386,,0.0
2025-12-02,0,0,0,1,0.032258064,1.0,2.0,0.0,20200.0,19807.143,20014.285,17725.0,17622.857,289259.16,287111.16,289759.25,285388.28,287231.5,0.076583534,0.07264912,0.073621355,0.0633989,0.061453253,41.0,76.0,111.0,0.12195122,0.036321186,,0.0
2025-12-02,1,1,1,1,0.032258064,1.0,2.0,0.0,20828.572,13935.714,13790.477,12357.143,15665.714,315119.84,306307.16,310053.0,307353.8,308332.66,0.0670239,0.046323236,0.045550324,0.04166264,0.05108016,37.0,83.0,123.0,0.024390243,0.046272263,,0.0
2025-12-02,2,0,0,1,0.032258064,1.0,2.0,0.0,25457.143,17342.857,16090.477,15157.143,15037.143,292061.28,286398.72,292266.2,290877.3,293527.5,0.07656044,0.05125523,0.04605958,0.04512694,0.044831224,29.0,67.0,109.0,0.07317073,0.047563225,,0.33333334
2025-12-02,3,0,0,0,0.032258064,1.0,2.0,0.0,26857.143,7557.143,8166.6665,8485.714,9097.143,296625.16,282146.56,284373.0,281662.72,284503.38,0.07759289,0.016278395,0.016626189,0.019464051,0.025354646,45.0,105.0,153.0,0.07317073,0.03312406,,0.0
2025-12-02,4,0,0,0,0.032258064,1.0,2.0,0.0,10442.857,9414.286,8100.0,8282.143,10560.0,288638.84,281335.94,282302.66,278612.84,281504.8,0.03392808,0.032480884,0.026791297,0.029187066,0.036169108,44.0,88.0,134.0,0.07317073,0.0377796,,0.0
2025-12-02,5,0,1,1,0.032258064,1.0,2.0,0.0,11428.571,7071.4287,5161.905,4464.2856,6048.5713,307774.56,289990.22,295147.9,289768.22,291517.25,0.03154251,0.020255024,0.014228995,0.0141403135,0.019585494,48.0,93.0,145.0,0.09756097,0.03521127,,0.0
2025-12-02,6,0,0,0,0.032258064,1.0,2.0,0.0,-1928.5714,4264.2856,6333.3335,6500.0,8928.571,289164.44,283217.44,287509.53,283655.84,288291.7,-0.007025906,0.016833376,0.022647737,0.02192282,0.029602902,57.0,102.0,147.0,0.14634146,0.033639003,,0.33333334
2025-12-02,7,0,0,0,0.032258064,1.0,2.0,0.0,16742.857,14928.571,14890.477,14075.0,13822.857,308665.0,288090.06,287669.0,286601.66,285378.78,0.059021793,0.053693544,0.052004922,0.048686605,0.046321634,40.0,72.0,106.0,0.07317073,0.052751012,,0.0
2025-12-02,8,0,1,1,0.032258064,1.0,2.0,0.0,16300.0,11607.143,11476.19,15164.286,17611.428,292857.56,285953.94,287526.66,283575.66,288943.47,0.051213674,0.043173015,0.038134005,0.04899742,0.056928042,42.0,82.0,123.0,0.12195122,0.045774646,,0.0
2025-12-02,9,0,0,0,0.032258064,1.0,2.0,0.0,27714.285,17050.0,18004.762,16889.285,19071.428,304886.72,287953.16,287978.25,285770.03,286786.03,0.0957775,0.059084643,0.063437976,0.058443412,0.06531254,31.0,70.0,103.0,0.09756097,0.03547945,,0.0
2025-12-02,ã‚¾ãƒ­ç›®,0,0,0,0.032258064,1.0,2.0,0.0,12928.571,11685.714,15238.096,15828.571,16045.714,284792.56,275782.16,279700.1,276498.53,278601.06,0.03681313,0.037540507,0.038508575,0.04553755,0.04777297,48.0,86.0,132.0,0.09756097,0.038751386,,0.33333334
2025-12-03,0,0,0,0,0.06451613,2.0,3.0,0.0,18728.572,18664.285,19885.715,17946.428,17722.857,291555.84,287998.16,284292.8,286034.9,288040.3,0.07025153,0.06801472,0.07416207,0.06411731,0.06165994,39.0,78.0,107.0,0.024390243,0.036321186,,0.0
2025-12-03,1,0,0,0,0.06451613,2.0,3.0,0.0,22500.0,17478.572,16471.428,14285.714,16637.143,321292.72,309292.78,306254.53,308117.84,310013.0,0.0699043,0.058554664,0.05428804,0.048308317,0.054112967,34.0,77.0,113.0,0.19512194,0.046272263,,0.33333334
2025-12-03,2,0,0,1,0.06451613,2.0,3.0,0.0,21842.857,20792.857,15971.429,15150.0,15454.286,296051.16,289248.94,286205.62,292023.7,293250.3,0.05937329,0.0662861,0.046920497,0.044715047,0.046482135,32.0,60.0,105.0,0.12195122,0.047563225,,0.33333334
2025-12-03,3,0,0,0,0.06451613,2.0,3.0,0.0,22971.428,9385.714,4271.4287,7525.0,8580.0,294298.72,282526.28,278561.66,281017.03,285037.5,0.062479507,0.02407641,0.006001877,0.015756052,0.022987604,46.0,103.0,158.0,0.07317073,0.03312406,,0.0
2025-12-03,4,0,1,1,0.06451613,2.0,3.0,0.0,12985.714,8664.286,7347.619,8800.0,10574.286,288684.16,283547.66,276494.1,278472.66,281672.22,0.044697184,0.028482052,0.025212763,0.031361483,0.03620773,39.0,90.0,134.0,0.07317073,0.0377796,,0.0
2025-12-03,5,0,0,1,0.06451613,2.0,3.0,0.0,13771.429,10021.429,6604.7617,3703.5715,6531.4287,308600.72,291029.06,289940.84,290302.72,292848.84,0.040012322,0.031284012,0.01954895,0.010941303,0.021069672,42.0,87.0,137.0,0.048780486,0.03521127,,0.0
2025-12-03,6,0,1,1,0.06451613,2.0,3.0,0.0,-7414.2856,-2014.2858,4909.524,5642.857,7602.857,289396.16,282218.5,281847.28,284296.7,289146.6,-0.028698944,-0.006670395,0.018380765,0.018379059,0.023811292,61.0,110.0,149.0,0.07317073,0.033639003,,0.0
2025-12-03,7,0,0,0,0.06451613,2.0,3.0,0.0,16342.857,13571.429,12985.714,13007.143,13580.0,302931.0,289310.84,282280.9,284566.28,285193.28,0.056419782,0.0473133,0.045512807,0.044482686,0.045212172,40.0,77.0,111.0,0.07317073,0.052751012,,0.0
2025-12-03,8,0,0,0,0.06451613,2.0,3.0,0.0,15142.857,10435.714,11185.714,16528.572,17734.285,301541.44,290473.22,283919.84,285941.78,290649.34,0.043533206,0.036817443,0.038186487,0.053781375,0.056831412,43.0,83.0,122.0,0.17073171,0.045774646,,0.0
2025-12-03,9,1,1,1,0.06451613,2.0,3.0,0.0,20357.143,17664.285,15538.096,16353.571,18394.285,301399.56,288191.06,282658.8,284897.1,286824.88,0.065670416,0.06189014,0.05501557,0.05606747,0.062346432,39.0,71.0,111.0,0.09756097,0.03547945,,0.33333334
2025-12-03,ã‚¾ãƒ­ç›®,0,0,0,0.06451613,2.0,3.0,0.0,12714.286,10935.714,5828.5713,14857.143,16137.143,285381.28,277794.44,269751.94,276671.22,278691.56,0.03591517,0.034032345,0.01715992,0.041349348,0.048168793,47.0,88.0,139.0,0.048780486,0.038751386,,0.0
2025-12-04,0,0,0,0,0.09677419,3.0,4.0,0.0,19685.715,19407.143,18504.762,18139.285,17548.572,311501.72,294786.72,287433.62,289040.7,290336.44,0.072358154,0.07053103,0.06809333,0.064572655,0.06059586,40.0,76.0,111.0,0.12195122,0.036321186,,0.33333334
2025-12-04,1,0,0,1,0.09677419,3.0,4.0,0.0,16957.143,12828.571,15533.333,13710.714,16808.572,320913.28,310160.22,308753.2,308532.25,311111.34,0.050758466,0.04161534,0.050254885,0.046214674,0.054790888,42.0,86.0,118.0,0.09756097,0.046272263,,0.0
2025-12-04,2,0,1,1,0.09677419,3.0,4.0,0.0,23842.857,22292.857,14304.762,13578.571,15882.857,299392.84,289491.66,284947.75,290152.72,294893.62,0.0662961,0.07181457,0.0416781,0.040350612,0.04783081,33.0,59.0,109.0,0.17073171,0.047563225,,0.0
2025-12-04,3,0,0,0,0.09677419,3.0,4.0,0.0,23700.0,9857.143,5276.1904,8107.143,8337.143,304065.84,289645.5,283923.62,283685.97,286144.12,0.06467171,0.025627254,0.010643635,0.0180426,0.02198145,47.0,103.0,156.0,0.0,0.03312406,,0.0
2025-12-04,4,0,0,0,0.09677419,3.0,4.0,0.0,16342.857,7307.143,8842.857,8482.143,10994.286,294240.84,280031.5,281055.66,279830.9,283289.2,0.057138383,0.025272353,0.031387802,0.029354757,0.037452858,37.0,91.0,129.0,0.048780486,0.0377796,,0.0
2025-12-04,5,0,1,1,0.09677419,3.0,4.0,0.0,17814.285,12692.857,7823.8096,3950.0,6611.4287,316056.28,297652.28,291934.28,292607.6,294387.1,0.05437342,0.042021036,0.02378209,0.011212836,0.02088829,37.0,81.0,134.0,0.024390243,0.03521127,,0.33333334
2025-12-04,6,1,1,1,0.09677419,3.0,4.0,0.0,1342.8572,1057.1428,5047.619,7717.857,7128.5713,296155.72,286173.66,284395.25,285938.16,288129.16,0.007262621,0.0056443275,0.017789034,0.026830312,0.022612562,52.0,101.0,147.0,0.07317073,0.033639003,,0.0
2025-12-04,7,0,0,0,0.09677419,3.0,4.0,0.0,9728.571,11500.0,12247.619,12889.286,13511.429,305189.44,292348.72,285592.25,286699.56,287901.16,0.030867629,0.038714863,0.042404853,0.04426004,0.045331493,48.0,85.0,116.0,0.17073171,0.052751012,,0.33333334
2025-12-04,8,0,0,0,0.09677419,3.0,4.0,0.0,18214.285,10800.0,12485.714,16746.428,16511.428,308342.84,287911.0,286985.72,287599.4,288840.06,0.056002,0.03855738,0.04385662,0.0543346,0.053397957,39.0,84.0,119.0,0.09756097,0.045774646,,0.0
2025-12-04,9,0,0,1,0.09677419,3.0,4.0,0.0,21957.143,21650.0,15995.238,16728.572,20800.0,298979.84,292702.0,285806.75,285706.56,287421.7,0.07237361,0.075439386,0.054317635,0.056871817,0.0707813,39.0,65.0,110.0,0.07317073,0.03547945,,0.0
2025-12-04,ã‚¾ãƒ­ç›®,0,0,0,0.09677419,3.0,4.0,0.0,14171.429,10000.0,7400.0,12850.0,15271.429,294373.84,282937.28,274080.84,277584.22,280051.1,0.04176936,0.02907176,0.024962036,0.033428878,0.044348393,48.0,93.0,137.0,0.12195122,0.038751386,,0.0
2025-12-05,0,0,0,0,0.12903225,4.0,5.0,0.0,13857.143,16757.143,15528.571,18117.857,16471.428,298850.56,294808.56,288098.66,290445.25,287477.44,0.052599806,0.059186634,0.05468552,0.06477134,0.057003543,43.0,82.0,118.0,0.1,0.036321186,,0.33333334
2025-12-05,1,1,1,1,0.12903225,4.0,5.0,0.0,13657.143,13492.857,15452.381,12746.429,15094.286,312585.28,312654.16,310529.06,309213.66,309418.06,0.040962767,0.04432467,0.04972055,0.042156313,0.049540386,41.0,83.0,118.0,0.075,0.046272263,,0.0
2025-12-05,2,0,0,0,0.12903225,4.0,5.0,0.0,21842.857,23314.285,16504.762,14492.857,15837.143,287991.56,294378.0,287516.8,291641.97,293105.8,0.06335698,0.07500677,0.05171424,0.04409326,0.048201557,31.0,57.0,100.0,0.075,0.047563225,,0.0
2025-12-05,3,0,0,0,0.12903225,4.0,5.0,0.0,20528.572,10857.143,4547.619,8435.714,6620.0,294544.28,293752.0,284814.38,286059.78,284711.16,0.054289296,0.031047758,0.007660477,0.02001422,0.016298527,46.0,99.0,159.0,0.075,0.03312406,,0.0
2025-12-05,4,0,0,1,0.12903225,4.0,5.0,0.0,16628.572,6621.4287,8061.905,7728.5713,9674.286,282190.44,282952.06,282080.47,281556.44,280211.1,0.05504504,0.022772832,0.027935876,0.02584125,0.03276645,35.0,91.0,130.0,0.125,0.0377796,,0.0
2025-12-05,5,0,0,0,0.12903225,4.0,5.0,0.0,19171.428,11900.0,9219.048,4764.2856,6454.2856,299128.44,300304.16,294247.9,294060.7,291303.0,0.06206231,0.03688422,0.030377459,0.014860887,0.021144193,30.0,83.0,127.0,0.1,0.03521127,,0.0
2025-12-05,6,0,1,1,0.12903225,4.0,5.0,0.0,3242.8572,4371.4287,7366.6665,9546.429,7188.5713,285589.44,288921.94,284668.62,288118.78,286107.72,0.020552823,0.019309128,0.027514387,0.034532383,0.024199268,50.0,97.0,141.0,0.175,0.033639003,,0.0
2025-12-05,7,0,0,1,0.12903225,4.0,5.0,0.0,685.7143,11800.0,12352.381,12357.143,11957.143,287318.72,295636.34,287696.44,287921.66,285207.0,0.005915008,0.039983712,0.04271237,0.0412382,0.040593516,53.0,84.0,116.0,0.075,0.052751012,,0.33333334
2025-12-05,8,0,0,0,0.12903225,4.0,5.0,0.0,8614.286,8100.0,11676.19,15839.286,15474.286,292312.84,286872.5,286694.25,288342.7,286451.3,0.021954171,0.026266392,0.04003816,0.04996593,0.049161717,47.0,91.0,120.0,0.075,0.045774646,,0.0
2025-12-05,9,0,1,1,0.12903225,4.0,5.0,0.0,22000.0,22464.285,15533.333,17546.428,19294.285,286185.28,295166.22,286466.72,286770.0,284902.62,0.075091094,0.07878082,0.051988896,0.060603436,0.06656754,34.0,63.0,111.0,0.1,0.03547945,,0.33333334
2025-12-05,ã‚¾ãƒ­ç›®,0,0,0,0.12903225,4.0,5.0,0.0,5500.0,8557.143,4533.3335,11503.571,13420.0,279956.44,284224.72,274890.47,278872.66,277418.6,0.007788309,0.022841219,0.011334121,0.02711115,0.0371048,52.0,94.0,146.0,0.025,0.038751386,,0.0
2025-12-06,0,0,0,0,0.16129032,5.0,6.0,0.0,3428.5715,13771.429,14576.19,15392.857,15922.857,305337.72,292472.44,289305.16,287194.06,288545.0,0.006217858,0.048025154,0.051088534,0.055969,0.054990742,53.0,85.0,123.0,0.075,0.036321186,,0.33333334
2025-12-06,1,0,0,0,0.16129032,5.0,6.0,0.0,15357.143,16664.285,16152.381,12700.0,14902.857,313365.28,311808.66,309280.06,306055.84,309167.16,0.04696535,0.055662543,0.052461617,0.04291082,0.048956636,37.0,73.0,116.0,0.075,0.046272263,,0.0
2025-12-06,2,0,0,0,0.16129032,5.0,6.0,0.0,24400.0,20114.285,15647.619,14178.571,15685.714,295440.72,291337.28,287654.53,288284.66,293330.66,0.077746406,0.063619986,0.048231184,0.04283596,0.04760215,27.0,62.0,103.0,0.175,0.047563225,,0.33333334
2025-12-06,3,0,0,0,0.16129032,5.0,6.0,0.0,18357.143,7692.857,4628.5713,6985.7144,5360.0,304974.56,292449.44,285221.8,283137.2,285590.38,0.047217835,0.019372491,0.008109326,0.01511137,0.011148638,48.0,103.0,159.0,0.1,0.03312406,,0.33333334
2025-12-06,4,0,1,1,0.16129032,5.0,6.0,0.0,13971.429,6114.2856,8514.286,7646.4287,9262.857,288514.16,281728.34,280306.53,278403.72,280375.22,0.040587176,0.020823723,0.029694378,0.025724279,0.03095552,36.0,87.0,128.0,0.075,0.0377796,,0.0
2025-12-06,5,1,1,1,0.16129032,5.0,6.0,0.0,19685.715,12214.286,8576.19,5882.143,6680.0,301761.72,300940.5,293170.75,291689.2,290747.1,0.06417658,0.038146444,0.028084388,0.018372847,0.02197589,30.0,79.0,131.0,0.075,0.03521127,,0.0
2025-12-06,6,0,1,1,0.16129032,5.0,6.0,0.0,5542.857,3300.0,8390.477,9203.571,8828.571,290211.28,287030.0,285134.25,283914.4,286315.1,0.030253941,0.015713736,0.031702753,0.034075916,0.03093127,46.0,95.0,136.0,0.075,0.033639003,,0.0
2025-12-06,7,0,0,0,0.16129032,5.0,6.0,0.0,-2514.2856,10528.571,11628.571,12160.714,12191.429,285798.56,292521.34,285244.16,283960.7,285057.8,-0.0074382066,0.03554831,0.040317375,0.040935982,0.0416209,55.0,81.0,119.0,0.125,0.052751012,,0.0
2025-12-06,8,0,0,1,0.16129032,5.0,6.0,0.0,8414.286,5492.857,11100.0,13685.714,14625.714,294954.16,286215.28,287031.38,283414.1,285933.72,0.02150292,0.0155341225,0.037578847,0.04370119,0.04574504,45.0,95.0,123.0,0.125,0.045774646,,0.0
2025-12-06,9,0,0,0,0.16129032,5.0,6.0,0.0,20800.0,20821.428,17461.904,17107.143,18668.572,286391.72,294827.22,286515.0,284101.9,285503.03,0.070082344,0.0722557,0.059923474,0.059763633,0.063583724,33.0,64.0,102.0,0.075,0.03547945,,0.0
2025-12-06,ã‚¾ãƒ­ç›®,0,0,1,0.16129032,5.0,6.0,0.0,4000.0,4850.0,4495.2383,9703.571,13117.143,284928.16,281965.34,275019.72,276187.03,277708.6,0.0022126124,0.00877443,0.011212281,0.020875186,0.03588867,52.0,100.0,146.0,0.025,0.038751386,,0.0
2025-12-07,0,0,0,1,0.19354838,6.0,7.0,0.0,1485.7142,12850.0,14195.238,14878.571,15134.286,307354.84,294958.0,290266.66,288480.53,288674.12,0.00066852674,0.045071427,0.049924035,0.054325297,0.052863926,56.0,93.0,127.0,0.075,0.036321186,,0.0
2025-12-07,1,1,1,1,0.19354838,6.0,7.0,0.0,14771.429,20228.572,15838.096,14157.143,14674.286,310381.44,311852.06,308134.34,307239.94,307555.34,0.045797404,0.065518044,0.05178534,0.04717407,0.04858916,38.0,73.0,120.0,0.125,0.046272263,,0.33333334
2025-12-07,2,0,0,0,0.19354838,6.0,7.0,0.0,17300.0,17242.857,12976.19,13896.429,14468.571,293445.0,292749.72,287335.84,289728.0,292454.84,0.058494497,0.055464044,0.040916417,0.04223296,0.04435863,32.0,70.0,112.0,0.05,0.047563225,,0.33333334
2025-12-07,3,0,0,0,0.19354838,6.0,7.0,0.0,3728.5715,12557.143,4257.143,7678.5713,6782.857,301395.0,293278.5,283786.62,283889.44,284248.06,0.0076866113,0.034052692,0.0073367585,0.01714544,0.015037018,54.0,99.0,163.0,0.05,0.03312406,,0.0
2025-12-07,4,0,1,1,0.19354838,6.0,7.0,0.0,15500.0,10907.143,12352.381,10075.0,9597.143,282768.28,281721.94,279354.53,278803.53,279191.2,0.046983056,0.03486961,0.040738136,0.03289114,0.03231973,37.0,84.0,120.0,0.075,0.0377796,,0.0
2025-12-07,5,0,1,1,0.19354838,6.0,7.0,0.0,29371.428,20242.857,14352.381,9864.286,8900.0,302016.16,301554.0,292706.94,291983.2,290843.16,0.09071482,0.0602482,0.043884348,0.029332347,0.028055888,28.0,75.0,122.0,0.1,0.03521127,,0.33333334
2025-12-07,6,0,0,0,0.19354838,6.0,7.0,0.0,12514.286,10978.571,10495.238,12246.429,11254.286,295481.84,289025.78,285391.72,284697.0,285945.56,0.04865781,0.03727473,0.037376452,0.042475577,0.037440766,38.0,87.0,132.0,0.075,0.033639003,,0.0
2025-12-07,7,0,0,0,0.19354838,6.0,7.0,0.0,6542.857,12535.714,11304.762,11060.714,12620.0,289276.16,296084.34,287586.72,283632.5,285755.66,0.016773527,0.04083897,0.03896749,0.03822868,0.04268194,50.0,84.0,123.0,0.075,0.052751012,,0.0
2025-12-07,8,0,0,0,0.19354838,6.0,7.0,0.0,10028.571,11664.286,13333.333,12714.286,15545.714,296058.84,289138.44,288496.0,283434.75,285980.3,0.025689742,0.033638198,0.04379327,0.041019578,0.048271574,45.0,90.0,118.0,0.075,0.045774646,,0.0
2025-12-07,9,0,0,1,0.19354838,6.0,7.0,0.0,14842.857,20764.285,16576.191,15403.571,17165.715,287330.84,295192.22,286987.47,284603.03,285027.47,0.053677026,0.07215928,0.05751854,0.05501323,0.059582192,36.0,68.0,106.0,0.075,0.03547945,,0.0
2025-12-07,ã‚¾ãƒ­ç›®,0,0,0,0.19354838,6.0,7.0,0.0,5014.2856,7185.7144,5861.905,9560.714,13597.143,284077.72,281830.56,275007.75,276718.06,277299.7,0.0053290017,0.015661756,0.015247809,0.020319117,0.037329815,48.0,101.0,143.0,0.225,0.038751386,,0.0
2025-12-08,0,0,0,0,0.22580644,0.0,8.0,0.0,7500.0,17657.143,16676.191,17178.572,15560.0,307797.0,298917.84,294803.66,291340.06,290589.5,0.016055124,0.05812254,0.056652453,0.060727704,0.053536944,51.0,86.0,123.0,0.09756097,0.036321186,,0.33333334
2025-12-08,1,0,0,1,0.22580644,0.0,8.0,0.0,16328.571,23200.0,15423.81,16132.143,15240.0,313011.44,316391.84,310623.1,310400.97,310032.1,0.048976347,0.072534464,0.049815346,0.052146114,0.049436018,37.0,66.0,120.0,0.14634146,0.046272263,,0.0
2025-12-08,2,0,0,0,0.22580644,0.0,8.0,0.0,13142.857,19250.0,15166.667,14632.143,14294.286,297329.56,297806.44,291120.34,292332.0,293594.47,0.046705525,0.06050885,0.046929125,0.043941837,0.04366703,37.0,67.0,108.0,0.12195122,0.047563225,,0.0
2025-12-08,3,0,1,1,0.22580644,0.0,8.0,0.0,628.5714,10357.143,4976.1904,6707.143,7434.2856,304826.56,298623.84,288574.56,286403.28,286250.47,-0.00045896313,0.02744905,0.00986978,0.014272833,0.017058907,58.0,106.0,165.0,0.048780486,0.03312406,,0.0
2025-12-08,4,0,0,0,0.22580644,0.0,8.0,0.0,19285.715,12850.0,14285.714,10914.286,9391.429,281921.16,287038.0,281766.44,280239.3,280058.7,0.05733979,0.039218754,0.04586081,0.034898322,0.03139693,34.0,81.0,117.0,0.14634146,0.0377796,,0.33333334
2025-12-08,5,0,1,1,0.22580644,0.0,8.0,0.0,31028.572,19385.715,15671.429,11421.429,10508.571,305558.72,305300.16,296997.72,294439.4,293446.78,0.09407635,0.05665334,0.046609513,0.033187814,0.03230056,28.0,77.0,121.0,0.09756097,0.03521127,,0.0
2025-12-08,6,0,0,0,0.22580644,0.0,8.0,0.0,18142.857,9885.714,10242.857,10028.571,10260.0,296881.0,294726.16,288635.16,286879.56,287291.34,0.0637134,0.03384284,0.036663912,0.035671886,0.034526356,37.0,90.0,135.0,0.0,0.033639003,,0.0
2025-12-08,7,1,1,1,0.22580644,0.0,8.0,0.0,3885.7144,10200.0,11066.667,11846.429,11880.0,290811.84,300056.16,291286.56,286393.97,288140.8,0.009914551,0.03405445,0.038277425,0.040727247,0.040358603,51.0,91.0,126.0,0.09756097,0.052751012,,0.0
2025-12-08,8,0,0,0,0.22580644,0.0,8.0,0.0,12214.286,13250.0,11900.0,11232.143,14431.429,299993.28,294828.56,290876.06,286689.84,287384.2,0.031538203,0.038466223,0.039510604,0.03594989,0.04496798,43.0,88.0,123.0,0.14634146,0.045774646,,0.0
2025-12-08,9,0,0,0,0.22580644,0.0,8.0,0.0,16400.0,22021.428,16085.714,16428.572,17128.572,286282.16,299565.56,289628.94,286529.5,286934.44,0.057953086,0.075046375,0.055335563,0.05771806,0.058972716,35.0,67.0,109.0,0.07317073,0.03547945,,0.33333334
2025-12-08,ã‚¾ãƒ­ç›®,0,0,1,0.22580644,0.0,8.0,0.0,5100.0,6828.5713,9038.096,11189.286,13348.571,283080.56,284110.0,278254.38,277734.47,278164.38,0.0057420656,0.0141118085,0.025448846,0.025049124,0.036400456,51.0,105.0,139.0,0.024390243,0.038751386,,0.0
2025-12-09,0,0,1,1,0.2580645,1.0,9.0,0.0,7614.2856,13907.143,15742.857,16914.285,15702.857,294079.0,291669.06,289433.75,290839.2,287126.44,0.017812748,0.047198143,0.054370333,0.059669204,0.054281667,53.0,94.0,129.0,0.12195122,0.036321186,,0.0
2025-12-09,1,0,0,0,0.2580645,1.0,9.0,0.0,25157.143,22992.857,17676.191,16632.143,14917.143,303352.0,309235.94,305322.1,308377.75,306553.47,0.082555205,0.074789554,0.058400556,0.054801542,0.049841154,30.0,67.0,113.0,0.024390243,0.046272263,,0.33333334
2025-12-09,2,0,0,0,0.2580645,1.0,9.0,0.0,5771.4287,15614.286,13485.714,13510.714,13280.0,284826.56,288443.94,285874.66,290406.28,289667.16,0.017467864,0.04701415,0.039992772,0.038911648,0.039595123,45.0,74.0,112.0,0.07317073,0.047563225,,0.33333334
2025-12-09,3,0,0,0,0.2580645,1.0,9.0,0.0,4728.5713,15792.857,6614.2856,7307.143,7734.2856,285525.0,291075.06,283272.72,284661.0,282435.16,0.02187458,0.049733732,0.01814379,0.017938286,0.019946158,53.0,98.0,158.0,0.07317073,0.03312406,,0.0
2025-12-09,4,0,1,1,0.2580645,1.0,9.0,0.0,17714.285,14078.571,12180.952,10503.571,10168.571,265759.0,277198.94,276143.62,278166.75,276042.1,0.05333432,0.0436312,0.03943203,0.033427052,0.034016516,38.0,82.0,126.0,0.07317073,0.0377796,,0.0
2025-12-09,5,0,0,0,0.2580645,1.0,9.0,0.0,36285.715,23857.143,16809.523,12942.857,10828.571,289137.72,298456.16,289706.06,293645.34,289642.12,0.11922907,0.075385794,0.05324637,0.04047901,0.035158064,21.0,69.0,114.0,0.09756097,0.03521127,,0.0
2025-12-09,6,0,0,0,0.2580645,1.0,9.0,0.0,23657.143,10864.286,10728.571,10664.286,9931.429,279290.84,284227.66,281908.56,285454.84,282782.84,0.08943001,0.04120205,0.041032255,0.039343305,0.035424255,35.0,92.0,137.0,0.14634146,0.033639003,,0.33333334
2025-12-09,7,0,0,1,0.2580645,1.0,9.0,0.0,8385.714,12564.286,12747.619,13264.286,12937.143,276030.44,292347.72,284070.2,284759.34,284487.4,0.035265565,0.04714368,0.047550883,0.047820084,0.0460024,47.0,87.0,119.0,0.07317073,0.052751012,,0.0
2025-12-09,8,0,0,0,0.2580645,1.0,9.0,0.0,12500.0,14400.0,11904.762,11732.143,14631.429,287533.84,290195.72,286480.56,287528.47,284367.28,0.036902633,0.04405815,0.041082885,0.03782616,0.046578463,46.0,88.0,128.0,0.12195122,0.045774646,,0.0
2025-12-09,9,0,0,1,0.2580645,1.0,9.0,0.0,15185.714,21450.0,16428.572,17300.0,16548.572,279458.84,292172.78,285121.72,285848.4,284507.8,0.056710996,0.07624425,0.05829343,0.06175623,0.05809693,40.0,71.0,110.0,0.09756097,0.03547945,,0.0
2025-12-09,ã‚¾ãƒ­ç›®,1,1,1,0.2580645,1.0,9.0,0.0,4485.7144,8707.143,9285.714,12550.0,13560.0,269184.56,276988.56,273582.94,277071.22,275035.75,0.010400886,0.023607008,0.028493965,0.031481653,0.038510215,54.0,102.0,140.0,0.09756097,0.038751386,,0.0
2025-12-10,0,0,0,0,0.29032257,2.0,10.0,0.0,9642.857,14185.714,15657.143,17325.0,16285.714,287730.16,289643.0,287908.8,285152.16,286373.94,0.028502986,0.04937726,0.05484414,0.0627473,0.05699445,51.0,90.0,129.0,0.024390243,0.036321186,,0.0
2025-12-10,1,0,0,0,0.29032257,2.0,10.0,0.0,19028.572,20764.285,17995.238,17110.715,15234.286,297807.56,309550.16,305464.38,304142.78,306055.8,0.06187356,0.06588893,0.059660964,0.056184422,0.051021364,37.0,71.0,114.0,0.19512194,0.046272263,,0.33333334
2025-12-10,2,1,1,1,0.29032257,2.0,10.0,0.0,5071.4287,13457.143,15552.381,13246.429,13134.286,285982.28,291016.72,288160.06,286149.78,290815.4,0.014486606,0.036929946,0.049019605,0.038812023,0.03866936,47.0,79.0,107.0,0.12195122,0.047563225,,0.0
2025-12-10,3,0,0,0,0.29032257,2.0,10.0,0.0,4057.1428,13514.286,7609.524,4217.857,6831.4287,286809.72,290554.22,283954.1,280623.7,282175.56,0.019121122,0.040800314,0.022424648,0.009281688,0.016429067,55.0,101.0,158.0,0.07317073,0.03312406,,0.0
2025-12-10,4,0,0,0,0.29032257,2.0,10.0,0.0,21971.428,17478.572,13100.0,11003.571,11434.286,267462.84,278073.5,278186.06,274236.28,276270.7,0.07026328,0.057480235,0.04240913,0.036475394,0.03914184,34.0,73.0,124.0,0.07317073,0.0377796,,0.0
2025-12-10,5,0,0,0,0.29032257,2.0,10.0,0.0,29914.285,21842.857,16652.38,12432.143,8945.714,284966.84,296783.78,289008.34,288697.34,289235.53,0.09485874,0.06743553,0.05247559,0.0383764,0.027724791,29.0,71.0,116.0,0.048780486,0.03521127,,0.0
2025-12-10,6,0,1,1,0.29032257,2.0,10.0,0.0,19128.572,5857.143,5033.3335,8464.286,8340.0,277541.0,283468.56,280659.34,280770.72,282945.53,0.070513874,0.020907465,0.019057695,0.031414043,0.028806023,37.0,98.0,147.0,0.07317073,0.033639003,,0.0
2025-12-10,7,0,0,1,0.29032257,2.0,10.0,0.0,13185.714,14764.286,13442.857,13035.714,13042.857,276194.84,289562.94,284938.84,280759.4,282892.0,0.05695556,0.05668767,0.050527386,0.048373494,0.046977263,41.0,81.0,118.0,0.07317073,0.052751012,,0.0
2025-12-10,8,0,0,0,0.29032257,2.0,10.0,0.0,9985.714,12564.286,10285.714,10885.714,15220.0,278928.28,290234.84,286624.9,282671.97,284539.1,0.029770153,0.03665168,0.034468345,0.036082402,0.04897913,50.0,93.0,133.0,0.17073171,0.045774646,,0.0
2025-12-10,9,0,1,1,0.29032257,2.0,10.0,0.0,20814.285,20585.715,18714.285,16857.143,17245.715,281515.0,291457.28,285965.72,282372.84,284220.7,0.08050433,0.07308737,0.06809487,0.06138776,0.060954843,34.0,73.0,105.0,0.09756097,0.03547945,,0.6666667
2025-12-10,ã‚¾ãƒ­ç›®,0,0,1,0.29032257,2.0,10.0,0.0,10528.571,11621.429,10800.0,7003.5713,13991.429,270184.72,277783.0,275257.84,269860.16,275373.9,0.03526987,0.035592522,0.034444854,0.021687409,0.040133454,47.0,94.0,135.0,0.048780486,0.038751386,,0.0
2025-12-11,0,0,0,0,0.32258064,3.0,11.0,0.0,2928.5715,11307.143,13914.286,14610.714,15097.143,283778.56,297640.16,291117.34,286519.84,287988.25,0.00506689,0.03871252,0.048709653,0.052336723,0.052671503,55.0,95.0,131.0,0.12195122,0.036321186,,0.0
2025-12-11,1,1,1,1,0.32258064,3.0,11.0,0.0,17628.572,17292.857,14428.571,16057.143,14494.286,301366.0,311139.66,307228.8,306906.4,307099.0,0.05735029,0.05405438,0.046860322,0.052028738,0.048441797,34.0,76.0,120.0,0.09756097,0.046272263,,0.0
2025-12-11,2,0,0,1,0.32258064,3.0,11.0,0.0,13771.429,18807.143,19452.38,14171.429,13617.143,298731.44,299062.16,292571.56,288393.7,291868.47,0.035608985,0.050952543,0.059746042,0.040160824,0.039402287,43.0,76.0,102.0,0.17073171,0.047563225,,0.0
2025-12-11,3,0,0,0,0.32258064,3.0,11.0,0.0,642.8571,12171.429,6785.7144,4117.857,6614.2856,284318.44,294192.16,287869.8,284022.3,283812.47,0.0073944516,0.03603308,0.019549653,0.009831339,0.01591297,56.0,103.0,159.0,0.0,0.03312406,,0.0
2025-12-11,4,0,1,1,0.32258064,3.0,11.0,0.0,17271.428,16807.143,10628.571,10950.0,10240.0,271630.28,282935.56,277231.1,278699.3,278190.78,0.05281602,0.0549772,0.034453575,0.036744855,0.03404701,37.0,74.0,128.0,0.048780486,0.0377796,,0.0
2025-12-11,5,0,0,1,0.32258064,3.0,11.0,0.0,22714.285,20264.285,16033.333,11546.429,7702.857,280599.84,298328.06,291968.16,289100.7,290206.06,0.06866783,0.061520625,0.0509033,0.035003524,0.022703836,35.0,72.0,116.0,0.024390243,0.03521127,,0.33333334
2025-12-11,6,0,0,0,0.32258064,3.0,11.0,0.0,15385.714,8364.286,5833.3335,7632.143,9251.429,278525.72,287340.72,283624.34,282927.84,284455.66,0.056681145,0.031971883,0.022656599,0.02751206,0.032800477,38.0,90.0,139.0,0.07317073,0.033639003,,0.33333334
2025-12-11,7,0,0,0,0.32258064,3.0,11.0,0.0,13628.571,11678.571,12209.523,12592.857,13037.143,286078.84,295634.16,290258.75,285713.9,286575.44,0.05921477,0.0450412,0.045548167,0.04660733,0.047250986,35.0,83.0,120.0,0.17073171,0.052751012,,0.33333334
2025-12-11,8,0,0,0,0.32258064,3.0,11.0,0.0,6442.857,12328.571,9347.619,10975.0,14685.714,281177.16,294760.0,285666.38,285533.56,286314.94,0.016501551,0.036251776,0.031205436,0.037017856,0.04676799,52.0,91.0,136.0,0.09756097,0.045774646,,0.0
2025-12-11,9,0,1,1,0.32258064,3.0,11.0,0.0,21085.715,21521.428,21461.904,17267.857,17600.0,293106.72,296043.28,292836.9,287631.75,287186.6,0.075166695,0.07377016,0.07534849,0.0595299,0.060530793,35.0,74.0,100.0,0.07317073,0.03547945,,0.0
2025-12-11,ã‚¾ãƒ­ç›®,0,0,0,0.32258064,3.0,11.0,0.0,10014.286,12092.857,10004.762,8053.5713,12282.857,270886.72,282630.28,278920.44,273282.3,276244.72,0.033423994,0.037596676,0.030522505,0.027077524,0.0334279,42.0,90.0,135.0,0.12195122,0.038751386,,0.0
2025-12-12,0,0,0,0,0.3548387,4.0,12.0,0.0,3071.4285,8464.286,12195.238,12414.286,15108.571,291263.84,295057.22,293627.0,288889.97,290608.97,0.00668451,0.029642157,0.041685924,0.042685267,0.053153973,57.0,100.0,139.0,0.1,0.036321186,,0.33333334
2025-12-12,1,0,1,1,0.3548387,4.0,12.0,0.0,22757.143,18207.143,16580.953,17278.572,14748.571,311651.0,312118.16,312319.75,310809.53,309701.12,0.07211837,0.05654057,0.053589236,0.055320006,0.048148725,30.0,71.0,113.0,0.075,0.046272263,,0.33333334
2025-12-12,2,0,0,0,0.3548387,4.0,12.0,0.0,12042.857,16942.857,19557.143,15389.286,14002.857,305461.84,296726.72,298072.62,292003.06,294405.94,0.027743941,0.04555046,0.059252493,0.045721665,0.040823396,46.0,77.0,103.0,0.075,0.047563225,,0.0
2025-12-12,3,1,1,1,0.3548387,4.0,12.0,0.0,842.8571,10685.714,7519.048,3621.4285,6917.143,289685.28,292114.78,292396.44,286032.1,286784.88,0.00843492,0.03136211,0.023510145,0.007854087,0.01769836,58.0,104.0,157.0,0.075,0.03312406,,0.0
2025-12-12,4,0,0,0,0.3548387,4.0,12.0,0.0,22114.285,19371.428,11785.714,11575.0,10605.714,280247.44,281218.94,282050.53,281622.22,281294.62,0.07214254,0.06359379,0.0392294,0.038987543,0.035101507,30.0,65.0,121.0,0.125,0.0377796,,0.0
2025-12-12,5,0,0,0,0.3548387,4.0,12.0,0.0,22028.572,20600.0,15276.19,12421.429,8217.143,290308.56,294718.5,296972.28,293263.06,293310.25,0.06382447,0.062943384,0.045864303,0.03873921,0.024653602,36.0,66.0,119.0,0.1,0.03521127,,0.0
2025-12-12,6,0,0,1,0.3548387,4.0,12.0,0.0,8428.571,5835.7144,5723.8096,7632.143,9322.857,285389.16,285489.28,287744.34,284848.75,287572.84,0.027274162,0.023913492,0.021964138,0.02745433,0.03308074,45.0,95.0,142.0,0.175,0.033639003,,0.0
2025-12-12,7,0,1,1,0.3548387,4.0,12.0,0.0,14342.857,7514.2856,12647.619,12850.0,12754.286,291535.16,289426.94,294269.28,288656.1,288644.34,0.06147177,0.03369339,0.0471464,0.04740222,0.045284912,35.0,88.0,119.0,0.075,0.052751012,,0.0
2025-12-12,8,0,0,1,0.3548387,4.0,12.0,0.0,4857.143,6735.7144,7019.048,9971.429,13642.857,290403.44,291358.16,288049.47,287621.53,288754.84,0.013832483,0.017893327,0.022121755,0.033486743,0.042739242,53.0,100.0,144.0,0.075,0.045774646,,0.0
2025-12-12,9,0,0,0,0.3548387,4.0,12.0,0.0,21214.285,21607.143,22047.62,16953.572,18280.0,298746.84,292466.06,296359.75,289536.75,289165.38,0.07429273,0.074691914,0.07728479,0.057564855,0.0633413,34.0,68.0,97.0,0.1,0.03547945,,0.33333334
2025-12-12,ã‚¾ãƒ­ç›®,0,0,0,0.3548387,4.0,12.0,0.0,15457.143,10478.571,10857.143,7264.2856,12294.286,284260.72,282108.56,284236.72,277233.03,279950.25,0.057347026,0.03256767,0.034343153,0.022837346,0.033158325,38.0,90.0,132.0,0.025,0.038751386,,0.0
2025-12-13,0,0,0,1,0.38709676,5.0,13.0,0.0,4428.5713,3928.5715,10657.143,12039.286,13200.0,295224.16,300280.94,293389.66,290784.9,288800.1,0.012884165,0.009551012,0.03631149,0.04153744,0.04735203,57.0,110.0,142.0,0.075,0.036321186,,0.33333334
2025-12-13,1,0,0,0,0.38709676,5.0,13.0,0.0,26671.428,21014.285,20000.0,18782.143,15494.286,316848.72,315107.0,313488.66,311172.22,308214.44,0.08297611,0.06497073,0.06476706,0.06009024,0.05092388,31.0,68.0,104.0,0.075,0.046272263,,0.0
2025-12-13,2,0,1,1,0.38709676,5.0,13.0,0.0,12100.0,18250.0,17442.857,14760.714,13762.857,312278.56,303859.66,298317.72,293810.53,293083.44,0.028729701,0.053238053,0.05198989,0.04335581,0.040014707,49.0,76.0,111.0,0.175,0.047563225,,0.0
2025-12-13,3,0,0,0,0.38709676,5.0,13.0,0.0,14314.286,16335.714,9900.0,7050.0,8451.429,299694.28,302334.44,294864.38,288839.94,286448.6,0.05145585,0.049336843,0.030066945,0.018945957,0.022380266,49.0,97.0,152.0,0.1,0.03312406,,0.33333334
2025-12-13,4,0,0,1,0.38709676,5.0,13.0,0.0,25928.572,19950.0,12719.048,12867.857,11302.857,294810.84,291662.5,286089.2,283932.6,281685.16,0.082878835,0.061733004,0.04150876,0.04299049,0.03715519,31.0,67.0,118.0,0.075,0.0377796,,0.0
2025-12-13,5,1,1,1,0.38709676,5.0,13.0,0.0,23100.0,21392.857,15842.857,12207.143,9325.714,300908.44,301335.06,300929.8,295105.2,293533.03,0.06691203,0.06554431,0.047734972,0.0377913,0.028080685,37.0,67.0,116.0,0.075,0.03521127,,0.33333334
2025-12-13,6,0,0,0,0.38709676,5.0,13.0,0.0,11242.857,8392.857,5947.619,9103.571,9611.429,292373.16,291292.22,288811.06,286943.97,285606.16,0.035728037,0.03299099,0.02238517,0.032709073,0.03440634,47.0,93.0,142.0,0.075,0.033639003,,0.0
2025-12-13,7,0,0,0,0.38709676,5.0,13.0,0.0,21028.572,9257.143,14028.571,13978.571,13934.286,303889.72,294844.16,296310.8,289905.53,287946.5,0.08190516,0.037233476,0.05100059,0.05071432,0.049129818,34.0,89.0,115.0,0.125,0.052751012,,0.0
2025-12-13,8,0,0,0,0.38709676,5.0,13.0,0.0,11757.143,10085.714,7580.952,11264.286,13300.0,300383.0,297668.56,290937.84,290369.28,286807.88,0.037643097,0.029573008,0.022903781,0.03759491,0.042489573,49.0,94.0,144.0,0.125,0.045774646,,0.0
2025-12-13,9,0,0,0,0.38709676,5.0,13.0,0.0,19771.428,20285.715,20471.428,18039.285,17640.0,302201.0,294296.34,297285.16,290436.5,287721.72,0.06807529,0.06907882,0.07086223,0.06196143,0.061425965,40.0,73.0,104.0,0.075,0.03547945,,0.0
2025-12-13,ã‚¾ãƒ­ç›®,0,1,1,0.38709676,5.0,13.0,0.0,18571.428,11285.714,9423.81,8014.2856,11477.143,297654.16,291291.16,287194.94,280678.3,280480.47,0.0693173,0.035764955,0.028955387,0.025738535,0.030563608,38.0,90.0,138.0,0.025,0.038751386,,0.0
2025-12-14,0,0,0,0,0.41935483,6.0,14.0,0.0,5785.7144,3635.7144,10495.238,12092.857,13060.0,291474.56,299414.72,293796.84,290568.66,289079.34,0.017137934,0.00890323,0.035760265,0.04172751,0.046887826,52.0,108.0,145.0,0.075,0.036321186,,0.0
2025-12-14,1,0,0,0,0.41935483,6.0,14.0,0.0,22557.143,18664.285,21004.762,17517.857,15837.143,316785.28,313583.34,313496.47,310297.06,309149.0,0.07160669,0.058702044,0.06754759,0.056740675,0.052060593,32.0,70.0,105.0,0.125,0.046272263,,0.33333334
2025-12-14,2,0,0,0,0.41935483,6.0,14.0,0.0,19900.0,18600.0,18128.572,14707.143,15097.143,312022.84,302733.94,299174.1,293507.6,294186.97,0.050388448,0.05444147,0.053772178,0.043284424,0.04386406,42.0,74.0,112.0,0.05,0.047563225,,0.33333334
2025-12-14,3,0,0,1,0.41935483,6.0,14.0,0.0,13014.286,8371.429,12709.523,6446.4287,8745.714,304324.0,302859.5,296960.34,288920.97,287976.34,0.047217116,0.027451864,0.038440835,0.017306847,0.023159776,48.0,102.0,147.0,0.05,0.03312406,,0.0
2025-12-14,4,0,1,1,0.41935483,6.0,14.0,0.0,20328.572,17914.285,14047.619,14346.429,12125.714,294298.16,288533.22,285914.0,283090.44,281902.47,0.066533014,0.05675804,0.04542408,0.047186855,0.039619513,33.0,70.0,117.0,0.075,0.0377796,,0.0
2025-12-14,5,0,1,1,0.41935483,6.0,14.0,0.0,15357.143,22364.285,18614.285,14603.571,10962.857,301912.84,301964.5,301673.62,295008.44,293969.12,0.045288995,0.06800191,0.0552618,0.04423551,0.032523677,37.0,65.0,112.0,0.1,0.03521127,,0.33333334
2025-12-14,6,0,0,0,0.41935483,6.0,14.0,0.0,-4500.0,4007.1428,5819.048,6746.4287,8897.143,288048.84,291765.34,288700.16,286056.0,285367.38,-0.008669003,0.019994402,0.021960152,0.025865087,0.032246664,56.0,94.0,143.0,0.075,0.033639003,,0.0
2025-12-14,7,0,0,0,0.41935483,6.0,14.0,0.0,17600.0,12071.429,14223.81,12878.571,12368.571,297422.72,293349.44,296530.47,290045.72,286390.53,0.073052905,0.044913217,0.05157695,0.047488846,0.045193523,35.0,85.0,119.0,0.075,0.052751012,,0.0
2025-12-14,8,0,0,1,0.41935483,6.0,14.0,0.0,5542.857,7785.7144,9623.81,11385.714,11280.0,302079.56,299069.22,293452.16,291891.9,287163.72,0.020590197,0.023139969,0.029288864,0.037992503,0.0369337,53.0,98.0,143.0,0.075,0.045774646,,0.0
2025-12-14,9,1,1,1,0.41935483,6.0,14.0,0.0,18428.572,16635.715,19985.715,17039.285,16008.571,297076.44,292203.66,295820.28,289509.72,287097.72,0.063061036,0.05836903,0.06912653,0.058904164,0.05662279,39.0,75.0,107.0,0.075,0.03547945,,0.0
2025-12-14,ã‚¾ãƒ­ç›®,0,0,0,0.41935483,6.0,14.0,0.0,19928.572,12471.429,11433.333,9378.571,11634.286,298209.28,291143.5,287290.16,280808.16,281016.3,0.0731663,0.039247654,0.034829937,0.029727433,0.030888554,35.0,83.0,136.0,0.225,0.038751386,,0.0
2025-12-15,0,0,0,0,0.4516129,0.0,15.0,0.0,28.571428,3764.2856,11780.952,12514.286,13748.571,280656.44,294226.72,292830.72,291266.84,289203.34,0.0025928027,0.009323963,0.03961263,0.04313754,0.049100727,55.0,106.0,141.0,0.09756097,0.036321186,,0.33333334
2025-12-15,1,0,0,0,0.4516129,0.0,15.0,0.0,11314.286,13821.429,19238.096,14396.429,15168.571,305562.28,309286.84,312782.0,309357.9,309433.22,0.041756347,0.045366347,0.062275093,0.047800597,0.050068162,42.0,79.0,108.0,0.14634146,0.046272263,,0.0
2025-12-15,2,0,0,0,0.4516129,0.0,15.0,0.0,15314.286,14228.571,17938.096,15203.571,14768.571,299468.44,298399.0,298360.44,293207.34,293759.28,0.03844799,0.042576756,0.05315523,0.044808842,0.042843066,45.0,82.0,112.0,0.12195122,0.047563225,,0.0
2025-12-15,3,0,1,1,0.4516129,0.0,15.0,0.0,14357.143,7492.857,11690.477,7321.4287,8237.143,293632.0,299229.28,296959.9,289838.94,287849.03,0.051049117,0.025295077,0.03531574,0.020164615,0.021628091,42.0,100.0,148.0,0.048780486,0.03312406,,0.0
2025-12-15,4,0,0,0,0.4516129,0.0,15.0,0.0,18871.428,19078.572,14857.143,15432.143,12505.714,288058.84,284990.0,287378.28,283339.53,281803.22,0.064434424,0.06088711,0.047623977,0.050504215,0.04080554,33.0,67.0,114.0,0.14634146,0.0377796,,0.0
2025-12-15,5,0,0,0,0.4516129,0.0,15.0,0.0,11800.0,21414.285,16857.143,14703.571,11497.143,288801.56,297180.16,299800.62,294948.7,293311.84,0.038435016,0.06625568,0.050580565,0.044565886,0.034237254,37.0,65.0,114.0,0.09756097,0.03521127,,0.0
2025-12-15,6,0,1,1,0.4516129,0.0,15.0,0.0,-7057.143,5542.857,4238.095,5917.857,6611.4287,280228.0,288554.5,289893.44,286533.34,285549.25,-0.01662306,0.023545172,0.017020872,0.02334217,0.025212895,56.0,93.0,146.0,0.0,0.033639003,,0.0
2025-12-15,7,0,0,1,0.4516129,0.0,15.0,0.0,18328.572,11107.143,12909.523,12882.143,13142.857,283311.72,287061.78,294474.66,289292.84,285777.5,0.07526898,0.042591766,0.04779263,0.047525313,0.047635593,32.0,83.0,123.0,0.09756097,0.052751012,,0.33333334
2025-12-15,8,1,1,1,0.4516129,0.0,15.0,0.0,7285.7144,9750.0,11261.904,10746.429,10442.857,293238.72,296616.0,294298.62,291466.72,287999.62,0.026228718,0.02888346,0.034387056,0.036190134,0.034005653,49.0,92.0,137.0,0.14634146,0.045774646,,0.0
2025-12-15,9,0,0,1,0.4516129,0.0,15.0,0.0,19414.285,17907.143,21152.38,16917.857,17025.715,284495.56,285388.84,294542.25,288345.6,286122.72,0.06994905,0.06395107,0.07334727,0.058988936,0.06016426,35.0,70.0,102.0,0.07317073,0.03547945,,0.33333334
2025-12-15,ã‚¾ãƒ­ç›®,0,0,0,0.4516129,0.0,15.0,0.0,16457.143,10778.571,10038.096,10892.857,12242.857,288974.16,286027.34,285731.38,280934.3,279982.4,0.0634181,0.03458008,0.030547239,0.03494116,0.03272292,36.0,87.0,141.0,0.024390243,0.038751386,,0.0
2025-12-16,0,1,1,1,0.48387095,1.0,16.0,0.0,-2371.4285,2621.4285,8480.952,11214.286,13057.143,281914.16,287996.56,288417.44,287553.84,289054.16,-0.008054468,0.00487914,0.028780606,0.03876413,0.04612447,54.0,107.0,148.0,0.12195122,0.036321186,,0.0
2025-12-16,1,0,0,0,0.48387095,1.0,16.0,0.0,428.57144,12792.857,15471.429,13364.286,13391.429,309567.44,306459.72,309346.44,306383.44,308615.7,-0.0018516867,0.040351756,0.049242474,0.043337498,0.043470897,49.0,79.0,116.0,0.024390243,0.046272263,,0.33333334
2025-12-16,2,0,0,0,0.48387095,1.0,16.0,0.0,19442.857,12607.143,16890.477,14975.0,14697.143,302387.56,293607.06,293091.8,290002.9,292802.53,0.05788524,0.03767655,0.05063785,0.04446589,0.042706367,40.0,85.0,114.0,0.07317073,0.047563225,,0.33333334
2025-12-16,3,0,0,0,0.48387095,1.0,16.0,0.0,16600.0,10664.286,16061.904,9110.714,9165.714,297101.84,291313.44,293084.0,286730.0,287149.16,0.05853622,0.0402054,0.052667897,0.028241899,0.026057873,41.0,94.0,139.0,0.07317073,0.03312406,,0.0
2025-12-16,4,0,0,0,0.48387095,1.0,16.0,0.0,16228.571,16971.428,14795.238,13192.857,11648.571,297003.84,281381.44,283800.56,281358.7,281934.16,0.053188816,0.053261567,0.04681707,0.042871226,0.037379406,32.0,70.0,114.0,0.07317073,0.0377796,,0.0
2025-12-16,5,0,0,0,0.48387095,1.0,16.0,0.0,7614.2856,21950.0,18442.857,14510.714,11877.143,294503.72,291820.72,297138.66,290905.47,293817.03,0.017384572,0.06830682,0.05605205,0.044280924,0.035860125,42.0,63.0,111.0,0.09756097,0.03521127,,0.0
2025-12-16,6,0,1,1,0.48387095,1.0,16.0,0.0,-7400.0,8128.5713,4776.1904,6196.4287,7051.4287,290084.56,284687.72,286179.94,283952.56,286380.8,-0.023388186,0.03302091,0.019671973,0.024927143,0.026797006,51.0,86.0,143.0,0.14634146,0.033639003,,0.0
2025-12-16,7,0,0,1,0.48387095,1.0,16.0,0.0,13857.143,11121.429,12995.238,13025.0,13382.857,288134.28,282082.34,290943.25,285086.22,285434.34,0.052096594,0.043681078,0.04879465,0.048687313,0.048675384,36.0,83.0,123.0,0.07317073,0.052751012,,0.0
2025-12-16,8,0,1,1,0.48387095,1.0,16.0,0.0,10585.714,11542.857,13128.571,11575.0,11502.857,289727.44,288630.66,290039.62,287292.28,287968.25,0.043640483,0.040271558,0.04391893,0.041722286,0.038989026,43.0,89.0,131.0,0.12195122,0.045774646,,0.0
2025-12-16,9,0,0,1,0.48387095,1.0,16.0,0.0,18357.143,16771.428,20419.047,16910.715,17511.428,287898.28,283678.56,290747.94,285815.84,286258.38,0.06376993,0.060240462,0.07208614,0.059662554,0.062158972,33.0,73.0,104.0,0.09756097,0.03547945,,0.0
2025-12-16,ã‚¾ãƒ­ç›®,0,0,0,0.48387095,1.0,16.0,0.0,9600.0,7042.857,9004.762,9364.286,11960.0,293136.16,281160.34,282371.1,278471.25,280284.2,0.031939197,0.021170042,0.026384404,0.029355275,0.03157316,41.0,95.0,143.0,0.09756097,0.038751386,,0.33333334
2025-12-17,0,0,0,0,0.516129,2.0,17.0,0.0,-428.57144,4607.143,9314.286,11635.714,13774.286,284477.72,286103.94,287921.25,287051.03,285017.25,-0.0015347321,0.013484127,0.032406595,0.040749423,0.049890894,52.0,103.0,142.0,0.024390243,0.036321186,,0.0
2025-12-17,1,0,1,1,0.516129,2.0,17.0,0.0,471.42856,9750.0,14000.0,13614.286,13782.857,313390.0,305598.78,310830.1,307445.78,305992.22,-0.0018219106,0.030025825,0.043318648,0.044290245,0.044583157,52.0,89.0,123.0,0.19512194,0.046272263,,0.0
2025-12-17,2,0,0,0,0.516129,2.0,17.0,0.0,19914.285,12492.857,15609.523,16642.857,14580.0,301459.72,293721.0,294497.72,291484.97,289211.78,0.05991148,0.037199043,0.04459046,0.051742572,0.043031916,42.0,89.0,121.0,0.12195122,0.047563225,,0.33333334
2025-12-17,3,0,0,0,0.516129,2.0,17.0,0.0,19314.285,11685.714,15447.619,10535.714,7237.143,294623.44,290716.56,291910.62,286621.44,283423.62,0.07018349,0.044652306,0.050594706,0.034364358,0.02146205,41.0,96.0,142.0,0.07317073,0.03312406,,0.0
2025-12-17,4,0,0,0,0.516129,2.0,17.0,0.0,14157.143,18064.285,16371.429,13364.286,11634.286,294978.72,281220.78,283708.56,282384.22,278384.78,0.045642342,0.057952814,0.05353427,0.04321743,0.038308784,36.0,70.0,109.0,0.07317073,0.0377796,,0.0
2025-12-17,5,0,0,1,0.516129,2.0,17.0,0.0,11457.143,20685.715,18380.953,15353.571,12237.143,297601.28,291284.06,297056.28,291156.56,290478.16,0.03263085,0.0637448,0.055833973,0.047514405,0.03722729,42.0,71.0,113.0,0.048780486,0.03521127,,0.0
2025-12-17,6,0,0,0,0.516129,2.0,17.0,0.0,4157.143,11642.857,5290.476,4814.2856,7602.857,292506.56,285023.78,286481.25,283621.16,283117.88,0.022730207,0.04662204,0.021515047,0.019975824,0.029677276,42.0,79.0,140.0,0.07317073,0.033639003,,0.0
2025-12-17,7,0,0,1,0.516129,2.0,17.0,0.0,14642.857,13914.286,14723.81,13742.857,13357.143,290421.28,283308.06,289849.06,286309.47,282691.78,0.05440834,0.05568195,0.055927895,0.051497627,0.049580466,36.0,77.0,117.0,0.07317073,0.052751012,,0.0
2025-12-17,8,1,1,1,0.516129,2.0,17.0,0.0,13428.571,11707.143,12852.381,11071.429,11394.286,288216.44,283572.34,289562.06,287022.78,283780.84,0.05581434,0.042792246,0.043039232,0.039804846,0.04002879,39.0,89.0,132.0,0.17073171,0.045774646,,0.0
2025-12-17,9,0,0,0,0.516129,2.0,17.0,0.0,18742.857,19778.572,19971.428,18721.428,17234.285,288461.44,284988.22,290458.66,286589.66,283590.56,0.065123275,0.0728138,0.07043267,0.06735197,0.062134862,33.0,67.0,106.0,0.09756097,0.03547945,,0.6666667
2025-12-17,ã‚¾ãƒ­ç›®,0,1,1,0.516129,2.0,17.0,0.0,6842.857,8685.714,10028.571,9810.714,6971.4287,290880.44,280532.56,282148.8,279163.5,274064.2,0.021453585,0.028361728,0.030879542,0.031197038,0.021640643,47.0,94.0,141.0,0.048780486,0.038751386,,0.0
2025-12-18,0,0,0,1,0.5483871,3.0,18.0,0.0,4400.0,3664.2856,9004.762,11535.714,12568.571,294883.84,289331.22,296721.38,292058.97,288192.66,0.016030226,0.010548557,0.031151757,0.040539797,0.04507542,51.0,106.0,146.0,0.12195122,0.036321186,,0.0
2025-12-18,1,0,0,0,0.5483871,3.0,18.0,0.0,6800.0,12214.286,13795.238,12521.429,14205.714,320500.72,310933.34,314260.0,310546.78,309625.25,0.016253453,0.03680187,0.04145407,0.039208606,0.04487368,48.0,82.0,124.0,0.09756097,0.046272263,,0.33333334
2025-12-18,2,1,1,1,0.5483871,3.0,18.0,0.0,10357.143,12064.286,15990.477,17178.572,13408.571,299079.84,298905.66,299068.06,294198.66,290530.9,0.033709824,0.034659404,0.045204967,0.053236987,0.03887062,47.0,90.0,123.0,0.17073171,0.047563225,,0.0
2025-12-18,3,0,0,0,0.5483871,3.0,18.0,0.0,18000.0,9321.429,14114.286,9589.286,6894.2856,304895.0,294606.72,297759.75,292126.1,288196.84,0.06824695,0.0378207,0.04677104,0.031723976,0.021514462,43.0,99.0,146.0,0.0,0.03312406,,0.0
2025-12-18,4,0,0,1,0.5483871,3.0,18.0,0.0,16485.715,16878.572,16700.0,12092.857,12057.143,305438.28,288534.28,290436.47,284282.9,284047.12,0.052628856,0.05272244,0.05419442,0.038997393,0.039921656,37.0,74.0,111.0,0.048780486,0.0377796,,0.0
2025-12-18,5,0,0,0,0.5483871,3.0,18.0,0.0,18685.715,20700.0,19738.096,16696.428,12974.286,313489.28,297044.56,303381.8,297348.44,293978.4,0.056422617,0.062545225,0.05982129,0.05228313,0.039287344,36.0,71.0,108.0,0.024390243,0.03521127,,0.0
2025-12-18,6,0,1,1,0.5483871,3.0,18.0,0.0,4114.2856,9750.0,6947.619,5403.5713,6928.5713,304258.16,291391.94,292979.84,288782.78,287193.9,0.022353176,0.03951716,0.028765647,0.022580743,0.026480284,48.0,86.0,138.0,0.07317073,0.033639003,,0.33333334
2025-12-18,7,0,0,0,0.5483871,3.0,18.0,0.0,18857.143,16242.857,14071.429,13871.429,13845.714,290511.84,288295.34,293926.72,290322.03,286673.5,0.06675135,0.06298306,0.052277915,0.05084896,0.050636135,36.0,71.0,119.0,0.17073171,0.052751012,,0.33333334
2025-12-18,8,0,1,1,0.5483871,3.0,18.0,0.0,24042.857,15242.857,16233.333,13021.429,13588.571,297828.16,289502.66,295782.72,288706.8,287992.5,0.08755976,0.052030653,0.053354435,0.045294017,0.047126234,32.0,84.0,123.0,0.09756097,0.045774646,,0.0
2025-12-18,9,0,0,0,0.5483871,3.0,18.0,0.0,11357.143,16221.429,18133.334,18935.715,16085.714,282298.16,287702.44,291461.56,290202.22,286565.03,0.0457094,0.06043805,0.06441657,0.06793872,0.056765802,39.0,74.0,113.0,0.07317073,0.03547945,,0.0
2025-12-18,ã‚¾ãƒ­ç›®,0,0,0,0.5483871,3.0,18.0,0.0,11885.714,10950.0,12023.81,10475.0,8820.0,299082.0,284984.34,288114.2,283960.8,278442.25,0.035963476,0.034693737,0.037052277,0.031882748,0.028854715,45.0,87.0,135.0,0.12195122,0.038751386,,0.0
2025-12-19,0,0,0,0,0.58064514,4.0,19.0,0.0,9042.857,6057.143,8657.143,11407.143,11740.0,280435.16,285849.5,290183.2,290329.03,287199.0,0.0386617,0.022673106,0.03264867,0.04092987,0.041880555,45.0,102.0,145.0,0.1,0.036321186,,0.33333334
2025-12-19,1,0,1,1,0.58064514,4.0,19.0,0.0,-685.7143,11035.714,11909.523,12264.286,13685.714,301927.28,306789.16,308721.2,309721.66,309033.1,-0.009286123,0.031416122,0.03459834,0.037870396,0.04239878,57.0,87.0,128.0,0.075,0.046272263,,0.33333334
2025-12-19,2,0,0,0,0.58064514,4.0,19.0,0.0,16200.0,14121.429,16695.238,18717.857,15551.429,286393.0,295927.44,293282.16,295152.72,290881.06,0.06390885,0.045826398,0.051669925,0.060416583,0.049359106,43.0,89.0,120.0,0.075,0.047563225,,0.0
2025-12-19,3,0,0,0,0.58064514,4.0,19.0,0.0,16642.857,8742.857,12671.429,9800.0,6225.7144,292796.72,291241.0,292342.1,292496.5,287385.03,0.061056953,0.034745935,0.041260388,0.032896847,0.01849466,45.0,103.0,149.0,0.075,0.03312406,,0.33333334
2025-12-19,4,0,0,0,0.58064514,4.0,19.0,0.0,17171.428,19642.857,18638.096,13132.143,12694.286,292411.56,286329.5,284949.8,284640.78,283780.1,0.060053155,0.06609785,0.062413577,0.04443534,0.043200664,40.0,70.0,105.0,0.125,0.0377796,,0.0
2025-12-19,5,0,0,0,0.58064514,4.0,19.0,0.0,15528.571,18778.572,18909.523,15339.286,13042.857,299044.44,294676.5,296160.47,297490.3,294419.34,0.043857493,0.05384098,0.056581423,0.0453626,0.039762866,41.0,77.0,107.0,0.1,0.03521127,,0.0
2025-12-19,6,0,1,1,0.58064514,4.0,19.0,0.0,9285.714,8857.143,6985.7144,6614.2856,7962.857,291088.72,288238.94,287355.75,288580.44,286096.75,0.049474526,0.038374342,0.032433838,0.028841736,0.03185837,42.0,87.0,137.0,0.175,0.033639003,,0.0
2025-12-19,7,0,0,0,0.58064514,4.0,19.0,0.0,17871.428,16107.143,10966.667,13953.571,13854.286,283484.56,287509.84,287446.16,291573.1,287621.8,0.06337701,0.06242439,0.04358793,0.05120405,0.05059718,36.0,71.0,124.0,0.075,0.052751012,,0.0
2025-12-19,8,1,1,1,0.58064514,4.0,19.0,0.0,32300.0,18578.572,15257.143,13339.286,14437.143,289525.16,289964.28,290747.16,288418.4,288002.25,0.12103076,0.06743162,0.052272473,0.04684901,0.050995544,24.0,77.0,124.0,0.075,0.045774646,,0.0
2025-12-19,9,0,0,1,0.58064514,4.0,19.0,0.0,8742.857,14978.571,17319.047,18721.428,15311.429,272522.72,285634.78,285818.28,290400.5,286133.94,0.035578106,0.054935418,0.061653975,0.06685812,0.053167503,44.0,78.0,112.0,0.1,0.03547945,,0.0
2025-12-19,ã‚¾ãƒ­ç›®,0,0,1,0.58064514,4.0,19.0,0.0,10985.714,13221.429,10647.619,10889.286,8008.5713,284307.0,284283.84,282841.38,284254.28,278647.84,0.03280635,0.04507669,0.03264723,0.033958953,0.024831148,45.0,83.0,135.0,0.025,0.038751386,,0.0
2025-12-20,0,0,0,0,0.61290324,5.0,20.0,0.0,10285.714,7357.143,6047.619,10564.286,11688.571,272672.28,283948.22,291078.06,288210.3,287162.38,0.042111464,0.027497813,0.020404495,0.037761483,0.041652244,43.0,100.0,153.0,0.075,0.036321186,,0.0
2025-12-20,1,0,0,0,0.61290324,5.0,20.0,0.0,-9171.429,8750.0,10952.381,12707.143,13191.429,293282.0,305065.34,307832.0,308437.0,307594.16,-0.03693849,0.02301881,0.03100099,0.03934068,0.040684495,58.0,89.0,126.0,0.075,0.046272263,,0.0
2025-12-20,2,1,1,1,0.61290324,5.0,20.0,0.0,16614.285,14357.143,17704.762,17235.715,15131.429,272658.72,292468.66,293459.34,291902.97,289580.16,0.06409766,0.046413682,0.05685792,0.055016834,0.047504183,41.0,90.0,117.0,0.175,0.047563225,,0.0
2025-12-20,3,0,1,1,0.61290324,5.0,20.0,0.0,2857.1428,8585.714,11842.857,8139.2856,6211.4287,277472.44,288583.34,294047.1,290516.4,286566.44,0.014736982,0.033096418,0.037803557,0.026234454,0.018104162,55.0,104.0,152.0,0.1,0.03312406,,0.33333334
2025-12-20,4,0,0,0,0.61290324,5.0,20.0,0.0,12171.429,19050.0,17357.143,12582.143,12728.571,276141.44,285476.16,286488.8,283602.25,282374.38,0.044090413,0.063484624,0.05585214,0.04215417,0.043210477,41.0,72.0,108.0,0.075,0.0377796,,0.0
2025-12-20,5,0,0,0,0.61290324,5.0,20.0,0.0,13614.286,18357.143,18800.0,15285.714,12488.571,286568.0,293738.22,296412.72,297339.34,293397.75,0.03732937,0.0521207,0.056139328,0.045133572,0.037698913,40.0,77.0,107.0,0.075,0.03521127,,0.6666667
2025-12-20,6,0,0,0,0.61290324,5.0,20.0,0.0,7842.857,9542.857,8209.523,6421.4287,8851.429,280011.16,286192.16,287531.84,286611.06,285557.4,0.048000187,0.041864112,0.037994053,0.028788924,0.035767294,39.0,86.0,132.0,0.075,0.033639003,,0.0
2025-12-20,7,0,0,1,0.61290324,5.0,20.0,0.0,9000.0,15014.286,9171.429,12771.429,12982.857,267577.16,285733.44,285755.16,289127.4,285439.84,0.03251277,0.057208963,0.035659906,0.04637864,0.047074012,43.0,77.0,132.0,0.125,0.052751012,,0.0
2025-12-20,8,0,0,0,0.61290324,5.0,20.0,0.0,29571.428,20664.285,16580.953,13078.571,14925.714,280957.16,290670.06,292098.1,288442.7,288486.84,0.11440073,0.07602191,0.057848915,0.045778017,0.05295607,21.0,70.0,115.0,0.125,0.045774646,,0.0
2025-12-20,9,0,1,1,0.61290324,5.0,20.0,0.0,7328.5713,13550.0,15966.667,17185.715,15897.143,266312.72,284256.84,284968.47,289542.03,285611.75,0.02985389,0.04896459,0.056003843,0.06061015,0.05553992,40.0,80.0,113.0,0.075,0.03547945,,0.0
2025-12-20,ã‚¾ãƒ­ç›®,0,0,1,0.61290324,5.0,20.0,0.0,9614.286,14092.857,10728.571,9471.429,8334.286,267462.56,282558.34,283348.28,282261.84,278035.16,0.027725905,0.048521604,0.03308527,0.028648015,0.026136009,41.0,79.0,131.0,0.025,0.038751386,,0.0
2025-12-21,0,0,0,0,0.6451613,6.0,21.0,0.0,1671.4286,3728.5715,2980.9524,8289.286,10008.571,274937.0,283205.78,291255.47,289081.9,287442.3,0.018237777,0.017687855,0.012014746,0.03137964,0.037029564,49.0,101.0,157.0,0.075,0.036321186,,0.0
2025-12-21,1,0,0,0,0.6451613,6.0,21.0,0.0,-13485.714,4535.7144,7947.619,12382.143,11317.143,292805.0,304795.16,306657.25,308323.6,306798.66,-0.049024496,0.011291095,0.022793198,0.03840457,0.035587642,60.0,92.0,130.0,0.125,0.046272263,,0.33333334
2025-12-21,2,0,0,0,0.6451613,6.0,21.0,0.0,18742.857,19321.428,18647.62,18282.143,15514.286,269946.0,290984.44,291804.62,291867.06,288795.28,0.071068875,0.06072866,0.05998394,0.058096353,0.048841313,39.0,81.0,113.0,0.05,0.047563225,,0.33333334
2025-12-21,3,0,0,1,0.6451613,6.0,21.0,0.0,7657.143,10335.714,8133.3335,11446.429,6688.5713,276919.84,290621.94,294212.94,291950.22,286520.75,0.027821368,0.037519243,0.02757503,0.035785966,0.019409752,51.0,99.0,153.0,0.05,0.03312406,,0.0
2025-12-21,4,0,0,0,0.6451613,6.0,21.0,0.0,7671.4287,14000.0,14500.0,12453.571,13011.429,279878.84,287088.5,285648.44,284405.22,282448.12,0.03126703,0.048900023,0.048261035,0.041884817,0.04400289,42.0,75.0,112.0,0.075,0.0377796,,0.0
2025-12-21,5,0,0,1,0.6451613,6.0,21.0,0.0,4114.2856,9735.714,16280.952,14989.286,12505.714,281615.84,291764.34,295181.62,296659.2,292329.9,0.010987927,0.02813846,0.04899725,0.04419333,0.037585992,47.0,84.0,112.0,0.1,0.03521127,,0.0
2025-12-21,6,0,1,1,0.6451613,6.0,21.0,0.0,10657.143,3078.5715,6223.8096,7028.5713,7528.5713,281532.72,284790.78,288354.47,286908.28,285151.34,0.056698874,0.024014935,0.032229226,0.030644834,0.032031845,37.0,93.0,131.0,0.075,0.033639003,,0.0
2025-12-21,7,0,0,0,0.6451613,6.0,21.0,0.0,7728.5713,12664.286,10623.81,12600.0,11848.571,270392.28,283907.5,285697.06,289995.94,286115.03,0.029053764,0.051053334,0.039626732,0.04594615,0.04380183,41.0,76.0,126.0,0.075,0.052751012,,0.0
2025-12-21,8,1,1,1,0.6451613,6.0,21.0,0.0,27342.857,16442.857,14304.762,14053.571,14577.143,278678.16,290378.84,292272.2,289758.66,289249.16,0.10815815,0.06437417,0.051479362,0.049006186,0.05202563,20.0,73.0,118.0,0.075,0.045774646,,0.0
2025-12-21,9,0,1,1,0.6451613,6.0,21.0,0.0,14714.286,16571.428,15995.238,18667.857,16574.285,270328.72,283702.56,284912.0,289447.4,285673.5,0.05153797,0.0572995,0.05609201,0.06472939,0.057430923,33.0,72.0,108.0,0.075,0.03547945,,0.33333334
2025-12-21,ã‚¾ãƒ­ç›®,0,0,0,0.6451613,6.0,21.0,0.0,7428.5713,13678.571,10790.477,10432.143,8988.571,269011.16,283610.22,283766.06,282720.4,278448.75,0.021115227,0.047140766,0.033203512,0.03140126,0.02800499,43.0,78.0,126.0,0.225,0.038751386,,0.0
2025-12-22,0,0,0,0,0.67741936,0.0,22.0,0.0,-3971.4285,-1971.4286,1185.7142,7842.857,9217.143,273147.56,276902.0,287200.34,287909.94,287643.0,-0.0003705393,0.0011111317,0.006092462,0.029616836,0.034435924,52.0,107.0,158.0,0.09756097,0.036321186,,0.0
2025-12-22,1,1,1,1,0.67741936,0.0,22.0,0.0,-12471.429,-578.5714,5057.143,11310.714,9022.857,291158.56,298360.44,303244.1,307376.16,305718.03,-0.046333175,-0.002288414,0.01479984,0.035123024,0.028973842,56.0,98.0,135.0,0.14634146,0.046272263,,0.0
2025-12-22,2,0,1,1,0.67741936,0.0,22.0,0.0,14571.429,14942.857,14342.857,17096.428,15077.143,271943.44,285705.94,289580.47,291756.2,288954.56,0.05845011,0.04844905,0.047867876,0.05447895,0.047537096,39.0,84.0,121.0,0.12195122,0.047563225,,0.0
2025-12-22,3,0,0,1,0.67741936,0.0,22.0,0.0,6485.7144,10421.429,7157.143,10389.286,7154.2856,278183.44,285907.72,292214.0,292265.78,287507.84,0.024255456,0.037652288,0.024948537,0.03255067,0.020982783,50.0,92.0,150.0,0.048780486,0.03312406,,0.0
2025-12-22,4,0,1,1,0.67741936,0.0,22.0,0.0,-128.57143,9371.429,12676.19,11110.714,12320.0,281630.28,284844.56,283870.1,285941.28,282997.7,0.0076466426,0.036040533,0.043140285,0.03762964,0.0419327,46.0,79.0,113.0,0.14634146,0.0377796,,0.0
2025-12-22,5,0,0,0,0.67741936,0.0,22.0,0.0,314.2857,6057.143,14380.952,12721.429,11825.714,285374.16,287087.84,293244.8,296194.0,293033.78,-0.0009171932,0.018758912,0.043864723,0.037706126,0.03546927,49.0,86.0,114.0,0.09756097,0.03521127,,0.0
2025-12-22,6,0,0,1,0.67741936,0.0,22.0,0.0,14842.857,3892.8572,8642.857,6889.2856,7702.857,279429.16,279828.56,285512.72,287277.34,285112.5,0.069561526,0.026469234,0.038883958,0.030156037,0.03258604,29.0,85.0,122.0,0.0,0.033639003,,0.0
2025-12-22,7,0,0,0,0.67741936,0.0,22.0,0.0,3728.5715,11028.571,8647.619,10614.286,11051.429,271796.84,277554.28,281973.47,288805.22,285793.66,0.016023332,0.045646153,0.03373562,0.039850302,0.04122492,43.0,75.0,126.0,0.09756097,0.052751012,,0.33333334
2025-12-22,8,0,0,0,0.67741936,0.0,22.0,0.0,28428.572,17857.143,15976.19,15553.571,14282.857,277355.0,285296.84,290195.66,290062.72,288644.38,0.111758545,0.06899363,0.05650849,0.053729925,0.051303815,17.0,66.0,109.0,0.14634146,0.045774646,,0.33333334
2025-12-22,9,0,0,0,0.67741936,0.0,22.0,0.0,9628.571,14521.429,15147.619,18271.428,15460.0,276183.16,280339.34,282320.28,289952.47,285913.12,0.033819538,0.051884297,0.053907227,0.063465334,0.053955056,35.0,70.0,105.0,0.07317073,0.03547945,,0.33333334
2025-12-22,ã‚¾ãƒ­ç›®,0,0,0,0.67741936,0.0,22.0,0.0,2185.7144,9321.429,7914.2856,8075.0,9151.429,271920.28,280447.22,281325.0,282278.6,279131.5,0.004464912,0.033941507,0.024541693,0.024026657,0.02884591,46.0,82.0,133.0,0.024390243,0.038751386,,0.0
2025-12-23,0,1,1,1,0.7096774,1.0,23.0,0.0,-4142.857,-3257.1428,366.66666,5325.0,8142.857,284286.72,283100.44,286759.94,287384.75,286900.44,0.000605933,-0.0037242675,0.0034547376,0.021736939,0.031132491,53.0,107.0,160.0,0.12195122,0.036321186,,0.33333334
2025-12-23,1,0,0,0,0.7096774,1.0,23.0,0.0,542.8571,485.7143,8709.523,11739.286,10800.0,296430.72,302999.06,303116.72,306117.5,304392.88,0.00023022146,-0.00081073266,0.026977912,0.03698941,0.03471604,46.0,95.0,125.0,0.024390243,0.046272263,,0.33333334
2025-12-23,2,0,0,0,0.7096774,1.0,23.0,0.0,19685.715,19564.285,14966.667,17589.285,15917.143,282146.16,292266.84,289786.75,290355.4,288431.53,0.07429734,0.06609129,0.04988348,0.056552723,0.05043218,35.0,75.0,120.0,0.07317073,0.047563225,,0.0
2025-12-23,3,0,0,1,0.7096774,1.0,23.0,0.0,428.57144,8514.286,7252.381,12153.571,7374.2856,284815.56,290958.72,289147.47,291016.9,286347.12,-0.003994705,0.027270759,0.025472032,0.038502246,0.021794578,52.0,93.0,146.0,0.07317073,0.03312406,,0.0
2025-12-23,4,0,0,0,0.7096774,1.0,23.0,0.0,5000.0,10614.286,12980.952,12346.429,11554.286,287147.0,292075.44,283303.28,284637.2,282516.34,0.026330097,0.039759453,0.04428441,0.041695327,0.039563,40.0,72.0,110.0,0.07317073,0.0377796,,0.0
2025-12-23,5,0,0,1,0.7096774,1.0,23.0,0.0,-2914.2856,2350.0,13661.904,13103.571,11025.714,288247.72,291375.72,290629.72,294915.94,290373.9,-0.013346084,0.002019244,0.041089185,0.038702518,0.03275552,53.0,95.0,116.0,0.09756097,0.03521127,,0.0
2025-12-23,6,0,0,0,0.7096774,1.0,23.0,0.0,11271.429,1935.7142,9176.19,6400.0,7211.4287,285795.28,287939.94,285056.9,286083.78,284321.12,0.05573764,0.016174728,0.040593155,0.02868839,0.031089243,31.0,82.0,117.0,0.14634146,0.033639003,,0.0
2025-12-23,7,0,1,1,0.7096774,1.0,23.0,0.0,728.5714,7292.857,7657.143,9928.571,10565.714,278376.72,283255.5,280847.16,287801.6,283744.3,0.0040522157,0.028074404,0.030471457,0.03760904,0.03976029,46.0,82.0,129.0,0.07317073,0.052751012,,0.0
2025-12-23,8,0,0,0,0.7096774,1.0,23.0,0.0,20442.857,15514.286,14509.523,14957.143,13348.571,285444.56,287586.0,287568.62,288890.84,286922.75,0.07499043,0.059315458,0.051844515,0.051686805,0.048375916,23.0,66.0,112.0,0.12195122,0.045774646,,0.0
2025-12-23,9,0,1,1,0.7096774,1.0,23.0,0.0,6485.7144,12421.429,13342.857,16935.715,14825.714,284449.84,286174.06,283935.66,289173.44,285542.66,0.020978102,0.042374015,0.04715301,0.059309132,0.051925663,37.0,70.0,110.0,0.09756097,0.03547945,,0.0
2025-12-23,ã‚¾ãƒ­ç›®,0,0,0,0.7096774,1.0,23.0,0.0,2914.2856,6257.143,5666.6665,7482.143,8074.2856,280067.16,286601.66,280795.94,281795.1,278790.44,0.008983632,0.020461416,0.017107906,0.022034211,0.025280945,46.0,87.0,141.0,0.09756097,0.038751386,,0.33333334
2025-12-24,0,0,1,1,0.7419355,2.0,24.0,0.0,-5600.0,-3014.2856,1204.762,5585.7144,8188.5713,284487.84,284482.78,285565.25,287062.9,286538.4,-0.0054729073,-0.0035038197,0.0071651153,0.02293672,0.03150496,53.0,105.0,156.0,0.024390243,0.036321186,,0.0
2025-12-24,1,0,0,0,0.7419355,2.0,24.0,0.0,500.0,485.7143,6666.6665,10625.0,10991.429,291465.0,302427.5,300887.53,305988.8,304249.62,0.0002421557,-0.00078987743,0.020097936,0.032549527,0.035480626,42.0,94.0,131.0,0.19512194,0.046272263,,0.0
2025-12-24,2,0,0,1,0.7419355,2.0,24.0,0.0,17514.285,18714.285,14166.667,16085.714,16817.143,271845.16,286652.44,286429.06,288834.56,287557.0,0.066303246,0.063107364,0.046900444,0.050018657,0.054654706,35.0,77.0,124.0,0.12195122,0.047563225,,0.33333334
2025-12-24,3,0,0,0,0.7419355,2.0,24.0,0.0,1142.8572,10228.571,8171.4287,11871.429,8657.143,283706.28,289164.84,288379.8,289859.53,286038.4,-0.0004376327,0.03487293,0.029622328,0.037836622,0.02740396,47.0,88.0,143.0,0.07317073,0.03312406,,0.0
2025-12-24,4,0,0,0,0.7419355,2.0,24.0,0.0,-157.14285,7000.0,11990.477,12239.286,10660.0,285200.84,290089.78,282547.47,284081.66,282947.53,0.0037985824,0.024720464,0.0399014,0.04110035,0.035333663,45.0,81.0,115.0,0.07317073,0.0377796,,0.0
2025-12-24,5,1,1,1,0.7419355,2.0,24.0,0.0,-2942.8572,4257.143,12809.523,13050.0,11694.286,287537.28,292569.28,290035.16,294676.53,290432.72,-0.013324425,0.009653213,0.03805506,0.038544375,0.03534664,48.0,90.0,119.0,0.048780486,0.03521127,,0.0
2025-12-24,6,0,1,1,0.7419355,2.0,24.0,0.0,4214.2856,4185.7144,9166.667,5021.4287,4694.2856,281895.16,287200.84,283980.9,285334.72,283275.94,0.027996168,0.025363186,0.040413417,0.023135327,0.021579891,39.0,81.0,118.0,0.07317073,0.033639003,,0.0
2025-12-24,7,0,0,1,0.7419355,2.0,24.0,0.0,1257.1428,7950.0,9695.238,11357.143,11245.714,277272.28,283846.78,281296.16,286704.84,284502.03,0.006924801,0.030666571,0.039429568,0.04367712,0.04258306,44.0,80.0,121.0,0.07317073,0.052751012,,0.0
2025-12-24,8,0,0,0,0.7419355,2.0,24.0,0.0,15457.143,14442.857,12957.143,13503.571,11948.571,280493.72,284355.06,282546.16,287294.97,285716.97,0.05342966,0.054622002,0.04633805,0.04563684,0.04252981,29.0,68.0,118.0,0.17073171,0.045774646,,0.33333334
2025-12-24,9,0,0,0,0.7419355,2.0,24.0,0.0,6100.0,12421.429,15219.048,16503.572,16197.143,284359.56,286410.5,284778.66,288933.9,286143.62,0.019449461,0.042286366,0.055025686,0.05768687,0.057771467,35.0,68.0,102.0,0.09756097,0.03547945,,0.33333334
2025-12-24,ã‚¾ãƒ­ç›®,0,0,0,0.7419355,2.0,24.0,0.0,971.4286,3907.1428,6114.2856,7764.2856,8042.857,280009.84,285445.16,280358.34,281614.06,279332.78,0.0004548061,0.010954196,0.019059421,0.023273358,0.025048591,45.0,92.0,139.0,0.048780486,0.038751386,,0.0
2025-12-25,0,0,1,1,0.7741935,3.0,25.0,0.0,114.28571,2257.1428,2480.9524,6782.143,9251.429,271313.56,283098.72,283325.34,290369.44,287909.88,0.015780296,0.015905261,0.01229247,0.02730889,0.035587896,46.0,97.0,152.0,0.12195122,0.036321186,,0.0
2025-12-25,1,0,0,0,0.7741935,3.0,25.0,0.0,-3785.7144,1507.1428,6880.952,9400.0,9260.0,270768.44,295634.56,297545.06,303387.1,302591.12,-0.010212912,0.0030202705,0.021130277,0.028537326,0.029324302,46.0,94.0,128.0,0.09756097,0.046272263,,0.33333334
2025-12-25,2,0,0,0,0.7741935,3.0,25.0,0.0,17471.428,13914.286,13866.667,16360.714,17237.143,251354.58,275217.22,283055.28,287139.7,285629.84,0.071215585,0.052462704,0.0468448,0.05170762,0.056832705,34.0,81.0,124.0,0.17073171,0.047563225,,0.33333334
2025-12-25,3,0,0,1,0.7741935,3.0,25.0,0.0,4057.1428,11028.571,7566.6665,11600.0,8482.857,261562.58,283228.78,283592.0,288710.47,286013.4,0.00584038,0.037043665,0.027160594,0.036538374,0.026547259,46.0,89.0,145.0,0.0,0.03312406,,0.0
2025-12-25,4,1,1,1,0.7741935,3.0,25.0,0.0,-757.1429,7864.2856,11000.0,12335.714,9522.857,261902.72,283670.5,279657.1,283303.03,279806.84,0.0039117457,0.0282703,0.036452208,0.041623753,0.031980265,44.0,81.0,118.0,0.048780486,0.0377796,,0.0
2025-12-25,5,0,0,0,0.7741935,3.0,25.0,0.0,2871.4285,10778.571,14757.143,15521.429,13931.429,279959.72,296724.5,291349.62,297526.28,293870.7,0.0063615767,0.031392097,0.04381734,0.04645636,0.04309882,45.0,81.0,116.0,0.024390243,0.03521127,,0.0
2025-12-25,6,0,0,0,0.7741935,3.0,25.0,0.0,9857.143,6985.7144,9785.714,7675.0,6294.2856,260916.42,282587.28,281233.44,284964.0,283209.5,0.0549514,0.03865229,0.044661906,0.035312086,0.029054875,32.0,80.0,118.0,0.07317073,0.033639003,,0.33333334
2025-12-25,7,0,0,1,0.7741935,3.0,25.0,0.0,2285.7144,10571.429,11590.477,11125.0,11554.286,264290.28,277401.06,280293.66,286517.6,285115.7,0.014606044,0.0406787,0.046857387,0.04285995,0.043600377,43.0,79.0,114.0,0.17073171,0.052751012,,0.0
2025-12-25,8,0,0,0,0.7741935,3.0,25.0,0.0,6300.0,15171.429,12261.904,13750.0,11677.143,259687.28,278757.72,279564.2,286758.84,282902.9,0.027145535,0.057352643,0.043735616,0.04680221,0.04166432,37.0,69.0,121.0,0.09756097,0.045774646,,0.0
2025-12-25,9,0,0,0,0.7741935,3.0,25.0,0.0,1214.2858,6285.7144,11219.048,13903.571,15391.429,266853.28,274575.72,280752.72,285309.5,285532.44,-0.00220728,0.021751061,0.039556272,0.04776061,0.053909518,38.0,77.0,112.0,0.07317073,0.03547945,,0.0
2025-12-25,ã‚¾ãƒ­ç›®,0,1,1,0.7741935,3.0,25.0,0.0,-3842.8572,4021.4285,6019.048,8057.143,7611.4287,261212.0,280147.0,277060.25,281388.66,279411.06,-0.01262769,0.011667893,0.018919926,0.024632284,0.02298066,51.0,96.0,138.0,0.12195122,0.038751386,,0.0
2025-12-26,0,0,0,0,0.8064516,4.0,26.0,0.0,1100.0,5071.4287,4404.7617,6767.857,9345.714,278764.56,279599.84,283487.84,287328.53,288016.16,0.015947303,0.027304502,0.020431172,0.02847333,0.035933357,45.0,90.0,147.0,0.1,0.036321186,,0.0
2025-12-26,1,0,0,1,0.8064516,4.0,26.0,0.0,-2414.2856,-1550.0,6552.381,8328.571,9328.571,276766.0,289346.66,296781.44,300732.4,303130.5,-0.0032751542,-0.0062806387,0.019852364,0.025129965,0.029641286,44.0,101.0,131.0,0.075,0.046272263,,0.33333334
2025-12-26,2,1,1,1,0.8064516,4.0,26.0,0.0,6385.7144,11292.857,11542.857,14117.857,16251.429,257917.14,272155.06,283257.34,284440.9,287705.6,0.021247817,0.042578336,0.03763354,0.0440644,0.05258283,44.0,87.0,133.0,0.075,0.047563225,,0.0
2025-12-26,3,0,0,0,0.8064516,4.0,26.0,0.0,9042.857,12842.857,8842.857,11764.286,9648.571,265620.84,279208.78,282700.94,285661.78,287121.38,0.027833696,0.044445325,0.032441854,0.037903715,0.031884216,39.0,84.0,142.0,0.075,0.03312406,,0.33333334
2025-12-26,4,0,0,0,0.8064516,4.0,26.0,0.0,4514.2856,10842.857,14600.0,15107.143,11408.571,269902.16,281156.84,280853.72,281187.9,281693.06,0.021489339,0.040771246,0.051228344,0.052182518,0.03984614,40.0,80.0,110.0,0.125,0.0377796,,0.0
2025-12-26,5,0,0,1,0.8064516,4.0,26.0,0.0,2914.2856,9221.429,13490.477,14910.714,12854.286,289395.0,294219.72,292916.0,294469.1,295871.25,0.008040992,0.025949242,0.038574316,0.044446316,0.037898276,45.0,86.0,122.0,0.1,0.03521127,,0.0
2025-12-26,6,0,0,0,0.8064516,4.0,26.0,0.0,2371.4285,5828.5713,6695.2383,5832.143,5765.7144,267970.0,279529.34,281482.62,282509.3,284458.34,0.018499173,0.033986848,0.031749286,0.028950172,0.026773224,40.0,82.0,127.0,0.175,0.033639003,,0.0
2025-12-26,7,0,0,0,0.8064516,4.0,26.0,0.0,4442.857,11157.143,12219.048,9335.714,12051.429,266572.84,275028.72,280530.84,282227.8,286573.06,0.024026766,0.043701887,0.04962518,0.038697638,0.045768596,42.0,78.0,113.0,0.075,0.052751012,,0.0
2025-12-26,8,0,1,1,0.8064516,4.0,26.0,0.0,2442.8572,17371.428,13200.0,12053.571,11160.0,265959.72,277742.44,281962.75,284550.28,283926.66,0.009538344,0.06528455,0.048133865,0.04158894,0.039386876,41.0,65.0,118.0,0.075,0.045774646,,0.33333334
2025-12-26,9,0,1,1,0.8064516,4.0,26.0,0.0,4157.143,6450.0,11371.429,14028.571,15808.571,269965.84,271244.28,280411.8,281855.2,286313.56,0.011140526,0.023359315,0.04033712,0.049025614,0.0557146,36.0,80.0,114.0,0.1,0.03547945,,0.0
2025-12-26,ã‚¾ãƒ­ç›®,0,0,0,0.8064516,4.0,26.0,0.0,3671.4285,7328.5713,10038.096,8903.571,9445.714,268292.56,276299.78,278953.44,279204.2,281061.94,0.016640145,0.024723249,0.035597842,0.028645458,0.030495193,46.0,91.0,129.0,0.025,0.038751386,,0.0
2025-12-27,0,0,1,1,0.83870965,5.0,27.0,0.0,-1028.5714,4628.5713,4561.905,4278.5713,8245.714,286413.16,279542.72,284769.84,289911.8,287850.88,0.009344005,0.025727734,0.021446545,0.017639372,0.032077987,45.0,88.0,145.0,0.075,0.036321186,,0.0
2025-12-27,1,0,0,0,0.83870965,5.0,27.0,0.0,-2114.2856,-5642.857,5128.5713,7685.7144,9742.857,283411.56,288346.78,297847.44,301726.9,303431.9,-0.0019128313,-0.01942566,0.014708264,0.022772536,0.031089975,46.0,104.0,135.0,0.075,0.046272263,,0.0
2025-12-27,2,0,0,0,0.83870965,5.0,27.0,0.0,16642.857,16628.572,15119.048,17439.285,17117.143,270289.16,271473.94,285075.47,287666.78,287580.2,0.05826643,0.061182044,0.0503646,0.05721005,0.055666752,37.0,78.0,127.0,0.175,0.047563225,,0.33333334
2025-12-27,3,0,0,0,0.83870965,5.0,27.0,0.0,5942.857,4400.0,7704.7617,10367.857,7700.0,267028.72,272250.56,281398.47,287292.5,285818.84,0.015228392,0.014982687,0.027140409,0.032159764,0.024033241,39.0,94.0,143.0,0.1,0.03312406,,0.0
2025-12-27,4,0,0,1,0.83870965,5.0,27.0,0.0,4242.857,8207.143,14114.286,14078.571,10914.286,276759.44,276450.44,282570.56,284056.47,282233.7,0.021055805,0.032573108,0.049341682,0.047153056,0.037934497,39.0,80.0,111.0,0.075,0.0377796,,0.0
2025-12-27,5,0,0,0,0.83870965,5.0,27.0,0.0,5314.2856,9464.286,14009.523,15428.571,13291.429,289975.44,288271.72,292483.94,294803.4,295866.56,0.017831435,0.0275804,0.040690944,0.046562355,0.039673146,43.0,83.0,120.0,0.075,0.03521127,,0.6666667
2025-12-27,6,0,0,1,0.83870965,5.0,27.0,0.0,-4728.5713,1557.1428,4785.7144,4975.0,4191.4287,273617.44,276814.28,282000.56,284053.25,284012.34,-0.010722664,0.01863876,0.024335187,0.025814874,0.020886606,48.0,87.0,134.0,0.075,0.033639003,,0.0
2025-12-27,7,0,0,0,0.83870965,5.0,27.0,0.0,3700.0,6350.0,11242.857,7803.5713,10957.143,273577.28,270577.22,281681.38,282710.7,286017.38,0.022435311,0.02747404,0.045617748,0.03235376,0.04158997,40.0,83.0,117.0,0.125,0.052751012,,0.0
2025-12-27,8,1,1,1,0.83870965,5.0,27.0,0.0,3871.4285,16721.428,15066.667,13403.571,11237.143,268122.44,274539.78,283154.2,286104.2,284378.62,0.014332727,0.06436673,0.05545885,0.04696987,0.03948896,42.0,63.0,112.0,0.125,0.045774646,,0.0
2025-12-27,9,0,0,0,0.83870965,5.0,27.0,0.0,8171.4287,7750.0,11757.143,14017.857,15382.857,276255.44,271284.06,281589.72,282790.22,286884.72,0.026544966,0.028199427,0.04149138,0.048639122,0.05379711,35.0,75.0,115.0,0.075,0.03547945,,0.0
2025-12-27,ã‚¾ãƒ­ç›®,0,1,1,0.83870965,5.0,27.0,0.0,2542.8572,6078.5713,10242.857,8682.143,8085.7144,274798.0,271130.28,279971.56,281210.72,280769.1,0.012864759,0.020295333,0.036635987,0.028030144,0.025491364,48.0,89.0,127.0,0.025,0.038751386,,0.0
2025-12-28,0,0,0,0,0.87096775,6.0,28.0,0.0,9714.286,5692.857,5723.8096,4664.2856,8574.286,288948.84,281942.94,285120.16,290678.8,289055.28,0.037920974,0.028079376,0.024432227,0.018491302,0.032687906,38.0,87.0,139.0,0.075,0.036321186,,0.0
2025-12-28,1,0,0,1,0.87096775,6.0,28.0,0.0,5500.0,-3992.8572,4857.143,7335.7144,11005.714,288647.56,290726.28,299412.62,302154.8,304388.4,0.018929036,-0.01504773,0.013837076,0.021827158,0.03450946,44.0,104.0,136.0,0.125,0.046272263,,0.33333334
2025-12-28,2,1,1,1,0.87096775,6.0,28.0,0.0,11814.286,15278.571,16819.047,16939.285,16988.572,279601.16,274773.56,287190.0,288753.75,289413.88,0.043171674,0.057120275,0.05487633,0.055780873,0.055111416,44.0,83.0,125.0,0.05,0.047563225,,0.0
2025-12-28,3,0,0,0,0.87096775,6.0,28.0,0.0,828.5714,4242.857,7166.6665,6307.143,9322.857,269779.28,273349.56,283674.38,288104.53,287516.03,0.0011618467,0.014491607,0.02540011,0.020971736,0.028861143,47.0,98.0,146.0,0.05,0.03312406,,0.0
2025-12-28,4,0,0,0,0.87096775,6.0,28.0,0.0,11000.0,9335.714,13000.0,13625.0,12162.857,282865.84,281372.34,285680.94,284952.78,284097.34,0.038362782,0.034814905,0.04538761,0.04578647,0.04118041,38.0,80.0,113.0,0.075,0.0377796,,0.0
2025-12-28,5,0,1,1,0.87096775,6.0,28.0,0.0,9157.143,6635.7144,9542.857,14500.0,13822.857,296536.44,289076.16,293355.06,295520.3,296634.62,0.028835563,0.019911746,0.028370827,0.043956827,0.041121777,46.0,93.0,130.0,0.1,0.03521127,,0.0
2025-12-28,6,0,0,0,0.87096775,6.0,28.0,0.0,5042.857,7850.0,3733.3333,5928.5713,6631.4287,279217.28,280375.0,282932.94,286070.2,285370.1,0.015675712,0.036187295,0.021235194,0.028090848,0.02765101,43.0,80.0,136.0,0.075,0.033639003,,0.0
2025-12-28,7,0,0,0,0.87096775,6.0,28.0,0.0,7657.143,7692.857,10995.238,9882.143,11611.429,277078.0,273735.16,281631.0,283542.28,287412.34,0.032859556,0.030956661,0.044988744,0.03793494,0.043328833,42.0,83.0,118.0,0.075,0.052751012,,0.0
2025-12-28,8,0,0,0,0.87096775,6.0,28.0,0.0,13714.286,20528.572,15533.333,14157.143,13985.714,271017.56,274847.84,283925.1,286958.53,286010.44,0.04063057,0.07439436,0.05645964,0.048767164,0.04733106,36.0,56.0,109.0,0.075,0.045774646,,0.33333334
2025-12-28,9,0,0,1,0.87096775,6.0,28.0,0.0,7871.4287,11292.857,13671.429,13964.286,16508.572,280173.28,275251.0,282526.16,283727.3,287592.56,0.025203764,0.038370866,0.046600923,0.048369948,0.056824267,38.0,71.0,110.0,0.075,0.03547945,,0.33333334
2025-12-28,ã‚¾ãƒ­ç›®,0,1,1,0.87096775,6.0,28.0,0.0,5600.0,6514.2856,10985.714,9492.857,9465.714,278800.44,273905.78,282006.94,282524.66,281936.4,0.020349545,0.020732386,0.03821036,0.02999002,0.029190917,46.0,89.0,124.0,0.225,0.038751386,,0.0
2025-12-29,0,0,0,0,0.9032258,0.0,29.0,0.0,11114.286,3571.4285,2390.476,3667.8572,8497.143,290030.84,281589.22,281278.28,287907.97,288334.12,0.042865664,0.021247562,0.015029308,0.015285762,0.032266602,39.0,91.0,146.0,0.09756097,0.036321186,,0.0
2025-12-29,1,1,1,1,0.9032258,0.0,29.0,0.0,12257.143,-107.14286,3700.0,6857.143,11500.0,292689.16,291923.84,296470.0,300605.34,304438.75,0.039118208,-0.0036074836,0.011513794,0.020879433,0.03592206,41.0,97.0,139.0,0.14634146,0.046272263,,0.33333334
2025-12-29,2,0,0,0,0.9032258,0.0,29.0,0.0,22900.0,18735.715,17595.238,16482.143,18257.143,278199.44,275071.44,283203.75,286735.22,289044.84,0.07755901,0.06800456,0.05815237,0.055290658,0.05909496,36.0,75.0,120.0,0.12195122,0.047563225,,0.0
2025-12-29,3,0,0,0,0.9032258,0.0,29.0,0.0,3942.8572,5214.2856,8261.904,6353.5713,9100.0,269030.0,273606.72,280281.8,286418.0,287618.62,0.0105928,0.017424127,0.028632458,0.021359602,0.028159095,50.0,100.0,142.0,0.048780486,0.03312406,,0.0
2025-12-29,4,0,0,1,0.9032258,0.0,29.0,0.0,15328.571,7600.0,11357.143,13339.286,11954.286,276505.84,279068.06,282065.0,282029.03,284054.2,0.051880166,0.029763404,0.04132041,0.045325257,0.040479746,40.0,86.0,119.0,0.14634146,0.0377796,,0.0
2025-12-29,5,0,0,0,0.9032258,0.0,29.0,0.0,14171.429,7242.857,8761.904,14328.571,13011.429,291311.44,288342.78,288495.72,292761.47,295217.5,0.04505933,0.02207107,0.027525717,0.044163376,0.039176766,43.0,92.0,129.0,0.09756097,0.03521127,,0.0
2025-12-29,6,0,1,1,0.9032258,0.0,29.0,0.0,3185.7144,9014.286,3657.1428,7278.5713,6148.5713,279714.16,279571.66,279790.44,284063.06,285764.72,0.009802846,0.039682187,0.020913772,0.03161368,0.0260854,51.0,80.0,136.0,0.0,0.033639003,,0.0
2025-12-29,7,0,0,0,0.9032258,0.0,29.0,0.0,12242.857,7985.7144,11433.333,9546.429,10940.0,276999.28,274398.06,277369.28,280729.94,286444.03,0.04774802,0.031885676,0.046346776,0.03723872,0.041429847,43.0,86.0,118.0,0.09756097,0.052751012,,0.33333334
2025-12-29,8,0,1,1,0.9032258,0.0,29.0,0.0,13085.714,20757.143,16266.667,15253.571,15060.0,266966.16,272160.56,279186.62,284388.28,285443.4,0.03956518,0.07566186,0.05918415,0.052272663,0.050896976,41.0,58.0,107.0,0.14634146,0.045774646,,0.33333334
2025-12-29,9,0,0,1,0.9032258,0.0,29.0,0.0,11057.143,10342.857,13366.667,14125.0,16828.572,277196.16,276689.66,279291.62,281039.25,287401.2,0.035569604,0.03469457,0.046446066,0.04932282,0.05788619,40.0,75.0,110.0,0.07317073,0.03547945,,0.0
2025-12-29,ã‚¾ãƒ­ç›®,0,0,0,0.9032258,0.0,29.0,0.0,14771.429,8478.571,11138.096,9628.571,9414.286,278965.84,275443.06,279953.44,280735.22,281616.06,0.04947577,0.026970342,0.039119594,0.030775212,0.02911648,38.0,84.0,120.0,0.024390243,0.038751386,,0.0
2025-12-30,0,0,0,0,0.9354839,1.0,30.0,0.0,9485.714,2671.4285,990.4762,2646.4285,6157.143,292739.28,288513.0,286313.38,288254.78,288455.66,0.038166974,0.019386454,0.010239479,0.012132796,0.025022944,38.0,91.0,145.0,0.12195122,0.036321186,,0.6666667
2025-12-30,1,0,0,0,0.9354839,1.0,30.0,0.0,8385.714,4464.2856,3119.0476,8628.571,11068.571,300318.72,298374.72,302105.62,302417.22,304957.75,0.02477279,0.012501506,0.0077171084,0.026426632,0.034546085,41.0,87.0,136.0,0.024390243,0.046272263,,0.0
2025-12-30,2,0,0,0,0.9354839,1.0,30.0,0.0,14528.571,17107.143,17885.715,14857.143,16977.143,281715.0,281930.56,288749.56,287768.8,288627.3,0.05004794,0.062172644,0.060743507,0.049924597,0.055251766,41.0,76.0,116.0,0.07317073,0.047563225,,0.0
2025-12-30,3,0,0,0,0.9354839,1.0,30.0,0.0,1414.2858,921.4286,6147.619,5792.857,10005.714,280266.16,282540.84,287394.53,286927.16,288866.75,0.0024447315,-0.00077498675,0.018995415,0.019715207,0.031290743,52.0,104.0,145.0,0.07317073,0.03312406,,0.0
2025-12-30,4,0,1,1,0.9354839,1.0,30.0,0.0,12828.571,8914.286,11352.381,12942.857,12442.857,277715.44,282431.22,287288.75,281906.3,283252.84,0.043238588,0.034784343,0.040919166,0.044022955,0.04200398,41.0,81.0,113.0,0.07317073,0.0377796,,0.0
2025-12-30,5,0,0,0,0.9354839,1.0,30.0,0.0,10471.429,3778.5715,5057.143,12864.286,12577.143,297056.28,292652.0,293269.25,292236.34,295344.0,0.034149926,0.010401921,0.012729472,0.039354373,0.037792,43.0,96.0,138.0,0.09756097,0.03521127,,0.0
2025-12-30,6,0,0,0,0.9354839,1.0,30.0,0.0,5671.4287,8471.429,3180.9524,8300.0,6254.2856,285434.72,285615.0,287104.84,285151.34,285953.97,0.017112138,0.03642489,0.016487198,0.034722902,0.026373139,48.0,79.0,130.0,0.14634146,0.033639003,,0.0
2025-12-30,7,0,0,1,0.9354839,1.0,30.0,0.0,9557.143,5142.857,8047.619,8132.143,9854.286,278175.72,278276.22,281562.25,280179.28,285876.44,0.038704716,0.021378465,0.031617843,0.03252977,0.037828177,44.0,90.0,126.0,0.07317073,0.052751012,,0.0
2025-12-30,8,0,0,1,0.9354839,1.0,30.0,0.0,14428.571,17435.715,15152.381,14489.286,14851.429,274093.56,279769.06,283088.53,284199.84,285931.4,0.044179782,0.059585106,0.05427023,0.04992833,0.0501854,37.0,60.0,103.0,0.12195122,0.045774646,,0.0
2025-12-30,9,1,1,1,0.9354839,1.0,30.0,0.0,10557.143,8521.429,11800.0,12646.429,15660.0,280522.44,282486.16,284290.2,283082.34,287443.22,0.034061845,0.027519975,0.039603293,0.04388022,0.054259673,39.0,76.0,109.0,0.09756097,0.03547945,,0.0
2025-12-30,ã‚¾ãƒ­ç›®,0,1,1,0.9354839,1.0,30.0,0.0,12728.571,7821.4287,8414.286,7432.143,8531.429,279902.44,279984.78,284368.56,280572.56,281416.56,0.042815506,0.025899569,0.027912779,0.023534806,0.02619047,38.0,84.0,125.0,0.09756097,0.038751386,,0.33333334
2025-12-31,0,0,0,1,0.9677419,2.0,31.0,0.0,2628.5715,-1485.7142,-1133.3334,1560.7142,4994.2856,308187.72,296337.78,292384.44,291220.84,291287.84,0.012696076,0.0036115847,0.0018961458,0.008547856,0.020888591,47.0,100.0,152.0,0.024390243,0.036321186,,0.0
2025-12-31,1,0,0,0,0.9677419,2.0,31.0,0.0,8200.0,4350.0,3057.1428,7050.0,10140.0,319193.16,305329.06,308016.06,305463.94,308629.7,0.023819787,0.012030971,0.007413344,0.021028398,0.030803578,41.0,83.0,135.0,0.19512194,0.046272263,,0.0
2025-12-31,2,0,0,0,0.9677419,2.0,31.0,0.0,13614.286,15564.286,17014.285,14028.571,15591.429,307937.0,289891.06,293747.28,291806.03,292655.06,0.04675806,0.056530654,0.057657596,0.04686485,0.049366537,41.0,76.0,118.0,0.12195122,0.047563225,,0.33333334
2025-12-31,3,0,1,1,0.9677419,2.0,31.0,0.0,-2828.5715,-842.8571,5876.1904,5421.4287,8931.429,298132.0,290919.16,292153.9,290817.84,291514.03,-0.014701426,-0.0075695296,0.018348144,0.018541388,0.027329013,57.0,104.0,145.0,0.07317073,0.03312406,,0.0
2025-12-31,4,0,0,0,0.9677419,2.0,31.0,0.0,21857.143,10850.0,11952.381,14457.143,14162.857,298981.0,292090.94,293053.53,286655.84,287061.5,0.07113503,0.037466805,0.040191986,0.047709808,0.047107283,32.0,77.0,113.0,0.07317073,0.0377796,,0.0
2025-12-31,5,0,1,1,0.9677419,2.0,31.0,0.0,6300.0,1678.5714,4938.095,11182.143,11700.0,311802.28,299669.78,298980.28,295476.94,298101.7,0.020668363,0.003671969,0.013324929,0.033708382,0.034969173,49.0,97.0,139.0,0.048780486,0.03521127,,0.33333334
2025-12-31,6,1,1,1,0.9677419,2.0,31.0,0.0,7071.4287,5642.857,5147.619,8642.857,5431.4287,308830.16,295362.66,294410.62,290193.22,290033.8,0.022641096,0.025318632,0.024455823,0.035970338,0.02303648,44.0,83.0,125.0,0.07317073,0.033639003,,0.0
2025-12-31,7,0,0,0,0.9677419,2.0,31.0,0.0,8157.143,4707.143,8019.048,9310.714,10717.143,296071.16,286671.72,287921.56,284989.9,288578.12,0.027730582,0.01732769,0.029687908,0.03650482,0.040487815,47.0,91.0,127.0,0.07317073,0.052751012,,0.0
2025-12-31,8,0,0,0,0.9677419,2.0,31.0,0.0,19600.0,17528.572,16161.904,14617.857,14722.857,298070.16,289281.94,288926.75,286427.16,289450.0,0.0600174,0.05672353,0.056420468,0.049757887,0.04851295,32.0,61.0,100.0,0.17073171,0.045774646,,0.33333334
2025-12-31,9,0,0,1,0.9677419,2.0,31.0,0.0,16128.571,11114.286,13657.143,15446.429,16428.572,297545.72,290952.66,290122.25,287970.44,290656.25,0.045107316,0.03227839,0.04322668,0.052546095,0.055170957,37.0,72.0,105.0,0.09756097,0.03547945,,0.0
2025-12-31,ã‚¾ãƒ­ç›®,0,0,0,0.9677419,2.0,31.0,0.0,16542.857,8757.143,8119.048,8721.429,9520.0,297151.84,288580.84,289347.38,284556.72,284721.62,0.052228823,0.026341815,0.024712404,0.02735177,0.02906445,35.0,80.0,127.0,0.048780486,0.038751386,,0.0
2026-01-01,0,0,1,1,0.0,3.0,1.0,0.0,1100.0,607.1429,1871.4286,2135.7144,5645.7144,314837.28,293075.44,293678.25,291203.3,295263.0,0.0047741067,0.010277201,0.012194876,0.010412879,0.022801934,48.0,94.0,145.0,0.12195122,0.036321186,,0.0
2026-01-01,1,0,0,0,0.0,3.0,1.0,0.0,7942.857,2078.5715,3652.3809,7146.4287,9108.571,338331.44,304549.94,309866.84,307741.66,310375.97,0.021750512,0.0057687997,0.009263684,0.021285336,0.027179962,43.0,89.0,137.0,0.09756097,0.046272263,,0.33333334
2026-01-01,2,0,0,0,0.0,3.0,1.0,0.0,13700.0,15585.714,13842.857,13825.0,15828.571,325137.16,288245.84,291857.2,293575.75,294739.16,0.042493418,0.0568545,0.049139608,0.045756955,0.04986478,42.0,76.0,123.0,0.17073171,0.047563225,,0.33333334
2026-01-01,3,0,0,0,0.0,3.0,1.0,0.0,2571.4285,3314.2856,8209.523,6317.857,9794.286,315401.16,288481.84,293952.9,291544.28,294048.6,0.0035452782,0.004692829,0.025877537,0.021256765,0.029939754,50.0,96.0,139.0,0.0,0.03312406,,0.0
2026-01-01,4,0,0,0,0.0,3.0,1.0,0.0,22942.857,11092.857,12890.477,13985.714,14457.143,314524.84,288213.78,293955.28,288374.03,289547.4,0.07324184,0.038576793,0.043260813,0.045649614,0.04794737,33.0,77.0,114.0,0.048780486,0.0377796,,0.33333334
2026-01-01,5,0,0,0,0.0,3.0,1.0,0.0,1728.5714,2300.0,7761.905,11500.0,12762.857,311526.16,295742.94,301658.38,296393.75,300326.25,0.0064579686,0.0064097727,0.023080721,0.0344775,0.038456682,50.0,95.0,131.0,0.024390243,0.03521127,,0.0
2026-01-01,6,0,0,1,0.0,3.0,1.0,0.0,11271.429,10564.286,8414.286,10157.143,8394.286,323158.16,292037.28,296110.9,291714.6,292602.84,0.027170105,0.041060753,0.034824893,0.040288955,0.033683687,43.0,75.0,123.0,0.07317073,0.033639003,,0.0
2026-01-01,7,1,1,1,0.0,3.0,1.0,0.0,1585.7142,1935.7142,7576.1904,9089.286,9217.143,303174.16,283732.22,285992.1,286013.78,289848.9,0.0029502672,0.008778156,0.028102554,0.035880607,0.03487801,54.0,97.0,133.0,0.17073171,0.052751012,,0.0
2026-01-01,8,0,1,1,0.0,3.0,1.0,0.0,20814.285,13557.143,17052.38,14400.0,15162.857,314440.56,287063.94,290652.0,288283.28,292295.2,0.063629664,0.0453876,0.059444983,0.048709124,0.050167702,31.0,68.0,100.0,0.09756097,0.045774646,,0.0
2026-01-01,9,0,0,0,0.0,3.0,1.0,0.0,23557.143,12385.714,12042.857,14303.571,15834.286,311295.72,289074.5,286815.72,288388.47,290506.75,0.075402364,0.036597542,0.039634828,0.048517797,0.05328896,31.0,69.0,108.0,0.07317073,0.03547945,,0.0
2026-01-01,ã‚¾ãƒ­ç›®,0,0,1,0.0,3.0,1.0,0.0,16100.0,6128.5713,8047.619,8539.286,9665.714,308576.84,284894.44,289623.62,284939.4,286826.28,0.050047703,0.018710006,0.024461163,0.026701871,0.029715369,37.0,88.0,133.0,0.12195122,0.038751386,,0.0
2026-01-02,0,0,0,0,0.032258064,4.0,2.0,0.0,2428.5715,1764.2858,4190.476,3910.7144,5900.0,334382.56,306573.56,297860.75,296211.53,296739.34,0.0016299962,0.00878865,0.018746333,0.015730878,0.023104664,48.0,93.0,138.0,0.1,0.036321186,,0.0
2026-01-02,1,0,0,1,0.032258064,4.0,2.0,0.0,9471.429,3528.5715,2123.8096,7282.143,8557.143,358748.16,317757.06,312480.47,312273.1,312335.53,0.025979154,0.011352,0.0044726254,0.021384062,0.025299802,45.0,89.0,146.0,0.075,0.046272263,,0.0
2026-01-02,2,0,0,0,0.032258064,4.0,2.0,0.0,20057.143,13221.429,14214.286,13671.429,15305.714,342943.0,300430.06,295751.06,298178.75,296141.3,0.06411351,0.042680662,0.049756728,0.04425353,0.048074223,39.0,83.0,126.0,0.075,0.047563225,,0.33333334
2026-01-02,3,0,1,1,0.032258064,4.0,2.0,0.0,900.0,4971.4287,8861.904,6857.143,9591.429,336796.56,301208.72,298404.72,296224.84,295888.75,-0.0057824296,0.011025634,0.02770274,0.022885785,0.029166488,55.0,94.0,139.0,0.075,0.03312406,,0.33333334
2026-01-02,4,0,0,0,0.032258064,4.0,2.0,0.0,17557.143,11035.714,13080.952,15339.286,15597.143,333704.0,301803.06,298672.56,294066.28,291691.12,0.047595385,0.034542363,0.04304596,0.050320104,0.05126509,38.0,78.0,118.0,0.125,0.0377796,,0.0
2026-01-02,5,0,0,1,0.032258064,4.0,2.0,0.0,3371.4285,3142.8572,7271.4287,10960.714,12602.857,326452.16,307923.56,304963.84,301300.03,300865.72,0.012149363,0.010095177,0.021349281,0.03196808,0.037986923,52.0,97.0,138.0,0.1,0.03521127,,0.0
2026-01-02,6,0,1,1,0.032258064,4.0,2.0,0.0,18685.715,10528.571,10114.286,9692.857,8402.857,346125.16,307047.56,301727.94,297643.25,295232.5,0.048826795,0.033662986,0.038933497,0.036018662,0.032925494,37.0,77.0,119.0,0.175,0.033639003,,0.0
2026-01-02,7,0,0,0,0.032258064,4.0,2.0,0.0,7085.7144,5764.2856,9800.0,10935.714,8885.714,323358.84,294965.84,291138.75,291237.84,290454.03,0.01343436,0.018730564,0.03361271,0.040577475,0.03364498,50.0,92.0,128.0,0.075,0.052751012,,0.0
2026-01-02,8,0,0,0,0.032258064,4.0,2.0,0.0,27914.285,15178.571,20885.715,16878.572,15225.714,332729.44,299344.56,296071.44,294654.44,294186.12,0.08174037,0.04563936,0.070769824,0.05653549,0.049619228,26.0,67.0,91.0,0.075,0.045774646,,0.33333334
2026-01-02,9,0,0,0,0.032258064,4.0,2.0,0.0,23685.715,13921.429,12195.238,14450.0,15960.0,334052.28,302009.06,292180.28,293821.94,292294.6,0.07091943,0.04102998,0.03921269,0.0479827,0.053404376,32.0,68.0,112.0,0.1,0.03547945,,0.0
2026-01-02,ã‚¾ãƒ­ç›®,1,1,1,0.032258064,4.0,2.0,0.0,12357.143,8014.2856,9004.762,10617.857,9594.286,327452.0,297872.28,293350.53,291078.06,288853.75,0.03082641,0.023733277,0.026757635,0.034404982,0.029081648,40.0,86.0,131.0,0.025,0.038751386,,0.0
2026-01-03,0,0,0,1,0.06451613,5.0,3.0,0.0,7971.4287,3471.4285,5742.857,5414.2856,5017.143,339826.44,313119.78,299637.28,298534.0,299894.75,0.020253398,0.014798702,0.023902955,0.021148257,0.018162178,46.0,91.0,134.0,0.075,0.036321186,,0.0
2026-01-03,1,0,0,0,0.06451613,5.0,3.0,0.0,12628.571,5257.143,447.61905,7003.5713,8674.286,366209.44,324810.5,314301.0,314937.94,314623.4,0.03513351,0.01661034,-0.0012392694,0.019814575,0.02524473,45.0,91.0,149.0,0.075,0.046272263,,0.0
2026-01-03,2,0,1,1,0.06451613,5.0,3.0,0.0,10242.857,13442.857,14500.0,13900.0,16000.0,350135.56,310212.34,297694.47,301340.5,300160.53,0.02993163,0.04409903,0.05076524,0.045256354,0.051754367,47.0,84.0,125.0,0.175,0.047563225,,0.33333334
2026-01-03,3,0,0,1,0.06451613,5.0,3.0,0.0,12757.143,9350.0,7185.7144,8967.857,10845.714,351475.56,309252.16,298658.9,298917.75,300129.12,0.03772783,0.02647811,0.0225644,0.029787263,0.033273377,46.0,85.0,140.0,0.1,0.03312406,,0.0
2026-01-03,4,0,1,1,0.06451613,5.0,3.0,0.0,19071.428,11657.143,11828.571,15353.571,15077.143,342409.28,309584.34,298436.72,297530.25,295727.03,0.052838463,0.036947135,0.039328225,0.050215878,0.048290137,40.0,79.0,120.0,0.075,0.0377796,,0.0
2026-01-03,5,0,0,0,0.06451613,5.0,3.0,0.0,4542.857,4928.5713,7823.8096,11642.857,13251.429,336754.0,313364.72,304432.47,303551.47,303193.5,0.014225741,0.016028589,0.023128849,0.034074645,0.04009503,52.0,95.0,135.0,0.075,0.03521127,,0.33333334
2026-01-03,6,0,0,0,0.06451613,5.0,3.0,0.0,28171.428,11721.429,10428.571,10632.143,9614.286,352990.0,313303.72,302206.2,299747.94,297840.6,0.082110085,0.035693713,0.039795868,0.038778912,0.037073918,30.0,78.0,117.0,0.075,0.033639003,,0.0
2026-01-03,7,1,1,1,0.06451613,5.0,3.0,0.0,8514.286,6107.143,7071.4287,10560.714,7945.7144,331607.56,302592.44,290920.66,294162.94,292490.06,0.019683508,0.02105941,0.024877196,0.039134186,0.029819708,52.0,92.0,135.0,0.125,0.052751012,,0.0
2026-01-03,8,0,0,0,0.06451613,5.0,3.0,0.0,20900.0,12385.714,18114.285,16525.0,14902.857,342949.28,305535.84,297342.94,298102.97,297473.2,0.05711217,0.03572245,0.06194854,0.05587218,0.04899833,35.0,77.0,98.0,0.125,0.045774646,,0.33333334
2026-01-03,9,0,0,0,0.06451613,5.0,3.0,0.0,23114.285,15642.857,12871.429,14596.429,15837.143,339539.84,307897.66,294036.0,296077.25,294140.16,0.067471266,0.047008116,0.04129004,0.047986355,0.05240555,35.0,70.0,110.0,0.075,0.03547945,,0.0
2026-01-03,ã‚¾ãƒ­ç›®,0,0,0,0.06451613,5.0,3.0,0.0,21171.428,11857.143,11109.523,12975.0,11180.0,337021.16,305909.56,293093.9,294233.97,292372.8,0.058780137,0.035822447,0.0331236,0.042172026,0.034180142,34.0,82.0,123.0,0.025,0.038751386,,0.0
2026-01-04,0,0,0,0,0.09677419,6.0,4.0,0.0,4014.2856,6864.2856,5133.3335,5296.4287,4534.2856,334434.72,311691.78,299440.2,297448.78,299430.0,0.010395386,0.02415818,0.022184713,0.020923017,0.01687212,47.0,85.0,134.0,0.075,0.036321186,,0.0
2026-01-04,1,0,0,0,0.09677419,6.0,4.0,0.0,5842.857,5671.4287,-714.2857,5103.5713,7037.143,361484.84,325066.22,314312.47,314930.7,314020.84,0.016747905,0.01783847,-0.004449185,0.014564783,0.020811308,47.0,91.0,151.0,0.125,0.046272263,,0.0
2026-01-04,2,0,0,0,0.09677419,6.0,4.0,0.0,11514.286,11664.286,14023.81,15492.857,15854.286,343672.84,311637.0,297740.0,301310.72,299737.56,0.03405674,0.038614206,0.04943243,0.049671434,0.051436048,41.0,85.0,124.0,0.05,0.047563225,,0.33333334
2026-01-04,3,0,0,0,0.09677419,6.0,4.0,0.0,12514.286,6671.4287,7000.0,8503.571,7548.5713,345981.0,307880.16,297560.06,299251.03,299679.84,0.03739766,0.019279754,0.022126958,0.028399497,0.02425692,41.0,88.0,139.0,0.05,0.03312406,,0.0
2026-01-04,4,0,0,1,0.09677419,6.0,4.0,0.0,17728.572,14364.286,12133.333,14182.143,14445.714,330084.44,306475.16,297609.72,296781.8,293979.12,0.051551625,0.044957202,0.04039381,0.046928614,0.046939503,38.0,76.0,118.0,0.075,0.0377796,,0.0
2026-01-04,5,0,0,0,0.09677419,6.0,4.0,0.0,2342.8572,5750.0,5204.7617,7742.857,12068.571,331109.28,313822.84,303087.2,302793.6,302638.12,0.008161972,0.018498767,0.015995154,0.023318615,0.036797855,50.0,96.0,143.0,0.1,0.03521127,,0.0
2026-01-04,6,0,1,1,0.09677419,6.0,4.0,0.0,20728.572,12885.714,12142.857,7982.143,8888.571,345887.84,312552.56,302212.62,298671.7,298033.72,0.06219944,0.038937576,0.04485801,0.031476256,0.034912564,36.0,79.0,116.0,0.075,0.033639003,,0.0
2026-01-04,7,1,1,1,0.09677419,6.0,4.0,0.0,9428.571,8542.857,8271.429,10603.571,9791.429,326144.44,301611.22,291204.9,292759.34,292062.72,0.022990717,0.027925137,0.028301347,0.039489236,0.034946095,46.0,88.0,129.0,0.075,0.052751012,,0.0
2026-01-04,8,0,1,1,0.09677419,6.0,4.0,0.0,14600.0,14157.143,18552.38,15300.0,14245.714,336216.84,303617.22,295304.2,296998.03,296810.2,0.040874425,0.040752497,0.06322105,0.052563336,0.047188617,40.0,76.0,96.0,0.075,0.045774646,,0.33333334
2026-01-04,9,0,0,0,0.09677419,6.0,4.0,0.0,21285.715,14578.571,14623.81,15575.0,15428.571,333086.28,306629.78,294529.44,295166.2,293599.12,0.06297778,0.044090774,0.04657317,0.050695136,0.051291514,36.0,74.0,107.0,0.075,0.03547945,,0.33333334
2026-01-04,ã‚¾ãƒ­ç›®,0,0,1,0.09677419,6.0,4.0,0.0,16185.714,10892.857,9738.096,12285.714,10831.429,328830.28,303815.34,292213.94,293712.78,291785.78,0.045998216,0.03317388,0.029154329,0.04015732,0.03319166,40.0,86.0,129.0,0.225,0.038751386,,0.0
2026-01-05,0,0,0,1,0.12903225,0.0,5.0,0.0,6128.5713,8621.429,4423.8096,3325.0,4160.0,335397.0,312713.94,299525.16,294807.97,297405.78,0.017337075,0.030101368,0.019944066,0.01560625,0.015696025,42.0,81.0,133.0,0.09756097,0.036321186,,0.0
2026-01-05,1,1,1,1,0.12903225,0.0,5.0,0.0,400.0,6328.5713,61.904762,2875.0,5565.7144,360479.72,326584.44,314775.8,312472.44,312580.22,0.0010437769,0.020080993,-0.0020570634,0.008896289,0.0169123,51.0,92.0,148.0,0.14634146,0.046272263,,0.6666667
2026-01-05,2,0,0,0,0.12903225,0.0,5.0,0.0,-1857.1428,10521.429,11871.429,12732.143,12814.286,339725.72,308962.56,296622.84,297334.25,297333.3,-0.010137462,0.033710774,0.04195722,0.041079912,0.042205036,50.0,86.0,125.0,0.12195122,0.047563225,,0.0
2026-01-05,3,0,1,1,0.12903225,0.0,5.0,0.0,6814.2856,5378.5713,5747.619,7900.0,6445.7144,343880.0,306455.0,297031.16,296181.34,297910.4,0.019695085,0.015143942,0.018181114,0.026398115,0.021026699,43.0,93.0,143.0,0.048780486,0.03312406,,0.0
2026-01-05,4,0,0,0,0.12903225,0.0,5.0,0.0,14471.429,14900.0,9890.477,12135.714,13565.714,330749.56,303627.72,296295.25,294236.16,291773.16,0.04055256,0.046216365,0.03335979,0.04112845,0.04437072,35.0,75.0,121.0,0.14634146,0.0377796,,0.0
2026-01-05,5,0,0,1,0.12903225,0.0,5.0,0.0,-8885.714,2642.8572,1866.6666,4350.0,9685.714,333580.72,312446.06,303422.1,299766.97,300925.3,-0.027744902,0.008657214,0.0054657455,0.013708063,0.029781722,59.0,102.0,151.0,0.09756097,0.03521127,,0.0
2026-01-05,6,0,1,1,0.12903225,0.0,5.0,0.0,21442.857,12314.286,13157.143,8103.5713,10111.429,342200.56,310957.34,300447.94,295392.97,295690.56,0.064450525,0.037126683,0.0479383,0.03179796,0.038181048,29.0,80.0,109.0,0.0,0.033639003,,0.0
2026-01-05,7,0,0,0,0.12903225,0.0,5.0,0.0,9728.571,10985.714,8566.667,11007.143,9582.857,327119.56,302059.44,291971.9,289806.84,290007.84,0.023871288,0.035809655,0.029214215,0.040727906,0.034565233,38.0,81.0,124.0,0.09756097,0.052751012,,0.0
2026-01-05,8,0,0,0,0.12903225,0.0,5.0,0.0,12628.571,12857.143,18047.62,15357.143,14728.571,336788.16,301877.16,293703.1,293587.0,294868.25,0.03409292,0.03682905,0.06180555,0.05291134,0.048636716,36.0,77.0,94.0,0.14634146,0.045774646,,0.33333334
2026-01-05,9,0,0,0,0.12903225,0.0,5.0,0.0,16014.286,13535.714,12233.333,14028.571,14502.857,334709.84,305953.0,296029.72,293146.2,291773.38,0.046104215,0.040836908,0.038497783,0.046360604,0.0486791,38.0,78.0,113.0,0.07317073,0.03547945,,0.0
2026-01-05,ã‚¾ãƒ­ç›®,0,0,0,0.12903225,0.0,5.0,0.0,12157.143,13464.286,9704.762,11392.857,10134.286,325304.16,302135.0,292063.44,291291.1,289649.0,0.033174295,0.041325033,0.029038327,0.03763327,0.03125503,41.0,79.0,125.0,0.024390243,0.038751386,,0.0
2026-01-06,0,0,0,0,0.16129032,1.0,6.0,0.0,13228.571,11357.143,6190.476,4050.0,4762.857,330461.44,311600.34,302495.8,297350.4,296696.12,0.040528294,0.039347634,0.026433732,0.017811682,0.017811896,39.0,77.0,130.0,0.12195122,0.036321186,,0.6666667
2026-01-06,1,0,0,0,0.16129032,1.0,6.0,0.0,9085.714,8735.714,6004.7617,4610.7144,8720.0,354246.44,327282.56,316998.62,315140.8,312783.06,0.030287003,0.027529897,0.018430006,0.013359582,0.027198706,51.0,92.0,138.0,0.024390243,0.046272263,,0.0
2026-01-06,2,0,1,1,0.16129032,1.0,6.0,0.0,2342.8572,8435.714,12185.714,14000.0,12354.286,338277.28,309996.16,300712.8,301131.5,297870.5,0.0030717098,0.026559826,0.042472333,0.04632556,0.04055402,53.0,94.0,129.0,0.07317073,0.047563225,,0.0
2026-01-06,3,0,0,0,0.16129032,1.0,6.0,0.0,15842.857,8628.571,5895.2383,8571.429,7802.857,337301.72,308783.94,300794.47,299871.3,297002.06,0.049155045,0.02579989,0.015868358,0.026535323,0.025603175,39.0,91.0,143.0,0.07317073,0.03312406,,0.0
2026-01-06,4,0,0,0,0.16129032,1.0,6.0,0.0,17642.857,15235.714,11823.81,12925.0,13882.857,326058.84,301887.16,296973.75,296981.28,290736.84,0.05267792,0.047958255,0.04074887,0.043858856,0.04575395,37.0,78.0,118.0,0.07317073,0.0377796,,0.0
2026-01-06,5,0,0,0,0.16129032,1.0,6.0,0.0,1442.8572,5957.143,3000.0,4153.5713,10580.0,330308.28,313682.28,305204.1,302529.0,299850.75,0.007213403,0.020681664,0.009339082,0.011350455,0.03292618,52.0,95.0,148.0,0.09756097,0.03521127,,0.0
2026-01-06,6,0,1,1,0.16129032,1.0,6.0,0.0,24157.143,14914.286,13700.0,8425.0,11471.429,336945.72,311190.22,302725.25,299565.06,295510.22,0.07418797,0.045650054,0.049012583,0.030912392,0.042615913,30.0,78.0,109.0,0.14634146,0.033639003,,0.0
2026-01-06,7,0,0,1,0.16129032,1.0,6.0,0.0,16400.0,12978.571,8895.238,10135.714,9785.714,325691.28,301933.5,294081.25,292594.5,289281.7,0.046905864,0.042805288,0.029887598,0.035439845,0.03540499,36.0,80.0,126.0,0.07317073,0.052751012,,0.0
2026-01-06,8,0,0,1,0.16129032,1.0,6.0,0.0,14928.571,14678.571,16600.0,15096.429,14577.143,332588.84,303341.22,297375.66,295463.6,293877.66,0.04221665,0.043198217,0.05379562,0.051256835,0.048385996,42.0,79.0,102.0,0.12195122,0.045774646,,0.0
2026-01-06,9,0,0,0,0.16129032,1.0,6.0,0.0,18442.857,14500.0,11828.571,13460.714,13805.714,327613.0,304067.72,297528.44,295120.9,291988.5,0.054603763,0.044332802,0.036547903,0.04335341,0.046024926,44.0,83.0,120.0,0.09756097,0.03547945,,0.33333334
2026-01-06,ã‚¾ãƒ­ç›®,1,1,1,0.16129032,1.0,6.0,0.0,19128.572,15928.571,11590.477,11092.857,9771.429,321198.44,300550.44,293722.66,293576.03,288697.75,0.057459604,0.050137553,0.03641958,0.035299484,0.030319765,39.0,77.0,123.0,0.09756097,0.038751386,,0.0
2026-01-07,0,1,1,1,0.19354838,2.0,7.0,0.0,16228.571,9428.571,4419.048,3207.1428,4494.2856,315043.16,311615.44,302572.9,298049.1,295985.3,0.050299134,0.031497605,0.0191741,0.013996893,0.01689811,38.0,85.0,138.0,0.024390243,0.036321186,,0.0
2026-01-07,1,0,0,0,0.19354838,2.0,7.0,0.0,11142.857,9671.429,6614.2856,5078.5713,7868.5713,334169.44,326681.28,314942.53,314554.4,311205.03,0.039127614,0.0314737,0.021063186,0.015341911,0.024648242,50.0,91.0,133.0,0.19512194,0.046272263,,0.0
2026-01-07,2,0,0,1,0.19354838,2.0,7.0,0.0,11871.429,12742.857,14333.333,15728.571,13597.143,326426.72,317181.84,302069.62,301917.16,298730.16,0.03596392,0.04136099,0.049675077,0.052234177,0.044684663,47.0,88.0,123.0,0.12195122,0.047563225,,0.0
2026-01-07,3,0,0,1,0.19354838,2.0,7.0,0.0,18471.428,7821.4287,5595.2383,9025.0,8031.4287,319557.28,308844.66,300465.2,299004.75,296565.75,0.05904435,0.022171462,0.014635097,0.028522195,0.026641982,37.0,94.0,141.0,0.07317073,0.03312406,,0.0
2026-01-07,4,0,0,0,0.19354838,2.0,7.0,0.0,9671.429,15764.286,10457.143,11382.143,13500.0,302021.44,300501.22,295401.1,295295.5,289728.97,0.029214405,0.050174717,0.034716006,0.03744759,0.04401073,45.0,77.0,122.0,0.07317073,0.0377796,,0.0
2026-01-07,5,0,0,0,0.19354838,2.0,7.0,0.0,5257.143,5778.5713,2871.4285,5017.857,9997.143,314608.56,313205.44,304649.38,302887.34,299303.25,0.019461919,0.02006514,0.008935286,0.014859177,0.03085909,49.0,98.0,146.0,0.048780486,0.03521127,,0.33333334
2026-01-07,6,0,0,0,0.19354838,2.0,7.0,0.0,30700.0,18885.715,13995.238,11535.714,13054.286,312042.44,310436.28,300922.56,298818.56,294563.06,0.104327366,0.06348423,0.051654875,0.04442371,0.049641743,27.0,71.0,110.0,0.07317073,0.033639003,,0.33333334
2026-01-07,7,0,1,1,0.19354838,2.0,7.0,0.0,15614.286,11885.714,8342.857,9917.857,10571.429,308755.84,302413.5,294033.1,293130.16,289743.1,0.0480783,0.03790444,0.027577894,0.034285508,0.038819518,36.0,83.0,127.0,0.07317073,0.052751012,,0.0
2026-01-07,8,0,0,0,0.19354838,2.0,7.0,0.0,13328.571,16464.285,16128.571,15453.571,14360.0,311014.44,304542.28,296526.1,294448.7,291344.6,0.04292187,0.051469635,0.052122977,0.053045817,0.048390687,42.0,74.0,103.0,0.17073171,0.045774646,,0.33333334
2026-01-07,9,0,0,0,0.19354838,2.0,7.0,0.0,6714.2856,11421.429,9647.619,11921.429,13700.0,311727.72,304636.72,297877.66,295523.6,292721.88,0.018946515,0.032026917,0.02783443,0.03715664,0.045826178,54.0,91.0,126.0,0.09756097,0.03547945,,0.0
2026-01-07,ã‚¾ãƒ­ç›®,0,1,1,0.19354838,2.0,7.0,0.0,23942.857,20242.857,13819.048,12075.0,11765.714,309292.28,303222.06,295484.66,294333.6,289503.84,0.08002616,0.06612749,0.044236593,0.038540844,0.03788665,37.0,72.0,117.0,0.048780486,0.038751386,,0.0
2026-01-08,0,0,1,1,0.22580644,3.0,8.0,0.0,22571.428,11835.714,7928.5713,7046.4287,6222.857,325862.16,320349.72,304004.34,301724.22,298135.1,0.06448602,0.034630064,0.028346807,0.025267662,0.021227507,35.0,83.0,129.0,0.12195122,0.036321186,,0.0
2026-01-08,1,1,1,1,0.22580644,3.0,8.0,0.0,13814.286,10878.571,5990.476,6192.857,8480.0,337467.84,337899.66,315522.56,316767.1,313686.88,0.046188824,0.033969667,0.019242141,0.01849497,0.026266033,48.0,91.0,137.0,0.09756097,0.046272263,,0.0
2026-01-08,2,0,0,0,0.22580644,3.0,8.0,0.0,14971.429,14335.714,15380.952,14125.0,14054.286,332374.0,328755.56,302955.25,301986.4,301335.4,0.043627366,0.043060392,0.052445456,0.04776155,0.045331035,45.0,87.0,121.0,0.17073171,0.047563225,,0.33333334
2026-01-08,3,0,0,0,0.22580644,3.0,8.0,0.0,18171.428,10371.429,8266.667,10700.0,8688.571,326179.44,320790.28,301047.72,302009.53,298471.3,0.056488853,0.030017067,0.02195817,0.033530366,0.028303184,39.0,89.0,135.0,0.0,0.03312406,,0.0
2026-01-08,4,0,0,0,0.22580644,3.0,8.0,0.0,11400.0,17171.428,11195.238,12517.857,13468.571,306296.0,310410.44,294241.2,297040.47,291958.44,0.03373866,0.05349025,0.03696408,0.040880274,0.043267425,44.0,77.0,121.0,0.048780486,0.0377796,,0.33333334
2026-01-08,5,0,1,1,0.22580644,3.0,8.0,0.0,3685.7144,2707.1428,2761.9048,6742.857,9937.143,321304.28,316415.22,304263.38,306569.84,301375.84,0.01328632,0.009872144,0.008701955,0.02063212,0.030239262,55.0,105.0,150.0,0.024390243,0.03521127,,0.0
2026-01-08,6,0,0,0,0.22580644,3.0,8.0,0.0,19457.143,15364.286,13528.571,11175.0,12017.143,322268.44,322713.28,302114.34,302650.28,297825.38,0.069160886,0.048165496,0.050427463,0.043408893,0.04606334,36.0,79.0,111.0,0.07317073,0.033639003,,0.0
2026-01-08,7,0,0,1,0.22580644,3.0,8.0,0.0,25442.857,13514.286,9771.429,12042.857,12360.0,318298.16,310736.16,295254.2,294068.6,292470.66,0.076159365,0.039554816,0.03123856,0.040116757,0.04393636,27.0,81.0,124.0,0.17073171,0.052751012,,0.33333334
2026-01-08,8,0,0,1,0.22580644,3.0,8.0,0.0,10742.857,15778.571,12619.048,15475.0,13668.571,316972.16,315706.34,297033.34,297232.03,294021.06,0.035130695,0.04938018,0.04196863,0.05336641,0.04599344,45.0,76.0,113.0,0.09756097,0.045774646,,0.0
2026-01-08,9,0,0,0,0.22580644,3.0,8.0,0.0,3857.1428,13707.143,9542.857,9996.429,12214.286,319787.0,315541.34,299312.0,295058.53,294668.16,0.009172251,0.04228731,0.027455779,0.032019183,0.040648688,58.0,89.0,127.0,0.07317073,0.03547945,,0.0
2026-01-08,ã‚¾ãƒ­ç›®,0,0,0,0.22580644,3.0,8.0,0.0,29514.285,22807.143,13923.81,13414.286,12734.286,315895.0,312235.94,295227.94,296191.47,291130.5,0.09646625,0.07325698,0.044628754,0.042462435,0.040654745,30.0,67.0,118.0,0.12195122,0.038751386,,0.0
2026-01-09,0,0,0,0,0.2580645,4.0,9.0,0.0,19614.285,11021.429,7714.2856,8046.4287,7051.4287,305843.0,320112.78,306330.06,299856.3,298137.84,0.060927484,0.03127874,0.02616826,0.02929162,0.024770198,35.0,83.0,128.0,0.1,0.036321186,,0.0
2026-01-09,1,0,0,0,0.2580645,4.0,9.0,0.0,20042.857,14757.143,9033.333,6603.5713,9834.286,318922.56,338835.34,318145.56,314091.0,313603.0,0.0721401,0.049059626,0.0316147,0.021389492,0.031535268,39.0,84.0,128.0,0.075,0.046272263,,0.0
2026-01-09,2,1,1,1,0.2580645,4.0,9.0,0.0,12385.714,16221.429,12942.857,13757.143,13414.286,316185.28,329564.16,305681.8,300859.6,301780.06,0.03683533,0.05047442,0.04073222,0.04652638,0.04276989,45.0,84.0,128.0,0.075,0.047563225,,0.33333334
2026-01-09,3,0,0,1,0.2580645,4.0,9.0,0.0,13942.857,7421.4287,7961.905,10132.143,8274.286,300120.28,318458.44,300845.9,298833.6,297003.94,0.039192285,0.016704928,0.020414518,0.030575126,0.026147084,40.0,95.0,134.0,0.075,0.03312406,,0.0
2026-01-09,4,0,1,1,0.2580645,4.0,9.0,0.0,9757.143,13657.143,10609.523,12250.0,14222.857,281898.0,307801.0,295168.06,294478.94,291632.62,0.032140996,0.03986819,0.033741906,0.04031972,0.046684284,44.0,82.0,122.0,0.125,0.0377796,,0.0
2026-01-09,5,0,0,0,0.2580645,4.0,9.0,0.0,6200.0,4785.7144,4161.905,7003.5713,10008.571,303899.72,315175.94,306582.28,304697.8,301819.97,0.024055336,0.01810235,0.014748564,0.022025796,0.03038553,46.0,98.0,143.0,0.1,0.03521127,,0.0
2026-01-09,6,0,1,1,0.2580645,4.0,9.0,0.0,14671.429,16678.572,11909.523,11253.571,10688.571,296606.0,321365.56,303567.06,300447.47,297435.8,0.058508657,0.053667728,0.041944876,0.043827288,0.040516663,39.0,76.0,116.0,0.175,0.033639003,,0.0
2026-01-09,7,0,0,0,0.2580645,4.0,9.0,0.0,19742.857,13414.286,10423.81,12285.714,12697.143,299075.84,311217.34,296335.84,293123.03,292805.47,0.06447101,0.038952682,0.03397738,0.041327283,0.04535618,30.0,80.0,122.0,0.075,0.052751012,,0.0
2026-01-09,8,0,0,0,0.2580645,4.0,9.0,0.0,5800.0,16857.143,12052.381,17114.285,14662.857,292611.16,312670.28,297100.1,295206.34,294245.78,0.026813254,0.054276813,0.03936399,0.059780683,0.050591044,48.0,74.0,115.0,0.075,0.045774646,,0.33333334
2026-01-09,9,0,0,1,0.2580645,4.0,9.0,0.0,-1971.4286,10857.143,8623.81,8653.571,11165.714,299367.56,316709.94,301128.56,293977.1,294931.06,-0.010911866,0.030003784,0.02371603,0.02668155,0.036203787,62.0,94.0,130.0,0.1,0.03547945,,0.0
2026-01-09,ã‚¾ãƒ­ç›®,0,0,0,0.2580645,4.0,9.0,0.0,23957.143,18157.143,13328.571,12742.857,13285.714,292360.16,309906.06,296034.9,293102.94,291334.5,0.07856312,0.054694764,0.04200989,0.039709006,0.04323661,34.0,74.0,120.0,0.025,0.038751386,,0.33333334
2026-01-10,0,0,0,0,0.29032257,5.0,10.0,0.0,17300.0,12635.714,8080.952,8632.143,7791.4287,295734.72,317780.56,307324.75,298661.66,297974.16,0.05370705,0.036980223,0.02776815,0.031353977,0.027660016,37.0,83.0,128.0,0.075,0.036321186,,0.0
2026-01-10,1,0,0,1,0.29032257,5.0,10.0,0.0,17628.572,15128.571,9380.952,4742.857,9128.571,302963.56,334586.5,317528.2,311466.66,312543.06,0.06587479,0.05050415,0.033031825,0.015539246,0.029026618,41.0,86.0,132.0,0.075,0.046272263,,0.0
2026-01-10,2,1,1,1,0.29032257,5.0,10.0,0.0,17957.143,14100.0,14947.619,15364.286,14711.429,304072.84,327104.22,308165.84,299289.06,301886.97,0.05869891,0.04431527,0.048965655,0.052748658,0.047944866,37.0,84.0,121.0,0.175,0.047563225,,0.33333334
2026-01-10,3,0,1,1,0.29032257,5.0,10.0,0.0,9642.857,11200.0,9447.619,7800.0,9102.857,287365.72,319420.66,301956.66,295835.6,296607.34,0.027659046,0.03269344,0.026871756,0.023838062,0.029361619,43.0,89.0,128.0,0.1,0.03312406,,0.0
2026-01-10,4,0,0,1,0.29032257,5.0,10.0,0.0,11185.714,15128.571,11500.0,11667.857,14520.0,268284.28,305346.78,295817.66,290898.6,291681.06,0.03884127,0.045839865,0.037578512,0.039206486,0.047940955,39.0,79.0,118.0,0.075,0.0377796,,0.0
2026-01-10,5,0,0,0,0.29032257,5.0,10.0,0.0,2814.2856,3678.5715,4223.8096,6571.4287,9877.143,294008.28,315381.16,306912.56,301826.44,301642.84,0.013009485,0.013617613,0.01502222,0.020599008,0.029861612,52.0,104.0,147.0,0.075,0.03521127,,0.0
2026-01-10,6,0,1,1,0.29032257,5.0,10.0,0.0,12271.429,20221.428,11904.762,10889.286,10960.0,288499.56,320744.78,305035.66,298779.53,297498.25,0.052806325,0.067458205,0.041397918,0.043048482,0.041584395,38.0,68.0,116.0,0.075,0.033639003,,0.0
2026-01-10,7,0,0,0,0.29032257,5.0,10.0,0.0,21428.572,14971.429,11214.286,10660.714,12734.286,287463.28,309535.44,297549.38,290056.3,292823.0,0.07105342,0.045368467,0.03772408,0.036421254,0.045518033,26.0,78.0,118.0,0.125,0.052751012,,0.33333334
2026-01-10,8,0,0,0,0.29032257,5.0,10.0,0.0,3385.7144,12142.857,9385.714,14432.143,13897.143,274901.84,308925.56,295324.53,291732.7,293462.75,0.01039662,0.033754393,0.027280506,0.04906056,0.04677707,48.0,83.0,125.0,0.125,0.045774646,,0.33333334
2026-01-10,9,0,0,0,0.29032257,5.0,10.0,0.0,-3614.2856,9750.0,9223.81,8750.0,10954.286,292323.28,315931.56,302706.2,293607.8,295326.47,-0.015526201,0.025972534,0.026163343,0.02708598,0.03528384,60.0,95.0,130.0,0.075,0.03547945,,0.0
2026-01-10,ã‚¾ãƒ­ç›®,0,0,0,0.29032257,5.0,10.0,0.0,17285.715,19228.572,13666.667,12653.571,13837.143,284398.0,310709.56,298739.06,290919.94,292266.78,0.05865851,0.058719326,0.04343447,0.03950733,0.04546932,41.0,75.0,123.0,0.025,0.038751386,,0.0
2026-01-11,0,0,0,0,0.32258064,6.0,11.0,0.0,16814.285,10414.286,10180.952,8053.5713,7600.0,300451.72,317443.22,307945.1,299693.06,298049.38,0.052054014,0.0312247,0.03345679,0.029652039,0.027149217,39.0,86.0,124.0,0.075,0.036321186,,0.0
2026-01-11,1,0,0,1,0.32258064,6.0,11.0,0.0,24328.572,15085.714,11890.477,5546.4287,8948.571,306218.44,333851.66,318783.62,312288.97,313188.22,0.08414495,0.05044643,0.03994063,0.01769935,0.028480817,35.0,82.0,126.0,0.125,0.046272263,,0.0
2026-01-11,2,0,0,0,0.32258064,6.0,11.0,0.0,24771.428,18142.857,16033.333,16710.715,17348.572,308265.84,325969.34,310513.28,300371.47,302701.75,0.075515516,0.054786127,0.050914645,0.0559532,0.05484025,36.0,77.0,121.0,0.05,0.047563225,,0.33333334
2026-01-11,3,1,1,1,0.32258064,6.0,11.0,0.0,13785.714,13150.0,9042.857,8696.429,9560.0,285368.44,315674.72,300376.25,294512.16,296474.5,0.040153056,0.03877536,0.026237521,0.026633482,0.03075021,41.0,82.0,129.0,0.05,0.03312406,,0.0
2026-01-11,4,0,0,1,0.32258064,6.0,11.0,0.0,10971.429,14350.0,13233.333,11842.857,13540.0,271527.44,300805.94,294825.9,291089.16,291730.94,0.03758751,0.044569567,0.042500637,0.039692238,0.045060392,40.0,78.0,116.0,0.075,0.0377796,,0.0
2026-01-11,5,0,0,0,0.32258064,6.0,11.0,0.0,1000.0,1671.4286,4166.6665,4153.5713,6394.2856,290246.72,310678.0,305964.16,299877.06,300284.22,0.007027857,0.0075949146,0.01467513,0.013753329,0.020060463,54.0,104.0,150.0,0.1,0.03521127,,0.0
2026-01-11,6,0,1,1,0.32258064,6.0,11.0,0.0,20828.572,20778.572,15533.333,14314.286,10551.429,285375.16,315631.5,303493.44,298003.25,296012.38,0.079396166,0.0707978,0.05242377,0.053492546,0.041060235,30.0,66.0,109.0,0.075,0.033639003,,0.0
2026-01-11,7,0,1,1,0.32258064,6.0,11.0,0.0,18057.143,13742.857,11714.286,10717.857,12094.286,284479.56,305312.0,295900.66,289523.56,291103.4,0.061449517,0.042220116,0.039099928,0.03658839,0.043881293,35.0,81.0,123.0,0.075,0.052751012,,0.33333334
2026-01-11,8,0,0,0,0.32258064,6.0,11.0,0.0,2971.4285,8785.714,10428.571,14657.143,12834.286,277887.84,307052.34,295040.75,290950.1,293176.0,0.009060275,0.02496735,0.030188425,0.049680855,0.043862723,49.0,89.0,125.0,0.075,0.045774646,,0.33333334
2026-01-11,9,0,0,0,0.32258064,6.0,11.0,0.0,-4185.7144,8550.0,8323.81,9921.429,11622.857,293797.44,313441.84,302352.34,294346.44,294892.44,-0.01721582,0.02288098,0.023655241,0.030625923,0.037112944,62.0,98.0,136.0,0.075,0.03547945,,0.0
2026-01-11,ã‚¾ãƒ­ç›®,0,0,0,0.32258064,6.0,11.0,0.0,16885.715,16535.715,12890.477,11525.0,13205.714,286992.16,307911.22,298207.62,290908.5,292368.66,0.057386592,0.051692404,0.041244783,0.036212396,0.043603178,41.0,81.0,127.0,0.225,0.038751386,,0.0
2026-01-12,0,0,1,1,0.3548387,0.0,12.0,0.0,18071.428,12100.0,11771.429,7835.7144,6274.2856,312498.72,323947.84,312642.2,302768.53,298346.12,0.056399815,0.036868446,0.03886752,0.029058002,0.023764962,41.0,83.0,122.0,0.09756097,0.036321186,,0.0
2026-01-12,1,0,1,1,0.3548387,0.0,12.0,0.0,29042.857,14721.429,13900.0,7307.143,8108.5713,318351.16,339415.44,323840.0,315669.66,313648.16,0.09635286,0.048698317,0.04550495,0.022545418,0.026387604,32.0,83.0,124.0,0.14634146,0.046272263,,1.0
2026-01-12,2,0,0,0,0.3548387,0.0,12.0,0.0,27871.428,13007.143,16304.762,15871.429,15760.0,325370.84,332548.28,314432.0,303809.84,302941.56,0.09032296,0.040092748,0.0525815,0.054048654,0.050928522,37.0,87.0,123.0,0.12195122,0.047563225,,0.0
2026-01-12,3,0,0,1,0.3548387,0.0,12.0,0.0,23771.428,15292.857,11509.523,10253.571,11074.286,294976.0,319428.0,302628.66,296517.34,295940.28,0.06790666,0.043800876,0.03273152,0.030612502,0.034699824,33.0,76.0,126.0,0.048780486,0.03312406,,0.0
2026-01-12,4,0,0,0,0.3548387,0.0,12.0,0.0,15742.857,15107.143,15180.952,11353.571,12857.143,285147.0,307948.28,297467.47,293508.2,292418.3,0.05103678,0.04579467,0.04782317,0.037779037,0.043110114,39.0,74.0,114.0,0.14634146,0.0377796,,0.0
2026-01-12,5,1,1,1,0.3548387,0.0,12.0,0.0,9000.0,57.142857,4761.905,3650.0,5280.0,298948.56,316264.66,307946.9,302303.72,299603.28,0.031773128,0.0020141127,0.01636252,0.012042591,0.017321076,49.0,108.0,151.0,0.09756097,0.03521127,,0.0
2026-01-12,6,0,0,0,0.3548387,0.0,12.0,0.0,26100.0,23771.428,16909.523,16392.857,11702.857,299209.72,320705.16,307041.47,300138.4,296156.3,0.092907175,0.07867885,0.055720184,0.05918052,0.044019803,29.0,58.0,109.0,0.0,0.033639003,,0.0
2026-01-12,7,0,0,0,0.3548387,0.0,12.0,0.0,21257.143,15492.857,14409.523,11739.286,13057.143,295841.72,311480.66,299986.84,292939.34,291013.84,0.06871026,0.046290774,0.046776522,0.039088227,0.046324376,37.0,75.0,118.0,0.09756097,0.052751012,,0.0
2026-01-12,8,0,0,1,0.3548387,0.0,12.0,0.0,-314.2857,6157.143,8466.667,13457.143,12222.857,291620.84,314204.5,298458.38,293182.53,293193.78,-0.000117833304,0.016987544,0.024513423,0.046324704,0.042305507,57.0,93.0,134.0,0.14634146,0.045774646,,0.0
2026-01-12,9,0,0,0,0.3548387,0.0,12.0,0.0,-2271.4285,6871.4287,8266.667,8607.143,10768.571,302300.72,318505.28,304735.56,297597.47,294977.1,-0.011228814,0.0174377,0.023481669,0.026066136,0.03484272,62.0,100.0,140.0,0.07317073,0.03547945,,0.0
2026-01-12,ã‚¾ãƒ­ç›®,0,0,0,0.3548387,0.0,12.0,0.0,15328.571,13742.857,14085.714,11110.714,12180.0,302523.16,313913.66,302264.38,294678.34,293537.5,0.053690236,0.043432266,0.04544677,0.035201304,0.040844664,46.0,87.0,125.0,0.024390243,0.038751386,,0.0
2026-01-13,0,0,1,1,0.38709676,1.0,13.0,0.0,15114.286,14171.429,12609.523,8421.429,6262.857,314981.16,322721.28,312727.28,305617.16,300876.53,0.04607408,0.043301187,0.04158978,0.03134382,0.023464162,38.0,77.0,115.0,0.12195122,0.036321186,,0.33333334
2026-01-13,1,0,0,0,0.38709676,1.0,13.0,0.0,17614.285,13350.0,11695.238,8907.143,7211.4287,323688.16,338967.28,326084.44,318671.0,316850.28,0.05932333,0.04480517,0.03812771,0.028653337,0.022552332,34.0,85.0,126.0,0.024390243,0.046272263,,0.0
2026-01-13,2,0,0,0,0.38709676,1.0,13.0,0.0,25600.0,13971.429,14157.143,15539.286,16320.0,325712.44,331994.84,315234.9,306962.72,306047.7,0.08307131,0.04307151,0.045396987,0.052622076,0.05367471,33.0,86.0,127.0,0.07317073,0.047563225,,0.0
2026-01-13,3,0,0,1,0.38709676,1.0,13.0,0.0,16257.143,16050.0,11171.429,8485.714,10108.571,295967.16,316634.44,304511.66,299587.66,299090.5,0.042814106,0.045984574,0.031471293,0.022604795,0.02979108,35.0,74.0,126.0,0.07317073,0.03312406,,0.0
2026-01-13,4,0,0,0,0.38709676,1.0,13.0,0.0,10442.857,14042.857,13638.096,11478.571,12428.571,290550.84,308304.84,298108.38,295368.03,295695.2,0.031892985,0.042285454,0.042603165,0.0385349,0.04146568,43.0,80.0,121.0,0.07317073,0.0377796,,0.0
2026-01-13,5,0,1,1,0.38709676,1.0,13.0,0.0,5800.0,3621.4285,5904.7617,3700.0,4482.857,306774.16,318541.22,311379.56,305596.6,303378.03,0.019868648,0.013541025,0.020410659,0.011971473,0.013054093,46.0,98.0,141.0,0.09756097,0.03521127,,0.0
2026-01-13,6,0,0,0,0.38709676,1.0,13.0,0.0,19428.572,21792.857,16419.047,15132.143,10625.714,297581.0,317263.34,306653.8,301439.2,299168.25,0.07084139,0.072514676,0.054047164,0.054469783,0.03889819,37.0,67.0,115.0,0.14634146,0.033639003,,0.0
2026-01-13,7,0,0,0,0.38709676,1.0,13.0,0.0,17300.0,16850.0,14419.048,10996.429,11568.571,302124.28,313907.78,301997.1,296092.0,294500.47,0.055152223,0.05102904,0.046920933,0.036203753,0.039382324,38.0,74.0,118.0,0.07317073,0.052751012,,0.0
2026-01-13,8,0,0,0,0.38709676,1.0,13.0,0.0,-3328.5715,5800.0,8676.19,11617.857,11411.429,295532.0,314060.44,300738.16,296914.75,295477.28,-0.010477978,0.015869336,0.025306152,0.03772722,0.038909875,53.0,95.0,132.0,0.12195122,0.045774646,,0.0
2026-01-13,9,0,0,1,0.38709676,1.0,13.0,0.0,-5328.5713,6557.143,7890.476,7539.2856,9702.857,308615.16,318114.06,305583.53,300300.1,297819.75,-0.02173961,0.016432075,0.022308666,0.021976026,0.030334806,60.0,104.0,143.0,0.09756097,0.03547945,,0.33333334
2026-01-13,ã‚¾ãƒ­ç›®,1,1,1,0.38709676,1.0,13.0,0.0,11742.857,15435.714,14533.333,11628.571,11222.857,310556.28,315877.34,303885.72,297931.06,296972.1,0.040780056,0.04911983,0.047018386,0.0375097,0.0363956,45.0,84.0,122.0,0.09756097,0.038751386,,0.33333334
2026-01-14,0,0,0,1,0.41935483,2.0,14.0,0.0,16014.286,16121.429,11623.81,7317.857,5768.5713,315977.0,315510.06,313069.28,305923.94,301634.7,0.049515706,0.04990742,0.037503637,0.026759502,0.021100655,31.0,69.0,116.0,0.024390243,0.036321186,,0.33333334
2026-01-14,1,1,1,1,0.41935483,2.0,14.0,0.0,11957.143,11550.0,10433.333,7950.0,6454.2856,330245.72,332207.56,327869.44,318768.3,317692.66,0.03795795,0.03854278,0.033635117,0.025286878,0.01986512,37.0,87.0,128.0,0.19512194,0.046272263,,0.0
2026-01-14,2,0,0,0,0.41935483,2.0,14.0,0.0,14671.429,13271.429,13385.714,14417.857,15517.143,322423.16,324424.94,318928.94,307158.0,306018.34,0.04417175,0.040067837,0.04229791,0.048299246,0.050621692,38.0,85.0,126.0,0.12195122,0.047563225,,0.0
2026-01-14,3,0,0,0,0.41935483,2.0,14.0,0.0,14828.571,16650.0,10157.143,7903.5713,10185.714,305350.0,312453.66,307679.75,301686.4,300273.8,0.036395162,0.047719754,0.026912695,0.020075113,0.030096788,33.0,70.0,127.0,0.07317073,0.03312406,,0.0
2026-01-14,4,0,0,0,0.41935483,2.0,14.0,0.0,5171.4287,7421.4287,12233.333,9135.714,10140.0,299821.84,300921.66,300274.75,296506.28,296200.78,0.01307612,0.021145262,0.03780852,0.029306034,0.032573294,44.0,89.0,121.0,0.07317073,0.0377796,,0.0
2026-01-14,5,0,1,1,0.41935483,2.0,14.0,0.0,5342.857,5300.0,5633.3335,3489.2856,5082.857,306575.56,310592.06,310995.47,305130.94,303625.0,0.018078152,0.018770035,0.019402811,0.011221002,0.015502972,41.0,90.0,139.0,0.048780486,0.03521127,,0.33333334
2026-01-14,6,0,0,0,0.41935483,2.0,14.0,0.0,8742.857,19721.428,15504.762,12682.143,10977.143,304261.16,308151.78,308377.9,301757.22,299907.1,0.025588756,0.06495806,0.050852407,0.045138348,0.04065672,44.0,71.0,115.0,0.07317073,0.033639003,,0.33333334
2026-01-14,7,0,0,0,0.41935483,2.0,14.0,0.0,14385.714,15000.0,12719.048,9853.571,10811.429,307453.28,308104.56,304093.44,297388.16,295994.78,0.04313418,0.04560624,0.039647687,0.031466965,0.03605524,39.0,75.0,122.0,0.07317073,0.052751012,,0.0
2026-01-14,8,0,0,0,0.41935483,2.0,14.0,0.0,-8871.429,2228.5715,8019.048,9878.571,10588.571,299892.16,305453.28,302992.25,297367.6,295537.38,-0.03408881,0.00441653,0.022950154,0.03057003,0.035618894,57.0,99.0,131.0,0.17073171,0.045774646,,0.0
2026-01-14,9,0,0,1,0.41935483,2.0,14.0,0.0,-2271.4285,2221.4285,6857.143,6667.857,9082.857,307975.28,309851.5,305749.56,300402.06,298013.94,-0.009714528,0.0046159937,0.0181131,0.01844719,0.027782407,53.0,107.0,144.0,0.09756097,0.03547945,,0.0
2026-01-14,ã‚¾ãƒ­ç›®,0,1,1,0.41935483,2.0,14.0,0.0,7985.7144,15964.286,16157.143,12360.714,11257.143,310106.28,309699.28,305516.8,299140.06,297488.16,0.026848257,0.053437207,0.05303441,0.03988951,0.036202326,45.0,82.0,117.0,0.048780486,0.038751386,,0.0
2026-01-15,0,0,0,0,0.4516129,3.0,15.0,0.0,10814.286,16692.857,11495.238,8650.0,7800.0,298108.28,311985.22,312935.9,302530.3,301001.03,0.041975573,0.053230796,0.037078567,0.031754,0.028609244,34.0,69.0,117.0,0.12195122,0.036321186,,0.0
2026-01-15,1,0,0,0,0.4516129,3.0,15.0,0.0,17357.143,15585.714,13038.096,8832.143,8425.714,318298.56,327883.22,331365.94,316216.56,317073.4,0.05902399,0.052606408,0.04232111,0.029187603,0.026600773,31.0,79.0,122.0,0.09756097,0.046272263,,0.33333334
2026-01-15,2,0,1,1,0.4516129,3.0,15.0,0.0,9600.0,12285.714,12757.143,13935.714,13220.0,301576.44,316975.22,319695.84,302610.53,301904.4,0.031152954,0.03739016,0.039091248,0.047122333,0.04443983,42.0,87.0,129.0,0.17073171,0.047563225,,0.0
2026-01-15,3,0,0,1,0.4516129,3.0,15.0,0.0,11185.714,14678.571,10642.857,8996.429,10797.143,288365.0,307272.22,309981.84,297877.03,299280.62,0.027313737,0.041901294,0.029115956,0.023297062,0.03228704,35.0,74.0,124.0,0.0,0.03312406,,0.0
2026-01-15,4,0,1,1,0.4516129,3.0,15.0,0.0,-1828.5714,4785.7144,10838.096,7939.2856,9648.571,282750.84,294523.44,301190.56,291368.6,294182.53,-0.012696546,0.010521058,0.031427983,0.024548925,0.03016491,49.0,93.0,126.0,0.048780486,0.0377796,,0.33333334
2026-01-15,5,0,0,0,0.4516129,3.0,15.0,0.0,10414.286,7050.0,5276.1904,4675.0,7477.143,287932.56,304618.44,306921.0,300180.7,302842.4,0.044386923,0.028836621,0.02137707,0.017623197,0.025383081,35.0,90.0,140.0,0.024390243,0.03521127,,0.0
2026-01-15,6,0,0,0,0.4516129,3.0,15.0,0.0,10471.429,14964.286,13733.333,12764.286,11034.286,291862.0,307065.22,312429.53,299551.25,300492.62,0.030527495,0.04984419,0.04228616,0.04545247,0.040832613,40.0,76.0,119.0,0.07317073,0.033639003,,0.0
2026-01-15,7,1,1,1,0.4516129,3.0,15.0,0.0,5357.143,15400.0,10795.238,8667.857,10705.714,288962.56,303630.34,303478.28,293681.28,293047.4,0.016513476,0.04633642,0.03187437,0.027557287,0.0353961,46.0,73.0,127.0,0.17073171,0.052751012,,0.33333334
2026-01-15,8,0,0,0,0.4516129,3.0,15.0,0.0,-10242.857,250.0,7104.7617,6903.5713,10331.429,284009.72,300490.94,305140.8,293777.44,294587.56,-0.04128948,-0.0030793916,0.019156959,0.021154104,0.034435235,56.0,101.0,132.0,0.09756097,0.045774646,,0.0
2026-01-15,9,0,0,0,0.4516129,3.0,15.0,0.0,614.2857,2235.7144,9342.857,7310.7144,8120.0,289799.56,304793.28,306960.75,296933.9,294006.75,0.0037647984,0.0064685247,0.029446471,0.021533033,0.026368307,49.0,107.0,138.0,0.07317073,0.03547945,,0.0
2026-01-15,ã‚¾ãƒ­ç›®,0,0,1,0.4516129,3.0,15.0,0.0,7857.143,18685.715,17823.809,12407.143,12302.857,296658.28,306276.66,307043.38,295585.53,296284.84,0.032756675,0.064611465,0.059756875,0.041660734,0.040521283,45.0,75.0,112.0,0.12195122,0.038751386,,0.0
2026-01-16,0,0,0,0,0.48387095,4.0,16.0,0.0,5785.7144,12700.0,9276.19,7232.143,7594.2856,302440.0,304141.5,314221.84,305357.53,300373.06,0.021613475,0.04127048,0.028056985,0.025029564,0.027755992,41.0,76.0,124.0,0.1,0.036321186,,0.0
2026-01-16,1,0,1,1,0.48387095,4.0,16.0,0.0,9928.571,14985.714,13147.619,9257.143,7268.5713,315190.72,317056.66,330953.8,317406.84,314310.94,0.030210733,0.051175416,0.04277666,0.031263705,0.02315374,38.0,77.0,122.0,0.075,0.046272263,,0.0
2026-01-16,2,0,0,1,0.48387095,4.0,16.0,0.0,13542.857,12964.286,15328.571,13092.857,13714.286,295092.84,305639.06,318073.72,303034.56,299706.25,0.049081173,0.042958252,0.050010003,0.04281946,0.047037337,37.0,82.0,121.0,0.075,0.047563225,,0.6666667
2026-01-16,3,0,1,1,0.48387095,4.0,16.0,0.0,17642.857,15792.857,10828.571,10382.143,11634.286,291748.72,295934.5,309555.2,298571.6,297416.62,0.056875627,0.048033956,0.03009516,0.029529795,0.035835225,29.0,69.0,124.0,0.075,0.03312406,,0.0
2026-01-16,4,0,0,0,0.48387095,4.0,16.0,0.0,3614.2856,6685.7144,10309.523,8860.714,10522.857,287340.72,284619.34,300980.9,293211.22,293051.28,0.008685188,0.020413091,0.029473856,0.027477726,0.033992812,45.0,89.0,127.0,0.125,0.0377796,,0.0
2026-01-16,5,0,0,1,0.48387095,4.0,16.0,0.0,4914.2856,5557.143,4828.5713,4350.0,6585.7144,285369.72,294634.72,305240.53,301279.16,300832.2,0.021409221,0.022732278,0.01920464,0.016413728,0.021902481,44.0,90.0,142.0,0.1,0.03521127,,0.0
2026-01-16,6,0,0,0,0.48387095,4.0,16.0,0.0,7657.143,11164.286,13671.429,10846.429,10534.286,293904.84,295255.44,312212.0,301151.5,299138.94,0.01858624,0.03854745,0.041973896,0.036105216,0.03877908,42.0,81.0,118.0,0.175,0.033639003,,0.0
2026-01-16,7,0,0,0,0.48387095,4.0,16.0,0.0,10742.857,15242.857,12523.81,10503.571,11977.143,291803.28,295439.56,304746.0,295202.72,292859.1,0.037081428,0.050776217,0.03832893,0.03475339,0.040478114,43.0,73.0,123.0,0.075,0.052751012,,0.0
2026-01-16,8,1,1,1,0.48387095,4.0,16.0,0.0,-11085.714,-2642.8572,7542.857,6267.857,11474.286,285244.16,288927.66,303528.25,294136.1,293213.9,-0.04533699,-0.009261869,0.02107221,0.018188745,0.03875715,57.0,105.0,131.0,0.075,0.045774646,,0.0
2026-01-16,9,0,0,0,0.48387095,4.0,16.0,0.0,4157.143,1092.8572,8623.81,7507.143,7754.2856,286125.0,292746.28,306514.94,297377.7,292406.7,0.01875839,0.003923262,0.026255319,0.022476621,0.025096918,45.0,107.0,139.0,0.1,0.03547945,,0.0
2026-01-16,ã‚¾ãƒ­ç›®,0,0,0,0.48387095,4.0,16.0,0.0,13114.286,18535.715,16476.191,13275.0,12817.143,296167.16,294263.66,305326.44,296067.97,293715.78,0.05629483,0.06742898,0.055228118,0.045581125,0.04302617,41.0,75.0,115.0,0.025,0.038751386,,0.33333334
2026-01-17,0,0,0,0,0.516129,5.0,17.0,0.0,7628.5713,12464.286,10966.667,7967.857,8431.429,323094.72,309414.72,319551.94,311267.25,303548.25,0.026300978,0.04000401,0.033420473,0.027401356,0.030343378,41.0,78.0,124.0,0.075,0.036321186,,0.0
2026-01-17,1,0,0,0,0.516129,5.0,17.0,0.0,15600.0,16614.285,15285.714,10935.714,6914.2856,340522.16,321742.84,336565.06,323276.7,317277.75,0.04301065,0.05444272,0.04800632,0.03552653,0.021033525,34.0,75.0,120.0,0.075,0.046272263,,0.0
2026-01-17,2,0,1,1,0.516129,5.0,17.0,0.0,14342.857,16150.0,14180.952,14796.429,15160.0,312819.72,308446.28,322342.72,309329.3,301995.2,0.044280943,0.051489927,0.044303827,0.04779448,0.051055115,40.0,77.0,124.0,0.175,0.047563225,,0.33333334
2026-01-17,3,0,0,0,0.516129,5.0,17.0,0.0,24328.572,16985.715,15576.19,13167.857,11105.714,314625.72,300995.72,317822.34,305123.94,299593.62,0.071452476,0.049555764,0.045613118,0.038016938,0.033360947,26.0,69.0,115.0,0.1,0.03312406,,0.0
2026-01-17,4,0,0,0,0.516129,5.0,17.0,0.0,6728.5713,8957.143,12328.571,10307.143,10680.0,311690.0,289987.16,307461.2,299785.75,295056.88,0.012869333,0.025855301,0.03484969,0.031401217,0.033939056,48.0,87.0,127.0,0.075,0.0377796,,0.0
2026-01-17,5,0,1,1,0.516129,5.0,17.0,0.0,11457.143,7135.7144,6271.4287,6032.143,7548.5713,307807.16,300907.72,312856.47,307136.22,303022.56,0.038248442,0.025628963,0.02182789,0.020828776,0.024128895,39.0,91.0,143.0,0.075,0.03521127,,0.0
2026-01-17,6,0,0,0,0.516129,5.0,17.0,0.0,2257.1428,7264.2856,14233.333,9492.857,9162.857,311660.72,300080.16,317716.75,306691.94,301355.78,0.00049513584,0.02665073,0.045137182,0.031172222,0.034537815,50.0,88.0,118.0,0.075,0.033639003,,0.0
2026-01-17,7,0,0,1,0.516129,5.0,17.0,0.0,12000.0,16714.285,13980.952,11410.714,10928.571,318203.16,302833.22,312424.66,302712.8,295685.7,0.038241483,0.054647453,0.042992808,0.03785343,0.0367853,45.0,71.0,123.0,0.125,0.052751012,,0.33333334
2026-01-17,8,0,0,0,0.516129,5.0,17.0,0.0,1900.0,2642.8572,8728.571,7514.2856,11925.714,315276.44,295089.16,311042.53,300312.5,296441.44,-0.002004243,0.0041961884,0.021834848,0.019959318,0.0388476,47.0,95.0,130.0,0.125,0.045774646,,0.33333334
2026-01-17,9,1,1,1,0.516129,5.0,17.0,0.0,6642.857,1514.2858,8714.286,8578.571,8328.571,306213.16,299268.22,312692.1,303582.94,296128.88,0.023375552,0.0039246758,0.025106873,0.025466396,0.026343895,48.0,108.0,143.0,0.075,0.03547945,,0.0
2026-01-17,ã‚¾ãƒ­ç›®,0,0,1,0.516129,5.0,17.0,0.0,8285.714,12785.714,15580.952,12321.429,11780.0,313745.0,299071.5,311721.38,302490.53,295484.94,0.04374758,0.051203046,0.053728744,0.043512747,0.040355377,44.0,85.0,119.0,0.025,0.038751386,,0.0
2026-01-18,0,1,1,1,0.5483871,6.0,18.0,0.0,5485.7144,11150.0,8771.429,9007.143,7540.0,327892.28,314172.0,320926.25,312931.9,305332.9,0.020905038,0.03647953,0.027784813,0.030318853,0.027902639,44.0,83.0,130.0,0.075,0.036321186,,0.0
2026-01-18,1,0,0,0,0.5483871,6.0,18.0,0.0,13400.0,18864.285,14523.81,12267.857,7117.143,351355.72,328787.06,339686.34,326926.66,320102.3,0.037590712,0.06086783,0.04616119,0.03935315,0.021677623,37.0,72.0,119.0,0.125,0.046272263,,0.0
2026-01-18,2,0,0,0,0.5483871,6.0,18.0,0.0,8142.857,16457.143,14809.523,14060.714,14997.143,316488.44,312377.16,322809.06,312007.06,303594.84,0.027766708,0.051641114,0.045779657,0.04512766,0.0503159,42.0,78.0,119.0,0.05,0.047563225,,0.33333334
2026-01-18,3,0,1,1,0.5483871,6.0,18.0,0.0,15971.429,14878.571,14090.477,10775.0,10151.429,326165.72,305767.06,319171.72,306823.6,300842.84,0.048340686,0.04424687,0.0419638,0.03176331,0.030974923,34.0,75.0,116.0,0.05,0.03312406,,0.33333334
2026-01-18,4,0,0,0,0.5483871,6.0,18.0,0.0,900.0,5935.7144,9866.667,10150.0,9654.286,320351.28,295939.34,307321.06,301207.25,296941.56,-0.002811625,0.017387941,0.028775835,0.031172574,0.031191465,54.0,94.0,132.0,0.075,0.0377796,,0.0
2026-01-18,5,0,0,0,0.5483871,6.0,18.0,0.0,19914.285,10457.143,7752.381,8103.5713,7305.7144,322876.28,306561.5,314744.1,310192.2,304476.9,0.060534157,0.033781007,0.025241328,0.026139887,0.023109496,30.0,84.0,134.0,0.1,0.03521127,,0.0
2026-01-18,6,0,0,0,0.5483871,6.0,18.0,0.0,-4114.2856,8357.143,12480.952,10621.429,10628.571,326726.44,306050.78,319329.8,309301.7,303747.88,-0.019752502,0.02982183,0.040614367,0.034379702,0.03884354,55.0,85.0,121.0,0.075,0.033639003,,0.0
2026-01-18,7,0,1,1,0.5483871,6.0,18.0,0.0,15042.857,16550.0,14176.19,12546.429,11582.857,328695.84,306587.72,313106.62,304099.47,297358.03,0.0457622,0.05360586,0.04340081,0.040765498,0.03842315,39.0,74.0,120.0,0.075,0.052751012,,0.33333334
2026-01-18,8,0,0,1,0.5483871,6.0,18.0,0.0,1642.8572,2307.1428,6404.7617,8232.143,12054.286,326135.16,302011.5,313413.28,302814.34,297987.12,-0.002859957,0.0031001589,0.015691582,0.021926329,0.039172694,46.0,95.0,135.0,0.075,0.045774646,,0.0
2026-01-18,9,0,0,1,0.5483871,6.0,18.0,0.0,13314.286,4564.2856,10138.096,9571.429,10600.0,317937.28,305867.34,314940.34,306248.56,299064.6,0.038703285,0.010743732,0.028155081,0.027417252,0.032241397,40.0,102.0,138.0,0.075,0.03547945,,0.0
2026-01-18,ã‚¾ãƒ­ç›®,0,0,0,0.5483871,6.0,18.0,0.0,9400.0,13142.857,14157.143,12017.857,11100.0,322845.44,304918.78,312889.28,304367.06,297295.88,0.04638807,0.051887333,0.04992429,0.042530607,0.03824753,41.0,82.0,122.0,0.225,0.038751386,,0.0
2026-01-19,0,0,0,0,0.58064514,0.0,19.0,0.0,15200.0,16635.715,13133.333,12628.571,9308.571,319354.28,315926.5,322416.66,314320.22,306085.7,0.04910371,0.05275176,0.040946867,0.041426565,0.033067144,37.0,78.0,120.0,0.09756097,0.036321186,,0.0
2026-01-19,1,0,1,1,0.58064514,0.0,19.0,0.0,9471.429,19257.143,12971.429,12792.857,7740.0,340531.84,329441.5,339787.56,328012.97,320642.1,0.027772568,0.062062714,0.04172307,0.041071855,0.023590848,39.0,71.0,122.0,0.14634146,0.046272263,,0.6666667
2026-01-19,2,1,1,1,0.58064514,0.0,19.0,0.0,11171.429,19521.428,12395.238,15021.429,14931.429,306336.84,315853.84,323811.16,312408.22,304315.25,0.034595367,0.06245916,0.038260285,0.048084967,0.050157994,37.0,74.0,124.0,0.12195122,0.047563225,,0.0
2026-01-19,3,0,0,0,0.58064514,0.0,19.0,0.0,9828.571,16800.0,13471.429,11089.286,10168.571,317159.84,306067.94,318671.94,306261.47,300645.84,0.032748997,0.05032783,0.040116914,0.032735888,0.0310398,35.0,68.0,111.0,0.048780486,0.03312406,,0.0
2026-01-19,4,0,0,1,0.58064514,0.0,19.0,0.0,-8314.286,3714.2856,7300.0,9307.143,7420.0,309724.84,297435.94,308540.47,300531.8,296751.5,-0.029809522,0.010613629,0.020593273,0.028414996,0.024261326,61.0,100.0,135.0,0.14634146,0.0377796,,0.0
2026-01-19,5,0,1,1,0.58064514,0.0,19.0,0.0,17385.715,13192.857,5833.3335,7917.857,6397.143,317481.56,308215.06,316670.28,310330.56,305339.28,0.0533378,0.042555466,0.019122008,0.02560634,0.020301633,32.0,81.0,140.0,0.09756097,0.03521127,,0.33333334
2026-01-19,6,0,0,1,0.58064514,0.0,19.0,0.0,-11428.571,7335.7144,12038.096,9825.0,10828.571,318604.28,308907.0,320004.84,309932.2,303831.56,-0.039417285,0.026744947,0.039313473,0.031935815,0.039460957,63.0,92.0,121.0,0.0,0.033639003,,0.0
2026-01-19,7,0,0,0,0.58064514,0.0,19.0,0.0,11328.571,16292.857,14104.762,13639.286,11657.143,320980.16,308410.94,314647.16,305235.2,298547.5,0.036667828,0.052689042,0.043083124,0.04424935,0.038604144,39.0,76.0,114.0,0.09756097,0.052751012,,0.0
2026-01-19,8,0,0,0,0.58064514,0.0,19.0,0.0,3728.5715,1707.1428,5347.619,7282.143,11511.429,317347.56,304484.22,315252.2,303180.7,298015.53,0.002348664,0.0011154154,0.012107918,0.018972233,0.037529495,41.0,98.0,134.0,0.14634146,0.045774646,,0.0
2026-01-19,9,0,0,0,0.58064514,0.0,19.0,0.0,13928.571,5828.5713,9223.81,9682.143,9671.429,311073.72,306687.22,316028.1,306320.1,300292.72,0.04055791,0.014664548,0.025144437,0.027750729,0.02896449,37.0,99.0,137.0,0.07317073,0.03547945,,0.0
2026-01-19,ã‚¾ãƒ­ç›®,0,0,0,0.58064514,0.0,19.0,0.0,9300.0,12314.286,12261.904,12889.286,10748.571,313040.0,307781.56,313622.44,304958.28,298350.7,0.045166545,0.049428392,0.04401036,0.04537671,0.037194353,41.0,87.0,128.0,0.024390243,0.038751386,,0.0
2026-01-20,0,0,0,0,0.61290324,1.0,20.0,0.0,14214.286,14664.286,14185.714,13010.714,9580.0,308487.28,311734.22,317976.62,311667.28,306191.16,0.04588325,0.045978665,0.044161875,0.04266315,0.034251705,41.0,79.0,118.0,0.12195122,0.036321186,,0.0
2026-01-20,1,0,1,1,0.61290324,1.0,20.0,0.0,13114.286,15364.286,13271.429,12050.0,9748.571,324802.84,324245.5,334245.8,325764.03,319897.38,0.043215603,0.051269468,0.044275314,0.039399683,0.03156579,39.0,73.0,124.0,0.024390243,0.046272263,,0.0
2026-01-20,2,0,0,1,0.61290324,1.0,20.0,0.0,15628.571,20614.285,14523.81,14525.0,15557.143,293503.16,309607.78,319164.28,309801.97,304270.8,0.05420231,0.06863681,0.046781775,0.047598317,0.052938122,32.0,65.0,118.0,0.07317073,0.047563225,,0.0
2026-01-20,3,1,1,1,0.61290324,1.0,20.0,0.0,9685.714,12971.429,13928.571,10800.0,8725.714,304646.28,300306.72,312638.38,304545.3,300599.38,0.032039974,0.037427038,0.041336376,0.031613465,0.02449183,38.0,73.0,112.0,0.07317073,0.03312406,,0.0
2026-01-20,4,0,0,0,0.61290324,1.0,20.0,0.0,-6171.4287,2135.7144,7304.7617,8685.714,7948.5713,300990.16,295770.5,305866.62,298828.8,296492.47,-0.02228178,0.0048056017,0.020763041,0.026381927,0.026371561,56.0,99.0,136.0,0.07317073,0.0377796,,0.0
2026-01-20,5,0,0,0,0.61290324,1.0,20.0,0.0,20071.428,12935.714,9104.762,9446.429,6974.2856,302912.84,304843.5,313331.75,309262.9,305059.84,0.066032186,0.042950418,0.03103808,0.03181604,0.022783617,33.0,79.0,131.0,0.09756097,0.03521127,,0.0
2026-01-20,6,0,1,1,0.61290324,1.0,20.0,0.0,-8885.714,5271.4287,11566.667,10092.857,10328.571,307291.84,302436.44,313939.53,306813.3,302609.72,-0.029538536,0.020651424,0.03849694,0.03315074,0.03766812,56.0,93.0,123.0,0.14634146,0.033639003,,0.0
2026-01-20,7,0,0,0,0.61290324,1.0,20.0,0.0,10428.571,13864.286,14709.523,13421.429,10882.857,309468.16,305796.22,312427.9,303864.84,298767.22,0.03230272,0.04372747,0.044786934,0.04326638,0.035423547,39.0,77.0,113.0,0.07317073,0.052751012,,0.0
2026-01-20,8,0,0,0,0.61290324,1.0,20.0,0.0,-400.0,-1864.2858,3733.3333,6407.143,9214.286,303699.0,299615.5,310606.62,301478.34,298271.6,-0.016358325,-0.013418152,0.0051267827,0.014890032,0.026910111,45.0,98.0,140.0,0.12195122,0.045774646,,0.0
2026-01-20,9,0,0,1,0.61290324,1.0,20.0,0.0,9500.0,2085.7144,7538.095,8292.857,7931.4287,302134.56,305374.84,312787.56,304721.28,300667.0,0.022233864,0.0002471268,0.018366005,0.022289965,0.022027593,39.0,99.0,143.0,0.09756097,0.03547945,,0.33333334
2026-01-20,ã‚¾ãƒ­ç›®,0,0,0,0.61290324,1.0,20.0,0.0,5285.7144,8514.286,12052.381,12221.429,10360.0,298902.84,304729.56,310219.2,302640.0,298125.44,0.027098726,0.03393939,0.041779462,0.042038474,0.035427503,44.0,89.0,128.0,0.09756097,0.038751386,,0.6666667
2026-01-21,0,0,0,0,0.6451613,2.0,21.0,0.0,10957.143,13485.714,14400.0,11457.143,8045.7144,308990.28,312483.66,313336.8,312049.53,306537.2,0.03307624,0.04129597,0.044297025,0.03639679,0.02802285,49.0,80.0,118.0,0.024390243,0.036321186,,0.33333334
2026-01-21,1,0,0,0,0.6451613,2.0,21.0,0.0,21285.715,16621.428,14795.238,13146.429,10617.143,325243.0,327744.34,329886.06,327212.8,320063.25,0.07175177,0.05485486,0.049612444,0.04316428,0.034579854,32.0,69.0,119.0,0.19512194,0.046272263,,0.33333334
2026-01-21,2,0,0,0,0.6451613,2.0,21.0,0.0,20414.285,17542.857,15652.381,15142.857,15617.143,296454.72,309438.94,315101.53,313310.4,305017.34,0.071665734,0.057918742,0.05060047,0.049639866,0.052972544,30.0,68.0,115.0,0.12195122,0.047563225,,0.0
2026-01-21,3,0,0,1,0.6451613,2.0,21.0,0.0,17171.428,16000.0,16823.809,11910.714,9757.143,303925.28,304637.66,309610.84,306741.16,302134.16,0.05833575,0.047365457,0.051258422,0.03476846,0.02772724,34.0,67.0,104.0,0.07317073,0.03312406,,0.0
2026-01-21,4,0,1,1,0.6451613,2.0,21.0,0.0,-2285.7144,1442.8572,4185.7144,8603.571,6851.4287,293761.28,296791.56,298534.84,298646.4,295957.28,-0.009626691,0.0017247149,0.010887945,0.025949715,0.02151949,56.0,100.0,145.0,0.07317073,0.0377796,,0.0
2026-01-21,5,0,0,1,0.6451613,2.0,21.0,0.0,21714.285,13528.571,10771.429,9653.571,7134.2856,304884.56,305730.06,308689.56,309467.75,305081.66,0.07203629,0.04505722,0.03652545,0.03256118,0.023384059,37.0,78.0,127.0,0.048780486,0.03521127,,0.0
2026-01-21,6,0,0,0,0.6451613,2.0,21.0,0.0,-700.0,4021.4285,12914.286,11453.571,10005.714,306958.56,305609.84,307754.06,308023.06,302797.5,0.0011441342,0.013366445,0.04368675,0.038425338,0.036339503,49.0,93.0,120.0,0.07317073,0.033639003,,0.33333334
2026-01-21,7,0,0,0,0.6451613,2.0,21.0,0.0,11071.429,12728.571,13690.477,12307.143,10097.143,307808.56,307630.94,308005.9,305022.22,299472.22,0.034669958,0.03890207,0.041960813,0.038403254,0.032107566,42.0,81.0,117.0,0.07317073,0.052751012,,0.0
2026-01-21,8,0,0,0,0.6451613,2.0,21.0,0.0,5000.0,-1935.7142,3152.3809,7264.2856,8902.857,302692.56,301292.34,304533.06,302917.3,298432.6,0.005478374,-0.014305217,0.0047704782,0.018582208,0.0255517,45.0,102.0,144.0,0.17073171,0.045774646,,0.0
2026-01-21,9,0,1,1,0.6451613,2.0,21.0,0.0,13214.286,5471.4287,5885.7144,8446.429,7977.143,303181.44,305578.34,307628.16,305107.53,300957.94,0.036667738,0.0134766055,0.015299909,0.02275176,0.022091301,39.0,92.0,146.0,0.09756097,0.03547945,,0.0
2026-01-21,ã‚¾ãƒ­ç›®,1,1,1,0.6451613,2.0,21.0,0.0,2071.4285,5028.5713,11333.333,12635.714,10302.857,300255.56,305180.94,306551.38,304201.5,299363.16,0.014447081,0.02064767,0.040440496,0.043387577,0.034801025,49.0,94.0,131.0,0.048780486,0.038751386,,0.0
2026-01-22,0,1,1,1,0.67741936,3.0,22.0,0.0,9242.857,10028.571,14209.523,10932.143,8768.571,312673.84,305391.06,312214.75,312870.4,304559.03,0.025396734,0.033686154,0.043952774,0.034158107,0.030482545,52.0,86.0,121.0,0.12195122,0.036321186,,0.0
2026-01-22,1,0,1,1,0.67741936,3.0,22.0,0.0,11657.143,14507.143,14276.19,12692.857,9397.143,327548.72,322923.66,327771.72,330411.66,318483.0,0.038745493,0.048884742,0.0479861,0.041427206,0.031099182,42.0,73.0,121.0,0.09756097,0.046272263,,0.33333334
2026-01-22,2,0,0,0,0.67741936,3.0,22.0,0.0,21657.143,15628.571,15409.523,14982.143,15480.0,308528.56,305052.5,314159.66,316904.03,303794.16,0.07511144,0.0531322,0.04996392,0.048096295,0.05272015,31.0,73.0,118.0,0.17073171,0.047563225,,0.0
2026-01-22,3,0,1,1,0.67741936,3.0,22.0,0.0,21614.285,16400.0,16990.477,13385.714,11520.0,306492.16,297428.56,307012.2,309109.44,299600.06,0.07465108,0.05098241,0.05281789,0.040499736,0.033567864,31.0,66.0,105.0,0.0,0.03312406,,0.0
2026-01-22,4,0,0,1,0.67741936,3.0,22.0,0.0,7428.5713,2800.0,5666.6665,9985.714,7837.143,304137.44,293444.16,297728.1,301927.28,293922.38,0.02701578,0.007159617,0.016019298,0.030324934,0.025042295,48.0,97.0,141.0,0.048780486,0.0377796,,0.0
2026-01-22,5,0,0,0,0.67741936,3.0,22.0,0.0,17600.0,14007.143,10566.667,8357.143,7260.0,310719.0,299325.78,306651.94,307870.5,302288.34,0.05192866,0.048157793,0.036533967,0.02901497,0.02448429,40.0,75.0,130.0,0.024390243,0.03521127,,0.0
2026-01-22,6,0,0,1,0.67741936,3.0,22.0,0.0,-742.8571,4864.2856,9728.571,10114.286,10062.857,303694.0,297778.0,305941.47,310245.66,300379.8,0.0011552774,0.015841385,0.033614554,0.03200344,0.03659303,53.0,93.0,129.0,0.07317073,0.033639003,,0.0
2026-01-22,7,0,0,0,0.67741936,3.0,22.0,0.0,14742.857,10050.0,15180.952,11782.143,9882.857,311619.84,300291.22,306293.53,305513.7,297269.0,0.049135394,0.032824434,0.04726941,0.036189627,0.03187291,41.0,87.0,114.0,0.17073171,0.052751012,,0.6666667
2026-01-22,8,0,0,0,0.67741936,3.0,22.0,0.0,10985.714,371.42856,3828.5715,8075.0,7720.0,311784.16,297896.94,304255.34,306801.66,297378.78,0.027148817,-0.007070331,0.006996678,0.021154923,0.022353046,41.0,97.0,142.0,0.09756097,0.045774646,,0.0
2026-01-22,9,0,0,0,0.67741936,3.0,22.0,0.0,16585.715,8600.0,7019.048,11153.571,9165.714,310893.84,300346.72,306826.8,307944.03,299725.88,0.045494325,0.024629563,0.019477125,0.033458434,0.026325293,36.0,85.0,143.0,0.07317073,0.03547945,,0.0
2026-01-22,ã‚¾ãƒ­ç›®,0,0,0,0.67741936,3.0,22.0,0.0,3814.2856,5835.7144,13728.571,14321.429,10688.571,308350.56,302504.44,306967.94,307370.2,298138.53,0.015985373,0.024371024,0.048402764,0.048814,0.036525663,47.0,92.0,122.0,0.12195122,0.038751386,,0.0
2026-01-23,0,0,0,1,0.7096774,4.0,23.0,0.0,16871.428,11328.571,14090.477,11175.0,9160.0,317455.16,309947.56,308579.38,315030.2,307777.06,0.05200589,0.036809683,0.04484895,0.034044214,0.03042483,43.0,84.0,119.0,0.1,0.036321186,,0.0
2026-01-23,1,0,0,0,0.7096774,4.0,23.0,0.0,15771.429,12850.0,15247.619,13803.571,10560.0,334345.0,324767.84,322819.44,331801.6,320794.5,0.05317255,0.041691642,0.051841125,0.045375634,0.035645477,36.0,74.0,113.0,0.075,0.046272263,,0.0
2026-01-23,2,0,0,1,0.7096774,4.0,23.0,0.0,19071.428,16307.143,15000.0,16264.286,14288.571,314437.16,304765.0,308571.75,317164.56,305315.1,0.062373586,0.055727378,0.04943003,0.0531009,0.046730284,35.0,72.0,117.0,0.075,0.047563225,,0.33333334
2026-01-23,3,0,0,0,0.7096774,4.0,23.0,0.0,21742.857,19692.857,17776.191,13557.143,12654.286,311712.28,301730.5,301193.75,310094.47,301199.75,0.072943024,0.064909324,0.05633698,0.040807128,0.03821244,30.0,59.0,99.0,0.075,0.03312406,,0.0
2026-01-23,4,0,1,1,0.7096774,4.0,23.0,0.0,3942.8572,3778.5715,5771.4287,8717.857,7877.143,308428.28,297884.5,292555.66,302842.75,296254.62,0.011377563,0.010031376,0.017401248,0.024949783,0.024257693,51.0,96.0,140.0,0.125,0.0377796,,0.0
2026-01-23,5,1,1,1,0.7096774,4.0,23.0,0.0,20900.0,12907.143,10671.429,8846.429,7660.0,317048.72,301209.22,302106.06,308192.56,304433.06,0.06572707,0.043568145,0.037063874,0.030835247,0.026276397,37.0,81.0,127.0,0.1,0.03521127,,0.0
2026-01-23,6,0,1,1,0.7096774,4.0,23.0,0.0,5028.5713,6342.857,9119.048,11510.714,9682.857,309311.16,301608.0,299940.66,311486.78,302783.44,0.02321126,0.02089875,0.033435386,0.037283238,0.033526424,48.0,90.0,129.0,0.175,0.033639003,,0.0
2026-01-23,7,0,0,0,0.7096774,4.0,23.0,0.0,5857.143,8300.0,12114.286,10857.143,9574.286,316622.44,304212.84,302500.53,307715.1,299486.66,0.014340102,0.025710765,0.038630843,0.032331724,0.030670732,49.0,92.0,122.0,0.075,0.052751012,,0.0
2026-01-23,8,0,0,0,0.7096774,4.0,23.0,0.0,11785.714,350.0,2166.6667,8603.571,7371.4287,321208.16,303226.16,299687.8,307948.22,299550.5,0.028549891,-0.008393551,0.0033420508,0.02294163,0.020260973,41.0,98.0,146.0,0.075,0.045774646,,0.33333334
2026-01-23,9,0,0,0,0.7096774,4.0,23.0,0.0,14785.714,9471.429,5657.143,10164.286,8962.857,318082.0,302103.5,301191.53,309406.72,301518.53,0.038303226,0.028530808,0.01538325,0.029267296,0.025641942,39.0,84.0,146.0,0.1,0.03547945,,0.0
2026-01-23,ã‚¾ãƒ­ç›®,0,0,0,0.7096774,4.0,23.0,0.0,-1585.7142,5764.2856,11828.571,11960.714,10302.857,316671.0,306419.06,301732.75,308162.56,300188.56,-0.006365683,0.024964573,0.042830754,0.039829668,0.035191763,53.0,94.0,128.0,0.025,0.038751386,,0.33333334
2026-01-24,0,0,0,1,0.7419355,5.0,24.0,0.0,16300.0,11964.286,13742.857,12300.0,9634.286,297369.0,310231.84,305399.47,314006.22,308487.6,0.052319,0.03930999,0.04410901,0.038145106,0.032384887,39.0,80.0,117.0,0.075,0.036321186,,0.0
2026-01-24,1,0,0,0,0.7419355,5.0,24.0,0.0,8514.286,12057.143,13914.286,13592.857,10451.429,311310.0,325916.06,318265.25,330251.28,320883.34,0.03401551,0.03851308,0.04763365,0.044508617,0.035224326,41.0,75.0,116.0,0.075,0.046272263,,0.0
2026-01-24,2,0,1,1,0.7419355,5.0,24.0,0.0,14342.857,14342.857,15547.619,14221.429,14705.714,298123.16,305471.44,305005.25,316287.8,307088.1,0.051342692,0.047811817,0.05144085,0.046063542,0.04850412,35.0,75.0,112.0,0.175,0.047563225,,0.33333334
2026-01-24,3,0,0,0,0.7419355,5.0,24.0,0.0,8471.429,16400.0,14147.619,13800.0,12228.571,287810.44,301218.06,296600.62,310319.34,301661.22,0.031141229,0.051296853,0.043417584,0.041995145,0.036641795,39.0,65.0,108.0,0.1,0.03312406,,0.0
2026-01-24,4,0,1,1,0.7419355,5.0,24.0,0.0,871.4286,3800.0,6261.905,9464.286,8420.0,284353.44,298021.72,288109.25,301684.25,296699.28,0.0073066093,0.010087971,0.019672403,0.027963918,0.026582295,47.0,95.0,134.0,0.075,0.0377796,,0.0
2026-01-24,5,0,0,0,0.7419355,5.0,24.0,0.0,18442.857,14950.0,10904.762,9314.286,8514.286,296861.72,302334.44,299559.06,308857.78,305081.3,0.06442463,0.051336534,0.038560852,0.032477073,0.029547947,33.0,72.0,124.0,0.075,0.03521127,,0.0
2026-01-24,6,1,1,1,0.7419355,5.0,24.0,0.0,8942.857,5600.0,7823.8096,12910.714,9382.857,287259.72,299460.22,295806.66,310102.5,302805.5,0.036132433,0.018313784,0.029811297,0.042885996,0.032164264,41.0,91.0,129.0,0.075,0.033639003,,0.0
2026-01-24,7,0,0,0,0.7419355,5.0,24.0,0.0,3928.5715,7964.2856,12452.381,11467.857,9914.286,294418.72,306310.94,300028.38,307923.2,301054.0,0.010076566,0.024159025,0.039790493,0.034763746,0.03229806,47.0,92.0,118.0,0.125,0.052751012,,0.33333334
2026-01-24,8,0,0,1,0.7419355,5.0,24.0,0.0,3614.2856,2757.1428,2966.6667,7450.0,6734.2856,294475.44,304875.94,294884.56,306900.75,299145.1,0.008437518,0.0032166375,0.005609965,0.018485516,0.01765496,47.0,94.0,142.0,0.125,0.045774646,,0.0
2026-01-24,9,0,0,0,0.7419355,5.0,24.0,0.0,9071.429,7857.143,4033.3333,8803.571,8677.143,294216.72,300214.94,297584.38,308073.25,301709.7,0.020241229,0.021808391,0.009363527,0.023890462,0.024421362,42.0,90.0,150.0,0.075,0.03547945,,0.33333334
2026-01-24,ã‚¾ãƒ­ç›®,0,0,0,0.7419355,5.0,24.0,0.0,1471.4286,4878.5713,9014.286,12053.571,10151.429,294941.28,304343.16,297694.75,307526.34,300980.7,-0.0008410636,0.021453258,0.03385501,0.04008629,0.034641985,51.0,95.0,136.0,0.025,0.038751386,,0.0
2026-01-25,0,0,0,1,0.7741935,6.0,25.0,0.0,20014.285,12750.0,14104.762,11582.143,11208.571,291504.16,309698.22,306616.06,313570.72,308646.34,0.061985034,0.041445035,0.044981364,0.03633487,0.03665209,34.0,78.0,117.0,0.075,0.036321186,,0.33333334
2026-01-25,1,0,0,0,0.7741935,6.0,25.0,0.0,6885.7144,10142.857,14871.429,12614.286,11191.429,303569.84,327462.78,320381.34,330657.22,322255.28,0.029804423,0.033697568,0.05051336,0.042071998,0.037443407,44.0,81.0,116.0,0.125,0.046272263,,0.0
2026-01-25,2,0,0,0,0.7741935,6.0,25.0,0.0,15257.143,11700.0,16057.143,14921.429,14300.0,292532.16,304510.28,305762.16,315239.8,308112.1,0.05472776,0.041247234,0.052669995,0.048016682,0.04704768,34.0,76.0,112.0,0.05,0.047563225,,0.0
2026-01-25,3,0,0,0,0.7741935,6.0,25.0,0.0,13385.714,14678.571,14380.952,13914.286,11297.143,281473.0,303819.34,297669.06,309747.03,301753.5,0.04346344,0.045902062,0.04398573,0.04233871,0.034103338,34.0,68.0,109.0,0.05,0.03312406,,0.33333334
2026-01-25,4,0,0,1,0.7741935,6.0,25.0,0.0,6528.5713,3714.2856,6133.3335,9032.143,9425.714,276723.44,298537.34,289534.06,299671.66,296310.5,0.02232799,0.009758183,0.019034624,0.027163874,0.029403657,40.0,94.0,134.0,0.075,0.0377796,,0.0
2026-01-25,5,1,1,1,0.7741935,6.0,25.0,0.0,12957.143,16435.715,11290.477,9053.571,9074.286,291535.56,307205.94,301552.84,308941.97,306460.84,0.05145483,0.055994492,0.03967228,0.031794704,0.031202875,40.0,70.0,124.0,0.1,0.03521127,,0.0
2026-01-25,6,0,1,1,0.7741935,6.0,25.0,0.0,16628.572,6257.143,11114.286,13517.857,11822.857,281264.44,303995.44,297788.66,309813.47,303694.22,0.056382142,0.01831482,0.038675267,0.04455631,0.03878019,35.0,90.0,120.0,0.075,0.033639003,,0.0
2026-01-25,7,0,0,0,0.7741935,6.0,25.0,0.0,2371.4285,8707.143,11823.81,11225.0,10511.429,289646.16,309171.0,300940.53,307241.5,301208.8,0.006558101,0.02616015,0.037923273,0.034190133,0.033924017,50.0,89.0,124.0,0.075,0.052751012,,0.33333334
2026-01-25,8,0,0,0,0.7741935,6.0,25.0,0.0,5514.2856,3578.5715,3376.1904,6182.143,7688.5713,286494.16,306314.66,296839.06,306683.5,299550.3,0.013609856,0.0053749494,0.0066033914,0.01517115,0.020263035,46.0,92.0,141.0,0.075,0.045774646,,0.0
2026-01-25,9,0,1,1,0.7741935,6.0,25.0,0.0,2528.5715,7921.4287,3885.7144,8235.714,8162.857,284685.44,301311.34,298806.72,307376.6,301935.94,0.0052473936,0.021975338,0.008911619,0.022428159,0.022983281,49.0,89.0,151.0,0.075,0.03547945,,0.0
2026-01-25,ã‚¾ãƒ­ç›®,0,0,0,0.7741935,6.0,25.0,0.0,-1800.0,3800.0,8161.905,10167.857,9254.286,288687.56,305766.5,299508.38,306838.84,301231.16,-0.009475496,0.018456288,0.031433057,0.035074346,0.032129385,56.0,97.0,138.0,0.225,0.038751386,,0.0
2026-01-26,0,0,0,1,0.8064516,0.0,26.0,0.0,12614.286,13907.143,15295.238,13003.571,12625.714,293397.72,306376.0,308416.9,315161.94,310135.72,0.04012369,0.0446137,0.048542406,0.04074107,0.041165993,38.0,75.0,116.0,0.09756097,0.036321186,,0.0
2026-01-26,1,0,0,0,0.8064516,0.0,26.0,0.0,8242.857,8857.143,15585.714,11789.286,11882.857,308282.44,324407.16,322388.47,331911.28,324066.84,0.033635657,0.030704113,0.05258703,0.039701216,0.039584614,43.0,82.0,114.0,0.14634146,0.046272263,,0.33333334
2026-01-26,2,0,0,0,0.8064516,0.0,26.0,0.0,12785.714,11978.571,17276.191,12492.857,14574.286,297250.72,301793.78,309652.8,317171.03,309376.72,0.048371177,0.041483272,0.057763167,0.04078801,0.04814221,39.0,76.0,113.0,0.12195122,0.047563225,,0.33333334
2026-01-26,3,0,0,1,0.8064516,0.0,26.0,0.0,10957.143,10392.857,14852.381,12842.857,11062.857,287505.16,302332.5,299880.34,310880.25,302510.2,0.03640371,0.034576353,0.045686457,0.039188612,0.03346945,42.0,77.0,110.0,0.048780486,0.03312406,,0.0
2026-01-26,4,0,0,0,0.8064516,0.0,26.0,0.0,14600.0,3142.8572,7342.857,9125.0,10365.714,282405.56,296065.22,292425.8,302006.75,296906.56,0.04690959,0.008550035,0.022712283,0.027172353,0.032113913,33.0,94.0,133.0,0.14634146,0.0377796,,0.0
2026-01-26,5,0,1,1,0.8064516,0.0,26.0,0.0,21400.0,19392.857,15928.571,9725.0,10614.286,290731.44,304106.5,302387.2,310185.56,306410.75,0.076456904,0.06489736,0.053855944,0.033455733,0.035776455,33.0,65.0,114.0,0.09756097,0.03521127,,0.33333334
2026-01-26,6,0,0,0,0.8064516,0.0,26.0,0.0,22600.0,5585.7144,12423.81,14678.571,12380.0,282738.44,300671.34,300184.16,310688.25,304493.44,0.07397778,0.01728025,0.042489227,0.04797955,0.04034421,27.0,90.0,119.0,0.0,0.033639003,,0.0
2026-01-26,7,0,0,0,0.8064516,0.0,26.0,0.0,1200.0,6264.2856,11261.904,10878.571,11151.429,289389.72,305184.94,302070.53,308332.78,302066.1,0.003106659,0.019887242,0.036161583,0.03308901,0.03602081,54.0,93.0,130.0,0.09756097,0.052751012,,0.0
2026-01-26,8,1,1,1,0.8064516,0.0,26.0,0.0,4785.7144,4257.143,2733.3333,5207.143,6782.857,290845.72,304096.66,299938.06,309150.56,300713.7,0.011650271,0.0069994675,0.004627034,0.011993506,0.017507842,50.0,91.0,148.0,0.14634146,0.045774646,,0.0
2026-01-26,9,0,0,0,0.8064516,0.0,26.0,0.0,4742.857,9335.714,5466.6665,8103.5713,8694.286,288335.44,299704.56,300569.94,309104.94,302723.16,0.011321088,0.0259395,0.013550062,0.0216886,0.024464801,48.0,85.0,147.0,0.07317073,0.03547945,,0.0
2026-01-26,ã‚¾ãƒ­ç›®,0,1,1,0.8064516,0.0,26.0,0.0,-742.8571,4278.5713,7961.905,9010.714,10162.857,293519.28,303279.66,303027.47,308596.66,302670.5,-0.006053191,0.019556677,0.03093453,0.031494472,0.03509073,55.0,96.0,142.0,0.024390243,0.038751386,,0.0
2026-01-27,0,0,0,0,0.83870965,1.0,27.0,0.0,14557.143,14385.714,14628.571,14278.571,13320.0,292764.44,300625.84,305410.94,311673.56,307886.72,0.048624936,0.047254093,0.046860754,0.04527764,0.043855507,37.0,78.0,116.0,0.12195122,0.036321186,,0.0
2026-01-27,1,0,0,0,0.83870965,1.0,27.0,0.0,2242.8572,7678.5713,10990.477,10514.286,10088.571,307565.0,316183.94,318685.34,327575.6,322124.22,0.007982707,0.025599154,0.036840547,0.03520216,0.03311629,50.0,89.0,123.0,0.024390243,0.046272263,,0.0
2026-01-27,2,0,0,1,0.83870965,1.0,27.0,0.0,9957.143,12792.857,17061.904,13382.143,13611.429,301784.72,297643.94,307000.1,314819.4,308198.5,0.035009403,0.04460586,0.057427675,0.043838684,0.045080535,45.0,77.0,110.0,0.07317073,0.047563225,,0.0
2026-01-27,3,0,0,1,0.83870965,1.0,27.0,0.0,13157.143,11421.429,13033.333,13735.714,11271.429,289394.28,297020.28,296669.25,306827.34,301515.12,0.045935225,0.0389876,0.0402631,0.042486086,0.034477815,39.0,77.0,112.0,0.07317073,0.03312406,,0.33333334
2026-01-27,4,0,0,0,0.83870965,1.0,27.0,0.0,15771.429,4800.0,6680.952,9421.429,10102.857,278281.72,289635.94,289940.9,298970.4,294719.4,0.052697964,0.015208092,0.020769723,0.028746773,0.031645134,34.0,90.0,133.0,0.07317073,0.0377796,,0.0
2026-01-27,5,0,0,0,0.83870965,1.0,27.0,0.0,25228.572,22650.0,17033.334,13135.714,12602.857,288254.84,295583.84,299313.94,307062.53,305061.28,0.095284894,0.08065854,0.06039524,0.047099784,0.044509813,33.0,66.0,112.0,0.09756097,0.03521127,,0.0
2026-01-27,6,0,1,1,0.83870965,1.0,27.0,0.0,18414.285,4764.2856,9652.381,13278.571,11757.143,284611.0,295951.44,296494.62,306607.4,302372.84,0.055328537,0.012895,0.03221046,0.04270484,0.037586298,34.0,90.0,127.0,0.14634146,0.033639003,,0.0
2026-01-27,7,1,1,1,0.83870965,1.0,27.0,0.0,4114.2856,7271.4287,10614.286,12060.714,11560.0,284275.72,296871.94,298622.72,305389.84,299947.03,0.015726745,0.024014732,0.034393895,0.037521888,0.03775845,54.0,93.0,131.0,0.07317073,0.052751012,,0.0
2026-01-27,8,0,1,1,0.83870965,1.0,27.0,0.0,17114.285,8357.143,4461.905,7078.5713,8548.571,289503.16,296601.06,296244.72,305330.75,299083.3,0.06878022,0.026210949,0.013981307,0.021040143,0.02566807,42.0,87.0,140.0,0.12195122,0.045774646,,0.0
2026-01-27,9,0,0,0,0.83870965,1.0,27.0,0.0,10200.0,9850.0,4790.476,8203.571,8674.286,283942.44,293038.5,298230.72,305576.28,300565.5,0.0325433,0.027388582,0.011012519,0.021910328,0.024340633,46.0,85.0,145.0,0.09756097,0.03547945,,0.0
2026-01-27,ã‚¾ãƒ­ç›®,0,0,0,0.83870965,1.0,27.0,0.0,6600.0,5942.857,7876.1904,10689.286,11097.143,293911.44,296407.16,301123.53,306142.25,300894.28,0.025816113,0.02645742,0.03123163,0.037788626,0.038794,48.0,92.0,137.0,0.09756097,0.038751386,,0.6666667
2026-01-28,0,0,0,0,0.87096775,2.0,28.0,0.0,19028.572,14992.857,15333.333,15557.143,12971.429,310916.84,309953.56,311961.38,312731.8,311823.0,0.061982475,0.04752936,0.048191473,0.04871839,0.041513927,33.0,82.0,113.0,0.024390243,0.036321186,,0.33333334
2026-01-28,1,1,1,1,0.87096775,2.0,28.0,0.0,-114.28571,10585.714,11042.857,11067.857,10494.286,326253.44,325748.22,327247.38,328977.9,327020.94,-0.0027728276,0.03448947,0.03564563,0.036516126,0.03397686,55.0,87.0,124.0,0.19512194,0.046272263,,0.33333334
2026-01-28,2,0,0,1,0.87096775,2.0,28.0,0.0,11757.143,16085.714,15614.286,14678.571,14465.714,312945.0,304699.84,310607.62,314562.4,313237.3,0.037875276,0.054770503,0.051237587,0.047419168,0.047286946,45.0,75.0,113.0,0.12195122,0.047563225,,0.0
2026-01-28,3,0,0,0,0.87096775,2.0,28.0,0.0,11371.429,14271.429,14457.143,15460.714,11802.857,299457.84,301691.56,302911.06,307072.6,305284.5,0.035661902,0.046998825,0.04346427,0.04735929,0.03494715,42.0,76.0,109.0,0.07317073,0.03312406,,0.0
2026-01-28,4,0,0,0,0.87096775,2.0,28.0,0.0,17314.285,7514.2856,6733.3335,7467.857,10345.714,301111.16,297436.22,298231.44,299178.94,299139.34,0.061191488,0.025782399,0.021546973,0.02346383,0.03299807,33.0,89.0,133.0,0.07317073,0.0377796,,0.0
2026-01-28,5,0,1,1,0.87096775,2.0,28.0,0.0,15071.429,18392.857,14042.857,11846.429,10737.143,302456.28,303670.44,304638.8,307131.25,308065.47,0.06469478,0.06836553,0.05160307,0.043567784,0.038987897,37.0,74.0,115.0,0.048780486,0.03521127,,0.0
2026-01-28,6,0,0,0,0.87096775,2.0,28.0,0.0,21685.715,10492.857,9909.523,15107.143,13500.0,296331.56,301645.06,302517.1,304898.44,305684.78,0.060892507,0.03101832,0.029208466,0.04798819,0.04291877,33.0,82.0,126.0,0.07317073,0.033639003,,0.0
2026-01-28,7,0,0,0,0.87096775,2.0,28.0,0.0,13957.143,12514.286,13138.096,13757.143,12637.143,305808.0,306808.28,307023.28,307456.44,305179.38,0.03937601,0.03702298,0.03906005,0.041314613,0.038597807,46.0,88.0,127.0,0.07317073,0.052751012,,0.0
2026-01-28,8,0,0,0,0.87096775,2.0,28.0,0.0,21528.572,13264.286,5885.7144,7746.4287,10117.143,305847.72,304270.16,302810.8,304861.72,303503.4,0.077736236,0.0416073,0.016375266,0.023011917,0.030413013,37.0,82.0,139.0,0.17073171,0.045774646,,0.0
2026-01-28,9,0,1,1,0.87096775,2.0,28.0,0.0,8300.0,10757.143,6414.2856,6489.2856,8417.143,300788.72,301985.06,303981.8,305918.28,304243.78,0.022850646,0.029759193,0.016601287,0.017187594,0.022771537,51.0,90.0,143.0,0.09756097,0.03547945,,0.0
2026-01-28,ã‚¾ãƒ­ç›®,0,0,1,0.87096775,2.0,28.0,0.0,6071.4287,4071.4285,5376.1904,10017.857,11322.857,306062.28,303158.94,305474.72,306429.1,304573.66,0.021975005,0.018211043,0.021090114,0.035824124,0.039105065,50.0,99.0,144.0,0.048780486,0.038751386,,0.33333334
2026-01-29,0,1,1,1,0.9032258,3.0,29.0,0.0,11728.571,10485.714,10595.238,13589.286,11091.429,303354.0,308013.94,304712.06,309999.56,310967.12,0.032975353,0.029186044,0.03344922,0.04120842,0.03392156,37.0,89.0,123.0,0.12195122,0.036321186,,0.33333334
2026-01-29,1,0,0,0,0.9032258,3.0,29.0,0.0,7771.4287,9714.286,12261.904,12650.0,11708.571,324877.56,326213.16,323574.94,327048.2,329304.84,0.023707446,0.03122647,0.04049231,0.041916437,0.037883252,45.0,87.0,118.0,0.09756097,0.046272263,,0.33333334
2026-01-29,2,0,0,0,0.9032258,3.0,29.0,0.0,11114.286,16385.715,14123.81,14335.714,14208.571,303404.28,305966.44,304503.1,311470.8,314204.1,0.03680893,0.055960186,0.047691107,0.04667517,0.04583882,41.0,72.0,114.0,0.17073171,0.047563225,,0.0
2026-01-29,3,0,0,0,0.9032258,3.0,29.0,0.0,6100.0,13857.143,12966.667,14267.857,11928.571,301063.84,303778.0,298640.34,305525.1,307500.3,0.016156018,0.045403548,0.03937361,0.043652423,0.035630994,44.0,75.0,110.0,0.0,0.03312406,,0.0
2026-01-29,4,0,1,1,0.9032258,3.0,29.0,0.0,7185.7144,7307.143,4261.905,6046.4287,9425.714,291986.16,298061.78,292958.16,296292.6,299939.06,0.023334173,0.025174977,0.012551136,0.017848017,0.028926782,40.0,88.0,137.0,0.048780486,0.0377796,,0.0
2026-01-29,5,0,0,1,0.9032258,3.0,29.0,0.0,14742.857,16171.429,14252.381,11610.714,9634.286,294928.84,302823.94,297860.16,303721.2,305282.16,0.06666442,0.05929654,0.05432667,0.044066582,0.03654486,34.0,74.0,109.0,0.024390243,0.03521127,,0.0
2026-01-29,6,0,1,1,0.9032258,3.0,29.0,0.0,19971.428,9614.286,9900.0,12289.286,12085.714,296249.84,299971.94,297268.62,303518.56,307446.5,0.054665346,0.027910313,0.028782707,0.038877252,0.03653582,30.0,83.0,123.0,0.07317073,0.033639003,,0.0
2026-01-29,7,0,0,0,0.9032258,3.0,29.0,0.0,8642.857,11692.857,9580.952,13546.429,11154.286,300990.56,306305.22,300524.34,304967.78,304609.06,0.017614027,0.033374712,0.0277543,0.039855566,0.032474507,46.0,87.0,133.0,0.17073171,0.052751012,,0.33333334
2026-01-29,8,0,0,0,0.9032258,3.0,29.0,0.0,14742.857,12864.286,5161.905,6557.143,9408.571,304371.72,308077.94,300055.2,304284.44,306315.66,0.055286225,0.04121752,0.013715187,0.019069064,0.027981184,40.0,81.0,137.0,0.09756097,0.045774646,,0.0
2026-01-29,9,0,0,1,0.9032258,3.0,29.0,0.0,2728.5715,9657.143,6642.857,5946.4287,9468.571,297504.0,304198.94,299399.16,304496.1,305856.03,0.0038770456,0.024685686,0.017712057,0.015577105,0.027542157,52.0,88.0,137.0,0.07317073,0.03547945,,0.0
2026-01-29,ã‚¾ãƒ­ç›®,0,0,0,0.9032258,3.0,29.0,0.0,57.142857,1935.7142,3909.524,10310.714,11468.571,299998.44,304174.5,301669.1,305225.56,305895.84,0.0026554926,0.009320432,0.017132513,0.036965948,0.039582297,53.0,100.0,145.0,0.12195122,0.038751386,,0.0
2026-01-30,0,0,0,0,0.9354839,4.0,30.0,0.0,10642.857,13757.143,11100.0,13228.571,11068.571,294595.72,306025.44,304830.28,305083.47,310943.28,0.033012077,0.042508986,0.035543814,0.04188973,0.033837784,37.0,80.0,121.0,0.1,0.036321186,,0.0
2026-01-30,1,0,0,0,0.9354839,4.0,30.0,0.0,1985.7142,8878.571,9228.571,11932.143,11440.0,318819.84,326582.44,322785.2,321819.53,329205.25,0.0023255006,0.027749026,0.028569594,0.03946222,0.036765605,51.0,87.0,125.0,0.075,0.046272263,,0.0
2026-01-30,2,0,0,0,0.9354839,4.0,30.0,0.0,7100.0,13085.714,13238.096,13025.0,14431.429,296871.28,305654.22,302133.75,305646.66,313105.9,0.019331863,0.040852726,0.04359554,0.04190549,0.046347093,44.0,79.0,116.0,0.075,0.047563225,,0.33333334
2026-01-30,3,1,1,1,0.9354839,4.0,30.0,0.0,-1342.8572,10200.0,12680.952,12996.429,10577.143,296712.72,304212.5,300057.9,300073.5,307418.12,-0.0136170685,0.029662978,0.038733862,0.038848467,0.029922288,52.0,82.0,111.0,0.075,0.03312406,,0.0
2026-01-30,4,0,0,0,0.9354839,4.0,30.0,0.0,5014.2856,4478.5713,4190.476,5582.143,7977.143,282361.56,295394.94,292710.2,290007.16,298746.5,0.016711982,0.014044773,0.012258245,0.017228933,0.023302224,38.0,89.0,134.0,0.125,0.0377796,,0.0
2026-01-30,5,0,0,0,0.9354839,4.0,30.0,0.0,14628.571,17764.285,13480.952,11660.714,10002.857,291126.0,304087.34,297848.16,299361.03,304779.25,0.06651087,0.06611897,0.05121572,0.044425625,0.03797037,31.0,68.0,112.0,0.1,0.03521127,,0.33333334
2026-01-30,6,0,1,1,0.9354839,4.0,30.0,0.0,19657.143,12342.857,10780.952,11753.571,13140.0,294411.28,301861.22,299209.1,298558.3,308071.7,0.054101042,0.038656153,0.03196618,0.0386018,0.0406468,28.0,76.0,118.0,0.175,0.033639003,,0.0
2026-01-30,7,0,0,1,0.9354839,4.0,30.0,0.0,7657.143,6757.143,8085.7144,11000.0,10217.143,289198.28,302910.34,299208.0,299174.97,304011.75,0.0112940585,0.01281708,0.020905197,0.03179665,0.02812419,46.0,95.0,138.0,0.075,0.052751012,,0.0
2026-01-30,8,0,0,0,0.9354839,4.0,30.0,0.0,11914.286,11850.0,4204.7617,4603.5713,9265.714,295368.0,308288.06,300606.75,298607.84,305432.16,0.04507929,0.036814593,0.00943073,0.013776361,0.027369164,40.0,81.0,138.0,0.075,0.045774646,,0.33333334
2026-01-30,9,0,0,1,0.9354839,4.0,30.0,0.0,4914.2856,9850.0,7952.381,5471.4287,9114.286,292781.84,305431.94,298996.28,299089.1,306081.75,0.012586499,0.025444863,0.023216039,0.014684062,0.025931137,46.0,85.0,130.0,0.1,0.03547945,,0.0
2026-01-30,ã‚¾ãƒ­ç›®,0,1,1,0.9354839,4.0,30.0,0.0,642.8571,-471.42856,4057.1428,9032.143,9697.143,293870.28,305270.66,302236.16,299767.16,305304.12,0.0037689235,-0.0012983796,0.017899357,0.033065297,0.03261752,49.0,102.0,143.0,0.025,0.038751386,,0.0
2026-01-31,0,0,1,1,0.9677419,5.0,31.0,0.0,10085.714,13192.857,11338.096,12828.571,11857.143,306877.28,302123.16,309113.66,305768.94,312580.44,0.030125719,0.04122236,0.036248565,0.040613186,0.036541227,40.0,79.0,120.0,0.075,0.036321186,,0.0
2026-01-31,1,0,0,1,0.9677419,5.0,31.0,0.0,6114.2856,7314.2856,10076.19,11964.286,12097.143,335336.84,323323.44,329056.34,322533.16,331268.4,0.014850285,0.0244329,0.030625481,0.039437808,0.03857695,49.0,90.0,124.0,0.075,0.046272263,,0.0
2026-01-31,2,0,0,0,0.9677419,5.0,31.0,0.0,4328.5713,9335.714,11004.762,12742.857,12242.857,306694.44,302408.78,305879.1,305427.53,314369.16,0.009863089,0.030602891,0.03516224,0.041046407,0.03882345,50.0,85.0,125.0,0.175,0.047563225,,0.33333334
2026-01-31,3,0,0,0,0.9677419,5.0,31.0,0.0,13900.0,11185.714,15566.667,14085.714,13820.0,311622.56,299716.5,304686.25,300356.1,310580.0,0.037398312,0.03426977,0.046664007,0.041912764,0.041075777,42.0,81.0,107.0,0.1,0.03312406,,0.0
2026-01-31,4,0,0,0,0.9677419,5.0,31.0,0.0,5757.143,3314.2856,4452.381,6135.7144,8722.857,301156.56,292755.0,299066.66,291371.06,301578.72,0.015727883,0.011517246,0.011967942,0.018686274,0.025516711,43.0,90.0,138.0,0.075,0.0377796,,0.0
2026-01-31,5,0,0,0,0.9677419,5.0,31.0,0.0,7242.857,12842.857,12380.952,9989.286,8900.0,301806.16,299333.94,302158.34,300120.8,307447.47,0.041762475,0.053093553,0.048145182,0.039361257,0.034334153,41.0,74.0,113.0,0.075,0.03521127,,0.0
2026-01-31,6,0,0,0,0.9677419,5.0,31.0,0.0,23628.572,16285.714,11609.523,11775.0,15054.286,307947.84,297603.78,302289.44,298841.97,309671.56,0.06481768,0.050475057,0.033815082,0.038562894,0.047272332,27.0,68.0,118.0,0.075,0.033639003,,0.33333334
2026-01-31,7,1,1,1,0.9677419,5.0,31.0,0.0,10714.286,7321.4287,8880.952,12017.857,11317.143,299777.16,297097.94,304133.0,299965.56,306293.97,0.020299107,0.015187836,0.022872387,0.034917645,0.03187082,45.0,92.0,137.0,0.125,0.052751012,,0.0
2026-01-31,8,0,0,0,0.9677419,5.0,31.0,0.0,11228.571,7421.4287,5580.952,5032.143,8205.714,309654.72,302065.06,306468.84,298577.1,307451.53,0.04342126,0.02592939,0.01661818,0.015062789,0.023472665,42.0,89.0,136.0,0.125,0.045774646,,0.0
2026-01-31,9,0,0,1,0.9677419,5.0,31.0,0.0,11342.857,10207.143,9019.048,5860.7144,9311.429,311603.44,302910.06,304011.1,301089.16,308779.28,0.03351446,0.026877845,0.025710413,0.01540126,0.025815262,40.0,82.0,130.0,0.075,0.03547945,,0.33333334
2026-01-31,ã‚¾ãƒ­ç›®,0,1,1,0.9677419,5.0,31.0,0.0,7014.2856,4242.857,5590.476,8514.286,11045.714,305257.44,300099.34,304647.9,299585.44,307072.56,0.024677584,0.01191826,0.022528034,0.031560652,0.03700455,43.0,94.0,138.0,0.025,0.038751386,,0.0
2026-02-01,0,0,0,1,0.0,6.0,1.0,0.0,6671.4287,13342.857,10723.81,12246.429,10600.0,304908.28,298206.22,308101.56,306189.1,311838.22,0.020878796,0.041431915,0.034589622,0.038955722,0.033243652,39.0,73.0,117.0,0.075,0.036321186,,0.33333334
2026-02-01,1,0,0,0,0.0,6.0,1.0,0.0,6785.7144,6835.7144,9023.81,12850.0,11448.571,334385.44,318977.66,329770.34,323882.34,331402.84,0.016434886,0.023119655,0.027943341,0.041993745,0.036944576,42.0,86.0,123.0,0.125,0.046272263,,0.0
2026-02-01,2,0,0,0,0.0,6.0,1.0,0.0,-8071.4287,3592.8572,5109.524,10025.0,10322.857,303633.84,298083.0,304218.16,305230.06,312918.62,-0.024324138,0.015201811,0.01939011,0.03342146,0.03354852,59.0,93.0,135.0,0.05,0.047563225,,0.0
2026-02-01,3,0,0,0,0.0,6.0,1.0,0.0,9514.286,11450.0,12957.143,13164.286,13034.286,311240.56,296356.78,306293.1,301061.94,310045.75,0.025536502,0.03449997,0.03911354,0.03937342,0.038978267,42.0,76.0,110.0,0.05,0.03312406,,0.33333334
2026-02-01,4,1,1,1,0.0,6.0,1.0,0.0,-2000.0,2264.2856,1809.5238,4100.0,6825.7144,304011.72,290367.56,300362.16,293153.47,300539.66,-0.0056378897,0.008345051,0.0046261586,0.012866496,0.020603523,49.0,89.0,143.0,0.075,0.0377796,,0.0
2026-02-01,5,0,0,0,0.0,6.0,1.0,0.0,300.0,6628.5713,11057.143,8542.857,7302.857,300166.0,295850.78,304859.28,301206.16,307186.78,0.023170967,0.0373129,0.04505332,0.03554695,0.030069957,42.0,82.0,112.0,0.1,0.03521127,,0.33333334
2026-02-01,6,0,1,1,0.0,6.0,1.0,0.0,11385.714,14007.143,7966.6665,11182.143,13091.429,305369.16,293316.78,304453.34,299683.78,308924.6,0.032066125,0.044224136,0.022898588,0.03702298,0.042058274,34.0,69.0,124.0,0.075,0.033639003,,0.0
2026-02-01,7,0,1,1,0.0,6.0,1.0,0.0,10214.286,6292.857,9209.523,11421.429,11022.857,299686.56,294666.34,306009.53,300627.03,305730.5,0.018952236,0.012755169,0.023757512,0.033180512,0.031142553,39.0,89.0,128.0,0.075,0.052751012,,0.0
2026-02-01,8,0,0,0,0.0,6.0,1.0,0.0,5628.5713,5571.4287,4261.905,3939.2856,6071.4287,308603.16,297548.66,307077.47,299780.06,307067.44,0.028255094,0.020932475,0.013001665,0.012016317,0.017787939,44.0,90.0,136.0,0.075,0.045774646,,0.0
2026-02-01,9,0,0,0,0.0,6.0,1.0,0.0,8714.286,5621.4287,8185.7144,5092.857,8331.429,314369.0,299527.22,305663.9,302697.28,308775.1,0.026662437,0.015954915,0.023537705,0.0133493235,0.023275014,37.0,86.0,126.0,0.075,0.03547945,,0.0
2026-02-01,ã‚¾ãƒ­ç›®,0,0,1,0.0,6.0,1.0,0.0,9328.571,3764.2856,5642.857,8453.571,10000.0,306644.0,297665.78,306059.0,301292.28,306799.88,0.031040926,0.010782715,0.022651168,0.031335022,0.03426766,35.0,91.0,132.0,0.225,0.038751386,,0.0
2026-02-02,0,0,0,1,0.035714287,0.0,2.0,0.0,6842.857,9728.571,11552.381,13182.143,11771.429,307730.56,300564.16,306827.53,308245.3,313675.66,0.02107737,0.030600531,0.036768258,0.041676145,0.03680833,38.0,76.0,113.0,0.09756097,0.036321186,,0.0
2026-02-02,1,0,0,0,0.035714287,0.0,2.0,0.0,6842.857,7542.857,8185.7144,13400.0,10800.0,335143.72,321713.06,327986.0,325577.28,332557.78,0.016576981,0.025106318,0.025995068,0.043584518,0.03507637,42.0,85.0,124.0,0.14634146,0.046272263,,0.0
2026-02-02,2,0,0,1,0.035714287,0.0,2.0,0.0,-5085.7144,3850.0,6290.476,11685.714,8977.143,303930.72,300590.72,302506.1,308222.28,314522.97,-0.016293013,0.01603908,0.02222451,0.039249122,0.029371804,57.0,96.0,133.0,0.12195122,0.047563225,,0.33333334
2026-02-02,3,0,1,1,0.035714287,0.0,2.0,0.0,10671.429,10814.286,10485.714,13807.143,12408.571,309716.72,298610.94,304793.9,302339.44,310647.53,0.028709447,0.03255658,0.032620717,0.041442204,0.03709278,40.0,82.0,117.0,0.048780486,0.03312406,,0.0
2026-02-02,4,0,0,0,0.035714287,0.0,2.0,0.0,914.2857,7757.143,2400.0,5735.7144,7482.857,307437.0,294921.28,299855.8,296178.6,303092.8,0.0016221002,0.024265844,0.006240723,0.017439738,0.022062302,46.0,79.0,140.0,0.14634146,0.0377796,,0.0
2026-02-02,5,0,1,1,0.035714287,0.0,2.0,0.0,-14271.429,3564.2856,8171.4287,8378.571,4925.7144,303430.44,297080.94,303881.16,302648.0,308834.53,-0.018627172,0.028914867,0.037055846,0.035735168,0.023039153,52.0,85.0,117.0,0.09756097,0.03521127,,0.33333334
2026-02-02,6,0,0,0,0.035714287,0.0,2.0,0.0,12142.857,17371.428,7771.4287,12353.571,14171.429,309542.72,296140.56,303628.47,302523.78,310459.16,0.033194788,0.053586286,0.022585096,0.040165618,0.0450226,34.0,61.0,124.0,0.0,0.033639003,,0.0
2026-02-02,7,1,1,1,0.035714287,0.0,2.0,0.0,14957.143,8078.5713,9161.904,12185.714,11694.286,305342.28,297366.0,305237.38,302888.47,307734.7,0.03161489,0.017360773,0.023796458,0.035024907,0.032794185,35.0,89.0,128.0,0.09756097,0.052751012,,0.0
2026-02-02,8,0,0,0,0.035714287,0.0,2.0,0.0,6242.857,5514.2856,4919.048,3610.7144,5414.2856,311082.56,300964.16,306425.28,302724.2,309536.97,0.0299948,0.020822536,0.014664578,0.010968976,0.015593765,42.0,92.0,133.0,0.14634146,0.045774646,,0.33333334
2026-02-02,9,0,0,0,0.035714287,0.0,2.0,0.0,4071.4285,4407.143,7580.952,5117.857,7297.143,314803.56,301569.5,304737.56,304128.34,310244.66,0.013691772,0.01250643,0.021856923,0.013585489,0.020089233,44.0,92.0,129.0,0.07317073,0.03547945,,0.0
2026-02-02,ã‚¾ãƒ­ç›®,0,0,0,0.035714287,0.0,2.0,0.0,10971.429,5114.2856,6509.524,8714.286,9402.857,304619.84,299069.56,303726.38,303425.56,307801.28,0.0356364,0.014791604,0.024916586,0.03211,0.032322858,32.0,87.0,128.0,0.024390243,0.038751386,,0.0
2026-02-03,0,0,0,0,0.071428575,1.0,3.0,0.0,7014.2856,10785.714,11928.571,12725.0,12825.714,320770.16,306767.28,307340.62,309250.75,313492.88,0.019221732,0.033923335,0.037909973,0.039951,0.04006646,37.0,74.0,115.0,0.12195122,0.036321186,,0.0
2026-02-03,1,0,0,1,0.071428575,1.0,3.0,0.0,9371.429,5807.143,8242.857,10585.714,10285.714,347863.72,327714.34,326743.84,325979.94,331633.22,0.027322765,0.017652735,0.026173692,0.0344611,0.03362628,39.0,89.0,128.0,0.024390243,0.046272263,,0.0
2026-02-03,2,0,0,0,0.071428575,1.0,3.0,0.0,-6085.7144,1935.7142,6500.0,11275.0,9488.571,315128.44,308456.56,303472.1,309032.2,314881.2,-0.020644367,0.0071825185,0.022855783,0.037909664,0.030942073,55.0,100.0,132.0,0.07317073,0.047563225,,0.0
2026-02-03,3,0,1,1,0.071428575,1.0,3.0,0.0,10842.857,12000.0,11228.571,12485.714,13157.143,323139.28,306266.78,305726.62,303286.75,310089.75,0.02673254,0.03633388,0.03490258,0.03688046,0.039335378,39.0,78.0,116.0,0.07317073,0.03312406,,0.33333334
2026-02-03,4,0,1,1,0.071428575,1.0,3.0,0.0,-1271.4286,7250.0,2776.1904,4692.857,7282.857,317408.56,297845.16,298893.47,296807.8,302658.03,-0.00808641,0.022305777,0.007443258,0.01355569,0.021380136,48.0,82.0,138.0,0.07317073,0.0377796,,0.0
2026-02-03,5,0,0,0,0.071428575,1.0,3.0,0.0,-16742.857,4242.857,9519.048,8589.286,7160.0,320304.72,304279.78,303824.16,304561.66,309710.97,-0.03810129,0.028591802,0.04107193,0.03577111,0.030059569,52.0,85.0,118.0,0.09756097,0.03521127,,0.0
2026-02-03,6,0,0,1,0.071428575,1.0,3.0,0.0,15642.857,17028.572,8390.477,11150.0,13751.429,319305.44,301958.22,303736.1,302197.3,309147.0,0.048280995,0.051804766,0.024690332,0.036228094,0.043820072,29.0,63.0,119.0,0.14634146,0.033639003,,0.0
2026-02-03,7,0,0,0,0.071428575,1.0,3.0,0.0,23585.715,13850.0,12709.523,13857.143,14365.714,319302.28,301789.0,304348.72,303792.6,308172.34,0.057572354,0.036649548,0.035200603,0.04018851,0.04153198,28.0,82.0,121.0,0.07317073,0.052751012,,0.33333334
2026-02-03,8,0,0,0,0.071428575,1.0,3.0,0.0,-8214.286,4450.0,2833.3333,1292.8572,4020.0,329155.72,309329.44,307452.62,304472.47,310095.75,-0.026858361,0.02096093,0.008521179,0.0037713896,0.011460442,52.0,94.0,139.0,0.12195122,0.045774646,,0.0
2026-02-03,9,1,1,1,0.071428575,1.0,3.0,0.0,1557.1428,5878.5713,7085.7144,3982.1428,6874.2856,328040.44,305991.44,304705.8,305683.16,310069.12,0.0061041024,0.019323703,0.020293755,0.009785415,0.018749084,45.0,91.0,130.0,0.09756097,0.03547945,,0.0
2026-02-03,ã‚¾ãƒ­ç›®,0,0,0,0.071428575,1.0,3.0,0.0,6014.2856,6307.143,5966.6665,7410.7144,9754.286,317359.16,305635.28,303391.16,305182.44,308385.62,0.016736807,0.02127646,0.023217216,0.027607925,0.03357826,38.0,86.0,130.0,0.09756097,0.038751386,,0.33333334
2026-02-04,0,0,0,1,0.10714286,2.0,4.0,0.0,3014.2856,11021.429,11000.0,12253.571,13048.571,306623.84,308770.34,308843.66,310627.0,311510.22,0.008026573,0.035004523,0.034361765,0.038150247,0.040580027,39.0,72.0,121.0,0.024390243,0.036321186,,0.0
2026-02-04,1,0,0,0,0.10714286,2.0,4.0,0.0,7014.2856,3450.0,9395.238,10035.714,10257.143,328083.72,327168.56,326526.72,327456.47,328799.06,0.02169019,0.009458681,0.030223044,0.03215677,0.03355094,36.0,91.0,123.0,0.19512194,0.046272263,,0.6666667
2026-02-04,2,0,0,0,0.10714286,2.0,4.0,0.0,-14314.286,-1278.5714,5952.381,8132.143,8880.0,301700.56,307322.78,303700.1,308380.84,311990.03,-0.046983454,-0.0045540896,0.020852517,0.026682327,0.028538644,60.0,105.0,135.0,0.12195122,0.047563225,,0.0
2026-02-04,3,0,0,0,0.10714286,2.0,4.0,0.0,5471.4287,8421.429,11338.096,12210.714,13462.857,305457.16,302457.5,302946.75,303547.56,306749.5,0.012167503,0.023914702,0.035388384,0.03564008,0.040320933,38.0,80.0,114.0,0.07317073,0.03312406,,0.0
2026-02-04,4,0,1,1,0.10714286,2.0,4.0,0.0,2057.1428,9685.714,5695.2383,5564.2856,6385.7144,305753.84,303432.5,300208.75,300112.03,300493.9,0.0027551868,0.031973336,0.018106662,0.016849026,0.019322101,40.0,73.0,129.0,0.07317073,0.0377796,,0.0
2026-02-04,5,0,0,0,0.10714286,2.0,4.0,0.0,-12614.286,1228.5714,8057.143,7378.5713,6954.2856,301734.28,302095.28,303025.06,303912.7,306051.84,-0.031968962,0.016362906,0.0349207,0.030710062,0.028460434,50.0,87.0,124.0,0.048780486,0.03521127,,0.0
2026-02-04,6,0,0,0,0.10714286,2.0,4.0,0.0,7928.5713,14807.143,9638.096,9414.286,13671.429,303784.44,300058.0,302358.2,302833.94,304675.62,0.02594733,0.04341992,0.02932799,0.028393183,0.043580018,32.0,65.0,114.0,0.07317073,0.033639003,,0.0
2026-02-04,7,0,0,1,0.10714286,2.0,4.0,0.0,8600.0,11278.571,11209.523,12003.571,12725.714,299834.28,302821.16,304483.62,305226.03,305932.0,0.015317953,0.027346982,0.029787973,0.033124525,0.03611528,38.0,84.0,126.0,0.07317073,0.052751012,,0.0
2026-02-04,8,0,1,1,0.10714286,2.0,4.0,0.0,-15400.0,3064.2856,3709.524,564.2857,3117.1428,314438.84,310143.28,307659.72,305717.8,306777.16,-0.04715233,0.015291952,0.012020759,0.0004933671,0.008979067,55.0,92.0,137.0,0.17073171,0.045774646,,0.0
2026-02-04,9,1,1,1,0.10714286,2.0,4.0,0.0,5885.7144,7092.857,9133.333,6282.143,6368.5713,311592.0,306190.34,305187.38,305884.34,307053.03,0.02498077,0.023915708,0.028166385,0.018696157,0.018746229,37.0,88.0,127.0,0.09756097,0.03547945,,0.0
2026-02-04,ã‚¾ãƒ­ç›®,0,0,0,0.10714286,2.0,4.0,0.0,3271.4285,4671.4287,3804.762,4850.0,8668.571,303073.0,304567.66,303130.28,304874.28,305757.88,0.008372881,0.015173943,0.0149316555,0.017910806,0.030333875,37.0,87.0,136.0,0.048780486,0.038751386,,0.33333334
2026-02-05,0,0,0,1,0.14285715,3.0,5.0,0.0,7042.857,9385.714,9338.096,9707.143,12280.0,315399.28,309376.66,310475.72,307383.84,311079.5,0.025577828,0.02927659,0.027983306,0.03148137,0.0380823,33.0,70.0,122.0,0.12195122,0.036321186,,0.6666667
2026-02-05,1,0,1,1,0.14285715,3.0,5.0,0.0,-1000.0,3385.7144,6142.857,8946.429,9920.0,324684.72,324781.16,325703.66,323852.4,326575.5,-0.005684604,0.009011421,0.018922778,0.028948082,0.03239623,42.0,87.0,129.0,0.09756097,0.046272263,,0.0
2026-02-05,2,1,1,1,0.14285715,3.0,5.0,0.0,-18285.715,-3585.7144,4828.5713,6021.4287,7811.4287,299650.56,301527.44,303861.16,303289.97,309106.78,-0.064753056,-0.013972063,0.015722439,0.019580068,0.024389528,66.0,107.0,138.0,0.17073171,0.047563225,,0.0
2026-02-05,3,0,0,0,0.14285715,3.0,5.0,0.0,3600.0,4850.0,10438.096,10625.0,12134.286,298421.56,299742.72,301992.53,298585.66,304104.4,0.003908381,0.010032199,0.031571824,0.030507304,0.035703614,42.0,86.0,117.0,0.0,0.03312406,,0.0
2026-02-05,4,0,0,0,0.14285715,3.0,5.0,0.0,8628.571,7907.143,7747.619,5353.5713,6562.857,312228.44,302107.28,302784.0,297775.72,299479.78,0.029194212,0.026264193,0.026514722,0.016711906,0.020117257,33.0,73.0,121.0,0.048780486,0.0377796,,0.0
2026-02-05,5,0,0,0,0.14285715,3.0,5.0,0.0,-17800.0,-1528.5714,4847.619,6239.2856,5728.5713,302671.0,298799.94,302772.94,299062.84,303511.16,-0.055100724,0.005781846,0.021164117,0.02696982,0.02423312,57.0,91.0,131.0,0.024390243,0.03521127,,0.0
2026-02-05,6,0,0,0,0.14285715,3.0,5.0,0.0,8571.429,14271.429,9266.667,9567.857,11545.714,299057.84,297653.84,299667.25,297715.94,302626.44,0.02802853,0.041346937,0.027949717,0.028594162,0.036707506,31.0,61.0,114.0,0.07317073,0.033639003,,0.0
2026-02-05,7,0,0,0,0.14285715,3.0,5.0,0.0,12214.286,10428.571,11866.667,10239.286,13280.0,297755.72,299373.16,303455.38,299832.2,303525.38,0.03115803,0.024386028,0.032635815,0.028605232,0.03811606,34.0,80.0,121.0,0.17073171,0.052751012,,0.33333334
2026-02-05,8,0,1,1,0.14285715,3.0,5.0,0.0,-6514.2856,4114.2856,6404.7617,2242.8572,3942.8572,311852.72,308112.22,309336.2,303004.56,305798.1,-0.016056126,0.019615049,0.022126306,0.0062723593,0.0120440265,48.0,88.0,129.0,0.09756097,0.045774646,,0.0
2026-02-05,9,0,0,1,0.14285715,3.0,5.0,0.0,12200.0,7464.2856,10504.762,8032.143,7197.143,310129.72,303816.84,306175.84,302081.78,305622.84,0.050063428,0.026970236,0.033144932,0.025799898,0.022474369,35.0,87.0,123.0,0.07317073,0.03547945,,0.0
2026-02-05,ã‚¾ãƒ­ç›®,0,0,0,0.14285715,3.0,5.0,0.0,671.4286,364.2857,1514.2858,3100.0,8382.857,298824.44,299411.44,302391.16,300957.94,303945.34,-0.002377176,0.00013915836,0.0054212296,0.012255091,0.029097322,41.0,94.0,141.0,0.12195122,0.038751386,,0.0
2026-02-06,0,0,1,1,0.17857143,4.0,6.0,0.0,4571.4287,7607.143,10695.238,9467.857,11497.143,318670.56,306633.16,310240.47,308290.34,307800.88,0.014466883,0.02373948,0.033161618,0.030274581,0.03640516,37.0,74.0,117.0,0.1,0.036321186,,0.0
2026-02-06,1,0,1,1,0.17857143,4.0,6.0,0.0,3714.2856,2850.0,7157.143,7850.0,10288.571,329112.44,323966.16,327425.75,324367.0,323278.12,0.012386084,0.007355792,0.022628045,0.024523716,0.034046993,37.0,88.0,124.0,0.075,0.046272263,,0.0
2026-02-06,2,0,0,1,0.17857143,4.0,6.0,0.0,-10657.143,-1778.5714,5171.4287,7264.2856,8288.571,303330.72,300101.0,304879.72,302433.0,305183.47,-0.031877454,-0.0062727956,0.016609332,0.024727292,0.0271489,57.0,101.0,136.0,0.075,0.047563225,,0.0
2026-02-06,3,0,0,0,0.17857143,4.0,6.0,0.0,4314.2856,1485.7142,8238.096,10589.286,11260.0,300258.16,298485.44,302894.38,300107.97,300110.44,0.0075897593,-0.0030136546,0.022305239,0.030947836,0.032596726,41.0,93.0,123.0,0.075,0.03312406,,0.33333334
2026-02-06,4,0,0,0,0.17857143,4.0,6.0,0.0,7657.143,6335.7144,5538.095,5057.143,5997.143,313301.0,297831.28,301363.62,297857.9,294665.9,0.024510883,0.020611433,0.017533476,0.015321405,0.018685322,38.0,76.0,127.0,0.125,0.0377796,,0.0
2026-02-06,5,1,1,1,0.17857143,4.0,6.0,0.0,-17228.572,-1300.0,6100.0,5803.5713,5882.857,302442.0,296784.0,303538.9,298996.6,299977.22,-0.052760597,0.0068751373,0.026492447,0.02522164,0.02498838,58.0,89.0,126.0,0.1,0.03521127,,0.33333334
2026-02-06,6,0,0,1,0.17857143,4.0,6.0,0.0,3057.1428,11357.143,9247.619,8850.0,10014.286,292169.44,293290.34,298630.62,297449.2,297280.53,0.005344208,0.029722625,0.02755217,0.025310688,0.03195028,38.0,66.0,114.0,0.175,0.033639003,,0.0
2026-02-06,7,0,0,0,0.17857143,4.0,6.0,0.0,14757.143,11207.143,9423.81,9753.571,11751.429,300675.72,294937.0,302165.47,299574.94,299475.12,0.043392017,0.027343038,0.023008727,0.026526902,0.03411572,32.0,78.0,127.0,0.075,0.052751012,,0.0
2026-02-06,8,0,0,0,0.17857143,4.0,6.0,0.0,-2214.2856,4850.0,7161.905,2600.0,3240.0,316757.0,306062.5,311111.06,304644.3,302237.7,0.00044975962,0.022764526,0.02469298,0.0071854875,0.011111041,44.0,84.0,125.0,0.075,0.045774646,,0.33333334
2026-02-06,9,0,0,0,0.17857143,4.0,6.0,0.0,13628.571,9271.429,11109.523,9371.429,7102.857,308542.84,300662.34,306468.9,301382.94,300979.84,0.05672989,0.034658194,0.035873204,0.0315945,0.023093227,35.0,81.0,120.0,0.1,0.03547945,,0.0
2026-02-06,ã‚¾ãƒ­ç›®,0,0,0,0.17857143,4.0,6.0,0.0,-1042.8572,-200.0,-661.9048,2782.1428,7017.143,295937.56,294903.94,302159.62,300661.5,299001.22,-0.010862609,-0.003546843,-0.0044864565,0.010708865,0.024279715,45.0,94.0,147.0,0.025,0.038751386,,0.0
2026-02-07,0,0,0,0,0.21428572,5.0,7.0,0.0,6228.5713,8157.143,10871.429,10060.714,11508.571,304281.72,305579.5,302842.66,307905.7,305471.5,0.022249619,0.026187668,0.034898113,0.03274883,0.036940474,32.0,72.0,111.0,0.075,0.036321186,,0.0
2026-02-07,1,0,0,1,0.21428572,5.0,7.0,0.0,4185.7144,5150.0,6271.4287,8603.571,10408.571,311032.28,323184.56,319226.38,324550.3,320232.97,0.01855583,0.016703058,0.022473875,0.027608069,0.035261415,33.0,82.0,123.0,0.075,0.046272263,,0.0
2026-02-07,2,0,0,0,0.21428572,5.0,7.0,0.0,-7200.0,-1435.7142,3823.8096,6453.5713,8754.286,291234.0,298964.22,298683.84,302217.8,302588.84,-0.01928031,-0.0047086105,0.013975157,0.021551603,0.028981065,51.0,101.0,136.0,0.175,0.047563225,,0.0
2026-02-07,3,0,0,0,0.21428572,5.0,7.0,0.0,-7571.4287,3164.2856,4933.3335,9782.143,9754.286,283581.84,297602.22,294338.28,299410.16,297001.25,-0.02994664,0.003725835,0.0128643,0.027511345,0.027540885,49.0,91.0,130.0,0.1,0.03312406,,0.0
2026-02-07,4,1,1,1,0.21428572,5.0,7.0,0.0,485.7143,3121.4285,2371.4285,3460.7144,5005.7144,292710.44,296933.5,292740.16,297477.6,291638.94,-0.0025741195,0.0065768817,0.006820124,0.008332427,0.014434195,41.0,84.0,131.0,0.075,0.0377796,,0.0
2026-02-07,5,0,0,0,0.21428572,5.0,7.0,0.0,-8828.571,-792.8571,5619.048,7078.5713,6225.7144,290104.0,295955.06,296257.28,299144.75,298117.47,-0.023382494,0.00918999,0.027601536,0.030263264,0.026812507,48.0,89.0,122.0,0.075,0.03521127,,0.0
2026-02-07,6,0,0,1,0.21428572,5.0,7.0,0.0,-614.2857,11507.143,10652.381,8553.571,9297.143,280195.56,294071.72,291801.06,296765.97,295112.7,-0.004370734,0.030223474,0.032193128,0.024268629,0.029976169,41.0,68.0,109.0,0.075,0.033639003,,0.33333334
2026-02-07,7,0,1,1,0.21428572,5.0,7.0,0.0,10985.714,10850.0,8542.857,9407.143,11811.429,288852.44,294314.78,294349.44,300312.84,297742.94,0.031540908,0.025920007,0.02063886,0.025039516,0.0342423,35.0,80.0,127.0,0.125,0.052751012,,0.33333334
2026-02-07,8,0,1,1,0.21428572,5.0,7.0,0.0,-200.0,5514.2856,4880.952,4135.7144,3985.7144,300981.56,305318.16,301703.9,305097.03,299058.0,0.008045945,0.025733603,0.019968241,0.01447512,0.01365942,41.0,83.0,130.0,0.125,0.045774646,,0.0
2026-02-07,9,0,0,0,0.21428572,5.0,7.0,0.0,4600.0,7971.4287,8338.096,7914.2856,5608.5713,290348.44,300975.94,298722.84,300595.44,298941.0,0.024925003,0.029219732,0.026226897,0.02551406,0.01730601,42.0,82.0,124.0,0.075,0.03547945,,0.33333334
2026-02-07,ã‚¾ãƒ­ç›®,0,0,0,0.21428572,5.0,7.0,0.0,-6328.5713,342.85715,719.0476,2610.7144,5545.7144,285486.84,295372.16,295228.53,299857.66,296765.72,-0.027334353,-0.0013283851,-0.0011659446,0.010062437,0.019781651,49.0,92.0,143.0,0.025,0.038751386,,0.0
2026-02-08,0,0,0,1,0.25,6.0,8.0,0.0,4685.7144,5678.5713,10457.143,9214.286,10734.286,310446.72,307677.5,302286.38,308687.84,307040.62,0.018659933,0.019769365,0.033841256,0.030607201,0.034896564,39.0,78.0,112.0,0.075,0.036321186,,0.33333334
2026-02-08,1,0,0,0,0.25,6.0,8.0,0.0,10985.714,8885.714,8219.048,9514.286,12477.143,312139.84,323262.66,316698.38,325362.72,321533.84,0.035326533,0.025880707,0.027188614,0.029789139,0.0406603,33.0,75.0,119.0,0.125,0.046272263,,0.0
2026-02-08,2,0,1,1,0.25,6.0,8.0,0.0,3042.8572,-2514.2856,3409.524,4592.857,8628.571,299238.84,301436.34,298468.28,302973.3,304031.84,0.008598061,-0.007863038,0.013000561,0.016692098,0.028456781,46.0,105.0,139.0,0.05,0.047563225,,0.0
2026-02-08,3,0,0,0,0.25,6.0,8.0,0.0,-5985.7144,1764.2858,5638.095,8221.429,9334.286,286820.72,299030.66,293178.1,301425.0,298213.7,-0.025479417,2.8541574e-05,0.01450684,0.0229653,0.026402853,51.0,93.0,127.0,0.05,0.03312406,,0.0
2026-02-08,4,0,0,0,0.25,6.0,8.0,0.0,13871.429,5935.7144,6133.3335,4825.0,6054.2856,295917.56,299964.66,292217.56,299251.0,293706.28,0.03230771,0.01333491,0.016332604,0.011546547,0.016754739,33.0,82.0,122.0,0.075,0.0377796,,0.33333334
2026-02-08,5,0,0,0,0.25,6.0,8.0,0.0,-7714.2856,-3707.1428,1847.619,6364.2856,5291.4287,290529.28,295347.66,294076.94,301276.78,299070.78,-0.020276174,0.0014473957,0.018116541,0.028720945,0.024382327,49.0,91.0,131.0,0.1,0.03521127,,0.33333334
2026-02-08,6,0,1,1,0.25,6.0,8.0,0.0,8000.0,9692.857,12004.762,7975.0,10545.714,283108.28,294238.72,289913.94,299117.06,296368.7,0.018775333,0.02542073,0.0357412,0.021867774,0.033373453,38.0,72.0,107.0,0.075,0.033639003,,0.0
2026-02-08,7,0,0,0,0.25,6.0,8.0,0.0,15342.857,12778.571,9309.523,10742.857,12205.714,294727.28,297206.94,294686.66,303188.97,299447.1,0.041878376,0.030415306,0.022462904,0.028287727,0.034920085,37.0,76.0,126.0,0.075,0.052751012,,0.0
2026-02-08,8,0,0,1,0.25,6.0,8.0,0.0,9971.429,7800.0,7038.095,5689.2856,5145.7144,305308.56,306955.84,300135.28,306635.25,300885.78,0.034401346,0.03132822,0.0254221,0.018351585,0.016493322,36.0,80.0,126.0,0.075,0.045774646,,0.0
2026-02-08,9,0,0,0,0.25,6.0,8.0,0.0,5500.0,7107.143,5580.952,7514.2856,5174.2856,294856.84,304612.94,297970.44,302962.16,301129.2,0.027544064,0.02710325,0.019817965,0.024539296,0.016188271,46.0,83.0,132.0,0.075,0.03547945,,0.0
2026-02-08,ã‚¾ãƒ­ç›®,1,1,1,0.25,6.0,8.0,0.0,-6571.4287,1378.5714,319.0476,2589.2856,5448.5713,288212.56,297428.28,294514.72,301597.4,298676.34,-0.028006276,0.0015173245,-0.0021469488,0.009986807,0.019466763,54.0,89.0,145.0,0.225,0.038751386,,0.0
2026-02-09,0,0,0,1,0.2857143,0.0,9.0,0.0,7728.5713,7285.7144,9061.904,10596.429,12091.429,301544.0,304637.28,300890.75,305506.66,306905.06,0.029427906,0.025252638,0.030209657,0.03493317,0.0392265,40.0,78.0,116.0,0.09756097,0.036321186,,0.0
2026-02-09,1,0,0,0,0.2857143,0.0,9.0,0.0,14857.143,10850.0,9980.952,9853.571,13691.429,305594.72,320369.22,316340.28,322388.2,321580.78,0.046649728,0.031613354,0.032287456,0.031158732,0.04419756,33.0,75.0,118.0,0.14634146,0.046272263,,0.0
2026-02-09,2,0,0,0,0.2857143,0.0,9.0,0.0,9785.714,2350.0,5828.5713,7164.2856,11305.714,292323.56,298127.16,297835.0,299960.47,305042.53,0.029065369,0.0063861776,0.020381177,0.023934724,0.037212368,40.0,97.0,136.0,0.12195122,0.047563225,,0.33333334
2026-02-09,3,0,0,0,0.2857143,0.0,9.0,0.0,-7414.2856,1628.5714,4738.095,6010.7144,9562.857,282499.28,296108.0,293240.38,299220.25,298371.4,-0.030029187,-0.00065986975,0.011694657,0.01695824,0.027147926,53.0,93.0,135.0,0.048780486,0.03312406,,0.0
2026-02-09,4,0,1,1,0.2857143,0.0,9.0,0.0,7842.857,4378.5713,7785.7144,3760.7144,6157.143,288405.84,297921.44,292749.47,296993.3,294624.06,0.01610534,0.008863721,0.021545677,0.008706878,0.017172858,41.0,87.0,120.0,0.14634146,0.0377796,,0.0
2026-02-09,5,0,0,1,0.2857143,0.0,9.0,0.0,-4814.2856,-9542.857,771.4286,4925.0,5740.0,283491.16,293460.78,292551.0,298783.66,298816.62,-0.014454336,-0.016540755,0.014458466,0.0241783,0.025697265,49.0,101.0,134.0,0.09756097,0.03521127,,0.0
2026-02-09,6,0,0,0,0.2857143,0.0,9.0,0.0,10457.143,11300.0,15066.667,8442.857,11974.286,271982.56,290762.66,288087.9,295717.0,296415.53,0.030478546,0.031836666,0.045883708,0.024558458,0.038228203,38.0,72.0,99.0,0.0,0.033639003,,0.0
2026-02-09,7,0,0,0,0.2857143,0.0,9.0,0.0,12800.0,13878.571,9652.381,10071.429,12308.571,286861.84,296102.06,293864.62,300643.5,299683.16,0.03598529,0.03380009,0.023568947,0.026843667,0.035216983,41.0,76.0,130.0,0.09756097,0.052751012,,0.33333334
2026-02-09,8,1,1,1,0.2857143,0.0,9.0,0.0,15442.857,10842.857,8823.81,7550.0,5977.143,296291.28,303686.94,299406.53,303891.78,301437.6,0.051544007,0.040769406,0.031063026,0.023884436,0.019083982,33.0,75.0,125.0,0.14634146,0.045774646,,0.33333334
2026-02-09,9,0,1,1,0.2857143,0.0,9.0,0.0,7542.857,5807.143,5452.381,7571.4287,5602.857,290805.72,302804.66,297981.56,301254.6,301463.84,0.033276014,0.023483893,0.019429624,0.024711696,0.017523594,44.0,88.0,136.0,0.07317073,0.03547945,,0.0
2026-02-09,ã‚¾ãƒ­ç›®,0,0,0,0.2857143,0.0,9.0,0.0,700.0,5835.7144,3642.8572,5057.143,7111.4287,283239.44,293929.66,293792.84,298604.66,299388.34,-0.0047203456,0.015458027,0.008287621,0.017507352,0.02474393,50.0,82.0,137.0,0.024390243,0.038751386,,0.0
2026-02-10,0,0,0,0,0.32142857,1.0,10.0,0.0,6371.4287,6692.857,9314.286,10539.286,11454.286,286681.0,303725.56,300071.84,302175.72,304736.8,0.026282525,0.022752129,0.0313764,0.03500311,0.037217304,41.0,78.0,115.0,0.12195122,0.036321186,,0.0
2026-02-10,1,0,0,0,0.32142857,1.0,10.0,0.0,12142.857,10757.143,7919.048,9217.857,10897.143,293223.84,320543.78,316217.53,318363.84,319428.72,0.0352149,0.031268835,0.023506792,0.028433993,0.034611862,37.0,76.0,126.0,0.024390243,0.046272263,,0.0
2026-02-10,2,0,0,0,0.32142857,1.0,10.0,0.0,8814.286,1364.2858,4228.5713,7078.5713,10782.857,275743.16,295435.78,297552.1,296539.84,302374.38,0.025453253,0.0024044425,0.013272763,0.02350515,0.03541838,44.0,99.0,144.0,0.07317073,0.047563225,,0.0
2026-02-10,3,0,0,0,0.32142857,1.0,10.0,0.0,-9585.714,628.5714,4804.7617,6025.0,8071.4287,268005.72,295572.5,293513.1,296296.4,296230.53,-0.036671247,-0.004969354,0.011998839,0.017009122,0.022170119,58.0,97.0,136.0,0.07317073,0.03312406,,0.33333334
2026-02-10,4,0,0,0,0.32142857,1.0,10.0,0.0,10871.429,4800.0,8457.143,4800.0,5928.5713,275699.16,296553.84,290463.16,293094.9,292586.1,0.030932857,0.011423224,0.02518147,0.013315658,0.017031124,36.0,84.0,118.0,0.07317073,0.0377796,,0.0
2026-02-10,5,0,0,1,0.32142857,1.0,10.0,0.0,-8514.286,-12628.571,-9.523809,5010.7144,5168.5713,267755.72,294030.22,292105.1,294807.03,297200.47,-0.023540685,-0.030820986,0.011214307,0.024918776,0.023908751,51.0,103.0,136.0,0.09756097,0.03521127,,0.0
2026-02-10,6,0,1,1,0.32142857,1.0,10.0,0.0,8500.0,12071.429,14185.714,8417.857,10620.0,259286.28,289295.84,287734.25,292623.66,293615.12,0.021442238,0.034861617,0.041683923,0.023878308,0.033270925,42.0,71.0,105.0,0.14634146,0.033639003,,0.0
2026-02-10,7,0,0,1,0.32142857,1.0,10.0,0.0,3471.4285,13528.571,10390.477,10400.0,11780.0,273698.84,296500.56,292425.62,296686.25,297773.84,0.0066589015,0.032115627,0.026652666,0.028065179,0.03348259,46.0,74.0,128.0,0.07317073,0.052751012,,0.33333334
2026-02-10,8,0,1,1,0.32142857,1.0,10.0,0.0,30157.143,10971.429,13019.048,9664.286,7065.7144,279381.44,304268.56,299346.75,300434.8,299454.25,0.10815472,0.040648177,0.050025526,0.033429563,0.024648055,23.0,75.0,117.0,0.12195122,0.045774646,,0.0
2026-02-10,9,1,1,1,0.32142857,1.0,10.0,0.0,16685.715,9121.429,9480.952,9485.714,6522.857,278891.0,303465.72,296957.94,298252.1,300324.72,0.0692375,0.037670802,0.035961635,0.032529693,0.021675833,36.0,81.0,127.0,0.09756097,0.03547945,,0.33333334
2026-02-10,ã‚¾ãƒ­ç›®,0,0,0,0.32142857,1.0,10.0,0.0,3057.1428,4535.7144,5223.8096,5239.2856,6540.0,265740.28,291549.72,292336.94,293978.44,297294.0,0.0031926278,0.009964718,0.015248516,0.018211069,0.022724865,48.0,86.0,134.0,0.09756097,0.038751386,,0.0
2026-02-11,0,0,1,1,0.35714287,2.0,11.0,0.0,6128.5713,4571.4287,9390.477,9782.143,11028.571,282118.84,294371.34,299886.53,302162.47,304925.38,0.024946231,0.016486403,0.03165176,0.03200788,0.035509445,44.0,83.0,116.0,0.024390243,0.036321186,,0.0
2026-02-11,1,1,1,1,0.35714287,2.0,11.0,0.0,11557.143,9285.714,6152.381,9935.714,10340.0,292322.28,310203.0,315553.16,317975.6,320429.62,0.03307502,0.027382603,0.017330794,0.030936038,0.03234042,43.0,79.0,134.0,0.19512194,0.046272263,,0.33333334
2026-02-11,2,0,0,1,0.35714287,2.0,11.0,0.0,12628.571,-842.8571,3357.1428,7621.4287,9031.429,275800.0,288750.28,296815.2,296725.06,301864.7,0.039724782,-0.0036293357,0.010205534,0.025570584,0.029290818,43.0,103.0,148.0,0.12195122,0.047563225,,0.0
2026-02-11,3,0,0,0,0.35714287,2.0,11.0,0.0,-8500.0,-1514.2858,2780.9524,6378.5713,8068.5713,270717.44,288087.28,291877.47,294889.44,296981.53,-0.032456245,-0.010144372,0.005124386,0.018427227,0.022020815,63.0,101.0,143.0,0.07317073,0.03312406,,0.0
2026-02-11,4,0,0,0,0.35714287,2.0,11.0,0.0,10514.286,6285.7144,9961.904,6900.0,6554.2856,275823.0,290788.44,294229.34,294112.3,295254.22,0.02969315,0.016224168,0.031213274,0.021003284,0.01941785,40.0,80.0,113.0,0.07317073,0.0377796,,0.0
2026-02-11,5,0,0,0,0.35714287,2.0,11.0,0.0,-2757.1428,-7685.7144,-100.0,5353.5713,5351.4287,272083.44,286908.84,292091.34,295289.66,297546.84,-9.8550394e-05,-0.016033757,0.010875754,0.026165888,0.02454834,47.0,97.0,134.0,0.048780486,0.03521127,,0.0
2026-02-11,6,0,0,0,0.35714287,2.0,11.0,0.0,16528.572,12228.571,15380.952,11360.714,10837.143,265988.72,284886.56,288701.56,293265.8,295464.88,0.04959199,0.03776966,0.045477275,0.034393992,0.032632943,39.0,71.0,104.0,0.07317073,0.033639003,,0.0
2026-02-11,7,0,0,0,0.35714287,2.0,11.0,0.0,13800.0,11200.0,12119.048,11857.143,12362.857,270924.28,285379.28,292188.84,296093.78,298365.7,0.04542159,0.030369772,0.03337185,0.033696376,0.03558394,39.0,77.0,123.0,0.07317073,0.052751012,,0.0
2026-02-11,8,0,0,1,0.35714287,2.0,11.0,0.0,36100.0,10350.0,14076.19,11807.143,7671.4287,281690.56,298064.72,300659.06,301167.44,300912.38,0.130114,0.041480836,0.053565968,0.04154407,0.026417494,20.0,75.0,112.0,0.17073171,0.045774646,,0.0
2026-02-11,9,0,0,0,0.35714287,2.0,11.0,0.0,18942.857,12414.286,11042.857,11585.714,8814.286,288237.56,299914.78,300206.1,300949.94,302355.0,0.07136787,0.048174318,0.039733093,0.038966756,0.0292305,36.0,73.0,124.0,0.09756097,0.03547945,,0.33333334
2026-02-11,ã‚¾ãƒ­ç›®,0,1,1,0.35714287,2.0,11.0,0.0,5957.143,4614.2856,5100.0,4342.857,5071.4287,270493.72,286783.34,293209.66,294971.16,297998.16,0.013488673,0.0109307775,0.014612187,0.01457091,0.01702638,48.0,85.0,135.0,0.048780486,0.038751386,,0.33333334
2026-02-12,0,0,1,1,0.39285713,3.0,12.0,0.0,8928.571,7985.7144,9233.333,9235.714,9551.429,291948.0,303673.66,303567.1,305843.78,304296.7,0.032812867,0.029195348,0.030455349,0.029190695,0.031747673,42.0,75.0,112.0,0.12195122,0.036321186,,0.6666667
2026-02-12,1,1,1,1,0.39285713,3.0,12.0,0.0,22014.285,10507.143,9595.238,10110.714,11560.0,308793.28,316739.0,319451.84,321476.06,320840.56,0.06131505,0.02781522,0.026445962,0.029520845,0.035421476,37.0,79.0,124.0,0.09756097,0.046272263,,0.0
2026-02-12,2,0,0,1,0.39285713,3.0,12.0,0.0,16585.715,-850.0,3138.0952,7767.857,8134.2856,295103.56,297377.06,299386.16,301671.75,301652.7,0.055811662,-0.0044706953,0.00928918,0.025744746,0.026826387,37.0,103.0,144.0,0.17073171,0.047563225,,0.33333334
2026-02-12,3,0,0,0,0.39285713,3.0,12.0,0.0,-10757.143,-3578.5715,-352.38095,5139.2856,6348.5713,287147.0,292784.28,295544.16,298281.16,296297.9,-0.0359397,-0.01601566,-0.005291767,0.014693944,0.017217902,64.0,106.0,150.0,0.0,0.03312406,,0.0
2026-02-12,4,0,0,1,0.39285713,3.0,12.0,0.0,7342.857,7985.7144,7719.048,7646.4287,5751.4287,284834.84,298531.66,296349.8,298296.72,295187.53,0.018500043,0.023847127,0.023676142,0.024511052,0.017069532,44.0,77.0,117.0,0.048780486,0.0377796,,0.0
2026-02-12,5,0,0,0,0.39285713,3.0,12.0,0.0,-3828.5715,-10814.286,-2295.238,2678.5715,4225.7144,286687.28,294679.16,294762.38,298751.53,296587.75,-0.0012916928,-0.02819621,0.0034239998,0.015550165,0.021317517,48.0,105.0,139.0,0.024390243,0.03521127,,0.0
2026-02-12,6,0,0,0,0.39285713,3.0,12.0,0.0,15885.714,12228.571,14809.523,10921.429,10831.429,281619.44,290338.66,292309.06,295155.28,294496.62,0.04842434,0.038226433,0.04370607,0.033068374,0.032560196,42.0,73.0,103.0,0.07317073,0.033639003,,0.0
2026-02-12,7,0,0,0,0.39285713,3.0,12.0,0.0,12314.286,12264.286,11057.143,11978.571,10654.286,291351.0,294553.34,296699.1,300429.28,298135.94,0.040179964,0.035668995,0.029650673,0.03452185,0.030920178,43.0,77.0,123.0,0.17073171,0.052751012,,0.0
2026-02-12,8,0,0,0,0.39285713,3.0,12.0,0.0,31942.857,12714.286,13390.477,12789.286,8182.857,287549.28,299701.0,301257.9,303889.47,299913.5,0.1146087,0.04927629,0.0512796,0.045246903,0.027939627,22.0,70.0,110.0,0.09756097,0.045774646,,0.0
2026-02-12,9,0,0,0,0.39285713,3.0,12.0,0.0,11142.857,11671.429,8690.477,10664.286,8654.286,304402.84,307266.28,304012.2,305732.6,302546.0,0.04073673,0.04540008,0.03155907,0.035042882,0.028787265,41.0,76.0,128.0,0.07317073,0.03547945,,0.0
2026-02-12,ã‚¾ãƒ­ç›®,0,1,1,0.39285713,3.0,12.0,0.0,11385.714,6028.5713,4038.0952,3982.1428,4757.143,290713.44,294768.94,296512.1,299471.72,298909.03,0.030428141,0.014025482,0.010235486,0.011672958,0.0158897,42.0,83.0,136.0,0.12195122,0.038751386,,0.0
2026-02-13,0,0,0,0,0.42857143,4.0,13.0,0.0,12114.286,8342.857,9109.523,11050.0,9997.143,290229.56,304450.06,301165.28,305237.75,304678.2,0.04602618,0.030246532,0.03116838,0.036377758,0.033424903,39.0,76.0,113.0,0.1,0.036321186,,0.0
2026-02-13,1,0,0,0,0.42857143,4.0,13.0,0.0,26785.715,15250.0,10828.571,12064.286,11637.143,315742.44,322427.44,321224.9,324504.94,322642.1,0.07442693,0.043406505,0.029712837,0.035577767,0.034504358,35.0,72.0,123.0,0.075,0.046272263,,0.0
2026-02-13,2,0,0,0,0.42857143,4.0,13.0,0.0,15857.143,2600.0,4100.0,7842.857,8982.857,297344.16,300337.44,299182.06,302995.8,301415.22,0.051718023,0.009920285,0.013057478,0.025386505,0.030125437,40.0,97.0,141.0,0.075,0.047563225,,0.0
2026-02-13,3,0,0,0,0.42857143,4.0,13.0,0.0,-10271.429,-2978.5715,-2433.3333,3610.7144,6417.143,281854.44,291056.28,292941.75,297634.4,296457.25,-0.03571919,-0.014064714,-0.013915499,0.0077991323,0.017614432,65.0,106.0,158.0,0.075,0.03312406,,0.33333334
2026-02-13,4,1,1,1,0.42857143,4.0,13.0,0.0,11471.429,9564.286,8047.619,7021.4287,6340.0,281928.84,297614.94,292530.47,296504.94,294672.1,0.039684504,0.032097694,0.026969124,0.023071233,0.020194024,41.0,79.0,117.0,0.125,0.0377796,,0.0
2026-02-13,5,0,1,1,0.42857143,4.0,13.0,0.0,-6871.4287,-12050.0,-3157.1428,2857.1428,3268.5715,280918.84,291680.44,291495.62,297883.9,295381.06,-0.015095151,-0.033927873,-0.0004482922,0.016095547,0.017158283,52.0,110.0,141.0,0.1,0.03521127,,0.6666667
2026-02-13,6,0,0,0,0.42857143,4.0,13.0,0.0,20657.143,11857.143,14457.143,12100.0,11211.429,280087.44,286128.44,288889.38,293994.8,293976.84,0.07099989,0.038172048,0.04348171,0.0384141,0.034448527,39.0,77.0,105.0,0.175,0.033639003,,0.0
2026-02-13,7,0,1,1,0.42857143,4.0,13.0,0.0,11728.571,13242.857,11380.952,10000.0,10148.571,287620.44,294148.06,292498.16,298529.22,297184.03,0.037521604,0.04045681,0.030735893,0.026636945,0.028725842,45.0,77.0,123.0,0.075,0.052751012,,0.0
2026-02-13,8,0,0,1,0.42857143,4.0,13.0,0.0,30400.0,14092.857,13366.667,12971.429,8160.0,277807.84,297282.44,296644.28,302785.25,299277.03,0.11149179,0.055970777,0.05234028,0.046392683,0.028046748,27.0,71.0,111.0,0.075,0.045774646,,0.0
2026-02-13,9,0,0,0,0.42857143,4.0,13.0,0.0,9657.143,11642.857,9400.0,10746.429,9428.571,304712.84,306627.84,302012.53,306029.9,302048.9,0.03395479,0.04534234,0.034423728,0.035393603,0.03206656,45.0,80.0,126.0,0.1,0.03547945,,0.0
2026-02-13,ã‚¾ãƒ­ç›®,0,0,1,0.42857143,4.0,13.0,0.0,19357.143,9157.143,6319.048,4342.857,6097.143,292278.44,294108.0,294028.75,299689.3,298984.88,0.06607797,0.027607681,0.019661428,0.01315465,0.021782687,34.0,79.0,128.0,0.025,0.038751386,,0.0
2026-02-14,0,0,0,0,0.4642857,5.0,14.0,0.0,8085.7144,7157.143,8133.3335,10175.0,9665.714,291399.84,297840.78,300852.94,299981.97,304604.5,0.029439583,0.0258446,0.02727164,0.03353348,0.03208698,45.0,77.0,117.0,0.075,0.036321186,,0.0
2026-02-14,1,0,0,0,0.4642857,5.0,14.0,0.0,21585.715,12885.714,10628.571,10100.0,11200.0,322032.72,316532.5,322800.62,319927.97,324046.8,0.05414965,0.03635274,0.029185256,0.03039282,0.032916386,43.0,76.0,125.0,0.075,0.046272263,,0.0
2026-02-14,2,0,0,1,0.4642857,5.0,14.0,0.0,15100.0,3950.0,4076.1904,6642.857,8182.857,298440.0,294837.0,298789.47,298622.9,301462.25,0.04847482,0.014597255,0.0130191995,0.022600073,0.026936246,42.0,93.0,143.0,0.175,0.047563225,,0.0
2026-02-14,3,0,0,0,0.4642857,5.0,14.0,0.0,-7928.5713,-7750.0,-533.3333,1717.8572,6240.0,284921.16,284251.5,293375.2,291984.0,296512.34,-0.02555469,-0.027750665,-0.0060343407,0.003259552,0.016898137,63.0,112.0,154.0,0.1,0.03312406,,0.0
2026-02-14,4,0,0,0,0.4642857,5.0,14.0,0.0,19314.285,9900.0,8519.048,6607.143,6631.4287,288264.44,290487.44,294043.8,291621.22,295634.97,0.072008036,0.034716956,0.028387265,0.0231171,0.021067549,32.0,73.0,116.0,0.075,0.0377796,,0.33333334
2026-02-14,5,0,1,1,0.4642857,5.0,14.0,0.0,-8100.0,-8464.286,-3228.5715,2189.2856,4042.8572,278122.28,284113.16,290010.8,291723.53,294940.25,-0.018821318,-0.021101905,-0.00014711246,0.015995823,0.020446347,53.0,101.0,142.0,0.075,0.03521127,,0.0
2026-02-14,6,1,1,1,0.4642857,5.0,14.0,0.0,17028.572,8207.143,13347.619,12246.429,10248.571,281621.28,280908.44,289921.56,289256.1,293737.03,0.055776563,0.025702914,0.03874117,0.038088985,0.030570216,45.0,86.0,113.0,0.075,0.033639003,,0.33333334
2026-02-14,7,0,1,1,0.4642857,5.0,14.0,0.0,14371.429,12678.571,12023.81,10000.0,10400.0,290778.44,289815.44,293136.0,293456.7,298405.97,0.047463965,0.03950244,0.033101328,0.027345136,0.029524406,40.0,75.0,120.0,0.125,0.052751012,,0.33333334
2026-02-14,8,0,0,1,0.4642857,5.0,14.0,0.0,31271.428,15535.714,14100.0,11478.571,9562.857,280102.16,290541.84,296912.8,296303.47,300098.06,0.11485232,0.06144913,0.05543984,0.04368926,0.03455056,26.0,67.0,109.0,0.125,0.045774646,,0.0
2026-02-14,9,0,0,0,0.4642857,5.0,14.0,0.0,14414.286,9507.143,10119.048,9857.143,9214.286,304342.56,297345.5,302098.16,300127.78,301344.84,0.054162953,0.039543975,0.037534136,0.03321091,0.031243838,42.0,84.0,124.0,0.075,0.03547945,,0.0
2026-02-14,ã‚¾ãƒ­ç›®,0,0,0,0.4642857,5.0,14.0,0.0,21657.143,7664.2856,7447.619,5953.5713,6420.0,290839.72,288163.28,293861.34,294131.3,298054.06,0.07549633,0.024080988,0.024279853,0.017999625,0.023149215,31.0,80.0,123.0,0.025,0.038751386,,0.0
2026-02-15,0,0,0,0,0.5,6.0,15.0,0.0,11514.286,8100.0,7623.8096,10721.429,9674.286,287391.72,298919.22,300915.56,298562.72,304428.62,0.03816461,0.028412271,0.025901113,0.034922093,0.03211868,41.0,80.0,119.0,0.075,0.036321186,,0.0
2026-02-15,1,0,0,0,0.5,6.0,15.0,0.0,13442.857,12214.286,10404.762,9525.0,10300.0,320188.16,316164.0,322237.8,317570.8,324327.8,0.033920545,0.03462354,0.028560655,0.028871596,0.03061542,49.0,82.0,124.0,0.125,0.046272263,,0.0
2026-02-15,2,0,1,1,0.5,6.0,15.0,0.0,14214.286,8628.571,3061.9048,6110.7144,6517.143,294033.84,296636.34,298968.84,297359.7,301185.44,0.046652086,0.027625075,0.01030867,0.021413442,0.022684095,40.0,86.0,145.0,0.05,0.047563225,,0.0
2026-02-15,3,0,0,1,0.5,6.0,15.0,0.0,-8414.286,-7200.0,-1628.5714,2125.0,4894.2856,277869.72,282345.22,291977.0,289351.0,296713.94,-0.027364843,-0.02642213,-0.009102587,0.0040389197,0.012899273,64.0,115.0,157.0,0.05,0.03312406,,0.0
2026-02-15,4,0,0,0,0.5,6.0,15.0,0.0,10428.571,12150.0,7433.3335,7207.143,5945.7144,283819.84,289868.72,294583.06,290118.16,296164.78,0.049244203,0.04077596,0.025304675,0.024560504,0.019086078,39.0,72.0,121.0,0.075,0.0377796,,0.33333334
2026-02-15,5,0,1,1,0.5,6.0,15.0,0.0,1557.1428,-3078.5715,-1952.381,1775.0,5402.857,277131.16,283830.22,289275.47,289840.5,296447.66,0.0070456523,-0.006615261,0.003313481,0.015348819,0.024385886,45.0,94.0,136.0,0.1,0.03521127,,0.33333334
2026-02-15,6,0,0,1,0.5,6.0,15.0,0.0,19700.0,13850.0,13028.571,13928.571,10320.0,281163.0,282135.66,289880.16,287726.22,295526.25,0.06290794,0.04084164,0.037916467,0.042532887,0.030075809,41.0,79.0,113.0,0.075,0.033639003,,0.0
2026-02-15,7,0,0,0,0.5,6.0,15.0,0.0,13657.143,14500.0,13071.429,10396.429,11325.714,284335.44,289531.34,292916.44,292098.84,299418.25,0.047128808,0.044503592,0.035986472,0.02862938,0.032055944,39.0,76.0,115.0,0.075,0.052751012,,0.0
2026-02-15,8,1,1,1,0.5,6.0,15.0,0.0,25614.285,17792.857,13738.096,11682.143,9674.286,276981.56,291145.06,296964.44,294346.84,300704.5,0.10075028,0.06757581,0.054468907,0.044254147,0.034831326,29.0,65.0,109.0,0.075,0.045774646,,0.0
2026-02-15,9,0,0,0,0.5,6.0,15.0,0.0,15471.429,10485.714,9895.238,8053.5713,9105.714,295778.84,295317.84,301668.25,297422.53,301525.5,0.056535594,0.04203983,0.036914032,0.028997373,0.030938555,40.0,86.0,123.0,0.075,0.03547945,,0.0
2026-02-15,ã‚¾ãƒ­ç›®,0,0,0,0.5,6.0,15.0,0.0,15271.429,4350.0,6009.524,4057.1428,5125.7144,286143.28,287177.94,293666.62,292421.84,298506.56,0.057693645,0.014843684,0.020242764,0.012813199,0.019528175,35.0,89.0,124.0,0.225,0.038751386,,0.33333334
2026-02-16,0,1,1,1,0.53571427,0.0,16.0,0.0,5685.7144,6707.143,6752.381,8217.857,9614.286,290415.44,295979.72,299896.66,298271.94,302488.4,0.0196706,0.024549253,0.023391958,0.027574891,0.031880654,44.0,84.0,122.0,0.09756097,0.036321186,,0.0
2026-02-16,1,0,0,0,0.53571427,0.0,16.0,0.0,7171.4287,11014.286,9623.81,9278.571,9317.143,319282.72,312438.72,320007.06,317075.9,321767.1,0.015559747,0.031104736,0.026262151,0.028105527,0.028038936,53.0,86.0,128.0,0.14634146,0.046272263,,0.0
2026-02-16,2,0,0,1,0.53571427,0.0,16.0,0.0,9471.429,9628.571,4723.8096,6739.2856,7625.7144,296786.72,294555.16,297680.34,297572.94,299325.72,0.031851217,0.030458294,0.014874524,0.023248687,0.025518022,39.0,79.0,136.0,0.12195122,0.047563225,,0.0
2026-02-16,3,0,0,0,0.53571427,0.0,16.0,0.0,-6942.857,-7178.5713,-1228.5714,1817.8572,3420.0,277423.0,279961.16,289879.66,289286.03,294860.8,-0.022782838,-0.026406012,-0.008034193,0.0030752826,0.009010025,59.0,112.0,152.0,0.048780486,0.03312406,,0.0
2026-02-16,4,0,0,1,0.53571427,0.0,16.0,0.0,10700.0,9271.429,6485.7144,8514.286,5148.5713,277830.16,283118.0,291224.34,289019.66,293160.7,0.04968865,0.032896996,0.02247203,0.02858142,0.016903233,37.0,78.0,124.0,0.14634146,0.0377796,,0.0
2026-02-16,5,0,0,0,0.53571427,0.0,16.0,0.0,7771.4287,1478.5714,-3771.4285,2521.4285,5494.2856,280600.0,282045.56,289173.84,289563.25,295146.9,0.026824264,0.0061849635,-0.0020857486,0.017549915,0.024707492,37.0,86.0,138.0,0.09756097,0.03521127,,0.0
2026-02-16,6,0,0,0,0.53571427,0.0,16.0,0.0,12314.286,11385.714,11638.096,14378.571,9217.143,280514.72,276248.66,287346.66,286194.6,292676.53,0.037796915,0.03413773,0.033823416,0.043862008,0.027206149,43.0,81.0,115.0,0.0,0.033639003,,0.0
2026-02-16,7,0,0,0,0.53571427,0.0,16.0,0.0,10971.429,11885.714,12909.523,9982.143,10251.429,282225.84,284543.84,291476.66,290954.94,296959.97,0.038682166,0.037333727,0.035427447,0.027347252,0.029211367,38.0,79.0,114.0,0.09756097,0.052751012,,0.33333334
2026-02-16,8,0,1,1,0.53571427,0.0,16.0,0.0,21914.285,18678.572,14533.333,12096.429,10422.857,279648.44,287969.84,295674.1,294467.0,299043.12,0.08878592,0.07016496,0.056774907,0.045493748,0.03686473,26.0,59.0,101.0,0.14634146,0.045774646,,0.6666667
2026-02-16,9,0,0,0,0.53571427,0.0,16.0,0.0,13485.714,10514.286,8366.667,7460.7144,8754.286,293385.44,292095.56,299664.9,296832.53,299680.78,0.050262403,0.04176921,0.032410063,0.02713782,0.029821837,41.0,85.0,129.0,0.07317073,0.03547945,,0.0
2026-02-16,ã‚¾ãƒ­ç›®,0,1,1,0.53571427,0.0,16.0,0.0,2357.1428,1528.5714,4676.1904,3321.4285,4517.143,284875.0,284057.22,290911.44,291563.4,295858.72,0.016358802,0.005819228,0.015758285,0.010305416,0.017277641,45.0,95.0,127.0,0.024390243,0.038751386,,0.0
2026-02-17,0,1,1,1,0.5714286,1.0,17.0,0.0,9100.0,7735.7144,7495.2383,9260.714,10251.429,289843.0,288262.0,299098.06,297514.66,299709.16,0.035862245,0.031072384,0.027122166,0.03249786,0.035174936,40.0,81.0,118.0,0.12195122,0.036321186,,0.0
2026-02-17,1,0,0,0,0.5714286,1.0,17.0,0.0,7942.857,10042.857,9819.048,7925.0,8962.857,316946.84,305085.34,319344.8,316399.84,318080.47,0.01829397,0.026754437,0.02694388,0.022203587,0.02640599,51.0,88.0,127.0,0.024390243,0.046272263,,0.0
2026-02-17,2,0,0,1,0.5714286,1.0,17.0,0.0,11271.429,10042.857,4666.6665,5989.2856,7917.143,294749.84,285246.5,295207.16,296851.53,296181.84,0.04046742,0.032960333,0.015092101,0.020071426,0.026897604,35.0,79.0,134.0,0.07317073,0.047563225,,0.0
2026-02-17,3,0,0,0,0.5714286,1.0,17.0,0.0,-9442.857,-9514.286,-2728.5715,1242.8572,2931.4285,271886.0,269945.84,287677.0,288106.3,291414.3,-0.036229596,-0.03645042,-0.015389434,-5.8269612e-05,0.006361379,62.0,120.0,159.0,0.07317073,0.03312406,,0.0
2026-02-17,4,0,0,1,0.5714286,1.0,17.0,0.0,10328.571,10600.0,6642.857,8925.0,5905.7144,282815.28,279257.22,291974.34,288551.2,291038.97,0.04605158,0.038492218,0.022966009,0.030398998,0.019862842,38.0,74.0,122.0,0.07317073,0.0377796,,0.0
2026-02-17,5,0,0,0,0.5714286,1.0,17.0,0.0,6614.2856,-950.0,-6214.2856,1646.4286,5331.4287,276083.72,271919.72,288048.06,288099.75,291062.38,0.021821033,-0.0008598258,-0.013273647,0.013865988,0.024299229,39.0,90.0,142.0,0.09756097,0.03521127,,0.0
2026-02-17,6,0,0,0,0.5714286,1.0,17.0,0.0,11985.714,10242.857,12042.857,13635.714,9131.429,280287.0,269786.66,286292.9,285872.44,290156.3,0.036135405,0.028788822,0.035286214,0.040296793,0.026329728,43.0,85.0,114.0,0.14634146,0.033639003,,0.0
2026-02-17,7,0,0,0,0.5714286,1.0,17.0,0.0,10457.143,6964.2856,12504.762,10407.143,10411.429,277097.56,275398.22,290032.9,288593.6,292768.5,0.036371708,0.021515304,0.033534322,0.029082427,0.029726485,39.0,85.0,113.0,0.07317073,0.052751012,,0.33333334
2026-02-17,8,0,0,0,0.5714286,1.0,17.0,0.0,16328.571,23242.857,12757.143,13846.429,10997.143,282142.44,280761.94,296893.2,295045.7,296776.34,0.0625663,0.08536051,0.04795422,0.05316072,0.03925691,28.0,51.0,103.0,0.12195122,0.045774646,,0.0
2026-02-17,9,0,1,1,0.5714286,1.0,17.0,0.0,5771.4287,11228.571,8004.7617,8553.571,8742.857,290840.44,284865.72,299257.28,295428.56,296769.78,0.01682087,0.043029185,0.030720824,0.031176444,0.029387929,47.0,83.0,128.0,0.09756097,0.03547945,,0.6666667
2026-02-17,ã‚¾ãƒ­ç›®,0,1,1,0.5714286,1.0,17.0,0.0,5028.5713,4042.8572,4700.0,5175.0,5197.143,287156.28,276448.28,290085.25,291041.78,292614.0,0.028687768,0.015940199,0.016205734,0.018608328,0.020306408,40.0,88.0,126.0,0.09756097,0.038751386,,0.0
2026-02-18,0,0,1,1,0.60714287,2.0,18.0,0.0,14671.429,10400.0,7938.095,10710.714,10760.0,300558.56,291338.72,296433.75,300054.53,301841.7,0.053855915,0.039401073,0.028942907,0.037202798,0.036377486,30.0,74.0,113.0,0.024390243,0.036321186,,0.0
2026-02-18,1,0,0,0,0.60714287,2.0,18.0,0.0,9728.571,10642.857,9433.333,7046.4287,9894.286,332849.28,312585.78,317751.75,319877.2,320950.34,0.023550496,0.028312756,0.026105234,0.018885719,0.029458929,47.0,90.0,126.0,0.19512194,0.046272263,,0.6666667
2026-02-18,2,0,0,0,0.60714287,2.0,18.0,0.0,14485.714,13557.143,4266.6665,6139.2856,8994.286,306234.72,291017.34,294578.44,299170.06,298627.0,0.049567163,0.044645973,0.014102831,0.020045942,0.0303699,30.0,73.0,133.0,0.12195122,0.047563225,,0.0
2026-02-18,3,0,0,1,0.60714287,2.0,18.0,0.0,-10600.0,-9550.0,-4542.857,-564.2857,2982.8572,285692.56,278205.0,287289.06,290331.25,293050.06,-0.04118537,-0.03682081,-0.020491373,-0.0064530536,0.0065047075,61.0,124.0,162.0,0.07317073,0.03312406,,0.0
2026-02-18,4,0,0,0,0.60714287,2.0,18.0,0.0,9471.429,9992.857,7347.619,9839.286,7414.2856,290594.56,283208.78,290723.8,293320.66,293408.78,0.04237531,0.03603423,0.024941215,0.034003783,0.02527769,37.0,77.0,117.0,0.07317073,0.0377796,,0.0
2026-02-18,5,0,0,0,0.60714287,2.0,18.0,0.0,3328.5715,285.7143,-4014.2856,757.1429,4948.5713,284238.44,278160.94,286018.72,290128.1,293079.4,0.010028613,0.004965031,-0.0073463004,0.0106639685,0.022938432,42.0,89.0,139.0,0.048780486,0.03521127,,0.0
2026-02-18,6,0,1,1,0.60714287,2.0,18.0,0.0,1842.8572,9185.714,8766.667,11996.429,9457.143,287056.72,276522.72,285609.94,288290.34,292024.0,0.0017791615,0.025685575,0.025772827,0.03455275,0.027871024,50.0,89.0,121.0,0.07317073,0.033639003,,0.0
2026-02-18,7,0,0,1,0.60714287,2.0,18.0,0.0,2428.5715,8114.2856,8276.19,9696.429,9971.429,289897.44,280410.84,286885.34,291616.0,294854.5,0.00790146,0.026661525,0.022880334,0.027004253,0.028537394,45.0,84.0,122.0,0.07317073,0.052751012,,0.0
2026-02-18,8,1,1,1,0.60714287,2.0,18.0,0.0,6400.0,21250.0,9033.333,12157.143,10725.714,292977.56,287334.06,296369.0,298738.7,299529.47,0.029330498,0.07972225,0.037430722,0.0475071,0.039101355,36.0,56.0,111.0,0.17073171,0.045774646,,0.0
2026-02-18,9,0,0,0,0.60714287,2.0,18.0,0.0,928.5714,9935.714,8585.714,8514.286,9454.286,293530.0,290883.78,297786.53,298537.06,299465.94,0.0013280459,0.036347955,0.032558896,0.030131834,0.031439014,49.0,85.0,122.0,0.09756097,0.03547945,,0.33333334
2026-02-18,ã‚¾ãƒ­ç›®,0,0,0,0.60714287,2.0,18.0,0.0,6828.5713,6392.857,5352.381,5532.143,4840.0,292134.0,281313.84,288566.9,292940.75,294403.72,0.033386968,0.023437822,0.018416176,0.019305883,0.018334122,35.0,83.0,120.0,0.048780486,0.038751386,,0.0
2026-02-19,0,0,0,0,0.64285713,3.0,19.0,0.0,19614.285,14271.429,11861.904,11828.571,11311.429,299063.84,295505.94,302137.06,302441.28,304487.8,0.068116084,0.050464477,0.042168926,0.039870534,0.036975775,29.0,71.0,104.0,0.12195122,0.036321186,,0.33333334
2026-02-19,1,0,0,0,0.64285713,3.0,19.0,0.0,-4671.4287,8671.429,5447.619,6028.5713,7154.2856,309325.44,309059.34,314267.8,316920.25,319045.94,-0.023301493,0.019006778,0.010776317,0.014009099,0.018956378,56.0,93.0,135.0,0.09756097,0.046272263,,0.33333334
2026-02-19,2,0,0,0,0.64285713,3.0,19.0,0.0,6457.143,11521.429,1585.7142,3967.8572,7505.7144,287736.0,291419.78,294163.38,296473.6,298884.6,0.015727663,0.035769664,0.0022620908,0.010898801,0.02374133,36.0,73.0,139.0,0.17073171,0.047563225,,0.33333334
2026-02-19,3,0,0,0,0.64285713,3.0,19.0,0.0,-4014.2856,-7385.7144,-3723.8096,-1267.8572,3308.5715,266535.44,276841.22,284034.66,288291.97,291932.0,-0.018165695,-0.027052697,-0.016732337,-0.008510249,0.008122016,54.0,118.0,160.0,0.0,0.03312406,,0.0
2026-02-19,4,0,1,1,0.64285713,3.0,19.0,0.0,8028.5713,7685.7144,8000.0,7796.4287,7722.857,271011.28,277923.06,289358.2,290015.2,292839.62,0.034461107,0.026480574,0.02738512,0.026372384,0.026501063,37.0,81.0,114.0,0.048780486,0.0377796,,0.0
2026-02-19,5,0,1,1,0.64285713,3.0,19.0,0.0,3971.4285,71.42857,-5885.7144,-728.5714,2937.1428,269776.44,278231.84,286378.25,288515.9,292956.5,0.009385818,0.0040470622,-0.015668867,0.004914454,0.0143172955,40.0,88.0,145.0,0.024390243,0.03521127,,0.0
2026-02-19,6,0,0,1,0.64285713,3.0,19.0,0.0,5300.0,10592.857,9919.048,12432.143,9797.143,267330.56,274475.0,282669.28,286064.44,289590.34,0.015852092,0.032138214,0.03076832,0.036742575,0.029625116,44.0,86.0,117.0,0.07317073,0.033639003,,0.0
2026-02-19,7,0,0,0,0.64285713,3.0,19.0,0.0,4857.143,8585.714,9795.238,9507.143,10554.286,268240.84,279795.94,285782.53,289584.53,293991.6,0.017800694,0.028990328,0.029712897,0.026688179,0.031177621,42.0,85.0,119.0,0.17073171,0.052751012,,0.0
2026-02-19,8,0,0,1,0.64285713,3.0,19.0,0.0,21514.285,26728.572,15647.619,15421.429,14534.286,301433.16,294491.22,300278.38,301301.72,303398.2,0.0685318,0.09157025,0.055694792,0.05559265,0.049903885,33.0,55.0,103.0,0.09756097,0.045774646,,0.0
2026-02-19,9,0,0,0,0.64285713,3.0,19.0,0.0,-1714.2858,4714.2856,7209.524,6089.2856,8188.5713,266358.16,285380.5,293630.25,294598.7,297857.72,-0.013822894,0.013456918,0.025659088,0.020213576,0.025269726,52.0,93.0,128.0,0.07317073,0.03547945,,0.0
2026-02-19,ã‚¾ãƒ­ç›®,1,1,1,0.64285713,3.0,19.0,0.0,3600.0,7492.857,5219.048,3928.5715,3905.7144,273868.84,282291.16,287802.25,290851.28,294351.16,0.025865225,0.028146682,0.017972063,0.01414292,0.014511411,39.0,81.0,122.0,0.12195122,0.038751386,,0.0
2026-02-20,0,0,0,0,0.6785714,4.0,20.0,0.0,11885.714,12000.0,9523.81,9803.571,11217.143,292657.72,291443.66,300519.28,299038.4,302721.75,0.0343645,0.04019534,0.031619187,0.03196741,0.035975106,38.0,77.0,114.0,0.1,0.036321186,,0.0
2026-02-20,1,0,0,0,0.6785714,4.0,20.0,0.0,-9500.0,8642.857,7000.0,5746.4287,7751.4287,296802.84,306272.66,313885.9,315119.4,318964.5,-0.034694035,0.019866446,0.017372992,0.013611119,0.021523405,61.0,96.0,133.0,0.075,0.046272263,,0.0
2026-02-20,2,0,0,0,0.6785714,4.0,20.0,0.0,5100.0,10478.571,3433.3333,4350.0,7294.2856,283177.28,290260.72,294617.38,295180.84,299032.12,0.012056516,0.03188727,0.010632362,0.012807237,0.022720506,39.0,79.0,136.0,0.075,0.047563225,,0.0
2026-02-20,3,0,0,0,0.6785714,4.0,20.0,0.0,1014.2857,-4628.5713,-1647.619,-1571.4286,3091.4285,269587.56,275721.0,283900.06,287103.22,292025.03,0.0045224475,-0.015598371,-0.007868994,-0.009306013,0.007143795,51.0,116.0,157.0,0.075,0.03312406,,0.33333334
2026-02-20,4,1,1,1,0.6785714,4.0,20.0,0.0,8714.286,10092.857,9280.952,8214.286,7360.0,273498.0,277713.44,289575.94,287772.34,291903.53,0.03591305,0.037798777,0.033369478,0.029205104,0.025639597,35.0,76.0,114.0,0.125,0.0377796,,0.33333334
2026-02-20,5,0,0,1,0.6785714,4.0,20.0,0.0,11100.0,2114.2856,-4333.3335,407.14285,4505.7144,272204.72,276561.78,285188.53,286672.9,292748.06,0.042069018,0.013486934,-0.0085955765,0.010181036,0.021290243,32.0,84.0,142.0,0.1,0.03521127,,0.33333334
2026-02-20,6,0,0,1,0.6785714,4.0,20.0,0.0,6085.7144,13371.429,9933.333,12364.286,10897.143,264267.44,272177.44,278841.44,282733.9,288049.34,0.021504937,0.04625241,0.032616343,0.03798752,0.03503227,43.0,82.0,120.0,0.175,0.033639003,,0.0
2026-02-20,7,0,1,1,0.6785714,4.0,20.0,0.0,5500.0,8614.286,10661.904,9910.714,9100.0,271779.44,279699.94,286691.84,287318.47,293179.25,0.020728443,0.029125024,0.03388069,0.028234031,0.025455246,42.0,87.0,119.0,0.075,0.052751012,,0.0
2026-02-20,8,0,0,0,0.6785714,4.0,20.0,0.0,22928.572,26664.285,17038.096,15757.143,14962.857,299181.28,288494.56,297915.38,297278.53,302064.47,0.07717339,0.09433259,0.06303831,0.05854856,0.052548826,30.0,57.0,101.0,0.075,0.045774646,,0.0
2026-02-20,9,0,0,0,0.6785714,4.0,20.0,0.0,-2685.7144,3485.7144,6866.6665,6378.5713,8060.0,266736.44,285724.66,293330.72,293193.5,298171.2,-0.018180879,0.007886957,0.024167936,0.021272577,0.024678707,54.0,99.0,134.0,0.1,0.03547945,,0.0
2026-02-20,ã‚¾ãƒ­ç›®,0,1,1,0.6785714,4.0,20.0,0.0,4200.0,11778.571,7504.7617,5789.2856,4314.2856,271061.84,281670.16,286425.94,288287.03,293963.84,0.030701319,0.048389643,0.028638894,0.022421401,0.016663983,37.0,71.0,116.0,0.025,0.038751386,,0.0
2026-02-21,0,1,1,1,0.71428573,5.0,21.0,0.0,13500.0,10792.857,9271.429,9475.0,10840.0,293138.28,292269.06,296273.28,298924.28,298613.22,0.040883612,0.035161596,0.030857604,0.030674633,0.035003506,36.0,81.0,113.0,0.075,0.036321186,,0.0
2026-02-21,1,0,0,1,0.71428573,5.0,21.0,0.0,-8614.286,6485.7144,5719.048,5817.857,6357.143,294846.44,308439.56,309303.8,315812.06,314911.66,-0.03175773,0.01119596,0.01364925,0.013949509,0.01796271,59.0,102.0,135.0,0.075,0.046272263,,0.0
2026-02-21,2,0,0,0,0.71428573,5.0,21.0,0.0,171.42857,7635.7144,2690.476,3100.0,5348.5713,281976.72,290208.34,290550.25,294586.28,295293.66,-0.007919691,0.020277563,0.007091606,0.007784477,0.01649612,44.0,86.0,137.0,0.175,0.047563225,,0.0
2026-02-21,3,0,0,0,0.71428573,5.0,21.0,0.0,-1500.0,-4714.2856,-5666.6665,-775.0,1074.2858,265745.84,275333.5,278082.94,286467.84,286736.38,-0.006633486,-0.016094089,-0.020711606,-0.0061841267,0.0012809443,53.0,116.0,165.0,0.1,0.03312406,,0.0
2026-02-21,4,0,0,0,0.71428573,5.0,21.0,0.0,9071.429,14192.857,9623.81,8657.143,7100.0,265581.72,276923.06,282185.53,286928.28,286413.3,0.04085663,0.05643233,0.036763515,0.031504605,0.026665006,35.0,67.0,108.0,0.075,0.0377796,,0.33333334
2026-02-21,5,0,0,0,0.71428573,5.0,21.0,0.0,9357.143,628.5714,-2523.8096,-82.14286,3622.8572,273940.84,276031.56,280722.38,285993.3,288167.0,0.03426111,0.0077198967,-0.0026475666,0.008454943,0.01964888,34.0,87.0,135.0,0.075,0.03521127,,0.0
2026-02-21,6,0,1,1,0.71428573,5.0,21.0,0.0,8800.0,12914.286,8404.762,12210.714,11557.143,261230.58,271425.94,274349.16,282748.8,283651.0,0.03294951,0.044363037,0.028118446,0.037293255,0.03706109,37.0,82.0,123.0,0.075,0.033639003,,0.33333334
2026-02-21,7,0,0,0,0.71428573,5.0,21.0,0.0,5714.2856,10042.857,10357.143,10446.429,9142.857,265839.16,278308.78,281823.34,286311.78,287933.16,0.023164917,0.03531444,0.034056596,0.030617224,0.026509093,42.0,82.0,117.0,0.125,0.052751012,,0.33333334
2026-02-21,8,0,1,1,0.71428573,5.0,21.0,0.0,18700.0,24985.715,16590.477,15250.0,12922.857,293061.44,286581.78,291381.72,295949.97,295655.06,0.057189867,0.08602109,0.060029376,0.055877347,0.046389382,35.0,61.0,102.0,0.125,0.045774646,,0.0
2026-02-21,9,0,0,0,0.71428573,5.0,21.0,0.0,-2657.1428,5878.5713,5452.381,6925.0,7354.2856,267561.56,285952.06,287417.53,293464.0,293614.53,-0.018073037,0.018044958,0.020338306,0.023632344,0.022954121,52.0,94.0,136.0,0.075,0.03547945,,0.0
2026-02-21,ã‚¾ãƒ­ç›®,0,0,1,0.71428573,5.0,21.0,0.0,5700.0,13678.571,7009.524,7010.7144,5902.857,266427.0,278633.34,280917.84,287002.75,288590.47,0.039096408,0.05729637,0.029086128,0.027983991,0.022218982,35.0,66.0,115.0,0.025,0.038751386,,0.0
2026-02-22,0,0,0,0,0.75,6.0,22.0,0.0,15157.143,13335.714,10452.381,9507.143,11608.571,287560.72,287476.22,295133.06,297576.84,296362.3,0.04616056,0.042162586,0.034328368,0.030965975,0.037169788,31.0,72.0,111.0,0.075,0.036321186,,0.0
2026-02-22,1,0,0,0,0.75,6.0,22.0,0.0,-5785.7144,3828.5715,6214.2856,6357.143,6462.857,285718.0,302953.06,306015.34,313107.84,311200.25,-0.024671242,0.004624652,0.014858612,0.0152526805,0.01816303,53.0,102.0,135.0,0.125,0.046272263,,0.0
2026-02-22,2,0,0,0,0.75,6.0,22.0,0.0,-5842.857,4185.7144,3804.762,835.7143,3720.0,275863.28,284948.56,289712.0,293192.47,293060.4,-0.025191166,0.01073046,0.010019661,0.0014337111,0.0120925205,50.0,90.0,136.0,0.05,0.047563225,,0.0
2026-02-22,3,0,1,1,0.75,6.0,22.0,0.0,-1442.8572,-4928.5713,-5280.952,-1582.1428,1411.4286,262278.44,270074.06,275656.28,284552.34,283936.5,-0.006798283,-0.017081562,-0.019880848,-0.008526511,0.0018714792,50.0,114.0,165.0,0.05,0.03312406,,0.0
2026-02-22,4,0,0,0,0.75,6.0,22.0,0.0,7114.2856,8771.429,10471.429,7353.5713,7188.5713,258170.58,270995.22,279302.66,285479.94,283728.62,0.03425746,0.041750833,0.038603123,0.02754287,0.026499895,35.0,74.0,107.0,0.075,0.0377796,,0.33333334
2026-02-22,5,0,1,1,0.75,6.0,22.0,0.0,-3142.8572,-792.8571,-3100.0,-2250.0,791.4286,266532.28,271831.72,278064.25,283589.7,285178.84,-0.0033687088,0.0018384716,-0.005533077,0.0016429337,0.011605313,42.0,87.0,136.0,0.1,0.03521127,,0.0
2026-02-22,6,0,0,1,0.75,6.0,22.0,0.0,2214.2856,10957.143,9971.429,10325.0,11585.714,254848.14,268005.56,273039.8,281122.16,281150.6,0.015715342,0.039311644,0.032466207,0.032366186,0.03716938,38.0,79.0,117.0,0.075,0.033639003,,0.0
2026-02-22,7,1,1,1,0.75,6.0,22.0,0.0,-2985.7144,5335.7144,8671.429,9057.143,7720.0,262367.72,273351.56,280476.8,285279.25,286152.62,-0.0014363725,0.022846218,0.02919027,0.026630761,0.02261623,49.0,88.0,125.0,0.075,0.052751012,,0.0
2026-02-22,8,0,0,0,0.75,6.0,22.0,0.0,17800.0,21707.143,17795.238,14753.571,12905.714,286691.56,281836.56,289660.56,294396.22,292815.8,0.054850873,0.07780058,0.06333417,0.0545644,0.04637349,33.0,62.0,98.0,0.075,0.045774646,,0.33333334
2026-02-22,9,0,0,0,0.75,6.0,22.0,0.0,-4014.2856,5728.5713,5652.381,6417.857,5640.0,264135.16,279957.0,284923.62,292284.97,290765.06,-0.022224918,0.017155338,0.020618247,0.022129295,0.018752914,52.0,92.0,138.0,0.075,0.03547945,,0.0
2026-02-22,ã‚¾ãƒ­ç›®,0,0,1,0.75,6.0,22.0,0.0,11457.143,13364.286,6719.048,7371.4287,5537.143,260706.28,273424.78,278354.06,285426.53,286078.75,0.055006105,0.056349874,0.028231157,0.0289336,0.02125178,29.0,64.0,118.0,0.225,0.038751386,,0.33333334
2026-02-23,0,0,0,0,0.78571427,0.0,23.0,0.0,22028.572,13857.143,11814.286,10571.429,10980.0,300032.28,295223.84,297330.56,299930.56,298624.0,0.06303899,0.041354794,0.037379164,0.033303715,0.03466771,29.0,73.0,113.0,0.09756097,0.036321186,,0.33333334
2026-02-23,1,1,1,1,0.78571427,0.0,23.0,0.0,-5314.2856,928.5714,5571.4287,5889.2856,6360.0,298684.44,308983.56,307853.94,314676.4,313397.6,-0.022179902,-0.0033100776,0.013343191,0.014151638,0.018048441,54.0,107.0,140.0,0.14634146,0.046272263,,0.0
2026-02-23,2,0,0,0,0.78571427,0.0,23.0,0.0,-1814.2858,3828.5715,5814.2856,3089.2856,5028.5713,288113.72,292450.22,292408.0,295288.7,295681.1,-0.016664919,0.0075931503,0.014750556,0.006989664,0.015265966,55.0,94.0,134.0,0.12195122,0.047563225,,0.0
2026-02-23,3,0,0,0,0.78571427,0.0,23.0,0.0,10714.286,1885.7142,-1214.2858,1757.1428,3597.1428,273086.84,275254.94,277669.72,285681.47,286046.2,0.024316404,0.00076678285,-0.00949854,5.345654e-05,0.0073235068,48.0,107.0,160.0,0.048780486,0.03312406,,0.0
2026-02-23,4,0,0,1,0.78571427,0.0,23.0,0.0,12371.429,11535.714,10304.762,7957.143,9285.714,274821.56,276325.84,280352.53,287123.66,286180.03,0.048085634,0.04888714,0.037959874,0.028875431,0.032482263,36.0,73.0,114.0,0.14634146,0.0377796,,0.0
2026-02-23,5,0,0,1,0.78571427,0.0,23.0,0.0,8714.286,8242.857,3890.476,-650.0,3760.0,277031.56,278815.78,280374.25,286138.28,287056.9,0.02509706,0.025960661,0.012488996,0.0047099534,0.019059343,41.0,78.0,127.0,0.09756097,0.03521127,,0.0
2026-02-23,6,0,0,0,0.78571427,0.0,23.0,0.0,13385.714,12850.0,12052.381,12075.0,14180.0,272315.0,276414.84,274937.44,283588.75,283418.7,0.04305089,0.0404239,0.037108783,0.036130283,0.043699786,38.0,81.0,119.0,0.0,0.033639003,,0.0
2026-02-23,7,0,0,0,0.78571427,0.0,23.0,0.0,10842.857,10907.143,11538.096,12392.857,10154.286,276836.16,279531.0,281974.62,287816.53,288131.16,0.033025604,0.035853885,0.035897687,0.034826986,0.028482921,44.0,82.0,123.0,0.09756097,0.052751012,,0.33333334
2026-02-23,8,0,1,1,0.78571427,0.0,23.0,0.0,19971.428,20942.857,19109.523,15892.857,13671.429,297202.28,288425.34,291047.34,296056.16,295014.06,0.059393022,0.07408947,0.06657431,0.057429437,0.048273604,41.0,67.0,100.0,0.14634146,0.045774646,,0.33333334
2026-02-23,9,0,1,1,0.78571427,0.0,23.0,0.0,-1871.4286,5807.143,6385.7144,5807.143,5594.2856,276787.72,285086.56,286992.94,293945.6,292823.56,-0.015684858,0.017288772,0.022617854,0.020386333,0.018573284,53.0,94.0,138.0,0.07317073,0.03547945,,0.0
2026-02-23,ã‚¾ãƒ­ç›®,0,0,0,0.78571427,0.0,23.0,0.0,25828.572,14092.857,9628.571,9964.286,7822.857,275169.84,280022.44,281094.75,286976.03,288284.7,0.094106585,0.055232693,0.035248347,0.03534536,0.02706565,23.0,68.0,118.0,0.024390243,0.038751386,,0.0
2026-02-24,0,0,0,0,0.8214286,1.0,24.0,0.0,15171.429,12135.714,10214.286,9414.286,10442.857,314998.16,302420.56,297174.06,303073.06,301011.34,0.034892876,0.035377562,0.03234588,0.029064843,0.032976862,35.0,75.0,116.0,0.12195122,0.036321186,,0.33333334
2026-02-24,1,0,0,0,0.8214286,1.0,24.0,0.0,-2957.1428,2492.8572,5709.524,6625.0,5748.5713,313785.84,315366.34,307985.53,317955.06,315877.06,-0.012199963,0.0030470032,0.013769636,0.017157918,0.015322876,46.0,97.0,134.0,0.024390243,0.046272263,,0.0
2026-02-24,2,0,0,1,0.8214286,1.0,24.0,0.0,-5000.0,3135.7144,5028.5713,2250.0,3791.4285,305850.28,300300.06,292114.44,297867.94,298651.28,-0.028791403,0.0058380063,0.012376422,0.0041212244,0.01029886,56.0,91.0,135.0,0.07317073,0.047563225,,0.0
2026-02-24,3,0,0,1,0.8214286,1.0,24.0,0.0,8685.714,-378.57144,-3447.6191,125.0,2731.4285,290639.72,281262.84,276843.8,288417.7,288613.0,0.023071488,-0.006579054,-0.016609784,-0.0057742037,0.004567682,47.0,109.0,167.0,0.07317073,0.03312406,,0.0
2026-02-24,4,0,0,0,0.8214286,1.0,24.0,0.0,8942.857,9635.714,10047.619,7217.857,8928.571,287520.28,285167.78,282011.56,290860.8,288345.0,0.034638125,0.040344853,0.03720752,0.025884038,0.031246824,37.0,75.0,111.0,0.07317073,0.0377796,,0.0
2026-02-24,5,0,0,0,0.8214286,1.0,24.0,0.0,7657.143,7135.7144,1919.0476,-2746.4285,2848.5715,295874.0,285978.84,279904.47,290004.53,289654.6,0.021496715,0.021658873,0.0065923547,-0.0045810565,0.015392134,39.0,78.0,129.0,0.09756097,0.03521127,,0.0
2026-02-24,6,1,1,1,0.8214286,1.0,24.0,0.0,12471.429,12228.571,10985.714,12150.0,13402.857,284674.84,282480.94,274749.38,285888.4,285632.9,0.042803492,0.03946945,0.03346038,0.037165534,0.040798135,36.0,79.0,121.0,0.14634146,0.033639003,,0.0
2026-02-24,7,0,1,1,0.8214286,1.0,24.0,0.0,5057.143,7757.143,6328.5713,10642.857,9337.143,292282.16,284689.84,281026.2,290595.22,289331.3,0.012952907,0.024662307,0.018661171,0.028388968,0.025856523,48.0,87.0,133.0,0.07317073,0.052751012,,0.0
2026-02-24,8,0,1,1,0.8214286,1.0,24.0,0.0,17371.428,16850.0,21285.715,13910.714,14551.429,304240.28,293191.34,288588.06,298729.97,296884.6,0.04834786,0.055457078,0.07302296,0.048052628,0.05219815,41.0,69.0,92.0,0.12195122,0.045774646,,0.0
2026-02-24,9,0,0,0,0.8214286,1.0,24.0,0.0,-128.57143,2821.4285,7442.857,5971.4287,6817.143,292134.56,291487.5,287288.66,297476.6,294769.78,-0.008236844,0.0042920127,0.02594051,0.020981407,0.023293786,47.0,94.0,130.0,0.09756097,0.03547945,,0.6666667
2026-02-24,ã‚¾ãƒ­ç›®,0,0,0,0.8214286,1.0,24.0,0.0,19600.0,12314.286,9228.571,8425.0,8060.0,285383.84,286270.06,279426.8,288909.9,289910.2,0.06888845,0.048788108,0.033589613,0.029376412,0.028664352,30.0,70.0,118.0,0.09756097,0.038751386,,0.0
2026-02-25,0,0,1,1,0.85714287,2.0,25.0,0.0,7014.2856,10842.857,9271.429,7707.143,9971.429,302275.28,301416.94,294984.25,297894.16,300498.7,0.00580408,0.029829998,0.028202076,0.0231582,0.030923055,44.0,74.0,118.0,0.024390243,0.036321186,,0.0
2026-02-25,1,0,0,0,0.85714287,2.0,25.0,0.0,-3742.8572,2992.8572,5847.619,6139.2856,4888.5713,296255.84,314552.56,307142.47,312377.78,315152.9,-0.01373729,0.0049066027,0.014296074,0.016144603,0.012361117,48.0,95.0,138.0,0.19512194,0.046272263,,0.33333334
2026-02-25,2,0,0,0,0.85714287,2.0,25.0,0.0,-6528.5713,3978.5715,6861.905,1567.8572,3605.7144,292644.0,299439.34,291559.56,294094.8,297864.84,-0.031268265,0.009149448,0.019341227,0.0027600564,0.0097831,57.0,87.0,130.0,0.12195122,0.047563225,,0.0
2026-02-25,3,0,0,0,0.85714287,2.0,25.0,0.0,10700.0,50.0,-2800.0,-732.1429,1688.5714,274171.28,279931.94,276860.44,284009.6,287099.25,0.032194316,-0.0044955285,-0.013815768,-0.0073199505,0.00127642,44.0,105.0,168.0,0.07317073,0.03312406,,0.0
2026-02-25,4,1,1,1,0.85714287,2.0,25.0,0.0,6342.857,7907.143,8776.19,7096.4287,9140.0,267424.0,279009.28,277947.2,284898.84,288141.3,0.024944453,0.03365988,0.032337636,0.024942026,0.032191917,41.0,78.0,118.0,0.07317073,0.0377796,,0.0
2026-02-25,5,0,1,1,0.85714287,2.0,25.0,0.0,10242.857,6785.7144,3604.762,-450.0,2654.2856,279950.56,282094.5,278757.47,284501.7,288092.6,0.032250397,0.021139504,0.014060153,0.002552874,0.014981254,37.0,79.0,126.0,0.048780486,0.03521127,,0.0
2026-02-25,6,0,0,0,0.85714287,2.0,25.0,0.0,18900.0,10371.429,12423.81,11300.0,13377.143,269917.44,278487.06,274320.94,281686.8,284615.78,0.06774156,0.03476036,0.039704237,0.036265012,0.04119051,28.0,78.0,117.0,0.07317073,0.033639003,,0.0
2026-02-25,7,0,0,0,0.85714287,2.0,25.0,0.0,11585.714,7007.143,9271.429,9103.571,10074.286,277487.72,283692.56,279436.47,284535.94,288790.34,0.036445223,0.022173341,0.029922757,0.026271557,0.028892446,40.0,85.0,124.0,0.07317073,0.052751012,,0.0
2026-02-25,8,0,0,1,0.85714287,2.0,25.0,0.0,24371.428,15385.714,22290.477,12867.857,14600.0,287569.72,290273.66,287412.62,294169.2,296504.88,0.07262546,0.05097798,0.07735665,0.046229407,0.052530773,33.0,69.0,89.0,0.17073171,0.045774646,,0.33333334
2026-02-25,9,0,0,0,0.85714287,2.0,25.0,0.0,-7428.5713,-3250.0,4147.619,4582.143,5325.7144,276533.0,285031.5,286100.2,292473.16,294136.25,-0.03440039,-0.01653617,0.012765175,0.015819075,0.017225388,55.0,104.0,140.0,0.09756097,0.03547945,,0.33333334
2026-02-25,ã‚¾ãƒ­ç›®,0,0,1,0.85714287,2.0,25.0,0.0,16057.143,11442.857,9614.286,8028.5713,7637.143,270971.0,281552.5,277866.25,284167.94,288546.8,0.05873355,0.04606026,0.035203062,0.028495518,0.027191415,35.0,70.0,118.0,0.048780486,0.038751386,,0.0
2026-02-26,0,0,0,1,0.89285713,3.0,26.0,0.0,9557.143,14585.714,12700.0,11285.714,11374.286,300396.16,299730.0,297136.0,301701.8,302032.25,0.014142708,0.0411294,0.03835722,0.03516237,0.03472497,44.0,73.0,115.0,0.12195122,0.036321186,,0.0
2026-02-26,1,0,0,0,0.89285713,3.0,26.0,0.0,-2414.2856,-3542.8572,4976.1904,3482.1428,4340.0,301430.56,305378.0,306516.44,311058.5,313822.3,-0.005415931,-0.014358712,0.010865875,0.0067282547,0.010124093,47.0,103.0,140.0,0.09756097,0.046272263,,0.33333334
2026-02-26,2,1,1,1,0.89285713,3.0,26.0,0.0,-6028.5713,214.28572,5671.4287,-317.85715,1968.5714,293997.44,290866.72,292279.0,294121.9,295978.38,-0.027898822,-0.00608558,0.014546835,-0.0052781375,0.0031392758,57.0,93.0,130.0,0.17073171,0.047563225,,0.33333334
2026-02-26,3,0,0,1,0.89285713,3.0,26.0,0.0,5642.857,814.2857,-3042.8572,-1382.1428,114.28571,272790.16,269662.78,275490.84,281223.53,285191.6,0.007776033,-0.005194831,-0.01544312,-0.010605245,-0.0052529927,48.0,102.0,166.0,0.0,0.03312406,,0.0
2026-02-26,4,0,1,1,0.89285713,3.0,26.0,0.0,21600.0,14814.286,12323.81,11400.0,10557.143,288658.28,279834.78,281501.47,289183.22,289743.8,0.07221589,0.0533385,0.04172568,0.038592815,0.035541087,35.0,72.0,116.0,0.048780486,0.0377796,,0.0
2026-02-26,5,0,0,0,0.89285713,3.0,26.0,0.0,14485.714,9228.571,4876.1904,-792.8571,2314.2856,280330.72,275053.56,278931.47,284866.34,286878.84,0.050594643,0.029990232,0.019562922,0.0008970108,0.014050492,32.0,72.0,120.0,0.024390243,0.03521127,,0.0
2026-02-26,6,0,0,0,0.89285713,3.0,26.0,0.0,14371.429,9835.714,11852.381,11032.143,12820.0,269800.44,268565.5,272916.8,279452.06,282811.62,0.046475485,0.03116379,0.036917306,0.03469511,0.03868916,31.0,75.0,117.0,0.07317073,0.033639003,,0.0
2026-02-26,7,0,0,0,0.89285713,3.0,26.0,0.0,7728.5713,6292.857,8300.0,9278.571,9151.429,279810.16,274025.5,279800.66,284289.44,287629.66,0.018672166,0.01823643,0.025550941,0.026952714,0.025084976,42.0,84.0,127.0,0.17073171,0.052751012,,0.0
2026-02-26,8,0,0,0,0.89285713,3.0,26.0,0.0,7128.5713,14321.429,20195.238,13517.857,13762.857,271563.0,286498.06,286848.47,293099.53,295353.97,0.02628013,0.047405966,0.069806874,0.048341125,0.049730144,37.0,70.0,92.0,0.09756097,0.045774646,,0.0
2026-02-26,9,0,0,0,0.89285713,3.0,26.0,0.0,-8685.714,-5200.0,247.61905,3235.7144,3134.2856,279814.56,273086.34,283525.2,290176.3,291641.84,-0.03892701,-0.026374953,-0.0040043914,0.009512563,0.008385459,56.0,108.0,149.0,0.07317073,0.03547945,,0.0
2026-02-26,ã‚¾ãƒ­ç›®,0,1,1,0.89285713,3.0,26.0,0.0,16614.285,10107.143,10533.333,8067.857,6465.7144,275588.72,274728.78,280057.0,284748.84,287798.78,0.06035316,0.04310919,0.038882174,0.028567336,0.023384968,33.0,72.0,114.0,0.12195122,0.038751386,,0.33333334
2026-02-27,0,0,0,0,0.9285714,4.0,27.0,0.0,13028.571,12457.143,12342.857,10400.0,10448.571,301422.56,297040.16,294769.94,300745.1,299515.22,0.0311758,0.03277015,0.037188828,0.03150834,0.031809088,38.0,76.0,115.0,0.1,0.036321186,,0.0
2026-02-27,1,0,0,0,0.9285714,4.0,27.0,0.0,-5714.2856,-7607.143,3857.1428,3821.4285,3454.2856,302697.84,299750.34,305081.06,311088.9,312635.1,-0.019566888,-0.027130462,0.0067220014,0.008138021,0.0069755176,47.0,108.0,143.0,0.075,0.046272263,,0.0
2026-02-27,2,0,0,0,0.9285714,4.0,27.0,0.0,514.2857,2807.1428,7157.143,2703.5715,3582.8572,300458.84,291818.06,293660.1,296077.75,296236.47,-0.0058804303,0.0030880426,0.019298036,0.0065041636,0.0090697035,51.0,90.0,130.0,0.075,0.047563225,,0.0
2026-02-27,3,0,0,1,0.9285714,4.0,27.0,0.0,4257.143,2635.7144,-1666.6666,-171.42857,-405.7143,274754.0,272170.78,275398.66,281613.53,284633.38,0.0015338716,0.0030281595,-0.009887623,-0.0055182776,-0.0071380357,44.0,95.0,160.0,0.075,0.03312406,,0.0
2026-02-27,4,1,1,1,0.9285714,4.0,27.0,0.0,19671.428,14192.857,13285.714,11878.571,10505.714,290957.16,282227.56,282128.0,289921.25,288409.3,0.06216351,0.04903828,0.045920353,0.040567987,0.035796788,35.0,70.0,111.0,0.125,0.0377796,,0.6666667
2026-02-27,5,0,0,0,0.9285714,4.0,27.0,0.0,7300.0,9200.0,3842.8572,-1425.0,1785.7142,275436.44,273820.56,276186.66,282750.5,284425.6,0.01680625,0.029437635,0.014593373,-0.0022451195,0.011506079,41.0,73.0,125.0,0.1,0.03521127,,0.33333334
2026-02-27,6,0,1,1,0.9285714,4.0,27.0,0.0,10528.571,8307.143,12423.81,10082.143,11997.143,277045.72,270656.56,273800.2,278392.5,281596.25,0.026345108,0.023925023,0.039616644,0.031048534,0.035659038,33.0,76.0,115.0,0.175,0.033639003,,0.0
2026-02-27,7,0,0,0,0.9285714,4.0,27.0,0.0,5642.857,5571.4287,7623.8096,9407.143,9057.143,280670.44,276224.94,280023.44,285186.5,285988.84,0.0095086135,0.015118528,0.02258622,0.027787669,0.024488946,43.0,85.0,130.0,0.075,0.052751012,,0.0
2026-02-27,8,0,0,1,0.9285714,4.0,27.0,0.0,2771.4285,12850.0,18700.0,13471.429,13160.0,274001.0,286591.16,283663.38,291936.78,292623.03,0.0028388614,0.040006127,0.06383468,0.047988452,0.047406618,41.0,71.0,98.0,0.075,0.045774646,,0.0
2026-02-27,9,0,1,1,0.9285714,4.0,27.0,0.0,-9428.571,-6057.143,-819.0476,2792.8572,3217.1428,279057.56,272897.0,283502.28,289762.44,290366.3,-0.042331558,-0.03025622,-0.008852548,0.0075430623,0.008551749,55.0,109.0,154.0,0.1,0.03547945,,0.0
2026-02-27,ã‚¾ãƒ­ç›®,0,0,0,0.9285714,4.0,27.0,0.0,19014.285,11607.143,14190.477,10382.143,8434.286,279005.16,275033.5,280781.8,284570.75,286430.66,0.068042286,0.0493718,0.054940525,0.03848974,0.03154558,34.0,71.0,105.0,0.025,0.038751386,,0.0
2026-02-28,0,0,0,0,0.96428573,5.0,28.0,0.0,8114.2856,10807.143,9900.0,8982.143,9202.857,316995.72,305067.0,300511.28,301453.9,302538.56,0.01759833,0.02924097,0.029307174,0.027542785,0.028059373,41.0,77.0,122.0,0.075,0.036321186,,0.33333334
2026-02-28,1,0,0,0,0.96428573,5.0,28.0,0.0,-4671.4287,-6642.857,2766.6667,3121.4285,3720.0,318444.72,306645.56,311774.62,311589.03,316338.6,-0.015983138,-0.023870435,0.0021362607,0.006241153,0.007962979,45.0,104.0,147.0,0.075,0.046272263,,0.0
2026-02-28,2,0,0,0,0.96428573,5.0,28.0,0.0,-814.2857,-321.42856,4819.048,1814.2858,2317.1428,318651.56,300314.16,299689.44,297575.56,299399.34,-0.004333402,-0.0061265468,0.012073909,0.0042353543,0.005360901,51.0,95.0,137.0,0.175,0.047563225,,0.0
2026-02-28,3,0,0,0,0.96428573,5.0,28.0,0.0,7757.143,3128.5715,-557.1429,-2310.7144,931.4286,295678.84,280712.34,282115.28,282481.94,288310.06,0.015025169,0.004195841,-0.005721003,-0.011777412,-0.0019422679,39.0,92.0,155.0,0.1,0.03312406,,0.0
2026-02-28,4,0,0,0,0.96428573,5.0,28.0,0.0,20085.715,14578.571,16157.143,12239.286,10942.857,311118.44,288350.06,288321.53,289418.75,291766.3,0.056336097,0.048596364,0.056400254,0.041656658,0.036470905,35.0,70.0,102.0,0.075,0.0377796,,0.33333334
2026-02-28,5,0,0,1,0.96428573,5.0,28.0,0.0,3728.5715,6542.857,1661.9048,-960.7143,680.0,293737.56,283839.22,281933.56,283976.2,287542.16,0.004947254,0.019604182,0.0067956825,-0.0007488616,0.0077534057,46.0,80.0,133.0,0.075,0.03521127,,0.0
2026-02-28,6,0,0,1,0.96428573,5.0,28.0,0.0,11414.286,10107.143,12414.286,9157.143,12051.429,292960.0,277095.28,278603.94,279001.84,284791.06,0.027883694,0.030416602,0.03886992,0.028059758,0.035411343,31.0,68.0,113.0,0.075,0.033639003,,0.33333334
2026-02-28,7,1,1,1,0.96428573,5.0,28.0,0.0,2657.1428,4185.7144,7580.952,8432.143,8888.571,300310.0,283074.56,285642.53,286445.0,289111.44,-0.002663118,0.010250899,0.022655254,0.024876667,0.023961155,47.0,89.0,129.0,0.125,0.052751012,,0.0
2026-02-28,8,0,0,0,0.96428573,5.0,28.0,0.0,5828.5713,12264.286,18600.0,13900.0,13365.714,294787.56,293924.5,289317.06,292233.2,295717.5,0.016980028,0.03708495,0.06300741,0.04926704,0.048097882,36.0,71.0,97.0,0.125,0.045774646,,0.0
2026-02-28,9,0,1,1,0.96428573,5.0,28.0,0.0,-5785.7144,-4221.4287,1990.4762,2642.8572,4382.857,297418.84,282490.22,289774.34,289917.84,294254.97,-0.032619998,-0.025346518,0.0011566392,0.00709873,0.012381876,51.0,103.0,145.0,0.075,0.03547945,,0.0
2026-02-28,ã‚¾ãƒ­ç›®,0,1,1,0.96428573,5.0,28.0,0.0,14814.286,10257.143,14057.143,8960.714,8571.429,299190.72,282808.84,285485.8,285486.06,289440.34,0.049424756,0.044260584,0.0546725,0.034170784,0.032272145,40.0,75.0,106.0,0.025,0.038751386,,0.0
2026-03-01,0,0,0,0,0.0,6.0,1.0,0.0,8442.857,11800.0,11704.762,9950.0,9294.286,324695.0,306127.84,299882.47,302523.53,303000.5,0.017320137,0.03174035,0.03388177,0.03007631,0.028236806,48.0,79.0,120.0,0.075,0.036321186,,0.0
2026-03-01,1,1,1,1,0.0,6.0,1.0,0.0,-614.2857,-3200.0,2347.6191,4507.143,4962.857,329689.0,307703.5,311865.06,311933.75,316424.1,-0.0059706536,-0.015320948,0.0010928836,0.009651296,0.011008013,48.0,101.0,150.0,0.125,0.046272263,,0.0
2026-03-01,2,0,0,0,0.0,6.0,1.0,0.0,5900.0,28.571428,4757.143,4328.5713,1848.5714,327032.16,301447.72,298976.44,299042.03,299960.4,0.014528407,-0.0053313794,0.011996442,0.011146847,0.00405265,50.0,100.0,140.0,0.05,0.047563225,,0.0
2026-03-01,3,0,1,1,0.0,6.0,1.0,0.0,7357.143,2957.1428,-833.3333,-2121.4285,205.71428,303234.84,282756.66,281127.66,282550.94,288288.84,0.014613238,0.0039074775,-0.006516629,-0.011257326,-0.0038985608,44.0,94.0,158.0,0.05,0.03312406,,0.0
2026-03-01,4,0,0,1,0.0,6.0,1.0,0.0,24471.428,15792.857,14004.762,13971.429,10777.143,320985.0,289577.78,287658.47,289723.25,292580.94,0.06942372,0.05184059,0.05097513,0.04630827,0.03591904,37.0,72.0,111.0,0.075,0.0377796,,0.0
2026-03-01,5,0,0,0,0.0,6.0,1.0,0.0,21771.428,9314.286,6728.5713,3117.8572,2554.2856,303448.0,284990.16,282370.47,284410.2,287561.34,0.056511577,0.026571434,0.02006284,0.009978087,0.012616662,39.0,81.0,126.0,0.1,0.03521127,,0.0
2026-03-01,6,0,0,0,0.0,6.0,1.0,0.0,18057.143,10135.714,13323.81,11992.857,11871.429,299436.72,277142.44,278482.62,279639.03,284785.06,0.04523652,0.030475933,0.041286603,0.035658784,0.034940254,34.0,72.0,113.0,0.075,0.033639003,,0.0
2026-03-01,7,0,0,0,0.0,6.0,1.0,0.0,18071.428,7542.857,9580.952,11021.429,10860.0,308917.44,285642.56,285206.84,287586.97,290006.88,0.037525397,0.018044513,0.027739277,0.03127405,0.028809689,39.0,88.0,127.0,0.075,0.052751012,,0.33333334
2026-03-01,8,0,1,1,0.0,6.0,1.0,0.0,11271.429,14535.714,18228.572,16164.286,14057.143,305037.0,295864.28,289570.06,293504.7,296524.38,0.030425373,0.042638123,0.062008843,0.05510697,0.049736593,39.0,72.0,101.0,0.075,0.045774646,,0.33333334
2026-03-01,9,0,0,0,0.0,6.0,1.0,0.0,6000.0,992.8571,5819.048,5739.2856,6334.2856,306553.16,285344.16,288822.38,290331.0,295138.6,-0.0021056717,-0.012165295,0.010735001,0.014937268,0.017282302,47.0,99.0,139.0,0.075,0.03547945,,0.0
2026-03-01,ã‚¾ãƒ­ç›®,0,0,1,0.0,6.0,1.0,0.0,25614.285,18535.715,17447.62,11442.857,11020.0,308488.72,284597.5,285112.75,285887.72,290038.97,0.07787832,0.066442214,0.06352602,0.040642947,0.03872254,37.0,66.0,101.0,0.225,0.038751386,,0.33333334
2026-03-02,0,0,0,1,0.032258064,0.0,2.0,0.0,4742.857,13385.714,10819.048,10046.429,9405.714,319965.44,309998.84,303471.06,302989.28,303937.53,0.008991045,0.03601502,0.030566879,0.030282134,0.028441181,49.0,78.0,122.0,0.09756097,0.036321186,,0.33333334
2026-03-02,1,0,0,0,0.032258064,0.0,2.0,0.0,8571.429,1628.5714,3476.1904,6321.4287,6425.7144,329147.44,313915.94,315704.84,313177.3,317570.6,0.015633585,-0.0032731588,0.0030044764,0.013915789,0.014448027,38.0,92.0,145.0,0.14634146,0.046272263,,0.33333334
2026-03-02,2,0,1,1,0.032258064,0.0,2.0,0.0,-757.1429,-1285.7142,2300.0,4171.4287,2320.0,319615.44,303864.56,301505.28,299209.84,300154.03,-0.0013041077,-0.008984514,0.0046273973,0.01073689,0.0053309095,54.0,109.0,148.0,0.12195122,0.047563225,,0.0
2026-03-02,3,0,0,0,0.032258064,0.0,2.0,0.0,985.7143,5850.0,1585.7142,-664.2857,1602.8572,298332.28,285709.56,282947.38,282835.34,288211.62,-0.00026287185,0.012026766,0.0004235646,-0.0071896235,-9.809136e-06,43.0,91.0,150.0,0.048780486,0.03312406,,0.0
2026-03-02,4,0,0,1,0.032258064,0.0,2.0,0.0,24771.428,18571.428,15947.619,13921.429,11320.0,317058.28,295939.94,289903.34,289528.97,293110.56,0.07100815,0.059546895,0.056260813,0.046221945,0.037301976,33.0,69.0,106.0,0.14634146,0.0377796,,0.0
2026-03-02,5,0,0,0,0.032258064,0.0,2.0,0.0,8142.857,8428.571,8209.523,4953.5713,1108.5714,296353.84,286692.72,284661.8,284369.16,288181.4,0.022875331,0.023986194,0.024932219,0.015085579,0.008343029,47.0,88.0,125.0,0.09756097,0.03521127,,0.0
2026-03-02,6,0,1,1,0.032258064,0.0,2.0,0.0,8814.286,11100.0,11504.762,11242.857,11422.857,292740.28,282527.66,281856.66,279388.16,285419.06,0.023335857,0.033193372,0.034727886,0.033665553,0.0335714,38.0,76.0,119.0,0.0,0.033639003,,0.0
2026-03-02,7,0,0,0,0.032258064,0.0,2.0,0.0,5628.5713,8235.714,9147.619,10060.714,11040.0,302637.84,289737.0,287233.28,287140.44,290780.8,0.007279951,0.020152777,0.02632924,0.028743254,0.02931758,47.0,91.0,129.0,0.09756097,0.052751012,,0.0
2026-03-02,8,1,1,1,0.032258064,0.0,2.0,0.0,12685.714,16328.571,18190.477,17503.572,15251.429,302422.84,299812.56,293091.2,293891.22,297329.5,0.034467965,0.046930492,0.0608823,0.058547728,0.05283714,33.0,74.0,100.0,0.14634146,0.045774646,,0.33333334
2026-03-02,9,0,0,0,0.032258064,0.0,2.0,0.0,8414.286,3271.4285,6676.1904,6892.857,6328.5713,305486.84,291137.28,291886.66,291616.44,296253.84,0.004012096,-0.0058363806,0.012863214,0.017966414,0.017111486,43.0,96.0,137.0,0.07317073,0.03547945,,0.0
2026-03-02,ã‚¾ãƒ­ç›®,0,0,0,0.032258064,0.0,2.0,0.0,19728.572,22778.572,15971.429,12153.571,11917.143,302902.56,289036.22,287649.16,286546.72,290161.34,0.064411476,0.07925903,0.05829229,0.04253913,0.041158583,37.0,60.0,105.0,0.024390243,0.038751386,,0.0
2026-03-03,0,0,0,0,0.06451613,1.0,3.0,0.0,9671.429,12421.429,11314.286,10078.571,9465.714,311332.56,313165.34,305391.25,300713.7,304724.97,0.026216367,0.030554622,0.03232383,0.030813504,0.02849515,46.0,81.0,121.0,0.12195122,0.036321186,,0.33333334
2026-03-03,1,0,0,0,0.06451613,1.0,3.0,0.0,4928.5713,985.7143,3304.762,5514.2856,6285.7144,322781.72,318283.78,317838.16,311684.56,318920.4,0.002825851,-0.0046870564,0.0029732857,0.01103369,0.014291505,47.0,93.0,144.0,0.024390243,0.046272263,,0.0
2026-03-03,2,0,0,0,0.06451613,1.0,3.0,0.0,4342.857,-328.57144,3538.0952,4857.143,2668.5715,309236.16,307543.22,303278.75,296394.84,300141.56,0.016962048,-0.0059146783,0.00954602,0.013522828,0.0066893892,51.0,107.0,142.0,0.07317073,0.047563225,,0.0
2026-03-03,3,1,1,1,0.06451613,1.0,3.0,0.0,5242.857,6964.2856,1495.238,-1275.0,1148.5714,290275.56,290457.66,284267.1,280201.75,288789.25,0.0133456,0.018208545,6.249734e-05,-0.009120938,-0.001950243,40.0,87.0,149.0,0.07317073,0.03312406,,0.0
2026-03-03,4,0,0,1,0.06451613,1.0,3.0,0.0,27457.143,18200.0,15576.19,14400.0,11265.714,304249.72,295885.0,291528.44,287571.1,293538.6,0.08125344,0.05794578,0.053981047,0.048219,0.03695792,33.0,70.0,108.0,0.07317073,0.0377796,,0.0
2026-03-03,5,0,1,1,0.06451613,1.0,3.0,0.0,5857.143,6757.143,6709.524,2903.5715,-1025.7142,284748.44,290311.22,285568.72,281115.47,288953.3,0.012634206,0.01706546,0.018650651,0.008102817,-0.0011380041,54.0,93.0,132.0,0.09756097,0.03521127,,0.0
2026-03-03,6,0,1,1,0.06451613,1.0,3.0,0.0,15685.714,14078.571,13380.952,12160.714,12857.143,286543.56,285609.22,283835.16,277697.94,286019.44,0.049230855,0.046017174,0.042723253,0.037403,0.039578598,32.0,68.0,111.0,0.14634146,0.033639003,,0.33333334
2026-03-03,7,0,0,0,0.06451613,1.0,3.0,0.0,11357.143,8207.143,8957.143,7585.7144,10785.714,300548.28,296415.22,289976.0,285906.72,292585.84,0.027038347,0.019995628,0.02545432,0.020755466,0.028118843,42.0,90.0,129.0,0.07317073,0.052751012,,0.0
2026-03-03,8,0,0,0,0.06451613,1.0,3.0,0.0,20214.285,18792.857,17971.428,21017.857,15171.429,294133.28,299186.78,293505.34,289974.34,297810.62,0.06743306,0.05789046,0.059449073,0.071625486,0.051928714,31.0,72.0,100.0,0.12195122,0.045774646,,0.0
2026-03-03,9,0,0,1,0.06451613,1.0,3.0,0.0,5800.0,2835.7144,3814.2856,7032.143,5937.143,296562.28,294348.44,293179.1,289607.06,297293.75,-0.0057036197,-0.006970232,0.00096013525,0.018029477,0.015644401,50.0,97.0,144.0,0.09756097,0.03547945,,0.33333334
2026-03-03,ã‚¾ãƒ­ç›®,0,0,0,0.06451613,1.0,3.0,0.0,21528.572,20564.285,15385.714,12303.571,11045.714,297474.0,291428.94,290004.72,283938.6,290622.72,0.069920935,0.06940469,0.055832382,0.042672444,0.037485316,36.0,66.0,106.0,0.09756097,0.038751386,,0.0
2026-03-04,0,0,0,1,0.09677419,2.0,4.0,0.0,8942.857,7978.5713,10209.523,9189.286,7954.2856,323820.16,313047.72,308884.66,302193.22,303079.34,0.028109802,0.01695694,0.029256599,0.028179007,0.02414852,47.0,91.0,121.0,0.024390243,0.036321186,,0.0
2026-03-04,1,1,1,1,0.09677419,2.0,4.0,0.0,4500.0,378.57144,3495.238,5510.7144,5811.4287,337094.72,316675.28,322066.62,314630.53,317321.16,0.0012071292,-0.0062650805,0.0036734447,0.011023838,0.013157108,48.0,96.0,143.0,0.19512194,0.046272263,,0.33333334
2026-03-04,2,0,0,0,0.09677419,2.0,4.0,0.0,4700.0,-914.2857,4219.048,6321.4287,2194.2856,316102.72,304373.34,304993.8,297695.34,298496.4,0.016996909,-0.0071356776,0.011765269,0.018755147,0.005607427,52.0,109.0,139.0,0.12195122,0.047563225,,0.0
2026-03-04,3,0,1,1,0.09677419,2.0,4.0,1.0,10557.143,10628.571,3552.3809,539.2857,1525.7142,309720.72,291946.0,289861.53,285075.5,289151.84,0.02409722,0.028145768,0.0050353874,-0.0043375213,-0.0010365164,37.0,81.0,142.0,0.07317073,0.03312406,,0.0
2026-03-04,4,0,0,1,0.09677419,2.0,4.0,0.0,32785.715,19564.285,16200.0,14778.571,12234.286,318603.84,293013.94,292207.47,288111.34,291639.84,0.10032523,0.06263484,0.055881664,0.049334534,0.040018667,29.0,70.0,107.0,0.07317073,0.0377796,,0.33333334
2026-03-04,5,0,0,0,0.09677419,2.0,4.0,0.0,9071.429,9657.143,7547.619,4971.4287,1454.2858,301331.72,290641.16,288506.9,284401.03,287867.7,0.019706048,0.025978222,0.020661686,0.015471627,0.0059835087,51.0,88.0,130.0,0.048780486,0.03521127,,0.0
2026-03-04,6,0,1,1,0.09677419,2.0,4.0,0.0,17928.572,18414.285,12890.477,13800.0,12625.714,299512.84,284715.16,285495.66,280618.94,285252.03,0.051056188,0.059398875,0.040192302,0.042542223,0.039223246,33.0,61.0,111.0,0.07317073,0.033639003,,0.0
2026-03-04,7,0,0,0,0.09677419,2.0,4.0,0.0,8028.5713,9807.143,7347.619,8960.714,8888.571,311495.72,294491.72,292960.28,287451.28,289927.88,0.012886273,0.024665749,0.019077651,0.025663637,0.0235945,48.0,88.0,133.0,0.07317073,0.052751012,,0.0
2026-03-04,8,0,0,0,0.09677419,2.0,4.0,0.0,19342.857,21857.143,16704.762,21553.572,14162.857,307383.84,297476.78,295977.06,292405.44,296812.12,0.06122907,0.06692727,0.05439501,0.073324755,0.04922934,35.0,68.0,104.0,0.17073171,0.045774646,,0.33333334
2026-03-04,9,0,0,0,0.09677419,2.0,4.0,0.0,13985.714,3278.5715,2495.238,6607.143,6462.857,309177.0,292855.0,293080.0,291869.4,295813.9,0.023881074,-0.0052596577,-0.0030637565,0.01554415,0.017431473,43.0,98.0,147.0,0.09756097,0.03547945,,0.0
2026-03-04,ã‚¾ãƒ­ç›®,0,0,0,0.09677419,2.0,4.0,0.0,18042.857,17050.0,13642.857,11721.429,10031.429,314966.56,292968.78,292690.53,287141.3,290327.66,0.058951754,0.05884265,0.050357424,0.041140236,0.034586765,39.0,74.0,109.0,0.048780486,0.038751386,,0.0
2026-03-05,0,0,1,1,0.12903225,3.0,5.0,0.0,-1228.5714,4164.2856,9314.286,9217.857,8782.857,308285.72,304340.94,302581.9,299923.44,303018.6,-0.0020604227,0.0060411426,0.026732791,0.02825281,0.027717814,50.0,94.0,123.0,0.12195122,0.036321186,,0.0
2026-03-05,1,0,0,0,0.12903225,3.0,5.0,0.0,16828.572,7207.143,3247.6191,7939.2856,6151.4287,354997.72,328214.16,321917.9,318636.75,319846.34,0.038001712,0.016292892,0.0030947633,0.017649835,0.012982947,40.0,87.0,143.0,0.09756097,0.046272263,,0.33333334
2026-03-05,2,1,1,1,0.12903225,3.0,5.0,0.0,10700.0,2335.7144,3709.524,6928.5713,1885.7142,312667.16,303332.28,298133.53,297376.03,297830.94,0.042359084,0.0072301296,0.0100626405,0.021499896,0.0042493064,47.0,104.0,140.0,0.17073171,0.047563225,,0.33333334
2026-03-05,3,0,0,0,0.12903225,3.0,5.0,2.0,15957.143,10800.0,5861.905,1707.1428,2085.7144,312408.0,292599.06,283911.2,284720.16,287460.44,0.049632095,0.028704064,0.013080811,0.00082568347,0.001442223,32.0,80.0,134.0,0.0,0.03312406,,0.0
2026-03-05,4,0,0,0,0.12903225,3.0,5.0,0.0,21214.285,21407.143,16947.62,14546.429,13362.857,301821.84,295240.06,287163.8,286581.56,291710.94,0.07002507,0.071120486,0.05890069,0.048800528,0.044879265,32.0,67.0,104.0,0.048780486,0.0377796,,0.0
2026-03-05,5,0,0,1,0.12903225,3.0,5.0,0.0,5542.857,10014.286,8000.0,5042.857,474.2857,293447.72,286889.22,281184.94,282560.53,286582.62,0.0028860949,0.02674037,0.020955518,0.015393716,0.0012948276,57.0,89.0,129.0,0.024390243,0.03521127,,0.0
2026-03-05,6,0,1,1,0.12903225,3.0,5.0,0.0,24371.428,19371.428,14680.952,14982.143,13700.0,325279.56,297540.0,287470.2,286007.5,288617.56,0.072268054,0.059371773,0.04486521,0.045754995,0.0422097,29.0,60.0,104.0,0.07317073,0.033639003,,0.0
2026-03-05,7,0,0,0,0.12903225,3.0,5.0,0.0,7042.857,7385.7144,6542.857,7985.7144,8831.429,311047.72,295428.94,286366.25,287612.44,289641.1,0.008272727,0.013472446,0.014915196,0.021231387,0.023216717,52.0,94.0,136.0,0.17073171,0.052751012,,0.0
2026-03-05,8,0,0,0,0.12903225,3.0,5.0,0.0,19400.0,13264.286,16014.286,19996.428,14694.286,303268.72,287415.84,292088.28,290953.53,295133.38,0.06110707,0.043693602,0.051973,0.06763192,0.050894316,38.0,75.0,108.0,0.09756097,0.045774646,,0.0
2026-03-05,9,0,0,1,0.12903225,3.0,5.0,0.0,17442.857,4378.5713,2347.6191,4546.4287,6077.143,313055.0,296434.78,286409.25,290907.66,294752.06,0.041487593,0.0012802917,-0.0037541033,0.0073686047,0.015907569,40.0,96.0,148.0,0.07317073,0.03547945,,0.0
2026-03-05,ã‚¾ãƒ­ç›®,0,0,0,0.12903225,3.0,5.0,0.0,14814.286,15714.286,11676.19,11603.571,9417.143,312799.28,294194.0,287418.94,288242.56,290358.94,0.046802834,0.053577997,0.044340406,0.04086234,0.032214437,45.0,78.0,117.0,0.12195122,0.038751386,,0.33333334
2026-03-06,0,0,0,0,0.16129032,4.0,6.0,0.0,1771.4286,7400.0,8895.238,9700.0,8674.286,309071.28,305246.94,301050.53,298345.28,302410.34,0.011802366,0.021489084,0.025780888,0.030842211,0.027567146,47.0,85.0,123.0,0.1,0.036321186,,0.0
2026-03-06,1,0,0,1,0.16129032,4.0,6.0,0.0,16214.286,5250.0,333.33334,6946.4287,6300.0,353739.16,328218.5,317746.62,317245.56,319618.94,0.035336364,0.007884737,-0.006308187,0.013875592,0.01357769,42.0,89.0,150.0,0.075,0.046272263,,0.0
2026-03-06,2,1,1,1,0.16129032,4.0,6.0,0.0,5814.2856,3164.2856,3809.524,6821.4287,3325.7144,303761.84,302110.34,295799.34,296185.53,297614.56,0.02936032,0.011739945,0.011845469,0.021813607,0.011075395,47.0,98.0,137.0,0.075,0.047563225,,0.0
2026-03-06,3,0,0,0,0.16129032,4.0,6.0,3.0,14028.571,9142.857,6433.3335,2257.1428,2668.5715,310704.28,292729.16,285015.28,284225.06,287431.7,0.041649774,0.021591824,0.015902031,0.0029967264,0.0039153327,35.0,79.0,130.0,0.075,0.03312406,,0.0
2026-03-06,4,0,1,1,0.16129032,4.0,6.0,0.0,16171.429,17921.428,14852.381,14007.143,12737.143,300003.56,295480.34,288152.9,286596.9,291937.72,0.047458116,0.054810815,0.048511557,0.046304796,0.041946013,38.0,73.0,108.0,0.125,0.0377796,,1.0
2026-03-06,5,0,0,0,0.16129032,4.0,6.0,0.0,9028.571,8164.2856,9142.857,5139.2856,665.7143,299567.28,287501.84,282402.8,282031.8,286113.84,0.01978616,0.018296205,0.026220476,0.015891569,0.0021611361,50.0,91.0,123.0,0.1,0.03521127,,0.0
2026-03-06,6,0,0,0,0.16129032,4.0,6.0,0.0,27985.715,19257.143,14866.667,16314.286,13662.857,320317.72,298681.72,287210.28,285429.56,286777.53,0.08984751,0.058096312,0.045899186,0.052174363,0.04280833,25.0,58.0,101.0,0.175,0.033639003,,0.0
2026-03-06,7,0,0,1,0.16129032,4.0,6.0,0.0,9314.286,7478.5713,6819.048,8046.4287,9388.571,310439.44,295554.94,287629.75,287627.44,290237.1,0.018242138,0.0138753755,0.016159732,0.0215002,0.025878564,48.0,91.0,133.0,0.075,0.052751012,,0.0
2026-03-06,8,0,0,0,0.16129032,4.0,6.0,0.0,17942.857,10357.143,14547.619,18510.715,14365.714,305826.84,289913.94,293003.06,289204.25,294714.8,0.054771725,0.028805293,0.044927992,0.061568942,0.049345106,40.0,81.0,111.0,0.075,0.045774646,,0.0
2026-03-06,9,0,1,1,0.16129032,4.0,6.0,0.0,19714.285,5142.857,2533.3333,4314.2856,6177.143,314355.16,296706.34,286716.38,291215.5,294680.97,0.051589403,0.0046289223,-0.0029743444,0.00625794,0.016352331,36.0,91.0,145.0,0.1,0.03547945,,0.0
2026-03-06,ã‚¾ãƒ­ç›®,0,0,0,0.16129032,4.0,6.0,0.0,3214.2856,11114.286,8809.523,11446.429,8948.571,312577.44,295791.28,287548.16,288730.72,290172.1,-0.003214782,0.03241375,0.03184294,0.040401697,0.030148838,54.0,88.0,125.0,0.025,0.038751386,,0.0
2026-03-07,0,0,0,1,0.19354838,5.0,7.0,0.0,7585.7144,7850.0,9733.333,9321.429,8702.857,289232.72,303114.22,299788.9,297691.66,299009.66,0.029416978,0.023507653,0.02929964,0.029334625,0.027917624,43.0,84.0,120.0,0.075,0.036321186,,0.33333334
2026-03-07,1,0,0,0,0.19354838,5.0,7.0,0.0,17100.0,6214.2856,1271.4286,6350.0,5917.143,330820.28,324632.5,314703.8,316536.03,315435.28,0.039697237,0.011857049,-0.0026812106,0.0115265045,0.0129323695,41.0,86.0,145.0,0.075,0.046272263,,0.0
2026-03-07,2,1,1,1,0.19354838,5.0,7.0,0.0,13942.857,6564.2856,4433.3335,7100.0,4240.0,286135.72,302393.66,295588.0,296301.0,295287.6,0.055407874,0.025537238,0.014384927,0.0229074,0.014469858,37.0,88.0,132.0,0.175,0.047563225,,0.0
2026-03-07,3,0,1,1,0.19354838,5.0,7.0,4.0,8885.714,8321.429,5047.619,1803.5714,-71.42857,284842.84,290260.84,282089.2,282797.2,282954.12,0.017577622,0.016301395,0.008656435,0.000103653096,-0.005906406,42.0,81.0,134.0,0.1,0.03312406,,0.0
2026-03-07,4,0,0,0,0.19354838,5.0,7.0,0.0,14500.0,17292.857,14552.381,15742.857,12691.429,282628.28,296873.34,286442.8,286898.22,288060.66,0.046436854,0.051386476,0.047876526,0.053909402,0.042612698,40.0,75.0,110.0,0.075,0.0377796,,0.0
2026-03-07,5,0,0,0,0.19354838,5.0,7.0,0.0,10157.143,6942.857,7747.619,3785.7144,1262.8572,276290.56,285014.06,281323.0,280522.8,282439.06,0.021181796,0.013064524,0.020130053,0.01039221,0.0036372698,49.0,95.0,129.0,0.075,0.03521127,,0.0
2026-03-07,6,0,0,1,0.19354838,5.0,7.0,0.0,24257.143,17835.715,14823.81,15375.0,12177.143,304424.28,298692.16,286204.94,285059.03,284086.34,0.075516514,0.0517001,0.045449905,0.04803157,0.03755111,32.0,63.0,100.0,0.075,0.033639003,,0.33333334
2026-03-07,7,0,0,0,0.19354838,5.0,7.0,0.0,11200.0,6928.5713,6523.8096,8485.714,8985.714,291089.0,295699.5,285746.06,287004.16,287373.8,0.025539871,0.011438376,0.015347223,0.023376409,0.025009308,45.0,92.0,134.0,0.125,0.052751012,,0.33333334
2026-03-07,8,0,1,1,0.19354838,5.0,7.0,0.0,17371.428,11600.0,13966.667,18292.857,14594.286,292497.84,293642.72,293448.94,290112.25,292286.12,0.053250276,0.035115153,0.04247339,0.06056812,0.050063685,42.0,78.0,113.0,0.125,0.045774646,,0.0
2026-03-07,9,0,0,0,0.19354838,5.0,7.0,0.0,18800.0,6507.143,3452.3809,6192.857,5874.2856,294839.28,296129.06,286606.56,291040.56,290902.16,0.05373275,0.010556376,0.0010132379,0.014300666,0.016425533,36.0,87.0,139.0,0.075,0.03547945,,0.0
2026-03-07,ã‚¾ãƒ­ç›®,0,0,0,0.19354838,5.0,7.0,0.0,2542.8572,8678.571,7685.7144,11178.571,7677.143,296708.28,297949.5,287442.0,288291.44,287730.5,-0.006922466,0.021251146,0.027199566,0.039273757,0.025952136,55.0,95.0,130.0,0.025,0.038751386,,0.0
2026-03-08,0,0,0,0,0.22580644,6.0,8.0,0.0,5785.7144,7114.2856,9795.238,10225.0,9117.143,289762.0,307228.5,300672.56,297352.34,299971.22,0.024757693,0.021038916,0.029412797,0.03160075,0.029012587,39.0,87.0,118.0,0.075,0.036321186,,0.0
2026-03-08,1,0,0,0,0.22580644,6.0,8.0,0.0,9800.0,4592.857,1133.3334,4210.7144,5565.7144,333102.56,331395.78,316169.84,317174.44,316167.5,0.022174645,0.008101996,-0.0028224168,0.006363324,0.012155966,42.0,90.0,143.0,0.125,0.046272263,,0.33333334
2026-03-08,2,0,0,0,0.22580644,6.0,8.0,0.0,13714.286,9807.143,4590.476,6996.4287,6205.7144,286922.56,306977.34,296606.0,295962.97,296618.16,0.05475575,0.03464208,0.014697664,0.022686271,0.019868629,29.0,79.0,129.0,0.05,0.047563225,,0.0
2026-03-08,3,0,0,1,0.22580644,6.0,8.0,5.0,12557.143,9957.143,6157.143,2514.2856,814.2857,290181.72,296708.28,285231.66,283391.2,284077.1,0.02704275,0.020827994,0.011619235,0.0018732159,-0.003597311,33.0,77.0,127.0,0.05,0.03312406,,0.0
2026-03-08,4,0,0,0,0.22580644,6.0,8.0,0.0,8514.286,16492.857,13366.667,12632.143,12880.0,288339.0,304662.0,289164.84,287828.6,289446.4,0.031678583,0.05055115,0.04511992,0.04615099,0.043382335,40.0,77.0,112.0,0.075,0.0377796,,0.0
2026-03-08,5,1,1,1,0.22580644,6.0,8.0,0.0,-2771.4285,9500.0,5285.7144,4353.5713,1940.0,277925.28,290686.66,282635.2,281259.2,283113.2,-0.012108565,0.022201506,0.013678102,0.012019989,0.005560756,54.0,93.0,135.0,0.1,0.03521127,,0.0
2026-03-08,6,0,0,0,0.22580644,6.0,8.0,0.0,18000.0,18028.572,12757.143,14492.857,13194.286,306099.0,302767.84,286794.62,285386.72,284931.03,0.059004903,0.05212071,0.03998559,0.045716178,0.040328007,32.0,66.0,104.0,0.075,0.033639003,,0.0
2026-03-08,7,0,0,0,0.22580644,6.0,8.0,0.0,-4742.857,6664.2856,3447.6191,6000.0,7868.5713,292112.44,300514.94,287799.2,286933.25,288492.06,-0.013992809,0.011766294,0.007365405,0.017306255,0.02222068,55.0,94.0,143.0,0.075,0.052751012,,0.33333334
2026-03-08,8,0,1,1,0.22580644,6.0,8.0,0.0,13485.714,12378.571,14185.714,17042.857,15628.571,292045.16,298541.06,294591.25,290188.8,293212.78,0.043619536,0.037022457,0.042965263,0.057411518,0.052809484,39.0,78.0,111.0,0.075,0.045774646,,0.33333334
2026-03-08,9,0,0,1,0.22580644,6.0,8.0,0.0,5742.857,5871.4287,2576.1904,5800.0,5740.0,297307.0,301930.06,289331.75,290943.53,291726.2,0.021184133,0.009539231,-0.0010488189,0.013347285,0.01618664,40.0,87.0,139.0,0.075,0.03547945,,0.0
2026-03-08,ã‚¾ãƒ­ç›®,0,1,1,0.22580644,6.0,8.0,0.0,-7828.5713,8892.857,9747.619,11128.571,7588.5713,298411.0,303449.84,289202.0,288437.3,288392.38,-0.03399317,0.021942573,0.03296375,0.039146222,0.025715724,59.0,96.0,125.0,0.225,0.038751386,,0.0
2026-03-09,0,0,0,0,0.2580645,0.0,9.0,0.0,2128.5715,3435.7144,9633.333,8646.429,8462.857,283631.16,301798.28,301209.62,298511.06,299117.66,0.014884462,0.011937753,0.028971499,0.026646273,0.0272026,40.0,89.0,118.0,0.09756097,0.036321186,,0.33333334
2026-03-09,1,0,0,1,0.2580645,0.0,9.0,0.0,757.1429,4664.2856,1338.0952,2796.4285,5208.5713,323356.16,326251.78,317062.66,317617.7,315213.1,0.00014872062,0.007891153,-0.0021325324,0.0022905376,0.011162375,50.0,88.0,142.0,0.14634146,0.046272263,,0.33333334
2026-03-09,2,0,0,1,0.2580645,0.0,9.0,0.0,15014.286,7128.5713,4147.619,5478.5713,6340.0,280122.28,299868.84,295950.47,296159.53,295392.34,0.058224287,0.02846009,0.01341842,0.01802662,0.020234369,24.0,78.0,133.0,0.12195122,0.047563225,,0.0
2026-03-09,3,0,0,0,0.2580645,0.0,9.0,6.0,7885.7144,4435.7144,6528.5713,3160.7144,1045.7142,284679.72,291506.0,285366.28,283380.47,283204.22,0.0142926285,0.0070148786,0.012782054,0.0038908308,-0.002893173,35.0,78.0,126.0,0.048780486,0.03312406,,0.0
2026-03-09,4,1,1,1,0.2580645,0.0,9.0,0.0,3085.7144,13928.571,13409.523,12732.143,11754.286,281336.72,299197.5,291072.2,287761.7,287890.5,0.017018966,0.04401356,0.045370918,0.04645035,0.04038135,43.0,76.0,112.0,0.14634146,0.0377796,,0.0
2026-03-09,5,0,0,0,0.2580645,0.0,9.0,0.0,13042.857,10592.857,9966.667,9417.857,6571.4287,277683.56,287018.72,283689.66,282917.25,283032.03,0.032245997,0.027560664,0.026739463,0.026760664,0.018517664,45.0,92.0,133.0,0.09756097,0.03521127,,0.0
2026-03-09,6,0,0,0,0.2580645,0.0,9.0,0.0,12600.0,10707.143,11600.0,11778.571,11514.286,296773.72,294757.0,287276.34,285585.94,282865.25,0.042017143,0.0326765,0.03613463,0.0365502,0.03533587,35.0,73.0,111.0,0.0,0.033639003,,0.0
2026-03-09,7,0,1,1,0.2580645,0.0,9.0,0.0,-7485.7144,-928.5714,2995.238,4989.2856,6551.4287,288998.84,295818.34,289490.94,287674.7,287512.12,-0.021882722,-0.007301385,0.006140945,0.01427625,0.018618058,56.0,103.0,147.0,0.09756097,0.052751012,,0.0
2026-03-09,8,0,0,0,0.2580645,0.0,9.0,0.0,12800.0,12742.857,15152.381,16842.857,16562.857,283826.72,293124.78,294483.94,290775.06,291878.3,0.04378861,0.03912829,0.045883197,0.056608878,0.055595905,38.0,71.0,112.0,0.14634146,0.045774646,,0.33333334
2026-03-09,9,0,1,1,0.2580645,0.0,9.0,0.0,3528.5715,5971.4287,3357.1428,5889.2856,6220.0,284581.16,295034.0,288951.9,290060.28,290209.38,0.016019488,0.010015792,0.0014489092,0.013652283,0.01757703,39.0,82.0,135.0,0.07317073,0.03547945,,0.0
2026-03-09,ã‚¾ãƒ­ç›®,0,0,0,0.2580645,0.0,9.0,0.0,-10114.286,4807.143,11814.286,9450.0,7700.0,292521.56,297712.06,290198.0,288867.25,287741.7,-0.03971429,0.012348593,0.03960126,0.033790644,0.026088446,57.0,94.0,117.0,0.024390243,0.038751386,,0.0
2026-03-10,0,0,0,0,0.29032257,1.0,10.0,0.0,-2757.1428,3457.1428,7361.905,7796.4287,7511.4287,274301.56,292817.06,300210.75,297618.8,295431.25,-0.0077704997,0.009222934,0.017779581,0.022300247,0.023096703,45.0,91.0,126.0,0.12195122,0.036321186,,0.33333334
2026-03-10,1,0,0,1,0.29032257,1.0,10.0,0.0,3514.2856,4221.4287,1828.5714,3357.1428,5114.2856,311728.16,317254.94,316098.56,316310.66,311693.28,0.009616199,0.0062210253,8.069554e-05,0.0046340143,0.010750192,44.0,91.0,137.0,0.024390243,0.046272263,,0.0
2026-03-10,2,0,0,0,0.29032257,1.0,10.0,0.0,11285.714,7814.2856,3542.8572,5475.0,6142.857,270796.44,290016.28,295294.28,295158.2,291275.16,0.043089572,0.03002581,0.010420072,0.017931908,0.019436177,26.0,77.0,133.0,0.07317073,0.047563225,,0.0
2026-03-10,3,0,1,1,0.29032257,1.0,10.0,7.0,4371.4287,4807.143,6100.0,2214.2856,-145.71428,274660.72,282468.16,285192.0,281865.5,279093.53,-0.0054014036,0.003972098,0.010338562,-0.0013034779,-0.008377031,38.0,78.0,125.0,0.07317073,0.03312406,,0.33333334
2026-03-10,4,0,0,0,0.29032257,1.0,10.0,0.0,5728.5713,16592.857,14042.857,13114.286,12665.714,274797.44,289523.56,288855.8,287345.7,285016.38,0.033018686,0.057136063,0.04963675,0.048740458,0.04517894,39.0,72.0,109.0,0.07317073,0.0377796,,0.0
2026-03-10,5,0,0,0,0.29032257,1.0,10.0,0.0,15242.857,10550.0,9585.714,8842.857,5371.4287,270037.72,277393.06,283553.38,281685.97,278899.9,0.04012409,0.026379148,0.02475167,0.02401901,0.014507072,41.0,95.0,134.0,0.09756097,0.03521127,,0.0
2026-03-10,6,0,0,0,0.29032257,1.0,10.0,0.0,8014.2856,11850.0,12057.143,12039.286,11331.429,288338.44,287441.0,286518.94,284960.97,279826.03,0.02278662,0.036008738,0.038273655,0.037739094,0.034479722,39.0,71.0,107.0,0.14634146,0.033639003,,0.33333334
2026-03-10,7,1,1,1,0.29032257,1.0,10.0,0.0,-6471.4287,2442.8572,3314.2856,5100.0,4774.2856,277111.72,288830.0,289980.72,286759.94,284147.72,-0.016602568,0.0052178893,0.007796229,0.014940098,0.013283859,53.0,95.0,143.0,0.07317073,0.052751012,,0.0
2026-03-10,8,0,0,0,0.29032257,1.0,10.0,0.0,3857.1428,12035.714,13814.286,14442.857,17585.715,279114.16,286623.72,292495.9,289907.53,287802.3,0.003926303,0.03567968,0.039902408,0.04556838,0.058085646,45.0,76.0,117.0,0.12195122,0.045774646,,0.0
2026-03-10,9,0,1,1,0.29032257,1.0,10.0,0.0,7457.143,6628.5713,4376.1904,4725.0,7117.143,279544.16,288053.22,289413.66,289770.34,287594.5,0.032088786,0.013192583,0.0060494407,0.008742298,0.020841338,32.0,82.0,129.0,0.09756097,0.03547945,,0.0
2026-03-10,ã‚¾ãƒ­ç›®,0,0,1,0.29032257,1.0,10.0,0.0,-13700.0,3914.2856,9142.857,8114.2856,7102.857,284410.44,290942.22,289089.44,288606.16,284032.97,-0.06018513,0.004867902,0.026208084,0.026828004,0.02210093,60.0,96.0,126.0,0.09756097,0.038751386,,0.0
2026-03-11,0,0,0,1,0.32258064,2.0,11.0,0.0,-1614.2858,3664.2856,4780.952,7253.5713,7028.5713,262496.44,293158.28,296197.28,297287.6,294253.84,-0.007658664,0.010225569,0.008751739,0.020027783,0.021011474,45.0,92.0,136.0,0.024390243,0.036321186,,0.0
2026-03-11,1,0,0,0,0.32258064,2.0,11.0,0.0,3385.7144,3942.8572,1380.9524,3467.8572,5085.7144,295097.72,316096.22,309482.75,315324.4,310723.97,0.009075118,0.0051411237,-0.0011516808,0.005023863,0.0106340945,39.0,87.0,135.0,0.19512194,0.046272263,,0.33333334
2026-03-11,2,0,0,0,0.32258064,2.0,11.0,0.0,8500.0,6600.0,2223.8096,5289.2856,6757.143,262295.72,289199.22,290347.47,294319.28,290615.44,0.033445787,0.025221348,0.0063914764,0.017185397,0.021693274,26.0,78.0,135.0,0.12195122,0.047563225,,0.0
2026-03-11,3,0,0,0,0.32258064,2.0,11.0,8.0,-2671.4285,3942.8572,6195.2383,1996.4286,-102.85714,253428.14,281574.44,279106.72,280753.2,278746.03,-0.023468459,0.00031438022,0.010941025,-0.0020905742,-0.008163709,39.0,76.0,120.0,0.07317073,0.03312406,,0.0
2026-03-11,4,0,1,1,0.32258064,2.0,11.0,0.0,0.0,16392.857,13042.857,12150.0,11822.857,261406.28,290005.06,282478.06,284507.2,282770.34,0.012260212,0.05629272,0.0458433,0.0449763,0.04191967,42.0,71.0,112.0,0.07317073,0.0377796,,0.33333334
2026-03-11,5,0,0,0,0.32258064,2.0,11.0,0.0,8357.143,8714.286,9223.81,7750.0,5648.5713,259982.86,280657.28,280421.72,281375.9,279517.4,0.0172993,0.018502675,0.023085248,0.019821089,0.01583716,48.0,99.0,136.0,0.048780486,0.03521127,,0.0
2026-03-11,6,0,0,0,0.32258064,2.0,11.0,0.0,600.0,9264.286,12476.19,9817.857,11160.0,274477.28,286995.06,281302.53,282741.06,279390.6,-0.00163194,0.024712123,0.03905527,0.029736241,0.03370739,44.0,77.0,105.0,0.07317073,0.033639003,,0.0
2026-03-11,7,0,0,1,0.32258064,2.0,11.0,0.0,-3414.2856,2307.1428,5400.0,4657.143,6485.7144,265518.72,288507.22,284834.06,286099.9,283064.78,-0.0032902511,0.0047980105,0.015347082,0.013485677,0.01987286,46.0,94.0,134.0,0.07317073,0.052751012,,0.0
2026-03-11,8,1,1,1,0.32258064,2.0,11.0,0.0,114.28571,9728.571,14609.523,12557.143,17265.715,266944.84,287164.34,287299.47,288719.0,287313.3,-0.009651895,0.025788588,0.04140088,0.038383283,0.05672943,47.0,82.0,115.0,0.17073171,0.045774646,,0.33333334
2026-03-11,9,0,1,1,0.32258064,2.0,11.0,0.0,3414.2856,8700.0,3323.8096,2725.0,5968.5713,268098.72,288637.84,284602.9,286834.7,287115.25,0.020064784,0.021972928,0.0031818228,0.0027183788,0.016448276,31.0,74.0,129.0,0.09756097,0.03547945,,0.0
2026-03-11,ã‚¾ãƒ­ç›®,0,0,0,0.32258064,2.0,11.0,0.0,-11057.143,3492.8572,7680.952,7467.857,7165.7144,273034.28,294000.44,286323.94,287776.47,284319.9,-0.052786298,0.003082727,0.021633001,0.024571493,0.022354929,55.0,94.0,129.0,0.048780486,0.038751386,,0.0
2026-03-12,0,0,0,1,0.3548387,3.0,12.0,0.0,3071.4285,921.4286,3800.0,7753.5713,7988.5713,274279.84,291282.78,294320.56,295506.4,294794.72,0.007453061,0.002696319,0.006511782,0.021912858,0.02409286,44.0,94.0,138.0,0.12195122,0.036321186,,0.0
2026-03-12,1,0,0,0,0.3548387,3.0,12.0,0.0,-5914.2856,5457.143,2833.3333,957.1429,5168.5713,285338.72,320168.22,313922.34,312773.1,311977.16,-0.015518104,0.011241805,0.0056892266,-0.0015584534,0.011016247,48.0,88.0,135.0,0.09756097,0.046272263,,0.0
2026-03-12,2,0,0,0,0.3548387,3.0,12.0,0.0,9528.571,10114.286,4733.3335,5164.2856,7448.5713,277092.84,294880.0,294585.8,292873.34,293319.4,0.03736724,0.03986316,0.017275833,0.01688879,0.024673365,28.0,75.0,132.0,0.17073171,0.047563225,,0.6666667
2026-03-12,3,0,1,1,0.3548387,3.0,12.0,9.0,-4214.2856,5871.4287,5795.2383,3342.8572,522.8571,267552.0,289980.0,284250.06,279821.4,281286.5,-0.03183475,0.008898672,0.008524459,0.0018519204,-0.0057064034,42.0,74.0,122.0,0.0,0.03312406,,0.0
2026-03-12,4,1,1,1,0.3548387,3.0,12.0,0.0,3314.2856,12264.286,15376.19,13539.286,12300.0,275785.56,288803.72,288755.25,284319.25,284422.38,0.019796705,0.04491089,0.054012556,0.049124695,0.042999763,40.0,72.0,107.0,0.048780486,0.0377796,,0.0
2026-03-12,5,0,0,0,0.3548387,3.0,12.0,0.0,7628.5713,6585.7144,9219.048,7907.143,5560.0,278128.28,285788.0,283968.9,280420.78,281674.1,0.017796874,0.010341484,0.023759205,0.020165857,0.015874347,50.0,107.0,139.0,0.024390243,0.03521127,,0.0
2026-03-12,6,0,1,1,0.3548387,3.0,12.0,0.0,-2900.0,10735.714,11947.619,10285.714,11405.714,258305.0,291792.28,284461.66,280178.9,280467.0,-0.009804231,0.031231912,0.036313105,0.031197852,0.034643147,49.0,78.0,109.0,0.07317073,0.033639003,,0.0
2026-03-12,7,0,0,0,0.3548387,3.0,12.0,0.0,1342.8572,4192.857,5371.4287,5242.857,6657.143,279153.84,295100.78,290003.9,284563.16,285920.72,0.01627249,0.0122726085,0.014405794,0.015254519,0.020239608,40.0,92.0,134.0,0.17073171,0.052751012,,0.0
2026-03-12,8,0,0,0,0.3548387,3.0,12.0,0.0,6757.143,13078.571,11095.238,13700.0,17348.572,276991.84,290130.28,283941.2,288314.2,288161.2,0.01257203,0.03683955,0.033319745,0.04212276,0.056619946,40.0,78.0,115.0,0.09756097,0.045774646,,0.0
2026-03-12,9,0,0,1,0.3548387,3.0,12.0,0.0,9085.714,13264.286,5947.619,4032.1428,5454.2856,279113.84,296084.44,290661.16,284585.4,288548.88,0.03928906,0.040388327,0.013949881,0.007006688,0.013752696,27.0,67.0,123.0,0.07317073,0.03547945,,0.0
2026-03-12,ã‚¾ãƒ­ç›®,0,0,0,0.3548387,3.0,12.0,0.0,-9885.714,2464.2856,7180.952,6285.7144,7305.7144,281938.72,297369.0,290108.9,286048.9,286981.8,-0.047779214,-0.00048819013,0.019792259,0.0213105,0.023134029,54.0,99.0,132.0,0.12195122,0.038751386,,0.33333334
2026-03-13,0,1,1,1,0.38709676,4.0,13.0,0.0,1071.4286,1421.4286,5290.476,6939.2856,7974.2856,272107.16,290589.22,294200.34,293814.7,293097.66,-0.0012483217,0.0052770223,0.013909948,0.019023586,0.024424104,47.0,94.0,132.0,0.1,0.036321186,,0.0
2026-03-13,1,0,0,0,0.38709676,4.0,13.0,0.0,-6185.7144,5014.2856,1438.0952,-1296.4286,4320.0,285605.56,319672.34,314014.2,309711.34,310917.56,-0.016647812,0.009344276,-0.00029277895,-0.008893093,0.0077709113,48.0,90.0,137.0,0.075,0.046272263,,0.0
2026-03-13,2,0,1,1,0.38709676,4.0,13.0,0.0,5642.857,5728.5713,3990.476,4267.857,6585.7144,276781.56,290271.72,293667.44,291044.9,292304.75,0.018743431,0.024051877,0.014074441,0.013569959,0.021199573,33.0,80.0,131.0,0.075,0.047563225,,0.33333334
2026-03-13,3,0,1,1,0.38709676,4.0,13.0,10.0,-1042.8572,6492.857,5747.619,4564.2856,1597.1428,266885.0,288794.66,284114.44,280482.72,280757.06,-0.01809503,0.011777373,0.0083628725,0.007402766,-0.0012216248,38.0,73.0,117.0,0.075,0.03312406,,0.0
2026-03-13,4,0,0,0,0.38709676,4.0,13.0,0.0,8114.2856,12142.857,14652.381,13167.857,12828.571,270207.44,285105.5,287056.06,283666.53,283319.0,0.04480744,0.04613278,0.051476356,0.04758553,0.046005324,32.0,70.0,105.0,0.125,0.0377796,,0.6666667
2026-03-13,5,0,0,0,0.38709676,4.0,13.0,0.0,1714.2858,5371.4287,6014.2856,7285.7144,4454.2856,270925.56,285246.44,281976.44,279533.5,279810.56,-0.012947321,0.0034194195,0.007881696,0.016428526,0.010123791,57.0,107.0,148.0,0.1,0.03521127,,0.0
2026-03-13,6,0,0,0,0.38709676,4.0,13.0,0.0,-3471.4285,12257.143,11680.952,10282.143,12357.143,257859.72,289088.72,285074.38,279872.66,279915.6,-0.012453265,0.038697124,0.034579787,0.031311072,0.039248835,48.0,73.0,106.0,0.175,0.033639003,,0.0
2026-03-13,7,0,0,0,0.38709676,4.0,13.0,0.0,-185.71428,4564.2856,4923.8096,5067.857,6400.0,274830.28,292634.84,288646.72,284429.9,285068.0,0.008935832,0.0135889845,0.012228861,0.014353757,0.018987326,41.0,89.0,132.0,0.075,0.052751012,,0.0
2026-03-13,8,0,0,1,0.38709676,4.0,13.0,0.0,7771.4287,12857.143,9495.238,12853.571,16362.857,283371.44,294599.16,287733.1,290595.16,288037.7,0.01825958,0.036515653,0.025290055,0.03826089,0.05290707,40.0,80.0,121.0,0.075,0.045774646,,0.0
2026-03-13,9,0,0,1,0.38709676,4.0,13.0,0.0,9585.714,14650.0,6623.8096,4296.4287,5368.5713,276581.84,295468.5,289998.2,284182.75,288288.78,0.042140547,0.046864975,0.017132798,0.008304379,0.013434461,26.0,62.0,117.0,0.1,0.03547945,,0.0
2026-03-13,ã‚¾ãƒ­ç›®,0,0,0,0.38709676,4.0,13.0,0.0,-7328.5713,-2057.1428,4966.6665,4775.0,7691.4287,283853.72,298215.56,291812.1,286624.53,287755.3,-0.0363948,-0.019804792,0.009477567,0.014783505,0.025042398,52.0,106.0,140.0,0.025,0.038751386,,0.0
2026-03-14,0,0,0,0,0.41935483,5.0,14.0,0.0,3514.2856,5550.0,6404.7617,8178.5713,8160.0,276598.16,282915.44,294275.53,293991.22,293472.94,0.007945357,0.018681169,0.018320221,0.023961069,0.025056772,42.0,85.0,126.0,0.075,0.036321186,,0.33333334
2026-03-14,1,0,0,0,0.41935483,5.0,14.0,0.0,-7985.7144,4557.143,1480.9524,-1042.8572,3482.8572,291513.0,311166.66,313592.66,308906.1,311531.44,-0.024208307,0.0077444646,-0.00016473676,-0.008062985,0.004379542,49.0,90.0,135.0,0.075,0.046272263,,0.0
2026-03-14,2,1,1,1,0.41935483,5.0,14.0,0.0,3057.1428,8500.0,5395.2383,4089.2856,6291.4287,272491.0,279313.34,292426.1,289813.75,291539.0,0.008649271,0.032028574,0.019907914,0.012951014,0.020055775,35.0,72.0,123.0,0.175,0.047563225,,0.33333334
2026-03-14,3,0,1,1,0.41935483,5.0,14.0,11.0,5600.0,7242.857,7414.2856,5185.7144,2562.8572,277637.16,281240.0,286052.94,280976.2,281765.16,0.013017531,0.015297576,0.015206774,0.009746709,0.0026864286,29.0,71.0,110.0,0.1,0.03312406,,0.0
2026-03-14,4,0,0,1,0.41935483,5.0,14.0,0.0,4214.2856,9357.143,12933.333,11967.857,13437.143,269063.84,275846.06,287603.53,282098.06,283331.34,0.027908925,0.03717289,0.043560624,0.042884625,0.048709307,37.0,77.0,112.0,0.075,0.0377796,,0.0
2026-03-14,5,0,0,0,0.41935483,5.0,14.0,0.0,728.5714,5442.857,4871.4287,5992.857,3174.2856,273164.84,274727.72,281064.34,279283.47,279051.22,-0.017037857,0.0020719692,0.0030303975,0.0108380765,0.004906197,58.0,107.0,153.0,0.075,0.03521127,,0.0
2026-03-14,6,0,1,1,0.41935483,5.0,14.0,0.0,-2671.4285,10792.857,11000.0,10450.0,11765.714,261426.72,282925.5,286270.34,280010.4,280332.56,-0.008263323,0.033626594,0.031712294,0.032021597,0.03677259,45.0,77.0,108.0,0.075,0.033639003,,0.0
2026-03-14,7,0,0,0,0.41935483,5.0,14.0,0.0,-4585.7144,3307.1428,3090.476,3746.4285,5871.4287,279062.28,285075.66,290153.75,284075.1,285415.78,-0.00866316,0.008438355,0.0047378642,0.009344627,0.016968494,48.0,93.0,140.0,0.125,0.052751012,,0.33333334
2026-03-14,8,0,0,1,0.41935483,5.0,14.0,0.0,7200.0,12285.714,10133.333,12275.0,16074.286,284474.84,288486.34,290586.75,291205.44,288984.78,0.015996737,0.034623507,0.028742347,0.035854228,0.051653843,37.0,79.0,115.0,0.125,0.045774646,,0.0
2026-03-14,9,0,0,0,0.41935483,5.0,14.0,0.0,6214.2856,12507.143,6409.524,4142.857,6197.143,278489.56,286664.44,290249.25,284577.3,288530.38,0.027637245,0.040684998,0.01625,0.00766924,0.016967982,29.0,65.0,116.0,0.075,0.03547945,,0.0
2026-03-14,ã‚¾ãƒ­ç›®,0,0,0,0.41935483,5.0,14.0,0.0,-8085.7144,-2771.4285,3090.476,3742.8572,7325.7144,283560.0,290134.16,293153.0,286471.5,287345.16,-0.03961648,-0.023269473,0.0009619368,0.010495555,0.02349571,53.0,108.0,148.0,0.025,0.038751386,,0.0
2026-03-15,0,1,1,1,0.4516129,6.0,15.0,0.0,-428.57144,2678.5715,4600.0,7239.2856,8094.2856,269523.84,279642.94,294660.28,292885.4,291786.66,-0.0030918485,0.0108329225,0.012995328,0.021286637,0.02466223,49.0,88.0,136.0,0.075,0.036321186,,0.0
2026-03-15,1,0,0,0,0.4516129,6.0,15.0,0.0,-1000.0,4400.0,2728.5715,600.0,3168.5715,284637.56,308870.06,315809.72,308286.78,310667.06,-0.00670968,0.0077324826,0.0031647703,-0.0037942328,0.003748723,47.0,89.0,137.0,0.125,0.046272263,,0.33333334
2026-03-15,2,0,1,1,0.4516129,6.0,15.0,0.0,11600.0,12657.143,10404.762,6342.857,7917.143,266378.16,276650.34,293444.28,289049.03,290046.0,0.03311251,0.043934133,0.034132224,0.019301375,0.024771519,35.0,64.0,114.0,0.05,0.047563225,,0.0
2026-03-15,3,0,0,0,0.4516129,6.0,15.0,12.0,8585.714,10571.429,9500.0,6764.2856,3728.5715,270082.28,280132.0,287832.94,281444.3,280729.4,0.022077575,0.024560163,0.021244522,0.01423382,0.005914088,30.0,63.0,107.0,0.05,0.03312406,,0.0
2026-03-15,4,0,0,1,0.4516129,6.0,15.0,0.0,12228.571,10371.429,15071.429,13082.143,12551.429,262921.28,275630.16,290748.44,282603.97,282847.16,0.048106,0.039892294,0.0497361,0.04586644,0.046541993,32.0,72.0,109.0,0.075,0.0377796,,0.0
2026-03-15,5,0,0,1,0.4516129,6.0,15.0,0.0,5942.857,1585.7142,8314.286,5450.0,4671.4287,265199.0,271562.16,282190.75,278276.16,278047.16,-0.0031623545,-0.00763546,0.0137468865,0.009467987,0.008983521,57.0,111.0,150.0,0.1,0.03521127,,0.33333334
2026-03-15,6,0,0,0,0.4516129,6.0,15.0,0.0,2214.2856,10107.143,12757.143,10121.429,12037.143,257045.42,281572.22,287527.06,279357.3,279718.47,0.0054138834,0.032209393,0.03655177,0.031342663,0.03765572,42.0,74.0,108.0,0.075,0.033639003,,0.0
2026-03-15,7,0,0,0,0.4516129,6.0,15.0,0.0,-257.14285,-2500.0,4357.143,2521.4285,4748.5713,271974.84,282043.66,291001.56,283843.1,283941.56,0.0018576646,-0.006067572,0.008463417,0.00598847,0.014216538,46.0,101.0,140.0,0.075,0.052751012,,0.33333334
2026-03-15,8,0,1,1,0.4516129,6.0,15.0,0.0,10057.143,11771.429,11604.762,13153.571,15645.714,276368.0,284206.56,291150.06,290035.44,287424.66,0.025066664,0.0343431,0.033037193,0.038490612,0.050942548,38.0,77.0,116.0,0.075,0.045774646,,0.0
2026-03-15,9,0,0,0,0.4516129,6.0,15.0,0.0,8242.857,6992.857,6661.905,3992.8572,6288.5713,269489.72,283398.34,291116.62,284371.25,286652.78,0.032098345,0.026641238,0.017058935,0.007237972,0.017097497,32.0,72.0,119.0,0.075,0.03547945,,0.0
2026-03-15,ã‚¾ãƒ­ç›®,0,0,0,0.4516129,6.0,15.0,0.0,-5471.4287,-6650.0,4104.7617,5942.857,7808.5713,281130.44,289770.72,296010.06,287184.1,286975.94,-0.03270638,-0.033349775,0.003726256,0.016546218,0.024775703,54.0,113.0,150.0,0.225,0.038751386,,0.0
2026-03-16,0,0,0,0,0.48387095,0.0,16.0,0.0,10614.286,6371.4287,5828.5713,9878.571,9040.0,266903.28,275267.22,290166.62,292633.03,292189.5,0.030532703,0.022708582,0.01813607,0.0293618,0.02742356,42.0,82.0,131.0,0.09756097,0.036321186,,0.0
2026-03-16,1,0,1,1,0.48387095,0.0,16.0,0.0,128.57143,442.85715,3152.3809,1035.7142,2262.8572,280694.84,302025.5,311066.16,307970.72,310233.12,-0.0036528213,-0.0017520504,0.0040431614,-0.0025126047,0.0011018658,45.0,95.0,133.0,0.14634146,0.046272263,,0.33333334
2026-03-16,2,0,0,0,0.48387095,0.0,16.0,0.0,13142.857,14078.571,9133.333,6396.4287,7011.4287,263119.72,271621.0,287619.16,287742.78,289551.56,0.03813551,0.0481799,0.03168523,0.019597692,0.022048399,32.0,56.0,110.0,0.12195122,0.047563225,,0.0
2026-03-16,3,0,0,0,0.48387095,0.0,16.0,13.0,8142.857,8014.2856,5671.4287,6932.143,4157.143,268632.56,276656.16,283881.53,281182.84,280430.88,0.020732425,0.017512526,0.0115873935,0.014769646,0.0072591496,32.0,67.0,110.0,0.048780486,0.03312406,,0.0
2026-03-16,4,1,1,1,0.48387095,0.0,16.0,0.0,13500.0,8292.857,13785.714,13432.143,12885.714,259567.58,270452.16,285987.53,283196.03,282122.84,0.05210104,0.034560002,0.04670939,0.04705345,0.047580488,29.0,72.0,105.0,0.14634146,0.0377796,,0.33333334
2026-03-16,5,0,0,0,0.48387095,0.0,16.0,0.0,-8771.429,2135.7144,4138.095,5282.143,5780.0,257454.0,267568.78,277163.8,277130.75,277824.6,-0.04420964,-0.00598182,0.0036372303,0.009002187,0.012566603,61.0,106.0,153.0,0.09756097,0.03521127,,0.0
2026-03-16,6,0,0,0,0.48387095,0.0,16.0,0.0,4414.2856,8507.143,8609.523,9803.571,10305.714,259734.58,278254.16,283082.84,280390.9,280415.66,0.013043989,0.027530566,0.02613233,0.030361969,0.03184896,39.0,74.0,112.0,0.0,0.033639003,,0.0
2026-03-16,7,0,1,1,0.48387095,0.0,16.0,0.0,71.42857,-3707.1428,-595.2381,2264.2856,4005.7144,270521.72,279760.28,287386.16,284748.66,284244.1,0.0026493482,-0.009616687,-0.003984474,0.0052680457,0.011950869,45.0,101.0,148.0,0.09756097,0.052751012,,0.0
2026-03-16,8,0,0,0,0.48387095,0.0,16.0,0.0,9042.857,10921.429,11509.523,13625.0,15282.857,275645.72,279736.22,287298.44,289774.4,287749.2,0.022169882,0.032979246,0.033475485,0.03995487,0.049721077,38.0,76.0,109.0,0.14634146,0.045774646,,0.33333334
2026-03-16,9,0,0,1,0.48387095,0.0,16.0,0.0,5114.2856,4321.4287,5685.7144,3796.4285,5734.2856,269930.84,277256.0,286666.28,284196.66,286034.4,0.021980923,0.019000206,0.014004169,0.0065819127,0.015318011,37.0,76.0,119.0,0.07317073,0.03547945,,0.0
2026-03-16,ã‚¾ãƒ­ç›®,0,0,1,0.48387095,0.0,16.0,0.0,-13457.143,-11785.714,-1280.9524,5496.4287,4868.5713,277281.28,284901.44,290901.8,286968.8,286550.06,-0.05886784,-0.049291063,-0.011390218,0.014983984,0.015258947,62.0,119.0,156.0,0.024390243,0.038751386,,0.0
2026-03-17,0,0,0,0,0.516129,1.0,17.0,0.0,15071.429,6157.143,7328.5713,9289.286,9251.429,267326.28,270813.94,284320.16,291989.66,291560.3,0.0537588,0.02299415,0.024068223,0.026774386,0.028591957,40.0,85.0,131.0,0.12195122,0.036321186,,0.0
2026-03-17,1,0,0,0,0.516129,1.0,17.0,0.0,5628.5713,4571.4287,4690.476,2778.5715,3811.4285,282176.84,296952.5,305562.25,307618.16,309483.88,0.022982204,0.016299201,0.011808085,0.0058060726,0.0083036525,43.0,87.0,134.0,0.024390243,0.046272263,,0.0
2026-03-17,2,0,0,1,0.516129,1.0,17.0,0.0,15185.714,13235.714,10271.429,6453.5713,7417.143,265954.0,268375.22,281995.53,287959.22,289317.34,0.0480239,0.045556735,0.036025174,0.01982103,0.023950307,36.0,62.0,113.0,0.07317073,0.047563225,,0.0
2026-03-17,3,0,0,0,0.516129,1.0,17.0,14.0,13242.857,8807.143,7619.048,7885.7144,4420.0,267980.44,271320.56,277638.9,280889.1,279088.5,0.04893051,0.021764554,0.018958235,0.01998655,0.00874332,33.0,71.0,111.0,0.07317073,0.03312406,,0.33333334
2026-03-17,4,0,0,0,0.516129,1.0,17.0,0.0,15000.0,10364.286,16061.904,14282.143,13491.429,262049.28,268423.34,280365.47,282154.2,282286.4,0.057609767,0.045314226,0.057293963,0.051630005,0.050514318,29.0,68.0,101.0,0.07317073,0.0377796,,0.0
2026-03-17,5,0,0,1,0.516129,1.0,17.0,0.0,-6014.2856,4614.2856,5028.5713,5685.7144,5871.4287,260502.28,265270.0,271762.8,277790.6,277449.22,-0.030728541,0.004697774,0.0073432513,0.010881618,0.0130695,62.0,103.0,157.0,0.09756097,0.03521127,,0.0
2026-03-17,6,1,1,1,0.516129,1.0,17.0,0.0,6971.4287,7492.857,10223.81,10785.714,11025.714,257723.14,273030.78,277535.06,279320.0,279513.4,0.02734756,0.02506709,0.03312168,0.03554213,0.03566079,39.0,78.0,110.0,0.14634146,0.033639003,,0.33333334
2026-03-17,7,0,1,1,0.516129,1.0,17.0,0.0,2785.7144,-1842.8572,2557.1428,3182.1428,4637.143,270962.44,274037.06,282874.16,285226.16,283600.44,0.016472539,-6.501491e-05,0.008969439,0.009965306,0.015246586,45.0,98.0,140.0,0.07317073,0.052751012,,0.33333334
2026-03-17,8,0,1,1,0.516129,1.0,17.0,0.0,11785.714,7821.4287,11952.381,13307.143,13911.429,277186.28,278150.22,283477.9,288668.5,287363.28,0.035725575,0.01982594,0.03569498,0.038858198,0.043599818,40.0,85.0,116.0,0.12195122,0.045774646,,0.0
2026-03-17,9,0,0,0,0.516129,1.0,17.0,0.0,6128.5713,6792.857,6461.905,4814.2856,5005.7144,264254.56,271899.34,280120.34,283123.9,284667.2,0.029050197,0.030569492,0.018478455,0.01179963,0.012803878,40.0,72.0,122.0,0.09756097,0.03547945,,0.0
2026-03-17,ã‚¾ãƒ­ç›®,0,0,0,0.516129,1.0,17.0,0.0,-5357.143,-9528.571,823.8095,5517.857,5420.0,276769.16,280589.78,286217.84,286009.34,286238.75,-0.016253075,-0.0382191,-0.0021724238,0.015592794,0.01821179,55.0,115.0,151.0,0.09756097,0.038751386,,0.0
2026-03-18,0,0,1,1,0.5483871,2.0,18.0,0.0,17685.715,8035.7144,8338.096,8007.143,9340.0,283842.0,273169.22,290052.84,293108.47,294598.5,0.06535646,0.028848901,0.028602535,0.02290292,0.02909352,39.0,84.0,131.0,0.024390243,0.036321186,,0.0
2026-03-18,1,1,1,1,0.5483871,2.0,18.0,0.0,4471.4287,3928.5715,4119.048,2153.5715,3668.5715,295647.0,295372.34,309279.8,306023.8,311388.9,0.019743534,0.014409326,0.010008594,0.0040721227,0.007967797,50.0,89.0,137.0,0.19512194,0.046272263,,0.33333334
2026-03-18,2,0,0,0,0.5483871,2.0,18.0,0.0,19085.715,13792.857,10761.904,6439.2856,8048.5713,274855.56,268575.66,284418.0,286474.5,290426.53,0.06123724,0.04734151,0.037226643,0.020102916,0.025995765,34.0,60.0,112.0,0.12195122,0.047563225,,0.0
2026-03-18,3,0,0,0,0.5483871,2.0,18.0,15.0,12571.429,4950.0,6819.048,7789.2856,4111.4287,281035.72,267231.94,281394.84,279588.97,280809.7,0.0459826,0.01125707,0.01553712,0.01970142,0.0075240606,39.0,78.0,115.0,0.07317073,0.03312406,,0.0
2026-03-18,4,0,0,1,0.5483871,2.0,18.0,0.0,16100.0,8050.0,16295.238,13807.143,12940.0,274910.84,268158.56,284973.66,280586.25,282587.9,0.06335537,0.037807792,0.058646936,0.050221317,0.048652116,30.0,72.0,101.0,0.07317073,0.0377796,,0.33333334
2026-03-18,5,0,0,0,0.5483871,2.0,18.0,0.0,-2500.0,2928.5715,4976.1904,6292.857,5700.0,269761.56,264872.22,277025.38,277756.7,279053.03,-0.018162105,-0.0004314024,0.006281081,0.01277341,0.012224451,57.0,105.0,156.0,0.048780486,0.03521127,,0.0
2026-03-18,6,0,0,0,0.5483871,2.0,18.0,0.0,14600.0,7600.0,11042.857,13007.143,10774.286,275705.72,275091.5,283231.94,279903.3,281334.0,0.050722476,0.024545267,0.03338224,0.04197207,0.03393349,33.0,77.0,110.0,0.07317073,0.033639003,,0.0
2026-03-18,7,0,0,0,0.5483871,2.0,18.0,0.0,2900.0,-257.14285,2504.762,4775.0,4305.7144,283990.84,274754.78,287001.75,284623.25,285678.1,0.012721562,0.0047156555,0.0074391942,0.014690702,0.013332853,47.0,93.0,141.0,0.07317073,0.052751012,,0.0
2026-03-18,8,0,1,1,0.5483871,2.0,18.0,0.0,17914.285,9014.286,12457.143,15435.714,13628.571,288124.16,277534.5,287484.28,287505.66,288600.03,0.057054464,0.023701284,0.036210548,0.045314275,0.04211752,33.0,80.0,115.0,0.17073171,0.045774646,,0.33333334
2026-03-18,9,0,0,0,0.5483871,2.0,18.0,0.0,7057.143,5235.7144,8152.381,4257.143,3591.4285,278238.84,273168.78,285171.53,283011.9,285115.5,0.031216254,0.02564052,0.025054038,0.010190431,0.008417954,43.0,74.0,117.0,0.09756097,0.03547945,,0.0
2026-03-18,ã‚¾ãƒ­ç›®,0,0,1,0.5483871,2.0,18.0,0.0,-4542.857,-7800.0,814.2857,4625.0,5065.7144,284417.44,278725.84,290806.1,285847.3,287104.66,-0.013524842,-0.03315557,-0.0024531295,0.01284354,0.016952226,57.0,112.0,151.0,0.048780486,0.038751386,,0.0
2026-03-19,0,0,0,0,0.58064514,3.0,19.0,0.0,15557.143,9314.286,5800.0,6739.2856,9314.286,266730.16,270505.0,283098.56,287422.97,289751.16,0.063433245,0.035443153,0.02294196,0.020742148,0.030216936,38.0,82.0,132.0,0.12195122,0.036321186,,0.0
2026-03-19,1,0,0,0,0.58064514,3.0,19.0,0.0,11871.429,2978.5715,7595.2383,5092.857,3140.0,302985.56,294162.16,314440.66,311188.16,310815.6,0.040193573,0.012337736,0.020892395,0.014315314,0.006791952,41.0,89.0,129.0,0.09756097,0.046272263,,0.0
2026-03-19,2,0,0,1,0.58064514,3.0,19.0,0.0,17514.285,13521.429,12580.952,7928.5713,7634.2856,256457.28,266775.06,282072.44,285053.7,285590.16,0.054121237,0.04574424,0.044615854,0.026487185,0.02433528,32.0,60.0,107.0,0.17073171,0.047563225,,0.6666667
2026-03-19,3,0,0,0,0.58064514,3.0,19.0,16.0,10400.0,3092.8572,7380.952,6946.4287,4754.2856,262917.56,265234.78,280959.2,278916.94,276440.62,0.03684969,0.0025074682,0.018215677,0.015605766,0.008851474,40.0,82.0,114.0,0.0,0.03312406,,0.0
2026-03-19,4,0,1,1,0.58064514,3.0,19.0,0.0,10157.143,6735.7144,11561.904,14071.429,12862.857,256030.28,265907.94,277879.25,280574.0,278661.47,0.044056255,0.03192648,0.04462601,0.05152348,0.048111007,33.0,73.0,105.0,0.048780486,0.0377796,,0.33333334
2026-03-19,5,0,0,0,0.58064514,3.0,19.0,0.0,-4014.2856,1807.1428,3052.3809,5910.7144,5522.857,254035.86,266082.06,275203.94,276485.66,275143.8,-0.029600844,-0.005901985,-0.002972625,0.010419193,0.010212517,56.0,106.0,163.0,0.024390243,0.03521127,,0.0
2026-03-19,6,0,0,0,0.58064514,3.0,19.0,0.0,10428.571,3764.2856,10633.333,11567.857,10314.286,263251.0,260778.0,282278.53,279159.0,276793.3,0.030210506,0.010203137,0.030891445,0.034787454,0.031000381,35.0,84.0,113.0,0.07317073,0.033639003,,0.0
2026-03-19,7,0,1,1,0.58064514,3.0,19.0,0.0,-2914.2856,-785.7143,1823.8096,3300.0,3611.4285,263375.44,271264.66,284525.66,283346.78,280325.6,-0.01724606,-0.0004867849,0.0024330525,0.006492831,0.008754403,53.0,93.0,145.0,0.17073171,0.052751012,,0.0
2026-03-19,8,0,0,0,0.58064514,3.0,19.0,0.0,15571.429,11164.286,13909.523,12214.286,14074.286,287509.72,282250.78,289256.75,284833.3,288153.28,0.049629375,0.031100703,0.041102827,0.03739715,0.04362408,34.0,74.0,112.0,0.09756097,0.045774646,,0.0
2026-03-19,9,1,1,1,0.58064514,3.0,19.0,0.0,-557.1429,4264.2856,8657.143,4321.4287,3114.2856,265522.72,272318.28,285897.2,284376.53,280772.84,0.0028337075,0.021061385,0.02787012,0.011170838,0.0061720917,48.0,75.0,115.0,0.07317073,0.03547945,,0.0
2026-03-19,ã‚¾ãƒ­ç›®,0,0,1,0.58064514,3.0,19.0,0.0,-3042.8572,-6464.2856,628.5714,4625.0,4420.0,270425.0,276181.84,288387.66,285187.94,282924.12,-0.007715516,-0.027747365,-0.0028972987,0.012915315,0.015505297,52.0,106.0,151.0,0.12195122,0.038751386,,0.0
2026-03-20,0,0,1,1,0.61290324,4.0,20.0,0.0,12557.143,6814.2856,5133.3335,7107.143,8062.857,270208.44,271157.78,283795.62,288202.34,289093.44,0.049139597,0.023945637,0.01989788,0.02271736,0.025046788,41.0,88.0,135.0,0.1,0.036321186,,0.33333334
2026-03-20,1,0,0,0,0.61290324,4.0,20.0,0.0,11385.714,2600.0,7138.095,3925.0,1240.0,298480.56,292043.06,312608.44,310130.78,307465.2,0.037103403,0.010227797,0.01859732,0.009056267,0.00030620667,42.0,90.0,132.0,0.075,0.046272263,,0.0
2026-03-20,2,0,0,1,0.61290324,4.0,20.0,0.0,17757.143,11700.0,9738.096,7432.143,6965.7144,259982.14,268381.84,280175.2,285246.1,284832.34,0.054817904,0.036780667,0.03430722,0.024260307,0.021819549,31.0,64.0,111.0,0.075,0.047563225,,0.33333334
2026-03-20,3,0,0,0,0.61290324,4.0,20.0,17.0,4985.7144,1971.4286,5990.476,5557.143,4648.5713,255419.86,261152.42,277669.72,276940.78,275470.16,0.0094353575,-0.004329836,0.010996701,0.008630994,0.007809284,47.0,85.0,120.0,0.075,0.03312406,,0.0
2026-03-20,4,0,0,0,0.61290324,4.0,20.0,0.0,13428.571,10771.429,12571.429,14346.429,13220.0,257814.42,264010.94,276008.47,279745.66,278496.12,0.060294908,0.052551173,0.050853487,0.053680994,0.050127406,34.0,66.0,104.0,0.125,0.0377796,,0.33333334
2026-03-20,5,1,1,1,0.61290324,4.0,20.0,0.0,600.0,1157.1428,3780.9524,4660.7144,5948.5713,256673.14,263799.34,275722.0,275650.6,274961.44,-0.0042506484,-0.008598984,0.00086273026,0.0048486106,0.012292692,51.0,108.0,158.0,0.1,0.03521127,,0.0
2026-03-20,6,0,0,1,0.61290324,4.0,20.0,0.0,6900.0,1714.2858,10471.429,10485.714,9605.714,260475.28,259167.5,279550.9,278924.6,275993.16,0.011797971,-0.00032764644,0.029730741,0.028884333,0.027408453,40.0,88.0,113.0,0.175,0.033639003,,0.0
2026-03-20,7,0,0,0,0.61290324,4.0,20.0,0.0,442.85715,128.57143,3190.476,3803.5715,4142.857,264886.56,269858.44,283385.44,282706.7,280521.22,-0.00068618753,0.0041248226,0.008830594,0.009000099,0.011345767,49.0,90.0,138.0,0.075,0.052751012,,0.0
2026-03-20,8,0,1,1,0.61290324,4.0,20.0,0.0,13857.143,10814.286,13190.477,10585.714,13054.286,275396.16,279383.78,288198.16,284648.84,287555.34,0.037580337,0.027919957,0.036870547,0.028362624,0.038124777,35.0,75.0,115.0,0.075,0.045774646,,0.0
2026-03-20,9,0,0,0,0.61290324,4.0,20.0,0.0,3800.0,6692.857,11033.333,5917.857,4197.143,269129.72,272855.78,286688.9,284781.06,281172.16,0.020353917,0.031247232,0.038027957,0.017938077,0.010714286,45.0,71.0,107.0,0.1,0.03547945,,0.0
2026-03-20,ã‚¾ãƒ­ç›®,0,0,0,0.61290324,4.0,20.0,0.0,-214.28572,-3771.4285,-1442.8572,3671.4285,3777.1428,265687.16,274770.44,287372.75,285280.84,282437.06,0.004846209,-0.015774297,-0.011587791,0.008319728,0.012796046,47.0,99.0,153.0,0.025,0.038751386,,0.0
2026-03-21,0,0,0,0,0.6451613,5.0,21.0,0.0,11057.143,7285.7144,7385.7144,7567.857,8754.286,284069.84,280334.0,283300.25,291724.1,292006.94,0.041242555,0.024593957,0.02620163,0.024050806,0.027417365,42.0,84.0,127.0,0.075,0.036321186,,0.0
2026-03-21,1,0,0,0,0.6451613,5.0,21.0,0.0,8942.857,478.57144,6019.048,3346.4285,954.2857,304041.0,297777.0,308791.44,311204.75,307933.1,0.02940354,0.0025976163,0.014964156,0.0072273323,-0.0005696799,45.0,94.0,135.0,0.075,0.046272263,,0.0
2026-03-21,2,1,1,1,0.6451613,5.0,21.0,0.0,17914.285,10485.714,11638.096,8525.0,6854.2856,276293.28,274392.16,278306.66,288392.9,287109.66,0.054415338,0.031532302,0.039490826,0.02853477,0.021243878,33.0,68.0,105.0,0.175,0.047563225,,0.6666667
2026-03-21,3,0,0,1,0.6451613,5.0,21.0,18.0,-914.2857,2342.8572,4523.8096,5332.143,3965.7144,263741.72,270689.44,275407.25,280475.16,277529.28,-0.010779009,0.0011192608,0.006605381,0.008710328,0.005641565,55.0,84.0,126.0,0.1,0.03312406,,0.0
2026-03-21,4,0,0,0,0.6451613,5.0,21.0,0.0,12257.143,8235.714,10323.81,12764.286,12025.714,267557.56,268310.72,273083.25,282592.03,279189.97,0.057733856,0.04282139,0.044026546,0.047103934,0.04585447,34.0,71.0,111.0,0.075,0.0377796,,0.0
2026-03-21,5,0,1,1,0.6451613,5.0,21.0,0.0,7214.2856,3971.4285,6033.3335,5457.143,6237.143,269459.0,271311.94,272971.47,278163.0,277318.56,0.018878503,0.0009203236,0.0076741474,0.006992424,0.012446161,43.0,101.0,150.0,0.075,0.03521127,,0.0
2026-03-21,6,0,1,1,0.6451613,5.0,21.0,0.0,9171.429,3250.0,10252.381,10542.857,10194.286,270937.16,266181.94,278929.38,282437.03,278195.75,0.020087346,0.0059120115,0.02911351,0.028806057,0.029634748,37.0,82.0,114.0,0.075,0.033639003,,0.0
2026-03-21,7,0,0,1,0.6451613,5.0,21.0,0.0,3700.0,-442.85715,3438.0952,3242.8572,3737.1428,276121.16,277591.72,282090.8,286645.6,282484.3,0.011687985,0.0015124126,0.009521565,0.0064753946,0.0098132985,44.0,92.0,137.0,0.125,0.052751012,,0.33333334
2026-03-21,8,0,0,0,0.6451613,5.0,21.0,0.0,15800.0,11500.0,13457.143,11550.0,12980.0,286213.28,285344.06,287728.66,289493.4,290207.0,0.043849938,0.029923337,0.037698984,0.032519244,0.03745337,34.0,71.0,113.0,0.125,0.045774646,,0.0
2026-03-21,9,0,0,0,0.6451613,5.0,21.0,0.0,3928.5715,5071.4287,9647.619,5789.2856,4100.0,281549.16,280019.34,284959.34,288074.22,283971.7,0.02128111,0.024459178,0.034217034,0.017507777,0.0103916135,47.0,76.0,112.0,0.075,0.03547945,,0.0
2026-03-21,ã‚¾ãƒ­ç›®,0,0,0,0.6451613,5.0,21.0,0.0,-2600.0,-5342.857,-2714.2856,1667.8572,2474.2856,277000.16,280280.06,285756.16,289114.78,284577.22,-0.0004375336,-0.020027008,-0.015658827,0.0006120692,0.008308937,48.0,101.0,156.0,0.025,0.038751386,,0.0
2026-03-22,0,0,1,1,0.67741936,6.0,22.0,0.0,13414.286,6492.857,6257.143,6803.5713,8474.286,284004.28,276764.06,281096.72,291996.28,291109.16,0.04811279,0.022510473,0.023259547,0.021774694,0.026651867,39.0,88.0,127.0,0.075,0.036321186,,0.33333334
2026-03-22,1,0,0,0,0.67741936,6.0,22.0,0.0,5471.4287,2235.7144,4757.143,3414.2856,1574.2858,302887.16,293762.34,306875.75,312579.06,307206.84,0.020204557,0.0067474386,0.0118898405,0.007424717,0.0010055252,46.0,93.0,135.0,0.125,0.046272263,,0.33333334
2026-03-22,2,0,0,1,0.67741936,6.0,22.0,0.0,15800.0,13700.0,13704.762,11753.571,8234.286,274847.44,270612.78,276049.38,288795.06,286208.72,0.049214907,0.04116371,0.045694392,0.037902895,0.025284082,33.0,68.0,97.0,0.05,0.047563225,,0.0
2026-03-22,3,0,0,0,0.67741936,6.0,22.0,19.0,-1742.8572,3421.4285,6466.6665,6689.2856,5062.857,261689.14,265885.72,273984.38,281297.0,277493.28,-0.012644158,0.004716709,0.012158723,0.0127723515,0.008858224,56.0,86.0,119.0,0.05,0.03312406,,0.0
2026-03-22,4,0,0,0,0.67741936,6.0,22.0,0.0,6585.7144,9407.143,9109.523,12950.0,11782.857,261794.14,262357.72,271018.16,283509.84,278442.0,0.042055756,0.045080878,0.040613446,0.047816016,0.045104302,39.0,71.0,111.0,0.075,0.0377796,,0.0
2026-03-22,5,1,1,1,0.67741936,6.0,22.0,0.0,9428.571,7685.7144,4200.0,8592.857,6245.7144,271046.16,268122.56,271390.16,279404.6,276830.16,0.025000708,0.010919177,0.0032432629,0.016560342,0.012574531,38.0,95.0,149.0,0.1,0.03521127,,0.33333334
2026-03-22,6,0,0,0,0.67741936,6.0,22.0,0.0,10871.429,6542.857,10361.904,12285.714,10271.429,270639.72,263842.56,277928.06,283305.22,277613.8,0.024909656,0.015161769,0.029776148,0.03364124,0.030056061,37.0,79.0,111.0,0.075,0.033639003,,0.0
2026-03-22,7,0,0,0,0.67741936,6.0,22.0,0.0,6457.143,3100.0,485.7143,4882.143,3308.5715,270463.28,271219.06,278183.53,285867.0,281167.16,0.020246398,0.011052031,0.002703751,0.011409163,0.008840055,40.0,86.0,141.0,0.075,0.052751012,,0.0
2026-03-22,8,0,0,0,0.67741936,6.0,22.0,0.0,11771.429,10914.286,11771.429,11646.429,12877.143,291614.56,283991.28,286675.9,291266.2,290351.25,0.031912804,0.028489735,0.033533003,0.032756094,0.037175052,36.0,74.0,113.0,0.075,0.045774646,,0.0
2026-03-22,9,0,0,1,0.67741936,6.0,22.0,0.0,3342.8572,5792.857,5776.1904,5832.143,3862.8572,281017.28,275253.5,282604.66,288591.78,283700.47,0.019566769,0.025832556,0.024283083,0.017685894,0.009703731,46.0,78.0,118.0,0.075,0.03547945,,0.0
2026-03-22,ã‚¾ãƒ­ç›®,0,1,1,0.67741936,6.0,22.0,0.0,-7500.0,-6485.7144,-6933.3335,1203.5714,3254.2856,272672.28,276901.34,284071.25,290175.6,284281.75,-0.0139415655,-0.023323972,-0.026880372,-0.0006906994,0.010448662,52.0,106.0,165.0,0.225,0.038751386,,0.0
2026-03-23,0,0,0,0,0.7096774,0.0,23.0,0.0,5471.4287,8042.857,6071.4287,5739.2856,8997.143,287062.44,276982.84,279198.94,289390.56,291518.9,0.023439309,0.026986007,0.022952158,0.01946188,0.028177302,41.0,83.0,123.0,0.09756097,0.036321186,,0.0
2026-03-23,1,0,1,1,0.7096774,0.0,23.0,0.0,942.8571,535.7143,609.5238,2600.0,1017.1429,304493.0,292593.94,302848.0,309422.84,307275.16,0.006928126,0.0016376523,0.0011413418,0.0047644023,-0.00062445854,49.0,94.0,144.0,0.14634146,0.046272263,,0.0
2026-03-23,2,0,0,0,0.7096774,0.0,23.0,0.0,14885.714,14014.286,14347.619,10571.429,8094.2856,281677.44,272398.56,274973.16,286133.72,286529.72,0.045934703,0.042035107,0.047431502,0.035247598,0.024865095,34.0,66.0,90.0,0.12195122,0.047563225,,0.0
2026-03-23,3,0,0,1,0.7096774,0.0,23.0,20.0,-4314.2856,1914.2858,3904.762,3175.0,4682.857,266994.84,267813.72,273435.72,279659.84,278345.25,-0.020178953,0.000276736,0.0049487003,0.0036458073,0.0077799265,57.0,89.0,124.0,0.048780486,0.03312406,,0.0
2026-03-23,4,0,1,1,0.7096774,0.0,23.0,0.0,-971.4286,6264.2856,5204.7617,10096.429,10551.429,267441.72,263504.66,269448.66,281351.06,280045.16,0.019931803,0.03601642,0.029683936,0.04001499,0.04162912,46.0,75.0,118.0,0.14634146,0.0377796,,0.6666667
2026-03-23,5,0,0,0,0.7096774,0.0,23.0,0.0,11328.571,1278.5714,5200.0,5935.7144,6491.4287,278617.84,268035.94,271251.8,277527.3,277428.16,0.030123249,-0.0070431954,0.0060532023,0.010258735,0.013226399,34.0,95.0,140.0,0.09756097,0.03521127,,0.0
2026-03-23,6,0,0,1,0.7096774,0.0,23.0,0.0,9328.571,6871.4287,8780.952,8789.286,9708.571,271691.84,265713.22,276066.72,280235.1,278651.1,0.020282624,0.016663307,0.025114585,0.024669902,0.0283461,38.0,77.0,112.0,0.0,0.033639003,,0.0
2026-03-23,7,0,0,0,0.7096774,0.0,23.0,0.0,6000.0,3035.7144,-471.42856,1053.5714,3011.4285,272834.72,271678.22,277451.75,283748.28,282365.84,0.019204149,0.010926749,-9.741161e-06,0.0018126819,0.008055266,39.0,84.0,140.0,0.09756097,0.052751012,,0.0
2026-03-23,8,1,1,1,0.7096774,0.0,23.0,0.0,7714.2856,8378.571,9852.381,10560.714,12442.857,294795.72,285220.72,284756.06,289172.75,290778.66,0.01966022,0.02091505,0.02853957,0.03002167,0.03589594,40.0,78.0,116.0,0.14634146,0.045774646,,0.33333334
2026-03-23,9,0,0,0,0.7096774,0.0,23.0,0.0,5185.7144,5150.0,4609.524,5560.7144,4074.2856,285949.56,277940.22,280153.84,286487.1,284547.22,0.025741687,0.023861306,0.021247366,0.016938549,0.010413867,41.0,78.0,117.0,0.07317073,0.03547945,,0.0
2026-03-23,ã‚¾ãƒ­ç›®,0,0,0,0.7096774,0.0,23.0,0.0,1071.4286,-6192.857,-7500.0,-692.8571,4611.4287,280555.56,278918.44,283452.8,288315.25,285686.16,0.013529592,-0.022669123,-0.028350845,-0.005160265,0.014693106,43.0,105.0,162.0,0.024390243,0.038751386,,0.0
2026-03-24,0,0,0,0,0.7419355,1.0,24.0,0.0,3057.1428,9064.286,5123.8096,6260.7144,8042.857,289345.28,278335.78,276991.06,285576.44,291460.78,0.011221833,0.032490317,0.019070044,0.020856624,0.023663875,42.0,82.0,127.0,0.12195122,0.036321186,,0.0
2026-03-24,1,0,0,0,0.7419355,1.0,24.0,0.0,1300.0,3464.2856,3480.9524,3842.8572,2482.8572,303680.28,292928.56,299195.1,305091.75,306830.56,0.009410716,0.01619646,0.014003039,0.011208743,0.0065270015,49.0,92.0,136.0,0.024390243,0.046272263,,0.0
2026-03-24,2,0,0,0,0.7419355,1.0,24.0,0.0,11328.571,13257.143,12600.0,10535.714,7428.5713,282872.56,274413.28,273207.66,282214.78,286941.88,0.029475288,0.038749594,0.040196255,0.0343877,0.02175188,35.0,71.0,97.0,0.07317073,0.047563225,,0.0
2026-03-24,3,0,1,1,0.7419355,1.0,24.0,21.0,-2814.2856,5214.2856,4933.3335,5010.7144,5745.7144,269984.28,268982.34,270875.16,275725.25,278708.16,-0.013409114,0.017760698,0.010039998,0.010866398,0.013307416,50.0,83.0,121.0,0.07317073,0.03312406,,0.33333334
2026-03-24,4,0,0,0,0.7419355,1.0,24.0,0.0,-3328.5715,5835.7144,5800.0,11214.286,10760.0,268086.16,265067.72,268310.94,277295.66,279340.56,0.007860801,0.032735284,0.03282975,0.044935673,0.042876165,48.0,77.0,116.0,0.07317073,0.0377796,,0.0
2026-03-24,5,0,0,1,0.7419355,1.0,24.0,0.0,10757.143,2371.4285,6661.905,6460.7144,6700.0,277576.44,269039.34,269372.16,273216.22,277747.78,0.027637813,-0.0015453644,0.0123444535,0.012416892,0.014232856,33.0,95.0,136.0,0.09756097,0.03521127,,0.0
2026-03-24,6,0,0,0,0.7419355,1.0,24.0,0.0,8914.286,7942.857,7966.6665,9896.429,10411.429,273884.72,265803.94,273315.44,276622.47,278232.94,0.017228317,0.022287937,0.022454165,0.029148338,0.03187937,37.0,76.0,115.0,0.14634146,0.033639003,,0.33333334
2026-03-24,7,0,0,1,0.7419355,1.0,24.0,0.0,-628.5714,1078.5714,-1438.0952,1760.7142,2420.0,274847.44,272904.94,274307.2,280867.47,283150.4,-0.013757022,0.0013577583,-0.0046290173,0.0032878239,0.0052208407,47.0,92.0,145.0,0.07317073,0.052751012,,0.33333334
2026-03-24,8,1,1,1,0.7419355,1.0,24.0,0.0,12042.857,11914.286,9228.571,11975.0,13054.286,294189.72,285688.0,283496.72,286155.84,289772.75,0.04112836,0.03842697,0.026926747,0.037053324,0.039312232,31.0,71.0,116.0,0.12195122,0.045774646,,0.0
2026-03-24,9,0,1,1,0.7419355,1.0,24.0,0.0,900.0,3514.2856,4828.5713,5071.4287,4031.4285,289588.16,276921.34,277795.62,282487.28,284416.75,0.003724091,0.016387144,0.021621024,0.0147898635,0.010184522,45.0,85.0,117.0,0.09756097,0.03547945,,0.0
2026-03-24,ã‚¾ãƒ­ç›®,0,0,0,0.7419355,1.0,24.0,0.0,-742.8571,-3050.0,-6600.0,432.14285,4265.7144,283812.84,280291.0,281664.16,285616.6,285570.06,0.003155814,-0.0065486305,-0.024427464,-0.0008403642,0.013105398,45.0,100.0,160.0,0.09756097,0.038751386,,0.0
2026-03-25,0,0,0,0,0.7741935,2.0,25.0,0.0,4471.4287,11078.571,6847.619,7371.4287,7300.0,272827.72,278334.84,273055.38,285746.56,289052.3,0.01618435,0.040770408,0.024627384,0.025497988,0.021559207,39.0,78.0,123.0,0.024390243,0.036321186,,0.0
2026-03-25,1,0,0,0,0.7741935,2.0,25.0,0.0,2071.4285,3271.4285,3309.524,3607.1428,2137.1428,285556.0,290601.5,292100.25,303348.84,301930.25,0.0107543515,0.015248942,0.013191001,0.010195033,0.0054085683,48.0,98.0,137.0,0.19512194,0.046272263,,0.6666667
2026-03-25,2,0,0,1,0.7741935,2.0,25.0,0.0,7185.7144,13135.714,11590.477,9867.857,6588.5713,269766.72,272311.16,268972.66,280755.2,283132.94,0.014802162,0.038019698,0.03649506,0.031620525,0.019042766,42.0,76.0,102.0,0.12195122,0.047563225,,0.0
2026-03-25,3,0,0,0,0.7741935,2.0,25.0,22.0,-671.4286,5950.0,3076.1904,4946.4287,6097.143,256272.28,268654.0,263578.72,275114.22,274925.62,-0.0035477427,0.021217428,0.006322133,0.010765905,0.015051587,45.0,84.0,123.0,0.07317073,0.03312406,,0.0
2026-03-25,4,0,0,0,0.7741935,2.0,25.0,0.0,-3142.8572,6478.5713,4319.048,11435.714,10417.143,256045.0,265477.94,264120.72,277741.5,275678.0,0.008129825,0.035742596,0.027915135,0.046017658,0.041803017,48.0,78.0,120.0,0.07317073,0.0377796,,0.0
2026-03-25,5,0,1,1,0.7741935,2.0,25.0,0.0,10528.571,4014.2856,5461.905,6364.2856,7140.0,262990.44,266376.0,264244.94,273516.66,274803.44,0.028757604,0.0052977493,0.009298266,0.011900212,0.015970249,33.0,90.0,138.0,0.048780486,0.03521127,,0.0
2026-03-25,6,0,0,0,0.7741935,2.0,25.0,0.0,2057.1428,8328.571,5752.381,8796.429,10817.143,254143.14,264924.44,268108.72,275959.75,274751.28,-0.0027524054,0.023985034,0.015446044,0.02434858,0.033027176,44.0,77.0,121.0,0.07317073,0.033639003,,0.0
2026-03-25,7,0,1,1,0.7741935,2.0,25.0,0.0,-2657.1428,121.42857,-1057.1428,1214.2858,3288.5715,259853.86,271922.34,269787.8,280214.78,279669.38,-0.017602485,-0.0024404614,-0.0027237246,0.0011787746,0.008232065,48.0,95.0,141.0,0.07317073,0.052751012,,0.0
2026-03-25,8,0,0,0,0.7741935,2.0,25.0,0.0,11700.0,14807.143,9909.523,12267.857,14688.571,279656.72,283890.44,278241.9,285527.4,285935.84,0.04609787,0.051576167,0.031166812,0.03868238,0.045470994,30.0,63.0,110.0,0.17073171,0.045774646,,0.33333334
2026-03-25,9,0,0,1,0.7741935,2.0,25.0,0.0,1571.4286,4314.2856,4014.2856,6507.143,3720.0,271541.28,274890.06,272626.28,281763.97,280717.78,0.009264897,0.020240575,0.020181978,0.021106752,0.010005324,41.0,84.0,115.0,0.09756097,0.03547945,,0.0
2026-03-25,ã‚¾ãƒ­ç›®,1,1,1,0.7741935,2.0,25.0,0.0,-357.14285,-2450.0,-5319.048,521.4286,3628.5715,265201.72,274809.56,274217.8,284405.0,281718.2,0.006332363,-0.00359624,-0.019992927,-0.00025675638,0.011541304,44.0,101.0,156.0,0.048780486,0.038751386,,0.0
2026-03-26,0,0,0,0,0.8064516,3.0,26.0,0.0,2457.1428,9007.143,7028.5713,4964.2856,5882.857,282512.0,274621.06,274507.34,282951.94,286440.78,0.005131046,0.034282144,0.025339117,0.018489232,0.017619926,42.0,80.0,124.0,0.12195122,0.036321186,,0.0
2026-03-26,1,0,0,1,0.8064516,3.0,26.0,0.0,-9814.286,1028.5714,-1285.7142,3242.8572,2111.4285,270432.28,286708.94,286252.2,303438.56,303036.97,-0.027316006,0.0064387848,-0.00088017806,0.008840295,0.0059890496,58.0,99.0,147.0,0.09756097,0.046272263,,0.0
2026-03-26,2,1,1,1,0.8064516,3.0,26.0,0.0,9257.143,13385.714,12100.0,11750.0,8194.286,279842.16,268149.72,271130.75,281514.84,284011.38,0.024316361,0.0392188,0.03860161,0.03954098,0.026053019,40.0,72.0,100.0,0.17073171,0.047563225,,0.33333334
2026-03-26,3,0,0,0,0.8064516,3.0,26.0,23.0,771.4286,5585.7144,2319.0476,5728.5713,5711.4287,264593.84,263755.72,265021.16,276867.84,276052.3,0.0035554592,0.020202573,0.0028567985,0.014550623,0.013195705,45.0,85.0,127.0,0.0,0.03312406,,0.0
2026-03-26,4,0,0,0,0.8064516,3.0,26.0,0.0,-4242.857,2957.1428,3076.1904,7610.7144,10408.571,259555.86,257793.08,263790.56,273298.4,276370.38,0.0037031253,0.02387969,0.022518694,0.03439529,0.04195941,53.0,86.0,126.0,0.048780486,0.0377796,,0.33333334
2026-03-26,5,0,0,0,0.8064516,3.0,26.0,0.0,15428.571,5707.143,6347.619,6146.4287,7814.2856,272781.28,263408.56,268315.16,274598.28,275744.78,0.052062873,0.011231015,0.013419635,0.01078625,0.01874793,26.0,82.0,132.0,0.024390243,0.03521127,,0.0
2026-03-26,6,0,0,0,0.8064516,3.0,26.0,0.0,4828.5713,7628.5713,4119.048,9182.143,10220.0,255180.42,259215.72,258912.14,275504.0,274363.28,0.011773268,0.020991886,0.010726514,0.026111899,0.030184617,44.0,79.0,128.0,0.07317073,0.033639003,,0.0
2026-03-26,7,0,0,1,0.8064516,3.0,26.0,0.0,7485.7144,2285.7144,1971.4286,3239.2856,4137.143,271355.72,267365.56,271295.0,281233.2,280948.56,0.030684449,0.0067191944,0.0099036265,0.009495902,0.011331154,39.0,92.0,132.0,0.17073171,0.052751012,,0.0
2026-03-26,8,0,1,1,0.8064516,3.0,26.0,0.0,7557.143,11564.286,9961.904,12321.429,11282.857,270434.84,278972.28,278312.16,284551.28,281953.62,0.031973194,0.040801283,0.031391535,0.038820416,0.03631236,36.0,70.0,110.0,0.09756097,0.045774646,,0.0
2026-03-26,9,0,1,1,0.8064516,3.0,26.0,0.0,4485.7144,1964.2858,4338.095,7614.2856,4354.2856,274929.72,270226.22,273188.75,283155.3,282487.16,0.02260307,0.012718389,0.02157528,0.026553359,0.013457284,38.0,86.0,113.0,0.07317073,0.03547945,,0.33333334
2026-03-26,ã‚¾ãƒ­ç›®,0,0,0,0.8064516,3.0,26.0,0.0,14328.571,5642.857,466.66666,4053.5715,6565.7144,290370.56,280397.78,280911.44,288883.4,286224.47,0.041392148,0.016838316,-0.00470086,0.008175063,0.018610682,41.0,93.0,147.0,0.12195122,0.038751386,,0.0
2026-03-27,0,0,1,1,0.83870965,4.0,27.0,0.0,3728.5715,8142.857,5785.7144,4782.143,6431.4287,278621.72,274415.06,273645.75,282502.16,286286.22,0.010774373,0.029956985,0.019555217,0.017617004,0.020328762,40.0,81.0,128.0,0.1,0.036321186,,0.33333334
2026-03-27,1,1,1,1,0.83870965,4.0,27.0,0.0,-6557.143,2414.2856,-452.38095,3714.2856,1828.5714,273424.44,285952.5,285836.84,302812.44,302789.5,-0.0120714465,0.012515979,0.0027947153,0.010930127,0.004830724,53.0,95.0,143.0,0.075,0.046272263,,0.0
2026-03-27,2,0,0,0,0.83870965,4.0,27.0,0.0,11014.286,14385.714,11471.429,10057.143,8148.5713,276222.84,268102.5,270995.53,279187.1,283441.47,0.033366885,0.044092394,0.03564274,0.034072135,0.026081622,36.0,67.0,100.0,0.075,0.047563225,,0.33333334
2026-03-27,3,0,0,1,0.83870965,4.0,27.0,24.0,3157.1428,4071.4285,2366.6667,5282.143,5077.143,266454.72,260937.28,262919.84,274865.97,274843.56,0.017245933,0.013340645,0.0028620868,0.012559009,0.0103539815,43.0,90.0,128.0,0.075,0.03312406,,0.0
2026-03-27,4,0,0,0,0.83870965,4.0,27.0,0.0,-10428.571,1500.0,3704.762,6821.4287,9391.429,261767.58,259791.0,263263.16,272448.25,276150.03,-0.028863123,0.015715893,0.025413075,0.030924337,0.037172172,58.0,92.0,124.0,0.125,0.0377796,,0.0
2026-03-27,5,0,0,0,0.83870965,4.0,27.0,0.0,12528.571,6564.2856,4947.619,5967.857,6234.2856,269775.28,263224.22,265791.34,274235.3,274475.53,0.03598732,0.015868336,0.006263118,0.009643878,0.011076353,31.0,82.0,139.0,0.1,0.03521127,,0.33333334
2026-03-27,6,0,0,0,0.83870965,4.0,27.0,0.0,4271.4287,5585.7144,2566.6667,8921.429,9242.857,256684.14,258579.72,258339.72,273834.22,274476.5,0.009149702,0.010473837,0.0028314698,0.024585482,0.024937406,46.0,86.0,134.0,0.175,0.033639003,,0.0
2026-03-27,7,0,0,1,0.83870965,4.0,27.0,0.0,6300.0,3371.4285,2185.7144,3967.8572,4302.857,269687.28,267286.94,269801.38,279960.9,280102.8,0.025316183,0.012314998,0.0111886095,0.0129519915,0.012263316,41.0,90.0,131.0,0.075,0.052751012,,0.0
2026-03-27,8,0,0,0,0.83870965,4.0,27.0,0.0,12614.286,13235.714,11414.286,13046.429,10991.429,275292.56,275344.34,278020.06,284971.75,282777.6,0.05862193,0.048101135,0.03815395,0.042308394,0.034414485,28.0,63.0,103.0,0.075,0.045774646,,0.0
2026-03-27,9,0,0,0,0.83870965,4.0,27.0,0.0,942.8571,2371.4285,4776.1904,8510.714,4922.857,269122.44,269126.06,271611.34,282297.28,281649.34,0.009921454,0.015137685,0.02413864,0.031001331,0.016334753,39.0,84.0,110.0,0.1,0.03547945,,0.0
2026-03-27,ã‚¾ãƒ­ç›®,0,1,1,0.83870965,4.0,27.0,0.0,10800.0,5292.857,1085.7142,1617.8572,5097.143,287563.0,276625.06,279034.62,287420.3,285737.28,0.023706544,0.014276377,-0.0026140162,-0.0027642078,0.011397091,47.0,94.0,146.0,0.025,0.038751386,,0.0
2026-03-28,0,1,1,1,0.87096775,5.0,28.0,0.0,5028.5713,8042.857,6533.3335,6796.4287,7060.0,281997.84,283033.84,280888.62,282974.66,289778.84,0.013933163,0.027587859,0.02104036,0.023134515,0.022027276,41.0,83.0,125.0,0.075,0.036321186,,0.0
2026-03-28,1,0,1,1,0.87096775,5.0,28.0,0.0,4642.857,6792.857,1866.6666,5675.0,3605.7144,284529.28,294285.16,293361.1,302725.9,305869.66,0.019381989,0.024392765,0.008192407,0.016068615,0.009658264,45.0,90.0,139.0,0.075,0.046272263,,0.0
2026-03-28,2,0,0,0,0.87096775,5.0,28.0,0.0,8128.5713,13021.429,9700.0,10760.714,8445.714,278595.0,277444.16,275793.1,278378.75,286433.3,0.02500396,0.03970965,0.02935619,0.03586911,0.027828608,40.0,73.0,108.0,0.175,0.047563225,,1.0
2026-03-28,3,0,0,0,0.87096775,5.0,28.0,25.0,7571.4287,3328.5715,4085.7144,5285.7144,5780.0,269914.84,266828.28,270431.25,274034.16,278363.1,0.030687623,0.009954306,0.010975381,0.012625941,0.013105786,38.0,93.0,122.0,0.1,0.03312406,,0.0
2026-03-28,4,0,0,0,0.87096775,5.0,28.0,0.0,-8614.286,1821.4286,2619.0476,5589.2856,8488.571,265888.16,266722.84,267503.2,271284.47,279251.25,-0.022463977,0.01763494,0.0210596,0.027403913,0.03319035,58.0,92.0,129.0,0.075,0.0377796,,0.0
2026-03-28,5,0,0,0,0.87096775,5.0,28.0,0.0,5042.857,6128.5713,4328.5713,5785.7144,5374.2856,274048.28,271753.66,272224.06,273240.7,277340.06,0.013036216,0.01595736,0.004958954,0.009014664,0.008201183,41.0,84.0,142.0,0.075,0.03521127,,0.0
2026-03-28,6,0,1,1,0.87096775,5.0,28.0,0.0,1128.5714,5150.0,2542.8572,7971.4287,8660.0,257574.58,264255.84,263312.8,273590.7,277464.53,-0.0005280513,0.009779648,0.003765324,0.02170312,0.022939235,52.0,89.0,134.0,0.075,0.033639003,,0.0
2026-03-28,7,0,0,1,0.87096775,5.0,28.0,0.0,8628.571,6164.2856,2580.9524,4735.7144,4320.0,273278.28,274699.72,276153.9,279887.7,283972.16,0.031683993,0.02168599,0.011569606,0.015062172,0.011517114,39.0,83.0,131.0,0.125,0.052751012,,0.0
2026-03-28,8,0,0,1,0.87096775,5.0,28.0,0.0,10728.571,13264.286,11242.857,12775.0,11385.714,276640.84,281427.06,282443.0,284956.72,286922.88,0.052942757,0.04839635,0.03759648,0.041509926,0.036603946,32.0,66.0,103.0,0.125,0.045774646,,0.0
2026-03-28,9,0,0,0,0.87096775,5.0,28.0,0.0,1657.1428,2792.8572,3933.3333,7650.0,4962.857,274379.84,277964.5,278139.53,282314.47,285335.34,0.011976591,0.01662885,0.020298315,0.028656924,0.016401539,38.0,85.0,114.0,0.075,0.03547945,,0.0
2026-03-28,ã‚¾ãƒ­ç›®,0,0,0,0.87096775,5.0,28.0,0.0,19728.572,8564.286,3014.2856,2896.4285,5280.0,288563.56,282781.84,283041.25,286458.0,289004.53,0.051498324,0.025530396,0.00381477,0.0011304609,0.01078932,38.0,86.0,139.0,0.025,0.038751386,,0.0
2026-03-29,0,0,1,1,0.9032258,6.0,29.0,0.0,14100.0,13757.143,9028.571,8217.857,8262.857,282924.16,283464.22,278817.44,281553.56,290181.84,0.03994044,0.044026617,0.028320462,0.027429769,0.025407843,34.0,73.0,122.0,0.075,0.036321186,,0.33333334
2026-03-29,1,1,1,1,0.9032258,6.0,29.0,0.0,9042.857,7257.143,4504.7617,5828.5713,4540.0,284676.72,293781.94,290733.8,301326.0,306998.6,0.0312703,0.025737427,0.014921725,0.016734956,0.0121938335,41.0,87.0,134.0,0.125,0.046272263,,0.0
2026-03-29,2,0,0,0,0.9032258,6.0,29.0,0.0,-1028.5714,7385.7144,8790.477,10021.429,9197.143,279795.56,277321.5,273673.72,276985.94,286995.16,-0.0012339838,0.023990462,0.027031146,0.0339623,0.030075518,49.0,82.0,117.0,0.05,0.047563225,,0.0
2026-03-29,3,0,0,0,0.9032258,6.0,29.0,26.0,1714.2858,-14.285714,2852.3809,5278.5713,5694.2856,271194.16,266441.66,267655.2,273286.8,279276.44,0.013641415,0.0004986286,0.007691611,0.0125293955,0.012946164,45.0,101.0,131.0,0.05,0.03312406,,0.0
2026-03-29,4,0,0,1,0.9032258,6.0,29.0,0.0,-6042.857,271.42856,4257.143,5321.4287,9151.429,266490.16,264142.16,263735.2,269886.16,280105.9,-0.014823442,0.013616156,0.02511277,0.026754225,0.03528812,57.0,96.0,128.0,0.075,0.0377796,,0.0
2026-03-29,5,0,0,0,0.9032258,6.0,29.0,0.0,3557.1428,6492.857,6309.524,4039.2856,7585.7144,273708.56,272377.34,269984.56,271969.75,278265.4,0.008866128,0.016933417,0.010234827,0.004648979,0.015021498,46.0,84.0,141.0,0.1,0.03521127,,0.6666667
2026-03-29,6,0,1,1,0.9032258,6.0,29.0,0.0,1942.8572,6407.143,5009.524,8257.143,10217.143,255734.42,263187.06,261139.86,272379.66,277791.06,0.0025788785,0.013744267,0.010967473,0.02297683,0.027428769,52.0,89.0,131.0,0.075,0.033639003,,0.0
2026-03-29,7,0,0,1,0.9032258,6.0,29.0,0.0,9414.286,7935.7144,5204.7617,2717.8572,5788.5713,279637.44,275050.34,274025.2,278547.0,284621.1,0.03287474,0.02656057,0.018326268,0.0102464985,0.015702277,39.0,79.0,125.0,0.075,0.052751012,,0.0
2026-03-29,8,0,0,0,0.9032258,6.0,29.0,0.0,14185.714,12978.571,12004.762,12375.0,12154.286,273386.72,282500.66,280456.44,283353.6,287690.28,0.0627159,0.047314353,0.039898455,0.040828727,0.038748056,30.0,66.0,104.0,0.075,0.045774646,,0.0
2026-03-29,9,0,0,0,0.9032258,6.0,29.0,0.0,5800.0,4571.4287,5795.2383,5782.143,5825.7144,273024.28,277020.78,274510.44,280209.56,285478.28,0.024093248,0.02183001,0.025252787,0.024235625,0.018967364,36.0,82.0,114.0,0.075,0.03547945,,0.0
2026-03-29,ã‚¾ãƒ­ç›®,0,0,0,0.9032258,6.0,29.0,0.0,25214.285,8857.143,4080.9524,1103.5714,6005.7144,288895.72,280784.0,280899.47,285277.34,289919.62,0.06721647,0.02663745,0.0068561747,-0.003356162,0.012890734,33.0,85.0,139.0,0.225,0.038751386,,0.0
2026-03-30,0,0,0,0,0.9354839,0.0,30.0,0.0,15971.429,10721.429,10685.714,8546.429,7785.7144,279626.44,283344.44,277864.06,279305.8,287437.75,0.04606244,0.034750875,0.033344816,0.02872973,0.024781993,33.0,74.0,116.0,0.09756097,0.036321186,,0.0
2026-03-30,1,0,0,0,0.9354839,0.0,30.0,1.0,17900.0,9421.429,6323.8096,4932.143,5660.0,285270.84,294881.94,290152.9,298453.72,304592.47,0.057192422,0.032060273,0.020155909,0.015154112,0.015250007,32.0,81.0,126.0,0.14634146,0.046272263,,0.0
2026-03-30,2,0,1,1,0.9354839,0.0,30.0,0.0,-5385.7144,4750.0,7547.619,9414.286,7380.0,274483.0,278080.22,273093.38,274850.6,283803.56,-0.014648036,0.015643334,0.023140727,0.031911615,0.02526847,53.0,87.0,119.0,0.12195122,0.047563225,,0.0
2026-03-30,3,0,0,1,0.9354839,0.0,30.0,27.0,1700.0,-1307.1428,1842.8572,3353.5715,2880.0,269786.28,268390.56,268471.25,272523.34,277685.16,0.013413934,-0.0033825093,0.004655802,0.007065009,0.0055994326,45.0,102.0,134.0,0.048780486,0.03312406,,0.0
2026-03-30,4,0,1,1,0.9354839,0.0,30.0,0.0,328.57144,-321.42856,4285.7144,3985.7144,8142.857,263372.16,265406.94,263460.47,267929.53,277755.28,0.003531297,0.01173155,0.025188047,0.023145776,0.032718252,50.0,96.0,125.0,0.14634146,0.0377796,,0.6666667
2026-03-30,5,0,0,1,0.9354839,0.0,30.0,0.0,-4342.857,3492.8572,-595.2381,2814.2856,3880.0,266584.16,272601.0,267552.0,270084.9,275338.7,-0.015918927,0.0071021602,-0.010001773,0.00056017004,0.0050232024,55.0,89.0,150.0,0.09756097,0.03521127,,0.0
2026-03-30,6,0,0,0,0.9354839,0.0,30.0,0.0,7228.5713,8278.571,6990.476,8392.857,8477.143,254615.14,263153.5,262013.86,270703.8,275111.12,0.01896206,0.019622343,0.017429559,0.023576453,0.023528334,46.0,84.0,123.0,0.0,0.033639003,,0.0
2026-03-30,7,1,1,1,0.9354839,0.0,30.0,0.0,10128.571,8064.2856,5400.0,2178.5715,2868.5715,279173.84,276004.28,274176.75,277882.28,282833.4,0.034873586,0.027038869,0.018909028,0.008711091,0.008424863,36.0,75.0,120.0,0.09756097,0.052751012,,0.0
2026-03-30,8,0,0,0,0.9354839,0.0,30.0,0.0,12828.571,10271.429,9861.904,10596.429,11014.286,272935.16,283865.44,281125.53,281800.8,285925.22,0.058779545,0.039219882,0.03353655,0.036099564,0.035773244,30.0,70.0,108.0,0.14634146,0.045774646,,0.33333334
2026-03-30,9,0,0,0,0.9354839,0.0,30.0,0.0,2114.2856,3650.0,4138.095,3985.7144,4871.4287,269870.16,277909.84,275250.2,277582.94,283163.72,0.012516742,0.019129215,0.020079784,0.01906471,0.016054187,40.0,81.0,118.0,0.07317073,0.03547945,,0.0
2026-03-30,ã‚¾ãƒ­ç›®,0,0,0,0.9354839,0.0,30.0,0.0,16371.429,8721.429,1328.5714,-1532.1428,2720.0,284456.0,282505.78,280764.28,283703.6,287543.4,0.040537022,0.027033307,-0.0016004083,-0.011128879,0.003979192,42.0,85.0,147.0,0.024390243,0.038751386,,0.0
2026-03-31,0,0,0,0,0.9677419,1.0,31.0,0.0,16442.857,9750.0,11523.81,7953.5713,8297.143,296372.84,292859.06,284348.16,281836.5,287735.72,0.04857966,0.029900746,0.03785343,0.026447449,0.026401233,34.0,76.0,116.0,0.12195122,0.036321186,,0.0
2026-03-31,1,0,0,0,0.9677419,1.0,31.0,2.0,8228.571,4764.2856,5052.381,4667.857,4720.0,306730.16,305205.22,297529.1,301078.84,305419.44,0.017898746,0.013654731,0.016763888,0.014976966,0.012546743,41.0,90.0,133.0,0.024390243,0.046272263,,0.0
2026-03-31,2,0,0,1,0.9677419,1.0,31.0,0.0,1528.5714,6428.5713,9347.619,9832.143,8734.286,290448.72,286660.66,279758.44,277517.94,283861.56,0.009243042,0.019359166,0.028914077,0.03245795,0.02935877,46.0,81.0,117.0,0.07317073,0.047563225,,0.0
2026-03-31,3,0,0,1,0.9677419,1.0,31.0,28.0,1685.7142,-564.2857,4038.0952,4121.4287,4345.7144,290737.72,280361.0,276234.16,275840.78,278727.75,0.007314689,-0.0030472127,0.014278695,0.009358671,0.010156057,46.0,96.0,129.0,0.07317073,0.03312406,,0.0
2026-03-31,4,0,0,0,0.9677419,1.0,31.0,0.0,3557.1428,114.28571,5076.1904,5239.2856,9682.857,282505.0,275295.56,270880.16,271859.47,278337.5,0.006739603,0.0073002023,0.024070056,0.026307214,0.03729646,49.0,97.0,126.0,0.07317073,0.0377796,,0.0
2026-03-31,5,0,1,1,0.9677419,1.0,31.0,0.0,-1100.0,4828.5713,1214.2858,4721.4287,4948.5713,279840.28,278708.34,272639.66,271989.2,274541.03,-0.006880787,0.010378513,-0.0033238388,0.0075381435,0.008557356,52.0,85.0,147.0,0.09756097,0.03521127,,0.0
2026-03-31,6,0,0,0,0.9677419,1.0,31.0,0.0,7742.857,8328.571,7876.1904,7910.7144,9465.714,272140.16,273012.44,267916.0,273021.6,275726.0,0.01749811,0.017363213,0.020691328,0.02121515,0.026818292,47.0,84.0,123.0,0.14634146,0.033639003,,0.33333334
2026-03-31,7,0,0,0,0.9677419,1.0,31.0,0.0,24671.428,12021.429,8942.857,5089.2856,6342.857,302371.72,288609.56,282727.2,281323.3,285168.3,0.08005864,0.03315081,0.027591385,0.016542897,0.018641988,26.0,73.0,118.0,0.07317073,0.052751012,,0.33333334
2026-03-31,8,1,1,1,0.9677419,1.0,31.0,0.0,5414.2856,8728.571,9747.619,8275.0,10662.857,287644.72,290917.22,286340.25,284533.72,286453.62,0.024872312,0.033000335,0.033908747,0.026413137,0.034617122,39.0,70.0,110.0,0.12195122,0.045774646,,0.33333334
2026-03-31,9,0,0,0,0.9677419,1.0,31.0,0.0,4557.143,2728.5715,3861.9048,4760.7144,4968.5713,287261.44,288424.78,280368.06,280162.06,283442.12,0.022532439,0.013128265,0.018435575,0.021848878,0.016338378,38.0,83.0,123.0,0.09756097,0.03547945,,0.0
2026-03-31,ã‚¾ãƒ­ç›®,0,1,1,0.9677419,1.0,31.0,0.0,15714.286,7485.7144,3204.762,-1021.4286,3488.5715,298973.72,291393.28,286518.56,285991.53,288288.03,0.036512777,0.019834297,0.0078051724,-0.009192403,0.006630264,44.0,89.0,144.0,0.09756097,0.038751386,,0.0
2026-04-01,0,0,0,0,0.0,2.0,1.0,0.0,12828.571,8650.0,11661.904,8342.857,8462.857,309479.16,291153.44,288716.28,282161.3,290493.1,0.036922336,0.026553342,0.039487716,0.027701123,0.027782857,37.0,76.0,115.0,0.024390243,0.036321186,,0.0
2026-04-01,1,0,0,0,0.0,2.0,1.0,3.0,5814.2856,3942.8572,4119.048,3935.7144,4048.5715,326247.44,305901.72,302483.47,300637.03,307928.56,0.0119694695,0.01136191,0.014155785,0.012885618,0.010549921,42.0,90.0,140.0,0.19512194,0.046272263,,0.33333334
2026-04-01,2,0,1,1,0.0,2.0,1.0,0.0,2714.2856,4950.0,9661.904,9371.429,8437.143,306702.72,288234.72,283775.0,278405.2,285944.7,0.014188918,0.0144955395,0.030076105,0.030918526,0.028134203,40.0,82.0,116.0,0.12195122,0.047563225,,0.0
2026-04-01,3,0,0,1,0.0,2.0,1.0,29.0,314.2857,-178.57143,4071.4285,2385.7144,4020.0,305187.72,280730.0,280831.9,273980.97,281128.9,-9.909834e-05,-0.0018234205,0.014111919,0.004716825,0.008592904,47.0,92.0,131.0,0.07317073,0.03312406,,0.0
2026-04-01,4,0,0,0,0.0,2.0,1.0,0.0,4185.7144,521.4286,5714.2856,4285.7144,9985.714,293458.16,274751.56,274804.66,271455.06,280884.84,0.009170626,0.008650226,0.026885273,0.023229009,0.03864825,46.0,94.0,124.0,0.07317073,0.0377796,,0.0
2026-04-01,5,0,0,0,0.0,2.0,1.0,0.0,1642.8572,6085.7144,3223.8096,4507.143,5420.0,292266.28,277628.34,275006.1,271250.28,277266.56,0.00046033825,0.014608971,0.0036852788,0.007088784,0.009612237,49.0,82.0,139.0,0.048780486,0.03521127,,0.0
2026-04-01,6,0,0,0,0.0,2.0,1.0,0.0,7928.5713,4992.857,8195.238,6296.4287,8622.857,286454.72,270298.94,272101.2,272695.22,278058.75,0.018397748,0.007822672,0.022122607,0.016183969,0.023158412,46.0,90.0,123.0,0.07317073,0.033639003,,0.0
2026-04-01,7,1,1,1,0.0,2.0,1.0,0.0,22042.857,9692.857,7428.5713,4717.857,5380.0,313517.44,286685.66,285787.38,280720.22,286875.3,0.06952659,0.025962051,0.021548554,0.015338853,0.0148483375,30.0,78.0,125.0,0.07317073,0.052751012,,0.0
2026-04-01,8,0,1,1,0.0,2.0,1.0,0.0,9271.429,10485.714,12961.904,9750.0,11668.571,300158.16,289907.44,289313.0,283720.97,288453.53,0.032250978,0.039174423,0.045134436,0.031437855,0.0373961,39.0,69.0,102.0,0.17073171,0.045774646,,0.33333334
2026-04-01,9,0,0,0,0.0,2.0,1.0,0.0,500.0,1035.7142,3042.8572,3135.7144,5305.7144,302001.16,286771.22,283927.1,279970.0,285811.4,0.0066415183,0.007953207,0.015707556,0.016796863,0.018213706,45.0,86.0,129.0,0.09756097,0.03547945,,0.0
2026-04-01,ã‚¾ãƒ­ç›®,0,0,1,0.0,2.0,1.0,0.0,16171.429,7907.143,3757.1428,53.57143,3651.4285,315920.84,290561.28,288513.34,284643.56,290708.16,0.03613628,0.021234322,0.009647934,-0.0059606247,0.0070218514,41.0,85.0,142.0,0.048780486,0.038751386,,0.33333334
2026-04-02,0,0,0,0,0.033333335,3.0,2.0,0.0,12128.571,7292.857,10047.619,8303.571,6397.143,313195.84,297853.94,287479.34,284179.47,289000.72,0.034324363,0.019727705,0.03429622,0.027585428,0.021656258,41.0,83.0,121.0,0.12195122,0.036321186,,0.0
2026-04-02,1,0,0,0,0.033333335,3.0,2.0,4.0,14185.714,2185.7144,5414.2856,2582.1428,5431.4287,332241.44,301336.84,301886.44,297749.5,309199.16,0.04226833,0.007476162,0.018381966,0.009906949,0.015525902,37.0,95.0,136.0,0.09756097,0.046272263,,0.0
2026-04-02,2,0,1,1,0.033333335,3.0,2.0,0.0,6914.2856,8085.7144,11228.571,10803.571,10782.857,313326.0,296584.06,283208.47,281679.56,287877.1,0.02741295,0.025864655,0.035283517,0.035804447,0.037115373,38.0,78.0,110.0,0.17073171,0.047563225,,0.33333334
2026-04-02,3,0,0,1,0.033333335,3.0,2.0,30.0,4514.2856,2642.8572,5228.5713,2867.8572,5485.7144,310937.28,287765.56,279482.9,276500.2,283681.75,0.0141121335,0.008833797,0.018172426,0.0056706322,0.014462925,44.0,89.0,129.0,0.0,0.03312406,,0.0
2026-04-02,4,0,0,1,0.033333335,3.0,2.0,0.0,6042.857,900.0,3985.7144,3817.8572,7297.143,302068.84,280812.34,272551.66,273360.16,279052.5,0.0173806,0.010541863,0.021713328,0.021234171,0.030992351,45.0,98.0,131.0,0.048780486,0.0377796,,0.33333334
2026-04-02,5,0,1,1,0.033333335,3.0,2.0,0.0,1642.8572,8535.714,4352.381,5171.4287,5245.7144,295290.16,284035.72,274035.75,275058.9,278736.66,5.5148455e-05,0.026059011,0.007505726,0.010078513,0.0086400295,54.0,80.0,136.0,0.024390243,0.03521127,,0.0
2026-04-02,6,0,0,0,0.033333335,3.0,2.0,0.0,10600.0,7714.2856,8619.048,5739.2856,9465.714,300214.16,277697.28,272881.84,269237.66,280446.03,0.028536733,0.020155001,0.023506835,0.015179069,0.026596867,44.0,88.0,123.0,0.07317073,0.033639003,,0.0
2026-04-02,7,0,0,0,0.033333335,3.0,2.0,0.0,24685.715,16085.714,9752.381,7650.0,7528.5713,324229.56,297792.66,286320.25,284528.66,289832.47,0.07234815,0.0515163,0.02859551,0.025514755,0.022066351,29.0,68.0,121.0,0.17073171,0.052751012,,0.0
2026-04-02,8,0,0,0,0.033333335,3.0,2.0,0.0,14485.714,11021.429,12538.096,11092.857,12754.286,309446.84,289940.84,289130.47,286095.8,289530.4,0.04987139,0.04092229,0.043824654,0.0360115,0.04103061,34.0,70.0,104.0,0.09756097,0.045774646,,0.0
2026-04-02,9,0,0,0,0.033333335,3.0,2.0,0.0,-2985.7144,750.0,314.2857,2507.1428,5494.2856,311760.72,293345.22,284071.06,282831.75,288876.4,-0.00513383,0.00873462,0.006767649,0.014898002,0.020215921,51.0,89.0,137.0,0.07317073,0.03547945,,0.33333334
2026-04-02,ã‚¾ãƒ­ç›®,1,1,1,0.033333335,3.0,2.0,0.0,4071.4285,9200.0,5119.048,1367.8572,4057.1428,301866.84,296118.72,287554.16,286150.28,291480.1,0.008678879,0.025035514,0.014118504,-0.0013559253,0.008275826,45.0,86.0,138.0,0.12195122,0.038751386,,0.0
2026-04-03,0,0,0,0,0.06666667,4.0,3.0,0.0,14942.857,9335.714,10409.523,8075.0,6814.2856,319775.0,299198.34,289535.06,285178.06,289956.72,0.045943666,0.02835902,0.03528588,0.02615233,0.023282336,43.0,83.0,124.0,0.1,0.036321186,,0.33333334
2026-04-03,1,0,0,0,0.06666667,4.0,3.0,5.0,15414.286,4428.5713,6747.619,3514.2856,6054.2856,328850.0,301137.22,300251.66,296590.16,308019.94,0.049306765,0.01861766,0.024779575,0.014422728,0.018605456,40.0,93.0,135.0,0.075,0.046272263,,0.33333334
2026-04-03,2,0,0,1,0.06666667,4.0,3.0,0.0,10528.571,10771.429,13100.0,11235.714,10151.429,317289.16,296756.0,284498.06,282568.94,286807.5,0.041358896,0.037362892,0.04318123,0.03707178,0.035529487,39.0,75.0,106.0,0.075,0.047563225,,0.0
2026-04-03,3,0,0,0,0.06666667,4.0,3.0,31.0,9485.714,6321.4287,5876.1904,4146.4287,6122.857,312939.0,289696.84,278271.2,275424.66,282480.56,0.038662475,0.027954204,0.021781255,0.011812184,0.017779702,40.0,83.0,130.0,0.075,0.03312406,,0.0
2026-04-03,4,1,1,1,0.06666667,4.0,3.0,0.0,10328.571,-50.0,4442.857,5360.7144,7522.857,302513.72,282140.66,274031.9,273075.78,278461.34,0.037983548,0.004560213,0.023138445,0.028555693,0.03233618,43.0,101.0,135.0,0.125,0.0377796,,0.0
2026-04-03,5,0,0,1,0.06666667,4.0,3.0,0.0,8785.714,10657.143,7304.7617,5907.143,6531.4287,296804.56,283289.94,274417.66,273544.66,278749.16,0.038689744,0.037338533,0.023475472,0.014369774,0.015453051,46.0,77.0,128.0,0.1,0.03521127,,0.33333334
2026-04-03,6,0,0,0,0.06666667,4.0,3.0,0.0,11042.857,7657.143,7404.7617,4685.7144,9345.714,301642.28,279163.22,272933.9,269165.34,279395.84,0.031188946,0.020169323,0.017378872,0.009920838,0.025906174,44.0,90.0,130.0,0.175,0.033639003,,0.0
2026-04-03,7,0,0,0,0.06666667,4.0,3.0,0.0,26914.285,16607.143,11219.048,8367.857,8557.143,326083.72,297885.5,286885.84,283871.97,289185.47,0.08268519,0.054000687,0.035771728,0.029062755,0.026898632,30.0,71.0,120.0,0.075,0.052751012,,0.0
2026-04-03,8,0,0,0,0.06666667,4.0,3.0,0.0,9857.143,11235.714,12109.523,11025.0,12408.571,308611.16,291951.84,286433.28,285667.8,289699.62,0.027641254,0.043131594,0.041281175,0.035525776,0.039374966,41.0,69.0,104.0,0.075,0.045774646,,0.0
2026-04-03,9,0,1,1,0.06666667,4.0,3.0,0.0,-8285.714,-3671.4285,-1180.9524,1510.7142,5151.4287,311053.72,290088.06,283101.94,281471.94,288048.56,-0.03257694,-0.011327743,-0.00076718954,0.009959745,0.018285677,60.0,99.0,144.0,0.1,0.03547945,,0.0
2026-04-03,ã‚¾ãƒ­ç›®,0,1,1,0.06666667,4.0,3.0,0.0,15871.429,13335.714,8819.048,4782.143,4468.5713,309263.16,298413.06,287504.44,286591.75,291788.88,0.059412923,0.041559733,0.029321892,0.012892718,0.009671219,36.0,83.0,130.0,0.025,0.038751386,,0.0
2026-04-04,0,0,1,1,0.1,5.0,4.0,0.0,11257.143,8142.857,9114.286,7714.2856,7688.5713,302725.28,292361.56,289597.66,286347.78,286924.78,0.03531645,0.024624806,0.030164056,0.024609381,0.025570901,50.0,91.0,133.0,0.075,0.036321186,,0.33333334
2026-04-04,1,0,0,0,0.1,5.0,4.0,6.0,8485.714,6564.2856,7357.143,3521.4285,6237.143,306932.56,295730.94,298500.94,296753.97,303567.22,0.03314002,0.026261004,0.027308516,0.01442931,0.019482896,45.0,90.0,135.0,0.075,0.046272263,,0.0
2026-04-04,2,0,0,0,0.1,5.0,4.0,0.0,14585.714,11357.143,13542.857,10921.429,11525.714,305858.72,292226.84,286915.66,283309.5,283874.75,0.054577023,0.039790493,0.04466544,0.0356614,0.039610695,35.0,75.0,108.0,0.175,0.047563225,,0.6666667
2026-04-04,3,0,0,0,0.1,5.0,4.0,32.0,7357.143,7464.2856,4671.4287,4903.5713,5700.0,293177.72,281546.28,275611.44,276117.84,277862.84,0.030835312,0.030761467,0.016914641,0.015940364,0.016267816,46.0,84.0,139.0,0.1,0.03312406,,0.0
2026-04-04,4,0,0,1,0.1,5.0,4.0,0.0,15771.429,3578.5715,6471.4287,5907.143,7625.7144,290505.0,278196.56,274650.25,273253.66,275128.56,0.059977077,0.01875655,0.031748984,0.030788971,0.03391855,36.0,94.0,128.0,0.075,0.0377796,,0.0
2026-04-04,5,0,0,0,0.1,5.0,4.0,0.0,13642.857,9342.857,8633.333,6657.143,7357.143,278716.0,276382.16,274074.44,273847.03,274335.75,0.05641334,0.03472478,0.029442687,0.01782255,0.0184944,39.0,80.0,123.0,0.075,0.03521127,,0.0
2026-04-04,6,0,0,1,0.1,5.0,4.0,0.0,13828.571,7478.5713,8042.857,5364.2856,9142.857,286555.44,272065.0,271689.06,269123.47,276183.62,0.040613815,0.020042883,0.020057704,0.012977447,0.02548526,41.0,93.0,130.0,0.075,0.033639003,,0.0
2026-04-04,7,0,0,0,0.1,5.0,4.0,0.0,24157.143,16392.857,12161.904,7975.0,8620.0,306077.56,289677.94,285159.0,283634.8,285125.66,0.07468178,0.053182885,0.03935125,0.027347649,0.026986094,35.0,74.0,118.0,0.125,0.052751012,,0.0
2026-04-04,8,0,1,1,0.1,5.0,4.0,0.0,10271.429,10500.0,12266.667,11000.0,12274.286,295975.0,286307.94,286276.38,285826.0,287160.38,0.028905384,0.040924072,0.04189936,0.035423703,0.03898902,42.0,74.0,108.0,0.125,0.045774646,,0.0
2026-04-04,9,0,0,0,0.1,5.0,4.0,0.0,-5100.0,-1721.4286,161.90475,1675.0,5100.0,292475.16,283427.5,282801.38,281723.44,284346.6,-0.018659454,-0.003341431,0.0048660827,0.010558873,0.019193647,56.0,94.0,141.0,0.075,0.03547945,,0.0
2026-04-04,ã‚¾ãƒ­ç›®,1,1,1,0.1,5.0,4.0,0.0,14500.0,17114.285,10542.857,5885.7144,5217.143,298850.44,293707.0,288138.06,286993.53,288936.5,0.057900958,0.05469964,0.036320582,0.017336316,0.01248456,37.0,75.0,123.0,0.025,0.038751386,,0.0
2026-04-05,0,0,0,1,0.13333334,6.0,5.0,0.0,12114.286,13107.143,13209.523,9800.0,8997.143,308262.0,295593.06,291730.16,286178.56,286895.25,0.035027567,0.037484005,0.041026935,0.029997237,0.02894933,51.0,85.0,124.0,0.075,0.036321186,,0.33333334
2026-04-05,1,0,1,1,0.13333334,6.0,5.0,7.0,4971.4287,7007.143,6495.2383,4621.4287,5657.143,312942.16,298809.44,300168.66,296285.9,303649.22,0.02337236,0.02732133,0.024949072,0.017034383,0.018062435,51.0,92.0,138.0,0.125,0.046272263,,0.33333334
2026-04-05,2,0,0,0,0.13333334,6.0,5.0,0.0,17285.715,8128.5713,10685.714,10914.286,11474.286,311115.56,295455.56,288586.2,283034.2,283811.84,0.06158481,0.030175414,0.03652191,0.03566956,0.0394868,33.0,82.0,115.0,0.05,0.047563225,,0.0
2026-04-05,3,0,0,0,0.13333334,6.0,5.0,33.0,11714.286,6714.2856,3895.238,5067.857,6565.7144,301467.28,286330.72,278116.84,276108.22,278922.9,0.042301312,0.027971363,0.014432856,0.016344035,0.018483778,42.0,87.0,143.0,0.05,0.03312406,,0.0
2026-04-05,4,0,0,0,0.13333334,6.0,5.0,0.0,19242.857,6600.0,6595.2383,8003.5713,8105.7144,299304.72,282897.44,275863.0,272627.56,275769.84,0.068288706,0.026732633,0.03184034,0.035906754,0.03506112,32.0,89.0,128.0,0.075,0.0377796,,0.0
2026-04-05,5,0,0,0,0.13333334,6.0,5.0,0.0,8614.286,6085.7144,7200.0,6885.7144,4954.2856,285715.0,279711.78,276823.25,273917.2,274718.8,0.04292089,0.02589351,0.025595909,0.018406343,0.012303362,42.0,88.0,126.0,0.1,0.03521127,,0.33333334
2026-04-05,6,0,1,1,0.13333334,6.0,5.0,0.0,12000.0,6971.4287,8271.429,6757.143,9005.714,292273.72,274004.06,272882.62,268923.3,276358.47,0.033453844,0.01801636,0.020314125,0.016589066,0.025072234,43.0,95.0,132.0,0.075,0.033639003,,0.0
2026-04-05,7,0,0,0,0.13333334,6.0,5.0,0.0,20942.857,15178.571,12271.429,9139.286,6362.857,310354.72,294996.06,286818.47,283107.56,284908.53,0.06582367,0.049349204,0.03964827,0.030200617,0.021361932,40.0,79.0,119.0,0.075,0.052751012,,0.0
2026-04-05,8,0,0,1,0.13333334,6.0,5.0,0.0,14342.857,14264.286,13433.333,12589.286,12768.571,304157.72,288772.22,289719.66,286381.75,287514.44,0.037175994,0.049945947,0.0439349,0.03921784,0.04009818,41.0,71.0,107.0,0.075,0.045774646,,0.0
2026-04-05,9,1,1,1,0.13333334,6.0,5.0,0.0,-4428.5713,685.7143,1571.4286,3239.2856,3740.0,301706.56,287365.44,285249.38,281309.47,284508.97,-0.018205214,0.0029440175,0.008484934,0.014388287,0.015747456,55.0,91.0,137.0,0.075,0.03547945,,0.0
2026-04-05,ã‚¾ãƒ­ç›®,0,0,0,0.13333334,6.0,5.0,1.0,40171.43,32692.857,19295.238,13103.571,8917.143,316625.84,302760.78,292731.28,289831.06,291547.06,0.109655954,0.08843621,0.054310285,0.03255612,0.019246262,32.0,65.0,117.0,0.225,0.038751386,,0.0
2026-04-19,0,0,0,0,0.6,6.0,19.0,0.0,8957.143,12464.286,10133.333,10253.571,8628.571,310785.28,295205.84,292491.38,286094.34,285601.72,0.025228359,0.0356454,0.031576704,0.031315703,0.028029455,54.0,87.0,128.0,0.075,0.036321186,,0.0
2026-04-19,1,0,1,1,0.6,6.0,19.0,21.0,4071.4285,10985.714,7638.095,5760.7144,4760.0,309863.72,297567.28,299875.84,295080.6,300735.72,0.021330742,0.039261583,0.028483763,0.020449618,0.016389437,53.0,85.0,134.0,0.125,0.046272263,,0.33333334
2026-04-19,2,0,0,1,0.6,6.0,19.0,0.0,15842.857,5228.5713,8447.619,9621.429,10700.0,311253.0,292868.0,289137.8,282633.28,282131.1,0.057111643,0.021231804,0.029466104,0.031633455,0.03695162,35.0,88.0,122.0,0.05,0.047563225,,0.0
2026-04-19,3,0,1,1,0.6,6.0,19.0,47.0,13471.429,7585.7144,3619.0476,4750.0,5377.143,293813.56,281799.94,276864.9,274806.8,276781.4,0.04725449,0.030334214,0.013496491,0.015305474,0.015102905,43.0,88.0,145.0,0.05,0.03312406,,0.0
2026-04-19,4,0,0,0,0.6,6.0,19.0,0.0,15800.0,8064.2856,5052.381,7164.2856,6348.5713,297673.44,280522.78,276162.44,272013.72,273878.3,0.057163756,0.030347528,0.026875619,0.033181973,0.029949373,37.0,87.0,133.0,0.075,0.0377796,,0.0
2026-04-19,5,0,0,0,0.6,6.0,19.0,0.0,14542.857,5100.0,7176.1904,3189.2856,5160.0,290853.16,278718.66,278685.06,273377.28,274238.53,0.06220093,0.023141002,0.025468417,0.008048903,0.012888323,38.0,93.0,127.0,0.1,0.03521127,,0.33333334
2026-04-19,6,0,0,0,0.6,6.0,19.0,0.0,12842.857,10035.714,9800.0,8453.571,9282.857,293268.72,273941.94,273191.9,269827.56,275216.8,0.035894077,0.027428068,0.025046254,0.022045687,0.026039978,42.0,88.0,126.0,0.075,0.033639003,,0.0
2026-04-19,7,0,0,0,0.6,6.0,19.0,0.0,22842.857,16485.715,12990.477,9760.714,6311.4287,309351.84,294262.84,287120.16,282970.53,284176.2,0.07132322,0.053098407,0.04180032,0.032012578,0.021233518,42.0,78.0,117.0,0.075,0.052751012,,0.0
2026-04-19,8,1,1,1,0.6,6.0,19.0,0.0,17000.0,14914.286,12514.286,11646.429,11877.143,299993.44,286464.28,289241.44,285842.5,285439.34,0.044997264,0.051888406,0.041145675,0.036401726,0.037879106,39.0,69.0,109.0,0.075,0.045774646,,0.0
2026-04-19,9,0,0,0,0.6,6.0,19.0,0.0,5142.857,3628.5715,4147.619,4389.2856,4217.143,304931.28,287400.72,286917.0,282670.47,283052.6,0.010442707,0.011479724,0.016233712,0.017670514,0.01734031,47.0,87.0,128.0,0.075,0.03547945,,0.33333334
2026-04-19,ã‚¾ãƒ­ç›®,0,0,1,0.6,6.0,19.0,15.0,41828.57,29100.0,19757.143,11453.571,7140.0,312728.72,298592.34,292580.1,288755.4,289508.62,0.11328476,0.07691089,0.05578379,0.027120883,0.013753848,32.0,74.0,117.0,0.225,0.038751386,,0.0
2026-04-20,0,0,0,0,0.6333333,0.0,20.0,0.0,5642.857,11042.857,8380.952,10053.571,7491.4287,309234.84,302803.84,298317.66,290569.8,287316.16,0.014724932,0.031652298,0.024842141,0.032071307,0.024102945,56.0,90.0,132.0,0.09756097,0.036321186,,0.0
2026-04-20,1,0,1,1,0.6333333,0.0,20.0,22.0,10071.429,9150.0,6533.3335,6307.143,5748.5713,306053.56,306391.84,305488.0,299660.22,302073.8,0.03883505,0.028366897,0.02204817,0.022281678,0.019748583,45.0,86.0,135.0,0.14634146,0.046272263,,0.0
2026-04-20,2,0,0,1,0.6333333,0.0,20.0,0.0,11657.143,6592.857,8171.4287,9925.0,10197.143,309945.16,300196.94,294422.16,287305.1,284003.38,0.044554427,0.026898734,0.027757585,0.032824162,0.034877244,37.0,83.0,118.0,0.12195122,0.047563225,,0.0
2026-04-20,3,0,0,0,0.6333333,0.0,20.0,48.0,16157.143,8921.429,5009.524,7067.857,6528.5713,291910.28,291324.0,284210.75,280153.2,279054.7,0.05567701,0.03149585,0.016527528,0.024628274,0.018622339,40.0,86.0,136.0,0.048780486,0.03312406,,0.0
2026-04-20,4,0,0,0,0.6333333,0.0,20.0,0.0,7671.4287,5614.2856,2633.3333,5725.0,5725.7144,293754.56,288129.78,281448.56,276598.75,276238.5,0.032816306,0.019777955,0.01580557,0.026256619,0.027609034,44.0,93.0,141.0,0.14634146,0.0377796,,0.33333334
2026-04-20,5,0,0,0,0.6333333,0.0,20.0,0.0,7700.0,3300.0,5785.7144,2835.7144,5317.143,288597.44,284218.84,282004.72,276629.1,275310.84,0.038795438,0.015957326,0.019850822,0.007205981,0.013789603,44.0,96.0,129.0,0.09756097,0.03521127,,0.0
2026-04-20,6,0,0,0,0.6333333,0.0,20.0,0.0,9285.714,8514.286,8647.619,8228.571,8185.7144,290631.44,281385.78,278885.44,273594.84,276543.56,0.024243893,0.020871,0.019656774,0.021579469,0.0218209,44.0,91.0,128.0,0.0,0.033639003,,0.0
2026-04-20,7,1,1,1,0.6333333,0.0,20.0,0.0,10828.571,17750.0,11623.81,9414.286,6237.143,302564.28,302468.0,293261.16,287686.47,285571.5,0.038850106,0.059454374,0.035050575,0.030406067,0.02100434,47.0,73.0,120.0,0.09756097,0.052751012,,0.33333334
2026-04-20,8,0,0,0,0.6333333,0.0,20.0,0.0,24657.143,15035.714,14038.096,13475.0,11551.429,300966.84,294305.78,294267.1,289996.9,287820.34,0.06958439,0.04722835,0.04519502,0.04282766,0.035047386,30.0,69.0,100.0,0.14634146,0.045774646,,0.33333334
2026-04-20,9,0,0,1,0.6333333,0.0,20.0,0.0,3457.1428,4007.1428,2971.4285,3760.7144,4500.0,305089.16,296175.28,293979.56,286548.3,285147.5,0.0053936853,0.013963062,0.0105500715,0.015175103,0.01855784,47.0,85.0,130.0,0.07317073,0.03547945,,0.0
2026-04-20,ã‚¾ãƒ­ç›®,0,1,1,0.6333333,0.0,20.0,16.0,42485.715,29100.0,19152.38,13025.0,7680.0,310898.16,304935.94,297894.9,292613.47,290972.84,0.11555936,0.07603607,0.05174265,0.03474372,0.01575795,28.0,72.0,117.0,0.024390243,0.038751386,,0.0
2026-04-21,0,1,1,1,0.6666667,1.0,21.0,0.0,8700.0,10764.286,8666.667,10921.429,8414.286,293110.72,301294.94,291805.84,289814.9,284351.2,0.024175694,0.030549014,0.025760794,0.03565971,0.026996037,54.0,91.0,130.0,0.12195122,0.036321186,,0.0
2026-04-21,1,0,0,0,0.6666667,1.0,21.0,23.0,16300.0,11057.143,8061.905,7164.2856,6408.5713,292242.28,309244.84,301348.56,299923.2,298958.1,0.060203243,0.036086354,0.027642354,0.025667649,0.022349143,37.0,79.0,127.0,0.024390243,0.046272263,,0.0
2026-04-21,2,0,1,1,0.6666667,1.0,21.0,0.0,13100.0,7907.143,7666.6665,10521.429,10117.143,293540.72,300121.72,290003.38,286216.44,281432.28,0.05189126,0.03304009,0.02696078,0.035529893,0.035113074,36.0,76.0,118.0,0.07317073,0.047563225,,0.0
2026-04-21,3,0,1,1,0.6666667,1.0,21.0,49.0,13685.714,7000.0,4442.857,6475.0,4645.7144,278432.56,291810.16,279964.2,280232.06,274871.28,0.045440495,0.022670697,0.013931218,0.021944063,0.012861559,46.0,93.0,138.0,0.07317073,0.03312406,,0.0
2026-04-21,4,0,0,0,0.6666667,1.0,21.0,0.0,4728.5713,4457.143,1923.8096,5467.857,4374.2856,282538.72,287998.44,277347.28,276738.2,273671.8,0.019799853,0.014485239,0.012366767,0.025113918,0.022543177,49.0,95.0,143.0,0.07317073,0.0377796,,0.0
2026-04-21,5,0,0,1,0.6666667,1.0,21.0,0.0,4485.7144,3064.2856,5552.381,3539.2856,4502.857,275231.0,283748.66,276829.25,275062.3,272046.44,0.029408142,0.01493424,0.019542027,0.010115994,0.011552655,49.0,98.0,131.0,0.09756097,0.03521127,,0.0
2026-04-21,6,0,0,0,0.6666667,1.0,21.0,0.0,8271.429,8100.0,6085.7144,8214.286,6691.4287,274599.44,280527.06,271732.44,272725.75,273076.06,0.019134335,0.018766042,0.011593226,0.021375539,0.016774043,46.0,92.0,136.0,0.14634146,0.033639003,,0.33333334
2026-04-21,7,0,0,0,0.6666667,1.0,21.0,0.0,15571.429,18807.143,11652.381,9464.286,6888.5713,289037.28,301277.34,287469.53,286599.84,282383.62,0.060102254,0.06481442,0.03734212,0.03118698,0.024291534,40.0,70.0,118.0,0.07317073,0.052751012,,0.0
2026-04-21,8,0,0,0,0.6666667,1.0,21.0,0.0,18042.857,13657.143,13004.762,14232.143,11408.571,288990.84,294574.5,289601.9,289232.47,284774.94,0.049146645,0.04069881,0.0424985,0.04613749,0.03497961,35.0,74.0,104.0,0.12195122,0.045774646,,0.6666667
2026-04-21,9,0,0,1,0.6666667,1.0,21.0,0.0,6857.143,3678.5715,2976.1904,3996.4285,3880.0,292702.16,297351.66,288748.2,286120.84,282516.44,0.017755672,0.012198595,0.011220696,0.016219586,0.016988626,43.0,88.0,129.0,0.09756097,0.03547945,,0.0
2026-04-21,ã‚¾ãƒ­ç›®,0,0,0,0.6666667,1.0,21.0,17.0,44571.43,30371.428,20128.572,13960.714,8957.143,299120.0,307520.44,293414.2,291165.0,287538.84,0.12643965,0.081287965,0.056302764,0.038845863,0.02051943,27.0,68.0,112.0,0.09756097,0.038751386,,0.0
2026-04-22,0,0,0,0,0.7,2.0,22.0,1.0,16100.0,14114.286,10228.571,11560.714,9862.857,293580.0,303387.94,296429.28,289004.5,286059.56,0.049724776,0.04202457,0.029726729,0.038153358,0.032013297,45.0,86.0,128.0,0.024390243,0.036321186,,0.0
2026-04-22,1,0,0,1,0.7,2.0,22.0,24.0,12114.286,13150.0,5495.2383,7089.2856,4488.5713,290465.16,311353.28,297712.94,299031.1,296292.62,0.04628731,0.044277817,0.02041321,0.025358303,0.01718302,39.0,76.0,134.0,0.19512194,0.046272263,,0.33333334
2026-04-22,2,0,0,0,0.7,2.0,22.0,0.0,11171.429,9042.857,9114.286,11214.286,10877.143,286249.84,299787.94,293139.34,283968.8,282593.62,0.04778667,0.03759981,0.033171993,0.038409304,0.038200893,37.0,75.0,115.0,0.12195122,0.047563225,,0.0
2026-04-22,3,0,0,0,0.7,2.0,22.0,50.0,13842.857,9178.571,6376.1904,7382.143,5062.857,276735.28,293836.28,284088.8,278796.0,276547.2,0.04665088,0.030381506,0.02143949,0.02529204,0.013866682,44.0,88.0,133.0,0.07317073,0.03312406,,0.0
2026-04-22,4,0,1,1,0.7,2.0,22.0,0.0,400.0,3221.4285,733.3333,3089.2856,3134.2856,283208.16,292638.5,281610.94,275215.78,275329.75,0.0049723433,0.0111764725,0.008685357,0.017528081,0.017981805,50.0,95.0,148.0,0.07317073,0.0377796,,0.0
2026-04-22,5,0,0,0,0.7,2.0,22.0,0.0,4628.5713,3135.7144,7233.3335,4421.4287,5062.857,276024.56,285657.34,281365.34,274532.97,275252.03,0.029805038,0.014930093,0.027307687,0.013080554,0.014023818,46.0,100.0,126.0,0.048780486,0.03521127,,0.0
2026-04-22,6,1,1,1,0.7,2.0,22.0,0.0,5000.0,7800.0,6809.524,7714.2856,5591.4287,266774.0,283494.06,274056.2,271354.9,268744.9,0.0070997737,0.017818253,0.015803259,0.01940507,0.01356321,48.0,92.0,136.0,0.07317073,0.033639003,,0.0
2026-04-22,7,0,0,0,0.7,2.0,22.0,0.0,2300.0,13492.857,11490.477,7889.2856,6580.0,279835.56,302032.56,291806.94,284699.06,283590.03,0.015931806,0.044139978,0.0396548,0.025429586,0.023598166,50.0,79.0,118.0,0.07317073,0.052751012,,0.33333334
2026-04-22,8,0,0,0,0.7,2.0,22.0,0.0,14700.0,14592.857,12247.619,13078.571,11814.286,282800.28,296123.56,287560.66,287547.94,285436.72,0.038882464,0.044376925,0.040242348,0.042589106,0.03658569,38.0,72.0,108.0,0.17073171,0.045774646,,0.0
2026-04-22,9,0,0,1,0.7,2.0,22.0,0.0,12357.143,4685.7144,4619.048,3325.0,4477.143,287475.56,299618.16,291388.66,284922.2,283760.5,0.036751978,0.015809076,0.01807374,0.014263731,0.019268798,36.0,87.0,125.0,0.09756097,0.03547945,,0.0
2026-04-22,ã‚¾ãƒ­ç›®,0,1,1,0.7,2.0,22.0,18.0,41557.145,22814.285,19985.715,14228.571,9405.714,295707.84,298787.34,295981.75,289592.56,288061.8,0.1165625,0.06262069,0.05554451,0.039729502,0.02222776,29.0,74.0,115.0,0.048780486,0.038751386,,0.33333334
2026-04-23,0,0,0,1,0.73333335,3.0,23.0,2.0,12871.429,13907.143,10514.286,11025.0,9034.286,298713.28,309244.16,299036.66,291829.6,287885.12,0.036684517,0.04131409,0.031134186,0.03563554,0.028258767,45.0,88.0,128.0,0.12195122,0.036321186,,0.0
2026-04-23,1,0,0,0,0.73333335,3.0,23.0,25.0,10642.857,13028.571,6500.0,7721.4287,4940.0,304225.28,316537.66,302166.56,301245.06,298117.16,0.036558755,0.04293276,0.024598025,0.027724368,0.018849934,36.0,76.0,129.0,0.09756097,0.046272263,,0.0
2026-04-23,2,0,0,0,0.73333335,3.0,23.0,0.0,4542.857,7535.7144,8695.238,10960.714,9897.143,293103.72,305196.44,295538.56,286649.47,284675.88,0.019597275,0.030478086,0.031441018,0.03728524,0.03357688,41.0,80.0,116.0,0.17073171,0.047563225,,0.33333334
2026-04-23,3,0,0,0,0.73333335,3.0,23.0,51.0,7200.0,8342.857,6614.2856,6207.143,4757.143,284021.84,298480.44,287805.2,279708.84,277144.1,0.016356748,0.027509611,0.024088385,0.020425128,0.012721096,49.0,89.0,132.0,0.0,0.03312406,,0.0
2026-04-23,4,0,0,0,0.73333335,3.0,23.0,0.0,-785.7143,4771.4287,-295.2381,3135.7144,4131.4287,293486.72,298000.22,285922.66,278895.6,277157.97,-0.0043386915,0.01682243,0.0015939116,0.01626916,0.021976817,47.0,90.0,148.0,0.048780486,0.0377796,,0.0
2026-04-23,5,0,0,1,0.73333335,3.0,23.0,0.0,-2671.4285,3057.1428,6214.2856,4810.7144,4191.4287,286539.0,291671.78,284372.94,277448.0,276143.5,-0.004799635,0.016945053,0.023292476,0.016406694,0.010535892,54.0,100.0,131.0,0.024390243,0.03521127,,0.0
2026-04-23,6,0,1,1,0.73333335,3.0,23.0,1.0,14471.429,12757.143,9928.571,9171.429,6642.857,278829.84,290236.06,279052.1,274407.9,271098.25,0.04226614,0.036727544,0.02753493,0.02360069,0.016389899,40.0,84.0,130.0,0.07317073,0.033639003,,0.0
2026-04-23,7,0,0,0,0.73333335,3.0,23.0,0.0,-3714.2856,11600.0,9833.333,7485.7144,5951.4287,288249.84,307166.78,294673.62,287226.84,284747.53,-0.010601271,0.03604196,0.032466702,0.024178479,0.021129949,54.0,84.0,125.0,0.17073171,0.052751012,,0.0
2026-04-23,8,0,0,0,0.73333335,3.0,23.0,0.0,16971.428,13414.286,13147.619,13325.0,12214.286,294812.84,301712.0,292905.53,288528.2,287496.84,0.05038909,0.03901517,0.045550756,0.04355815,0.03849844,35.0,76.0,104.0,0.09756097,0.045774646,,0.0
2026-04-23,9,1,1,1,0.73333335,3.0,23.0,0.0,15642.857,3678.5715,2766.6667,3025.0,4337.143,297280.0,304166.84,292485.38,286646.47,284633.53,0.05312892,0.010275991,0.010157812,0.012706839,0.01859358,30.0,90.0,129.0,0.07317073,0.03547945,,0.33333334
2026-04-23,ã‚¾ãƒ­ç›®,0,1,1,0.73333335,3.0,23.0,19.0,33728.57,24800.0,20133.334,15046.429,10571.429,304108.72,306685.94,300311.62,291655.5,290095.16,0.08280071,0.071106814,0.055306725,0.042691596,0.026874317,31.0,67.0,114.0,0.12195122,0.038751386,,0.33333334
2026-04-24,0,0,0,1,0.76666665,4.0,24.0,3.0,12071.429,11664.286,9452.381,9853.571,8585.714,287402.72,295064.0,290708.62,289048.94,286558.78,0.031038724,0.033177588,0.026762778,0.030382723,0.02589525,39.0,89.0,130.0,0.1,0.036321186,,0.0
2026-04-24,1,0,0,0,0.76666665,4.0,24.0,26.0,7357.143,7921.4287,6828.5713,7357.143,4288.5713,298034.28,302483.44,296498.72,298384.28,297010.03,0.019945871,0.026542945,0.02415596,0.025467854,0.015532622,36.0,81.0,126.0,0.075,0.046272263,,0.33333334
2026-04-24,2,0,0,0,0.76666665,4.0,24.0,0.0,-42.857143,7271.4287,7557.143,10146.429,8728.571,279411.28,292635.0,287955.0,285039.56,282529.84,-0.0029700252,0.025803499,0.025536986,0.032756574,0.027935114,43.0,78.0,118.0,0.075,0.047563225,,0.0
2026-04-24,3,0,0,0,0.76666665,4.0,24.0,52.0,4600.0,5978.5713,6509.524,4653.5713,4842.857,279082.72,286130.22,280725.1,276479.25,276710.84,0.000505586,0.015670449,0.020676173,0.012812378,0.012853408,49.0,95.0,133.0,0.075,0.03312406,,0.0
2026-04-24,4,0,0,0,0.76666665,4.0,24.0,0.0,-8214.286,3778.5715,-352.38095,2800.0,3082.8572,285158.84,287831.94,280517.34,277277.4,275634.7,-0.039157037,0.01041002,-0.000547979,0.01402248,0.016799768,54.0,90.0,148.0,0.125,0.0377796,,0.33333334
2026-04-24,5,0,1,1,0.76666665,4.0,24.0,0.0,-6628.5713,3507.1428,4019.0476,4817.857,4000.0,278912.0,278814.0,277225.44,275283.8,274860.03,-0.02537973,0.0155168045,0.014689942,0.015737083,0.009182095,55.0,94.0,135.0,0.1,0.03521127,,0.33333334
2026-04-24,6,0,0,0,0.76666665,4.0,24.0,2.0,15114.286,14471.429,10023.81,9810.714,7314.2856,273384.16,279969.78,272504.72,272112.8,269975.6,0.046358336,0.043486077,0.0288147,0.026632862,0.019653624,35.0,76.0,128.0,0.175,0.033639003,,0.0
2026-04-24,7,0,0,0,0.76666665,4.0,24.0,0.0,-6414.2856,8871.429,8790.477,7517.857,5097.143,284221.72,295149.66,287859.2,284924.7,283752.2,-0.024585065,0.025048358,0.027260236,0.023367174,0.016961107,54.0,89.0,128.0,0.075,0.052751012,,0.0
2026-04-24,8,0,1,1,0.76666665,4.0,24.0,0.0,13600.0,11935.714,11533.333,12600.0,11520.0,284831.72,290403.34,285815.84,285915.22,285627.16,0.031863064,0.030384224,0.037903737,0.039390285,0.034711577,37.0,79.0,111.0,0.075,0.045774646,,0.0
2026-04-24,9,1,1,1,0.76666665,4.0,24.0,0.0,17657.143,6278.5713,4738.095,4535.7144,4871.4287,288782.0,290628.56,285212.34,284296.53,283135.16,0.069396175,0.025368363,0.020904439,0.020998606,0.022326333,29.0,85.0,123.0,0.1,0.03547945,,0.0
2026-04-24,ã‚¾ãƒ­ç›®,0,0,1,0.76666665,4.0,24.0,20.0,29414.285,21957.143,21214.285,15260.714,10591.429,295578.16,297214.28,294330.72,289998.06,288710.47,0.06411017,0.061005563,0.05783648,0.043267976,0.026691087,31.0,68.0,106.0,0.025,0.038751386,,0.0
2026-04-25,0,0,1,1,0.8,5.0,25.0,4.0,3785.7144,7950.0,10000.0,10853.571,8597.143,267132.16,287697.06,286106.1,285580.66,282369.28,0.011607529,0.023317548,0.028858513,0.033672083,0.026319295,41.0,92.0,126.0,0.075,0.036321186,,0.33333334
2026-04-25,1,0,0,0,0.8,5.0,25.0,27.0,5842.857,5407.143,6619.048,6332.143,4865.7144,276044.84,294493.5,291221.25,294137.72,292237.7,0.01550735,0.019439854,0.023383336,0.02258864,0.016728977,33.0,84.0,125.0,0.075,0.046272263,,0.0
2026-04-25,2,0,0,0,0.8,5.0,25.0,0.0,-4514.2856,6385.7144,3914.2856,6885.7144,7828.5713,256519.58,283817.56,282476.9,280569.53,277731.25,-0.01841246,0.021586176,0.013979456,0.02278832,0.024853157,45.0,78.0,127.0,0.175,0.047563225,,0.33333334
2026-04-25,3,0,0,0,0.8,5.0,25.0,53.0,114.28571,5914.2856,4514.2856,2950.0,4077.1428,254837.58,278152.44,275833.0,272297.03,271854.1,-0.014069717,0.014115796,0.013957669,0.007307213,0.010261285,51.0,93.0,138.0,0.1,0.03312406,,0.0
2026-04-25,4,0,0,1,0.8,5.0,25.0,0.0,-17385.715,928.5714,-1395.238,600.0,2925.7144,261604.0,280454.34,275799.62,272298.25,270422.84,-0.07062084,-0.0011660679,-0.005718526,0.006225044,0.014601235,60.0,92.0,149.0,0.075,0.0377796,,0.0
2026-04-25,5,0,0,1,0.8,5.0,25.0,0.0,-1628.5714,3492.8572,3514.2856,4992.857,5182.857,257454.86,271584.94,272292.8,271981.16,270624.72,-0.009075971,0.01692246,0.014237016,0.016927939,0.012909881,46.0,88.0,134.0,0.075,0.03521127,,0.0
2026-04-25,6,0,0,0,0.8,5.0,25.0,3.0,7742.857,9871.429,7228.5713,8139.2856,6954.2856,252397.42,272335.56,266801.84,267761.3,265618.16,0.025555559,0.029504701,0.020529427,0.021624483,0.018382365,38.0,81.0,133.0,0.075,0.033639003,,0.0
2026-04-25,7,0,0,0,0.8,5.0,25.0,0.0,-8000.0,6471.4287,7452.381,7203.5713,5711.4287,266104.28,288229.5,285365.47,281639.94,279706.9,-0.0304069,0.017708384,0.022763835,0.022134475,0.018079113,52.0,92.0,131.0,0.125,0.052751012,,0.0
2026-04-25,8,1,1,1,0.8,5.0,25.0,0.0,7085.7144,10714.286,11871.429,11846.429,11488.571,259673.0,281915.34,279072.47,282208.0,281040.0,0.018946538,0.028061265,0.03961281,0.03768781,0.03516358,37.0,78.0,108.0,0.125,0.045774646,,0.0
2026-04-25,9,0,1,1,0.8,5.0,25.0,1.0,19385.715,7478.5713,6919.048,6025.0,6468.5713,266415.72,284061.16,280382.2,280540.97,278330.72,0.08150239,0.03164859,0.029130142,0.0267393,0.027811108,24.0,79.0,115.0,0.075,0.03547945,,0.0
2026-04-25,ã‚¾ãƒ­ç›®,0,0,0,0.8,5.0,25.0,21.0,1785.7142,20978.572,22390.477,14917.857,10840.0,264520.0,290572.94,290013.84,285678.47,284768.84,0.007988892,0.058822423,0.061620437,0.042729937,0.027642673,35.0,67.0,100.0,0.025,0.038751386,,0.33333334
2026-04-26,0,0,0,0,0.8333333,6.0,26.0,5.0,6200.0,7578.5713,10376.19,9150.0,9442.857,272118.16,291451.72,287509.94,287398.06,283299.12,0.017885217,0.021556787,0.029725337,0.028153831,0.028629605,39.0,93.0,126.0,0.075,0.036321186,,0.0
2026-04-26,1,0,1,1,0.8333333,6.0,26.0,28.0,3728.5715,3900.0,8566.667,6660.7144,5354.2856,281802.44,295833.06,292312.34,295357.5,292424.97,0.008660964,0.0149958525,0.029061377,0.023528064,0.018091887,36.0,89.0,121.0,0.125,0.046272263,,0.33333334
2026-04-26,2,0,0,0,0.8333333,6.0,26.0,0.0,-285.7143,7778.5713,3390.476,6264.2856,7640.0,265631.28,288442.16,283789.1,283261.2,279232.88,-0.0047653797,0.026173132,0.012566076,0.020908233,0.024353689,42.0,77.0,130.0,0.05,0.047563225,,0.0
2026-04-26,3,0,0,0,0.8333333,6.0,26.0,54.0,-3785.7144,4842.857,3795.238,1767.8572,3042.8572,267313.84,280563.72,276971.25,274477.16,273308.22,-0.024200356,0.011527069,0.012156024,0.0040722797,0.0074043088,53.0,96.0,141.0,0.05,0.03312406,,0.0
2026-04-26,4,0,0,0,0.8333333,6.0,26.0,0.0,-11300.0,2250.0,1609.5238,964.2857,3471.4285,269634.0,283653.72,276893.2,274530.3,271537.78,-0.05206637,0.002548694,0.0028762282,0.007140122,0.016132306,55.0,92.0,142.0,0.075,0.0377796,,0.0
2026-04-26,5,0,0,1,0.8333333,6.0,26.0,0.0,-542.8571,7000.0,3219.0476,5246.4287,2442.8572,260761.86,275807.5,272733.06,274204.25,270854.2,-0.0061691403,0.028015895,0.013370954,0.017559027,0.005205294,45.0,83.0,138.0,0.1,0.03521127,,0.0
2026-04-26,6,0,0,1,0.8333333,6.0,26.0,4.0,-485.7143,6178.5713,6528.5713,7228.5713,6665.7144,257254.0,275261.34,268379.28,269207.44,267312.84,0.0017417975,0.018817937,0.018865978,0.01922014,0.01798491,47.0,89.0,135.0,0.075,0.033639003,,0.0
2026-04-26,7,1,1,1,0.8333333,6.0,26.0,0.0,-9700.0,6571.4287,7757.143,7317.857,5868.5713,268607.0,288979.44,285710.9,282491.84,280097.84,-0.035210688,0.018056266,0.02366204,0.022547567,0.018567923,53.0,95.0,131.0,0.075,0.052751012,,0.0
2026-04-26,8,0,0,0,0.8333333,6.0,26.0,1.0,11714.286,14357.143,13847.619,12314.286,11660.0,264612.56,282303.0,279180.38,283084.22,281596.5,0.0319237,0.038460482,0.045233503,0.038840182,0.03550612,34.0,73.0,103.0,0.075,0.045774646,,0.33333334
2026-04-26,9,0,0,0,0.8333333,6.0,26.0,2.0,18714.285,11928.571,8657.143,7789.2856,7254.2856,271543.0,288237.16,282114.8,283073.5,280444.97,0.078321114,0.044381913,0.03376019,0.031755563,0.029800635,25.0,72.0,112.0,0.075,0.03547945,,0.33333334
2026-04-26,ã‚¾ãƒ­ç›®,0,1,1,0.8333333,6.0,26.0,22.0,4442.857,23135.715,20880.953,15928.571,10051.429,273949.44,293339.06,290378.06,287922.44,285794.2,0.01847258,0.06587867,0.057431452,0.046455987,0.025391223,33.0,65.0,107.0,0.225,0.038751386,,0.0
2026-04-27,0,0,0,0,0.8666667,0.0,27.0,6.0,13228.571,9435.714,11771.429,9592.857,10688.571,275437.84,292336.34,293681.84,292597.72,287543.44,0.03935381,0.02703937,0.034219466,0.028470058,0.033527806,34.0,90.0,124.0,0.09756097,0.036321186,,0.0
2026-04-27,1,0,0,0,0.8666667,0.0,27.0,29.0,10771.429,10421.429,9690.477,7592.857,7200.0,284779.84,295416.72,299187.84,300310.97,296684.16,0.028678857,0.033756953,0.028470885,0.023705842,0.023561114,35.0,80.0,121.0,0.14634146,0.046272263,,0.0
2026-04-27,2,0,0,0,0.8666667,0.0,27.0,0.0,-3000.0,4328.5713,3395.238,5378.5713,7340.0,267226.28,288585.72,289206.72,287623.2,283289.34,-0.012977295,0.015788566,0.013606724,0.017573865,0.023663873,47.0,84.0,130.0,0.12195122,0.047563225,,0.0
2026-04-27,3,0,0,0,0.8666667,0.0,27.0,55.0,-11000.0,2578.5715,2280.9524,1007.1429,3454.2856,268585.0,280247.66,283744.34,280304.3,277839.53,-0.04581004,0.0049334858,0.00572722,0.00094313646,0.010540611,60.0,100.0,146.0,0.048780486,0.03312406,,0.0
2026-04-27,4,0,1,1,0.8666667,0.0,27.0,0.0,-12200.0,-2264.2856,-323.8095,-1075.0,2140.0,275093.44,284424.0,283784.34,279859.78,276297.7,-0.05407064,-0.010627167,-0.004838244,-0.0016634825,0.010191168,57.0,101.0,150.0,0.14634146,0.0377796,,0.0
2026-04-27,5,1,1,1,0.8666667,0.0,27.0,0.0,6342.857,7021.4287,4314.2856,5925.0,3537.1428,273251.28,280924.34,280563.0,279816.34,275953.53,0.0144547215,0.02662508,0.015456458,0.018501796,0.008655729,40.0,84.0,136.0,0.09756097,0.03521127,,0.0
2026-04-27,6,0,0,1,0.8666667,0.0,27.0,5.0,5814.2856,7550.0,7614.2856,7939.2856,7745.7144,261826.28,276228.84,274865.94,274620.66,271241.16,0.021509865,0.02287688,0.021083957,0.020120045,0.02156555,43.0,87.0,134.0,0.0,0.033639003,,0.0
2026-04-27,7,0,1,1,0.8666667,0.0,27.0,1.0,114.28571,5471.4287,11871.429,8746.429,7554.2856,273677.0,288120.66,292871.0,288365.1,284884.56,-0.0078076543,0.015521226,0.0370337,0.024336018,0.022763323,48.0,95.0,121.0,0.09756097,0.052751012,,0.6666667
2026-04-27,8,0,0,0,0.8666667,0.0,27.0,2.0,8014.2856,16335.714,12695.238,12532.143,12382.857,271935.84,286451.34,286849.16,288684.28,286384.7,0.019023417,0.0443039,0.037826706,0.03865212,0.03806681,40.0,70.0,109.0,0.14634146,0.045774646,,0.33333334
2026-04-27,9,0,0,1,0.8666667,0.0,27.0,3.0,19071.428,11264.286,9028.571,6996.4287,6822.857,274012.84,289551.0,288787.8,288987.9,284041.22,0.07945405,0.042423867,0.03579339,0.027776066,0.028030893,26.0,73.0,111.0,0.07317073,0.03547945,,0.0
2026-04-27,ã‚¾ãƒ­ç›®,0,0,0,0.8666667,0.0,27.0,23.0,9314.286,25900.0,22504.762,16692.857,12282.857,280186.56,295542.34,296686.16,293467.8,290128.1,0.032141544,0.07385045,0.061404563,0.046842374,0.034223285,32.0,60.0,104.0,0.024390243,0.038751386,,0.0
2026-04-28,0,0,0,0,0.9,1.0,28.0,7.0,14471.429,11585.714,12000.0,10117.857,11631.429,287760.16,290435.44,296783.34,290794.44,289403.94,0.04311415,0.033644922,0.034737393,0.030099133,0.0371506,32.0,86.0,123.0,0.12195122,0.036321186,,0.33333334
2026-04-28,1,0,0,0,0.9,1.0,28.0,30.0,7842.857,12071.429,9985.714,8007.143,7300.0,295310.84,293776.56,304600.2,299839.16,299000.72,0.01680705,0.03850515,0.029659921,0.024933528,0.02389553,40.0,77.0,119.0,0.024390243,0.046272263,,0.0
2026-04-28,2,0,0,1,0.9,1.0,28.0,0.0,-8385.714,2357.1428,2476.1904,3653.5715,6740.0,281172.44,287356.56,293805.28,287795.66,285207.62,-0.032919895,0.009485684,0.011053429,0.011990611,0.021839937,54.0,90.0,130.0,0.07317073,0.047563225,,0.0
2026-04-28,3,0,1,1,0.9,1.0,28.0,56.0,-10585.714,1550.0,1138.0952,685.7143,3062.8572,280809.0,279620.78,288143.1,280175.4,280347.47,-0.04221254,0.0016139781,0.0010429526,-0.00010472119,0.009112743,59.0,105.0,152.0,0.07317073,0.03312406,,0.0
2026-04-28,4,0,0,1,0.9,1.0,28.0,0.0,-4142.857,292.85715,1590.4762,407.14285,3545.7144,287589.84,285064.28,287862.25,279907.94,278908.5,-0.024393333,-0.0022967404,0.001525715,0.0031767425,0.015212468,48.0,97.0,143.0,0.07317073,0.0377796,,0.0
2026-04-28,5,1,1,1,0.9,1.0,28.0,0.0,12257.143,8371.429,6128.5713,7228.5713,5282.857,283338.84,279284.94,283612.06,278456.66,276717.62,0.034463692,0.031935915,0.021444058,0.023272444,0.014985534,34.0,83.0,132.0,0.09756097,0.03521127,,0.0
2026-04-28,6,0,0,0,0.9,1.0,28.0,6.0,8571.429,8421.429,8257.143,6707.143,8285.714,275516.28,275057.84,278856.8,272678.4,273283.84,0.03251799,0.025826162,0.023350025,0.016824417,0.023604028,39.0,85.0,131.0,0.14634146,0.033639003,,0.0
2026-04-28,7,0,0,0,0.9,1.0,28.0,2.0,1285.7142,8428.571,12966.667,9060.714,7828.5713,293030.44,291033.84,298528.38,288859.75,287885.97,-0.011473373,0.02431444,0.03938516,0.025138246,0.02265491,50.0,90.0,120.0,0.07317073,0.052751012,,0.0
2026-04-28,8,0,1,1,0.9,1.0,28.0,3.0,4742.857,11392.857,10685.714,10939.286,12334.286,285197.44,287094.16,291448.8,288500.78,288425.47,0.0067457976,0.02794622,0.02938114,0.033560324,0.038259152,44.0,79.0,118.0,0.12195122,0.045774646,,0.6666667
2026-04-28,9,0,0,0,0.9,1.0,28.0,4.0,21428.572,14142.857,9595.238,7589.2856,7482.857,286278.16,289490.16,293660.47,288130.7,286152.3,0.085231684,0.051493682,0.03654296,0.029723443,0.030022006,25.0,68.0,113.0,0.09756097,0.03547945,,0.0
2026-04-28,ã‚¾ãƒ­ç›®,0,0,0,0.9,1.0,28.0,24.0,7042.857,25807.143,22595.238,16857.143,12577.143,295138.72,297129.34,303393.2,293845.3,291959.75,0.020398898,0.07341927,0.060991608,0.047326796,0.03515647,37.0,64.0,105.0,0.09756097,0.038751386,,0.0
2026-04-29,0,0,0,0,0.93333334,2.0,29.0,8.0,3757.1428,9928.571,10661.904,8610.714,10000.0,280695.0,287137.5,295823.62,292495.72,287342.6,0.0036002002,0.026662488,0.029216448,0.023195097,0.031242726,42.0,87.0,128.0,0.024390243,0.036321186,,0.0
2026-04-29,1,0,0,1,0.93333334,2.0,29.0,31.0,9171.429,10642.857,11823.81,6414.2856,7505.7144,288293.28,289379.22,303666.62,295358.03,296883.53,0.021541333,0.03391432,0.03669899,0.020695241,0.024594909,39.0,78.0,115.0,0.19512194,0.046272263,,0.0
2026-04-29,2,0,0,0,0.93333334,2.0,29.0,0.0,-10657.143,257.14285,2476.1904,4171.4287,6840.0,276265.16,281257.5,291947.0,288920.78,282428.1,-0.04125635,0.0032651613,0.011314424,0.014564908,0.022476174,56.0,93.0,131.0,0.12195122,0.047563225,,0.0
2026-04-29,3,0,0,0,0.93333334,2.0,29.0,57.0,-11971.429,935.7143,2128.5715,1789.2858,3511.4285,274690.44,275712.84,287454.34,281739.22,277974.88,-0.045060202,0.0007953375,0.0052342694,0.004814567,0.011221591,59.0,103.0,147.0,0.07317073,0.03312406,,0.0
2026-04-29,4,1,1,1,0.93333334,2.0,29.0,0.0,1614.2858,1007.1429,2685.7144,953.5714,2794.2856,280505.84,281857.0,288594.28,281334.7,276273.8,-0.0036885988,0.00064187223,0.0062214485,0.005591868,0.013284745,42.0,92.0,137.0,0.07317073,0.0377796,,0.0
2026-04-29,5,0,0,0,0.93333334,2.0,29.0,1.0,14971.429,9800.0,7080.952,9167.857,6531.4287,274790.72,275407.66,282035.16,279721.7,274584.5,0.047694933,0.038749985,0.025851706,0.032404497,0.02000343,30.0,76.0,130.0,0.048780486,0.03521127,,0.0
2026-04-29,6,0,1,1,0.93333334,2.0,29.0,7.0,8814.286,6907.143,8138.095,7310.7144,7934.2856,273244.84,270009.44,280077.66,273853.34,271732.88,0.03321956,0.020159667,0.022952022,0.020157333,0.022167968,39.0,87.0,131.0,0.07317073,0.033639003,,0.33333334
2026-04-29,7,0,0,0,0.93333334,2.0,29.0,3.0,6828.5713,4564.2856,11271.429,10325.0,7677.143,290656.56,285246.06,298240.56,291519.34,285890.56,0.009789062,0.012860434,0.032689672,0.032188367,0.02230148,45.0,95.0,124.0,0.07317073,0.052751012,,0.33333334
2026-04-29,8,0,0,0,0.93333334,2.0,29.0,4.0,6042.857,10371.429,11742.857,10696.429,11671.429,283501.56,283150.94,291916.25,286545.9,286738.66,0.0121851135,0.025533788,0.033646323,0.03322804,0.036508307,41.0,79.0,113.0,0.17073171,0.045774646,,0.0
2026-04-29,9,0,1,1,0.93333334,2.0,29.0,5.0,17842.857,15100.0,9071.429,7925.0,6228.5713,281627.56,284551.56,293621.28,288948.4,284263.25,0.07141426,0.05408312,0.034344137,0.031408872,0.025693838,31.0,67.0,118.0,0.09756097,0.03547945,,0.0
2026-04-29,ã‚¾ãƒ­ç›®,0,0,1,0.93333334,2.0,29.0,25.0,6157.143,23857.143,17261.904,16528.572,12614.286,288660.84,292184.34,295411.84,294151.53,289406.22,0.016877925,0.06672021,0.0473731,0.045877863,0.03515919,38.0,67.0,112.0,0.048780486,0.038751386,,0.33333334
2026-04-30,0,0,0,0,0.96666664,3.0,30.0,9.0,1071.4286,6971.4287,9628.571,8153.5713,9034.286,284557.44,291635.34,301015.25,295416.84,290375.16,-0.005030745,0.015826887,0.025865814,0.022092953,0.027502282,41.0,86.0,129.0,0.12195122,0.036321186,,0.0
2026-04-30,1,0,0,0,0.96666664,3.0,30.0,32.0,7857.143,9250.0,11304.762,6839.2856,7748.5713,296904.44,300564.84,309993.25,300851.03,300376.94,0.017021835,0.026790295,0.034295786,0.022703977,0.025583863,39.0,75.0,115.0,0.09756097,0.046272263,,0.0
2026-04-30,2,1,1,1,0.96666664,3.0,30.0,0.0,-13028.571,-4242.857,680.9524,3264.2856,6162.857,285885.72,289494.72,298759.53,293125.34,286496.72,-0.047835626,-0.014119176,0.004373515,0.011621857,0.020261066,56.0,97.0,136.0,0.17073171,0.047563225,,0.33333334
2026-04-30,3,0,1,1,0.96666664,3.0,30.0,58.0,-15285.714,-4042.8572,466.66666,1139.2858,1908.5714,285064.84,284543.34,294008.56,287120.1,280780.06,-0.053196743,-0.018419998,0.0006074936,0.0047671036,0.005700754,61.0,110.0,150.0,0.0,0.03312406,,0.0
2026-04-30,4,0,1,1,0.96666664,3.0,30.0,1.0,6985.7144,3100.0,5509.524,1525.0,3905.7144,297101.56,295294.16,297700.66,288717.4,282536.8,0.0068014064,0.0012313576,0.013482088,0.0028957853,0.014375609,41.0,88.0,131.0,0.048780486,0.0377796,,0.0
2026-04-30,5,0,0,0,0.96666664,3.0,30.0,2.0,14157.143,5742.857,6757.143,8200.0,6680.0,281236.44,283887.72,288193.34,283588.8,278205.7,0.046572626,0.020886496,0.026820911,0.029112514,0.02243988,27.0,81.0,127.0,0.024390243,0.03521127,,0.0
2026-04-30,6,0,0,1,0.96666664,3.0,30.0,8.0,1985.7142,8228.571,9166.667,7942.857,7734.2856,283434.0,281131.94,287968.72,280147.56,276213.12,0.008060475,0.02516331,0.027171854,0.022666316,0.020492647,41.0,81.0,125.0,0.07317073,0.033639003,,0.0
2026-04-30,7,0,0,0,0.96666664,3.0,30.0,4.0,5171.4287,728.5714,9457.143,8667.857,7022.857,299571.16,293910.5,304634.9,295898.0,289695.72,0.0064555933,-0.0020728388,0.026179837,0.025963925,0.020633902,44.0,98.0,128.0,0.17073171,0.052751012,,0.0
2026-04-30,8,0,0,0,0.96666664,3.0,30.0,5.0,1857.1428,9414.286,9561.904,10325.0,11031.429,286259.0,290535.94,296561.0,291243.9,288074.34,-0.0012866575,0.024551215,0.025581228,0.033841405,0.03458919,44.0,79.0,120.0,0.09756097,0.045774646,,0.0
2026-04-30,9,0,0,1,0.96666664,3.0,30.0,6.0,22385.715,19014.285,9914.286,7671.4287,6897.143,302928.44,300104.22,303754.06,295096.16,289902.84,0.081671976,0.06740045,0.034074653,0.028036352,0.026499866,28.0,58.0,118.0,0.07317073,0.03547945,,0.33333334
2026-04-30,ã‚¾ãƒ­ç›®,0,0,0,0.96666664,3.0,30.0,26.0,1614.2858,17671.428,17071.428,15503.571,12360.0,293054.16,298581.44,302142.0,298497.25,291935.22,0.0026245622,0.042712636,0.048279397,0.042136185,0.03467819,40.0,71.0,107.0,0.12195122,0.038751386,,0.33333334
