date,month,weekday,expert,model,target_label,window,lambda,top1_tail,top1_pred,top1_actual_raw_diff,top1_prob_positive,top1_final_score,top2_tail,top2_pred,top2_actual_raw_diff,top2_prob_positive,top2_final_score,pred_span_top12,confidence_band,operational_pick_tail,operational_pick_source,operational_pick_pred,operational_pick_actual_raw_diff,operational_pick_in_actual_top2,top1_is_avoid,top2_is_avoid,hit_at_2,hit_at_3,pred_span_quartile,rolling_median,zscore,is_anomaly,anomaly_direction,is_hit_rate_miss_day,difficulty_failure,actual_top1_tail,actual_top2_tail,actual_top3_tail,actual_top1_diff,actual_top2_diff,actual_top3_diff,loss_scenario,loss_value,chosen_tail,top1_match,top2_match,top3_match,rescue_source
2026-01-01,2026-01,Thursday,2F_N,xgb_ranker_ndcg,is_top_3,full_2025,0.75,8,0.1338072907527651,12600.0,0.5,0.1338072907527651,0,0.0405354434480079,8400.0,0.5,0.0405354434480079,0.0932718473047571,low,8,top1_default,0.1338072907527651,12600.0,1,0,0,1.0,1.0,Q3,144.0,1.4631213452771414,0,normal,1,miss_day,8,0,7,12600.0,8400.0,4700.0,hit1,0.0,8,1,1,0,rank1
2026-01-01,2026-01,Thursday,3F_A,xgb_ranker_ndcg,is_top_3,full_2025,1.25,1,0.9990060653389712,39400.0,0.5,0.9990060653389712,9,0.998751557663378,42300.0,0.5,0.998751557663378,0.0002545076755929,undefined,9,top2_on_undefined,0.998751557663378,42300.0,0,0,0,0.0,0.0,Q1,144.0,1.4631213452771414,0,normal,1,miss_day,8,7,3,52000.0,48200.0,47500.0,critical_miss,9700.0,1,0,0,0,none
2026-01-01,2026-01,Thursday,3F_N,xgb_ranker_ndcg,is_top_3,recent_60d,0.75,6,0.901352875480148,10200.0,0.5,0.901352875480148,7,0.4907183796028236,5700.0,0.5,0.4907183796028236,0.4106344958773243,high,6,top1_default,0.901352875480148,10200.0,1,0,0,1.0,1.0,Q4,144.0,1.4631213452771414,0,normal,1,miss_day,6,7,2,10200.0,5700.0,2100.0,hit1,0.0,6,1,1,0,rank1
2026-01-02,2026-01,Friday,2F_N,xgb_ranker_ndcg,is_top_3,full_2025,0.75,9,0.9992866888316132,35300.0,0.5,0.9992866888316132,6,0.998593993897745,33900.0,0.5,0.998593993897745,0.0006926949338681,undefined,6,top2_on_undefined,0.998593993897745,33900.0,1,0,0,1.0,1.0,Q1,160.5,0.12866665735372773,0,normal,0,hit_day,9,3,6,35300.0,33900.0,33900.0,hit1,0.0,9,1,0,0,rank1
2026-01-02,2026-01,Friday,3F_A,xgb_ranker_ndcg,is_top_3,full_2025,1.25,4,0.9757719096724689,16400.0,0.5,0.9757719096724689,0,0.3445452096109586,4900.0,0.5,0.3445452096109586,0.6312267000615103,high,4,top1_default,0.9757719096724689,16400.0,1,0,0,1.0,1.0,Q4,160.5,0.12866665735372773,0,normal,0,hit_day,4,0,7,16400.0,4900.0,4700.0,hit1,0.0,4,1,1,0,rank1
2026-01-02,2026-01,Friday,3F_N,xgb_ranker_ndcg,is_top_3,recent_60d,0.75,5,0.9282769708613188,15200.0,0.5,0.9282769708613188,3,0.0852032204294075,300.0,0.5,0.0852032204294075,0.8430737504319111,high,5,top1_default,0.9282769708613188,15200.0,1,0,0,1.0,1.0,Q4,160.5,0.12866665735372773,0,normal,0,hit_day,5,6,3,15200.0,2000.0,300.0,hit1,0.0,5,1,0,0,rank1
2026-01-03,2026-01,Saturday,2F_N,xgb_ranker_ndcg,is_top_3,full_2025,0.75,0,0.9969798905365758,38800.0,0.5,0.9969798905365758,7,0.9433827954378392,28200.0,0.5,0.9433827954378392,0.0535970950987365,low,0,top1_default,0.9969798905365758,38800.0,1,0,0,1.0,1.0,Q3,144.0,-0.6196853987633989,0,normal,1,miss_day,0,7,4,38800.0,28200.0,27200.0,hit1,0.0,0,1,1,0,rank1
2026-01-03,2026-01,Saturday,3F_A,xgb_ranker_ndcg,is_top_3,full_2025,1.25,1,0.0050063564670866,-3500.0,0.5,0.0050063564670866,9,0.0044100002780175,-4500.0,0.5,0.0044100002780175,0.0005963561890691,undefined,9,top2_on_undefined,0.0044100002780175,-4500.0,0,0,0,0.0,1.0,Q1,144.0,-0.6196853987633989,0,normal,1,miss_day,4,5,6,900.0,500.0,-400.0,critical_miss,4400.0,1,0,0,0,none
2026-01-03,2026-01,Saturday,3F_N,xgb_ranker_ndcg,is_top_3,recent_60d,0.75,2,0.962637645248027,13000.0,0.5,0.962637645248027,9,0.7760329308498521,7000.0,0.5,0.7760329308498521,0.1866047143981748,medium,2,top1_default,0.962637645248027,13000.0,1,0,0,1.0,1.0,Q3,144.0,-0.6196853987633989,0,normal,1,miss_day,2,9,8,13000.0,7000.0,3300.0,hit1,0.0,2,1,1,0,rank1
2026-01-04,2026-01,Sunday,2F_N,xgb_ranker_ndcg,is_top_3,full_2025,0.75,8,0.997382062503694,33700.0,0.5,0.997382062503694,7,0.6953472892817767,13400.0,0.5,0.6953472892817767,0.3020347732219174,high,8,top1_default,0.997382062503694,33700.0,1,0,0,1.0,1.0,Q4,137.5,-2.282742734186793,1,low_anomaly,0,hit_day,8,7,3,33700.0,13400.0,5700.0,hit1,0.0,8,1,1,0,rank1
2026-01-04,2026-01,Sunday,3F_A,xgb_ranker_ndcg,is_top_3,full_2025,1.25,0,0.0040953466272742,-3200.0,0.5,0.0040953466272742,4,0.0020184730440108,1600.0,0.5,0.0020184730440108,0.0020768735832633,low,0,top1_default,0.0040953466272742,-3200.0,0,0,0,1.0,1.0,Q1,137.5,-2.282742734186793,1,low_anomaly,0,hit_day,4,6,0,1600.0,-700.0,-3200.0,miss1_hit2,0.0,4,0,1,0,rank2
2026-01-04,2026-01,Sunday,3F_N,xgb_ranker_ndcg,is_top_3,recent_60d,0.75,9,0.889462876944552,16300.0,0.5,0.889462876944552,0,0.0447408803905781,1600.0,0.5,0.0447408803905781,0.8447219965539737,high,9,top1_default,0.889462876944552,16300.0,1,0,0,1.0,1.0,Q4,137.5,-2.282742734186793,1,low_anomaly,0,hit_day,9,0,1,16300.0,1600.0,-200.0,hit1,0.0,9,1,1,0,rank1
2026-01-05,2026-01,Monday,2F_N,xgb_ranker_ndcg,is_top_3,full_2025,0.75,9,0.9984646536600276,39700.0,0.5,0.9984646536600276,1,0.9953222864076527,48500.0,0.5,0.9953222864076527,0.0031423672523747,low,9,top1_default,0.9984646536600276,39700.0,1,0,0,1.0,1.0,Q1,137.5,1.8916976825315492,1,high_anomaly,0,hit_day,1,9,0,48500.0,39700.0,25800.0,hit1,8800.0,9,1,1,0,rank1
2026-01-05,2026-01,Monday,3F_A,xgb_ranker_ndcg,is_top_3,full_2025,1.25,6,0.9983924805374408,13000.0,0.5,0.9983924805374408,4,0.6363968080971076,8700.0,0.5,0.6363968080971076,0.3619956724403332,high,6,top1_default,0.9983924805374408,13000.0,1,0,0,1.0,1.0,Q4,137.5,1.8916976825315492,1,high_anomaly,0,hit_day,6,4,1,13000.0,8700.0,5100.0,hit1,0.0,6,1,1,0,rank1
2026-01-05,2026-01,Monday,3F_N,xgb_ranker_ndcg,is_top_3,full_2025,1.0,6,0.9991826904484375,25400.0,0.5,0.9991826904484375,3,0.998607610728891,22200.0,0.5,0.998607610728891,0.0005750797195465,undefined,3,top2_on_undefined,0.998607610728891,22200.0,0,0,0,1.0,1.0,Q1,137.5,1.8916976825315492,1,high_anomaly,0,hit_day,1,6,5,26800.0,25400.0,22300.0,hit1,1400.0,6,1,0,0,rank1
2026-01-06,2026-01,Tuesday,2F_N,xgb_ranker_ndcg,is_top_3,recent_60d,1.25,2,0.9979443282953628,44400.0,0.5,0.9979443282953628,6,0.9972448286967152,38300.0,0.5,0.9972448286967152,0.0006994995986476,undefined,6,top2_on_undefined,0.9972448286967152,38300.0,1,0,0,1.0,1.0,Q1,144.0,0.49532808618907526,0,normal,0,hit_day,2,6,7,44400.0,38300.0,27100.0,hit1,0.0,2,1,1,0,rank1
2026-01-06,2026-01,Tuesday,3F_A,xgb_ranker_ndcg,is_top_3,full_2025,1.25,9,0.8306014318336309,9200.0,0.5,0.8306014318336309,5,0.8066026076896082,6300.0,0.5,0.8066026076896082,0.0239988241440226,low,9,top1_default,0.8306014318336309,9200.0,1,0,0,1.0,1.0,Q2,144.0,0.49532808618907526,0,normal,0,hit_day,9,5,2,9200.0,6300.0,5000.0,hit1,0.0,9,1,1,0,rank1
2026-01-06,2026-01,Tuesday,3F_N,xgb_ranker_ndcg,is_top_3,full_2025,1.0,1,0.994529750087484,17300.0,0.5,0.994529750087484,3,0.9936829809492708,20300.0,0.5,0.9936829809492708,0.0008467691382131,undefined,3,top2_on_undefined,0.9936829809492708,20300.0,1,0,0,1.0,1.0,Q1,144.0,0.49532808618907526,0,normal,0,hit_day,3,1,2,20300.0,17300.0,15300.0,hit1,3000.0,1,1,1,0,rank1
2026-01-07,2026-01,Wednesday,2F_N,xgb_ranker_ndcg,is_top_3,full_2025,1.0,0,0.9952226855713324,39400.0,0.5,0.9952226855713324,4,0.9788547771204692,32300.0,0.5,0.9788547771204692,0.0163679084508631,low,0,top1_default,0.9952226855713324,39400.0,1,0,0,1.0,1.0,Q2,160.5,1.114012351764974,0,normal,0,hit_day,0,5,4,39400.0,35900.0,32300.0,hit1,0.0,0,1,0,0,rank1
2026-01-07,2026-01,Wednesday,3F_A,xgb_ranker_ndcg,is_top_3,full_2025,0.75,3,0.9848594839911384,9000.0,0.5,0.9848594839911384,7,0.9774637102853616,11200.0,0.5,0.9774637102853616,0.0073957737057768,low,3,top1_default,0.9848594839911384,9000.0,1,0,0,1.0,1.0,Q2,160.5,1.114012351764974,0,normal,0,hit_day,7,3,0,11200.0,9000.0,8500.0,hit1,2200.0,3,1,1,0,rank1
2026-01-07,2026-01,Wednesday,3F_N,xgb_ranker_ndcg,is_top_3,full_2025,1.25,3,0.9950050579687572,21600.0,0.5,0.9950050579687572,0,0.9938651212999954,20600.0,0.5,0.9938651212999954,0.0011399366687617,low,3,top1_default,0.9950050579687572,21600.0,1,0,0,1.0,1.0,Q1,160.5,1.114012351764974,0,normal,0,hit_day,7,3,0,22100.0,21600.0,20600.0,hit1,500.0,3,1,0,0,rank1
2026-01-08,2026-01,Thursday,2F_N,xgb_ranker_ndcg,is_top_3,recent_60d,0.75,1,0.9969943183897024,54400.0,0.5,0.9969943183897024,5,0.9967887811890505,30700.0,0.5,0.9967887811890505,0.0002055372006518,undefined,5,top2_on_undefined,0.9967887811890505,30700.0,1,0,0,1.0,1.0,Q1,160.5,-0.1450688381597167,0,normal,0,hit_day,1,5,7,54400.0,30700.0,22000.0,hit1,0.0,1,1,1,0,rank1
2026-01-08,2026-01,Thursday,3F_A,xgb_ranker_ndcg,is_top_3,full_2025,1.25,6,0.995736523373428,9800.0,0.5,0.995736523373428,9,0.9795652429660938,9500.0,0.5,0.9795652429660938,0.016171280407334,low,6,top1_default,0.995736523373428,9800.0,1,0,0,1.0,1.0,Q2,160.5,-0.1450688381597167,0,normal,0,hit_day,6,9,2,9800.0,9500.0,6600.0,hit1,0.0,6,1,1,0,rank1
2026-01-08,2026-01,Thursday,3F_N,xgb_ranker_ndcg,is_top_3,full_2025,1.0,0,0.8274103575961027,9900.0,0.5,0.8274103575961027,8,0.2569115453208578,5400.0,0.5,0.2569115453208578,0.5704988122752448,high,0,top1_default,0.8274103575961027,9900.0,1,0,0,1.0,1.0,Q4,160.5,-0.1450688381597167,0,normal,0,hit_day,0,8,1,9900.0,5400.0,2400.0,hit1,0.0,0,1,1,0,rank1
2026-01-09,2026-01,Friday,2F_N,xgb_ranker_ndcg,is_top_3,recent_60d,1.0,6,0.8438478271581293,12000.0,0.5,0.8438478271581293,4,0.7181195003260091,10900.0,0.5,0.7181195003260091,0.1257283268321202,medium,6,top1_default,0.8438478271581293,12000.0,1,0,0,1.0,1.0,Q3,144.0,-0.39190587870800436,0,normal,0,hit_day,2,6,4,13600.0,12000.0,10900.0,hit1,1600.0,6,1,0,0,rank1
2026-01-09,2026-01,Friday,3F_A,xgb_ranker_ndcg,is_top_3,full_2025,1.25,3,0.996985507723666,10700.0,0.5,0.996985507723666,0,0.5854619920879464,5100.0,0.5,0.5854619920879464,0.4115235156357196,high,3,top1_default,0.996985507723666,10700.0,1,0,0,1.0,1.0,Q4,144.0,-0.39190587870800436,0,normal,0,hit_day,3,0,9,10700.0,5100.0,2900.0,hit1,0.0,3,1,1,0,rank1
2026-01-09,2026-01,Friday,3F_N,xgb_ranker_ndcg,is_top_3,full_2025,1.0,2,0.999241013936412,35600.0,0.5,0.999241013936412,6,0.871702504336692,9500.0,0.5,0.871702504336692,0.12753850959972,medium,2,top1_default,0.999241013936412,35600.0,1,0,0,1.0,1.0,Q3,144.0,-0.39190587870800436,0,normal,0,hit_day,2,1,6,35600.0,11600.0,9500.0,hit1,0.0,2,1,0,0,rank1
2026-01-10,2026-01,Saturday,2F_N,xgb_ranker_ndcg,is_top_3,recent_60d,1.25,6,0.9977520362206131,54500.0,0.5,0.9977520362206131,3,0.969973953310923,28400.0,0.5,0.969973953310923,0.0277780829096901,low,6,top1_default,0.9977520362206131,54500.0,1,0,0,1.0,1.0,Q2,160.5,0.511101799948491,0,normal,0,hit_day,6,3,2,54500.0,28400.0,22300.0,hit1,0.0,6,1,1,0,rank1
2026-01-10,2026-01,Saturday,3F_A,xgb_ranker_ndcg,is_top_3,full_2025,1.25,1,0.9548907266824632,9900.0,0.5,0.9548907266824632,2,0.9538919229488654,11600.0,0.5,0.9538919229488654,0.0009988037335978,undefined,2,top2_on_undefined,0.9538919229488654,11600.0,1,0,0,1.0,1.0,Q1,160.5,0.511101799948491,0,normal,0,hit_day,2,1,0,11600.0,9900.0,7500.0,hit1,1700.0,1,1,1,0,rank1
2026-01-10,2026-01,Saturday,3F_N,xgb_ranker_ndcg,is_top_3,full_2025,1.0,2,0.9984743647184628,35200.0,0.5,0.9984743647184628,4,0.8776754942539876,10300.0,0.5,0.8776754942539876,0.1207988704644752,medium,2,top1_default,0.9984743647184628,35200.0,1,0,0,1.0,1.0,Q3,160.5,0.511101799948491,0,normal,0,hit_day,2,4,3,35200.0,10300.0,7500.0,hit1,0.0,2,1,1,0,rank1
2026-01-11,2026-01,Sunday,2F_N,xgb_ranker_ndcg,is_top_3,recent_60d,1.0,6,0.9969115958041956,40200.0,0.5,0.9969115958041956,3,0.9918604488645032,61200.0,0.5,0.9918604488645032,0.0050511469396924,low,6,top1_default,0.9969115958041956,40200.0,1,0,0,1.0,1.0,Q1,166.5,-0.039879540233992275,0,normal,0,hit_day,3,6,1,61200.0,40200.0,39900.0,hit1,21000.0,6,1,1,0,rank1
2026-01-11,2026-01,Sunday,3F_A,xgb_ranker_ndcg,is_top_3,full_2025,1.25,4,0.998688362789663,27300.0,0.5,0.998688362789663,1,0.7395279272705944,9200.0,0.5,0.7395279272705944,0.2591604355190686,medium,4,top1_default,0.998688362789663,27300.0,1,0,0,1.0,1.0,Q4,166.5,-0.039879540233992275,0,normal,0,hit_day,4,7,1,27300.0,9400.0,9200.0,hit1,0.0,4,1,0,0,rank1
2026-01-11,2026-01,Sunday,3F_N,xgb_ranker_ndcg,is_top_3,full_2025,1.0,5,0.010656607322503,-1700.0,0.5,0.010656607322503,6,0.0053689231303994,-300.0,0.5,0.0053689231303994,0.0052876841921036,low,5,top1_default,0.010656607322503,-1700.0,1,0,0,1.0,1.0,Q1,166.5,-0.039879540233992275,0,normal,0,hit_day,6,5,4,-300.0,-1700.0,-5600.0,hit1,1400.0,5,1,1,0,rank1
2026-01-12,2026-01,Monday,2F_N,xgb_ranker_ndcg,is_top_3,recent_60d,1.25,2,0.9955592286956536,34900.0,0.5,0.9955592286956536,3,0.5677484805772652,12100.0,0.5,0.5677484805772652,0.4278107481183884,high,2,top1_default,0.9955592286956536,34900.0,1,0,0,1.0,1.0,Q4,166.5,-1.1977139647714377,0,normal,0,hit_day,2,3,0,34900.0,12100.0,9300.0,hit1,0.0,2,1,1,0,rank1
2026-01-12,2026-01,Monday,3F_A,xgb_ranker_ndcg,is_top_3,full_2025,1.25,1,0.876960136155799,8500.0,0.5,0.876960136155799,6,0.5857076005085811,5600.0,0.5,0.5857076005085811,0.291252535647218,medium,1,top1_default,0.876960136155799,8500.0,1,0,0,1.0,1.0,Q4,166.5,-1.1977139647714377,0,normal,0,hit_day,1,6,0,8500.0,5600.0,4700.0,hit1,0.0,1,1,1,0,rank1
2026-01-12,2026-01,Monday,3F_N,xgb_ranker_ndcg,is_top_3,full_2025,1.0,5,0.6228779463489525,8100.0,0.5,0.6228779463489525,4,0.1735342136419675,5800.0,0.5,0.1735342136419675,0.449343732706985,high,5,top1_default,0.6228779463489525,8100.0,1,0,0,1.0,1.0,Q4,166.5,-1.1977139647714377,0,normal,0,hit_day,5,4,9,8100.0,5800.0,-300.0,hit1,0.0,5,1,1,0,rank1
2026-01-13,2026-01,Tuesday,2F_N,xgb_ranker_ndcg,is_top_3,full_2025,0.75,0,0.995961162920492,28000.0,0.5,0.995961162920492,3,0.6695406342667408,17400.0,0.5,0.6695406342667408,0.3264205286537511,high,0,top1_default,0.995961162920492,28000.0,1,0,0,1.0,1.0,Q4,150.0,-1.7764517316235837,1,low_anomaly,0,hit_day,0,3,5,28000.0,17400.0,-400.0,hit1,0.0,0,1,1,0,rank1
2026-01-13,2026-01,Tuesday,3F_A,xgb_ranker_ndcg,is_top_3,recent_60d,0.75,1,0.7628491608592273,6500.0,0.5,0.7628491608592273,5,0.7276500506674477,5700.0,0.5,0.7276500506674477,0.0351991101917795,low,1,top1_default,0.7628491608592273,6500.0,1,0,0,1.0,1.0,Q2,150.0,-1.7764517316235837,1,low_anomaly,0,hit_day,1,5,2,6500.0,5700.0,4600.0,hit1,0.0,1,1,1,0,rank1
2026-01-13,2026-01,Tuesday,3F_N,xgb_ranker_ndcg,is_top_3,full_2025,1.0,9,0.9923389663092504,16600.0,0.5,0.9923389663092504,5,0.6816983110063797,7700.0,0.5,0.6816983110063797,0.3106406553028707,high,9,top1_default,0.9923389663092504,16600.0,1,0,0,1.0,1.0,Q4,150.0,-1.7764517316235837,1,low_anomaly,0,hit_day,9,5,7,16600.0,7700.0,1900.0,hit1,0.0,9,1,1,0,rank1
2026-01-14,2026-01,Wednesday,2F_N,xgb_ranker_ndcg,is_top_3,full_2025,1.0,1,0.9946723727880284,41300.0,0.5,0.9946723727880284,5,0.9931324799623206,38300.0,0.5,0.9931324799623206,0.0015398928257077,low,1,top1_default,0.9946723727880284,41300.0,1,0,0,1.0,1.0,Q1,150.0,0.23429723868982233,0,normal,0,hit_day,1,5,0,41300.0,38300.0,29100.0,hit1,0.0,1,1,1,0,rank1
2026-01-14,2026-01,Wednesday,3F_A,xgb_ranker_ndcg,is_top_3,full_2025,0.75,5,0.99466220004393,11900.0,0.5,0.99466220004393,3,0.9775106309676108,6000.0,0.5,0.9775106309676108,0.0171515690763192,low,5,top1_default,0.99466220004393,11900.0,1,0,0,1.0,1.0,Q2,150.0,0.23429723868982233,0,normal,0,hit_day,5,6,9,11900.0,7700.0,7300.0,hit1,0.0,5,1,0,0,rank1
2026-01-14,2026-01,Wednesday,3F_N,xgb_ranker_ndcg,is_top_3,full_2025,1.25,6,0.9902040639078858,17800.0,0.5,0.9902040639078858,2,0.8911026217808836,11900.0,0.5,0.8911026217808836,0.0991014421270022,low,6,top1_default,0.9902040639078858,17800.0,1,0,0,1.0,1.0,Q3,150.0,0.23429723868982233,0,normal,0,hit_day,6,2,3,17800.0,11900.0,8600.0,hit1,0.0,6,1,1,0,rank1
2026-01-15,2026-01,Thursday,2F_N,xgb_ranker_ndcg,is_top_3,full_2025,0.75,9,0.6224974723564117,14200.0,0.5,0.6224974723564117,7,0.5727979796436629,13100.0,0.5,0.5727979796436629,0.0496994927127488,low,9,top1_default,0.6224974723564117,14200.0,1,0,0,1.0,1.0,Q3,150.0,0.09380824539869312,0,normal,0,hit_day,9,7,4,14200.0,13100.0,13000.0,hit1,0.0,9,1,1,0,rank1
2026-01-15,2026-01,Thursday,3F_A,xgb_ranker_ndcg,is_top_3,full_2025,1.25,4,0.971946353557924,9300.0,0.5,0.971946353557924,7,0.9563002918383312,9300.0,0.5,0.9563002918383312,0.0156460617195928,low,4,top1_default,0.971946353557924,9300.0,1,0,0,1.0,1.0,Q2,150.0,0.09380824539869312,0,normal,0,hit_day,4,7,0,9300.0,9300.0,8200.0,hit1,0.0,4,1,1,0,rank1
2026-01-15,2026-01,Thursday,3F_N,xgb_ranker_ndcg,is_top_3,full_2025,1.0,2,0.9993392283000716,32000.0,0.5,0.9993392283000716,7,0.9992865450433882,31800.0,0.5,0.9992865450433882,5.268325668328355e-05,undefined,7,top2_on_undefined,0.9992865450433882,31800.0,1,0,0,1.0,1.0,Q1,150.0,0.09380824539869312,0,normal,0,hit_day,2,7,4,32000.0,31800.0,24000.0,hit1,0.0,2,1,1,0,rank1
2026-01-16,2026-01,Friday,2F_N,xgb_ranker_ndcg,is_top_3,full_2025,0.75,2,0.9988299548796166,45600.0,0.5,0.9988299548796166,4,0.6336223542523645,19800.0,0.5,0.6336223542523645,0.3652076006272521,high,2,top1_default,0.9988299548796166,45600.0,1,0,0,1.0,1.0,Q4,163.0,1.5173277622137509,1,high_anomaly,0,hit_day,2,4,8,45600.0,19800.0,18200.0,hit1,0.0,2,1,1,0,rank1
2026-01-16,2026-01,Friday,3F_A,xgb_ranker_ndcg,is_top_3,recent_60d,1.0,3,0.9967249961662908,16200.0,0.5,0.9967249961662908,8,0.9952957395529486,20400.0,0.5,0.9952957395529486,0.0014292566133421,low,3,top1_default,0.9967249961662908,16200.0,1,0,0,1.0,1.0,Q1,163.0,1.5173277622137509,1,high_anomaly,0,hit_day,8,3,7,20400.0,16200.0,15500.0,hit1,4200.0,3,1,1,0,rank1
2026-01-16,2026-01,Friday,3F_N,xgb_ranker_ndcg,is_top_3,full_2025,1.0,5,0.9992657298391382,39600.0,0.5,0.9992657298391382,3,0.998376937901648,29700.0,0.5,0.998376937901648,0.0008887919374901,undefined,3,top2_on_undefined,0.998376937901648,29700.0,1,0,0,1.0,1.0,Q1,163.0,1.5173277622137509,1,high_anomaly,0,hit_day,5,3,8,39600.0,29700.0,15600.0,hit1,0.0,5,1,1,0,rank1
2026-01-17,2026-01,Saturday,2F_N,xgb_ranker_ndcg,is_top_3,full_2025,0.75,9,0.9976231972519716,40500.0,0.5,0.9976231972519716,7,0.8912016267746886,27900.0,0.5,0.8912016267746886,0.1064215704772828,medium,9,top1_default,0.9976231972519716,40500.0,1,0,0,1.0,1.0,Q3,163.0,-0.27933935745451005,0,normal,0,hit_day,9,8,7,40500.0,29400.0,27900.0,hit1,0.0,9,1,0,0,rank1
2026-01-17,2026-01,Saturday,3F_A,xgb_ranker_ndcg,is_top_3,full_2025,1.25,6,0.9885790341138728,15900.0,0.5,0.9885790341138728,1,0.9766804688292476,15800.0,0.5,0.9766804688292476,0.0118985652846251,low,6,top1_default,0.9885790341138728,15900.0,1,0,0,1.0,1.0,Q2,163.0,-0.27933935745451005,0,normal,0,hit_day,6,1,9,15900.0,15800.0,12800.0,hit1,0.0,6,1,1,0,rank1
2026-01-17,2026-01,Saturday,3F_N,xgb_ranker_ndcg,is_top_3,full_2025,1.0,4,0.9462502046740972,15300.0,0.5,0.9462502046740972,5,0.7185412838186618,7600.0,0.5,0.7185412838186618,0.2277089208554354,medium,4,top1_default,0.9462502046740972,15300.0,1,0,0,1.0,1.0,Q3,163.0,-0.27933935745451005,0,normal,0,hit_day,4,5,2,15300.0,7600.0,2700.0,hit1,0.0,4,1,1,0,rank1
2026-01-18,2026-01,Sunday,2F_N,xgb_ranker_ndcg,is_top_3,full_2025,0.75,0,0.9496603069673254,27500.0,0.5,0.9496603069673254,7,0.7141792104406929,17900.0,0.5,0.7141792104406929,0.2354810965266325,medium,0,top1_default,0.9496603069673254,27500.0,1,0,0,1.0,1.0,Q3,163.0,-1.0485661900994268,0,normal,0,hit_day,0,3,7,27500.0,19700.0,17900.0,hit1,0.0,0,1,0,0,rank1
2026-01-18,2026-01,Sunday,3F_A,xgb_ranker_ndcg,is_top_3,recent_60d,0.75,3,0.9758864878144898,8000.0,0.5,0.9758864878144898,7,0.8872795851710932,6800.0,0.5,0.8872795851710932,0.0886069026433966,low,3,top1_default,0.9758864878144898,8000.0,1,0,0,1.0,1.0,Q3,163.0,-1.0485661900994268,0,normal,0,hit_day,3,7,2,8000.0,6800.0,3800.0,hit1,0.0,3,1,1,0,rank1
2026-01-18,2026-01,Sunday,3F_N,xgb_ranker_ndcg,is_top_3,full_2025,1.0,0,0.9974966951656172,35700.0,0.5,0.9974966951656172,9,0.8929910238377798,9100.0,0.5,0.8929910238377798,0.1045056713278373,medium,0,top1_default,0.9974966951656172,35700.0,1,0,0,1.0,1.0,Q3,163.0,-1.0485661900994268,0,normal,0,hit_day,0,8,9,35700.0,13300.0,9100.0,hit1,0.0,0,1,0,0,rank1
2026-01-19,2026-01,Monday,2F_N,xgb_ranker_ndcg,is_top_3,full_2025,0.75,1,0.738768611172256,13400.0,0.5,0.738768611172256,5,0.2034724354308785,10600.0,0.5,0.2034724354308785,0.5352961757413774,high,1,top1_default,0.738768611172256,13400.0,1,0,0,1.0,1.0,Q4,163.0,-0.8978860802260901,0,normal,0,hit_day,1,5,2,13400.0,10600.0,9000.0,hit1,0.0,1,1,1,0,rank1
2026-01-19,2026-01,Monday,3F_A,xgb_ranker_ndcg,is_top_3,full_2025,1.25,9,0.9524440059434373,8600.0,0.5,0.9524440059434373,8,0.5181839179131866,4300.0,0.5,0.5181839179131866,0.4342600880302506,high,9,top1_default,0.9524440059434373,8600.0,1,0,0,1.0,1.0,Q4,163.0,-0.8978860802260901,0,normal,0,hit_day,9,3,8,8600.0,4700.0,4300.0,hit1,0.0,9,1,0,0,rank1
2026-01-19,2026-01,Monday,3F_N,xgb_ranker_ndcg,is_top_3,recent_60d,1.0,5,0.997755456032297,16600.0,0.5,0.997755456032297,2,0.996593749082036,24500.0,0.5,0.996593749082036,0.0011617069502609,low,5,top1_default,0.997755456032297,16600.0,1,0,0,1.0,1.0,Q1,163.0,-0.8978860802260901,0,normal,0,hit_day,2,5,1,24500.0,16600.0,12000.0,hit1,7900.0,5,1,1,0,rank1
2026-01-20,2026-01,Tuesday,2F_N,xgb_ranker_ndcg,is_top_3,full_2025,0.75,3,0.9847596819849253,28400.0,0.5,0.9847596819849253,1,0.9629558421622456,24400.0,0.5,0.9629558421622456,0.0218038398226796,low,3,top1_default,0.9847596819849253,28400.0,1,0,0,1.0,1.0,Q2,169.5,0.4404430134973731,0,normal,0,hit_day,3,1,8,28400.0,24400.0,17000.0,hit1,0.0,3,1,1,0,rank1
2026-01-20,2026-01,Tuesday,3F_A,xgb_ranker_ndcg,is_top_3,full_2025,1.25,5,0.9369206134490176,8500.0,0.5,0.9369206134490176,2,0.7685692593821294,7400.0,0.5,0.7685692593821294,0.1683513540668881,medium,5,top1_default,0.9369206134490176,8500.0,1,0,0,1.0,1.0,Q3,169.5,0.4404430134973731,0,normal,0,hit_day,5,2,3,8500.0,7400.0,4600.0,hit1,0.0,5,1,1,0,rank1
2026-01-20,2026-01,Tuesday,3F_N,xgb_ranker_ndcg,is_top_3,full_2025,1.0,9,0.9993670254182544,22500.0,0.5,0.9993670254182544,6,0.998696805964742,28400.0,0.5,0.998696805964742,0.0006702194535125,undefined,6,top2_on_undefined,0.998696805964742,28400.0,1,0,0,1.0,1.0,Q1,169.5,0.4404430134973731,0,normal,0,hit_day,6,9,3,28400.0,22500.0,17700.0,hit1,5900.0,9,1,1,0,rank1
2026-01-21,2026-01,Wednesday,2F_N,xgb_ranker_ndcg,is_top_3,full_2025,1.0,2,0.9935851831448614,30500.0,0.5,0.9935851831448614,7,0.979798628380458,27300.0,0.5,0.979798628380458,0.0137865547644033,low,2,top1_default,0.9935851831448614,30500.0,0,0,0,0.0,1.0,Q2,169.5,0.8666313857923647,0,normal,1,miss_day,4,3,2,40800.0,33300.0,30500.0,critical_miss,10300.0,2,0,0,0,none
2026-01-21,2026-01,Wednesday,3F_A,xgb_ranker_ndcg,is_top_3,full_2025,0.75,9,0.9899293888235026,13200.0,0.5,0.9899293888235026,8,0.9691117879193638,6500.0,0.5,0.9691117879193638,0.0208176009041387,low,9,top1_default,0.9899293888235026,13200.0,1,0,0,1.0,1.0,Q2,169.5,0.8666313857923647,0,normal,1,miss_day,9,8,0,13200.0,6500.0,6200.0,hit1,0.0,9,1,1,0,rank1
2026-01-21,2026-01,Wednesday,3F_N,xgb_ranker_ndcg,is_top_3,full_2025,1.25,0,0.995056132646944,25700.0,0.5,0.995056132646944,5,0.85120479505604,9300.0,0.5,0.85120479505604,0.1438513375909041,medium,0,top1_default,0.995056132646944,25700.0,1,0,0,1.0,1.0,Q3,169.5,0.8666313857923647,0,normal,1,miss_day,0,5,9,25700.0,9300.0,6700.0,hit1,0.0,0,1,1,0,rank1
2026-01-22,2026-01,Thursday,2F_N,xgb_ranker_ndcg,is_top_3,full_2025,0.75,6,0.9613281867287272,22100.0,0.5,0.9613281867287272,5,0.9530401928629416,21700.0,0.5,0.9530401928629416,0.0082879938657856,low,6,top1_default,0.9613281867287272,22100.0,1,0,0,1.0,1.0,Q2,176.5,0.2273256717508132,0,normal,0,hit_day,6,5,2,22100.0,21700.0,10200.0,hit1,0.0,6,1,1,0,rank1
2026-01-22,2026-01,Thursday,3F_A,xgb_ranker_ndcg,is_top_3,full_2025,1.25,6,0.9495592269707508,7800.0,0.5,0.9495592269707508,4,0.9311984301342688,7800.0,0.5,0.9311984301342688,0.0183607968364819,low,6,top1_default,0.9495592269707508,7800.0,1,0,0,1.0,1.0,Q2,176.5,0.2273256717508132,0,normal,0,hit_day,4,6,7,7800.0,7800.0,6600.0,hit1,0.0,6,1,1,0,rank1
2026-01-22,2026-01,Thursday,3F_N,xgb_ranker_ndcg,is_top_3,recent_60d,0.75,1,0.9971623046130332,25200.0,0.5,0.9971623046130332,3,0.9970781287629348,39000.0,0.5,0.9970781287629348,8.417585009856676e-05,undefined,3,top2_on_undefined,0.9970781287629348,39000.0,1,0,0,1.0,1.0,Q1,176.5,0.2273256717508132,0,normal,0,hit_day,3,0,1,39000.0,28100.0,25200.0,miss1_hit2,0.0,3,0,1,0,rank2
2026-01-23,2026-01,Friday,2F_N,xgb_ranker_ndcg,is_top_3,full_2025,0.75,4,0.9401435642188366,22300.0,0.5,0.9401435642188366,2,0.8656172643359099,19200.0,0.5,0.8656172643359099,0.0745262998829267,low,4,top1_default,0.9401435642188366,22300.0,1,0,0,1.0,1.0,Q3,176.5,-0.9877134487745847,0,normal,0,hit_day,4,2,9,22300.0,19200.0,10200.0,hit1,0.0,4,1,1,0,rank1
2026-01-23,2026-01,Friday,3F_A,xgb_ranker_ndcg,is_top_3,full_2025,1.25,5,0.9768944142723686,7500.0,0.5,0.9768944142723686,0,0.7372504960587601,6300.0,0.5,0.7372504960587601,0.2396439182136084,medium,5,top1_default,0.9768944142723686,7500.0,1,0,0,1.0,1.0,Q3,176.5,-0.9877134487745847,0,normal,0,hit_day,5,0,4,7500.0,6300.0,5400.0,hit1,0.0,5,1,1,0,rank1
2026-01-23,2026-01,Friday,3F_N,xgb_ranker_ndcg,is_top_3,recent_60d,0.75,0,0.9502339706480516,9400.0,0.5,0.9502339706480516,5,0.910027523898522,10400.0,0.5,0.910027523898522,0.0402064467495295,low,0,top1_default,0.9502339706480516,9400.0,1,0,0,1.0,1.0,Q2,176.5,-0.9877134487745847,0,normal,0,hit_day,5,0,6,10400.0,9400.0,6200.0,hit1,1000.0,0,1,1,0,rank1
2026-01-24,2026-01,Saturday,2F_N,xgb_ranker_ndcg,is_top_3,recent_60d,0.75,6,0.972643825043442,32000.0,0.5,0.972643825043442,7,0.9600156078033282,31800.0,0.5,0.9600156078033282,0.0126282172401138,low,6,top1_default,0.972643825043442,32000.0,1,0,0,1.0,1.0,Q2,176.5,0.18904907360623355,0,normal,0,hit_day,6,7,0,32000.0,31800.0,15300.0,hit1,0.0,6,1,1,0,rank1
2026-01-24,2026-01,Saturday,3F_A,xgb_ranker_ndcg,is_top_3,full_2025,1.25,1,0.9967658065124452,16300.0,0.5,0.9967658065124452,0,0.994353290352411,17500.0,0.5,0.994353290352411,0.0024125161600341,low,1,top1_default,0.9967658065124452,16300.0,1,0,0,1.0,1.0,Q1,176.5,0.18904907360623355,0,normal,0,hit_day,0,1,5,17500.0,16300.0,13500.0,hit1,1200.0,1,1,1,0,rank1
2026-01-24,2026-01,Saturday,3F_N,xgb_ranker_ndcg,is_top_3,recent_60d,1.0,6,0.9978157595026306,24800.0,0.5,0.9978157595026306,4,0.9917081389764898,22700.0,0.5,0.9917081389764898,0.0061076205261407,low,6,top1_default,0.9978157595026306,24800.0,1,0,0,1.0,1.0,Q2,176.5,0.18904907360623355,0,normal,0,hit_day,6,4,2,24800.0,22700.0,15200.0,hit1,0.0,6,1,1,0,rank1
2026-01-25,2026-01,Sunday,2F_N,xgb_ranker_ndcg,is_top_3,recent_60d,0.75,5,0.5444368778356282,23200.0,0.5,0.5444368778356282,6,0.5441954645386864,15300.0,0.5,0.5441954645386864,0.0002414132969418,undefined,6,top2_on_undefined,0.5441954645386864,15300.0,1,0,0,1.0,1.0,Q1,169.5,-0.38116190113832843,0,normal,0,hit_day,5,6,7,23200.0,15300.0,12600.0,hit1,0.0,5,1,1,0,rank1
2026-01-25,2026-01,Sunday,3F_A,xgb_ranker_ndcg,is_top_3,full_2025,1.25,3,0.8259959720339582,9600.0,0.5,0.8259959720339582,5,0.8079514290839795,8400.0,0.5,0.8079514290839795,0.0180445429499787,low,3,top1_default,0.8259959720339582,9600.0,1,0,0,1.0,1.0,Q2,169.5,-0.38116190113832843,0,normal,0,hit_day,3,5,9,9600.0,8400.0,7700.0,hit1,0.0,3,1,1,0,rank1
2026-01-25,2026-01,Sunday,3F_N,xgb_ranker_ndcg,is_top_3,recent_60d,1.0,5,0.9943370745909512,19900.0,0.5,0.9943370745909512,8,0.9936527081040109,21500.0,0.5,0.9936527081040109,0.0006843664869403,undefined,8,top2_on_undefined,0.9936527081040109,21500.0,1,0,0,1.0,1.0,Q1,169.5,-0.38116190113832843,0,normal,0,hit_day,4,8,5,34200.0,21500.0,19900.0,miss1_hit2,12700.0,8,0,1,0,rank2
2026-01-26,2026-01,Monday,2F_N,xgb_ranker_ndcg,is_top_3,recent_60d,0.75,5,0.998034761591416,28200.0,0.5,0.998034761591416,7,0.8792222348459088,19700.0,0.5,0.8792222348459088,0.1188125267455071,medium,5,top1_default,0.998034761591416,28200.0,1,0,0,1.0,1.0,Q3,175.5,0.015724170520958647,0,normal,0,hit_day,5,7,8,28200.0,19700.0,16600.0,hit1,0.0,5,1,1,0,rank1
2026-01-26,2026-01,Monday,3F_A,xgb_ranker_ndcg,is_top_3,recent_60d,0.75,5,0.995513741190186,8900.0,0.5,0.995513741190186,3,0.9528450537043678,7900.0,0.5,0.9528450537043678,0.042668687485818,low,5,top1_default,0.995513741190186,8900.0,1,0,0,1.0,1.0,Q2,175.5,0.015724170520958647,0,normal,0,hit_day,5,3,2,8900.0,7900.0,5500.0,hit1,0.0,5,1,1,0,rank1
2026-01-26,2026-01,Monday,3F_N,xgb_ranker_ndcg,is_top_3,recent_60d,0.75,8,0.9974332297485126,41200.0,0.5,0.9974332297485126,0,0.9942460775256712,18000.0,0.5,0.9942460775256712,0.0031871522228412,low,8,top1_default,0.9974332297485126,41200.0,1,0,0,1.0,1.0,Q1,175.5,0.015724170520958647,0,normal,0,hit_day,8,0,4,41200.0,18000.0,12200.0,hit1,0.0,8,1,1,0,rank1
2026-01-27,2026-01,Tuesday,2F_N,xgb_ranker_ndcg,is_top_3,recent_60d,0.75,8,0.9797148412111504,29600.0,0.5,0.9797148412111504,6,0.6054847992694942,12200.0,0.5,0.6054847992694942,0.3742300419416562,high,8,top1_default,0.9797148412111504,29600.0,1,0,0,1.0,1.0,Q4,179.0,0.9488888980581913,0,normal,0,hit_day,8,7,2,29600.0,13600.0,12300.0,hit1,0.0,8,1,0,0,rank1
2026-01-27,2026-01,Tuesday,3F_A,xgb_ranker_ndcg,is_top_3,full_2025,1.25,7,0.998236757775518,27800.0,0.5,0.998236757775518,1,0.991615638600116,17100.0,0.5,0.991615638600116,0.0066211191754017,low,7,top1_default,0.998236757775518,27800.0,1,0,0,1.0,1.0,Q2,179.0,0.9488888980581913,0,normal,0,hit_day,7,1,0,27800.0,17100.0,12100.0,hit1,0.0,7,1,1,0,rank1
2026-01-27,2026-01,Tuesday,3F_N,xgb_ranker_ndcg,is_top_3,recent_60d,1.0,6,0.9980917113269538,31400.0,0.5,0.9980917113269538,3,0.994607486950632,37900.0,0.5,0.994607486950632,0.0034842243763218,low,6,top1_default,0.9980917113269538,31400.0,1,0,0,1.0,1.0,Q1,179.0,0.9488888980581913,0,normal,0,hit_day,3,6,7,37900.0,31400.0,24800.0,hit1,6500.0,6,1,1,0,rank1
2026-01-28,2026-01,Wednesday,2F_N,xgb_ranker_ndcg,is_top_3,full_2025,1.0,1,0.968176761324882,45600.0,0.5,0.968176761324882,9,0.7649350836448537,15300.0,0.5,0.7649350836448537,0.2032416776800283,medium,1,top1_default,0.968176761324882,45600.0,1,0,0,1.0,1.0,Q3,172.0,-1.212638040688185,0,normal,0,hit_day,1,9,5,45600.0,15300.0,15000.0,hit1,0.0,1,1,1,0,rank1
2026-01-28,2026-01,Wednesday,3F_A,xgb_ranker_ndcg,is_top_3,full_2025,0.75,6,0.962247343410192,19400.0,0.5,0.962247343410192,7,0.3562257769083575,4700.0,0.5,0.3562257769083575,0.6060215665018346,high,6,top1_default,0.962247343410192,19400.0,1,0,0,1.0,1.0,Q4,172.0,-1.212638040688185,0,normal,0,hit_day,6,7,8,19400.0,4700.0,4100.0,hit1,0.0,6,1,1,0,rank1
2026-01-28,2026-01,Wednesday,3F_N,xgb_ranker_ndcg,is_top_3,full_2025,1.25,5,0.9734613340722518,13400.0,0.5,0.9734613340722518,7,0.161006848303959,1200.0,0.5,0.161006848303959,0.8124544857682927,high,5,top1_default,0.9734613340722518,13400.0,1,0,0,1.0,1.0,Q4,172.0,-1.212638040688185,0,normal,0,hit_day,5,2,3,13400.0,4200.0,2500.0,hit1,0.0,5,1,0,0,rank1
2026-01-29,2026-01,Thursday,2F_N,xgb_ranker_ndcg,is_top_3,recent_60d,0.75,6,0.9385313832223288,23900.0,0.5,0.9385313832223288,9,0.2830497782265648,8900.0,0.5,0.2830497782265648,0.6554816049957639,high,6,top1_default,0.9385313832223288,23900.0,1,0,0,1.0,1.0,Q4,163.0,-1.042480559659666,0,normal,0,hit_day,6,9,4,23900.0,8900.0,-1700.0,hit1,0.0,6,1,1,0,rank1
2026-01-29,2026-01,Thursday,3F_A,xgb_ranker_ndcg,is_top_3,full_2025,1.25,0,0.9958527520672308,10200.0,0.5,0.9958527520672308,1,0.9774330919419756,8500.0,0.5,0.9774330919419756,0.0184196601252553,low,0,top1_default,0.9958527520672308,10200.0,1,0,0,1.0,1.0,Q2,163.0,-1.042480559659666,0,normal,0,hit_day,0,1,8,10200.0,8500.0,6800.0,hit1,0.0,0,1,1,0,rank1
2026-01-29,2026-01,Thursday,3F_N,xgb_ranker_ndcg,is_top_3,full_2025,1.0,0,0.994042673989879,19300.0,0.5,0.994042673989879,2,0.7217195761157381,8800.0,0.5,0.7217195761157381,0.2723230978741409,medium,0,top1_default,0.994042673989879,19300.0,1,0,0,1.0,1.0,Q4,163.0,-1.042480559659666,0,normal,0,hit_day,0,2,4,19300.0,8800.0,7700.0,hit1,0.0,0,1,1,0,rank1
2026-01-30,2026-01,Friday,2F_N,xgb_ranker_ndcg,is_top_3,full_2025,0.75,6,0.9992722132019058,43800.0,0.5,0.9992722132019058,3,0.99518453103843,40700.0,0.5,0.99518453103843,0.0040876821634758,low,6,top1_default,0.9992722132019058,43800.0,1,0,0,1.0,1.0,Q1,163.0,0.3893769742163311,0,normal,0,hit_day,6,3,7,43800.0,40700.0,25300.0,hit1,0.0,6,1,1,0,rank1
2026-01-30,2026-01,Friday,3F_A,xgb_ranker_ndcg,is_top_3,full_2025,1.25,9,0.9928498318097838,17000.0,0.5,0.9928498318097838,1,0.797637250587382,11100.0,0.5,0.797637250587382,0.1952125812224018,medium,9,top1_default,0.9928498318097838,17000.0,1,0,0,1.0,1.0,Q3,163.0,0.3893769742163311,0,normal,0,hit_day,9,1,5,17000.0,11100.0,6100.0,hit1,0.0,9,1,1,0,rank1
2026-01-30,2026-01,Friday,3F_N,xgb_ranker_ndcg,is_top_3,recent_60d,1.25,3,0.990209695930458,23300.0,0.5,0.990209695930458,9,0.9709225598715024,10200.0,0.5,0.9709225598715024,0.0192871360589557,low,3,top1_default,0.990209695930458,23300.0,1,0,0,1.0,1.0,Q2,163.0,0.3893769742163311,0,normal,0,hit_day,3,8,9,23300.0,10500.0,10200.0,hit1,0.0,3,1,0,0,rank1
2026-01-31,2026-01,Saturday,2F_N,xgb_ranker_ndcg,is_top_3,recent_60d,0.75,7,0.6016108167096796,24800.0,0.5,0.6016108167096796,8,0.0090381693270045,-17600.0,0.5,0.0090381693270045,0.5925726473826751,high,7,top1_default,0.6016108167096796,24800.0,1,0,0,1.0,1.0,Q4,163.0,-2.6788118651726456,1,low_anomaly,0,hit_day,7,9,3,24800.0,-2700.0,-2800.0,hit1,0.0,7,1,0,0,rank1
2026-01-31,2026-01,Saturday,3F_A,xgb_ranker_ndcg,is_top_3,recent_60d,0.75,1,0.9031401666542616,7300.0,0.5,0.9031401666542616,9,0.7271722460759772,5200.0,0.5,0.7271722460759772,0.1759679205782844,medium,1,top1_default,0.9031401666542616,7300.0,1,0,0,1.0,1.0,Q3,163.0,-2.6788118651726456,1,low_anomaly,0,hit_day,1,4,9,7300.0,6300.0,5200.0,hit1,0.0,1,1,0,0,rank1
2026-01-31,2026-01,Saturday,3F_N,xgb_ranker_ndcg,is_top_3,full_2025,1.0,0,0.1032808143268027,2100.0,0.5,0.1032808143268027,8,0.0010056615813485,-5100.0,0.5,0.0010056615813485,0.1022751527454541,medium,0,top1_default,0.1032808143268027,2100.0,1,0,0,1.0,1.0,Q3,163.0,-2.6788118651726456,1,low_anomaly,0,hit_day,0,8,5,2100.0,-5100.0,-8400.0,hit1,0.0,0,1,1,0,rank1
2026-02-01,2026-02,Sunday,2F_N,xgb_ranker_ndcg,is_top_3,recent_60d,0.75,7,0.9978822298205514,38200.0,0.5,0.9978822298205514,6,0.849434515965256,21300.0,0.5,0.849434515965256,0.1484477138552954,medium,7,top1_default,0.9978822298205514,38200.0,1,0,0,1.0,1.0,Q3,163.0,-0.6622266588647253,0,normal,0,hit_day,7,6,9,38200.0,21300.0,12300.0,hit1,0.0,7,1,1,0,rank1
2026-02-01,2026-02,Sunday,3F_A,xgb_ranker_ndcg,is_top_3,full_2025,1.25,4,0.70169486259612,9800.0,0.5,0.70169486259612,0,0.689407192586236,8500.0,0.5,0.689407192586236,0.012287670009884,low,4,top1_default,0.70169486259612,9800.0,1,0,0,1.0,1.0,Q2,163.0,-0.6622266588647253,0,normal,0,hit_day,4,0,3,9800.0,8500.0,7700.0,hit1,0.0,4,1,1,0,rank1
2026-02-01,2026-02,Sunday,3F_N,xgb_ranker_ndcg,is_top_3,full_2025,1.0,4,0.949747621686449,16600.0,0.5,0.949747621686449,6,0.8532678918421552,11100.0,0.5,0.8532678918421552,0.0964797298442937,low,4,top1_default,0.949747621686449,16600.0,1,0,0,1.0,1.0,Q3,163.0,-0.6622266588647253,0,normal,0,hit_day,4,6,0,16600.0,11100.0,1000.0,hit1,0.0,4,1,1,0,rank1
2026-02-02,2026-02,Monday,2F_N,xgb_ranker_ndcg,is_top_3,recent_60d,0.75,7,0.9974144431358088,66400.0,0.5,0.9974144431358088,5,0.9380655440004926,21000.0,0.5,0.9380655440004926,0.0593488991353161,low,7,top1_default,0.9974144431358088,66400.0,1,0,0,1.0,1.0,Q3,148.0,-0.2731039307428898,0,normal,0,hit_day,7,5,1,66400.0,21000.0,20300.0,hit1,0.0,7,1,1,0,rank1
2026-02-02,2026-02,Monday,3F_A,xgb_ranker_ndcg,is_top_3,full_2025,1.25,2,0.9273346694828282,12000.0,0.5,0.9273346694828282,5,0.894827636180907,8900.0,0.5,0.894827636180907,0.0325070333019211,low,2,top1_default,0.9273346694828282,12000.0,1,0,0,1.0,1.0,Q2,148.0,-0.2731039307428898,0,normal,0,hit_day,2,5,3,12000.0,8900.0,5300.0,hit1,0.0,2,1,1,0,rank1
2026-02-02,2026-02,Monday,3F_N,xgb_ranker_ndcg,is_top_3,full_2025,1.0,0,0.8044152562309139,13500.0,0.5,0.8044152562309139,7,0.6449344407190079,9700.0,0.5,0.6449344407190079,0.159480815511906,medium,0,top1_default,0.8044152562309139,13500.0,1,0,0,1.0,1.0,Q3,148.0,-0.2731039307428898,0,normal,0,hit_day,0,7,4,13500.0,9700.0,5300.0,hit1,0.0,0,1,1,0,rank1
2026-02-03,2026-02,Tuesday,2F_N,xgb_ranker_ndcg,is_top_3,recent_60d,1.0,4,0.9775761428901704,25100.0,0.5,0.9775761428901704,6,0.8441890002486135,10100.0,0.5,0.8441890002486135,0.1333871426415568,medium,4,top1_default,0.9775761428901704,25100.0,1,0,0,1.0,1.0,Q3,125.5,-1.0103213542603233,0,normal,0,hit_day,4,9,3,25100.0,16400.0,10500.0,hit1,0.0,4,1,0,0,rank1
2026-02-03,2026-02,Tuesday,3F_A,xgb_ranker_ndcg,is_top_3,full_2025,1.25,0,0.1813732915167901,4400.0,0.5,0.1813732915167901,1,0.1094347110703496,3900.0,0.5,0.1094347110703496,0.0719385804464404,low,0,top1_default,0.1813732915167901,4400.0,1,0,0,1.0,1.0,Q3,125.5,-1.0103213542603233,0,normal,0,hit_day,0,1,8,4400.0,3900.0,2800.0,hit1,0.0,0,1,1,0,rank1
2026-02-03,2026-02,Tuesday,3F_N,xgb_ranker_ndcg,is_top_3,full_2025,1.0,9,0.9990344653650868,21800.0,0.5,0.9990344653650868,1,0.0224229007021659,800.0,0.5,0.0224229007021659,0.9766115646629208,high,9,top1_default,0.9990344653650868,21800.0,1,0,0,1.0,1.0,Q4,125.5,-1.0103213542603233,0,normal,0,hit_day,9,1,0,21800.0,800.0,-500.0,hit1,0.0,9,1,1,0,rank1
2026-02-04,2026-02,Wednesday,2F_N,xgb_ranker_ndcg,is_top_3,full_2025,1.0,9,0.9914132236944116,34800.0,0.5,0.9914132236944116,8,0.8659035105131365,29000.0,0.5,0.8659035105131365,0.125509713181275,medium,9,top1_default,0.9914132236944116,34800.0,1,0,0,1.0,1.0,Q3,110.5,-0.19497286285670334,0,normal,0,hit_day,9,8,1,34800.0,29000.0,11300.0,hit1,0.0,9,1,1,0,rank1
2026-02-04,2026-02,Wednesday,3F_A,xgb_ranker_ndcg,is_top_3,full_2025,0.75,0,0.9919805063988916,21000.0,0.5,0.9919805063988916,4,0.9901751227322612,20100.0,0.5,0.9901751227322612,0.0018053836666303,low,0,top1_default,0.9919805063988916,21000.0,1,0,0,1.0,1.0,Q1,110.5,-0.19497286285670334,0,normal,0,hit_day,0,4,9,21000.0,20100.0,3300.0,hit1,0.0,0,1,1,0,rank1
2026-02-04,2026-02,Wednesday,3F_N,xgb_ranker_ndcg,is_top_3,full_2025,1.25,9,0.9926266259107048,17700.0,0.5,0.9926266259107048,8,0.9875930470911876,14400.0,0.5,0.9875930470911876,0.0050335788195173,low,9,top1_default,0.9926266259107048,17700.0,1,0,0,1.0,1.0,Q1,110.5,-0.19497286285670334,0,normal,0,hit_day,9,8,3,17700.0,14400.0,12700.0,hit1,0.0,9,1,1,0,rank1
2026-02-05,2026-02,Thursday,2F_N,xgb_ranker_ndcg,is_top_3,full_2025,0.75,1,0.9320678831313876,22100.0,0.5,0.9320678831313876,4,0.2682883792135356,8900.0,0.5,0.2682883792135356,0.6637795039178519,high,1,top1_default,0.9320678831313876,22100.0,1,0,0,1.0,1.0,Q4,110.5,0.067154455587515,0,normal,0,hit_day,1,4,9,22100.0,8900.0,5300.0,hit1,0.0,1,1,1,0,rank1
2026-02-05,2026-02,Thursday,3F_A,xgb_ranker_ndcg,is_top_3,full_2025,1.25,2,0.9980825939690486,17700.0,0.5,0.9980825939690486,1,0.8220411036383133,7600.0,0.5,0.8220411036383133,0.1760414903307353,medium,2,top1_default,0.9980825939690486,17700.0,1,0,0,1.0,1.0,Q3,110.5,0.067154455587515,0,normal,0,hit_day,2,1,8,17700.0,7600.0,4100.0,hit1,0.0,2,1,1,0,rank1
2026-02-05,2026-02,Thursday,3F_N,xgb_ranker_ndcg,is_top_3,full_2025,1.0,8,0.9965997394707564,21000.0,0.5,0.9965997394707564,2,0.996433212771399,17700.0,0.5,0.996433212771399,0.0001665266993575,undefined,2,top2_on_undefined,0.996433212771399,17700.0,0,0,0,1.0,1.0,Q1,110.5,0.067154455587515,0,normal,0,hit_day,8,7,2,21000.0,19900.0,17700.0,hit1,0.0,8,1,0,0,rank1
2026-02-06,2026-02,Friday,2F_N,xgb_ranker_ndcg,is_top_3,full_2025,0.75,1,0.9983074847930776,37200.0,0.5,0.9983074847930776,5,0.9604476555572794,26400.0,0.5,0.9604476555572794,0.0378598292357983,low,1,top1_default,0.9983074847930776,37200.0,1,0,0,1.0,1.0,Q2,110.5,-0.4812832147715498,0,normal,0,hit_day,1,5,0,37200.0,26400.0,5300.0,hit1,0.0,1,1,1,0,rank1
2026-02-06,2026-02,Friday,3F_A,xgb_ranker_ndcg,is_top_3,full_2025,1.25,5,0.8884679410462115,6500.0,0.5,0.8884679410462115,8,0.5341117923148176,4300.0,0.5,0.5341117923148176,0.3543561487313938,high,5,top1_default,0.8884679410462115,6500.0,1,0,0,1.0,1.0,Q4,110.5,-0.4812832147715498,0,normal,0,hit_day,5,8,6,6500.0,4300.0,2900.0,hit1,0.0,5,1,1,0,rank1
2026-02-06,2026-02,Friday,3F_N,xgb_ranker_ndcg,is_top_3,full_2025,1.0,2,0.9916892101241336,16700.0,0.5,0.9916892101241336,0,0.9528510309027284,10800.0,0.5,0.9528510309027284,0.038838179221405,low,2,top1_default,0.9916892101241336,16700.0,1,0,0,1.0,1.0,Q2,110.5,-0.4812832147715498,0,normal,0,hit_day,2,0,8,16700.0,10800.0,8600.0,hit1,0.0,2,1,1,0,rank1
2026-02-07,2026-02,Saturday,2F_N,xgb_ranker_ndcg,is_top_3,recent_60d,1.25,6,0.9981390567376666,56900.0,0.5,0.9981390567376666,4,0.9939781423626712,30900.0,0.5,0.9939781423626712,0.0041609143749952,low,6,top1_default,0.9981390567376666,56900.0,1,0,0,1.0,1.0,Q1,110.5,0.6572059925144582,0,normal,0,hit_day,6,4,8,56900.0,30900.0,20800.0,hit1,0.0,6,1,1,0,rank1
2026-02-07,2026-02,Saturday,3F_A,xgb_ranker_ndcg,is_top_3,full_2025,1.25,8,0.9886005167874964,12800.0,0.5,0.9886005167874964,2,0.9869786274514644,15200.0,0.5,0.9869786274514644,0.0016218893360322,low,8,top1_default,0.9886005167874964,12800.0,1,0,0,1.0,1.0,Q1,110.5,0.6572059925144582,0,normal,0,hit_day,2,8,1,15200.0,12800.0,5900.0,hit1,2400.0,8,1,1,0,rank1
2026-02-07,2026-02,Saturday,3F_N,xgb_ranker_ndcg,is_top_3,full_2025,1.0,7,0.9989684079730332,28000.0,0.5,0.9989684079730332,1,0.9982391615633642,28700.0,0.5,0.9982391615633642,0.0007292464096688,undefined,1,top2_on_undefined,0.9982391615633642,28700.0,1,0,0,1.0,1.0,Q1,110.5,0.6572059925144582,0,normal,0,hit_day,1,7,4,28700.0,28000.0,23500.0,hit1,700.0,7,1,1,0,rank1
2026-02-08,2026-02,Sunday,2F_N,xgb_ranker_ndcg,is_top_3,recent_60d,1.0,0,0.9984217642735422,34300.0,0.5,0.9984217642735422,2,0.9970235470800122,49300.0,0.5,0.9970235470800122,0.00139821719353,low,0,top1_default,0.9984217642735422,34300.0,1,0,0,1.0,1.0,Q1,110.5,0.6403926092071283,0,normal,0,hit_day,2,0,6,49300.0,34300.0,26700.0,hit1,15000.0,0,1,1,0,rank1
2026-02-08,2026-02,Sunday,3F_A,xgb_ranker_ndcg,is_top_3,full_2025,1.25,1,0.984664791951884,12300.0,0.5,0.984664791951884,4,0.9786087291832458,14200.0,0.5,0.9786087291832458,0.0060560627686382,low,1,top1_default,0.984664791951884,12300.0,1,0,0,1.0,1.0,Q2,110.5,0.6403926092071283,0,normal,0,hit_day,4,1,7,14200.0,12300.0,11300.0,hit1,1900.0,1,1,1,0,rank1
2026-02-08,2026-02,Sunday,3F_N,xgb_ranker_ndcg,is_top_3,full_2025,1.0,6,0.9863906464855834,18500.0,0.5,0.9863906464855834,7,0.965314710054906,12700.0,0.5,0.965314710054906,0.0210759364306772,low,6,top1_default,0.9863906464855834,18500.0,1,0,0,1.0,1.0,Q2,110.5,0.6403926092071283,0,normal,0,hit_day,6,7,8,18500.0,12700.0,9200.0,hit1,0.0,6,1,1,0,rank1
2026-02-09,2026-02,Monday,2F_N,xgb_ranker_ndcg,is_top_3,recent_60d,1.25,9,0.9983435009370952,45400.0,0.5,0.9983435009370952,8,0.991273667854962,24800.0,0.5,0.991273667854962,0.007069833082133,low,9,top1_default,0.9983435009370952,45400.0,1,0,0,1.0,1.0,Q2,118.0,0.20681188246974375,0,normal,0,hit_day,9,8,5,45400.0,24800.0,19600.0,hit1,0.0,9,1,1,0,rank1
2026-02-09,2026-02,Monday,3F_A,xgb_ranker_ndcg,is_top_3,full_2025,1.25,6,0.9555306433980176,7300.0,0.5,0.9555306433980176,7,0.94848525662107,8100.0,0.5,0.94848525662107,0.0070453867769477,low,6,top1_default,0.9555306433980176,7300.0,1,0,0,1.0,1.0,Q2,118.0,0.20681188246974375,0,normal,0,hit_day,7,6,1,8100.0,7300.0,5000.0,hit1,800.0,6,1,1,0,rank1
2026-02-09,2026-02,Monday,3F_N,xgb_ranker_ndcg,is_top_3,full_2025,1.0,8,0.999207930856615,27000.0,0.5,0.999207930856615,4,0.9835610165791348,13300.0,0.5,0.9835610165791348,0.0156469142774802,low,8,top1_default,0.999207930856615,27000.0,1,0,0,1.0,1.0,Q2,118.0,0.20681188246974375,0,normal,0,hit_day,8,4,2,27000.0,13300.0,11900.0,hit1,0.0,8,1,1,0,rank1
2026-02-10,2026-02,Tuesday,2F_N,xgb_ranker_ndcg,is_top_3,recent_60d,1.0,7,0.9982504321104876,37500.0,0.5,0.9982504321104876,8,0.9980437736183738,45000.0,0.5,0.9980437736183738,0.0002066584921138,undefined,8,top2_on_undefined,0.9980437736183738,45000.0,1,0,0,1.0,1.0,Q1,135.5,1.18300288978789,0,normal,0,hit_day,8,7,9,45000.0,37500.0,33800.0,hit1,7500.0,7,1,1,0,rank1
2026-02-10,2026-02,Tuesday,3F_A,xgb_ranker_ndcg,is_top_3,full_2025,1.25,6,0.9734098484671044,9400.0,0.5,0.9734098484671044,5,0.8406111577614916,6600.0,0.5,0.8406111577614916,0.1327986907056128,medium,6,top1_default,0.9734098484671044,9400.0,1,0,0,1.0,1.0,Q3,135.5,1.18300288978789,0,normal,0,hit_day,6,5,2,9400.0,6600.0,5000.0,hit1,0.0,6,1,1,0,rank1
2026-02-10,2026-02,Tuesday,3F_N,xgb_ranker_ndcg,is_top_3,full_2025,1.0,6,0.9965772326131824,25600.0,0.5,0.9965772326131824,9,0.9950843538463194,21300.0,0.5,0.9950843538463194,0.0014928787668629,low,6,top1_default,0.9965772326131824,25600.0,1,0,0,1.0,1.0,Q1,135.5,1.18300288978789,0,normal,0,hit_day,6,9,1,25600.0,21300.0,10600.0,hit1,0.0,6,1,1,0,rank1
2026-02-11,2026-02,Wednesday,2F_N,xgb_ranker_ndcg,is_top_3,full_2025,1.0,1,0.8464200383128343,27700.0,0.5,0.8464200383128343,4,0.0064951861749971,9500.0,0.5,0.0064951861749971,0.8399248521378371,high,1,top1_default,0.8464200383128343,27700.0,1,0,0,1.0,1.0,Q4,118.0,-0.47230317821393075,0,normal,0,hit_day,1,4,7,27700.0,9500.0,7800.0,hit1,0.0,1,1,1,0,rank1
2026-02-11,2026-02,Wednesday,3F_A,xgb_ranker_ndcg,is_top_3,full_2025,0.75,2,0.9236634227691136,9200.0,0.5,0.9236634227691136,7,0.2101637976369124,5400.0,0.5,0.2101637976369124,0.7134996251322011,high,2,top1_default,0.9236634227691136,9200.0,1,0,0,1.0,1.0,Q4,118.0,-0.47230317821393075,0,normal,0,hit_day,2,7,9,9200.0,5400.0,2000.0,hit1,0.0,2,1,1,0,rank1
2026-02-11,2026-02,Wednesday,3F_N,xgb_ranker_ndcg,is_top_3,full_2025,1.25,1,0.99450658237214,39300.0,0.5,0.99450658237214,8,0.9933466803539818,22800.0,0.5,0.9933466803539818,0.0011599020181582,low,1,top1_default,0.99450658237214,39300.0,1,0,0,1.0,1.0,Q1,118.0,-0.47230317821393075,0,normal,0,hit_day,1,8,0,39300.0,22800.0,9700.0,hit1,0.0,1,1,1,0,rank1
2026-02-12,2026-02,Thursday,2F_N,xgb_ranker_ndcg,is_top_3,recent_60d,1.0,4,0.9974288556074667,26900.0,0.5,0.9974288556074667,0,0.9852826748519278,26400.0,0.5,0.9852826748519278,0.0121461807555389,low,4,top1_default,0.9974288556074667,26900.0,1,0,0,1.0,1.0,Q2,118.0,0.6679618363020176,0,normal,0,hit_day,4,0,2,26900.0,26400.0,18900.0,hit1,0.0,4,1,1,0,rank1
2026-02-12,2026-02,Thursday,3F_A,xgb_ranker_ndcg,is_top_3,full_2025,1.25,1,0.9985233189132044,20300.0,0.5,0.9985233189132044,0,0.9941184741878204,10600.0,0.5,0.9941184741878204,0.0044048447253841,low,1,top1_default,0.9985233189132044,20300.0,1,0,0,1.0,1.0,Q1,118.0,0.6679618363020176,0,normal,0,hit_day,1,0,2,20300.0,10600.0,6300.0,hit1,0.0,1,1,1,0,rank1
2026-02-12,2026-02,Thursday,3F_N,xgb_ranker_ndcg,is_top_3,full_2025,1.0,6,0.998878654238631,23600.0,0.5,0.998878654238631,1,0.9947748006874054,18200.0,0.5,0.9947748006874054,0.0041038535512255,low,6,top1_default,0.998878654238631,23600.0,1,0,0,1.0,1.0,Q1,118.0,0.6679618363020176,0,normal,0,hit_day,6,1,2,23600.0,18200.0,6600.0,hit1,0.0,6,1,1,0,rank1
2026-02-13,2026-02,Friday,2F_N,xgb_ranker_ndcg,is_top_3,recent_60d,0.75,8,0.9661830685219912,22900.0,0.5,0.9661830685219912,5,0.8874663733842428,13800.0,0.5,0.8874663733842428,0.0787166951377482,low,8,top1_default,0.9661830685219912,22900.0,1,0,0,1.0,1.0,Q3,110.5,-0.2912521962436345,0,normal,0,hit_day,8,4,7,22900.0,17600.0,15700.0,hit1,0.0,8,1,0,0,rank1
2026-02-13,2026-02,Friday,3F_A,xgb_ranker_ndcg,is_top_3,full_2025,1.25,4,0.9297074470923804,7700.0,0.5,0.9297074470923804,5,0.8467333148994317,5900.0,0.5,0.8467333148994317,0.0829741321929486,low,4,top1_default,0.9297074470923804,7700.0,1,0,0,1.0,1.0,Q3,110.5,-0.2912521962436345,0,normal,0,hit_day,4,1,5,7700.0,6700.0,5900.0,hit1,0.0,4,1,0,0,rank1
2026-02-13,2026-02,Friday,3F_N,xgb_ranker_ndcg,is_top_3,full_2025,1.0,2,0.931090296304333,11600.0,0.5,0.931090296304333,3,0.8735700402361226,11500.0,0.5,0.8735700402361226,0.0575202560682104,low,2,top1_default,0.931090296304333,11600.0,1,0,0,1.0,1.0,Q3,110.5,-0.2912521962436345,0,normal,0,hit_day,2,3,5,11600.0,11500.0,200.0,hit1,0.0,2,1,1,0,rank1
2026-02-14,2026-02,Saturday,2F_N,xgb_ranker_ndcg,is_top_3,recent_60d,1.25,6,0.8396422109219407,26600.0,0.5,0.8396422109219407,7,0.0604379261343151,9900.0,0.5,0.0604379261343151,0.7792042847876256,high,6,top1_default,0.8396422109219407,26600.0,1,0,0,1.0,1.0,Q4,113.5,0.15454644802229311,0,normal,0,hit_day,6,7,5,26600.0,9900.0,1900.0,hit1,0.0,6,1,1,0,rank1
2026-02-14,2026-02,Saturday,3F_A,xgb_ranker_ndcg,is_top_3,full_2025,1.25,6,0.9931282898601398,20200.0,0.5,0.9931282898601398,5,0.9790919896307771,14500.0,0.5,0.9790919896307771,0.0140363002293625,low,6,top1_default,0.9931282898601398,20200.0,1,0,0,1.0,1.0,Q2,113.5,0.15454644802229311,0,normal,0,hit_day,6,2,5,20200.0,15100.0,14500.0,hit1,0.0,6,1,0,0,rank1
2026-02-14,2026-02,Saturday,3F_N,xgb_ranker_ndcg,is_top_3,full_2025,1.0,7,0.683338764018231,9300.0,0.5,0.683338764018231,5,0.4753702000831072,6500.0,0.5,0.4753702000831072,0.2079685639351238,medium,7,top1_default,0.683338764018231,9300.0,1,0,0,1.0,1.0,Q3,113.5,0.15454644802229311,0,normal,0,hit_day,7,0,5,9300.0,6500.0,6500.0,hit1,0.0,7,1,0,0,rank1
2026-02-15,2026-02,Sunday,2F_N,xgb_ranker_ndcg,is_top_3,recent_60d,1.0,6,0.2594777971912294,9900.0,0.5,0.2594777971912294,2,0.0954906376058504,8400.0,0.5,0.0954906376058504,0.1639871595853789,medium,6,top1_default,0.2594777971912294,9900.0,1,0,0,1.0,1.0,Q3,113.5,-1.0191695041179247,0,normal,0,hit_day,6,2,5,9900.0,8400.0,1300.0,hit1,0.0,6,1,1,0,rank1
2026-02-15,2026-02,Sunday,3F_A,xgb_ranker_ndcg,is_top_3,full_2025,1.25,5,0.989451347592358,14000.0,0.5,0.989451347592358,8,0.981470552724286,13000.0,0.5,0.981470552724286,0.007980794868072,low,5,top1_default,0.989451347592358,14000.0,1,0,0,1.0,1.0,Q2,113.5,-1.0191695041179247,0,normal,0,hit_day,5,8,0,14000.0,13000.0,9900.0,hit1,0.0,5,1,1,0,rank1
2026-02-15,2026-02,Sunday,3F_N,xgb_ranker_ndcg,is_top_3,full_2025,1.0,9,0.9492202183118174,18100.0,0.5,0.9492202183118174,4,0.212824789755202,5200.0,0.5,0.212824789755202,0.7363954285566153,high,9,top1_default,0.9492202183118174,18100.0,1,0,0,1.0,1.0,Q4,113.5,-1.0191695041179247,0,normal,0,hit_day,9,4,8,18100.0,5200.0,3300.0,hit1,0.0,9,1,1,0,rank1
2026-02-16,2026-02,Monday,2F_N,xgb_ranker_ndcg,is_top_3,full_2025,0.75,2,0.9617418798158814,19400.0,0.5,0.9617418798158814,8,0.7177847215769956,13600.0,0.5,0.7177847215769956,0.2439571582388858,medium,2,top1_default,0.9617418798158814,19400.0,1,0,0,1.0,1.0,Q4,113.5,-0.5988569548476822,0,normal,0,hit_day,2,8,0,19400.0,13600.0,8800.0,hit1,0.0,2,1,1,0,rank1
2026-02-16,2026-02,Monday,3F_A,xgb_ranker_ndcg,is_top_3,recent_60d,0.75,8,0.9539401562090912,7300.0,0.5,0.9539401562090912,4,0.9185189018474004,7600.0,0.5,0.9185189018474004,0.0354212543616907,low,8,top1_default,0.9539401562090912,7300.0,1,0,0,1.0,1.0,Q2,113.5,-0.5988569548476822,0,normal,0,hit_day,4,8,1,7600.0,7300.0,6800.0,hit1,300.0,8,1,1,0,rank1
2026-02-16,2026-02,Monday,3F_N,xgb_ranker_ndcg,is_top_3,full_2025,1.0,0,0.9958177143420884,19300.0,0.5,0.9958177143420884,8,0.097751077241628,1700.0,0.5,0.097751077241628,0.8980666371004604,high,0,top1_default,0.9958177143420884,19300.0,1,0,0,1.0,1.0,Q4,113.5,-0.5988569548476822,0,normal,0,hit_day,0,8,4,19300.0,1700.0,1500.0,hit1,0.0,0,1,1,0,rank1
2026-02-17,2026-02,Tuesday,2F_N,xgb_ranker_ndcg,is_top_3,full_2025,0.75,2,0.9923091760845324,32400.0,0.5,0.9923091760845324,0,0.7338227281547471,17900.0,0.5,0.7338227281547471,0.2584864479297853,medium,2,top1_default,0.9923091760845324,32400.0,1,0,0,1.0,1.0,Q4,105.0,-0.4575655670757609,0,normal,0,hit_day,2,0,9,32400.0,17900.0,12500.0,hit1,0.0,2,1,1,0,rank1
2026-02-17,2026-02,Tuesday,3F_A,xgb_ranker_ndcg,is_top_3,full_2025,1.25,3,0.9315620287878172,8100.0,0.5,0.9315620287878172,5,0.7740487126264343,7000.0,0.5,0.7740487126264343,0.1575133161613829,medium,3,top1_default,0.9315620287878172,8100.0,1,0,0,1.0,1.0,Q3,105.0,-0.4575655670757609,0,normal,0,hit_day,1,3,5,8600.0,8100.0,7000.0,hit1,500.0,3,1,0,0,rank1
2026-02-17,2026-02,Tuesday,3F_N,xgb_ranker_ndcg,is_top_3,full_2025,1.0,0,0.9920529435077566,19100.0,0.5,0.9920529435077566,4,0.9145890874318098,13600.0,0.5,0.9145890874318098,0.0774638560759468,low,0,top1_default,0.9920529435077566,19100.0,1,0,0,1.0,1.0,Q3,105.0,-0.4575655670757609,0,normal,0,hit_day,0,1,4,19100.0,13900.0,13600.0,hit1,0.0,0,1,0,0,rank1
2026-02-18,2026-02,Wednesday,2F_N,xgb_ranker_ndcg,is_top_3,full_2025,1.0,8,0.9931239832532304,71500.0,0.5,0.9931239832532304,3,0.9111116674076029,18500.0,0.5,0.9111116674076029,0.0820123158456274,low,8,top1_default,0.9931239832532304,71500.0,1,0,0,1.0,1.0,Q3,105.0,0.053256815647889845,0,normal,0,hit_day,8,0,3,71500.0,24200.0,18500.0,hit1,0.0,8,1,0,0,rank1
2026-02-18,2026-02,Wednesday,3F_A,xgb_ranker_ndcg,is_top_3,full_2025,0.75,8,0.9962122364181768,26400.0,0.5,0.9962122364181768,0,0.9845115561578588,13600.0,0.5,0.9845115561578588,0.011700680260318,low,8,top1_default,0.9962122364181768,26400.0,1,0,0,1.0,1.0,Q2,105.0,0.053256815647889845,0,normal,0,hit_day,8,0,5,26400.0,13600.0,3400.0,hit1,0.0,8,1,1,0,rank1
2026-02-18,2026-02,Wednesday,3F_N,xgb_ranker_ndcg,is_top_3,full_2025,1.25,8,0.9698323099960446,14300.0,0.5,0.9698323099960446,0,0.9327524537339192,12100.0,0.5,0.9327524537339192,0.0370798562621254,low,8,top1_default,0.9698323099960446,14300.0,1,0,0,1.0,1.0,Q2,105.0,0.053256815647889845,0,normal,0,hit_day,8,0,7,14300.0,12100.0,9100.0,hit1,0.0,8,1,1,0,rank1
2026-02-19,2026-02,Thursday,2F_N,xgb_ranker_ndcg,is_top_3,full_2025,0.75,8,0.9958545241145488,21900.0,0.5,0.9958545241145488,1,0.9797841876475152,23200.0,0.5,0.9797841876475152,0.0160703364670335,low,8,top1_default,0.9958545241145488,21900.0,0,0,0,1.0,1.0,Q2,105.0,0.91796223610758,0,normal,0,hit_day,1,5,8,23200.0,22000.0,21900.0,miss1_hit2,0.0,1,0,1,0,rank2
2026-02-19,2026-02,Thursday,3F_A,xgb_ranker_ndcg,is_top_3,recent_60d,1.25,2,0.997761561343615,7600.0,0.5,0.997761561343615,4,0.9910827394083398,10900.0,0.5,0.9910827394083398,0.0066788219352752,low,2,top1_default,0.997761561343615,7600.0,0,0,0,1.0,1.0,Q2,105.0,0.91796223610758,0,normal,0,hit_day,4,3,2,10900.0,7900.0,7600.0,miss1_hit2,0.0,4,0,1,0,rank2
2026-02-19,2026-02,Thursday,3F_N,xgb_ranker_ndcg,is_top_3,full_2025,1.0,4,0.9806277212521646,15900.0,0.5,0.9806277212521646,5,0.9190842682353304,18500.0,0.5,0.9190842682353304,0.0615434530168341,low,4,top1_default,0.9806277212521646,15900.0,1,0,0,1.0,1.0,Q3,105.0,0.91796223610758,0,normal,0,hit_day,5,4,2,18500.0,15900.0,14500.0,hit1,2600.0,4,1,1,0,rank1
2026-02-20,2026-02,Friday,2F_N,xgb_ranker_ndcg,is_top_3,full_2025,0.75,4,0.8948135219415169,21400.0,0.5,0.8948135219415169,9,0.6780076565568786,14800.0,0.5,0.6780076565568786,0.2168058653846383,medium,4,top1_default,0.8948135219415169,21400.0,1,0,0,1.0,1.0,Q3,105.0,-0.8173276178994662,0,normal,0,hit_day,4,9,6,21400.0,14800.0,7900.0,hit1,0.0,4,1,1,0,rank1
2026-02-20,2026-02,Friday,3F_A,xgb_ranker_ndcg,is_top_3,recent_60d,0.75,7,0.7699246417165094,4600.0,0.5,0.7699246417165094,1,0.3470626460253031,3000.0,0.5,0.3470626460253031,0.4228619956912063,high,7,top1_default,0.7699246417165094,4600.0,1,0,0,1.0,1.0,Q4,105.0,-0.8173276178994662,0,normal,0,hit_day,7,1,6,4600.0,3000.0,900.0,hit1,0.0,7,1,1,0,rank1
2026-02-20,2026-02,Friday,3F_N,xgb_ranker_ndcg,is_top_3,full_2025,1.0,5,0.9791276372960006,18500.0,0.5,0.9791276372960006,4,0.9649372581794836,15700.0,0.5,0.9649372581794836,0.0141903791165168,low,5,top1_default,0.9791276372960006,18500.0,1,0,0,1.0,1.0,Q2,105.0,-0.8173276178994662,0,normal,0,hit_day,5,4,7,18500.0,15700.0,11000.0,hit1,0.0,5,1,1,0,rank1
2026-02-21,2026-02,Saturday,2F_N,xgb_ranker_ndcg,is_top_3,full_2025,0.75,0,0.9025739039171214,24000.0,0.5,0.9025739039171214,1,0.3713231302078086,13900.0,0.5,0.3713231302078086,0.5312507737093128,high,0,top1_default,0.9025739039171214,24000.0,1,0,0,1.0,1.0,Q4,92.0,-2.0108387339189595,1,low_anomaly,0,hit_day,0,1,3,24000.0,13900.0,6900.0,hit1,0.0,0,1,1,0,rank1
2026-02-21,2026-02,Saturday,3F_A,xgb_ranker_ndcg,is_top_3,full_2025,1.25,9,0.7533691423944372,7500.0,0.5,0.7533691423944372,7,0.6717644640432191,7000.0,0.5,0.6717644640432191,0.0816046783512181,low,9,top1_default,0.7533691423944372,7500.0,1,0,0,1.0,1.0,Q3,92.0,-2.0108387339189595,1,low_anomaly,0,hit_day,9,7,6,7500.0,7000.0,3400.0,hit1,0.0,9,1,1,0,rank1
2026-02-21,2026-02,Saturday,3F_N,xgb_ranker_ndcg,is_top_3,full_2025,1.0,8,0.7598460299008876,9200.0,0.5,0.7598460299008876,6,0.2995317140188483,5100.0,0.5,0.2995317140188483,0.4603143158820392,high,8,top1_default,0.7598460299008876,9200.0,1,0,0,1.0,1.0,Q4,92.0,-2.0108387339189595,1,low_anomaly,0,hit_day,8,6,0,9200.0,5100.0,4800.0,hit1,0.0,8,1,1,0,rank1
2026-02-22,2026-02,Sunday,2F_N,xgb_ranker_ndcg,is_top_3,full_2025,0.75,7,0.9991338160040096,49200.0,0.5,0.9991338160040096,6,0.9989790961139436,52400.0,0.5,0.9989790961139436,0.0001547198900662,undefined,6,top2_on_undefined,0.9989790961139436,52400.0,1,0,0,1.0,1.0,Q1,92.0,3.1684137649578146,1,high_anomaly,1,miss_day,6,7,3,52400.0,49200.0,42900.0,hit1,3200.0,7,1,1,0,rank1
2026-02-22,2026-02,Sunday,3F_A,xgb_ranker_ndcg,is_top_3,full_2025,1.25,5,0.9971023830388612,22100.0,0.5,0.9971023830388612,4,0.97307659862344,12100.0,0.5,0.97307659862344,0.024025784415421,low,5,top1_default,0.9971023830388612,22100.0,1,0,0,1.0,1.0,Q2,92.0,3.1684137649578146,1,high_anomaly,1,miss_day,5,3,4,22100.0,13800.0,12100.0,hit1,0.0,5,1,0,0,rank1
2026-02-22,2026-02,Sunday,3F_N,xgb_ranker_ndcg,is_top_3,full_2025,1.0,3,0.995998882093855,29600.0,0.5,0.995998882093855,2,0.99571029934888,29100.0,0.5,0.99571029934888,0.0002885827449748,undefined,2,top2_on_undefined,0.99571029934888,29100.0,0,0,0,0.0,1.0,Q1,92.0,3.1684137649578146,1,high_anomaly,1,miss_day,7,5,3,40600.0,35100.0,29600.0,critical_miss,11000.0,3,0,0,0,none
2026-02-23,2026-02,Monday,2F_N,xgb_ranker_ndcg,is_top_3,recent_60d,0.75,1,0.2032143979544811,7500.0,0.5,0.2032143979544811,9,0.1385092653966159,9700.0,0.5,0.1385092653966159,0.0647051325578651,low,1,top1_default,0.2032143979544811,7500.0,1,0,0,1.0,1.0,Q3,75.0,-1.3888856429984056,0,normal,0,hit_day,9,1,8,9700.0,7500.0,400.0,hit1,2200.0,1,1,1,0,rank1
2026-02-23,2026-02,Monday,3F_A,xgb_ranker_ndcg,is_top_3,recent_60d,0.75,4,0.9940672494024388,11700.0,0.5,0.9940672494024388,9,0.989176028691516,10800.0,0.5,0.989176028691516,0.0048912207109228,low,4,top1_default,0.9940672494024388,11700.0,1,0,0,1.0,1.0,Q1,75.0,-1.3888856429984056,0,normal,0,hit_day,4,9,2,11700.0,10800.0,2700.0,hit1,0.0,4,1,1,0,rank1
2026-02-23,2026-02,Monday,3F_N,xgb_ranker_ndcg,is_top_3,full_2025,1.0,5,0.5877905436348104,8800.0,0.5,0.5877905436348104,8,0.1697543535599425,6400.0,0.5,0.1697543535599425,0.4180361900748679,high,5,top1_default,0.5877905436348104,8800.0,1,0,0,1.0,1.0,Q4,75.0,-1.3888856429984056,0,normal,0,hit_day,5,8,1,8800.0,6400.0,-1800.0,hit1,0.0,5,1,1,0,rank1
2026-02-24,2026-02,Tuesday,2F_N,xgb_ranker_ndcg,is_top_3,recent_60d,0.75,8,0.9722913707691032,19100.0,0.5,0.9722913707691032,6,0.7759910129795803,16300.0,0.5,0.7759910129795803,0.1963003577895229,medium,8,top1_default,0.9722913707691032,19100.0,1,0,0,1.0,1.0,Q3,75.0,0.044720979667295456,0,normal,0,hit_day,8,6,3,19100.0,16300.0,11300.0,hit1,0.0,8,1,1,0,rank1
2026-02-24,2026-02,Tuesday,3F_A,xgb_ranker_ndcg,is_top_3,recent_60d,1.0,8,0.9956244385001448,13800.0,0.5,0.9956244385001448,1,0.975191090219472,7800.0,0.5,0.975191090219472,0.0204333482806727,low,8,top1_default,0.9956244385001448,13800.0,1,0,0,1.0,1.0,Q2,75.0,0.044720979667295456,0,normal,0,hit_day,8,1,9,13800.0,7800.0,7300.0,hit1,0.0,8,1,1,0,rank1
2026-02-24,2026-02,Tuesday,3F_N,xgb_ranker_ndcg,is_top_3,full_2025,1.0,2,0.9955605355394048,27400.0,0.5,0.9955605355394048,7,0.9849358498158364,17900.0,0.5,0.9849358498158364,0.0106246857235685,low,2,top1_default,0.9955605355394048,27400.0,1,0,0,1.0,1.0,Q2,75.0,0.044720979667295456,0,normal,0,hit_day,2,7,6,27400.0,17900.0,11300.0,hit1,0.0,2,1,1,0,rank1
2026-02-25,2026-02,Wednesday,2F_N,xgb_ranker_ndcg,is_top_3,full_2025,1.0,4,0.9887472932088912,54400.0,0.5,0.9887472932088912,5,0.9717110178011572,25500.0,0.5,0.9717110178011572,0.017036275407734,low,4,top1_default,0.9887472932088912,54400.0,1,0,0,1.0,1.0,Q2,75.0,-0.2361117053273322,0,normal,0,hit_day,4,0,5,54400.0,30000.0,25500.0,hit1,0.0,4,1,0,0,rank1
2026-02-25,2026-02,Wednesday,3F_A,xgb_ranker_ndcg,is_top_3,full_2025,0.75,4,0.9886047558835708,24000.0,0.5,0.9886047558835708,0,0.455573311685334,5300.0,0.5,0.455573311685334,0.5330314441982367,high,4,top1_default,0.9886047558835708,24000.0,1,0,0,1.0,1.0,Q4,75.0,-0.2361117053273322,0,normal,0,hit_day,4,0,3,24000.0,5300.0,1300.0,hit1,0.0,4,1,1,0,rank1
2026-02-25,2026-02,Wednesday,3F_N,xgb_ranker_ndcg,is_top_3,full_2025,1.25,0,0.9915010416539134,31200.0,0.5,0.9915010416539134,6,0.9897781401801504,13300.0,0.5,0.9897781401801504,0.0017229014737629,low,0,top1_default,0.9915010416539134,31200.0,1,0,0,1.0,1.0,Q1,75.0,-0.2361117053273322,0,normal,0,hit_day,0,6,4,31200.0,13300.0,11100.0,hit1,0.0,0,1,1,0,rank1
2026-02-26,2026-02,Thursday,2F_N,xgb_ranker_ndcg,is_top_3,recent_60d,1.0,2,0.997578892711046,40200.0,0.5,0.997578892711046,4,0.996736905327652,27100.0,0.5,0.996736905327652,0.0008419873833938,undefined,4,top2_on_undefined,0.996736905327652,27100.0,1,0,0,1.0,1.0,Q1,80.5,0.0028246164927936005,0,normal,0,hit_day,2,4,6,40200.0,27100.0,14900.0,hit1,0.0,2,1,1,0,rank1
2026-02-26,2026-02,Thursday,3F_A,xgb_ranker_ndcg,is_top_3,recent_60d,1.25,2,0.9952314648838612,11100.0,0.5,0.9952314648838612,8,0.9791700588047688,5400.0,0.5,0.9791700588047688,0.0160614060790925,low,2,top1_default,0.9952314648838612,11100.0,1,0,0,1.0,1.0,Q2,80.5,0.0028246164927936005,0,normal,0,hit_day,2,8,0,11100.0,5400.0,2800.0,hit1,0.0,2,1,1,0,rank1
2026-02-26,2026-02,Thursday,3F_N,xgb_ranker_ndcg,is_top_3,full_2025,1.0,2,0.9154864220390226,14300.0,0.5,0.9154864220390226,5,0.2497594793238246,1300.0,0.5,0.2497594793238246,0.665726942715198,high,2,top1_default,0.9154864220390226,14300.0,1,0,0,1.0,1.0,Q4,80.5,0.0028246164927936005,0,normal,0,hit_day,2,5,3,14300.0,1300.0,-2000.0,hit1,0.0,2,1,1,0,rank1
2026-02-27,2026-02,Friday,2F_N,xgb_ranker_ndcg,is_top_3,recent_60d,1.0,9,0.997621706583691,39500.0,0.5,0.997621706583691,4,0.9974579798894724,42500.0,0.5,0.9974579798894724,0.0001637266942184,undefined,4,top2_on_undefined,0.9974579798894724,42500.0,1,0,0,1.0,1.0,Q1,75.0,-0.46092690409439663,0,normal,0,hit_day,4,9,8,42500.0,39500.0,18400.0,hit1,3000.0,9,1,1,0,rank1
2026-02-27,2026-02,Friday,3F_A,xgb_ranker_ndcg,is_top_3,recent_60d,1.25,2,0.9888622271996664,11300.0,0.5,0.9888622271996664,5,0.9488052991170532,11600.0,0.5,0.9488052991170532,0.040056928082613,low,2,top1_default,0.9888622271996664,11300.0,1,0,0,1.0,1.0,Q2,75.0,-0.46092690409439663,0,normal,0,hit_day,5,2,6,11600.0,11300.0,6300.0,hit1,300.0,2,1,1,0,rank1
2026-02-27,2026-02,Friday,3F_N,xgb_ranker_ndcg,is_top_3,full_2025,1.0,1,0.9891302807976746,24500.0,0.5,0.9891302807976746,6,0.2152769267238292,1700.0,0.5,0.2152769267238292,0.7738533540738454,high,1,top1_default,0.9891302807976746,24500.0,1,0,0,1.0,1.0,Q4,75.0,-0.46092690409439663,0,normal,0,hit_day,1,6,7,24500.0,1700.0,-3300.0,hit1,0.0,1,1,1,0,rank1
2026-02-28,2026-02,Saturday,2F_N,xgb_ranker_ndcg,is_top_3,recent_60d,0.75,7,0.9977186744749694,36800.0,0.5,0.9977186744749694,9,0.9975334968780394,49700.0,0.5,0.9975334968780394,0.00018517759693,undefined,9,top2_on_undefined,0.9975334968780394,49700.0,1,0,0,1.0,1.0,Q1,80.5,2.4836507310488405,1,high_anomaly,0,hit_day,9,7,6,49700.0,36800.0,26100.0,hit1,12900.0,7,1,1,0,rank1
2026-02-28,2026-02,Saturday,3F_A,xgb_ranker_ndcg,is_top_3,full_2025,1.25,2,0.9989328416216128,26200.0,0.5,0.9989328416216128,8,0.9984401946303456,21800.0,0.5,0.9984401946303456,0.0004926469912671,undefined,8,top2_on_undefined,0.9984401946303456,21800.0,0,0,0,1.0,1.0,Q1,80.5,2.4836507310488405,1,high_anomaly,0,hit_day,2,3,9,26200.0,24500.0,24100.0,hit1,0.0,2,1,0,0,rank1
2026-02-28,2026-02,Saturday,3F_N,xgb_ranker_ndcg,is_top_3,full_2025,1.0,4,0.9988113321767456,27100.0,0.5,0.9988113321767456,5,0.9980893230698624,28100.0,0.5,0.9980893230698624,0.0007220091068831,undefined,5,top2_on_undefined,0.9980893230698624,28100.0,1,0,0,1.0,1.0,Q1,80.5,2.4836507310488405,1,high_anomaly,0,hit_day,5,4,7,28100.0,27100.0,19600.0,hit1,1000.0,4,1,1,0,rank1
2026-03-01,2026-03,Sunday,2F_N,xgb_ranker_ndcg,is_top_3,recent_60d,0.75,8,0.9750984816117712,26000.0,0.5,0.9750984816117712,0,0.8564627959970141,13300.0,0.5,0.8564627959970141,0.118635685614757,medium,8,top1_default,0.9750984816117712,26000.0,1,0,0,1.0,1.0,Q3,82.0,1.0865178636792017,0,normal,0,hit_day,8,3,0,26000.0,13500.0,13300.0,hit1,0.0,8,1,0,0,rank1
2026-03-01,2026-03,Sunday,3F_A,xgb_ranker_ndcg,is_top_3,full_2025,1.25,5,0.9976395646530892,27700.0,0.5,0.9976395646530892,6,0.9960138414279132,22900.0,0.5,0.9960138414279132,0.0016257232251758,low,5,top1_default,0.9976395646530892,27700.0,1,0,0,1.0,1.0,Q1,82.0,1.0865178636792017,0,normal,0,hit_day,9,5,6,30100.0,27700.0,22900.0,hit1,2400.0,5,1,0,0,rank1
2026-03-01,2026-03,Sunday,3F_N,xgb_ranker_ndcg,is_top_3,full_2025,1.0,1,0.9970549941082184,24700.0,0.5,0.9970549941082184,4,0.7865712369302009,7600.0,0.5,0.7865712369302009,0.2104837571780174,medium,1,top1_default,0.9970549941082184,24700.0,1,0,0,1.0,1.0,Q3,82.0,1.0865178636792017,0,normal,0,hit_day,1,3,4,24700.0,8100.0,7600.0,hit1,0.0,1,1,0,0,rank1
2026-03-02,2026-03,Monday,2F_N,xgb_ranker_ndcg,is_top_3,recent_60d,0.75,8,0.5460580029048951,16000.0,0.5,0.5460580029048951,1,0.0712591473748018,-2200.0,0.5,0.0712591473748018,0.4747988555300933,high,8,top1_default,0.5460580029048951,16000.0,1,0,0,1.0,1.0,Q4,82.0,0.08443243960441638,0,normal,0,hit_day,8,6,7,16000.0,6800.0,5000.0,hit1,0.0,8,1,0,0,rank1
2026-03-02,2026-03,Monday,3F_A,xgb_ranker_ndcg,is_top_3,full_2025,1.25,2,0.9871953660372916,10100.0,0.5,0.9871953660372916,6,0.968743263204326,10200.0,0.5,0.968743263204326,0.0184521028329657,low,2,top1_default,0.9871953660372916,10100.0,1,0,0,1.0,1.0,Q2,82.0,0.08443243960441638,0,normal,0,hit_day,6,2,7,10200.0,10100.0,8700.0,hit1,100.0,2,1,1,0,rank1
2026-03-02,2026-03,Monday,3F_N,xgb_ranker_ndcg,is_top_3,recent_60d,0.75,6,0.9967140901859352,13000.0,0.5,0.9967140901859352,4,0.9959800885235528,20800.0,0.5,0.9959800885235528,0.0007340016623823,undefined,4,top2_on_undefined,0.9959800885235528,20800.0,1,0,0,1.0,1.0,Q1,82.0,0.08443243960441638,0,normal,0,hit_day,8,4,2,41800.0,20800.0,14900.0,miss1_hit2,21000.0,4,0,1,0,rank2
2026-03-03,2026-03,Tuesday,2F_N,xgb_ranker_ndcg,is_top_3,recent_60d,0.75,3,0.992989685201444,31000.0,0.5,0.992989685201444,6,0.9763450396568024,27300.0,0.5,0.9763450396568024,0.0166446455446415,low,3,top1_default,0.992989685201444,31000.0,1,0,0,1.0,1.0,Q2,90.0,1.0269463014603437,0,normal,0,hit_day,3,6,8,31000.0,27300.0,24200.0,hit1,0.0,3,1,1,0,rank1
2026-03-03,2026-03,Tuesday,3F_A,xgb_ranker_ndcg,is_top_3,full_2025,1.25,7,0.9744097693070644,10300.0,0.5,0.9744097693070644,5,0.8002130806957932,7700.0,0.5,0.8002130806957932,0.1741966886112711,medium,7,top1_default,0.9744097693070644,10300.0,1,0,0,1.0,1.0,Q3,90.0,1.0269463014603437,0,normal,0,hit_day,7,0,5,10300.0,8000.0,7700.0,hit1,0.0,7,1,0,0,rank1
2026-03-03,2026-03,Tuesday,3F_N,xgb_ranker_ndcg,is_top_3,recent_60d,0.75,6,0.995696523440754,16200.0,0.5,0.995696523440754,3,0.8944626656374378,16000.0,0.5,0.8944626656374378,0.1012338578033161,medium,6,top1_default,0.995696523440754,16200.0,1,0,0,1.0,1.0,Q3,90.0,1.0269463014603437,0,normal,0,hit_day,6,3,9,16200.0,16000.0,10400.0,hit1,0.0,6,1,1,0,rank1
2026-03-04,2026-03,Wednesday,2F_N,xgb_ranker_ndcg,is_top_3,full_2025,1.0,1,0.7461239769721616,15100.0,0.5,0.7461239769721616,2,0.1658728552345526,11400.0,0.5,0.1658728552345526,0.580251121737609,high,1,top1_default,0.7461239769721616,15100.0,1,0,0,1.0,1.0,Q4,101.5,0.025419740911978208,0,normal,0,hit_day,1,2,4,15100.0,11400.0,4500.0,hit1,0.0,1,1,1,0,rank1
2026-03-04,2026-03,Wednesday,3F_A,xgb_ranker_ndcg,is_top_3,full_2025,0.75,1,0.9955610413116106,40100.0,0.5,0.9955610413116106,6,0.9881675820301226,18100.0,0.5,0.9881675820301226,0.007393459281488,low,1,top1_default,0.9955610413116106,40100.0,1,0,0,1.0,1.0,Q2,101.5,0.025419740911978208,0,normal,0,hit_day,1,6,9,40100.0,18100.0,8100.0,hit1,0.0,1,1,1,0,rank1
2026-03-04,2026-03,Wednesday,3F_N,xgb_ranker_ndcg,is_top_3,full_2025,1.25,4,0.990156893930901,15400.0,0.5,0.990156893930901,8,0.9019126618657076,8100.0,0.5,0.9019126618657076,0.0882442320651933,low,4,top1_default,0.990156893930901,15400.0,1,0,0,1.0,1.0,Q3,101.5,0.025419740911978208,0,normal,0,hit_day,4,3,5,15400.0,10000.0,8200.0,hit1,0.0,4,1,0,0,rank1
2026-03-05,2026-03,Thursday,2F_N,xgb_ranker_ndcg,is_top_3,recent_60d,1.0,6,0.9979006826178264,21000.0,0.5,0.9979006826178264,2,0.9972586931562238,23000.0,0.5,0.9972586931562238,0.0006419894616026,undefined,2,top2_on_undefined,0.9972586931562238,23000.0,1,0,0,1.0,1.0,Q1,92.5,-0.025395433993308254,0,normal,0,hit_day,2,6,0,23000.0,21000.0,17600.0,hit1,2000.0,6,1,1,0,rank1
2026-03-05,2026-03,Thursday,3F_A,xgb_ranker_ndcg,is_top_3,full_2025,1.25,2,0.9589808229890252,9000.0,0.5,0.9589808229890252,4,0.6156829421010173,5100.0,0.5,0.6156829421010173,0.3432978808880079,high,2,top1_default,0.9589808229890252,9000.0,1,0,0,1.0,1.0,Q4,92.5,-0.025395433993308254,0,normal,0,hit_day,2,4,8,9000.0,5100.0,4200.0,hit1,0.0,2,1,1,0,rank1
2026-03-05,2026-03,Thursday,3F_N,xgb_ranker_ndcg,is_top_3,recent_60d,1.0,0,0.9813704498187752,11100.0,0.5,0.9813704498187752,1,0.9404852959554544,6600.0,0.5,0.9404852959554544,0.0408851538633208,low,0,top1_default,0.9813704498187752,11100.0,1,0,0,1.0,1.0,Q2,92.5,-0.025395433993308254,0,normal,0,hit_day,0,1,2,11100.0,6600.0,700.0,hit1,0.0,0,1,1,0,rank1
2026-03-06,2026-03,Friday,2F_N,xgb_ranker_ndcg,is_top_3,recent_60d,1.0,2,0.9982535988805494,26400.0,0.5,0.9982535988805494,9,0.9982093354096082,27700.0,0.5,0.9982093354096082,4.4263470941219296e-05,undefined,9,top2_on_undefined,0.9982093354096082,27700.0,1,0,0,1.0,1.0,Q1,92.5,-0.2402125494296721,0,normal,0,hit_day,4,9,2,29800.0,27700.0,26400.0,miss1_hit2,2100.0,9,0,1,0,rank2
2026-03-06,2026-03,Friday,3F_A,xgb_ranker_ndcg,is_top_3,full_2025,1.25,8,0.9835740180507528,10300.0,0.5,0.9835740180507528,4,0.966858793487733,9200.0,0.5,0.966858793487733,0.0167152245630197,low,8,top1_default,0.9835740180507528,10300.0,1,0,0,1.0,1.0,Q2,92.5,-0.2402125494296721,0,normal,0,hit_day,8,4,0,10300.0,9200.0,2000.0,hit1,0.0,8,1,1,0,rank1
2026-03-06,2026-03,Friday,3F_N,xgb_ranker_ndcg,is_top_3,full_2025,1.0,5,0.9077970163513602,12100.0,0.5,0.9077970163513602,1,0.0963520467075639,1100.0,0.5,0.0963520467075639,0.8114449696437963,high,5,top1_default,0.9077970163513602,12100.0,1,0,0,1.0,1.0,Q4,92.5,-0.2402125494296721,0,normal,0,hit_day,5,1,2,12100.0,1100.0,-800.0,hit1,0.0,5,1,1,0,rank1
2026-03-07,2026-03,Saturday,2F_N,xgb_ranker_ndcg,is_top_3,recent_60d,1.25,8,0.4846286667416661,12000.0,0.5,0.4846286667416661,0,0.4370463674922689,10000.0,0.5,0.4370463674922689,0.0475822992493971,low,8,top1_default,0.4846286667416661,12000.0,1,0,0,1.0,1.0,Q3,85.5,-1.0601745963311917,0,normal,0,hit_day,8,0,6,12000.0,10000.0,3500.0,hit1,0.0,8,1,1,0,rank1
2026-03-07,2026-03,Saturday,3F_A,xgb_ranker_ndcg,is_top_3,full_2025,1.25,3,0.9215837479183856,11200.0,0.5,0.9215837479183856,2,0.90971064376365,18000.0,0.5,0.90971064376365,0.0118731041547356,low,3,top1_default,0.9215837479183856,11200.0,0,0,0,1.0,1.0,Q2,85.5,-1.0601745963311917,0,normal,0,hit_day,2,9,3,18000.0,11300.0,11200.0,miss1_hit2,0.0,2,0,1,0,rank2
2026-03-07,2026-03,Saturday,3F_N,xgb_ranker_ndcg,is_top_3,recent_60d,1.0,2,0.9629898210180308,10700.0,0.5,0.9629898210180308,3,0.8576721327436916,10900.0,0.5,0.8576721327436916,0.105317688274339,medium,2,top1_default,0.9629898210180308,10700.0,1,0,0,1.0,1.0,Q3,85.5,-1.0601745963311917,0,normal,0,hit_day,3,2,6,10900.0,10700.0,4700.0,hit1,200.0,2,1,1,0,rank1
2026-03-08,2026-03,Sunday,2F_N,xgb_ranker_ndcg,is_top_3,full_2025,0.75,5,0.8809403391253287,26100.0,0.5,0.8809403391253287,4,0.0352321117646051,8300.0,0.5,0.0352321117646051,0.8457082273607235,high,5,top1_default,0.8809403391253287,26100.0,1,0,0,1.0,1.0,Q4,85.5,0.14669353510683758,0,normal,0,hit_day,5,8,4,26100.0,8900.0,8300.0,hit1,0.0,5,1,0,0,rank1
2026-03-08,2026-03,Sunday,3F_A,xgb_ranker_ndcg,is_top_3,full_2025,1.25,0,0.7308503399426963,9800.0,0.5,0.7308503399426963,1,0.4057176524423387,7200.0,0.5,0.4057176524423387,0.3251326875003575,high,0,top1_default,0.7308503399426963,9800.0,1,0,0,1.0,1.0,Q4,85.5,0.14669353510683758,0,normal,0,hit_day,0,1,5,9800.0,7200.0,5200.0,hit1,0.0,0,1,1,0,rank1
2026-03-08,2026-03,Sunday,3F_N,xgb_ranker_ndcg,is_top_3,full_2025,1.0,5,0.9970230984726316,70500.0,0.5,0.9970230984726316,8,0.9955566518273702,23200.0,0.5,0.9955566518273702,0.0014664466452612,low,5,top1_default,0.9970230984726316,70500.0,1,0,0,1.0,1.0,Q1,85.5,0.14669353510683758,0,normal,0,hit_day,5,8,9,70500.0,23200.0,4900.0,hit1,0.0,5,1,1,0,rank1
2026-03-09,2026-03,Monday,2F_N,xgb_ranker_ndcg,is_top_3,full_2025,0.75,4,0.9873580573095794,24000.0,0.5,0.9873580573095794,6,0.6747450935902183,12300.0,0.5,0.6747450935902183,0.3126129637193611,high,4,top1_default,0.9873580573095794,24000.0,1,0,0,1.0,1.0,Q4,82.0,-0.619033503593436,0,normal,0,hit_day,4,6,7,24000.0,12300.0,2600.0,hit1,0.0,4,1,1,0,rank1
2026-03-09,2026-03,Monday,3F_A,xgb_ranker_ndcg,is_top_3,full_2025,1.25,9,0.0584292329290765,2300.0,0.5,0.0584292329290765,2,0.02246046047664,2500.0,0.5,0.02246046047664,0.0359687724524364,low,9,top1_default,0.0584292329290765,2300.0,1,0,0,1.0,1.0,Q2,82.0,-0.619033503593436,0,normal,0,hit_day,2,9,4,2500.0,2300.0,1200.0,hit1,200.0,9,1,1,0,rank1
2026-03-09,2026-03,Monday,3F_N,xgb_ranker_ndcg,is_top_3,recent_60d,0.75,9,0.6273807683039284,5800.0,0.5,0.6273807683039284,4,0.6136534236555374,2600.0,0.5,0.6136534236555374,0.0137273446483909,low,9,top1_default,0.6273807683039284,5800.0,1,0,0,1.0,1.0,Q2,82.0,-0.619033503593436,0,normal,0,hit_day,9,7,4,5800.0,5700.0,2600.0,hit1,0.0,9,1,0,0,rank1
2026-03-10,2026-03,Tuesday,2F_N,xgb_ranker_ndcg,is_top_3,full_2025,0.75,3,0.9837433399898108,28000.0,0.5,0.9837433399898108,7,0.9824148067043188,24700.0,0.5,0.9824148067043188,0.0013285332854918,low,3,top1_default,0.9837433399898108,28000.0,1,0,0,1.0,1.0,Q1,75.5,-0.7286503457104487,0,normal,0,hit_day,3,7,2,28000.0,24700.0,17800.0,hit1,0.0,3,1,1,0,rank1
2026-03-10,2026-03,Tuesday,3F_A,xgb_ranker_ndcg,is_top_3,full_2025,1.25,2,0.3377427451067177,5400.0,0.5,0.3377427451067177,8,0.0015065667575872,-4500.0,0.5,0.0015065667575872,0.3362361783491305,high,2,top1_default,0.3377427451067177,5400.0,1,0,0,1.0,1.0,Q4,75.5,-0.7286503457104487,0,normal,0,hit_day,2,1,0,5400.0,800.0,-600.0,hit1,0.0,2,1,0,0,rank1
2026-03-10,2026-03,Tuesday,3F_N,xgb_ranker_ndcg,is_top_3,full_2025,1.0,1,0.7179609097025024,11900.0,0.5,0.7179609097025024,9,0.4581628091845179,9200.0,0.5,0.4581628091845179,0.2597981005179844,medium,1,top1_default,0.7179609097025024,11900.0,1,0,0,1.0,1.0,Q4,75.5,-0.7286503457104487,0,normal,0,hit_day,1,9,4,11900.0,9200.0,3500.0,hit1,0.0,1,1,1,0,rank1
2026-03-11,2026-03,Wednesday,2F_N,xgb_ranker_ndcg,is_top_3,full_2025,1.0,9,0.9716642712644336,30600.0,0.5,0.9716642712644336,3,0.0078613839788262,9000.0,0.5,0.0078613839788262,0.9638028872856074,high,9,top1_default,0.9716642712644336,30600.0,1,0,0,1.0,1.0,Q4,82.0,0.7268627332081582,0,normal,0,hit_day,9,2,3,30600.0,12800.0,9000.0,hit1,0.0,9,1,0,0,rank1
2026-03-11,2026-03,Wednesday,3F_A,xgb_ranker_ndcg,is_top_3,full_2025,0.75,4,0.9827698311453152,11900.0,0.5,0.9827698311453152,2,0.9779079937906132,11500.0,0.5,0.9779079937906132,0.0048618373547019,low,4,top1_default,0.9827698311453152,11900.0,1,0,0,1.0,1.0,Q1,82.0,0.7268627332081582,0,normal,0,hit_day,4,2,3,11900.0,11500.0,5000.0,hit1,0.0,4,1,1,0,rank1
2026-03-11,2026-03,Wednesday,3F_N,xgb_ranker_ndcg,is_top_3,full_2025,1.25,4,0.994628025471731,21000.0,0.5,0.994628025471731,0,0.9921122183894854,28200.0,0.5,0.9921122183894854,0.0025158070822456,low,4,top1_default,0.994628025471731,21000.0,0,0,0,1.0,1.0,Q1,82.0,0.7268627332081582,0,normal,0,hit_day,8,0,4,36400.0,28200.0,21000.0,miss1_hit2,8200.0,0,0,1,0,rank2
2026-03-12,2026-03,Thursday,2F_N,xgb_ranker_ndcg,is_top_3,full_2025,0.75,6,0.9992663044511044,35600.0,0.5,0.9992663044511044,4,0.998356691502516,34300.0,0.5,0.998356691502516,0.0009096129485886,undefined,4,top2_on_undefined,0.998356691502516,34300.0,1,0,0,1.0,1.0,Q1,75.5,-0.180169611673556,0,normal,0,hit_day,6,4,9,35600.0,34300.0,18700.0,hit1,0.0,6,1,1,0,rank1
2026-03-12,2026-03,Thursday,3F_A,xgb_ranker_ndcg,is_top_3,full_2025,1.25,7,0.9296620772312788,6700.0,0.5,0.9296620772312788,9,0.3193666889320993,3700.0,0.5,0.3193666889320993,0.6102953882991795,high,7,top1_default,0.9296620772312788,6700.0,1,0,0,1.0,1.0,Q4,75.5,-0.180169611673556,0,normal,0,hit_day,7,9,2,6700.0,3700.0,3400.0,hit1,0.0,7,1,1,0,rank1
2026-03-12,2026-03,Thursday,3F_N,xgb_ranker_ndcg,is_top_3,full_2025,1.0,3,0.8669676071598463,11200.0,0.5,0.8669676071598463,8,0.2859879438552747,4400.0,0.5,0.2859879438552747,0.5809796633045716,high,3,top1_default,0.8669676071598463,11200.0,1,0,0,1.0,1.0,Q4,75.5,-0.180169611673556,0,normal,0,hit_day,3,8,2,11200.0,4400.0,-700.0,hit1,0.0,3,1,1,0,rank1
2026-03-13,2026-03,Friday,2F_N,xgb_ranker_ndcg,is_top_3,recent_60d,1.25,0,0.9978684991087816,26900.0,0.5,0.9978684991087816,2,0.5543166348568244,8500.0,0.5,0.5543166348568244,0.4435518642519571,high,0,top1_default,0.9978684991087816,26900.0,1,0,0,1.0,1.0,Q4,65.5,-0.49795475460608246,0,normal,0,hit_day,0,2,6,26900.0,8500.0,7000.0,hit1,0.0,0,1,1,0,rank1
2026-03-13,2026-03,Friday,3F_A,xgb_ranker_ndcg,is_top_3,full_2025,1.25,3,0.9125593467840598,7600.0,0.5,0.9125593467840598,7,0.788399002356654,6900.0,0.5,0.788399002356654,0.1241603444274057,medium,3,top1_default,0.9125593467840598,7600.0,1,0,0,1.0,1.0,Q3,65.5,-0.49795475460608246,0,normal,0,hit_day,3,7,1,7600.0,6900.0,6000.0,hit1,0.0,3,1,1,0,rank1
2026-03-13,2026-03,Friday,3F_N,xgb_ranker_ndcg,is_top_3,full_2025,1.0,8,0.9692804269237224,20700.0,0.5,0.9692804269237224,3,0.541750295146922,9100.0,0.5,0.541750295146922,0.4275301317768004,high,8,top1_default,0.9692804269237224,20700.0,1,0,0,1.0,1.0,Q4,65.5,-0.49795475460608246,0,normal,0,hit_day,8,3,4,20700.0,9100.0,-100.0,hit1,0.0,8,1,1,0,rank1
2026-03-14,2026-03,Saturday,2F_N,xgb_ranker_ndcg,is_top_3,recent_60d,1.0,3,0.9977196402227708,25500.0,0.5,0.9977196402227708,4,0.9966218692720664,27800.0,0.5,0.9966218692720664,0.0010977709507041,low,3,top1_default,0.9977196402227708,25500.0,1,0,0,1.0,1.0,Q1,65.5,1.271891847464975,0,normal,0,hit_day,4,3,2,27800.0,25500.0,24900.0,hit1,2300.0,3,1,1,0,rank1
2026-03-14,2026-03,Saturday,3F_A,xgb_ranker_ndcg,is_top_3,full_2025,1.25,6,0.9666383964840148,12000.0,0.5,0.9666383964840148,7,0.0162341640840223,3000.0,0.5,0.0162341640840223,0.9504042323999924,high,6,top1_default,0.9666383964840148,12000.0,1,0,0,1.0,1.0,Q4,65.5,1.271891847464975,0,normal,0,hit_day,6,7,2,12000.0,3000.0,1900.0,hit1,0.0,6,1,1,0,rank1
2026-03-14,2026-03,Saturday,3F_N,xgb_ranker_ndcg,is_top_3,full_2025,1.0,8,0.9822366568273432,20600.0,0.5,0.9822366568273432,2,0.9816896356413728,46000.0,0.5,0.9816896356413728,0.0005470211859702,undefined,2,top2_on_undefined,0.9816896356413728,46000.0,1,0,0,1.0,1.0,Q1,65.5,1.271891847464975,0,normal,0,hit_day,2,8,1,46000.0,20600.0,15300.0,hit1,25400.0,8,1,1,0,rank1
2026-03-15,2026-03,Sunday,2F_N,xgb_ranker_ndcg,is_top_3,recent_60d,0.75,0,0.8332936138511285,12700.0,0.5,0.8332936138511285,5,0.4061685315419484,12100.0,0.5,0.4061685315419484,0.4271250823091801,high,0,top1_default,0.8332936138511285,12700.0,1,0,0,1.0,1.0,Q4,82.0,0.06510733662120678,0,normal,0,hit_day,0,5,3,12700.0,12100.0,8100.0,hit1,0.0,0,1,1,0,rank1
2026-03-15,2026-03,Sunday,3F_A,xgb_ranker_ndcg,is_top_3,full_2025,1.25,0,0.8839530497849926,8800.0,0.5,0.8839530497849926,6,0.6940884498495783,7600.0,0.5,0.6940884498495783,0.1898645999354142,medium,0,top1_default,0.8839530497849926,8800.0,1,0,0,1.0,1.0,Q3,82.0,0.06510733662120678,0,normal,0,hit_day,0,6,9,8800.0,7600.0,1900.0,hit1,0.0,0,1,1,0,rank1
2026-03-15,2026-03,Sunday,3F_N,xgb_ranker_ndcg,is_top_3,full_2025,1.0,0,0.9978624743202228,45100.0,0.5,0.9978624743202228,8,0.992782870072308,28200.0,0.5,0.992782870072308,0.0050796042479147,low,0,top1_default,0.9978624743202228,45100.0,1,0,0,1.0,1.0,Q1,82.0,0.06510733662120678,0,normal,0,hit_day,0,8,2,45100.0,28200.0,11600.0,hit1,0.0,0,1,1,0,rank1
2026-03-16,2026-03,Monday,2F_N,xgb_ranker_ndcg,is_top_3,recent_60d,1.0,7,0.9984553626477088,30200.0,0.5,0.9984553626477088,9,0.9983523934048004,29400.0,0.5,0.9983523934048004,0.0001029692429084,undefined,9,top2_on_undefined,0.9983523934048004,29400.0,0,0,0,1.0,1.0,Q1,85.5,0.9687251166393569,0,normal,0,hit_day,4,7,9,36400.0,30200.0,29400.0,hit1,6200.0,7,1,0,0,rank1
2026-03-16,2026-03,Monday,3F_A,xgb_ranker_ndcg,is_top_3,full_2025,1.25,7,0.9972810660959964,9800.0,0.5,0.9972810660959964,5,0.9864449106943404,9300.0,0.5,0.9864449106943404,0.0108361554016559,low,7,top1_default,0.9972810660959964,9800.0,1,0,0,1.0,1.0,Q2,85.5,0.9687251166393569,0,normal,0,hit_day,7,5,2,9800.0,9300.0,3600.0,hit1,0.0,7,1,1,0,rank1
2026-03-16,2026-03,Monday,3F_N,xgb_ranker_ndcg,is_top_3,full_2025,1.0,0,0.9286722314914614,12900.0,0.5,0.9286722314914614,1,0.8281581004557391,9300.0,0.5,0.8281581004557391,0.1005141310357222,medium,0,top1_default,0.9286722314914614,12900.0,1,0,0,1.0,1.0,Q3,85.5,0.9687251166393569,0,normal,0,hit_day,0,2,1,12900.0,10800.0,9300.0,hit1,0.0,0,1,0,0,rank1
2026-03-17,2026-03,Tuesday,2F_N,xgb_ranker_ndcg,is_top_3,recent_60d,1.0,7,0.9985173827389524,30600.0,0.5,0.9985173827389524,6,0.9984416197968872,29800.0,0.5,0.9984416197968872,7.576294206534939e-05,undefined,6,top2_on_undefined,0.9984416197968872,29800.0,1,0,0,1.0,1.0,Q1,91.0,0.47238444285387526,0,normal,0,hit_day,7,6,8,30600.0,29800.0,13400.0,hit1,0.0,7,1,1,0,rank1
2026-03-17,2026-03,Tuesday,3F_A,xgb_ranker_ndcg,is_top_3,full_2025,1.25,5,0.9974563810261744,26300.0,0.5,0.9974563810261744,3,0.626626586626585,7100.0,0.5,0.626626586626585,0.3708297943995893,high,5,top1_default,0.9974563810261744,26300.0,1,0,0,1.0,1.0,Q4,91.0,0.47238444285387526,0,normal,0,hit_day,5,3,0,26300.0,7100.0,4400.0,hit1,0.0,5,1,1,0,rank1
2026-03-17,2026-03,Tuesday,3F_N,xgb_ranker_ndcg,is_top_3,recent_60d,1.25,2,0.9860925539724746,29900.0,0.5,0.9860925539724746,9,0.8911974655778104,11900.0,0.5,0.8911974655778104,0.0948950883946642,low,2,top1_default,0.9860925539724746,29900.0,1,0,0,1.0,1.0,Q3,91.0,0.47238444285387526,0,normal,0,hit_day,2,4,8,29900.0,14800.0,12800.0,hit1,0.0,2,1,0,0,rank1
2026-03-18,2026-03,Wednesday,2F_N,xgb_ranker_ndcg,is_top_3,full_2025,1.0,1,0.825660533548974,24700.0,0.5,0.825660533548974,5,0.0063700201616692,-6000.0,0.5,0.0063700201616692,0.8192905133873046,high,1,top1_default,0.825660533548974,24700.0,1,0,0,1.0,1.0,Q4,85.5,-0.6603658794233277,0,normal,0,hit_day,1,8,0,24700.0,6200.0,-1200.0,hit1,0.0,1,1,0,0,rank1
2026-03-18,2026-03,Wednesday,3F_A,xgb_ranker_ndcg,is_top_3,full_2025,0.75,8,0.9943082212177572,11900.0,0.5,0.9943082212177572,1,0.9941493489008898,14300.0,0.5,0.9941493489008898,0.0001588723168675,undefined,1,top2_on_undefined,0.9941493489008898,14300.0,1,0,0,1.0,1.0,Q1,85.5,-0.6603658794233277,0,normal,0,hit_day,1,8,4,14300.0,11900.0,1000.0,hit1,2400.0,8,1,1,0,rank1
2026-03-18,2026-03,Wednesday,3F_N,xgb_ranker_ndcg,is_top_3,full_2025,1.25,0,0.986309537210176,21400.0,0.5,0.986309537210176,2,0.0839803234639529,5500.0,0.5,0.0839803234639529,0.902329213746223,high,0,top1_default,0.986309537210176,21400.0,1,0,0,1.0,1.0,Q4,85.5,-0.6603658794233277,0,normal,0,hit_day,0,1,2,21400.0,5700.0,5500.0,hit1,0.0,0,1,0,0,rank1
2026-03-19,2026-03,Thursday,2F_N,xgb_ranker_ndcg,is_top_3,recent_60d,1.0,9,0.991906101436214,20500.0,0.5,0.991906101436214,7,0.9900539883611966,18500.0,0.5,0.9900539883611966,0.0018521130750173,low,9,top1_default,0.991906101436214,20500.0,1,0,0,1.0,1.0,Q1,82.0,-0.12277800353421779,0,normal,0,hit_day,9,7,4,20500.0,18500.0,16400.0,hit1,0.0,9,1,1,0,rank1
2026-03-19,2026-03,Thursday,3F_A,xgb_ranker_ndcg,is_top_3,full_2025,1.25,2,0.9950666914281856,11500.0,0.5,0.9950666914281856,4,0.9883146034897204,7600.0,0.5,0.9883146034897204,0.0067520879384652,low,2,top1_default,0.9950666914281856,11500.0,1,0,0,1.0,1.0,Q2,82.0,-0.12277800353421779,0,normal,0,hit_day,2,9,4,11500.0,9600.0,7600.0,hit1,0.0,2,1,0,0,rank1
2026-03-19,2026-03,Thursday,3F_N,xgb_ranker_ndcg,is_top_3,full_2025,1.0,4,0.962576448373674,16400.0,0.5,0.962576448373674,9,0.9038970187964612,12700.0,0.5,0.9038970187964612,0.0586794295772128,low,4,top1_default,0.962576448373674,16400.0,1,0,0,1.0,1.0,Q3,82.0,-0.12277800353421779,0,normal,0,hit_day,4,9,7,16400.0,12700.0,2300.0,hit1,0.0,4,1,1,0,rank1
2026-03-20,2026-03,Friday,2F_N,xgb_ranker_ndcg,is_top_3,recent_60d,0.75,5,0.9972492900764434,41400.0,0.5,0.9972492900764434,2,0.6403085132147107,15200.0,0.5,0.6403085132147107,0.3569407768617326,high,5,top1_default,0.9972492900764434,41400.0,1,0,0,1.0,1.0,Q4,82.0,-0.40079126870478854,0,normal,0,hit_day,5,0,2,41400.0,16400.0,15200.0,hit1,0.0,5,1,0,0,rank1
2026-03-20,2026-03,Friday,3F_A,xgb_ranker_ndcg,is_top_3,full_2025,1.25,2,0.9896506143408604,13100.0,0.5,0.9896506143408604,7,0.9617904321870911,12400.0,0.5,0.9617904321870911,0.027860182153769,low,2,top1_default,0.9896506143408604,13100.0,1,0,0,1.0,1.0,Q2,82.0,-0.40079126870478854,0,normal,0,hit_day,2,7,8,13100.0,12400.0,9500.0,hit1,0.0,2,1,1,0,rank1
2026-03-20,2026-03,Friday,3F_N,xgb_ranker_ndcg,is_top_3,full_2025,1.0,7,0.7328806607634453,13600.0,0.5,0.7328806607634453,8,0.3753203247860253,5000.0,0.5,0.3753203247860253,0.35756033597742,high,7,top1_default,0.7328806607634453,13600.0,1,0,0,1.0,1.0,Q4,82.0,-0.40079126870478854,0,normal,0,hit_day,7,8,4,13600.0,5000.0,400.0,hit1,0.0,7,1,1,0,rank1
2026-03-21,2026-03,Saturday,2F_N,xgb_ranker_ndcg,is_top_3,recent_60d,0.75,6,0.998311592846163,40200.0,0.5,0.998311592846163,0,0.9942997899738358,24300.0,0.5,0.9942997899738358,0.0040118028723271,low,6,top1_default,0.998311592846163,40200.0,1,0,0,1.0,1.0,Q1,85.5,0.7895227316006167,0,normal,0,hit_day,6,0,3,40200.0,24300.0,19400.0,hit1,0.0,6,1,1,0,rank1
2026-03-21,2026-03,Saturday,3F_A,xgb_ranker_ndcg,is_top_3,full_2025,1.25,6,0.9889725790834376,15600.0,0.5,0.9889725790834376,2,0.984570435962824,11900.0,0.5,0.984570435962824,0.0044021431206136,low,6,top1_default,0.9889725790834376,15600.0,1,0,0,1.0,1.0,Q1,85.5,0.7895227316006167,0,normal,0,hit_day,6,2,8,15600.0,11900.0,8300.0,hit1,0.0,6,1,1,0,rank1
2026-03-21,2026-03,Saturday,3F_N,xgb_ranker_ndcg,is_top_3,full_2025,1.0,2,0.9739468115424884,33000.0,0.5,0.9739468115424884,8,0.9396455397759116,15700.0,0.5,0.9396455397759116,0.0343012717665766,low,2,top1_default,0.9739468115424884,33000.0,1,0,0,1.0,1.0,Q2,85.5,0.7895227316006167,0,normal,0,hit_day,2,8,1,33000.0,15700.0,14200.0,hit1,0.0,2,1,1,0,rank1
2026-03-22,2026-03,Sunday,2F_N,xgb_ranker_ndcg,is_top_3,full_2025,0.75,9,0.0407717930873532,11500.0,0.5,0.0407717930873532,0,0.0089412753889761,3400.0,0.5,0.0089412753889761,0.0318305176983771,low,9,top1_default,0.0407717930873532,11500.0,1,0,0,1.0,1.0,Q2,82.0,-1.568705989279432,1,low_anomaly,0,hit_day,9,0,8,11500.0,3400.0,-200.0,hit1,0.0,9,1,1,0,rank1
2026-03-22,2026-03,Sunday,3F_A,xgb_ranker_ndcg,is_top_3,full_2025,1.25,8,0.9492980205502208,12300.0,0.5,0.9492980205502208,4,0.7684397423220414,7700.0,0.5,0.7684397423220414,0.1808582782281794,medium,8,top1_default,0.9492980205502208,12300.0,1,0,0,1.0,1.0,Q3,82.0,-1.568705989279432,1,low_anomaly,0,hit_day,8,6,4,12300.0,8200.0,7700.0,hit1,0.0,8,1,0,0,rank1
2026-03-22,2026-03,Sunday,3F_N,xgb_ranker_ndcg,is_top_3,recent_60d,1.25,5,0.9917312804920262,18000.0,0.5,0.9917312804920262,0,0.8496839891994665,8100.0,0.5,0.8496839891994665,0.1420472912925596,medium,5,top1_default,0.9917312804920262,18000.0,1,0,0,1.0,1.0,Q3,82.0,-1.568705989279432,1,low_anomaly,0,hit_day,5,0,2,18000.0,8100.0,1100.0,hit1,0.0,5,1,1,0,rank1
2026-03-23,2026-03,Monday,2F_N,xgb_ranker_ndcg,is_top_3,full_2025,0.75,1,0.984811429075052,24300.0,0.5,0.984811429075052,3,0.4638616081344925,10400.0,0.5,0.4638616081344925,0.5209498209405594,high,1,top1_default,0.984811429075052,24300.0,1,0,0,1.0,1.0,Q4,85.5,0.2960448915953288,0,normal,0,hit_day,1,3,6,24300.0,10400.0,8700.0,hit1,0.0,1,1,1,0,rank1
2026-03-23,2026-03,Monday,3F_A,xgb_ranker_ndcg,is_top_3,recent_60d,0.75,4,0.648881551254603,4400.0,0.5,0.648881551254603,0,0.1409187368143643,3000.0,0.5,0.1409187368143643,0.5079628144402387,high,4,top1_default,0.648881551254603,4400.0,1,0,0,1.0,1.0,Q4,85.5,0.2960448915953288,0,normal,0,hit_day,4,0,3,4400.0,3000.0,2100.0,hit1,0.0,4,1,1,0,rank1
2026-03-23,2026-03,Monday,3F_N,xgb_ranker_ndcg,is_top_3,full_2025,1.0,8,0.99717958611239,34400.0,0.5,0.99717958611239,4,0.9380316677469188,12700.0,0.5,0.9380316677469188,0.0591479183654709,low,8,top1_default,0.99717958611239,34400.0,1,0,0,1.0,1.0,Q3,85.5,0.2960448915953288,0,normal,0,hit_day,8,1,4,34400.0,14000.0,12700.0,hit1,0.0,8,1,0,0,rank1
2026-03-24,2026-03,Tuesday,2F_N,xgb_ranker_ndcg,is_top_3,full_2025,0.75,9,0.9979319413547152,29200.0,0.5,0.9979319413547152,3,0.9854663330661144,23900.0,0.5,0.9854663330661144,0.0124656082886006,low,9,top1_default,0.9979319413547152,29200.0,1,0,0,1.0,1.0,Q2,91.0,0.04180573112123125,0,normal,0,hit_day,9,3,7,29200.0,23900.0,19500.0,hit1,0.0,9,1,1,0,rank1
2026-03-24,2026-03,Tuesday,3F_A,xgb_ranker_ndcg,is_top_3,full_2025,1.25,0,0.969894713474604,9100.0,0.5,0.969894713474604,9,0.0234917308534838,3400.0,0.5,0.0234917308534838,0.94640298262112,high,0,top1_default,0.969894713474604,9100.0,1,0,0,1.0,1.0,Q4,91.0,0.04180573112123125,0,normal,0,hit_day,0,9,5,9100.0,3400.0,2100.0,hit1,0.0,0,1,1,0,rank1
2026-03-24,2026-03,Tuesday,3F_N,xgb_ranker_ndcg,is_top_3,full_2025,1.0,8,0.9706460952303452,20400.0,0.5,0.9706460952303452,3,0.0028243365968239,-8800.0,0.5,0.0028243365968239,0.9678217586335212,high,8,top1_default,0.9706460952303452,20400.0,1,0,0,1.0,1.0,Q4,91.0,0.04180573112123125,0,normal,0,hit_day,8,7,2,20400.0,-1900.0,-3900.0,hit1,0.0,8,1,0,0,rank1
2026-03-25,2026-03,Wednesday,2F_N,xgb_ranker_ndcg,is_top_3,full_2025,1.0,7,0.3156638665678473,17300.0,0.5,0.3156638665678473,5,0.006281580390972,10700.0,0.5,0.006281580390972,0.3093822861768753,high,7,top1_default,0.3156638665678473,17300.0,1,0,0,1.0,1.0,Q4,91.0,-0.562543727225247,0,normal,0,hit_day,7,5,2,17300.0,10700.0,9000.0,hit1,0.0,7,1,1,0,rank1
2026-03-25,2026-03,Wednesday,3F_A,xgb_ranker_ndcg,is_top_3,full_2025,0.75,8,0.993271719819978,8700.0,0.5,0.993271719819978,3,0.992611180698304,11800.0,0.5,0.992611180698304,0.0006605391216738,undefined,3,top2_on_undefined,0.992611180698304,11800.0,1,0,0,1.0,1.0,Q1,91.0,-0.562543727225247,0,normal,0,hit_day,3,7,8,11800.0,9500.0,8700.0,miss1_hit2,0.0,3,0,1,0,rank2
2026-03-25,2026-03,Wednesday,3F_N,xgb_ranker_ndcg,is_top_3,full_2025,1.25,7,0.9905637414641304,13300.0,0.5,0.9905637414641304,4,0.8977782043468366,9100.0,0.5,0.8977782043468366,0.0927855371172938,low,7,top1_default,0.9905637414641304,13300.0,1,0,0,1.0,1.0,Q3,91.0,-0.562543727225247,0,normal,0,hit_day,7,5,4,13300.0,10900.0,9100.0,hit1,0.0,7,1,0,0,rank1
2026-03-26,2026-03,Thursday,2F_N,xgb_ranker_ndcg,is_top_3,recent_60d,1.25,8,0.9974974904142624,28700.0,0.5,0.9974974904142624,9,0.9944218578077498,18300.0,0.5,0.9944218578077498,0.0030756326065125,low,8,top1_default,0.9974974904142624,28700.0,1,0,0,1.0,1.0,Q1,91.0,-0.26348095952554434,0,normal,0,hit_day,8,9,0,28700.0,18300.0,11000.0,hit1,0.0,8,1,1,0,rank1
2026-03-26,2026-03,Thursday,3F_A,xgb_ranker_ndcg,is_top_3,full_2025,1.25,1,0.989055613578934,9400.0,0.5,0.989055613578934,9,0.2122694814858458,3100.0,0.5,0.2122694814858458,0.7767861320930882,high,1,top1_default,0.989055613578934,9400.0,1,0,0,1.0,1.0,Q4,91.0,-0.26348095952554434,0,normal,0,hit_day,1,9,0,9400.0,3100.0,1000.0,hit1,0.0,1,1,1,0,rank1
2026-03-26,2026-03,Thursday,3F_N,xgb_ranker_ndcg,is_top_3,full_2025,1.0,2,0.7677190426591803,10300.0,0.5,0.7677190426591803,7,0.7172996938286125,11200.0,0.5,0.7172996938286125,0.0504193488305678,low,2,top1_default,0.7677190426591803,10300.0,1,0,0,1.0,1.0,Q3,91.0,-0.26348095952554434,0,normal,0,hit_day,7,2,6,11200.0,10300.0,4800.0,hit1,900.0,2,1,1,0,rank1
2026-03-27,2026-03,Friday,2F_N,xgb_ranker_ndcg,is_top_3,recent_60d,0.75,1,0.7305453061155417,19200.0,0.5,0.7305453061155417,0,0.6866712142476467,12600.0,0.5,0.6866712142476467,0.043874091867895,low,1,top1_default,0.7305453061155417,19200.0,1,0,0,1.0,1.0,Q2,91.0,-0.14697455042995666,0,normal,0,hit_day,1,0,6,19200.0,12600.0,11500.0,hit1,0.0,1,1,1,0,rank1
2026-03-27,2026-03,Friday,3F_A,xgb_ranker_ndcg,is_top_3,full_2025,1.25,1,0.997238636557434,21200.0,0.5,0.997238636557434,7,0.9909068415487297,15700.0,0.5,0.9909068415487297,0.0063317950087043,low,1,top1_default,0.997238636557434,21200.0,1,0,0,1.0,1.0,Q2,91.0,-0.14697455042995666,0,normal,0,hit_day,1,7,0,21200.0,15700.0,13700.0,hit1,0.0,1,1,1,0,rank1
2026-03-27,2026-03,Friday,3F_N,xgb_ranker_ndcg,is_top_3,full_2025,1.0,1,0.9592522478037716,18900.0,0.5,0.9592522478037716,4,0.6838489037608703,7700.0,0.5,0.6838489037608703,0.2754033440429012,medium,1,top1_default,0.9592522478037716,18900.0,1,0,0,1.0,1.0,Q4,91.0,-0.14697455042995666,0,normal,0,hit_day,1,3,4,18900.0,12200.0,7700.0,hit1,0.0,1,1,0,0,rank1
2026-03-28,2026-03,Saturday,2F_N,xgb_ranker_ndcg,is_top_3,full_2025,0.75,0,0.9988079606512184,64100.0,0.5,0.9988079606512184,2,0.880137063682443,25000.0,0.5,0.880137063682443,0.1186708969687753,medium,0,top1_default,0.9988079606512184,64100.0,1,0,0,1.0,1.0,Q3,91.0,1.774133804251471,1,high_anomaly,0,hit_day,0,2,8,64100.0,25000.0,21900.0,hit1,0.0,0,1,1,0,rank1
2026-03-28,2026-03,Saturday,3F_A,xgb_ranker_ndcg,is_top_3,full_2025,1.25,5,0.9968974461697098,17100.0,0.5,0.9968974461697098,6,0.9884073433891092,15100.0,0.5,0.9884073433891092,0.0084901027806005,low,5,top1_default,0.9968974461697098,17100.0,1,0,0,1.0,1.0,Q2,91.0,1.774133804251471,1,high_anomaly,0,hit_day,5,6,4,17100.0,15100.0,10800.0,hit1,0.0,5,1,1,0,rank1
2026-03-28,2026-03,Saturday,3F_N,xgb_ranker_ndcg,is_top_3,full_2025,1.0,1,0.9900831797897208,32100.0,0.5,0.9900831797897208,7,0.9769178230483484,20800.0,0.5,0.9769178230483484,0.0131653567413723,low,1,top1_default,0.9900831797897208,32100.0,1,0,0,1.0,1.0,Q2,91.0,1.774133804251471,1,high_anomaly,0,hit_day,1,7,6,32100.0,20800.0,17000.0,hit1,0.0,1,1,1,0,rank1
2026-03-29,2026-03,Sunday,2F_N,xgb_ranker_ndcg,is_top_3,full_2025,0.75,1,0.9879544513989934,32500.0,0.5,0.9879544513989934,0,0.9826738471835283,29700.0,0.5,0.9826738471835283,0.0052806042154649,low,1,top1_default,0.9879544513989934,32500.0,1,0,0,1.0,1.0,Q1,79.0,-1.437482700060934,0,normal,0,hit_day,1,0,7,32500.0,29700.0,-1300.0,hit1,0.0,1,1,1,0,rank1
2026-03-29,2026-03,Sunday,3F_A,xgb_ranker_ndcg,is_top_3,full_2025,1.25,0,0.4367993742326346,6300.0,0.5,0.4367993742326346,8,0.0819685555165339,5700.0,0.5,0.0819685555165339,0.3548308187161007,high,0,top1_default,0.4367993742326346,6300.0,1,0,0,1.0,1.0,Q4,79.0,-1.437482700060934,0,normal,0,hit_day,0,8,3,6300.0,5700.0,2900.0,hit1,0.0,0,1,1,0,rank1
2026-03-29,2026-03,Sunday,3F_N,xgb_ranker_ndcg,is_top_3,full_2025,1.0,4,0.9576535918855028,17700.0,0.5,0.9576535918855028,6,0.9027158086613926,19500.0,0.5,0.9027158086613926,0.0549377832241102,low,4,top1_default,0.9576535918855028,17700.0,1,0,0,1.0,1.0,Q3,79.0,-1.437482700060934,0,normal,0,hit_day,6,4,3,19500.0,17700.0,-800.0,hit1,1800.0,4,1,1,0,rank1
2026-03-30,2026-03,Monday,2F_N,xgb_ranker_ndcg,is_top_3,full_2025,0.75,7,0.9947916179360544,37600.0,0.5,0.9947916179360544,5,0.9172223015732304,24900.0,0.5,0.9172223015732304,0.0775693163628242,low,7,top1_default,0.9947916179360544,37600.0,1,0,0,1.0,1.0,Q3,79.0,1.4527352867888843,0,normal,0,hit_day,7,5,3,37600.0,24900.0,17600.0,hit1,0.0,7,1,1,0,rank1
2026-03-30,2026-03,Monday,3F_A,xgb_ranker_ndcg,is_top_3,full_2025,1.25,3,0.9985620105275635,22700.0,0.5,0.9985620105275635,5,0.992847648097273,15200.0,0.5,0.992847648097273,0.0057143624302906,low,3,top1_default,0.9985620105275635,22700.0,1,0,0,1.0,1.0,Q2,79.0,1.4527352867888843,0,normal,0,hit_day,3,7,4,22700.0,16500.0,15600.0,hit1,0.0,3,1,0,0,rank1
2026-03-30,2026-03,Monday,3F_N,xgb_ranker_ndcg,is_top_3,full_2025,1.0,7,0.9946538390091986,27500.0,0.5,0.9946538390091986,2,0.9869984251317044,25900.0,0.5,0.9869984251317044,0.0076554138774942,low,7,top1_default,0.9946538390091986,27500.0,1,0,0,1.0,1.0,Q2,79.0,1.4527352867888843,0,normal,0,hit_day,7,2,4,27500.0,25900.0,5900.0,hit1,0.0,7,1,1,0,rank1
2026-03-31,2026-03,Tuesday,2F_N,xgb_ranker_ndcg,is_top_3,recent_60d,1.0,5,0.5837496965813804,13400.0,0.5,0.5837496965813804,7,0.4096879255679767,7000.0,0.5,0.4096879255679767,0.1740617710134037,medium,5,top1_default,0.5837496965813804,13400.0,1,0,0,1.0,1.0,Q3,64.5,-0.17178777594809957,0,normal,0,hit_day,5,7,6,13400.0,7000.0,3800.0,hit1,0.0,5,1,1,0,rank1
2026-03-31,2026-03,Tuesday,3F_A,xgb_ranker_ndcg,is_top_3,full_2025,1.25,4,0.8935487165851472,8900.0,0.5,0.8935487165851472,0,0.7180411892495561,7500.0,0.5,0.7180411892495561,0.1755075273355911,medium,4,top1_default,0.8935487165851472,8900.0,1,0,0,1.0,1.0,Q3,64.5,-0.17178777594809957,0,normal,0,hit_day,4,0,8,8900.0,7500.0,5400.0,hit1,0.0,4,1,1,0,rank1
2026-03-31,2026-03,Tuesday,3F_N,xgb_ranker_ndcg,is_top_3,recent_60d,1.25,3,0.994927443116274,13600.0,0.5,0.994927443116274,8,0.9898807282286408,38900.0,0.5,0.9898807282286408,0.005046714887633,low,3,top1_default,0.994927443116274,13600.0,1,0,0,1.0,1.0,Q1,64.5,-0.17178777594809957,0,normal,0,hit_day,8,3,5,38900.0,13600.0,12500.0,hit1,25300.0,3,1,1,0,rank1
2026-04-01,2026-04,Wednesday,2F_N,xgb_ranker_ndcg,is_top_3,full_2025,1.0,2,0.7018785574641666,21300.0,0.5,0.7018785574641666,7,0.5721020742826622,14100.0,0.5,0.5721020742826622,0.1297764831815043,medium,2,top1_default,0.7018785574641666,21300.0,1,0,0,1.0,1.0,Q3,64.5,1.471732744760172,0,normal,0,hit_day,2,7,8,21300.0,14100.0,14100.0,hit1,0.0,2,1,1,0,rank1
2026-04-01,2026-04,Wednesday,3F_A,xgb_ranker_ndcg,is_top_3,full_2025,0.75,3,0.9950157489338424,16100.0,0.5,0.9950157489338424,0,0.993245835856059,18400.0,0.5,0.993245835856059,0.0017699130777832,low,3,top1_default,0.9950157489338424,16100.0,0,0,0,1.0,1.0,Q1,64.5,1.471732744760172,0,normal,0,hit_day,2,0,3,20500.0,18400.0,16100.0,miss1_hit2,2100.0,0,0,1,0,rank2
2026-04-01,2026-04,Wednesday,3F_N,xgb_ranker_ndcg,is_top_3,full_2025,1.25,7,0.9902863876253714,33600.0,0.5,0.9902863876253714,8,0.9836796109829282,21000.0,0.5,0.9836796109829282,0.0066067766424431,low,7,top1_default,0.9902863876253714,33600.0,1,0,0,1.0,1.0,Q2,64.5,1.471732744760172,0,normal,0,hit_day,7,8,1,33600.0,21000.0,12200.0,hit1,0.0,7,1,1,0,rank1
2026-04-02,2026-04,Thursday,2F_N,xgb_ranker_ndcg,is_top_3,recent_60d,0.75,7,0.9982038431506924,25300.0,0.5,0.9982038431506924,2,0.9964092630131888,45600.0,0.5,0.9964092630131888,0.0017945801375036,low,7,top1_default,0.9982038431506924,25300.0,0,0,0,1.0,1.0,Q1,64.5,1.1566315993424223,0,normal,0,hit_day,2,0,7,45600.0,26200.0,25300.0,miss1_hit2,0.0,2,0,1,0,rank2
2026-04-02,2026-04,Thursday,3F_A,xgb_ranker_ndcg,is_top_3,full_2025,1.25,4,0.9919738046089625,10600.0,0.5,0.9919738046089625,8,0.7526623342997144,5300.0,0.5,0.7526623342997144,0.2393114703092479,medium,4,top1_default,0.9919738046089625,10600.0,1,0,0,1.0,1.0,Q3,64.5,1.1566315993424223,0,normal,0,hit_day,4,3,8,10600.0,5300.0,5300.0,hit1,0.0,4,1,0,0,rank1
2026-04-02,2026-04,Thursday,3F_N,xgb_ranker_ndcg,is_top_3,recent_60d,0.75,3,0.9976094303579373,13500.0,0.5,0.9976094303579373,5,0.9969830877017792,23100.0,0.5,0.9969830877017792,0.000626342656158,undefined,5,top2_on_undefined,0.9969830877017792,23100.0,1,0,0,1.0,1.0,Q1,64.5,1.1566315993424223,0,normal,0,hit_day,5,1,3,23100.0,15000.0,13500.0,miss1_hit2,0.0,5,0,1,0,rank2
2026-04-03,2026-04,Friday,2F_N,xgb_ranker_ndcg,is_top_3,full_2025,0.75,6,0.7717166969755913,15400.0,0.5,0.7717166969755913,4,0.5853419496116592,13200.0,0.5,0.5853419496116592,0.1863747473639321,medium,6,top1_default,0.7717166969755913,15400.0,1,0,0,1.0,1.0,Q3,82.0,0.29600467185056945,0,normal,0,hit_day,6,4,9,15400.0,13200.0,5300.0,hit1,0.0,6,1,1,0,rank1
2026-04-03,2026-04,Friday,3F_A,xgb_ranker_ndcg,is_top_3,full_2025,1.25,4,0.9929545023995922,10400.0,0.5,0.9929545023995922,2,0.9887123997324092,12400.0,0.5,0.9887123997324092,0.0042421026671828,low,4,top1_default,0.9929545023995922,10400.0,1,0,0,1.0,1.0,Q1,82.0,0.29600467185056945,0,normal,0,hit_day,2,4,8,12400.0,10400.0,10000.0,hit1,2000.0,4,1,1,0,rank1
2026-04-03,2026-04,Friday,3F_N,xgb_ranker_ndcg,is_top_3,recent_60d,0.75,2,0.9957656810875992,18100.0,0.5,0.9957656810875992,3,0.9954777976060782,16600.0,0.5,0.9954777976060782,0.0002878834815209,undefined,3,top2_on_undefined,0.9954777976060782,16600.0,1,0,0,1.0,1.0,Q1,82.0,0.29600467185056945,0,normal,0,hit_day,2,3,5,18100.0,16600.0,10800.0,hit1,0.0,2,1,1,0,rank1
2026-04-04,2026-04,Saturday,2F_N,xgb_ranker_ndcg,is_top_3,recent_60d,1.25,6,0.9983472786208336,31500.0,0.5,0.9983472786208336,8,0.9960188816612512,51300.0,0.5,0.9960188816612512,0.0023283969595824,low,6,top1_default,0.9983472786208336,31500.0,0,0,0,1.0,1.0,Q1,95.5,1.813054568762395,1,high_anomaly,0,hit_day,8,0,6,51300.0,50300.0,31500.0,miss1_hit2,0.0,8,0,1,0,rank2
2026-04-04,2026-04,Saturday,3F_A,xgb_ranker_ndcg,is_top_3,full_2025,1.25,3,0.9977935751715296,22500.0,0.5,0.9977935751715296,1,0.8629061842283203,8600.0,0.5,0.8629061842283203,0.1348873909432093,medium,3,top1_default,0.9977935751715296,22500.0,1,0,0,1.0,1.0,Q3,95.5,1.813054568762395,1,high_anomaly,0,hit_day,3,4,2,22500.0,14900.0,10500.0,hit1,0.0,3,1,0,0,rank1
2026-04-04,2026-04,Saturday,3F_N,xgb_ranker_ndcg,is_top_3,full_2025,1.0,0,0.9792913595438828,18300.0,0.5,0.9792913595438828,9,0.8363383600313837,15100.0,0.5,0.8363383600313837,0.142952999512499,medium,0,top1_default,0.9792913595438828,18300.0,1,0,0,1.0,1.0,Q3,95.5,1.813054568762395,1,high_anomaly,0,hit_day,0,9,3,18300.0,15100.0,400.0,hit1,0.0,0,1,1,0,rank1
2026-04-05,2026-04,Sunday,2F_N,xgb_ranker_ndcg,is_top_3,recent_60d,1.0,1,0.9958589941959408,30800.0,0.5,0.9958589941959408,9,0.9937577943020954,33500.0,0.5,0.9937577943020954,0.0021011998938452,low,1,top1_default,0.9958589941959408,30800.0,1,0,0,1.0,1.0,Q1,82.0,-0.37174255027115866,0,normal,0,hit_day,9,1,5,33500.0,30800.0,6200.0,hit1,2700.0,1,1,1,0,rank1
2026-04-05,2026-04,Sunday,3F_A,xgb_ranker_ndcg,is_top_3,full_2025,1.25,0,0.9666919679870976,13000.0,0.5,0.9666919679870976,6,0.9437409617553528,11700.0,0.5,0.9437409617553528,0.0229510062317447,low,0,top1_default,0.9666919679870976,13000.0,1,0,0,1.0,1.0,Q2,82.0,-0.37174255027115866,0,normal,0,hit_day,0,6,2,13000.0,11700.0,4200.0,hit1,0.0,0,1,1,0,rank1
2026-04-05,2026-04,Sunday,3F_N,xgb_ranker_ndcg,is_top_3,recent_60d,1.25,7,0.9968338960174832,17700.0,0.5,0.9968338960174832,6,0.9033028702914814,11400.0,0.5,0.9033028702914814,0.0935310257260019,low,7,top1_default,0.9968338960174832,17700.0,1,0,0,1.0,1.0,Q3,82.0,-0.37174255027115866,0,normal,0,hit_day,7,6,8,17700.0,11400.0,2500.0,hit1,0.0,7,1,1,0,rank1
2026-04-06,2026-04,Monday,2F_N,xgb_ranker_ndcg,is_top_3,recent_60d,1.0,5,0.97605115989045,19900.0,0.5,0.97605115989045,8,0.8049028473432828,12900.0,0.5,0.8049028473432828,0.1711483125471672,medium,5,top1_default,0.97605115989045,19900.0,1,0,0,1.0,1.0,Q3,83.0,-0.08330517348086003,0,normal,0,hit_day,5,4,8,19900.0,15900.0,12900.0,hit1,0.0,5,1,0,0,rank1
2026-04-06,2026-04,Monday,3F_A,xgb_ranker_ndcg,is_top_3,full_2025,1.25,4,0.3563103519397928,5600.0,0.5,0.3563103519397928,0,0.2147372474022599,3700.0,0.5,0.2147372474022599,0.1415731045375329,medium,4,top1_default,0.3563103519397928,5600.0,1,0,0,1.0,1.0,Q3,83.0,-0.08330517348086003,0,normal,0,hit_day,4,3,0,5600.0,4100.0,3700.0,hit1,0.0,4,1,0,0,rank1
2026-04-06,2026-04,Monday,3F_N,xgb_ranker_ndcg,is_top_3,full_2025,1.0,3,0.9791721788792644,21000.0,0.5,0.9791721788792644,6,0.9698240986846236,15600.0,0.5,0.9698240986846236,0.0093480801946408,low,3,top1_default,0.9791721788792644,21000.0,1,0,0,1.0,1.0,Q2,83.0,-0.08330517348086003,0,normal,0,hit_day,3,6,0,21000.0,15600.0,9700.0,hit1,0.0,3,1,1,0,rank1
2026-04-07,2026-04,Tuesday,2F_N,xgb_ranker_ndcg,is_top_3,full_2025,0.75,9,0.7348166870606112,17800.0,0.5,0.7348166870606112,7,0.4032247276860223,16100.0,0.5,0.4032247276860223,0.3315919593745889,high,9,top1_default,0.7348166870606112,17800.0,1,0,0,1.0,1.0,Q4,95.5,0.6567411298546758,0,normal,0,hit_day,9,7,8,17800.0,16100.0,14200.0,hit1,0.0,9,1,1,0,rank1
2026-04-07,2026-04,Tuesday,3F_A,xgb_ranker_ndcg,is_top_3,full_2025,1.25,1,0.9392776390110142,13000.0,0.5,0.9392776390110142,4,0.8884628142029662,14300.0,0.5,0.8884628142029662,0.050814824808048,low,1,top1_default,0.9392776390110142,13000.0,1,0,0,1.0,1.0,Q3,95.5,0.6567411298546758,0,normal,0,hit_day,4,1,3,14300.0,13000.0,9600.0,hit1,1300.0,1,1,1,0,rank1
2026-04-07,2026-04,Tuesday,3F_N,xgb_ranker_ndcg,is_top_3,full_2025,1.0,3,0.995674749279895,23800.0,0.5,0.995674749279895,7,0.9952891688730604,33900.0,0.5,0.9952891688730604,0.0003855804068346,undefined,7,top2_on_undefined,0.9952891688730604,33900.0,1,0,0,1.0,1.0,Q1,95.5,0.6567411298546758,0,normal,0,hit_day,7,3,4,33900.0,23800.0,14800.0,hit1,10100.0,3,1,1,0,rank1
2026-04-08,2026-04,Wednesday,2F_N,xgb_ranker_ndcg,is_top_3,full_2025,1.0,7,0.988539374159768,49600.0,0.5,0.988539374159768,2,0.5832783765205041,22800.0,0.5,0.5832783765205041,0.405260997639264,high,7,top1_default,0.988539374159768,49600.0,1,0,0,1.0,1.0,Q4,95.5,0.8830703256160332,0,normal,0,hit_day,7,2,1,49600.0,22800.0,13000.0,hit1,0.0,7,1,1,0,rank1
2026-04-08,2026-04,Wednesday,3F_A,xgb_ranker_ndcg,is_top_3,full_2025,0.75,2,0.9955776576637584,16000.0,0.5,0.9955776576637584,7,0.982960689659092,20500.0,0.5,0.982960689659092,0.0126169680046664,low,2,top1_default,0.9955776576637584,16000.0,1,0,0,1.0,1.0,Q2,95.5,0.8830703256160332,0,normal,0,hit_day,7,2,4,20500.0,16000.0,6800.0,hit1,4500.0,2,1,1,0,rank1
2026-04-08,2026-04,Wednesday,3F_N,xgb_ranker_ndcg,is_top_3,full_2025,1.25,7,0.9888896761215196,45600.0,0.5,0.9888896761215196,8,0.9829960259556622,14000.0,0.5,0.9829960259556622,0.0058936501658575,low,7,top1_default,0.9888896761215196,45600.0,1,0,0,1.0,1.0,Q2,95.5,0.8830703256160332,0,normal,0,hit_day,7,8,5,45600.0,14000.0,11600.0,hit1,0.0,7,1,1,0,rank1
2026-04-09,2026-04,Thursday,2F_N,xgb_ranker_ndcg,is_top_3,full_2025,0.75,8,0.9715171164937052,18700.0,0.5,0.9715171164937052,9,0.1199685401015042,8300.0,0.5,0.1199685401015042,0.8515485763922008,high,8,top1_default,0.9715171164937052,18700.0,1,0,0,1.0,1.0,Q4,95.5,-0.6229284916319066,0,normal,0,hit_day,8,9,1,18700.0,8300.0,3500.0,hit1,0.0,8,1,1,0,rank1
2026-04-09,2026-04,Thursday,3F_A,xgb_ranker_ndcg,is_top_3,full_2025,1.25,7,0.8974373543297085,6300.0,0.5,0.8974373543297085,9,0.8297871905833243,6700.0,0.5,0.8297871905833243,0.0676501637463842,low,7,top1_default,0.8974373543297085,6300.0,1,0,0,1.0,1.0,Q3,95.5,-0.6229284916319066,0,normal,0,hit_day,9,7,5,6700.0,6300.0,5500.0,hit1,400.0,7,1,1,0,rank1
2026-04-09,2026-04,Thursday,3F_N,xgb_ranker_ndcg,is_top_3,full_2025,1.0,9,0.9959813120952704,33900.0,0.5,0.9959813120952704,1,0.9287192167939704,20800.0,0.5,0.9287192167939704,0.0672620953013,low,9,top1_default,0.9959813120952704,33900.0,1,0,0,1.0,1.0,Q3,95.5,-0.6229284916319066,0,normal,0,hit_day,9,1,8,33900.0,20800.0,4900.0,hit1,0.0,9,1,1,0,rank1
2026-04-10,2026-04,Friday,2F_N,xgb_ranker_ndcg,is_top_3,full_2025,0.75,2,0.9946312500191034,36900.0,0.5,0.9946312500191034,9,0.9334146314533605,20200.0,0.5,0.9334146314533605,0.061216618565743,low,2,top1_default,0.9946312500191034,36900.0,1,0,0,1.0,1.0,Q3,95.5,-0.15409524483685347,0,normal,0,hit_day,2,9,6,36900.0,20200.0,16900.0,hit1,0.0,2,1,1,0,rank1
2026-04-10,2026-04,Friday,3F_A,xgb_ranker_ndcg,is_top_3,recent_60d,1.25,5,0.9838557865168484,7000.0,0.5,0.9838557865168484,1,0.7950862669721375,5500.0,0.5,0.7950862669721375,0.1887695195447108,medium,5,top1_default,0.9838557865168484,7000.0,1,0,0,1.0,1.0,Q3,95.5,-0.15409524483685347,0,normal,0,hit_day,5,1,6,7000.0,5500.0,5100.0,hit1,0.0,5,1,1,0,rank1
2026-04-10,2026-04,Friday,3F_N,xgb_ranker_ndcg,is_top_3,full_2025,1.0,8,0.99534677860389,33300.0,0.5,0.99534677860389,6,0.2584656782163941,1500.0,0.5,0.2584656782163941,0.7368811003874959,high,8,top1_default,0.99534677860389,33300.0,1,0,0,1.0,1.0,Q4,95.5,-0.15409524483685347,0,normal,0,hit_day,8,0,6,33300.0,4500.0,1500.0,hit1,0.0,8,1,0,0,rank1
2026-04-11,2026-04,Saturday,2F_N,xgb_ranker_ndcg,is_top_3,full_2025,0.75,6,0.9934313275459136,35200.0,0.5,0.9934313275459136,1,0.963918495346618,32100.0,0.5,0.963918495346618,0.0295128321992954,low,6,top1_default,0.9934313275459136,35200.0,1,0,0,1.0,1.0,Q2,95.5,1.3888752819300605,0,normal,0,hit_day,6,1,9,35200.0,32100.0,23000.0,hit1,0.0,6,1,1,0,rank1
2026-04-11,2026-04,Saturday,3F_A,xgb_ranker_ndcg,is_top_3,full_2025,1.25,5,0.9967088042991038,18600.0,0.5,0.9967088042991038,0,0.9870664881196904,15800.0,0.5,0.9870664881196904,0.0096423161794134,low,5,top1_default,0.9967088042991038,18600.0,1,0,0,1.0,1.0,Q2,95.5,1.3888752819300605,0,normal,0,hit_day,5,0,9,18600.0,15800.0,6000.0,hit1,0.0,5,1,1,0,rank1
2026-04-11,2026-04,Saturday,3F_N,xgb_ranker_ndcg,is_top_3,full_2025,1.0,9,0.8953915290279811,18300.0,0.5,0.8953915290279811,5,0.7232228690917413,11500.0,0.5,0.7232228690917413,0.1721686599362398,medium,9,top1_default,0.8953915290279811,18300.0,1,0,0,1.0,1.0,Q3,95.5,1.3888752819300605,0,normal,0,hit_day,9,2,5,18300.0,11900.0,11500.0,hit1,0.0,9,1,0,0,rank1
2026-04-12,2026-04,Sunday,2F_N,xgb_ranker_ndcg,is_top_3,full_2025,0.75,8,0.9971333621201384,34400.0,0.5,0.9971333621201384,6,0.996682980590651,34700.0,0.5,0.996682980590651,0.0004503815294872,undefined,6,top2_on_undefined,0.996682980590651,34700.0,1,0,0,1.0,1.0,Q1,109.0,0.5900035095204137,0,normal,0,hit_day,6,8,5,34700.0,34400.0,26700.0,hit1,300.0,8,1,1,0,rank1
2026-04-12,2026-04,Sunday,3F_A,xgb_ranker_ndcg,is_top_3,recent_60d,1.0,1,0.7886542215515672,8000.0,0.5,0.7886542215515672,6,0.5181143430496857,3800.0,0.5,0.5181143430496857,0.2705398785018814,medium,1,top1_default,0.7886542215515672,8000.0,1,0,0,1.0,1.0,Q4,109.0,0.5900035095204137,0,normal,0,hit_day,1,6,7,8000.0,3800.0,3500.0,hit1,0.0,1,1,1,0,rank1
2026-04-12,2026-04,Sunday,3F_N,xgb_ranker_ndcg,is_top_3,full_2025,1.0,5,0.9900729541727884,30800.0,0.5,0.9900729541727884,0,0.9776038103357376,20500.0,0.5,0.9776038103357376,0.0124691438370507,low,5,top1_default,0.9900729541727884,30800.0,1,0,0,1.0,1.0,Q2,109.0,0.5900035095204137,0,normal,0,hit_day,5,0,6,30800.0,20500.0,10400.0,hit1,0.0,5,1,1,0,rank1
2026-04-13,2026-04,Monday,2F_N,xgb_ranker_ndcg,is_top_3,full_2025,0.75,0,0.9953855747420436,26200.0,0.5,0.9953855747420436,9,0.9907388231412928,24000.0,0.5,0.9907388231412928,0.0046467516007507,low,0,top1_default,0.9953855747420436,26200.0,1,0,0,1.0,1.0,Q1,86.5,-0.814386573032941,0,normal,0,hit_day,0,9,1,26200.0,24000.0,22100.0,hit1,0.0,0,1,1,0,rank1
2026-04-13,2026-04,Monday,3F_A,xgb_ranker_ndcg,is_top_3,recent_60d,1.0,6,0.8206000495720449,7500.0,0.5,0.8206000495720449,0,0.0332864057241054,1100.0,0.5,0.0332864057241054,0.7873136438479396,high,6,top1_default,0.8206000495720449,7500.0,1,0,0,1.0,1.0,Q4,86.5,-0.814386573032941,0,normal,0,hit_day,6,0,3,7500.0,1100.0,-1600.0,hit1,0.0,6,1,1,0,rank1
2026-04-13,2026-04,Monday,3F_N,xgb_ranker_ndcg,is_top_3,full_2025,1.0,6,0.8649382973540771,11600.0,0.5,0.8649382973540771,5,0.5754939199479921,8100.0,0.5,0.5754939199479921,0.289444377406085,medium,6,top1_default,0.8649382973540771,11600.0,1,0,0,1.0,1.0,Q4,86.5,-0.814386573032941,0,normal,0,hit_day,6,5,9,11600.0,8100.0,6200.0,hit1,0.0,6,1,1,0,rank1
2026-04-14,2026-04,Tuesday,2F_N,xgb_ranker_ndcg,is_top_3,recent_60d,0.75,8,0.9891647501467176,34200.0,0.5,0.9891647501467176,5,0.9636871727579822,26100.0,0.5,0.9636871727579822,0.0254775773887354,low,8,top1_default,0.9891647501467176,34200.0,1,0,0,1.0,1.0,Q2,86.5,0.14928879580137544,0,normal,0,hit_day,8,5,3,34200.0,26100.0,17800.0,hit1,0.0,8,1,1,0,rank1
2026-04-14,2026-04,Tuesday,3F_A,xgb_ranker_ndcg,is_top_3,full_2025,1.25,1,0.9928701508541024,11100.0,0.5,0.9928701508541024,2,0.9766551726337548,7500.0,0.5,0.9766551726337548,0.0162149782203474,low,1,top1_default,0.9928701508541024,11100.0,1,0,0,1.0,1.0,Q2,86.5,0.14928879580137544,0,normal,0,hit_day,1,2,4,11100.0,7500.0,7400.0,hit1,0.0,1,1,1,0,rank1
2026-04-14,2026-04,Tuesday,3F_N,xgb_ranker_ndcg,is_top_3,full_2025,1.0,5,0.6774058205834608,11900.0,0.5,0.6774058205834608,7,0.0757717802647562,300.0,0.5,0.0757717802647562,0.6016340403187046,high,5,top1_default,0.6774058205834608,11900.0,1,0,0,1.0,1.0,Q4,86.5,0.14928879580137544,0,normal,0,hit_day,5,7,0,11900.0,300.0,-200.0,hit1,0.0,5,1,1,0,rank1
2026-04-15,2026-04,Wednesday,2F_N,xgb_ranker_ndcg,is_top_3,full_2025,1.0,9,0.9949982850349124,37100.0,0.5,0.9949982850349124,6,0.9909687467179354,35900.0,0.5,0.9909687467179354,0.0040295383169769,low,9,top1_default,0.9949982850349124,37100.0,1,0,0,1.0,1.0,Q1,86.5,-0.15312105287690336,0,normal,0,hit_day,9,5,6,37100.0,36100.0,35900.0,hit1,0.0,9,1,0,0,rank1
2026-04-15,2026-04,Wednesday,3F_A,xgb_ranker_ndcg,is_top_3,full_2025,0.75,0,0.9952862100945628,26700.0,0.5,0.9952862100945628,5,0.9701107284225812,10500.0,0.5,0.9701107284225812,0.0251754816719815,low,0,top1_default,0.9952862100945628,26700.0,1,0,0,1.0,1.0,Q2,86.5,-0.15312105287690336,0,normal,0,hit_day,0,5,3,26700.0,10500.0,-1100.0,hit1,0.0,0,1,1,0,rank1
2026-04-15,2026-04,Wednesday,3F_N,xgb_ranker_ndcg,is_top_3,full_2025,1.25,7,0.993884900509757,22200.0,0.5,0.993884900509757,9,0.913315189296145,10400.0,0.5,0.913315189296145,0.080569711213612,low,7,top1_default,0.993884900509757,22200.0,1,0,0,1.0,1.0,Q3,86.5,-0.15312105287690336,0,normal,0,hit_day,7,9,6,22200.0,10400.0,6400.0,hit1,0.0,7,1,1,0,rank1
2026-04-16,2026-04,Thursday,2F_N,xgb_ranker_ndcg,is_top_3,recent_60d,0.75,7,0.9978559969796784,31400.0,0.5,0.9978559969796784,0,0.0085090177201582,1800.0,0.5,0.0085090177201582,0.98934697925952,high,7,top1_default,0.9978559969796784,31400.0,1,0,0,1.0,1.0,Q4,86.5,-0.8421874348635298,0,normal,0,hit_day,7,0,5,31400.0,1800.0,-900.0,hit1,0.0,7,1,1,0,rank1
2026-04-16,2026-04,Thursday,3F_A,xgb_ranker_ndcg,is_top_3,full_2025,1.25,4,0.996178824922368,10800.0,0.5,0.996178824922368,2,0.98806553853239,9200.0,0.5,0.98806553853239,0.0081132863899781,low,4,top1_default,0.996178824922368,10800.0,1,0,0,1.0,1.0,Q2,86.5,-0.8421874348635298,0,normal,0,hit_day,4,1,2,10800.0,10400.0,9200.0,hit1,0.0,4,1,0,0,rank1
2026-04-16,2026-04,Thursday,3F_N,xgb_ranker_ndcg,is_top_3,full_2025,1.0,0,0.9833113218267348,15900.0,0.5,0.9833113218267348,8,0.4321096154756436,7500.0,0.5,0.4321096154756436,0.5512017063510912,high,0,top1_default,0.9833113218267348,15900.0,1,0,0,1.0,1.0,Q4,86.5,-0.8421874348635298,0,normal,0,hit_day,0,8,6,15900.0,7500.0,4100.0,hit1,0.0,0,1,1,0,rank1
2026-04-17,2026-04,Friday,2F_N,xgb_ranker_ndcg,is_top_3,recent_60d,1.25,4,0.7094468256146904,13300.0,0.5,0.7094468256146904,1,0.1105816922572357,10100.0,0.5,0.1105816922572357,0.5988651333574546,high,4,top1_default,0.7094468256146904,13300.0,1,0,0,1.0,1.0,Q4,86.5,-1.1515045281120533,0,normal,0,hit_day,4,1,9,13300.0,10100.0,5100.0,hit1,0.0,4,1,1,0,rank1
2026-04-17,2026-04,Friday,3F_A,xgb_ranker_ndcg,is_top_3,full_2025,1.25,5,0.9964712352745212,13300.0,0.5,0.9964712352745212,1,0.9893873270399808,16800.0,0.5,0.9893873270399808,0.0070839082345404,low,5,top1_default,0.9964712352745212,13300.0,1,0,0,1.0,1.0,Q2,86.5,-1.1515045281120533,0,normal,0,hit_day,1,5,9,16800.0,13300.0,11900.0,hit1,3500.0,5,1,1,0,rank1
2026-04-17,2026-04,Friday,3F_N,xgb_ranker_ndcg,is_top_3,full_2025,1.0,1,0.7831906347123445,14200.0,0.5,0.7831906347123445,0,0.7063125834768264,8400.0,0.5,0.7063125834768264,0.0768780512355181,low,1,top1_default,0.7831906347123445,14200.0,1,0,0,1.0,1.0,Q3,86.5,-1.1515045281120533,0,normal,0,hit_day,1,0,7,14200.0,8400.0,4200.0,hit1,0.0,1,1,1,0,rank1
2026-04-18,2026-04,Saturday,2F_N,xgb_ranker_ndcg,is_top_3,recent_60d,0.75,4,0.9967669376914136,44100.0,0.5,0.9967669376914136,7,0.7933673976134086,18000.0,0.5,0.7933673976134086,0.2033995400780049,medium,4,top1_default,0.9967669376914136,44100.0,1,0,0,1.0,1.0,Q3,86.5,0.6259440497735475,0,normal,0,hit_day,4,2,7,44100.0,18200.0,18000.0,hit1,0.0,4,1,0,0,rank1
2026-04-18,2026-04,Saturday,3F_A,xgb_ranker_ndcg,is_top_3,full_2025,1.25,2,0.9913961739646088,13600.0,0.5,0.9913961739646088,3,0.6212950892359043,5600.0,0.5,0.6212950892359043,0.3701010847287044,high,2,top1_default,0.9913961739646088,13600.0,1,0,0,1.0,1.0,Q4,86.5,0.6259440497735475,0,normal,0,hit_day,2,0,3,13600.0,5700.0,5600.0,hit1,0.0,2,1,0,0,rank1
2026-04-18,2026-04,Saturday,3F_N,xgb_ranker_ndcg,is_top_3,full_2025,1.0,0,0.9918030238680028,18400.0,0.5,0.9918030238680028,4,0.8587954062704648,16300.0,0.5,0.8587954062704648,0.1330076175975379,medium,0,top1_default,0.9918030238680028,18400.0,1,0,0,1.0,1.0,Q3,86.5,0.6259440497735475,0,normal,0,hit_day,0,4,5,18400.0,16300.0,13000.0,hit1,0.0,0,1,1,0,rank1
2026-04-19,2026-04,Sunday,2F_N,xgb_ranker_ndcg,is_top_3,recent_60d,1.25,8,0.997077350715584,39200.0,0.5,0.997077350715584,2,0.4690384510693204,12400.0,0.5,0.4690384510693204,0.5280388996462636,high,8,top1_default,0.997077350715584,39200.0,1,0,0,1.0,1.0,Q4,86.5,-0.4185484695300253,0,normal,0,hit_day,8,2,3,39200.0,12400.0,2400.0,hit1,0.0,8,1,1,0,rank1
2026-04-19,2026-04,Sunday,3F_A,xgb_ranker_ndcg,is_top_3,full_2025,1.25,3,0.984538646654718,12000.0,0.5,0.984538646654718,0,0.850680631303359,8800.0,0.5,0.850680631303359,0.133858015351359,medium,3,top1_default,0.984538646654718,12000.0,1,0,0,1.0,1.0,Q3,86.5,-0.4185484695300253,0,normal,0,hit_day,3,0,8,12000.0,8800.0,7300.0,hit1,0.0,3,1,1,0,rank1
2026-04-19,2026-04,Sunday,3F_N,xgb_ranker_ndcg,is_top_3,full_2025,1.0,3,0.9976159012989286,23900.0,0.5,0.9976159012989286,1,0.9953551060731068,26800.0,0.5,0.9953551060731068,0.0022607952258218,low,3,top1_default,0.9976159012989286,23900.0,1,0,0,1.0,1.0,Q1,86.5,-0.4185484695300253,0,normal,0,hit_day,1,3,5,26800.0,23900.0,7800.0,hit1,2900.0,3,1,1,0,rank1
2026-04-20,2026-04,Monday,2F_N,xgb_ranker_ndcg,is_top_3,full_2025,0.75,1,0.897636530208997,21900.0,0.5,0.897636530208997,9,0.852219998728766,15800.0,0.5,0.852219998728766,0.045416531480231,low,1,top1_default,0.897636530208997,21900.0,1,0,0,1.0,1.0,Q2,74.0,-0.04396552008086611,0,normal,0,hit_day,1,9,3,21900.0,15800.0,5500.0,hit1,0.0,1,1,1,0,rank1
2026-04-20,2026-04,Monday,3F_A,xgb_ranker_ndcg,is_top_3,full_2025,1.25,1,0.9943321642923412,12800.0,0.5,0.9943321642923412,0,0.7735967536957463,7200.0,0.5,0.7735967536957463,0.2207354105965949,medium,1,top1_default,0.9943321642923412,12800.0,1,0,0,1.0,1.0,Q3,74.0,-0.04396552008086611,0,normal,0,hit_day,1,0,9,12800.0,7200.0,2000.0,hit1,0.0,1,1,1,0,rank1
2026-04-20,2026-04,Monday,3F_N,xgb_ranker_ndcg,is_top_3,full_2025,1.0,7,0.9939429515875718,32400.0,0.5,0.9939429515875718,8,0.2435784944271881,5100.0,0.5,0.2435784944271881,0.7503644571603838,high,7,top1_default,0.9939429515875718,32400.0,1,0,0,1.0,1.0,Q4,74.0,-0.04396552008086611,0,normal,0,hit_day,7,2,6,32400.0,5500.0,5200.0,hit1,0.0,7,1,0,0,rank1
2026-04-21,2026-04,Tuesday,2F_N,xgb_ranker_ndcg,is_top_3,full_2025,0.75,0,0.9964341345751344,42100.0,0.5,0.9964341345751344,9,0.57607783782504,13200.0,0.5,0.57607783782504,0.4203562967500944,high,0,top1_default,0.9964341345751344,42100.0,1,0,0,1.0,1.0,Q4,74.0,0.11425264286306329,0,normal,0,hit_day,0,9,6,42100.0,13200.0,5900.0,hit1,0.0,0,1,1,0,rank1
2026-04-21,2026-04,Tuesday,3F_A,xgb_ranker_ndcg,is_top_3,full_2025,1.25,9,0.9925938527672508,12100.0,0.5,0.9925938527672508,3,0.9898441999638046,11400.0,0.5,0.9898441999638046,0.0027496528034461,low,9,top1_default,0.9925938527672508,12100.0,1,0,0,1.0,1.0,Q1,74.0,0.11425264286306329,0,normal,0,hit_day,9,3,0,12100.0,11400.0,7400.0,hit1,0.0,9,1,1,0,rank1
2026-04-21,2026-04,Tuesday,3F_N,xgb_ranker_ndcg,is_top_3,full_2025,1.0,2,0.990984505922691,22600.0,0.5,0.990984505922691,3,0.8483258460016889,14700.0,0.5,0.8483258460016889,0.1426586599210021,medium,2,top1_default,0.990984505922691,22600.0,1,0,0,1.0,1.0,Q3,74.0,0.11425264286306329,0,normal,0,hit_day,2,3,8,22600.0,14700.0,9200.0,hit1,0.0,2,1,1,0,rank1
2026-04-22,2026-04,Wednesday,2F_N,xgb_ranker_ndcg,is_top_3,full_2025,1.0,6,0.9867333553359802,49600.0,0.5,0.9867333553359802,2,0.6089014101989135,19700.0,0.5,0.6089014101989135,0.3778319451370666,high,6,top1_default,0.9867333553359802,49600.0,1,0,0,1.0,1.0,Q4,74.0,-0.23937109676893717,0,normal,0,hit_day,6,2,8,49600.0,19700.0,18800.0,hit1,0.0,6,1,1,0,rank1
2026-04-22,2026-04,Wednesday,3F_A,xgb_ranker_ndcg,is_top_3,full_2025,0.75,8,0.8086024832772134,6300.0,0.5,0.8086024832772134,3,0.7156453844405437,6100.0,0.5,0.7156453844405437,0.0929570988366697,low,8,top1_default,0.8086024832772134,6300.0,1,0,0,1.0,1.0,Q3,74.0,-0.23937109676893717,0,normal,0,hit_day,8,3,7,6300.0,6100.0,4300.0,hit1,0.0,8,1,1,0,rank1
2026-04-22,2026-04,Wednesday,3F_N,xgb_ranker_ndcg,is_top_3,full_2025,1.25,1,0.990374219516362,17500.0,0.5,0.990374219516362,6,0.5981730189498897,7400.0,0.5,0.5981730189498897,0.3922012005664722,high,1,top1_default,0.990374219516362,17500.0,1,0,0,1.0,1.0,Q4,74.0,-0.23937109676893717,0,normal,0,hit_day,1,4,6,17500.0,8200.0,7400.0,hit1,0.0,1,1,0,0,rank1
2026-04-23,2026-04,Thursday,2F_N,xgb_ranker_ndcg,is_top_3,full_2025,0.75,9,0.9988918321037142,37500.0,0.5,0.9988918321037142,6,0.9901197527417726,29100.0,0.5,0.9901197527417726,0.0087720793619416,low,9,top1_default,0.9988918321037142,37500.0,1,0,0,1.0,1.0,Q2,74.0,-1.7041469666291595,1,low_anomaly,0,hit_day,9,6,5,37500.0,29100.0,-100.0,hit1,0.0,9,1,1,0,rank1
2026-04-23,2026-04,Thursday,3F_A,xgb_ranker_ndcg,is_top_3,full_2025,1.25,3,0.9822453987849518,6500.0,0.5,0.9822453987849518,4,0.9278560574869306,4700.0,0.5,0.9278560574869306,0.0543893412980212,low,3,top1_default,0.9822453987849518,6500.0,1,0,0,1.0,1.0,Q3,74.0,-1.7041469666291595,1,low_anomaly,0,hit_day,3,4,7,6500.0,4700.0,2500.0,hit1,0.0,3,1,1,0,rank1
2026-04-23,2026-04,Thursday,3F_N,xgb_ranker_ndcg,is_top_3,full_2025,1.0,9,0.0825582587851275,1400.0,0.5,0.0825582587851275,3,0.0023598649893199,-20800.0,0.5,0.0023598649893199,0.0801983937958076,low,9,top1_default,0.0825582587851275,1400.0,1,0,0,1.0,1.0,Q3,74.0,-1.7041469666291595,1,low_anomaly,0,hit_day,9,7,8,1400.0,-2100.0,-4800.0,hit1,0.0,9,1,0,0,rank1
2026-04-24,2026-04,Friday,2F_N,xgb_ranker_ndcg,is_top_3,recent_60d,1.25,0,0.916464033845554,15100.0,0.5,0.916464033845554,8,0.9033552535654008,14900.0,0.5,0.9033552535654008,0.0131087802801533,low,0,top1_default,0.916464033845554,15100.0,1,0,0,1.0,1.0,Q2,74.0,-0.7606543336461212,0,normal,0,hit_day,0,8,6,15100.0,14900.0,8400.0,hit1,0.0,0,1,1,0,rank1
2026-04-24,2026-04,Friday,3F_A,xgb_ranker_ndcg,is_top_3,full_2025,1.25,2,0.9797264372060668,9400.0,0.5,0.9797264372060668,1,0.8720992614667564,8800.0,0.5,0.8720992614667564,0.1076271757393103,medium,2,top1_default,0.9797264372060668,9400.0,1,0,0,1.0,1.0,Q3,74.0,-0.7606543336461212,0,normal,0,hit_day,2,1,7,9400.0,8800.0,6300.0,hit1,0.0,2,1,1,0,rank1
2026-04-24,2026-04,Friday,3F_N,xgb_ranker_ndcg,is_top_3,full_2025,1.0,9,0.9968880003714684,27100.0,0.5,0.9968880003714684,5,0.9965241618049302,22500.0,0.5,0.9965241618049302,0.0003638385665382,undefined,5,top2_on_undefined,0.9965241618049302,22500.0,1,0,0,1.0,1.0,Q1,74.0,-0.7606543336461212,0,normal,0,hit_day,9,5,0,27100.0,22500.0,2400.0,hit1,0.0,9,1,1,0,rank1
2026-04-25,2026-04,Saturday,2F_N,xgb_ranker_ndcg,is_top_3,recent_60d,0.75,8,0.9765388012257848,29400.0,0.5,0.9765388012257848,4,0.7730978402656012,21800.0,0.5,0.7730978402656012,0.2034409609601836,medium,8,top1_default,0.9765388012257848,29400.0,1,0,0,1.0,1.0,Q3,70.5,-0.17571931487646203,0,normal,0,hit_day,8,4,9,29400.0,21800.0,17700.0,hit1,0.0,8,1,1,0,rank1
2026-04-25,2026-04,Saturday,3F_A,xgb_ranker_ndcg,is_top_3,full_2025,1.25,2,0.9963296973933052,16600.0,0.5,0.9963296973933052,3,0.404720012110311,5200.0,0.5,0.404720012110311,0.5916096852829942,high,2,top1_default,0.9963296973933052,16600.0,1,0,0,1.0,1.0,Q4,70.5,-0.17571931487646203,0,normal,0,hit_day,2,3,9,16600.0,5200.0,-2100.0,hit1,0.0,2,1,1,0,rank1
2026-04-25,2026-04,Saturday,3F_N,xgb_ranker_ndcg,is_top_3,full_2025,1.0,5,0.9983677581395816,26700.0,0.5,0.9983677581395816,0,0.9948802314684796,21800.0,0.5,0.9948802314684796,0.003487526671102,low,5,top1_default,0.9983677581395816,26700.0,1,0,0,1.0,1.0,Q1,70.5,-0.17571931487646203,0,normal,0,hit_day,5,0,9,26700.0,21800.0,14000.0,hit1,0.0,5,1,1,0,rank1
2026-04-26,2026-04,Sunday,2F_N,xgb_ranker_ndcg,is_top_3,recent_60d,1.25,5,0.949817556539414,23000.0,0.5,0.949817556539414,1,0.9424894713996692,23700.0,0.5,0.9424894713996692,0.0073280851397447,low,5,top1_default,0.949817556539414,23000.0,1,0,0,1.0,1.0,Q2,74.0,1.6480957411858461,1,high_anomaly,0,hit_day,1,5,7,23700.0,23000.0,6900.0,hit1,700.0,5,1,1,0,rank1
2026-04-26,2026-04,Sunday,3F_A,xgb_ranker_ndcg,is_top_3,full_2025,1.25,7,0.9867330869228312,16900.0,0.5,0.9867330869228312,5,0.8457887876547586,8400.0,0.5,0.8457887876547586,0.1409442992680725,medium,7,top1_default,0.9867330869228312,16900.0,1,0,0,1.0,1.0,Q3,74.0,1.6480957411858461,1,high_anomaly,0,hit_day,7,5,8,16900.0,8400.0,7300.0,hit1,0.0,7,1,1,0,rank1
2026-04-26,2026-04,Sunday,3F_N,xgb_ranker_ndcg,is_top_3,full_2025,1.0,7,0.9977136014073216,39500.0,0.5,0.9977136014073216,1,0.997629780982608,49200.0,0.5,0.997629780982608,8.382042471366535e-05,undefined,1,top2_on_undefined,0.997629780982608,49200.0,1,0,0,1.0,1.0,Q1,74.0,1.6480957411858461,1,high_anomaly,0,hit_day,1,7,6,49200.0,39500.0,23200.0,hit1,9700.0,7,1,1,0,rank1
2026-04-27,2026-04,Monday,2F_N,xgb_ranker_ndcg,is_top_3,recent_60d,0.75,4,0.9655492030260724,22300.0,0.5,0.9655492030260724,5,0.8987781242314826,12700.0,0.5,0.8987781242314826,0.0667710787945896,low,4,top1_default,0.9655492030260724,22300.0,1,0,0,1.0,1.0,Q3,74.0,0.8653436702602229,0,normal,0,hit_day,4,6,7,22300.0,19300.0,13000.0,hit1,0.0,4,1,0,0,rank1
2026-04-27,2026-04,Monday,3F_A,xgb_ranker_ndcg,is_top_3,full_2025,1.25,9,0.9173214468133444,8800.0,0.5,0.9173214468133444,7,0.9158682212428704,12000.0,0.5,0.9158682212428704,0.0014532255704738,low,9,top1_default,0.9173214468133444,8800.0,1,0,0,1.0,1.0,Q1,74.0,0.8653436702602229,0,normal,0,hit_day,7,9,0,12000.0,8800.0,2600.0,hit1,3200.0,9,1,1,0,rank1
2026-04-27,2026-04,Monday,3F_N,xgb_ranker_ndcg,is_top_3,recent_60d,1.25,5,0.995708229550288,31500.0,0.5,0.995708229550288,8,0.9898591925977798,13400.0,0.5,0.9898591925977798,0.0058490369525081,low,5,top1_default,0.995708229550288,31500.0,1,0,0,1.0,1.0,Q2,74.0,0.8653436702602229,0,normal,0,hit_day,5,8,4,31500.0,13400.0,12100.0,hit1,0.0,5,1,1,0,rank1
2026-04-28,2026-04,Tuesday,2F_N,xgb_ranker_ndcg,is_top_3,full_2025,0.75,4,0.9974757775155432,30200.0,0.5,0.9974757775155432,5,0.9967954183758694,33000.0,0.5,0.9967954183758694,0.0006803591396739,undefined,5,top2_on_undefined,0.9967954183758694,33000.0,1,0,0,1.0,1.0,Q1,76.5,0.004526325280510238,0,normal,0,hit_day,5,4,6,33000.0,30200.0,10900.0,hit1,2800.0,4,1,1,0,rank1
2026-04-28,2026-04,Tuesday,3F_A,xgb_ranker_ndcg,is_top_3,full_2025,1.25,8,0.9975247162017198,20100.0,0.5,0.9975247162017198,1,0.9732494765848008,8000.0,0.5,0.9732494765848008,0.0242752396169191,low,8,top1_default,0.9975247162017198,20100.0,1,0,0,1.0,1.0,Q2,76.5,0.004526325280510238,0,normal,0,hit_day,8,1,3,20100.0,8000.0,3200.0,hit1,0.0,8,1,1,0,rank1
2026-04-28,2026-04,Tuesday,3F_N,xgb_ranker_ndcg,is_top_3,full_2025,1.0,3,0.9846374646253728,16900.0,0.5,0.9846374646253728,7,0.1884038593828481,5100.0,0.5,0.1884038593828481,0.7962336052425247,high,3,top1_default,0.9846374646253728,16900.0,1,0,0,1.0,1.0,Q4,76.5,0.004526325280510238,0,normal,0,hit_day,3,7,2,16900.0,5100.0,-3900.0,hit1,0.0,3,1,1,0,rank1
2026-04-29,2026-04,Wednesday,2F_N,xgb_ranker_ndcg,is_top_3,full_2025,1.0,9,0.9804121858173754,34100.0,0.5,0.9804121858173754,4,0.952401580177433,28200.0,0.5,0.952401580177433,0.0280106056399424,low,9,top1_default,0.9804121858173754,34100.0,1,0,0,1.0,1.0,Q2,74.0,-1.3983618843849053,0,normal,0,hit_day,9,4,1,34100.0,28200.0,16600.0,hit1,0.0,9,1,1,0,rank1
2026-04-29,2026-04,Wednesday,3F_A,xgb_ranker_ndcg,is_top_3,full_2025,0.75,9,0.9714922798759472,13500.0,0.5,0.9714922798759472,2,0.8233646367306767,6500.0,0.5,0.8233646367306767,0.1481276431452703,medium,9,top1_default,0.9714922798759472,13500.0,1,0,0,1.0,1.0,Q3,74.0,-1.3983618843849053,0,normal,0,hit_day,9,2,6,13500.0,6500.0,4800.0,hit1,0.0,9,1,1,0,rank1
2026-04-29,2026-04,Wednesday,3F_N,xgb_ranker_ndcg,is_top_3,full_2025,1.25,4,0.9910936011770684,22500.0,0.5,0.9910936011770684,6,0.0762487539348825,2400.0,0.5,0.0762487539348825,0.9148448472421856,high,4,top1_default,0.9910936011770684,22500.0,1,0,0,1.0,1.0,Q4,74.0,-1.3983618843849053,0,normal,0,hit_day,4,6,5,22500.0,2400.0,-1000.0,hit1,0.0,4,1,1,0,rank1
2026-04-30,2026-04,Thursday,2F_N,xgb_ranker_ndcg,is_top_3,full_2025,0.75,2,0.989466277872508,50500.0,0.5,0.989466277872508,3,0.9815090682700216,52700.0,0.5,0.9815090682700216,0.0079572096024864,low,2,top1_default,0.989466277872508,50500.0,1,0,0,1.0,1.0,Q2,74.0,1.441109711789411,0,normal,0,hit_day,3,2,6,52700.0,50500.0,16700.0,hit1,2200.0,2,1,1,0,rank1
2026-04-30,2026-04,Thursday,3F_A,xgb_ranker_ndcg,is_top_3,recent_60d,1.25,1,0.996826483094793,20500.0,0.5,0.996826483094793,8,0.9762190303548424,12800.0,0.5,0.9762190303548424,0.0206074527399505,low,1,top1_default,0.996826483094793,20500.0,1,0,0,1.0,1.0,Q2,74.0,1.441109711789411,0,normal,0,hit_day,1,9,8,20500.0,14600.0,12800.0,hit1,0.0,1,1,0,0,rank1
2026-04-30,2026-04,Thursday,3F_N,xgb_ranker_ndcg,is_top_3,recent_60d,1.25,2,0.9948766112882133,21600.0,0.5,0.9948766112882133,4,0.988255914271464,36800.0,0.5,0.988255914271464,0.006620697016749,low,2,top1_default,0.9948766112882133,21600.0,1,0,0,1.0,1.0,Q2,74.0,1.441109711789411,0,normal,0,hit_day,4,2,5,36800.0,21600.0,12900.0,hit1,15200.0,2,1,1,0,rank1
2026-05-01,2026-05,Friday,2F_N,xgb_ranker_ndcg,is_top_3,recent_60d,1.25,9,0.9962306167326932,26700.0,0.5,0.9962306167326932,6,0.9896262201710878,29200.0,0.5,0.9896262201710878,0.0066043965616053,low,9,top1_default,0.9962306167326932,26700.0,0,0,0,1.0,1.0,Q2,74.0,1.7856313013639145,1,high_anomaly,0,hit_day,7,6,9,55100.0,29200.0,26700.0,miss1_hit2,25900.0,6,0,1,0,rank2
2026-05-01,2026-05,Friday,3F_A,xgb_ranker_ndcg,is_top_3,recent_60d,0.75,3,0.9972838884667165,10800.0,0.5,0.9972838884667165,2,0.967098857350786,7100.0,0.5,0.967098857350786,0.0301850311159302,low,3,top1_default,0.9972838884667165,10800.0,1,0,0,1.0,1.0,Q2,74.0,1.7856313013639145,1,high_anomaly,0,hit_day,3,4,2,10800.0,7600.0,7100.0,hit1,0.0,3,1,0,0,rank1
2026-05-01,2026-05,Friday,3F_N,xgb_ranker_ndcg,is_top_3,recent_60d,1.0,9,0.9976048920998336,37400.0,0.5,0.9976048920998336,3,0.995357497418907,18900.0,0.5,0.995357497418907,0.0022473946809264,low,9,top1_default,0.9976048920998336,37400.0,1,0,0,1.0,1.0,Q1,74.0,1.7856313013639145,1,high_anomaly,0,hit_day,9,3,5,37400.0,18900.0,11400.0,hit1,0.0,9,1,1,0,rank1
2026-05-02,2026-05,Saturday,2F_N,xgb_ranker_ndcg,is_top_3,recent_60d,0.75,8,0.9981717289712274,27700.0,0.5,0.9981717289712274,0,0.9979643006852664,30000.0,0.5,0.9979643006852664,0.0002074282859608,undefined,0,top2_on_undefined,0.9979643006852664,30000.0,0,0,0,0.0,1.0,Q1,74.0,2.555733725468887,1,high_anomaly,1,miss_day,5,2,0,36400.0,31200.0,30000.0,critical_miss,6400.0,8,0,0,0,none
2026-05-02,2026-05,Saturday,3F_A,xgb_ranker_ndcg,is_top_3,recent_60d,0.75,5,0.9963557743056168,10900.0,0.5,0.9963557743056168,8,0.9951101622900992,10700.0,0.5,0.9951101622900992,0.0012456120155175,low,5,top1_default,0.9963557743056168,10900.0,1,0,0,1.0,1.0,Q1,74.0,2.555733725468887,1,high_anomaly,1,miss_day,5,7,8,10900.0,10900.0,10700.0,hit1,0.0,5,1,0,0,rank1
2026-05-02,2026-05,Saturday,3F_N,xgb_ranker_ndcg,is_top_3,full_2025,1.0,6,0.997749932596191,25900.0,0.5,0.997749932596191,8,0.9396338293999842,16200.0,0.5,0.9396338293999842,0.0581161031962068,low,6,top1_default,0.997749932596191,25900.0,1,0,0,1.0,1.0,Q3,74.0,2.555733725468887,1,high_anomaly,1,miss_day,6,3,8,25900.0,18200.0,16200.0,hit1,0.0,6,1,0,0,rank1
2026-05-03,2026-05,Sunday,2F_N,xgb_ranker_ndcg,is_top_3,recent_60d,1.0,0,0.9459011196254482,22300.0,0.5,0.9459011196254482,3,0.0508506540253651,3100.0,0.5,0.0508506540253651,0.8950504656000831,high,0,top1_default,0.9459011196254482,22300.0,1,0,0,1.0,1.0,Q4,74.0,-1.9236586686754915,1,low_anomaly,0,hit_day,0,3,5,22300.0,3100.0,2100.0,hit1,0.0,0,1,1,0,rank1
2026-05-03,2026-05,Sunday,3F_A,xgb_ranker_ndcg,is_top_3,recent_60d,0.75,5,0.9931099087151948,9900.0,0.5,0.9931099087151948,9,0.9930165637491613,10000.0,0.5,0.9930165637491613,9.334496603352616e-05,undefined,9,top2_on_undefined,0.9930165637491613,10000.0,1,0,0,1.0,1.0,Q1,74.0,-1.9236586686754915,1,low_anomaly,0,hit_day,9,5,3,10000.0,9900.0,7000.0,hit1,100.0,5,1,1,0,rank1
2026-05-03,2026-05,Sunday,3F_N,xgb_ranker_ndcg,is_top_3,recent_60d,1.0,6,0.9969498197787556,15100.0,0.5,0.9969498197787556,8,0.0030688564801667,-16100.0,0.5,0.0030688564801667,0.9938809632985888,high,6,top1_default,0.9969498197787556,15100.0,1,0,0,1.0,1.0,Q4,74.0,-1.9236586686754915,1,low_anomaly,0,hit_day,6,0,5,15100.0,-6200.0,-7300.0,hit1,0.0,6,1,0,0,rank1
2026-05-04,2026-05,Monday,2F_N,xgb_ranker_ndcg,is_top_3,recent_60d,1.25,1,0.9056847373175548,12500.0,0.5,0.9056847373175548,6,0.5874112216245908,10100.0,0.5,0.5874112216245908,0.3182735156929639,high,1,top1_default,0.9056847373175548,12500.0,1,0,0,1.0,1.0,Q4,72.5,-2.350577143761117,1,low_anomaly,0,hit_day,1,6,0,12500.0,10100.0,1400.0,hit1,0.0,1,1,1,0,rank1
2026-05-04,2026-05,Monday,3F_A,xgb_ranker_ndcg,is_top_3,recent_60d,0.75,0,0.941145497001758,6000.0,0.5,0.941145497001758,8,0.2222245393573487,4000.0,0.5,0.2222245393573487,0.7189209576444093,high,0,top1_default,0.941145497001758,6000.0,1,0,0,1.0,1.0,Q4,72.5,-2.350577143761117,1,low_anomaly,0,hit_day,0,8,7,6000.0,4000.0,3700.0,hit1,0.0,0,1,1,0,rank1
2026-05-04,2026-05,Monday,3F_N,xgb_ranker_ndcg,is_top_3,recent_60d,0.75,6,0.0276772948082191,-1700.0,0.5,0.0276772948082191,4,0.0108631691718464,-3900.0,0.5,0.0108631691718464,0.0168141256363727,low,6,top1_default,0.0276772948082191,-1700.0,1,0,0,1.0,1.0,Q2,72.5,-2.350577143761117,1,low_anomaly,0,hit_day,6,4,3,-1700.0,-3900.0,-4600.0,hit1,0.0,6,1,1,0,rank1
2026-05-05,2026-05,Tuesday,2F_N,xgb_ranker_ndcg,is_top_3,recent_60d,0.75,2,0.997562805960065,28800.0,0.5,0.997562805960065,8,0.996704929069454,67500.0,0.5,0.996704929069454,0.000857876890611,undefined,8,top2_on_undefined,0.996704929069454,67500.0,1,0,0,1.0,1.0,Q1,72.5,2.035965292600166,1,high_anomaly,0,hit_day,8,3,2,67500.0,32400.0,28800.0,miss1_hit2,0.0,8,0,1,0,rank2
2026-05-05,2026-05,Tuesday,3F_A,xgb_ranker_ndcg,is_top_3,recent_60d,1.0,1,0.9979658306904112,16400.0,0.5,0.9979658306904112,8,0.9936494472355084,14800.0,0.5,0.9936494472355084,0.0043163834549029,low,1,top1_default,0.9979658306904112,16400.0,1,0,0,1.0,1.0,Q1,72.5,2.035965292600166,1,high_anomaly,0,hit_day,1,8,9,16400.0,14800.0,13000.0,hit1,0.0,1,1,1,0,rank1
2026-05-05,2026-05,Tuesday,3F_N,xgb_ranker_ndcg,is_top_3,recent_60d,0.75,4,0.9906067664547488,21000.0,0.5,0.9906067664547488,2,0.9840355829023923,28500.0,0.5,0.9840355829023923,0.0065711835523564,low,4,top1_default,0.9906067664547488,21000.0,1,0,0,1.0,1.0,Q2,72.5,2.035965292600166,1,high_anomaly,0,hit_day,2,4,9,28500.0,21000.0,15700.0,hit1,7500.0,4,1,1,0,rank1
2026-05-06,2026-05,Wednesday,2F_N,xgb_ranker_ndcg,is_top_3,full_2025,1.0,6,0.9719906425260872,28100.0,0.5,0.9719906425260872,3,0.0054391409735817,8300.0,0.5,0.0054391409735817,0.9665515015525056,high,6,top1_default,0.9719906425260872,28100.0,1,0,0,1.0,1.0,Q4,68.5,-1.169984493028076,0,normal,0,hit_day,6,3,2,28100.0,8300.0,-1200.0,hit1,0.0,6,1,1,0,rank1
2026-05-06,2026-05,Wednesday,3F_A,xgb_ranker_ndcg,is_top_3,full_2025,0.75,6,0.6471781069922831,8100.0,0.5,0.6471781069922831,0,0.0068543254583843,3600.0,0.5,0.0068543254583843,0.6403237815338988,high,6,top1_default,0.6471781069922831,8100.0,1,0,0,1.0,1.0,Q4,68.5,-1.169984493028076,0,normal,0,hit_day,6,0,1,8100.0,3600.0,-1500.0,hit1,0.0,6,1,1,0,rank1
2026-05-06,2026-05,Wednesday,3F_N,xgb_ranker_ndcg,is_top_3,full_2025,1.25,4,0.9921217541631538,20900.0,0.5,0.9921217541631538,5,0.9867256878472284,19300.0,0.5,0.9867256878472284,0.0053960663159253,low,4,top1_default,0.9921217541631538,20900.0,1,0,0,1.0,1.0,Q1,68.5,-1.169984493028076,0,normal,0,hit_day,4,5,1,20900.0,19300.0,10300.0,hit1,0.0,4,1,1,0,rank1
2026-05-07,2026-05,Thursday,2F_N,xgb_ranker_ndcg,is_top_3,recent_60d,1.0,4,0.9958895299699928,25800.0,0.5,0.9958895299699928,5,0.9953688599198524,29100.0,0.5,0.9953688599198524,0.0005206700501404,undefined,5,top2_on_undefined,0.9953688599198524,29100.0,1,0,0,1.0,1.0,Q1,72.5,0.35760298365184245,0,normal,0,hit_day,5,4,6,29100.0,25800.0,6300.0,hit1,3300.0,4,1,1,0,rank1
2026-05-07,2026-05,Thursday,3F_A,xgb_ranker_ndcg,is_top_3,full_2025,1.25,5,0.9191850814503534,11600.0,0.5,0.9191850814503534,0,0.9184837249845972,11300.0,0.5,0.9184837249845972,0.0007013564657561,undefined,0,top2_on_undefined,0.9184837249845972,11300.0,1,0,0,1.0,1.0,Q1,72.5,0.35760298365184245,0,normal,0,hit_day,5,0,8,11600.0,11300.0,7200.0,hit1,0.0,5,1,1,0,rank1
2026-05-07,2026-05,Thursday,3F_N,xgb_ranker_ndcg,is_top_3,recent_60d,1.0,2,0.9930842188135482,25200.0,0.5,0.9930842188135482,1,0.9475797686756096,11100.0,0.5,0.9475797686756096,0.0455044501379385,low,2,top1_default,0.9930842188135482,25200.0,1,0,0,1.0,1.0,Q2,72.5,0.35760298365184245,0,normal,0,hit_day,2,6,1,25200.0,13000.0,11100.0,hit1,0.0,2,1,0,0,rank1
2026-05-08,2026-05,Friday,2F_N,xgb_ranker_ndcg,is_top_3,recent_60d,1.25,2,0.9966526132329596,24700.0,0.5,0.9966526132329596,4,0.994705272336321,40300.0,0.5,0.994705272336321,0.0019473408966387,low,2,top1_default,0.9966526132329596,24700.0,1,0,0,1.0,1.0,Q1,73.0,0.4145983939440653,0,normal,0,hit_day,4,2,1,40300.0,24700.0,15500.0,hit1,15600.0,2,1,1,0,rank1
2026-05-08,2026-05,Friday,3F_A,xgb_ranker_ndcg,is_top_3,full_2025,1.25,2,0.7943752051137501,6600.0,0.5,0.7943752051137501,6,0.1348989761739031,3900.0,0.5,0.1348989761739031,0.659476228939847,high,2,top1_default,0.7943752051137501,6600.0,1,0,0,1.0,1.0,Q4,73.0,0.4145983939440653,0,normal,0,hit_day,2,6,4,6600.0,3900.0,3300.0,hit1,0.0,2,1,1,0,rank1
2026-05-08,2026-05,Friday,3F_N,xgb_ranker_ndcg,is_top_3,full_2025,1.0,1,0.9845521707819253,21200.0,0.5,0.9845521707819253,6,0.8202336757698672,8800.0,0.5,0.8202336757698672,0.164318495012058,medium,1,top1_default,0.9845521707819253,21200.0,1,0,0,1.0,1.0,Q3,73.0,0.4145983939440653,0,normal,0,hit_day,1,5,6,21200.0,10000.0,8800.0,hit1,0.0,1,1,0,0,rank1
2026-05-09,2026-05,Saturday,2F_N,xgb_ranker_ndcg,is_top_3,recent_60d,1.0,4,0.9884330874994964,22300.0,0.5,0.9884330874994964,3,0.9197608524080922,19200.0,0.5,0.9197608524080922,0.068672235091404,low,4,top1_default,0.9884330874994964,22300.0,1,0,0,1.0,1.0,Q3,68.5,-0.015642832401662237,0,normal,0,hit_day,4,3,9,22300.0,19200.0,19000.0,hit1,0.0,4,1,1,0,rank1
2026-05-09,2026-05,Saturday,3F_A,xgb_ranker_ndcg,is_top_3,full_2025,1.25,0,0.9794048668614248,12600.0,0.5,0.9794048668614248,1,0.935989584505446,10600.0,0.5,0.935989584505446,0.0434152823559785,low,0,top1_default,0.9794048668614248,12600.0,1,0,0,1.0,1.0,Q2,68.5,-0.015642832401662237,0,normal,0,hit_day,0,1,9,12600.0,10600.0,10400.0,hit1,0.0,0,1,1,0,rank1
2026-05-09,2026-05,Saturday,3F_N,xgb_ranker_ndcg,is_top_3,full_2025,1.0,0,0.9988341558182584,28700.0,0.5,0.9988341558182584,2,0.8000770082249393,8300.0,0.5,0.8000770082249393,0.1987571475933189,medium,0,top1_default,0.9988341558182584,28700.0,1,0,0,1.0,1.0,Q3,68.5,-0.015642832401662237,0,normal,0,hit_day,0,2,4,28700.0,8300.0,7300.0,hit1,0.0,0,1,1,0,rank1
2026-05-10,2026-05,Sunday,2F_N,xgb_ranker_ndcg,is_top_3,recent_60d,1.0,0,0.9961975600226654,39900.0,0.5,0.9961975600226654,9,0.9945215204826516,32000.0,0.5,0.9945215204826516,0.0016760395400137,low,0,top1_default,0.9961975600226654,39900.0,1,0,0,1.0,1.0,Q1,68.5,0.6548651735295764,0,normal,0,hit_day,0,9,6,39900.0,32000.0,15500.0,hit1,0.0,0,1,1,0,rank1
2026-05-10,2026-05,Sunday,3F_A,xgb_ranker_ndcg,is_top_3,full_2025,1.25,9,0.959297291385516,13300.0,0.5,0.959297291385516,3,0.8903304080204857,7700.0,0.5,0.8903304080204857,0.0689668833650304,low,9,top1_default,0.959297291385516,13300.0,1,0,0,1.0,1.0,Q3,68.5,0.6548651735295764,0,normal,0,hit_day,9,3,6,13300.0,7700.0,6900.0,hit1,0.0,9,1,1,0,rank1
2026-05-10,2026-05,Sunday,3F_N,xgb_ranker_ndcg,is_top_3,full_2025,1.0,6,0.9991725258667984,26400.0,0.5,0.9991725258667984,9,0.997350967369309,49700.0,0.5,0.997350967369309,0.0018215584974895,low,6,top1_default,0.9991725258667984,26400.0,1,0,0,1.0,1.0,Q1,68.5,0.6548651735295764,0,normal,0,hit_day,9,6,5,49700.0,26400.0,18700.0,hit1,23300.0,6,1,1,0,rank1
2026-05-11,2026-05,Monday,2F_N,xgb_ranker_ndcg,is_top_3,full_2025,0.75,4,0.953954704790444,19900.0,0.5,0.953954704790444,7,0.0611798047876456,7400.0,0.5,0.0611798047876456,0.8927749000027982,high,4,top1_default,0.953954704790444,19900.0,1,0,0,1.0,1.0,Q4,68.5,-0.6958572132450753,0,normal,0,hit_day,4,7,5,19900.0,7400.0,5900.0,hit1,0.0,4,1,1,0,rank1
2026-05-11,2026-05,Monday,3F_A,xgb_ranker_ndcg,is_top_3,full_2025,1.25,9,0.9501307964543052,7900.0,0.5,0.9501307964543052,4,0.7655502225333819,7700.0,0.5,0.7655502225333819,0.1845805739209232,medium,9,top1_default,0.9501307964543052,7900.0,1,0,0,1.0,1.0,Q3,68.5,-0.6958572132450753,0,normal,0,hit_day,9,4,5,7900.0,7700.0,4800.0,hit1,0.0,9,1,1,0,rank1
2026-05-11,2026-05,Monday,3F_N,xgb_ranker_ndcg,is_top_3,recent_60d,1.25,8,0.9896194722925232,17400.0,0.5,0.9896194722925232,6,0.4371534684710599,8400.0,0.5,0.4371534684710599,0.5524660038214633,high,8,top1_default,0.9896194722925232,17400.0,1,0,0,1.0,1.0,Q4,68.5,-0.6958572132450753,0,normal,0,hit_day,8,6,5,17400.0,8400.0,8000.0,hit1,0.0,8,1,1,0,rank1
2026-05-12,2026-05,Tuesday,2F_N,xgb_ranker_ndcg,is_top_3,recent_60d,0.75,5,0.971928060811659,17800.0,0.5,0.971928060811659,6,0.950209927560767,18100.0,0.5,0.950209927560767,0.0217181332508918,low,5,top1_default,0.971928060811659,17800.0,0,0,0,1.0,1.0,Q2,68.5,0.25893032526677506,0,normal,0,hit_day,6,9,5,18100.0,17900.0,17800.0,miss1_hit2,0.0,6,0,1,0,rank2
2026-05-12,2026-05,Tuesday,3F_A,xgb_ranker_ndcg,is_top_3,full_2025,1.25,5,0.9649695904631472,10000.0,0.5,0.9649695904631472,6,0.8240038342165699,7200.0,0.5,0.8240038342165699,0.1409657562465772,medium,5,top1_default,0.9649695904631472,10000.0,1,0,0,1.0,1.0,Q3,68.5,0.25893032526677506,0,normal,0,hit_day,5,6,9,10000.0,7200.0,4600.0,hit1,0.0,5,1,1,0,rank1
2026-05-12,2026-05,Tuesday,3F_N,xgb_ranker_ndcg,is_top_3,full_2025,1.0,6,0.9953563096132336,16600.0,0.5,0.9953563096132336,7,0.9873451648729772,15500.0,0.5,0.9873451648729772,0.0080111447402562,low,6,top1_default,0.9953563096132336,16600.0,1,0,0,1.0,1.0,Q2,68.5,0.25893032526677506,0,normal,0,hit_day,6,7,3,16600.0,15500.0,10300.0,hit1,0.0,6,1,1,0,rank1
2026-05-13,2026-05,Wednesday,2F_N,xgb_ranker_ndcg,is_top_3,full_2025,1.0,5,0.9842537288316852,27800.0,0.5,0.9842537288316852,6,0.6426576104810241,15900.0,0.5,0.6426576104810241,0.341596118350661,high,5,top1_default,0.9842537288316852,27800.0,1,0,0,1.0,1.0,Q4,67.5,-0.32681721359416216,0,normal,0,hit_day,5,6,8,27800.0,15900.0,11800.0,hit1,0.0,5,1,1,0,rank1
2026-05-13,2026-05,Wednesday,3F_A,xgb_ranker_ndcg,is_top_3,full_2025,0.75,5,0.9560391034338104,27300.0,0.5,0.9560391034338104,0,0.7691495227151811,7000.0,0.5,0.7691495227151811,0.1868895807186291,medium,5,top1_default,0.9560391034338104,27300.0,1,0,0,1.0,1.0,Q3,67.5,-0.32681721359416216,0,normal,0,hit_day,5,0,4,27300.0,7000.0,3200.0,hit1,0.0,5,1,1,0,rank1
2026-05-13,2026-05,Wednesday,3F_N,xgb_ranker_ndcg,is_top_3,full_2025,1.25,1,0.9938222226458162,16600.0,0.5,0.9938222226458162,2,0.7574693281172733,10100.0,0.5,0.7574693281172733,0.2363528945285429,medium,1,top1_default,0.9938222226458162,16600.0,1,0,0,1.0,1.0,Q3,67.5,-0.32681721359416216,0,normal,0,hit_day,1,2,7,16600.0,10100.0,6700.0,hit1,0.0,1,1,1,0,rank1
2026-05-14,2026-05,Thursday,2F_N,xgb_ranker_ndcg,is_top_3,recent_60d,0.75,9,0.998245278681392,37800.0,0.5,0.998245278681392,1,0.9507784223754868,11400.0,0.5,0.9507784223754868,0.0474668563059051,low,9,top1_default,0.998245278681392,37800.0,1,0,0,1.0,1.0,Q2,73.0,0.37472612652203036,0,normal,0,hit_day,9,1,4,37800.0,11400.0,11100.0,hit1,0.0,9,1,1,0,rank1
2026-05-14,2026-05,Thursday,3F_A,xgb_ranker_ndcg,is_top_3,full_2025,1.25,6,0.9885493261808532,8100.0,0.5,0.9885493261808532,3,0.9288183036536825,6900.0,0.5,0.9288183036536825,0.0597310225271709,low,6,top1_default,0.9885493261808532,8100.0,1,0,0,1.0,1.0,Q3,73.0,0.37472612652203036,0,normal,0,hit_day,6,3,1,8100.0,6900.0,2200.0,hit1,0.0,6,1,1,0,rank1
2026-05-14,2026-05,Thursday,3F_N,xgb_ranker_ndcg,is_top_3,recent_60d,0.75,5,0.9970417217349642,19300.0,0.5,0.9970417217349642,1,0.9959325423283996,17100.0,0.5,0.9959325423283996,0.0011091794065646,low,5,top1_default,0.9970417217349642,19300.0,1,0,0,1.0,1.0,Q1,73.0,0.37472612652203036,0,normal,0,hit_day,5,1,3,19300.0,17100.0,6800.0,hit1,0.0,5,1,1,0,rank1
2026-05-15,2026-05,Friday,2F_N,xgb_ranker_ndcg,is_top_3,recent_60d,0.75,6,0.996221701557701,34500.0,0.5,0.996221701557701,4,0.9812605112269271,17000.0,0.5,0.9812605112269271,0.0149611903307737,low,6,top1_default,0.996221701557701,34500.0,1,0,0,1.0,1.0,Q2,73.0,-0.5721327383318368,0,normal,0,hit_day,6,4,9,34500.0,17000.0,10000.0,hit1,0.0,6,1,1,0,rank1
2026-05-15,2026-05,Friday,3F_A,xgb_ranker_ndcg,is_top_3,full_2025,1.25,1,0.9809279695886082,7700.0,0.5,0.9809279695886082,9,0.9644919880716736,8600.0,0.5,0.9644919880716736,0.0164359815169345,low,1,top1_default,0.9809279695886082,7700.0,1,0,0,1.0,1.0,Q2,73.0,-0.5721327383318368,0,normal,0,hit_day,9,1,4,8600.0,7700.0,6800.0,hit1,900.0,1,1,1,0,rank1
2026-05-15,2026-05,Friday,3F_N,xgb_ranker_ndcg,is_top_3,recent_60d,1.0,4,0.5673292055859358,9600.0,0.5,0.5673292055859358,9,0.3234764487486293,5600.0,0.5,0.3234764487486293,0.2438527568373065,medium,4,top1_default,0.5673292055859358,9600.0,1,0,0,1.0,1.0,Q4,73.0,-0.5721327383318368,0,normal,0,hit_day,4,3,9,9600.0,9500.0,5600.0,hit1,0.0,4,1,0,0,rank1
2026-05-16,2026-05,Saturday,2F_N,xgb_ranker_ndcg,is_top_3,recent_60d,0.75,7,0.9914545503083244,28000.0,0.5,0.9914545503083244,6,0.9700085281067696,23800.0,0.5,0.9700085281067696,0.0214460222015546,low,7,top1_default,0.9914545503083244,28000.0,1,0,0,1.0,1.0,Q2,73.0,1.0774916794503604,0,normal,0,hit_day,7,6,2,28000.0,23800.0,20200.0,hit1,0.0,7,1,1,0,rank1
2026-05-16,2026-05,Saturday,3F_A,xgb_ranker_ndcg,is_top_3,full_2025,1.25,0,0.9985277831529804,21800.0,0.5,0.9985277831529804,8,0.9609465270334604,12600.0,0.5,0.9609465270334604,0.0375812561195201,low,0,top1_default,0.9985277831529804,21800.0,1,0,0,1.0,1.0,Q2,73.0,1.0774916794503604,0,normal,0,hit_day,0,8,2,21800.0,12600.0,8800.0,hit1,0.0,0,1,1,0,rank1
2026-05-16,2026-05,Saturday,3F_N,xgb_ranker_ndcg,is_top_3,full_2025,1.0,3,0.9412640422782512,12800.0,0.5,0.9412640422782512,5,0.8986757431493984,13400.0,0.5,0.8986757431493984,0.0425882991288529,low,3,top1_default,0.9412640422782512,12800.0,0,0,0,1.0,1.0,Q2,73.0,1.0774916794503604,0,normal,0,hit_day,2,5,3,14700.0,13400.0,12800.0,miss1_hit2,1300.0,5,0,1,0,rank2
2026-05-17,2026-05,Sunday,2F_N,xgb_ranker_ndcg,is_top_3,recent_60d,0.75,2,0.9972103165472816,47000.0,0.5,0.9972103165472816,0,0.994456153775752,33600.0,0.5,0.994456153775752,0.0027541627715295,low,2,top1_default,0.9972103165472816,47000.0,1,0,0,1.0,1.0,Q1,82.0,1.6600081526396038,1,high_anomaly,0,hit_day,2,0,1,47000.0,33600.0,26400.0,hit1,0.0,2,1,1,0,rank1
2026-05-17,2026-05,Sunday,3F_A,xgb_ranker_ndcg,is_top_3,full_2025,1.25,9,0.9912770989605564,20300.0,0.5,0.9912770989605564,1,0.9164933978770896,11000.0,0.5,0.9164933978770896,0.0747837010834668,low,9,top1_default,0.9912770989605564,20300.0,1,0,0,1.0,1.0,Q3,82.0,1.6600081526396038,1,high_anomaly,0,hit_day,9,1,3,20300.0,11000.0,10100.0,hit1,0.0,9,1,1,0,rank1
2026-05-17,2026-05,Sunday,3F_N,xgb_ranker_ndcg,is_top_3,full_2025,1.0,5,0.910634378186049,12500.0,0.5,0.910634378186049,0,0.8956103326927887,10000.0,0.5,0.8956103326927887,0.0150240454932603,low,5,top1_default,0.910634378186049,12500.0,1,0,0,1.0,1.0,Q2,82.0,1.6600081526396038,1,high_anomaly,0,hit_day,5,1,2,12500.0,11900.0,10300.0,hit1,0.0,5,1,0,0,rank1
2026-05-18,2026-05,Monday,2F_N,xgb_ranker_ndcg,is_top_3,recent_60d,0.75,3,0.9962227298535656,41400.0,0.5,0.9962227298535656,6,0.8222139287871372,8500.0,0.5,0.8222139287871372,0.1740088010664285,medium,3,top1_default,0.9962227298535656,41400.0,1,0,0,1.0,1.0,Q3,82.0,-0.052984657037252955,0,normal,0,hit_day,3,6,8,41400.0,8500.0,8300.0,hit1,0.0,3,1,1,0,rank1
2026-05-18,2026-05,Monday,3F_A,xgb_ranker_ndcg,is_top_3,full_2025,1.25,9,0.9501777815060036,7800.0,0.5,0.9501777815060036,0,0.9471354696511038,8400.0,0.5,0.9471354696511038,0.0030423118548996,low,9,top1_default,0.9501777815060036,7800.0,1,0,0,1.0,1.0,Q1,82.0,-0.052984657037252955,0,normal,0,hit_day,0,9,3,8400.0,7800.0,5500.0,hit1,600.0,9,1,1,0,rank1
2026-05-18,2026-05,Monday,3F_N,xgb_ranker_ndcg,is_top_3,full_2025,1.0,7,0.9992314445231424,22900.0,0.5,0.9992314445231424,5,0.5887781579461675,7000.0,0.5,0.5887781579461675,0.4104532865769748,high,7,top1_default,0.9992314445231424,22900.0,1,0,0,1.0,1.0,Q4,82.0,-0.052984657037252955,0,normal,0,hit_day,7,5,3,22900.0,7000.0,1800.0,hit1,0.0,7,1,1,0,rank1
2026-05-19,2026-05,Tuesday,2F_N,xgb_ranker_ndcg,is_top_3,recent_60d,0.75,3,0.9973314026087284,23400.0,0.5,0.9973314026087284,0,0.9972051516465352,38800.0,0.5,0.9972051516465352,0.0001262509621929,undefined,0,top2_on_undefined,0.9972051516465352,38800.0,1,0,0,1.0,1.0,Q1,93.5,0.5647827536301053,0,normal,0,hit_day,0,3,5,38800.0,23400.0,21800.0,hit1,15400.0,3,1,1,0,rank1
2026-05-19,2026-05,Tuesday,3F_A,xgb_ranker_ndcg,is_top_3,full_2025,1.25,9,0.9865717326238086,10800.0,0.5,0.9865717326238086,3,0.9690528759734104,9500.0,0.5,0.9690528759734104,0.0175188566503982,low,9,top1_default,0.9865717326238086,10800.0,1,0,0,1.0,1.0,Q2,93.5,0.5647827536301053,0,normal,0,hit_day,9,3,1,10800.0,9500.0,2800.0,hit1,0.0,9,1,1,0,rank1
2026-05-19,2026-05,Tuesday,3F_N,xgb_ranker_ndcg,is_top_3,full_2025,1.0,0,0.99457148130428,23500.0,0.5,0.99457148130428,2,0.8454339645850311,12400.0,0.5,0.8454339645850311,0.149137516719249,medium,0,top1_default,0.99457148130428,23500.0,1,0,0,1.0,1.0,Q3,93.5,0.5647827536301053,0,normal,0,hit_day,0,5,2,23500.0,12800.0,12400.0,hit1,0.0,0,1,0,0,rank1
2026-05-20,2026-05,Wednesday,2F_N,xgb_ranker_ndcg,is_top_3,full_2025,1.0,9,0.991014732597328,66800.0,0.5,0.991014732597328,8,0.5779244474435828,16900.0,0.5,0.5779244474435828,0.4130902851537451,high,9,top1_default,0.991014732597328,66800.0,1,0,0,1.0,1.0,Q4,120.5,0.2659447369285672,0,normal,0,hit_day,9,8,4,66800.0,16900.0,13000.0,hit1,0.0,9,1,1,0,rank1
2026-05-20,2026-05,Wednesday,3F_A,xgb_ranker_ndcg,is_top_3,full_2025,0.75,4,0.9650622913528488,25700.0,0.5,0.9650622913528488,3,0.3418562887640584,4000.0,0.5,0.3418562887640584,0.6232060025887906,high,4,top1_default,0.9650622913528488,25700.0,1,0,0,1.0,1.0,Q4,120.5,0.2659447369285672,0,normal,0,hit_day,4,3,2,25700.0,4000.0,3600.0,hit1,0.0,4,1,1,0,rank1
2026-05-20,2026-05,Wednesday,3F_N,xgb_ranker_ndcg,is_top_3,full_2025,1.25,3,0.9945597316785084,17400.0,0.5,0.9945597316785084,9,0.9942982411872664,42500.0,0.5,0.9942982411872664,0.000261490491242,undefined,9,top2_on_undefined,0.9942982411872664,42500.0,1,0,0,1.0,1.0,Q1,120.5,0.2659447369285672,0,normal,0,hit_day,9,3,1,42500.0,17400.0,7800.0,hit1,25100.0,3,1,1,0,rank1
2026-05-21,2026-05,Thursday,2F_N,xgb_ranker_ndcg,is_top_3,recent_60d,0.75,7,0.991297752140372,35800.0,0.5,0.991297752140372,6,0.9892240211788909,17700.0,0.5,0.9892240211788909,0.0020737309614812,low,7,top1_default,0.991297752140372,35800.0,1,0,0,1.0,1.0,Q1,132.0,0.6770697005228594,0,normal,0,hit_day,7,6,5,35800.0,17700.0,16500.0,hit1,0.0,7,1,1,0,rank1
2026-05-21,2026-05,Thursday,3F_A,xgb_ranker_ndcg,is_top_3,full_2025,1.25,9,0.9944026485377904,14000.0,0.5,0.9944026485377904,1,0.9908553023020654,10400.0,0.5,0.9908553023020654,0.0035473462357249,low,9,top1_default,0.9944026485377904,14000.0,1,0,0,1.0,1.0,Q1,132.0,0.6770697005228594,0,normal,0,hit_day,9,5,1,14000.0,10600.0,10400.0,hit1,0.0,9,1,0,0,rank1
2026-05-21,2026-05,Thursday,3F_N,xgb_ranker_ndcg,is_top_3,full_2025,1.0,3,0.9991440251448236,22400.0,0.5,0.9991440251448236,1,0.997205534361714,24100.0,0.5,0.997205534361714,0.0019384907831095,low,3,top1_default,0.9991440251448236,22400.0,1,0,0,1.0,1.0,Q1,132.0,0.6770697005228594,0,normal,0,hit_day,1,3,0,24100.0,22400.0,18200.0,hit1,1700.0,3,1,1,0,rank1
2026-05-22,2026-05,Friday,2F_N,xgb_ranker_ndcg,is_top_3,recent_60d,0.75,2,0.9977210176060636,28600.0,0.5,0.9977210176060636,6,0.98914474920022,30300.0,0.5,0.98914474920022,0.0085762684058436,low,2,top1_default,0.9977210176060636,28600.0,1,0,0,1.0,1.0,Q2,132.0,-0.2909726585717039,0,normal,0,hit_day,6,2,7,30300.0,28600.0,15500.0,hit1,1700.0,2,1,1,0,rank1
2026-05-22,2026-05,Friday,3F_A,xgb_ranker_ndcg,is_top_3,recent_60d,0.75,5,0.9875817480836184,9600.0,0.5,0.9875817480836184,9,0.9312618858379356,9600.0,0.5,0.9312618858379356,0.056319862245683,low,5,top1_default,0.9875817480836184,9600.0,1,0,0,1.0,1.0,Q3,132.0,-0.2909726585717039,0,normal,0,hit_day,5,9,1,9600.0,9600.0,6900.0,hit1,0.0,5,1,1,0,rank1
2026-05-22,2026-05,Friday,3F_N,xgb_ranker_ndcg,is_top_3,full_2025,1.0,6,0.9245624072451492,18900.0,0.5,0.9245624072451492,9,0.4929641380004494,7900.0,0.5,0.4929641380004494,0.4315982692446998,high,6,top1_default,0.9245624072451492,18900.0,1,0,0,1.0,1.0,Q4,132.0,-0.2909726585717039,0,normal,0,hit_day,6,9,3,18900.0,7900.0,-700.0,hit1,0.0,6,1,1,0,rank1
2026-05-23,2026-05,Saturday,2F_N,xgb_ranker_ndcg,is_top_3,recent_60d,0.75,6,0.639546448305063,11800.0,0.5,0.639546448305063,1,0.1984577578503432,12300.0,0.5,0.1984577578503432,0.4410886904547197,high,6,top1_default,0.639546448305063,11800.0,1,0,0,1.0,1.0,Q4,132.0,-1.301368144455515,0,normal,0,hit_day,1,6,8,12300.0,11800.0,5100.0,hit1,500.0,6,1,1,0,rank1
2026-05-23,2026-05,Saturday,3F_A,xgb_ranker_ndcg,is_top_3,recent_60d,0.75,6,0.9980269254209064,15000.0,0.5,0.9980269254209064,0,0.583559014133717,6200.0,0.5,0.583559014133717,0.4144679112871895,high,6,top1_default,0.9980269254209064,15000.0,1,0,0,1.0,1.0,Q4,132.0,-1.301368144455515,0,normal,0,hit_day,6,1,0,15000.0,6400.0,6200.0,hit1,0.0,6,1,0,0,rank1
2026-05-23,2026-05,Saturday,3F_N,xgb_ranker_ndcg,is_top_3,full_2025,1.0,1,0.9989931434269292,41600.0,0.5,0.9989931434269292,0,0.6630402330166874,7000.0,0.5,0.6630402330166874,0.3359529104102419,high,1,top1_default,0.9989931434269292,41600.0,1,0,0,1.0,1.0,Q4,132.0,-1.301368144455515,0,normal,0,hit_day,1,0,8,41600.0,7000.0,6900.0,hit1,0.0,1,1,1,0,rank1
2026-05-24,2026-05,Sunday,2F_N,xgb_ranker_ndcg,is_top_3,recent_60d,1.25,2,0.994780022873712,29000.0,0.5,0.994780022873712,8,0.9919213465166024,44500.0,0.5,0.9919213465166024,0.0028586763571096,low,2,top1_default,0.994780022873712,29000.0,0,0,0,1.0,1.0,Q1,132.0,1.2352169325877989,0,normal,0,hit_day,8,6,2,44500.0,30000.0,29000.0,miss1_hit2,0.0,8,0,1,0,rank2
2026-05-24,2026-05,Sunday,3F_A,xgb_ranker_ndcg,is_top_3,recent_60d,1.25,9,0.9975601856694378,13200.0,0.5,0.9975601856694378,0,0.2098585502989165,5600.0,0.5,0.2098585502989165,0.7877016353705213,high,9,top1_default,0.9975601856694378,13200.0,1,0,0,1.0,1.0,Q4,132.0,1.2352169325877989,0,normal,0,hit_day,9,0,2,13200.0,5600.0,4800.0,hit1,0.0,9,1,1,0,rank1
2026-05-24,2026-05,Sunday,3F_N,xgb_ranker_ndcg,is_top_3,full_2025,1.0,4,0.9879276493273522,19800.0,0.5,0.9879276493273522,2,0.9454845822572676,16300.0,0.5,0.9454845822572676,0.0424430670700847,low,4,top1_default,0.9879276493273522,19800.0,1,0,0,1.0,1.0,Q2,132.0,1.2352169325877989,0,normal,0,hit_day,4,2,8,19800.0,16300.0,13300.0,hit1,0.0,4,1,1,0,rank1
2026-05-25,2026-05,Monday,2F_N,xgb_ranker_ndcg,is_top_3,recent_60d,1.0,0,0.9717813404922836,15200.0,0.5,0.9717813404922836,2,0.3497425045365442,8000.0,0.5,0.3497425045365442,0.6220388359557393,high,0,top1_default,0.9717813404922836,15200.0,1,0,0,1.0,1.0,Q4,120.5,-0.5866438221871975,0,normal,0,hit_day,0,7,2,15200.0,9000.0,8000.0,hit1,0.0,0,1,0,0,rank1
2026-05-25,2026-05,Monday,3F_A,xgb_ranker_ndcg,is_top_3,recent_60d,1.25,7,0.9869539812611944,11200.0,0.5,0.9869539812611944,0,0.5110110036894698,4600.0,0.5,0.5110110036894698,0.4759429775717245,high,7,top1_default,0.9869539812611944,11200.0,1,0,0,1.0,1.0,Q4,120.5,-0.5866438221871975,0,normal,0,hit_day,7,0,9,11200.0,4600.0,3000.0,hit1,0.0,7,1,1,0,rank1
2026-05-25,2026-05,Monday,3F_N,xgb_ranker_ndcg,is_top_3,full_2025,1.0,6,0.9939408383627866,15800.0,0.5,0.9939408383627866,7,0.9760622645749494,13800.0,0.5,0.9760622645749494,0.0178785737878371,low,6,top1_default,0.9939408383627866,15800.0,1,0,0,1.0,1.0,Q2,120.5,-0.5866438221871975,0,normal,0,hit_day,6,7,3,15800.0,13800.0,7100.0,hit1,0.0,6,1,1,0,rank1
